symbol,datetime,open,high,low,close,volume,amount
000038.SZ,2001-01-02,18.65,19.25,18.65,19.11,3789.15,7144.82
000038.SZ,2001-01-03,19.18,19.48,19.02,19.18,2689.89,5165.12
000038.SZ,2001-01-04,19.21,19.48,18.6,18.76,5704.3,10810.3
000038.SZ,2001-01-05,18.69,18.88,18.18,18.42,5101.87,9413.74
000038.SZ,2001-01-08,18.2,18.2,17.6,17.79,4999.82,8925.82
000038.SZ,2001-01-09,17.79,18.11,17.65,18.0,2378.71,4276.98
000038.SZ,2001-01-10,18.11,18.6,18.0,18.4,1577.33,2892.33
000038.SZ,2001-01-11,18.3,18.55,18.3,18.45,5983.96,11028.26
000038.SZ,2001-01-12,18.45,18.5,18.2,18.32,3039.88,5576.93
000038.SZ,2001-01-15,18.2,18.25,17.6,17.89,3622.6,6492.63
000038.SZ,2001-01-16,17.95,18.18,17.6,18.0,2863.8,5112.33
000038.SZ,2001-01-17,18.0,18.0,17.76,17.85,2419.76,4327.39
000038.SZ,2001-01-18,17.82,18.48,17.61,17.8,2598.44,4631.38
000038.SZ,2001-01-19,17.98,18.12,17.85,17.97,2157.2,3874.77
000038.SZ,2001-02-05,18.1,18.15,17.5,17.61,1312.99,2333.0
000038.SZ,2001-02-06,17.58,17.7,17.01,17.36,1611.7,2811.95
000038.SZ,2001-02-07,17.5,17.5,17.12,17.16,1349.12,2326.24
000038.SZ,2001-02-08,17.16,17.33,16.3,16.3,4422.0,7284.81
000038.SZ,2001-02-09,16.3,16.48,15.52,16.19,3972.44,6372.44
000038.SZ,2001-02-12,16.0,16.7,15.72,16.63,3170.81,5161.76
000038.SZ,2001-02-13,16.63,16.96,16.26,16.88,2993.02,5031.45
000038.SZ,2001-02-14,16.8,16.9,16.4,16.78,1489.59,2499.75
000038.SZ,2001-02-15,16.8,16.8,16.6,16.65,555.0,927.64
000038.SZ,2001-02-16,16.21,16.79,16.2,16.52,1360.4,2239.49
000038.SZ,2001-02-20,16.85,16.85,16.6,16.64,532.42,890.45
000038.SZ,2001-02-21,16.5,16.5,15.82,15.9,3095.3,4938.76
000038.SZ,2001-02-22,15.79,15.99,15.5,15.94,1435.6,2259.74
000038.SZ,2001-02-23,16.0,16.28,15.86,16.24,809.0,1303.63
000038.SZ,2001-02-26,16.24,16.3,16.0,16.22,674.2,1086.96
000038.SZ,2001-02-27,16.2,16.56,16.15,16.51,1054.9,1731.47
000038.SZ,2001-02-28,16.58,16.78,16.26,16.73,715.57,1185.46
000038.SZ,2001-03-01,16.78,17.1,16.62,16.68,442.0,741.49
000038.SZ,2001-03-02,16.88,17.15,16.72,17.02,1288.61,2183.01
000038.SZ,2001-03-05,17.03,17.87,17.0,17.48,6435.24,11300.48
000038.SZ,2001-03-06,17.45,17.76,17.3,17.45,2992.35,5241.94
000038.SZ,2001-03-07,17.48,17.75,17.1,17.24,1279.0,2220.79
000038.SZ,2001-03-08,17.25,17.49,17.2,17.25,703.6,1218.15
000038.SZ,2001-03-09,17.38,17.38,17.12,17.18,1143.3,1966.74
000038.SZ,2001-03-12,17.2,17.78,17.0,17.67,2384.3,4187.44
000038.SZ,2001-03-13,17.5,17.9,17.5,17.53,2544.86,4524.64
000038.SZ,2001-03-14,17.41,17.8,17.41,17.53,1403.3,2475.12
000038.SZ,2001-03-15,17.65,17.87,17.6,17.85,2394.58,4255.44
000038.SZ,2001-03-16,17.82,18.0,17.6,17.64,1306.0,2320.85
000038.SZ,2001-03-19,17.68,18.19,17.65,17.9,1655.39,2968.55
000038.SZ,2001-03-20,17.98,18.1,17.7,17.78,1488.32,2659.57
000038.SZ,2001-03-21,18.0,18.0,17.45,17.59,2010.28,3548.56
000038.SZ,2001-03-22,17.61,17.9,17.46,17.71,2111.61,3722.28
000038.SZ,2001-03-23,17.75,18.5,17.51,18.06,4319.34,7825.05
000038.SZ,2001-03-26,18.0,18.4,18.0,18.24,2570.13,4684.72
000038.SZ,2001-03-27,18.3,18.98,18.3,18.4,5502.7,10233.83
000038.SZ,2001-03-28,18.68,19.32,18.35,18.93,5591.04,10560.45
000038.SZ,2001-03-29,19.0,19.3,18.85,18.98,5190.32,9846.37
000038.SZ,2001-03-30,19.0,19.0,18.6,19.0,3883.24,7307.6
000038.SZ,2001-04-02,19.08,19.6,18.8,19.56,8690.53,16760.24
000038.SZ,2001-04-03,19.4,19.8,19.21,19.62,4468.0,8733.71
000038.SZ,2001-04-04,19.59,19.68,18.8,18.86,3407.66,6549.27
000038.SZ,2001-04-06,19.81,20.33,19.5,19.54,19039.16,37794.15
000038.SZ,2001-04-09,19.41,19.6,19.11,19.25,3908.56,7525.14
000038.SZ,2001-04-10,19.21,19.45,19.2,19.25,2325.0,4484.86
000038.SZ,2001-04-11,19.3,19.3,18.9,18.91,4689.11,8902.62
000038.SZ,2001-04-12,18.95,19.5,18.79,19.39,5658.38,10869.88
000038.SZ,2001-04-13,19.4,19.42,19.08,19.11,2443.32,4691.32
000038.SZ,2001-04-16,19.12,19.7,18.96,19.4,6881.07,13266.82
000038.SZ,2001-04-17,19.4,19.44,19.11,19.27,2417.34,4653.69
000038.SZ,2001-04-18,19.3,19.7,19.1,19.3,2727.85,5295.61
000038.SZ,2001-04-19,19.31,19.85,19.3,19.73,5149.74,10109.96
000038.SZ,2001-04-20,19.95,20.53,19.71,19.9,12037.22,24457.45
000038.SZ,2001-04-23,19.7,20.38,19.7,20.0,4298.88,8603.58
000038.SZ,2001-04-24,19.85,20.4,19.85,20.32,4969.0,10055.0
000038.SZ,2001-04-25,20.2,20.6,19.51,19.57,5477.93,11018.53
000038.SZ,2001-04-26,19.38,19.8,19.18,19.2,3663.0,7083.97
000038.SZ,2001-04-27,19.2,19.59,19.05,19.36,1768.07,3429.34
000038.SZ,2001-04-30,19.36,19.79,19.26,19.4,1212.0,2359.0
000038.SZ,2001-05-08,19.18,19.88,19.18,19.73,1322.38,2590.19
000038.SZ,2001-05-09,19.51,19.9,19.51,19.55,1765.96,3479.78
000038.SZ,2001-05-10,19.6,19.7,19.4,19.56,2282.0,4454.0
000038.SZ,2001-05-11,19.52,19.8,19.41,19.65,1478.26,2894.63
000038.SZ,2001-05-14,19.8,20.49,19.8,20.32,4929.03,9992.45
000038.SZ,2001-05-15,20.6,20.88,20.12,20.37,3320.45,6777.35
000038.SZ,2001-05-16,20.55,20.62,20.15,20.47,3528.98,7163.88
000038.SZ,2001-05-17,20.5,21.3,20.29,21.09,9898.27,20582.55
000038.SZ,2001-05-18,21.25,21.65,21.0,21.5,9619.54,20630.7
000038.SZ,2001-05-21,21.86,21.89,21.42,21.46,7889.21,17109.52
000038.SZ,2001-05-22,21.46,21.68,21.35,21.5,6836.57,14699.06
000038.SZ,2001-05-23,21.55,21.77,20.7,21.49,5228.77,11068.25
000038.SZ,2001-05-24,21.3,21.67,21.2,21.23,3741.73,8004.32
000038.SZ,2001-05-25,21.28,21.45,20.8,20.98,3296.57,6927.38
000038.SZ,2001-05-28,21.0,21.18,20.85,20.89,2609.14,5465.1
000038.SZ,2001-05-29,20.91,21.1,20.81,20.84,1723.08,3604.27
000038.SZ,2001-05-30,20.86,22.6,20.85,22.3,8815.18,19383.56
000038.SZ,2001-05-31,22.67,22.8,22.18,22.43,8725.25,19612.42
000038.SZ,2001-06-01,22.5,23.45,22.5,23.08,6794.95,15681.54
000038.SZ,2001-06-04,23.28,23.37,22.9,23.24,6574.65,15141.75
000038.SZ,2001-06-05,23.34,23.34,22.9,22.96,4404.07,10143.34
000038.SZ,2001-06-06,22.5,22.78,22.0,22.24,7241.23,16181.05
000038.SZ,2001-06-07,22.24,24.46,22.02,23.82,20086.54,47868.11
000038.SZ,2001-06-08,23.82,24.2,23.2,23.9,6313.11,15065.71
000038.SZ,2001-06-11,24.01,24.39,23.75,24.15,7683.66,18523.45
000038.SZ,2001-06-12,24.18,24.48,23.8,23.96,5963.43,14349.31
000038.SZ,2001-06-13,23.8,24.0,23.5,23.94,6520.38,15484.52
000038.SZ,2001-06-14,24.02,24.1,23.0,23.12,6891.91,16212.17
000038.SZ,2001-06-15,22.99,23.49,22.71,23.23,4893.34,11284.2
000038.SZ,2001-06-18,23.2,23.2,22.33,22.35,4375.0,9957.05
000038.SZ,2001-06-19,22.35,22.35,21.68,22.18,4787.18,10542.03
000038.SZ,2001-06-20,22.0,23.2,21.8,22.35,3908.37,8829.35
000038.SZ,2001-06-21,22.28,22.54,22.28,22.47,3758.12,8416.56
000038.SZ,2001-06-22,22.65,23.01,22.5,22.72,2525.59,5751.27
000038.SZ,2001-06-25,22.75,22.84,22.5,22.76,3484.35,7900.09
000038.SZ,2001-06-26,22.78,23.4,22.7,23.29,2585.43,5990.59
000038.SZ,2001-06-27,23.06,23.36,23.0,23.07,3099.93,7174.43
000038.SZ,2001-06-29,23.44,23.44,22.92,22.95,2065.89,4754.64
000038.SZ,2001-07-02,23.0,23.01,22.56,22.57,2851.6,6472.91
000038.SZ,2001-07-03,22.4,22.58,22.1,22.32,2449.09,5463.12
000038.SZ,2001-07-04,22.33,22.45,22.09,22.18,1951.5,4334.24
000038.SZ,2001-07-05,22.19,22.2,21.65,21.9,3945.12,8632.77
000038.SZ,2001-07-06,21.8,21.99,21.8,21.91,2015.39,4410.5
000038.SZ,2001-07-09,21.68,21.88,21.68,21.79,956.0,2079.38
000038.SZ,2001-07-10,22.27,22.3,21.78,21.85,1093.35,2396.13
000038.SZ,2001-07-11,21.85,22.01,21.68,21.74,883.71,1922.22
000038.SZ,2001-07-12,21.65,22.11,21.33,21.81,1055.99,2294.5
000038.SZ,2001-07-13,21.81,22.15,21.81,22.11,670.61,1475.29
000038.SZ,2001-07-16,22.12,22.5,21.81,22.0,1729.01,3829.92
000038.SZ,2001-07-17,21.4,22.3,21.4,22.0,737.48,1610.07
000038.SZ,2001-07-18,22.0,22.34,21.8,22.31,920.03,2041.95
000038.SZ,2001-07-19,21.8,22.58,21.8,22.51,1127.14,2529.6
000038.SZ,2001-07-20,22.51,22.85,22.41,22.8,1585.62,3597.63
000038.SZ,2001-07-23,22.98,22.98,22.64,22.73,724.41,1645.11
000038.SZ,2001-07-24,22.68,22.68,22.2,22.25,819.0,1831.45
000038.SZ,2001-07-25,22.0,22.38,21.81,22.0,1365.0,3016.16
000038.SZ,2001-07-26,22.26,22.26,21.6,21.86,772.29,1691.59
000038.SZ,2001-07-27,22.2,22.4,20.65,20.94,728.01,1569.95
000038.SZ,2001-07-30,20.82,20.82,19.18,19.29,2299.35,4560.98
000038.SZ,2001-07-31,18.9,19.65,18.48,18.56,2261.76,4285.41
000038.SZ,2001-08-01,18.8,19.4,18.8,19.3,1433.18,2739.3
000038.SZ,2001-08-02,19.49,19.5,18.45,19.19,1320.63,2498.8
000038.SZ,2001-08-03,19.3,19.4,18.83,19.23,649.68,1243.41
000038.SZ,2001-08-06,19.0,19.14,18.45,18.48,1964.46,3673.1
000038.SZ,2001-08-07,18.7,19.0,18.4,18.81,1249.66,2340.81
000038.SZ,2001-08-08,18.9,19.19,18.65,19.15,716.06,1362.09
000038.SZ,2001-08-09,19.21,19.54,19.19,19.53,1376.5,2667.24
000038.SZ,2001-08-10,19.65,19.89,19.53,19.76,1053.81,2079.2
000038.SZ,2001-08-13,19.8,19.8,19.4,19.66,665.25,1305.37
000038.SZ,2001-08-14,19.75,19.8,19.1,19.36,839.51,1635.6
000038.SZ,2001-08-15,19.75,19.8,19.2,19.65,494.94,972.93
000038.SZ,2001-08-16,19.8,19.81,19.2,19.21,482.0,938.59
000038.SZ,2001-08-17,19.1,19.7,19.1,19.42,618.09,1198.7
000038.SZ,2001-08-20,19.15,20.05,19.15,19.75,1211.71,2409.84
000038.SZ,2001-08-21,19.75,19.95,19.75,19.77,394.01,781.6
000038.SZ,2001-08-22,19.77,19.77,19.21,19.35,715.68,1381.82
000038.SZ,2001-08-23,19.18,19.5,19.18,19.43,337.83,652.38
000038.SZ,2001-08-24,19.68,19.7,19.24,19.25,498.3,968.59
000038.SZ,2001-08-27,19.25,19.25,18.4,18.4,1473.02,2748.16
000038.SZ,2001-08-28,18.39,18.69,18.2,18.66,809.15,1486.85
000038.SZ,2001-08-29,18.75,18.9,18.5,18.53,433.3,812.76
000038.SZ,2001-08-30,18.7,18.7,18.0,18.5,891.52,1633.96
000038.SZ,2001-08-31,18.49,18.49,18.2,18.21,319.0,583.42
000038.SZ,2001-09-03,18.25,18.48,17.7,17.74,935.0,1671.86
000038.SZ,2001-09-04,17.95,18.25,17.8,18.25,1526.49,2752.93
000038.SZ,2001-09-05,18.27,18.58,18.1,18.13,1089.66,2002.56
000038.SZ,2001-09-06,18.13,18.28,17.7,17.95,1140.03,2043.57
000038.SZ,2001-09-07,17.81,17.81,17.01,17.03,1471.0,2567.16
000038.SZ,2001-09-10,16.98,17.61,16.76,17.56,1295.03,2235.15
000038.SZ,2001-09-11,17.51,17.73,17.5,17.72,1070.9,1885.05
000038.SZ,2001-09-12,17.21,17.5,17.0,17.31,1458.2,2511.03
000038.SZ,2001-09-13,17.3,17.5,17.13,17.18,537.6,932.96
000038.SZ,2001-09-14,17.2,17.29,16.66,16.7,961.3,1622.18
000038.SZ,2001-09-17,16.7,16.7,16.07,16.1,1379.7,2237.49
000038.SZ,2001-09-18,16.02,16.5,16.02,16.3,813.81,1328.77
000038.SZ,2001-09-19,16.3,16.55,16.08,16.49,1497.55,2438.23
000038.SZ,2001-09-20,16.55,16.55,16.25,16.26,691.9,1130.59
000038.SZ,2001-09-21,16.12,16.3,16.11,16.19,1076.5,1743.34
000038.SZ,2001-09-24,16.15,16.21,16.0,16.13,890.29,1432.67
000038.SZ,2001-09-25,16.5,16.61,16.15,16.21,577.5,943.8
000038.SZ,2001-09-26,16.25,16.27,15.71,15.77,1367.0,2175.48
000038.SZ,2001-09-27,15.8,15.89,15.31,15.6,1913.88,2973.85
000038.SZ,2001-09-28,15.7,15.8,15.41,15.66,821.87,1279.55
000038.SZ,2001-10-08,15.72,15.72,14.8,15.1,585.0,894.41
000038.SZ,2001-10-09,15.08,15.5,15.08,15.45,1174.99,1799.86
000038.SZ,2001-10-10,15.5,15.5,14.85,14.9,1240.6,1866.78
000038.SZ,2001-10-11,15.01,15.13,14.61,14.68,927.04,1377.17
000038.SZ,2001-10-12,14.6,15.32,14.38,15.15,1471.84,2179.22
000038.SZ,2001-10-15,15.19,15.3,14.51,15.17,1103.53,1670.64
000038.SZ,2001-10-17,14.88,15.05,14.65,14.71,735.03,1087.8
000038.SZ,2001-10-18,14.73,14.89,14.35,14.39,1092.0,1592.99
000038.SZ,2001-10-19,14.2,14.25,13.52,13.7,1920.21,2660.1
000038.SZ,2001-10-22,13.3,13.6,13.01,13.23,2169.14,2880.82
000038.SZ,2001-10-23,14.55,14.55,14.3,14.55,3457.08,5014.72
000038.SZ,2001-10-24,15.8,15.8,14.82,15.16,5898.91,9003.26
000038.SZ,2001-10-25,15.16,15.66,14.5,15.18,2586.13,3953.08
000038.SZ,2001-10-26,15.01,15.2,14.7,15.1,861.7,1289.47
000038.SZ,2001-10-29,15.28,15.37,15.0,15.35,1425.0,2173.3
000038.SZ,2001-10-30,15.3,15.45,15.1,15.29,903.08,1378.52
000038.SZ,2001-10-31,15.2,15.2,14.7,15.0,817.82,1216.36
000038.SZ,2001-11-01,15.0,15.22,14.91,15.01,1003.15,1510.48
000038.SZ,2001-11-02,15.01,15.24,14.78,14.81,911.0,1358.42
000038.SZ,2001-11-05,14.71,14.95,14.55,14.69,765.29,1119.71
000038.SZ,2001-11-06,14.79,14.79,14.58,14.6,372.11,544.82
000038.SZ,2001-11-07,14.66,14.66,13.22,13.7,1433.86,2005.33
000038.SZ,2001-11-08,13.41,13.98,13.31,13.76,832.35,1136.41
000038.SZ,2001-11-09,13.8,14.12,13.55,14.05,946.2,1314.35
000038.SZ,2001-11-12,14.1,14.12,13.8,13.8,919.0,1274.94
000038.SZ,2001-11-13,13.8,13.8,13.49,13.58,857.0,1162.66
000038.SZ,2001-11-14,13.65,14.0,13.6,13.99,1701.4,2352.57
000038.SZ,2001-11-15,14.05,14.34,13.8,14.29,1968.73,2770.06
000038.SZ,2001-11-16,14.98,15.65,14.45,14.49,3636.6,5431.2
000038.SZ,2001-11-19,14.5,15.94,14.48,15.94,8395.62,13074.61
000038.SZ,2001-11-20,16.3,16.47,15.95,16.3,9983.58,16162.3
000038.SZ,2001-11-21,16.33,17.12,16.01,17.01,8544.94,14246.11
000038.SZ,2001-11-22,16.7,17.7,16.7,17.48,9459.83,16395.48
000038.SZ,2001-11-23,17.27,17.8,17.23,17.27,6952.36,12166.62
000038.SZ,2001-11-26,17.28,17.46,16.89,17.15,3711.3,6350.47
000038.SZ,2001-11-27,17.11,17.62,17.01,17.38,2329.51,4047.69
000038.SZ,2001-11-28,17.28,17.68,17.08,17.09,4167.11,7213.56
000038.SZ,2001-11-29,17.25,17.58,17.0,17.19,3279.51,5663.55
000038.SZ,2001-11-30,17.18,17.38,17.16,17.32,2410.98,4161.53
000038.SZ,2001-12-03,17.5,18.2,17.33,18.1,4923.41,8678.63
000038.SZ,2001-12-06,18.15,18.5,17.6,17.98,7425.85,13488.64
000038.SZ,2001-12-07,17.98,18.42,17.7,17.7,3312.63,5969.56
000038.SZ,2001-12-10,17.68,17.9,17.2,17.4,1957.99,3410.28
000038.SZ,2001-12-11,17.3,17.5,17.0,17.18,1560.78,2686.61
000038.SZ,2001-12-12,17.0,17.0,16.6,16.63,2709.34,4542.93
000038.SZ,2001-12-13,16.62,16.85,16.05,16.25,1897.0,3124.05
000038.SZ,2001-12-14,16.03,16.6,16.02,16.36,2306.04,3764.34
000038.SZ,2001-12-17,16.11,16.34,15.7,15.99,1670.3,2675.08
000038.SZ,2001-12-18,16.0,16.38,15.85,16.28,3113.83,5023.38
000038.SZ,2001-12-19,16.32,16.55,16.25,16.28,2159.51,3535.07
000038.SZ,2001-12-20,16.28,16.28,15.75,15.86,1827.4,2898.53
000038.SZ,2001-12-21,15.78,16.2,15.68,16.0,1151.74,1838.57
000038.SZ,2001-12-24,15.96,16.18,15.78,15.83,2743.69,4372.74
000038.SZ,2001-12-25,15.9,16.05,15.71,15.95,384.0,612.24
000038.SZ,2001-12-26,15.97,15.98,15.5,15.77,2472.9,3877.69
000038.SZ,2001-12-27,15.75,16.0,15.62,15.84,1216.0,1927.3
000038.SZ,2001-12-28,15.68,15.94,15.13,15.27,1820.2,2808.57
000038.SZ,2001-12-31,15.25,15.25,14.5,14.54,4151.38,6065.37
000038.SZ,2002-01-04,14.8,14.87,14.35,14.66,751.4,1104.92
000038.SZ,2002-01-07,14.55,14.93,14.55,14.92,765.3,1132.14
000038.SZ,2002-01-08,14.95,15.76,14.95,15.17,1854.41,2845.55
000038.SZ,2002-01-09,15.02,15.16,14.68,14.89,581.21,865.97
000038.SZ,2002-01-10,14.89,15.3,14.4,15.14,1213.21,1783.93
000038.SZ,2002-01-14,14.48,14.65,13.8,13.88,2181.0,3085.63
000038.SZ,2002-01-15,13.7,14.2,13.61,13.61,1664.18,2306.14
000038.SZ,2002-01-16,13.65,14.0,13.38,13.67,1461.0,1998.47
000038.SZ,2002-01-17,13.7,13.75,12.9,13.01,1673.05,2200.62
000038.SZ,2002-01-18,12.9,13.0,12.15,12.59,1871.41,2377.93
000038.SZ,2002-01-21,12.6,12.6,11.33,11.33,3202.4,3710.28
000038.SZ,2002-01-22,11.3,11.6,10.6,10.85,2846.58,3174.12
000038.SZ,2002-01-23,10.65,11.86,10.65,11.82,3291.84,3735.83
000038.SZ,2002-01-24,11.75,12.8,11.36,12.42,4349.89,5377.77
000038.SZ,2002-01-25,12.39,12.59,12.06,12.33,1672.77,2068.17
000038.SZ,2002-01-28,12.18,12.98,12.0,12.1,5122.25,6330.25
000038.SZ,2002-01-29,11.5,12.49,11.4,12.47,1776.98,2181.05
000038.SZ,2002-01-30,12.3,12.58,12.05,12.27,1285.55,1584.64
000038.SZ,2002-01-31,12.5,13.46,12.5,13.31,4971.55,6498.23
000038.SZ,2002-02-01,13.28,13.6,13.12,13.31,3047.12,4067.42
000038.SZ,2002-02-04,13.44,13.55,13.08,13.49,1902.03,2536.67
000038.SZ,2002-02-05,13.5,13.73,13.25,13.69,1989.18,2701.97
000038.SZ,2002-02-06,13.68,13.73,13.22,13.29,2552.22,3419.62
000038.SZ,2002-02-07,13.29,13.8,13.29,13.7,2579.84,3510.24
000038.SZ,2002-02-08,14.0,14.1,13.7,13.75,1571.5,2173.51
000038.SZ,2002-02-25,14.3,14.35,13.73,13.81,2726.6,3790.31
000038.SZ,2002-02-26,13.8,13.86,13.53,13.78,2029.8,2789.41
000038.SZ,2002-02-27,13.75,13.89,13.52,13.78,2119.25,2913.78
000038.SZ,2002-02-28,13.8,13.85,13.68,13.69,1541.0,2120.0
000038.SZ,2002-03-01,13.59,13.72,13.5,13.51,1406.93,1910.82
000038.SZ,2002-03-04,13.5,13.86,13.4,13.83,876.32,1202.09
000038.SZ,2002-03-05,13.85,14.9,13.85,14.61,3857.52,5573.28
000038.SZ,2002-03-06,14.62,15.7,14.4,14.9,8196.4,12383.54
000038.SZ,2002-03-07,14.97,15.2,14.9,15.14,3624.93,5458.91
000038.SZ,2002-03-08,15.38,15.86,14.9,15.57,6646.21,10113.75
000038.SZ,2002-03-12,15.85,16.38,15.48,15.49,9199.93,14615.28
000038.SZ,2002-03-13,15.41,15.78,15.12,15.25,4054.85,6220.05
000038.SZ,2002-03-14,15.25,15.65,15.25,15.61,1967.87,3033.47
000038.SZ,2002-03-15,15.78,15.88,15.28,15.29,4003.0,6274.95
000038.SZ,2002-03-18,15.53,15.55,15.29,15.4,2684.7,4140.16
000038.SZ,2002-03-19,15.4,15.75,15.27,15.66,2671.32,4136.16
000038.SZ,2002-03-20,15.86,15.88,15.45,15.6,2804.73,4388.48
000038.SZ,2002-03-21,15.6,15.78,15.3,15.54,2466.21,3832.99
000038.SZ,2002-03-22,15.6,15.6,15.31,15.53,1929.33,2972.71
000038.SZ,2002-03-25,15.61,15.8,15.35,15.79,2376.13,3713.67
000038.SZ,2002-03-26,15.7,15.78,15.4,15.47,1387.0,2158.41
000038.SZ,2002-03-27,15.4,15.84,15.38,15.81,1692.46,2634.32
000038.SZ,2002-03-28,15.88,17.3,15.88,16.71,12912.98,21591.67
000038.SZ,2002-03-29,16.6,16.71,15.5,15.96,5368.07,8717.25
000038.SZ,2002-04-01,15.9,16.1,15.6,15.91,2838.73,4516.81
000038.SZ,2002-04-02,15.82,16.15,15.51,15.65,2321.3,3657.75
000038.SZ,2002-04-03,15.65,16.0,15.57,15.71,1753.42,2760.83
000038.SZ,2002-04-04,15.68,16.28,15.4,16.17,3067.02,4852.07
000038.SZ,2002-04-05,16.2,16.6,15.9,15.93,2658.18,4314.37
000038.SZ,2002-04-08,15.95,16.39,15.88,16.29,1777.98,2875.3
000038.SZ,2002-04-09,16.35,16.75,16.2,16.62,3922.98,6486.3
000038.SZ,2002-04-10,16.7,16.85,16.42,16.58,2535.81,4207.05
000038.SZ,2002-04-11,16.59,16.6,16.05,16.06,2043.0,3316.55
000038.SZ,2002-04-12,16.1,16.27,16.03,16.23,1310.62,2110.72
000038.SZ,2002-04-15,16.24,16.36,15.79,15.98,2368.52,3773.85
000038.SZ,2002-04-16,15.83,16.02,15.76,15.81,898.4,1424.82
000038.SZ,2002-04-17,15.7,15.8,15.51,15.6,1441.47,2247.67
000038.SZ,2002-04-18,15.68,15.8,15.54,15.61,1079.04,1685.73
000038.SZ,2002-04-19,15.6,15.78,15.08,15.75,1800.62,2752.09
000038.SZ,2002-04-22,15.8,15.8,15.5,15.51,1343.07,2099.2
000038.SZ,2002-04-23,15.6,15.67,15.3,15.3,630.8,971.68
000038.SZ,2002-04-24,15.3,15.35,15.06,15.18,1119.9,1699.6
000038.SZ,2002-04-25,15.22,15.37,15.0,15.2,1349.91,2040.71
000038.SZ,2002-04-26,15.5,16.72,15.5,16.29,6697.77,10919.74
000038.SZ,2002-04-29,16.29,17.15,16.0,16.94,10513.59,17784.19
000038.SZ,2002-04-30,17.01,17.12,16.41,16.49,5521.6,9196.82
000038.SZ,2002-05-08,16.49,16.86,16.22,16.52,2064.1,3413.06
000038.SZ,2002-05-09,16.3,16.75,16.3,16.34,1900.41,3128.12
000038.SZ,2002-05-13,15.96,16.12,15.82,15.99,1943.76,3100.39
000038.SZ,2002-05-14,15.99,16.7,15.9,16.3,2813.7,4618.26
000038.SZ,2002-05-15,16.18,16.41,15.95,15.98,1262.0,2048.66
000038.SZ,2002-05-16,15.8,16.0,15.5,15.5,2325.0,3652.34
000038.SZ,2002-05-17,15.5,16.0,15.49,15.88,2331.94,3664.33
000038.SZ,2002-05-20,15.68,15.8,15.28,15.77,866.44,1350.06
000038.SZ,2002-05-21,16.0,16.52,15.89,16.27,2384.11,3876.47
000038.SZ,2002-05-22,16.25,16.25,15.96,16.05,1194.77,1920.86
000038.SZ,2002-05-23,16.0,16.48,16.0,16.24,1708.43,2774.33
000038.SZ,2002-05-24,16.37,16.4,15.89,16.09,1112.78,1800.85
000038.SZ,2002-05-27,16.09,16.6,16.0,16.3,597.09,963.63
000038.SZ,2002-05-28,16.35,16.39,16.13,16.14,397.8,646.55
000038.SZ,2002-05-29,16.15,16.38,15.61,15.71,855.0,1353.44
000038.SZ,2002-05-30,15.61,15.92,15.35,15.7,1785.28,2780.21
000038.SZ,2002-05-31,15.8,15.8,15.45,15.46,470.3,731.76
000038.SZ,2002-06-03,15.35,15.35,14.53,14.69,1770.99,2634.62
000038.SZ,2002-06-04,14.6,14.89,14.51,14.73,972.47,1432.95
000038.SZ,2002-06-05,14.55,14.6,14.1,14.39,1430.8,2049.2
000038.SZ,2002-06-06,14.39,15.4,14.22,15.2,1836.7,2742.2
000038.SZ,2002-06-07,15.2,15.53,14.86,15.24,2013.44,3070.87
000038.SZ,2002-06-10,15.0,15.2,14.92,15.01,784.0,1177.86
000038.SZ,2002-06-11,15.1,15.3,14.85,15.23,697.58,1058.29
000038.SZ,2002-06-12,15.25,15.25,14.88,14.96,436.18,654.57
000038.SZ,2002-06-13,14.88,15.2,14.88,14.89,424.0,634.53
000038.SZ,2002-06-14,14.8,14.95,14.65,14.66,542.2,799.25
000038.SZ,2002-06-17,14.48,14.8,14.48,14.7,218.0,320.96
000038.SZ,2002-06-18,15.0,15.18,15.0,15.06,695.5,1050.98
000038.SZ,2002-06-19,15.06,15.06,14.83,14.84,254.48,379.33
000038.SZ,2002-06-20,15.16,15.17,14.91,15.15,674.15,1019.09
000038.SZ,2002-06-21,15.15,16.15,15.15,16.03,4799.71,7649.96
000038.SZ,2002-06-24,17.61,17.63,16.7,17.63,15219.46,26526.83
000038.SZ,2002-06-25,17.63,18.1,16.89,16.92,10760.51,18834.26
000038.SZ,2002-06-26,16.65,17.0,16.4,16.7,4438.71,7377.57
000038.SZ,2002-06-27,16.7,16.7,16.1,16.42,3172.1,5206.41
000038.SZ,2002-06-28,16.45,16.49,16.1,16.23,3105.46,5038.29
000038.SZ,2002-07-01,16.2,16.5,16.17,16.19,1390.0,2271.07
000038.SZ,2002-07-02,16.11,16.55,16.0,16.33,2274.7,3714.09
000038.SZ,2002-07-03,16.51,16.6,16.26,16.55,2197.92,3608.43
000038.SZ,2002-07-04,16.52,16.65,16.3,16.35,935.0,1539.34
000038.SZ,2002-07-05,16.35,16.44,16.24,16.38,350.9,572.18
000038.SZ,2002-07-08,16.38,16.6,16.1,16.45,932.0,1526.74
000038.SZ,2002-07-09,16.58,16.58,16.38,16.47,890.2,1462.86
000038.SZ,2002-07-10,16.48,16.65,15.95,16.07,1706.29,2759.12
000038.SZ,2002-07-11,16.1,16.16,15.71,15.85,2954.59,4687.05
000038.SZ,2002-07-12,15.86,15.9,15.68,15.69,1221.01,1923.18
000038.SZ,2002-07-15,15.75,15.8,15.69,15.78,827.59,1301.14
000038.SZ,2002-07-16,15.78,16.0,15.7,15.8,745.58,1180.29
000038.SZ,2002-07-17,15.84,15.9,15.73,15.86,486.77,770.04
000038.SZ,2002-07-18,15.83,15.99,15.83,15.94,823.89,1311.86
000038.SZ,2002-07-19,15.98,16.1,15.93,16.08,933.6,1494.74
000038.SZ,2002-07-22,16.11,16.15,15.75,15.87,576.35,914.23
000038.SZ,2002-07-23,15.78,16.01,15.7,15.7,1135.66,1789.54
000038.SZ,2002-07-24,15.8,15.8,15.49,15.55,879.02,1367.49
000038.SZ,2002-07-25,15.55,15.79,15.45,15.56,1019.18,1581.22
000038.SZ,2002-07-26,15.6,15.79,15.53,15.76,583.03,915.18
000038.SZ,2002-07-29,15.79,15.8,15.56,15.8,586.74,921.56
000038.SZ,2002-07-30,15.78,15.84,15.65,15.76,726.9,1145.1
000038.SZ,2002-07-31,15.9,15.9,15.4,15.73,931.26,1454.41
000038.SZ,2002-08-01,15.66,15.89,15.5,15.78,1057.55,1666.66
000038.SZ,2002-08-02,15.62,15.87,15.62,15.8,1021.87,1604.37
000038.SZ,2002-08-05,15.62,15.75,15.62,15.65,218.5,342.53
000038.SZ,2002-08-06,15.87,16.0,15.6,15.86,1925.32,3067.12
000038.SZ,2002-08-07,15.89,15.9,15.7,15.74,306.87,483.25
000038.SZ,2002-08-08,15.7,15.88,15.6,15.61,363.58,570.01
000038.SZ,2002-08-09,15.6,15.68,15.42,15.54,569.84,886.9
000038.SZ,2002-08-12,15.6,15.99,15.5,15.85,1824.7,2901.8
000038.SZ,2002-08-13,15.82,15.9,15.6,15.85,860.33,1360.65
000038.SZ,2002-08-14,15.88,15.98,15.76,15.98,885.86,1407.31
000038.SZ,2002-08-15,15.98,16.04,15.8,15.81,486.49,773.6
000038.SZ,2002-08-16,15.81,15.94,15.5,15.82,773.67,1207.66
000038.SZ,2002-08-19,15.7,15.82,15.53,15.72,441.22,689.79
000038.SZ,2002-08-20,15.74,15.96,15.74,15.89,777.65,1234.21
000038.SZ,2002-08-21,15.96,16.3,15.8,16.28,2867.88,4605.81
000038.SZ,2002-08-22,16.28,16.78,16.13,16.41,6968.2,11529.2
000038.SZ,2002-08-23,16.27,16.5,16.2,16.27,1769.84,2887.09
000038.SZ,2002-08-26,16.27,17.49,16.27,17.36,18844.86,32442.56
000038.SZ,2002-08-27,17.28,18.3,17.13,17.51,22333.16,39547.39
000038.SZ,2002-08-28,17.3,17.42,16.8,16.82,7829.54,13300.32
000038.SZ,2002-08-29,16.7,16.82,16.29,16.32,5558.79,9160.33
000038.SZ,2002-08-30,16.35,16.64,16.35,16.46,1915.82,3152.74
000038.SZ,2002-09-02,16.51,16.61,16.33,16.36,1371.44,2251.98
000038.SZ,2002-09-03,16.36,16.9,16.33,16.7,2693.64,4479.86
000038.SZ,2002-09-04,16.72,16.75,16.38,16.41,1989.07,3274.88
000038.SZ,2002-09-05,16.38,16.45,16.1,16.12,2775.3,4492.27
000038.SZ,2002-09-06,16.1,16.6,16.06,16.29,2178.71,3555.8
000038.SZ,2002-09-09,16.29,16.29,16.11,16.16,1006.15,1626.63
000038.SZ,2002-09-10,16.29,16.41,16.15,16.22,908.24,1475.07
000038.SZ,2002-09-11,16.16,16.31,15.83,16.0,2686.5,4298.0
000038.SZ,2002-09-12,15.95,16.25,15.88,16.14,1205.77,1938.23
000038.SZ,2002-09-16,16.2,16.28,16.0,16.06,1000.31,1609.9
000038.SZ,2002-09-17,16.16,16.29,15.85,15.92,1231.0,1963.42
000038.SZ,2002-09-18,15.92,16.28,15.89,16.18,2246.3,3625.92
000038.SZ,2002-09-19,16.21,17.3,16.08,17.0,14087.82,23681.05
000038.SZ,2002-09-20,16.88,16.99,16.4,16.44,5571.15,9277.92
000038.SZ,2002-09-23,16.43,17.2,16.28,17.11,10246.29,17356.84
000038.SZ,2002-09-24,17.11,17.26,16.86,16.99,4801.03,8172.2
000038.SZ,2002-09-25,16.95,17.5,16.58,16.64,8898.47,15244.45
000038.SZ,2002-09-26,16.5,16.74,16.28,16.38,4740.63,7814.64
000038.SZ,2002-09-27,16.38,16.56,16.15,16.41,2297.5,3763.79
000038.SZ,2002-10-08,16.29,16.46,16.1,16.27,1369.79,2228.23
000038.SZ,2002-10-09,16.21,16.46,14.72,15.52,3580.98,5557.73
000038.SZ,2002-10-10,15.47,15.71,15.26,15.54,1955.09,3022.31
000038.SZ,2002-10-11,15.69,15.69,15.33,15.42,1833.41,2830.19
000038.SZ,2002-10-14,15.42,15.49,15.0,15.3,2033.71,3091.69
000038.SZ,2002-10-15,15.13,15.37,15.01,15.01,1977.82,2995.0
000038.SZ,2002-10-16,15.02,15.57,15.02,15.24,1597.08,2450.87
000038.SZ,2002-10-17,15.2,15.24,15.0,15.02,1338.61,2017.61
000038.SZ,2002-10-18,15.15,15.22,14.95,15.13,1054.66,1589.41
000038.SZ,2002-10-21,15.07,15.14,14.9,14.96,1373.09,2058.14
000038.SZ,2002-10-22,15.0,15.55,14.97,15.36,1761.2,2703.69
000038.SZ,2002-10-23,15.36,15.46,15.26,15.43,1516.22,2331.41
000038.SZ,2002-10-24,15.38,15.73,15.38,15.48,2749.29,4294.45
000038.SZ,2002-10-25,15.4,15.45,15.05,15.1,1507.55,2295.94
000038.SZ,2002-10-28,15.02,15.27,14.89,14.93,2460.55,3679.21
000038.SZ,2002-10-29,15.0,15.05,14.78,15.03,1521.32,2263.42
000038.SZ,2002-10-30,15.03,15.05,14.8,14.9,695.13,1035.76
000038.SZ,2002-10-31,14.9,15.0,14.76,14.81,1532.47,2279.1
000038.SZ,2002-11-01,14.81,14.85,14.71,14.85,815.71,1204.1
000038.SZ,2002-11-04,15.0,15.15,14.9,15.14,713.64,1073.31
000038.SZ,2002-11-05,15.15,15.41,15.05,15.4,2808.01,4292.25
000038.SZ,2002-11-06,15.42,15.42,15.2,15.22,1721.55,2632.78
000038.SZ,2002-11-07,15.31,15.44,15.31,15.36,829.74,1275.72
000038.SZ,2002-11-08,15.35,15.48,14.83,14.84,1387.5,2089.58
000038.SZ,2002-11-11,14.97,14.98,14.65,14.67,776.0,1150.08
000038.SZ,2002-11-12,14.71,14.71,13.97,14.0,2781.15,3956.7
000038.SZ,2002-11-13,13.99,14.36,13.52,14.19,2497.28,3460.47
000038.SZ,2002-11-14,14.09,14.1,13.58,13.63,1150.44,1599.62
000038.SZ,2002-11-15,13.79,14.06,13.7,13.84,1225.15,1693.88
000038.SZ,2002-11-18,13.62,13.93,13.6,13.7,763.74,1047.7
000038.SZ,2002-11-19,13.65,13.96,13.62,13.95,633.87,874.6
000038.SZ,2002-11-20,13.1,13.8,13.1,13.38,1469.67,1967.26
000038.SZ,2002-11-21,13.38,13.38,12.55,12.57,2392.63,3074.44
000038.SZ,2002-11-22,12.6,12.99,12.4,12.81,1915.43,2444.78
000038.SZ,2002-11-25,12.8,12.88,12.52,12.77,632.84,809.42
000038.SZ,2002-11-26,12.86,12.9,12.56,12.58,842.0,1072.4
000038.SZ,2002-11-27,12.41,12.8,12.2,12.79,1352.87,1687.83
000038.SZ,2002-11-28,12.51,13.33,12.51,13.29,1359.49,1771.72
000038.SZ,2002-11-29,13.24,13.79,13.0,13.54,3415.85,4625.79
000038.SZ,2002-12-02,13.5,13.5,13.07,13.09,1562.76,2061.21
000038.SZ,2002-12-03,13.02,13.2,12.91,13.15,875.35,1144.18
000038.SZ,2002-12-04,13.18,13.39,13.15,13.2,597.51,792.41
000038.SZ,2002-12-05,13.2,13.2,12.85,12.97,643.9,837.69
000038.SZ,2002-12-06,12.95,13.17,12.82,13.03,467.0,610.1
000038.SZ,2002-12-09,12.9,13.2,12.65,12.99,317.0,410.52
000038.SZ,2002-12-10,13.05,13.05,12.69,12.7,491.0,628.54
000038.SZ,2002-12-11,12.6,12.7,12.45,12.6,807.8,1012.05
000038.SZ,2002-12-12,12.7,12.9,11.35,12.62,983.54,1233.84
000038.SZ,2002-12-13,12.6,12.8,12.3,12.7,906.87,1133.82
000038.SZ,2002-12-16,12.7,12.85,12.61,12.84,740.57,946.95
000038.SZ,2002-12-17,12.8,12.94,12.75,12.88,954.0,1227.31
000038.SZ,2002-12-18,12.89,13.97,12.89,13.25,4087.42,5541.63
000038.SZ,2002-12-19,13.15,13.4,13.1,13.29,1053.9,1395.91
000038.SZ,2002-12-20,13.59,13.77,13.5,13.58,2956.44,4022.67
000038.SZ,2002-12-23,13.6,14.0,13.6,13.64,2562.2,3544.82
000038.SZ,2002-12-24,13.6,13.9,13.48,13.73,1294.18,1766.04
000038.SZ,2002-12-25,13.66,13.77,13.4,13.4,1538.1,2085.6
000038.SZ,2002-12-26,13.35,13.6,12.95,12.96,1916.75,2539.73
000038.SZ,2002-12-27,12.9,13.17,12.7,12.99,919.61,1185.81
000038.SZ,2002-12-30,12.95,12.99,12.78,12.87,694.27,893.35
000038.SZ,2002-12-31,12.95,12.95,12.5,12.5,728.59,928.68
000038.SZ,2003-01-02,12.4,12.69,12.4,12.5,1221.24,1525.87
000038.SZ,2003-01-03,12.5,12.79,12.5,12.69,622.5,787.64
000038.SZ,2003-01-06,12.7,12.98,12.53,12.88,728.33,935.88
000038.SZ,2003-01-07,12.95,13.15,12.82,12.91,1061.62,1375.7
000038.SZ,2003-01-08,12.85,13.34,12.8,13.33,2010.41,2651.47
000038.SZ,2003-01-09,13.5,13.55,13.18,13.49,2425.0,3250.61
000038.SZ,2003-01-10,13.4,13.5,13.2,13.22,1896.11,2532.66
000038.SZ,2003-01-13,13.22,13.34,13.15,13.22,785.85,1038.12
000038.SZ,2003-01-14,13.3,13.98,13.16,13.76,3157.17,4317.15
000038.SZ,2003-01-15,13.76,14.19,13.53,13.73,3498.31,4868.13
000038.SZ,2003-01-16,13.7,14.05,13.7,14.0,2782.8,3880.19
000038.SZ,2003-01-17,14.08,14.18,13.69,13.71,2030.16,2814.95
000038.SZ,2003-01-20,13.76,14.5,13.67,14.46,6481.19,9210.46
000038.SZ,2003-01-21,14.45,14.45,13.88,13.88,2428.4,3425.93
000038.SZ,2003-01-22,13.86,13.95,13.72,13.85,1372.68,1898.69
000038.SZ,2003-01-23,13.73,13.94,13.58,13.6,1365.51,1876.52
000038.SZ,2003-01-24,13.6,13.84,13.48,13.78,1439.63,1962.83
000038.SZ,2003-01-27,13.9,14.08,13.8,13.92,1577.6,2204.44
000038.SZ,2003-01-28,14.0,14.08,13.88,13.92,877.25,1222.29
000038.SZ,2003-01-29,14.0,14.09,13.93,13.97,1055.47,1478.25
000038.SZ,2003-02-10,14.0,14.0,13.78,13.8,604.5,837.93
000038.SZ,2003-02-11,13.88,13.95,13.71,13.95,492.35,682.07
000038.SZ,2003-02-12,13.95,14.1,13.81,14.09,1320.67,1847.2
000038.SZ,2003-02-13,14.01,14.4,13.98,14.05,2606.2,3690.36
000038.SZ,2003-02-14,13.95,14.08,13.93,13.95,1389.31,1942.2
000038.SZ,2003-02-17,13.9,14.1,13.8,13.85,1575.99,2195.07
000038.SZ,2003-02-18,13.76,13.89,13.76,13.85,495.82,684.41
000038.SZ,2003-02-19,13.8,13.96,13.78,13.96,1028.75,1423.66
000038.SZ,2003-02-20,13.96,14.03,13.9,13.91,850.57,1186.93
000038.SZ,2003-02-21,13.83,13.93,13.6,13.64,1262.01,1732.82
000038.SZ,2003-02-24,13.98,14.6,13.91,14.43,12249.84,17575.1
000038.SZ,2003-02-25,14.38,14.8,14.29,14.65,8046.39,11761.57
000038.SZ,2003-02-26,14.63,14.78,14.51,14.59,3314.69,4839.33
000038.SZ,2003-02-27,14.59,14.72,14.51,14.6,2029.4,2963.54
000038.SZ,2003-02-28,14.55,14.65,14.25,14.63,2354.93,3403.96
000038.SZ,2003-03-03,14.58,14.7,14.44,14.58,2869.55,4175.99
000038.SZ,2003-03-04,14.55,14.95,14.54,14.71,4428.15,6546.36
000038.SZ,2003-03-05,14.75,14.75,14.42,14.5,1870.25,2713.94
000038.SZ,2003-03-06,14.45,14.75,14.4,14.4,1800.0,2613.53
000038.SZ,2003-03-07,14.42,14.5,14.17,14.35,2797.69,3990.84
000038.SZ,2003-03-10,14.33,14.38,14.02,14.03,1516.48,2144.07
000038.SZ,2003-03-11,14.0,14.07,13.8,13.85,1600.87,2229.52
000038.SZ,2003-03-12,13.85,13.99,13.75,13.99,879.98,1223.69
000038.SZ,2003-03-13,14.0,14.18,13.8,13.81,790.16,1106.47
000038.SZ,2003-03-14,13.9,13.99,13.8,13.9,1176.56,1632.85
000038.SZ,2003-03-17,13.88,14.04,13.8,13.95,855.89,1187.11
000038.SZ,2003-03-18,13.95,14.05,13.76,13.77,819.5,1139.72
000038.SZ,2003-03-19,13.77,13.93,13.75,13.77,866.0,1195.29
000038.SZ,2003-03-20,13.79,13.88,13.7,13.77,392.5,541.26
000038.SZ,2003-03-21,13.75,14.01,13.75,13.95,439.0,611.9
000038.SZ,2003-03-24,14.0,14.0,13.86,13.93,342.68,476.95
000038.SZ,2003-03-25,13.9,13.9,13.6,13.62,998.6,1369.42
000038.SZ,2003-03-26,13.61,13.85,13.55,13.55,535.62,731.63
000038.SZ,2003-03-27,13.51,13.94,13.4,13.93,1029.5,1404.05
000038.SZ,2003-03-28,14.01,14.01,13.8,13.8,774.18,1074.11
000038.SZ,2003-03-31,13.76,13.93,13.71,13.92,788.76,1090.43
000038.SZ,2003-04-01,13.9,14.29,13.9,14.1,1443.07,2036.35
000038.SZ,2003-04-03,14.3,14.3,13.91,13.91,346.0,486.5
000038.SZ,2003-04-04,13.9,14.2,13.8,13.9,838.88,1170.13
000038.SZ,2003-04-07,13.8,13.86,13.6,13.62,1193.24,1635.7
000038.SZ,2003-04-08,13.57,13.72,13.52,13.58,1070.24,1454.45
000038.SZ,2003-04-09,13.54,13.55,13.16,13.5,2102.93,2808.61
000038.SZ,2003-04-10,13.56,13.66,13.19,13.59,2757.04,3690.82
000038.SZ,2003-04-11,13.6,13.8,13.31,13.79,1978.31,2671.21
000038.SZ,2003-04-14,13.7,14.07,13.6,14.01,2439.41,3391.85
000038.SZ,2003-04-15,14.02,14.09,13.85,14.02,2548.15,3559.06
000038.SZ,2003-04-16,14.0,14.08,13.81,13.85,3004.48,4187.79
000038.SZ,2003-04-17,13.85,13.89,13.61,13.73,1832.13,2513.65
000038.SZ,2003-04-18,13.75,14.07,13.73,13.92,1408.0,1965.79
000038.SZ,2003-04-21,13.92,13.92,13.5,13.66,1225.0,1675.08
000038.SZ,2003-04-22,13.65,13.76,13.51,13.56,744.38,1013.23
000038.SZ,2003-04-23,13.6,13.8,13.5,13.54,1195.19,1623.64
000038.SZ,2003-04-24,13.54,13.7,13.16,13.23,2002.36,2665.83
000038.SZ,2003-04-25,13.3,13.46,12.95,13.0,1330.0,1742.9
000038.SZ,2003-04-28,12.8,13.0,12.6,12.98,1646.02,2098.02
000038.SZ,2003-04-29,13.45,13.45,12.65,12.78,866.0,1108.2
000038.SZ,2003-04-30,12.8,12.88,12.32,12.49,1895.2,2384.67
000038.SZ,2003-05-12,12.55,12.55,12.05,12.17,1145.52,1411.59
000038.SZ,2003-05-13,12.07,12.07,11.51,11.8,2187.76,2567.81
000038.SZ,2003-05-14,11.7,12.2,11.65,12.15,1223.46,1472.87
000038.SZ,2003-05-15,12.16,12.68,11.8,12.57,1750.73,2161.17
000038.SZ,2003-05-16,13.0,13.5,12.99,13.08,3720.36,4918.34
000038.SZ,2003-05-19,13.08,13.19,12.75,13.0,1400.05,1823.28
000038.SZ,2003-05-20,12.9,13.0,12.81,12.83,759.88,976.54
000038.SZ,2003-05-21,12.8,12.99,12.66,12.8,844.2,1077.57
000038.SZ,2003-05-22,12.85,12.87,12.6,12.8,823.87,1050.62
000038.SZ,2003-05-23,12.65,13.18,12.65,12.95,1512.0,1946.06
000038.SZ,2003-05-26,12.98,12.98,12.67,12.85,2652.91,3388.43
000038.SZ,2003-05-27,12.9,13.0,12.7,12.98,1220.0,1577.73
000038.SZ,2003-05-28,12.81,13.1,12.68,13.03,2830.82,3640.01
000038.SZ,2003-05-29,12.95,13.18,12.95,13.12,1199.35,1569.07
000038.SZ,2003-05-30,13.2,13.3,13.0,13.16,1177.7,1555.15
000038.SZ,2003-06-02,13.3,13.35,13.0,13.19,1406.02,1846.58
000038.SZ,2003-06-03,13.22,13.24,12.85,12.87,1118.2,1446.1
000038.SZ,2003-06-04,12.71,12.96,12.6,12.68,1644.0,2092.31
000038.SZ,2003-06-05,12.7,12.85,12.66,12.7,829.83,1053.87
000038.SZ,2003-06-06,12.7,12.9,12.68,12.78,769.6,983.21
000038.SZ,2003-06-09,12.7,12.8,12.53,12.53,566.5,714.69
000038.SZ,2003-06-10,12.68,12.68,12.43,12.51,1092.0,1366.62
000038.SZ,2003-06-11,12.69,12.99,12.6,12.8,1356.0,1733.4
000038.SZ,2003-06-12,12.84,13.22,12.8,13.1,5049.93,6583.15
000038.SZ,2003-06-13,13.1,13.13,12.87,12.97,1065.01,1379.03
000038.SZ,2003-06-16,12.97,12.97,12.71,12.72,1777.0,2277.33
000038.SZ,2003-06-17,12.58,12.99,12.58,12.98,1022.32,1311.67
000038.SZ,2003-06-18,12.97,12.97,12.75,12.78,919.56,1177.91
000038.SZ,2003-06-19,12.87,12.98,12.65,12.65,582.5,740.26
000038.SZ,2003-06-20,12.66,12.75,12.55,12.61,407.6,515.13
000038.SZ,2003-06-23,12.5,12.68,12.42,12.53,1156.0,1452.86
000038.SZ,2003-06-24,12.58,12.62,12.49,12.62,421.2,528.99
000038.SZ,2003-06-25,12.62,12.82,12.55,12.58,950.0,1203.17
000038.SZ,2003-06-26,12.58,12.6,12.18,12.45,868.03,1077.93
000038.SZ,2003-06-27,12.48,12.48,12.24,12.26,415.99,513.93
000038.SZ,2003-06-30,12.2,12.4,12.0,12.25,629.2,770.74
000038.SZ,2003-07-01,12.25,12.35,12.15,12.15,242.0,296.32
000038.SZ,2003-07-02,12.06,12.5,12.06,12.39,436.98,536.72
000038.SZ,2003-07-03,12.36,12.53,12.2,12.4,450.1,555.74
000038.SZ,2003-07-04,12.4,12.48,12.29,12.31,310.77,383.39
000038.SZ,2003-07-07,12.25,12.38,12.2,12.29,372.0,458.01
000038.SZ,2003-07-08,12.2,12.6,12.18,12.47,1168.49,1457.75
000038.SZ,2003-07-09,12.42,12.52,12.3,12.49,491.5,611.67
000038.SZ,2003-07-10,12.5,12.68,12.31,12.59,1061.3,1330.79
000038.SZ,2003-07-11,12.7,12.91,12.61,12.79,1629.62,2083.24
000038.SZ,2003-07-14,12.66,12.7,12.47,12.5,670.0,841.32
000038.SZ,2003-07-15,12.49,12.59,12.38,12.45,252.79,314.65
000038.SZ,2003-07-16,12.2,12.45,12.2,12.34,462.4,569.13
000038.SZ,2003-07-17,12.2,12.48,12.2,12.35,542.07,668.62
000038.SZ,2003-07-18,12.3,12.7,12.3,12.43,1964.2,2452.28
000038.SZ,2003-07-21,12.4,12.4,12.21,12.28,491.02,603.26
000038.SZ,2003-07-22,12.3,12.55,12.19,12.5,967.84,1193.91
000038.SZ,2003-07-23,12.51,12.6,12.39,12.55,324.86,406.25
000038.SZ,2003-07-24,12.56,12.64,12.45,12.46,299.5,375.57
000038.SZ,2003-07-25,12.54,12.65,12.28,12.4,486.46,603.56
000038.SZ,2003-07-28,12.3,12.41,12.26,12.28,239.2,294.11
000038.SZ,2003-07-29,12.25,12.3,12.06,12.09,1065.93,1294.1
000038.SZ,2003-07-30,12.09,12.19,12.01,12.05,500.01,602.21
000038.SZ,2003-07-31,12.05,12.1,12.0,12.08,337.67,407.09
000038.SZ,2003-08-01,12.02,12.2,12.02,12.11,323.94,392.01
000038.SZ,2003-08-04,12.0,12.4,12.0,12.32,698.1,857.1
000038.SZ,2003-08-05,12.58,12.58,12.22,12.26,592.7,731.36
000038.SZ,2003-08-06,12.2,12.4,12.19,12.33,524.25,644.5
000038.SZ,2003-08-07,12.28,12.45,12.2,12.21,438.0,538.84
000038.SZ,2003-08-08,12.2,12.38,12.2,12.34,617.0,758.88
000038.SZ,2003-08-11,12.24,12.44,12.24,12.41,838.0,1035.75
000038.SZ,2003-08-12,12.41,13.59,12.36,12.67,3916.6,5058.22
000038.SZ,2003-08-13,12.45,12.67,12.4,12.4,1011.0,1269.3
000038.SZ,2003-08-14,12.6,12.6,12.4,12.45,505.54,632.05
000038.SZ,2003-08-19,12.4,12.6,12.3,12.39,633.82,782.77
000038.SZ,2003-08-20,12.39,12.4,12.1,12.15,626.9,763.66
000038.SZ,2003-08-21,12.01,12.29,12.01,12.18,325.93,394.86
000038.SZ,2003-08-22,12.1,12.29,12.08,12.2,411.18,500.92
000038.SZ,2003-08-25,12.2,12.27,12.01,12.1,289.0,348.83
000038.SZ,2003-08-26,12.09,12.2,11.71,12.08,762.14,912.38
000038.SZ,2003-08-27,11.9,12.16,11.85,11.95,564.47,672.61
000038.SZ,2003-08-28,12.07,12.08,11.86,11.94,460.0,548.61
000038.SZ,2003-08-29,12.04,12.04,11.8,11.89,332.0,393.51
000038.SZ,2003-09-01,11.99,12.04,11.8,12.0,683.46,814.35
000038.SZ,2003-09-02,12.0,12.15,11.96,12.04,863.6,1038.87
000038.SZ,2003-09-03,12.0,12.0,11.8,11.92,1072.02,1273.74
000038.SZ,2003-09-04,11.96,12.0,11.8,11.93,1170.09,1390.62
000038.SZ,2003-09-05,11.85,11.88,11.72,11.74,611.98,722.41
000038.SZ,2003-09-08,11.71,11.8,11.6,11.71,480.97,563.47
000038.SZ,2003-09-09,11.75,11.85,11.54,11.6,701.57,814.63
000038.SZ,2003-09-10,11.56,11.66,11.45,11.49,773.79,889.7
000038.SZ,2003-09-11,11.85,11.85,11.51,11.57,314.03,365.06
000038.SZ,2003-09-12,11.51,11.55,11.25,11.26,611.0,694.81
000038.SZ,2003-09-15,11.2,11.3,10.9,10.96,1069.81,1180.41
000038.SZ,2003-09-16,10.91,11.19,10.7,11.05,1058.0,1152.68
000038.SZ,2003-09-17,10.9,11.15,10.83,10.86,375.0,409.71
000038.SZ,2003-09-18,10.8,10.95,10.8,10.8,293.0,317.96
000038.SZ,2003-09-19,10.8,10.86,10.7,10.86,288.23,311.08
000038.SZ,2003-09-23,10.86,11.09,10.81,11.06,474.23,517.83
000038.SZ,2003-09-24,11.0,11.18,10.96,11.1,637.75,705.62
000038.SZ,2003-09-25,11.0,11.01,10.81,10.83,454.0,494.96
000038.SZ,2003-09-26,11.05,11.05,10.72,10.73,333.0,359.79
000038.SZ,2003-09-29,10.7,10.7,10.48,10.48,524.0,553.07
000038.SZ,2003-09-30,10.45,10.48,10.23,10.34,392.0,405.17
000038.SZ,2003-10-08,10.03,10.37,10.03,10.37,326.88,334.8
000038.SZ,2003-10-09,10.16,10.47,10.11,10.18,227.12,233.47
000038.SZ,2003-10-10,10.18,10.54,10.13,10.49,810.2,837.78
000038.SZ,2003-10-13,10.49,10.59,10.27,10.43,338.0,351.87
000038.SZ,2003-10-14,10.4,10.48,10.26,10.31,429.79,446.24
000038.SZ,2003-10-15,10.45,10.79,10.36,10.38,1489.82,1572.63
000038.SZ,2003-10-16,10.38,10.38,10.05,10.14,437.88,446.09
000038.SZ,2003-10-17,10.2,10.5,10.12,10.16,388.0,395.54
000038.SZ,2003-10-20,10.23,10.23,10.03,10.14,348.5,352.1
000038.SZ,2003-10-21,10.05,10.14,9.8,9.9,966.7,959.69
000038.SZ,2003-10-22,9.88,10.15,9.85,10.01,1083.51,1087.6
000038.SZ,2003-10-23,10.0,10.14,9.91,9.94,595.89,598.42
000038.SZ,2003-10-24,9.92,9.95,9.8,9.8,682.0,670.97
000038.SZ,2003-10-27,9.78,9.78,9.18,9.19,1494.0,1402.37
000038.SZ,2003-10-28,9.19,9.2,8.8,8.86,1640.09,1475.59
000038.SZ,2003-10-29,8.86,8.92,8.13,8.47,1275.82,1100.91
000038.SZ,2003-10-30,8.48,8.58,8.3,8.4,920.4,780.9
000038.SZ,2003-10-31,8.56,8.64,8.37,8.57,724.56,619.97
000038.SZ,2003-11-03,8.52,8.53,8.31,8.43,546.97,462.86
000038.SZ,2003-11-04,8.4,8.79,8.4,8.67,1197.5,1028.34
000038.SZ,2003-11-05,8.6,8.9,8.5,8.66,928.92,806.59
000038.SZ,2003-11-06,9.0,9.0,8.15,8.15,1227.85,1038.0
000038.SZ,2003-11-07,8.09,8.09,7.81,8.08,1439.53,1141.03
000038.SZ,2003-11-10,7.96,8.0,7.81,7.9,442.1,347.89
000038.SZ,2003-11-11,8.0,8.03,7.86,8.0,562.45,447.6
000038.SZ,2003-11-12,8.0,8.0,7.8,7.83,507.02,399.02
000038.SZ,2003-11-13,7.83,7.99,7.76,7.98,594.0,467.49
000038.SZ,2003-11-14,7.97,8.23,7.95,8.15,949.91,770.02
000038.SZ,2003-11-17,8.2,8.23,8.02,8.12,482.0,392.47
000038.SZ,2003-11-18,8.1,8.16,8.02,8.1,193.0,156.57
000038.SZ,2003-11-19,8.03,8.37,8.03,8.3,725.02,598.48
000038.SZ,2003-11-20,8.29,8.8,8.28,8.76,2491.11,2151.03
000038.SZ,2003-11-21,8.76,8.87,8.4,8.54,1867.69,1613.16
000038.SZ,2003-11-24,8.5,8.85,8.5,8.83,1438.16,1256.14
000038.SZ,2003-11-25,8.6,9.52,8.6,9.13,3982.2,3640.6
000038.SZ,2003-11-26,9.1,9.49,8.92,9.25,2511.46,2325.57
000038.SZ,2003-11-27,9.23,9.23,8.8,8.84,1712.09,1534.38
000038.SZ,2003-11-28,8.83,9.72,8.75,9.25,6407.41,6034.0
000038.SZ,2003-12-01,9.18,9.37,9.1,9.37,2425.32,2251.54
000038.SZ,2003-12-02,9.38,9.5,9.23,9.42,2812.09,2627.19
000038.SZ,2003-12-03,9.42,9.55,9.3,9.38,2342.26,2210.31
000038.SZ,2003-12-04,9.38,9.4,9.12,9.22,1654.25,1525.94
000038.SZ,2003-12-05,9.18,9.25,9.13,9.22,852.32,783.62
000038.SZ,2003-12-08,9.4,9.45,8.98,9.03,1382.38,1254.08
000038.SZ,2003-12-09,9.0,9.4,8.9,9.24,853.5,775.01
000038.SZ,2003-12-10,9.12,9.22,9.05,9.17,715.56,653.77
000038.SZ,2003-12-11,9.17,9.28,9.1,9.22,783.05,718.82
000038.SZ,2003-12-12,9.22,9.5,9.1,9.38,2262.66,2122.46
000038.SZ,2003-12-15,9.4,9.55,9.31,9.38,1913.96,1803.09
000038.SZ,2003-12-16,9.32,9.75,8.9,9.58,4917.17,4624.82
000038.SZ,2003-12-17,9.7,10.5,9.7,9.78,11405.67,11547.25
000038.SZ,2003-12-18,9.78,9.9,9.3,9.38,4547.4,4347.01
000038.SZ,2003-12-19,9.35,9.38,8.44,8.51,5220.0,4596.88
000038.SZ,2003-12-22,8.4,8.79,8.3,8.76,3147.65,2662.9
000038.SZ,2003-12-23,8.71,9.03,8.68,8.8,1857.03,1635.59
000038.SZ,2003-12-24,8.75,8.8,8.65,8.75,1676.29,1457.42
000038.SZ,2003-12-25,8.74,8.85,8.67,8.7,1458.2,1277.7
000038.SZ,2003-12-26,8.7,8.87,8.65,8.67,1255.0,1097.3
000038.SZ,2003-12-29,8.68,8.78,8.58,8.58,906.0,782.99
000038.SZ,2003-12-30,8.55,8.7,8.39,8.43,2349.5,1989.8
000038.SZ,2003-12-31,8.51,8.56,8.4,8.45,837.06,707.87
000038.SZ,2004-01-02,8.61,8.61,8.36,8.45,1130.83,960.45
000038.SZ,2004-01-05,8.45,8.63,8.4,8.53,1465.6,1246.77
000038.SZ,2004-01-06,8.55,8.63,8.4,8.44,1937.71,1651.56
000038.SZ,2004-01-07,8.48,8.55,8.36,8.55,1860.44,1567.07
000038.SZ,2004-01-08,8.58,8.88,8.5,8.8,2939.39,2574.21
000038.SZ,2004-01-09,8.75,9.05,8.75,8.79,3437.3,3066.54
000038.SZ,2004-01-12,8.7,8.95,8.69,8.83,1020.28,899.05
000038.SZ,2004-01-13,8.81,9.21,8.8,9.13,3005.1,2718.95
000038.SZ,2004-01-14,9.45,9.6,9.13,9.15,3492.38,3256.36
000038.SZ,2004-01-15,9.14,9.35,9.01,9.07,1364.1,1245.68
000038.SZ,2004-01-16,9.0,9.52,8.99,9.37,3807.71,3556.38
000038.SZ,2004-01-29,9.37,10.17,9.37,10.05,5546.87,5474.0
000038.SZ,2004-01-30,10.14,10.15,9.85,9.94,5164.86,5157.08
000038.SZ,2004-02-02,10.0,10.39,9.8,10.21,4756.38,4837.34
000038.SZ,2004-02-03,10.32,11.22,10.21,10.69,8404.9,9078.94
000038.SZ,2004-02-04,10.65,11.11,10.65,10.9,8230.77,8941.75
000038.SZ,2004-02-05,10.91,10.96,10.58,10.8,4552.0,4887.03
000038.SZ,2004-02-06,10.8,11.48,10.52,11.32,8560.73,9411.38
000038.SZ,2004-02-09,11.33,11.6,11.1,11.55,6806.57,7751.14
000038.SZ,2004-02-10,11.78,12.48,11.4,11.75,11777.19,14046.72
000038.SZ,2004-02-11,11.71,11.71,11.11,11.43,6732.91,7663.98
000038.SZ,2004-02-12,11.48,11.48,11.17,11.2,3399.88,3830.87
000038.SZ,2004-02-13,11.19,11.27,10.9,10.91,3902.29,4305.16
000038.SZ,2004-02-16,10.88,11.46,10.88,11.41,5242.69,5935.76
000038.SZ,2004-02-17,11.48,12.0,11.48,11.64,5992.91,7042.7
000038.SZ,2004-02-18,11.6,11.85,11.5,11.65,4722.72,5514.57
000038.SZ,2004-02-19,11.58,11.69,11.4,11.52,3415.59,3941.28
000038.SZ,2004-02-20,11.52,12.19,11.52,12.08,10326.58,12380.72
000038.SZ,2004-02-23,12.39,12.45,11.9,11.94,9754.1,11921.11
000038.SZ,2004-02-24,11.72,11.94,11.6,11.88,5690.56,6695.05
000038.SZ,2004-02-25,11.86,12.34,11.4,11.55,5425.59,6482.76
000038.SZ,2004-02-26,11.4,11.69,11.0,11.23,4655.23,5221.75
000038.SZ,2004-02-27,11.01,11.4,11.01,11.32,2266.41,2546.29
000038.SZ,2004-03-01,11.25,11.6,11.15,11.55,2695.64,3066.05
000038.SZ,2004-03-02,11.5,11.5,11.19,11.26,2600.92,2940.08
000038.SZ,2004-03-03,11.27,11.44,11.08,11.16,2268.0,2536.43
000038.SZ,2004-03-04,11.15,11.28,11.0,11.25,1667.21,1859.65
000038.SZ,2004-03-05,11.3,11.35,11.1,11.13,1110.04,1244.49
000038.SZ,2004-03-08,11.02,11.2,10.68,10.69,2248.0,2464.52
000038.SZ,2004-03-09,10.68,10.81,10.48,10.48,1714.0,1824.4
000038.SZ,2004-03-10,10.58,10.72,10.5,10.7,1612.88,1711.85
000038.SZ,2004-03-11,10.7,11.04,10.65,11.04,1956.57,2126.05
000038.SZ,2004-03-12,11.05,11.05,10.76,10.81,1260.7,1371.49
000038.SZ,2004-03-15,10.81,11.06,10.75,10.97,1585.41,1729.93
000038.SZ,2004-03-16,11.06,11.18,10.9,11.01,1540.01,1694.27
000038.SZ,2004-03-17,11.15,11.2,10.89,11.07,1390.99,1534.45
000038.SZ,2004-03-18,11.1,11.15,10.75,10.76,1899.62,2071.09
000038.SZ,2004-03-19,10.66,10.95,10.66,10.93,1129.0,1223.35
000038.SZ,2004-03-22,10.92,10.95,10.8,10.87,1336.15,1450.69
000038.SZ,2004-03-23,10.95,10.95,10.72,10.91,1056.99,1142.74
000038.SZ,2004-03-24,10.91,11.05,10.86,10.92,1954.94,2142.24
000038.SZ,2004-03-25,10.95,11.9,10.94,11.6,10984.1,12692.53
000038.SZ,2004-03-26,11.59,11.8,11.31,11.68,5957.0,6894.83
000038.SZ,2004-03-29,11.7,12.29,11.68,11.84,8193.33,9838.51
000038.SZ,2004-03-30,11.83,12.99,11.82,12.94,21723.02,27192.5
000038.SZ,2004-03-31,12.9,13.2,12.6,12.86,16346.3,21139.83
000038.SZ,2004-04-01,12.86,13.08,12.6,12.75,8584.67,10936.77
000038.SZ,2004-04-02,12.88,13.3,12.7,13.17,12475.83,16298.88
000038.SZ,2004-04-05,13.14,13.24,12.8,13.19,9310.13,12056.82
000038.SZ,2004-04-06,13.1,13.15,12.81,12.85,6022.01,7769.32
000038.SZ,2004-04-07,12.82,12.98,12.58,12.71,7000.85,8943.77
000038.SZ,2004-04-08,12.71,12.94,12.6,12.76,5188.25,6613.28
000038.SZ,2004-04-09,12.7,12.74,12.01,12.17,7355.11,9062.93
000038.SZ,2004-04-12,12.07,12.16,11.77,11.99,4686.47,5587.41
000038.SZ,2004-04-13,11.98,12.13,11.82,11.88,3164.35,3784.12
000038.SZ,2004-04-14,11.91,11.96,11.5,11.76,2738.81,3205.12
000038.SZ,2004-04-15,11.76,11.78,11.3,11.32,1739.09,2012.85
000038.SZ,2004-04-16,11.5,11.5,10.6,11.14,3283.52,3645.79
000038.SZ,2004-04-19,11.35,11.54,11.13,11.22,2162.88,2449.99
000038.SZ,2004-04-20,11.2,11.36,11.1,11.21,1217.48,1366.03
000038.SZ,2004-04-21,11.2,11.56,11.2,11.29,1958.98,2229.68
000038.SZ,2004-04-22,11.4,11.6,11.2,11.52,1545.39,1758.62
000038.SZ,2004-04-23,11.42,11.42,10.78,10.88,2949.02,3252.39
000038.SZ,2004-04-26,10.79,10.9,10.62,10.66,1733.1,1861.49
000038.SZ,2004-04-27,10.8,10.85,10.6,10.71,1366.92,1461.72
000038.SZ,2004-04-28,10.61,10.77,10.21,10.72,1485.54,1563.25
000038.SZ,2004-04-29,10.7,10.8,10.37,10.45,1457.47,1534.61
000038.SZ,2004-04-30,10.4,10.58,10.38,10.47,1486.72,1555.29
000038.SZ,2004-05-10,10.47,10.47,10.0,10.1,964.0,987.34
000038.SZ,2004-05-11,10.01,10.22,9.81,10.06,1588.9,1592.36
000038.SZ,2004-05-12,10.13,10.55,10.13,10.55,1927.55,2008.76
000038.SZ,2004-05-13,10.5,10.62,10.34,10.61,1259.31,1322.04
000038.SZ,2004-05-14,10.61,10.61,10.15,10.21,1096.0,1134.72
000038.SZ,2004-05-17,10.28,10.56,10.13,10.26,577.0,593.07
000038.SZ,2004-05-18,10.51,11.29,10.51,11.29,6055.31,6751.61
000038.SZ,2004-05-19,11.48,12.4,11.41,11.98,20669.7,24809.51
000038.SZ,2004-05-20,11.88,12.66,11.63,12.4,16576.57,20284.51
000038.SZ,2004-05-21,12.29,12.35,11.81,12.15,7878.79,9521.07
000038.SZ,2004-05-24,12.1,12.68,12.1,12.25,7084.12,8758.04
000038.SZ,2004-05-25,12.16,12.17,11.7,11.88,5962.66,7108.32
000038.SZ,2004-05-26,11.81,12.58,11.72,12.4,9930.17,12220.96
000038.SZ,2004-05-27,12.42,12.69,12.08,12.46,12827.12,16026.38
000038.SZ,2004-05-31,12.4,12.5,12.12,12.34,5530.4,6783.84
000038.SZ,2004-06-01,12.36,12.95,12.2,12.86,14242.81,18094.05
000038.SZ,2004-06-02,12.8,14.15,12.7,14.15,25524.66,34819.55
000038.SZ,2004-06-03,14.25,14.6,13.66,13.83,31608.91,44499.45
000038.SZ,2004-06-04,13.7,13.78,13.33,13.48,13560.72,18372.04
000038.SZ,2004-06-07,13.65,13.65,12.9,13.23,10352.96,13578.68
000038.SZ,2004-06-08,13.2,13.75,13.1,13.39,12463.6,16796.52
000038.SZ,2004-06-09,13.22,13.49,12.05,12.05,14429.55,18220.47
000038.SZ,2004-06-10,11.88,12.0,11.45,11.5,13216.79,15423.38
000038.SZ,2004-06-11,11.45,12.26,11.45,11.69,10604.12,12633.35
000038.SZ,2004-06-14,11.59,11.8,10.92,11.19,7576.61,8552.3
000038.SZ,2004-06-15,11.15,11.58,11.04,11.57,4914.32,5571.18
000038.SZ,2004-06-16,11.57,11.75,11.33,11.58,4843.33,5599.17
000038.SZ,2004-06-17,11.62,12.63,11.62,12.15,15290.65,18648.5
000038.SZ,2004-06-18,12.16,12.85,11.95,12.85,16027.52,20210.98
000038.SZ,2004-06-21,12.8,13.25,12.65,13.19,11535.51,15006.02
000038.SZ,2004-06-22,13.21,13.37,12.95,13.19,11854.59,15598.0
000038.SZ,2004-06-23,13.18,13.18,12.56,12.92,9599.38,12284.05
000038.SZ,2004-06-24,12.92,13.3,12.8,13.06,10372.38,13620.22
000038.SZ,2004-06-25,13.38,13.45,11.75,11.75,12068.24,14757.69
000038.SZ,2004-06-28,11.33,11.35,10.63,10.81,7488.45,8230.19
000038.SZ,2004-06-29,10.8,11.25,10.5,11.22,6095.47,6651.17
000038.SZ,2004-06-30,11.18,11.18,10.8,10.83,3280.67,3615.67
000038.SZ,2004-07-01,11.0,11.38,10.85,11.35,6191.89,6936.37
000038.SZ,2004-07-02,11.33,11.33,11.0,11.17,4729.46,5264.11
000038.SZ,2004-07-05,11.1,11.28,11.0,11.2,2326.74,2594.09
000038.SZ,2004-07-06,11.25,11.56,11.19,11.37,4597.2,5237.15
000038.SZ,2004-07-07,11.3,11.35,11.0,11.27,3200.96,3549.16
000038.SZ,2004-07-08,11.27,11.27,11.03,11.12,2203.32,2441.16
000038.SZ,2004-07-09,11.2,11.2,10.8,10.81,3857.0,4210.73
000038.SZ,2004-07-12,10.63,10.7,10.04,10.08,5006.58,5106.43
000038.SZ,2004-07-13,10.1,10.29,10.01,10.19,2084.25,2118.08
000038.SZ,2004-07-14,10.16,10.21,9.17,9.31,7944.9,7413.76
000038.SZ,2004-07-15,9.31,9.7,9.0,9.44,4125.91,3872.75
000038.SZ,2004-07-16,9.4,10.12,9.4,10.06,6871.0,6794.68
000038.SZ,2004-07-19,10.08,10.68,10.08,10.38,5947.05,6197.66
000038.SZ,2004-07-20,10.46,10.46,10.1,10.22,2682.05,2731.38
000038.SZ,2004-07-21,10.25,10.29,10.01,10.23,2124.95,2156.42
000038.SZ,2004-07-22,10.3,10.44,10.04,10.1,2588.99,2654.9
000038.SZ,2004-07-23,9.09,9.09,9.09,9.09,2158.0,1961.62
000038.SZ,2004-07-26,8.55,8.6,8.2,8.32,11665.94,9811.16
000038.SZ,2004-07-27,8.27,8.55,8.24,8.43,5416.88,4560.59
000038.SZ,2004-07-28,8.43,8.45,7.77,8.19,8537.09,6874.26
000038.SZ,2004-07-29,8.1,8.38,7.92,8.36,6870.58,5641.53
000038.SZ,2004-07-30,8.37,8.47,8.24,8.25,3972.22,3309.82
000038.SZ,2004-08-02,8.25,8.25,8.01,8.17,1423.29,1156.17
000038.SZ,2004-08-03,8.11,8.34,8.11,8.32,1969.0,1619.4
000038.SZ,2004-08-04,8.3,9.15,8.25,9.15,7354.61,6549.0
000038.SZ,2004-08-06,9.16,9.63,8.5,8.77,12736.31,11555.54
000038.SZ,2004-08-09,8.6,8.65,8.4,8.44,4621.05,3914.67
000038.SZ,2004-08-10,8.54,9.28,8.45,8.94,10090.67,9124.53
000038.SZ,2004-08-11,8.6,9.3,8.52,8.94,7756.37,6987.77
000038.SZ,2004-08-12,8.78,9.15,8.73,8.89,4884.13,4363.74
000038.SZ,2004-08-13,8.89,9.09,8.87,8.91,2616.58,2348.6
000038.SZ,2004-08-16,8.86,8.9,8.1,8.54,3777.21,3197.97
000038.SZ,2004-08-17,8.4,8.77,8.3,8.62,2357.58,2021.53
000038.SZ,2004-08-18,8.5,8.64,8.35,8.36,2685.41,2271.65
000038.SZ,2004-08-19,8.36,8.36,8.15,8.18,2640.01,2166.14
000038.SZ,2004-08-20,8.2,8.31,8.15,8.19,2134.49,1755.47
000038.SZ,2004-08-23,8.0,8.24,8.0,8.12,1597.55,1296.74
000038.SZ,2004-08-24,8.08,8.44,8.04,8.35,3268.42,2723.44
000038.SZ,2004-08-25,8.6,8.95,8.53,8.56,6835.63,5954.08
000038.SZ,2004-08-26,8.5,8.56,8.3,8.38,2205.94,1851.03
000038.SZ,2004-08-27,8.36,8.41,8.2,8.29,1604.06,1327.04
000038.SZ,2004-08-30,8.25,8.58,8.12,8.54,2339.39,1972.25
000038.SZ,2004-08-31,8.68,8.98,8.62,8.72,5930.13,5202.28
000038.SZ,2004-09-01,8.7,8.7,8.39,8.4,2245.0,1906.89
000038.SZ,2004-09-02,8.35,8.68,8.35,8.67,1637.72,1401.3
000038.SZ,2004-09-03,8.6,8.73,8.53,8.65,1467.81,1264.03
000038.SZ,2004-09-06,8.52,8.68,8.46,8.54,1048.7,895.95
000038.SZ,2004-09-07,8.65,8.65,8.45,8.61,952.71,812.66
000038.SZ,2004-09-08,8.61,8.61,8.45,8.56,1032.0,877.34
000038.SZ,2004-09-09,8.61,8.61,8.2,8.31,2069.0,1739.52
000038.SZ,2004-09-10,8.25,8.37,8.15,8.26,1446.0,1191.14
000038.SZ,2004-09-13,8.23,8.3,7.9,7.91,2403.32,1931.26
000038.SZ,2004-09-14,8.0,8.37,8.0,8.25,2242.49,1845.42
000038.SZ,2004-09-15,8.3,8.92,8.23,8.72,7741.83,6736.16
000038.SZ,2004-09-16,8.69,9.59,8.68,9.59,15317.83,14119.4
000038.SZ,2004-09-17,9.6,9.75,9.35,9.74,16248.28,15506.17
000038.SZ,2004-09-20,9.7,10.28,9.46,10.08,15667.39,15553.05
000038.SZ,2004-09-21,10.0,10.4,9.76,10.08,13134.43,13331.2
000038.SZ,2004-09-22,10.08,10.16,9.5,9.56,9403.0,9256.53
000038.SZ,2004-09-23,9.5,9.97,9.5,9.96,5111.53,4981.97
000038.SZ,2004-09-24,9.91,10.18,9.6,9.65,10038.39,10015.18
000038.SZ,2004-09-27,9.7,9.9,9.2,9.25,5009.68,4759.31
000038.SZ,2004-09-28,9.26,9.4,9.15,9.32,2351.1,2183.41
000038.SZ,2004-09-29,9.25,9.43,9.2,9.41,2364.39,2210.1
000038.SZ,2004-09-30,9.35,9.35,8.8,8.95,3656.53,3309.34
000038.SZ,2004-10-08,8.95,9.46,8.9,9.41,3068.97,2810.53
000038.SZ,2004-10-11,9.45,9.97,9.21,9.5,7668.39,7361.01
000038.SZ,2004-10-12,9.5,9.6,9.35,9.37,3000.7,2840.56
000038.SZ,2004-10-13,9.35,9.89,9.19,9.79,4303.4,4130.38
000038.SZ,2004-10-14,9.89,9.89,8.98,9.02,3924.51,3670.95
000038.SZ,2004-10-15,8.97,9.15,8.63,8.86,3675.47,3246.17
000038.SZ,2004-10-18,9.0,9.12,8.85,9.02,2249.09,2023.71
000038.SZ,2004-10-19,9.08,9.59,9.0,9.04,3228.9,2987.74
000038.SZ,2004-10-20,9.09,9.09,8.68,8.95,2289.81,2020.61
000038.SZ,2004-10-21,8.98,9.69,8.83,9.49,16972.19,16030.41
000038.SZ,2004-10-22,9.33,9.62,8.99,9.39,12423.44,11608.12
000038.SZ,2004-10-25,9.39,9.5,9.13,9.16,4261.08,3980.36
000038.SZ,2004-10-26,9.05,9.2,8.8,9.15,4052.92,3663.09
000038.SZ,2004-10-27,9.16,9.45,9.15,9.44,4280.78,3996.49
000038.SZ,2004-10-28,9.42,9.79,9.06,9.39,11071.28,10624.86
000038.SZ,2004-10-29,9.0,9.41,8.82,9.17,3974.79,3656.66
000038.SZ,2004-11-01,9.08,9.3,9.08,9.12,1450.0,1331.47
000038.SZ,2004-11-02,9.12,9.12,8.9,9.1,3470.27,3120.98
000038.SZ,2004-11-03,9.2,9.3,9.02,9.3,1749.52,1606.53
000038.SZ,2004-11-04,9.34,9.7,9.2,9.22,9115.31,8685.12
000038.SZ,2004-11-05,9.18,9.48,9.16,9.26,2588.26,2404.57
000038.SZ,2004-11-08,9.3,9.75,9.3,9.7,9729.63,9347.83
000038.SZ,2004-11-09,9.75,9.75,9.52,9.74,6075.31,5864.77
000038.SZ,2004-11-10,9.74,10.65,9.52,10.44,18131.44,18276.97
000038.SZ,2004-11-11,10.8,11.21,10.6,10.63,35146.65,38284.57
000038.SZ,2004-11-12,10.5,10.77,10.21,10.33,9807.96,10241.57
000038.SZ,2004-11-15,10.43,10.68,10.33,10.5,6094.46,6384.53
000038.SZ,2004-11-16,10.52,10.52,10.16,10.22,6151.89,6290.84
000038.SZ,2004-11-17,10.19,10.4,10.17,10.27,4561.21,4686.76
000038.SZ,2004-11-18,10.27,10.38,10.21,10.35,3496.13,3595.75
000038.SZ,2004-11-19,10.39,10.44,10.18,10.23,3801.99,3908.53
000038.SZ,2004-11-22,10.25,10.62,10.2,10.53,8372.41,8684.22
000038.SZ,2004-11-23,10.53,10.53,10.26,10.3,3810.96,3942.44
000038.SZ,2004-11-24,10.3,10.35,9.88,9.89,6113.0,6140.28
000038.SZ,2004-11-25,9.88,10.09,9.73,9.93,5012.61,4950.24
000038.SZ,2004-11-26,9.91,10.22,9.86,9.93,2857.21,2867.09
000038.SZ,2004-11-29,9.95,10.0,9.8,9.84,1708.66,1692.6
000038.SZ,2004-11-30,9.85,9.99,9.82,9.98,1581.0,1565.54
000038.SZ,2004-12-01,9.95,10.03,9.9,9.92,954.8,950.98
000038.SZ,2004-12-02,10.0,10.07,9.82,10.06,2330.97,2326.13
000038.SZ,2004-12-03,10.1,10.35,10.06,10.1,3044.6,3091.53
000038.SZ,2004-12-06,10.2,10.2,9.88,9.9,2176.01,2171.46
000038.SZ,2004-12-07,9.9,9.92,9.58,9.59,3488.2,3387.79
000038.SZ,2004-12-08,9.65,9.8,9.5,9.56,1752.23,1684.44
000038.SZ,2004-12-09,9.54,9.7,9.35,9.59,2533.98,2410.15
000038.SZ,2004-12-10,9.58,9.58,9.22,9.25,1495.57,1399.75
000038.SZ,2004-12-13,9.02,9.15,8.85,9.12,1578.0,1425.76
000038.SZ,2004-12-14,9.12,9.18,9.0,9.01,1010.0,917.17
000038.SZ,2004-12-15,9.28,9.29,8.82,9.14,1384.75,1242.75
000038.SZ,2004-12-16,9.01,9.18,9.01,9.01,681.0,616.9
000038.SZ,2004-12-17,8.92,9.03,8.87,8.87,834.2,743.43
000038.SZ,2004-12-20,8.81,8.81,8.67,8.68,1289.02,1124.39
000038.SZ,2004-12-21,8.6,8.88,8.6,8.7,843.0,736.14
000038.SZ,2004-12-22,8.82,9.3,8.77,9.17,2231.35,2020.86
000038.SZ,2004-12-23,9.32,9.36,8.82,8.87,1408.01,1275.94
000038.SZ,2004-12-24,8.87,9.05,8.86,8.93,753.02,674.96
000038.SZ,2004-12-27,8.93,9.12,8.9,9.0,376.5,338.13
000038.SZ,2004-12-28,9.0,9.08,8.81,8.88,699.7,621.86
000038.SZ,2004-12-29,8.88,9.0,8.88,8.92,366.01,327.16
000038.SZ,2004-12-30,8.92,8.92,8.75,8.81,606.0,535.45
000038.SZ,2004-12-31,8.75,8.88,8.72,8.73,705.27,620.12
000038.SZ,2005-01-04,8.82,8.82,8.58,8.59,633.77,548.83
000038.SZ,2005-01-05,8.56,9.08,8.56,8.82,621.02,544.65
000038.SZ,2005-01-06,8.78,8.92,8.68,8.72,685.0,600.19
000038.SZ,2005-01-07,8.55,8.9,8.5,8.75,1043.89,911.2
000038.SZ,2005-01-10,8.88,8.89,8.63,8.8,667.36,585.34
000038.SZ,2005-01-11,8.8,8.83,8.7,8.8,429.4,376.87
000038.SZ,2005-01-12,8.8,8.8,8.65,8.68,680.0,591.25
000038.SZ,2005-01-13,8.65,9.17,8.62,9.05,3145.83,2811.83
000038.SZ,2005-01-14,8.99,9.15,8.85,8.98,1892.99,1698.43
000038.SZ,2005-01-17,8.85,9.24,8.8,9.24,6076.12,5520.98
000038.SZ,2005-01-18,9.35,9.5,9.21,9.3,7176.42,6693.07
000038.SZ,2005-01-19,9.12,9.24,8.99,9.06,2507.11,2274.93
000038.SZ,2005-01-20,9.26,9.26,8.63,8.69,3259.06,2876.11
000038.SZ,2005-01-21,8.85,8.85,8.18,8.67,2783.9,2393.46
000038.SZ,2005-01-24,8.98,9.09,8.79,8.95,1533.61,1367.79
000038.SZ,2005-01-25,8.8,8.9,8.7,8.89,1190.0,1043.15
000038.SZ,2005-01-26,8.91,8.92,8.6,8.7,800.0,697.28
000038.SZ,2005-01-27,8.55,8.66,8.3,8.31,1445.0,1221.34
000038.SZ,2005-01-28,8.22,8.4,8.22,8.29,872.95,722.85
000038.SZ,2005-01-31,7.89,7.89,7.46,7.46,2681.0,2005.36
000038.SZ,2005-02-01,7.26,7.26,6.71,6.71,5109.4,3528.61
000038.SZ,2005-02-02,6.63,7.18,6.51,7.14,6098.91,4184.27
000038.SZ,2005-02-03,7.15,7.15,6.74,6.77,3973.01,2740.66
000038.SZ,2005-02-04,6.7,6.95,6.63,6.86,2231.69,1521.74
000038.SZ,2005-02-16,6.94,7.13,6.88,7.06,2621.98,1851.78
000038.SZ,2005-02-17,7.06,7.3,7.06,7.25,2756.09,1993.67
000038.SZ,2005-02-18,7.2,7.25,7.09,7.15,1253.0,897.77
000038.SZ,2005-02-21,7.15,7.28,7.1,7.24,1491.1,1075.04
000038.SZ,2005-02-22,7.24,7.8,7.2,7.69,5373.7,4037.46
000038.SZ,2005-02-23,7.64,8.2,7.5,7.84,6658.24,5280.29
000038.SZ,2005-02-24,7.79,7.85,7.65,7.73,4002.55,3097.06
000038.SZ,2005-02-25,7.66,7.83,7.66,7.74,3227.39,2507.45
000038.SZ,2005-02-28,7.73,7.85,7.6,7.65,2041.5,1576.92
000038.SZ,2005-03-01,7.66,7.98,7.64,7.71,1896.7,1464.71
000038.SZ,2005-03-02,7.71,7.83,7.5,7.53,1820.0,1392.99
000038.SZ,2005-03-03,7.54,7.6,7.3,7.58,1517.59,1129.24
000038.SZ,2005-03-04,7.45,7.58,7.42,7.43,1375.3,1027.42
000038.SZ,2005-03-07,7.43,7.53,7.43,7.44,701.0,522.58
000038.SZ,2005-03-08,7.44,7.62,7.41,7.6,2781.73,2092.33
000038.SZ,2005-03-09,7.6,7.86,7.56,7.78,4025.2,3121.72
000038.SZ,2005-03-10,7.8,7.83,7.41,7.47,2950.0,2242.37
000038.SZ,2005-03-11,7.46,7.5,7.32,7.48,2500.3,1850.88
000038.SZ,2005-03-14,7.47,7.47,7.2,7.38,1699.4,1238.42
000038.SZ,2005-03-15,7.22,7.45,7.2,7.22,1160.27,841.98
000038.SZ,2005-03-16,7.23,7.29,7.15,7.19,1016.0,731.27
000038.SZ,2005-03-17,7.19,7.2,6.9,7.02,1393.7,981.11
000038.SZ,2005-03-18,7.05,7.13,6.67,6.71,1469.0,1002.72
000038.SZ,2005-03-21,6.72,6.81,6.6,6.78,893.37,601.19
000038.SZ,2005-03-22,6.78,6.78,6.42,6.42,1300.05,851.4
000038.SZ,2005-03-23,6.5,6.66,6.42,6.5,1116.19,729.65
000038.SZ,2005-03-24,6.56,6.67,6.5,6.62,754.6,494.73
000038.SZ,2005-03-25,6.55,6.65,6.52,6.59,558.0,368.02
000038.SZ,2005-03-28,6.56,6.6,6.22,6.37,1405.96,887.31
000038.SZ,2005-03-29,6.35,6.6,6.35,6.42,1265.22,818.44
000038.SZ,2005-03-30,6.2,6.79,6.2,6.38,2948.77,1929.26
000038.SZ,2005-03-31,6.35,6.99,6.2,6.98,5486.76,3661.81
000038.SZ,2005-04-01,6.9,7.2,6.63,7.05,7028.47,4837.37
000038.SZ,2005-04-04,6.95,6.95,6.69,6.7,2490.0,1691.55
000038.SZ,2005-04-05,6.69,6.98,6.69,6.72,2463.93,1683.24
000038.SZ,2005-04-06,6.67,6.75,6.43,6.57,2435.31,1601.21
000038.SZ,2005-04-07,6.65,7.08,6.62,6.9,6008.59,4156.46
000038.SZ,2005-04-08,6.91,7.53,6.9,7.22,9060.09,6555.49
000038.SZ,2005-04-11,7.25,7.48,7.09,7.13,4206.44,3042.05
000038.SZ,2005-04-12,7.1,7.25,7.01,7.02,2045.84,1460.82
000038.SZ,2005-04-13,7.0,7.28,7.0,7.25,3240.23,2338.75
000038.SZ,2005-04-14,7.35,7.63,7.12,7.13,8167.61,6065.56
000038.SZ,2005-04-15,7.16,7.26,6.96,7.1,4390.73,3121.47
000038.SZ,2005-04-18,7.07,7.07,6.39,6.41,5131.99,3345.63
000038.SZ,2005-04-19,5.81,6.19,5.81,5.99,4389.94,2614.92
000038.SZ,2005-04-20,5.96,5.96,5.8,5.85,1812.79,1059.97
000038.SZ,2005-04-21,5.8,5.8,5.3,5.35,2961.75,1609.94
000038.SZ,2005-04-22,5.3,5.62,5.2,5.47,3209.51,1757.76
000038.SZ,2005-04-25,5.23,5.45,5.12,5.19,2239.77,1177.35
000038.SZ,2005-04-26,5.19,5.4,5.18,5.34,1899.15,1005.8
000038.SZ,2005-04-27,5.26,5.34,5.0,5.01,1982.0,1038.85
000038.SZ,2005-04-28,5.01,5.3,4.6,5.26,4513.42,2257.05
000038.SZ,2005-04-29,5.18,5.25,5.01,5.03,2791.19,1423.1
000038.SZ,2005-05-09,5.1,5.1,4.63,4.81,1878.18,898.9
000038.SZ,2005-05-10,4.69,5.05,4.69,4.98,2468.05,1212.53
000038.SZ,2005-05-11,4.95,5.48,4.94,5.48,7202.41,3876.17
000038.SZ,2005-05-12,5.48,5.95,5.4,5.53,10934.23,6185.76
000038.SZ,2005-05-13,5.5,5.53,5.31,5.45,5091.3,2751.42
000038.SZ,2005-05-16,5.38,5.7,5.32,5.57,3977.06,2203.41
000038.SZ,2005-05-17,5.52,5.87,5.52,5.62,3695.54,2073.77
000038.SZ,2005-05-18,5.63,5.66,5.41,5.63,3286.1,1825.08
000038.SZ,2005-05-19,5.6,5.62,5.48,5.54,2122.0,1176.25
000038.SZ,2005-05-20,5.42,5.56,5.4,5.41,1829.0,1001.55
000038.SZ,2005-05-23,5.4,5.4,5.0,5.03,3093.39,1581.44
000038.SZ,2005-05-24,5.05,5.32,5.03,5.28,2586.69,1355.55
000038.SZ,2005-05-25,5.31,5.67,5.23,5.6,6214.95,3436.84
000038.SZ,2005-05-26,5.58,5.59,5.36,5.46,3354.15,1837.83
000038.SZ,2005-05-27,5.27,5.58,5.27,5.43,2262.4,1241.11
000038.SZ,2005-05-30,5.42,5.63,5.38,5.61,2448.16,1362.14
000038.SZ,2005-05-31,5.63,5.66,5.52,5.6,1728.86,965.21
000038.SZ,2005-06-01,5.56,5.6,5.39,5.47,1489.24,808.0
000038.SZ,2005-06-02,5.47,5.55,5.38,5.43,1421.43,776.07
000038.SZ,2005-06-03,5.41,5.57,5.38,5.46,1347.2,737.44
000038.SZ,2005-06-06,5.5,5.94,5.5,5.89,8446.83,4812.79
000038.SZ,2005-06-07,5.85,6.1,5.72,5.77,8451.2,4976.54
000038.SZ,2005-06-08,5.72,6.33,5.72,6.28,9428.96,5700.03
000038.SZ,2005-06-09,6.28,6.55,6.05,6.34,11226.6,7074.47
000038.SZ,2005-06-10,6.29,6.4,6.1,6.15,4718.1,2946.97
000038.SZ,2005-06-13,6.15,6.29,6.07,6.19,2926.72,1805.27
000038.SZ,2005-06-14,6.21,6.3,5.93,5.93,2559.0,1561.48
000038.SZ,2005-06-15,5.81,5.93,5.68,5.7,1971.88,1137.94
000038.SZ,2005-06-16,5.6,5.87,5.6,5.86,3004.23,1731.81
000038.SZ,2005-06-17,5.71,5.87,5.6,5.6,2599.0,1477.97
000038.SZ,2005-06-20,5.65,6.16,5.63,6.16,4920.5,2940.85
000038.SZ,2005-06-21,6.28,6.62,6.1,6.17,17966.68,11448.61
000038.SZ,2005-06-22,6.13,6.21,5.97,6.14,5099.5,3094.01
000038.SZ,2005-06-23,6.1,6.28,6.0,6.06,4627.18,2859.92
000038.SZ,2005-06-24,5.92,6.18,5.92,6.17,2845.11,1731.15
000038.SZ,2005-06-27,6.26,6.53,6.2,6.34,8654.0,5505.86
000038.SZ,2005-06-28,6.28,6.28,6.04,6.08,3922.96,2398.27
000038.SZ,2005-07-04,5.47,5.55,5.47,5.47,1325.0,725.04
000038.SZ,2005-07-05,5.17,5.27,5.01,5.13,6209.73,3186.39
000038.SZ,2005-07-06,5.13,5.22,5.07,5.07,2077.3,1066.77
000038.SZ,2005-07-07,5.06,5.25,5.06,5.15,1590.57,822.18
000038.SZ,2005-07-08,5.1,5.1,4.76,4.91,3264.89,1595.26
000038.SZ,2005-07-11,4.95,5.18,4.82,4.85,2094.52,1054.96
000038.SZ,2005-07-12,4.85,5.14,4.78,5.06,2523.18,1265.74
000038.SZ,2005-07-13,5.13,5.25,5.06,5.23,3545.51,1823.87
000038.SZ,2005-07-14,5.2,5.25,5.02,5.03,2496.94,1286.59
000038.SZ,2005-07-15,5.0,5.19,4.91,4.93,2058.0,1030.84
000038.SZ,2005-07-18,4.7,4.8,4.44,4.44,3484.05,1556.42
000038.SZ,2005-07-19,4.2,4.44,4.11,4.44,3700.88,1585.26
000038.SZ,2005-07-20,4.31,4.46,4.25,4.37,2237.41,978.66
000038.SZ,2005-07-21,4.38,4.39,4.25,4.37,1467.03,632.18
000038.SZ,2005-07-22,4.38,4.56,4.37,4.49,2924.93,1312.39
000038.SZ,2005-07-25,4.45,4.54,4.4,4.49,1462.45,655.33
000038.SZ,2005-07-26,4.51,4.69,4.46,4.64,3768.73,1737.85
000038.SZ,2005-07-27,4.62,4.95,4.58,4.87,3802.86,1802.1
000038.SZ,2005-07-28,4.72,4.94,4.72,4.74,3358.99,1621.44
000038.SZ,2005-07-29,4.74,4.8,4.65,4.73,2419.0,1143.73
000038.SZ,2005-08-01,4.7,4.78,4.66,4.72,1591.99,749.15
000038.SZ,2005-08-02,4.72,5.08,4.63,5.04,5522.98,2684.17
000038.SZ,2005-08-03,5.08,5.54,5.05,5.43,19059.89,10304.87
000038.SZ,2005-08-04,5.18,5.3,5.15,5.22,8020.55,4179.43
000038.SZ,2005-08-05,5.2,5.34,5.18,5.33,5893.66,3094.12
000038.SZ,2005-08-08,5.33,5.47,5.25,5.39,6197.45,3324.81
000038.SZ,2005-08-09,5.37,5.61,5.27,5.6,7729.42,4213.89
000038.SZ,2005-08-10,5.58,5.64,5.38,5.55,6345.31,3502.93
000038.SZ,2005-08-11,5.53,5.84,5.48,5.74,9737.5,5533.22
000038.SZ,2005-08-12,5.76,6.3,5.66,5.96,19847.02,11953.72
000038.SZ,2005-08-15,5.88,6.19,5.81,6.18,10487.17,6301.13
000038.SZ,2005-08-16,6.23,6.5,6.11,6.38,14815.02,9376.94
000038.SZ,2005-08-17,6.32,6.98,6.11,6.93,21386.79,14396.55
000038.SZ,2005-08-18,6.93,7.44,6.24,6.27,25839.61,18267.62
000038.SZ,2005-08-19,6.2,6.4,5.7,5.98,15405.94,9322.16
000038.SZ,2005-08-22,5.9,6.13,5.78,6.02,6358.89,3772.82
000038.SZ,2005-08-23,6.0,6.0,5.78,5.78,4105.6,2402.46
000038.SZ,2005-08-24,5.8,6.15,5.79,6.03,7660.19,4611.87
000038.SZ,2005-08-25,6.05,6.55,6.05,6.4,10851.3,6872.14
000038.SZ,2005-08-26,6.3,6.59,6.11,6.24,8705.58,5461.96
000038.SZ,2005-08-29,6.16,6.5,6.05,6.26,5669.58,3557.42
000038.SZ,2005-08-30,6.16,6.24,6.03,6.04,4679.15,2853.89
000038.SZ,2005-08-31,5.98,6.2,5.9,6.19,5212.54,3166.49
000038.SZ,2005-09-01,6.19,6.35,6.11,6.33,5360.2,3362.55
000038.SZ,2005-09-02,6.33,6.43,6.27,6.4,6846.65,4357.82
000038.SZ,2005-09-05,6.49,6.59,6.32,6.51,5667.59,3667.29
000038.SZ,2005-09-06,6.51,6.67,6.18,6.21,7922.37,5141.81
000038.SZ,2005-09-07,6.21,6.43,6.2,6.42,6420.56,4044.2
000038.SZ,2005-09-08,6.42,6.48,6.24,6.34,4620.13,2924.07
000038.SZ,2005-09-09,6.34,6.43,6.28,6.3,2788.73,1766.16
000038.SZ,2005-09-12,6.28,6.29,6.13,6.16,2601.22,1606.63
000038.SZ,2005-09-13,6.2,6.6,6.18,6.51,8080.12,5217.4
000038.SZ,2005-09-14,6.4,6.8,6.4,6.7,11955.16,7985.9
000038.SZ,2005-09-15,6.7,6.79,6.59,6.73,4755.01,3189.08
000038.SZ,2005-09-16,6.72,6.75,6.58,6.71,4773.92,3183.37
000038.SZ,2005-09-19,6.7,6.95,6.6,6.89,6182.51,4189.28
000038.SZ,2005-09-20,6.89,6.99,6.67,6.87,11661.7,7998.18
000038.SZ,2005-09-21,6.8,6.92,6.57,6.57,5664.52,3795.16
000038.SZ,2005-09-22,6.5,6.64,6.2,6.28,5492.75,3497.08
000038.SZ,2005-09-23,6.24,6.35,6.18,6.19,3195.27,2005.71
000038.SZ,2005-09-26,6.26,6.36,6.09,6.33,3033.08,1888.4
000038.SZ,2005-09-27,6.33,6.33,6.09,6.15,3670.22,2271.11
000038.SZ,2005-09-28,6.15,6.48,6.11,6.47,10320.96,6611.38
000038.SZ,2005-09-29,6.5,6.8,6.39,6.65,13682.38,9052.36
000038.SZ,2005-09-30,6.62,6.62,6.27,6.27,6182.09,3932.67
000038.SZ,2005-10-10,6.26,6.26,5.9,6.11,4022.65,2452.25
000038.SZ,2005-10-11,6.09,6.25,6.06,6.22,2123.52,1305.92
000038.SZ,2005-10-12,6.21,6.25,6.12,6.21,2122.25,1311.26
000038.SZ,2005-10-13,6.15,6.28,6.15,6.19,2599.36,1610.44
000038.SZ,2005-10-14,6.15,6.28,6.01,6.27,4021.1,2477.44
000038.SZ,2005-10-17,6.25,6.37,6.16,6.3,6310.58,3951.78
000038.SZ,2005-10-18,6.3,6.5,6.25,6.5,9538.77,6114.9
000038.SZ,2005-10-19,6.5,6.85,6.46,6.76,21105.4,14144.16
000038.SZ,2005-10-20,6.88,7.0,6.54,6.79,23416.84,15924.5
000038.SZ,2005-10-21,6.75,6.75,6.46,6.58,8967.58,5886.5
000038.SZ,2005-10-24,6.6,6.78,6.43,6.67,8453.6,5599.2
000038.SZ,2005-10-25,6.62,6.68,6.23,6.3,5957.75,3855.53
000038.SZ,2005-10-26,6.25,6.25,5.93,6.05,6568.93,4010.62
000038.SZ,2005-10-27,6.0,6.1,5.88,5.91,5273.7,3157.03
000038.SZ,2005-10-28,6.0,6.0,5.33,5.59,4174.61,2380.45
000038.SZ,2005-10-31,5.5,5.69,5.4,5.6,2742.15,1532.0
000038.SZ,2005-11-01,5.6,5.66,5.44,5.65,2379.76,1313.29
000038.SZ,2005-11-02,5.6,5.99,5.53,5.93,3540.66,2070.85
000038.SZ,2005-11-03,5.85,5.9,5.71,5.76,2551.0,1482.0
000038.SZ,2005-11-04,5.66,5.85,5.66,5.78,1044.99,600.82
000038.SZ,2005-11-07,5.78,5.83,5.67,5.82,1180.0,677.91
000038.SZ,2005-11-08,5.81,5.99,5.8,5.96,2710.66,1602.75
000038.SZ,2005-11-09,5.96,6.08,5.82,5.91,3471.58,2063.31
000038.SZ,2005-11-10,5.91,5.91,5.63,5.63,2116.29,1216.63
000038.SZ,2005-11-11,5.63,5.75,5.53,5.7,1667.01,942.31
000038.SZ,2005-11-14,5.6,5.86,5.6,5.85,1229.29,705.62
000038.SZ,2005-11-15,5.86,6.06,5.8,5.94,5177.06,3087.27
000038.SZ,2005-11-16,5.94,5.95,5.7,5.93,2028.74,1175.34
000038.SZ,2005-11-17,5.85,5.98,5.84,5.9,2064.69,1218.69
000038.SZ,2005-11-18,5.9,6.1,5.85,6.07,3939.2,2372.53
000038.SZ,2005-11-21,6.08,6.15,6.01,6.07,2708.79,1643.58
000038.SZ,2005-11-22,6.12,6.12,5.85,5.85,1562.0,926.77
000038.SZ,2005-11-23,5.82,6.0,5.8,5.9,1009.18,597.2
000038.SZ,2005-11-24,5.91,6.05,5.91,5.93,1359.5,810.12
000038.SZ,2005-11-25,5.92,5.96,5.8,5.94,863.0,506.88
000038.SZ,2005-11-28,5.83,5.96,5.81,5.85,911.98,533.74
000038.SZ,2005-11-29,5.82,5.89,5.75,5.82,1111.1,645.41
000038.SZ,2005-11-30,5.83,6.0,5.75,5.99,2260.81,1332.18
000038.SZ,2005-12-01,5.99,6.02,5.8,5.94,1446.06,856.63
000038.SZ,2005-12-02,5.83,5.94,5.66,5.75,1483.62,856.15
000038.SZ,2005-12-05,5.67,5.67,5.34,5.5,1685.0,937.99
000038.SZ,2005-12-06,5.39,5.78,5.38,5.6,1261.0,697.87
000038.SZ,2005-12-07,5.48,5.64,5.48,5.6,682.99,379.04
000038.SZ,2005-12-08,5.52,5.61,5.41,5.46,1214.89,665.26
000038.SZ,2005-12-09,5.45,5.67,5.4,5.62,1568.36,867.74
000038.SZ,2005-12-12,5.67,5.93,5.6,5.9,4635.86,2705.13
000038.SZ,2005-12-13,5.9,5.9,5.4,5.8,1057.0,606.22
000038.SZ,2005-12-14,5.72,5.86,5.67,5.82,1294.47,751.03
000038.SZ,2005-12-15,5.86,5.86,5.71,5.71,1163.49,669.79
000038.SZ,2005-12-16,5.68,5.93,5.61,5.84,2272.01,1325.57
000038.SZ,2005-12-19,5.91,5.92,5.7,5.74,1339.99,769.55
000038.SZ,2005-12-20,5.69,5.82,5.65,5.78,1727.0,985.97
000038.SZ,2005-12-21,5.73,5.79,5.59,5.61,2027.34,1146.83
000038.SZ,2005-12-22,5.63,5.67,5.56,5.61,1145.74,643.38
000038.SZ,2005-12-23,5.61,5.7,5.6,5.65,932.2,525.13
000038.SZ,2005-12-26,5.72,5.79,5.64,5.66,1955.0,1108.15
000038.SZ,2005-12-27,5.63,5.66,5.58,5.62,1213.0,681.39
000038.SZ,2005-12-28,5.62,5.71,5.6,5.68,2375.27,1341.19
000038.SZ,2005-12-29,5.69,5.74,5.66,5.73,2498.84,1427.56
000038.SZ,2005-12-30,5.7,5.75,5.56,5.57,1727.0,973.32
000038.SZ,2006-01-04,5.58,5.68,5.56,5.63,1111.0,625.41
000038.SZ,2006-01-05,5.65,5.76,5.65,5.74,2846.4,1626.49
000038.SZ,2006-01-06,5.74,5.89,5.65,5.84,5659.71,3287.33
000038.SZ,2006-01-09,5.82,5.94,5.75,5.93,4274.21,2491.15
000038.SZ,2006-01-10,5.88,5.98,5.82,5.92,3310.3,1953.12
000038.SZ,2006-01-11,5.93,5.95,5.74,5.81,2791.0,1629.04
000038.SZ,2006-01-12,5.77,5.92,5.77,5.92,4733.15,2778.3
000038.SZ,2006-01-13,5.95,6.12,5.92,6.07,7453.89,4493.24
000038.SZ,2006-01-16,6.05,6.05,5.84,5.87,3676.0,2177.93
000038.SZ,2006-01-17,5.86,5.91,5.77,5.79,2676.28,1555.48
000038.SZ,2006-01-18,5.81,6.0,5.79,5.94,2178.4,1291.6
000038.SZ,2006-01-19,5.99,5.99,5.81,5.92,2443.04,1437.42
000038.SZ,2006-01-20,5.92,5.92,5.75,5.79,3940.51,2286.91
000038.SZ,2006-01-23,5.79,5.84,5.6,5.62,5370.99,3036.55
000038.SZ,2006-01-24,5.62,5.7,5.51,5.65,3669.54,2048.47
000038.SZ,2006-01-25,5.66,5.76,5.55,5.65,2512.34,1423.43
000038.SZ,2006-02-06,5.64,5.73,5.55,5.72,2147.71,1224.5
000038.SZ,2006-02-07,5.75,5.8,5.65,5.75,2667.41,1529.79
000038.SZ,2006-02-08,5.72,5.92,5.68,5.91,3467.96,2006.22
000038.SZ,2006-02-09,5.87,5.87,5.72,5.75,2298.0,1329.08
000038.SZ,2006-02-10,5.78,5.79,5.68,5.7,1525.0,871.74
000038.SZ,2006-02-13,5.7,5.79,5.53,5.65,1720.0,970.52
000038.SZ,2006-02-14,5.6,5.73,5.6,5.69,1535.03,873.48
000038.SZ,2006-02-15,5.65,5.73,5.65,5.73,1976.16,1124.52
000038.SZ,2006-02-16,5.75,5.93,5.68,5.87,10308.12,6034.56
000038.SZ,2006-02-17,5.85,6.12,5.8,6.05,16563.14,9997.57
000038.SZ,2006-02-20,6.04,6.22,5.94,6.06,11219.84,6843.53
000038.SZ,2006-02-21,6.03,6.25,5.85,6.24,11642.27,7084.74
000038.SZ,2006-02-22,6.33,6.45,6.11,6.35,16190.13,10188.88
000038.SZ,2006-02-23,6.45,6.48,6.23,6.3,6006.06,3780.14
000038.SZ,2006-02-24,6.29,6.29,6.11,6.24,4237.01,2623.98
000038.SZ,2006-02-27,6.24,6.31,6.12,6.15,3652.1,2271.74
000038.SZ,2006-02-28,6.22,6.22,5.98,6.12,3939.96,2386.42
000038.SZ,2006-03-01,6.1,6.18,6.06,6.11,3041.45,1857.28
000038.SZ,2006-03-02,6.14,6.14,5.9,6.02,5433.24,3280.02
000038.SZ,2006-03-03,6.03,6.5,6.03,6.31,13695.16,8612.99
000038.SZ,2006-03-06,6.25,6.38,6.15,6.17,4237.71,2638.79
000038.SZ,2006-03-07,6.18,6.18,5.71,5.81,5751.7,3402.4
000038.SZ,2006-03-08,5.74,5.78,5.5,5.66,4304.75,2414.31
000038.SZ,2006-03-09,5.61,5.68,5.6,5.61,2163.9,1216.78
000038.SZ,2006-03-10,5.66,5.71,5.55,5.58,1864.75,1045.01
000038.SZ,2006-03-13,5.59,5.65,5.52,5.6,1594.99,889.92
000038.SZ,2006-03-14,5.63,5.65,5.54,5.65,1515.57,845.78
000038.SZ,2006-03-15,5.68,5.79,5.65,5.7,2054.34,1167.03
000038.SZ,2006-03-16,5.71,5.74,5.62,5.65,1358.07,768.96
000038.SZ,2006-03-17,5.65,5.74,5.6,5.7,2136.85,1210.47
000038.SZ,2006-03-20,5.66,5.78,5.6,5.76,2005.77,1145.08
000038.SZ,2006-03-21,5.76,5.78,5.68,5.71,2595.88,1484.22
000038.SZ,2006-03-22,5.66,5.75,5.6,5.74,2293.67,1297.01
000038.SZ,2006-03-23,5.7,5.82,5.63,5.76,2353.56,1350.75
000038.SZ,2006-03-24,5.7,5.75,5.65,5.68,1657.32,942.52
000038.SZ,2006-03-27,5.66,5.7,5.49,5.61,3483.69,1938.08
000038.SZ,2006-03-28,5.6,5.68,5.58,5.67,1964.42,1107.02
000038.SZ,2006-03-29,5.67,5.73,5.63,5.69,3291.32,1871.79
000038.SZ,2006-03-30,5.65,5.65,5.54,5.55,2844.0,1587.22
000038.SZ,2006-03-31,5.56,5.57,5.51,5.54,2471.33,1368.28
000038.SZ,2006-04-03,5.52,5.57,5.4,5.5,3810.07,2085.53
000038.SZ,2006-04-04,5.5,5.57,5.4,5.53,4369.83,2380.43
000038.SZ,2006-04-05,5.52,5.67,5.51,5.63,3937.36,2204.25
000038.SZ,2006-04-06,5.62,5.78,5.56,5.58,5373.28,3050.27
000038.SZ,2006-04-07,5.56,5.58,5.48,5.54,3988.53,2199.91
000038.SZ,2006-04-10,5.54,5.69,5.51,5.69,4106.45,2309.01
000038.SZ,2006-04-11,5.69,5.74,5.6,5.69,4727.49,2687.85
000038.SZ,2006-04-12,5.69,5.84,5.67,5.8,6605.89,3819.74
000038.SZ,2006-04-13,5.68,5.68,5.22,5.22,12142.61,6472.83
000038.SZ,2006-04-14,5.0,5.0,4.71,4.87,15078.98,7270.18
000038.SZ,2006-04-17,4.82,4.85,4.76,4.81,8163.78,3923.1
000038.SZ,2006-04-18,4.8,4.87,4.8,4.85,4883.32,2359.77
000038.SZ,2006-04-19,4.83,4.86,4.52,4.53,11393.93,5251.34
000038.SZ,2006-04-20,4.51,4.53,4.21,4.26,11016.59,4794.67
000038.SZ,2006-04-21,4.21,4.39,4.21,4.35,7319.1,3149.59
000038.SZ,2006-04-24,4.29,4.3,3.92,3.92,6526.0,2626.65
000038.SZ,2006-04-25,3.82,3.9,3.53,3.76,8874.97,3257.1
000038.SZ,2006-04-26,3.68,3.84,3.65,3.77,6783.68,2540.24
000038.SZ,2006-04-27,3.76,3.97,3.76,3.9,8921.14,3467.22
000038.SZ,2006-04-28,3.87,3.87,3.76,3.79,6538.22,2483.73
000038.SZ,2006-05-09,3.65,3.65,3.6,3.6,5497.0,1983.7
000038.SZ,2006-05-10,3.5,3.78,3.48,3.78,11634.82,4233.86
000038.SZ,2006-05-11,3.85,3.96,3.79,3.8,14677.89,5686.81
000038.SZ,2006-05-12,3.8,3.99,3.75,3.99,11260.98,4394.23
000038.SZ,2006-05-15,4.1,4.16,3.91,4.03,11616.53,4646.09
000038.SZ,2006-05-16,4.08,4.2,3.88,4.03,14338.16,5733.39
000038.SZ,2006-05-17,4.18,4.18,3.99,4.05,10311.64,4203.28
000038.SZ,2006-05-18,4.08,4.25,4.02,4.25,13351.3,5530.18
000038.SZ,2006-05-19,4.43,4.45,4.2,4.45,15857.22,6958.29
000038.SZ,2006-05-22,4.6,4.66,4.5,4.66,18782.73,8680.15
000038.SZ,2006-05-23,4.88,4.89,4.66,4.89,30018.29,14603.9
000038.SZ,2006-05-24,5.1,5.13,4.78,4.84,37572.7,18879.19
000038.SZ,2006-05-25,4.84,5.07,4.6,5.07,25136.18,11840.81
000038.SZ,2006-05-26,5.21,5.25,4.82,5.17,40424.06,20196.69
000038.SZ,2006-05-29,5.16,5.43,5.05,5.43,32862.99,17171.32
000038.SZ,2006-05-30,5.4,5.5,5.21,5.34,12484.92,6690.27
000038.SZ,2006-05-31,5.34,5.51,5.28,5.35,10860.95,5858.02
000038.SZ,2006-06-01,5.35,5.62,5.31,5.62,17133.35,9353.28
000038.SZ,2006-06-02,5.6,5.83,5.47,5.63,10769.55,6022.23
000038.SZ,2006-06-05,5.55,5.75,5.55,5.75,8583.63,4879.31
000038.SZ,2006-06-06,5.7,6.04,5.68,6.02,10758.89,6367.47
000038.SZ,2006-06-07,6.03,6.15,5.72,5.72,7361.0,4314.82
000038.SZ,2006-06-08,5.43,5.49,5.43,5.43,2307.0,1255.98
000038.SZ,2006-06-12,5.16,5.16,5.16,5.16,356.0,183.7
000038.SZ,2006-06-13,4.9,5.1,4.9,4.9,8907.04,4381.53
000038.SZ,2006-06-14,4.7,4.85,4.66,4.67,10815.63,5054.71
000038.SZ,2006-06-15,4.78,4.78,4.58,4.68,3814.39,1785.97
000038.SZ,2006-06-16,4.66,4.84,4.66,4.8,4591.77,2179.41
000038.SZ,2006-06-19,4.75,4.85,4.65,4.83,4944.0,2358.54
000038.SZ,2006-06-20,4.88,4.88,4.76,4.87,3238.31,1562.56
000038.SZ,2006-06-21,4.65,4.75,4.63,4.64,7452.23,3469.4
000038.SZ,2006-06-22,4.68,4.69,4.53,4.58,3939.0,1818.71
000038.SZ,2006-06-23,4.52,4.71,4.51,4.66,3567.4,1643.49
000038.SZ,2006-06-26,4.66,4.88,4.66,4.88,5227.44,2479.7
000038.SZ,2006-06-27,4.89,5.12,4.89,5.12,9760.68,4949.65
000038.SZ,2006-06-28,5.14,5.37,5.03,5.36,9200.7,4878.42
000038.SZ,2006-06-29,5.63,5.63,5.38,5.63,9750.83,5460.33
000038.SZ,2006-06-30,5.89,5.91,5.76,5.91,17463.33,10259.71
000038.SZ,2006-07-03,5.96,6.06,5.77,5.95,20879.42,12335.34
000038.SZ,2006-07-04,6.16,6.16,5.8,5.83,17940.7,10691.88
000038.SZ,2006-07-05,5.96,6.01,5.8,5.96,11383.28,6746.24
000038.SZ,2006-07-06,6.08,6.08,5.88,6.02,10746.12,6409.99
000038.SZ,2006-07-07,6.03,6.1,5.96,5.98,16927.33,10243.29
000038.SZ,2006-07-10,5.96,6.07,5.87,6.04,8028.16,4780.91
000038.SZ,2006-07-11,6.02,6.11,5.85,6.11,8952.83,5343.44
000038.SZ,2006-07-12,6.15,6.42,6.11,6.42,15961.57,9993.71
000038.SZ,2006-07-13,6.54,6.55,6.1,6.1,13538.83,8653.43
000038.SZ,2006-07-14,5.8,5.8,5.8,5.8,2891.0,1676.78
000038.SZ,2006-07-17,5.53,6.09,5.51,6.0,10761.83,6207.68
000038.SZ,2006-07-18,5.95,6.07,5.79,5.91,4577.83,2698.94
000038.SZ,2006-07-19,5.8,5.89,5.61,5.61,4890.0,2779.24
000038.SZ,2006-07-20,5.41,5.7,5.41,5.56,4559.77,2532.27
000038.SZ,2006-07-21,5.47,5.79,5.47,5.63,2635.6,1492.26
000038.SZ,2006-07-24,5.55,5.62,5.42,5.57,3441.67,1896.92
000038.SZ,2006-07-25,5.6,5.7,5.55,5.64,2764.94,1560.05
000038.SZ,2006-07-26,5.67,5.7,5.59,5.68,2746.9,1548.93
000038.SZ,2006-07-27,5.68,5.88,5.61,5.82,4096.86,2364.64
000038.SZ,2006-07-28,5.82,5.88,5.53,5.54,5156.01,2889.29
000038.SZ,2006-07-31,5.48,5.49,5.26,5.26,3317.0,1762.73
000038.SZ,2006-08-01,5.05,5.2,5.0,5.0,5933.5,2978.25
000038.SZ,2006-08-02,5.0,5.05,4.8,4.88,3097.95,1519.34
000038.SZ,2006-08-03,4.85,5.05,4.85,5.01,2298.0,1142.42
000038.SZ,2006-08-04,5.01,5.02,4.81,4.81,2420.0,1196.08
000038.SZ,2006-08-07,4.83,4.83,4.66,4.71,1708.0,815.37
000038.SZ,2006-08-08,4.7,4.95,4.7,4.9,2018.48,980.11
000038.SZ,2006-08-09,4.89,4.89,4.76,4.82,1728.9,834.49
000038.SZ,2006-08-10,4.84,4.98,4.83,4.94,1467.07,721.69
000038.SZ,2006-08-11,4.9,4.99,4.88,4.98,1469.78,726.45
000038.SZ,2006-08-14,5.03,5.1,4.93,4.95,1891.0,944.73
000038.SZ,2006-08-15,4.92,5.02,4.92,5.01,2040.59,1014.31
000038.SZ,2006-08-16,4.99,5.14,4.97,5.04,1697.01,852.99
000038.SZ,2006-08-17,5.04,5.04,4.79,4.92,2907.83,1419.63
000038.SZ,2006-08-18,4.9,4.95,4.86,4.91,1867.0,916.6
000038.SZ,2006-08-21,4.7,4.88,4.68,4.88,2210.86,1055.93
000038.SZ,2006-08-22,4.88,5.0,4.85,4.99,1835.6,905.6
000038.SZ,2006-08-23,4.98,5.02,4.92,4.94,1254.0,622.96
000038.SZ,2006-08-24,4.97,5.0,4.86,4.98,1368.8,678.13
000038.SZ,2006-08-25,4.99,5.02,4.94,4.99,1580.37,786.53
000038.SZ,2006-08-28,4.95,5.06,4.87,5.05,3491.89,1743.25
000038.SZ,2006-08-29,5.04,5.17,5.01,5.06,3567.13,1814.64
000038.SZ,2006-08-30,5.05,5.14,4.96,5.1,2236.0,1124.77
000038.SZ,2006-08-31,5.1,5.1,5.03,5.04,1225.77,619.86
000038.SZ,2006-09-01,5.04,5.24,5.04,5.17,4515.77,2315.78
000038.SZ,2006-09-04,5.17,5.24,5.1,5.2,2856.86,1479.97
000038.SZ,2006-09-05,5.19,5.23,5.14,5.23,2059.8,1067.46
000038.SZ,2006-09-06,5.25,5.38,5.18,5.36,4066.91,2152.02
000038.SZ,2006-09-07,5.34,5.38,5.13,5.17,3022.5,1580.21
000038.SZ,2006-09-08,5.17,5.25,5.11,5.23,1885.11,981.75
000038.SZ,2006-09-11,5.24,5.3,5.13,5.21,1811.8,940.6
000038.SZ,2006-09-12,5.25,5.32,5.19,5.26,1995.0,1045.81
000038.SZ,2006-09-13,5.27,5.36,5.2,5.26,2896.45,1530.93
000038.SZ,2006-09-14,5.24,5.27,5.14,5.27,2236.65,1166.43
000038.SZ,2006-09-15,5.2,5.32,5.2,5.27,2235.57,1180.16
000038.SZ,2006-09-18,5.28,5.39,5.28,5.37,1857.53,994.13
000038.SZ,2006-09-19,5.38,5.42,5.31,5.33,3066.04,1645.93
000038.SZ,2006-09-20,5.25,5.39,5.25,5.35,2123.69,1132.42
000038.SZ,2006-09-21,5.35,5.4,5.29,5.4,3438.4,1836.71
000038.SZ,2006-09-22,5.41,5.59,5.32,5.44,3943.67,2157.87
000038.SZ,2006-09-25,5.43,5.71,5.38,5.66,6855.75,3872.26
000038.SZ,2006-09-26,5.66,5.7,5.48,5.55,3028.65,1684.83
000038.SZ,2006-09-27,5.38,5.66,5.31,5.58,5242.94,2897.94
000038.SZ,2006-09-28,5.61,5.86,5.6,5.86,13369.63,7775.34
000038.SZ,2006-09-29,5.81,5.9,5.7,5.75,7179.4,4146.16
000038.SZ,2006-10-09,5.79,6.0,5.73,5.83,5675.31,3321.28
000038.SZ,2006-10-10,5.87,5.87,5.62,5.7,5441.61,3115.45
000038.SZ,2006-10-11,5.69,5.75,5.65,5.72,2116.0,1204.72
000038.SZ,2006-10-12,5.68,5.75,5.58,5.59,3579.5,2012.31
000038.SZ,2006-10-13,5.58,5.81,5.57,5.73,5113.1,2939.48
000038.SZ,2006-10-16,5.73,5.96,5.69,5.92,6002.31,3491.8
000038.SZ,2006-10-17,5.9,5.93,5.81,5.82,3961.0,2320.01
000038.SZ,2006-10-18,5.82,5.86,5.75,5.81,2219.52,1282.27
000038.SZ,2006-10-19,5.83,5.83,5.7,5.71,3717.5,2134.95
000038.SZ,2006-10-20,5.71,5.8,5.42,5.43,5247.78,2906.79
000038.SZ,2006-10-23,5.47,5.61,5.17,5.28,4245.83,2254.59
000038.SZ,2006-10-24,5.28,5.39,5.28,5.35,2424.4,1292.2
000038.SZ,2006-10-25,5.39,5.39,5.13,5.18,2850.05,1490.53
000038.SZ,2006-10-26,5.16,5.19,5.07,5.07,3613.0,1852.59
000038.SZ,2006-10-27,4.82,5.15,4.82,5.1,5693.7,2799.77
000038.SZ,2006-10-30,5.1,5.12,4.85,4.92,2962.85,1467.74
000038.SZ,2006-10-31,4.9,4.94,4.85,4.89,2939.29,1440.63
000038.SZ,2006-11-01,4.86,5.13,4.86,5.13,3882.02,1958.31
000038.SZ,2006-11-02,5.15,5.19,5.05,5.07,2612.59,1336.81
000038.SZ,2006-11-03,5.0,5.16,4.9,5.12,2058.0,1034.7
000038.SZ,2006-11-06,5.0,5.1,4.95,5.06,1393.57,698.96
000038.SZ,2006-11-07,5.06,5.06,4.81,4.81,2904.0,1404.74
000038.SZ,2006-11-08,4.61,4.76,4.6,4.68,2915.31,1366.07
000038.SZ,2006-11-09,4.7,4.88,4.67,4.79,2419.31,1161.87
000038.SZ,2006-11-10,4.8,4.82,4.56,4.61,2432.9,1137.66
000038.SZ,2006-11-13,4.55,4.55,4.38,4.38,5605.0,2473.87
000038.SZ,2006-11-14,4.35,4.41,4.17,4.4,2439.21,1048.56
000038.SZ,2006-11-15,4.38,4.48,4.3,4.4,1573.87,690.64
000038.SZ,2006-11-16,4.42,4.48,4.32,4.42,1967.31,862.07
000038.SZ,2006-11-17,4.4,4.56,4.33,4.48,2910.95,1296.14
000038.SZ,2006-11-20,4.42,4.5,4.31,4.39,1669.76,729.49
000038.SZ,2006-11-21,4.39,4.45,4.32,4.34,1194.3,521.65
000038.SZ,2006-11-22,4.34,4.42,4.3,4.38,2119.01,924.89
000038.SZ,2006-11-23,4.39,4.44,4.36,4.43,1469.9,646.49
000038.SZ,2006-11-24,4.4,4.45,4.22,4.34,4280.61,1853.82
000038.SZ,2006-11-27,4.3,4.39,4.22,4.39,3639.84,1562.35
000038.SZ,2006-11-28,4.38,4.54,4.35,4.51,4673.24,2086.05
000038.SZ,2006-11-29,4.5,4.74,4.4,4.74,6472.94,3028.83
000038.SZ,2006-11-30,4.88,4.94,4.77,4.77,5461.59,2622.37
000038.SZ,2006-12-01,4.72,4.72,4.53,4.57,4628.59,2120.54
000038.SZ,2006-12-04,4.58,4.59,4.35,4.55,4620.43,2075.91
000038.SZ,2006-12-05,4.53,4.78,4.41,4.78,7620.85,3514.36
000038.SZ,2006-12-06,4.77,4.82,4.56,4.67,3937.1,1858.1
000038.SZ,2006-12-07,4.67,4.69,4.5,4.62,2057.82,944.05
000038.SZ,2006-12-08,4.59,4.63,4.5,4.5,1959.62,889.3
000038.SZ,2006-12-11,4.38,4.53,4.38,4.5,2235.4,999.61
000038.SZ,2006-12-12,4.48,4.52,4.42,4.5,1854.62,827.79
000038.SZ,2006-12-13,4.51,4.51,4.36,4.47,1957.69,867.38
000038.SZ,2006-12-14,4.4,4.47,4.39,4.46,2694.0,1191.44
000038.SZ,2006-12-15,4.41,4.56,4.41,4.53,3729.82,1670.84
000038.SZ,2006-12-18,4.76,4.76,4.76,4.76,2355.13,1121.04
000038.SZ,2006-12-19,5.0,5.0,5.0,5.0,1632.89,816.45
000038.SZ,2006-12-20,5.25,5.25,5.01,5.25,7483.61,3919.89
000038.SZ,2006-12-21,5.51,5.51,5.4,5.51,14418.79,7934.51
000038.SZ,2006-12-22,5.5,5.75,5.3,5.63,13612.18,7641.61
000038.SZ,2006-12-26,5.55,5.55,5.35,5.35,5045.0,2707.46
000038.SZ,2006-12-27,5.09,5.59,5.08,5.39,9758.52,5075.64
000038.SZ,2006-12-28,5.3,5.31,5.12,5.12,4032.81,2080.66
000038.SZ,2006-12-29,5.1,5.1,4.86,4.88,4603.69,2261.12
000038.SZ,2007-01-04,4.9,4.9,4.64,4.71,6701.26,3137.19
000038.SZ,2007-01-05,4.71,4.75,4.5,4.71,2333.62,1078.35
000038.SZ,2007-01-08,4.7,4.9,4.65,4.85,2925.95,1401.6
000038.SZ,2007-01-09,4.8,5.09,4.8,5.02,3524.78,1749.04
000038.SZ,2007-01-10,4.77,4.95,4.77,4.93,5456.77,2653.1
000038.SZ,2007-01-11,4.93,5.18,4.9,5.18,8733.78,4453.04
000038.SZ,2007-01-12,5.16,5.25,4.92,5.01,5201.21,2652.38
000038.SZ,2007-01-15,5.05,5.08,4.93,5.04,7183.27,3600.41
000038.SZ,2007-01-16,5.02,5.21,5.0,5.09,6022.86,3058.11
000038.SZ,2007-01-17,5.05,5.16,4.95,5.04,7773.29,3922.47
000038.SZ,2007-01-18,5.0,5.03,4.88,4.94,5691.24,2817.7
000038.SZ,2007-01-19,4.96,5.1,4.9,5.08,6544.72,3284.03
000038.SZ,2007-01-22,5.08,5.32,5.01,5.3,8800.66,4576.22
000038.SZ,2007-01-23,5.3,5.45,5.2,5.38,6737.28,3604.24
000038.SZ,2007-01-24,5.38,5.48,5.3,5.4,6396.61,3446.77
000038.SZ,2007-01-25,5.39,5.39,5.13,5.13,8448.89,4396.62
000038.SZ,2007-01-26,5.12,5.12,4.87,4.95,7519.2,3694.9
000038.SZ,2007-01-29,4.95,5.11,4.95,5.07,4898.57,2461.55
000038.SZ,2007-01-30,5.07,5.27,5.02,5.19,5584.1,2889.16
000038.SZ,2007-01-31,5.16,5.16,4.96,5.01,7336.57,3694.54
000038.SZ,2007-02-01,5.02,5.09,4.88,4.97,4595.5,2282.38
000038.SZ,2007-02-02,4.97,5.03,4.88,4.97,2518.01,1249.91
000038.SZ,2007-02-05,4.96,5.0,4.9,4.97,2082.0,1033.21
000038.SZ,2007-02-06,4.97,5.18,4.97,5.09,3856.2,1970.09
000038.SZ,2007-02-07,5.07,5.21,5.07,5.14,3395.05,1751.83
000038.SZ,2007-02-08,5.12,5.21,5.11,5.16,4973.91,2572.0
000038.SZ,2007-02-09,5.16,5.35,5.16,5.3,6605.72,3495.83
000038.SZ,2007-02-12,5.3,5.57,5.25,5.57,6919.42,3783.63
000038.SZ,2007-02-13,5.57,5.85,5.56,5.6,7717.2,4420.88
000038.SZ,2007-02-14,5.61,5.84,5.61,5.68,8054.68,4611.79
000038.SZ,2007-02-15,5.7,5.82,5.6,5.77,7359.46,4224.87
000038.SZ,2007-02-16,5.77,6.06,5.7,5.98,10425.81,6179.63
000038.SZ,2007-02-26,5.99,6.28,5.9,6.28,7752.06,4816.29
000038.SZ,2007-02-27,6.41,6.5,5.97,5.97,9172.73,5668.12
000038.SZ,2007-02-28,5.77,6.16,5.67,6.1,8890.07,5210.34
000038.SZ,2007-03-01,6.1,6.1,5.8,5.88,9825.89,5784.87
000038.SZ,2007-03-02,5.88,6.17,5.88,6.17,15524.88,9521.21
000038.SZ,2007-03-05,6.4,6.48,6.35,6.48,12280.07,7945.46
000038.SZ,2007-03-06,6.19,6.78,6.19,6.26,16546.24,10575.94
000038.SZ,2007-03-07,6.23,6.45,5.95,6.38,16295.54,9951.46
000038.SZ,2007-03-08,6.39,6.7,6.23,6.7,13082.0,8601.24
000038.SZ,2007-03-09,7.04,7.04,6.75,7.03,15891.4,11050.48
000038.SZ,2007-03-12,6.9,6.99,6.68,6.8,12453.31,8437.66
000038.SZ,2007-03-13,6.81,7.14,6.75,7.14,11369.29,7982.6
000038.SZ,2007-03-14,7.14,7.5,6.91,7.24,12622.37,9107.47
000038.SZ,2007-03-15,7.19,7.59,7.19,7.58,13082.55,9757.09
000038.SZ,2007-03-16,7.55,7.8,7.2,7.27,15681.01,11657.41
000038.SZ,2007-03-19,6.93,7.45,6.92,7.15,9476.01,6887.25
000038.SZ,2007-03-20,7.25,7.51,7.14,7.47,6009.67,4439.83
000038.SZ,2007-03-21,7.67,7.84,7.48,7.84,11212.09,8650.32
000038.SZ,2007-03-22,7.84,8.23,7.8,8.23,11543.14,9467.06
000038.SZ,2007-03-23,8.36,8.6,7.88,8.2,12898.16,10520.81
000038.SZ,2007-03-26,8.24,8.3,7.79,7.79,13514.14,10598.36
000038.SZ,2007-03-27,7.6,7.78,7.4,7.61,10707.78,8105.51
000038.SZ,2007-03-28,7.61,7.9,7.58,7.75,11068.86,8611.08
000038.SZ,2007-03-29,7.75,7.78,7.36,7.36,6729.98,5030.95
000038.SZ,2007-03-30,7.08,7.39,7.0,7.22,7667.96,5528.33
000038.SZ,2007-04-02,7.2,7.58,7.2,7.58,3617.54,2723.34
000038.SZ,2007-04-03,7.96,7.96,7.85,7.96,4472.09,3559.31
000038.SZ,2007-04-04,8.36,8.36,7.75,8.03,10638.9,8641.8
000038.SZ,2007-04-05,7.91,8.38,7.91,8.14,5093.9,4170.59
000038.SZ,2007-04-06,8.0,8.12,7.85,8.0,5330.57,4255.05
000038.SZ,2007-04-09,8.08,8.08,7.6,7.73,9662.7,7463.83
000038.SZ,2007-04-10,7.65,7.73,7.5,7.68,4694.22,3569.01
000038.SZ,2007-04-11,7.68,7.9,7.63,7.85,4924.8,3846.54
000038.SZ,2007-04-12,7.82,8.04,7.81,7.89,5034.32,3984.32
000038.SZ,2007-04-13,7.85,8.28,7.83,8.28,12138.94,9881.35
000038.SZ,2007-04-16,8.64,8.69,8.21,8.69,6691.97,5746.62
000038.SZ,2007-04-17,9.12,9.12,9.12,9.12,2458.44,2242.1
000038.SZ,2007-04-18,9.58,9.58,9.58,9.58,475.63,455.65
000038.SZ,2007-04-19,10.06,10.06,9.68,10.06,8959.15,9006.57
000038.SZ,2007-04-20,10.56,10.56,10.2,10.56,6513.27,6874.3
000038.SZ,2007-04-23,11.09,11.09,11.09,11.09,1748.13,1938.68
000038.SZ,2007-04-24,11.64,11.64,10.59,10.65,33187.45,37797.26
000038.SZ,2007-04-25,10.12,11.18,10.12,11.18,20854.39,22775.78
000038.SZ,2007-04-26,11.74,11.74,11.5,11.74,19357.79,22708.49
000038.SZ,2007-04-27,12.33,12.33,12.0,12.33,11725.65,14450.48
000038.SZ,2013-02-08,11.0,13.2,11.0,13.0,33428.38,41794.35
000038.SZ,2013-02-18,12.35,12.35,12.35,12.35,3058.0,3776.63
000038.SZ,2013-02-19,11.73,12.34,11.73,11.73,45101.63,53238.74
000038.SZ,2013-02-20,11.35,11.55,11.14,11.15,37733.05,42225.66
000038.SZ,2013-02-21,11.17,11.29,10.62,10.62,26134.78,28522.57
000038.SZ,2013-02-22,10.54,10.76,10.45,10.6,18765.45,19848.45
000038.SZ,2013-02-25,10.55,10.65,10.16,10.19,21395.94,22122.62
000038.SZ,2013-02-26,10.05,10.43,9.97,10.18,17228.81,17649.4
000038.SZ,2013-02-27,10.14,10.69,10.14,10.69,18911.36,19942.22
000038.SZ,2013-02-28,10.95,11.1,10.62,10.71,29505.11,31948.89
000038.SZ,2013-03-01,10.7,11.25,10.6,11.24,32326.07,35669.64
000038.SZ,2013-03-04,10.9,10.9,10.68,10.68,16881.3,18066.86
000038.SZ,2013-03-05,10.18,11.21,10.15,11.01,27020.39,28560.97
000038.SZ,2013-03-06,11.0,11.2,10.88,10.97,16596.75,18317.56
000038.SZ,2013-03-07,11.0,11.0,10.61,10.69,19158.32,20743.55
000038.SZ,2013-03-08,11.0,11.0,10.16,10.28,14295.9,15176.87
000038.SZ,2013-03-11,10.24,10.34,10.02,10.15,10264.72,10432.61
000038.SZ,2013-03-12,10.14,10.27,9.64,9.64,15044.96,14836.46
000038.SZ,2013-03-13,9.65,9.77,9.16,9.25,16211.61,15100.68
000038.SZ,2013-03-14,9.17,9.37,9.12,9.24,9799.64,9076.02
000038.SZ,2013-03-15,9.16,9.32,8.98,9.14,8696.18,7980.21
000038.SZ,2013-03-18,9.13,9.19,9.0,9.02,5219.56,4744.47
000038.SZ,2013-03-19,9.02,9.47,8.91,9.37,15333.03,14148.74
000038.SZ,2013-03-20,9.33,9.59,9.27,9.52,14284.26,13514.65
000038.SZ,2013-03-21,9.52,9.57,9.35,9.4,10529.45,9956.26
000038.SZ,2013-03-22,9.39,9.6,9.25,9.59,17048.34,16126.69
000038.SZ,2013-03-25,9.51,9.89,9.5,9.61,14080.33,13652.79
000038.SZ,2013-03-26,9.6,9.7,9.43,9.57,9484.06,9032.76
000038.SZ,2013-03-27,9.54,9.64,9.38,9.46,11081.52,10522.34
000038.SZ,2013-03-28,9.4,9.42,8.99,8.99,15659.7,14259.72
000038.SZ,2013-03-29,9.05,9.2,8.92,9.03,7245.95,6569.8
000038.SZ,2013-04-01,9.04,9.18,9.01,9.09,6653.16,6042.01
000038.SZ,2013-04-02,9.09,9.29,9.05,9.12,8620.45,7901.38
000038.SZ,2013-04-03,9.14,9.17,8.74,8.83,8113.5,7237.38
000038.SZ,2013-04-08,8.74,8.75,8.39,8.56,9117.32,7725.8
000038.SZ,2013-04-09,8.56,8.75,8.51,8.68,5704.5,4925.98
000038.SZ,2013-04-10,8.66,8.75,8.6,8.69,5588.69,4841.0
000038.SZ,2013-04-11,8.73,9.11,8.64,8.95,15067.74,13505.44
000038.SZ,2013-04-12,8.9,9.23,8.84,9.09,8994.06,8130.14
000038.SZ,2013-04-15,9.03,9.27,9.03,9.13,9316.08,8517.37
000038.SZ,2013-04-16,9.0,9.03,8.67,8.92,7701.13,6802.21
000038.SZ,2013-04-17,9.08,9.25,8.98,9.16,9437.83,8621.04
000038.SZ,2013-04-18,9.07,9.17,9.0,9.02,7882.32,7163.28
000038.SZ,2013-04-19,9.06,9.32,9.02,9.31,10548.78,9733.62
000038.SZ,2013-04-22,9.3,9.74,9.26,9.6,14040.02,13437.21
000038.SZ,2013-04-23,9.6,9.67,9.37,9.41,11670.15,11094.76
000038.SZ,2013-04-24,9.41,9.41,9.01,9.24,14807.48,13545.42
000038.SZ,2013-04-25,9.18,9.31,9.08,9.13,8115.28,7447.35
000038.SZ,2013-04-26,9.1,9.35,9.06,9.13,5946.16,5446.19
000038.SZ,2013-05-02,9.05,9.25,8.68,8.72,8754.85,7778.43
000038.SZ,2013-05-03,8.93,9.16,8.91,9.16,8532.88,7741.6
000038.SZ,2013-05-06,9.21,9.58,9.21,9.39,12050.65,11379.99
000038.SZ,2013-05-07,9.35,9.77,9.35,9.71,12460.8,11916.21
000038.SZ,2013-05-08,9.7,9.86,9.48,9.62,12222.77,11832.97
000038.SZ,2013-05-09,9.7,9.95,9.46,9.93,13691.81,13293.08
000038.SZ,2013-05-10,9.89,10.38,9.81,10.34,15132.79,15319.77
000038.SZ,2013-05-14,10.5,11.37,10.36,11.37,55929.07,61372.49
000038.SZ,2013-05-15,11.9,12.44,11.43,12.1,84899.2,101145.82
000038.SZ,2013-05-16,11.65,11.86,11.46,11.7,49844.73,58230.76
000038.SZ,2013-05-17,11.6,11.94,11.5,11.81,43741.97,51283.74
000038.SZ,2013-05-20,11.67,11.67,11.13,11.29,46370.77,52294.22
000038.SZ,2013-05-21,11.33,11.45,11.16,11.32,27007.16,30508.15
000038.SZ,2013-05-22,11.43,11.85,11.22,11.82,39800.26,45699.42
000038.SZ,2013-05-23,11.7,11.82,11.43,11.53,24069.73,27863.8
000038.SZ,2013-05-24,11.47,11.56,11.19,11.38,19795.89,22391.95
000038.SZ,2013-05-27,11.41,11.43,11.24,11.39,16276.01,18436.72
000038.SZ,2013-05-28,11.34,12.53,11.34,12.21,67612.65,82317.54
000038.SZ,2013-05-29,12.0,12.0,11.65,11.73,40684.41,47897.44
000038.SZ,2013-05-30,11.66,11.72,11.3,11.41,27273.16,31226.71
000038.SZ,2013-05-31,11.41,11.52,11.26,11.42,16838.87,19199.51
000038.SZ,2013-06-03,11.42,11.7,11.28,11.52,18394.3,21199.97
000038.SZ,2013-06-04,11.49,11.51,10.42,10.56,22788.19,24653.66
000038.SZ,2013-06-05,10.51,10.64,10.32,10.35,13417.52,14065.21
000038.SZ,2013-06-06,10.36,10.49,10.14,10.14,9574.06,9899.42
000038.SZ,2013-06-07,10.18,10.3,9.98,10.16,9303.51,9424.49
000038.SZ,2013-06-13,10.06,10.06,9.4,9.47,16110.89,15363.46
000038.SZ,2013-06-14,9.56,9.82,9.48,9.68,8435.05,8131.36
000038.SZ,2013-06-17,9.69,9.83,9.55,9.6,8251.43,8005.93
000038.SZ,2013-06-18,9.6,9.8,9.6,9.71,5131.78,4984.45
000038.SZ,2013-06-19,9.75,9.75,9.45,9.68,6356.71,6074.81
000038.SZ,2013-06-20,9.6,10.6,9.56,10.3,24087.87,24414.24
000038.SZ,2013-06-21,10.03,10.57,9.9,10.4,18354.76,18938.33
000038.SZ,2013-06-24,10.42,10.45,9.36,9.37,12858.89,12707.91
000038.SZ,2013-06-25,9.03,9.25,8.43,8.82,16315.08,14312.46
000038.SZ,2013-06-26,8.84,9.05,8.73,9.03,9605.35,8576.85
000038.SZ,2013-06-27,9.16,9.25,8.85,8.86,12155.19,10997.85
000038.SZ,2013-06-28,8.76,9.17,8.76,8.94,8012.26,7206.95
000038.SZ,2013-07-01,8.94,9.08,8.8,9.05,6773.68,6029.86
000038.SZ,2013-07-02,9.05,9.14,8.94,9.1,6054.63,5479.86
000038.SZ,2013-07-03,9.12,9.12,8.78,8.96,6724.02,6011.64
000038.SZ,2013-07-04,8.97,9.23,8.81,9.12,9809.41,8940.89
000038.SZ,2013-07-05,9.1,9.57,9.08,9.31,13719.71,12881.18
000038.SZ,2013-07-08,9.18,9.23,8.45,8.72,8129.98,7215.88
000038.SZ,2013-07-09,8.8,8.8,8.56,8.78,4447.01,3866.41
000038.SZ,2013-07-10,8.78,9.17,8.72,9.1,8211.46,7364.87
000038.SZ,2013-07-11,9.05,9.5,9.05,9.33,11669.85,10918.36
000038.SZ,2013-07-12,9.39,9.44,9.19,9.2,8594.1,8025.72
000038.SZ,2013-07-15,9.1,9.31,9.02,9.25,7811.94,7186.9
000038.SZ,2013-07-16,9.11,9.37,9.11,9.34,8096.37,7496.11
000038.SZ,2013-07-17,9.28,9.65,9.28,9.38,9716.16,9164.78
000038.SZ,2013-07-18,9.26,9.42,9.09,9.18,8293.05,7641.55
000038.SZ,2013-07-19,9.18,9.24,8.85,8.88,5700.83,5172.16
000038.SZ,2013-07-22,8.85,9.08,8.76,8.97,4530.1,4017.08
000038.SZ,2013-07-23,8.97,9.2,8.92,9.19,5642.28,5158.46
000038.SZ,2013-07-24,9.15,9.36,9.15,9.34,9236.85,8577.39
000038.SZ,2013-07-25,9.39,9.39,9.13,9.13,7841.29,7237.73
000038.SZ,2013-07-26,9.05,9.15,9.0,9.11,5340.74,4838.32
000038.SZ,2013-07-29,9.1,9.29,8.96,9.24,6912.57,6348.28
000038.SZ,2013-07-30,9.25,9.3,9.0,9.16,4264.95,3903.09
000038.SZ,2013-07-31,9.23,9.5,9.2,9.23,7688.26,7149.1
000038.SZ,2013-08-01,9.17,9.45,9.17,9.42,9977.63,9302.54
000038.SZ,2013-08-02,9.46,9.86,9.36,9.78,20519.99,19893.28
000038.SZ,2013-08-05,9.79,9.81,9.56,9.79,11247.9,10925.88
000038.SZ,2013-08-06,9.78,9.93,9.62,9.84,10957.88,10712.48
000038.SZ,2013-08-07,9.81,9.96,9.66,9.7,9738.37,9523.16
000038.SZ,2013-08-08,9.68,9.76,9.59,9.64,7687.26,7411.96
000038.SZ,2013-08-09,9.65,9.85,9.55,9.79,10792.84,10480.11
000038.SZ,2013-08-12,9.75,10.2,9.75,10.11,17788.45,17745.16
000038.SZ,2013-08-13,10.18,10.94,10.1,10.8,31085.99,32689.0
000038.SZ,2013-08-14,10.84,10.84,10.41,10.48,19557.3,20629.77
000038.SZ,2013-08-15,10.48,10.6,10.0,10.07,15699.13,16085.47
000038.SZ,2013-08-16,10.0,10.24,9.68,9.74,13022.37,12999.1
000038.SZ,2013-08-19,9.63,10.0,9.63,9.85,8158.58,8073.17
000038.SZ,2013-08-20,9.81,10.14,9.78,10.1,13188.52,13235.11
000038.SZ,2013-08-21,10.09,10.23,9.91,10.15,8751.5,8808.98
000038.SZ,2013-08-22,10.1,10.45,10.03,10.41,17786.62,18279.35
000038.SZ,2013-08-23,10.33,10.35,9.89,10.25,13637.92,13795.03
000038.SZ,2013-08-26,10.2,10.3,10.04,10.26,8673.13,8832.58
000038.SZ,2013-08-27,10.27,10.49,10.21,10.32,10610.56,10949.43
000038.SZ,2013-08-28,10.2,10.3,10.03,10.08,11397.39,11529.51
000038.SZ,2013-08-29,10.05,10.18,10.02,10.12,6996.92,7071.95
000038.SZ,2013-08-30,10.12,10.48,10.0,10.25,12479.35,12800.43
000038.SZ,2013-09-02,10.09,10.19,9.78,9.97,11255.1,11147.3
000038.SZ,2013-09-03,9.94,10.29,9.94,10.27,10873.21,11001.02
000038.SZ,2013-10-08,13.72,13.94,13.31,13.86,47551.7,64969.96
000038.SZ,2013-10-09,13.74,15.25,13.61,15.25,80038.25,114495.02
000038.SZ,2013-10-10,14.8,14.94,13.9,14.29,59054.2,85699.28
000038.SZ,2013-10-11,14.3,14.58,14.12,14.49,34621.18,49661.96
000038.SZ,2013-10-14,14.49,14.49,14.0,14.21,26184.18,37149.65
000038.SZ,2013-10-15,14.26,14.92,13.61,14.5,53142.0,75483.7
000038.SZ,2013-10-16,14.29,14.3,13.2,13.39,24394.1,33504.32
000038.SZ,2013-10-17,13.56,13.7,12.5,12.98,24666.86,32447.79
000038.SZ,2013-10-18,13.02,13.06,12.72,12.78,15360.15,19789.74
000038.SZ,2013-10-21,12.78,13.29,12.73,13.2,20165.62,26266.43
000038.SZ,2013-10-22,13.21,13.21,12.76,12.82,15332.73,19802.62
000038.SZ,2013-10-23,12.88,12.88,12.38,12.49,13595.3,17057.05
000038.SZ,2013-10-24,12.41,12.73,12.37,12.57,8441.28,10626.51
000038.SZ,2013-10-25,12.5,12.63,11.68,11.86,12984.03,15721.3
000038.SZ,2013-10-28,11.8,12.0,11.75,11.91,8112.51,9633.58
000038.SZ,2013-10-29,11.94,12.03,11.04,11.4,11924.2,13643.79
000038.SZ,2013-10-30,11.45,12.08,11.29,11.8,11316.95,13224.72
000038.SZ,2013-10-31,11.71,11.92,11.42,11.6,7847.98,9145.85
000038.SZ,2013-11-01,11.55,11.57,11.21,11.35,6031.96,6885.39
000038.SZ,2013-11-04,11.36,11.46,11.29,11.42,6924.67,7884.39
000038.SZ,2013-11-05,11.28,11.7,11.28,11.7,8021.35,9208.01
000038.SZ,2013-11-06,11.6,12.42,11.6,11.93,14901.76,17881.72
000038.SZ,2013-11-07,11.87,11.93,11.45,11.5,9419.15,11007.79
000038.SZ,2013-11-08,11.47,11.63,11.25,11.25,6515.9,7429.21
000038.SZ,2013-11-11,11.25,11.44,11.08,11.35,4774.22,5369.93
000038.SZ,2013-11-12,11.27,11.47,11.27,11.44,4856.77,5528.17
000038.SZ,2013-11-13,11.3,11.42,11.0,11.1,5666.59,6348.92
000038.SZ,2013-11-14,11.05,11.26,10.9,11.26,5917.88,6595.48
000038.SZ,2013-11-15,11.23,11.68,11.2,11.48,7872.24,9046.64
000038.SZ,2013-11-18,11.67,12.14,11.46,12.07,16338.91,19488.18
000038.SZ,2013-11-19,12.06,12.22,11.85,12.2,10224.59,12300.08
000038.SZ,2013-11-20,12.2,12.24,11.96,12.18,6346.1,7673.01
000038.SZ,2013-11-21,12.12,12.2,11.95,12.13,8630.87,10416.79
000038.SZ,2013-11-22,12.38,12.45,12.1,12.18,5967.73,7303.41
000038.SZ,2013-11-25,12.12,12.27,12.02,12.1,4779.59,5795.64
000038.SZ,2013-11-26,12.05,12.19,12.04,12.12,4242.09,5138.1
000038.SZ,2013-11-27,12.04,12.38,12.04,12.3,8689.96,10630.61
000038.SZ,2013-11-28,12.17,12.53,12.17,12.35,9355.66,11619.68
000038.SZ,2013-11-29,12.36,13.37,12.3,12.75,21225.22,27351.23
000038.SZ,2013-12-02,12.5,12.51,11.57,11.63,18055.87,21658.32
000038.SZ,2013-12-03,11.54,12.14,11.45,12.06,6990.31,8302.47
000038.SZ,2013-12-04,12.01,12.34,12.0,12.22,6903.69,8447.24
000038.SZ,2013-12-05,12.25,12.34,12.08,12.25,4661.29,5698.04
000038.SZ,2013-12-06,12.16,12.38,12.12,12.36,5260.11,6478.15
000038.SZ,2013-12-09,12.36,12.7,12.3,12.48,5237.41,6571.57
000038.SZ,2013-12-10,12.49,12.65,12.47,12.58,6271.75,7882.96
000038.SZ,2013-12-11,12.63,12.65,12.37,12.47,7343.24,9211.1
000038.SZ,2013-12-12,12.4,12.8,12.38,12.63,8071.78,10164.07
000038.SZ,2013-12-13,12.62,12.68,12.37,12.42,5914.48,7404.32
000038.SZ,2013-12-16,12.57,12.76,12.3,12.41,6135.17,7647.25
000038.SZ,2013-12-17,12.41,12.41,12.08,12.12,5109.05,6203.66
000038.SZ,2013-12-18,12.29,12.29,11.98,12.11,3757.01,4534.86
000038.SZ,2013-12-19,12.35,12.35,12.04,12.12,2640.05,3204.23
000038.SZ,2013-12-20,12.06,12.35,11.8,11.87,3521.89,4216.54
000038.SZ,2013-12-23,11.87,11.95,11.46,11.95,2911.3,3423.57
000038.SZ,2013-12-24,11.98,12.08,11.7,12.03,3738.64,4488.05
000038.SZ,2013-12-25,12.06,12.4,12.0,12.4,4555.01,5565.63
000038.SZ,2013-12-26,12.38,12.38,12.08,12.28,3060.3,3725.39
000038.SZ,2013-12-27,12.25,12.47,12.25,12.46,4300.44,5326.58
000038.SZ,2013-12-30,12.48,12.6,12.34,12.34,3460.1,4309.6
000038.SZ,2013-12-31,12.4,12.58,12.26,12.5,5916.87,7385.08
000038.SZ,2014-01-02,12.58,12.6,12.35,12.58,4661.48,5825.27
000038.SZ,2014-01-03,12.57,12.6,12.31,12.5,3820.9,4750.73
000038.SZ,2014-01-06,12.35,12.46,12.1,12.18,2922.93,3564.83
000038.SZ,2014-01-07,12.2,12.2,11.8,11.93,5612.77,6707.91
000038.SZ,2014-01-08,11.98,12.75,11.9,12.75,4751.3,5758.62
000038.SZ,2014-01-09,12.45,12.65,12.16,12.3,6863.64,8499.94
000038.SZ,2014-01-10,12.12,12.35,11.94,12.0,3968.0,4783.78
000038.SZ,2014-01-13,11.94,12.1,11.9,12.1,2076.7,2491.98
000038.SZ,2014-01-14,12.15,12.23,12.02,12.21,3119.18,3779.84
000038.SZ,2014-01-15,12.23,12.23,12.0,12.14,3090.85,3733.44
000038.SZ,2014-01-16,12.16,12.23,12.08,12.16,2023.49,2452.92
000038.SZ,2014-01-17,12.13,12.13,11.95,12.09,3097.75,3720.08
000038.SZ,2014-01-20,12.04,12.09,11.85,11.97,2103.06,2507.86
000038.SZ,2014-01-21,11.92,12.14,11.8,12.1,2065.0,2491.01
000038.SZ,2014-01-22,12.2,12.64,12.0,12.57,9257.12,11483.87
000038.SZ,2014-01-23,12.55,12.7,12.32,12.55,5501.19,6877.36
000038.SZ,2014-01-24,12.5,12.95,12.44,12.85,16546.38,21148.3
000038.SZ,2014-01-27,12.8,12.81,12.55,12.66,8809.57,11138.82
000038.SZ,2014-01-28,12.66,12.84,12.35,12.46,7243.02,9043.53
000038.SZ,2014-01-29,12.51,12.65,12.2,12.55,4689.0,5854.63
000038.SZ,2014-01-30,12.58,12.66,12.28,12.56,5241.43,6501.45
000038.SZ,2014-02-07,12.5,12.66,12.45,12.61,5652.47,7084.14
000038.SZ,2014-02-10,12.67,13.29,12.67,12.99,15626.89,20200.41
000038.SZ,2014-02-11,13.05,13.45,12.82,13.38,27299.76,36198.35
000038.SZ,2014-02-12,13.38,13.95,13.2,13.38,16764.16,22436.85
000038.SZ,2014-02-13,13.38,14.31,13.11,14.11,37222.58,51192.68
000038.SZ,2014-02-14,14.2,14.24,13.64,14.14,19700.05,27488.42
000038.SZ,2014-02-17,14.14,14.68,14.04,14.52,24548.56,35140.71
000038.SZ,2014-02-18,14.53,14.73,14.18,14.47,13860.77,19929.34
000038.SZ,2014-02-19,14.46,14.64,14.0,14.2,12549.5,17857.41
000038.SZ,2014-02-20,14.25,15.2,13.82,13.88,12198.57,17341.84
000038.SZ,2014-02-21,14.02,14.02,13.1,13.36,10496.85,14135.37
000038.SZ,2014-02-24,13.43,13.43,13.02,13.14,7081.34,9301.71
000038.SZ,2014-02-25,13.15,13.3,12.72,12.74,7653.69,9991.5
000038.SZ,2014-02-26,12.72,13.26,12.65,13.22,8922.26,11695.13
000038.SZ,2014-02-27,13.15,13.29,12.9,13.03,8407.52,11034.03
000038.SZ,2014-02-28,13.05,13.18,12.81,13.13,4390.21,5697.58
000038.SZ,2014-03-03,13.07,13.4,13.07,13.3,8629.83,11428.32
000038.SZ,2014-03-04,13.36,13.36,13.03,13.17,6705.81,8810.01
000038.SZ,2014-03-05,13.22,13.36,13.08,13.27,6173.84,8140.36
000038.SZ,2014-03-06,13.29,13.43,13.1,13.4,6072.21,8050.5
000038.SZ,2014-03-07,13.4,13.76,13.32,13.57,8943.63,12118.63
000038.SZ,2014-03-10,13.62,13.62,12.96,13.2,5186.52,6857.67
000038.SZ,2014-03-11,13.17,13.32,12.85,13.01,4613.44,6019.43
000038.SZ,2014-03-12,13.15,13.22,12.81,13.0,4288.27,5564.0
000038.SZ,2014-03-13,13.05,13.19,12.9,13.0,4508.48,5854.84
000038.SZ,2014-03-14,12.98,13.1,12.83,13.0,3608.13,4676.39
000038.SZ,2014-03-17,12.99,13.24,12.9,13.16,3941.68,5169.87
000038.SZ,2014-03-18,13.18,13.54,13.05,13.29,11725.12,15593.12
000038.SZ,2014-03-19,13.3,13.4,13.1,13.4,4922.01,6537.15
000038.SZ,2014-03-20,13.47,13.72,13.31,13.34,9434.17,12779.61
000038.SZ,2014-03-21,13.29,13.77,13.12,13.74,9710.71,13149.67
000038.SZ,2014-03-24,13.82,13.82,13.46,13.75,7945.16,10849.69
000038.SZ,2014-03-25,13.84,13.84,13.41,13.46,6211.54,8438.92
000038.SZ,2014-03-26,13.47,13.7,13.47,13.57,4044.24,5473.59
000038.SZ,2014-03-27,13.48,13.83,13.31,13.75,10440.26,14239.15
000038.SZ,2014-03-28,13.62,13.68,13.4,13.43,5099.69,6883.65
000038.SZ,2014-03-31,13.34,13.6,13.3,13.51,2452.2,3306.27
000038.SZ,2014-04-01,13.5,13.6,13.33,13.56,3702.21,5000.17
000038.SZ,2014-04-02,13.6,14.92,13.52,13.97,22210.8,31216.94
000038.SZ,2014-04-03,13.95,14.0,13.52,13.64,11113.23,15304.56
000038.SZ,2014-04-04,13.73,13.77,13.45,13.73,3741.72,5109.69
000038.SZ,2014-04-08,13.72,13.9,13.55,13.88,5327.82,7321.9
000038.SZ,2014-04-09,13.86,14.05,13.78,14.01,6935.21,9625.82
000038.SZ,2014-04-10,14.03,14.19,13.86,13.98,5470.24,7648.85
000038.SZ,2014-04-11,14.0,14.1,13.77,13.92,3801.44,5279.49
000038.SZ,2014-04-14,13.99,14.1,13.79,14.1,8236.44,11491.3
000038.SZ,2014-04-15,14.2,14.37,14.02,14.15,12604.69,17821.22
000038.SZ,2014-04-16,14.2,14.3,14.02,14.28,10526.06,14931.39
000038.SZ,2014-04-17,14.3,14.39,14.16,14.24,7318.31,10407.49
000038.SZ,2014-04-18,14.3,14.3,13.9,14.07,4607.5,6480.79
000038.SZ,2014-04-21,14.06,14.1,13.71,13.9,6673.2,9265.4
000038.SZ,2014-04-22,13.92,14.35,13.81,14.15,10825.53,15190.44
000038.SZ,2014-04-23,14.5,14.5,13.5,13.85,6881.68,9652.27
000038.SZ,2014-04-24,13.8,13.85,13.5,13.61,4198.04,5700.56
000038.SZ,2014-04-25,13.69,13.77,13.52,13.54,3894.07,5283.05
000038.SZ,2014-04-28,13.6,13.6,12.4,12.52,5407.56,6930.13
000038.SZ,2014-04-29,12.53,13.01,12.44,13.01,4968.41,6274.23
000038.SZ,2014-04-30,12.98,12.98,12.62,12.77,4465.64,5690.06
000038.SZ,2014-05-05,12.76,12.78,12.58,12.71,2817.42,3564.44
000038.SZ,2014-05-06,12.74,13.0,12.7,12.96,4296.9,5531.29
000038.SZ,2014-05-07,12.95,12.99,12.75,12.79,2816.16,3619.9
000038.SZ,2014-05-08,12.79,12.98,12.72,12.88,2402.75,3089.89
000038.SZ,2014-05-09,12.9,12.9,12.49,12.67,1742.36,2197.64
000038.SZ,2014-05-12,12.8,13.01,12.49,12.85,7442.33,9474.67
000038.SZ,2014-05-13,12.79,13.35,12.68,12.96,9005.32,11665.59
000038.SZ,2014-05-14,13.0,13.17,12.86,12.95,4054.51,5247.15
000038.SZ,2014-05-15,12.98,12.98,12.66,12.74,2451.5,3143.7
000038.SZ,2014-05-16,12.78,12.79,12.56,12.7,1561.53,1973.88
000038.SZ,2014-05-19,12.7,12.7,12.5,12.64,3222.11,4055.0
000038.SZ,2014-05-20,12.65,12.79,12.6,12.68,4697.99,5952.19
000038.SZ,2014-05-21,12.65,12.84,12.53,12.79,3697.0,4698.08
000038.SZ,2014-05-22,12.82,12.94,12.73,12.85,2821.22,3629.49
000038.SZ,2014-05-23,12.89,12.96,12.73,12.9,4111.61,5298.46
000038.SZ,2014-05-26,12.95,13.06,12.91,13.03,3859.88,5015.58
000038.SZ,2014-05-27,13.06,13.06,12.9,12.97,3691.35,4781.78
000038.SZ,2014-05-28,12.99,13.05,12.83,13.05,4021.6,5221.09
000038.SZ,2014-05-29,13.08,13.1,12.86,12.93,8123.22,10526.39
000038.SZ,2014-05-30,12.95,13.01,12.8,12.94,6047.52,7809.42
000038.SZ,2014-06-03,12.94,13.0,12.89,12.89,2166.96,2804.17
000038.SZ,2014-06-04,12.97,12.97,12.63,12.85,2626.53,3347.81
000038.SZ,2014-06-05,12.85,12.96,12.67,12.93,2153.6,2766.07
000038.SZ,2014-06-06,12.95,13.05,12.83,13.0,5431.55,7041.38
000038.SZ,2014-06-09,13.03,13.1,12.92,13.0,3201.86,4166.22
000038.SZ,2014-06-10,13.05,13.2,12.94,13.11,7971.27,10395.75
000038.SZ,2014-06-11,13.13,13.33,12.98,13.26,15803.24,20774.65
000038.SZ,2014-06-12,13.28,13.32,13.1,13.29,3746.92,4956.02
000038.SZ,2014-06-13,13.29,13.59,13.24,13.49,11598.69,15629.08
000038.SZ,2014-06-16,13.49,13.67,13.41,13.65,9689.32,13140.86
000038.SZ,2014-06-17,13.6,13.86,13.55,13.67,4268.05,5826.13
000038.SZ,2014-06-18,13.67,13.7,13.3,13.44,7125.49,9575.95
000038.SZ,2014-06-19,13.46,13.51,13.13,13.25,3425.99,4530.56
000038.SZ,2014-06-20,13.26,13.33,13.16,13.33,2363.58,3126.88
000038.SZ,2014-06-23,13.34,13.75,13.25,13.7,7573.47,10284.4
000038.SZ,2014-06-24,13.7,13.85,13.57,13.84,4901.42,6738.79
000038.SZ,2014-06-25,13.85,13.98,13.77,13.97,5930.68,8236.31
000038.SZ,2014-06-26,13.97,14.11,13.81,14.09,4914.2,6868.96
000038.SZ,2014-06-27,14.07,14.3,13.98,14.0,7570.33,10713.67
000038.SZ,2014-06-30,14.02,14.34,13.88,14.2,5054.99,7172.23
000038.SZ,2014-07-01,14.24,14.3,14.02,14.29,5399.99,7693.05
000038.SZ,2014-07-02,14.32,14.39,14.01,14.06,7239.82,10205.99
000038.SZ,2014-07-03,14.04,14.38,13.94,14.31,8035.95,11382.61
000038.SZ,2014-07-04,14.33,14.85,14.33,14.73,26987.31,39502.17
000038.SZ,2014-07-07,14.75,15.0,14.52,14.82,15089.62,22436.21
000038.SZ,2014-07-08,14.82,15.45,14.82,15.3,18607.06,28216.03
000038.SZ,2014-07-09,15.3,15.63,14.86,14.86,18307.18,27536.58
000038.SZ,2014-07-10,14.77,14.96,14.71,14.87,8241.58,12228.94
000038.SZ,2014-07-11,14.75,15.08,14.75,15.04,9031.16,13457.44
000038.SZ,2014-07-14,14.95,15.2,14.82,15.1,6674.75,10015.96
000038.SZ,2014-07-15,15.1,15.15,14.81,15.07,10881.25,16300.08
000038.SZ,2014-07-16,15.05,15.3,14.86,15.07,5221.3,7888.71
000038.SZ,2014-07-17,14.97,15.09,14.8,14.8,5279.29,7853.3
000038.SZ,2014-07-18,14.8,14.92,14.6,14.69,7292.04,10775.81
000038.SZ,2014-07-21,14.6,14.83,14.6,14.7,13099.74,19227.92
000038.SZ,2014-07-22,14.75,15.08,14.66,14.95,6363.16,9436.85
000038.SZ,2014-07-23,14.95,15.05,14.41,14.51,8190.84,12057.61
000038.SZ,2014-07-24,14.5,14.8,14.33,14.8,5694.22,8276.56
000038.SZ,2014-07-25,14.79,14.79,14.34,14.7,8455.95,12274.55
000038.SZ,2014-07-28,14.7,14.95,14.41,14.94,12965.09,19101.95
000038.SZ,2014-07-29,14.89,15.15,14.72,15.11,14825.59,22069.47
000038.SZ,2014-07-30,15.0,15.6,14.83,15.45,16564.54,25151.95
000038.SZ,2014-07-31,15.37,15.58,15.05,15.34,8461.72,12917.27
000038.SZ,2014-08-01,15.36,15.47,15.08,15.4,9660.01,14789.83
000038.SZ,2014-08-04,15.37,15.65,15.1,15.35,9863.11,15057.09
000038.SZ,2014-08-05,15.35,15.38,15.15,15.37,8543.92,13034.52
000038.SZ,2014-08-06,15.31,16.2,15.18,16.15,23965.65,37682.91
000038.SZ,2014-08-07,16.09,16.28,15.76,15.93,9880.45,15748.38
000038.SZ,2014-08-08,15.99,16.2,15.88,16.08,6699.67,10721.53
000038.SZ,2014-08-11,16.15,16.4,15.9,16.4,17038.17,27406.25
000038.SZ,2014-08-12,16.29,16.54,15.89,16.47,14017.87,22581.23
000038.SZ,2014-08-13,16.36,16.89,16.08,16.65,18291.78,30167.38
000038.SZ,2014-08-14,16.65,16.65,16.15,16.2,21062.0,34469.96
000038.SZ,2014-08-15,16.22,17.3,15.0,17.0,18438.87,30242.54
000038.SZ,2014-08-18,16.79,17.0,16.56,16.91,19345.32,32305.07
000038.SZ,2014-08-19,16.87,16.95,16.6,16.86,9144.23,15327.46
000038.SZ,2014-08-20,16.88,17.27,16.74,17.26,15088.19,25718.22
000038.SZ,2014-08-21,17.09,17.49,16.93,17.12,11923.0,20350.47
000038.SZ,2014-08-22,17.11,17.27,16.83,16.9,11327.4,19218.65
000038.SZ,2014-08-25,16.9,16.9,16.4,16.5,10254.67,16998.52
000038.SZ,2014-08-26,16.4,16.55,15.88,16.02,14288.02,23180.8
000038.SZ,2014-08-27,16.02,17.09,15.96,16.98,12641.38,20893.02
000038.SZ,2014-08-28,16.8,17.08,16.53,16.56,11280.42,18882.01
000038.SZ,2014-08-29,16.68,16.95,16.41,16.7,5373.9,8934.54
000038.SZ,2014-09-01,16.7,16.9,16.48,16.79,11502.77,19167.18
000038.SZ,2014-09-02,16.82,17.05,16.78,17.0,11189.31,18919.55
000038.SZ,2014-09-03,17.05,17.45,16.94,17.27,15197.0,26114.39
000038.SZ,2014-09-04,17.29,17.53,16.99,17.27,14884.1,25609.91
000038.SZ,2014-09-05,17.15,17.17,16.85,17.08,7448.08,12657.44
000038.SZ,2014-09-09,17.14,18.5,17.03,18.05,34695.97,61838.78
000038.SZ,2014-09-10,18.0,18.18,17.69,18.05,17237.02,30836.47
000038.SZ,2014-09-11,18.06,18.79,17.84,18.68,17978.63,33238.28
000038.SZ,2014-09-12,18.67,18.98,18.51,18.85,11947.12,22338.72
000038.SZ,2014-09-15,18.85,18.96,18.27,18.7,19045.14,35140.24
000038.SZ,2014-09-16,18.65,18.65,17.5,17.5,18632.34,33761.68
000038.SZ,2014-09-17,17.51,18.32,17.31,18.16,13469.62,24192.18
000038.SZ,2014-09-18,18.16,18.31,17.95,18.13,10669.18,19372.53
000038.SZ,2014-09-19,18.1,19.17,18.01,18.52,17527.47,32737.21
000038.SZ,2014-09-22,18.4,18.55,18.07,18.07,13375.05,24470.08
000038.SZ,2014-09-23,18.08,18.4,17.86,18.32,9570.45,17441.38
000038.SZ,2014-09-24,18.32,19.19,18.15,19.0,16050.25,30138.89
000038.SZ,2014-09-25,19.0,19.4,18.64,18.98,16935.15,32012.74
000038.SZ,2014-09-26,18.94,18.99,18.51,18.63,9352.82,17503.05
000038.SZ,2014-09-29,18.63,18.95,18.52,18.67,13904.44,25922.52
000038.SZ,2014-09-30,18.7,18.93,18.62,18.88,11789.1,22166.86
000038.SZ,2014-10-08,18.92,20.0,18.59,19.8,18090.23,34331.06
000038.SZ,2014-10-09,19.55,19.97,19.0,19.6,19830.56,38415.21
000038.SZ,2014-10-10,19.48,19.59,19.18,19.37,14662.69,28280.98
000038.SZ,2014-10-13,19.18,19.27,18.7,18.93,9650.11,18272.54
000038.SZ,2014-10-14,18.93,19.5,18.71,19.1,11073.03,21265.05
000038.SZ,2014-10-15,19.1,20.59,18.98,20.2,20743.59,40751.28
000038.SZ,2014-10-16,19.99,22.22,19.63,22.22,38491.58,79384.53
000038.SZ,2014-10-17,21.85,24.4,20.52,23.93,58185.8,131880.11
000038.SZ,2014-10-20,22.38,22.96,21.54,21.54,69190.8,151959.17
000038.SZ,2014-10-21,20.87,21.19,20.2,20.2,53628.12,109986.64
000038.SZ,2014-10-22,19.98,20.35,19.9,20.1,30542.97,61352.52
000038.SZ,2014-10-23,19.98,20.12,19.01,19.49,33448.15,64913.86
000038.SZ,2014-10-24,19.37,19.88,19.1,19.79,25319.36,49288.43
000038.SZ,2014-10-27,19.53,20.0,19.27,19.85,18849.74,37203.5
000038.SZ,2014-10-28,19.85,20.58,19.83,20.41,42009.26,84628.66
000038.SZ,2014-10-29,20.33,21.0,20.13,20.78,36574.01,74827.29
000038.SZ,2014-10-30,20.78,21.52,20.51,21.3,42903.8,90349.46
000038.SZ,2014-10-31,21.3,21.79,20.53,20.88,28506.83,60246.4
000038.SZ,2014-11-03,20.9,21.0,20.22,20.46,20888.44,42738.96
000038.SZ,2014-11-04,20.5,20.5,20.02,20.17,14672.34,29640.69
000038.SZ,2014-11-05,20.15,20.48,20.13,20.26,8933.5,18131.72
000038.SZ,2014-11-06,20.27,20.28,19.61,20.25,15096.62,30101.13
000038.SZ,2014-11-07,20.17,20.65,20.01,20.06,11348.26,22992.52
000038.SZ,2014-11-10,19.98,20.35,19.82,20.35,17698.1,35640.8
000038.SZ,2014-11-11,20.36,20.49,18.92,20.24,35054.05,69884.26
000038.SZ,2014-11-12,20.01,20.57,19.66,20.38,39557.73,80028.77
000038.SZ,2014-11-13,20.49,20.79,19.35,19.48,20952.44,41573.76
000038.SZ,2014-11-14,19.55,19.74,19.15,19.35,6671.4,12921.01
000038.SZ,2014-11-17,19.48,19.8,19.32,19.48,8370.41,16327.91
000038.SZ,2014-11-18,19.6,19.78,19.41,19.69,7161.66,14017.88
000038.SZ,2014-11-19,19.8,19.87,19.57,19.81,8283.89,16354.7
000038.SZ,2014-11-20,19.98,19.98,19.7,19.81,5620.01,11133.74
000038.SZ,2014-11-21,19.98,20.59,19.82,20.27,17274.4,34953.61
000038.SZ,2014-11-24,22.3,22.3,18.24,20.61,46045.22,96608.28
000038.SZ,2014-11-25,20.54,20.54,19.85,19.95,20405.51,40810.87
000038.SZ,2014-11-26,19.95,20.04,19.65,19.93,12328.01,24425.28
000038.SZ,2014-11-27,19.9,20.25,19.8,20.02,10931.27,21866.69
000038.SZ,2014-11-28,20.02,20.15,19.8,20.06,11392.61,22688.77
000038.SZ,2014-12-01,20.0,20.0,19.1,19.25,11188.95,21843.38
000038.SZ,2014-12-02,19.31,20.31,19.31,19.9,14945.95,29545.36
000038.SZ,2014-12-03,19.9,20.18,19.4,19.63,10980.73,21664.4
000038.SZ,2014-12-04,19.78,19.78,19.4,19.43,14817.41,28874.16
000038.SZ,2014-12-05,19.45,19.45,17.53,18.2,17032.53,31495.02
000038.SZ,2014-12-08,18.2,18.22,17.61,17.66,16101.58,28668.56
000038.SZ,2014-12-09,17.7,17.7,16.14,16.35,28847.52,48374.94
000038.SZ,2014-12-10,16.25,17.4,16.18,17.19,12059.59,20464.05
000038.SZ,2014-12-11,17.19,17.56,16.9,17.5,10019.72,17316.67
000038.SZ,2014-12-12,17.68,18.21,17.35,18.06,19476.02,34579.27
000038.SZ,2014-12-15,18.19,18.19,17.8,18.16,8935.34,16081.49
000038.SZ,2014-12-16,18.32,18.4,17.91,18.4,10565.75,19191.45
000038.SZ,2014-12-17,18.36,18.8,17.96,18.69,17852.83,32849.0
000038.SZ,2014-12-18,18.69,20.51,18.63,19.9,59434.23,116606.58
000038.SZ,2014-12-19,19.66,19.66,18.0,18.38,29570.15,54321.73
000038.SZ,2014-12-22,18.01,18.01,16.54,16.54,20499.89,34259.45
000038.SZ,2014-12-23,16.22,17.0,15.77,16.55,10095.66,16486.01
000038.SZ,2014-12-24,16.56,17.1,16.26,17.09,7207.71,12071.25
000038.SZ,2014-12-25,17.08,17.56,16.8,17.56,8575.99,14717.4
000038.SZ,2014-12-26,17.65,17.78,17.14,17.43,6397.1,11132.22
000038.SZ,2014-12-29,17.42,17.42,16.6,16.94,10876.44,18287.94
000038.SZ,2014-12-30,16.88,17.15,16.61,16.8,4514.77,7558.9
000038.SZ,2014-12-31,16.9,17.15,16.71,17.1,7976.3,13475.11
000038.SZ,2015-01-05,17.18,17.5,16.92,17.38,7603.51,13032.33
000038.SZ,2015-01-06,17.35,17.4,17.0,17.3,6358.61,10914.47
000038.SZ,2015-01-07,17.4,17.45,17.15,17.3,6140.14,10608.85
000038.SZ,2015-01-08,17.33,17.33,16.9,17.18,3989.35,6822.42
000038.SZ,2015-01-09,17.2,17.5,17.1,17.2,7094.52,12265.8
000038.SZ,2015-01-12,17.19,17.34,16.45,16.86,5924.62,9921.23
000038.SZ,2015-01-13,16.87,17.19,16.72,17.06,9377.23,15916.94
000038.SZ,2015-01-14,17.08,17.19,16.86,17.1,4503.0,7663.8
000038.SZ,2015-01-15,17.18,17.25,16.93,17.25,4752.04,8141.58
000038.SZ,2015-01-16,17.34,17.58,17.08,17.5,8323.95,14381.14
000038.SZ,2015-01-19,17.0,17.7,16.7,17.3,7553.87,13044.2
000038.SZ,2015-01-20,17.35,17.64,17.0,17.64,11447.47,19949.33
000038.SZ,2015-01-21,17.65,18.76,17.45,18.75,31116.56,56633.26
000038.SZ,2015-01-22,18.75,19.49,18.35,19.4,28003.95,52991.95
000038.SZ,2015-01-23,19.4,19.4,18.44,18.73,42327.16,80460.73
000038.SZ,2015-01-26,18.51,18.51,17.6,18.42,17048.86,30838.97
000038.SZ,2015-01-27,18.22,18.78,18.06,18.69,12820.5,23530.55
000038.SZ,2015-01-28,18.3,18.46,17.92,18.28,8146.06,14837.04
000038.SZ,2015-01-29,18.2,18.44,17.92,17.99,7998.4,14501.33
000038.SZ,2015-01-30,17.99,18.56,17.99,18.38,12702.29,23223.43
000038.SZ,2015-02-02,18.37,19.09,18.0,18.86,31267.97,58326.61
000038.SZ,2015-02-03,18.7,18.85,18.14,18.53,13031.46,23997.73
000038.SZ,2015-02-04,18.6,19.0,18.26,18.75,14915.2,27842.6
000038.SZ,2015-02-05,19.06,19.22,18.64,18.66,20290.01,38480.73
000038.SZ,2015-02-06,18.75,18.75,18.29,18.48,7085.11,13065.37
000038.SZ,2015-02-09,18.5,18.7,17.93,18.45,5664.0,10313.66
000038.SZ,2015-02-10,18.28,18.28,18.0,18.15,4971.13,8994.29
000038.SZ,2015-02-11,18.2,18.39,17.98,18.15,9232.66,16719.88
000038.SZ,2015-02-12,18.24,18.44,18.0,18.28,7575.5,13808.13
000038.SZ,2015-02-13,18.37,18.7,18.29,18.48,7055.91,13006.35
000038.SZ,2015-02-16,18.43,18.67,18.38,18.6,8085.28,14985.08
000038.SZ,2015-02-17,18.7,19.49,18.55,19.26,21727.22,41485.94
000038.SZ,2015-02-25,19.25,19.45,18.88,19.12,8889.91,16955.82
000038.SZ,2015-02-26,19.15,19.3,19.1,19.29,8346.98,16023.91
000038.SZ,2015-02-27,19.3,20.4,19.14,20.09,24587.06,48234.2
000038.SZ,2015-03-02,20.1,22.1,19.9,22.0,41624.87,87776.3
000038.SZ,2015-03-03,21.6,23.78,21.29,22.34,54398.76,121796.79
000038.SZ,2015-03-04,22.28,22.5,21.81,22.45,13732.71,30457.56
000038.SZ,2015-03-05,22.43,22.5,22.03,22.13,8188.8,18171.0
000038.SZ,2015-03-06,22.18,22.18,20.6,21.35,19850.46,42333.09
000038.SZ,2015-03-09,21.57,21.85,21.01,21.62,17881.47,38220.53
000038.SZ,2015-03-10,21.75,22.44,21.34,22.05,16045.16,35170.96
000038.SZ,2015-03-11,22.0,22.58,21.85,22.28,12909.79,28852.19
000038.SZ,2015-03-12,22.34,22.56,21.6,21.82,15810.0,34695.69
000038.SZ,2015-03-13,21.91,22.58,21.91,22.44,12314.06,27527.82
000038.SZ,2015-03-16,22.45,23.82,22.45,23.79,15368.68,35772.92
000038.SZ,2015-03-17,23.51,24.25,22.96,23.49,16210.74,38261.91
000038.SZ,2015-03-18,23.49,24.36,23.03,24.0,18981.33,44566.73
000038.SZ,2015-03-19,23.88,25.0,23.54,25.0,26847.87,65114.83
000038.SZ,2015-03-20,25.0,26.28,24.5,26.2,26316.48,67001.15
000038.SZ,2015-03-23,26.3,28.6,26.05,27.04,56005.64,150342.73
000038.SZ,2015-08-12,29.74,29.74,29.74,29.74,2593.74,7713.78
000038.SZ,2015-08-13,32.71,32.71,32.71,32.71,422.05,1380.53
000038.SZ,2015-08-14,35.98,35.98,35.98,35.98,442.54,1592.26
000038.SZ,2015-08-17,39.58,39.58,39.58,39.58,642.67,2543.69
000038.SZ,2015-08-18,43.54,43.54,41.01,43.54,113051.61,489977.01
000038.SZ,2015-08-19,41.6,46.19,39.6,44.35,130008.83,558648.14
000038.SZ,2015-08-20,42.7,43.91,39.92,39.92,93114.28,385266.9
000038.SZ,2015-08-21,37.35,40.6,35.93,35.93,67619.85,256493.78
000038.SZ,2015-08-24,33.52,34.15,32.34,32.34,37493.48,123640.52
000038.SZ,2015-08-25,29.33,30.49,29.11,29.11,50698.02,149172.27
000038.SZ,2015-08-26,28.13,30.17,26.52,26.52,62843.68,178427.15
000038.SZ,2015-08-27,27.73,28.35,23.87,25.6,70757.64,183489.71
000038.SZ,2015-08-28,26.2,28.16,26.0,28.16,60890.33,165613.29
000038.SZ,2015-08-31,27.0,27.7,25.41,26.1,45482.96,122349.88
000038.SZ,2015-09-01,25.83,28.71,25.54,28.71,103368.28,294065.36
000038.SZ,2015-09-02,26.4,28.9,25.84,25.84,99439.19,261935.28
000038.SZ,2015-09-07,25.1,27.14,24.55,24.95,66691.82,173070.7
000038.SZ,2015-09-08,24.73,26.63,24.71,26.35,48198.6,124860.27
000038.SZ,2015-09-09,26.27,28.99,25.84,28.1,73460.5,203354.99
000038.SZ,2015-09-10,27.0,29.93,27.0,29.0,61783.18,176057.36
000038.SZ,2015-09-11,28.5,29.6,27.01,28.78,54370.65,153989.43
000038.SZ,2015-09-14,28.24,28.6,25.9,25.9,33001.59,89177.05
000038.SZ,2015-09-15,23.73,25.0,23.31,23.5,60322.69,142558.91
000038.SZ,2015-09-16,23.49,25.58,22.62,25.0,53242.3,128819.18
000038.SZ,2015-09-17,24.54,25.89,23.31,23.55,55616.1,135738.25
000038.SZ,2015-09-18,23.55,24.58,23.36,23.89,25780.19,61593.36
000038.SZ,2015-09-21,23.32,26.28,23.32,26.28,49750.27,127341.79
000038.SZ,2015-09-22,26.7,27.9,25.9,27.07,44904.72,119964.11
000038.SZ,2015-09-23,26.14,28.19,26.0,27.62,41650.88,113873.55
000038.SZ,2015-09-24,27.67,29.49,27.03,27.8,40751.62,115515.96
000038.SZ,2015-09-25,27.38,28.69,25.23,25.36,33926.09,91983.14
000038.SZ,2015-09-28,25.44,26.58,24.22,26.4,38320.28,97346.17
000038.SZ,2015-09-29,25.29,29.04,25.0,29.04,47959.21,132532.93
000038.SZ,2015-09-30,29.69,31.94,29.65,31.94,69277.28,212662.35
000038.SZ,2015-10-08,32.58,35.13,32.4,35.13,50082.82,170402.28
000038.SZ,2015-10-09,36.83,38.64,36.51,38.64,24062.61,91108.27
000038.SZ,2015-10-12,42.2,42.5,39.8,42.5,142474.68,592585.65
000038.SZ,2015-10-13,40.4,41.4,38.97,39.85,93048.34,373787.66
000038.SZ,2015-10-14,39.0,40.97,38.63,39.4,81212.37,323419.3
000038.SZ,2015-10-15,38.25,40.68,38.25,40.54,83462.22,332539.51
000038.SZ,2015-10-16,40.1,43.78,39.63,40.4,104570.19,428468.11
000038.SZ,2015-10-19,40.39,44.44,39.72,44.44,92501.87,400668.61
000038.SZ,2015-10-20,47.3,48.88,43.02,44.1,131711.8,605242.85
000038.SZ,2015-10-21,42.25,43.22,39.69,39.69,80431.34,334405.85
000038.SZ,2015-10-22,38.15,42.97,38.15,41.22,79503.59,320616.76
000038.SZ,2015-10-23,40.7,45.34,39.9,45.34,97597.94,424186.11
000038.SZ,2015-10-26,43.0,44.0,40.81,40.81,95555.1,395109.82
000038.SZ,2015-10-27,39.0,39.7,36.73,38.77,71357.59,272054.47
000038.SZ,2015-10-28,38.89,39.98,37.01,37.94,51347.24,197909.25
000038.SZ,2015-10-29,38.34,40.5,38.1,38.73,51707.03,203977.77
000038.SZ,2015-10-30,37.8,37.8,35.15,36.41,56110.78,205654.46
000038.SZ,2015-11-02,34.5,36.13,33.06,33.77,50958.32,177722.79
000038.SZ,2015-11-03,34.35,35.18,33.77,34.5,42338.65,146411.33
000038.SZ,2015-11-04,34.6,37.95,34.6,37.95,49389.89,184707.86
000038.SZ,2015-11-05,40.3,41.41,38.01,39.08,79570.29,316076.63
000038.SZ,2015-11-06,37.85,41.3,37.72,40.45,70921.09,285758.15
000038.SZ,2015-11-09,39.1,40.2,38.2,39.58,55526.84,218171.4
000038.SZ,2015-11-10,39.5,42.6,39.0,41.8,62009.43,254464.25
000038.SZ,2015-11-11,41.8,42.41,40.56,41.4,42992.12,177533.25
000038.SZ,2015-11-12,41.32,42.12,40.41,40.64,38531.81,157712.92
000038.SZ,2015-11-13,40.75,44.7,40.0,44.7,72161.68,315646.85
000038.SZ,2015-11-23,49.17,49.17,46.9,49.17,37258.73,181168.87
000038.SZ,2015-11-24,52.18,54.09,51.4,54.09,23628.57,124646.27
000038.SZ,2015-11-25,59.5,59.5,59.5,59.5,9779.94,58190.64
000038.SZ,2015-11-26,60.0,60.0,53.55,53.55,141925.85,793293.16
000038.SZ,2015-11-27,52.56,54.79,48.21,50.34,89365.96,465414.33
000038.SZ,2015-11-30,50.01,51.7,48.28,51.29,63193.49,315952.97
000038.SZ,2015-12-01,50.4,51.27,47.01,47.5,56664.82,279995.49
000038.SZ,2015-12-02,47.8,50.5,46.01,48.3,48304.74,233890.22
000038.SZ,2015-12-03,47.59,50.29,47.0,49.45,48211.69,236326.64
000038.SZ,2015-12-04,48.8,50.0,48.0,49.58,45393.14,222339.16
000038.SZ,2015-12-07,49.7,53.0,49.1,50.61,58218.13,298212.07
000038.SZ,2015-12-08,49.2,49.99,47.82,48.7,43233.32,210574.91
000038.SZ,2015-12-09,48.74,50.8,47.8,49.21,41403.75,204651.76
000038.SZ,2015-12-10,48.9,48.92,46.03,46.65,38735.88,184926.88
000038.SZ,2015-12-11,46.78,47.95,46.54,47.26,23183.96,109546.5
000038.SZ,2015-12-14,45.88,47.52,45.36,47.4,19994.69,93244.34
000038.SZ,2015-12-15,47.32,52.14,47.3,52.14,46705.8,239720.29
000038.SZ,2015-12-16,53.0,56.17,52.14,53.94,80597.71,436936.77
000038.SZ,2015-12-17,54.06,59.33,54.06,59.33,75954.34,437203.0
000038.SZ,2015-12-18,60.21,62.0,55.8,55.84,73018.89,422630.03
000038.SZ,2015-12-21,56.8,58.49,55.55,56.9,52528.23,300268.25
000038.SZ,2016-06-22,51.21,51.21,51.21,51.21,1151.0,5894.27
000038.SZ,2016-06-23,48.0,56.33,48.0,52.45,122054.16,616258.05
000038.SZ,2016-06-24,49.96,50.8,47.21,48.2,94355.97,457488.85
000038.SZ,2016-06-27,47.79,51.6,47.29,50.42,70851.19,354589.32
000038.SZ,2016-06-28,50.42,55.46,50.11,55.46,61692.22,330680.61
000038.SZ,2016-06-29,55.8,61.01,55.46,59.1,110173.26,652286.78
000038.SZ,2016-06-30,57.8,65.01,56.6,62.27,111368.1,680655.33
000038.SZ,2016-07-01,62.05,63.87,59.7,63.0,85146.21,525178.09
000038.SZ,2016-07-04,58.68,60.5,58.68,58.99,67521.19,401733.54
000038.SZ,2016-07-05,59.65,60.68,56.88,59.38,69835.34,408561.95
000038.SZ,2016-07-06,58.71,59.0,57.16,57.93,46417.58,269275.04
000038.SZ,2016-07-07,57.5,57.99,55.1,57.71,46418.92,262616.1
000038.SZ,2016-07-08,56.88,58.3,56.52,57.13,31379.03,180513.86
000038.SZ,2016-07-11,57.75,57.87,52.48,52.5,49181.84,269309.72
000038.SZ,2016-07-12,52.73,57.75,52.01,57.75,60983.85,333145.56
000038.SZ,2016-07-13,58.81,61.5,57.6,58.09,82955.46,494209.61
000038.SZ,2016-07-14,57.77,59.17,55.1,55.91,48867.64,275936.55
000038.SZ,2016-07-15,56.51,56.98,54.58,55.71,38389.27,213673.96
000038.SZ,2016-07-18,55.45,57.29,54.83,56.14,33670.81,189505.69
000038.SZ,2016-07-19,55.59,58.9,54.56,58.15,50633.89,288816.45
000038.SZ,2016-07-20,58.0,58.6,56.0,56.22,36772.7,209589.46
000038.SZ,2016-07-21,55.82,56.7,55.2,55.22,26825.59,149347.63
000038.SZ,2016-07-22,55.04,55.63,52.34,52.56,38985.8,209103.23
000038.SZ,2016-07-25,52.1,54.66,51.96,52.8,26677.77,142114.55
000038.SZ,2016-07-26,53.0,53.76,52.82,53.12,17135.52,91054.35
000038.SZ,2016-07-27,53.0,53.13,48.35,49.0,35299.7,177410.86
000038.SZ,2016-07-28,49.38,49.49,46.69,47.36,28359.22,135690.1
000038.SZ,2016-07-29,47.65,48.78,47.07,47.45,18247.26,87369.36
000038.SZ,2016-08-01,47.02,47.38,44.02,44.51,24890.59,111802.93
000038.SZ,2016-08-02,44.47,45.55,44.47,45.12,18450.0,83275.72
000038.SZ,2016-08-03,45.15,49.63,45.15,49.63,35531.55,171392.93
000038.SZ,2016-08-04,51.5,52.5,49.82,50.11,59409.6,305027.86
000038.SZ,2016-08-05,49.65,49.78,47.25,48.7,43293.93,210199.12
000038.SZ,2016-08-08,48.98,49.0,47.0,47.86,24107.86,115119.95
000038.SZ,2016-08-09,47.22,49.0,47.22,48.41,26345.39,127379.17
000038.SZ,2016-08-10,48.58,48.65,47.5,47.52,24341.81,116664.44
000038.SZ,2016-08-11,47.0,48.48,46.62,47.16,18300.14,87174.81
000038.SZ,2016-08-12,47.18,47.68,45.55,47.68,28804.7,134358.11
000038.SZ,2016-08-15,47.7,52.45,47.68,49.89,55116.93,278637.21
000038.SZ,2016-08-16,49.6,51.5,48.92,50.2,44953.16,225065.78
000038.SZ,2016-08-17,50.27,53.2,49.56,51.45,51202.64,265753.4
000038.SZ,2016-08-18,51.0,52.97,50.31,51.6,42123.09,217818.21
000038.SZ,2016-08-19,51.01,51.4,50.01,50.12,30141.15,152347.74
000038.SZ,2016-08-22,50.44,51.78,49.58,50.57,34325.47,174825.86
000038.SZ,2016-08-23,49.7,50.0,48.0,48.73,30571.06,149363.95
000038.SZ,2016-08-24,48.51,49.7,48.51,48.93,18215.49,89207.05
000038.SZ,2016-08-25,49.0,49.05,46.88,48.05,19136.68,91233.16
000038.SZ,2016-08-26,47.99,50.2,47.74,48.6,23292.76,113723.22
000038.SZ,2016-08-29,47.5,48.98,47.5,47.68,14093.23,67389.53
000038.SZ,2016-08-30,47.9,48.17,47.03,47.67,11825.64,56321.99
000038.SZ,2016-08-31,47.67,49.15,47.36,48.48,21941.4,106277.54
000038.SZ,2016-09-01,48.5,48.96,47.25,47.25,19732.95,93927.16
000038.SZ,2016-09-02,47.59,47.7,45.9,46.15,15505.01,72428.03
000038.SZ,2016-09-05,46.02,47.29,46.02,46.4,10491.45,48979.49
000038.SZ,2016-09-06,46.4,47.16,45.5,47.12,11594.01,53919.81
000038.SZ,2016-09-07,47.14,47.9,46.8,47.17,14086.66,66535.21
000038.SZ,2016-09-08,47.14,48.46,46.89,47.81,18269.63,87210.37
000038.SZ,2016-09-09,47.6,48.13,46.5,46.51,17395.47,81833.13
000038.SZ,2016-09-12,45.4,46.31,44.99,45.3,11767.42,53543.79
000038.SZ,2016-09-13,45.95,45.95,45.22,45.32,8207.99,37278.19
000038.SZ,2016-09-14,45.32,45.5,45.05,45.14,7395.71,33456.06
000038.SZ,2016-09-19,45.41,46.3,45.3,46.04,10277.93,47093.27
000038.SZ,2016-09-20,46.1,46.48,45.66,46.13,9113.12,42034.58
000038.SZ,2016-09-21,46.1,46.42,45.8,45.82,7059.0,32434.55
000038.SZ,2016-09-22,46.01,47.8,45.85,47.32,21765.7,102234.41
000038.SZ,2016-09-23,47.37,47.37,46.21,46.3,13311.45,62106.33
000038.SZ,2016-09-26,46.69,46.69,44.5,44.67,11881.68,54033.17
000038.SZ,2016-09-27,44.6,45.6,44.6,45.5,10825.58,48849.93
000038.SZ,2016-09-28,45.75,45.8,44.88,44.97,6903.01,31094.36
000038.SZ,2016-09-29,45.1,45.89,45.01,45.44,10793.67,49188.9
000038.SZ,2016-09-30,45.66,47.35,45.21,47.07,20808.41,97348.71
000038.SZ,2016-10-10,47.5,47.99,46.7,47.35,19326.13,91362.03
000038.SZ,2016-10-11,47.5,47.89,47.01,47.29,16788.53,79563.88
000038.SZ,2016-10-12,47.36,48.1,47.02,48.04,19980.82,95347.37
000038.SZ,2016-10-13,48.1,48.1,47.3,47.4,16128.78,76650.49
000038.SZ,2016-10-14,47.2,47.53,46.9,47.17,13313.04,62714.12
000038.SZ,2016-10-17,47.0,47.0,45.51,45.66,24672.79,113398.43
000038.SZ,2016-10-18,45.6,46.06,45.4,46.03,11538.32,52901.35
000038.SZ,2016-10-19,46.3,46.36,45.7,46.04,13096.87,60041.56
000038.SZ,2016-10-20,45.87,47.16,45.73,46.64,15474.61,72013.34
000038.SZ,2016-10-21,46.87,46.91,45.42,46.01,16302.17,74894.9
000038.SZ,2016-10-24,45.9,46.88,45.56,46.57,16397.01,75787.59
000038.SZ,2016-10-25,46.65,46.77,46.14,46.6,12836.08,59661.05
000038.SZ,2016-10-26,46.5,46.65,45.8,46.05,13822.41,63669.43
000038.SZ,2016-10-27,46.19,50.66,46.0,50.66,23690.88,117210.8
000038.SZ,2016-10-28,52.0,55.6,51.78,52.99,113933.48,608503.74
000038.SZ,2016-10-31,51.01,52.27,48.1,49.31,55084.23,274402.56
000038.SZ,2016-11-01,48.9,54.24,48.9,54.24,43313.93,229206.85
000038.SZ,2016-11-02,57.0,59.66,56.21,59.66,100934.16,588216.33
000038.SZ,2016-11-03,63.0,64.22,57.42,57.5,157575.92,965826.0
000038.SZ,2016-11-04,55.92,60.48,55.68,58.6,104065.69,610397.66
000038.SZ,2016-11-07,57.8,62.06,57.61,59.75,84693.75,511034.98
000038.SZ,2016-11-08,59.31,61.88,58.01,59.13,60665.32,360630.66
000038.SZ,2016-11-09,59.15,60.3,57.75,59.15,65655.36,385665.03
000038.SZ,2016-11-10,59.48,59.88,58.4,59.3,57249.73,338686.89
000038.SZ,2016-11-11,60.35,62.2,58.5,59.27,64323.36,386251.06
000038.SZ,2016-11-14,58.27,58.57,55.5,55.91,55628.15,313843.33
000038.SZ,2016-11-15,56.1,56.99,55.42,56.13,30775.81,172916.93
000038.SZ,2016-11-16,56.01,57.0,54.8,55.74,38355.56,213840.74
000038.SZ,2016-11-17,55.47,56.11,54.5,55.65,23802.41,131756.17
000038.SZ,2016-11-18,57.5,60.0,56.56,58.6,69024.94,404141.57
000038.SZ,2016-11-21,58.72,59.81,57.33,59.37,50564.72,296689.04
000038.SZ,2016-11-22,59.0,59.3,58.05,58.62,36619.72,214165.15
000038.SZ,2016-11-23,58.11,58.55,56.51,56.6,38168.44,218294.42
000038.SZ,2016-11-24,56.05,56.5,54.21,54.43,34248.57,188754.23
000038.SZ,2016-11-25,54.3,55.55,54.0,54.79,25919.25,142375.48
000038.SZ,2016-11-28,55.0,57.99,55.0,55.98,33472.58,189473.06
000038.SZ,2016-11-29,55.09,55.5,53.01,53.02,30967.86,167711.67
000038.SZ,2016-11-30,52.9,53.8,51.52,53.44,18661.92,98178.72
000038.SZ,2016-12-01,53.4,53.53,52.32,52.58,14770.94,77915.01
000038.SZ,2016-12-02,52.79,53.3,51.52,51.71,13502.97,70758.21
000038.SZ,2016-12-05,50.8,52.26,50.31,51.75,10992.71,56654.26
000038.SZ,2016-12-06,51.99,52.97,51.6,52.37,11236.31,58685.74
000038.SZ,2016-12-07,52.4,52.82,51.55,52.65,12478.58,65280.0
000038.SZ,2016-12-08,52.7,52.75,51.0,51.22,14770.0,76472.21
000038.SZ,2016-12-09,51.22,52.8,51.22,52.0,15066.3,78483.71
000038.SZ,2016-12-12,51.9,54.56,51.5,52.59,35510.91,187935.22
000038.SZ,2016-12-13,51.02,51.3,47.38,49.53,26992.54,133384.27
000038.SZ,2016-12-14,49.05,49.95,48.0,48.06,19561.63,95449.79
000038.SZ,2016-12-15,47.81,49.1,47.8,48.27,13577.97,65775.97
000038.SZ,2016-12-16,48.64,49.14,48.15,48.9,11956.05,58432.82
000038.SZ,2016-12-19,48.96,50.48,48.7,49.55,17159.8,85295.64
000038.SZ,2016-12-20,49.11,49.4,48.22,48.78,11184.6,54570.18
000038.SZ,2016-12-21,48.65,49.35,48.1,48.88,13049.56,63558.35
000038.SZ,2016-12-22,49.22,49.29,48.37,48.68,8536.47,41573.16
000038.SZ,2016-12-23,48.7,48.77,46.25,46.6,14617.09,69441.65
000038.SZ,2016-12-26,46.3,48.2,46.3,47.73,14220.82,67735.53
000038.SZ,2016-12-27,47.1,48.02,47.1,47.65,9961.9,47470.19
000038.SZ,2016-12-28,47.43,48.1,47.4,47.5,6638.32,31650.06
000038.SZ,2016-12-29,47.5,47.83,47.1,47.21,6712.89,31866.73
000038.SZ,2016-12-30,47.19,47.79,46.01,46.35,9737.1,45365.99
000038.SZ,2017-01-03,46.45,46.95,46.1,46.46,6961.76,32362.93
000038.SZ,2017-01-04,46.68,47.75,46.18,47.29,11639.92,54825.71
000038.SZ,2017-01-05,47.01,47.41,46.58,46.62,9838.23,46058.69
000038.SZ,2017-01-06,46.63,46.88,45.8,45.96,10445.27,48074.17
000038.SZ,2017-01-09,45.6,45.62,44.8,45.08,11083.53,50052.5
000038.SZ,2017-01-10,45.1,45.38,45.0,45.06,6842.36,30906.72
000038.SZ,2017-01-11,45.0,45.19,44.0,44.02,10212.02,45430.4
000038.SZ,2017-01-12,43.8,44.21,42.6,42.75,14687.53,63274.61
000038.SZ,2017-01-13,43.15,43.8,42.58,43.3,13796.31,59580.79
000038.SZ,2017-01-16,43.3,43.5,38.97,39.3,16138.42,65376.87
000038.SZ,2017-01-17,39.29,40.96,38.5,40.29,11973.92,47898.78
000038.SZ,2017-01-18,40.16,40.47,39.36,39.77,6685.91,26619.56
000038.SZ,2017-01-19,39.5,39.5,37.92,37.99,10871.49,42121.99
000038.SZ,2017-01-20,38.1,40.4,38.1,40.28,17792.66,70514.72
000038.SZ,2017-01-23,40.27,40.88,39.52,40.1,9512.05,38132.94
000038.SZ,2017-01-24,40.13,40.72,39.78,39.8,7104.76,28506.38
000038.SZ,2017-01-25,40.0,40.26,39.55,39.86,7386.67,29519.44
000038.SZ,2017-01-26,39.8,40.29,39.4,39.83,9335.41,37034.56
000038.SZ,2017-02-03,39.97,43.81,39.53,43.81,25057.37,108336.87
000038.SZ,2017-02-06,44.5,47.5,43.53,45.8,56230.22,254550.01
000038.SZ,2017-02-07,45.87,46.75,44.5,45.97,33286.71,150818.86
000038.SZ,2017-02-08,45.53,45.53,44.7,45.36,21211.53,95721.08
000038.SZ,2017-02-09,45.35,46.18,44.81,45.4,21584.23,98056.13
000038.SZ,2017-02-10,45.02,45.18,43.82,43.96,18611.99,82397.5
000038.SZ,2017-02-13,43.43,44.47,42.55,44.18,18705.49,81541.69
000038.SZ,2017-02-14,44.1,44.1,43.12,43.43,11567.08,50225.5
000038.SZ,2017-02-15,43.06,44.38,43.06,43.43,18292.19,80191.58
000038.SZ,2017-02-16,43.26,43.9,42.55,43.19,13503.26,58153.14
000038.SZ,2017-02-17,43.19,43.47,42.01,42.14,11734.6,49888.04
000038.SZ,2017-02-20,41.71,42.14,40.68,41.65,14350.68,59302.16
000038.SZ,2017-02-21,41.64,42.38,41.58,42.09,11141.24,46812.69
000038.SZ,2017-02-22,42.09,45.0,42.0,43.33,22956.45,100312.44
000038.SZ,2017-02-23,42.62,43.2,42.16,42.56,13573.99,57744.31
000038.SZ,2017-02-24,42.1,42.48,42.02,42.28,9529.08,40204.16
000038.SZ,2017-02-27,42.07,42.55,41.88,42.03,8249.55,34848.32
000038.SZ,2017-02-28,41.71,42.28,41.71,41.85,8776.22,36815.1
000038.SZ,2017-03-01,42.0,42.78,41.65,41.89,11944.29,50490.99
000038.SZ,2017-03-02,41.68,41.95,40.61,41.03,12344.64,50795.92
000038.SZ,2017-03-03,40.58,40.88,40.26,40.82,10481.66,42534.42
000038.SZ,2017-03-06,40.9,41.45,40.62,41.31,7839.56,32349.79
000038.SZ,2017-03-07,41.41,42.5,41.38,42.37,15888.28,66761.74
000038.SZ,2017-03-08,42.5,42.65,41.2,41.26,15713.27,65455.18
000038.SZ,2017-03-09,41.39,41.45,40.2,40.43,15051.26,61168.03
000038.SZ,2017-03-10,40.56,41.18,40.56,40.72,9391.07,38353.71
000038.SZ,2017-03-13,40.81,41.29,40.01,40.97,10305.39,42096.21
000038.SZ,2017-03-14,41.1,41.48,40.85,41.03,8146.25,33532.36
000038.SZ,2017-03-15,41.12,43.77,40.52,41.78,23966.56,101603.58
000038.SZ,2017-03-16,41.1,42.17,41.0,41.99,16344.8,68077.2
000038.SZ,2017-03-17,41.9,42.45,41.25,41.35,16073.0,67335.95
000038.SZ,2017-03-20,41.35,41.57,40.78,41.06,9521.73,39017.59
000038.SZ,2017-03-21,41.3,41.38,40.85,41.1,8523.56,34963.5
000038.SZ,2017-03-22,40.85,41.0,40.31,40.52,10384.2,42085.82
000038.SZ,2017-03-23,40.65,40.9,39.8,40.2,12259.3,49420.18
000038.SZ,2017-03-24,40.15,40.72,40.01,40.4,7802.33,31461.28
000038.SZ,2017-03-27,40.8,40.8,40.2,40.53,6768.14,27404.87
000038.SZ,2017-03-28,40.59,40.79,40.18,40.25,6908.04,27868.39
000038.SZ,2017-03-29,40.05,40.55,39.95,39.99,9421.23,37834.39
000038.SZ,2017-03-30,39.86,40.08,38.0,38.78,12423.45,48068.22
000038.SZ,2017-03-31,39.11,39.11,38.36,38.56,6206.43,23998.64
000038.SZ,2017-04-05,38.71,39.18,38.42,39.14,9389.52,36449.26
000038.SZ,2017-04-06,38.9,39.45,38.43,38.98,8771.46,34072.04
000038.SZ,2017-04-07,38.76,39.23,38.66,38.83,8253.81,32120.87
000038.SZ,2017-04-10,38.84,39.1,38.01,38.04,11372.07,43708.59
000038.SZ,2017-04-11,38.0,39.15,37.5,39.06,12171.84,46996.44
000038.SZ,2017-04-12,39.08,41.8,38.92,41.1,36325.67,148580.06
000038.SZ,2017-04-13,41.12,41.36,39.63,39.89,20968.06,84023.63
000038.SZ,2017-04-14,40.1,40.1,38.5,39.15,12803.05,50014.71
000038.SZ,2017-04-17,39.3,39.37,37.58,37.97,10760.85,41207.8
000038.SZ,2017-04-18,38.02,38.37,37.03,37.23,8465.88,31968.01
000038.SZ,2017-04-19,37.2,37.2,35.36,36.07,11003.16,39673.23
000038.SZ,2017-04-20,36.06,36.37,35.57,35.7,6519.69,23371.6
000038.SZ,2017-04-21,35.8,36.14,35.7,35.82,4648.5,16688.9
000038.SZ,2017-04-24,35.84,35.84,33.15,33.6,9423.98,32121.5
000038.SZ,2017-04-25,33.8,34.28,33.53,33.56,6162.98,20815.83
000038.SZ,2017-04-26,33.76,34.37,33.5,34.27,9002.29,30616.47
000038.SZ,2017-04-27,34.25,35.0,33.6,34.67,11011.76,37785.35
000038.SZ,2017-04-28,34.5,35.01,34.28,34.87,6469.84,22479.98
000038.SZ,2017-05-02,34.86,35.82,34.48,35.18,8196.54,28695.4
000038.SZ,2017-05-03,35.19,36.0,34.73,35.17,7729.52,27242.2
000038.SZ,2017-05-04,35.5,35.5,34.58,34.58,6261.37,21833.87
000038.SZ,2017-05-05,34.18,34.58,33.5,33.75,6206.05,21201.55
000038.SZ,2017-05-08,33.68,36.43,33.38,34.8,18596.33,64244.19
000038.SZ,2017-05-09,34.19,34.43,33.01,33.76,12825.7,42974.5
000038.SZ,2017-05-10,33.39,33.76,33.05,33.08,10413.01,34712.76
000038.SZ,2017-05-11,32.51,32.51,30.45,31.74,12263.85,38745.63
000038.SZ,2017-11-13,20.97,21.76,20.17,21.76,78060.28,167146.04
000038.SZ,2017-11-14,23.32,23.87,22.22,22.4,111164.53,255423.31
000038.SZ,2017-11-15,21.03,21.83,20.23,20.6,71478.74,149673.13
000038.SZ,2017-11-16,20.88,22.66,20.76,22.66,42604.79,95121.89
000038.SZ,2017-11-17,23.67,24.06,22.65,22.86,142715.54,335441.95
000038.SZ,2017-11-20,21.5,25.15,20.8,25.15,103393.16,239347.2
000038.SZ,2017-11-21,25.04,27.04,25.03,26.29,175646.75,459009.58
000038.SZ,2017-11-22,25.39,26.17,25.18,25.53,98736.14,253350.33
000038.SZ,2017-11-23,25.14,25.45,23.73,23.78,91919.9,224003.68
000038.SZ,2017-11-24,23.85,24.63,22.81,22.85,68092.56,161762.22
000038.SZ,2017-11-27,22.94,24.35,22.85,23.55,70290.25,166437.2
000038.SZ,2017-11-28,23.3,24.29,22.88,24.02,66562.2,156835.49
000038.SZ,2017-11-29,23.7,23.86,23.0,23.2,50145.99,116851.19
000038.SZ,2017-11-30,22.88,22.88,21.71,22.02,62942.45,139063.15
000038.SZ,2017-12-01,21.81,22.09,21.39,21.94,38813.02,84500.43
000038.SZ,2017-12-04,21.98,21.98,20.12,20.53,52255.34,109658.67
000038.SZ,2017-12-05,20.82,21.5,20.16,20.35,34727.38,72341.43
000038.SZ,2017-12-06,20.15,20.87,19.81,20.65,31874.74,64900.55
000038.SZ,2017-12-07,20.37,22.72,20.37,22.72,34181.19,75540.12
000038.SZ,2017-12-08,23.07,24.72,22.95,23.89,133660.91,314016.79
000038.SZ,2017-12-11,23.59,23.84,23.11,23.47,83734.08,196390.4
000038.SZ,2017-12-12,23.23,23.95,23.01,23.11,55063.26,128695.06
000038.SZ,2017-12-13,22.89,23.56,22.88,23.31,43500.17,100848.08
000038.SZ,2017-12-14,23.13,23.4,22.91,23.3,43748.37,101348.62
000038.SZ,2017-12-15,23.5,24.2,23.15,23.35,73130.72,172812.7
000038.SZ,2017-12-18,23.05,23.08,21.16,21.26,65412.12,141418.9
000038.SZ,2017-12-19,21.27,21.8,21.04,21.58,39429.94,84798.11
000038.SZ,2017-12-20,21.67,21.76,21.1,21.16,33331.2,71083.25
000038.SZ,2017-12-21,21.3,21.49,20.5,21.42,40172.08,84797.01
000038.SZ,2017-12-22,21.58,22.97,21.45,21.8,55531.75,122742.1
000038.SZ,2017-12-25,21.47,21.74,21.18,21.4,31207.31,66997.73
000038.SZ,2017-12-26,21.15,21.63,21.15,21.51,32720.7,70031.28
000038.SZ,2017-12-27,21.35,21.64,20.83,21.01,35926.45,76232.53
000038.SZ,2017-12-28,20.76,21.35,20.53,20.87,29577.3,62196.72
000038.SZ,2017-12-29,20.79,21.16,20.71,20.77,22298.9,46561.53
000038.SZ,2018-01-02,20.93,20.98,20.31,20.98,27096.16,56188.82
000038.SZ,2018-01-03,20.88,21.6,20.88,21.51,46834.97,99739.82
000038.SZ,2018-01-04,21.55,21.72,21.12,21.22,32011.01,68147.03
000038.SZ,2018-01-05,21.21,21.95,21.11,21.59,53508.79,115600.55
000038.SZ,2018-01-08,21.32,21.49,20.73,21.02,38788.05,81350.08
000038.SZ,2018-01-09,20.96,21.0,20.57,20.85,25555.78,53067.74
000038.SZ,2018-01-10,20.75,20.85,20.11,20.33,31226.04,63633.85
000038.SZ,2018-01-11,20.18,20.99,20.15,20.78,33927.4,70246.93
000038.SZ,2018-01-12,20.63,20.87,20.26,20.3,23180.16,47364.25
000038.SZ,2018-01-15,20.15,20.49,19.3,19.69,30480.17,60836.84
000038.SZ,2018-01-16,19.83,19.85,19.35,19.63,21454.4,42012.01
000038.SZ,2018-01-17,19.63,19.78,18.77,19.28,27698.0,53138.81
000038.SZ,2018-01-18,19.06,20.5,19.06,19.62,25405.98,50323.38
000038.SZ,2018-01-19,19.56,19.9,19.37,19.45,16577.04,32567.27
000038.SZ,2018-01-22,19.1,20.58,19.0,19.97,34128.82,67749.41
000038.SZ,2018-01-23,19.68,19.94,19.59,19.72,18934.21,37425.66
000038.SZ,2018-01-24,19.8,20.3,19.73,20.12,31050.83,62427.21
000038.SZ,2018-01-25,20.13,20.45,19.7,19.7,23327.43,46563.97
000038.SZ,2018-01-26,19.59,19.8,19.35,19.37,18572.8,36207.92
000038.SZ,2018-01-29,19.42,19.55,19.28,19.45,14573.02,28223.87
000038.SZ,2018-01-30,19.47,19.51,19.14,19.16,13997.63,26926.37
000038.SZ,2018-01-31,19.05,19.42,19.03,19.42,15318.76,29407.77
000038.SZ,2018-02-01,19.4,19.54,18.15,18.4,32760.62,61646.66
000038.SZ,2018-02-02,18.45,19.0,18.35,18.92,17104.69,31984.15
000038.SZ,2018-02-05,18.68,18.8,18.37,18.64,11010.39,20459.89
000038.SZ,2018-02-06,18.6,18.8,18.1,18.59,15671.76,28928.07
000038.SZ,2018-02-07,18.77,19.15,18.37,18.63,16828.82,31390.01
000038.SZ,2018-02-08,18.6,18.95,18.4,18.87,11737.87,21989.23
000038.SZ,2018-02-09,18.5,18.71,18.31,18.45,12492.25,23053.08
000038.SZ,2018-02-12,18.51,18.88,18.41,18.67,9193.22,17170.43
000038.SZ,2018-02-13,18.66,19.36,18.66,18.9,19616.2,37294.16
000038.SZ,2018-02-14,18.83,19.1,18.5,18.66,6942.8,12988.68
000038.SZ,2018-02-22,18.83,19.14,18.6,19.02,20036.54,37707.38
000038.SZ,2018-02-23,19.02,19.2,18.48,18.5,30741.0,57576.84
000038.SZ,2018-08-24,16.29,16.29,16.29,16.29,1115.0,1816.34
000038.SZ,2018-08-27,14.66,14.66,14.66,14.66,2062.0,3022.89
000038.SZ,2018-08-28,13.19,14.24,13.19,13.66,74276.47,100484.24
000038.SZ,2018-08-29,13.29,13.56,13.16,13.46,38637.68,51390.63
000038.SZ,2018-08-30,13.32,13.49,12.91,12.94,36519.76,48183.96
000038.SZ,2018-08-31,12.8,12.81,11.75,12.68,64443.53,79780.0
000038.SZ,2018-09-03,12.65,12.7,12.3,12.54,34234.72,42818.35
000038.SZ,2018-09-04,12.69,13.1,12.55,13.0,31036.58,39579.06
000038.SZ,2018-09-05,12.9,13.1,12.74,12.77,20659.26,26706.11
000038.SZ,2018-09-06,12.69,12.82,12.38,12.57,22999.51,28808.97
000038.SZ,2018-09-07,12.55,12.69,12.38,12.39,15933.15,20003.23
000038.SZ,2018-09-10,12.35,13.63,12.21,13.62,120764.17,163293.65
000038.SZ,2018-09-11,13.05,13.17,12.38,12.69,82011.99,104316.68
000038.SZ,2018-09-12,12.61,12.73,12.21,12.69,42457.78,53091.58
000038.SZ,2018-09-13,12.6,12.94,12.51,12.7,28249.01,35736.09
000038.SZ,2018-09-14,12.71,12.8,12.33,12.56,30303.0,37936.15
000038.SZ,2018-09-17,12.52,12.73,12.18,12.5,26337.91,32955.67
000038.SZ,2018-09-18,12.37,12.65,12.35,12.58,17803.39,22253.45
000038.SZ,2018-09-19,12.43,13.2,12.43,12.85,49241.75,63462.78
000038.SZ,2018-09-20,12.64,13.31,12.44,12.87,48672.42,62668.27
000038.SZ,2018-09-21,12.77,13.1,12.66,12.99,44500.21,57319.43
000038.SZ,2018-09-25,12.77,12.95,12.63,12.69,21611.41,27528.57
000038.SZ,2018-09-26,12.73,12.73,12.55,12.64,19373.2,24510.17
000038.SZ,2018-09-27,12.56,12.65,12.31,12.5,22602.82,28274.05
000038.SZ,2018-09-28,12.5,12.96,12.41,12.75,20316.32,25679.28
000038.SZ,2018-10-08,12.59,12.7,12.28,12.44,17457.6,21816.11
000038.SZ,2018-10-09,12.49,12.53,12.36,12.38,11446.6,14214.89
000038.SZ,2018-10-10,12.38,12.47,12.31,12.43,14051.73,17411.9
000038.SZ,2018-10-11,12.12,12.64,11.19,12.28,47897.91,58521.19
000038.SZ,2018-10-12,12.0,12.3,11.81,12.11,13229.07,16035.13
000038.SZ,2018-10-15,12.8,13.32,12.41,12.55,105368.56,136427.71
000038.SZ,2018-10-16,11.95,12.71,11.48,12.06,69018.93,83664.64
000038.SZ,2018-10-17,11.98,12.56,11.91,12.08,24842.84,30286.95
000038.SZ,2018-10-18,11.0,12.14,11.0,11.99,32692.52,38513.16
000038.SZ,2018-10-19,11.8,12.2,11.55,11.95,28251.84,33550.86
000038.SZ,2018-10-22,12.35,12.43,12.01,12.37,38432.72,47132.59
000038.SZ,2018-10-23,12.48,12.48,11.95,12.25,30388.4,37056.2
000038.SZ,2018-10-24,12.41,12.41,12.05,12.16,16315.4,19839.92
000038.SZ,2018-10-25,11.9,12.36,11.6,12.21,21993.37,26685.15
000038.SZ,2018-10-26,12.12,12.25,12.0,12.19,14211.85,17276.36
000038.SZ,2018-10-29,12.06,12.22,11.75,12.03,16744.4,20185.29
000038.SZ,2018-10-30,12.19,12.19,11.95,12.05,11333.91,13628.2
000038.SZ,2018-10-31,12.1,12.17,11.98,12.07,15859.0,19200.18
000038.SZ,2018-11-01,12.3,12.38,12.06,12.16,38373.02,46724.41
000038.SZ,2018-11-02,12.23,12.29,12.1,12.14,78709.65,95529.47
000038.SZ,2018-11-05,12.1,12.21,11.96,12.11,37255.84,45069.96
000038.SZ,2018-11-06,12.11,12.21,11.99,12.11,37883.6,45898.78
000038.SZ,2018-11-07,12.2,12.2,11.99,12.06,32261.2,38952.72
000038.SZ,2018-11-08,12.08,12.09,11.99,12.04,16028.32,19292.44
000038.SZ,2018-11-09,12.08,12.08,11.89,11.98,17582.8,21022.9
000038.SZ,2018-11-12,11.99,12.08,11.9,12.08,23289.74,28000.34
000038.SZ,2018-11-13,12.08,12.29,12.01,12.29,93957.74,114520.59
000038.SZ,2018-11-14,12.41,12.89,12.34,12.59,118723.81,148833.22
000038.SZ,2018-11-15,12.63,12.85,12.42,12.72,71472.45,89975.96
000038.SZ,2018-11-16,12.85,12.88,12.58,12.75,72329.1,91940.16
000038.SZ,2018-11-19,12.76,12.88,12.55,12.84,55825.09,71053.71
000038.SZ,2018-11-20,12.82,12.82,12.43,12.67,52586.12,66599.46
000038.SZ,2018-11-21,12.62,12.66,12.46,12.62,32739.62,41151.89
000038.SZ,2018-11-22,13.0,13.88,12.98,13.88,246538.86,339750.27
000038.SZ,2018-11-23,13.71,15.06,13.38,14.22,263393.87,370184.69
000038.SZ,2018-11-26,13.85,14.28,13.5,14.05,141799.13,196166.9
000038.SZ,2018-11-27,13.9,15.46,13.9,15.46,213957.19,316939.18
000038.SZ,2018-11-28,15.07,16.17,14.73,14.78,206987.55,315408.32
000038.SZ,2018-11-29,14.53,14.86,13.85,13.9,145940.52,208600.36
000038.SZ,2018-11-30,13.68,13.81,13.13,13.5,114127.37,153762.89
000038.SZ,2018-12-03,13.71,14.28,13.48,14.09,128136.41,178018.9
000038.SZ,2018-12-04,13.87,13.95,13.54,13.84,96613.92,132933.26
000038.SZ,2018-12-05,13.35,13.77,13.3,13.68,57676.74,78449.05
000038.SZ,2018-12-06,13.68,14.45,13.49,14.2,114006.82,159503.32
000038.SZ,2018-12-07,13.8,13.95,13.52,13.64,82559.4,113270.4
000038.SZ,2018-12-10,13.42,13.6,13.03,13.39,54218.79,72280.93
000038.SZ,2018-12-11,13.7,13.74,13.16,13.72,57287.61,77628.91
000038.SZ,2018-12-12,13.65,13.8,13.5,13.6,36627.21,49878.36
000038.SZ,2018-12-13,13.73,13.73,13.51,13.6,38670.5,52581.4
000038.SZ,2018-12-14,13.6,13.68,13.11,13.4,45979.93,61669.29
000038.SZ,2018-12-17,13.3,13.38,13.05,13.09,25979.4,34152.1
000038.SZ,2018-12-18,13.25,13.38,12.99,13.26,42231.17,55860.14
000038.SZ,2018-12-19,13.5,13.5,13.09,13.26,36665.76,48558.43
000038.SZ,2018-12-20,13.26,13.42,13.08,13.24,33844.46,44883.64
000038.SZ,2018-12-21,13.29,13.29,13.04,13.16,20844.52,27385.34
000038.SZ,2018-12-24,13.18,13.25,13.08,13.12,21535.82,28335.31
000038.SZ,2018-12-25,13.1,13.26,12.6,13.12,50680.57,66055.24
000038.SZ,2018-12-26,13.19,13.19,13.0,13.09,26395.71,34529.71
000038.SZ,2018-12-27,13.35,13.35,12.89,13.08,25144.43,32810.98
000038.SZ,2018-12-28,13.1,13.1,12.57,12.76,51048.59,65342.05
000038.SZ,2019-01-02,12.73,12.9,12.47,12.76,34049.22,43345.81
000038.SZ,2019-01-03,12.83,12.83,12.54,12.64,18692.81,23723.74
000038.SZ,2019-01-04,12.67,12.82,12.51,12.75,22487.84,28583.22
000038.SZ,2019-01-07,12.84,13.14,12.68,13.05,50127.0,64591.84
000038.SZ,2019-01-08,13.06,13.11,12.84,12.96,33555.88,43508.47
000038.SZ,2019-01-09,12.93,13.06,12.84,12.96,36209.4,46983.08
000038.SZ,2019-01-10,12.96,12.96,12.6,12.8,30311.2,38720.94
000038.SZ,2019-01-11,12.76,12.76,12.61,12.63,15314.08,19378.54
000038.SZ,2019-01-14,12.64,12.81,12.5,12.68,19020.42,24160.44
000038.SZ,2019-01-15,12.71,12.82,12.59,12.74,15373.1,19523.55
000038.SZ,2019-01-16,12.77,12.79,12.59,12.59,14447.62,18319.28
000038.SZ,2019-01-17,12.55,12.94,12.46,12.69,30299.16,38522.13
000038.SZ,2019-01-18,12.77,12.9,12.53,12.69,25870.22,32899.64
000038.SZ,2019-01-21,12.7,12.75,12.6,12.68,12613.2,16005.4
000038.SZ,2019-01-22,12.72,12.72,12.54,12.55,10618.3,13390.38
000038.SZ,2019-01-23,12.58,12.65,12.47,12.54,10065.6,12620.53
000038.SZ,2019-01-24,12.57,12.57,12.47,12.48,13876.79,17377.16
000038.SZ,2019-01-25,12.54,12.54,12.35,12.51,21983.16,27371.06
000038.SZ,2019-01-28,12.62,12.62,12.36,12.42,22565.6,28066.55
000038.SZ,2019-01-29,12.48,12.53,12.25,12.4,26073.4,32308.05
000038.SZ,2019-01-30,12.4,12.6,11.9,12.6,38319.42,47085.95
000038.SZ,2019-01-31,12.86,12.95,12.3,12.6,64968.89,82281.31
000038.SZ,2019-02-01,12.98,12.98,12.47,12.7,31486.12,39612.29
000038.SZ,2019-02-11,12.61,12.76,12.53,12.72,23915.11,30309.37
000038.SZ,2019-02-12,12.72,12.79,12.65,12.74,21011.0,26732.09
000038.SZ,2019-02-13,12.76,12.83,12.65,12.81,45419.54,57948.99
000038.SZ,2019-02-14,12.81,12.83,12.68,12.77,33451.49,42598.57
000038.SZ,2019-02-15,12.7,12.75,12.67,12.68,23370.2,29686.79
000038.SZ,2019-02-18,12.81,13.08,12.73,13.05,65672.46,84636.68
000038.SZ,2019-02-19,13.12,14.36,13.12,13.54,111691.1,152469.55
000038.SZ,2019-02-20,13.58,13.77,13.35,13.61,63338.24,85662.2
000038.SZ,2019-02-21,13.6,13.68,13.23,13.35,61034.62,82390.91
000038.SZ,2019-02-22,13.28,13.49,13.17,13.46,51054.48,68100.31
000038.SZ,2019-02-25,13.46,14.69,13.46,14.25,121746.96,169394.4
000038.SZ,2019-02-26,14.18,14.18,13.76,13.81,94223.66,131405.87
000038.SZ,2019-02-27,13.74,13.95,13.5,13.7,60836.12,83825.61
000038.SZ,2019-02-28,13.68,13.85,13.61,13.79,41488.4,56963.26
000038.SZ,2019-03-01,13.8,13.89,13.53,13.8,39504.4,54121.77
000038.SZ,2019-03-04,13.85,14.14,13.72,13.95,108201.17,151004.21
000038.SZ,2019-03-05,13.89,14.3,13.82,14.29,84697.06,118926.75
000038.SZ,2019-03-06,14.31,14.98,14.3,14.71,130014.13,190584.33
000038.SZ,2019-03-07,14.6,15.5,14.4,15.17,129501.83,191494.49
000038.SZ,2019-03-08,15.18,15.18,14.25,14.26,108181.65,159329.6
000038.SZ,2019-03-11,14.24,14.6,14.18,14.56,76445.05,110047.18
000038.SZ,2019-03-12,14.68,15.15,14.56,14.93,123080.76,182274.64
000038.SZ,2019-03-13,14.96,14.99,14.3,14.53,90437.39,132208.38
000038.SZ,2019-03-14,14.3,14.3,13.3,13.52,80998.23,111053.19
000038.SZ,2019-03-15,13.53,13.88,13.5,13.63,49511.63,67814.23
000038.SZ,2019-03-18,13.65,13.84,13.4,13.83,68187.32,93020.35
000038.SZ,2019-03-19,13.8,14.28,13.7,14.0,66550.43,93190.99
000038.SZ,2019-03-20,14.14,14.17,13.6,13.81,48392.16,66868.35
000038.SZ,2019-03-21,13.83,14.08,13.79,14.06,69848.88,97706.39
000038.SZ,2019-03-22,14.06,14.06,13.6,13.83,54378.42,75043.05
000038.SZ,2019-03-25,13.56,14.28,13.39,14.07,75611.12,105139.26
000038.SZ,2019-03-26,13.9,14.03,13.41,13.52,54413.0,74545.68
000038.SZ,2019-03-27,13.54,13.69,13.16,13.37,44762.52,59780.84
000038.SZ,2019-03-28,13.31,13.4,12.69,12.96,67099.8,87459.79
000038.SZ,2019-03-29,12.83,13.15,12.78,13.13,41676.25,54221.01
000038.SZ,2019-04-01,13.33,13.73,13.18,13.68,73541.02,99336.38
000038.SZ,2019-04-02,13.79,15.0,13.64,14.51,170900.5,242612.0
000038.SZ,2019-04-03,14.2,14.45,14.11,14.39,125171.34,178952.38
000038.SZ,2019-04-04,14.4,14.43,14.02,14.21,76693.97,109072.72
000038.SZ,2019-04-08,14.4,14.92,14.11,14.48,109369.59,159031.67
000038.SZ,2019-04-09,14.3,14.45,14.06,14.25,58574.42,83509.86
000038.SZ,2019-04-10,14.15,14.15,13.83,13.97,54493.1,76157.62
000038.SZ,2019-04-11,14.08,14.08,13.54,13.56,49545.56,68320.36
000038.SZ,2019-04-12,13.5,13.79,13.48,13.72,33022.4,45064.59
000038.SZ,2019-04-15,13.9,13.93,13.3,13.43,70870.49,96643.53
000038.SZ,2019-04-16,12.8,12.87,12.33,12.84,106441.35,134603.47
000038.SZ,2019-04-17,12.84,13.4,12.7,13.4,75688.92,98281.26
000038.SZ,2019-04-18,14.74,14.74,14.74,14.74,33555.87,49461.35
000038.SZ,2019-04-19,15.8,16.21,15.55,16.21,271687.51,436963.3
000038.SZ,2019-04-22,16.51,17.6,15.53,16.56,388333.07,644672.76
000038.SZ,2019-04-23,15.92,16.45,14.9,14.9,217486.02,338318.71
000038.SZ,2019-04-24,15.16,15.75,14.91,15.0,180856.67,277041.56
000038.SZ,2019-04-25,14.58,14.59,13.5,13.68,196378.63,272447.25
000038.SZ,2019-04-26,13.45,13.45,12.8,13.05,112332.51,147419.18
000038.SZ,2019-04-29,13.05,13.1,12.48,13.1,94171.29,119948.18
000038.SZ,2019-04-30,13.47,14.24,13.47,13.76,147621.3,203699.81
000038.SZ,2019-05-06,12.76,13.47,12.66,13.18,116382.62,151446.26
000038.SZ,2019-05-07,13.47,13.85,13.03,13.6,111951.42,150888.8
000038.SZ,2019-05-08,13.5,14.88,13.03,14.58,218032.95,309123.18
000038.SZ,2019-05-09,14.4,14.83,13.96,14.29,175616.4,253685.27
000038.SZ,2019-05-10,14.55,14.68,13.71,14.5,125999.93,180769.86
000038.SZ,2019-05-13,14.47,14.47,13.05,13.5,220303.54,296038.84
000038.SZ,2019-05-14,12.79,13.2,12.5,13.18,114795.16,147564.12
000038.SZ,2019-05-15,13.2,13.3,12.83,13.15,98860.12,128979.63
000038.SZ,2019-05-16,13.15,13.15,12.84,13.05,72715.62,94239.18
000038.SZ,2019-05-17,12.62,12.9,12.14,12.4,118325.27,147847.78
000038.SZ,2019-05-20,12.36,12.4,11.16,12.4,135011.16,155768.49
000038.SZ,2019-05-21,12.68,12.75,12.18,12.75,96015.68,119821.92
000038.SZ,2019-05-22,12.75,12.75,12.31,12.38,53768.81,66827.48
000038.SZ,2019-05-23,12.44,13.03,11.91,12.27,131108.41,162699.13
000038.SZ,2019-05-24,11.04,11.04,11.04,11.04,13200.0,14572.8
000038.SZ,2019-05-27,9.94,9.94,9.94,9.94,8987.0,8933.08
000038.SZ,2019-05-28,8.95,8.95,8.95,8.95,19267.0,17243.97
000038.SZ,2019-05-29,8.11,9.46,8.11,8.79,337996.49,288015.1
000038.SZ,2019-05-30,8.21,8.42,8.15,8.23,209556.48,172978.67
000038.SZ,2019-05-31,8.23,8.38,8.11,8.22,133417.43,109862.0
000038.SZ,2019-06-03,8.14,8.18,7.58,7.66,152523.14,118703.16
000038.SZ,2019-06-04,7.71,7.75,7.37,7.43,98462.32,74620.71
000038.SZ,2019-06-05,7.53,7.58,7.33,7.37,78170.25,58116.51
000038.SZ,2019-06-06,7.3,7.3,6.92,7.02,98424.99,69363.26
000038.SZ,2019-06-10,7.12,7.12,6.92,7.03,55570.5,39042.97
000038.SZ,2019-06-11,7.06,7.27,6.93,7.23,126917.6,90797.8
000038.SZ,2019-06-12,7.19,7.52,7.16,7.25,130681.18,95971.41
000038.SZ,2019-06-13,7.18,7.44,7.12,7.39,109873.71,80091.61
000038.SZ,2019-06-14,7.32,7.38,7.05,7.06,86635.25,62297.2
000038.SZ,2019-06-17,7.05,7.19,6.96,7.04,47173.9,33266.04
000038.SZ,2019-06-18,7.02,7.25,7.02,7.22,81318.42,58291.34
000038.SZ,2019-06-19,7.28,7.45,7.19,7.2,100659.02,73592.21
000038.SZ,2019-06-20,7.11,7.33,7.09,7.27,78949.16,57017.42
000038.SZ,2019-06-21,7.38,7.43,7.29,7.41,93201.47,68697.98
000038.SZ,2019-06-24,7.55,7.62,7.26,7.36,87085.0,64422.52
000038.SZ,2019-06-25,7.3,7.35,7.09,7.24,69555.69,50066.47
000038.SZ,2019-06-26,7.25,7.38,7.22,7.3,64978.14,47540.22
000038.SZ,2019-06-27,7.25,7.42,7.24,7.29,63768.28,46792.66
000038.SZ,2019-06-28,7.31,7.31,6.99,7.05,82951.0,58876.82
000038.SZ,2019-07-01,7.1,7.49,7.1,7.45,139091.86,102657.93
000038.SZ,2019-07-02,7.45,8.2,7.45,8.2,129089.3,102667.92
000038.SZ,2019-07-03,8.2,9.0,8.06,8.64,363178.17,315458.23
000038.SZ,2019-07-04,8.24,8.77,8.24,8.3,193675.5,162669.46
000038.SZ,2019-07-05,8.43,8.44,8.06,8.17,112575.23,91832.24
000038.SZ,2019-07-08,8.13,8.16,7.62,7.82,119108.65,92990.37
000038.SZ,2019-07-09,7.71,8.6,7.67,8.6,127142.2,102377.05
000038.SZ,2019-07-10,8.75,9.3,8.48,9.07,304664.8,273437.59
000038.SZ,2019-07-11,8.94,9.98,8.64,9.6,279330.2,260272.95
000038.SZ,2019-07-12,9.3,9.65,9.01,9.09,185710.54,172344.19
000038.SZ,2019-07-15,8.83,8.98,8.39,8.92,136895.0,119142.68
000038.SZ,2019-07-16,8.92,9.78,8.5,9.5,197507.38,180343.38
000038.SZ,2019-07-17,9.35,9.81,9.1,9.19,171768.4,161619.31
000038.SZ,2019-07-18,9.03,9.17,8.8,8.8,105508.71,94468.91
000038.SZ,2019-07-19,8.82,9.09,8.7,8.81,83442.41,74233.27
000038.SZ,2019-07-22,8.71,8.71,8.31,8.39,83720.33,70889.21
000038.SZ,2019-07-23,8.5,9.0,8.21,8.89,116712.25,100300.71
000038.SZ,2019-07-24,8.8,8.98,8.71,8.72,105477.41,93130.48
000038.SZ,2019-07-25,8.7,8.92,8.43,8.65,89287.0,77522.93
000038.SZ,2019-07-26,8.61,8.61,8.4,8.41,70507.2,59787.45
000038.SZ,2019-07-29,7.79,8.38,7.79,8.1,105208.71,85120.52
000038.SZ,2019-07-30,8.03,8.35,8.03,8.11,86983.68,71327.04
000038.SZ,2019-07-31,8.02,8.08,7.84,7.86,72865.17,57844.96
000038.SZ,2019-08-01,7.72,8.02,7.68,7.9,54973.8,43465.76
000038.SZ,2019-08-02,7.75,7.78,7.5,7.56,64223.38,48966.69
000038.SZ,2019-08-05,7.56,7.68,7.31,7.38,52496.6,39526.68
000038.SZ,2019-08-06,7.2,7.23,6.71,6.87,121940.34,84587.26
000038.SZ,2019-08-07,6.67,7.42,6.67,7.13,130642.9,92946.7
000038.SZ,2019-08-08,7.05,7.45,7.0,7.25,83499.86,60789.31
000038.SZ,2019-08-09,7.35,7.35,6.95,6.99,82110.0,58258.46
000038.SZ,2019-08-12,7.1,7.23,6.94,7.16,53192.01,37732.04
000038.SZ,2019-08-13,7.16,7.21,7.04,7.08,43215.05,30731.45
000038.SZ,2019-08-14,7.2,7.34,7.03,7.03,64306.1,45842.17
000038.SZ,2019-08-15,6.82,7.17,6.73,7.14,74194.5,52054.5
000038.SZ,2019-08-16,7.15,7.24,7.01,7.02,59759.8,42499.81
000038.SZ,2019-08-19,7.71,7.72,7.69,7.72,49493.7,38199.48
000038.SZ,2019-08-20,8.2,8.49,7.92,8.49,274493.06,224225.07
000038.SZ,2019-08-21,8.88,9.34,8.82,9.34,310386.35,284877.8
000038.SZ,2019-08-22,9.9,10.27,9.27,10.27,344817.4,342734.35
000038.SZ,2019-08-23,11.3,11.3,10.82,11.3,560582.02,629897.26
000038.SZ,2019-08-26,10.88,12.43,10.38,11.68,513153.78,582400.94
000038.SZ,2019-08-27,11.4,12.85,11.1,12.85,532426.32,649551.26
000038.SZ,2019-08-28,12.9,14.14,12.26,14.14,422978.95,567319.03
000038.SZ,2019-08-29,15.03,15.55,15.03,15.55,228086.64,351422.58
000038.SZ,2019-08-30,16.11,16.88,14.25,15.18,646888.66,1016138.32
000038.SZ,2019-09-02,15.02,16.38,14.6,15.95,582445.96,892325.87
000038.SZ,2019-09-03,15.4,16.18,14.61,15.5,550230.58,846125.77
000038.SZ,2019-09-04,15.06,16.69,15.06,16.26,555043.0,885078.54
000038.SZ,2019-09-05,16.29,16.99,15.22,15.65,528519.79,851182.78
000038.SZ,2019-09-06,15.16,16.59,15.0,15.83,472603.73,755052.51
000038.SZ,2019-09-09,15.0,15.28,14.3,14.91,403453.01,594662.99
000038.SZ,2019-09-10,14.81,15.34,14.6,14.89,345831.79,518928.05
000038.SZ,2019-09-11,14.52,15.2,14.22,14.28,278809.92,406876.58
000038.SZ,2019-09-12,14.39,14.68,14.06,14.67,215452.1,311698.29
000038.SZ,2019-09-16,14.62,15.16,14.28,14.39,225202.42,329754.21
000038.SZ,2019-09-17,14.35,15.83,14.35,15.83,371909.91,576632.79
000038.SZ,2019-09-18,16.64,17.3,15.58,15.61,583730.22,958306.87
000038.SZ,2019-09-19,14.58,14.79,14.05,14.35,418841.57,598048.66
000038.SZ,2019-09-20,13.96,14.24,13.66,13.91,256139.22,356065.8
000038.SZ,2019-09-23,13.58,13.8,13.17,13.39,208085.85,278772.48
000038.SZ,2019-09-24,13.26,13.5,13.05,13.32,159390.25,211494.2
000038.SZ,2019-09-25,13.32,13.65,13.0,13.1,171763.74,229268.27
000038.SZ,2019-09-26,13.01,13.01,12.02,12.07,207186.28,255958.93
000038.SZ,2019-09-27,12.22,12.29,12.04,12.11,109749.3,133520.31
000038.SZ,2019-09-30,12.29,12.54,11.88,12.1,116504.85,142352.01
000038.SZ,2019-10-08,12.24,13.09,12.2,12.4,185451.4,232979.16
000038.SZ,2019-10-09,12.12,13.25,11.16,13.1,226197.55,284704.19
000038.SZ,2019-10-10,13.27,13.55,12.88,13.02,214939.21,281314.88
000038.SZ,2019-10-11,12.92,13.09,12.62,12.71,125402.34,160439.46
000038.SZ,2019-10-14,12.7,12.99,12.65,12.83,110990.66,142169.62
000038.SZ,2019-10-15,12.34,12.5,11.97,12.37,132010.8,161887.12
000038.SZ,2019-10-16,12.44,12.52,11.95,12.22,74412.14,91480.03
000038.SZ,2019-10-17,12.33,12.35,12.01,12.03,67348.47,81754.7
000038.SZ,2019-10-18,12.08,12.24,11.58,11.61,89412.2,105810.9
000038.SZ,2019-10-21,11.8,11.86,11.16,11.77,91197.82,105702.9
000038.SZ,2019-10-22,11.78,11.95,11.55,11.88,74927.0,88109.31
000038.SZ,2019-10-23,11.88,11.88,11.5,11.5,62657.4,73033.48
000038.SZ,2019-10-24,11.54,11.78,11.24,11.37,72913.0,83516.95
000038.SZ,2019-10-25,11.32,11.55,11.27,11.42,63978.2,73144.58
000038.SZ,2019-10-28,12.56,12.56,12.56,12.56,63568.51,79842.05
000038.SZ,2019-10-29,13.82,13.82,12.61,12.95,372528.53,499229.95
000038.SZ,2019-10-30,11.88,12.49,11.66,11.66,286073.22,341400.1
000038.SZ,2019-10-31,11.21,11.54,10.51,10.7,186650.45,206042.9
000038.SZ,2019-11-01,10.48,10.9,10.44,10.65,94802.6,101362.65
000038.SZ,2019-11-04,10.74,10.88,10.53,10.6,85245.4,91169.4
000038.SZ,2019-11-05,10.57,10.65,10.44,10.5,75295.72,79378.6
000038.SZ,2019-11-06,10.56,10.58,10.22,10.37,84792.81,88075.49
000038.SZ,2019-11-07,10.43,10.55,10.34,10.47,63231.0,66158.3
000038.SZ,2019-11-08,10.5,10.55,10.13,10.34,91207.0,94124.4
000038.SZ,2019-11-11,10.25,10.25,9.94,9.97,65433.2,65727.84
000038.SZ,2019-11-12,10.11,10.65,9.84,10.51,154290.6,158657.21
000038.SZ,2019-11-13,10.33,10.35,10.05,10.13,96365.7,98009.44
000038.SZ,2019-11-14,9.99,10.29,9.99,10.15,67232.72,68454.89
000038.SZ,2019-11-15,10.22,11.17,10.06,11.17,192255.12,203831.1
000038.SZ,2019-11-18,11.5,12.29,11.38,12.29,242901.92,290235.75
000038.SZ,2019-11-19,12.93,13.52,12.83,13.52,411928.2,545621.26
000038.SZ,2019-11-20,13.51,14.79,12.97,13.3,551521.66,764166.88
000038.SZ,2019-11-21,12.58,14.4,12.3,14.02,479367.16,635129.22
000038.SZ,2019-11-22,13.61,13.88,12.7,13.21,375719.4,501796.1
000038.SZ,2019-11-25,12.95,12.99,11.92,12.05,243165.85,300406.8
000038.SZ,2019-11-26,12.1,12.44,11.95,12.05,166537.53,203371.82
000038.SZ,2019-11-27,11.73,12.77,11.6,12.32,236656.83,292248.17
000038.SZ,2019-11-28,12.25,12.63,12.03,12.12,163580.64,200803.7
000038.SZ,2019-11-29,12.08,12.24,11.8,12.05,123179.08,147691.51
000038.SZ,2019-12-02,11.12,11.45,11.11,11.32,191692.6,216440.66
000038.SZ,2019-12-03,11.34,12.45,11.34,12.45,227026.56,277048.73
000038.SZ,2019-12-04,12.51,13.03,12.11,12.21,362443.71,457734.65
000038.SZ,2019-12-05,12.24,12.89,12.24,12.56,258081.99,324528.64
000038.SZ,2019-12-06,12.55,12.63,12.26,12.46,175036.72,217347.43
000038.SZ,2019-12-09,12.44,13.29,12.25,13.11,286933.13,366241.84
000038.SZ,2019-12-10,12.9,12.96,12.6,12.87,218418.43,279351.65
000038.SZ,2019-12-11,12.85,14.0,12.61,13.36,333118.87,438349.37
000038.SZ,2019-12-12,13.1,13.5,12.78,13.0,216801.67,284450.98
000038.SZ,2019-12-13,13.12,13.15,12.75,12.79,158842.25,204898.97
000038.SZ,2019-12-16,12.67,12.86,12.32,12.83,164071.2,207380.95
000038.SZ,2019-12-17,12.75,12.96,12.62,12.81,166495.82,213056.68
000038.SZ,2019-12-18,12.73,13.25,12.6,12.83,184903.52,239630.19
000038.SZ,2019-12-19,12.91,13.59,12.83,13.33,293477.79,390331.21
000038.SZ,2019-12-20,13.2,13.2,12.6,12.61,207357.49,266113.31
000038.SZ,2019-12-23,12.48,12.54,12.01,12.09,108321.29,132754.26
000038.SZ,2019-12-24,12.1,12.43,12.1,12.27,64368.2,78950.79
000038.SZ,2019-12-25,12.23,12.37,12.16,12.26,65476.0,80240.44
000038.SZ,2019-12-26,12.27,12.34,12.06,12.19,71340.39,86821.33
000038.SZ,2019-12-27,12.19,12.32,11.97,12.0,104126.37,126179.68
000038.SZ,2019-12-30,11.65,12.09,11.45,12.05,81159.89,95451.63
000038.SZ,2019-12-31,12.05,12.05,11.8,11.85,52284.2,62232.14
000038.SZ,2020-01-02,11.98,12.27,11.89,12.11,75376.54,91131.99
000038.SZ,2020-01-03,12.12,12.31,12.02,12.2,74695.42,90710.46
000038.SZ,2020-01-06,12.1,12.25,11.87,12.08,75836.9,91926.19
000038.SZ,2020-01-07,12.13,12.34,12.06,12.28,91893.21,112296.79
000038.SZ,2020-01-08,12.19,12.27,11.8,11.81,113678.98,136213.19
000038.SZ,2020-01-09,11.88,12.26,11.87,12.0,120211.16,144742.44
000038.SZ,2020-01-10,11.95,12.88,11.89,12.27,183823.68,228741.82
000038.SZ,2020-01-13,12.1,12.12,11.81,12.08,94314.56,112861.92
000038.SZ,2020-01-14,12.12,12.33,11.94,11.96,70125.8,84481.97
000038.SZ,2020-01-15,11.88,12.1,11.86,11.91,47196.56,56210.77
000038.SZ,2020-01-16,11.91,12.04,11.85,11.88,56263.6,67156.54
000038.SZ,2020-01-17,11.96,11.99,11.56,11.57,62897.6,73930.2
000038.SZ,2020-01-20,11.54,11.56,11.21,11.29,61704.6,69731.37
000038.SZ,2020-01-21,11.35,11.35,10.91,10.95,58940.8,65601.89
000038.SZ,2020-01-22,10.83,11.6,10.3,11.23,83218.57,90107.13
000038.SZ,2020-01-23,11.26,11.3,10.66,10.84,55711.75,61163.44
000038.SZ,2020-02-03,9.76,9.76,9.76,9.76,5750.0,5612.0
000038.SZ,2020-02-04,8.78,9.35,8.78,9.07,96715.69,87537.76
000038.SZ,2020-02-05,9.07,9.54,9.07,9.42,87890.6,82410.49
000038.SZ,2020-02-06,9.43,9.85,9.35,9.65,89643.22,86263.28
000038.SZ,2020-02-07,9.7,9.97,9.57,9.82,80740.96,78879.69
000038.SZ,2020-02-10,9.65,10.2,9.64,10.14,87132.72,87664.68
000038.SZ,2020-02-11,10.14,10.6,9.98,10.31,91385.58,93552.46
000038.SZ,2020-02-12,10.1,10.64,10.09,10.52,96678.65,100558.97
000038.SZ,2020-02-13,10.68,10.71,10.4,10.41,90285.63,94985.24
000038.SZ,2020-02-14,10.32,10.67,10.15,10.32,101138.45,105386.71
000038.SZ,2020-02-17,10.33,10.48,10.15,10.45,98755.42,102449.58
000038.SZ,2020-02-18,10.51,10.61,10.39,10.59,88603.6,93137.75
000038.SZ,2020-02-19,10.64,10.76,10.36,10.4,86990.0,91659.91
000038.SZ,2020-02-20,10.38,10.54,10.25,10.44,93438.58,97172.95
000038.SZ,2020-02-21,10.54,10.86,10.46,10.73,150784.37,160927.17
000038.SZ,2020-02-24,10.52,10.75,10.47,10.58,99094.25,104963.6
000038.SZ,2020-02-25,10.29,10.34,9.65,10.19,146868.2,147902.68
000038.SZ,2020-02-26,10.05,10.47,9.91,10.15,113414.05,116638.16
000038.SZ,2020-02-27,10.16,10.32,10.0,10.18,79305.53,80830.56
000038.SZ,2020-02-28,9.9,10.06,9.28,9.3,107195.0,103190.82
000038.SZ,2020-03-02,9.4,9.65,9.37,9.59,61783.98,58809.37
000038.SZ,2020-03-03,9.75,10.1,9.63,9.96,88274.98,87501.38
000038.SZ,2020-03-04,9.85,10.81,9.75,10.52,196200.05,204203.75
000038.SZ,2020-03-05,10.37,10.73,10.34,10.44,134023.53,140320.03
000038.SZ,2020-03-06,10.28,10.52,10.21,10.36,92392.7,95623.34
000038.SZ,2020-03-09,10.22,10.31,9.71,9.74,100107.6,99739.57
000038.SZ,2020-03-10,9.56,9.83,9.3,9.78,82494.01,79142.12
000038.SZ,2020-03-11,9.8,9.97,9.7,9.7,56805.68,55823.27
000038.SZ,2020-03-12,9.5,9.55,9.3,9.36,59594.14,55972.5
000038.SZ,2020-03-13,8.97,9.2,8.8,9.08,64627.94,58043.12
000038.SZ,2020-03-16,9.16,9.27,8.66,8.77,67389.94,60579.27
000038.SZ,2020-03-17,8.7,8.9,8.1,8.43,59313.8,50019.01
000038.SZ,2020-03-18,8.52,8.65,8.29,8.29,42428.25,36025.62
000038.SZ,2020-03-19,8.2,8.37,8.06,8.14,65944.8,53767.02
000038.SZ,2020-03-20,8.22,8.95,8.17,8.95,96605.09,82502.0
000038.SZ,2020-03-23,8.51,9.65,8.51,9.24,182004.29,168628.32
000038.SZ,2020-03-24,9.25,9.5,8.71,9.07,119324.4,107744.59
000038.SZ,2020-03-25,9.09,9.28,8.99,9.12,98859.61,90127.55
000038.SZ,2020-03-26,9.09,9.09,8.7,8.74,77492.21,68640.09
000038.SZ,2020-03-27,8.88,8.91,8.54,8.55,51864.85,45169.68
000038.SZ,2020-03-30,8.55,8.55,8.2,8.3,41686.6,34634.71
000038.SZ,2020-03-31,8.4,8.58,8.17,8.5,51884.4,43345.4
000038.SZ,2020-04-01,8.41,8.97,8.4,8.7,85026.8,73690.48
000038.SZ,2020-04-02,8.6,8.71,8.42,8.68,54543.12,46824.21
000038.SZ,2020-04-03,8.68,9.55,8.59,9.55,159304.95,144938.32
000038.SZ,2020-04-07,9.8,10.4,9.55,9.8,233593.12,231389.78
000038.SZ,2020-04-08,9.79,9.79,9.42,9.44,136261.16,129746.43
000038.SZ,2020-04-09,9.39,9.86,9.32,9.56,129811.4,125001.97
000038.SZ,2020-04-10,9.46,10.0,9.09,9.8,177104.11,169594.62
000038.SZ,2020-04-13,9.5,9.82,9.3,9.52,96406.25,91857.54
000038.SZ,2020-04-14,9.52,9.72,9.45,9.52,75340.69,72133.91
000038.SZ,2020-04-15,9.5,9.91,9.44,9.85,129316.8,125078.2
000038.SZ,2020-04-16,9.73,9.76,9.57,9.63,90225.4,87093.65
000038.SZ,2020-04-17,9.66,9.73,9.26,9.29,91694.21,86975.11
000038.SZ,2020-04-20,9.33,9.48,9.18,9.37,51234.45,47991.78
000038.SZ,2020-04-21,9.35,9.55,9.2,9.46,61265.4,57717.67
000038.SZ,2020-04-22,9.28,9.65,9.2,9.57,77601.34,73332.96
000038.SZ,2020-04-23,9.84,10.53,9.63,10.53,242341.89,247280.36
000038.SZ,2020-04-24,10.7,11.58,10.53,10.79,423425.71,470252.54
000038.SZ,2020-04-27,10.61,11.66,10.25,11.26,328743.39,363439.32
000038.SZ,2020-04-28,10.8,10.96,10.13,10.13,229096.18,237849.58
000038.SZ,2020-04-29,9.8,10.08,9.61,9.71,162785.03,159975.88
000038.SZ,2020-04-30,9.8,10.25,9.71,10.05,154126.89,153863.69
000038.SZ,2020-05-06,9.85,10.45,9.84,10.33,160352.81,164358.06
000038.SZ,2020-05-07,10.45,10.45,9.95,10.05,153898.83,155592.41
000038.SZ,2020-05-08,10.15,10.55,10.07,10.24,162319.11,167127.54
000038.SZ,2020-05-11,10.2,10.35,9.99,10.1,121337.21,122890.19
000038.SZ,2020-05-12,10.04,10.06,9.76,9.9,102508.51,101130.18
000038.SZ,2020-05-13,9.85,10.12,9.72,10.01,80700.4,80504.61
000038.SZ,2020-05-14,10.32,11.01,10.32,11.01,301058.53,328406.5
000038.SZ,2020-05-15,11.45,12.11,11.3,11.5,557250.63,653594.14
000038.SZ,2020-05-18,11.02,11.58,10.71,10.76,342410.36,380424.89
000038.SZ,2020-05-19,10.87,11.51,10.77,11.32,304157.02,339059.72
000038.SZ,2020-05-20,11.23,11.34,10.75,11.05,217592.74,239975.23
000038.SZ,2020-05-21,10.82,11.16,10.68,11.1,157904.33,172704.38
000038.SZ,2020-05-22,11.15,11.15,10.6,10.78,117684.81,127304.85
000038.SZ,2020-05-25,10.66,11.06,10.3,10.95,146763.31,157200.22
000038.SZ,2020-05-26,10.95,11.3,10.76,11.16,191627.44,212829.87
000038.SZ,2020-05-27,11.08,11.1,10.68,10.99,141717.0,154394.92
000038.SZ,2020-05-28,11.0,11.5,10.93,11.28,201748.93,226672.42
000038.SZ,2020-05-29,11.29,11.99,11.1,11.34,256871.4,295024.9
000038.SZ,2020-06-01,11.1,11.66,10.88,11.42,233945.73,265132.47
000038.SZ,2020-06-02,11.43,12.5,11.34,11.98,385532.14,461977.0
000038.SZ,2020-06-03,11.86,12.27,11.74,12.09,292641.76,351920.83
000038.SZ,2020-06-04,11.88,12.08,11.51,11.57,216892.0,254421.24
000038.SZ,2020-06-05,11.23,11.82,11.16,11.81,180242.0,207673.36
000038.SZ,2020-06-08,11.77,12.12,11.55,12.05,210508.81,249461.79
000038.SZ,2020-06-09,12.05,12.12,11.77,11.82,157355.2,187687.93
000038.SZ,2020-06-10,11.66,11.95,11.5,11.87,116276.01,136235.77
000038.SZ,2020-06-11,11.66,11.88,11.29,11.3,158838.4,183519.02
000038.SZ,2020-06-12,11.01,11.02,10.38,10.63,215230.41,229995.12
000038.SZ,2020-06-15,10.59,10.59,10.35,10.46,115398.81,120611.85
000038.SZ,2020-06-16,10.52,10.98,10.51,10.88,128668.81,137742.63
000038.SZ,2020-06-17,10.76,11.08,10.64,11.03,117501.61,127340.53
000038.SZ,2020-06-18,11.13,11.3,10.94,11.08,134022.2,149297.45
000038.SZ,2020-06-19,10.98,11.96,10.9,11.56,224000.46,257059.17
000038.SZ,2020-06-22,11.31,11.61,11.26,11.39,170932.6,194965.71
000038.SZ,2020-06-23,11.38,11.82,11.22,11.73,221681.34,257014.04
000038.SZ,2020-06-24,11.8,11.8,11.48,11.52,130895.8,151705.82
000038.SZ,2020-06-29,11.41,11.79,11.16,11.75,148363.53,171699.83
000038.SZ,2020-06-30,11.8,12.38,11.6,12.15,265608.46,319621.32
000038.SZ,2020-07-01,11.91,12.22,11.82,11.93,197746.34,237498.99
000038.SZ,2020-07-02,11.8,12.07,11.71,11.88,143933.4,170443.55
000038.SZ,2020-07-03,11.88,12.29,11.78,12.13,192286.6,232723.04
000038.SZ,2020-07-06,12.22,13.05,12.03,12.62,253437.85,315537.37
000038.SZ,2020-07-07,12.57,12.98,12.4,12.7,260292.87,331375.86
000038.SZ,2020-07-08,12.66,12.98,12.22,12.84,272453.96,343343.62
000038.SZ,2020-07-09,12.9,13.25,12.73,13.15,272751.27,355742.07
000038.SZ,2020-07-10,13.2,14.47,13.18,14.47,250780.15,350578.11
000038.SZ,2020-07-13,15.0,15.92,14.8,15.92,549996.99,849957.68
000038.SZ,2020-07-14,15.5,15.5,14.53,14.69,383767.0,574253.12
000038.SZ,2020-07-15,14.75,15.78,14.58,14.9,316202.37,478402.23
000038.SZ,2020-07-16,14.19,15.47,13.76,14.99,327725.81,482392.4
000038.SZ,2020-07-17,14.99,15.17,14.15,14.43,194575.83,283417.45
000038.SZ,2020-07-20,14.2,14.64,13.5,14.64,221752.19,312912.41
000038.SZ,2020-07-21,14.6,16.1,14.35,16.1,334217.84,510848.73
000038.SZ,2020-07-22,16.1,17.6,15.36,15.67,530297.16,863690.13
000038.SZ,2020-07-23,15.03,15.59,14.9,15.12,293633.62,446007.28
000038.SZ,2020-07-24,14.86,15.74,14.45,14.7,281454.98,425801.69
000038.SZ,2020-07-27,14.8,15.28,14.05,14.27,189652.67,277372.8
000038.SZ,2020-07-28,14.45,14.87,14.19,14.7,153232.4,222674.24
000038.SZ,2020-07-29,14.46,15.5,14.3,15.31,223233.13,336202.25
000038.SZ,2020-07-30,15.25,16.5,15.15,16.0,326254.57,519215.43
000038.SZ,2020-07-31,15.85,16.34,15.6,16.23,282149.03,450958.87
000038.SZ,2020-08-03,16.6,17.8,16.06,17.27,333933.87,569156.0
000038.SZ,2020-08-04,17.42,17.94,16.66,16.66,366174.55,631432.96
000038.SZ,2020-08-05,16.22,16.4,15.52,16.13,236657.08,379245.05
000038.SZ,2020-08-06,16.18,16.5,15.71,16.25,184117.62,295975.4
000038.SZ,2020-08-07,16.19,16.2,15.2,15.45,175576.52,275404.83
000038.SZ,2020-08-10,15.31,15.9,15.18,15.6,129913.99,202126.57
000038.SZ,2020-08-11,15.54,15.63,14.4,14.52,176311.43,264752.87
000038.SZ,2020-08-12,14.45,15.0,14.39,14.69,128340.23,188889.98
000038.SZ,2020-08-13,14.86,15.12,14.56,14.93,103697.47,153960.69
000038.SZ,2020-08-14,14.84,15.04,14.62,14.94,77406.71,114941.38
000038.SZ,2020-08-17,14.99,15.37,14.95,15.2,107741.9,163861.27
000038.SZ,2020-08-18,15.11,15.71,14.95,15.67,160794.33,245575.58
000038.SZ,2020-08-19,15.47,15.84,15.26,15.27,145449.63,226204.28
000038.SZ,2020-08-20,15.09,15.16,14.21,14.4,143589.6,210797.49
000038.SZ,2020-08-21,14.45,14.65,14.04,14.3,86751.87,124699.42
000038.SZ,2020-08-24,14.39,14.6,13.8,14.53,93897.3,133567.45
000038.SZ,2020-08-25,14.53,14.64,14.03,14.11,102203.22,145653.02
000038.SZ,2020-08-26,14.05,14.15,13.12,13.18,134417.49,182198.63
000038.SZ,2020-08-27,13.13,13.34,12.9,13.13,75144.97,98409.45
000038.SZ,2020-08-28,13.2,13.36,13.05,13.33,70102.0,92671.45
000038.SZ,2020-08-31,13.33,13.67,13.27,13.41,74487.76,100539.74
000038.SZ,2020-09-01,13.41,13.52,13.04,13.12,69485.27,91384.22
000038.SZ,2020-09-02,13.12,13.37,13.07,13.32,67066.03,88789.85
000038.SZ,2020-09-03,13.22,13.32,13.01,13.03,56473.03,74179.45
000038.SZ,2020-09-04,12.8,13.0,12.56,12.97,52502.09,67388.95
000038.SZ,2020-09-07,12.95,13.12,12.32,12.34,91409.33,115908.72
000038.SZ,2020-09-08,12.35,12.83,12.02,12.81,93894.86,117818.77
000038.SZ,2020-09-09,12.62,12.74,12.25,12.42,66392.0,83098.15
000038.SZ,2020-09-10,12.48,12.64,11.83,11.9,68296.52,82931.28
000038.SZ,2020-09-11,11.88,12.26,11.79,12.16,47470.68,57312.87
000038.SZ,2020-09-14,12.33,12.44,12.17,12.32,41384.2,50896.82
000038.SZ,2020-09-15,12.37,12.56,12.13,12.28,46460.26,57132.56
000038.SZ,2020-09-16,12.27,12.44,11.95,12.1,35329.0,43010.04
000038.SZ,2020-09-17,12.12,12.25,11.85,12.11,46515.65,56002.69
000038.SZ,2020-09-18,12.18,13.05,12.11,12.94,133324.6,169575.16
000038.SZ,2020-09-21,12.85,13.08,12.54,12.6,78225.6,99502.73
000038.SZ,2020-09-22,12.44,12.62,12.24,12.28,49413.68,61440.92
000038.SZ,2020-09-23,12.34,12.62,12.2,12.38,52603.99,65191.93
000038.SZ,2020-09-24,12.21,12.28,11.76,11.77,81439.0,97446.7
000038.SZ,2020-09-25,11.84,11.92,11.53,11.55,43447.68,50667.22
000038.SZ,2020-09-28,11.55,11.7,11.28,11.4,39077.21,44761.1
000038.SZ,2020-09-29,11.45,11.56,11.36,11.45,30721.61,35275.23
000038.SZ,2020-09-30,11.46,11.57,11.25,11.46,37344.6,42722.55
000038.SZ,2020-10-09,11.59,12.18,11.55,12.01,71515.21,85405.11
000038.SZ,2020-10-12,12.59,12.75,12.39,12.64,131672.01,165276.39
000038.SZ,2020-10-13,12.65,12.9,12.55,12.68,99726.21,126600.57
000038.SZ,2020-10-14,12.69,12.77,12.3,12.39,69846.07,87036.24
000038.SZ,2020-10-15,12.51,12.77,12.21,12.21,73702.0,91805.03
000038.SZ,2020-10-16,12.25,12.46,12.21,12.36,41062.0,50501.03
000038.SZ,2020-10-19,12.36,12.6,12.3,12.45,59131.4,73779.23
000038.SZ,2020-10-20,12.4,12.53,12.26,12.52,43627.09,54098.2
000038.SZ,2020-10-21,12.52,12.56,12.3,12.38,36116.54,44867.39
000038.SZ,2020-10-22,12.39,12.5,12.19,12.39,32272.61,39893.72
000038.SZ,2020-10-23,12.4,12.55,12.0,12.06,45595.8,55796.42
000038.SZ,2020-10-26,11.97,12.15,11.65,11.95,39171.0,46536.19
000038.SZ,2020-10-27,11.94,12.03,11.7,11.8,35023.41,41369.74
000038.SZ,2020-10-28,11.93,11.93,11.53,11.81,37885.8,44427.68
000038.SZ,2020-10-29,11.69,11.8,11.5,11.74,27470.6,32161.99
000038.SZ,2020-10-30,11.78,11.82,11.29,11.3,45114.01,51811.42
000038.SZ,2020-11-02,11.31,11.34,10.81,10.83,58048.2,63718.75
000038.SZ,2020-11-03,10.87,11.62,10.87,11.37,62969.39,71150.4
000038.SZ,2020-11-04,11.37,11.48,11.19,11.3,32147.2,36242.67
000038.SZ,2020-11-05,11.43,11.8,11.4,11.66,58648.68,68012.0
000038.SZ,2020-11-06,11.65,11.88,11.51,11.7,49501.0,57841.29
000038.SZ,2020-11-09,11.83,12.3,11.83,12.16,80558.6,97812.09
000038.SZ,2020-11-10,12.05,12.18,11.8,11.86,54451.4,65145.29
000038.SZ,2020-11-11,11.69,11.85,11.53,11.55,40181.01,46737.57
000038.SZ,2020-11-12,11.51,11.64,11.31,11.4,31529.0,35917.37
000038.SZ,2020-11-13,11.42,11.42,11.13,11.19,39822.6,44718.18
000038.SZ,2020-11-16,11.4,11.45,11.21,11.27,31835.6,35920.32
000038.SZ,2020-11-17,11.28,11.28,11.01,11.17,32654.21,36285.85
000038.SZ,2020-11-18,11.17,11.3,11.08,11.2,31507.6,35249.37
000038.SZ,2020-11-19,11.19,11.25,11.03,11.25,32614.7,36285.3
000038.SZ,2020-11-20,11.24,11.24,11.05,11.12,32536.0,36155.89
000038.SZ,2020-11-23,11.09,11.16,10.98,11.07,42145.0,46551.16
000038.SZ,2020-11-24,11.07,11.12,10.96,11.02,42641.2,46928.31
000038.SZ,2020-11-25,11.05,11.07,10.91,10.91,35294.6,38685.87
000038.SZ,2020-11-26,10.82,11.05,10.82,11.01,35315.4,38734.32
000038.SZ,2020-11-27,11.0,11.04,10.82,10.87,39453.7,43059.33
000038.SZ,2020-11-30,10.98,11.09,10.86,10.95,38977.55,42831.98
000038.SZ,2020-12-01,10.9,11.02,10.86,11.0,32270.2,35422.54
000038.SZ,2020-12-02,11.05,11.06,10.97,11.06,29671.81,32679.86
000038.SZ,2020-12-03,11.05,11.45,10.99,11.23,63259.61,71000.03
000038.SZ,2020-12-04,11.29,11.48,11.14,11.38,62635.2,70973.19
000038.SZ,2020-12-07,11.35,11.37,11.0,11.0,57356.4,63868.0
000038.SZ,2020-12-08,11.0,11.03,10.84,10.86,38261.4,41661.84
000038.SZ,2020-12-09,10.86,10.89,10.51,10.54,48312.4,51426.07
000038.SZ,2020-12-10,10.5,10.59,10.42,10.53,20687.42,21773.04
000038.SZ,2020-12-11,10.54,10.59,10.21,10.25,36397.22,37455.1
000038.SZ,2020-12-14,10.25,10.29,10.07,10.28,19808.89,20261.13
000038.SZ,2020-12-15,10.3,10.3,10.15,10.21,15402.57,15713.81
000038.SZ,2020-12-16,10.19,10.24,9.95,9.97,28493.42,28588.96
000038.SZ,2020-12-17,10.01,10.76,9.93,10.37,50862.8,52621.98
000038.SZ,2020-12-18,10.21,10.36,10.11,10.28,32585.8,33395.15
000038.SZ,2020-12-21,10.31,10.37,10.2,10.36,24558.45,25330.6
000038.SZ,2020-12-22,10.35,10.35,10.11,10.13,21245.28,21702.09
000038.SZ,2020-12-23,10.11,10.18,9.97,10.01,22903.6,22972.89
000038.SZ,2020-12-24,10.05,10.05,9.68,9.68,31300.01,30717.04
000038.SZ,2020-12-25,9.69,9.84,9.61,9.71,16822.43,16354.62
000038.SZ,2020-12-28,9.71,9.74,9.22,9.32,36430.23,34097.23
000038.SZ,2020-12-29,9.36,9.56,9.33,9.43,23082.4,21855.27
000038.SZ,2020-12-30,9.43,9.55,9.32,9.43,25805.6,24316.23
000038.SZ,2020-12-31,9.45,9.68,9.35,9.6,24496.45,23438.65
000038.SZ,2021-01-04,9.55,9.73,9.53,9.69,29840.2,28762.27
000038.SZ,2021-01-05,9.65,9.74,9.54,9.6,25266.0,24321.19
000038.SZ,2021-01-06,9.55,9.59,9.2,9.32,34258.67,32000.84
000038.SZ,2021-01-07,9.3,9.38,8.88,8.89,43199.87,39083.04
000038.SZ,2021-01-08,8.97,9.35,8.38,9.15,63475.08,55953.36
000038.SZ,2021-01-11,9.0,9.2,8.86,8.98,41416.0,37069.23
000038.SZ,2021-01-12,8.92,9.07,8.81,8.91,26285.4,23413.96
000038.SZ,2021-01-13,8.85,8.85,8.6,8.74,27649.75,24115.74
000038.SZ,2021-01-14,8.67,9.07,8.61,8.94,28664.61,25507.34
000038.SZ,2021-01-15,8.98,9.17,8.86,9.1,25280.69,22893.84
000038.SZ,2021-01-18,9.08,9.4,9.0,9.27,31197.71,28940.2
000038.SZ,2021-01-19,9.3,9.63,9.18,9.54,55919.51,52917.01
000038.SZ,2021-01-20,9.48,9.59,9.3,9.39,30990.48,29082.71
000038.SZ,2021-01-21,9.39,9.55,9.3,9.44,26162.75,24759.06
000038.SZ,2021-01-22,9.44,9.73,9.23,9.58,42185.6,40149.26
000038.SZ,2021-01-25,9.45,9.5,9.26,9.3,31097.0,29139.68
000038.SZ,2021-01-26,9.32,9.54,9.2,9.32,26637.2,25054.52
000038.SZ,2021-01-27,9.33,9.52,9.24,9.45,30566.8,28855.45
000038.SZ,2021-01-28,9.35,9.82,9.33,9.69,56649.0,54769.4
000038.SZ,2021-01-29,9.66,9.87,9.3,9.35,41723.96,39629.66
000038.SZ,2021-02-01,9.25,9.32,8.8,8.9,44724.47,40340.98
000038.SZ,2021-02-02,8.76,9.44,8.61,9.15,43760.49,39888.0
000038.SZ,2021-02-03,9.13,9.15,8.87,8.88,24412.48,21840.83
000038.SZ,2021-02-04,8.92,8.94,8.55,8.75,22658.8,19769.54
000038.SZ,2021-02-05,8.75,9.05,8.66,8.84,18738.8,16562.79
000038.SZ,2021-02-08,8.81,9.08,8.76,9.0,19382.2,17357.84
000038.SZ,2021-02-09,9.12,9.12,8.87,9.01,19399.6,17419.18
000038.SZ,2021-02-10,9.02,9.07,8.92,8.97,18170.53,16323.97
000038.SZ,2021-02-18,9.0,9.5,9.0,9.43,41282.84,38364.17
000038.SZ,2021-02-19,9.36,9.71,9.29,9.7,44913.28,42916.37
000038.SZ,2021-02-22,10.03,10.5,9.96,9.96,95238.97,96905.15
000038.SZ,2021-02-23,9.8,10.3,9.8,9.88,47429.62,47564.47
000038.SZ,2021-02-24,9.82,10.09,9.75,10.05,43505.11,43245.47
000038.SZ,2021-02-25,10.01,10.06,9.78,9.86,29951.2,29642.19
000038.SZ,2021-02-26,9.76,9.89,9.6,9.8,22670.41,22155.32
000038.SZ,2021-03-01,9.78,10.53,9.78,10.44,83453.7,85332.83
000038.SZ,2021-03-02,10.36,10.64,10.23,10.57,68184.37,71083.23
000038.SZ,2021-03-03,10.48,10.57,10.35,10.46,28246.29,29457.84
000038.SZ,2021-03-04,10.46,10.46,10.16,10.16,29149.69,30004.72
000038.SZ,2021-03-05,10.15,10.33,10.08,10.27,24317.8,24865.74
000038.SZ,2021-03-08,10.3,10.36,10.08,10.14,27308.0,27855.96
000038.SZ,2021-03-09,10.1,10.21,9.8,9.86,24179.48,24028.38
000038.SZ,2021-03-10,9.91,10.04,9.76,9.96,20148.8,19957.68
000038.SZ,2021-03-11,9.97,10.05,9.89,10.02,18831.57,18804.9
000038.SZ,2021-03-12,9.96,10.2,9.95,10.07,21622.86,21776.84
000038.SZ,2021-03-15,10.0,10.32,9.96,10.32,34072.29,34709.09
000038.SZ,2021-03-16,10.28,10.4,10.14,10.32,30590.95,31375.48
000038.SZ,2021-03-17,10.3,10.57,10.23,10.43,34769.49,36313.16
000038.SZ,2021-03-18,10.35,10.51,10.22,10.23,28660.89,29586.56
000038.SZ,2021-03-19,10.1,10.26,9.93,10.06,28780.89,29028.27
000038.SZ,2021-03-22,10.02,10.64,10.01,10.39,62597.6,64478.95
000038.SZ,2021-03-23,10.43,10.52,10.26,10.51,33910.2,35272.39
000038.SZ,2021-03-24,10.46,10.63,10.34,10.52,34915.82,36663.01
000038.SZ,2021-03-25,10.44,10.97,10.44,10.91,69726.64,75201.33
000038.SZ,2021-03-26,10.95,11.08,10.74,10.95,53101.48,57733.57
000038.SZ,2021-03-29,10.51,10.83,10.46,10.61,55144.28,58492.95
000038.SZ,2021-03-30,10.58,10.69,10.47,10.67,23853.6,25284.32
000038.SZ,2021-03-31,10.61,11.28,10.58,11.07,56296.08,61742.32
000038.SZ,2021-04-01,10.96,11.2,10.91,11.0,40922.8,45265.24
000038.SZ,2021-04-02,10.96,11.11,10.85,11.09,30774.4,33897.04
000038.SZ,2021-04-06,11.06,11.34,11.06,11.3,37670.04,42287.1
000038.SZ,2021-04-07,11.25,11.76,11.16,11.59,59406.76,68065.69
000038.SZ,2021-04-08,11.5,12.2,11.47,11.8,94762.02,112735.19
000038.SZ,2021-04-09,11.76,12.18,11.45,11.53,105775.49,124472.33
000038.SZ,2021-04-12,11.26,11.29,10.5,10.77,77935.22,84412.78
000038.SZ,2021-04-13,10.57,11.2,10.4,10.54,42141.67,45284.33
000038.SZ,2021-04-14,10.5,10.93,10.38,10.78,28440.88,30413.18
000038.SZ,2021-04-15,10.75,11.05,10.74,10.88,34025.48,37195.0
000038.SZ,2021-04-16,10.88,11.17,10.85,11.15,32165.01,35521.94
000038.SZ,2021-04-19,11.12,11.47,11.07,11.35,27110.12,30702.99
000038.SZ,2021-04-20,11.35,11.51,11.04,11.14,39286.94,44191.12
000038.SZ,2021-04-21,11.14,11.27,10.91,10.98,26259.38,29119.68
000038.SZ,2021-04-22,11.02,11.02,10.84,10.89,28999.77,31617.37
000038.SZ,2021-04-23,10.89,11.85,10.77,11.55,74075.82,85026.7
000038.SZ,2021-04-26,11.54,11.88,11.43,11.57,65917.06,76987.96
000038.SZ,2021-04-27,11.54,11.83,11.22,11.51,43510.28,49631.07
000038.SZ,2021-04-28,11.44,11.69,11.31,11.4,25529.74,29311.9
000038.SZ,2021-04-29,11.4,11.65,11.21,11.63,29306.97,33838.56
000038.SZ,2021-04-30,11.55,11.8,11.21,11.31,44555.6,51213.4
000038.SZ,2021-05-06,11.0,11.19,10.92,10.98,28961.56,31870.86
000038.SZ,2021-05-07,10.98,11.57,10.63,11.57,55604.21,62224.2
000038.SZ,2021-05-10,11.49,11.83,11.49,11.83,42871.89,50195.13
000038.SZ,2021-05-11,11.78,11.78,11.41,11.67,34220.73,39695.94
000038.SZ,2021-05-12,11.65,11.93,11.5,11.93,37642.34,44182.34
000038.SZ,2021-05-13,11.87,12.1,11.45,11.57,51341.97,60412.29
000038.SZ,2021-05-14,11.54,11.95,11.54,11.81,40916.49,48248.47
000038.SZ,2021-05-17,11.74,12.08,11.37,12.07,60004.95,70567.55
000038.SZ,2021-05-18,11.96,12.16,11.66,11.85,49229.58,58264.39
000038.SZ,2021-05-19,11.8,12.09,11.75,11.99,37635.2,45033.83
000038.SZ,2021-05-20,11.9,12.31,11.64,12.21,70653.6,85219.27
000038.SZ,2021-05-21,12.21,12.47,12.04,12.28,48513.42,59426.06
000038.SZ,2021-05-24,12.19,12.3,12.06,12.18,32573.01,39554.18
000038.SZ,2021-05-25,12.15,12.31,12.02,12.11,27065.6,32844.27
000038.SZ,2021-05-26,12.15,12.19,11.88,12.01,34610.6,41602.21
000038.SZ,2021-05-27,11.97,12.1,11.9,11.94,31084.96,37292.91
000038.SZ,2021-05-28,11.94,11.99,11.6,11.98,41951.0,49608.6
000038.SZ,2021-05-31,11.97,12.11,11.79,12.1,32665.0,39091.68
000038.SZ,2021-06-01,11.97,12.1,11.8,11.99,25730.67,30830.7
000038.SZ,2021-06-02,11.96,12.28,11.81,12.18,49091.4,59605.84
000038.SZ,2021-06-03,13.39,13.4,12.17,12.18,132135.09,169762.58
000038.SZ,2021-06-04,11.82,12.4,11.59,11.77,73822.8,87725.13
000038.SZ,2021-06-07,11.66,11.95,11.57,11.73,36761.29,43167.76
000038.SZ,2021-06-08,11.7,11.76,11.37,11.62,31629.29,36713.05
000038.SZ,2021-06-09,11.6,11.66,11.44,11.52,17168.0,19787.6
000038.SZ,2021-06-10,11.52,11.63,11.42,11.42,23161.13,26576.21
000038.SZ,2021-06-11,11.4,11.49,11.02,11.1,35442.83,39791.04
000038.SZ,2021-06-15,11.22,11.29,11.11,11.16,12927.54,14485.48
000038.SZ,2021-06-16,11.19,11.21,11.05,11.12,8602.58,9567.65
000038.SZ,2021-06-17,11.12,11.37,11.1,11.28,19014.83,21396.22
000038.SZ,2021-06-18,11.3,11.39,11.23,11.38,15498.8,17565.84
000038.SZ,2021-06-21,11.44,11.47,11.27,11.33,13061.2,14810.36
000038.SZ,2021-06-22,11.29,11.48,11.18,11.4,23278.97,26390.69
000038.SZ,2021-06-23,11.5,11.77,11.4,11.56,30457.28,35236.22
000038.SZ,2021-06-24,11.6,11.6,11.31,11.33,18715.6,21344.98
000038.SZ,2021-06-25,11.3,11.44,11.26,11.31,16990.0,19288.01
000038.SZ,2021-06-28,11.3,11.39,11.16,11.28,13283.0,15004.88
000038.SZ,2021-06-29,11.28,11.3,11.12,11.17,15584.8,17422.62
000038.SZ,2021-06-30,11.14,11.24,11.05,11.15,12386.6,13815.69
000038.SZ,2021-07-01,11.17,11.26,11.06,11.1,9789.86,10908.0
000038.SZ,2021-07-02,11.12,11.18,11.06,11.15,10977.0,12213.74
000038.SZ,2021-07-05,11.2,11.38,11.06,11.34,20807.6,23313.0
000038.SZ,2021-07-06,11.34,11.37,11.2,11.26,8798.0,9897.79
000038.SZ,2021-07-07,11.25,11.33,11.16,11.17,12712.4,14268.65
000038.SZ,2021-07-08,11.27,11.27,11.0,11.0,9959.0,11053.33
000038.SZ,2021-07-09,11.01,11.17,10.25,10.47,34070.09,36171.23
000038.SZ,2021-07-12,10.67,10.67,10.41,10.49,11422.85,11970.16
000038.SZ,2021-07-13,10.5,10.5,10.35,10.41,10912.6,11367.09
000038.SZ,2021-07-14,10.43,10.6,10.43,10.52,20193.03,21219.57
000038.SZ,2021-07-15,10.58,10.58,10.23,10.3,15301.25,15805.18
000038.SZ,2021-07-16,10.34,10.34,10.13,10.2,16767.8,17094.05
000038.SZ,2021-07-19,10.17,10.23,10.06,10.09,12310.22,12479.62
000038.SZ,2021-07-20,10.09,10.18,10.08,10.11,8991.0,9095.34
000038.SZ,2021-07-21,10.13,10.18,10.05,10.07,14644.5,14781.43
000038.SZ,2021-07-22,10.13,10.13,9.9,9.98,20037.68,20037.59
000038.SZ,2021-07-23,9.92,10.1,9.86,10.1,35076.6,35096.75
000038.SZ,2021-07-26,10.09,10.09,9.88,9.94,22666.57,22574.04
000038.SZ,2021-07-27,9.94,10.02,9.82,9.93,13773.66,13607.72
000038.SZ,2021-07-28,9.93,9.93,9.63,9.63,14896.34,14488.55
000038.SZ,2021-07-29,9.66,9.72,9.48,9.68,15874.6,15234.22
000038.SZ,2021-07-30,9.7,9.7,9.47,9.65,16351.2,15598.38
000038.SZ,2021-08-02,9.61,9.78,9.52,9.74,11592.16,11197.98
000038.SZ,2021-08-03,9.74,9.81,9.66,9.71,10850.2,10572.19
000038.SZ,2021-08-04,9.69,9.7,9.62,9.64,9533.46,9207.58
000038.SZ,2021-08-05,9.63,9.65,9.5,9.6,16861.0,16120.07
000038.SZ,2021-08-06,9.56,9.6,9.5,9.6,16093.0,15359.02
000038.SZ,2021-08-09,9.6,9.8,9.53,9.8,20467.97,19907.07
000038.SZ,2021-08-10,9.82,9.87,9.72,9.74,14487.09,14138.57
000038.SZ,2021-08-11,9.71,9.77,9.6,9.64,18870.0,18225.77
000038.SZ,2021-08-12,9.62,9.68,9.58,9.6,14885.29,14299.64
000038.SZ,2021-08-13,9.6,9.62,9.48,9.6,20224.6,19277.75
000038.SZ,2021-08-16,9.58,9.67,9.51,9.62,18104.75,17361.71
000038.SZ,2021-08-17,9.61,9.61,9.5,9.6,15462.6,14759.07
000038.SZ,2021-08-18,9.6,9.6,9.51,9.6,9179.6,8767.67
000038.SZ,2021-08-19,9.53,9.59,9.52,9.59,5868.02,5605.35
000038.SZ,2021-08-20,9.53,9.6,9.5,9.58,8955.0,8539.64
000038.SZ,2021-08-23,9.53,9.84,9.53,9.73,24568.0,23800.87
000038.SZ,2021-08-24,9.7,9.73,9.57,9.62,17931.0,17226.78
000038.SZ,2021-08-25,9.62,9.62,9.53,9.59,12228.2,11685.15
000038.SZ,2021-08-26,9.57,9.63,9.51,9.56,9866.88,9426.62
000038.SZ,2021-08-27,9.56,9.56,9.5,9.55,9182.35,8744.7
000038.SZ,2021-08-30,9.53,9.57,9.51,9.55,7376.35,7030.92
000038.SZ,2021-08-31,9.55,9.57,9.51,9.54,11108.8,10587.33
000038.SZ,2021-09-01,9.51,9.58,9.51,9.57,13743.28,13121.32
000038.SZ,2021-09-02,9.55,9.83,9.55,9.68,29125.6,28200.03
000038.SZ,2021-09-03,9.7,10.2,9.7,10.04,54186.11,53983.53
000038.SZ,2021-09-06,10.1,10.19,9.84,9.88,50794.56,50323.12
000038.SZ,2021-09-07,8.89,9.51,8.89,9.51,120684.82,109213.01
000038.SZ,2021-09-08,9.2,9.26,9.11,9.21,62860.42,57665.44
000038.SZ,2021-09-09,9.14,9.2,9.09,9.2,32394.6,29578.4
000038.SZ,2021-09-10,9.17,9.19,9.11,9.18,19190.0,17553.31
000038.SZ,2021-09-13,9.17,9.18,9.08,9.17,26392.2,24088.95
000038.SZ,2021-09-14,9.16,9.16,9.1,9.14,21399.6,19512.9
000038.SZ,2021-09-15,9.1,9.19,9.07,9.14,17582.8,16062.6
000038.SZ,2021-09-16,9.1,9.18,9.09,9.14,15173.5,13834.74
000038.SZ,2021-09-17,9.14,9.15,9.08,9.14,15313.21,13958.84
000038.SZ,2021-09-22,9.13,9.16,9.08,9.14,16006.25,14587.61
000038.SZ,2021-09-23,9.12,9.16,9.1,9.14,15258.95,13938.99
000038.SZ,2021-09-24,9.12,9.14,9.08,9.13,11914.4,10850.08
000038.SZ,2021-09-27,9.13,9.13,9.02,9.12,16645.01,15117.22
000038.SZ,2021-09-28,9.1,9.1,9.03,9.1,8535.8,7732.3
000038.SZ,2021-09-29,9.03,9.08,9.0,9.06,10046.27,9082.31
000038.SZ,2021-09-30,9.06,9.06,9.02,9.06,13712.6,12396.51
000038.SZ,2021-10-08,9.02,9.15,8.99,9.15,16969.9,15398.12
000038.SZ,2021-10-11,9.12,9.19,9.07,9.12,10087.55,9192.65
000038.SZ,2021-10-12,9.11,9.11,8.91,9.0,17297.35,15569.11
000038.SZ,2021-10-13,8.99,9.01,8.9,8.99,15984.6,14309.58
000038.SZ,2021-10-14,8.95,9.03,8.92,9.0,16892.52,15138.47
000038.SZ,2021-10-15,8.95,8.98,8.87,8.87,12636.02,11264.98
000038.SZ,2021-10-18,8.8,8.84,8.6,8.67,12100.2,10489.62
000038.SZ,2021-10-19,8.67,8.74,8.58,8.71,13473.0,11618.6
000038.SZ,2021-10-20,8.7,8.74,8.65,8.72,11516.0,10013.23
000038.SZ,2021-10-21,8.73,8.73,8.59,8.63,11154.2,9637.58
000038.SZ,2021-10-22,8.68,8.68,8.39,8.5,15825.12,13428.62
000038.SZ,2021-10-25,8.5,8.5,8.3,8.33,12101.4,10120.55
000038.SZ,2021-10-26,8.34,8.36,8.05,8.29,57434.0,46806.06
000038.SZ,2021-10-27,8.26,8.26,8.04,8.11,23718.6,19233.04
000038.SZ,2021-10-28,8.09,8.09,7.69,8.04,25195.2,19957.44
000038.SZ,2021-10-29,7.98,8.05,7.92,8.04,9979.0,7972.82
000038.SZ,2021-11-01,8.04,8.04,7.95,8.01,7294.6,5828.31
000038.SZ,2021-11-02,7.98,7.99,7.83,7.92,11180.8,8846.97
000038.SZ,2021-11-03,7.96,7.96,7.85,7.93,9534.0,7521.61
000038.SZ,2021-11-04,7.91,8.18,7.86,8.13,16530.88,13273.42
000038.SZ,2021-11-05,8.15,8.2,8.0,8.11,11970.0,9680.05
000038.SZ,2021-11-08,8.08,8.1,8.0,8.1,14831.0,11928.32
000038.SZ,2021-11-09,8.08,8.1,8.0,8.05,18086.2,14533.46
000038.SZ,2021-11-10,8.01,8.07,7.96,8.06,9772.0,7835.79
000038.SZ,2021-11-11,8.04,8.34,8.01,8.24,32467.0,26611.27
000038.SZ,2021-11-12,8.26,8.26,8.14,8.22,13877.0,11369.12
000038.SZ,2021-11-15,8.22,8.42,8.18,8.34,13034.2,10867.12
000038.SZ,2021-11-16,8.5,8.5,8.29,8.35,12055.08,10072.12
000038.SZ,2021-11-17,8.29,8.38,8.24,8.36,12991.08,10788.96
000038.SZ,2021-11-18,8.35,8.46,8.28,8.41,17863.6,15005.32
000038.SZ,2021-11-19,8.35,8.48,8.35,8.43,12600.93,10644.41
000038.SZ,2021-11-22,8.45,8.46,8.3,8.44,10444.92,8781.66
000038.SZ,2021-11-23,8.4,8.55,8.33,8.51,11259.61,9573.93
000038.SZ,2021-11-24,8.47,8.62,8.47,8.58,7314.0,6268.57
000038.SZ,2021-11-25,8.59,8.77,8.55,8.72,22004.6,19149.57
000038.SZ,2021-11-26,9.4,9.4,8.75,8.79,49082.8,43793.36
000038.SZ,2021-11-29,8.7,8.7,8.4,8.48,30951.0,26313.0
000038.SZ,2021-11-30,8.5,8.87,8.41,8.84,31106.45,27031.52
000038.SZ,2021-12-01,8.77,8.96,8.77,8.85,23041.8,20423.78
000038.SZ,2021-12-02,8.81,8.86,8.68,8.8,17761.0,15540.69
000038.SZ,2021-12-03,8.78,8.85,8.65,8.72,14436.81,12565.5
000038.SZ,2021-12-06,8.78,8.78,8.52,8.63,13804.8,11965.88
000038.SZ,2021-12-07,8.59,8.7,8.53,8.6,9297.0,7982.24
000038.SZ,2021-12-08,8.55,8.63,8.53,8.6,9054.92,7769.01
000038.SZ,2021-12-09,8.59,8.7,8.58,8.66,7681.8,6642.9
000038.SZ,2021-12-10,8.66,8.66,8.48,8.59,13030.0,11183.78
000038.SZ,2021-12-13,8.59,8.64,8.51,8.56,16205.0,13895.21
000038.SZ,2021-12-14,8.53,8.6,8.48,8.53,7001.8,5982.96
000038.SZ,2021-12-15,8.54,8.59,8.5,8.53,5402.36,4618.38
000038.SZ,2021-12-16,8.59,8.68,8.54,8.65,9066.0,7799.94
000038.SZ,2021-12-17,8.61,8.74,8.58,8.7,17439.4,15105.95
000038.SZ,2021-12-20,8.69,8.77,8.55,8.58,13193.0,11428.05
000038.SZ,2021-12-21,8.58,8.63,8.5,8.57,11928.2,10199.81
000038.SZ,2021-12-22,8.57,8.67,8.54,8.63,17471.01,15042.43
000038.SZ,2021-12-23,8.58,8.62,8.23,8.39,27636.2,23205.44
000038.SZ,2021-12-24,8.32,8.39,8.18,8.3,22823.17,18816.8
000038.SZ,2021-12-27,8.32,8.34,8.19,8.25,11946.08,9862.7
000038.SZ,2021-12-28,8.26,8.44,8.25,8.36,11846.44,9868.77
000038.SZ,2021-12-29,8.39,8.39,8.27,8.32,7734.0,6438.95
000038.SZ,2021-12-30,8.3,8.57,8.28,8.42,22760.84,19195.98
000038.SZ,2021-12-31,8.42,8.74,8.31,8.59,28669.21,24541.34
000038.SZ,2022-01-04,8.63,8.84,8.54,8.8,28360.14,24755.01
000038.SZ,2022-01-05,8.79,8.84,8.6,8.67,19474.81,16910.0
000038.SZ,2022-01-06,8.65,8.7,8.53,8.67,15381.2,13277.16
000038.SZ,2022-01-07,8.7,8.74,8.48,8.49,15612.6,13454.22
000038.SZ,2022-01-10,8.5,8.62,8.35,8.6,17602.0,14993.44
000038.SZ,2022-01-11,8.63,8.71,8.49,8.55,12330.0,10603.65
000038.SZ,2022-01-12,8.65,8.75,8.5,8.69,16699.8,14477.09
000038.SZ,2022-01-13,8.69,8.79,8.64,8.64,12120.6,10556.74
000038.SZ,2022-01-14,8.6,8.75,8.52,8.55,20830.2,18059.26
000038.SZ,2022-01-17,8.65,8.78,8.54,8.74,18398.76,15988.92
000038.SZ,2022-01-18,8.77,8.78,8.41,8.42,23990.8,20540.29
000038.SZ,2022-01-19,8.42,8.67,8.41,8.64,24984.99,21460.23
000038.SZ,2022-01-20,8.64,8.68,8.32,8.41,19772.0,16742.23
000038.SZ,2022-01-21,8.4,9.25,8.22,8.82,74728.43,65206.64
000038.SZ,2022-01-24,8.69,9.7,8.29,9.7,138162.9,126350.7
000038.SZ,2022-01-25,9.7,10.6,8.73,8.82,147374.26,140012.88
000038.SZ,2022-01-26,8.49,9.7,8.3,9.7,141907.06,129260.03
000038.SZ,2022-01-27,9.2,10.55,9.13,9.45,194838.53,194133.17
000038.SZ,2022-01-28,9.62,10.4,9.19,9.99,149592.97,146807.19
000038.SZ,2022-02-07,9.38,10.8,9.31,10.32,160337.37,161049.85
000038.SZ,2022-02-08,10.02,10.78,9.9,10.39,135066.86,139541.01
000038.SZ,2022-02-09,10.33,10.39,10.1,10.22,97435.62,99448.62
000038.SZ,2022-02-10,10.16,10.49,9.93,10.15,95273.73,97006.49
000038.SZ,2022-02-11,10.0,10.12,9.83,9.93,71554.17,71320.48
000038.SZ,2022-02-14,9.87,9.89,9.42,9.6,85451.8,82529.24
000038.SZ,2022-02-15,9.64,9.7,9.36,9.61,56884.2,54243.92
000038.SZ,2022-02-16,9.5,9.67,9.5,9.5,61180.0,58618.22
000038.SZ,2022-02-17,9.4,9.82,9.18,9.81,99240.02,95346.2
000038.SZ,2022-02-18,9.7,9.7,9.51,9.56,52455.4,50126.79
000038.SZ,2022-02-21,9.5,9.5,9.23,9.37,55772.09,52017.03
000038.SZ,2022-02-22,9.27,9.27,8.98,9.03,59434.23,53998.68
000038.SZ,2022-02-23,9.08,9.27,9.04,9.11,35940.15,32840.79
000038.SZ,2022-02-24,9.09,9.19,8.5,8.68,65466.95,57795.36
000038.SZ,2022-02-25,8.77,8.8,8.57,8.59,29633.8,25712.59
000038.SZ,2022-02-28,8.58,8.66,8.42,8.64,31940.8,27269.4
000038.SZ,2022-03-01,8.65,8.75,8.6,8.74,29320.46,25509.83
000038.SZ,2022-03-02,8.7,8.76,8.58,8.62,30263.0,26229.25
000038.SZ,2022-03-03,8.62,8.71,8.57,8.57,24545.0,21164.67
000038.SZ,2022-03-04,8.54,8.66,8.37,8.64,49623.07,42417.64
000038.SZ,2022-03-07,8.61,8.73,8.32,8.73,45378.2,38538.94
000038.SZ,2022-03-08,8.7,9.04,8.54,8.89,68090.0,59880.94
000038.SZ,2022-03-09,8.81,8.99,8.6,8.95,66882.0,59097.84
000038.SZ,2022-03-10,9.05,9.06,8.8,8.9,56190.11,49998.66
000038.SZ,2022-03-11,8.81,8.9,8.48,8.82,58295.5,50617.78
000038.SZ,2022-03-14,8.82,8.83,8.57,8.77,37524.0,32653.02
000038.SZ,2022-03-15,8.73,8.74,8.4,8.64,38586.4,33354.93
000038.SZ,2022-03-16,8.67,8.75,8.43,8.69,41856.79,36050.25
000038.SZ,2022-03-17,8.76,8.78,8.61,8.67,55671.14,48320.21
000038.SZ,2022-03-18,8.68,8.68,8.59,8.63,21490.8,18567.12
000038.SZ,2022-03-21,8.65,8.74,8.51,8.72,40918.8,35310.89
000038.SZ,2022-03-22,8.73,8.88,8.63,8.82,43486.4,38148.28
000038.SZ,2022-03-23,8.8,8.88,8.72,8.79,34707.1,30488.57
000038.SZ,2022-03-24,8.72,8.77,8.6,8.77,42198.0,36634.56
000038.SZ,2022-03-25,8.77,9.08,8.73,8.89,58742.0,52165.27
000038.SZ,2022-03-28,9.1,9.15,8.87,9.06,74213.2,66734.83
000038.SZ,2022-03-29,9.0,9.2,8.86,9.17,75895.0,68492.75
000038.SZ,2022-03-30,9.16,9.2,9.05,9.15,48220.68,44032.16
000038.SZ,2022-03-31,9.15,9.3,8.94,9.2,73103.6,66716.37
000038.SZ,2022-04-01,9.18,9.26,9.05,9.13,49432.0,45277.98
000038.SZ,2022-04-06,9.11,9.13,8.93,9.0,55539.8,50103.49
000038.SZ,2022-04-07,8.95,9.08,8.84,8.92,45504.22,40735.92
000038.SZ,2022-04-08,8.82,8.89,8.63,8.85,42381.0,37158.33
000038.SZ,2022-04-11,8.81,9.09,8.61,8.92,42651.4,37684.68
000038.SZ,2022-04-12,8.91,9.0,8.86,8.98,29223.0,26155.43
000038.SZ,2022-04-13,8.98,8.98,8.73,8.93,27603.0,24472.49
000038.SZ,2022-04-14,8.91,8.91,8.78,8.79,16404.6,14511.1
000038.SZ,2022-04-15,8.8,8.8,8.55,8.66,28378.6,24560.9
000038.SZ,2022-04-18,8.67,8.67,8.41,8.67,27264.6,23304.95
000038.SZ,2022-04-19,8.58,8.8,8.56,8.71,15576.6,13533.06
000038.SZ,2022-04-20,8.74,8.76,8.58,8.73,17104.0,14822.91
000038.SZ,2022-04-21,8.62,8.71,8.51,8.71,20767.0,17875.44
000038.SZ,2022-04-22,8.69,9.3,8.37,9.3,42498.0,37475.62
000038.SZ,2022-04-25,9.1,9.13,8.66,8.76,44464.96,39713.94
000038.SZ,2022-04-26,7.88,7.88,7.88,7.88,11607.0,9146.32
000038.SZ,2022-04-27,7.09,7.09,7.09,7.09,8433.0,5979.0
000038.SZ,2022-04-28,6.38,6.38,6.38,6.38,10276.0,6556.09
000038.SZ,2022-04-29,5.74,6.36,5.74,6.05,206013.0,121934.27
000038.SZ,2022-05-06,5.75,5.75,5.75,5.75,838.0,481.85
000038.SZ,2022-05-09,5.46,5.46,5.46,5.46,1551.0,846.85
000038.SZ,2022-05-10,5.19,5.19,5.19,5.19,2272.0,1179.17
000038.SZ,2022-05-11,4.93,4.93,4.93,4.93,33116.0,16326.19
000038.SZ,2022-05-12,4.68,4.68,4.68,4.68,7523.0,3520.76
000038.SZ,2022-05-13,4.45,4.45,4.45,4.45,14411.0,6412.9
000038.SZ,2022-05-16,4.23,4.23,4.23,4.23,7964.0,3368.77
000038.SZ,2022-05-17,4.02,4.4,4.02,4.25,437822.42,178666.69
000038.SZ,2022-05-18,4.12,4.37,4.06,4.24,255966.52,107070.01
000038.SZ,2022-05-19,4.13,4.45,4.11,4.45,103263.56,44448.64
000038.SZ,2022-05-20,4.6,4.64,4.41,4.54,217120.16,98694.71
000038.SZ,2022-05-23,4.55,4.76,4.45,4.61,176359.49,80850.75
000038.SZ,2022-05-24,4.58,4.65,4.38,4.38,164914.0,73798.39
000038.SZ,2022-05-25,4.26,4.36,4.24,4.33,109568.8,47097.86
000038.SZ,2022-05-26,4.33,4.37,4.25,4.29,71371.9,30661.7
000038.SZ,2022-05-27,4.27,4.3,4.08,4.08,151839.53,62711.13
000038.SZ,2022-05-30,4.05,4.18,3.94,4.1,79988.6,32263.37
000038.SZ,2022-05-31,4.09,4.1,3.99,4.05,52231.8,21157.41
000038.SZ,2022-06-01,4.01,4.12,4.0,4.04,63645.2,25826.26
000038.SZ,2022-06-02,4.02,4.03,3.84,3.86,155602.4,60278.99
000038.SZ,2022-06-06,3.83,3.91,3.78,3.89,102845.81,39515.9
000038.SZ,2022-06-07,3.86,3.95,3.86,3.9,73068.61,28485.96
000038.SZ,2022-06-08,3.9,4.1,3.86,4.1,145885.87,58398.35
000038.SZ,2022-06-09,4.09,4.09,3.9,3.9,128730.2,50942.92
000038.SZ,2022-06-10,3.83,3.94,3.83,3.89,75020.8,29197.03
000038.SZ,2022-06-13,3.86,3.86,3.71,3.74,77748.01,29397.88
000038.SZ,2022-06-14,3.71,3.71,3.55,3.65,87078.3,31522.19
000038.SZ,2022-06-15,3.65,3.78,3.63,3.74,100658.99,37198.74
000038.SZ,2022-06-16,3.68,3.77,3.64,3.74,67526.79,25048.62
000038.SZ,2022-06-17,3.71,3.73,3.59,3.64,65849.6,24078.27
000038.SZ,2022-06-20,3.65,3.67,3.61,3.66,38869.2,14169.17
000038.SZ,2022-06-21,3.64,3.66,3.61,3.64,51183.49,18617.24
000038.SZ,2022-06-22,3.65,3.79,3.62,3.66,87695.29,32429.71
000038.SZ,2022-06-23,3.65,3.68,3.57,3.63,59583.0,21507.0
000038.SZ,2022-06-24,3.61,3.67,3.6,3.67,42162.6,15333.53
000038.SZ,2022-06-27,3.67,3.77,3.65,3.74,52006.63,19348.16
000038.SZ,2022-06-28,3.73,3.79,3.71,3.77,54727.63,20524.23
000038.SZ,2022-06-29,3.75,3.96,3.75,3.87,203252.03,79755.26
000038.SZ,2022-06-30,3.78,3.85,3.75,3.83,131849.8,50098.16
000038.SZ,2022-07-01,3.8,4.02,3.8,4.02,76295.2,30206.03
000038.SZ,2022-07-04,4.1,4.17,3.9,3.96,136387.92,54634.63
000038.SZ,2022-07-05,3.94,3.95,3.8,3.82,98134.6,37829.42
000038.SZ,2022-07-06,3.79,3.9,3.76,3.84,66213.25,25410.07
000038.SZ,2022-07-07,3.81,3.93,3.8,3.93,58707.6,22793.83
000038.SZ,2022-07-08,3.91,3.96,3.87,3.89,49585.0,19396.48
000038.SZ,2022-07-11,3.88,3.89,3.82,3.86,35073.4,13486.09
000038.SZ,2022-07-12,3.85,4.05,3.85,3.96,69395.8,27603.62
000038.SZ,2022-07-13,3.95,4.04,3.92,3.97,49779.4,19835.76
000038.SZ,2022-07-14,4.0,4.17,3.98,4.11,158158.05,65082.93
000038.SZ,2022-07-15,4.24,4.32,4.19,4.32,54324.6,23183.52
000038.SZ,2022-07-18,4.5,4.53,4.19,4.32,246011.4,107687.16
000038.SZ,2022-07-19,4.32,4.54,4.28,4.54,141743.4,63038.88
000038.SZ,2022-07-20,4.7,4.77,4.59,4.77,245984.45,116180.59
000038.SZ,2022-07-21,4.77,5.01,4.67,4.96,297487.36,145607.01
000038.SZ,2022-07-22,4.85,5.14,4.74,4.96,237435.32,116993.9
000038.SZ,2022-07-25,4.86,4.94,4.71,4.71,187832.8,89933.94
000038.SZ,2022-07-26,4.7,4.95,4.69,4.95,143634.17,70168.46
000038.SZ,2022-07-27,5.02,5.15,4.8,4.82,194425.61,96266.85
000038.SZ,2022-07-28,4.75,4.98,4.75,4.82,143245.84,69427.46
000038.SZ,2022-07-29,4.8,4.82,4.58,4.61,159614.27,74364.06
000038.SZ,2022-08-01,4.57,4.83,4.54,4.74,110718.12,52198.07
000038.SZ,2022-08-02,4.7,4.7,4.5,4.5,138231.84,62655.22
000038.SZ,2022-08-03,4.41,4.64,4.41,4.49,104642.24,47531.63
000038.SZ,2022-08-04,4.53,4.71,4.52,4.71,129148.47,59897.37
000038.SZ,2022-08-05,4.78,4.95,4.75,4.95,216200.6,106226.1
000038.SZ,2022-08-08,5.05,5.2,4.95,5.2,80840.4,41609.66
000038.SZ,2022-08-09,5.37,5.46,5.06,5.35,263391.6,138603.2
000038.SZ,2022-08-10,5.25,5.25,5.08,5.08,150903.2,77526.59
000038.SZ,2022-08-11,5.11,5.22,5.02,5.09,113241.0,57851.3
000038.SZ,2022-08-12,5.0,5.19,4.97,5.08,77943.0,39756.96
000038.SZ,2022-08-15,5.08,5.33,5.02,5.33,164470.0,86114.01
000038.SZ,2022-08-16,5.35,5.43,5.15,5.19,145923.92,76536.88
000038.SZ,2022-08-17,5.19,5.24,5.08,5.16,94072.12,48496.97
000038.SZ,2022-08-18,5.12,5.17,4.98,5.01,101266.33,51087.45
000038.SZ,2022-08-19,5.01,5.15,5.01,5.06,60991.32,31026.56
000038.SZ,2022-08-22,5.03,5.1,4.96,5.08,58883.92,29650.14
000038.SZ,2022-08-23,5.05,5.07,5.0,5.05,44654.82,22490.55
000038.SZ,2022-08-24,5.1,5.3,5.06,5.3,172840.32,90313.15
000038.SZ,2022-08-25,5.34,5.38,5.04,5.13,152226.92,78505.02
000038.SZ,2022-08-26,5.18,5.34,4.87,4.89,148883.42,75807.26
000038.SZ,2022-08-29,4.77,4.89,4.65,4.83,110693.02,52325.74
000038.SZ,2022-08-30,4.8,4.94,4.79,4.85,57115.0,27773.63
000038.SZ,2022-08-31,4.82,4.87,4.66,4.73,58027.2,27488.71
000038.SZ,2022-09-01,4.7,4.77,4.63,4.66,37268.0,17501.93
000038.SZ,2022-09-02,4.63,4.85,4.63,4.83,53879.2,25797.71
000038.SZ,2022-09-05,4.8,4.87,4.78,4.86,32076.6,15475.03
000038.SZ,2022-09-06,4.85,4.87,4.73,4.8,68409.2,32848.94
000038.SZ,2022-09-07,4.77,4.8,4.69,4.73,45841.2,21682.23
000038.SZ,2022-09-08,4.72,4.82,4.7,4.71,38209.0,18171.79
000038.SZ,2022-09-09,4.7,4.72,4.64,4.71,48080.2,22482.74
000038.SZ,2022-09-13,4.72,4.91,4.71,4.82,56663.0,27360.71
000038.SZ,2022-09-14,4.75,4.82,4.7,4.77,41269.6,19669.29
000038.SZ,2022-09-15,4.77,4.81,4.56,4.63,71281.0,33294.08
000038.SZ,2022-09-16,4.57,4.62,4.4,4.4,67898.6,30444.28
000038.SZ,2022-09-19,4.37,4.38,4.18,4.18,69666.76,29402.73
000038.SZ,2022-09-20,4.01,4.23,4.01,4.2,78847.39,32431.58
000038.SZ,2022-09-21,4.17,4.31,4.12,4.18,43969.0,18385.52
000038.SZ,2022-09-22,4.15,4.27,4.01,4.1,71552.4,29647.35
000038.SZ,2022-09-23,4.09,4.11,3.91,3.96,72636.0,29132.52
000038.SZ,2022-09-26,3.94,4.02,3.81,3.82,46910.6,18383.02
000038.SZ,2022-09-27,3.8,4.01,3.8,4.01,49765.21,19490.18
000038.SZ,2022-09-28,4.03,4.05,3.94,3.97,48679.0,19417.63
000038.SZ,2022-09-29,4.0,4.12,3.86,3.87,48485.0,19250.13
000038.SZ,2022-09-30,3.84,4.02,3.84,3.95,44637.0,17613.51
000038.SZ,2022-10-10,3.97,4.09,3.92,3.94,45034.0,18034.47
000038.SZ,2022-10-11,3.9,3.99,3.86,3.98,35116.0,13850.74
000038.SZ,2022-10-12,3.99,4.18,3.97,4.18,104201.0,43105.41
000038.SZ,2022-10-13,4.18,4.25,4.12,4.2,66141.8,27650.79
000038.SZ,2022-10-14,4.2,4.31,4.17,4.3,51390.8,21820.68
000038.SZ,2022-10-17,4.26,4.45,4.26,4.39,47371.6,20622.57
000038.SZ,2022-10-18,4.41,4.61,4.38,4.51,77151.32,34654.99
000038.SZ,2022-10-19,4.5,4.5,4.34,4.34,56391.12,24863.72
000038.SZ,2022-10-20,4.33,4.56,4.32,4.43,68607.12,30506.11
000038.SZ,2022-10-21,4.4,4.49,4.37,4.39,35880.0,15840.48
000038.SZ,2022-10-24,4.44,4.61,4.37,4.4,85952.0,38938.68
000038.SZ,2022-10-25,4.33,4.48,4.18,4.44,68668.6,29647.92
000038.SZ,2022-10-26,4.4,4.66,4.22,4.23,139430.0,61139.02
000038.SZ,2022-10-27,4.22,4.31,4.17,4.27,63797.2,27001.51
000038.SZ,2022-10-28,4.26,4.31,4.08,4.13,54122.6,22724.07
000038.SZ,2022-10-31,4.34,4.34,4.29,4.34,47245.05,20466.33
000038.SZ,2022-11-01,4.35,4.53,4.31,4.49,100572.12,44379.79
000038.SZ,2022-11-02,4.45,4.55,4.43,4.47,64373.0,28843.72
000038.SZ,2022-11-03,4.43,4.51,4.38,4.48,49970.0,22243.26
000038.SZ,2022-11-04,4.47,4.55,4.47,4.52,48764.4,21991.21
000038.SZ,2022-11-07,4.5,4.63,4.38,4.63,111546.4,49945.09
000038.SZ,2022-11-08,4.6,4.76,4.58,4.71,84210.2,39434.21
000038.SZ,2022-11-09,4.71,4.94,4.66,4.88,95131.0,45957.06
000038.SZ,2022-11-10,4.82,4.84,4.68,4.75,82612.0,39318.91
000038.SZ,2022-11-11,4.8,4.92,4.74,4.75,75933.0,36630.81
000038.SZ,2022-11-14,4.73,4.83,4.72,4.81,49700.4,23679.55
000038.SZ,2022-11-15,4.83,4.86,4.8,4.85,39256.0,18968.88
000038.SZ,2022-11-16,4.85,4.95,4.8,4.87,48226.0,23428.84
000038.SZ,2022-11-17,4.82,4.88,4.76,4.84,71174.6,34289.74
000038.SZ,2022-11-18,4.84,5.05,4.81,4.93,79032.4,38987.31
000038.SZ,2022-11-21,4.95,5.0,4.84,5.0,60812.6,29904.24
000038.SZ,2022-11-22,4.98,5.25,4.96,5.15,113327.0,58453.55
000038.SZ,2022-11-23,5.1,5.24,4.89,4.89,111491.0,55678.88
000038.SZ,2022-11-24,4.79,4.94,4.72,4.83,93309.2,45014.48
000038.SZ,2022-11-25,4.83,4.83,4.72,4.79,48873.15,23349.4
000038.SZ,2022-11-28,4.75,4.79,4.66,4.78,50935.8,23995.42
000038.SZ,2022-11-29,4.76,4.96,4.76,4.87,55845.45,27222.5
000038.SZ,2022-11-30,4.82,4.87,4.67,4.79,87477.0,41554.99
000038.SZ,2022-12-01,4.79,4.83,4.7,4.7,63023.0,29921.16
000038.SZ,2022-12-02,4.67,4.83,4.67,4.8,58180.8,27733.38
000038.SZ,2022-12-05,4.78,4.89,4.75,4.84,50500.0,24349.08
000038.SZ,2022-12-06,4.84,5.0,4.81,4.96,82287.4,40665.69
000038.SZ,2022-12-07,4.9,4.94,4.8,4.83,61170.4,29729.48
000038.SZ,2022-12-08,4.83,4.85,4.73,4.74,52048.4,24792.33
000038.SZ,2022-12-09,4.71,4.77,4.57,4.62,57620.6,26789.29
000038.SZ,2022-12-12,4.61,4.68,4.57,4.59,33056.0,15243.43
000038.SZ,2022-12-13,4.6,4.72,4.57,4.66,34887.8,16233.06
000038.SZ,2022-12-14,4.61,4.68,4.58,4.6,27072.0,12496.74
000038.SZ,2022-12-15,4.56,4.63,4.54,4.58,22318.8,10222.29
000038.SZ,2022-12-16,4.55,4.57,4.35,4.36,57370.2,25406.27
000038.SZ,2022-12-19,4.3,4.38,4.16,4.2,44238.2,18684.43
000038.SZ,2022-12-20,4.2,4.32,4.2,4.25,27909.2,11862.79
000038.SZ,2022-12-21,4.21,4.27,4.1,4.14,33769.8,14121.83
000038.SZ,2022-12-22,4.16,4.24,4.1,4.1,25486.8,10609.62
000038.SZ,2022-12-23,4.04,4.21,4.04,4.17,22394.8,9305.67
000038.SZ,2022-12-26,4.19,4.3,4.18,4.29,23754.8,10136.79
000038.SZ,2022-12-27,4.3,4.33,4.16,4.25,21255.0,8985.3
000038.SZ,2022-12-28,4.2,4.21,4.09,4.1,31814.56,13159.54
000038.SZ,2022-12-29,4.11,4.17,4.07,4.14,20789.56,8592.18
000038.SZ,2022-12-30,4.28,4.28,4.15,4.18,25524.0,10730.57
000038.SZ,2023-01-03,4.16,4.28,4.09,4.27,30253.0,12704.41
000038.SZ,2023-01-04,4.26,4.35,4.26,4.31,27571.0,11869.59
000038.SZ,2023-01-05,4.32,4.42,4.32,4.36,31748.0,13831.94
000038.SZ,2023-01-06,4.35,4.35,4.26,4.26,28143.4,12129.45
000038.SZ,2023-01-09,4.28,4.31,4.23,4.28,21247.0,9083.82
000038.SZ,2023-01-10,4.26,4.29,4.17,4.19,25155.0,10615.88
000038.SZ,2023-01-11,4.2,4.21,4.13,4.16,18723.2,7821.01
000038.SZ,2023-01-12,4.16,4.19,4.1,4.13,22680.0,9394.77
000038.SZ,2023-01-13,4.12,4.2,4.11,4.19,18457.2,7671.13
000038.SZ,2023-01-16,4.15,4.23,4.15,4.22,19775.0,8284.89
000038.SZ,2023-01-17,4.19,4.21,4.13,4.17,18500.2,7706.62
000038.SZ,2023-01-18,4.17,4.26,4.16,4.26,21088.6,8884.58
000038.SZ,2023-01-19,4.25,4.32,4.22,4.27,22074.0,9425.12
000038.SZ,2023-01-20,4.25,4.39,4.25,4.39,36825.2,16017.53
000038.SZ,2023-01-30,4.4,4.48,4.38,4.45,37624.4,16721.64
000038.SZ,2023-01-31,4.46,4.47,4.35,4.43,73789.76,32495.33
000038.SZ,2023-02-01,4.41,4.48,4.39,4.47,51825.4,22992.28
000038.SZ,2023-02-02,4.42,4.46,4.37,4.37,61179.4,26951.16
000038.SZ,2023-02-03,4.35,4.37,4.3,4.35,44041.16,19096.33
000038.SZ,2023-02-06,4.34,4.37,4.32,4.36,25592.4,11128.46
000038.SZ,2023-02-07,4.37,4.37,4.32,4.36,22736.83,9884.01
000038.SZ,2023-02-08,4.35,4.35,4.31,4.32,26874.0,11650.76
000038.SZ,2023-02-09,4.32,4.39,4.3,4.39,32443.6,14126.4
000038.SZ,2023-02-10,4.38,4.43,4.36,4.42,36036.43,15858.68
000038.SZ,2023-02-13,4.42,4.64,4.4,4.55,66892.76,30140.39
000038.SZ,2023-02-14,4.48,4.49,4.32,4.32,112132.25,48898.82
000038.SZ,2023-02-15,4.2,4.29,4.19,4.26,54011.21,22918.88
000038.SZ,2023-02-16,4.26,4.35,4.21,4.23,52114.0,22360.77
000038.SZ,2023-02-17,4.23,4.27,4.14,4.17,47732.2,20103.51
000038.SZ,2023-02-20,4.09,4.15,3.96,3.96,65001.0,25973.06
000038.SZ,2023-02-21,3.85,4.01,3.85,4.0,70885.65,27991.89
000038.SZ,2023-02-22,3.93,3.97,3.91,3.95,35088.0,13817.12
000038.SZ,2023-02-23,3.96,4.1,3.92,4.05,61504.0,24556.52
000038.SZ,2023-02-24,4.01,4.04,3.95,4.01,45952.4,18384.73
000038.SZ,2023-02-27,4.01,4.04,3.97,3.98,29327.0,11735.34
000038.SZ,2023-02-28,3.88,3.92,3.78,3.85,114366.52,43719.38
000038.SZ,2023-03-01,3.89,4.04,3.89,4.04,77027.12,30663.45
000038.SZ,2023-03-02,4.1,4.12,3.95,3.97,82901.0,33323.0
000038.SZ,2023-03-03,3.94,4.09,3.94,4.05,53727.4,21619.31
000038.SZ,2023-03-06,4.03,4.08,3.98,4.01,48850.0,19643.81
000038.SZ,2023-03-07,4.02,4.14,3.99,4.04,64611.6,26257.84
000038.SZ,2023-03-08,4.05,4.24,4.03,4.24,116993.2,49057.71
000038.SZ,2023-03-09,4.23,4.23,4.14,4.19,85749.4,35817.99
000038.SZ,2023-03-10,4.17,4.31,4.13,4.23,72596.51,30493.13
000038.SZ,2023-03-13,4.19,4.2,4.02,4.02,93166.51,37971.5
000038.SZ,2023-03-14,4.19,4.22,4.17,4.22,82653.7,34818.84
000038.SZ,2023-03-15,4.23,4.26,4.08,4.23,95977.19,40213.8
000038.SZ,2023-03-16,4.2,4.21,4.11,4.13,57069.02,23700.94
000038.SZ,2023-03-17,4.08,4.11,3.99,4.06,74319.6,30112.59
000038.SZ,2023-03-20,4.06,4.06,3.92,3.97,48412.0,19260.22
000038.SZ,2023-03-21,3.95,4.02,3.93,4.02,29995.71,11967.37
000038.SZ,2023-03-22,4.01,4.03,3.97,4.01,34364.0,13713.62
000038.SZ,2023-03-23,4.0,4.0,3.9,3.95,50006.4,19705.37
000038.SZ,2023-03-24,4.15,4.15,4.12,4.15,87910.62,36479.44
000038.SZ,2023-03-27,4.13,4.36,4.1,4.24,160017.2,67816.51
000038.SZ,2023-03-28,4.14,4.19,4.06,4.1,91975.8,37845.44
000038.SZ,2023-03-29,4.1,4.1,4.03,4.05,44258.2,17956.36
000038.SZ,2023-03-30,4.07,4.19,4.06,4.08,57722.24,23742.7
000038.SZ,2023-03-31,4.05,4.11,3.99,4.11,44459.24,17988.43
000038.SZ,2023-04-03,4.11,4.17,4.07,4.14,38170.6,15755.0
000038.SZ,2023-04-04,4.08,4.2,4.07,4.15,40878.0,16905.24
000038.SZ,2023-04-06,4.17,4.17,4.1,4.14,27375.0,11293.86
000038.SZ,2023-04-07,4.11,4.24,4.11,4.19,42141.4,17624.25
000038.SZ,2023-04-10,4.21,4.26,4.16,4.24,45704.81,19232.94
000038.SZ,2023-04-11,4.18,4.18,4.03,4.06,77522.8,31616.13
000038.SZ,2023-04-12,4.0,4.08,3.98,4.07,30635.79,12400.68
000038.SZ,2023-04-13,4.03,4.09,4.03,4.08,24598.04,10006.59
000038.SZ,2023-04-14,4.08,4.08,3.94,4.05,39156.6,15734.05
000038.SZ,2023-04-17,4.04,4.04,3.93,3.97,47513.4,18869.23
000038.SZ,2023-04-18,3.9,3.91,3.77,3.82,73842.24,28330.9
000038.SZ,2023-04-19,3.81,3.87,3.81,3.83,33664.8,12931.99
000038.SZ,2023-04-20,3.8,3.8,3.64,3.64,63604.0,23457.2
000038.SZ,2023-04-21,3.53,3.55,3.46,3.46,67688.4,23554.55
000038.SZ,2023-04-24,3.32,3.52,3.32,3.5,44137.0,15186.14
000038.SZ,2023-04-25,3.37,3.47,3.33,3.34,63334.6,21198.63
000038.SZ,2023-04-26,3.32,3.43,3.27,3.28,50625.4,16875.86
000038.SZ,2023-04-27,3.18,3.33,3.17,3.27,42734.4,13874.03
000038.SZ,2023-04-28,3.26,3.43,3.26,3.43,61415.8,20852.69
000038.SZ,2023-06-19,0.6,0.64,0.58,0.62,448345.39,27204.76
000038.SZ,2023-06-20,0.61,0.62,0.57,0.59,250710.91,14884.77
000038.SZ,2023-06-21,0.59,0.63,0.58,0.61,202552.06,12233.82
000038.SZ,2023-06-26,0.62,0.63,0.59,0.61,153732.39,9402.77
000038.SZ,2023-06-27,0.61,0.67,0.61,0.67,212123.11,13712.71
000038.SZ,2023-06-28,0.69,0.69,0.61,0.64,159026.47,10342.06
000038.SZ,2023-06-29,0.64,0.64,0.61,0.61,107087.33,6635.15
000038.SZ,2023-06-30,0.61,0.62,0.59,0.61,92064.79,5563.46
000038.SZ,2023-07-03,0.6,0.61,0.58,0.58,107755.02,6384.24
000038.SZ,2023-07-04,0.58,0.59,0.56,0.58,113090.47,6490.59
000038.SZ,2023-07-05,0.58,0.58,0.53,0.53,129578.46,7174.12
000038.SZ,2023-07-06,0.54,0.56,0.53,0.54,98531.6,5349.27
000038.SZ,2023-07-07,0.54,0.54,0.52,0.52,85991.0,4542.54
000038.SZ,2023-07-10,0.53,0.57,0.52,0.55,132370.1,7307.24
000038.SZ,2023-07-11,0.54,0.55,0.51,0.52,209404.51,10931.14
