symbol,datetime,open,high,low,close,volume,amount
000602.SZ,2001-01-02,25.3,25.96,24.37,25.74,4467.99,11197.04
000602.SZ,2001-01-03,25.42,26.1,25.4,25.89,1388.0,3594.02
000602.SZ,2001-01-04,25.92,26.15,25.5,25.79,2012.07,5159.88
000602.SZ,2001-01-05,25.52,26.0,25.41,25.87,2961.85,7566.2
000602.SZ,2001-01-08,25.8,25.99,25.0,25.23,819.08,2074.64
000602.SZ,2001-01-09,25.41,25.41,23.97,24.75,2072.98,5050.42
000602.SZ,2001-01-10,24.45,24.9,24.2,24.56,4015.98,9856.38
000602.SZ,2001-01-11,24.4,24.63,24.0,24.04,6019.99,14620.18
000602.SZ,2001-01-12,23.8,24.1,23.39,23.84,8656.29,20583.95
000602.SZ,2001-01-15,23.64,23.99,22.98,23.21,7935.0,18834.04
000602.SZ,2001-01-16,22.88,23.99,22.05,22.05,4011.76,9117.67
000602.SZ,2001-01-17,21.5,21.5,20.95,20.95,169.0,354.11
000602.SZ,2001-01-18,19.95,21.79,19.94,21.66,2133.29,4377.36
000602.SZ,2001-01-19,21.58,22.74,21.58,22.74,703.52,1599.31
000602.SZ,2001-02-05,23.85,23.88,22.1,22.47,1154.0,2644.11
000602.SZ,2001-02-06,22.4,22.4,21.6,21.75,295.0,643.02
000602.SZ,2001-02-07,22.84,22.84,21.3,21.49,2128.96,4816.39
000602.SZ,2001-02-08,22.0,22.55,21.1,21.56,1033.97,2281.06
000602.SZ,2001-02-09,21.56,22.56,20.61,21.08,555.9,1168.16
000602.SZ,2001-02-12,21.0,21.0,20.03,20.03,145.0,291.78
000602.SZ,2001-02-13,19.83,19.9,19.1,19.68,2439.05,4734.01
000602.SZ,2001-02-14,19.5,19.98,19.1,19.49,1023.88,1972.86
000602.SZ,2001-02-15,19.4,19.83,19.29,19.53,233.86,454.72
000602.SZ,2001-02-16,19.4,20.2,19.2,20.07,568.1,1126.47
000602.SZ,2001-02-19,20.1,21.07,20.0,20.98,2693.45,5639.2
000602.SZ,2001-02-20,21.0,21.1,20.59,20.97,294.01,613.55
000602.SZ,2001-02-21,20.88,21.0,20.4,20.4,474.96,980.72
000602.SZ,2001-02-22,20.3,20.59,20.18,20.52,185.49,377.36
000602.SZ,2001-02-23,20.3,20.69,20.0,20.06,322.01,654.67
000602.SZ,2001-02-26,20.16,20.58,19.8,20.48,811.55,1626.5
000602.SZ,2001-02-27,20.47,20.9,19.9,20.84,729.6,1502.03
000602.SZ,2001-02-28,20.6,20.89,20.6,20.8,1142.0,2358.16
000602.SZ,2001-03-01,20.5,20.88,20.5,20.86,473.25,980.96
000602.SZ,2001-03-02,20.6,21.0,20.31,20.8,456.24,947.76
000602.SZ,2001-03-05,20.7,20.83,20.52,20.79,212.23,441.18
000602.SZ,2001-03-06,20.0,20.78,19.75,20.58,215.18,434.99
000602.SZ,2001-03-07,20.4,20.49,19.83,20.44,450.0,908.39
000602.SZ,2001-03-08,20.4,20.4,19.92,20.17,72.5,145.76
000602.SZ,2001-03-09,19.17,20.49,19.17,20.46,290.64,584.31
000602.SZ,2001-03-12,20.4,20.7,19.85,20.63,241.44,493.49
000602.SZ,2001-03-13,20.14,20.59,19.98,20.48,108.0,217.87
000602.SZ,2001-03-14,20.0,20.49,20.0,20.4,105.01,212.05
000602.SZ,2001-03-15,19.68,20.45,19.5,20.39,216.0,436.09
000602.SZ,2001-03-16,20.34,20.9,20.31,20.71,468.83,964.29
000602.SZ,2001-03-19,20.8,21.75,20.8,21.75,2115.23,4581.81
000602.SZ,2001-03-20,22.1,22.84,22.1,22.41,2859.91,6485.24
000602.SZ,2001-03-21,22.41,23.0,21.5,22.82,1351.22,3025.16
000602.SZ,2001-03-22,22.8,22.84,22.15,22.71,559.89,1260.21
000602.SZ,2001-03-23,22.62,22.75,22.1,22.47,539.17,1206.22
000602.SZ,2001-03-26,22.37,22.94,22.0,22.79,1674.94,3760.1
000602.SZ,2001-03-27,22.7,22.93,22.22,22.75,526.0,1190.91
000602.SZ,2001-03-28,22.8,22.89,22.3,22.72,278.2,632.92
000602.SZ,2001-03-29,22.6,22.76,22.03,22.4,738.61,1642.45
000602.SZ,2001-03-30,22.03,22.6,21.91,22.27,879.11,1937.41
000602.SZ,2001-04-02,21.82,22.49,21.72,22.39,427.0,945.96
000602.SZ,2001-04-03,22.4,22.4,21.98,22.3,316.0,699.14
000602.SZ,2001-04-04,22.2,22.2,21.71,22.16,387.4,847.99
000602.SZ,2001-04-05,21.81,22.16,21.81,22.08,110.05,241.41
000602.SZ,2001-04-06,21.95,22.23,21.95,22.22,328.39,729.13
000602.SZ,2001-04-09,22.23,22.7,22.23,22.3,538.75,1202.74
000602.SZ,2001-04-10,22.32,22.48,21.9,22.42,317.82,706.4
000602.SZ,2001-04-11,22.5,22.5,21.98,22.38,662.1,1470.76
000602.SZ,2001-04-12,22.0,22.45,21.82,22.37,1153.99,2577.08
000602.SZ,2001-04-13,22.37,22.37,22.01,22.2,221.94,492.26
000602.SZ,2001-04-16,22.08,22.08,21.83,21.88,654.0,1433.73
000602.SZ,2001-04-17,21.97,22.36,21.75,22.2,706.37,1548.43
000602.SZ,2001-04-18,22.35,22.68,22.02,22.53,851.08,1903.48
000602.SZ,2001-04-19,22.5,22.74,22.0,22.66,967.43,2175.03
000602.SZ,2001-04-20,22.95,23.79,22.95,23.73,1952.51,4641.08
000602.SZ,2001-04-24,24.92,24.92,24.12,24.48,1733.0,4263.0
000602.SZ,2001-04-25,24.68,24.9,23.28,24.0,882.07,2147.91
000602.SZ,2001-04-26,22.88,24.38,22.88,23.6,649.0,1566.97
000602.SZ,2001-04-27,23.1,23.75,23.1,23.48,657.83,1545.67
000602.SZ,2001-05-24,24.65,24.65,24.18,24.5,1074.01,2645.61
000602.SZ,2001-05-25,25.7,25.73,23.3,24.69,2176.0,5396.19
000602.SZ,2001-05-28,24.68,24.7,23.46,23.47,1175.0,2809.83
000602.SZ,2001-05-29,23.03,24.35,23.03,24.31,383.35,907.82
000602.SZ,2001-05-30,24.3,25.0,24.22,24.5,317.0,776.03
000602.SZ,2001-05-31,24.3,24.7,24.07,24.7,597.0,1459.45
000602.SZ,2001-06-01,24.51,24.8,24.1,24.28,305.02,749.38
000602.SZ,2001-06-04,24.3,24.6,24.08,24.55,321.0,785.36
000602.SZ,2001-06-05,24.41,24.6,24.07,24.51,275.0,672.01
000602.SZ,2001-06-06,24.51,24.55,24.1,24.47,119.32,291.85
000602.SZ,2001-06-07,24.47,24.5,23.8,24.4,239.1,579.93
000602.SZ,2001-06-08,24.02,24.35,24.01,24.35,266.5,643.65
000602.SZ,2001-06-11,24.39,24.4,24.0,24.25,309.1,747.69
000602.SZ,2001-06-12,23.87,24.17,23.8,23.88,245.0,586.06
000602.SZ,2001-06-13,23.0,23.9,23.0,23.54,179.78,424.03
000602.SZ,2001-06-14,23.54,24.25,23.4,23.9,1138.0,2712.72
000602.SZ,2001-06-15,23.09,24.2,23.09,23.95,1006.25,2420.4
000602.SZ,2001-06-18,23.7,24.0,23.4,23.7,81.0,191.33
000602.SZ,2001-06-19,23.8,23.8,23.49,23.79,66.5,157.67
000602.SZ,2001-06-20,23.75,23.95,23.52,23.91,995.51,2379.93
000602.SZ,2001-06-21,23.68,24.17,23.67,24.0,268.0,643.27
000602.SZ,2001-06-22,24.08,24.7,23.89,24.45,515.0,1250.9
000602.SZ,2001-06-25,24.45,24.5,24.28,24.37,214.1,521.99
000602.SZ,2001-06-26,24.38,24.49,23.99,24.42,879.0,2115.16
000602.SZ,2001-06-27,24.35,24.4,23.85,23.91,3875.1,9307.3
000602.SZ,2001-06-28,25.0,25.0,23.88,24.31,4034.63,9687.34
000602.SZ,2001-07-02,24.3,24.3,23.41,24.27,981.29,2341.02
000602.SZ,2001-07-03,23.9,24.2,23.8,24.11,2042.25,4889.04
000602.SZ,2001-07-04,23.91,24.0,23.6,23.9,1398.75,3337.96
000602.SZ,2001-07-05,23.85,23.89,23.65,23.69,1487.0,3533.76
000602.SZ,2001-07-06,23.69,23.75,23.02,23.36,563.0,1323.98
000602.SZ,2001-07-09,23.45,23.9,23.3,23.47,1670.0,3956.54
000602.SZ,2001-07-10,23.47,23.68,23.47,23.58,1495.2,3522.56
000602.SZ,2001-07-11,23.58,23.6,23.41,23.59,1635.32,3854.34
000602.SZ,2001-07-12,23.59,23.68,23.51,23.66,1670.76,3942.2
000602.SZ,2001-07-13,23.66,23.73,23.5,23.61,804.95,1903.57
000602.SZ,2001-07-16,22.63,23.65,22.63,23.57,1357.78,3174.12
000602.SZ,2001-07-17,22.9,23.5,22.9,23.3,1262.0,2929.77
000602.SZ,2001-07-18,23.0,23.2,22.9,23.1,1310.15,3020.62
000602.SZ,2001-07-19,23.1,23.24,23.05,23.18,1240.0,2873.29
000602.SZ,2001-07-20,23.18,23.2,22.7,23.01,579.23,1329.03
000602.SZ,2001-07-23,23.01,23.05,22.7,22.91,474.08,1087.35
000602.SZ,2001-07-24,22.91,22.95,22.41,22.8,420.46,957.94
000602.SZ,2001-07-25,22.8,23.03,22.8,23.0,664.87,1525.64
000602.SZ,2001-07-26,23.0,23.05,22.82,22.98,439.0,1009.47
000602.SZ,2001-07-27,22.98,23.0,22.6,22.63,450.18,1031.2
000602.SZ,2001-07-30,22.63,22.67,21.8,22.14,357.0,796.31
000602.SZ,2001-07-31,21.98,21.98,21.03,21.33,568.73,1222.79
000602.SZ,2001-08-01,21.3,22.4,20.26,22.25,15662.17,32440.22
000602.SZ,2001-08-02,21.74,22.27,21.23,22.16,1175.65,2539.12
000602.SZ,2001-08-03,22.5,23.27,22.2,23.27,7320.74,16918.29
000602.SZ,2001-08-06,24.3,24.35,22.9,23.05,770.6,1802.46
000602.SZ,2001-08-07,23.78,23.78,22.3,22.93,132.35,302.87
000602.SZ,2001-08-08,22.33,22.91,22.31,22.85,79.02,178.56
000602.SZ,2001-08-09,22.75,22.8,22.4,22.76,104.47,235.56
000602.SZ,2001-08-10,23.3,23.3,22.22,22.89,93.05,212.31
000602.SZ,2001-08-13,22.4,23.35,21.75,22.93,202.19,456.29
000602.SZ,2001-08-14,22.8,22.9,22.5,22.5,193.0,435.87
000602.SZ,2001-08-15,22.5,22.5,22.15,22.2,226.0,502.12
000602.SZ,2001-08-16,22.18,22.97,21.5,21.5,1102.83,2390.58
000602.SZ,2001-08-17,21.5,21.55,21.0,21.18,610.61,1292.25
000602.SZ,2001-08-20,21.18,21.81,21.0,21.17,626.0,1328.04
000602.SZ,2001-08-21,21.2,21.5,21.17,21.49,575.45,1224.21
000602.SZ,2001-08-22,21.78,21.89,21.03,21.04,1060.02,2260.67
000602.SZ,2001-08-23,20.72,21.46,20.56,21.19,324.0,676.03
000602.SZ,2001-08-24,21.4,21.5,20.35,20.38,2536.0,5247.48
000602.SZ,2001-08-27,20.0,20.77,19.88,19.96,541.66,1084.56
000602.SZ,2001-08-28,20.18,20.3,19.8,20.3,861.16,1714.6
000602.SZ,2001-08-29,20.3,20.49,20.16,20.32,305.0,616.35
000602.SZ,2001-08-30,20.32,20.64,19.93,19.95,457.77,918.52
000602.SZ,2001-08-31,19.95,19.95,18.95,18.95,4579.71,8798.18
000602.SZ,2001-09-03,18.95,19.28,18.9,18.9,349.0,662.31
000602.SZ,2001-09-04,18.9,19.18,18.9,18.99,256.0,486.59
000602.SZ,2001-09-05,19.3,19.3,18.95,19.06,742.0,1415.45
000602.SZ,2001-09-06,19.08,19.15,19.04,19.06,111.0,211.85
000602.SZ,2001-09-07,19.06,19.3,18.8,18.8,488.12,922.17
000602.SZ,2001-09-10,18.8,19.65,18.6,19.19,3053.7,5762.27
000602.SZ,2001-09-11,19.0,19.3,19.0,19.0,132.77,252.77
000602.SZ,2001-09-12,18.6,18.9,18.6,18.6,293.2,549.0
000602.SZ,2001-09-13,19.28,19.28,18.37,18.73,171.0,321.22
000602.SZ,2001-09-14,18.51,18.94,17.79,17.79,2480.0,4449.03
000602.SZ,2001-09-17,17.79,17.79,17.4,17.41,1741.07,3053.65
000602.SZ,2001-09-18,17.42,17.95,17.41,17.5,228.0,400.13
000602.SZ,2001-09-19,17.99,18.2,17.51,17.94,214.33,384.34
000602.SZ,2001-09-20,17.94,18.84,17.8,18.84,703.23,1314.42
000602.SZ,2001-09-21,18.9,18.9,18.15,18.62,212.0,392.35
000602.SZ,2001-09-24,18.62,19.52,18.62,18.86,227.1,436.07
000602.SZ,2001-09-25,18.87,19.19,18.52,18.95,276.0,516.49
000602.SZ,2001-09-26,19.46,19.7,18.8,18.92,157.0,301.44
000602.SZ,2001-09-27,18.92,19.25,18.75,18.76,162.5,307.92
000602.SZ,2001-09-28,18.76,19.02,18.6,18.6,71.0,133.0
000602.SZ,2001-10-08,18.6,19.2,18.35,19.08,644.0,1222.81
000602.SZ,2001-10-09,19.08,19.2,18.51,19.18,1134.9,2166.11
000602.SZ,2001-10-10,19.1,19.1,18.63,18.83,124.09,232.78
000602.SZ,2001-10-11,19.17,19.59,18.73,18.8,153.25,291.11
000602.SZ,2001-10-12,18.71,19.08,18.7,19.0,67.0,126.63
000602.SZ,2001-10-15,19.0,19.05,18.31,19.05,54.0,100.53
000602.SZ,2001-10-16,18.74,19.2,18.7,19.12,185.0,349.86
000602.SZ,2001-10-17,19.09,19.18,18.75,19.15,127.0,241.8
000602.SZ,2001-10-18,19.15,19.3,19.0,19.14,49.48,94.36
000602.SZ,2001-10-19,19.13,19.13,18.5,18.93,156.2,291.92
000602.SZ,2001-10-22,18.9,18.9,18.1,18.24,69.0,127.18
000602.SZ,2001-10-23,18.5,19.15,18.5,19.15,268.71,514.45
000602.SZ,2001-10-24,20.11,20.11,19.1,19.4,241.0,481.68
000602.SZ,2001-10-25,19.48,19.48,18.6,18.61,166.46,311.7
000602.SZ,2001-10-26,18.6,18.6,18.21,18.3,188.0,346.94
000602.SZ,2001-10-29,18.58,19.22,18.57,19.22,337.01,641.28
000602.SZ,2001-10-30,19.35,20.18,18.4,20.18,1558.04,3035.84
000602.SZ,2001-10-31,20.18,21.19,19.66,19.9,406.65,843.11
000602.SZ,2001-11-01,19.9,19.9,19.42,19.75,169.0,330.34
000602.SZ,2001-11-02,18.83,20.32,18.83,19.32,97.01,187.58
000602.SZ,2001-11-05,19.32,19.5,19.01,19.48,210.02,406.04
000602.SZ,2001-11-06,19.02,19.8,18.6,18.98,197.02,376.69
000602.SZ,2001-11-07,19.29,19.45,18.03,18.03,430.01,781.39
000602.SZ,2001-11-08,18.03,18.78,17.5,18.38,98.0,177.39
000602.SZ,2001-11-09,17.8,18.36,17.7,18.36,109.0,194.66
000602.SZ,2001-11-12,18.75,19.1,18.15,18.99,126.02,238.29
000602.SZ,2001-11-13,18.26,19.0,18.06,18.8,111.0,204.46
000602.SZ,2001-11-14,18.78,18.8,18.4,18.7,43.0,79.67
000602.SZ,2001-11-15,18.34,18.88,18.34,18.88,59.0,109.99
000602.SZ,2001-11-16,19.1,19.45,18.32,18.84,121.0,229.03
000602.SZ,2001-11-19,19.04,19.55,18.09,19.1,115.0,217.81
000602.SZ,2001-11-20,19.09,19.22,18.75,19.11,62.0,117.87
000602.SZ,2001-11-21,18.81,18.9,18.57,18.9,33.0,61.82
000602.SZ,2001-11-22,18.64,18.99,18.64,18.88,21.0,39.4
000602.SZ,2001-11-23,18.8,19.25,18.8,19.23,152.0,288.94
000602.SZ,2001-11-26,19.2,20.08,18.92,19.77,174.2,341.0
000602.SZ,2001-11-27,19.76,19.94,19.28,19.91,231.0,454.73
000602.SZ,2001-11-28,20.14,20.15,19.66,20.06,232.95,466.7
000602.SZ,2001-11-29,20.21,20.21,19.71,20.18,74.0,148.4
000602.SZ,2001-11-30,20.24,20.48,19.93,20.23,241.0,482.94
000602.SZ,2001-12-03,19.37,20.47,19.37,20.23,114.0,227.25
000602.SZ,2001-12-04,20.25,20.44,19.6,20.2,143.0,285.36
000602.SZ,2001-12-05,20.0,20.2,19.63,19.99,403.0,804.69
000602.SZ,2001-12-07,20.5,20.5,19.12,19.96,87.0,170.87
000602.SZ,2001-12-10,19.8,19.8,19.38,19.54,329.98,651.16
000602.SZ,2001-12-11,19.96,19.98,18.7,19.42,738.0,1420.36
000602.SZ,2001-12-12,19.41,19.41,18.81,19.2,356.0,676.53
000602.SZ,2001-12-13,19.0,19.29,18.6,19.09,277.48,527.54
000602.SZ,2001-12-14,19.0,19.21,18.51,18.98,282.0,536.81
000602.SZ,2001-12-17,18.9,18.9,18.5,18.8,221.9,417.62
000602.SZ,2001-12-18,18.8,19.0,18.5,18.78,350.0,660.14
000602.SZ,2001-12-19,18.8,18.8,18.4,18.68,306.0,571.64
000602.SZ,2001-12-20,18.21,18.6,17.8,17.98,331.2,595.72
000602.SZ,2001-12-21,17.95,18.51,17.42,17.99,266.95,471.06
000602.SZ,2001-12-24,17.95,18.49,17.09,17.09,751.0,1293.07
000602.SZ,2001-12-25,16.24,16.98,16.24,16.8,393.0,645.25
000602.SZ,2001-12-26,16.5,16.65,16.06,16.39,409.08,676.71
000602.SZ,2001-12-27,16.28,16.59,16.0,16.13,401.0,645.64
000602.SZ,2001-12-28,16.94,16.94,16.94,16.94,146.0,247.32
000602.SZ,2002-01-04,17.24,17.24,16.56,17.1,64.6,108.26
000602.SZ,2002-01-07,17.0,17.07,16.39,16.77,266.79,446.3
000602.SZ,2002-01-08,16.7,17.14,16.16,16.84,259.69,436.2
000602.SZ,2002-01-09,16.75,16.89,16.3,16.62,234.0,385.09
000602.SZ,2002-01-10,16.69,16.69,16.16,16.51,215.0,351.75
000602.SZ,2002-01-11,16.51,16.8,16.28,16.28,468.0,764.95
000602.SZ,2002-01-14,16.28,16.28,15.47,15.91,321.02,508.57
000602.SZ,2002-01-15,15.87,15.87,15.4,15.75,73.0,113.89
000602.SZ,2002-01-16,15.22,15.5,14.96,15.1,135.0,205.3
000602.SZ,2002-01-17,15.0,15.09,14.35,14.35,45.4,65.33
000602.SZ,2002-01-18,13.63,13.92,13.63,13.65,550.57,751.79
000602.SZ,2002-01-21,13.15,13.15,12.97,12.97,105.0,136.22
000602.SZ,2002-01-22,12.32,12.6,12.32,12.34,189.87,234.06
000602.SZ,2002-01-23,11.81,12.79,11.72,12.79,146.63,181.37
000602.SZ,2002-01-24,12.79,12.98,12.5,12.95,156.35,199.5
000602.SZ,2002-01-25,13.11,13.3,12.89,13.02,44.0,57.73
000602.SZ,2002-01-28,12.42,12.95,12.37,12.37,220.0,272.66
000602.SZ,2002-01-29,12.75,12.75,11.99,12.65,95.0,119.21
000602.SZ,2002-01-30,12.3,12.85,12.3,12.72,28.0,35.05
000602.SZ,2002-01-31,12.78,13.36,12.75,13.36,246.0,326.12
000602.SZ,2002-02-01,13.58,13.93,13.42,13.79,188.1,257.18
000602.SZ,2002-02-04,13.21,14.4,13.13,14.17,325.12,462.24
000602.SZ,2002-02-05,14.4,14.52,14.12,14.5,35.0,50.23
000602.SZ,2002-02-06,14.49,14.58,14.0,14.02,89.41,126.49
000602.SZ,2002-02-07,13.61,14.55,13.61,14.3,111.0,159.78
000602.SZ,2002-02-08,14.13,14.52,13.98,14.37,339.8,479.72
000602.SZ,2002-02-25,14.45,14.88,14.09,14.19,122.0,173.75
000602.SZ,2002-02-26,14.25,14.46,14.08,14.22,129.0,183.02
000602.SZ,2002-02-27,14.28,14.38,13.84,14.16,263.0,371.85
000602.SZ,2002-02-28,14.17,14.87,14.17,14.87,1231.18,1822.87
000602.SZ,2002-03-01,15.06,15.47,14.13,14.81,715.0,1048.61
000602.SZ,2002-03-04,14.07,15.55,14.07,15.55,1874.15,2832.65
000602.SZ,2002-03-05,15.75,16.33,15.55,16.33,1044.01,1682.08
000602.SZ,2002-03-06,17.05,17.15,16.75,17.15,4063.26,6951.43
000602.SZ,2002-03-07,18.0,18.01,16.48,18.01,2871.02,5090.15
000602.SZ,2002-03-08,18.01,18.1,17.27,17.54,2593.03,4563.83
000602.SZ,2002-03-11,17.69,17.85,17.0,17.76,1588.8,2799.6
000602.SZ,2002-03-12,17.33,17.89,17.33,17.55,1211.09,2142.34
000602.SZ,2002-03-13,16.8,17.65,16.8,17.0,672.0,1142.5
000602.SZ,2002-03-14,17.25,17.58,16.61,17.45,331.0,576.5
000602.SZ,2002-03-15,17.45,17.63,17.2,17.3,1023.98,1790.85
000602.SZ,2002-03-18,17.48,17.58,17.0,17.32,998.8,1715.55
000602.SZ,2002-03-19,17.06,17.58,17.05,17.52,1306.0,2276.08
000602.SZ,2002-03-20,17.7,17.9,17.05,17.8,622.12,1095.01
000602.SZ,2002-03-21,17.98,18.48,17.82,18.47,877.52,1598.15
000602.SZ,2002-03-22,18.02,18.85,17.68,18.85,2006.0,3662.79
000602.SZ,2002-03-25,18.5,18.99,18.35,18.84,994.51,1864.61
000602.SZ,2002-03-27,18.8,18.89,17.9,18.2,1197.14,2181.17
000602.SZ,2002-03-28,17.71,18.01,17.06,17.98,1074.11,1910.15
000602.SZ,2002-03-29,17.51,17.52,17.19,17.19,1003.0,1739.05
000602.SZ,2002-04-01,17.0,17.7,16.51,17.54,311.13,532.84
000602.SZ,2002-04-02,17.67,17.69,16.71,16.9,347.63,590.59
000602.SZ,2002-04-03,16.51,17.37,16.51,17.16,439.06,750.06
000602.SZ,2002-04-04,17.31,17.31,16.8,17.11,357.81,610.8
000602.SZ,2002-04-05,17.11,17.85,16.85,17.6,498.14,871.01
000602.SZ,2002-04-08,17.7,17.7,17.0,17.64,162.0,279.25
000602.SZ,2002-04-09,17.6,17.84,17.16,17.8,642.13,1135.27
000602.SZ,2002-04-10,18.01,18.01,17.5,17.83,154.65,272.46
000602.SZ,2002-04-11,17.53,17.88,17.52,17.52,447.48,795.89
000602.SZ,2002-04-12,17.5,17.5,17.32,17.36,137.0,238.32
000602.SZ,2002-04-15,17.68,17.82,17.3,17.3,74.0,129.64
000602.SZ,2002-04-16,17.03,17.5,17.03,17.5,18.0,31.02
000602.SZ,2002-04-17,17.74,17.74,17.03,17.48,28.0,48.65
000602.SZ,2002-04-18,17.36,17.75,17.1,17.47,42.0,72.5
000602.SZ,2002-04-19,17.39,17.4,17.0,17.27,171.99,294.12
000602.SZ,2002-04-22,17.0,17.25,16.72,16.81,72.01,123.33
000602.SZ,2002-04-23,17.02,17.46,17.02,17.3,54.0,93.08
000602.SZ,2002-04-24,17.38,17.8,16.96,17.63,156.96,272.21
000602.SZ,2002-04-26,17.04,17.66,17.04,17.5,132.0,230.36
000602.SZ,2002-04-29,17.72,18.3,17.5,18.21,309.0,551.87
000602.SZ,2002-04-30,18.23,18.24,17.93,18.2,205.36,371.26
000602.SZ,2002-05-08,17.8,18.0,17.4,17.7,498.03,877.87
000602.SZ,2002-05-09,17.7,17.7,17.44,17.5,158.0,278.65
000602.SZ,2002-05-10,17.8,17.8,17.06,17.49,102.0,176.7
000602.SZ,2002-05-13,17.15,17.6,17.15,17.49,883.01,1527.6
000602.SZ,2002-05-14,17.21,17.6,17.21,17.26,104.01,180.2
000602.SZ,2002-05-15,17.48,17.48,17.05,17.38,117.05,201.84
000602.SZ,2002-05-16,17.47,17.5,16.86,16.88,546.03,950.99
000602.SZ,2002-05-17,17.21,17.21,16.53,17.13,26.01,44.45
000602.SZ,2002-05-20,16.62,17.13,16.6,16.72,360.0,602.57
000602.SZ,2002-05-21,17.17,17.97,17.1,17.88,1048.06,1860.74
000602.SZ,2002-05-22,17.9,17.9,17.36,17.77,98.01,172.06
000602.SZ,2002-05-23,17.75,17.75,17.49,17.68,85.23,150.79
000602.SZ,2002-05-24,17.21,17.5,17.21,17.46,187.08,323.56
000602.SZ,2002-05-27,16.01,17.6,16.01,17.38,251.37,432.08
000602.SZ,2002-05-28,17.8,17.8,17.1,17.28,101.25,176.05
000602.SZ,2002-05-29,17.1,17.33,17.02,17.33,40.0,68.3
000602.SZ,2002-05-30,16.8,17.35,16.52,17.18,84.94,142.89
000602.SZ,2002-05-31,16.81,17.18,16.81,16.9,36.05,61.1
000602.SZ,2002-06-03,16.61,16.93,16.6,16.6,40.0,66.94
000602.SZ,2002-06-04,16.88,16.88,16.5,16.5,14.0,23.25
000602.SZ,2002-06-05,16.35,16.76,16.0,16.39,91.0,147.66
000602.SZ,2002-06-06,16.0,16.93,16.0,16.91,42.0,68.91
000602.SZ,2002-06-07,16.2,17.05,16.2,16.87,78.0,130.69
000602.SZ,2002-06-10,16.94,16.94,16.42,16.74,4.01,6.74
000602.SZ,2002-06-11,16.73,16.98,16.73,16.95,36.0,60.59
000602.SZ,2002-06-12,16.95,18.6,16.95,17.5,224.51,392.81
000602.SZ,2002-06-13,17.13,17.69,17.04,17.14,98.01,167.57
000602.SZ,2002-06-14,17.13,17.38,16.81,16.86,123.0,210.12
000602.SZ,2002-06-17,17.14,17.16,16.41,17.12,32.0,54.6
000602.SZ,2002-06-18,16.82,17.38,16.82,17.38,132.02,225.35
000602.SZ,2002-06-19,17.34,17.34,16.85,16.86,70.85,120.57
000602.SZ,2002-06-20,16.7,17.16,16.7,17.0,68.0,115.2
000602.SZ,2002-06-21,17.1,17.68,16.54,17.43,2472.72,4282.21
000602.SZ,2002-06-24,19.15,19.15,18.0,18.94,2423.28,4512.93
000602.SZ,2002-06-25,19.0,19.0,17.85,17.86,1000.0,1820.83
000602.SZ,2002-06-26,17.28,17.89,17.02,17.2,573.02,990.29
000602.SZ,2002-06-27,17.66,17.66,17.04,17.37,128.0,221.29
000602.SZ,2002-06-28,16.5,17.4,16.5,17.09,261.27,445.94
000602.SZ,2002-07-01,17.27,17.34,16.98,17.06,77.5,132.45
000602.SZ,2002-07-02,17.27,17.27,16.9,17.11,128.9,218.93
000602.SZ,2002-07-03,17.99,17.99,16.91,17.21,374.0,642.8
000602.SZ,2002-07-04,17.27,17.56,17.1,17.3,342.24,592.83
000602.SZ,2002-07-05,17.3,17.3,17.0,17.22,87.0,148.36
000602.SZ,2002-07-08,16.96,17.46,16.92,17.4,56.0,96.99
000602.SZ,2002-07-09,17.2,17.42,17.1,17.12,117.0,201.71
000602.SZ,2002-07-10,17.03,17.27,16.61,16.95,162.9,275.7
000602.SZ,2002-07-11,16.7,17.4,16.7,17.3,1913.87,3291.64
000602.SZ,2002-07-12,17.3,17.35,17.3,17.32,780.19,1350.97
000602.SZ,2002-07-15,17.02,17.28,17.0,17.28,42.81,72.87
000602.SZ,2002-07-16,17.29,17.3,17.03,17.04,14.0,24.13
000602.SZ,2002-07-17,17.0,17.01,16.9,17.01,106.0,179.57
000602.SZ,2002-07-18,17.0,17.24,17.0,17.17,60.19,102.53
000602.SZ,2002-07-19,17.0,17.2,16.99,17.2,16.3,27.88
000602.SZ,2002-07-22,17.0,17.25,16.9,17.18,671.2,1144.56
000602.SZ,2002-07-23,17.1,17.23,16.01,17.2,1804.0,2959.03
000602.SZ,2002-07-24,16.8,16.99,16.69,16.78,117.01,196.96
000602.SZ,2002-07-26,16.6,17.17,16.5,17.01,269.4,450.58
000602.SZ,2002-07-29,16.54,17.0,16.0,16.63,176.79,291.74
000602.SZ,2002-07-30,16.88,16.88,16.61,16.8,122.91,206.38
000602.SZ,2002-07-31,16.5,16.85,16.5,16.81,932.74,1559.74
000602.SZ,2002-08-01,16.3,16.77,16.3,16.69,353.66,585.48
000602.SZ,2002-08-02,16.55,16.75,16.51,16.74,517.12,860.79
000602.SZ,2002-08-05,16.7,16.78,16.34,16.5,1904.53,3146.5
000602.SZ,2002-08-06,16.49,17.14,16.45,16.99,1795.01,3009.7
000602.SZ,2002-08-07,16.7,17.0,16.68,16.9,808.01,1362.99
000602.SZ,2002-08-08,16.9,17.63,16.85,17.45,2182.28,3711.33
000602.SZ,2002-08-09,17.28,19.15,17.19,18.68,1809.47,3311.78
000602.SZ,2002-08-12,18.7,19.95,18.6,19.78,6403.62,12510.74
000602.SZ,2002-08-13,20.0,20.1,19.58,19.8,5099.29,10070.14
000602.SZ,2002-08-14,19.88,19.88,18.95,19.2,3896.99,7499.02
000602.SZ,2002-08-15,18.9,18.95,18.21,18.58,3180.71,5888.07
000602.SZ,2002-08-16,18.48,19.1,18.27,18.66,3092.68,5787.81
000602.SZ,2002-08-19,18.58,18.58,18.01,18.25,2951.02,5361.19
000602.SZ,2002-08-20,18.12,18.46,18.0,18.26,2997.7,5460.18
000602.SZ,2002-08-21,18.05,18.35,18.05,18.34,2197.78,4005.8
000602.SZ,2002-08-22,18.23,19.4,18.22,19.25,3723.43,6985.71
000602.SZ,2002-08-23,19.25,19.6,18.85,19.35,2310.9,4445.26
000602.SZ,2002-08-26,19.4,19.8,19.15,19.19,2219.83,4316.18
000602.SZ,2002-08-27,19.16,19.16,18.6,18.9,2677.55,5047.78
000602.SZ,2002-08-28,18.74,18.95,18.6,18.6,1060.8,1994.4
000602.SZ,2002-08-29,18.31,18.78,18.26,18.35,1195.27,2195.13
000602.SZ,2002-08-30,18.06,18.5,18.06,18.41,871.03,1586.8
000602.SZ,2002-09-02,18.45,18.95,18.43,18.63,1028.65,1907.72
000602.SZ,2002-09-03,18.63,18.68,18.32,18.36,800.83,1479.14
000602.SZ,2002-09-04,18.77,18.77,18.37,18.54,824.54,1524.42
000602.SZ,2002-09-05,18.26,18.66,18.1,18.18,978.8,1791.98
000602.SZ,2002-09-06,18.11,18.45,18.11,18.14,891.01,1627.79
000602.SZ,2002-09-09,17.91,17.96,17.51,17.68,1165.0,2071.98
000602.SZ,2002-09-10,17.48,17.5,17.2,17.24,469.29,815.57
000602.SZ,2002-09-11,17.22,17.4,17.02,17.19,309.0,529.38
000602.SZ,2002-09-12,17.13,17.5,17.13,17.48,474.5,825.56
000602.SZ,2002-09-13,17.32,17.52,17.32,17.47,435.0,755.23
000602.SZ,2002-09-16,17.5,17.5,17.06,17.39,370.9,638.43
000602.SZ,2002-09-17,17.39,17.39,17.12,17.17,336.5,578.2
000602.SZ,2002-09-18,17.25,17.26,16.76,17.14,353.3,600.54
000602.SZ,2002-09-19,17.32,17.34,17.05,17.28,855.9,1466.03
000602.SZ,2002-09-20,17.39,17.45,17.08,17.43,984.4,1705.26
000602.SZ,2002-09-23,17.11,17.47,17.11,17.46,1711.0,2959.62
000602.SZ,2002-09-24,17.32,17.5,17.25,17.35,1402.93,2440.33
000602.SZ,2002-09-25,17.25,17.3,17.11,17.14,670.98,1151.79
000602.SZ,2002-09-26,17.13,17.13,16.61,16.66,613.0,1034.81
000602.SZ,2002-09-27,16.7,16.89,16.5,16.72,379.6,631.56
000602.SZ,2002-10-08,16.5,16.98,16.5,16.55,194.95,324.54
000602.SZ,2002-10-09,16.28,16.65,16.23,16.49,305.99,503.32
000602.SZ,2002-10-10,16.32,16.76,16.32,16.63,1464.55,2413.34
000602.SZ,2002-10-11,16.6,16.73,16.5,16.69,1399.32,2325.48
000602.SZ,2002-10-14,16.5,16.72,16.5,16.7,484.0,803.89
000602.SZ,2002-10-15,16.47,16.7,16.4,16.51,368.0,608.76
000602.SZ,2002-10-16,16.51,16.6,16.3,16.47,355.99,587.04
000602.SZ,2002-10-17,16.7,16.77,16.35,16.49,1522.98,2511.05
000602.SZ,2002-10-18,16.3,16.58,16.13,16.55,1680.59,2762.5
000602.SZ,2002-10-21,16.39,16.55,16.28,16.54,1230.43,2020.88
000602.SZ,2002-10-22,16.32,16.6,16.2,16.58,281.55,460.36
000602.SZ,2002-10-23,17.0,17.56,17.0,17.1,1517.25,2616.0
000602.SZ,2002-10-24,16.7,17.29,16.6,16.69,1096.0,1845.69
000602.SZ,2002-10-25,16.92,17.1,16.7,16.72,298.0,501.22
000602.SZ,2002-10-28,16.56,16.61,16.16,16.35,144.5,237.99
000602.SZ,2002-10-29,16.3,16.6,16.14,16.5,271.0,441.17
000602.SZ,2002-10-30,16.49,16.95,16.28,16.4,230.5,379.6
000602.SZ,2002-10-31,16.22,17.29,16.21,16.85,1789.96,2971.55
000602.SZ,2002-11-01,16.51,16.79,16.51,16.6,1009.0,1674.9
000602.SZ,2002-11-04,16.75,16.75,16.45,16.73,207.49,342.52
000602.SZ,2002-11-05,16.72,17.05,16.31,17.02,446.23,748.82
000602.SZ,2002-11-06,16.9,16.97,16.66,16.94,1550.12,2600.45
000602.SZ,2002-11-07,16.74,16.92,16.74,16.87,1545.06,2604.15
000602.SZ,2002-11-08,17.5,17.5,16.53,16.87,658.18,1128.07
000602.SZ,2002-11-11,16.38,16.9,16.38,16.86,1600.0,2682.46
000602.SZ,2002-11-12,17.16,17.19,16.54,16.62,1572.3,2623.21
000602.SZ,2002-11-13,16.86,16.86,15.8,16.63,1601.49,2622.4
000602.SZ,2002-11-14,16.4,16.44,16.18,16.32,2091.0,3422.61
000602.SZ,2002-11-15,16.15,16.4,16.05,16.35,2339.6,3812.02
000602.SZ,2002-11-18,16.2,16.25,15.54,15.83,1060.93,1690.67
000602.SZ,2002-11-19,15.58,15.98,15.31,15.98,1205.91,1879.28
000602.SZ,2002-11-20,15.8,15.8,15.33,15.6,309.0,486.42
000602.SZ,2002-11-21,15.47,15.56,15.15,15.3,404.49,625.52
000602.SZ,2002-11-22,15.2,15.5,14.8,15.47,730.82,1117.81
000602.SZ,2002-11-25,15.29,16.35,15.1,15.8,1582.29,2468.89
000602.SZ,2002-11-26,15.65,15.83,15.59,15.59,932.0,1465.64
000602.SZ,2002-11-27,15.47,15.78,15.35,15.44,1714.99,2671.59
000602.SZ,2002-11-28,15.44,15.77,15.29,15.73,2392.91,3713.51
000602.SZ,2002-11-29,15.4,16.13,15.4,15.97,3065.75,4858.19
000602.SZ,2002-12-02,15.9,15.9,15.69,15.69,1082.0,1707.65
000602.SZ,2002-12-03,15.61,15.66,15.5,15.59,1768.0,2755.86
000602.SZ,2002-12-04,15.52,16.0,15.52,15.98,3566.0,5617.26
000602.SZ,2002-12-05,15.88,16.32,15.83,16.3,7632.0,12276.17
000602.SZ,2002-12-06,16.15,16.57,16.12,16.28,5807.85,9537.39
000602.SZ,2002-12-09,16.19,16.35,15.89,16.01,1132.0,1830.79
000602.SZ,2002-12-10,15.85,16.18,15.82,16.15,6542.98,10429.06
000602.SZ,2002-12-11,15.96,16.22,15.95,16.13,2754.0,4431.33
000602.SZ,2002-12-12,16.13,16.18,16.0,16.01,1504.0,2426.67
000602.SZ,2002-12-13,15.88,16.14,15.56,15.71,1530.0,2417.56
000602.SZ,2002-12-16,15.53,15.8,15.49,15.68,1434.32,2251.15
000602.SZ,2002-12-17,15.59,15.82,15.5,15.73,1741.0,2720.37
000602.SZ,2002-12-18,15.58,15.89,15.58,15.88,1768.5,2787.99
000602.SZ,2002-12-19,15.71,16.03,15.71,15.94,1522.82,2411.4
000602.SZ,2002-12-20,15.8,16.17,15.8,16.1,1542.5,2475.81
000602.SZ,2002-12-23,16.01,16.48,16.01,16.08,1526.99,2464.76
000602.SZ,2002-12-24,16.0,16.0,15.88,15.9,1905.31,3038.54
000602.SZ,2002-12-25,15.79,15.9,15.55,15.82,2469.22,3904.27
000602.SZ,2002-12-26,15.73,15.75,15.61,15.63,1713.3,2688.42
000602.SZ,2002-12-27,15.46,16.08,15.46,15.88,2503.0,3936.71
000602.SZ,2002-12-30,15.85,16.15,15.7,15.94,2783.0,4412.43
000602.SZ,2003-01-02,15.57,15.69,15.3,15.36,248.54,386.96
000602.SZ,2003-01-03,15.29,15.46,15.27,15.27,454.0,697.89
000602.SZ,2003-01-06,15.18,15.69,14.95,15.59,406.0,628.5
000602.SZ,2003-01-07,15.48,15.69,15.23,15.54,851.0,1326.17
000602.SZ,2003-01-08,15.41,15.64,15.37,15.62,418.98,651.37
000602.SZ,2003-01-09,15.49,16.95,15.49,16.04,98.0,157.86
000602.SZ,2003-01-10,16.2,16.5,16.0,16.01,201.15,325.17
000602.SZ,2003-01-13,15.88,16.25,15.66,15.96,422.16,675.71
000602.SZ,2003-01-14,15.86,16.6,15.85,16.39,750.84,1225.19
000602.SZ,2003-01-15,16.5,16.65,16.3,16.48,554.05,913.07
000602.SZ,2003-01-16,16.36,16.67,16.3,16.54,435.0,717.91
000602.SZ,2003-01-17,16.41,16.58,15.9,16.42,597.0,983.28
000602.SZ,2003-01-20,16.28,16.65,16.28,16.44,696.0,1143.41
000602.SZ,2003-01-21,16.31,16.47,16.2,16.24,490.0,801.06
000602.SZ,2003-01-22,16.12,16.29,15.8,15.83,578.0,924.41
000602.SZ,2003-01-23,15.78,15.96,15.6,15.77,699.75,1107.39
000602.SZ,2003-01-24,15.62,16.2,15.62,15.95,447.0,716.71
000602.SZ,2003-01-27,15.83,15.98,15.68,15.76,474.45,754.59
000602.SZ,2003-01-28,15.71,16.2,15.71,15.99,578.0,925.4
000602.SZ,2003-01-29,15.5,15.99,15.42,15.94,572.0,906.08
000602.SZ,2003-02-10,15.72,15.79,15.6,15.6,492.0,774.04
000602.SZ,2003-02-11,15.48,15.77,15.48,15.73,510.0,800.71
000602.SZ,2003-02-12,15.6,15.95,15.6,15.82,496.34,783.96
000602.SZ,2003-02-13,15.71,15.92,15.71,15.78,577.0,912.43
000602.SZ,2003-02-14,15.69,15.85,15.66,15.8,1157.0,1820.76
000602.SZ,2003-02-17,15.76,15.9,15.63,15.76,949.66,1494.6
000602.SZ,2003-02-18,15.68,15.91,15.68,15.78,963.5,1522.93
000602.SZ,2003-02-19,15.9,15.9,15.71,15.79,535.98,846.09
000602.SZ,2003-02-20,15.73,17.37,15.73,17.37,2618.22,4390.03
000602.SZ,2003-02-21,17.84,18.8,17.4,18.21,5334.72,9689.32
000602.SZ,2003-02-24,18.03,18.16,17.56,17.8,4987.96,8947.86
000602.SZ,2003-02-25,17.56,19.4,17.56,19.27,8095.15,14867.89
000602.SZ,2003-02-26,19.19,19.2,18.76,18.83,2025.48,3850.7
000602.SZ,2003-02-27,18.67,19.01,18.58,18.7,10779.39,20281.27
000602.SZ,2003-02-28,18.68,18.75,17.95,18.01,2026.86,3699.8
000602.SZ,2003-03-03,18.01,18.29,17.88,18.01,1074.25,1934.98
000602.SZ,2003-03-04,17.91,18.15,17.65,17.87,754.61,1350.54
000602.SZ,2003-03-05,17.85,17.88,17.42,17.52,1295.82,2278.48
000602.SZ,2003-03-06,17.48,17.76,17.3,17.45,1018.06,1785.4
000602.SZ,2003-03-07,17.42,17.85,17.18,17.64,9459.8,16673.18
000602.SZ,2003-03-10,17.61,17.62,16.75,16.79,5655.33,9750.63
000602.SZ,2003-03-11,16.82,17.1,16.64,16.73,1822.0,3070.02
000602.SZ,2003-03-12,16.75,17.05,16.68,17.04,715.52,1208.35
000602.SZ,2003-03-13,16.99,17.14,16.68,16.88,781.05,1315.11
000602.SZ,2003-03-14,16.72,16.93,16.68,16.87,378.5,635.32
000602.SZ,2003-03-17,16.75,16.75,16.13,16.5,985.88,1620.83
000602.SZ,2003-03-18,16.29,16.6,16.0,16.05,1736.16,2806.67
000602.SZ,2003-03-19,15.82,16.1,15.75,15.99,1761.22,2802.2
000602.SZ,2003-03-20,15.94,15.94,15.6,15.64,947.1,1489.74
000602.SZ,2003-03-21,15.51,15.98,15.48,15.88,676.16,1070.6
000602.SZ,2003-03-24,15.79,15.99,15.78,15.88,569.01,901.92
000602.SZ,2003-03-25,15.8,15.87,15.7,15.72,532.05,840.68
000602.SZ,2003-03-26,15.66,17.29,15.66,17.29,3360.31,5661.16
000602.SZ,2003-03-27,17.59,18.0,17.44,17.73,5687.95,10074.89
000602.SZ,2003-03-28,17.0,17.73,17.0,17.7,2399.32,4156.49
000602.SZ,2003-03-31,17.43,17.6,17.25,17.32,1383.53,2401.11
000602.SZ,2003-04-01,17.4,17.54,16.7,16.89,1769.83,2983.2
000602.SZ,2003-04-02,17.05,17.18,16.71,16.75,518.8,872.19
000602.SZ,2003-04-03,16.75,16.75,16.2,16.29,1081.1,1773.05
000602.SZ,2003-04-04,16.22,16.97,16.1,16.7,1661.69,2734.93
000602.SZ,2003-04-07,16.65,16.65,16.22,16.26,1170.47,1910.76
000602.SZ,2003-04-08,16.26,16.48,16.09,16.13,751.87,1218.73
000602.SZ,2003-04-09,16.12,17.68,16.12,16.76,2224.73,3756.36
000602.SZ,2003-04-10,16.4,17.08,16.31,16.47,1152.85,1895.65
000602.SZ,2003-04-11,16.51,16.75,16.25,16.36,1764.4,2882.99
000602.SZ,2003-04-14,16.2,16.5,16.2,16.41,1570.19,2563.92
000602.SZ,2003-04-15,16.41,16.97,16.21,16.75,1882.67,3153.66
000602.SZ,2003-04-16,16.81,16.82,16.37,16.58,1480.41,2442.89
000602.SZ,2003-04-17,16.59,16.77,16.33,16.6,1325.53,2195.92
000602.SZ,2003-04-21,16.65,17.49,16.41,16.8,2021.85,3434.41
000602.SZ,2003-04-22,16.52,16.9,16.52,16.58,441.3,732.21
000602.SZ,2003-04-23,16.55,16.58,16.32,16.42,1038.92,1709.32
000602.SZ,2003-04-24,16.4,16.52,16.07,16.08,827.5,1350.11
000602.SZ,2003-04-25,16.0,16.25,15.56,15.56,1154.49,1819.43
000602.SZ,2003-04-28,15.51,15.95,15.42,15.84,976.69,1533.04
000602.SZ,2003-04-29,15.93,15.93,15.53,15.54,575.1,898.78
000602.SZ,2003-04-30,15.48,15.78,15.11,15.65,806.07,1261.32
000602.SZ,2003-05-12,15.45,15.7,15.19,15.19,892.49,1376.53
000602.SZ,2003-05-13,15.17,15.17,14.81,14.86,793.0,1189.22
000602.SZ,2003-05-14,14.97,15.09,14.85,14.96,655.67,981.77
000602.SZ,2003-05-15,15.01,15.98,15.01,15.6,473.59,732.67
000602.SZ,2003-05-16,15.6,15.72,15.18,15.23,446.23,684.15
000602.SZ,2003-05-19,15.08,15.3,15.06,15.27,397.5,604.99
000602.SZ,2003-05-20,15.31,16.0,15.19,15.57,2342.26,3628.8
000602.SZ,2003-05-21,15.47,16.5,15.47,15.82,2988.65,4691.6
000602.SZ,2003-05-22,15.73,15.97,15.5,15.76,2508.67,3923.36
000602.SZ,2003-05-23,15.7,15.7,15.2,15.62,1850.08,2872.34
000602.SZ,2003-05-26,15.55,16.0,15.37,15.58,979.0,1526.37
000602.SZ,2003-05-27,15.35,15.55,15.28,15.49,705.7,1088.08
000602.SZ,2003-05-28,15.34,15.5,15.25,15.31,518.0,796.35
000602.SZ,2003-05-29,15.33,15.55,15.3,15.52,806.18,1246.18
000602.SZ,2003-05-30,15.5,15.55,15.36,15.38,346.41,536.64
000602.SZ,2003-06-02,15.38,15.45,15.27,15.39,191.0,293.0
000602.SZ,2003-06-03,15.5,15.5,15.28,15.28,241.0,370.3
000602.SZ,2003-06-04,15.5,15.5,15.22,15.48,137.0,209.61
000602.SZ,2003-06-05,15.41,15.52,15.22,15.22,203.0,309.94
000602.SZ,2003-06-06,15.07,15.37,15.07,15.33,100.97,153.75
000602.SZ,2003-06-09,15.11,15.37,15.11,15.11,168.26,255.21
000602.SZ,2003-06-10,15.18,15.28,15.15,15.28,58.31,88.71
000602.SZ,2003-06-11,15.28,15.4,15.28,15.35,104.0,159.59
000602.SZ,2003-06-12,15.21,15.4,15.04,15.38,78.0,119.27
000602.SZ,2003-06-13,15.98,15.98,15.35,15.6,1770.0,2754.49
000602.SZ,2003-06-16,15.5,15.5,15.13,15.15,388.0,588.94
000602.SZ,2003-06-17,14.86,15.21,14.86,15.19,249.75,376.57
000602.SZ,2003-06-18,14.91,15.32,14.91,15.3,95.5,145.69
000602.SZ,2003-06-19,15.3,15.3,14.97,15.22,285.18,428.2
000602.SZ,2003-06-20,14.77,15.15,14.77,15.09,186.0,279.22
000602.SZ,2003-06-23,15.35,15.35,14.69,14.81,394.0,583.42
000602.SZ,2003-06-24,15.0,15.0,14.6,14.9,312.01,464.68
000602.SZ,2003-06-25,14.7,14.97,14.65,14.96,155.0,229.22
000602.SZ,2003-06-26,14.62,14.8,14.6,14.71,74.9,110.0
000602.SZ,2003-06-27,14.75,14.9,14.73,14.76,157.0,232.06
000602.SZ,2003-06-30,14.61,14.98,14.6,14.92,331.0,490.0
000602.SZ,2003-07-01,15.0,15.17,14.94,15.14,176.51,266.07
000602.SZ,2003-07-03,15.0,15.2,15.0,15.0,144.0,216.23
000602.SZ,2003-07-04,15.0,15.0,14.45,14.75,423.0,620.64
000602.SZ,2003-07-07,14.02,14.9,14.02,14.85,4535.01,6641.54
000602.SZ,2003-07-08,14.94,14.94,14.6,14.79,33.39,48.92
000602.SZ,2003-07-09,14.8,14.85,14.4,14.7,88.0,127.67
000602.SZ,2003-07-10,14.8,14.8,14.35,14.47,112.39,162.35
000602.SZ,2003-07-11,14.22,14.57,14.22,14.46,126.34,181.14
000602.SZ,2003-07-14,14.46,14.46,14.25,14.4,17.0,24.31
000602.SZ,2003-07-15,14.97,14.97,14.4,14.4,520.0,760.81
000602.SZ,2003-07-16,14.23,14.25,14.02,14.08,602.0,849.74
000602.SZ,2003-07-17,14.06,14.36,14.0,14.36,964.08,1364.78
000602.SZ,2003-07-18,14.01,14.44,14.01,14.43,1825.5,2612.72
000602.SZ,2003-07-21,14.32,14.44,14.03,14.34,531.9,760.31
000602.SZ,2003-07-22,14.34,14.36,14.02,14.29,514.67,728.54
000602.SZ,2003-07-23,14.2,14.29,14.03,14.29,242.0,342.62
000602.SZ,2003-07-24,14.2,14.28,14.01,14.24,223.53,315.26
000602.SZ,2003-07-25,14.27,14.27,14.0,14.22,252.9,358.27
000602.SZ,2003-07-28,14.16,14.22,14.02,14.12,434.4,613.02
000602.SZ,2003-07-29,14.12,14.26,14.01,14.17,1034.9,1460.44
000602.SZ,2003-07-30,14.14,14.17,14.06,14.17,97.87,138.02
000602.SZ,2003-07-31,14.08,14.22,14.06,14.22,136.0,192.47
000602.SZ,2003-08-01,14.17,14.22,14.02,14.21,128.01,180.11
000602.SZ,2003-08-04,14.06,14.2,14.02,14.13,639.0,900.26
000602.SZ,2003-08-05,13.7,14.55,13.7,14.5,1803.71,2576.59
000602.SZ,2003-08-06,14.42,14.45,14.06,14.2,424.18,601.84
000602.SZ,2003-08-07,14.16,14.26,14.04,14.24,328.59,463.94
000602.SZ,2003-08-08,14.18,14.26,14.04,14.19,90.05,127.3
000602.SZ,2003-08-11,14.08,14.23,14.04,14.23,263.0,370.25
000602.SZ,2003-08-12,14.17,14.2,14.05,14.2,113.8,160.65
000602.SZ,2003-08-13,14.15,14.24,14.05,14.2,48.0,67.74
000602.SZ,2003-08-14,14.15,14.18,14.05,14.14,135.01,190.6
000602.SZ,2003-08-15,14.12,14.19,14.01,14.15,41.95,59.09
000602.SZ,2003-08-18,14.15,14.16,14.0,14.12,280.5,393.69
000602.SZ,2003-08-19,14.08,14.18,14.02,14.15,194.98,274.7
000602.SZ,2003-08-20,14.1,14.17,14.0,14.1,544.99,765.15
000602.SZ,2003-08-21,14.08,14.13,14.0,14.06,388.38,546.11
000602.SZ,2003-08-22,14.03,14.14,14.0,14.14,284.5,399.12
000602.SZ,2003-08-25,14.06,14.15,14.01,14.15,92.0,129.41
000602.SZ,2003-08-26,14.15,14.15,14.0,14.08,46.85,65.83
000602.SZ,2003-08-27,14.08,14.22,14.01,14.2,210.98,298.39
000602.SZ,2003-08-29,14.02,14.2,13.89,14.2,139.31,195.51
000602.SZ,2003-09-01,14.05,14.15,14.02,14.15,70.49,99.12
000602.SZ,2003-09-02,14.13,14.53,14.06,14.49,447.96,644.55
000602.SZ,2003-09-03,14.4,14.61,14.38,14.52,197.69,286.05
000602.SZ,2003-09-04,14.4,14.64,14.35,14.35,128.0,185.04
000602.SZ,2003-09-05,14.7,14.7,14.2,14.28,188.0,269.89
000602.SZ,2003-09-08,14.1,14.24,14.01,14.15,165.5,232.8
000602.SZ,2003-09-09,14.1,14.29,13.97,14.29,304.65,427.29
000602.SZ,2003-09-10,14.06,14.19,14.05,14.19,26.0,36.7
000602.SZ,2003-09-11,14.08,14.24,14.05,14.18,39.0,55.28
000602.SZ,2003-09-12,14.16,14.2,14.03,14.15,129.0,181.53
000602.SZ,2003-09-15,14.12,14.2,14.0,14.14,63.98,90.01
000602.SZ,2003-09-16,14.1,14.17,14.03,14.05,132.98,187.02
000602.SZ,2003-09-17,14.05,14.27,14.03,14.25,3769.0,5326.17
000602.SZ,2003-09-18,14.11,14.55,14.11,14.44,3945.01,5632.43
000602.SZ,2003-09-19,14.35,14.67,14.14,14.37,230.0,330.4
000602.SZ,2003-09-22,14.2,14.4,14.07,14.19,268.99,380.06
000602.SZ,2003-09-23,14.1,14.2,13.95,14.14,123.08,173.16
000602.SZ,2003-09-24,14.1,14.3,14.04,14.27,59.0,83.53
000602.SZ,2003-09-25,14.19,14.3,14.07,14.19,1364.0,1936.15
000602.SZ,2003-09-26,14.12,14.25,14.05,14.18,1317.0,1869.63
000602.SZ,2003-09-29,14.13,14.21,14.0,14.07,150.39,211.35
000602.SZ,2003-09-30,14.09,14.2,14.02,14.16,113.0,159.03
000602.SZ,2003-10-08,14.16,14.28,14.07,14.15,69.9,99.08
000602.SZ,2003-10-09,14.15,14.3,14.15,14.27,860.18,1226.03
000602.SZ,2003-10-10,14.27,14.39,14.25,14.39,1766.58,2525.81
000602.SZ,2003-10-13,14.39,14.48,14.36,14.4,1685.69,2428.69
000602.SZ,2003-10-14,14.4,14.5,14.3,14.37,1020.0,1469.34
000602.SZ,2003-10-15,14.35,14.44,14.3,14.4,1324.98,1905.57
000602.SZ,2003-10-16,14.4,14.46,14.27,14.34,153.0,220.1
000602.SZ,2003-10-17,14.34,14.38,14.16,14.24,334.0,478.36
000602.SZ,2003-10-20,14.24,14.38,14.2,14.3,33.0,47.15
000602.SZ,2003-10-21,14.3,14.4,14.16,14.37,34.0,48.7
000602.SZ,2003-10-22,14.37,14.45,14.1,14.38,178.0,254.85
000602.SZ,2003-10-23,14.38,14.46,14.19,14.39,99.61,142.94
000602.SZ,2003-10-24,14.39,14.42,14.18,14.33,57.0,81.36
000602.SZ,2003-10-27,14.33,14.33,14.05,14.16,156.9,222.43
000602.SZ,2003-10-28,14.19,14.28,14.0,14.01,163.0,230.46
000602.SZ,2003-10-29,14.19,14.22,13.82,14.12,380.0,535.62
000602.SZ,2003-10-30,14.17,14.28,13.11,14.25,420.0,587.52
000602.SZ,2003-10-31,14.13,14.32,14.0,14.3,288.0,408.07
000602.SZ,2003-11-03,14.5,14.5,14.35,14.43,502.0,725.59
000602.SZ,2003-11-04,14.45,14.45,14.2,14.25,167.0,239.16
000602.SZ,2003-11-05,14.25,14.25,14.08,14.19,264.0,374.79
000602.SZ,2003-11-06,14.3,14.46,14.0,14.19,219.04,310.33
000602.SZ,2003-11-07,14.3,14.3,13.91,14.16,174.0,245.28
000602.SZ,2003-11-10,14.15,14.24,13.9,14.11,1108.0,1565.48
000602.SZ,2003-11-11,14.16,14.16,14.0,14.13,126.32,178.29
000602.SZ,2003-11-12,14.13,14.13,13.9,14.1,161.98,227.78
000602.SZ,2003-11-13,14.12,14.15,14.02,14.07,179.0,251.9
000602.SZ,2003-11-14,14.2,14.2,14.08,14.2,130.0,183.77
000602.SZ,2003-11-17,14.15,14.24,14.01,14.23,175.64,248.13
000602.SZ,2003-11-18,14.19,14.28,14.01,14.12,456.4,645.31
000602.SZ,2003-11-19,14.18,14.18,14.0,14.16,106.79,150.4
000602.SZ,2003-11-20,14.16,14.24,14.14,14.19,160.87,228.13
000602.SZ,2003-11-21,14.25,14.3,14.01,14.18,136.0,192.25
000602.SZ,2003-11-24,14.25,14.25,13.82,14.13,176.03,247.16
000602.SZ,2003-11-25,14.2,14.25,13.93,14.09,261.5,365.94
000602.SZ,2003-11-26,14.16,14.16,13.91,13.96,63.0,88.17
000602.SZ,2003-11-27,13.9,14.18,13.5,13.52,234.19,318.47
000602.SZ,2003-11-28,13.8,13.8,13.46,13.6,82.0,111.32
000602.SZ,2003-12-01,13.75,13.79,13.5,13.74,137.0,186.54
000602.SZ,2003-12-02,13.78,13.78,13.28,13.43,174.0,235.04
000602.SZ,2003-12-03,13.42,13.42,13.01,13.07,564.8,739.16
000602.SZ,2003-12-04,13.1,13.35,13.02,13.19,259.5,342.2
000602.SZ,2003-12-05,13.2,13.33,12.97,13.25,693.4,905.76
000602.SZ,2003-12-08,13.2,13.2,13.0,13.06,221.5,289.44
000602.SZ,2003-12-09,13.06,13.08,13.03,13.08,82.0,107.02
000602.SZ,2003-12-10,13.08,13.18,13.02,13.08,160.24,209.56
000602.SZ,2003-12-11,13.08,13.18,13.02,13.15,888.08,1162.02
000602.SZ,2003-12-12,13.15,13.15,12.92,13.12,323.0,421.07
000602.SZ,2003-12-15,13.12,13.26,13.08,13.22,294.41,386.42
000602.SZ,2003-12-16,13.22,13.3,13.0,13.18,506.47,662.51
000602.SZ,2003-12-17,13.18,13.2,12.98,12.98,209.0,273.08
000602.SZ,2003-12-18,13.0,13.15,12.2,12.74,208.0,267.75
000602.SZ,2003-12-19,12.7,12.88,12.21,12.29,3612.0,4514.64
000602.SZ,2003-12-22,12.29,12.53,12.29,12.5,6346.42,7841.14
000602.SZ,2003-12-23,12.5,12.7,12.5,12.7,2671.99,3352.24
000602.SZ,2003-12-24,12.7,12.73,12.63,12.67,603.0,764.71
000602.SZ,2003-12-25,12.67,12.76,12.66,12.75,427.0,542.89
000602.SZ,2003-12-26,12.75,12.87,12.72,12.87,1267.1,1618.96
000602.SZ,2003-12-29,12.87,12.93,12.8,12.83,173.0,222.64
000602.SZ,2003-12-30,12.83,12.85,12.73,12.78,119.0,152.16
000602.SZ,2004-01-02,12.74,12.87,12.71,12.8,240.0,307.22
000602.SZ,2004-01-05,12.8,12.8,12.5,12.6,253.0,319.62
000602.SZ,2004-01-06,12.6,12.64,12.44,12.5,358.0,448.11
000602.SZ,2004-01-07,12.5,12.53,12.35,12.42,293.99,365.19
000602.SZ,2004-01-08,12.42,12.48,12.35,12.45,257.21,319.37
000602.SZ,2004-01-09,12.45,12.59,12.45,12.55,396.0,496.3
000602.SZ,2004-01-12,12.55,12.55,12.0,12.42,291.0,361.51
000602.SZ,2004-01-13,12.42,12.42,12.25,12.41,232.02,285.96
000602.SZ,2004-01-14,12.41,12.45,12.37,12.42,123.0,152.75
000602.SZ,2004-01-15,12.43,12.45,12.4,12.45,371.99,462.73
000602.SZ,2004-01-16,12.45,12.59,12.37,12.48,268.0,335.68
000602.SZ,2004-01-29,12.55,12.78,12.55,12.77,658.72,835.79
000602.SZ,2004-01-30,12.79,12.82,12.65,12.8,416.02,529.77
000602.SZ,2004-02-02,12.8,12.95,12.75,12.91,510.0,656.49
000602.SZ,2004-02-03,12.92,13.21,12.86,13.2,644.68,838.04
000602.SZ,2004-02-04,13.2,13.63,13.17,13.52,2383.04,3212.76
000602.SZ,2004-02-05,13.57,13.69,13.3,13.52,1522.4,2050.63
000602.SZ,2004-02-06,13.5,13.83,13.28,13.75,5801.01,7923.68
000602.SZ,2004-02-09,13.75,13.8,13.6,13.73,4520.07,6191.81
000602.SZ,2004-02-10,13.75,13.77,13.3,13.5,695.66,943.51
000602.SZ,2004-02-11,13.5,13.51,13.35,13.38,392.0,527.64
000602.SZ,2004-02-12,13.23,13.43,13.21,13.26,688.99,913.79
000602.SZ,2004-02-13,13.28,13.29,12.95,13.07,897.28,1168.57
000602.SZ,2004-02-16,13.07,13.83,13.07,13.8,2911.15,3952.7
000602.SZ,2004-02-17,13.8,14.87,13.8,14.31,5487.97,7910.73
000602.SZ,2004-02-18,14.17,14.34,13.9,14.0,1929.97,2718.08
000602.SZ,2004-02-19,14.0,14.1,13.59,13.71,2629.0,3622.89
000602.SZ,2004-02-20,13.71,14.65,13.71,14.4,2708.08,3825.77
000602.SZ,2004-02-23,14.39,14.43,13.92,14.1,3543.93,4988.99
000602.SZ,2004-02-24,14.08,14.15,13.71,14.13,1127.41,1569.5
000602.SZ,2004-02-25,14.13,14.13,13.48,13.59,872.72,1209.15
000602.SZ,2004-02-26,13.55,13.58,12.93,13.2,1057.18,1385.19
000602.SZ,2004-02-27,13.13,13.4,12.99,13.3,762.6,1004.95
000602.SZ,2004-03-01,13.3,13.9,13.05,13.75,6666.71,8969.25
000602.SZ,2004-03-02,13.6,13.75,13.35,13.4,843.5,1143.75
000602.SZ,2004-03-03,13.28,13.49,13.15,13.3,417.8,554.82
000602.SZ,2004-03-04,13.68,13.68,13.0,13.38,233.99,310.91
000602.SZ,2004-03-05,13.38,13.43,13.15,13.39,265.76,351.79
000602.SZ,2004-03-08,13.42,13.42,13.02,13.09,309.8,406.79
000602.SZ,2004-03-09,13.06,13.36,12.9,12.94,287.8,377.62
000602.SZ,2004-03-10,12.91,13.15,12.85,13.13,1846.0,2423.74
000602.SZ,2004-03-11,13.11,13.18,13.0,13.13,586.31,767.93
000602.SZ,2004-03-12,13.98,13.98,13.03,13.32,838.12,1137.63
000602.SZ,2004-03-15,13.0,13.57,13.0,13.44,627.0,826.84
000602.SZ,2004-03-16,13.46,13.46,13.21,13.4,482.53,641.48
000602.SZ,2004-03-17,13.45,13.45,13.23,13.33,516.0,687.45
000602.SZ,2004-03-18,13.4,14.27,13.38,13.98,3462.12,4816.02
000602.SZ,2004-03-19,13.91,14.19,13.67,14.16,3776.05,5306.85
000602.SZ,2004-03-22,14.22,14.42,14.02,14.37,3408.61,4853.24
000602.SZ,2004-03-23,14.5,14.67,14.39,14.6,2704.98,3937.94
000602.SZ,2004-03-24,14.58,14.68,14.12,14.17,1701.47,2461.16
000602.SZ,2004-03-25,14.08,14.47,14.08,14.31,1375.45,1973.69
000602.SZ,2004-03-26,14.31,14.41,14.23,14.36,1426.0,2045.93
000602.SZ,2004-03-29,14.3,14.33,14.12,14.14,4810.0,6839.75
000602.SZ,2004-03-30,14.13,14.35,13.98,14.06,4294.0,6079.34
000602.SZ,2004-03-31,14.08,14.28,14.05,14.25,2675.99,3793.67
000602.SZ,2004-04-01,14.27,14.43,14.25,14.4,2895.95,4153.54
000602.SZ,2004-04-02,14.48,14.48,14.02,14.36,853.5,1221.4
000602.SZ,2004-04-05,14.36,14.7,14.31,14.61,3409.46,4971.34
000602.SZ,2004-04-06,14.62,15.25,14.62,15.07,7865.38,11852.94
000602.SZ,2004-04-07,15.08,15.08,14.89,14.96,2646.82,3962.82
000602.SZ,2004-04-08,15.1,15.4,14.8,15.4,3026.3,4569.91
000602.SZ,2004-04-09,15.38,16.2,15.15,15.63,5962.41,9409.55
000602.SZ,2004-04-12,15.55,15.67,15.3,15.43,2678.09,4154.71
000602.SZ,2004-04-13,15.49,15.7,15.01,15.1,4140.2,6383.5
000602.SZ,2004-04-14,14.95,15.1,14.6,14.75,1668.0,2455.89
000602.SZ,2004-04-15,14.55,14.85,13.8,14.72,2043.72,2958.64
000602.SZ,2004-04-16,14.7,14.7,13.9,14.44,1334.0,1900.32
000602.SZ,2004-04-19,14.26,14.4,14.05,14.18,649.58,918.35
000602.SZ,2004-04-20,14.06,14.36,13.23,14.09,1894.64,2690.52
000602.SZ,2004-04-21,13.65,14.19,13.65,13.91,456.01,634.24
000602.SZ,2004-04-22,14.07,14.33,13.78,14.18,770.24,1071.58
000602.SZ,2004-04-26,14.15,14.43,14.0,14.25,344.99,488.72
000602.SZ,2004-04-27,14.25,14.25,13.9,14.15,303.0,425.47
000602.SZ,2004-04-28,14.0,14.13,13.2,14.02,1264.2,1695.8
000602.SZ,2004-04-29,14.06,14.06,13.76,13.77,531.0,735.22
000602.SZ,2004-04-30,13.88,13.99,13.5,13.75,726.85,993.69
000602.SZ,2004-05-10,13.75,13.75,13.32,13.35,121.0,163.42
000602.SZ,2004-05-11,13.36,13.51,13.16,13.35,248.3,331.17
000602.SZ,2004-05-12,13.47,13.85,13.4,13.52,484.82,654.56
000602.SZ,2004-05-13,13.52,13.52,13.36,13.39,222.0,297.49
000602.SZ,2004-05-14,13.37,13.52,13.2,13.21,189.0,250.59
000602.SZ,2004-05-17,12.85,13.15,12.7,12.7,536.0,690.18
000602.SZ,2004-05-18,12.75,13.1,12.75,13.0,254.46,328.52
000602.SZ,2004-05-19,13.01,13.2,12.8,13.08,282.0,369.78
000602.SZ,2004-05-20,13.0,13.09,12.8,13.03,165.7,214.24
000602.SZ,2004-05-21,13.08,13.08,12.8,12.89,219.0,281.96
000602.SZ,2004-05-24,12.88,13.08,12.81,12.83,522.0,672.92
000602.SZ,2004-05-25,12.7,12.8,12.3,12.4,194.0,242.39
000602.SZ,2004-05-26,12.0,12.77,11.57,12.61,236.3,286.95
000602.SZ,2004-05-27,12.52,12.76,12.51,12.72,536.7,676.39
000602.SZ,2004-05-28,12.5,12.6,12.4,12.6,270.1,337.21
000602.SZ,2004-05-31,12.6,12.6,12.31,12.59,496.0,613.42
000602.SZ,2004-06-01,12.58,12.75,12.45,12.74,272.0,343.76
000602.SZ,2004-06-02,12.86,12.9,12.63,12.8,440.0,561.45
000602.SZ,2004-06-03,12.78,12.88,12.58,12.6,123.76,157.03
000602.SZ,2004-06-04,12.81,12.81,12.3,12.6,175.0,216.91
000602.SZ,2004-06-07,12.59,12.59,12.1,12.35,145.0,177.77
000602.SZ,2004-06-08,11.82,12.58,11.63,12.3,228.81,280.73
000602.SZ,2004-06-09,12.3,12.49,12.19,12.33,276.79,341.11
000602.SZ,2004-06-10,12.29,12.29,11.98,12.0,360.0,436.82
000602.SZ,2004-06-11,12.08,12.2,11.98,12.15,3587.48,4304.3
000602.SZ,2004-06-14,7.73,8.18,7.55,7.75,228.5,175.87
000602.SZ,2004-06-15,7.84,8.15,7.78,8.1,13736.0,10862.38
000602.SZ,2004-06-16,8.08,8.1,7.81,7.98,968.01,768.67
000602.SZ,2004-06-17,7.98,8.01,7.75,7.82,13324.54,10625.75
000602.SZ,2004-06-18,7.85,7.85,7.45,7.54,726.0,559.06
000602.SZ,2004-06-21,7.65,7.65,7.42,7.53,578.9,431.79
000602.SZ,2004-06-22,7.65,7.71,7.51,7.7,325.5,247.46
000602.SZ,2004-06-23,7.75,7.78,7.56,7.76,720.2,558.03
000602.SZ,2004-06-24,7.76,7.96,7.68,7.72,1148.0,900.67
000602.SZ,2004-06-25,7.73,7.83,7.3,7.46,7507.49,5597.37
000602.SZ,2004-06-28,7.44,7.69,7.29,7.3,1644.4,1209.02
000602.SZ,2004-06-29,7.58,7.58,7.21,7.3,1195.0,868.36
000602.SZ,2004-06-30,7.3,7.37,7.21,7.25,513.2,372.96
000602.SZ,2004-07-01,7.14,7.4,7.08,7.3,318.45,231.63
000602.SZ,2004-07-02,7.25,7.25,7.15,7.16,231.5,167.1
000602.SZ,2004-07-05,7.08,7.25,7.08,7.23,131.5,93.74
000602.SZ,2004-07-06,7.2,7.32,7.1,7.23,300.19,215.6
000602.SZ,2004-07-07,7.02,7.25,7.02,7.2,993.25,715.48
000602.SZ,2004-07-08,7.03,7.17,7.03,7.14,162.5,115.15
000602.SZ,2004-07-09,7.14,7.36,7.14,7.26,5408.1,3887.86
000602.SZ,2004-07-12,7.2,7.2,6.99,7.0,2731.0,1935.98
000602.SZ,2004-07-13,7.0,7.03,6.84,7.01,200.0,139.05
000602.SZ,2004-07-14,6.91,7.0,6.56,6.69,532.59,357.56
000602.SZ,2004-07-15,6.6,6.69,6.51,6.6,1271.0,845.06
000602.SZ,2004-07-16,6.71,6.83,6.64,6.77,432.84,290.7
000602.SZ,2004-07-19,6.81,6.81,6.7,6.73,429.5,291.64
000602.SZ,2004-07-20,6.7,6.7,6.6,6.65,165.5,109.68
000602.SZ,2004-07-21,6.63,6.63,6.45,6.53,548.57,357.41
000602.SZ,2004-07-22,6.48,6.72,6.48,6.6,1842.62,1214.39
000602.SZ,2004-07-23,6.5,6.7,6.4,6.55,365.0,236.76
000602.SZ,2004-07-26,6.31,6.6,6.31,6.35,308.0,196.15
000602.SZ,2004-07-27,6.47,6.47,6.11,6.15,471.66,292.04
000602.SZ,2004-07-28,6.35,6.35,6.1,6.2,529.02,327.06
000602.SZ,2004-07-29,6.21,6.62,6.17,6.44,2631.01,1678.16
000602.SZ,2004-07-30,6.5,6.5,6.22,6.25,2618.9,1679.34
000602.SZ,2004-08-02,6.16,6.28,6.14,6.22,1792.5,1109.14
000602.SZ,2004-08-03,6.22,6.29,6.11,6.23,2070.0,1286.68
000602.SZ,2004-08-04,6.23,6.69,6.23,6.51,6279.9,4060.01
000602.SZ,2004-08-05,6.47,6.5,6.35,6.35,779.0,500.79
000602.SZ,2004-08-06,6.28,6.44,6.28,6.36,403.5,256.14
000602.SZ,2004-08-09,6.36,6.45,6.3,6.3,351.0,222.81
000602.SZ,2004-08-10,6.3,6.35,5.88,6.32,1139.51,709.51
000602.SZ,2004-08-11,6.32,6.32,6.1,6.13,5893.52,3672.1
000602.SZ,2004-08-12,6.18,6.19,6.06,6.15,14314.86,8773.25
000602.SZ,2004-08-13,6.09,6.15,6.0,6.0,518.59,315.75
000602.SZ,2004-08-16,6.01,6.1,5.96,6.0,403.0,242.19
000602.SZ,2004-08-17,5.98,6.06,5.98,6.05,333.25,200.02
000602.SZ,2004-08-18,6.03,6.05,5.98,6.03,163.0,97.97
000602.SZ,2004-08-19,5.9,5.95,5.86,5.9,285.0,168.3
000602.SZ,2004-08-20,5.88,6.13,5.88,6.0,157.5,94.14
000602.SZ,2004-08-23,6.0,6.0,5.88,5.99,97.0,57.63
000602.SZ,2004-08-25,6.0,6.26,6.0,6.11,2772.74,1682.63
000602.SZ,2004-08-26,6.12,6.18,6.0,6.0,443.0,268.17
000602.SZ,2004-08-27,5.96,6.06,5.92,6.05,5617.2,3383.42
000602.SZ,2004-08-30,6.03,6.06,5.98,5.98,340.85,204.59
000602.SZ,2004-08-31,6.1,6.18,6.02,6.1,1133.62,690.36
000602.SZ,2004-09-01,6.01,6.27,5.93,6.17,4780.64,2929.98
000602.SZ,2004-09-02,6.17,6.27,6.12,6.26,1136.2,704.65
000602.SZ,2004-09-03,6.3,6.3,6.1,6.16,670.0,415.09
000602.SZ,2004-09-06,6.14,6.14,6.03,6.13,246.62,149.7
000602.SZ,2004-09-07,6.1,6.15,6.06,6.14,334.3,204.39
000602.SZ,2004-09-08,6.15,6.15,6.1,6.11,905.78,553.63
000602.SZ,2004-09-09,6.18,6.18,6.02,6.03,980.56,592.13
000602.SZ,2004-09-10,6.03,6.03,5.93,5.95,431.17,256.99
000602.SZ,2004-09-13,5.92,5.98,5.85,5.87,422.01,249.09
000602.SZ,2004-09-14,5.94,6.07,5.88,6.02,607.02,361.24
000602.SZ,2004-09-15,6.03,6.44,5.84,6.33,1888.89,1182.02
000602.SZ,2004-09-16,6.4,6.4,6.25,6.36,3168.69,2004.8
000602.SZ,2004-09-17,6.36,7.0,6.31,7.0,39374.37,27496.41
000602.SZ,2004-09-20,7.1,7.4,7.1,7.36,29191.92,21224.72
000602.SZ,2004-09-21,7.38,7.4,7.1,7.14,20506.05,14855.73
000602.SZ,2004-09-22,7.14,7.37,7.06,7.34,10675.18,7693.47
000602.SZ,2004-09-23,7.38,7.46,7.07,7.34,8515.86,6156.84
000602.SZ,2004-09-24,7.34,7.48,7.0,7.01,11402.54,8277.24
000602.SZ,2004-09-27,7.0,7.2,6.54,6.62,6205.4,4210.78
000602.SZ,2004-09-28,6.64,6.79,6.46,6.78,6792.96,4521.63
000602.SZ,2004-09-29,6.75,6.8,6.6,6.62,2137.2,1422.87
000602.SZ,2004-09-30,6.67,6.67,6.38,6.44,2700.0,1748.28
000602.SZ,2004-10-08,6.46,6.67,6.4,6.55,3154.47,2065.32
000602.SZ,2004-10-11,6.56,6.97,6.55,6.7,5274.16,3548.14
000602.SZ,2004-10-12,6.7,6.86,6.5,6.56,2142.2,1414.52
000602.SZ,2004-10-13,6.5,6.64,6.42,6.6,2037.6,1329.91
000602.SZ,2004-10-14,6.6,7.26,6.59,7.26,47092.83,33223.97
000602.SZ,2004-10-15,7.12,7.25,6.53,6.9,21167.41,14440.69
000602.SZ,2004-10-18,6.87,6.9,6.5,6.7,8833.42,5914.88
000602.SZ,2004-10-19,6.7,7.29,6.7,6.9,20009.95,14061.03
000602.SZ,2004-10-20,6.88,7.14,6.72,7.1,8480.03,5935.97
000602.SZ,2004-10-21,7.1,7.33,7.01,7.04,24939.32,17913.61
000602.SZ,2004-10-22,6.98,7.01,6.6,6.88,7984.37,5466.11
000602.SZ,2004-10-25,7.0,7.4,7.0,7.06,9144.93,6557.4
000602.SZ,2004-10-26,7.15,7.25,6.91,7.2,6115.14,4339.17
000602.SZ,2004-10-27,7.1,7.37,7.1,7.28,8544.23,6188.17
000602.SZ,2004-10-28,7.3,7.37,7.0,7.06,8373.1,6057.02
000602.SZ,2004-10-29,6.85,7.09,6.75,6.87,5353.37,3698.58
000602.SZ,2004-11-01,6.86,6.96,6.4,6.47,7551.36,5045.14
000602.SZ,2004-11-02,6.47,6.51,6.21,6.35,5049.46,3203.17
000602.SZ,2004-11-03,6.4,6.74,6.3,6.66,6573.41,4303.58
000602.SZ,2004-11-04,6.7,6.71,6.4,6.41,5447.46,3572.06
000602.SZ,2004-11-05,6.44,6.58,6.37,6.48,2590.6,1666.15
000602.SZ,2004-11-08,6.55,6.61,6.42,6.59,2006.0,1311.66
000602.SZ,2004-11-09,6.59,6.65,6.51,6.58,1810.09,1193.04
000602.SZ,2004-11-10,6.65,6.92,6.51,6.88,4941.48,3351.15
000602.SZ,2004-11-11,6.88,7.28,6.88,6.95,15156.45,10755.6
000602.SZ,2004-11-12,6.95,7.14,6.85,7.0,4689.0,3274.23
000602.SZ,2004-11-15,7.06,7.06,6.88,7.02,2981.81,2073.57
000602.SZ,2004-11-16,7.02,7.3,7.02,7.1,8999.3,6423.66
000602.SZ,2004-11-17,7.19,7.19,6.91,6.99,4386.49,3081.29
000602.SZ,2004-11-18,6.96,7.19,6.91,7.17,5510.69,3883.69
000602.SZ,2004-11-19,7.26,7.44,7.2,7.28,10038.04,7327.08
000602.SZ,2004-11-22,7.28,7.47,7.2,7.41,6419.27,4714.83
000602.SZ,2004-11-23,7.4,7.4,7.22,7.29,5596.49,4077.05
000602.SZ,2004-11-24,7.24,7.32,7.05,7.05,4874.94,3483.77
000602.SZ,2004-11-25,6.99,7.12,6.96,7.09,2197.74,1548.35
000602.SZ,2004-11-26,7.14,7.15,7.0,7.01,2436.5,1713.1
000602.SZ,2004-11-29,7.11,7.11,6.81,6.84,1987.0,1377.46
000602.SZ,2004-11-30,6.82,6.98,6.81,6.96,1887.0,1302.54
000602.SZ,2004-12-01,6.96,7.09,6.8,6.83,2546.26,1765.21
000602.SZ,2004-12-02,6.88,7.01,6.73,6.97,2878.78,1977.95
000602.SZ,2004-12-03,7.01,7.09,6.9,7.08,4008.22,2802.62
000602.SZ,2004-12-06,7.12,7.18,7.02,7.14,2793.92,1986.81
000602.SZ,2004-12-07,7.08,7.15,6.88,6.92,1504.79,1053.29
000602.SZ,2004-12-08,7.0,7.01,6.85,6.9,861.0,596.54
000602.SZ,2004-12-09,6.72,6.97,6.72,6.87,3065.08,2084.93
000602.SZ,2004-12-10,6.9,6.97,6.55,6.6,2644.15,1776.6
000602.SZ,2004-12-13,6.5,6.58,6.42,6.48,1572.48,1019.92
000602.SZ,2004-12-14,6.51,6.58,6.45,6.46,1183.15,766.96
000602.SZ,2004-12-15,6.45,6.52,6.3,6.41,2274.74,1453.39
000602.SZ,2004-12-16,6.33,6.6,6.33,6.45,1538.49,996.29
000602.SZ,2004-12-17,6.5,6.5,6.38,6.45,718.0,460.97
000602.SZ,2004-12-20,6.38,6.46,6.36,6.46,491.38,315.22
000602.SZ,2004-12-21,6.46,6.53,6.41,6.45,452.9,293.46
000602.SZ,2004-12-22,6.54,6.74,6.48,6.7,1989.85,1324.46
000602.SZ,2004-12-23,6.69,6.72,6.53,6.55,1289.93,855.33
000602.SZ,2004-12-24,6.5,6.53,5.9,6.31,3988.22,2530.3
000602.SZ,2004-12-27,6.21,6.35,6.21,6.26,1005.1,628.64
000602.SZ,2004-12-28,6.14,6.32,6.14,6.23,1140.01,711.86
000602.SZ,2004-12-29,6.22,6.31,6.2,6.23,1101.0,688.79
000602.SZ,2004-12-30,6.24,6.28,6.17,6.21,841.5,522.88
000602.SZ,2005-01-04,6.2,6.21,6.1,6.19,629.0,388.87
000602.SZ,2005-01-05,6.22,6.36,6.22,6.32,839.9,526.66
000602.SZ,2005-01-06,6.35,6.42,6.29,6.33,1145.9,727.39
000602.SZ,2005-01-07,6.28,6.47,6.25,6.31,1794.5,1137.05
000602.SZ,2005-01-10,6.3,6.45,6.3,6.42,748.13,478.39
000602.SZ,2005-01-11,6.49,6.49,6.36,6.41,664.5,425.62
000602.SZ,2005-01-12,6.44,6.44,6.34,6.4,710.0,452.96
000602.SZ,2005-01-13,6.33,6.49,6.3,6.43,1581.84,1010.54
000602.SZ,2005-01-14,6.38,6.51,6.3,6.35,1061.0,682.55
000602.SZ,2005-01-17,6.3,6.3,6.12,6.21,1729.18,1073.86
000602.SZ,2005-01-18,6.35,6.38,6.2,6.26,889.28,559.87
000602.SZ,2005-01-19,6.27,6.34,6.24,6.28,525.0,329.28
000602.SZ,2005-01-20,6.2,6.3,6.11,6.26,1642.95,1017.14
000602.SZ,2005-01-21,6.29,6.37,6.15,6.35,1914.57,1204.89
000602.SZ,2005-01-24,6.5,6.57,6.35,6.46,1966.0,1263.14
000602.SZ,2005-01-25,6.32,6.41,6.32,6.41,888.95,566.14
000602.SZ,2005-01-26,6.4,6.45,6.33,6.42,1057.09,678.14
000602.SZ,2005-01-27,6.37,6.45,6.23,6.23,824.0,524.01
000602.SZ,2005-01-28,6.33,6.33,6.16,6.21,1113.0,690.97
000602.SZ,2005-01-31,6.11,6.11,5.65,5.85,2506.86,1460.46
000602.SZ,2005-02-01,6.0,6.05,5.71,5.75,4264.4,2538.65
000602.SZ,2005-02-02,5.7,6.14,5.68,6.1,1678.64,980.75
000602.SZ,2005-02-03,6.0,6.06,5.91,5.95,1952.89,1169.51
000602.SZ,2005-02-04,5.87,6.1,5.87,6.06,1779.48,1073.58
000602.SZ,2005-02-16,6.08,6.22,6.08,6.13,1049.0,646.45
000602.SZ,2005-02-17,6.13,6.21,6.0,6.11,4582.0,2801.61
000602.SZ,2005-02-18,6.13,6.16,6.04,6.08,1407.1,856.0
000602.SZ,2005-02-21,6.1,6.28,5.93,6.24,4578.12,2809.56
000602.SZ,2005-02-22,6.27,6.57,6.25,6.51,14075.71,9056.95
000602.SZ,2005-02-23,6.55,6.6,6.37,6.46,15119.33,9754.9
000602.SZ,2005-02-24,6.45,6.79,6.42,6.77,20956.84,13898.46
000602.SZ,2005-02-25,6.8,7.24,6.76,6.83,52148.95,36534.12
000602.SZ,2005-02-28,6.85,6.94,6.66,6.76,22164.17,15002.51
000602.SZ,2005-03-01,6.75,6.8,6.65,6.65,13064.5,8775.46
000602.SZ,2005-03-02,6.64,6.74,6.57,6.6,11974.01,7950.25
000602.SZ,2005-03-03,6.6,6.81,6.6,6.81,6912.5,4631.29
000602.SZ,2005-03-04,6.85,6.87,6.65,6.66,7036.0,4750.54
000602.SZ,2005-03-07,6.65,6.76,6.35,6.75,21127.04,13781.27
000602.SZ,2005-03-08,6.78,6.9,6.7,6.87,14510.01,9883.62
000602.SZ,2005-03-09,6.89,7.1,6.82,7.05,34121.93,23792.81
000602.SZ,2005-03-10,7.08,7.09,6.9,6.95,12495.02,8731.0
000602.SZ,2005-03-11,6.93,7.26,6.9,7.18,29364.92,20904.3
000602.SZ,2005-03-14,7.2,7.28,7.0,7.05,22336.5,15908.22
000602.SZ,2005-03-15,7.05,7.05,6.84,6.89,10554.0,7316.62
000602.SZ,2005-03-16,6.86,6.88,6.72,6.78,7034.0,4777.33
000602.SZ,2005-03-17,6.79,6.99,6.79,6.83,13616.5,9371.42
000602.SZ,2005-03-18,6.84,6.86,6.5,6.55,12895.0,8548.77
000602.SZ,2005-03-21,6.52,6.69,6.45,6.66,10281.53,6753.24
000602.SZ,2005-03-22,6.68,6.75,6.55,6.58,11501.0,7643.56
000602.SZ,2005-03-23,6.56,6.6,6.45,6.56,10051.1,6551.44
000602.SZ,2005-03-24,6.55,6.67,6.5,6.58,12228.01,8068.86
000602.SZ,2005-03-25,6.6,6.9,6.6,6.88,40325.19,27415.23
000602.SZ,2005-03-28,6.9,6.9,6.69,6.82,18013.35,12217.94
000602.SZ,2005-03-29,6.8,7.15,6.8,7.05,45854.05,32270.43
000602.SZ,2005-03-30,7.07,7.15,6.9,7.0,26171.12,18422.26
000602.SZ,2005-03-31,7.0,7.1,6.95,7.09,19329.95,13607.53
000602.SZ,2005-04-01,7.1,7.2,6.98,7.15,22739.2,16191.98
000602.SZ,2005-04-04,7.15,7.25,7.05,7.13,20138.51,14460.16
000602.SZ,2005-04-05,7.12,7.38,7.1,7.23,27612.33,20095.08
000602.SZ,2005-04-06,7.23,7.29,6.85,7.0,29722.49,20966.49
000602.SZ,2005-04-07,6.95,7.0,6.64,6.73,49172.5,33616.63
000602.SZ,2005-04-08,6.68,6.75,6.59,6.7,20836.98,13903.05
000602.SZ,2005-04-11,6.7,6.8,6.6,6.7,32758.88,21982.12
000602.SZ,2005-04-12,6.7,6.89,6.64,6.72,37653.68,25460.72
000602.SZ,2005-04-13,6.73,6.93,6.69,6.75,60165.29,40848.91
000602.SZ,2005-04-14,6.65,6.65,6.25,6.33,31577.19,20331.46
000602.SZ,2005-04-15,6.3,6.42,6.17,6.36,9676.57,6061.43
000602.SZ,2005-04-18,6.36,6.48,6.25,6.29,6601.0,4202.84
000602.SZ,2005-04-19,6.26,6.3,6.1,6.23,8334.4,5141.76
000602.SZ,2005-04-20,6.2,6.39,6.16,6.31,5870.4,3688.58
000602.SZ,2005-04-21,6.34,6.46,6.25,6.25,5870.0,3729.09
000602.SZ,2005-04-22,6.24,6.48,6.2,6.47,12881.9,8189.49
000602.SZ,2005-04-25,6.5,6.65,6.35,6.44,12450.0,8133.94
000602.SZ,2005-04-26,6.41,6.52,6.41,6.46,5727.78,3700.34
000602.SZ,2005-04-27,6.5,6.5,6.4,6.43,5356.69,3452.34
000602.SZ,2005-04-28,6.41,6.49,6.19,6.37,14093.36,8945.36
000602.SZ,2005-04-29,6.35,6.55,6.29,6.47,11794.0,7615.47
000602.SZ,2005-05-09,6.48,6.59,6.42,6.55,9186.56,5996.63
000602.SZ,2005-05-10,6.55,6.6,6.43,6.5,8284.74,5389.06
000602.SZ,2005-05-11,6.47,6.55,6.4,6.42,6808.3,4412.75
000602.SZ,2005-05-12,6.42,6.42,6.3,6.34,4938.5,3137.59
000602.SZ,2005-05-13,6.31,6.45,6.31,6.45,6689.2,4272.02
000602.SZ,2005-05-16,6.45,6.58,6.24,6.27,11689.5,7546.61
000602.SZ,2005-05-17,6.2,6.3,5.87,6.05,7716.5,4644.1
000602.SZ,2005-05-18,6.01,6.05,5.85,5.93,8420.0,5001.96
000602.SZ,2005-05-19,5.95,6.0,5.87,5.97,7871.5,4685.22
000602.SZ,2005-05-20,5.97,5.97,5.77,5.8,8055.0,4715.53
000602.SZ,2005-05-23,5.8,5.8,5.66,5.74,6174.0,3531.58
000602.SZ,2005-05-24,5.71,5.89,5.71,5.8,7163.38,4170.0
000602.SZ,2005-05-25,5.8,5.85,5.75,5.84,5365.8,3115.67
000602.SZ,2005-05-26,5.85,5.97,5.82,5.96,10511.88,6198.01
000602.SZ,2005-05-27,5.98,6.0,5.9,5.92,4368.05,2598.59
000602.SZ,2005-05-30,5.91,6.01,5.77,5.82,12203.6,7215.27
000602.SZ,2005-05-31,5.83,5.9,5.77,5.83,5186.99,3028.22
000602.SZ,2005-06-01,5.85,5.87,5.67,5.79,5418.0,3115.16
000602.SZ,2005-06-02,5.76,5.85,5.65,5.7,7385.0,4271.49
000602.SZ,2005-06-03,5.68,5.74,5.65,5.7,3548.62,2017.32
000602.SZ,2005-06-06,5.72,5.79,5.6,5.78,4551.51,2598.95
000602.SZ,2005-06-07,5.8,5.88,5.69,5.75,4764.0,2756.79
000602.SZ,2005-06-08,5.75,6.1,5.75,6.08,10563.5,6313.58
000602.SZ,2005-06-09,6.07,6.21,5.89,6.16,16815.34,10163.54
000602.SZ,2005-06-10,6.17,6.2,6.0,6.06,6617.3,4006.38
000602.SZ,2005-06-13,6.05,6.09,6.0,6.04,3822.2,2306.73
000602.SZ,2005-06-14,6.03,6.15,5.92,5.97,8542.2,5172.49
000602.SZ,2005-06-16,5.93,6.0,5.89,5.95,4307.5,2556.96
000602.SZ,2005-06-17,5.95,6.0,5.91,5.94,3320.51,1975.94
000602.SZ,2005-06-20,5.95,6.15,5.94,6.12,7841.22,4748.51
000602.SZ,2005-06-21,6.13,6.15,6.0,6.06,3144.0,1907.67
000602.SZ,2005-06-22,6.04,6.09,6.0,6.08,3124.5,1887.42
000602.SZ,2005-06-23,6.08,6.1,5.99,6.02,4800.0,2907.52
000602.SZ,2005-06-24,6.0,6.05,5.97,6.05,2366.06,1421.81
000602.SZ,2005-06-27,6.07,6.25,6.07,6.17,12499.8,7705.77
000602.SZ,2005-06-28,6.18,6.18,6.01,6.01,3453.0,2095.78
000602.SZ,2005-06-29,6.0,6.05,5.99,6.02,2403.0,1444.61
000602.SZ,2005-06-30,6.02,6.02,5.94,5.95,1838.5,1097.99
000602.SZ,2005-07-01,5.93,5.97,5.87,5.9,9005.0,5320.75
000602.SZ,2005-07-04,5.9,5.95,5.85,5.94,3385.5,1996.04
000602.SZ,2005-07-05,5.95,6.2,5.92,6.13,19371.28,11816.37
000602.SZ,2005-07-06,6.15,6.21,6.05,6.1,6419.0,3934.37
000602.SZ,2005-07-07,6.08,6.19,6.06,6.17,4541.5,2778.1
000602.SZ,2005-07-08,6.2,6.2,6.02,6.05,3188.5,1945.41
000602.SZ,2005-07-11,6.03,6.12,6.0,6.05,3723.0,2252.28
000602.SZ,2005-07-12,6.06,6.28,6.06,6.18,11581.05,7132.69
000602.SZ,2005-07-13,6.16,6.29,6.13,6.2,7766.2,4831.33
000602.SZ,2005-07-14,6.2,6.32,6.17,6.27,7860.0,4917.28
000602.SZ,2005-07-15,6.27,6.3,6.15,6.17,4885.0,3036.25
000602.SZ,2005-07-18,6.15,6.22,6.13,6.2,3347.0,2071.14
000602.SZ,2005-07-19,6.2,6.25,6.1,6.15,4696.0,2909.92
000602.SZ,2005-07-20,6.14,6.33,6.1,6.29,9411.44,5876.67
000602.SZ,2005-07-21,6.31,6.37,6.23,6.27,9732.0,6141.32
000602.SZ,2005-07-22,6.26,6.45,6.26,6.39,19172.0,12199.28
000602.SZ,2005-07-25,6.36,6.39,6.31,6.34,7018.0,4453.3
000602.SZ,2005-07-26,6.33,6.6,6.33,6.6,23255.7,15080.18
000602.SZ,2005-07-27,6.6,6.85,6.5,6.57,12215.0,8056.17
000602.SZ,2005-07-28,6.57,6.7,6.53,6.61,21071.45,13953.55
000602.SZ,2005-07-29,6.6,6.62,6.42,6.5,8933.5,5810.15
000602.SZ,2005-08-01,6.48,6.55,6.39,6.5,5870.5,3794.75
000602.SZ,2005-08-02,6.52,6.75,6.46,6.73,15548.0,10307.64
000602.SZ,2005-08-03,6.75,6.83,6.6,6.75,13644.01,9170.45
000602.SZ,2005-08-04,6.76,6.8,6.67,6.73,5129.3,3446.34
000602.SZ,2005-08-05,6.71,6.95,6.71,6.93,27294.53,18732.03
000602.SZ,2005-08-08,6.94,6.97,6.83,6.9,18320.5,12633.73
000602.SZ,2005-08-09,6.88,6.9,6.76,6.82,11736.0,7999.76
000602.SZ,2005-08-10,6.82,6.87,6.68,6.84,17510.95,11897.82
000602.SZ,2005-08-11,6.85,6.95,6.82,6.92,16603.5,11436.7
000602.SZ,2005-08-12,6.95,7.0,6.64,6.75,20112.5,13766.8
000602.SZ,2005-08-15,6.74,6.83,6.62,6.82,13767.9,9271.88
000602.SZ,2005-08-16,6.85,7.4,6.82,7.25,62096.97,44469.53
000602.SZ,2005-08-17,7.25,7.35,7.07,7.3,16290.55,11775.26
000602.SZ,2005-08-18,7.3,7.42,7.11,7.16,16878.69,12324.05
000602.SZ,2005-08-19,7.15,7.25,7.07,7.23,11004.99,7879.17
000602.SZ,2005-08-22,7.25,7.55,7.22,7.48,27946.39,20847.01
000602.SZ,2005-08-23,7.48,7.55,7.24,7.31,17861.0,13197.48
000602.SZ,2005-08-24,7.3,7.44,7.26,7.35,10616.59,7811.65
000602.SZ,2005-08-25,7.3,7.37,7.01,7.19,1743.75,1258.94
000602.SZ,2005-08-26,7.22,7.36,7.15,7.3,2259.3,1639.42
000602.SZ,2005-08-29,7.3,7.3,7.16,7.17,1237.0,889.82
000602.SZ,2005-08-30,7.15,7.26,7.03,7.1,6147.07,4441.94
000602.SZ,2005-08-31,7.14,7.19,7.04,7.15,1845.42,1308.19
000602.SZ,2005-09-01,7.19,7.5,7.1,7.39,3830.2,2810.88
000602.SZ,2005-09-02,7.39,7.71,7.39,7.66,7535.29,5716.45
000602.SZ,2005-09-05,7.67,7.75,7.49,7.55,30054.32,22971.43
000602.SZ,2005-09-06,7.5,7.6,7.33,7.38,17235.0,12944.01
000602.SZ,2005-09-07,7.35,7.5,7.3,7.48,18647.88,13833.32
000602.SZ,2005-09-08,7.5,7.6,7.38,7.44,18555.0,13917.19
000602.SZ,2005-09-09,7.41,7.5,7.22,7.27,15849.26,11640.07
000602.SZ,2005-09-12,7.25,7.28,7.05,7.18,19678.3,14069.51
000602.SZ,2005-09-13,7.15,7.3,7.14,7.3,11762.0,8501.67
000602.SZ,2005-09-14,7.32,7.45,7.22,7.29,23386.57,17170.37
000602.SZ,2005-09-15,7.27,7.4,7.16,7.36,15708.4,11428.48
000602.SZ,2005-09-16,7.36,7.5,7.36,7.4,20346.0,15099.71
000602.SZ,2005-09-19,7.41,7.6,7.41,7.49,22355.75,16790.8
000602.SZ,2005-09-20,7.5,7.5,7.28,7.37,16080.3,11876.62
000602.SZ,2005-09-21,7.35,7.35,7.08,7.12,11088.5,7991.95
000602.SZ,2005-09-22,7.1,7.1,6.83,6.89,9597.59,6695.46
000602.SZ,2005-09-23,6.88,6.95,6.86,6.87,8367.85,5775.8
000602.SZ,2005-09-26,6.89,6.93,6.79,6.87,6509.73,4463.32
000602.SZ,2005-09-27,6.88,7.01,6.8,6.95,11622.0,8053.76
000602.SZ,2005-09-28,6.94,7.03,6.9,6.96,8940.27,6234.78
000602.SZ,2005-09-29,6.96,7.19,6.95,7.14,17545.51,12454.72
000602.SZ,2005-09-30,7.15,7.15,6.97,7.01,10005.0,7067.09
000602.SZ,2005-10-10,7.0,7.0,6.71,6.77,9469.48,6450.55
000602.SZ,2005-10-11,6.75,6.98,6.74,6.97,11578.28,7965.8
000602.SZ,2005-10-12,6.98,7.15,6.89,7.07,17078.01,12040.32
000602.SZ,2005-10-13,7.09,7.1,6.93,6.95,9870.0,6913.0
000602.SZ,2005-10-14,6.94,6.98,6.84,6.92,9081.49,6274.03
000602.SZ,2005-10-17,6.9,7.1,6.9,7.05,16247.8,11396.42
000602.SZ,2005-10-18,7.05,7.2,7.05,7.15,19655.0,14029.79
000602.SZ,2005-10-19,7.16,7.3,7.0,7.05,23431.0,16851.55
000602.SZ,2005-10-20,7.05,7.1,6.91,7.09,12691.0,8878.3
000602.SZ,2005-10-21,7.11,7.15,7.01,7.08,5045.0,3571.52
000602.SZ,2005-11-14,7.0,7.0,6.54,6.76,16082.23,10763.54
000602.SZ,2005-11-15,6.7,6.7,6.48,6.51,4814.5,3181.01
000602.SZ,2005-11-16,6.5,6.73,6.47,6.68,9423.63,6220.7
000602.SZ,2005-11-17,6.7,6.8,6.62,6.65,10917.0,7344.77
000602.SZ,2005-11-18,6.65,6.8,6.61,6.74,10175.69,6846.12
000602.SZ,2005-11-21,6.73,6.78,6.63,6.68,10259.13,6858.8
000602.SZ,2005-11-22,6.67,6.68,6.5,6.53,4892.82,3210.61
000602.SZ,2005-11-23,6.5,6.65,6.5,6.62,2496.5,1641.9
000602.SZ,2005-11-24,6.6,6.73,6.58,6.64,7314.0,4873.5
000602.SZ,2005-11-25,6.65,6.74,6.57,6.7,14191.82,9420.5
000602.SZ,2005-12-20,5.2,5.34,5.11,5.3,86959.16,45430.14
000602.SZ,2005-12-21,5.3,5.4,5.19,5.29,41751.53,22046.98
000602.SZ,2005-12-22,5.28,5.35,5.2,5.26,26417.05,13928.97
000602.SZ,2005-12-23,5.25,5.32,5.23,5.3,43658.5,23023.32
000602.SZ,2005-12-26,5.31,5.4,5.3,5.4,26952.97,14429.22
000602.SZ,2005-12-27,5.4,5.44,5.3,5.39,33183.43,17800.7
000602.SZ,2005-12-28,5.39,5.47,5.36,5.38,9857.36,5331.72
000602.SZ,2005-12-29,5.36,5.57,5.35,5.56,43823.4,24053.16
000602.SZ,2005-12-30,5.58,5.6,5.46,5.5,19664.54,10860.36
000602.SZ,2006-01-04,5.48,5.75,5.45,5.62,31612.16,17676.82
000602.SZ,2006-01-05,5.65,5.75,5.56,5.63,30002.55,16917.7
000602.SZ,2006-01-06,5.6,5.69,5.57,5.66,15050.54,8477.17
000602.SZ,2006-01-09,5.69,5.85,5.64,5.84,24613.28,14209.48
000602.SZ,2006-01-10,5.85,5.94,5.8,5.88,19571.24,11496.65
000602.SZ,2006-01-11,5.9,6.0,5.77,5.79,23932.65,14162.63
000602.SZ,2006-01-12,5.78,5.95,5.71,5.92,19313.75,11298.0
000602.SZ,2006-01-13,5.9,6.0,5.83,5.95,25983.71,15402.2
000602.SZ,2006-01-16,5.96,5.97,5.76,5.8,13577.35,7967.86
000602.SZ,2006-01-17,5.78,5.87,5.64,5.72,16007.16,9202.52
000602.SZ,2006-01-18,5.7,5.9,5.68,5.86,16926.31,9799.95
000602.SZ,2006-01-19,5.9,6.03,5.82,5.95,15035.41,8910.08
000602.SZ,2006-01-20,5.97,5.98,5.87,5.91,13705.51,8107.46
000602.SZ,2006-01-23,5.9,6.29,5.8,6.27,43169.21,26248.62
000602.SZ,2006-01-24,6.3,6.57,6.22,6.48,62550.15,40354.73
000602.SZ,2006-01-25,6.5,6.6,6.34,6.46,26949.84,17467.27
000602.SZ,2006-02-06,6.5,6.54,6.33,6.43,11578.66,7423.65
000602.SZ,2006-02-07,6.45,6.48,6.23,6.39,25685.2,16410.31
000602.SZ,2006-02-08,6.38,6.4,6.19,6.29,23567.4,14804.07
000602.SZ,2006-02-09,6.25,6.3,6.09,6.19,34494.68,21275.61
000602.SZ,2006-02-10,6.17,6.63,6.15,6.6,33956.1,21703.85
000602.SZ,2006-02-13,6.64,6.85,6.5,6.78,39071.04,26116.43
000602.SZ,2006-02-14,6.79,6.98,6.72,6.77,27811.29,19038.52
000602.SZ,2006-02-15,6.73,6.99,6.73,6.95,11847.45,8163.54
000602.SZ,2006-02-16,6.93,6.93,6.6,6.62,11328.46,7679.24
000602.SZ,2006-02-17,6.67,6.69,6.42,6.43,3812.1,2482.35
000602.SZ,2006-02-20,6.4,6.56,6.4,6.51,1301.0,843.99
000602.SZ,2006-02-21,6.5,6.57,6.36,6.57,5606.07,3623.69
000602.SZ,2006-02-22,6.6,6.69,6.47,6.61,8589.94,5648.99
000602.SZ,2006-02-23,6.6,6.78,6.47,6.56,7265.55,4792.87
000602.SZ,2006-02-24,6.55,6.74,6.51,6.7,7684.86,5101.77
000602.SZ,2006-02-27,6.73,6.88,6.7,6.86,9990.6,6795.27
000602.SZ,2006-02-28,7.0,7.0,6.6,6.78,5003.68,3361.5
000602.SZ,2006-03-01,6.76,6.9,6.72,6.86,5914.95,4032.36
000602.SZ,2006-03-02,6.86,6.95,6.6,6.65,6212.8,4172.06
000602.SZ,2006-03-03,6.65,6.75,6.58,6.7,1919.85,1275.51
000602.SZ,2006-03-06,6.7,6.73,6.38,6.44,20683.2,13295.5
000602.SZ,2006-03-07,6.4,6.45,6.2,6.29,27925.17,17499.2
000602.SZ,2006-03-08,6.29,6.4,6.08,6.35,39001.91,24024.41
000602.SZ,2006-03-09,6.35,6.38,6.25,6.35,10449.56,6583.65
000602.SZ,2006-03-10,6.35,6.7,6.35,6.67,16031.95,10579.6
000602.SZ,2006-03-13,6.7,6.85,6.65,6.75,3545.7,2398.64
000602.SZ,2006-03-14,6.75,6.79,6.62,6.7,2303.5,1545.99
000602.SZ,2006-03-15,6.68,6.85,6.58,6.83,3460.6,2332.8
000602.SZ,2006-03-16,6.85,6.9,6.72,6.78,2805.6,1906.35
000602.SZ,2006-03-17,6.78,6.8,6.63,6.73,4208.3,2832.98
000602.SZ,2006-03-20,6.71,7.05,6.71,6.98,9379.2,6516.93
000602.SZ,2006-03-21,7.0,7.13,6.94,7.03,8946.9,6313.01
000602.SZ,2006-03-22,7.03,7.26,6.91,7.23,9440.52,6667.28
000602.SZ,2006-03-23,7.25,7.29,7.1,7.17,6154.3,4438.32
000602.SZ,2006-03-24,7.18,7.2,7.02,7.04,3343.5,2367.17
000602.SZ,2006-03-27,7.02,7.09,6.98,7.07,1567.44,1100.72
000602.SZ,2006-03-28,7.1,7.26,7.06,7.09,2243.0,1609.38
000602.SZ,2006-03-29,7.1,7.2,6.97,7.02,4333.8,3056.08
000602.SZ,2006-03-31,6.99,7.26,6.79,7.23,6578.64,4565.38
000602.SZ,2006-04-03,7.24,7.7,7.24,7.67,10779.91,8118.68
000602.SZ,2006-04-04,7.69,7.95,7.55,7.84,13932.13,10825.04
000602.SZ,2006-04-05,7.85,8.2,7.7,8.13,15470.69,12260.68
000602.SZ,2006-04-06,8.13,8.36,8.08,8.3,16246.08,13367.5
000602.SZ,2006-04-07,8.35,8.47,8.23,8.34,11687.39,9751.63
000602.SZ,2006-04-10,9.17,9.17,8.63,8.95,16917.76,15150.56
000602.SZ,2006-04-11,8.95,9.2,8.65,8.98,11861.03,10617.12
000602.SZ,2006-04-12,8.9,9.1,8.71,8.83,6775.34,5998.71
000602.SZ,2006-04-13,8.85,8.9,8.54,8.57,8690.1,7525.8
000602.SZ,2006-04-14,8.54,9.0,8.41,8.92,9066.62,7864.16
000602.SZ,2006-04-17,8.95,9.0,8.71,8.76,6867.96,6087.13
000602.SZ,2006-04-18,8.8,8.85,8.62,8.75,5750.78,5013.41
000602.SZ,2006-04-19,8.75,9.14,8.7,9.06,7548.85,6718.89
000602.SZ,2006-04-20,9.05,9.18,8.73,8.89,7790.35,6928.45
000602.SZ,2006-04-21,9.0,9.4,8.81,9.34,13971.79,12797.7
000602.SZ,2006-04-24,9.35,10.27,9.35,10.17,33319.07,33415.74
000602.SZ,2006-05-08,11.19,11.19,10.3,11.19,29873.2,33232.73
000602.SZ,2006-05-09,12.29,12.31,12.26,12.31,2260.72,2780.79
000602.SZ,2006-05-10,13.54,13.54,13.54,13.54,7126.0,9648.6
000602.SZ,2006-05-11,14.89,14.89,14.18,14.89,51734.28,77010.73
000602.SZ,2006-05-12,14.8,16.08,14.68,15.45,37408.33,58066.63
000602.SZ,2006-05-15,15.45,15.7,14.35,15.4,30235.94,45448.16
000602.SZ,2006-05-16,13.9,15.0,13.86,13.86,26007.1,37316.47
000602.SZ,2006-05-18,13.0,13.58,12.47,12.92,20674.18,26106.64
000602.SZ,2006-05-19,12.92,14.0,12.5,13.71,12103.2,15930.89
000602.SZ,2006-05-22,13.3,14.3,13.01,13.5,10974.39,15029.7
000602.SZ,2006-05-23,13.55,14.2,12.8,13.6,25402.64,34874.95
000602.SZ,2006-05-24,13.81,14.5,13.0,13.81,17467.48,23886.77
000602.SZ,2006-05-25,13.48,13.7,13.01,13.25,4597.96,6132.01
000602.SZ,2006-05-26,13.3,13.65,13.1,13.2,5853.3,7786.48
000602.SZ,2006-05-29,13.29,13.67,13.01,13.62,13220.6,17746.15
000602.SZ,2006-05-30,13.8,14.15,13.64,13.86,15179.97,21106.68
000602.SZ,2006-05-31,14.1,15.25,13.6,15.25,33104.56,48651.35
000602.SZ,2006-06-01,16.5,16.78,15.58,16.78,24997.76,41438.08
000602.SZ,2006-06-02,18.0,18.0,15.75,16.28,19705.67,33130.08
000602.SZ,2006-06-05,16.0,16.1,14.65,14.65,24297.4,35933.45
000602.SZ,2006-06-06,14.45,14.45,13.31,13.89,19491.85,27127.8
000602.SZ,2006-06-07,13.79,13.82,12.53,12.63,9678.64,12673.21
000602.SZ,2006-06-08,12.31,12.67,11.7,12.3,10290.12,12613.24
000602.SZ,2006-06-09,12.58,12.58,12.05,12.25,5615.7,6883.51
000602.SZ,2006-06-12,11.6,12.35,11.52,11.83,5305.5,6378.64
000602.SZ,2006-06-13,11.83,12.05,11.3,11.5,7090.12,8242.9
000602.SZ,2006-06-14,11.48,11.5,10.9,11.21,11966.15,13373.65
000602.SZ,2006-06-15,11.21,11.46,10.93,11.06,7759.36,8657.07
000602.SZ,2006-06-16,11.18,11.84,11.0,11.62,20642.92,23889.78
000602.SZ,2006-06-19,11.57,12.78,11.28,12.7,15321.35,18208.63
000602.SZ,2006-06-20,12.69,13.19,12.3,12.88,13718.1,17601.3
000602.SZ,2006-06-21,12.8,13.0,12.2,12.47,9784.56,12220.54
000602.SZ,2006-06-22,12.5,12.8,12.49,12.55,4184.47,5278.42
000602.SZ,2006-06-23,12.55,12.99,12.55,12.67,7739.15,9908.98
000602.SZ,2006-06-26,12.71,12.72,12.21,12.62,7654.81,9554.5
000602.SZ,2006-06-27,12.63,12.7,12.35,12.42,4813.95,5997.39
000602.SZ,2006-06-28,12.4,12.6,12.28,12.37,3850.4,4801.23
000602.SZ,2006-06-29,12.5,13.13,12.35,13.03,9084.97,11659.8
000602.SZ,2006-06-30,13.0,13.3,12.85,12.99,10066.2,13173.4
000602.SZ,2006-07-03,12.98,13.11,12.8,13.08,8430.78,10946.24
000602.SZ,2006-07-04,13.1,13.1,12.9,12.99,8146.68,10576.67
000602.SZ,2006-07-05,13.05,13.05,12.41,12.72,6299.25,7983.75
000602.SZ,2006-07-06,12.7,13.8,12.45,13.7,18757.76,24773.61
000602.SZ,2006-07-07,13.75,14.03,13.48,13.75,17100.8,23480.46
000602.SZ,2006-07-10,13.7,13.7,13.02,13.27,9527.03,12580.59
000602.SZ,2006-07-11,13.2,13.2,12.7,12.7,9181.97,11769.01
000602.SZ,2006-07-12,12.65,13.02,12.55,12.7,8830.84,11294.86
000602.SZ,2006-07-13,12.69,12.7,11.43,11.43,17344.85,20527.44
000602.SZ,2006-07-14,11.1,11.44,10.98,11.15,7014.26,7871.97
000602.SZ,2006-07-17,11.06,11.31,11.0,11.2,4979.18,5543.38
000602.SZ,2006-07-18,11.2,11.67,11.2,11.41,5903.18,6769.12
000602.SZ,2006-07-19,11.4,11.45,11.0,11.05,4393.4,4908.28
000602.SZ,2006-07-20,11.0,11.28,10.81,11.05,10167.96,11200.53
000602.SZ,2006-07-21,11.5,11.5,10.7,10.88,7022.95,7709.71
000602.SZ,2006-07-24,10.8,10.9,10.11,10.52,10345.13,10762.44
000602.SZ,2006-07-25,10.6,10.8,10.3,10.74,13122.31,13869.32
000602.SZ,2006-07-26,10.78,10.8,10.4,10.65,8765.18,9232.81
000602.SZ,2006-07-27,10.65,10.74,10.35,10.45,6230.28,6567.76
000602.SZ,2006-07-28,10.4,10.6,10.2,10.35,7882.98,8156.99
000602.SZ,2006-07-31,10.31,10.32,9.56,9.59,10418.97,10177.91
000602.SZ,2006-08-01,9.56,9.71,9.35,9.55,11037.35,10513.38
000602.SZ,2006-08-02,9.69,9.95,9.65,9.8,12118.8,11869.02
000602.SZ,2006-08-03,9.97,10.78,9.88,10.45,46061.81,47946.59
000602.SZ,2006-08-04,10.5,10.7,9.88,9.88,18779.69,19547.59
000602.SZ,2006-08-07,9.65,9.75,9.38,9.67,8452.74,8108.16
000602.SZ,2006-08-08,9.8,9.98,9.58,9.97,6821.77,6641.25
000602.SZ,2006-08-09,9.94,9.94,9.67,9.7,5921.0,5757.55
000602.SZ,2006-08-10,9.71,10.02,9.63,10.0,13304.65,13085.15
000602.SZ,2006-08-11,9.95,10.65,9.85,10.47,12477.45,12963.67
000602.SZ,2006-08-14,10.44,10.64,10.07,10.25,7876.98,8092.37
000602.SZ,2006-08-15,10.01,10.38,10.01,10.32,4680.36,4798.77
000602.SZ,2006-08-16,10.45,10.47,10.25,10.36,6897.84,7141.29
000602.SZ,2006-08-17,10.36,10.36,9.9,10.08,6443.0,6474.59
000602.SZ,2006-08-18,10.0,10.24,9.85,9.85,7702.0,7732.22
000602.SZ,2006-08-21,9.39,9.64,9.0,9.5,12489.04,11744.66
000602.SZ,2006-08-22,9.5,9.57,9.0,9.25,34120.64,31288.28
000602.SZ,2006-08-23,9.18,9.47,9.04,9.4,18251.33,16854.83
000602.SZ,2006-08-24,9.37,9.39,9.1,9.31,10617.86,9788.29
000602.SZ,2006-08-25,9.28,9.58,9.17,9.4,14822.63,13919.56
000602.SZ,2006-08-28,9.41,9.68,9.25,9.54,25331.56,23881.05
000602.SZ,2006-08-29,9.48,9.74,9.45,9.45,28163.05,27047.3
000602.SZ,2006-08-30,9.45,9.54,9.26,9.36,12470.05,11674.58
000602.SZ,2006-08-31,9.36,9.49,9.17,9.2,19026.3,17687.19
000602.SZ,2006-09-01,9.36,9.59,9.26,9.5,42906.2,40409.14
000602.SZ,2006-09-04,9.5,9.53,9.3,9.44,20597.3,19395.73
000602.SZ,2006-09-05,9.5,10.2,9.48,9.71,48374.99,47438.75
000602.SZ,2006-09-06,9.75,9.9,9.63,9.8,23726.83,23161.16
000602.SZ,2006-09-07,9.83,9.88,9.45,9.46,17657.32,16908.67
000602.SZ,2006-09-08,9.38,9.46,8.7,8.83,48343.49,43868.8
000602.SZ,2006-09-11,8.31,8.7,8.22,8.48,43504.95,36618.46
000602.SZ,2006-09-12,8.42,8.54,8.35,8.51,19056.8,16080.87
000602.SZ,2006-09-13,8.5,8.53,7.98,8.03,32167.19,26420.98
000602.SZ,2006-09-14,8.0,8.37,7.9,8.3,27044.27,22018.26
000602.SZ,2006-09-15,8.26,8.43,8.11,8.38,23519.96,19496.43
000602.SZ,2006-09-18,8.45,8.6,8.31,8.49,24056.68,20360.2
000602.SZ,2006-09-19,8.49,8.67,8.44,8.49,19315.93,16503.38
000602.SZ,2006-09-20,8.5,8.54,8.4,8.44,11330.4,9559.37
000602.SZ,2006-09-21,8.44,8.46,8.21,8.27,21512.35,17919.46
000602.SZ,2006-09-22,8.3,8.62,8.28,8.47,22602.15,19226.72
000602.SZ,2006-09-25,8.45,8.51,8.26,8.31,12010.58,10031.27
000602.SZ,2006-09-26,8.28,8.38,8.12,8.2,9723.88,8001.72
000602.SZ,2006-09-27,8.19,8.36,8.15,8.36,14852.32,12225.05
000602.SZ,2006-09-28,8.35,8.56,8.21,8.54,26170.0,21961.26
000602.SZ,2006-09-29,8.54,8.65,8.42,8.49,29545.78,25150.95
000602.SZ,2006-10-09,8.58,8.78,8.44,8.67,24121.92,20693.6
000602.SZ,2006-10-10,8.67,8.67,8.36,8.39,26709.38,22652.84
000602.SZ,2006-10-11,8.41,8.55,7.86,8.0,81019.42,65871.27
000602.SZ,2006-10-12,7.9,8.0,7.48,7.53,91894.87,70373.39
000602.SZ,2006-10-13,7.53,7.6,7.13,7.28,108623.67,79664.53
000602.SZ,2006-10-16,7.22,7.59,7.22,7.49,88394.93,65821.32
000602.SZ,2006-10-17,7.5,7.51,7.1,7.16,131425.47,94968.65
000602.SZ,2006-10-18,7.15,7.3,7.1,7.28,70839.73,50940.07
000602.SZ,2006-10-19,7.29,7.38,7.17,7.2,65555.11,47731.49
000602.SZ,2006-10-20,7.2,7.28,7.01,7.05,70485.63,50121.56
000602.SZ,2006-10-23,7.05,7.06,6.5,6.64,92148.56,62068.01
000602.SZ,2006-10-24,6.6,6.95,6.53,6.93,88826.85,60004.33
000602.SZ,2006-10-25,6.95,6.95,6.66,6.75,51394.63,34850.02
000602.SZ,2006-10-26,6.74,6.91,6.71,6.83,35196.12,24005.49
000602.SZ,2006-10-27,6.86,6.88,6.55,6.62,30124.49,20144.57
000602.SZ,2006-10-30,6.6,6.85,6.51,6.85,39269.18,26439.85
000602.SZ,2006-10-31,6.91,7.37,6.91,7.27,124059.25,88856.81
000602.SZ,2006-11-01,7.2,7.29,7.08,7.2,53510.53,38499.56
000602.SZ,2006-11-02,7.2,7.25,7.01,7.13,42943.61,30462.28
000602.SZ,2006-11-03,7.14,7.35,7.05,7.2,63647.21,45780.18
000602.SZ,2006-11-06,7.11,7.33,7.1,7.16,52707.2,38085.75
000602.SZ,2006-11-07,7.2,7.21,6.85,6.92,50528.01,35227.44
000602.SZ,2006-11-08,6.88,7.08,6.73,7.02,32810.06,22599.09
000602.SZ,2006-11-09,6.98,7.04,6.85,6.96,23319.53,16201.89
000602.SZ,2006-11-10,6.95,6.98,6.7,6.72,34404.17,23445.46
000602.SZ,2006-11-13,6.68,6.81,6.3,6.3,39509.89,25803.31
000602.SZ,2006-11-14,6.31,6.49,6.03,6.45,48268.39,30260.77
000602.SZ,2006-11-15,6.41,6.49,6.26,6.49,31209.73,19944.19
000602.SZ,2006-11-16,6.56,6.92,6.56,6.61,72556.03,48934.38
000602.SZ,2006-11-17,6.55,6.72,6.52,6.63,27596.25,18211.91
000602.SZ,2006-11-20,6.63,6.63,6.36,6.49,34801.6,22448.12
000602.SZ,2006-11-21,6.5,6.75,6.35,6.72,42986.06,28199.23
000602.SZ,2006-11-22,6.7,6.89,6.62,6.77,47443.1,32104.19
000602.SZ,2006-11-23,6.8,6.94,6.63,6.93,52839.27,35870.05
000602.SZ,2006-11-24,6.96,7.02,6.85,6.9,48190.32,33383.19
000602.SZ,2006-11-27,6.88,7.17,6.84,7.11,50068.11,35242.19
000602.SZ,2006-11-28,7.12,7.16,7.03,7.11,36257.65,25698.38
000602.SZ,2006-11-29,7.05,7.12,6.86,7.07,35730.87,25040.16
000602.SZ,2006-11-30,7.05,7.24,7.03,7.18,58683.9,41799.5
000602.SZ,2006-12-01,7.19,7.19,7.04,7.09,50201.57,35721.22
000602.SZ,2006-12-04,7.09,7.17,7.01,7.16,52300.52,37184.78
000602.SZ,2006-12-05,7.21,7.88,7.21,7.88,212889.6,164042.13
000602.SZ,2006-12-14,7.65,7.65,7.1,7.27,117005.39,85587.2
000602.SZ,2006-12-15,7.24,7.39,7.17,7.2,62024.5,44971.2
000602.SZ,2006-12-18,7.2,7.28,7.01,7.11,74891.12,53243.49
000602.SZ,2006-12-19,7.1,7.76,7.08,7.64,120634.23,89518.9
000602.SZ,2006-12-20,7.58,8.4,7.37,8.4,175572.31,142933.73
000602.SZ,2006-12-21,8.42,8.75,8.12,8.17,130525.06,109807.58
000602.SZ,2006-12-22,8.05,8.3,7.95,8.11,56582.51,45712.93
000602.SZ,2006-12-25,8.3,8.44,8.1,8.28,60768.18,50472.38
000602.SZ,2006-12-26,8.3,8.3,7.77,7.86,51025.82,40700.93
000602.SZ,2006-12-27,7.84,8.08,7.76,7.88,33854.86,26858.99
000602.SZ,2006-12-28,7.88,7.95,7.09,7.25,99363.82,72962.51
000602.SZ,2006-12-29,7.25,7.37,7.18,7.21,49258.01,35678.88
000602.SZ,2007-01-04,7.25,7.35,6.92,7.01,62561.8,44276.62
000602.SZ,2007-01-05,7.01,7.46,7.01,7.41,49772.54,36381.7
000602.SZ,2007-01-08,7.38,7.93,7.3,7.8,64382.66,48839.75
000602.SZ,2007-01-17,8.39,8.58,7.99,8.14,169159.23,141068.7
000602.SZ,2007-01-18,8.05,8.36,7.62,8.3,115120.49,90569.86
000602.SZ,2007-01-19,8.28,8.63,8.18,8.63,154240.02,129538.37
000602.SZ,2007-01-22,8.75,9.44,8.7,9.39,174415.94,158028.59
000602.SZ,2007-01-23,9.4,10.0,8.9,9.86,157452.11,148079.71
000602.SZ,2007-01-24,10.0,10.55,9.88,9.98,182814.61,186676.6
000602.SZ,2007-01-25,9.95,9.95,9.21,9.25,93077.13,89209.08
000602.SZ,2007-01-26,9.01,9.31,8.65,9.19,85510.2,76791.19
000602.SZ,2007-01-29,9.23,9.43,9.1,9.35,71398.77,66387.2
000602.SZ,2007-01-30,9.41,9.47,9.11,9.15,54365.77,50407.61
000602.SZ,2007-01-31,9.14,9.59,8.8,9.0,93218.22,86445.87
000602.SZ,2007-02-01,8.98,9.27,8.66,9.24,73470.05,65986.62
000602.SZ,2007-02-02,9.53,9.6,8.98,9.12,117380.95,109918.36
000602.SZ,2007-02-05,9.06,9.2,8.9,9.15,39309.67,35637.0
000602.SZ,2007-02-06,9.19,9.46,9.17,9.44,45814.91,42843.03
000602.SZ,2007-02-07,9.46,9.75,9.31,9.65,67336.15,64390.77
000602.SZ,2007-02-08,9.64,9.75,9.52,9.66,46975.24,45195.23
000602.SZ,2007-02-09,9.62,9.66,9.32,9.36,43998.92,41494.31
000602.SZ,2007-02-12,9.35,9.63,9.31,9.55,46117.5,43655.2
000602.SZ,2007-02-13,9.6,10.05,9.45,9.93,78893.6,77035.15
000602.SZ,2007-02-14,9.93,10.16,9.82,9.88,62242.92,62150.35
000602.SZ,2007-02-15,9.78,10.31,9.78,10.22,79641.81,80389.8
000602.SZ,2007-02-16,10.27,10.64,10.26,10.39,80635.62,84290.03
000602.SZ,2007-02-26,10.59,11.3,10.48,11.13,81494.47,89132.87
000602.SZ,2007-02-27,11.15,11.25,10.02,10.02,109987.46,115791.67
000602.SZ,2007-02-28,9.97,10.8,9.7,10.7,122953.65,125690.24
000602.SZ,2007-03-01,10.83,11.49,10.56,11.27,235242.08,258402.73
000602.SZ,2007-03-02,11.18,11.18,10.63,10.88,81645.76,89544.68
000602.SZ,2007-03-05,10.9,10.91,10.05,10.46,76967.1,80489.36
000602.SZ,2007-03-06,10.39,10.5,10.07,10.35,37295.24,38429.05
000602.SZ,2007-03-07,10.36,10.67,10.36,10.5,34249.36,36077.73
000602.SZ,2007-03-08,10.52,10.6,10.3,10.55,40545.13,42401.83
000602.SZ,2007-03-09,10.5,10.83,10.5,10.72,52648.52,56412.17
000602.SZ,2007-03-12,10.7,11.57,10.69,11.42,108688.32,122463.13
000602.SZ,2007-03-13,11.36,11.73,11.12,11.42,76541.2,87604.01
000602.SZ,2007-03-14,11.25,11.25,10.9,10.95,73111.38,80654.31
000602.SZ,2007-03-15,11.01,11.73,10.93,11.57,98919.11,113450.07
000602.SZ,2007-03-16,11.7,11.8,10.98,11.18,62929.78,71267.44
000602.SZ,2007-03-19,10.35,11.36,10.35,11.28,58944.71,65153.05
000602.SZ,2007-03-20,11.24,12.09,11.12,12.05,110503.78,130739.8
000602.SZ,2007-03-21,12.12,12.44,11.71,11.96,81911.84,98879.85
000602.SZ,2007-03-22,12.2,12.69,11.99,12.3,76830.86,95113.75
000602.SZ,2007-03-23,12.29,12.93,12.15,12.87,57597.17,72109.93
000602.SZ,2007-03-26,13.01,14.16,13.01,14.16,110230.23,153550.02
000602.SZ,2007-03-27,14.27,14.48,13.88,14.26,76309.93,108529.21
000602.SZ,2007-03-28,14.26,14.55,13.0,14.3,97587.42,135966.67
000602.SZ,2007-03-29,14.3,15.43,14.28,14.95,139323.84,209367.38
000602.SZ,2007-03-30,14.9,14.9,13.6,14.05,91104.04,127649.48
000602.SZ,2007-04-02,13.97,14.13,13.25,13.81,76298.11,103559.81
000602.SZ,2007-04-03,13.81,13.96,13.6,13.62,60097.99,82463.11
000602.SZ,2007-04-04,13.64,13.98,13.64,13.93,45675.5,63146.78
000602.SZ,2007-04-05,13.88,13.88,13.28,13.52,68857.55,93136.69
000602.SZ,2007-04-06,13.49,14.0,13.3,13.79,71276.02,97360.53
000602.SZ,2007-04-09,13.81,14.05,13.79,14.05,76578.3,106512.93
000602.SZ,2007-04-10,14.06,14.57,13.85,14.48,81436.2,116645.45
000602.SZ,2007-04-11,14.48,14.66,14.0,14.18,57233.01,81604.99
000602.SZ,2007-04-12,14.19,14.39,14.01,14.38,59352.86,84086.79
000602.SZ,2007-04-13,14.3,14.35,13.78,13.87,62598.5,88103.57
000602.SZ,2007-04-16,13.77,14.37,13.71,14.1,57739.22,81433.57
000602.SZ,2007-04-17,14.23,14.92,14.0,14.9,130723.08,188539.5
000602.SZ,2007-04-18,15.1,15.49,14.95,14.95,103743.73,157299.31
000602.SZ,2007-04-19,14.9,14.9,13.46,13.46,94229.74,131820.88
000602.SZ,2007-04-20,13.45,14.23,13.45,13.96,62285.7,86460.6
000602.SZ,2007-04-23,14.13,14.64,14.05,14.49,72443.65,104125.78
000602.SZ,2007-04-24,14.6,15.27,14.35,15.12,131081.94,195733.36
000602.SZ,2007-04-25,15.31,15.66,14.94,15.42,152718.76,235559.3
000602.SZ,2007-04-27,15.61,16.55,15.49,15.49,112867.24,180571.04
000602.SZ,2007-04-30,15.2,16.1,14.9,15.94,109677.99,168476.92
000602.SZ,2007-05-08,16.5,17.53,16.15,17.5,159030.04,269822.22
000602.SZ,2007-05-09,17.78,18.37,16.51,17.59,118857.92,210176.15
000602.SZ,2007-05-10,17.5,17.77,16.98,17.3,62316.07,107701.38
000602.SZ,2007-05-11,17.28,17.3,16.41,16.62,78031.32,130961.69
000602.SZ,2007-05-14,16.0,16.91,15.88,16.39,51585.97,84738.71
000602.SZ,2007-05-15,16.42,16.7,15.27,15.35,71025.29,113393.78
000602.SZ,2007-05-16,15.33,16.19,15.2,16.15,46569.99,73618.46
000602.SZ,2007-05-17,16.27,16.98,16.16,16.8,44972.72,75147.53
000602.SZ,2007-05-18,16.84,17.25,16.55,16.8,59330.01,100511.03
000602.SZ,2007-05-21,16.32,17.2,16.0,17.15,69920.2,117181.07
000602.SZ,2007-05-22,17.3,17.95,16.92,16.99,73244.76,127070.11
000602.SZ,2007-05-23,16.99,17.22,16.68,17.0,55200.83,93438.88
000602.SZ,2007-05-24,17.05,17.47,16.42,16.79,68387.25,115235.58
000602.SZ,2007-05-25,16.66,16.87,16.45,16.5,63936.07,106320.97
000602.SZ,2007-05-28,16.41,17.21,16.36,17.15,111942.51,188445.41
000602.SZ,2007-05-29,17.15,17.85,17.15,17.58,100839.49,176583.77
000602.SZ,2007-05-30,16.38,17.2,15.82,16.33,104630.19,169791.42
000602.SZ,2007-05-31,16.34,17.96,15.58,17.55,197322.35,339369.73
000602.SZ,2007-06-01,17.0,17.4,15.8,15.8,104311.99,172247.75
000602.SZ,2007-06-04,15.47,15.47,14.22,14.22,18158.0,26413.67
000602.SZ,2007-06-05,12.8,13.74,12.8,13.7,44187.99,57231.25
000602.SZ,2007-06-06,13.49,13.93,12.33,13.11,65289.34,86346.46
000602.SZ,2007-06-07,13.11,13.7,12.91,13.68,56846.36,75955.79
000602.SZ,2007-06-08,13.8,14.18,13.54,13.77,52910.58,73436.2
000602.SZ,2007-06-11,13.57,14.16,13.57,13.78,47279.57,65513.81
000602.SZ,2007-06-12,13.8,14.6,13.5,14.47,72293.65,101058.26
000602.SZ,2007-06-13,14.62,15.0,14.5,14.8,65115.44,96682.33
000602.SZ,2007-06-14,15.0,15.3,14.51,14.66,37792.67,56148.06
000602.SZ,2007-06-15,14.25,14.64,13.8,14.02,45078.69,63906.17
000602.SZ,2007-06-18,14.09,14.64,14.06,14.38,36687.13,52466.01
000602.SZ,2007-06-19,14.18,14.59,14.08,14.38,38760.6,55271.51
000602.SZ,2007-06-20,14.45,14.52,13.7,13.7,42942.06,60616.77
000602.SZ,2007-06-21,13.6,14.38,13.5,14.28,39171.54,54579.76
000602.SZ,2007-06-22,14.28,14.7,13.01,13.28,41077.03,57594.86
000602.SZ,2007-06-25,13.4,13.55,11.95,11.95,31840.89,40028.74
000602.SZ,2007-06-26,11.95,11.95,11.21,11.82,27415.32,31536.57
000602.SZ,2007-06-27,11.93,12.15,11.6,12.08,31774.02,37534.93
000602.SZ,2007-06-28,12.08,12.08,10.87,10.87,44199.85,49978.61
000602.SZ,2007-06-29,10.17,10.6,9.78,10.0,51773.33,51810.77
000602.SZ,2007-07-02,9.95,10.76,9.95,10.6,37755.58,39401.42
000602.SZ,2007-07-03,10.76,10.81,10.18,10.65,23381.89,24522.15
000602.SZ,2007-07-04,10.76,10.88,10.48,10.5,21821.5,23265.06
000602.SZ,2007-07-05,10.38,11.2,10.21,10.46,35031.55,37883.74
000602.SZ,2007-07-06,10.46,11.51,10.46,11.51,48822.51,54491.57
000602.SZ,2007-07-09,11.55,12.17,11.52,11.75,47473.53,56313.44
000602.SZ,2007-07-10,11.74,12.0,11.45,11.78,24804.97,28974.52
000602.SZ,2007-07-11,11.6,12.4,11.55,12.38,55482.22,66532.58
000602.SZ,2007-07-12,12.38,12.78,12.02,12.58,36492.51,45459.87
000602.SZ,2007-07-18,13.84,13.84,13.84,13.84,12110.38,16760.77
000602.SZ,2007-07-19,14.6,14.6,13.3,14.24,91012.93,128838.15
000602.SZ,2007-07-20,13.99,14.48,13.5,14.0,51964.28,73128.54
000602.SZ,2007-07-23,14.0,14.7,13.9,14.58,66241.59,95165.97
000602.SZ,2007-07-24,14.55,15.35,14.48,14.52,59884.55,89359.75
000602.SZ,2007-07-25,14.4,14.85,14.22,14.78,46011.0,66508.71
000602.SZ,2007-07-26,14.7,15.0,14.52,14.8,39658.12,58453.67
000602.SZ,2007-07-27,14.79,14.8,14.3,14.54,36135.88,52447.65
000602.SZ,2007-07-30,14.55,15.53,14.55,15.45,56783.74,86298.51
000602.SZ,2007-07-31,15.45,15.5,15.01,15.46,38014.91,58252.71
000602.SZ,2007-08-01,15.6,15.7,14.7,14.75,47984.8,72511.09
000602.SZ,2007-08-02,14.68,15.2,14.58,14.94,27834.79,41439.27
000602.SZ,2007-08-03,14.94,15.6,14.82,15.4,51617.86,78882.99
000602.SZ,2007-08-06,15.51,16.88,15.5,16.0,48925.93,79284.02
000602.SZ,2007-08-07,16.01,16.5,15.58,15.8,48934.55,78685.16
000602.SZ,2007-08-08,15.6,16.0,15.0,15.77,45268.09,70265.17
000602.SZ,2007-08-09,15.77,17.2,15.77,16.69,77768.64,129341.24
000602.SZ,2007-08-10,16.74,16.74,15.6,16.06,54106.61,86804.12
000602.SZ,2007-08-13,16.15,16.15,15.55,15.71,27652.73,43670.09
000602.SZ,2007-08-14,15.71,16.1,15.7,15.8,20642.21,32745.16
000602.SZ,2007-08-15,15.8,16.08,15.01,15.6,34927.44,54100.77
000602.SZ,2007-08-16,15.55,15.8,15.11,15.58,24415.85,37902.21
000602.SZ,2007-08-17,15.31,16.75,15.31,15.92,55565.75,90492.36
000602.SZ,2007-08-20,16.89,17.51,16.89,17.51,134137.88,234582.58
000602.SZ,2007-08-21,17.16,19.26,17.16,18.76,145313.83,268339.36
000602.SZ,2007-08-22,18.95,20.3,18.12,19.9,113388.72,217320.32
000602.SZ,2007-08-23,20.11,21.73,20.11,21.17,99357.23,209204.4
000602.SZ,2007-08-24,21.2,23.29,20.8,23.29,84489.77,187702.36
000602.SZ,2007-08-27,24.0,25.58,23.7,24.28,98193.98,241153.86
000602.SZ,2007-08-28,23.95,25.45,22.9,24.65,92393.79,225790.39
000602.SZ,2007-08-29,24.4,26.38,23.4,26.06,76456.54,196057.81
000602.SZ,2007-08-30,26.0,26.7,24.62,25.9,67263.97,170568.41
000602.SZ,2007-08-31,25.3,25.79,24.6,24.9,37111.07,93107.38
000602.SZ,2007-09-03,24.86,26.58,24.4,25.15,49308.6,125212.27
000602.SZ,2007-09-04,25.2,27.67,25.2,27.67,74777.63,204440.83
000602.SZ,2007-09-05,27.93,29.08,27.0,28.15,54848.47,154742.25
000602.SZ,2007-09-06,28.35,28.9,26.96,27.14,79396.61,218326.03
000602.SZ,2007-09-07,27.16,28.05,25.82,27.25,90810.59,243020.83
000602.SZ,2007-09-10,27.1,29.98,26.21,29.98,76011.44,219241.57
000602.SZ,2007-09-11,30.0,32.88,29.75,29.8,69079.22,214464.02
000602.SZ,2007-09-12,30.01,31.58,29.9,31.58,54414.71,168208.13
000602.SZ,2007-09-13,31.49,34.74,31.21,34.74,56615.13,194310.23
000602.SZ,2007-09-14,36.0,38.21,35.08,36.51,94041.52,351408.62
000602.SZ,2007-09-17,36.57,38.59,35.5,38.1,56631.36,211043.41
000602.SZ,2007-09-18,36.99,38.38,36.2,37.9,36947.29,138546.71
000602.SZ,2007-09-19,37.88,37.88,34.6,35.68,47770.38,171128.92
000602.SZ,2007-09-20,35.68,36.5,34.0,34.1,40625.31,142446.29
000602.SZ,2007-09-21,34.5,34.98,31.7,33.99,53084.26,173341.77
000602.SZ,2007-09-24,34.0,36.48,32.35,34.48,38816.04,134602.24
000602.SZ,2007-09-25,34.95,36.2,34.02,34.5,19601.84,68372.74
000602.SZ,2007-09-26,34.7,36.51,34.0,35.3,24271.82,86591.02
000602.SZ,2007-09-27,35.5,38.75,35.5,37.88,41938.64,156945.59
000602.SZ,2007-10-08,39.95,40.05,37.88,37.88,29945.06,116721.25
000602.SZ,2007-10-09,37.51,37.99,36.02,36.4,22189.5,81757.8
000602.SZ,2007-10-10,36.4,38.5,35.2,37.03,34500.82,125813.16
000602.SZ,2007-10-11,37.11,37.48,33.33,34.0,47143.41,165918.11
000602.SZ,2007-10-12,34.0,35.7,31.0,32.52,50628.61,164578.99
000602.SZ,2007-10-15,32.5,33.93,32.02,33.86,23367.73,77913.93
000602.SZ,2007-10-16,34.0,34.89,32.4,33.0,17214.36,57502.36
000602.SZ,2007-10-17,33.27,33.27,31.9,32.01,13359.41,43088.73
000602.SZ,2007-10-18,32.02,32.2,29.9,30.27,18979.46,58407.28
000602.SZ,2007-10-19,30.26,31.0,29.52,30.85,11906.05,36075.61
000602.SZ,2007-10-22,31.1,33.9,30.85,32.99,35950.08,119367.73
000602.SZ,2007-10-23,32.99,33.58,30.7,31.87,18114.86,57148.69
000602.SZ,2007-10-24,31.9,33.38,31.6,32.16,14251.13,46403.31
000602.SZ,2007-10-25,32.33,33.0,29.52,29.52,18059.79,55236.95
000602.SZ,2007-10-26,29.1,30.1,27.51,28.6,13826.66,39642.41
000602.SZ,2007-10-29,28.23,29.99,28.23,29.39,8752.11,25728.53
000602.SZ,2007-10-30,30.25,30.95,29.58,30.92,9203.64,28006.93
000602.SZ,2007-10-31,31.0,33.56,31.0,32.0,22249.11,72379.58
000602.SZ,2007-11-01,31.83,33.5,31.78,31.78,13943.22,45323.06
000602.SZ,2007-11-02,31.79,31.79,28.6,28.6,42280.12,122589.28
000602.SZ,2007-11-05,28.61,29.5,26.6,28.32,21116.62,58804.17
000602.SZ,2007-11-06,28.8,29.15,27.3,28.08,11574.98,32505.98
000602.SZ,2007-11-07,28.08,28.73,27.31,27.81,7691.11,21272.38
000602.SZ,2007-11-08,27.77,29.06,26.8,27.8,27841.13,77841.42
000602.SZ,2007-11-09,27.51,28.5,27.51,27.72,12616.42,35236.84
000602.SZ,2007-11-12,27.7,27.7,25.6,26.6,13203.96,34904.56
000602.SZ,2007-11-13,26.6,27.0,25.6,26.18,12321.26,32392.91
000602.SZ,2007-11-14,26.65,27.92,25.83,27.7,12172.92,32878.42
000602.SZ,2007-11-15,27.7,27.94,26.6,26.6,10325.36,27866.01
000602.SZ,2007-11-16,25.88,27.0,25.4,25.6,11190.7,28905.52
000602.SZ,2007-11-19,25.87,26.5,24.01,26.29,14490.88,36666.17
000602.SZ,2007-11-20,25.7,26.62,25.2,26.2,8177.58,21278.07
000602.SZ,2007-11-21,26.0,26.99,26.0,26.02,6672.7,17629.11
000602.SZ,2007-11-22,25.72,26.0,24.52,24.62,6496.51,16308.56
000602.SZ,2007-11-23,24.48,24.97,23.8,24.28,6824.49,16396.51
000602.SZ,2007-11-26,24.56,25.1,24.08,24.25,6180.82,15136.46
000602.SZ,2007-11-27,24.7,25.0,24.12,24.29,6750.9,16569.77
000602.SZ,2007-11-28,24.29,24.88,23.5,23.65,5986.68,14468.82
000602.SZ,2007-11-29,23.57,24.26,23.57,24.08,9504.88,22766.34
000602.SZ,2007-11-30,24.07,24.5,23.7,23.93,5701.01,13686.66
000602.SZ,2007-12-03,24.2,24.7,23.61,24.6,7586.05,18318.88
000602.SZ,2007-12-04,24.63,27.06,24.63,26.89,25923.34,69028.05
000602.SZ,2007-12-05,26.39,29.56,26.39,29.56,35509.91,101320.83
000602.SZ,2007-12-06,29.6,30.0,28.3,29.0,17027.62,49585.32
000602.SZ,2007-12-07,29.01,31.4,29.0,30.91,21677.3,66398.46
000602.SZ,2007-12-10,30.3,32.01,29.51,30.91,18590.06,57509.54
000602.SZ,2007-12-11,31.0,32.82,30.8,31.25,23957.09,75925.08
000602.SZ,2007-12-12,31.2,32.1,30.91,31.04,16883.28,53017.6
000602.SZ,2007-12-13,31.51,31.78,27.94,27.99,26843.52,79034.87
000602.SZ,2007-12-14,27.5,28.9,27.0,28.5,14563.97,40850.21
000602.SZ,2007-12-17,28.58,28.88,27.6,28.23,9929.46,27791.27
000602.SZ,2007-12-18,27.31,28.68,27.23,28.0,7317.82,20517.82
000602.SZ,2007-12-19,28.45,29.07,27.74,29.03,10218.41,29281.98
000602.SZ,2007-12-20,29.08,29.87,28.91,29.24,7690.01,22594.47
000602.SZ,2007-12-21,29.2,31.0,29.0,30.56,15117.86,46235.11
000602.SZ,2007-12-24,30.6,31.29,30.56,30.61,12023.02,36957.03
000602.SZ,2007-12-25,31.0,31.1,30.25,30.45,9627.23,29415.26
000602.SZ,2007-12-26,30.3,30.6,29.3,30.43,20124.09,60111.01
000602.SZ,2007-12-27,30.09,31.05,30.08,30.89,23071.62,70740.37
000602.SZ,2007-12-28,31.28,31.32,30.6,30.86,14227.79,44054.81
000602.SZ,2008-01-02,30.86,31.55,30.0,31.4,16540.49,50806.32
000602.SZ,2008-01-03,31.48,34.31,31.19,33.99,34669.94,114129.81
000602.SZ,2008-01-04,34.26,35.87,32.99,34.17,22097.86,76391.36
000602.SZ,2008-01-07,33.8,34.35,33.5,33.8,14834.59,50320.02
000602.SZ,2008-01-08,33.8,35.99,33.8,35.0,34590.39,122144.54
000602.SZ,2008-01-09,35.0,37.18,34.8,36.95,27766.39,101445.21
000602.SZ,2008-01-10,36.9,37.2,35.7,36.11,34401.14,124669.6
000602.SZ,2008-01-11,36.21,36.7,34.88,35.6,17658.28,62751.37
000602.SZ,2008-01-14,35.8,35.8,34.89,35.48,11535.18,40594.6
000602.SZ,2008-01-15,35.5,37.5,35.01,37.2,35147.66,129509.36
000602.SZ,2008-01-16,37.01,39.2,36.51,38.94,63961.08,242195.86
000602.SZ,2008-01-17,38.96,42.0,38.96,39.8,80808.62,327809.58
000602.SZ,2008-01-18,39.58,43.78,39.58,42.0,85434.5,360503.65
000602.SZ,2008-01-21,41.7,43.99,40.0,42.3,63179.34,265377.01
000602.SZ,2008-01-22,41.5,41.5,38.07,38.07,51455.71,199670.78
000602.SZ,2008-01-23,38.05,39.98,34.26,37.18,58364.21,215675.76
000602.SZ,2008-01-24,37.5,38.25,35.31,37.99,49789.66,183992.07
000602.SZ,2008-01-25,37.85,38.88,37.0,37.59,35431.68,135406.29
000602.SZ,2008-01-28,37.58,37.58,33.83,33.83,58669.31,202007.93
000602.SZ,2008-01-29,33.05,34.8,31.6,34.1,24407.45,81673.77
000602.SZ,2008-01-30,34.91,37.51,34.91,37.51,69729.19,260006.55
000602.SZ,2008-01-31,38.57,41.2,37.1,38.08,55584.84,218875.0
000602.SZ,2008-02-01,37.48,39.9,34.81,38.66,37088.06,139268.62
000602.SZ,2008-02-25,41.0,42.49,38.0,41.78,104179.02,428550.09
000602.SZ,2008-02-26,42.4,42.5,39.1,40.1,42411.77,171939.78
000602.SZ,2008-02-27,39.5,40.79,38.72,39.7,30637.72,121422.58
000602.SZ,2008-02-28,39.71,40.15,38.57,39.7,21542.08,84888.5
000602.SZ,2008-02-29,39.73,42.85,39.7,41.78,30406.6,126628.21
000602.SZ,2008-03-03,41.54,44.98,41.54,44.5,26955.15,118177.59
000602.SZ,2008-03-04,45.0,45.18,43.96,44.4,19795.76,88455.48
000602.SZ,2008-03-05,43.21,45.1,43.21,44.6,16220.55,71964.01
000602.SZ,2008-03-06,45.0,45.02,43.75,43.8,18265.96,81190.12
000602.SZ,2008-03-07,43.8,43.8,41.7,41.99,27626.47,116847.34
000602.SZ,2008-03-10,41.99,41.99,40.0,40.5,11701.28,47800.74
000602.SZ,2008-03-11,40.06,41.99,40.01,41.73,11643.0,48023.82
000602.SZ,2008-03-12,42.05,42.97,39.42,39.5,20839.04,84223.07
000602.SZ,2008-03-13,39.0,39.99,36.76,39.0,34993.62,132337.98
000602.SZ,2008-03-14,38.5,40.8,38.5,40.49,15818.1,62580.95
000602.SZ,2008-03-17,40.5,40.5,36.8,37.05,12561.0,48455.98
000602.SZ,2008-03-18,37.05,38.2,36.0,37.29,29794.63,110526.9
000602.SZ,2008-03-19,37.99,39.3,37.2,39.0,13609.66,52376.74
000602.SZ,2008-03-20,38.3,40.86,37.0,40.6,17278.98,67960.26
000602.SZ,2008-03-21,40.48,41.51,39.82,41.43,13527.59,55428.44
000602.SZ,2008-03-24,41.45,42.3,39.8,39.8,10891.49,44559.55
000602.SZ,2008-03-25,38.8,41.33,38.26,41.05,11408.86,46168.55
000602.SZ,2008-03-26,41.16,44.5,41.15,43.27,26558.29,115465.3
000602.SZ,2008-03-27,42.5,43.8,41.8,41.86,12843.9,54817.99
000602.SZ,2008-03-28,42.0,44.01,41.4,43.99,22533.92,96793.78
000602.SZ,2008-03-31,42.38,44.45,42.36,44.0,11278.52,49279.7
000602.SZ,2008-04-01,44.2,44.2,39.6,39.6,16005.0,65446.55
000602.SZ,2008-04-02,35.65,37.78,35.64,35.64,38816.83,138814.88
000602.SZ,2008-04-03,32.33,33.99,32.15,32.73,34254.38,113689.13
000602.SZ,2008-04-07,32.7,36.0,32.7,36.0,25455.15,89951.68
000602.SZ,2008-04-08,37.0,39.6,36.51,39.6,34724.7,133756.11
000602.SZ,2008-04-09,39.8,40.0,38.0,38.0,17633.94,68399.45
000602.SZ,2008-04-10,38.01,40.1,37.01,40.0,12545.76,48832.35
000602.SZ,2008-04-11,40.01,41.65,40.0,40.2,10374.81,42380.55
000602.SZ,2008-04-14,39.71,39.71,36.18,36.18,18289.51,68533.75
000602.SZ,2008-04-15,35.0,38.17,34.11,37.78,18980.08,68312.46
000602.SZ,2008-04-16,37.78,37.95,34.0,34.0,27188.91,95544.04
000602.SZ,2008-04-17,34.17,34.75,30.71,32.5,27943.95,89828.61
000602.SZ,2008-04-18,32.4,32.8,30.51,31.8,8603.86,27173.86
000602.SZ,2008-04-21,33.47,34.47,28.62,28.62,20079.0,64175.56
000602.SZ,2008-04-22,25.76,25.76,25.76,25.76,2519.0,6488.94
000602.SZ,2008-04-23,23.18,26.8,23.18,25.99,49626.21,123386.52
000602.SZ,2008-04-24,27.88,28.59,26.5,27.78,82548.96,228547.42
000602.SZ,2008-04-25,27.27,29.95,26.85,28.95,41606.12,118607.95
000602.SZ,2008-04-28,28.9,29.96,27.81,28.24,26084.38,75411.74
000602.SZ,2008-04-29,27.89,29.3,27.89,29.0,21175.46,60817.86
000602.SZ,2008-04-30,29.06,29.57,28.7,29.3,22543.29,65709.12
000602.SZ,2008-05-05,29.6,29.76,26.37,28.8,45384.04,126011.2
000602.SZ,2008-05-06,28.2,28.44,27.4,27.89,20136.8,56298.45
000602.SZ,2008-05-07,28.3,30.68,27.9,30.68,58112.19,176398.39
000602.SZ,2008-05-08,30.4,31.61,28.82,30.78,29930.44,89983.77
000602.SZ,2008-05-09,30.08,31.18,30.08,30.58,16024.62,49049.58
000602.SZ,2008-05-12,30.49,30.49,29.1,30.32,12270.03,36591.34
000602.SZ,2008-05-13,28.5,30.0,27.8,27.96,27822.44,79625.96
000602.SZ,2008-05-14,27.1,28.7,27.1,28.26,16500.25,46023.54
000602.SZ,2008-05-15,28.95,29.2,27.3,27.79,13759.78,39078.82
000602.SZ,2008-05-16,28.08,28.2,26.99,27.38,12514.34,34262.92
000602.SZ,2008-05-19,27.79,27.79,26.5,27.3,8071.99,21836.81
000602.SZ,2008-05-20,27.2,28.03,24.9,25.51,13890.78,37225.5
000602.SZ,2008-05-21,25.15,25.5,23.4,25.16,14810.43,36204.33
000602.SZ,2008-05-22,25.16,27.55,24.72,27.13,22817.16,61017.15
000602.SZ,2008-05-23,27.6,28.8,26.19,28.31,29876.76,82975.58
000602.SZ,2008-05-26,28.25,28.98,27.0,27.12,11261.98,31168.77
000602.SZ,2008-05-27,27.0,27.62,26.0,26.38,8181.92,21727.94
000602.SZ,2008-05-28,26.4,27.7,26.2,27.5,9697.39,26347.09
000602.SZ,2008-05-29,27.5,27.8,26.98,27.33,6705.66,18411.84
000602.SZ,2008-05-30,27.2,27.75,26.41,26.99,5460.49,14598.19
000602.SZ,2008-06-02,27.37,27.37,26.06,26.25,6680.32,17636.1
000602.SZ,2008-06-03,26.5,27.0,25.98,26.5,12297.87,32463.44
000602.SZ,2008-06-04,26.84,26.84,25.81,26.2,4961.98,12981.41
000602.SZ,2008-06-05,26.02,26.4,25.35,25.7,5511.42,14264.32
000602.SZ,2008-06-06,25.8,25.8,23.7,23.85,13963.28,33917.07
000602.SZ,2008-06-10,22.02,23.0,21.47,21.47,6428.0,14011.79
000602.SZ,2008-06-11,20.42,20.89,19.32,19.33,36578.0,71068.86
000602.SZ,2008-06-12,18.65,20.2,18.65,19.6,18936.49,36625.98
000602.SZ,2008-06-13,19.65,20.1,17.64,17.64,35022.39,63085.31
000602.SZ,2008-06-16,17.03,17.49,15.88,15.88,45201.95,72710.94
000602.SZ,2008-06-17,15.87,16.25,14.59,14.9,34519.32,52989.33
000602.SZ,2008-06-18,15.08,16.09,14.42,15.77,37967.7,58315.58
000602.SZ,2008-06-19,15.78,15.87,14.19,14.19,25848.56,38563.19
000602.SZ,2008-06-20,13.77,14.74,12.77,12.97,67717.47,90318.8
000602.SZ,2008-06-23,12.4,12.9,11.95,12.2,27655.54,34345.02
000602.SZ,2008-06-24,12.05,12.81,12.03,12.78,34290.59,42917.55
000602.SZ,2008-06-25,12.61,14.06,12.61,14.0,59442.67,80433.82
000602.SZ,2008-06-26,13.75,14.55,13.5,14.09,49848.69,69845.92
000602.SZ,2008-06-30,12.68,12.97,12.68,12.68,30692.21,38976.19
000602.SZ,2008-07-01,12.11,12.48,11.41,11.41,64028.99,74353.76
000602.SZ,2008-07-02,11.38,11.48,10.43,11.39,57278.62,63375.03
000602.SZ,2008-07-03,11.08,12.53,11.07,12.53,67766.56,82321.71
000602.SZ,2008-07-04,12.71,13.53,12.1,13.36,81565.14,105153.44
000602.SZ,2008-07-07,13.2,13.87,13.02,13.65,64338.66,86952.94
000602.SZ,2008-07-08,13.7,14.5,13.41,13.74,46664.45,64988.91
000602.SZ,2008-07-09,13.65,14.78,13.65,14.5,61187.56,86735.83
000602.SZ,2008-07-10,14.3,15.76,14.1,14.94,66060.87,99433.53
000602.SZ,2008-07-11,14.7,15.59,13.81,14.3,57490.72,84462.59
000602.SZ,2008-07-14,14.03,14.6,13.75,14.59,36815.27,52255.07
000602.SZ,2008-07-15,14.52,14.8,13.86,13.94,31876.56,45599.41
000602.SZ,2008-07-16,13.71,13.89,12.55,12.55,44959.67,57723.0
000602.SZ,2008-07-17,12.72,12.76,11.55,11.93,42896.86,52373.05
000602.SZ,2008-07-18,11.9,12.6,11.41,12.55,35999.39,43371.49
000602.SZ,2008-07-21,12.57,13.12,12.18,12.8,43179.73,55128.36
000602.SZ,2008-07-22,12.5,13.68,12.4,13.16,51110.23,67479.2
000602.SZ,2008-07-23,13.3,13.8,12.95,13.45,43044.73,57565.87
000602.SZ,2008-07-24,13.48,14.11,13.4,13.95,32574.44,45010.35
000602.SZ,2008-07-25,13.68,14.2,13.65,13.86,23119.49,32283.31
000602.SZ,2008-07-28,13.95,14.2,13.6,13.75,19109.25,26475.58
000602.SZ,2008-07-29,13.6,13.6,12.38,12.5,57640.55,73452.29
000602.SZ,2008-07-30,12.68,13.57,12.58,13.32,42279.82,55429.44
000602.SZ,2008-07-31,13.36,13.58,12.9,13.1,33799.92,44627.69
000602.SZ,2008-08-01,13.27,13.43,12.11,13.18,23695.05,30715.36
000602.SZ,2008-08-04,12.9,13.84,12.71,13.42,41486.99,55433.15
000602.SZ,2008-08-05,13.27,14.55,13.26,13.88,47626.59,66870.28
000602.SZ,2008-08-06,14.0,14.55,13.58,14.29,57029.25,80821.97
000602.SZ,2008-08-07,14.3,14.45,13.86,14.2,27800.0,39308.73
000602.SZ,2008-08-08,14.05,14.34,13.1,13.52,29273.39,40024.46
000602.SZ,2008-08-11,13.28,13.5,12.17,12.17,18004.35,22782.28
000602.SZ,2008-08-12,11.22,11.98,11.01,11.44,30839.88,35723.93
000602.SZ,2008-08-13,11.22,11.68,10.3,11.05,42174.68,44832.11
000602.SZ,2008-08-14,11.04,11.26,10.69,10.95,15485.68,17043.79
000602.SZ,2008-08-15,11.25,11.25,10.66,10.99,12617.11,13860.8
000602.SZ,2008-08-18,11.15,11.15,10.06,10.15,17462.95,18384.09
000602.SZ,2008-08-19,10.09,10.6,9.71,10.47,19579.06,20369.08
000602.SZ,2008-08-20,10.15,11.46,10.1,11.27,39408.85,43268.41
000602.SZ,2008-08-21,11.0,11.28,10.5,10.86,22022.25,23994.23
000602.SZ,2008-08-22,10.8,11.0,10.46,10.6,16944.27,18229.46
000602.SZ,2008-08-25,10.6,10.8,10.32,10.34,12162.79,12889.94
000602.SZ,2008-08-26,10.3,10.48,9.31,9.31,15897.3,15424.85
000602.SZ,2008-08-27,9.17,9.38,8.38,8.46,45584.2,39208.36
000602.SZ,2008-08-28,8.18,8.7,8.0,8.54,33363.74,27698.04
000602.SZ,2008-08-29,8.5,8.9,8.18,8.6,45921.28,39323.1
000602.SZ,2008-09-01,8.4,8.49,7.74,7.96,64205.32,50823.46
000602.SZ,2008-09-02,7.77,8.01,7.56,7.92,26966.78,21107.9
000602.SZ,2008-09-03,7.79,8.06,7.79,7.9,35298.17,28066.8
000602.SZ,2008-09-05,7.75,7.9,7.21,7.7,43874.64,33805.55
000602.SZ,2008-09-08,7.7,7.91,7.2,7.34,38478.86,28785.18
000602.SZ,2008-09-09,7.35,7.54,7.02,7.34,43499.35,31887.58
000602.SZ,2008-09-10,7.34,7.58,7.04,7.21,43722.07,32223.14
000602.SZ,2008-09-11,7.4,7.4,6.8,6.99,36616.99,26069.12
000602.SZ,2008-09-12,6.99,7.05,6.7,6.8,27871.61,18959.09
000602.SZ,2008-09-16,6.6,6.95,6.28,6.36,38962.51,25561.87
000602.SZ,2008-09-17,6.36,6.46,5.99,6.1,31296.2,19303.74
000602.SZ,2008-09-18,6.01,6.01,5.49,5.6,68940.94,38894.93
000602.SZ,2008-09-19,5.97,6.16,5.75,6.16,94658.68,57250.52
000602.SZ,2008-09-22,6.4,6.73,6.14,6.29,128561.01,81896.91
000602.SZ,2008-09-23,6.09,6.28,5.66,5.9,90855.72,54107.57
000602.SZ,2008-09-24,5.71,5.98,5.59,5.95,52628.48,30355.02
000602.SZ,2008-09-25,5.84,6.18,5.84,6.18,61713.45,37275.38
000602.SZ,2008-09-26,6.23,6.23,5.84,5.99,47929.73,28794.97
000602.SZ,2008-10-06,5.88,5.88,5.45,5.53,35359.54,19888.69
000602.SZ,2008-10-07,5.26,5.44,5.15,5.26,47063.26,24764.63
000602.SZ,2008-10-08,5.12,5.21,4.75,4.81,43059.7,21543.34
000602.SZ,2008-10-09,4.9,5.09,4.75,4.91,48878.33,23956.63
000602.SZ,2008-10-10,4.74,4.77,4.42,4.42,47142.41,21148.81
000602.SZ,2008-10-13,4.36,4.5,4.13,4.48,40561.17,17341.3
000602.SZ,2008-10-14,4.53,4.75,4.3,4.31,42141.46,19290.98
000602.SZ,2008-10-15,4.2,4.33,4.05,4.13,28176.99,11700.3
000602.SZ,2008-10-16,3.93,3.97,3.72,3.72,41501.58,15930.99
000602.SZ,2008-10-17,3.79,4.09,3.71,3.86,45199.02,17555.46
000602.SZ,2008-10-20,3.88,4.1,3.72,4.03,37554.63,14776.44
000602.SZ,2008-10-21,4.02,4.22,3.96,4.03,38043.1,15504.3
000602.SZ,2008-10-22,4.1,4.43,4.1,4.2,102163.84,44291.78
000602.SZ,2008-10-23,4.0,4.13,3.85,4.1,53731.13,21423.57
000602.SZ,2008-10-24,4.04,4.12,3.92,3.96,34053.2,13718.96
000602.SZ,2008-10-27,3.85,3.89,3.56,3.56,36774.99,13543.73
000602.SZ,2008-10-28,3.4,3.7,3.39,3.59,39701.55,13997.77
000602.SZ,2008-10-29,3.63,3.71,3.4,3.4,37085.89,13285.35
000602.SZ,2008-10-30,3.37,3.56,3.37,3.46,32867.58,11401.88
000602.SZ,2008-10-31,3.43,3.67,3.41,3.49,46249.34,16486.35
000602.SZ,2008-11-03,3.54,3.62,3.48,3.55,22473.12,7972.64
000602.SZ,2008-11-04,3.56,3.59,3.38,3.49,25967.57,8972.25
000602.SZ,2008-11-05,3.5,3.84,3.49,3.84,102665.43,38921.98
000602.SZ,2008-11-06,3.7,4.22,3.64,4.1,117805.41,47128.16
000602.SZ,2008-11-07,3.97,4.22,3.91,4.17,70932.83,28939.49
000602.SZ,2008-11-10,4.23,4.59,4.2,4.59,91362.39,40492.02
000602.SZ,2008-11-11,4.54,4.69,4.38,4.51,97853.89,44269.64
000602.SZ,2008-11-12,4.45,4.63,4.32,4.63,58215.98,26291.35
000602.SZ,2008-11-13,4.53,5.04,4.5,4.9,83993.72,40100.76
000602.SZ,2008-11-14,4.9,5.1,4.8,5.08,95793.48,47695.91
000602.SZ,2008-11-17,5.05,5.59,4.98,5.59,103379.97,54200.01
000602.SZ,2008-11-18,5.53,5.82,5.03,5.03,108475.06,58643.6
000602.SZ,2008-11-19,4.98,5.53,4.95,5.51,80672.0,42479.25
000602.SZ,2008-11-20,5.4,5.65,5.24,5.24,77318.31,41846.54
000602.SZ,2008-11-21,5.04,5.21,4.78,5.05,80447.61,40048.83
000602.SZ,2008-11-24,4.96,5.14,4.72,4.79,38549.45,18977.98
000602.SZ,2008-11-25,4.88,4.94,4.51,4.69,32744.62,15359.64
000602.SZ,2008-11-26,4.7,4.85,4.58,4.73,27295.87,12928.41
000602.SZ,2008-11-27,5.08,5.13,4.75,4.75,48299.4,23903.57
000602.SZ,2008-11-28,4.68,4.85,4.55,4.65,25052.75,11815.33
000602.SZ,2008-12-01,4.63,4.91,4.51,4.89,36827.55,17511.03
000602.SZ,2008-12-02,4.77,5.09,4.7,4.99,47738.86,23655.98
000602.SZ,2008-12-03,5.05,5.34,5.02,5.24,52877.95,27556.12
000602.SZ,2008-12-04,5.31,5.59,5.25,5.29,80787.5,43612.71
000602.SZ,2008-12-05,5.2,5.6,5.16,5.59,69706.82,38242.29
000602.SZ,2008-12-08,5.73,6.09,5.73,6.0,99853.24,59101.19
000602.SZ,2008-12-09,6.04,6.04,5.71,5.71,70959.87,41427.98
000602.SZ,2008-12-10,5.7,6.28,5.65,6.28,118362.12,71155.92
000602.SZ,2008-12-11,6.45,6.58,5.95,5.98,127546.88,80204.93
000602.SZ,2008-12-12,5.87,5.95,5.38,5.55,79901.64,44949.06
000602.SZ,2008-12-15,5.68,5.74,5.4,5.6,53995.81,30184.64
000602.SZ,2008-12-16,5.6,5.72,5.18,5.68,49079.28,26670.98
000602.SZ,2008-12-17,5.61,5.98,5.61,5.91,79019.88,46345.09
000602.SZ,2008-12-18,5.98,6.3,5.91,6.26,120772.1,73475.6
000602.SZ,2008-12-19,6.19,6.25,6.0,6.08,82581.59,50588.03
000602.SZ,2008-12-22,6.03,6.2,5.9,6.02,52035.14,31588.05
000602.SZ,2008-12-23,6.04,6.09,5.43,5.46,56154.74,32083.55
000602.SZ,2008-12-24,5.31,5.31,5.01,5.14,64686.21,33289.22
000602.SZ,2008-12-25,5.13,5.22,5.0,5.12,33307.73,17081.87
000602.SZ,2008-12-26,5.1,5.24,5.06,5.2,28137.25,14550.12
000602.SZ,2008-12-29,5.19,5.19,4.92,5.12,25208.0,12781.98
000602.SZ,2008-12-30,5.07,5.14,5.0,5.06,30687.99,15531.29
000602.SZ,2009-01-05,5.15,5.67,5.15,5.66,51732.28,28512.8
000602.SZ,2009-01-06,5.58,5.86,5.51,5.72,52166.06,29590.94
000602.SZ,2009-01-07,5.62,5.85,5.58,5.61,43330.81,24635.82
000602.SZ,2009-01-08,5.54,5.54,5.35,5.35,30756.94,16597.17
000602.SZ,2009-01-09,5.32,5.47,5.28,5.45,25897.63,14040.3
000602.SZ,2009-01-12,5.44,5.75,5.43,5.62,33810.02,18990.44
000602.SZ,2009-01-13,5.61,5.61,5.32,5.36,24143.21,13112.68
000602.SZ,2009-01-14,5.34,5.55,5.32,5.55,21594.1,11802.76
000602.SZ,2009-01-15,5.5,5.74,5.47,5.63,39309.63,22225.0
000602.SZ,2009-01-16,5.72,5.94,5.68,5.79,55012.7,32094.25
000602.SZ,2009-01-19,5.86,6.37,5.86,6.37,106591.06,67350.49
000602.SZ,2009-01-20,6.38,6.45,6.17,6.38,92748.77,58375.08
000602.SZ,2009-01-21,6.29,6.86,6.23,6.66,122186.06,80986.56
000602.SZ,2009-01-22,6.68,7.2,6.58,7.19,149502.66,103316.27
000602.SZ,2009-01-23,7.1,7.23,6.85,7.1,83023.76,58329.46
000602.SZ,2009-02-02,7.1,7.26,6.81,7.02,61824.34,43236.32
000602.SZ,2009-02-03,7.05,7.6,6.88,7.29,91897.6,67372.12
000602.SZ,2009-02-04,7.31,7.36,7.1,7.27,64946.48,46666.72
000602.SZ,2009-02-05,7.27,7.27,6.85,6.91,91075.38,64213.45
000602.SZ,2009-02-06,6.95,7.5,6.95,7.4,91625.36,66638.04
000602.SZ,2009-02-09,7.59,8.14,7.5,7.93,113434.15,89066.86
000602.SZ,2009-02-10,7.8,8.49,7.68,8.43,102799.95,83943.27
000602.SZ,2009-02-11,8.2,8.88,8.08,8.39,107747.63,91437.43
000602.SZ,2009-02-12,8.4,8.59,7.95,8.26,77504.9,63672.25
000602.SZ,2009-02-13,8.25,8.58,8.21,8.57,82496.6,69526.71
000602.SZ,2009-02-16,8.72,8.97,8.5,8.9,86293.05,75378.92
000602.SZ,2009-02-17,8.84,8.84,8.16,8.19,105751.53,89531.07
000602.SZ,2009-02-18,8.01,8.1,7.52,7.55,78505.59,61339.45
000602.SZ,2009-02-19,7.76,7.84,7.47,7.64,70329.92,53722.81
000602.SZ,2009-02-20,7.61,7.94,7.59,7.93,54916.74,42704.35
000602.SZ,2009-02-23,7.88,8.27,7.75,8.23,69227.51,55790.66
000602.SZ,2009-02-24,8.05,8.4,7.57,7.64,84675.44,67461.14
000602.SZ,2009-02-25,7.81,7.9,7.33,7.61,60091.31,45737.23
000602.SZ,2009-02-26,7.57,7.87,6.85,6.9,59170.73,43954.29
000602.SZ,2009-02-27,6.84,6.84,6.28,6.3,54076.05,34990.98
000602.SZ,2009-03-02,6.29,6.6,6.06,6.55,39029.17,25143.59
000602.SZ,2009-03-03,6.3,6.64,6.3,6.55,34897.22,22728.44
000602.SZ,2009-03-04,6.56,7.21,6.5,7.15,59592.4,41389.1
000602.SZ,2009-03-05,7.2,7.56,7.06,7.3,81905.61,60243.57
000602.SZ,2009-03-06,7.05,7.33,7.05,7.21,38944.17,28131.64
000602.SZ,2009-03-09,7.32,7.39,6.79,6.79,41576.56,29601.84
000602.SZ,2009-03-10,6.74,7.12,6.61,7.07,50410.19,34339.63
000602.SZ,2009-03-11,7.3,7.37,7.05,7.1,46416.0,33178.73
000602.SZ,2009-03-12,7.1,7.34,6.88,7.2,34241.56,24242.71
000602.SZ,2009-03-13,7.28,7.88,7.25,7.64,92951.61,70654.29
000602.SZ,2009-03-16,7.6,8.4,7.52,8.4,144110.83,117916.47
000602.SZ,2009-03-17,8.25,8.79,8.17,8.58,137442.96,115900.21
000602.SZ,2009-03-18,8.52,8.96,8.45,8.57,104508.24,90931.89
000602.SZ,2009-03-19,8.51,9.17,8.45,9.0,119281.61,106021.63
000602.SZ,2009-03-20,8.95,9.6,8.75,9.55,151405.2,138132.23
000602.SZ,2009-03-23,9.3,9.87,9.2,9.39,124722.8,118127.76
000602.SZ,2009-03-24,9.45,9.48,9.0,9.03,110396.6,101303.02
000602.SZ,2009-03-25,8.98,9.4,8.86,9.0,82272.16,75376.87
000602.SZ,2009-03-26,8.99,9.25,8.62,9.23,71260.12,64132.54
000602.SZ,2009-03-27,9.23,9.27,8.98,9.12,56695.16,51738.16
000602.SZ,2009-03-30,9.09,9.5,8.99,9.4,77746.31,72351.96
000602.SZ,2009-03-31,9.18,9.5,9.03,9.49,53848.95,49992.12
000602.SZ,2009-04-01,9.6,10.36,9.56,10.01,99653.43,100300.05
000602.SZ,2009-04-02,10.02,10.3,9.91,10.0,74218.03,75061.21
000602.SZ,2009-04-03,10.05,10.17,9.5,9.59,71688.77,70638.95
000602.SZ,2009-04-07,9.59,9.69,9.43,9.63,42099.23,40194.07
000602.SZ,2009-04-08,9.59,10.18,9.47,9.55,67418.68,66362.54
000602.SZ,2009-04-09,9.5,9.65,9.15,9.48,45802.96,42925.28
000602.SZ,2009-04-10,9.56,9.98,9.53,9.71,56630.67,55210.61
000602.SZ,2009-04-13,9.92,9.94,9.6,9.72,56689.7,55260.67
000602.SZ,2009-04-14,9.79,10.69,9.7,10.69,121582.74,125349.1
000602.SZ,2009-04-15,10.6,11.76,10.42,11.51,156248.6,176017.13
000602.SZ,2009-04-16,11.29,11.81,10.7,11.3,112495.53,127070.06
000602.SZ,2009-04-17,11.39,11.51,10.78,11.0,80126.98,89271.11
000602.SZ,2009-04-20,10.9,11.67,10.72,11.48,63135.02,71279.86
000602.SZ,2009-04-21,11.25,11.69,11.17,11.5,56497.99,64375.47
000602.SZ,2009-04-22,11.6,12.56,11.2,11.59,105062.16,125653.33
000602.SZ,2009-04-23,11.54,12.27,11.31,12.17,88076.94,104577.54
000602.SZ,2009-04-24,12.1,12.44,11.62,11.65,55999.97,67252.7
000602.SZ,2009-04-27,11.26,11.46,10.49,10.49,90728.14,96443.77
000602.SZ,2009-04-28,10.12,10.3,9.8,9.93,63912.39,63838.57
000602.SZ,2009-04-29,9.93,10.86,9.93,10.62,61252.62,63650.41
000602.SZ,2009-04-30,10.61,10.94,10.35,10.45,45965.69,49020.63
000602.SZ,2009-05-04,10.5,11.32,10.35,11.18,53884.97,58304.43
000602.SZ,2009-05-05,11.19,11.5,11.13,11.38,45448.44,51373.42
000602.SZ,2009-05-06,11.38,11.49,11.23,11.37,36141.35,41092.74
000602.SZ,2009-05-07,11.38,11.6,11.0,11.31,45808.91,51682.0
000602.SZ,2009-05-11,11.2,11.52,10.38,10.39,54485.49,59749.84
000602.SZ,2009-05-12,10.18,10.89,10.15,10.89,32143.01,33805.3
000602.SZ,2009-05-13,10.88,10.92,10.51,10.74,29203.8,31330.51
000602.SZ,2009-05-14,10.69,10.69,10.26,10.52,32922.05,34423.09
000602.SZ,2009-05-15,10.52,10.75,10.45,10.66,23910.37,25371.26
000602.SZ,2009-05-18,10.56,11.0,10.35,10.99,37493.72,40303.87
000602.SZ,2009-05-19,11.02,11.92,11.02,11.73,84668.49,97611.7
000602.SZ,2009-05-20,11.61,11.88,11.3,11.38,47523.3,54923.38
000602.SZ,2009-05-21,11.3,11.72,11.1,11.3,51954.4,59487.36
000602.SZ,2009-05-22,11.3,11.52,11.21,11.25,25189.92,28605.56
000602.SZ,2009-05-25,10.97,11.17,10.49,11.0,53036.41,56889.76
000602.SZ,2009-05-26,10.99,11.48,10.76,11.15,45142.0,50465.9
000602.SZ,2009-05-27,11.21,11.5,11.16,11.48,46147.87,52440.51
000602.SZ,2009-06-01,11.49,12.1,11.49,11.79,85744.46,101973.46
000602.SZ,2009-06-02,11.7,12.64,11.7,12.38,87280.07,107023.11
000602.SZ,2009-06-03,12.44,12.55,12.11,12.4,61741.85,76289.28
000602.SZ,2009-06-04,12.2,13.3,12.2,13.1,69259.38,89679.7
000602.SZ,2009-06-05,13.5,13.66,12.63,12.7,83278.95,110368.16
000602.SZ,2009-06-08,12.61,13.95,12.14,13.94,88229.5,115559.51
000602.SZ,2009-06-09,13.7,14.88,13.68,14.62,115634.81,166985.53
000602.SZ,2009-06-10,14.5,14.89,14.1,14.5,46131.71,66651.9
000602.SZ,2009-06-11,14.46,14.46,13.61,13.68,61111.49,85484.04
000602.SZ,2009-06-12,13.75,14.28,13.31,13.7,51622.07,71520.7
000602.SZ,2009-06-15,13.71,14.19,13.6,13.99,29392.4,40912.61
000602.SZ,2009-06-16,13.98,13.98,13.32,13.53,33250.43,45322.92
000602.SZ,2009-06-17,13.59,13.76,13.11,13.55,25189.93,33883.87
000602.SZ,2009-06-18,13.79,14.19,13.56,13.97,37656.93,52642.36
000602.SZ,2009-06-19,13.95,14.19,13.49,13.55,32019.42,43921.72
000602.SZ,2009-06-22,13.7,13.8,13.22,13.35,26918.4,36119.06
000602.SZ,2009-06-23,13.28,13.38,12.93,13.18,30829.55,40416.27
000602.SZ,2009-06-24,13.25,13.52,13.02,13.5,21521.6,28809.75
000602.SZ,2009-06-25,13.47,13.71,13.38,13.57,23069.08,31363.83
000602.SZ,2009-06-26,13.58,13.67,13.1,13.25,22921.3,30456.49
000602.SZ,2009-06-29,13.25,13.57,13.09,13.12,26352.29,34849.54
000602.SZ,2009-07-01,13.12,13.33,12.76,12.84,43137.44,56178.0
000602.SZ,2009-07-02,13.0,13.37,12.95,13.24,41052.84,54191.23
000602.SZ,2009-07-03,12.99,13.53,12.99,13.46,34394.22,45899.82
000602.SZ,2009-07-06,13.4,13.48,13.05,13.17,46078.78,60792.14
000602.SZ,2009-07-07,13.11,13.25,12.95,13.19,28215.52,36989.93
000602.SZ,2009-07-08,13.18,14.29,13.14,14.22,79126.61,109669.0
000602.SZ,2009-07-09,14.15,15.09,13.95,14.88,75234.0,110970.31
000602.SZ,2009-07-10,14.95,15.48,14.56,14.82,57084.7,84891.9
000602.SZ,2009-07-13,14.82,14.82,14.38,14.48,34582.23,50357.21
000602.SZ,2009-07-14,14.41,14.99,14.29,14.6,31675.51,46532.73
000602.SZ,2009-07-15,14.6,14.96,14.5,14.72,38297.8,56342.75
000602.SZ,2009-07-16,14.7,16.0,14.7,15.73,79839.17,124082.39
000602.SZ,2009-07-17,15.76,16.7,15.45,16.18,78486.45,128077.91
000602.SZ,2009-07-20,16.26,16.81,15.85,15.97,78891.67,128559.64
000602.SZ,2009-07-21,15.81,16.3,15.6,16.07,44675.16,71251.2
000602.SZ,2009-07-22,16.07,16.71,15.85,16.67,53902.57,88292.55
000602.SZ,2009-07-23,16.68,17.2,16.49,16.55,43195.99,72789.42
000602.SZ,2009-07-24,16.58,16.78,15.6,16.2,54449.42,88289.67
000602.SZ,2009-07-27,16.22,16.53,15.87,16.5,70607.95,114494.93
000602.SZ,2009-07-28,16.31,16.55,15.88,16.2,60558.87,97554.95
000602.SZ,2009-07-29,16.19,16.19,14.58,14.59,63708.07,97046.78
000602.SZ,2009-07-30,14.59,15.02,13.48,14.9,64362.2,91560.16
000602.SZ,2009-07-31,14.9,15.69,14.51,15.35,50051.69,75796.58
000602.SZ,2009-08-03,15.38,15.88,15.16,15.67,42957.33,66552.97
000602.SZ,2009-08-04,15.66,15.7,14.79,15.31,50619.73,77029.79
000602.SZ,2009-08-05,15.25,15.3,14.72,15.03,37113.98,55611.11
000602.SZ,2009-08-06,15.1,15.58,14.93,15.31,45040.34,68960.87
000602.SZ,2009-08-07,15.28,15.28,14.0,14.3,46157.39,67838.32
000602.SZ,2009-08-10,14.44,14.49,13.66,13.74,35860.41,50314.38
000602.SZ,2009-08-11,13.82,14.24,13.82,14.12,24709.7,34806.03
000602.SZ,2009-08-12,14.04,14.22,13.58,13.65,22177.06,30719.41
000602.SZ,2009-08-13,13.5,13.8,13.01,13.57,28110.89,37584.07
000602.SZ,2009-08-14,13.58,13.85,13.21,13.38,32104.34,43432.12
000602.SZ,2009-08-17,13.12,13.23,12.04,12.04,38610.98,47741.27
000602.SZ,2009-08-18,11.94,12.19,11.26,12.0,40957.48,48115.65
000602.SZ,2009-08-19,12.0,12.06,10.8,10.8,33045.23,37790.66
000602.SZ,2009-08-20,10.8,11.28,10.77,11.18,36013.89,39800.0
000602.SZ,2009-08-21,11.16,11.48,11.09,11.46,28624.27,32348.45
000602.SZ,2009-08-24,11.52,11.79,11.36,11.68,26025.15,30220.42
000602.SZ,2009-08-25,11.68,11.68,11.0,11.61,39677.4,44705.91
000602.SZ,2009-08-26,11.65,12.2,11.41,12.0,29916.89,35619.38
000602.SZ,2009-08-27,12.0,12.48,11.76,12.21,29417.17,35787.5
000602.SZ,2009-08-28,12.21,12.21,11.6,11.6,26518.19,31115.66
000602.SZ,2009-08-31,11.31,11.52,10.44,10.44,28157.8,30263.13
000602.SZ,2009-09-01,10.36,10.62,10.2,10.27,17841.51,18517.01
000602.SZ,2009-09-02,10.23,10.55,10.2,10.38,10676.56,11090.22
000602.SZ,2009-09-03,10.38,11.07,10.36,11.05,24905.12,26887.1
000602.SZ,2009-09-04,11.0,11.4,10.81,11.2,29004.62,32389.55
000602.SZ,2009-09-07,11.47,11.47,11.11,11.22,26713.59,30159.28
000602.SZ,2009-09-08,11.15,11.54,10.81,11.53,27883.62,31137.52
000602.SZ,2009-09-09,11.61,12.02,11.52,11.99,43792.65,51600.68
000602.SZ,2009-09-10,11.72,11.97,11.55,11.63,20584.25,24184.21
000602.SZ,2009-09-11,11.49,11.79,11.45,11.68,18773.57,21916.61
000602.SZ,2009-09-14,11.66,11.99,11.6,11.96,20767.14,24500.26
000602.SZ,2009-09-15,11.96,12.83,11.76,12.39,40179.84,49245.83
000602.SZ,2009-09-16,12.39,12.39,11.9,12.19,28436.78,34587.78
000602.SZ,2009-09-17,12.26,12.85,12.16,12.6,46270.33,58061.25
000602.SZ,2009-09-18,12.69,12.75,11.6,11.96,37240.2,46119.08
000602.SZ,2009-09-21,11.71,11.94,11.4,11.82,21522.47,25235.04
000602.SZ,2009-09-22,11.8,11.99,11.4,11.42,18846.84,22053.36
000602.SZ,2009-09-23,11.45,11.57,10.78,10.82,23423.96,25905.44
000602.SZ,2009-09-24,10.82,10.9,10.25,10.5,33780.3,35604.09
000602.SZ,2009-09-25,10.51,10.61,10.38,10.5,20098.12,21142.93
000602.SZ,2009-09-28,10.58,10.78,10.2,10.23,17386.89,18333.16
000602.SZ,2009-09-29,10.26,10.43,10.05,10.18,20260.72,20747.73
000602.SZ,2009-09-30,10.24,10.63,10.2,10.57,30968.65,32234.98
000602.SZ,2009-10-09,10.78,11.34,10.75,11.25,43142.51,47682.85
000602.SZ,2009-10-12,11.23,11.23,10.88,10.93,25004.25,27584.12
000602.SZ,2009-10-13,10.94,11.17,10.93,11.12,15122.47,16731.38
000602.SZ,2009-10-14,11.13,11.52,11.13,11.25,21550.66,24327.34
000602.SZ,2009-10-15,11.26,11.45,11.11,11.18,19245.37,21653.24
000602.SZ,2009-10-16,11.18,11.26,10.76,10.99,21039.5,23091.52
000602.SZ,2009-10-19,10.91,12.09,10.91,12.09,54015.42,62725.65
000602.SZ,2009-10-20,12.3,13.3,12.11,12.9,124717.99,160458.98
000602.SZ,2009-10-21,12.8,13.23,12.55,13.22,68717.24,88149.75
000602.SZ,2009-10-22,13.19,13.21,12.81,12.83,49015.64,63856.36
000602.SZ,2009-10-23,12.73,13.5,12.73,13.07,63952.78,84095.32
000602.SZ,2009-10-26,13.0,13.27,12.8,13.07,37632.31,48982.05
000602.SZ,2009-10-27,12.9,12.98,12.28,12.29,38490.33,48659.13
000602.SZ,2009-10-28,12.26,12.5,12.1,12.45,23983.66,29528.75
000602.SZ,2009-10-29,12.1,12.21,11.9,12.01,25105.24,30272.31
000602.SZ,2009-10-30,12.07,12.72,12.07,12.32,30644.33,38240.73
000602.SZ,2009-11-02,12.09,12.79,11.9,12.59,31514.68,39141.53
000602.SZ,2009-11-03,12.47,13.85,12.47,13.85,79285.13,105337.47
000602.SZ,2009-11-04,13.85,14.3,13.78,13.9,72498.48,101740.5
000602.SZ,2009-11-05,13.8,14.08,13.7,13.91,34521.0,47718.87
000602.SZ,2009-11-06,13.95,15.0,13.95,14.26,71233.04,103575.25
000602.SZ,2009-11-09,14.16,14.71,14.01,14.3,45426.97,65294.39
000602.SZ,2009-11-11,14.32,14.54,14.0,14.3,29866.91,42626.84
000602.SZ,2009-11-12,14.35,14.78,14.2,14.31,33663.71,49008.78
000602.SZ,2009-11-13,14.31,14.32,13.77,14.18,43732.3,61443.29
000602.SZ,2009-11-16,14.14,14.59,14.14,14.37,41965.36,60452.39
000602.SZ,2009-11-17,14.52,15.74,14.3,15.36,73202.65,108992.44
000602.SZ,2009-11-18,15.19,15.46,14.91,15.02,44125.51,66638.56
000602.SZ,2009-11-19,15.04,15.5,14.92,15.09,31696.42,47960.77
000602.SZ,2009-11-20,15.05,15.5,14.83,15.41,40500.66,62033.77
000602.SZ,2009-11-23,15.3,15.83,15.3,15.7,41743.92,65525.51
000602.SZ,2009-11-24,15.6,16.0,15.02,15.3,74593.52,116437.57
000602.SZ,2009-12-29,16.83,16.83,16.83,16.83,4189.87,7051.55
000602.SZ,2009-12-30,18.51,18.51,18.51,18.51,6846.84,12673.5
000602.SZ,2026-07-02,nan,nan,nan,nan,nan,nan
000602.SZ,2026-07-02,nan,nan,nan,nan,nan,nan
000602.SZ,2026-07-02,nan,nan,nan,nan,nan,nan
000602.SZ,2026-07-02,nan,nan,nan,nan,nan,nan
000602.SZ,2026-07-02,nan,nan,nan,nan,nan,nan
000602.SZ,2026-07-02,nan,nan,nan,nan,nan,nan
000602.SZ,2026-07-06,nan,nan,nan,nan,nan,nan
000602.SZ,2026-07-06,nan,nan,nan,nan,nan,nan
000602.SZ,2026-07-07,0.0,13.41,13.41,13.41,0.0,0.0
000602.SZ,2026-07-08,0.0,13.41,13.41,13.41,0.0,0.0
000602.SZ,2026-07-08,0.0,13.41,13.41,13.41,0.0,0.0
000602.SZ,2026-07-08,0.0,13.41,13.41,13.41,0.0,0.0
