symbol,datetime,open,high,low,close,volume,amount
002012.SZ,2004-07-05,15.0,16.65,14.68,16.34,222838.53,350263.57
002012.SZ,2004-07-06,16.51,17.1,16.01,16.86,76096.32,126285.04
002012.SZ,2004-07-07,16.75,17.22,16.54,16.74,48862.85,82459.26
002012.SZ,2004-07-08,16.54,17.17,16.4,16.88,26996.49,45397.12
002012.SZ,2004-07-09,16.91,17.46,16.51,16.89,31735.31,54056.01
002012.SZ,2004-07-12,16.9,16.98,15.99,16.24,24570.79,40236.05
002012.SZ,2004-07-13,15.9,16.28,15.0,16.06,32163.31,50077.52
002012.SZ,2004-07-14,15.8,16.31,15.48,16.31,17306.01,27513.66
002012.SZ,2004-07-15,16.45,17.05,16.15,16.55,24641.07,40957.42
002012.SZ,2004-07-16,16.5,18.21,16.38,18.2,75598.48,134717.15
002012.SZ,2004-07-19,17.96,18.3,17.52,18.3,32118.04,57708.65
002012.SZ,2004-07-20,18.2,18.41,17.49,17.5,38247.72,68326.46
002012.SZ,2004-07-21,17.4,17.65,16.9,16.99,24808.2,42865.83
002012.SZ,2004-07-22,17.35,17.6,16.65,16.7,31252.2,53494.59
002012.SZ,2004-07-23,16.6,17.73,16.6,17.69,22398.61,38245.0
002012.SZ,2004-07-26,17.58,17.65,16.9,17.15,16110.03,27801.98
002012.SZ,2004-07-27,17.02,17.26,15.9,16.31,19841.08,32614.57
002012.SZ,2004-07-28,16.15,16.75,15.8,16.6,17271.46,28252.42
002012.SZ,2004-07-29,16.8,17.18,16.42,16.98,17063.51,28704.97
002012.SZ,2004-07-30,17.02,17.02,16.3,16.45,10950.3,18187.44
002012.SZ,2004-08-02,16.35,16.6,15.88,16.25,10095.31,16450.57
002012.SZ,2004-08-03,16.19,16.8,16.1,16.46,7876.86,13044.05
002012.SZ,2004-08-04,16.48,16.9,16.05,16.86,16964.96,28068.83
002012.SZ,2004-08-05,17.08,17.46,16.9,16.97,38860.94,66963.1
002012.SZ,2004-08-06,17.02,17.6,16.66,17.29,29240.06,50353.82
002012.SZ,2004-08-09,17.2,17.29,15.56,15.56,35020.01,56749.91
002012.SZ,2004-08-10,15.56,16.1,15.45,16.06,19691.57,31144.41
002012.SZ,2004-08-11,16.0,16.05,15.56,15.69,10519.19,16580.26
002012.SZ,2004-08-12,15.57,15.9,15.4,15.81,8172.45,12850.79
002012.SZ,2004-08-13,15.52,15.99,15.52,15.69,6063.41,9576.07
002012.SZ,2004-08-16,15.6,15.62,14.12,14.12,29549.77,42100.15
002012.SZ,2004-08-17,14.2,14.4,13.86,14.21,10600.1,15028.29
002012.SZ,2004-08-18,13.98,14.15,13.1,13.4,13800.16,18584.13
002012.SZ,2004-08-19,13.4,13.53,13.25,13.4,5712.41,7650.06
002012.SZ,2004-08-20,13.39,13.67,13.22,13.35,4503.4,6059.83
002012.SZ,2004-08-23,13.29,13.29,12.18,12.42,9874.47,12291.63
002012.SZ,2004-08-24,12.34,13.0,11.95,12.73,7570.79,9486.07
002012.SZ,2004-08-25,12.65,12.65,12.22,12.35,4830.75,5983.8
002012.SZ,2004-08-26,12.3,12.5,12.01,12.09,2554.09,3131.28
002012.SZ,2004-08-27,12.05,12.05,11.5,11.84,5224.13,6152.88
002012.SZ,2004-08-30,11.84,13.0,11.71,12.4,6003.34,7487.99
002012.SZ,2004-08-31,12.9,13.18,12.58,12.6,6532.8,8352.77
002012.SZ,2004-09-01,12.5,12.53,12.09,12.1,2355.5,2891.95
002012.SZ,2004-09-02,12.0,12.5,12.0,12.5,2475.13,3036.75
002012.SZ,2004-09-03,12.5,12.65,12.16,12.4,1549.06,1922.5
002012.SZ,2004-09-06,12.3,12.5,12.3,12.45,916.0,1138.45
002012.SZ,2004-09-07,12.46,12.57,12.3,12.42,876.63,1087.78
002012.SZ,2004-09-08,12.42,12.52,12.32,12.49,1230.14,1524.96
002012.SZ,2004-09-09,12.31,12.5,12.06,12.28,2278.34,2808.25
002012.SZ,2004-09-13,12.0,12.31,11.66,11.8,2351.5,2814.32
002012.SZ,2004-09-14,11.82,12.52,11.82,12.28,6460.54,8007.75
002012.SZ,2004-09-15,12.3,13.49,12.15,13.04,9903.07,12906.56
002012.SZ,2004-09-16,13.2,14.0,13.0,13.78,14618.96,19842.79
002012.SZ,2004-09-17,13.7,14.3,13.52,14.24,8959.73,12388.08
002012.SZ,2004-09-20,14.28,14.76,14.0,14.61,12775.86,18348.75
002012.SZ,2004-09-21,14.58,15.1,14.21,14.88,15324.99,22568.28
002012.SZ,2004-09-22,14.95,16.37,14.7,15.88,25831.75,40379.39
002012.SZ,2004-09-23,15.8,15.9,15.33,15.9,15621.4,24390.48
002012.SZ,2004-09-24,15.95,16.66,15.4,15.4,12278.92,19724.96
002012.SZ,2004-09-27,15.5,16.21,15.0,15.6,8828.29,13877.0
002012.SZ,2004-09-28,15.6,15.89,15.32,15.72,5345.45,8340.53
002012.SZ,2004-09-29,15.65,16.8,15.65,16.18,14956.86,24234.05
002012.SZ,2004-09-30,16.27,16.62,16.03,16.43,14517.26,23762.09
002012.SZ,2004-10-08,16.43,18.07,16.3,18.07,17233.71,30274.77
002012.SZ,2004-10-11,18.48,18.9,17.81,18.85,20204.72,37171.87
002012.SZ,2004-10-12,18.65,18.65,17.55,17.76,18428.32,33050.04
002012.SZ,2004-10-13,17.71,17.95,17.06,17.25,7390.43,12848.46
002012.SZ,2004-10-14,17.5,17.5,15.53,15.53,14099.38,22380.89
002012.SZ,2004-10-15,15.2,15.6,14.82,15.36,4816.0,7295.94
002012.SZ,2004-10-18,15.5,16.05,15.3,15.65,2873.18,4514.02
002012.SZ,2004-10-19,15.6,16.25,15.58,15.6,3644.78,5815.01
002012.SZ,2004-10-20,15.55,15.59,14.9,15.4,4027.08,6076.11
002012.SZ,2004-10-21,15.49,15.51,14.94,15.05,2590.5,3931.53
002012.SZ,2004-10-22,14.97,16.56,14.97,16.56,9634.14,15600.31
002012.SZ,2004-10-25,16.8,17.38,16.58,16.8,8064.91,13701.19
002012.SZ,2004-10-26,16.65,17.68,16.65,17.6,9821.09,17001.5
002012.SZ,2004-10-27,17.6,17.95,17.31,17.89,7292.77,12873.69
002012.SZ,2004-10-28,17.99,18.0,16.58,16.88,9268.95,16088.37
002012.SZ,2004-10-29,16.51,17.63,16.11,17.01,11173.17,19158.12
002012.SZ,2004-11-01,16.82,17.33,16.58,17.25,3623.95,6213.36
002012.SZ,2004-11-02,17.2,17.33,16.58,17.14,7410.69,12648.36
002012.SZ,2004-11-03,17.25,18.14,17.0,18.01,4892.8,8636.59
002012.SZ,2004-11-04,18.12,18.4,17.51,17.52,5590.99,10057.8
002012.SZ,2004-11-05,17.55,17.75,17.01,17.3,3977.05,6878.85
002012.SZ,2004-11-08,17.12,17.5,17.06,17.22,1423.25,2455.7
002012.SZ,2004-11-09,17.25,18.6,17.25,18.24,10178.59,18498.5
002012.SZ,2004-11-10,18.45,20.06,17.99,20.06,18940.74,37019.03
002012.SZ,2004-11-11,20.09,20.67,19.58,19.62,17539.84,35458.74
002012.SZ,2004-11-12,19.48,20.13,19.44,19.64,7212.6,14302.8
002012.SZ,2004-11-15,19.72,20.7,19.72,20.59,11723.54,23974.01
002012.SZ,2004-11-16,20.68,21.37,20.13,20.65,11963.08,24851.65
002012.SZ,2004-11-17,20.65,20.7,19.8,20.38,5674.92,11396.9
002012.SZ,2004-11-18,20.31,20.53,20.27,20.51,3871.45,7908.85
002012.SZ,2004-11-19,20.3,20.65,19.6,19.98,4996.53,9971.19
002012.SZ,2004-11-22,19.93,20.01,19.5,19.55,4162.29,8170.91
002012.SZ,2004-11-23,19.55,19.98,19.49,19.69,3101.23,6111.67
002012.SZ,2004-11-24,19.6,20.69,19.52,20.55,13851.74,28217.57
002012.SZ,2004-11-25,20.49,20.74,19.6,20.2,3953.94,8016.21
002012.SZ,2004-11-26,20.07,20.4,19.85,19.89,1961.8,3924.69
002012.SZ,2004-11-29,19.63,19.79,18.5,18.7,4704.6,8995.37
002012.SZ,2004-11-30,18.72,19.24,18.72,19.04,3518.13,6701.47
002012.SZ,2004-12-01,19.04,19.09,18.8,18.85,1733.24,3282.88
002012.SZ,2004-12-02,18.85,19.0,18.21,18.36,3056.0,5642.66
002012.SZ,2004-12-03,18.33,19.4,18.06,18.94,5323.97,10166.1
002012.SZ,2004-12-06,18.6,19.11,18.55,18.8,1241.74,2341.63
002012.SZ,2004-12-07,18.7,18.98,18.48,18.48,1613.2,3016.95
002012.SZ,2004-12-08,18.61,18.93,18.61,18.8,1536.66,2891.99
002012.SZ,2004-12-09,18.8,20.17,18.62,19.98,15506.61,30523.66
002012.SZ,2004-12-10,19.99,19.99,19.32,19.5,2435.48,4797.67
002012.SZ,2004-12-13,19.4,19.85,19.13,19.7,2961.28,5811.5
002012.SZ,2004-12-14,19.7,19.8,19.34,19.8,2280.25,4460.32
002012.SZ,2004-12-15,19.56,19.94,19.35,19.36,2529.36,4966.13
002012.SZ,2004-12-16,19.36,19.36,18.65,18.75,2459.14,4643.46
002012.SZ,2004-12-17,19.45,19.45,18.4,18.55,2401.69,4486.84
002012.SZ,2004-12-20,18.02,18.45,17.3,17.57,3476.32,6166.95
002012.SZ,2004-12-21,17.57,18.3,17.5,17.85,9710.82,17510.67
002012.SZ,2004-12-22,17.85,18.6,17.59,18.6,9867.57,17970.37
002012.SZ,2004-12-23,18.6,18.6,17.7,17.9,3630.39,6593.34
002012.SZ,2004-12-24,17.88,18.4,17.88,18.2,3396.79,6187.66
002012.SZ,2004-12-27,17.96,18.27,17.5,17.99,1639.99,2927.97
002012.SZ,2004-12-28,17.62,18.05,17.62,17.81,1368.31,2449.01
002012.SZ,2004-12-29,17.75,17.88,17.2,17.45,2264.02,3946.3
002012.SZ,2004-12-30,18.0,18.0,17.2,17.55,2770.09,4835.65
002012.SZ,2005-01-04,17.16,17.6,17.16,17.38,502.23,872.0
002012.SZ,2005-01-05,17.3,17.8,17.22,17.58,978.2,1710.49
002012.SZ,2005-01-06,17.6,17.8,17.03,17.4,967.76,1675.74
002012.SZ,2005-01-07,17.08,17.5,17.08,17.08,932.0,1605.6
002012.SZ,2005-01-10,16.85,17.35,16.81,17.27,872.11,1492.55
002012.SZ,2005-01-11,17.42,17.42,16.88,17.1,1003.71,1714.86
002012.SZ,2005-01-12,16.88,17.0,16.8,16.95,504.2,850.61
002012.SZ,2005-01-13,17.0,17.0,16.2,16.6,3145.05,5165.28
002012.SZ,2005-01-14,16.4,16.5,16.11,16.13,1621.66,2636.46
002012.SZ,2005-01-17,15.5,16.0,15.36,15.75,1616.5,2529.43
002012.SZ,2005-01-18,15.66,15.75,15.1,15.53,1233.5,1906.3
002012.SZ,2005-01-19,15.53,15.53,14.91,15.0,1873.09,2819.3
002012.SZ,2005-01-20,14.93,15.0,14.15,14.8,2794.39,4056.05
002012.SZ,2005-01-21,14.41,15.76,14.41,15.5,2377.74,3634.11
002012.SZ,2005-01-24,16.1,16.25,15.41,15.82,3346.44,5280.38
002012.SZ,2005-01-25,15.35,15.36,14.8,15.18,2866.64,4336.61
002012.SZ,2005-01-26,14.85,15.17,14.8,14.8,580.21,866.26
002012.SZ,2005-01-27,14.7,14.88,14.3,14.5,1306.82,1904.77
002012.SZ,2005-01-28,14.5,14.85,14.3,14.85,2275.48,3320.15
002012.SZ,2005-01-31,14.31,14.83,14.3,14.83,1090.77,1593.18
002012.SZ,2005-02-01,14.75,14.98,14.5,14.81,752.51,1105.18
002012.SZ,2005-02-02,14.88,15.99,14.56,15.75,2768.16,4264.92
002012.SZ,2005-02-03,15.71,15.75,15.1,15.2,1266.73,1958.56
002012.SZ,2005-02-04,14.8,15.48,14.5,15.48,1467.81,2252.09
002012.SZ,2005-02-16,15.39,15.46,15.18,15.34,1083.2,1661.49
002012.SZ,2005-02-17,15.3,15.3,14.91,15.1,868.82,1308.09
002012.SZ,2005-02-18,15.0,15.05,14.72,14.79,820.69,1220.94
002012.SZ,2005-02-21,14.73,14.99,14.25,14.85,1131.77,1661.98
002012.SZ,2005-02-22,14.8,16.12,14.65,16.11,19239.95,30007.04
002012.SZ,2005-02-23,16.0,16.66,15.75,16.5,13368.22,21636.77
002012.SZ,2005-02-24,16.35,16.36,15.9,16.06,3476.79,5605.49
002012.SZ,2005-02-25,15.96,16.8,15.96,16.12,9234.5,15172.29
002012.SZ,2005-02-28,16.12,16.33,15.8,15.89,5582.39,8969.94
002012.SZ,2005-03-01,15.97,16.1,15.5,15.6,3799.0,5981.6
002012.SZ,2005-03-02,15.62,15.96,15.4,15.43,3349.79,5237.0
002012.SZ,2005-03-03,15.36,15.59,15.3,15.58,3436.49,5327.89
002012.SZ,2005-03-04,15.6,15.65,15.42,15.58,1969.79,3069.07
002012.SZ,2005-03-07,15.4,15.94,15.4,15.56,1645.99,2561.27
002012.SZ,2005-03-08,15.56,16.5,15.51,16.5,22978.8,36797.08
002012.SZ,2005-03-09,16.65,17.28,16.65,17.0,23043.91,39136.55
002012.SZ,2005-03-10,17.08,17.15,16.4,16.64,13649.13,22897.86
002012.SZ,2005-03-11,16.55,17.06,16.21,16.88,6946.76,11660.84
002012.SZ,2005-03-14,16.7,17.4,16.42,17.37,9686.99,16461.2
002012.SZ,2005-03-15,17.4,17.52,16.8,16.85,4721.06,8132.6
002012.SZ,2005-03-16,16.82,16.85,16.3,16.55,3684.11,6085.74
002012.SZ,2005-03-17,16.5,16.56,16.2,16.31,3809.71,6229.46
002012.SZ,2005-03-18,16.35,16.54,15.9,16.51,2772.0,4524.39
002012.SZ,2005-03-21,16.2,17.1,16.2,17.08,5775.35,9764.65
002012.SZ,2005-03-22,17.02,18.1,17.02,17.46,27494.95,48586.84
002012.SZ,2005-03-23,17.44,18.4,17.3,18.3,34245.33,61509.13
002012.SZ,2005-03-24,18.24,18.31,17.56,18.3,8502.23,15243.32
002012.SZ,2005-03-25,18.3,18.41,17.8,17.87,3317.5,5999.29
002012.SZ,2005-03-28,17.9,18.2,17.62,18.0,8368.08,15071.67
002012.SZ,2005-03-29,18.0,18.39,17.67,17.81,4608.59,8340.98
002012.SZ,2005-03-30,17.82,18.14,17.55,17.55,5545.29,9908.72
002012.SZ,2005-03-31,17.57,17.9,17.08,17.25,9452.36,16438.73
002012.SZ,2005-04-01,17.3,18.53,16.86,18.46,23792.8,42363.31
002012.SZ,2005-04-04,18.27,18.27,17.28,17.7,17528.46,31043.93
002012.SZ,2005-04-05,17.9,18.59,17.7,18.04,28349.45,51750.24
002012.SZ,2005-04-06,18.02,18.78,17.71,18.7,21610.93,39695.92
002012.SZ,2005-04-07,18.7,18.95,18.28,18.4,20581.27,38205.25
002012.SZ,2005-04-08,18.35,18.6,18.03,18.5,12226.36,22471.48
002012.SZ,2005-04-11,18.5,18.57,18.01,18.1,9726.57,17748.41
002012.SZ,2005-04-12,18.1,18.38,17.9,18.18,7021.01,12747.0
002012.SZ,2005-04-13,18.24,19.1,18.24,18.9,24563.59,46133.91
002012.SZ,2005-04-14,18.91,19.35,18.57,18.81,23125.52,43911.18
002012.SZ,2005-04-15,18.82,18.97,18.3,18.5,14213.38,26496.89
002012.SZ,2005-04-18,18.38,18.5,17.98,18.22,9276.62,16870.56
002012.SZ,2005-04-19,18.12,18.4,17.78,18.3,8346.51,15097.87
002012.SZ,2005-04-20,18.3,18.3,17.77,17.78,5925.51,10633.46
002012.SZ,2005-04-21,17.77,18.0,17.1,17.11,11406.41,19874.44
002012.SZ,2005-04-22,17.01,17.23,15.4,15.4,25249.42,40660.74
002012.SZ,2005-04-25,15.3,15.88,15.28,15.7,16346.34,25360.47
002012.SZ,2005-04-26,15.7,15.75,15.11,15.48,16909.61,25975.2
002012.SZ,2005-04-27,15.48,15.59,14.22,14.29,23402.93,34247.66
002012.SZ,2005-04-28,14.33,15.07,14.0,15.0,27774.03,40365.67
002012.SZ,2005-04-29,14.85,14.89,14.42,14.54,11144.54,16303.18
002012.SZ,2005-05-09,14.78,14.79,13.09,13.09,19232.01,26043.02
002012.SZ,2005-05-10,12.93,13.25,12.3,12.4,21769.75,27351.47
002012.SZ,2005-05-11,12.42,12.9,12.38,12.4,14772.01,18688.31
002012.SZ,2005-05-13,12.75,12.96,12.53,12.9,22356.4,28618.69
002012.SZ,2005-05-16,12.88,12.9,11.9,12.0,21165.99,26296.09
002012.SZ,2005-05-17,11.83,12.73,11.83,12.5,13255.93,16485.57
002012.SZ,2005-05-18,12.6,12.88,12.4,12.81,14724.57,18628.69
002012.SZ,2005-05-19,12.98,13.04,12.6,12.93,15982.04,20420.98
002012.SZ,2005-05-20,12.92,13.0,12.73,12.75,9904.86,12752.95
002012.SZ,2005-05-23,12.7,12.71,12.25,12.31,7315.05,9063.11
002012.SZ,2005-05-24,12.2,12.9,12.2,12.76,12177.21,15481.53
002012.SZ,2005-05-25,12.7,13.02,12.67,12.9,11939.19,15381.65
002012.SZ,2005-05-26,12.8,12.9,12.42,12.5,7733.7,9751.73
002012.SZ,2005-05-27,12.4,12.68,12.08,12.1,11551.1,14270.74
002012.SZ,2005-05-30,12.0,12.46,12.0,12.24,9712.53,11881.71
002012.SZ,2005-05-31,12.25,12.39,11.96,12.0,8877.33,10776.86
002012.SZ,2005-06-01,11.92,11.95,10.8,10.8,27530.5,30370.66
002012.SZ,2005-06-02,10.5,10.65,10.15,10.36,20929.52,21661.66
002012.SZ,2005-06-03,10.22,10.49,10.11,10.38,9598.41,9925.91
002012.SZ,2005-06-06,10.3,10.9,10.21,10.89,14209.25,15075.63
002012.SZ,2005-06-07,10.96,11.3,10.8,10.81,22375.15,24729.16
002012.SZ,2005-06-08,10.82,11.89,10.82,11.89,34263.97,39846.48
002012.SZ,2005-06-09,6.8,7.08,6.6,7.08,66714.08,45846.83
002012.SZ,2005-06-10,7.38,7.74,7.14,7.16,166310.59,122765.17
002012.SZ,2005-06-13,7.05,7.13,6.51,6.73,80856.42,54924.78
002012.SZ,2005-06-14,6.79,7.1,6.73,6.77,53351.52,36892.37
002012.SZ,2005-06-15,6.74,6.87,6.26,6.65,43163.59,28327.23
002012.SZ,2005-06-16,6.61,7.32,6.6,7.32,90603.66,63939.24
002012.SZ,2005-06-17,7.42,7.54,7.02,7.08,75532.31,54647.14
002012.SZ,2005-06-20,7.25,7.78,7.09,7.72,101379.66,76477.47
002012.SZ,2005-06-21,7.65,8.2,7.45,7.93,126642.66,100172.58
002012.SZ,2005-06-22,7.82,8.1,7.67,7.86,81714.55,64953.86
002012.SZ,2005-06-23,7.82,8.0,7.46,7.54,71474.23,55533.82
002012.SZ,2005-06-24,7.48,7.75,7.42,7.72,36652.86,27926.54
002012.SZ,2005-06-27,7.98,8.38,7.98,8.28,92074.23,75718.26
002012.SZ,2005-06-28,8.18,8.26,7.9,8.05,49942.52,40340.5
002012.SZ,2005-06-29,8.02,8.25,7.8,7.87,39238.78,31386.15
002012.SZ,2005-06-30,7.85,7.88,7.42,7.43,40366.07,30825.85
002012.SZ,2005-07-01,7.38,7.4,6.92,7.04,33404.39,24012.1
002012.SZ,2005-07-04,6.86,7.49,6.81,7.46,37699.99,27459.68
002012.SZ,2005-07-05,7.49,8.12,7.46,7.7,71725.59,55928.41
002012.SZ,2005-07-06,7.7,8.04,7.5,7.79,52569.37,40996.02
002012.SZ,2005-07-07,7.7,7.9,7.63,7.83,36293.95,28326.03
002012.SZ,2005-07-08,7.8,7.8,7.27,7.35,35151.75,26444.29
002012.SZ,2005-07-11,7.61,8.05,7.53,7.6,52954.23,41194.91
002012.SZ,2005-07-12,7.46,8.36,7.45,8.29,89955.84,72132.1
002012.SZ,2005-07-13,8.3,8.46,8.12,8.29,103066.62,85822.63
002012.SZ,2005-07-14,8.29,8.38,8.13,8.18,53897.15,44386.01
002012.SZ,2005-07-15,8.22,8.33,7.84,8.03,46046.82,37098.91
002012.SZ,2005-07-18,7.95,8.43,7.88,8.38,68291.0,56453.54
002012.SZ,2005-07-19,8.36,8.45,8.1,8.32,41381.49,34298.13
002012.SZ,2005-07-20,8.29,8.42,8.22,8.32,36161.97,30084.08
002012.SZ,2005-07-21,8.25,8.32,8.08,8.21,30520.29,24947.43
002012.SZ,2005-07-22,8.5,8.6,8.21,8.36,67033.99,56096.3
002012.SZ,2005-07-25,8.24,8.33,7.84,7.93,55970.52,44870.55
002012.SZ,2005-07-26,7.85,8.14,7.85,7.94,41446.05,33176.56
002012.SZ,2005-07-27,7.92,8.32,7.91,8.32,45129.55,36760.28
002012.SZ,2005-07-28,8.58,8.58,8.15,8.18,58055.66,48470.1
002012.SZ,2005-07-29,8.11,8.21,8.01,8.1,25451.96,20657.35
002012.SZ,2005-08-01,8.1,8.34,8.08,8.31,37652.92,31104.2
002012.SZ,2005-08-02,7.99,8.08,7.48,7.5,123570.92,94407.99
002012.SZ,2005-08-03,7.55,7.69,7.48,7.62,73702.52,56049.69
002012.SZ,2005-08-04,7.54,7.75,7.5,7.63,51527.54,39333.07
002012.SZ,2005-08-05,7.63,8.05,7.55,7.99,101642.87,79659.15
002012.SZ,2005-08-08,8.03,8.47,8.03,8.29,115553.94,95424.29
002012.SZ,2005-08-09,8.3,8.57,8.15,8.53,82842.84,69800.89
002012.SZ,2005-08-10,8.58,8.59,8.26,8.48,63587.82,53537.38
002012.SZ,2005-08-11,8.53,8.77,8.37,8.56,71964.92,61774.49
002012.SZ,2005-08-12,8.59,8.6,8.21,8.27,62761.51,52786.62
002012.SZ,2005-08-15,8.31,9.1,8.31,9.05,121357.39,107014.31
002012.SZ,2005-08-16,9.1,9.36,8.99,9.15,119353.64,109723.72
002012.SZ,2005-08-17,9.15,9.94,8.92,9.79,96298.31,92115.25
002012.SZ,2005-08-18,9.78,9.97,8.85,8.88,86430.89,82352.55
002012.SZ,2005-08-19,8.7,9.2,8.52,9.0,60916.01,54347.74
002012.SZ,2005-08-22,8.9,8.98,8.62,8.91,27028.6,23887.81
002012.SZ,2005-08-23,8.88,8.88,8.52,8.63,27399.9,23803.61
002012.SZ,2005-08-24,8.58,9.03,8.57,8.83,36073.45,31971.47
002012.SZ,2005-08-25,8.92,9.18,8.84,9.12,35359.66,31899.25
002012.SZ,2005-08-26,9.14,9.34,9.03,9.12,32409.62,29757.5
002012.SZ,2005-08-29,9.08,9.12,8.7,8.79,25619.64,22669.32
002012.SZ,2005-08-30,8.7,8.82,8.57,8.65,19121.49,16584.78
002012.SZ,2005-08-31,8.68,9.04,8.65,9.01,28785.18,25648.2
002012.SZ,2005-09-02,9.26,9.52,9.22,9.27,50043.03,46705.1
002012.SZ,2005-09-05,9.31,9.41,9.12,9.25,25409.96,23422.79
002012.SZ,2005-09-06,9.26,9.35,8.87,8.91,30385.98,27604.24
002012.SZ,2005-09-07,8.9,9.3,8.75,9.3,31261.72,28402.49
002012.SZ,2005-09-08,9.35,9.36,9.1,9.17,24578.27,22617.58
002012.SZ,2005-09-09,9.21,9.5,9.03,9.29,50107.57,46805.96
002012.SZ,2005-09-22,9.39,9.49,8.36,8.74,24166.05,21301.38
002012.SZ,2005-09-23,8.7,8.83,8.04,8.21,25852.98,21554.81
002012.SZ,2005-09-26,8.21,8.25,7.98,8.15,17961.29,14545.65
002012.SZ,2005-09-27,8.13,8.46,8.1,8.33,21612.89,17967.68
002012.SZ,2005-09-28,8.36,8.46,8.16,8.2,14682.1,12144.46
002012.SZ,2005-09-29,8.21,8.35,7.78,7.93,32875.02,26582.65
002012.SZ,2005-11-01,5.01,5.3,4.76,4.9,65546.57,32776.62
002012.SZ,2005-11-02,4.86,4.97,4.65,4.85,54265.17,26162.22
002012.SZ,2005-11-03,4.84,5.05,4.84,4.87,42956.21,21175.14
002012.SZ,2005-11-04,4.86,5.04,4.8,5.01,39542.32,19647.79
002012.SZ,2005-11-07,4.98,5.15,4.96,5.06,29028.38,14711.7
002012.SZ,2005-11-08,5.06,5.08,4.98,5.06,21302.37,10710.26
002012.SZ,2005-11-09,5.08,5.44,5.02,5.35,64921.57,34207.38
002012.SZ,2005-11-10,5.3,5.72,5.24,5.54,96582.34,53359.5
002012.SZ,2005-11-11,5.45,5.59,5.3,5.46,40566.7,22141.35
002012.SZ,2005-11-14,5.4,5.51,5.32,5.5,24313.06,13188.58
002012.SZ,2005-11-15,5.5,5.53,5.15,5.21,33176.85,17688.94
002012.SZ,2005-11-16,5.18,5.21,4.94,5.18,31698.75,16048.28
002012.SZ,2005-11-17,5.15,5.19,5.01,5.08,19729.58,10075.2
002012.SZ,2005-11-18,5.15,5.58,5.09,5.49,61859.27,33337.58
002012.SZ,2005-11-21,5.47,5.57,5.41,5.5,37911.46,20831.35
002012.SZ,2005-11-22,5.5,5.61,5.35,5.37,41617.26,22908.66
002012.SZ,2005-11-23,5.35,5.59,5.32,5.5,35722.01,19687.45
002012.SZ,2005-11-24,5.42,5.62,5.42,5.51,29888.94,16522.73
002012.SZ,2005-11-25,5.51,5.55,5.43,5.47,16816.32,9204.54
002012.SZ,2005-11-28,5.46,5.53,5.35,5.44,16865.35,9124.42
002012.SZ,2005-11-29,5.48,5.59,5.45,5.48,30181.18,16681.99
002012.SZ,2005-11-30,5.59,5.84,5.51,5.8,75457.03,42976.48
002012.SZ,2005-12-01,5.78,5.78,5.56,5.6,45979.02,25924.31
002012.SZ,2005-12-02,5.52,5.61,5.48,5.58,28651.63,15853.99
002012.SZ,2005-12-05,5.54,5.54,5.18,5.2,32210.52,17135.53
002012.SZ,2005-12-06,5.15,5.31,5.12,5.17,22105.39,11505.06
002012.SZ,2005-12-07,5.19,5.26,5.12,5.25,16908.53,8778.5
002012.SZ,2005-12-08,5.27,5.3,5.15,5.2,13779.43,7179.92
002012.SZ,2005-12-09,5.17,5.35,5.15,5.31,17621.26,9282.52
002012.SZ,2005-12-12,5.3,5.36,5.25,5.31,15902.51,8422.04
002012.SZ,2005-12-13,5.3,5.31,5.18,5.25,15003.3,7827.33
002012.SZ,2005-12-14,5.25,5.3,5.15,5.29,23023.32,12012.17
002012.SZ,2005-12-15,5.28,5.38,5.23,5.28,23601.03,12542.1
002012.SZ,2005-12-16,5.26,5.44,5.2,5.41,29378.59,15625.19
002012.SZ,2005-12-19,5.39,5.39,5.3,5.33,16544.76,8836.26
002012.SZ,2005-12-20,5.34,5.36,5.26,5.3,14266.72,7556.87
002012.SZ,2005-12-21,5.3,5.33,5.16,5.23,19833.86,10372.6
002012.SZ,2005-12-22,5.2,5.3,5.17,5.26,15422.41,8111.9
002012.SZ,2005-12-23,5.3,5.32,5.22,5.3,15777.86,8323.48
002012.SZ,2005-12-26,5.31,5.43,5.31,5.4,23989.6,12885.19
002012.SZ,2005-12-27,5.37,5.39,5.27,5.31,13163.6,7002.34
002012.SZ,2005-12-28,5.31,5.35,5.24,5.33,14614.12,7745.3
002012.SZ,2005-12-29,5.36,5.36,5.26,5.27,22532.81,11922.22
002012.SZ,2005-12-30,5.28,5.32,5.17,5.18,25586.2,13366.01
002012.SZ,2006-01-04,5.18,5.27,5.17,5.22,14630.26,7632.01
002012.SZ,2006-01-05,5.26,5.31,5.21,5.29,21208.01,11159.82
002012.SZ,2006-01-06,5.3,5.5,5.2,5.42,70049.93,37564.14
002012.SZ,2006-01-09,5.5,5.6,5.38,5.56,55005.49,30266.87
002012.SZ,2006-01-10,5.54,5.55,5.41,5.47,26118.5,14258.06
002012.SZ,2006-01-11,5.46,5.48,5.26,5.28,33527.19,17936.62
002012.SZ,2006-01-12,5.29,5.45,5.28,5.4,26795.02,14470.59
002012.SZ,2006-01-13,5.42,5.65,5.4,5.55,64343.71,35816.29
002012.SZ,2006-01-16,5.7,6.1,5.7,5.83,125811.31,73979.38
002012.SZ,2006-01-17,5.83,6.16,5.83,6.05,98150.41,59098.86
002012.SZ,2006-01-18,6.09,6.13,5.9,6.1,62441.97,37544.85
002012.SZ,2006-01-19,6.11,6.23,5.97,6.04,49795.52,30153.82
002012.SZ,2006-01-20,6.05,6.14,5.85,5.94,45033.35,26819.8
002012.SZ,2006-01-23,5.93,5.99,5.75,5.89,42396.49,24817.28
002012.SZ,2006-01-24,5.75,5.75,5.3,5.3,83538.69,45053.64
002012.SZ,2006-01-25,5.2,5.23,5.01,5.12,57088.44,29068.48
002012.SZ,2006-02-06,5.12,5.22,5.07,5.18,36262.48,18750.8
002012.SZ,2006-02-07,5.19,5.21,5.04,5.13,52412.51,26692.99
002012.SZ,2006-02-08,5.13,5.23,5.07,5.2,30571.21,15707.42
002012.SZ,2006-02-09,5.2,5.26,5.15,5.17,27761.89,14455.98
002012.SZ,2006-02-10,5.15,5.21,5.1,5.2,22933.23,11834.36
002012.SZ,2006-02-13,5.2,5.2,5.09,5.12,22559.75,11544.41
002012.SZ,2006-02-14,5.12,5.22,5.12,5.18,20172.37,10442.81
002012.SZ,2006-02-15,5.18,5.2,5.12,5.14,22303.33,11471.94
002012.SZ,2006-02-16,5.14,5.14,4.75,4.86,40264.73,20049.68
002012.SZ,2006-02-17,4.85,4.86,4.65,4.69,28988.05,13768.26
002012.SZ,2006-02-20,4.69,4.69,4.39,4.46,43757.4,19891.78
002012.SZ,2006-02-21,4.43,4.62,4.4,4.61,32322.98,14659.46
002012.SZ,2006-02-22,4.61,4.75,4.61,4.66,30311.21,14176.61
002012.SZ,2006-02-23,4.61,4.65,4.54,4.59,15649.93,7162.66
002012.SZ,2006-02-24,4.59,4.82,4.59,4.81,44405.62,21072.72
002012.SZ,2006-02-27,4.85,4.87,4.67,4.71,24594.48,11652.03
002012.SZ,2006-02-28,4.7,4.7,4.55,4.68,17173.32,7941.84
002012.SZ,2006-03-01,4.65,4.77,4.64,4.71,21262.74,10020.44
002012.SZ,2006-03-02,4.7,4.72,4.51,4.57,19738.87,9112.55
002012.SZ,2006-03-03,4.54,4.6,4.49,4.55,15849.73,7176.46
002012.SZ,2006-03-06,4.55,4.64,4.54,4.58,11525.11,5292.4
002012.SZ,2006-03-07,4.56,4.56,4.4,4.41,16331.1,7243.61
002012.SZ,2006-03-08,4.38,4.43,4.27,4.37,16992.23,7358.73
002012.SZ,2006-03-09,4.35,4.49,4.35,4.45,19633.76,8687.46
002012.SZ,2006-03-10,4.48,4.54,4.42,4.47,20844.54,9353.28
002012.SZ,2006-03-13,4.41,4.56,4.4,4.48,9339.71,4182.93
002012.SZ,2006-03-14,4.48,4.49,4.35,4.42,10267.46,4524.88
002012.SZ,2006-03-15,4.38,4.48,4.36,4.43,13012.73,5768.96
002012.SZ,2006-03-16,4.42,4.44,4.37,4.38,10589.06,4660.39
002012.SZ,2006-03-17,4.37,4.45,4.31,4.43,16479.81,7234.55
002012.SZ,2006-03-20,4.45,4.46,4.35,4.44,13162.19,5808.68
002012.SZ,2006-03-21,4.42,4.56,4.4,4.49,20558.09,9257.92
002012.SZ,2006-03-22,4.48,4.58,4.44,4.56,23193.81,10518.35
002012.SZ,2006-03-23,4.56,4.74,4.55,4.72,42871.7,20087.2
002012.SZ,2006-03-24,4.74,4.77,4.58,4.58,24625.55,11415.62
002012.SZ,2006-03-27,4.58,4.72,4.54,4.7,21080.15,9738.31
002012.SZ,2006-03-28,4.69,4.71,4.62,4.64,15397.5,7161.06
002012.SZ,2006-03-29,4.61,4.69,4.57,4.59,18470.68,8530.03
002012.SZ,2006-03-30,4.55,4.6,4.41,4.43,19783.45,8898.35
002012.SZ,2006-03-31,4.41,4.49,4.41,4.48,14835.95,6616.61
002012.SZ,2006-04-03,4.52,4.58,4.51,4.57,24252.95,11028.76
002012.SZ,2006-04-04,4.55,4.56,4.47,4.55,22432.3,10126.12
002012.SZ,2006-04-05,4.59,4.76,4.59,4.73,57139.49,26899.15
002012.SZ,2006-04-06,4.75,4.75,4.61,4.65,31814.23,14801.41
002012.SZ,2006-04-07,4.63,4.69,4.55,4.69,24988.02,11514.7
002012.SZ,2006-04-10,4.69,4.77,4.61,4.76,36336.04,17168.18
002012.SZ,2006-04-11,4.79,4.8,4.66,4.69,31145.28,14657.51
002012.SZ,2006-04-12,4.7,4.79,4.68,4.75,31120.24,14776.67
002012.SZ,2006-04-13,4.75,4.79,4.5,4.52,30073.24,14000.84
002012.SZ,2006-04-14,4.5,4.61,4.5,4.6,18137.83,8255.55
002012.SZ,2006-04-17,4.59,5.06,4.54,4.97,90801.83,44175.49
002012.SZ,2006-04-18,4.89,5.03,4.85,5.0,72669.36,35941.59
002012.SZ,2006-04-19,4.95,4.95,4.59,4.68,81035.61,38218.27
002012.SZ,2006-04-20,4.65,4.68,4.38,4.4,54935.7,24703.26
002012.SZ,2006-04-24,4.36,4.37,3.96,3.96,61704.14,24814.47
002012.SZ,2006-04-25,3.8,4.08,3.7,3.95,37778.72,14803.67
002012.SZ,2006-04-26,3.9,3.95,3.73,3.88,36941.36,14181.18
002012.SZ,2006-04-27,3.88,4.08,3.79,4.04,50239.01,19918.04
002012.SZ,2006-04-28,3.99,4.29,3.97,4.16,61152.08,25385.53
002012.SZ,2006-05-08,4.13,4.16,3.97,4.12,34633.37,14041.69
002012.SZ,2006-05-09,4.12,4.17,4.0,4.14,50425.87,20584.92
002012.SZ,2006-05-10,4.15,4.32,4.1,4.24,50599.31,21373.44
002012.SZ,2006-05-11,4.25,4.34,4.12,4.13,59278.63,25187.93
002012.SZ,2006-05-12,4.08,4.25,4.06,4.22,54498.2,22687.11
002012.SZ,2006-05-15,4.26,4.47,4.16,4.45,83664.88,36028.35
002012.SZ,2006-05-16,4.48,4.56,4.27,4.29,70527.01,30956.46
002012.SZ,2006-05-17,4.28,4.53,4.25,4.49,63766.97,28036.0
002012.SZ,2006-05-18,4.57,4.9,4.45,4.79,110866.22,51894.86
002012.SZ,2006-05-19,4.8,5.2,4.7,5.14,122302.3,60357.9
002012.SZ,2006-05-22,5.2,5.47,5.11,5.2,121598.63,64402.05
002012.SZ,2006-05-23,5.1,5.15,4.75,4.75,79097.01,39412.33
002012.SZ,2006-05-24,4.77,4.95,4.52,4.7,55416.76,26272.8
002012.SZ,2006-05-25,4.72,5.0,4.66,5.0,50497.6,24515.78
002012.SZ,2006-05-26,5.0,5.28,5.0,5.15,62434.62,32170.88
002012.SZ,2006-05-29,5.16,5.29,5.12,5.29,58175.03,30289.22
002012.SZ,2006-05-30,5.32,5.34,5.11,5.23,46037.72,23906.31
002012.SZ,2006-05-31,5.2,5.24,5.03,5.1,42961.65,21998.46
002012.SZ,2006-06-01,5.03,5.52,5.03,5.45,89057.58,47760.75
002012.SZ,2006-06-02,5.5,5.78,5.39,5.73,116068.08,64509.29
002012.SZ,2006-06-05,5.7,6.02,5.65,5.89,113668.25,66783.05
002012.SZ,2006-06-06,5.93,5.93,5.55,5.6,67513.73,38373.75
002012.SZ,2006-06-07,5.54,5.63,5.05,5.05,58040.09,30636.09
002012.SZ,2006-06-08,4.89,5.28,4.78,5.21,52168.0,26061.66
002012.SZ,2006-06-09,5.18,5.2,4.92,4.92,39639.74,20062.54
002012.SZ,2006-06-12,4.87,5.03,4.83,4.98,23805.21,11774.88
002012.SZ,2006-06-13,5.08,5.1,4.89,4.93,18868.43,9446.5
002012.SZ,2006-06-14,4.94,5.09,4.89,5.08,23702.78,11823.37
002012.SZ,2006-06-15,5.11,5.22,5.04,5.1,24379.57,12473.94
002012.SZ,2006-06-16,5.1,5.29,5.1,5.29,37550.42,19533.76
002012.SZ,2006-06-19,5.28,5.35,5.19,5.23,39593.81,20893.41
002012.SZ,2006-06-20,5.2,5.21,5.04,5.12,36241.27,18552.38
002012.SZ,2006-06-21,5.13,5.17,4.99,5.06,27086.7,13677.3
002012.SZ,2006-06-22,5.06,5.09,4.93,5.02,19533.28,9741.31
002012.SZ,2006-06-23,5.01,5.2,4.93,5.19,36947.79,18804.38
002012.SZ,2006-06-26,5.24,5.37,5.24,5.32,52727.39,27971.03
002012.SZ,2006-06-27,5.33,5.33,5.16,5.27,28700.36,15007.15
002012.SZ,2006-06-28,5.21,5.26,5.14,5.14,21642.25,11212.95
002012.SZ,2006-06-29,5.18,5.39,5.16,5.34,44175.31,23234.49
002012.SZ,2006-06-30,5.3,5.35,5.15,5.16,31888.35,16621.39
002012.SZ,2006-07-03,5.15,5.22,5.07,5.18,32241.02,16563.97
002012.SZ,2006-07-04,5.18,5.2,5.05,5.09,25803.36,13201.65
002012.SZ,2006-07-05,5.09,5.14,4.98,5.05,21882.44,11021.0
002012.SZ,2006-07-06,5.05,5.18,5.01,5.14,22980.51,11766.45
002012.SZ,2006-07-07,5.16,5.29,5.1,5.16,37908.23,19771.09
002012.SZ,2006-07-10,5.16,5.38,5.14,5.35,46330.25,24487.21
002012.SZ,2006-07-11,5.38,5.48,5.24,5.46,58865.26,31690.83
002012.SZ,2006-07-12,5.42,5.49,5.25,5.28,38935.78,20922.25
002012.SZ,2006-07-13,5.2,5.27,4.75,4.75,57256.53,28498.62
002012.SZ,2006-07-14,4.7,4.85,4.61,4.77,27250.24,12906.56
002012.SZ,2006-07-17,4.73,4.76,4.62,4.74,21351.0,9993.54
002012.SZ,2006-07-18,4.69,4.74,4.63,4.71,14462.44,6751.57
002012.SZ,2006-07-19,4.71,4.71,4.42,4.48,25892.93,11718.99
002012.SZ,2006-07-20,4.44,4.55,4.43,4.53,12407.35,5581.26
002012.SZ,2006-07-21,4.53,4.57,4.46,4.53,15227.07,6852.19
002012.SZ,2006-07-24,4.5,4.52,4.36,4.5,12774.07,5680.7
002012.SZ,2006-07-25,4.48,4.61,4.48,4.56,14952.61,6814.54
002012.SZ,2006-07-26,4.55,4.67,4.5,4.61,14595.33,6690.13
002012.SZ,2006-07-27,4.6,4.65,4.49,4.52,14288.19,6501.91
002012.SZ,2006-07-28,4.5,4.59,4.47,4.55,12164.4,5499.18
002012.SZ,2006-07-31,4.5,4.55,4.15,4.17,19118.15,8157.28
002012.SZ,2006-08-01,4.24,4.24,4.11,4.15,11098.91,4621.46
002012.SZ,2006-08-02,4.12,4.17,4.0,4.13,11308.57,4634.73
002012.SZ,2006-08-03,4.14,4.17,4.05,4.12,8560.64,3523.51
002012.SZ,2006-08-04,4.1,4.15,3.96,3.97,9778.3,3972.41
002012.SZ,2006-08-07,3.96,4.0,3.87,3.91,11395.66,4482.53
002012.SZ,2006-08-08,3.91,4.03,3.91,4.03,9187.13,3647.19
002012.SZ,2006-08-09,4.03,4.09,3.96,4.06,9229.74,3719.29
002012.SZ,2006-08-10,4.04,4.09,4.0,4.08,8774.66,3555.28
002012.SZ,2006-08-11,4.09,4.14,4.07,4.09,10898.51,4470.74
002012.SZ,2006-08-14,4.08,4.11,3.9,3.9,9873.56,3933.78
002012.SZ,2006-08-15,3.93,3.98,3.88,3.98,6551.89,2582.66
002012.SZ,2006-08-16,3.98,4.06,3.98,4.05,7441.0,2995.63
002012.SZ,2006-08-17,4.0,4.02,3.95,4.02,6791.41,2705.37
002012.SZ,2006-08-18,4.01,4.07,3.98,4.0,5471.5,2194.33
002012.SZ,2006-08-21,3.85,4.0,3.8,3.99,9170.15,3594.41
002012.SZ,2006-08-22,3.99,4.12,3.95,4.1,13959.48,5636.16
002012.SZ,2006-08-23,4.1,4.18,4.08,4.17,23580.94,9748.47
002012.SZ,2006-08-24,4.15,4.27,4.11,4.24,21879.4,9214.72
002012.SZ,2006-08-25,4.23,4.23,4.16,4.17,7835.93,3282.64
002012.SZ,2006-08-28,4.15,4.23,4.15,4.21,8583.43,3600.3
002012.SZ,2006-08-29,4.22,4.32,4.18,4.2,15856.94,6738.16
002012.SZ,2006-08-30,4.2,4.22,4.16,4.19,8651.41,3624.78
002012.SZ,2006-08-31,4.17,4.29,4.17,4.25,15255.72,6493.81
002012.SZ,2006-09-01,4.23,4.29,4.17,4.22,14073.02,5955.71
002012.SZ,2006-09-04,4.18,4.49,4.18,4.45,31794.14,13914.73
002012.SZ,2006-09-05,4.4,4.47,4.35,4.45,12614.33,5547.29
002012.SZ,2006-09-06,4.43,4.49,4.37,4.46,12192.84,5383.75
002012.SZ,2006-09-07,4.45,4.55,4.39,4.39,14265.07,6368.73
002012.SZ,2006-09-08,4.36,4.44,4.35,4.41,7589.98,3339.03
002012.SZ,2006-09-11,4.39,4.42,4.22,4.3,6238.1,2684.97
002012.SZ,2006-09-12,4.31,4.36,4.28,4.34,6100.81,2632.65
002012.SZ,2006-09-13,4.38,4.38,4.3,4.31,7179.75,3114.28
002012.SZ,2006-09-14,4.25,4.32,4.22,4.24,5144.95,2187.45
002012.SZ,2006-09-15,4.25,4.33,4.21,4.3,7335.58,3143.7
002012.SZ,2006-09-18,4.3,4.45,4.3,4.41,11755.94,5143.6
002012.SZ,2006-09-19,4.42,4.42,4.33,4.36,10329.21,4502.13
002012.SZ,2006-09-20,4.35,4.36,4.29,4.33,7891.31,3404.69
002012.SZ,2006-09-21,4.33,4.41,4.29,4.39,18377.29,8035.66
002012.SZ,2006-09-22,4.4,4.42,4.22,4.33,12804.93,5527.25
002012.SZ,2006-09-25,4.32,4.33,4.2,4.21,8826.94,3755.38
002012.SZ,2006-09-26,4.21,4.26,4.17,4.18,5213.61,2190.24
002012.SZ,2006-09-27,4.18,4.23,4.16,4.23,8649.15,3620.64
002012.SZ,2006-09-28,4.23,4.31,4.21,4.26,10435.37,4470.66
002012.SZ,2006-09-29,4.29,4.33,4.25,4.31,10802.52,4635.88
002012.SZ,2006-10-09,4.31,4.4,4.31,4.37,12130.81,5290.51
002012.SZ,2006-10-10,4.35,4.39,4.31,4.38,14454.94,6302.94
002012.SZ,2006-10-11,4.39,4.54,4.38,4.53,28615.46,12767.17
002012.SZ,2006-10-12,4.51,4.54,4.42,4.45,14860.07,6639.11
002012.SZ,2006-10-13,4.45,4.48,4.38,4.39,10101.69,4458.04
002012.SZ,2006-10-16,4.38,4.44,4.35,4.39,10209.2,4480.54
002012.SZ,2006-10-17,4.4,4.4,4.3,4.32,10064.1,4374.76
002012.SZ,2006-10-18,4.3,4.36,4.29,4.36,7542.52,3266.73
002012.SZ,2006-10-19,4.36,4.47,4.33,4.45,18098.51,8005.06
002012.SZ,2006-10-20,4.61,4.8,4.54,4.58,78371.91,36428.39
002012.SZ,2006-10-23,4.5,4.59,4.31,4.38,26669.2,11895.64
002012.SZ,2006-10-24,4.39,4.49,4.33,4.46,16924.4,7477.64
002012.SZ,2006-10-25,4.46,4.56,4.39,4.4,17871.66,7979.82
002012.SZ,2006-10-26,4.38,4.41,4.35,4.37,8433.43,3680.94
002012.SZ,2006-10-27,4.35,4.37,4.18,4.22,12210.49,5194.08
002012.SZ,2006-10-30,4.2,4.25,4.15,4.2,8904.56,3720.26
002012.SZ,2006-10-31,4.33,4.33,4.2,4.25,11950.55,5065.54
002012.SZ,2006-11-01,4.25,4.27,4.17,4.19,10519.45,4426.72
002012.SZ,2006-11-02,4.19,4.31,4.15,4.3,14958.04,6345.67
002012.SZ,2006-11-03,4.29,4.44,4.26,4.32,18860.28,8234.2
002012.SZ,2006-11-06,4.28,4.28,4.15,4.16,38217.42,15984.91
002012.SZ,2006-11-07,4.17,4.18,4.05,4.07,23145.9,9464.39
002012.SZ,2006-11-08,4.08,4.18,4.0,4.16,85032.8,35183.08
002012.SZ,2006-11-09,4.15,4.17,4.09,4.13,26494.24,10956.83
002012.SZ,2006-11-10,4.13,4.13,3.95,3.95,41077.31,16497.16
002012.SZ,2006-11-13,3.95,4.01,3.9,3.95,26132.13,10314.85
002012.SZ,2006-11-14,3.95,4.04,3.93,4.03,11803.36,4697.4
002012.SZ,2006-11-15,4.04,4.06,4.0,4.03,13351.45,5383.42
002012.SZ,2006-11-16,4.05,4.07,3.93,3.94,17542.91,7008.65
002012.SZ,2006-11-17,3.94,4.07,3.93,4.04,17679.43,7121.68
002012.SZ,2006-11-20,4.17,4.18,3.9,3.92,49019.1,19783.94
002012.SZ,2006-11-21,3.91,3.97,3.73,3.88,32184.33,12361.6
002012.SZ,2006-11-22,3.84,3.95,3.81,3.88,28778.74,11137.56
002012.SZ,2006-11-23,3.88,3.9,3.84,3.9,17796.26,6880.66
002012.SZ,2006-11-24,3.9,3.9,3.83,3.85,23120.45,8908.69
002012.SZ,2006-11-27,3.87,3.94,3.84,3.93,25990.54,10137.61
002012.SZ,2006-11-28,3.93,3.98,3.91,3.97,56151.09,22194.39
002012.SZ,2006-11-29,3.98,3.98,3.91,3.94,51962.87,20552.33
002012.SZ,2006-11-30,3.94,4.01,3.92,4.0,53174.62,21071.03
002012.SZ,2006-12-01,3.99,3.99,3.9,3.9,40921.87,16103.01
002012.SZ,2006-12-04,3.89,4.05,3.86,4.0,65185.09,25935.58
002012.SZ,2006-12-05,4.01,4.06,3.96,4.03,53803.35,21594.97
002012.SZ,2006-12-06,4.06,4.06,3.88,3.95,43791.99,17383.87
002012.SZ,2006-12-07,3.95,4.08,3.94,3.98,59645.48,24034.04
002012.SZ,2006-12-08,3.93,4.03,3.92,3.93,40618.16,16185.52
002012.SZ,2006-12-11,3.91,4.02,3.89,3.98,28361.75,11198.11
002012.SZ,2006-12-12,3.98,4.0,3.9,3.95,25202.34,9910.51
002012.SZ,2006-12-13,3.95,4.09,3.91,4.08,65707.36,26476.07
002012.SZ,2006-12-14,4.09,4.14,4.02,4.05,45040.04,18267.71
002012.SZ,2006-12-15,4.07,4.07,4.0,4.03,31166.03,12533.56
002012.SZ,2006-12-18,4.04,4.3,4.03,4.27,115358.9,48445.45
002012.SZ,2006-12-19,4.27,4.27,4.11,4.22,60086.65,25060.74
002012.SZ,2006-12-20,4.21,4.26,4.13,4.23,41806.93,17567.33
002012.SZ,2006-12-21,4.23,4.35,4.11,4.17,48732.05,20782.2
002012.SZ,2006-12-22,4.14,4.2,4.1,4.15,25442.91,10552.51
002012.SZ,2006-12-25,4.16,4.22,4.11,4.14,23914.99,9960.94
002012.SZ,2006-12-26,4.13,4.15,4.0,4.03,27212.25,11029.84
002012.SZ,2006-12-27,3.98,4.03,3.94,3.97,29185.7,11582.28
002012.SZ,2006-12-28,3.96,4.0,3.81,3.81,29106.66,11304.94
002012.SZ,2006-12-29,3.83,3.95,3.83,3.88,28080.53,10904.48
002012.SZ,2007-01-04,3.82,3.92,3.82,3.86,30386.38,11748.57
002012.SZ,2007-01-05,3.9,3.98,3.84,3.97,28429.99,11151.58
002012.SZ,2007-01-08,3.97,4.07,3.94,4.06,47327.93,18993.55
002012.SZ,2007-01-09,4.0,4.11,3.96,4.11,85289.41,34420.12
002012.SZ,2007-01-10,4.1,4.16,4.03,4.15,65068.02,26658.74
002012.SZ,2007-01-11,4.16,4.27,4.11,4.16,86585.98,36345.23
002012.SZ,2007-01-12,4.13,4.18,3.96,3.96,54992.08,22365.24
002012.SZ,2007-01-15,3.96,4.15,3.96,4.12,38551.17,15683.76
002012.SZ,2007-01-16,4.15,4.26,4.07,4.22,67386.44,28107.41
002012.SZ,2007-01-17,4.25,4.33,4.11,4.18,73050.98,30937.86
002012.SZ,2007-01-18,4.18,4.44,4.14,4.44,82732.65,35492.85
002012.SZ,2007-01-19,4.45,4.5,4.38,4.46,98387.37,43627.38
002012.SZ,2007-01-22,4.48,4.76,4.48,4.71,110218.06,50801.89
002012.SZ,2007-01-23,4.73,5.08,4.6,4.96,139106.9,67752.85
002012.SZ,2007-01-24,4.88,5.03,4.85,4.91,83956.44,41390.5
002012.SZ,2007-01-25,4.88,4.88,4.6,4.63,75922.14,35744.11
002012.SZ,2007-01-26,4.59,4.88,4.53,4.84,78395.54,36975.16
002012.SZ,2007-01-29,4.85,5.03,4.82,4.96,69795.97,34383.23
002012.SZ,2007-01-30,4.96,4.97,4.75,4.81,52257.02,25374.48
002012.SZ,2007-01-31,4.8,4.8,4.5,4.53,47917.89,22314.65
002012.SZ,2007-02-01,4.53,4.66,4.48,4.61,43158.03,19751.16
002012.SZ,2007-02-02,4.61,4.76,4.51,4.62,46766.41,21631.4
002012.SZ,2007-02-05,4.61,4.84,4.55,4.73,36534.35,17247.82
002012.SZ,2007-02-06,4.73,4.8,4.61,4.79,35777.72,16941.03
002012.SZ,2007-02-07,4.76,4.94,4.75,4.79,45359.58,21966.83
002012.SZ,2007-02-08,4.78,4.93,4.77,4.88,51471.57,25106.33
002012.SZ,2007-02-09,4.9,4.96,4.75,4.83,38896.04,18768.3
002012.SZ,2007-02-12,4.81,4.95,4.8,4.91,55719.55,27285.78
002012.SZ,2007-02-13,4.94,5.05,4.86,5.05,56481.51,27954.3
002012.SZ,2007-02-14,5.09,5.27,5.02,5.12,66572.13,34325.69
002012.SZ,2007-02-15,5.15,5.19,5.06,5.17,60903.3,31291.93
002012.SZ,2007-02-16,5.17,5.43,5.09,5.28,90059.82,47551.71
002012.SZ,2007-02-26,5.3,5.64,5.24,5.62,77062.65,42349.26
002012.SZ,2007-02-27,5.58,5.85,5.06,5.06,119068.91,64309.29
002012.SZ,2007-02-28,5.06,5.44,5.02,5.4,84067.18,44022.09
002012.SZ,2007-03-01,5.38,5.41,5.08,5.22,74980.39,39447.06
002012.SZ,2007-03-02,5.28,5.74,5.25,5.74,144959.67,80856.82
002012.SZ,2007-03-05,5.77,5.94,5.46,5.81,128211.85,73271.84
002012.SZ,2007-03-06,5.79,5.8,5.6,5.69,51636.52,29533.75
002012.SZ,2007-03-07,5.7,5.88,5.66,5.78,66597.16,38336.84
002012.SZ,2007-03-08,5.76,5.96,5.61,5.88,73425.26,42871.59
002012.SZ,2007-03-09,5.91,6.05,5.83,5.87,91018.49,54196.89
002012.SZ,2007-03-12,5.85,6.06,5.64,5.99,90703.16,52791.66
002012.SZ,2007-03-13,5.99,6.14,5.89,5.97,89918.18,54026.69
002012.SZ,2007-03-14,5.95,5.98,5.68,5.87,77254.54,45011.45
002012.SZ,2007-03-15,5.88,6.13,5.88,6.1,108792.28,65746.28
002012.SZ,2007-03-16,6.11,6.15,5.75,5.81,84717.23,50428.08
002012.SZ,2007-03-19,5.66,5.92,5.6,5.84,69329.06,40253.26
002012.SZ,2007-03-20,5.84,6.08,5.83,6.05,72582.13,43467.71
002012.SZ,2007-03-21,6.05,6.57,5.93,6.39,112341.77,69819.02
002012.SZ,2007-03-22,6.39,6.5,6.26,6.28,91974.94,58685.55
002012.SZ,2007-03-23,6.25,6.65,6.25,6.57,93411.08,60357.38
002012.SZ,2007-03-26,6.61,6.94,6.61,6.82,80445.71,54807.42
002012.SZ,2007-03-27,6.82,7.03,6.7,6.93,80148.19,55215.13
002012.SZ,2007-03-28,6.91,6.95,6.4,6.76,106430.52,71410.87
002012.SZ,2007-03-29,6.79,6.89,6.34,6.45,90299.11,59512.4
002012.SZ,2007-03-30,6.38,6.64,6.34,6.58,55531.91,35953.76
002012.SZ,2007-04-02,6.55,6.85,6.55,6.83,65619.68,44363.87
002012.SZ,2007-04-03,6.86,6.92,6.72,6.81,51895.07,35178.55
002012.SZ,2007-04-04,6.7,6.7,6.48,6.6,151007.95,99604.95
002012.SZ,2007-04-05,6.59,6.74,6.5,6.66,78443.89,52111.25
002012.SZ,2007-04-09,6.66,7.1,6.66,7.09,143313.77,98782.58
002012.SZ,2007-04-10,7.11,7.18,6.78,7.01,91336.9,63773.6
002012.SZ,2007-04-11,6.99,6.99,6.79,6.92,61821.59,42609.55
002012.SZ,2007-04-12,6.92,7.19,6.88,7.08,81357.95,57174.57
002012.SZ,2007-04-13,7.09,7.12,6.79,6.86,85954.07,59703.46
002012.SZ,2007-04-16,6.85,7.1,6.79,7.05,90634.84,63115.38
002012.SZ,2007-04-17,7.08,7.43,6.99,7.38,126243.89,90373.58
002012.SZ,2007-04-18,7.51,8.11,7.5,7.8,149690.97,116159.57
002012.SZ,2007-04-19,7.78,8.5,7.24,8.01,194063.7,152821.53
002012.SZ,2007-04-20,8.15,8.45,8.1,8.24,159823.96,132165.94
002012.SZ,2007-04-23,8.3,8.78,8.23,8.57,111893.09,94960.51
002012.SZ,2007-04-24,8.56,8.7,8.37,8.42,106616.92,90553.03
002012.SZ,2007-04-25,8.4,8.4,8.0,8.25,86642.99,70820.41
002012.SZ,2007-04-26,8.2,8.48,8.15,8.3,59228.42,49059.75
002012.SZ,2007-04-27,8.3,8.34,8.06,8.09,47688.19,38974.03
002012.SZ,2007-04-30,7.99,8.17,7.82,7.92,66547.88,52960.29
002012.SZ,2007-05-08,8.08,8.71,8.08,8.71,129308.01,110931.55
002012.SZ,2007-05-09,8.78,9.38,8.55,9.13,149622.96,135431.94
002012.SZ,2007-05-10,9.0,9.24,8.81,9.02,94969.91,86107.22
002012.SZ,2007-05-11,8.93,8.99,8.69,8.95,60278.2,53196.99
002012.SZ,2007-05-14,8.79,9.22,8.71,8.94,69963.3,63164.7
002012.SZ,2007-05-15,8.94,9.02,8.4,8.4,68797.63,60034.45
002012.SZ,2007-05-16,8.41,8.7,8.19,8.68,52317.16,44153.92
002012.SZ,2007-05-17,8.65,8.91,8.57,8.91,62456.21,54733.49
002012.SZ,2007-05-18,8.92,8.97,8.73,8.73,54308.91,47916.52
002012.SZ,2007-05-21,8.4,9.11,8.3,9.07,84440.48,74947.06
002012.SZ,2007-05-22,9.1,9.28,8.98,9.18,102206.32,93306.79
002012.SZ,2007-05-23,9.15,9.67,9.14,9.54,87846.97,83135.9
002012.SZ,2007-05-24,9.54,10.04,8.96,9.95,166543.78,159371.91
002012.SZ,2007-05-25,9.79,10.95,9.6,10.95,177391.19,187365.9
002012.SZ,2007-05-28,11.49,11.6,11.02,11.13,179628.2,202585.48
002012.SZ,2007-05-29,11.13,11.35,10.73,11.19,107655.34,119039.4
002012.SZ,2007-05-30,10.07,10.93,10.07,10.07,166882.23,172203.01
002012.SZ,2007-05-31,9.8,10.18,9.06,9.21,124167.88,117211.79
002012.SZ,2007-06-01,9.3,9.66,8.29,8.29,81219.41,71284.38
002012.SZ,2007-06-04,8.0,8.0,7.46,7.46,103444.69,79368.16
002012.SZ,2007-06-05,6.81,7.35,6.71,7.31,92092.29,63758.47
002012.SZ,2007-06-06,7.19,7.52,6.85,7.2,66553.57,48127.03
002012.SZ,2007-06-07,7.18,7.55,6.94,7.46,77960.7,56928.32
002012.SZ,2007-06-08,7.51,7.7,7.4,7.52,68393.49,51742.56
002012.SZ,2007-06-11,7.5,7.68,7.21,7.32,71772.84,53547.55
002012.SZ,2007-06-12,7.3,7.45,6.6,7.2,65948.66,46521.56
002012.SZ,2007-06-13,7.21,7.92,7.21,7.92,110554.47,85168.43
002012.SZ,2007-06-14,7.95,8.29,7.66,7.78,90749.3,72713.36
002012.SZ,2007-06-15,7.6,7.82,7.32,7.53,56316.93,42418.91
002012.SZ,2007-06-18,7.59,8.06,7.59,7.88,61775.15,48273.1
002012.SZ,2007-06-19,7.85,7.98,7.61,7.88,44593.56,34826.22
002012.SZ,2007-06-20,7.91,8.14,7.55,7.65,66501.24,52687.46
002012.SZ,2007-06-21,7.61,7.72,7.2,7.44,44674.0,33340.19
002012.SZ,2007-06-22,7.45,7.59,6.7,6.8,51500.19,36733.08
002012.SZ,2007-06-25,6.87,7.09,6.3,6.73,59062.78,40059.0
002012.SZ,2007-06-26,6.8,7.37,6.6,7.34,80074.04,55782.5
002012.SZ,2007-06-27,7.38,7.81,7.15,7.61,78844.05,58890.21
002012.SZ,2007-06-28,7.62,7.62,6.86,6.93,46650.49,33848.59
002012.SZ,2007-06-29,6.7,6.88,6.33,6.5,43977.7,28867.17
002012.SZ,2007-07-02,6.45,6.75,6.35,6.7,28568.18,18639.93
002012.SZ,2007-07-03,6.71,6.8,6.45,6.7,19332.32,12793.75
002012.SZ,2007-07-04,6.68,6.7,6.2,6.26,26572.33,17053.55
002012.SZ,2007-07-05,6.18,6.18,5.7,5.72,33588.88,19835.82
002012.SZ,2007-07-06,5.72,6.13,5.43,6.1,45974.22,26746.31
002012.SZ,2007-07-09,6.05,6.21,5.91,6.15,44843.27,27317.25
002012.SZ,2007-07-10,6.1,6.14,5.85,5.89,26202.44,15597.95
002012.SZ,2007-07-11,5.8,6.1,5.8,6.04,15522.27,9297.23
002012.SZ,2007-07-12,6.15,6.15,6.02,6.08,14608.55,8870.88
002012.SZ,2007-07-13,6.06,6.18,6.02,6.05,15761.22,9624.3
002012.SZ,2007-07-16,6.05,6.05,5.85,5.9,13934.95,8264.33
002012.SZ,2007-07-17,5.9,6.03,5.84,5.97,10418.54,6203.54
002012.SZ,2007-07-18,5.98,6.13,5.9,6.05,13072.5,7900.14
002012.SZ,2007-07-19,6.0,6.12,5.96,6.12,13742.68,8258.77
002012.SZ,2007-07-20,6.15,6.64,6.11,6.5,44598.22,28628.64
002012.SZ,2007-07-23,6.66,7.15,6.65,7.15,42042.28,29163.97
002012.SZ,2007-07-24,7.4,7.86,7.21,7.23,138105.44,104081.82
002012.SZ,2007-07-25,7.18,7.45,7.08,7.39,44539.25,32513.14
002012.SZ,2007-07-26,7.49,7.66,7.23,7.6,63096.77,46857.82
002012.SZ,2007-07-27,7.55,7.66,7.35,7.5,41219.01,30960.72
002012.SZ,2007-07-30,7.5,7.74,7.4,7.73,62682.21,47644.22
002012.SZ,2007-07-31,7.74,7.78,7.45,7.66,42696.93,32478.02
002012.SZ,2007-08-01,7.61,7.68,7.0,7.07,45700.85,33514.35
002012.SZ,2007-08-02,7.01,7.3,6.95,7.17,37005.26,26386.95
002012.SZ,2007-08-03,7.11,7.29,6.93,7.1,38636.12,27366.49
002012.SZ,2007-08-06,7.09,7.47,6.93,7.37,53046.52,38376.44
002012.SZ,2007-08-07,7.33,7.36,7.1,7.16,41396.03,29711.16
002012.SZ,2007-08-08,7.06,7.2,6.92,7.12,30069.57,21221.36
002012.SZ,2007-08-09,7.1,7.83,7.02,7.83,113944.16,86480.56
002012.SZ,2007-08-10,7.89,7.89,7.25,7.51,67595.19,51070.86
002012.SZ,2007-08-13,7.51,7.59,7.17,7.3,34283.51,25149.9
002012.SZ,2007-08-14,7.33,7.74,7.18,7.68,46800.99,35373.48
002012.SZ,2007-08-15,7.65,7.78,7.3,7.41,31283.49,23397.26
002012.SZ,2007-08-16,7.49,8.15,7.3,8.15,124635.74,99204.0
002012.SZ,2007-08-17,8.16,8.37,7.76,7.85,87625.36,70508.17
002012.SZ,2007-08-20,8.08,8.43,7.88,8.23,67631.2,55559.63
002012.SZ,2007-08-21,8.28,8.6,8.12,8.14,65961.12,54890.05
002012.SZ,2007-08-22,8.0,8.44,7.91,8.22,50944.98,41994.11
002012.SZ,2007-08-23,8.2,8.45,7.95,8.38,74164.79,60569.36
002012.SZ,2007-08-24,8.37,9.2,8.28,9.0,121883.89,107465.53
002012.SZ,2007-08-27,9.12,9.9,8.78,9.9,198210.86,186952.41
002012.SZ,2007-08-28,9.85,10.49,9.3,9.85,151305.24,151138.6
002012.SZ,2007-08-29,9.6,9.78,9.22,9.26,76271.48,72164.13
002012.SZ,2007-08-30,9.42,9.8,9.09,9.52,60677.11,57112.49
002012.SZ,2007-08-31,9.53,9.75,9.3,9.39,42160.13,40140.38
002012.SZ,2007-09-03,9.4,9.64,9.32,9.53,57254.7,54254.73
002012.SZ,2007-09-04,9.48,9.56,9.2,9.29,43043.3,40320.35
002012.SZ,2007-09-05,9.21,9.38,8.78,9.27,62842.46,56768.13
002012.SZ,2007-09-06,9.28,9.84,9.28,9.55,58150.56,55775.62
002012.SZ,2007-09-07,9.29,9.85,9.29,9.44,62740.09,59982.78
002012.SZ,2007-09-10,9.4,10.38,9.31,10.38,124722.36,126369.66
002012.SZ,2007-09-11,10.58,10.78,9.34,9.45,99029.69,101203.51
002012.SZ,2007-09-12,9.4,9.85,8.51,9.12,80468.41,72913.07
002012.SZ,2007-09-14,9.7,9.7,8.8,9.37,52517.7,48765.18
002012.SZ,2007-09-17,9.05,9.45,9.05,9.36,45696.39,42472.12
002012.SZ,2007-09-18,9.36,9.38,9.02,9.12,40971.91,37629.49
002012.SZ,2007-09-19,9.12,9.23,8.8,8.94,53095.65,47371.75
002012.SZ,2007-09-20,9.02,9.14,8.8,8.91,31797.02,28471.02
002012.SZ,2007-09-24,9.35,9.42,9.0,9.21,58162.11,53647.68
002012.SZ,2007-09-25,9.18,9.18,8.51,8.71,41278.75,36628.01
002012.SZ,2007-09-26,8.56,8.75,8.1,8.25,37859.86,31769.23
002012.SZ,2007-09-27,8.25,8.36,8.11,8.3,24542.38,20227.73
002012.SZ,2007-09-28,8.35,8.48,8.3,8.38,24341.4,20388.56
002012.SZ,2007-10-08,8.57,8.77,8.36,8.55,34178.9,29242.62
002012.SZ,2007-10-09,8.6,8.6,8.2,8.35,30939.83,25687.7
002012.SZ,2007-10-10,8.43,8.57,8.14,8.2,35677.9,29651.4
002012.SZ,2007-10-11,8.2,8.33,7.91,7.96,26002.91,21098.03
002012.SZ,2007-10-12,8.08,8.15,7.22,7.68,44060.36,33299.47
002012.SZ,2007-10-15,7.7,7.74,7.25,7.5,29897.75,22204.28
002012.SZ,2007-10-16,7.5,7.89,7.37,7.78,23998.57,18346.48
002012.SZ,2007-10-17,7.86,7.86,7.45,7.6,20411.56,15537.44
002012.SZ,2007-10-18,7.56,7.62,7.31,7.34,20919.2,15557.34
002012.SZ,2007-10-19,7.4,7.53,7.31,7.4,12756.57,9457.98
002012.SZ,2007-10-22,7.4,7.41,7.07,7.1,16992.52,12322.4
002012.SZ,2007-10-23,7.1,7.52,7.03,7.36,23167.19,16857.86
002012.SZ,2007-10-24,7.36,7.39,7.0,7.08,15875.11,11345.46
002012.SZ,2007-10-25,7.07,7.07,6.37,6.37,30888.08,20222.21
002012.SZ,2007-10-26,6.4,6.48,6.24,6.37,15240.85,9724.45
002012.SZ,2007-10-29,6.41,6.49,6.1,6.27,14982.31,9332.99
002012.SZ,2007-10-30,6.34,6.68,6.24,6.65,17951.32,11608.11
002012.SZ,2007-10-31,6.67,7.02,6.5,6.99,23991.64,16307.37
002012.SZ,2007-11-01,6.9,6.9,6.6,6.6,17588.97,11861.84
002012.SZ,2007-11-02,6.5,7.26,6.41,7.26,27969.07,19864.9
002012.SZ,2007-11-05,7.3,7.96,7.01,7.72,75577.69,57058.24
002012.SZ,2007-11-06,7.56,7.9,7.41,7.68,36457.43,28103.75
002012.SZ,2007-11-07,7.6,7.79,7.34,7.6,19728.6,14809.97
002012.SZ,2007-11-08,7.6,8.26,7.5,7.75,47999.79,37880.68
002012.SZ,2007-11-09,7.57,7.95,7.51,7.55,22874.53,17674.39
002012.SZ,2007-11-12,7.56,7.57,6.86,7.22,24679.66,17734.59
002012.SZ,2007-11-13,7.26,7.48,7.15,7.37,14026.37,10268.82
002012.SZ,2007-11-14,7.38,7.84,7.3,7.66,18243.84,13889.47
002012.SZ,2007-11-15,7.57,8.17,7.57,7.98,47870.94,38236.15
002012.SZ,2007-11-16,7.99,8.48,7.83,8.0,47941.37,39345.8
002012.SZ,2007-11-19,8.0,8.31,7.91,8.31,24974.05,20347.86
002012.SZ,2007-11-20,8.37,8.43,8.1,8.2,28051.04,23008.02
002012.SZ,2007-11-21,8.23,8.28,7.92,7.97,21053.18,16896.76
002012.SZ,2007-11-22,7.85,8.27,7.82,7.92,27468.54,22194.45
002012.SZ,2007-11-23,7.9,8.06,7.57,8.03,18005.6,14058.47
002012.SZ,2007-11-26,8.15,8.17,7.92,8.05,23721.7,19121.85
002012.SZ,2007-11-27,8.05,8.05,7.71,7.86,16960.03,13303.69
002012.SZ,2007-11-28,7.95,8.0,7.65,7.68,11764.95,9191.71
002012.SZ,2007-11-29,7.55,7.98,7.55,7.85,14143.39,10963.67
002012.SZ,2007-11-30,7.9,7.92,7.55,7.72,19625.82,15113.44
002012.SZ,2007-12-03,7.59,8.08,7.59,8.05,30203.42,23881.77
002012.SZ,2007-12-04,8.05,8.19,7.88,8.16,24253.6,19555.11
002012.SZ,2007-12-05,8.13,8.28,8.06,8.15,29693.25,24247.63
002012.SZ,2007-12-06,8.15,8.49,8.0,8.39,38808.02,32065.42
002012.SZ,2007-12-07,8.37,8.4,8.21,8.31,28790.49,23905.09
002012.SZ,2007-12-10,8.21,8.51,8.1,8.37,33199.75,27847.81
002012.SZ,2007-12-11,8.46,8.6,8.3,8.5,31951.12,27080.3
002012.SZ,2007-12-12,8.5,8.55,8.31,8.48,24350.88,20542.48
002012.SZ,2007-12-13,8.52,8.8,8.25,8.34,33998.46,29245.93
002012.SZ,2007-12-14,8.11,8.4,8.11,8.37,22123.81,18291.87
002012.SZ,2007-12-17,8.46,8.67,8.32,8.48,28245.71,24065.12
002012.SZ,2007-12-18,8.5,8.58,8.28,8.33,14180.27,11883.4
002012.SZ,2007-12-19,8.31,8.54,8.26,8.46,17666.48,14847.17
002012.SZ,2007-12-20,8.48,8.66,8.4,8.61,23402.92,20085.79
002012.SZ,2007-12-21,8.58,8.86,8.5,8.71,32314.22,28198.82
002012.SZ,2007-12-24,8.75,8.97,8.61,8.74,31282.56,27552.33
002012.SZ,2007-12-25,8.79,8.9,8.67,8.9,25093.55,22155.47
002012.SZ,2007-12-26,8.98,9.11,8.86,9.01,32874.57,29485.5
002012.SZ,2007-12-27,8.67,8.94,8.65,8.77,104606.56,91840.22
002012.SZ,2007-12-28,8.76,8.95,8.5,8.56,57497.7,49687.42
002012.SZ,2008-01-02,8.58,8.75,8.41,8.72,37949.78,32706.48
002012.SZ,2008-01-03,8.7,9.28,8.68,9.18,65974.34,59420.47
002012.SZ,2008-01-04,9.16,9.44,9.02,9.17,54971.64,51005.81
002012.SZ,2008-01-07,9.17,9.48,9.1,9.28,49082.9,45652.56
002012.SZ,2008-01-08,9.3,9.39,8.75,8.88,45315.98,41066.1
002012.SZ,2008-01-09,8.88,9.15,8.85,9.09,27964.65,25162.34
002012.SZ,2008-01-10,9.15,9.62,9.0,9.61,78748.88,74040.97
002012.SZ,2008-01-11,9.6,9.68,9.29,9.58,44992.67,42535.13
002012.SZ,2008-01-14,9.53,9.95,9.35,9.89,60109.03,58169.09
002012.SZ,2008-01-15,9.88,10.77,9.68,10.41,118823.0,122024.7
002012.SZ,2008-01-16,10.4,11.1,10.3,10.88,117079.95,127185.42
002012.SZ,2008-01-17,10.75,11.4,10.4,11.3,113485.09,123770.9
002012.SZ,2008-01-18,11.24,11.39,10.94,11.35,59661.72,66346.9
002012.SZ,2008-01-21,11.2,11.36,10.5,10.67,62560.23,68034.92
002012.SZ,2008-01-22,10.53,10.54,9.6,9.6,84289.3,82305.06
002012.SZ,2008-01-23,9.28,9.79,8.88,9.74,84224.11,79444.23
002012.SZ,2008-01-24,9.6,10.38,9.46,10.05,69650.72,69668.45
002012.SZ,2008-01-25,9.91,10.16,9.71,9.75,43374.8,43027.0
002012.SZ,2008-01-28,9.67,9.69,8.78,8.78,33212.95,29917.33
002012.SZ,2008-01-29,8.81,8.94,8.22,8.89,36072.36,31396.43
002012.SZ,2008-01-30,8.9,9.27,8.7,9.08,34162.64,30803.47
002012.SZ,2008-02-01,8.98,9.01,8.17,8.17,31460.51,26295.56
002012.SZ,2008-02-04,8.41,8.79,8.35,8.73,21902.75,18953.31
002012.SZ,2008-02-05,8.66,9.0,8.56,8.94,18255.91,16193.43
002012.SZ,2008-02-13,8.87,9.2,8.74,9.03,12426.73,11223.58
002012.SZ,2008-02-14,9.19,9.19,9.03,9.15,9643.37,8789.38
002012.SZ,2008-02-15,9.16,9.59,9.16,9.42,22576.94,21181.48
002012.SZ,2008-02-18,9.54,9.85,9.35,9.76,42441.57,40625.52
002012.SZ,2008-02-19,9.77,10.18,9.71,10.0,33849.21,33761.02
002012.SZ,2008-02-20,10.2,10.2,9.58,9.6,32348.9,31773.18
002012.SZ,2008-02-21,9.4,9.9,9.3,9.73,26208.09,25402.68
002012.SZ,2008-02-22,9.73,10.06,9.5,9.67,29862.37,29321.97
002012.SZ,2008-02-25,9.66,9.8,9.17,9.18,22727.72,21303.05
002012.SZ,2008-02-26,9.31,9.51,9.06,9.4,20375.96,18937.84
002012.SZ,2008-02-27,9.42,9.86,9.4,9.8,20914.3,20328.16
002012.SZ,2008-02-28,9.81,10.17,9.77,9.96,36621.83,36547.28
002012.SZ,2008-02-29,10.0,10.14,9.83,10.12,31657.8,31681.58
002012.SZ,2008-03-03,10.0,10.62,9.93,10.5,41706.58,43447.35
002012.SZ,2008-03-04,10.58,10.83,10.32,10.55,50636.16,53584.51
002012.SZ,2008-03-05,10.7,11.08,10.5,11.01,76410.45,82405.38
002012.SZ,2008-03-06,11.19,12.11,11.07,11.95,143365.55,167395.25
002012.SZ,2008-03-07,11.6,11.86,11.31,11.6,63677.39,73541.42
002012.SZ,2008-03-10,11.4,11.67,10.9,11.27,42854.3,48478.97
002012.SZ,2008-03-11,11.2,12.4,11.06,12.4,63975.87,75962.1
002012.SZ,2008-03-12,12.6,13.1,12.1,12.3,90375.59,114693.79
002012.SZ,2008-03-13,12.09,12.66,11.5,11.96,76140.46,92320.68
002012.SZ,2008-03-14,11.9,12.95,11.7,12.87,65289.52,81695.0
002012.SZ,2008-03-18,11.58,11.58,11.58,11.58,6110.0,7075.38
002012.SZ,2008-03-19,10.42,12.29,10.42,11.05,171022.77,184883.61
002012.SZ,2008-03-20,10.66,11.62,10.08,11.03,92881.54,100814.04
002012.SZ,2008-03-21,10.71,11.3,9.93,10.05,132242.32,138298.62
002012.SZ,2008-03-24,9.99,10.6,9.91,10.43,93165.39,96092.87
002012.SZ,2008-03-25,10.2,11.28,10.06,10.98,120137.38,130018.01
002012.SZ,2008-03-26,11.0,11.18,10.45,10.5,66770.72,72013.85
002012.SZ,2008-03-27,10.45,10.45,9.52,9.57,59176.3,59060.06
002012.SZ,2008-03-28,9.59,10.23,9.3,10.15,44901.99,44236.26
002012.SZ,2008-03-31,9.91,10.14,9.14,9.14,39050.61,37222.74
002012.SZ,2008-04-01,9.08,9.32,8.23,8.4,79955.39,66974.12
002012.SZ,2008-04-02,8.35,8.42,7.56,7.6,50712.17,39756.65
002012.SZ,2008-04-03,7.3,7.86,7.3,7.6,32226.78,24220.02
002012.SZ,2008-04-07,7.5,8.13,7.31,7.99,19965.48,15856.33
002012.SZ,2008-04-08,8.2,8.79,8.16,8.79,65097.11,56304.84
002012.SZ,2008-04-09,8.86,9.07,8.1,8.26,48205.55,42005.54
002012.SZ,2008-04-11,9.09,9.09,8.8,9.09,84924.05,77037.72
002012.SZ,2008-04-14,8.87,9.32,8.63,9.05,67952.53,61222.01
002012.SZ,2008-04-15,8.98,9.12,8.46,9.05,38279.53,33869.24
002012.SZ,2008-04-16,9.1,9.3,8.89,9.0,29160.35,26524.5
002012.SZ,2008-04-17,8.9,9.12,8.45,8.63,25084.15,22016.96
002012.SZ,2008-04-18,8.5,8.63,8.01,8.07,22952.08,18896.0
002012.SZ,2008-04-21,8.69,8.81,8.05,8.14,23041.69,19321.2
002012.SZ,2008-04-22,8.2,8.2,7.5,7.74,17215.15,13298.03
002012.SZ,2008-04-23,7.7,8.5,7.68,8.48,29419.32,24216.0
002012.SZ,2008-04-24,9.3,9.3,8.8,9.25,56807.81,52021.7
002012.SZ,2008-04-25,9.25,9.86,8.92,9.3,62598.25,59958.45
002012.SZ,2008-04-28,9.0,9.5,8.92,9.26,33365.95,30793.63
002012.SZ,2008-04-29,9.26,9.68,9.22,9.48,28979.34,27626.81
002012.SZ,2008-04-30,9.65,9.88,9.5,9.82,39490.23,38435.88
002012.SZ,2008-05-05,9.93,10.19,9.79,10.03,42754.54,42580.77
002012.SZ,2008-05-06,10.0,10.0,9.61,9.66,41231.79,40314.0
002012.SZ,2008-05-07,9.65,9.9,9.32,9.32,26424.1,25493.9
002012.SZ,2008-05-08,9.25,9.68,9.18,9.68,30267.53,28617.78
002012.SZ,2008-05-09,9.72,10.12,9.69,10.06,50584.63,50305.01
002012.SZ,2008-05-12,10.0,11.0,9.88,10.84,97438.48,102957.28
002012.SZ,2008-05-13,10.49,11.35,10.38,11.06,94376.37,103945.03
002012.SZ,2008-05-14,10.95,11.44,10.87,10.9,57041.29,63303.69
002012.SZ,2008-05-16,10.89,11.1,10.6,10.97,38331.81,41404.36
002012.SZ,2008-05-19,10.97,11.07,10.76,10.93,18772.78,20425.1
002012.SZ,2008-05-20,10.95,11.46,10.58,10.76,58100.22,64800.34
002012.SZ,2008-05-21,10.6,11.13,10.18,11.13,59097.94,63031.97
002012.SZ,2008-05-22,11.16,11.66,10.97,11.34,74138.91,85007.05
002012.SZ,2008-05-23,11.23,11.51,10.7,11.07,38767.91,42767.86
002012.SZ,2008-05-26,11.0,11.03,10.3,10.32,31465.56,33240.56
002012.SZ,2008-05-27,10.38,10.56,10.09,10.54,24559.73,25486.21
002012.SZ,2008-05-28,10.5,11.0,10.4,10.92,22686.34,24323.99
002012.SZ,2008-05-29,11.0,11.0,10.68,10.68,23344.46,25254.22
002012.SZ,2008-05-30,10.6,10.8,10.12,10.45,22682.12,23688.58
002012.SZ,2008-06-02,10.35,11.02,10.35,11.02,31370.05,33994.61
002012.SZ,2008-06-03,11.04,11.76,11.04,11.44,86527.36,99478.85
002012.SZ,2008-06-04,11.32,11.55,10.96,11.24,40072.26,44810.15
002012.SZ,2008-06-05,11.24,12.2,11.15,12.02,83991.87,99327.89
002012.SZ,2008-06-06,11.98,12.36,11.71,11.85,73641.5,88811.77
002012.SZ,2008-06-10,11.12,11.49,10.67,10.67,71993.52,78301.22
002012.SZ,2008-06-11,10.37,10.37,9.6,9.85,55784.69,55631.08
002012.SZ,2008-06-12,9.68,10.29,9.65,10.2,41344.43,41768.26
002012.SZ,2008-06-13,10.2,10.31,9.18,9.18,53471.98,50589.46
002012.SZ,2008-06-16,9.4,9.42,8.61,8.94,36253.49,32519.22
002012.SZ,2008-06-17,8.88,9.15,8.61,8.8,32433.76,28738.4
002012.SZ,2008-06-18,8.64,9.41,8.0,9.32,45887.07,40254.51
002012.SZ,2008-06-19,9.09,9.2,8.39,8.39,33902.7,29761.27
002012.SZ,2008-06-20,8.4,8.99,7.62,8.48,40315.45,34301.36
002012.SZ,2008-06-23,8.32,8.49,8.0,8.12,23290.29,19381.0
002012.SZ,2008-06-24,8.18,8.54,8.1,8.44,22395.04,18699.57
002012.SZ,2008-06-25,8.43,8.95,8.37,8.89,23345.73,20499.11
002012.SZ,2008-06-26,8.88,9.15,8.74,8.95,28226.0,25302.16
002012.SZ,2008-06-27,8.66,8.66,8.06,8.14,33385.3,27643.71
002012.SZ,2008-06-30,8.0,8.23,7.57,7.78,34294.79,26702.29
002012.SZ,2008-07-01,7.79,7.88,7.0,7.1,44126.4,31916.53
002012.SZ,2008-07-02,7.08,7.81,7.08,7.81,61969.13,47651.29
002012.SZ,2008-07-03,7.8,8.19,7.51,8.03,52585.57,41725.21
002012.SZ,2008-07-04,7.91,8.48,7.91,8.08,36009.02,29640.46
002012.SZ,2008-07-07,8.1,8.55,8.08,8.49,39405.81,32940.48
002012.SZ,2008-07-08,8.49,8.59,8.17,8.47,30377.01,25426.87
002012.SZ,2008-07-09,8.5,8.89,8.41,8.7,30724.93,26712.77
002012.SZ,2008-07-10,8.59,8.97,8.48,8.55,31270.29,27429.74
002012.SZ,2008-07-11,8.42,8.63,8.19,8.51,21606.4,18167.32
002012.SZ,2008-07-14,8.47,8.69,8.32,8.69,17581.24,15105.16
002012.SZ,2008-07-15,8.7,9.13,8.66,8.7,44720.14,39660.96
002012.SZ,2008-07-16,8.67,8.77,8.0,8.27,31789.54,26419.15
002012.SZ,2008-07-17,8.35,8.52,8.05,8.13,19876.08,16521.22
002012.SZ,2008-07-18,8.18,8.49,8.0,8.43,19181.13,15779.78
002012.SZ,2008-07-21,8.45,9.1,8.4,9.02,36652.21,32469.9
002012.SZ,2008-07-22,9.02,9.08,8.82,9.0,27036.53,24241.23
002012.SZ,2008-07-23,8.98,9.1,8.78,9.0,21205.2,18929.97
002012.SZ,2008-07-24,9.06,9.37,9.06,9.17,36722.73,34003.46
002012.SZ,2008-07-25,9.13,9.35,8.93,9.19,26106.61,24054.41
002012.SZ,2008-07-28,9.18,9.4,8.91,9.0,26873.5,24555.41
002012.SZ,2008-07-29,8.9,8.91,8.62,8.77,26052.11,22777.06
002012.SZ,2008-07-30,8.77,9.15,8.76,8.9,17479.01,15644.36
002012.SZ,2008-07-31,8.9,8.97,8.53,8.58,14080.23,12228.74
002012.SZ,2008-08-01,8.58,8.67,8.1,8.5,18232.9,15354.58
002012.SZ,2008-08-04,8.5,8.5,8.1,8.15,13467.15,11169.06
002012.SZ,2008-08-05,8.1,8.2,7.72,7.78,16765.22,13363.79
002012.SZ,2008-08-06,7.8,8.06,7.53,7.85,12675.0,9981.22
002012.SZ,2008-08-07,7.85,7.99,7.8,7.94,7503.9,5904.88
002012.SZ,2008-08-08,8.01,8.01,7.15,7.23,23117.1,17192.36
002012.SZ,2008-08-11,7.23,7.23,6.51,6.51,22180.5,14840.93
002012.SZ,2008-08-12,6.4,6.55,5.96,6.07,22487.01,14005.1
002012.SZ,2008-08-13,6.01,6.13,5.68,6.03,20670.05,12157.01
002012.SZ,2008-08-14,5.99,6.12,5.89,5.97,11948.85,7173.36
002012.SZ,2008-08-15,5.94,6.04,5.77,5.81,27694.21,16209.73
002012.SZ,2008-08-18,5.85,5.86,5.23,5.23,26624.73,14356.97
002012.SZ,2008-08-19,5.05,5.4,5.05,5.34,15746.6,8279.85
002012.SZ,2008-08-20,5.34,5.87,5.15,5.87,36738.94,21062.7
002012.SZ,2008-08-21,5.75,5.99,5.5,5.55,28884.69,16582.43
002012.SZ,2008-08-22,5.45,5.55,5.09,5.34,14794.7,7872.64
002012.SZ,2008-08-25,5.4,5.48,5.21,5.32,8512.18,4573.73
002012.SZ,2008-08-26,5.28,5.28,4.88,4.98,15276.38,7696.76
002012.SZ,2008-08-27,4.92,5.19,4.88,5.03,10782.29,5387.93
002012.SZ,2008-08-28,5.05,5.17,4.97,5.15,9186.07,4672.0
002012.SZ,2008-08-29,5.22,5.4,5.08,5.28,15553.11,8175.29
002012.SZ,2008-09-01,5.19,5.24,4.95,5.04,13947.89,7060.22
002012.SZ,2008-09-02,5.0,5.13,4.88,5.01,11254.42,5629.03
002012.SZ,2008-09-03,5.03,5.24,5.0,5.24,18077.83,9226.74
002012.SZ,2008-09-04,5.24,5.5,5.2,5.4,33160.04,17856.9
002012.SZ,2008-09-05,5.27,5.27,4.94,4.98,25486.29,12904.52
002012.SZ,2008-09-08,4.92,5.01,4.55,4.61,21248.38,10012.53
002012.SZ,2008-09-09,4.63,4.78,4.63,4.7,9730.03,4567.08
002012.SZ,2008-09-10,4.7,4.85,4.62,4.75,9180.4,4368.15
002012.SZ,2008-09-11,4.7,4.71,4.35,4.48,15920.53,7175.4
002012.SZ,2008-09-12,4.46,4.54,4.36,4.41,10864.6,4845.26
002012.SZ,2008-09-16,4.41,4.42,4.05,4.15,16430.99,6975.43
002012.SZ,2008-09-17,4.11,4.22,3.9,3.94,21830.31,8791.55
002012.SZ,2008-09-18,3.8,3.9,3.55,3.8,35182.18,13021.23
002012.SZ,2008-09-19,4.12,4.18,4.11,4.18,20629.44,8581.09
002012.SZ,2008-09-22,4.5,4.6,4.22,4.4,49670.6,22001.68
002012.SZ,2008-09-23,4.2,4.27,3.99,4.01,32381.35,13238.42
002012.SZ,2008-09-24,4.0,4.09,3.85,4.09,16955.06,6737.03
002012.SZ,2008-09-25,4.09,4.25,4.08,4.16,26328.67,10980.85
002012.SZ,2008-09-26,4.21,4.24,4.01,4.1,22300.1,9129.39
002012.SZ,2008-10-06,4.0,4.0,3.78,3.81,22715.64,8720.07
002012.SZ,2008-10-07,3.63,3.85,3.6,3.8,15212.26,5666.26
002012.SZ,2008-10-08,3.75,3.78,3.56,3.6,20630.67,7562.63
002012.SZ,2008-10-09,3.69,3.71,3.58,3.6,23239.66,8460.52
002012.SZ,2008-10-10,3.5,3.5,3.24,3.25,25925.61,8587.2
002012.SZ,2008-10-13,3.25,3.4,3.04,3.38,41593.93,13193.76
002012.SZ,2008-10-14,3.56,3.64,3.41,3.44,64429.1,22792.87
002012.SZ,2008-10-15,3.38,3.45,3.25,3.4,23892.37,8000.64
002012.SZ,2008-10-16,3.21,3.29,3.06,3.07,28349.29,8947.83
002012.SZ,2008-10-17,3.08,3.17,3.06,3.16,16894.95,5280.4
002012.SZ,2008-10-20,3.16,3.29,3.1,3.28,23499.05,7591.35
002012.SZ,2008-10-21,3.32,3.43,3.26,3.27,33894.57,11354.21
002012.SZ,2008-10-22,3.2,3.3,3.18,3.26,17806.35,5799.3
002012.SZ,2008-10-23,3.17,3.26,3.13,3.25,17412.72,5576.43
002012.SZ,2008-10-24,3.25,3.35,3.23,3.28,18397.8,6046.17
002012.SZ,2008-10-27,3.28,3.28,2.95,2.96,19802.73,6103.61
002012.SZ,2008-10-28,2.93,3.1,2.85,3.08,15326.52,4624.54
002012.SZ,2008-10-29,3.14,3.15,2.93,2.95,18921.26,5730.88
002012.SZ,2008-10-30,2.99,3.06,2.92,3.0,23051.31,6957.9
002012.SZ,2008-10-31,2.96,3.05,2.85,2.88,17535.24,5157.29
002012.SZ,2008-11-03,2.81,2.86,2.7,2.78,17818.59,4948.78
002012.SZ,2008-11-04,2.72,3.05,2.72,3.0,41647.11,12269.83
002012.SZ,2008-11-05,2.98,3.16,2.93,3.12,46551.42,14187.22
002012.SZ,2008-11-06,3.04,3.04,2.96,3.01,23536.26,7054.78
002012.SZ,2008-11-07,2.94,3.1,2.92,3.05,18285.34,5570.63
002012.SZ,2008-11-10,3.08,3.3,3.08,3.28,44215.16,14239.09
002012.SZ,2008-11-11,3.26,3.38,3.18,3.25,40418.89,13285.79
002012.SZ,2008-11-12,3.2,3.58,3.2,3.58,64321.53,22269.86
002012.SZ,2008-11-13,3.58,3.8,3.5,3.7,95142.34,35183.06
002012.SZ,2008-11-14,3.67,3.87,3.57,3.82,82573.52,30734.74
002012.SZ,2008-11-17,3.7,4.14,3.7,4.12,79752.1,30920.04
002012.SZ,2008-11-18,4.05,4.14,3.71,3.71,73608.88,28471.71
002012.SZ,2008-11-19,3.68,3.95,3.53,3.9,59994.06,22606.08
002012.SZ,2008-11-20,3.8,4.02,3.71,3.79,50316.04,19379.05
002012.SZ,2008-11-21,3.72,3.85,3.48,3.69,49960.51,18345.48
002012.SZ,2008-11-24,3.69,3.81,3.54,3.55,24399.92,8987.64
002012.SZ,2008-11-25,3.63,3.67,3.47,3.59,20579.95,7337.13
002012.SZ,2008-11-26,3.61,3.74,3.6,3.66,21571.52,7929.18
002012.SZ,2008-11-27,3.9,3.95,3.65,3.67,46081.1,17574.85
002012.SZ,2008-11-28,3.62,3.72,3.55,3.58,22318.36,8100.18
002012.SZ,2008-12-01,3.55,3.9,3.55,3.89,54383.9,20672.18
002012.SZ,2008-12-02,3.82,4.09,3.8,3.99,77589.06,30935.44
002012.SZ,2008-12-03,4.02,4.2,3.99,4.14,80578.07,33000.63
002012.SZ,2008-12-04,4.18,4.32,4.01,4.02,98512.87,41193.39
002012.SZ,2008-12-05,4.05,4.22,4.02,4.2,59351.25,24493.97
002012.SZ,2008-12-08,4.26,4.4,4.23,4.37,69427.39,30055.29
002012.SZ,2008-12-09,4.4,4.42,4.12,4.17,56143.25,23755.38
002012.SZ,2008-12-10,4.1,4.58,4.08,4.58,64402.93,27475.45
002012.SZ,2008-12-11,4.6,4.6,4.3,4.32,59176.72,26420.1
002012.SZ,2008-12-12,4.3,4.3,3.97,4.07,47675.56,19614.62
002012.SZ,2008-12-15,4.1,4.17,4.0,4.09,29502.34,12071.59
002012.SZ,2008-12-16,4.13,4.47,4.13,4.39,86972.55,37385.07
002012.SZ,2008-12-17,4.31,4.47,4.31,4.34,63826.97,28052.54
002012.SZ,2008-12-18,4.32,4.4,4.19,4.39,45274.97,19447.69
002012.SZ,2008-12-19,4.4,4.58,4.38,4.5,74097.15,33363.67
002012.SZ,2008-12-22,4.48,4.8,4.35,4.7,70291.55,31964.78
002012.SZ,2008-12-23,4.69,4.69,4.23,4.23,67367.81,29773.21
002012.SZ,2008-12-24,4.16,4.28,4.09,4.14,40348.52,16778.33
002012.SZ,2008-12-25,4.13,4.25,3.93,3.99,36624.22,14995.09
002012.SZ,2008-12-26,4.09,4.1,3.91,4.0,27164.27,10917.02
002012.SZ,2008-12-29,3.97,4.05,3.79,3.99,26012.45,10199.68
002012.SZ,2008-12-30,3.99,4.1,3.95,4.06,27391.56,11069.38
002012.SZ,2009-01-05,3.96,4.08,3.95,4.08,23011.17,9259.47
002012.SZ,2009-01-06,4.08,4.29,4.03,4.24,38955.81,16257.74
002012.SZ,2009-01-07,4.23,4.32,4.18,4.32,41395.01,17608.58
002012.SZ,2009-01-08,4.23,4.28,4.12,4.25,32267.08,13628.53
002012.SZ,2009-01-09,4.25,4.44,4.22,4.39,55877.12,24416.13
002012.SZ,2009-01-12,4.43,4.64,4.41,4.48,84602.99,38347.0
002012.SZ,2009-01-13,4.39,4.47,4.19,4.22,48976.04,21122.82
002012.SZ,2009-01-14,4.22,4.45,4.18,4.4,41023.26,17742.18
002012.SZ,2009-01-15,4.35,4.49,4.31,4.41,50366.15,22246.29
002012.SZ,2009-01-16,4.43,4.57,4.36,4.39,56730.64,25369.73
002012.SZ,2009-01-19,4.4,4.47,4.28,4.42,35464.21,15463.78
002012.SZ,2009-01-20,4.42,4.7,4.35,4.65,82460.9,37465.36
002012.SZ,2009-01-21,4.64,5.12,4.57,5.12,218531.25,109235.52
002012.SZ,2009-01-22,5.12,5.14,4.94,5.07,104403.62,52593.79
002012.SZ,2009-01-23,5.06,5.06,4.87,4.9,58226.21,28793.2
002012.SZ,2009-02-02,5.0,5.25,4.88,5.17,77200.14,39051.05
002012.SZ,2009-02-03,5.16,5.4,5.09,5.23,83212.52,43540.52
002012.SZ,2009-02-04,5.25,5.28,5.11,5.22,75824.95,39233.4
002012.SZ,2009-02-05,5.17,5.24,4.96,5.01,84764.19,43424.42
002012.SZ,2009-02-06,5.01,5.29,5.01,5.24,77351.68,40250.74
002012.SZ,2009-02-09,5.31,5.64,5.21,5.48,98876.28,53583.68
002012.SZ,2009-02-10,5.4,5.69,5.31,5.68,83497.12,45810.94
002012.SZ,2009-02-11,5.56,5.85,5.39,5.74,98614.69,55782.64
002012.SZ,2009-02-12,5.81,5.95,5.57,5.88,88533.35,50973.61
002012.SZ,2009-02-13,5.9,6.23,5.9,6.16,78979.03,48010.61
002012.SZ,2009-02-16,6.19,6.39,5.98,6.22,88112.31,54237.83
002012.SZ,2009-02-17,6.19,6.19,5.71,5.71,82216.99,48902.3
002012.SZ,2009-02-18,5.65,5.89,5.4,5.44,68514.05,38858.66
002012.SZ,2009-02-19,5.6,5.71,5.43,5.71,52655.41,29193.01
002012.SZ,2009-02-20,5.77,6.28,5.69,6.28,122172.36,74238.54
002012.SZ,2009-02-23,6.4,6.88,6.2,6.82,111687.08,72831.07
002012.SZ,2009-02-24,6.82,7.03,6.34,6.58,166534.23,111211.52
002012.SZ,2009-02-25,6.59,7.24,6.42,7.24,134902.43,92061.41
002012.SZ,2009-02-26,7.28,7.28,6.52,6.59,131157.51,90256.62
002012.SZ,2009-02-27,6.42,6.87,5.93,6.8,123194.25,80064.6
002012.SZ,2009-03-02,6.69,7.19,6.56,7.16,110418.87,77560.47
002012.SZ,2009-03-03,7.0,7.7,6.8,7.58,135312.08,99981.42
002012.SZ,2009-03-04,7.6,7.95,7.44,7.7,153845.21,118364.55
002012.SZ,2009-03-05,7.7,8.25,7.5,8.05,202488.28,158465.22
002012.SZ,2009-03-06,7.85,8.12,7.49,7.51,157070.64,122758.26
002012.SZ,2009-03-09,7.56,7.67,7.29,7.38,77873.5,58031.82
002012.SZ,2009-03-10,7.31,8.02,7.29,7.89,97944.34,75766.78
002012.SZ,2009-03-11,8.0,8.04,7.5,7.53,73136.41,56574.17
002012.SZ,2009-03-12,7.4,7.86,7.09,7.69,85310.31,63750.14
002012.SZ,2009-03-13,7.54,7.8,7.39,7.4,54985.97,41605.14
002012.SZ,2009-03-16,7.39,7.45,7.17,7.42,36377.86,26549.04
002012.SZ,2009-03-17,7.42,7.7,7.28,7.6,49983.53,37617.87
002012.SZ,2009-03-18,7.69,7.79,7.59,7.63,58857.07,45221.11
002012.SZ,2009-03-19,7.62,8.16,7.6,8.05,96065.33,75933.38
002012.SZ,2009-03-20,7.97,8.12,7.83,7.89,52040.57,41227.1
002012.SZ,2009-03-23,7.84,8.07,7.74,7.87,61183.79,48138.11
002012.SZ,2009-03-24,7.88,8.35,7.88,8.28,98519.75,80456.1
002012.SZ,2009-03-25,8.2,9.08,8.15,8.62,130080.7,113398.06
002012.SZ,2009-03-26,8.69,9.48,8.69,9.48,155129.67,143566.93
002012.SZ,2009-03-30,10.38,10.38,8.85,8.87,169752.36,155981.12
002012.SZ,2009-03-31,8.49,8.72,8.31,8.65,132480.78,112843.02
002012.SZ,2009-04-01,8.49,9.09,8.49,8.78,126065.26,111610.34
002012.SZ,2009-04-02,8.79,9.46,8.79,9.3,134988.25,124511.75
002012.SZ,2009-04-03,9.3,9.38,8.91,8.97,77806.5,70491.64
002012.SZ,2009-04-07,8.95,9.28,8.59,9.28,100128.54,89086.17
002012.SZ,2009-04-08,9.18,9.3,8.81,8.81,78522.9,71267.5
002012.SZ,2009-04-09,8.81,9.03,8.72,8.94,41376.62,36683.79
002012.SZ,2009-04-10,9.09,9.83,8.83,9.73,183115.55,171795.45
002012.SZ,2009-04-13,9.74,9.93,9.57,9.7,108138.29,104902.55
002012.SZ,2009-04-14,9.71,10.15,9.42,9.97,98746.2,96653.76
002012.SZ,2009-04-15,10.0,10.29,9.82,10.1,98707.92,99501.6
002012.SZ,2009-04-16,10.11,10.2,9.38,9.62,124413.58,120357.55
002012.SZ,2009-04-17,9.5,9.51,9.15,9.35,60038.69,55977.53
002012.SZ,2009-04-20,9.35,9.43,9.2,9.41,59797.34,55796.4
002012.SZ,2009-04-21,9.3,9.37,8.7,9.06,63986.9,58232.25
002012.SZ,2009-04-22,9.06,9.36,8.7,8.99,73177.95,66343.23
002012.SZ,2009-04-23,8.8,9.05,8.76,8.96,45061.22,40024.01
002012.SZ,2009-04-24,8.96,9.08,8.49,8.49,56636.95,49433.13
002012.SZ,2009-04-27,8.45,8.45,7.81,7.92,61880.67,50114.55
002012.SZ,2009-04-29,8.02,8.68,8.02,8.45,48359.13,40610.34
002012.SZ,2009-04-30,8.47,8.67,8.26,8.4,36461.38,30673.91
002012.SZ,2009-05-04,8.5,8.98,8.43,8.93,59000.56,51810.67
002012.SZ,2009-05-05,8.93,9.37,8.9,9.28,80232.98,74157.33
002012.SZ,2009-05-06,9.2,9.48,9.03,9.35,68653.18,63744.27
002012.SZ,2009-05-07,9.4,9.87,9.26,9.71,130096.18,124652.67
002012.SZ,2009-05-08,9.61,10.18,9.6,9.62,88933.58,87370.71
002012.SZ,2009-05-11,9.62,9.92,8.87,9.0,78040.2,72806.85
002012.SZ,2009-05-12,8.86,9.32,8.86,9.22,41695.85,38107.47
002012.SZ,2009-05-13,9.22,9.93,9.13,9.8,109228.15,106115.07
002012.SZ,2009-05-14,9.81,10.75,9.65,10.47,173414.5,176775.29
002012.SZ,2009-05-15,10.38,10.95,10.11,10.84,158212.71,167359.78
002012.SZ,2009-05-18,10.78,10.78,9.82,10.17,187269.26,190223.81
002012.SZ,2009-05-19,10.28,11.19,9.9,10.99,216052.13,226777.61
002012.SZ,2009-05-20,10.68,11.12,10.61,10.65,123026.76,133675.14
002012.SZ,2009-05-21,10.6,10.67,9.98,10.12,111536.0,114697.92
002012.SZ,2009-05-22,10.32,10.38,9.91,10.06,77584.26,78606.58
002012.SZ,2009-05-25,9.66,10.51,9.56,10.28,86174.27,86545.92
002012.SZ,2009-05-26,10.22,10.77,10.18,10.36,111059.96,116840.31
002012.SZ,2009-05-27,10.37,10.46,10.09,10.32,59046.32,60704.69
002012.SZ,2009-06-01,10.37,10.54,10.24,10.33,57492.08,59652.96
002012.SZ,2009-06-03,10.53,10.59,10.14,10.34,74594.85,76723.91
002012.SZ,2009-06-04,10.26,10.28,9.88,10.08,67708.07,67924.17
002012.SZ,2009-06-05,10.16,10.34,10.01,10.11,56667.08,57776.02
002012.SZ,2009-06-08,10.16,10.16,9.65,9.86,69533.0,68396.8
002012.SZ,2009-06-09,9.79,9.85,9.4,9.73,52994.35,50980.77
002012.SZ,2009-06-10,9.73,9.99,9.57,9.93,54425.08,53220.29
002012.SZ,2009-06-11,9.85,9.92,9.64,9.65,37726.27,36875.03
002012.SZ,2009-06-12,9.65,9.74,9.23,9.48,44010.15,41736.9
002012.SZ,2009-06-15,9.43,9.58,9.31,9.49,21344.89,20183.72
002012.SZ,2009-06-16,9.47,9.57,9.35,9.51,22900.41,21699.3
002012.SZ,2009-06-17,9.5,9.69,9.45,9.67,35025.79,33651.62
002012.SZ,2009-06-18,9.68,9.73,9.5,9.57,34775.12,33244.51
002012.SZ,2009-06-19,9.64,9.7,9.33,9.4,55634.05,52512.25
002012.SZ,2009-06-22,9.36,9.38,9.07,9.12,73031.27,66926.91
002012.SZ,2009-06-23,9.01,9.25,8.96,9.16,30893.75,28261.07
002012.SZ,2009-06-24,9.18,9.2,9.03,9.13,34994.43,31857.57
002012.SZ,2009-06-25,9.15,9.32,9.1,9.24,43609.42,40222.09
002012.SZ,2009-06-26,9.24,9.36,9.2,9.26,31335.11,29066.61
002012.SZ,2009-06-29,9.3,10.05,9.19,9.96,130348.25,127019.27
002012.SZ,2009-06-30,9.88,9.97,9.6,9.67,61596.43,59959.08
002012.SZ,2009-07-01,9.69,9.86,9.47,9.61,35709.33,34364.76
002012.SZ,2009-07-02,9.61,9.73,9.5,9.5,38968.99,37337.91
002012.SZ,2009-07-03,9.51,9.57,9.2,9.5,69404.44,64575.0
002012.SZ,2009-07-06,9.4,9.48,9.17,9.3,44638.0,41354.2
002012.SZ,2009-07-07,9.2,9.46,9.12,9.31,60577.96,56047.37
002012.SZ,2009-07-08,9.3,9.36,9.17,9.25,36637.7,33810.27
002012.SZ,2009-07-09,9.25,9.58,9.21,9.55,63762.36,60046.98
002012.SZ,2009-07-10,9.57,9.79,9.4,9.63,78432.07,75478.78
002012.SZ,2009-07-13,9.58,9.94,9.53,9.82,86975.3,85466.69
002012.SZ,2009-07-14,9.84,9.88,9.71,9.78,55929.96,54693.56
002012.SZ,2009-07-15,9.81,9.88,9.57,9.6,108600.36,105330.3
002012.SZ,2009-07-16,9.7,9.91,9.57,9.79,86311.51,84170.64
002012.SZ,2009-07-17,9.8,10.16,9.78,10.02,128659.91,128850.16
002012.SZ,2009-07-20,10.01,10.21,9.86,10.09,94506.46,94754.23
002012.SZ,2009-07-21,10.09,10.1,9.45,9.55,81415.79,79432.97
002012.SZ,2009-07-22,9.47,9.7,9.42,9.69,53873.87,51556.89
002012.SZ,2009-07-23,9.68,9.7,9.51,9.61,39254.71,37588.44
002012.SZ,2009-07-24,9.61,9.76,9.32,9.39,51502.32,49144.4
002012.SZ,2009-07-27,9.4,9.56,9.39,9.51,37075.32,35113.7
002012.SZ,2009-07-28,9.51,9.69,9.35,9.65,58257.66,55569.14
002012.SZ,2009-07-29,9.65,9.65,8.69,8.92,64896.63,60590.78
002012.SZ,2009-07-30,8.98,9.5,8.65,9.49,78213.32,71510.55
002012.SZ,2009-07-31,9.55,9.82,9.55,9.7,131655.21,127465.82
002012.SZ,2009-08-03,9.75,10.07,9.42,9.92,156410.65,153690.76
002012.SZ,2009-08-04,9.9,10.05,9.71,9.94,102259.17,101047.18
002012.SZ,2009-08-05,10.0,10.25,9.7,9.95,121014.27,121155.9
002012.SZ,2009-08-06,9.94,10.2,9.55,9.98,121820.21,121429.82
002012.SZ,2009-08-07,10.08,10.08,9.52,9.56,84323.01,83094.06
002012.SZ,2009-08-10,9.65,10.07,9.61,10.05,89048.51,87516.36
002012.SZ,2009-08-11,9.99,10.36,9.94,10.1,116535.95,118234.39
002012.SZ,2009-08-12,10.11,10.11,9.21,9.35,67069.68,64885.57
002012.SZ,2009-08-13,9.35,9.48,9.14,9.2,37568.19,34775.66
002012.SZ,2009-08-14,9.2,9.26,8.62,8.65,56214.92,49961.75
002012.SZ,2009-08-17,8.58,8.58,7.88,7.9,49102.64,40209.81
002012.SZ,2009-08-18,7.71,8.1,7.71,8.02,28490.4,22629.81
002012.SZ,2009-08-19,7.92,8.13,7.3,7.37,38596.08,29865.34
002012.SZ,2009-08-20,7.37,7.66,7.35,7.6,35690.88,26762.23
002012.SZ,2009-08-21,7.57,7.93,7.42,7.88,43929.68,33679.28
002012.SZ,2009-08-24,7.88,8.19,7.76,7.98,46542.06,37053.76
002012.SZ,2009-08-25,7.92,7.93,7.46,7.7,39021.45,29961.04
002012.SZ,2009-08-26,7.72,8.15,7.65,8.03,46041.36,36857.28
002012.SZ,2009-08-27,8.0,8.28,7.92,8.15,48934.91,39899.69
002012.SZ,2009-08-28,8.14,8.19,7.9,7.93,34184.91,27307.16
002012.SZ,2009-08-31,7.89,7.89,7.14,7.14,37662.12,27870.87
002012.SZ,2009-09-01,7.18,7.25,6.98,7.02,28385.76,20203.76
002012.SZ,2009-09-02,7.01,7.14,6.9,7.07,19008.7,13419.31
002012.SZ,2009-09-03,7.09,7.52,7.07,7.4,37883.33,27701.59
002012.SZ,2009-09-04,7.38,7.69,7.35,7.62,41632.96,31468.67
002012.SZ,2009-09-07,7.63,7.95,7.58,7.75,43822.82,33928.89
002012.SZ,2009-09-08,7.65,7.89,7.61,7.89,41075.95,31884.38
002012.SZ,2009-09-09,7.85,8.0,7.73,7.96,31818.29,24976.11
002012.SZ,2009-09-10,7.88,7.95,7.79,7.8,19770.5,15534.34
002012.SZ,2009-09-11,7.73,7.93,7.72,7.9,22020.25,17309.14
002012.SZ,2009-09-14,7.91,8.14,7.88,8.05,42721.27,34130.24
002012.SZ,2009-09-15,8.08,8.6,8.0,8.44,96792.83,80953.25
002012.SZ,2009-09-16,8.99,8.99,8.35,8.5,84653.96,72771.43
002012.SZ,2009-09-17,8.5,8.85,8.4,8.68,65400.26,56700.89
002012.SZ,2009-09-18,8.71,8.72,8.11,8.18,57802.13,48870.05
002012.SZ,2009-09-21,8.12,8.4,7.99,8.35,51258.86,42062.61
002012.SZ,2009-09-22,8.3,8.49,8.2,8.22,49609.66,41566.81
002012.SZ,2009-09-23,8.2,8.29,7.91,7.95,39765.61,32098.34
002012.SZ,2009-09-24,7.72,8.21,7.72,7.85,40631.49,32144.9
002012.SZ,2009-09-25,7.86,7.86,7.55,7.6,33149.54,25408.17
002012.SZ,2009-09-28,7.61,7.83,7.21,7.28,23029.34,17500.75
002012.SZ,2009-09-29,7.28,7.36,7.1,7.19,26354.47,19015.44
002012.SZ,2009-09-30,7.25,7.37,7.21,7.24,17126.22,12468.61
002012.SZ,2009-10-09,7.35,7.62,7.35,7.62,31903.77,23943.94
002012.SZ,2009-10-12,7.62,7.94,7.58,7.76,48317.87,37709.61
002012.SZ,2009-10-13,7.82,8.0,7.75,7.9,29141.1,22949.14
002012.SZ,2009-10-14,7.94,8.15,7.86,8.08,48618.48,39169.83
002012.SZ,2009-10-15,8.09,8.18,8.0,8.1,25898.95,20944.75
002012.SZ,2009-10-16,8.1,8.12,7.77,8.0,31929.65,25348.95
002012.SZ,2009-10-19,8.02,8.34,8.0,8.27,44230.82,36355.79
002012.SZ,2009-10-20,8.36,8.5,8.25,8.36,46265.25,38695.76
002012.SZ,2009-10-21,8.31,8.55,8.3,8.39,36731.72,31008.74
002012.SZ,2009-10-22,8.39,8.88,8.29,8.66,86316.87,74744.88
002012.SZ,2009-10-23,8.65,8.95,8.55,8.7,68902.89,60298.27
002012.SZ,2009-10-26,8.77,9.15,8.7,9.14,105344.43,94352.47
002012.SZ,2009-10-27,9.0,9.1,8.85,8.93,82259.77,73564.04
002012.SZ,2009-10-28,8.9,9.18,8.65,9.18,95772.73,85497.79
002012.SZ,2009-10-29,8.97,9.2,8.82,8.95,71741.13,64671.82
002012.SZ,2009-10-30,9.03,9.29,8.91,9.05,93384.09,85144.1
002012.SZ,2009-11-02,8.88,9.47,8.83,9.43,79723.61,74085.22
002012.SZ,2009-11-03,9.42,10.15,9.36,9.82,137702.55,136066.36
002012.SZ,2009-11-04,9.88,10.34,9.88,10.02,119026.81,120278.25
002012.SZ,2009-11-05,9.99,10.17,9.85,10.0,65372.33,65592.54
002012.SZ,2009-11-06,9.99,10.09,9.8,9.83,82386.79,81891.35
002012.SZ,2009-11-09,9.89,10.05,9.66,9.82,70053.89,68942.69
002012.SZ,2009-11-10,9.81,10.18,9.81,10.07,89304.77,89908.48
002012.SZ,2009-11-11,10.05,10.09,9.81,10.02,56483.14,56241.23
002012.SZ,2009-11-12,10.03,10.45,10.02,10.2,79427.46,81425.0
002012.SZ,2009-11-13,10.29,10.93,10.25,10.76,108967.03,116058.89
002012.SZ,2009-11-16,10.98,11.18,10.65,10.76,107591.87,116859.37
002012.SZ,2009-11-17,10.75,11.09,10.65,10.84,60869.14,66343.36
002012.SZ,2009-11-18,10.86,11.06,10.68,10.85,61379.57,66391.13
002012.SZ,2009-11-19,10.85,11.3,10.74,11.18,87208.03,96955.51
002012.SZ,2009-11-20,11.21,11.47,11.0,11.25,77626.35,87405.98
002012.SZ,2009-11-23,11.18,11.32,10.99,11.06,104992.0,116806.23
002012.SZ,2009-11-24,11.11,11.18,9.99,10.15,125758.09,134473.24
002012.SZ,2009-11-25,10.17,10.55,10.15,10.5,81041.03,84109.29
002012.SZ,2009-11-26,10.49,10.49,9.82,9.9,97423.87,98729.3
002012.SZ,2009-11-27,9.82,10.25,9.77,9.91,62061.87,62029.7
002012.SZ,2009-11-30,10.05,10.57,10.05,10.51,81146.09,84296.52
002012.SZ,2009-12-01,10.52,11.09,10.46,11.0,119476.36,129626.01
002012.SZ,2009-12-02,11.01,11.58,11.01,11.39,176277.21,200896.84
002012.SZ,2009-12-03,11.4,12.53,11.11,12.53,225127.78,268714.88
002012.SZ,2009-12-04,12.53,12.7,11.58,11.8,172133.8,209684.42
002012.SZ,2009-12-07,11.99,12.58,11.9,12.24,112874.97,138976.02
002012.SZ,2009-12-08,12.4,13.46,12.39,13.2,196541.62,256025.87
002012.SZ,2009-12-09,12.9,13.13,12.65,12.82,91058.08,117341.03
002012.SZ,2009-12-10,13.0,13.08,12.38,12.72,83001.82,104501.83
002012.SZ,2009-12-11,12.73,12.87,12.45,12.59,69269.71,87201.2
002012.SZ,2009-12-14,12.6,12.62,11.75,12.31,98412.96,119285.3
002012.SZ,2009-12-15,12.2,12.55,12.2,12.35,58092.03,71998.66
002012.SZ,2009-12-16,12.36,12.6,12.02,12.31,65023.99,80421.39
002012.SZ,2009-12-17,12.2,12.36,11.69,11.7,56695.98,67839.86
002012.SZ,2009-12-18,11.71,12.1,11.6,11.72,69099.8,81836.57
002012.SZ,2009-12-21,11.76,12.19,11.76,12.18,72349.76,87266.75
002012.SZ,2009-12-22,12.23,12.28,11.7,11.78,66915.11,80609.23
002012.SZ,2009-12-23,11.61,11.97,11.55,11.8,51909.15,60846.56
002012.SZ,2009-12-24,11.88,12.6,11.85,12.6,100303.78,123488.11
002012.SZ,2009-12-25,12.69,12.92,12.4,12.68,81819.33,103545.81
002012.SZ,2009-12-28,12.7,12.74,12.42,12.71,66738.49,84032.41
002012.SZ,2009-12-29,12.62,12.79,12.15,12.55,93383.84,115879.86
002012.SZ,2009-12-30,12.48,12.48,12.04,12.08,75016.08,91394.17
002012.SZ,2015-01-05,6.45,6.59,6.4,6.56,67477.41,44045.24
002012.SZ,2015-01-06,6.55,6.78,6.48,6.75,88789.25,59083.49
002012.SZ,2015-01-07,6.73,6.79,6.64,6.7,63253.97,42516.95
002012.SZ,2015-01-08,6.69,6.7,6.4,6.55,116435.11,76259.22
002012.SZ,2015-01-09,6.53,6.7,6.5,6.55,101189.5,66886.3
002012.SZ,2015-01-12,6.51,6.63,6.25,6.3,95811.78,61284.49
002012.SZ,2015-01-13,6.3,6.38,6.22,6.3,70247.57,44194.86
002012.SZ,2015-01-14,6.28,6.33,6.24,6.29,34044.85,21404.35
002012.SZ,2015-01-15,6.23,6.37,6.22,6.37,39971.57,25308.82
002012.SZ,2015-01-16,6.36,6.42,6.32,6.37,57041.95,36291.36
002012.SZ,2015-01-19,6.39,6.41,6.15,6.3,91534.53,57500.09
002012.SZ,2015-01-20,6.29,6.52,6.29,6.46,79938.51,51140.46
002012.SZ,2015-01-21,6.45,6.73,6.45,6.7,129901.07,86229.68
002012.SZ,2015-01-22,6.67,6.96,6.66,6.89,149463.13,102550.07
002012.SZ,2015-01-23,6.89,6.94,6.7,6.79,100120.21,67990.44
002012.SZ,2015-01-26,6.82,7.09,6.77,7.05,132820.8,93006.5
002012.SZ,2015-01-27,7.02,7.15,6.97,7.08,115013.33,81382.16
002012.SZ,2015-01-28,7.08,7.12,6.92,6.94,74605.67,52172.7
002012.SZ,2015-01-29,6.93,6.96,6.86,6.88,48658.56,33587.88
002012.SZ,2015-01-30,6.91,7.1,6.91,6.93,75781.17,53027.11
002012.SZ,2015-02-02,6.9,7.3,6.8,7.29,192156.82,137175.88
002012.SZ,2015-02-03,7.25,7.44,7.17,7.34,154765.58,113037.85
002012.SZ,2015-02-04,7.37,7.56,7.29,7.48,214985.31,159887.91
002012.SZ,2015-02-05,7.48,7.51,7.27,7.28,132191.73,97738.63
002012.SZ,2015-02-06,7.31,7.46,7.2,7.33,106646.44,77878.28
002012.SZ,2015-02-09,7.33,7.43,7.03,7.09,89117.66,64675.95
002012.SZ,2015-02-10,7.09,7.15,6.97,7.12,56326.56,39865.42
002012.SZ,2015-02-11,7.15,7.42,7.08,7.41,98800.52,72270.86
002012.SZ,2015-02-12,7.4,7.46,7.3,7.41,63029.63,46585.74
002012.SZ,2015-02-13,7.41,7.47,7.35,7.39,85165.39,63099.95
002012.SZ,2015-02-16,7.36,7.59,7.35,7.58,113228.53,84761.18
002012.SZ,2015-02-17,7.56,7.67,7.5,7.6,89429.42,67778.95
002012.SZ,2015-02-25,7.6,7.75,7.5,7.7,98931.42,75835.18
002012.SZ,2015-02-26,7.7,7.89,7.68,7.75,123636.23,96147.57
002012.SZ,2015-02-27,7.78,7.93,7.78,7.78,108650.8,85318.87
002012.SZ,2015-03-02,7.8,7.83,7.54,7.71,153288.54,117351.35
002012.SZ,2015-03-03,7.67,8.23,7.6,7.95,170709.41,135751.8
002012.SZ,2015-03-04,7.89,8.1,7.79,7.93,134118.48,106203.8
002012.SZ,2015-03-05,7.9,7.93,7.74,7.89,90289.6,70795.47
002012.SZ,2015-03-06,7.89,8.08,7.77,7.95,109172.69,86629.27
002012.SZ,2015-03-09,7.95,8.16,7.82,8.1,110852.81,89029.43
002012.SZ,2015-03-10,8.11,8.31,7.98,8.06,154435.76,125793.04
002012.SZ,2015-03-11,8.06,8.08,7.91,7.97,86213.78,68891.35
002012.SZ,2015-03-12,7.98,8.11,7.85,7.9,99780.09,79232.78
002012.SZ,2015-03-13,7.9,8.0,7.83,7.94,79351.25,62746.15
002012.SZ,2015-03-16,7.96,8.12,7.96,8.09,124776.01,100522.22
002012.SZ,2015-03-17,8.09,8.24,8.04,8.15,150961.5,122666.19
002012.SZ,2015-03-18,8.15,8.28,8.09,8.26,178357.85,146006.13
002012.SZ,2015-03-19,8.25,8.3,8.15,8.22,139760.8,114750.25
002012.SZ,2015-03-20,8.23,8.25,8.07,8.15,139265.41,113686.47
002012.SZ,2015-03-23,8.15,8.39,8.1,8.34,207209.92,171188.6
002012.SZ,2015-03-24,8.35,8.36,7.7,8.2,249815.32,202753.36
002012.SZ,2015-03-25,8.18,8.38,8.01,8.32,228341.9,186824.13
002012.SZ,2015-03-26,8.46,9.15,8.37,9.15,377458.98,339884.02
002012.SZ,2015-03-27,9.09,9.61,9.0,9.24,472953.98,441757.64
002012.SZ,2015-03-30,9.42,9.48,9.08,9.23,241217.99,223137.7
002012.SZ,2015-03-31,9.25,9.29,9.01,9.13,178369.19,163032.69
002012.SZ,2015-04-01,9.11,9.35,9.06,9.21,220316.96,203567.54
002012.SZ,2015-04-02,9.28,9.95,9.25,9.82,322535.25,312151.41
002012.SZ,2015-04-03,9.8,10.53,9.6,10.32,246867.14,251932.25
002012.SZ,2015-04-07,10.69,10.69,10.0,10.2,256352.26,263895.86
002012.SZ,2015-04-08,10.25,10.48,9.9,10.04,236938.37,239509.13
002012.SZ,2015-04-09,10.05,10.19,9.18,10.1,239308.02,233552.87
002012.SZ,2015-04-10,10.0,10.3,9.84,10.25,205145.97,208561.23
002012.SZ,2015-04-13,10.25,10.55,10.19,10.29,181289.68,187538.22
002012.SZ,2015-04-14,10.29,10.35,10.0,10.11,184489.81,187270.35
002012.SZ,2015-04-15,10.08,10.08,9.44,9.8,174568.45,171466.86
002012.SZ,2015-04-16,9.7,9.96,9.52,9.76,132406.43,129891.7
002012.SZ,2015-04-17,9.8,10.05,9.74,9.99,179876.22,177151.76
002012.SZ,2015-04-20,9.97,10.1,9.6,9.62,217881.5,213638.32
002012.SZ,2015-04-21,9.63,9.98,9.57,9.94,191360.11,187438.29
002012.SZ,2015-04-22,10.09,10.66,9.93,10.43,283816.21,290751.77
002012.SZ,2015-04-23,10.4,10.68,10.22,10.41,281998.61,294542.09
002012.SZ,2015-04-24,10.27,10.38,10.05,10.25,189464.86,194150.43
002012.SZ,2015-04-27,10.28,10.7,10.15,10.26,251912.54,259588.78
002012.SZ,2015-04-28,10.2,10.25,9.75,9.85,180652.31,180958.57
002012.SZ,2015-04-29,9.73,10.16,9.65,10.0,152205.11,152605.79
002012.SZ,2015-04-30,10.1,10.53,10.02,10.32,215360.58,220851.94
002012.SZ,2015-05-04,10.32,10.65,10.18,10.59,216837.25,226774.93
002012.SZ,2015-05-05,10.59,10.82,10.28,10.42,227118.67,239668.79
002012.SZ,2015-05-06,10.46,10.79,10.29,10.39,188751.07,199033.73
002012.SZ,2015-05-07,10.1,10.24,9.51,9.74,131022.26,130819.09
002012.SZ,2015-05-08,9.89,9.99,9.55,9.88,153940.08,150807.1
002012.SZ,2015-05-11,9.88,10.32,9.88,10.29,186582.06,188844.23
002012.SZ,2015-05-12,10.29,10.98,10.25,10.98,344717.78,367789.76
002012.SZ,2015-05-13,10.8,11.53,10.72,11.35,365182.92,410412.28
002012.SZ,2015-05-14,11.33,11.39,11.0,11.14,170500.06,189991.01
002012.SZ,2015-05-15,11.21,11.21,10.65,10.85,170874.1,185495.67
002012.SZ,2015-05-18,10.7,11.1,10.6,10.93,174512.77,190589.07
002012.SZ,2015-05-19,10.97,11.3,10.8,11.18,169250.99,186545.75
002012.SZ,2015-05-20,11.2,11.77,11.19,11.4,255799.0,294785.69
002012.SZ,2015-05-21,11.3,11.98,11.29,11.83,236258.41,274647.92
002012.SZ,2015-05-22,11.86,12.15,11.56,11.99,242070.04,287816.44
002012.SZ,2015-05-25,11.9,12.84,11.67,12.59,308731.69,382035.06
002012.SZ,2015-05-26,12.65,13.06,12.32,12.8,299144.67,379107.35
002012.SZ,2015-05-27,12.78,14.0,12.2,14.0,406886.32,519520.93
002012.SZ,2015-07-01,12.6,12.6,12.6,12.6,20023.0,25228.98
002012.SZ,2015-07-02,11.34,11.34,11.34,11.34,4933.0,5594.02
002012.SZ,2015-07-03,10.21,10.21,10.21,10.21,4728.0,4827.29
002012.SZ,2015-07-06,9.19,10.65,9.19,9.19,648912.26,606401.76
002012.SZ,2015-07-07,8.27,8.27,8.27,8.27,4323.0,3575.12
002012.SZ,2015-07-08,7.44,7.55,7.44,7.44,873104.02,649652.77
002012.SZ,2015-07-09,6.7,8.18,6.7,8.18,699166.21,524680.38
002012.SZ,2015-07-10,8.0,9.0,7.78,9.0,798633.79,702382.32
002012.SZ,2015-07-13,8.6,9.89,8.6,9.74,949252.08,888612.28
002012.SZ,2015-07-14,9.42,9.73,8.77,8.77,715612.59,657685.32
002012.SZ,2015-07-15,8.26,8.47,7.89,7.89,291897.82,235433.3
002012.SZ,2015-07-16,7.13,8.18,7.1,7.59,406802.46,306391.29
002012.SZ,2015-07-17,7.6,8.2,7.53,8.0,316672.51,251628.74
002012.SZ,2015-07-20,8.02,8.29,7.81,8.03,327586.07,263576.95
002012.SZ,2015-07-21,7.97,8.3,7.77,8.22,313661.47,253413.4
002012.SZ,2015-07-22,8.19,8.75,8.11,8.59,409211.45,345593.96
002012.SZ,2015-07-23,8.58,8.87,8.39,8.77,362434.97,313915.07
002012.SZ,2015-07-24,8.81,9.13,8.48,8.59,399238.75,354530.19
002012.SZ,2015-07-27,8.27,8.68,7.73,7.73,337762.02,276364.94
002012.SZ,2015-07-28,7.11,7.72,6.96,7.26,269095.48,194569.94
002012.SZ,2015-07-29,7.44,7.8,6.95,7.76,208604.05,153116.04
002012.SZ,2015-07-30,7.6,7.95,7.38,7.39,228059.25,176519.83
002012.SZ,2015-07-31,7.15,7.48,7.12,7.2,149996.46,108792.98
002012.SZ,2015-08-03,7.1,7.25,6.48,6.73,213963.95,145774.16
002012.SZ,2015-08-04,6.78,7.3,6.68,7.27,190278.67,133553.84
002012.SZ,2015-08-05,7.26,7.42,7.1,7.25,192970.5,140689.35
002012.SZ,2015-08-06,7.11,7.98,7.01,7.98,197861.78,154299.13
002012.SZ,2015-08-07,8.76,8.78,8.27,8.54,737609.62,636679.92
002012.SZ,2015-08-10,8.34,9.01,8.32,8.86,607752.28,527458.9
002012.SZ,2015-08-11,8.65,8.94,8.6,8.71,417815.78,365765.29
002012.SZ,2015-08-12,8.55,8.75,8.3,8.32,293871.16,250092.28
002012.SZ,2015-08-13,8.21,9.15,8.16,9.15,410116.79,360229.8
002012.SZ,2015-08-14,9.36,10.07,9.01,10.07,499067.83,474699.41
002012.SZ,2015-08-17,10.38,11.08,10.06,10.6,933721.53,995328.02
002012.SZ,2015-08-18,10.2,10.45,9.54,9.54,530825.41,524355.82
002012.SZ,2015-08-19,8.74,9.9,8.59,9.52,520895.71,467728.73
002012.SZ,2015-08-20,9.25,9.85,8.91,9.5,482969.63,453853.79
002012.SZ,2015-08-21,9.12,9.5,8.55,8.56,313253.15,280370.03
002012.SZ,2015-08-24,7.74,7.98,7.7,7.7,179278.98,138663.48
002012.SZ,2015-08-25,6.93,7.11,6.93,6.93,180174.77,125192.83
002012.SZ,2015-08-26,6.93,7.4,6.24,6.32,383017.3,253639.55
002012.SZ,2015-08-27,6.5,6.8,5.99,6.67,272317.26,175943.04
002012.SZ,2015-08-28,6.8,7.27,6.63,7.27,282160.78,194793.78
002012.SZ,2015-08-31,7.08,7.2,6.77,6.79,200338.09,139146.05
002012.SZ,2015-09-01,6.75,6.75,6.11,6.11,190164.29,118854.02
002012.SZ,2015-09-02,5.66,6.37,5.52,5.62,178569.64,104557.58
002012.SZ,2015-09-07,5.79,6.03,5.62,5.75,152198.39,88951.66
002012.SZ,2015-09-08,5.8,6.2,5.66,6.16,143069.45,84937.77
002012.SZ,2015-09-09,6.22,6.78,6.21,6.78,284162.72,184774.97
002012.SZ,2015-09-10,6.7,7.05,6.55,6.69,281010.06,191575.83
002012.SZ,2015-09-11,6.71,6.83,6.5,6.73,155064.19,103514.42
002012.SZ,2015-09-14,6.75,6.82,6.06,6.06,181497.65,114858.79
002012.SZ,2015-09-15,5.76,5.93,5.45,5.52,196794.58,111385.95
002012.SZ,2015-09-16,5.58,6.07,5.55,6.07,175876.06,102182.69
002012.SZ,2015-09-17,6.13,6.43,5.92,5.93,218984.1,136640.75
002012.SZ,2015-09-18,5.95,6.14,5.83,6.05,138658.95,83210.41
002012.SZ,2015-09-21,5.9,6.32,5.86,6.28,135819.26,83352.4
002012.SZ,2015-09-22,6.29,6.41,6.19,6.31,153302.09,96764.76
002012.SZ,2015-09-23,6.29,6.6,6.15,6.39,240665.41,154066.34
002012.SZ,2015-09-24,6.38,6.49,6.27,6.46,180114.83,115160.22
002012.SZ,2015-09-25,6.4,6.48,5.95,6.1,157961.68,98515.26
002012.SZ,2015-09-28,6.08,6.35,6.0,6.3,97909.68,61012.97
002012.SZ,2015-09-29,6.12,6.31,5.9,6.14,116927.0,72216.28
002012.SZ,2015-09-30,6.17,6.47,6.13,6.34,126089.67,79276.7
002012.SZ,2015-10-08,6.58,6.68,6.4,6.55,174862.38,115055.91
002012.SZ,2015-10-09,6.5,6.75,6.49,6.67,141451.96,93685.7
002012.SZ,2015-10-12,6.7,7.2,6.68,6.99,213957.65,148639.53
002012.SZ,2015-10-13,6.92,7.37,6.9,7.15,209749.14,150195.24
002012.SZ,2015-10-14,7.25,7.41,7.01,7.21,251616.6,180595.41
002012.SZ,2015-10-15,7.17,7.68,7.12,7.55,255761.85,189291.1
002012.SZ,2015-10-16,7.58,8.12,7.51,7.8,324711.54,252206.95
002012.SZ,2015-10-19,7.82,7.9,7.56,7.73,253907.31,194643.35
002012.SZ,2015-10-20,7.67,7.83,7.56,7.81,192622.52,148348.65
002012.SZ,2015-10-21,7.84,8.05,7.13,7.38,332607.72,251383.65
002012.SZ,2015-10-22,7.32,7.8,7.31,7.75,270353.8,202644.45
002012.SZ,2015-10-23,7.77,8.4,7.77,8.31,403328.04,329358.78
002012.SZ,2015-10-26,8.25,8.55,8.08,8.51,358982.31,295648.21
002012.SZ,2015-10-27,8.3,8.3,7.7,8.05,410309.61,327780.03
002012.SZ,2015-10-28,7.98,8.03,7.52,7.6,274531.34,213456.52
002012.SZ,2015-10-29,7.64,7.78,7.55,7.67,155123.38,118907.17
002012.SZ,2015-10-30,7.7,7.77,7.47,7.61,157882.66,120585.39
002012.SZ,2015-11-02,7.44,7.63,7.34,7.37,129950.35,96945.61
002012.SZ,2015-11-03,7.39,7.6,7.31,7.52,143462.58,107060.75
002012.SZ,2015-11-04,7.6,8.27,7.57,8.13,322006.12,256751.52
002012.SZ,2015-11-05,8.15,8.21,7.9,7.98,263801.4,211924.59
002012.SZ,2015-11-06,8.01,8.3,7.96,8.23,228755.6,185749.96
002012.SZ,2015-11-09,8.11,8.34,7.91,8.25,246268.86,200654.59
002012.SZ,2015-11-10,8.16,8.68,8.08,8.51,298387.85,250781.23
002012.SZ,2015-11-11,8.43,8.76,8.33,8.58,232635.16,198509.72
002012.SZ,2015-11-12,8.66,9.18,8.53,8.88,376096.05,330124.44
002012.SZ,2015-11-13,8.69,8.93,8.28,8.6,259066.77,223439.47
002012.SZ,2015-11-16,8.38,8.72,8.31,8.71,187906.15,160959.81
002012.SZ,2015-11-17,8.82,9.07,8.56,8.68,323062.35,284939.96
002012.SZ,2015-11-18,8.66,8.75,8.35,8.38,165107.57,140686.88
002012.SZ,2015-11-19,8.4,8.61,8.33,8.57,144634.34,122488.59
002012.SZ,2015-11-20,8.6,9.18,8.49,9.14,460623.38,406831.96
002012.SZ,2015-11-23,9.05,9.18,8.85,9.09,389867.79,349799.14
002012.SZ,2015-11-24,9.06,9.17,8.61,8.91,247737.21,220630.51
002012.SZ,2015-11-25,8.92,9.1,8.85,9.02,266580.44,239654.6
002012.SZ,2015-11-26,9.1,9.47,8.94,9.12,341073.86,314200.88
002012.SZ,2015-11-27,9.0,9.1,8.21,8.22,272808.92,236878.61
002012.SZ,2015-11-30,8.22,8.33,7.74,8.28,201210.75,163443.72
002012.SZ,2015-12-01,8.26,8.6,8.11,8.47,146135.68,122488.92
002012.SZ,2015-12-02,8.42,8.88,8.05,8.31,134206.23,111774.72
002012.SZ,2015-12-03,8.23,8.6,8.22,8.58,129021.99,109300.06
002012.SZ,2015-12-04,8.51,9.1,8.5,9.02,307882.4,272034.2
002012.SZ,2015-12-07,8.97,9.52,8.9,9.38,336572.5,312506.11
002012.SZ,2015-12-08,9.33,10.11,9.1,9.68,516173.53,498030.85
002012.SZ,2015-12-09,9.4,9.55,9.15,9.35,312282.72,292099.53
002012.SZ,2015-12-10,9.31,9.5,9.01,9.09,227148.19,209641.99
002012.SZ,2015-12-11,9.17,9.31,9.03,9.14,162970.38,149427.52
002012.SZ,2015-12-14,9.0,9.48,8.91,9.44,155140.48,143034.63
002012.SZ,2015-12-15,9.44,9.57,9.33,9.52,184585.99,174606.34
002012.SZ,2015-12-16,9.5,9.6,9.35,9.41,184820.24,174541.59
002012.SZ,2015-12-17,9.43,9.93,9.43,9.86,309497.85,301098.78
002012.SZ,2015-12-18,9.8,9.93,9.29,9.82,205187.12,199169.33
002012.SZ,2015-12-21,9.83,10.14,9.69,9.7,285068.52,281408.1
002012.SZ,2015-12-22,9.77,10.19,9.72,10.11,326164.25,324655.99
002012.SZ,2015-12-23,10.22,10.68,10.15,10.33,486512.22,507341.17
002012.SZ,2015-12-24,10.17,10.55,10.0,10.55,259061.91,266050.12
002012.SZ,2015-12-25,10.5,10.96,10.42,10.47,272942.97,290962.8
002012.SZ,2015-12-28,10.49,10.73,10.13,10.16,256726.83,266866.72
002012.SZ,2015-12-29,10.02,10.49,10.02,10.45,187351.81,192619.14
002012.SZ,2015-12-30,10.55,10.59,10.13,10.34,206017.46,211845.58
002012.SZ,2015-12-31,10.31,10.41,9.7,9.84,304336.85,303972.7184
002012.SZ,2016-01-04,9.8,9.88,8.86,8.86,193559.63,179885.82
002012.SZ,2016-01-05,8.4,9.75,8.35,9.75,392899.13,358461.9
002012.SZ,2016-01-06,9.76,10.32,9.6,10.2,305635.96,307013.44
002012.SZ,2016-01-07,9.92,10.03,9.18,9.2,71473.59,68385.13
002012.SZ,2016-01-08,9.54,10.1,8.5,9.94,311111.59,302565.78
002012.SZ,2016-01-11,9.59,9.99,8.95,9.05,304305.76,288317.92
002012.SZ,2016-01-12,9.1,9.36,8.69,8.81,187928.61,169653.49
002012.SZ,2016-01-13,8.9,9.02,7.93,7.93,233744.06,196794.24
002012.SZ,2016-01-14,7.42,8.12,7.29,8.0,210624.17,161197.51
002012.SZ,2016-01-15,7.88,8.05,7.35,7.92,179146.52,137512.91
002012.SZ,2016-01-18,7.62,8.71,7.6,8.71,299800.66,253133.74
002012.SZ,2016-07-18,8.8,9.48,8.52,9.05,686139.15,613195.65
002012.SZ,2016-07-19,8.82,8.92,8.54,8.89,407957.59,355594.94
002012.SZ,2016-07-20,8.84,9.16,8.7,9.06,341093.57,306968.92
002012.SZ,2016-07-21,9.0,9.23,8.92,9.15,252870.35,229693.89
002012.SZ,2016-07-22,9.15,9.18,8.72,9.13,214797.0,193110.52
002012.SZ,2016-07-25,9.0,9.16,8.94,9.08,111806.28,101400.85
002012.SZ,2016-07-26,9.12,9.12,8.98,9.08,106958.06,96829.61
002012.SZ,2016-07-27,9.03,9.07,8.28,8.48,180783.48,156910.95
002012.SZ,2016-07-28,8.47,8.47,8.01,8.33,96515.13,80011.4
002012.SZ,2016-07-29,8.33,8.39,8.1,8.27,47735.57,39291.89
002012.SZ,2016-08-01,8.21,8.32,7.78,8.25,114723.01,92006.03
002012.SZ,2016-08-02,8.19,8.28,8.07,8.19,41903.27,34269.74
002012.SZ,2016-08-03,8.15,8.29,8.11,8.2,36229.51,29655.43
002012.SZ,2016-08-04,8.23,8.25,8.06,8.17,50583.58,41336.55
002012.SZ,2016-08-05,8.18,8.2,8.0,8.06,56653.07,45823.23
002012.SZ,2016-08-08,8.07,8.16,7.92,8.11,70918.19,57220.7
002012.SZ,2016-08-09,8.09,8.74,8.06,8.49,126676.83,106864.38
002012.SZ,2016-08-10,8.43,8.74,8.43,8.64,89153.22,76834.07
002012.SZ,2016-08-11,8.61,8.8,8.35,8.35,69365.16,59472.62
002012.SZ,2016-08-12,8.3,8.64,8.3,8.63,77264.46,66029.68
002012.SZ,2016-08-15,8.55,8.78,8.53,8.69,85994.52,74786.52
002012.SZ,2016-08-16,8.75,8.96,8.7,8.88,116364.24,102856.97
002012.SZ,2016-08-17,8.88,8.92,8.67,8.8,113529.08,99300.5
002012.SZ,2016-08-18,8.73,8.96,8.66,8.78,95370.17,83904.7
002012.SZ,2016-08-19,8.82,8.99,8.68,8.9,110277.29,97823.11
002012.SZ,2016-08-22,8.98,9.47,8.89,9.02,251202.82,231474.74
002012.SZ,2016-08-23,8.95,9.28,8.84,9.2,152235.89,138338.41
002012.SZ,2016-08-24,9.2,9.53,9.13,9.33,192056.48,180398.75
002012.SZ,2016-08-25,9.35,9.89,9.16,9.65,330564.13,313372.55
002012.SZ,2016-08-26,9.63,10.1,9.47,10.06,321488.24,316560.6
002012.SZ,2016-08-29,9.99,10.34,9.85,9.86,274892.57,276734.03
002012.SZ,2016-08-30,9.85,10.08,9.7,9.93,148081.37,146808.61
002012.SZ,2016-08-31,9.81,10.14,9.68,9.93,205969.72,203957.29
002012.SZ,2016-09-01,9.93,9.95,9.7,9.76,123476.2,121338.57
002012.SZ,2016-09-02,9.76,9.96,9.64,9.89,137949.35,134720.53
002012.SZ,2016-09-05,9.86,10.02,9.63,9.68,146849.85,144331.57
002012.SZ,2016-09-06,9.67,9.84,9.42,9.7,124399.65,119931.51
002012.SZ,2016-09-07,9.7,9.78,9.5,9.5,139747.07,134458.27
002012.SZ,2016-09-08,9.53,9.6,9.4,9.47,95399.11,90355.1
002012.SZ,2016-09-09,9.46,9.73,9.4,9.48,128244.01,122864.63
002012.SZ,2016-09-12,9.23,9.37,9.12,9.26,92993.32,86039.3
002012.SZ,2016-09-13,9.38,9.62,9.27,9.59,112121.08,106041.99
002012.SZ,2016-09-14,9.5,9.75,9.4,9.68,115811.72,111386.37
002012.SZ,2016-09-19,9.68,9.78,9.51,9.72,96474.69,93011.75
002012.SZ,2016-09-20,9.74,9.77,9.57,9.57,64195.1,61983.24
002012.SZ,2016-09-21,9.55,9.6,9.3,9.35,115316.2,108559.04
002012.SZ,2016-09-22,9.45,9.46,9.15,9.18,128828.04,119877.6
002012.SZ,2016-09-23,9.25,9.25,9.01,9.1,129733.15,118277.87
002012.SZ,2016-09-26,9.09,9.24,8.9,8.93,119730.04,108578.37
002012.SZ,2016-09-27,8.8,9.13,8.8,9.08,124313.57,111693.15
002012.SZ,2016-09-28,9.08,9.15,8.98,9.0,34225.6,31014.25
002012.SZ,2016-09-29,9.0,9.58,8.99,9.28,115238.62,107226.75
002012.SZ,2016-09-30,9.18,9.35,9.14,9.29,81974.45,75928.8
002012.SZ,2016-10-10,9.32,9.47,9.24,9.4,112148.37,104883.13
002012.SZ,2016-10-11,9.4,9.63,9.4,9.5,108984.47,103611.64
002012.SZ,2016-10-12,9.47,9.59,9.38,9.45,88538.09,83686.79
002012.SZ,2016-10-13,9.49,9.49,9.29,9.35,99547.61,93181.0
002012.SZ,2016-10-14,9.34,9.88,9.3,9.79,223098.96,215732.17
002012.SZ,2016-10-17,9.79,9.82,9.45,9.49,143895.52,138777.2
002012.SZ,2016-10-18,9.5,9.63,9.4,9.59,102942.35,97984.33
002012.SZ,2016-10-19,9.56,9.7,9.51,9.58,89040.39,85450.77
002012.SZ,2016-10-20,9.59,9.74,9.52,9.72,119426.53,115311.4
002012.SZ,2016-10-21,9.71,9.8,9.3,9.44,162330.08,154331.26
002012.SZ,2016-10-24,9.4,9.53,9.35,9.43,142180.14,134002.07
002012.SZ,2016-10-25,9.42,9.54,9.33,9.53,128858.7,121542.58
002012.SZ,2016-10-26,9.52,9.63,9.43,9.5,116622.21,111286.94
002012.SZ,2016-10-27,9.55,9.86,9.46,9.71,201128.64,195252.33
002012.SZ,2016-10-28,9.65,9.8,9.59,9.75,162522.49,157580.86
002012.SZ,2016-10-31,9.75,10.18,9.68,10.0,247343.4,245544.48
002012.SZ,2016-11-01,10.0,10.18,9.92,10.01,223225.62,223802.89
002012.SZ,2016-11-02,10.03,10.58,9.99,10.18,331106.14,340955.18
002012.SZ,2016-11-03,10.17,10.56,10.12,10.22,259566.69,268321.21
002012.SZ,2016-11-04,10.18,10.36,9.99,10.06,202508.8,205658.76
002012.SZ,2016-11-07,10.06,10.41,9.89,10.39,195019.42,198787.1
002012.SZ,2016-11-08,10.39,10.83,10.3,10.69,252916.09,269302.1
002012.SZ,2016-11-09,10.69,10.8,10.31,10.5,220652.62,232937.31
002012.SZ,2016-11-10,10.68,10.93,10.6,10.68,194322.75,209330.27
002012.SZ,2016-11-11,10.66,10.96,10.61,10.82,147098.67,158903.73
002012.SZ,2016-11-14,10.63,10.83,10.4,10.5,209358.89,222650.13
002012.SZ,2016-11-15,10.46,10.74,10.45,10.7,112809.84,119665.35
002012.SZ,2016-11-16,10.7,10.94,10.69,10.77,97809.61,105778.53
002012.SZ,2016-11-17,10.7,11.45,10.66,11.25,219710.99,244664.69
002012.SZ,2016-11-18,11.2,11.88,10.96,11.06,324947.06,370197.75
002012.SZ,2016-11-21,11.07,11.43,10.98,11.15,222287.49,249203.87
002012.SZ,2016-11-22,11.1,11.37,11.04,11.16,213474.46,238837.77
002012.SZ,2016-11-23,11.17,11.28,11.06,11.11,160194.24,178450.07
002012.SZ,2016-11-24,11.19,11.19,10.81,10.87,167591.0,183630.27
002012.SZ,2016-11-25,10.84,10.95,10.44,10.92,122476.75,131626.6
002012.SZ,2016-11-28,10.93,11.07,10.85,10.94,81182.98,89191.69
002012.SZ,2016-11-29,10.87,11.05,10.61,10.65,100964.33,109189.79
002012.SZ,2016-11-30,10.63,10.64,10.5,10.6,80004.49,84500.53
002012.SZ,2016-12-01,10.7,10.7,10.51,10.6,55861.92,59113.51
002012.SZ,2016-12-02,10.6,10.94,10.53,10.78,102302.27,110525.96
002012.SZ,2016-12-05,10.68,11.12,10.61,11.05,125610.18,137856.07
002012.SZ,2016-12-06,11.05,11.15,10.9,11.05,118988.18,131035.14
002012.SZ,2016-12-07,11.0,11.11,10.81,10.99,137898.01,150777.25
002012.SZ,2016-12-08,11.04,11.74,10.96,11.5,304699.87,346530.09
002012.SZ,2016-12-09,11.4,11.56,11.27,11.43,152296.53,173642.72
002012.SZ,2016-12-12,11.44,11.6,10.69,10.86,192254.22,214175.8
002012.SZ,2016-12-13,10.85,10.96,10.51,10.88,127652.18,137434.54
002012.SZ,2016-12-14,10.82,11.65,10.65,11.45,240244.02,269538.46
002012.SZ,2016-12-15,11.31,12.2,11.27,12.0,354036.92,416587.56
002012.SZ,2016-12-16,11.99,12.4,11.81,11.92,286048.37,345483.45
002012.SZ,2016-12-19,11.85,12.78,11.85,12.76,339286.27,421373.18
002012.SZ,2016-12-20,12.6,12.83,12.41,12.49,215046.01,270594.85
002012.SZ,2016-12-21,12.49,12.84,12.41,12.6,138938.72,175004.77
002012.SZ,2016-12-22,12.54,12.65,12.2,12.49,143606.32,178362.8
002012.SZ,2016-12-23,12.47,12.7,12.33,12.46,120528.22,150456.78
002012.SZ,2016-12-26,12.5,13.33,12.39,13.1,275108.73,355153.86
002012.SZ,2016-12-27,13.02,13.62,12.85,12.87,277932.62,367379.12
002012.SZ,2016-12-28,12.83,13.08,12.71,12.95,121240.06,156691.6
002012.SZ,2016-12-29,13.01,13.32,12.85,12.98,108025.75,141357.8
002012.SZ,2016-12-30,13.03,13.23,12.46,12.68,161243.74,206587.06
002012.SZ,2017-01-03,12.7,13.17,12.47,13.13,120256.9,155092.71
002012.SZ,2017-01-04,13.1,13.74,13.0,13.71,155760.9,211041.57
002012.SZ,2017-01-05,13.65,14.03,13.53,13.75,172031.81,237332.4
002012.SZ,2017-01-06,13.68,13.9,13.59,13.75,100216.51,137606.08
002012.SZ,2017-01-09,13.64,14.09,13.6,13.88,92918.71,129188.27
002012.SZ,2017-01-10,13.85,14.08,13.73,13.95,111217.35,154801.79
002012.SZ,2017-01-11,13.95,14.03,13.49,13.69,122639.66,168231.85
002012.SZ,2017-01-12,13.61,13.77,13.07,13.32,129308.07,172284.77
002012.SZ,2017-01-13,13.32,13.43,12.8,13.07,120708.48,157497.06
002012.SZ,2017-01-16,12.91,13.16,12.02,12.3,148898.12,187390.62
002012.SZ,2017-01-17,12.3,13.53,12.21,13.53,206463.08,267748.05
002012.SZ,2017-01-18,13.8,13.85,13.33,13.47,186211.4,252679.15
002012.SZ,2017-01-19,13.46,13.78,12.85,12.85,120978.01,160884.84
002012.SZ,2017-01-20,12.96,13.62,12.85,13.43,128999.06,170975.04
002012.SZ,2017-01-23,13.4,13.55,13.22,13.54,76664.63,102978.67
002012.SZ,2017-01-24,13.47,13.7,13.21,13.6,77041.01,103685.93
002012.SZ,2017-01-25,13.52,13.62,13.41,13.52,32574.03,43955.84
002012.SZ,2017-01-26,13.52,13.64,13.41,13.5,42607.19,57525.83
002012.SZ,2017-02-03,13.5,13.66,13.31,13.51,32436.02,43828.39
002012.SZ,2017-02-06,13.51,13.6,13.33,13.49,52829.56,71139.3
002012.SZ,2017-02-07,13.47,14.49,13.41,14.38,146950.84,206876.09
002012.SZ,2017-02-08,14.38,14.38,14.01,14.25,89150.75,126600.69
002012.SZ,2017-02-09,14.38,14.6,14.08,14.51,107661.58,153655.38
002012.SZ,2017-02-10,14.43,14.74,14.35,14.57,85163.6,123890.27
002012.SZ,2017-02-13,14.48,14.54,14.23,14.31,66869.62,96275.78
002012.SZ,2017-02-14,14.36,14.76,14.27,14.65,102651.17,149776.93
002012.SZ,2017-02-15,14.7,14.82,14.55,14.65,102354.58,150165.43
002012.SZ,2017-02-16,14.71,15.39,14.65,15.28,160737.33,242293.47
002012.SZ,2017-02-17,15.24,15.3,14.91,15.17,100259.01,151181.44
002012.SZ,2017-02-20,15.03,15.23,14.78,15.02,172850.2,258182.09
002012.SZ,2017-02-21,14.91,14.99,14.57,14.8,139428.5,206293.08
002012.SZ,2017-02-22,14.79,14.92,14.51,14.6,99397.14,145896.53
002012.SZ,2017-02-23,14.65,15.05,14.65,14.9,132733.45,197866.23
002012.SZ,2017-02-24,14.9,14.93,14.59,14.8,90006.83,132817.41
002012.SZ,2017-02-27,14.8,14.85,14.4,14.4,67685.25,98805.01
002012.SZ,2017-02-28,14.4,14.62,13.33,14.39,152096.58,214304.37
002012.SZ,2017-03-01,14.22,14.22,13.0,13.77,269761.27,368606.61
002012.SZ,2017-03-02,13.7,14.09,13.25,13.79,137823.69,189532.37
002012.SZ,2017-03-03,13.93,14.08,13.52,13.8,103253.72,143263.96
002012.SZ,2017-03-06,13.88,13.94,13.5,13.59,128500.17,176521.39
002012.SZ,2017-03-07,13.49,14.08,13.47,13.9,90665.87,124572.12
002012.SZ,2017-03-08,13.99,14.46,13.82,14.15,115794.93,164381.03
002012.SZ,2017-03-09,14.22,14.24,13.74,13.8,71246.48,99203.51
002012.SZ,2017-03-10,13.82,13.88,13.61,13.72,41788.9,57398.42
002012.SZ,2017-03-13,13.91,13.97,13.64,13.89,60700.52,83924.33
002012.SZ,2017-03-14,13.89,14.07,13.82,13.99,86710.9,120990.1
002012.SZ,2017-03-15,13.92,14.03,13.85,13.98,49783.23,69532.16
002012.SZ,2017-03-16,13.9,14.05,13.87,13.98,76258.5,106499.52
002012.SZ,2017-03-17,13.98,14.0,13.85,13.88,40045.9,55818.37
002012.SZ,2017-03-20,13.85,13.85,13.0,13.3,149517.45,200735.84
002012.SZ,2017-03-21,13.3,13.36,12.77,13.29,197200.93,257965.4
002012.SZ,2017-03-22,13.27,13.55,13.08,13.22,70941.49,94711.29
002012.SZ,2017-03-23,13.21,13.71,13.21,13.45,105450.63,142509.82
002012.SZ,2017-03-24,13.45,13.76,13.42,13.48,44491.54,60285.69
002012.SZ,2017-03-27,13.49,13.51,13.14,13.25,57431.37,76106.06
002012.SZ,2017-03-28,13.26,13.58,13.16,13.25,48410.27,64569.76
002012.SZ,2017-03-29,13.3,13.33,13.05,13.25,44469.01,58804.8
002012.SZ,2017-03-30,13.21,13.28,13.02,13.25,57528.9,75607.38
002012.SZ,2017-03-31,13.28,13.28,13.1,13.24,24265.18,31949.29
002012.SZ,2017-04-05,13.35,13.53,13.0,13.35,51999.88,69007.66
002012.SZ,2017-04-06,13.41,13.6,13.3,13.49,79447.49,107334.8
002012.SZ,2017-04-07,13.53,13.55,13.33,13.55,63191.7,84965.71
002012.SZ,2017-04-10,13.51,14.0,13.4,13.54,110199.93,150915.89
002012.SZ,2017-04-11,13.42,13.81,13.38,13.58,84878.01,114921.76
002012.SZ,2017-04-12,13.59,13.65,13.33,13.38,37869.09,50912.35
002012.SZ,2017-04-13,13.38,13.4,13.0,13.25,65011.6,86059.0
002012.SZ,2017-04-14,13.2,13.22,12.83,13.05,74165.37,96428.82
002012.SZ,2017-04-17,13.04,13.38,12.89,13.11,85127.83,112113.54
002012.SZ,2017-04-18,13.12,13.33,12.94,13.1,72029.22,94600.18
002012.SZ,2017-04-19,13.1,13.12,11.79,11.79,100283.22,121043.77
002012.SZ,2017-12-25,12.95,12.95,10.59,11.55,467677.09,537930.72
002012.SZ,2017-12-26,11.3,11.58,10.7,11.34,157786.29,177944.76
002012.SZ,2017-12-27,11.52,11.8,10.21,10.28,179162.47,195739.0
002012.SZ,2018-01-12,10.4,10.96,10.14,10.39,294871.67,308798.72
002012.SZ,2018-01-15,10.5,11.43,10.02,11.19,444726.03,486570.61
002012.SZ,2018-01-16,11.22,12.31,11.0,11.88,324940.64,374126.89
002012.SZ,2018-01-17,12.48,12.8,11.11,11.31,318685.33,369433.46
002012.SZ,2018-01-18,11.31,11.34,11.09,11.15,235291.26,262532.84
002012.SZ,2018-01-19,11.09,11.55,11.08,11.4,193215.09,217706.25
002012.SZ,2018-01-22,11.4,11.49,11.2,11.21,176792.08,199481.14
002012.SZ,2018-01-23,11.25,11.49,11.0,11.21,270324.85,302700.12
002012.SZ,2018-01-24,11.21,11.25,10.99,11.09,173600.67,192448.08
002012.SZ,2018-01-25,11.02,11.02,10.89,10.92,141550.0,154958.78
002012.SZ,2018-01-26,10.95,10.98,10.89,10.96,98623.4,107807.71
002012.SZ,2018-01-29,10.97,10.97,10.29,10.39,201182.4,210915.54
002012.SZ,2018-02-13,9.35,9.35,9.35,9.35,10103.0,9446.31
002012.SZ,2018-02-14,8.42,8.42,8.42,8.42,7177.0,6043.03
002012.SZ,2018-02-22,7.58,7.58,7.58,7.58,15252.0,11561.02
002012.SZ,2018-03-02,7.1,7.58,7.08,7.13,912328.75,657983.67
002012.SZ,2018-03-05,6.9,7.08,6.85,7.01,316046.86,221143.25
002012.SZ,2018-03-06,6.86,7.43,6.8,7.27,344461.52,247978.15
002012.SZ,2018-03-07,7.28,7.28,7.04,7.06,243195.73,173561.56
002012.SZ,2018-03-08,7.1,7.18,7.03,7.09,146066.24,103514.35
002012.SZ,2018-03-09,7.1,7.44,7.05,7.27,319201.49,231974.72
002012.SZ,2018-03-12,7.27,7.77,7.25,7.76,381876.41,285209.91
002012.SZ,2018-03-13,7.66,8.5,7.61,8.15,468317.39,375785.55
002012.SZ,2018-03-14,8.07,8.23,7.91,8.05,236520.86,190823.26
002012.SZ,2018-03-15,8.01,8.12,7.81,8.12,201764.49,159849.35
002012.SZ,2018-03-16,8.14,8.38,8.1,8.16,193912.01,159560.65
002012.SZ,2018-03-19,8.15,8.15,7.82,7.91,144409.95,114740.03
002012.SZ,2018-03-20,7.8,7.86,7.37,7.67,204157.12,155044.99
002012.SZ,2018-03-21,7.76,7.8,7.56,7.59,146594.74,111908.56
002012.SZ,2018-03-22,7.62,7.63,7.39,7.4,113485.06,84897.22
002012.SZ,2018-03-23,7.05,7.21,6.66,6.66,221872.4,153475.14
002012.SZ,2018-03-26,6.58,6.9,6.2,6.72,150794.07,98774.29
002012.SZ,2018-03-27,6.78,7.39,6.78,7.39,199430.33,144643.71
002012.SZ,2018-03-28,7.39,7.72,7.24,7.39,245866.65,183160.03
002012.SZ,2018-03-29,7.38,7.44,7.21,7.31,118520.0,86566.47
002012.SZ,2018-03-30,7.35,7.48,7.3,7.35,106835.05,78814.62
002012.SZ,2018-04-02,7.38,7.46,7.2,7.23,105737.77,77256.66
002012.SZ,2018-04-03,7.01,7.12,6.91,6.98,103624.06,72423.15
002012.SZ,2018-04-04,7.3,7.68,7.23,7.68,124831.44,95033.64
002012.SZ,2018-04-09,7.82,8.34,7.79,8.14,503934.25,408252.12
002012.SZ,2018-04-10,8.0,8.12,7.84,7.98,228884.45,181608.88
002012.SZ,2018-04-11,7.89,8.6,7.86,8.21,310275.49,256632.4
002012.SZ,2018-04-12,8.2,8.33,8.04,8.25,210906.0,172429.7
002012.SZ,2018-04-13,8.33,8.5,8.03,8.15,204398.75,168018.32
002012.SZ,2018-04-16,8.06,8.06,7.68,7.85,183993.69,144439.99
002012.SZ,2018-04-17,7.85,8.28,7.78,8.16,291367.02,236534.14
002012.SZ,2018-04-18,8.16,8.26,7.85,7.99,207621.08,166046.12
002012.SZ,2018-04-19,7.91,7.99,7.79,7.89,135131.25,106227.66
002012.SZ,2018-04-20,7.8,7.88,7.36,7.42,165869.31,126514.52
002012.SZ,2018-04-23,7.07,7.17,6.68,6.68,282299.14,191087.82
002012.SZ,2018-04-24,6.2,6.63,6.2,6.55,281455.56,181171.51
002012.SZ,2018-04-25,6.45,6.71,6.42,6.55,158233.6,104223.0
002012.SZ,2018-04-26,6.56,6.65,6.26,6.27,123904.66,79265.73
002012.SZ,2018-04-27,6.29,6.4,6.02,6.37,212899.67,133569.51
002012.SZ,2018-05-02,6.41,6.56,6.2,6.25,119516.49,76109.48
002012.SZ,2018-05-03,6.25,6.31,6.12,6.26,91696.01,57121.47
002012.SZ,2018-05-04,6.34,6.5,6.28,6.39,157005.14,100234.67
002012.SZ,2018-05-07,6.39,6.7,6.36,6.66,230849.45,151474.67
002012.SZ,2018-05-08,6.57,6.72,6.55,6.65,130505.62,86419.59
002012.SZ,2018-05-09,6.64,6.67,6.52,6.54,85965.53,56441.1
002012.SZ,2018-05-10,6.64,6.65,6.44,6.47,98817.21,64446.68
002012.SZ,2018-05-11,6.5,6.63,6.47,6.51,145802.08,95289.88
002012.SZ,2018-05-14,6.55,6.6,6.34,6.4,98188.0,63436.43
002012.SZ,2018-05-15,6.35,6.43,6.23,6.41,113875.4,72020.39
002012.SZ,2018-05-16,6.43,6.48,6.3,6.34,75410.78,48045.16
002012.SZ,2018-05-17,6.38,6.38,5.95,6.28,168899.36,104631.94
002012.SZ,2018-05-18,6.22,6.31,6.19,6.29,99451.87,62227.69
002012.SZ,2018-05-21,6.38,6.51,6.29,6.4,138232.0,88187.91
002012.SZ,2018-05-22,6.48,6.54,6.4,6.41,112040.16,72361.17
002012.SZ,2018-05-23,6.43,6.43,6.3,6.3,89785.86,57078.76
002012.SZ,2018-05-24,6.3,6.8,6.25,6.75,253010.75,165313.01
002012.SZ,2018-05-25,6.7,7.16,6.7,6.98,301905.84,210821.86
002012.SZ,2018-05-28,6.95,6.99,6.72,6.9,130890.89,89627.91
002012.SZ,2018-05-29,6.9,6.95,6.68,6.68,115066.47,78626.67
002012.SZ,2018-05-30,6.55,6.56,6.3,6.39,92840.0,59761.58
002012.SZ,2018-05-31,6.45,7.03,6.45,7.03,287662.53,197953.0
002012.SZ,2018-06-01,7.0,7.0,6.78,6.85,162067.72,111503.68
002012.SZ,2018-06-04,6.9,7.05,6.8,6.87,130175.27,89870.39
002012.SZ,2018-06-05,6.8,7.02,6.8,6.95,129417.94,89654.57
002012.SZ,2018-06-06,6.91,7.05,6.91,7.02,130229.43,90835.23
002012.SZ,2018-06-07,7.01,7.5,7.01,7.32,301919.97,220879.07
002012.SZ,2018-06-08,7.31,7.4,7.03,7.13,173624.32,125361.57
002012.SZ,2018-06-11,7.12,7.13,6.87,6.89,99819.48,69897.46
002012.SZ,2018-06-12,6.93,7.0,6.78,6.95,104659.0,72424.51
002012.SZ,2018-06-13,7.03,7.4,6.92,7.1,184350.45,132712.11
002012.SZ,2018-06-14,6.94,7.03,6.86,6.98,97729.02,67936.76
002012.SZ,2018-06-15,6.9,6.98,6.28,6.34,229604.93,150502.66
002012.SZ,2018-06-19,6.28,6.4,5.71,5.71,229660.35,139013.19
002012.SZ,2018-06-20,5.8,5.81,5.14,5.5,352535.09,187763.03
002012.SZ,2018-06-21,5.38,5.5,5.1,5.15,178455.61,94009.46
002012.SZ,2018-06-22,5.15,5.25,4.86,5.17,147099.3,74805.43
002012.SZ,2018-06-25,5.24,5.29,5.05,5.05,98151.92,50584.38
002012.SZ,2018-06-26,5.0,5.18,4.8,5.12,136152.59,68397.34
002012.SZ,2018-06-27,5.18,5.27,5.08,5.11,142682.39,73605.0
002012.SZ,2018-06-28,5.06,5.16,4.92,4.96,94999.02,47821.25
002012.SZ,2018-06-29,4.98,5.19,4.84,5.1,116196.09,58617.28
002012.SZ,2018-07-02,5.08,5.15,4.96,4.99,109218.62,55346.72
002012.SZ,2018-07-03,4.93,5.17,4.87,5.13,127146.02,64053.24
002012.SZ,2018-07-04,5.07,5.09,4.91,5.0,105939.03,52849.19
002012.SZ,2018-07-05,5.0,5.02,4.5,4.67,235801.65,112331.55
002012.SZ,2018-07-06,4.66,4.91,4.44,4.84,231723.46,109028.45
002012.SZ,2018-07-09,4.8,5.06,4.74,4.91,136143.82,66974.38
002012.SZ,2018-07-10,4.9,5.2,4.86,5.13,178009.6,89908.88
002012.SZ,2018-07-11,5.05,5.64,5.0,5.56,663267.32,367364.13
002012.SZ,2018-07-12,5.35,5.45,5.16,5.42,516123.75,275104.43
002012.SZ,2018-07-13,5.32,5.4,5.2,5.24,221950.73,117022.73
002012.SZ,2018-07-16,5.12,5.24,5.08,5.17,145060.45,74738.39
002012.SZ,2018-07-17,5.2,5.4,5.13,5.38,258067.56,136988.75
002012.SZ,2018-07-18,5.4,5.62,5.3,5.36,243285.16,132495.38
002012.SZ,2018-07-19,5.37,5.43,5.18,5.21,118841.12,62958.76
002012.SZ,2018-07-20,5.19,5.57,5.13,5.45,170932.93,91575.81
002012.SZ,2018-07-23,5.54,6.0,5.45,5.6,363788.01,207973.46
002012.SZ,2018-07-24,5.63,5.63,5.49,5.56,179726.93,100029.41
002012.SZ,2018-07-25,5.54,5.62,5.51,5.56,84869.96,47149.62
002012.SZ,2018-07-26,5.57,5.79,5.53,5.58,167787.2,94784.99
002012.SZ,2018-07-27,5.6,5.66,5.44,5.46,139227.01,76844.47
002012.SZ,2018-07-30,5.45,5.75,5.39,5.67,219067.64,123067.21
002012.SZ,2018-07-31,5.65,5.84,5.56,5.79,192764.33,110530.35
002012.SZ,2018-08-01,5.8,6.25,5.76,5.9,316822.01,189935.48
002012.SZ,2018-08-02,5.85,5.95,5.35,5.36,227167.4,127883.36
002012.SZ,2018-08-03,5.4,5.9,5.32,5.9,435455.8,253387.71
002012.SZ,2018-08-06,5.93,5.93,5.61,5.72,325563.17,188643.87
002012.SZ,2018-08-07,5.7,5.89,5.62,5.85,215194.23,124664.32
002012.SZ,2018-08-08,5.8,5.86,5.65,5.78,128166.0,73566.02
002012.SZ,2018-08-09,5.73,5.89,5.68,5.83,132516.0,76973.39
002012.SZ,2018-08-10,5.89,5.9,5.73,5.81,104494.0,60671.21
002012.SZ,2018-08-13,5.69,5.97,5.63,5.94,143285.48,83051.58
002012.SZ,2018-08-14,5.87,6.42,5.82,5.99,289680.59,176488.84
002012.SZ,2018-08-15,6.02,6.1,5.77,5.79,174374.34,103361.0
002012.SZ,2018-08-16,5.76,6.05,5.63,5.85,176567.7,103932.79
002012.SZ,2018-08-17,5.92,6.1,5.75,5.83,111616.72,66037.15
002012.SZ,2018-08-20,5.79,5.84,5.62,5.75,101463.1,58040.79
002012.SZ,2018-08-21,5.81,5.98,5.75,5.96,164526.53,96968.32
002012.SZ,2018-08-22,5.92,6.03,5.89,5.92,106079.63,63171.44
002012.SZ,2018-08-23,5.92,6.3,5.85,6.08,185268.06,112260.55
002012.SZ,2018-08-24,6.08,6.35,6.03,6.27,231587.2,144110.41
002012.SZ,2018-08-27,6.29,6.36,6.21,6.31,136740.84,86082.53
002012.SZ,2018-08-28,6.31,6.48,6.2,6.24,141491.8,89645.29
002012.SZ,2018-08-29,6.23,6.34,6.17,6.24,100355.0,62702.02
002012.SZ,2018-08-30,6.24,6.3,5.98,5.98,117085.13,70997.53
002012.SZ,2018-08-31,6.01,6.17,5.96,6.03,105769.0,64283.99
002012.SZ,2018-09-03,6.06,6.06,5.82,5.9,99228.17,58528.13
002012.SZ,2018-09-04,5.92,6.09,5.86,6.08,97664.15,58666.47
002012.SZ,2018-09-05,6.11,6.15,5.9,5.92,88510.84,53283.11
002012.SZ,2018-09-06,5.86,6.02,5.78,5.92,99199.25,58724.97
002012.SZ,2018-09-07,5.88,6.03,5.88,5.9,59873.98,35670.85
002012.SZ,2018-09-10,5.9,5.97,5.8,5.81,66205.88,38941.95
002012.SZ,2018-09-11,5.9,5.91,5.68,5.83,49974.88,28946.12
002012.SZ,2018-09-12,5.83,5.85,5.76,5.81,50973.72,29612.92
002012.SZ,2018-09-13,5.83,6.03,5.83,5.95,83701.25,49717.18
002012.SZ,2018-09-14,5.95,6.01,5.86,5.97,51522.71,30545.53
002012.SZ,2018-09-17,5.95,5.96,5.83,5.86,39451.0,23184.21
002012.SZ,2018-09-18,5.85,6.38,5.75,5.8,216101.24,128849.37
002012.SZ,2018-09-19,5.75,5.87,5.62,5.8,166650.75,96711.84
002012.SZ,2018-09-20,5.72,5.88,5.72,5.75,104875.71,60923.59
002012.SZ,2018-09-21,5.75,5.87,5.7,5.75,80181.35,46185.29
002012.SZ,2018-09-25,5.82,5.82,5.64,5.65,74737.0,42576.03
002012.SZ,2018-09-26,5.67,5.68,5.31,5.38,103981.34,56568.34
002012.SZ,2018-09-27,5.38,5.44,5.18,5.18,83737.36,44460.55
002012.SZ,2018-09-28,5.18,5.26,5.06,5.21,97775.15,50219.4
002012.SZ,2018-10-08,5.15,5.15,4.84,4.88,63193.0,31587.39
002012.SZ,2018-10-09,4.94,4.99,4.8,4.88,46747.88,22923.23
002012.SZ,2018-10-10,4.87,4.94,4.82,4.89,35025.0,17116.62
002012.SZ,2018-10-11,4.8,4.8,4.4,4.4,75830.0,34083.16
002012.SZ,2018-10-12,3.96,4.29,3.96,3.96,310036.71,123752.87
002012.SZ,2018-10-15,4.0,4.03,3.78,3.81,149316.39,58093.06
002012.SZ,2018-10-16,3.82,3.88,3.56,3.68,118752.8,44553.23
002012.SZ,2018-10-17,3.73,3.77,3.57,3.69,108831.0,40011.16
002012.SZ,2018-10-18,3.67,3.67,3.45,3.5,91203.0,32498.34
002012.SZ,2018-10-19,3.47,3.64,3.42,3.61,107332.86,38288.05
002012.SZ,2018-10-22,3.77,3.87,3.68,3.8,132132.8,50061.98
002012.SZ,2018-10-23,3.82,3.97,3.76,3.77,166464.64,64159.68
002012.SZ,2018-10-24,3.76,3.92,3.75,3.84,118681.56,45700.09
002012.SZ,2018-10-25,3.63,3.82,3.57,3.8,106527.0,39323.86
002012.SZ,2018-10-26,3.83,3.93,3.74,3.78,112723.0,43297.25
002012.SZ,2018-10-29,3.78,3.82,3.66,3.69,76940.0,28784.18
002012.SZ,2018-10-30,3.72,3.9,3.67,3.84,136379.12,51964.46
002012.SZ,2018-10-31,3.9,4.05,3.84,3.99,162254.84,64349.91
002012.SZ,2018-11-01,3.99,4.02,3.9,3.93,153201.48,60865.02
002012.SZ,2018-11-02,4.01,4.09,3.94,4.08,168227.82,67680.33
002012.SZ,2018-11-05,4.08,4.24,4.06,4.19,197094.68,81772.77
002012.SZ,2018-11-06,4.12,4.18,4.06,4.17,98246.01,40458.84
002012.SZ,2018-11-07,4.15,4.29,4.14,4.17,127888.01,54026.01
002012.SZ,2018-11-08,4.24,4.59,4.23,4.48,310357.05,137688.58
002012.SZ,2018-11-09,4.44,4.68,4.37,4.42,225105.0,101248.89
002012.SZ,2018-11-12,4.38,4.68,4.38,4.59,211233.09,96380.6
002012.SZ,2018-11-13,4.53,4.95,4.46,4.93,261255.5,124235.73
002012.SZ,2018-11-14,4.98,5.42,4.96,5.42,411154.7,216979.84
002012.SZ,2018-11-15,5.42,5.42,5.02,5.17,336592.33,174693.14
002012.SZ,2018-11-16,5.16,5.16,5.01,5.04,270691.74,136737.6
002012.SZ,2018-11-19,5.06,5.13,4.97,5.0,140531.64,70585.35
002012.SZ,2018-11-20,4.98,5.0,4.81,4.83,147013.0,71691.5
002012.SZ,2018-11-21,4.76,4.99,4.73,4.95,95934.85,46827.26
002012.SZ,2018-11-22,5.02,5.28,5.02,5.14,263253.91,135981.4
002012.SZ,2018-11-23,5.09,5.15,4.84,4.88,125037.59,62127.09
002012.SZ,2018-11-26,4.89,4.9,4.68,4.76,77447.52,36940.9
002012.SZ,2018-11-27,4.8,4.85,4.68,4.71,52200.2,24869.82
002012.SZ,2018-11-28,4.73,4.9,4.68,4.88,88794.55,42668.3
002012.SZ,2018-11-29,4.87,4.95,4.61,4.63,76304.58,36616.74
002012.SZ,2018-11-30,4.63,4.96,4.54,4.85,104563.55,49911.39
002012.SZ,2018-12-03,4.93,5.04,4.87,4.97,132377.4,65626.57
002012.SZ,2018-12-04,4.94,5.01,4.89,5.0,83473.02,41318.59
002012.SZ,2018-12-05,4.89,4.92,4.55,4.73,209468.47,99671.2
002012.SZ,2018-12-06,4.69,4.75,4.52,4.6,113754.0,52588.45
002012.SZ,2018-12-07,4.63,4.68,4.53,4.61,47353.79,21805.52
002012.SZ,2018-12-10,4.57,4.57,4.37,4.4,87585.93,38967.03
002012.SZ,2018-12-11,4.32,4.53,4.3,4.5,99275.0,43806.27
002012.SZ,2018-12-12,4.53,4.57,4.47,4.47,51391.0,23212.73
002012.SZ,2018-12-13,4.56,4.58,4.46,4.47,59432.0,26794.91
002012.SZ,2018-12-14,4.54,4.54,4.24,4.28,67421.0,29481.09
002012.SZ,2018-12-17,4.21,4.35,4.21,4.3,66982.49,28711.15
002012.SZ,2018-12-18,4.29,4.3,4.12,4.17,72695.05,30491.89
002012.SZ,2018-12-19,4.19,4.31,4.19,4.22,85824.05,36539.35
002012.SZ,2018-12-20,4.22,4.26,4.12,4.16,63528.0,26504.15
002012.SZ,2018-12-21,4.14,4.21,4.06,4.1,58800.0,24270.41
002012.SZ,2018-12-24,4.16,4.19,4.09,4.15,46053.76,19107.92
002012.SZ,2018-12-25,4.15,4.15,3.94,4.08,78350.0,31538.89
002012.SZ,2018-12-26,4.14,4.15,3.98,4.03,45665.0,18661.47
002012.SZ,2018-12-27,4.08,4.12,3.9,3.9,52559.0,21169.36
002012.SZ,2018-12-28,3.96,4.04,3.91,3.92,46966.12,18585.48
002012.SZ,2019-01-02,3.94,3.97,3.84,3.85,46834.0,18218.95
002012.SZ,2019-01-03,3.89,3.89,3.79,3.84,60566.27,23347.13
002012.SZ,2019-01-04,3.81,3.96,3.77,3.93,92668.87,36080.35
002012.SZ,2019-01-07,3.96,4.12,3.92,4.08,99667.76,40290.78
002012.SZ,2019-01-08,4.07,4.2,4.05,4.14,110851.48,45857.0
002012.SZ,2019-01-09,4.16,4.35,4.11,4.14,115625.95,48809.96
002012.SZ,2019-01-10,4.14,4.26,4.14,4.2,79776.71,33559.47
002012.SZ,2019-01-11,4.18,4.32,4.15,4.26,279575.94,118112.78
002012.SZ,2019-01-14,4.25,4.69,4.17,4.69,717779.53,325546.73
002012.SZ,2019-01-15,4.46,5.1,4.46,4.88,805479.5,379468.81
002012.SZ,2019-01-16,4.7,4.78,4.58,4.75,411047.64,192258.29
002012.SZ,2019-01-17,4.68,4.77,4.5,4.53,302183.6,139875.09
002012.SZ,2019-01-18,4.51,4.61,4.32,4.5,268911.32,119727.26
002012.SZ,2019-01-21,4.45,4.53,4.3,4.37,243171.47,107249.53
002012.SZ,2019-01-22,4.38,4.38,4.2,4.27,183656.92,78634.67
002012.SZ,2019-01-23,4.22,4.62,4.22,4.44,384804.78,170931.94
002012.SZ,2019-01-24,4.41,4.44,4.27,4.31,201241.69,87120.68
002012.SZ,2019-01-25,4.26,4.74,4.25,4.74,785951.24,362210.17
002012.SZ,2019-01-28,4.72,4.73,4.35,4.44,656075.83,299327.44
002012.SZ,2019-01-29,4.25,4.26,4.0,4.0,102498.0,41730.34
002012.SZ,2019-01-30,3.6,3.6,3.6,3.6,37170.0,13381.2
002012.SZ,2019-01-31,3.24,3.58,3.24,3.51,524649.16,176291.42
002012.SZ,2019-02-01,3.45,3.6,3.41,3.52,217389.04,76908.55
002012.SZ,2019-02-11,3.53,3.64,3.48,3.6,203945.07,72721.69
002012.SZ,2019-02-12,3.61,3.84,3.58,3.76,222602.7,83498.02
002012.SZ,2019-02-13,3.71,3.91,3.71,3.89,273631.8,104232.74
002012.SZ,2019-02-14,3.88,4.04,3.82,3.95,222002.25,87335.97
002012.SZ,2019-02-15,3.94,4.17,3.87,4.15,311569.81,125468.36
002012.SZ,2019-02-18,4.13,4.42,4.03,4.28,257007.97,108479.5
002012.SZ,2019-02-19,4.3,4.63,4.2,4.53,316536.38,138808.26
002012.SZ,2019-02-20,4.43,4.63,4.37,4.59,279062.87,124849.24
002012.SZ,2019-02-21,4.6,4.83,4.39,4.43,305460.0,139503.96
002012.SZ,2019-02-22,4.45,4.54,4.3,4.45,240794.02,106479.64
002012.SZ,2019-02-25,4.52,4.88,4.46,4.81,365935.71,170349.16
002012.SZ,2019-02-26,4.83,4.83,4.5,4.58,397872.02,185367.17
002012.SZ,2019-02-27,4.62,4.84,4.48,4.71,646573.09,302282.18
002012.SZ,2019-02-28,4.71,4.81,4.5,4.67,429140.65,199413.99
002012.SZ,2019-03-01,4.66,4.8,4.56,4.68,390950.72,182388.36
002012.SZ,2019-03-04,4.63,4.9,4.63,4.85,600862.03,286197.85
002012.SZ,2019-03-05,4.79,5.18,4.77,5.16,521102.5,261413.15
002012.SZ,2019-03-06,5.48,5.53,4.97,5.49,615731.05,320499.56
002012.SZ,2019-03-07,5.48,5.63,5.26,5.54,657768.02,357271.86
002012.SZ,2019-03-08,5.35,5.45,5.15,5.17,405572.79,215004.26
002012.SZ,2019-03-11,5.25,5.6,5.12,5.54,488972.86,263971.54
002012.SZ,2019-03-12,5.59,5.65,5.31,5.4,492776.83,270312.46
002012.SZ,2019-03-13,5.36,5.42,5.14,5.2,306958.0,162137.31
002012.SZ,2019-03-14,5.1,5.19,5.04,5.15,308425.29,156876.45
002012.SZ,2019-03-15,5.12,5.33,5.1,5.25,186302.01,97233.7
002012.SZ,2019-03-18,5.39,5.65,5.32,5.32,421838.01,228972.26
002012.SZ,2019-03-19,5.2,5.27,5.15,5.25,247232.02,128843.48
002012.SZ,2019-03-20,5.28,5.3,5.18,5.26,188456.01,98687.74
002012.SZ,2019-03-21,5.21,5.4,5.21,5.34,336262.32,178437.13
002012.SZ,2019-03-22,5.31,5.71,5.26,5.5,542621.35,295082.62
002012.SZ,2019-03-25,5.39,5.64,5.33,5.54,356444.37,197525.75
002012.SZ,2019-03-26,5.48,5.52,5.17,5.19,282233.89,150118.86
002012.SZ,2019-03-27,5.21,5.3,5.02,5.12,178322.01,91498.11
002012.SZ,2019-03-28,5.08,5.08,4.87,4.87,191885.02,95540.57
002012.SZ,2019-03-29,4.9,5.36,4.82,5.26,375691.73,193314.04
002012.SZ,2019-04-01,5.4,5.79,5.39,5.79,542129.09,304727.94
002012.SZ,2019-04-02,6.37,6.37,6.08,6.37,442050.03,281087.68
002012.SZ,2019-04-03,6.66,7.01,6.25,6.48,1444938.59,957579.09
002012.SZ,2019-04-04,6.24,6.97,6.05,6.55,1174620.98,751644.55
002012.SZ,2019-04-08,6.42,6.77,6.31,6.53,817806.23,535722.4
002012.SZ,2019-04-09,6.43,6.47,6.1,6.28,618134.06,385023.95
002012.SZ,2019-04-10,6.11,6.24,6.01,6.04,391506.03,239587.6
002012.SZ,2019-04-11,5.95,6.64,5.91,6.64,708130.23,446773.8
002012.SZ,2019-04-12,6.64,7.3,6.43,7.3,1316930.76,908158.97
002012.SZ,2019-04-15,7.0,7.65,6.61,6.92,1057737.4,759773.86
002012.SZ,2019-04-16,6.52,6.88,6.43,6.79,654083.06,434852.07
002012.SZ,2019-04-17,6.82,7.46,6.72,7.24,964940.05,684875.83
002012.SZ,2019-04-18,7.06,7.24,6.85,6.95,613706.38,431121.46
002012.SZ,2019-04-19,6.78,7.38,6.63,7.18,723914.37,507405.8
002012.SZ,2019-04-22,7.13,7.15,6.9,6.93,486032.38,340435.59
002012.SZ,2019-04-23,6.78,6.79,6.35,6.44,411863.12,271568.02
002012.SZ,2019-04-24,6.42,6.68,6.42,6.56,255826.94,167803.8
002012.SZ,2019-04-25,6.49,6.63,5.93,6.0,393256.24,245812.03
002012.SZ,2019-04-26,6.0,6.04,5.67,5.82,323775.19,190378.2
002012.SZ,2019-04-29,5.85,5.92,5.33,5.37,321255.01,177499.63
002012.SZ,2019-04-30,5.44,5.55,5.36,5.5,202051.15,110714.58
002012.SZ,2019-05-06,5.35,5.35,4.95,4.95,290563.0,148300.67
002012.SZ,2019-05-07,4.96,5.19,4.96,5.05,234060.0,118309.95
002012.SZ,2019-05-08,4.83,5.3,4.83,5.28,318958.1,164855.9
002012.SZ,2019-05-09,5.28,5.4,5.13,5.15,347103.1,182492.63
002012.SZ,2019-05-10,5.19,5.32,4.98,5.28,262676.57,137308.14
002012.SZ,2019-05-13,5.25,5.36,5.17,5.21,173094.57,90814.94
002012.SZ,2019-05-14,5.1,5.29,5.08,5.23,162625.02,84983.43
002012.SZ,2019-05-15,5.26,5.44,5.23,5.37,273014.02,145879.84
002012.SZ,2019-05-16,5.38,5.48,5.3,5.43,221342.14,119548.41
002012.SZ,2019-05-17,5.49,5.49,5.01,5.09,274986.98,142919.82
002012.SZ,2019-05-20,5.12,5.12,4.66,5.07,146683.15,72690.93
002012.SZ,2019-05-21,5.05,5.15,4.96,5.11,116224.31,59415.75
002012.SZ,2019-05-22,5.13,5.15,4.91,4.97,141777.43,71139.02
002012.SZ,2019-05-23,4.96,4.98,4.75,4.79,136681.31,66419.63
002012.SZ,2019-05-24,4.74,4.89,4.74,4.8,95996.99,46304.78
002012.SZ,2019-05-27,4.89,4.97,4.76,4.93,125465.2,61186.47
002012.SZ,2019-05-28,4.92,4.98,4.8,4.85,119279.0,58561.09
002012.SZ,2019-05-29,4.78,4.9,4.78,4.83,96935.33,47030.98
002012.SZ,2019-05-30,4.81,4.83,4.53,4.68,138402.1,64958.63
002012.SZ,2019-05-31,4.71,4.82,4.68,4.69,117155.0,55706.85
002012.SZ,2019-06-03,4.75,4.78,4.48,4.48,160413.8,73049.49
002012.SZ,2019-06-04,4.5,4.51,4.31,4.35,137668.0,60293.32
002012.SZ,2019-06-05,4.43,4.46,4.35,4.37,100931.1,44496.75
002012.SZ,2019-06-06,4.38,4.39,4.15,4.2,107688.83,45753.12
002012.SZ,2019-06-10,4.21,4.31,4.18,4.27,79200.41,33704.77
002012.SZ,2019-06-11,4.3,4.46,4.28,4.44,113985.53,50003.27
002012.SZ,2019-06-12,4.47,4.49,4.37,4.39,112390.92,49783.22
002012.SZ,2019-06-13,4.42,4.64,4.33,4.58,204637.33,92414.41
002012.SZ,2019-06-14,4.55,4.59,4.38,4.43,161658.21,72757.42
002012.SZ,2019-06-17,4.39,4.5,4.34,4.49,86507.19,38530.72
002012.SZ,2019-06-18,4.49,4.49,4.4,4.45,72013.03,31966.11
002012.SZ,2019-06-19,4.53,4.59,4.46,4.5,115436.19,52335.43
002012.SZ,2019-06-20,4.48,4.95,4.42,4.83,438624.67,210102.44
002012.SZ,2019-06-21,4.77,4.91,4.72,4.8,374575.19,180184.81
002012.SZ,2019-06-24,4.79,4.81,4.68,4.71,161313.3,76381.3
002012.SZ,2019-06-25,4.73,4.73,4.47,4.61,168580.58,77268.1
002012.SZ,2019-06-26,4.58,5.07,4.56,5.07,461047.04,229853.13
002012.SZ,2019-06-27,5.58,5.58,5.4,5.58,406093.82,226245.74
002012.SZ,2019-06-28,5.3,5.44,5.1,5.13,672844.32,352074.65
002012.SZ,2019-07-01,5.25,5.48,5.1,5.34,552223.9,291743.24
002012.SZ,2019-07-02,5.2,5.3,5.1,5.17,325949.39,169172.46
002012.SZ,2019-07-03,5.17,5.19,5.04,5.1,182023.28,92456.28
002012.SZ,2019-07-04,5.09,5.14,4.91,4.96,192558.32,96681.39
002012.SZ,2019-07-05,5.07,5.26,5.03,5.06,276125.92,141562.54
002012.SZ,2019-07-08,4.92,5.4,4.92,5.21,470868.35,244083.48
002012.SZ,2019-07-09,5.17,5.73,5.12,5.73,631314.76,344437.73
002012.SZ,2019-07-10,5.73,6.17,5.42,5.49,871408.02,504881.15
002012.SZ,2019-07-11,5.49,5.74,5.4,5.66,575223.65,321637.83
002012.SZ,2019-07-12,5.67,6.1,5.66,5.85,729425.19,430250.16
002012.SZ,2019-07-15,5.61,5.73,5.27,5.58,541969.92,298358.07
002012.SZ,2019-07-16,5.49,5.98,5.44,5.85,623254.94,353859.2
002012.SZ,2019-07-17,5.7,5.8,5.61,5.7,418183.41,238619.23
002012.SZ,2019-07-18,5.58,5.88,5.57,5.58,373095.65,213394.0
002012.SZ,2019-07-19,5.68,5.7,5.43,5.44,381844.65,212445.08
002012.SZ,2019-07-22,5.4,5.41,4.9,4.91,406133.0,205145.35
002012.SZ,2019-07-23,4.9,4.99,4.82,4.92,237867.62,116611.19
002012.SZ,2019-07-24,4.92,5.11,4.86,5.04,231831.01,116545.2
002012.SZ,2019-07-25,5.04,5.07,4.93,5.02,178285.83,89356.5
002012.SZ,2019-07-26,4.98,5.12,4.98,5.06,192581.82,97450.48
002012.SZ,2019-07-29,5.04,5.09,4.91,4.94,173614.82,86161.27
002012.SZ,2019-07-30,4.93,5.05,4.93,4.96,156628.02,78031.61
002012.SZ,2019-07-31,4.93,4.94,4.68,4.79,237704.15,113692.0
002012.SZ,2019-08-01,4.69,4.81,4.62,4.73,161324.02,76255.9
002012.SZ,2019-08-02,4.6,4.84,4.6,4.74,191016.32,90519.87
002012.SZ,2019-08-05,4.78,4.88,4.69,4.78,188360.41,90196.38
002012.SZ,2019-08-06,4.7,4.7,4.41,4.55,189551.97,86107.93
002012.SZ,2019-08-07,4.59,4.64,4.48,4.49,134385.56,61288.03
002012.SZ,2019-08-08,4.5,4.54,4.43,4.47,109779.1,49291.52
002012.SZ,2019-08-09,4.51,4.58,4.37,4.4,131155.0,58608.27
002012.SZ,2019-08-12,4.41,4.58,4.39,4.56,145832.72,65603.2
002012.SZ,2019-08-13,4.56,4.92,4.53,4.76,334054.94,159801.11
002012.SZ,2019-08-14,4.82,4.86,4.69,4.72,210822.2,100638.91
002012.SZ,2019-08-15,4.61,4.75,4.53,4.73,183294.65,84772.04
002012.SZ,2019-08-16,4.68,4.78,4.65,4.66,176975.69,83075.44
002012.SZ,2019-08-19,4.68,4.86,4.68,4.86,207628.9,99488.67
002012.SZ,2019-08-20,4.89,4.92,4.79,4.82,182407.34,88269.77
002012.SZ,2019-08-21,4.87,5.08,4.84,4.92,285809.34,141485.96
002012.SZ,2019-08-22,4.92,4.94,4.79,4.88,198278.14,96006.4
002012.SZ,2019-08-23,4.87,5.06,4.84,4.89,242314.93,119734.74
002012.SZ,2019-08-26,4.72,4.83,4.67,4.81,171619.36,81777.76
002012.SZ,2019-08-27,4.85,4.94,4.81,4.93,196391.85,95877.73
002012.SZ,2019-08-28,4.91,5.03,4.86,4.95,217613.87,107783.91
002012.SZ,2019-08-29,4.95,5.02,4.88,5.01,207040.02,102857.86
002012.SZ,2019-08-30,5.01,5.05,4.75,4.78,226285.0,110882.16
002012.SZ,2019-09-02,4.78,4.99,4.75,4.96,245428.92,120835.79
002012.SZ,2019-09-03,5.0,5.12,4.95,5.06,293531.99,148173.47
002012.SZ,2019-09-04,5.05,5.09,4.93,5.03,216241.06,108324.12
002012.SZ,2019-09-05,5.06,5.21,5.01,5.11,311973.85,159037.74
002012.SZ,2019-09-06,5.15,5.15,5.03,5.07,198528.36,100658.34
002012.SZ,2019-09-09,5.1,5.18,5.05,5.16,243741.06,124670.17
002012.SZ,2019-09-10,5.17,5.34,5.13,5.33,348288.15,182759.28
002012.SZ,2019-09-11,5.35,5.62,5.23,5.25,494718.07,268383.78
002012.SZ,2019-09-12,5.28,5.41,5.2,5.32,283774.49,150511.16
002012.SZ,2019-09-16,5.27,5.36,5.17,5.27,282477.69,148751.14
002012.SZ,2019-09-17,5.26,5.26,4.96,4.99,309489.0,157126.06
002012.SZ,2019-09-18,5.04,5.07,4.95,4.99,158468.3,79253.32
002012.SZ,2019-09-19,5.01,5.1,4.92,5.09,167068.96,83650.12
002012.SZ,2019-09-20,5.04,5.07,4.98,5.02,136442.0,68543.06
002012.SZ,2019-09-23,4.99,4.99,4.85,4.91,118392.12,57906.85
002012.SZ,2019-09-24,4.91,5.02,4.86,4.93,144972.89,71783.47
002012.SZ,2019-09-25,4.9,5.08,4.81,5.07,271523.07,134781.59
002012.SZ,2019-09-26,5.01,5.04,4.71,4.71,240457.29,116844.03
002012.SZ,2019-09-27,4.72,4.76,4.61,4.7,97632.0,46000.39
002012.SZ,2019-09-30,4.68,4.73,4.63,4.63,59544.0,27884.2
002012.SZ,2019-10-08,4.64,4.85,4.64,4.71,106897.0,50852.35
002012.SZ,2019-10-09,4.72,4.78,4.66,4.77,63124.01,29794.19
002012.SZ,2019-10-10,4.78,4.88,4.76,4.85,101356.5,49004.3
002012.SZ,2019-10-11,4.87,5.04,4.83,4.95,209591.49,103773.23
002012.SZ,2019-10-14,4.92,5.09,4.89,5.08,196563.07,98451.92
002012.SZ,2019-10-15,5.02,5.13,4.96,5.11,203379.5,102786.41
002012.SZ,2019-10-16,5.08,5.11,4.93,4.93,148001.0,74062.12
002012.SZ,2019-10-17,4.94,5.13,4.93,5.0,177528.4,89458.29
002012.SZ,2019-10-18,5.0,5.03,4.89,4.9,118368.6,58598.86
002012.SZ,2019-10-21,4.92,4.97,4.79,4.95,114440.0,56015.03
002012.SZ,2019-10-22,4.93,5.06,4.92,5.06,107014.0,53378.48
002012.SZ,2019-10-23,5.06,5.1,5.01,5.06,133864.0,67481.89
002012.SZ,2019-10-24,5.05,5.17,5.01,5.11,191025.01,97291.14
002012.SZ,2019-10-25,5.06,5.1,4.95,5.06,182131.0,91649.64
002012.SZ,2019-10-28,5.57,5.57,5.35,5.57,892941.53,492668.54
002012.SZ,2019-10-29,5.36,5.56,5.21,5.22,685358.36,369366.46
002012.SZ,2019-10-30,5.11,5.17,5.01,5.1,315157.76,160149.63
002012.SZ,2019-10-31,4.96,5.06,4.6,4.74,391996.69,188091.76
002012.SZ,2019-11-01,4.69,5.21,4.63,5.21,592897.14,298551.78
002012.SZ,2019-11-04,5.28,5.48,5.17,5.36,582006.44,311588.96
002012.SZ,2019-11-05,5.4,5.9,5.3,5.69,863193.57,484112.03
002012.SZ,2019-11-06,5.59,5.6,5.17,5.38,597365.36,321847.94
002012.SZ,2019-11-07,5.38,5.54,5.27,5.47,493103.43,268098.85
002012.SZ,2019-11-08,5.43,5.44,5.23,5.25,304193.91,162443.88
002012.SZ,2019-11-11,5.18,5.34,5.15,5.24,184367.92,96680.77
002012.SZ,2019-11-12,5.19,5.48,5.19,5.45,276265.93,148064.2
002012.SZ,2019-11-13,5.43,5.5,5.31,5.48,248302.66,134418.65
002012.SZ,2019-11-14,5.41,5.51,5.36,5.37,245569.65,133658.9
002012.SZ,2019-11-15,5.34,5.34,5.02,5.1,257660.53,133216.15
002012.SZ,2019-11-18,5.11,5.21,5.01,5.19,138855.62,71295.01
002012.SZ,2019-11-19,5.18,5.27,5.14,5.25,156551.03,81585.75
002012.SZ,2019-11-20,5.25,5.44,5.23,5.24,208092.74,110578.95
002012.SZ,2019-11-21,5.22,5.37,5.13,5.29,173822.51,91615.82
002012.SZ,2019-11-22,5.28,5.36,5.1,5.15,179690.83,93676.1
002012.SZ,2019-11-25,5.13,5.22,5.03,5.08,135199.05,69242.7
002012.SZ,2019-11-26,5.08,5.11,4.99,4.99,104814.12,52807.32
002012.SZ,2019-11-27,5.03,5.13,4.92,5.07,129948.37,65299.77
002012.SZ,2019-11-28,5.06,5.09,4.96,4.97,92359.47,46262.35
002012.SZ,2019-11-29,4.93,5.0,4.87,4.91,91633.02,45196.61
002012.SZ,2019-12-02,4.91,4.99,4.9,4.92,73336.0,36280.07
002012.SZ,2019-12-03,4.87,4.94,4.81,4.93,87610.58,42619.73
002012.SZ,2019-12-04,4.9,4.97,4.86,4.93,81064.0,39943.52
002012.SZ,2019-12-05,4.95,5.02,4.91,5.01,120396.59,59682.03
002012.SZ,2019-12-06,4.98,5.01,4.92,4.98,99887.5,49655.68
002012.SZ,2019-12-09,5.0,5.04,4.95,5.02,97263.15,48691.25
002012.SZ,2019-12-10,5.0,5.02,4.92,5.01,108174.09,53793.58
002012.SZ,2019-12-11,5.01,5.05,4.96,4.97,82309.44,41164.87
002012.SZ,2019-12-12,4.97,5.03,4.92,4.97,123755.52,61545.63
002012.SZ,2019-12-13,5.01,5.23,4.94,5.15,261017.02,132610.75
002012.SZ,2019-12-16,5.4,5.48,5.2,5.26,402580.13,213792.54
002012.SZ,2019-12-17,5.23,5.3,5.15,5.28,265025.0,138807.97
002012.SZ,2019-12-18,5.23,5.31,5.21,5.24,188397.01,99008.52
002012.SZ,2019-12-19,5.25,5.39,5.21,5.33,235046.08,124773.9
002012.SZ,2019-12-20,5.35,5.36,5.18,5.18,186645.04,98120.56
002012.SZ,2019-12-23,5.18,5.43,5.11,5.33,351365.0,186125.95
002012.SZ,2019-12-24,5.29,5.63,5.25,5.57,516040.0,282448.83
002012.SZ,2019-12-25,5.5,5.57,5.42,5.53,313743.0,172123.92
002012.SZ,2019-12-26,5.49,5.85,5.42,5.65,483074.38,269643.09
002012.SZ,2019-12-27,5.61,5.66,5.39,5.4,336700.13,186221.75
002012.SZ,2019-12-30,5.35,5.85,5.26,5.76,531691.28,299541.16
002012.SZ,2019-12-31,5.68,5.75,5.59,5.69,309571.08,175580.422
002012.SZ,2020-01-02,5.72,5.92,5.64,5.66,341522.23,196411.58
002012.SZ,2020-01-03,5.69,6.15,5.57,5.94,595081.9,348564.22
002012.SZ,2020-01-06,5.88,6.15,5.86,5.92,459805.29,275499.74
002012.SZ,2020-01-07,5.9,5.98,5.82,5.92,335002.17,196997.27
002012.SZ,2020-01-08,5.86,5.9,5.63,5.67,325927.01,188055.19
002012.SZ,2020-01-09,5.76,5.83,5.68,5.75,239743.08,137977.07
002012.SZ,2020-01-10,5.75,5.77,5.6,5.66,195684.0,110941.99
002012.SZ,2020-01-13,5.64,5.83,5.63,5.79,214261.78,123292.05
002012.SZ,2020-01-14,5.81,5.84,5.68,5.7,229280.07,132253.64
002012.SZ,2020-01-15,5.68,5.75,5.56,5.72,211733.28,119578.14
002012.SZ,2020-01-16,5.68,5.69,5.53,5.54,174938.0,97995.43
002012.SZ,2020-01-17,5.54,5.6,5.51,5.56,107552.14,59723.83
002012.SZ,2020-01-20,5.56,6.12,5.55,6.12,574041.84,339667.85
002012.SZ,2020-01-21,6.19,6.31,5.93,6.23,499912.17,305742.44
002012.SZ,2020-01-22,6.1,6.29,5.86,6.14,396726.58,241204.41
002012.SZ,2020-01-23,6.07,6.15,5.57,5.75,370279.2,217243.78
002012.SZ,2020-02-03,5.18,5.18,5.18,5.18,29669.0,15368.54
002012.SZ,2020-02-04,4.66,5.15,4.66,5.0,328542.17,162268.23
002012.SZ,2020-02-05,5.01,5.28,5.01,5.1,241524.48,124031.39
002012.SZ,2020-02-06,5.09,5.26,5.01,5.25,265043.19,136882.68
002012.SZ,2020-02-07,5.34,5.77,5.26,5.59,402753.3,220500.63
002012.SZ,2020-02-10,5.54,5.81,5.46,5.7,362472.03,204125.86
002012.SZ,2020-02-11,5.65,5.67,5.48,5.5,248760.91,138353.74
002012.SZ,2020-02-12,5.52,5.77,5.51,5.71,302995.05,171704.26
002012.SZ,2020-02-13,5.71,5.93,5.68,5.7,360651.8,209087.33
002012.SZ,2020-02-14,5.68,5.91,5.6,5.85,377468.61,216245.58
002012.SZ,2020-02-17,5.8,6.04,5.78,5.98,355810.4,211243.3
002012.SZ,2020-02-18,5.96,6.24,5.88,6.11,415883.33,251873.36
002012.SZ,2020-02-19,6.1,6.31,5.98,6.12,522614.91,321544.29
002012.SZ,2020-02-20,6.09,6.48,6.09,6.28,705618.95,445252.84
002012.SZ,2020-02-21,6.17,6.43,6.14,6.23,612182.7,383907.15
002012.SZ,2020-02-24,6.85,6.85,6.7,6.85,727649.42,497581.0
002012.SZ,2020-02-25,6.71,7.54,6.6,7.26,1353104.7,965707.71
002012.SZ,2020-02-26,7.02,7.14,6.55,6.71,826108.82,569804.61
002012.SZ,2020-02-27,6.78,7.1,6.56,6.99,656887.81,454066.83
002012.SZ,2020-02-28,6.7,7.34,6.58,6.73,766262.57,535953.62
002012.SZ,2020-03-02,6.98,7.25,6.71,7.2,656446.18,462135.94
002012.SZ,2020-03-03,7.48,7.49,6.86,6.92,768897.34,554170.45
002012.SZ,2020-03-04,6.73,6.83,6.5,6.68,474945.26,316323.02
002012.SZ,2020-03-05,6.72,6.78,6.58,6.64,393244.25,262110.69
002012.SZ,2020-03-06,6.53,6.71,6.47,6.58,305531.01,200902.64
002012.SZ,2020-03-09,6.48,6.54,6.12,6.12,364811.82,230019.52
002012.SZ,2020-03-10,5.98,6.32,5.86,6.31,300138.04,183615.28
002012.SZ,2020-03-11,6.31,6.37,6.11,6.12,247983.42,154755.47
002012.SZ,2020-03-12,6.01,6.08,5.8,5.96,236131.01,140082.88
002012.SZ,2020-03-13,5.55,5.97,5.55,5.88,259694.6,149218.34
002012.SZ,2020-03-16,5.97,6.13,5.8,5.8,279680.33,166986.1
002012.SZ,2020-03-17,5.85,5.97,5.53,5.94,226117.87,131312.55
002012.SZ,2020-03-18,5.99,6.11,5.78,5.79,251120.87,150121.27
002012.SZ,2020-03-19,5.79,5.96,5.72,5.95,198799.02,116676.42
002012.SZ,2020-03-20,6.04,6.06,5.91,6.02,158019.0,94422.83
002012.SZ,2020-03-23,5.89,6.19,5.81,5.96,210771.0,126713.04
002012.SZ,2020-03-24,6.11,6.25,5.98,6.24,274766.91,168449.37
002012.SZ,2020-03-25,6.36,6.4,6.21,6.26,224534.1,141091.13
002012.SZ,2020-03-26,6.2,6.46,6.1,6.32,294610.26,184842.94
002012.SZ,2020-03-27,6.34,6.49,6.29,6.37,272308.28,174118.43
002012.SZ,2020-03-30,6.35,6.37,6.08,6.09,232727.0,144494.89
002012.SZ,2020-03-31,6.15,6.23,5.7,5.8,303439.03,180518.63
002012.SZ,2020-04-01,5.77,5.96,5.65,5.72,173782.01,100971.87
002012.SZ,2020-04-02,5.67,5.89,5.63,5.88,148941.1,85511.06
002012.SZ,2020-04-03,5.83,5.92,5.77,5.8,122678.0,71576.42
002012.SZ,2020-04-07,5.92,5.95,5.85,5.89,212117.03,124947.75
002012.SZ,2020-04-08,5.87,5.92,5.76,5.81,183482.0,107246.84
002012.SZ,2020-04-09,5.82,5.95,5.8,5.93,189254.1,111526.86
002012.SZ,2020-04-10,5.96,5.97,5.72,5.73,190506.82,110559.79
002012.SZ,2020-04-13,5.67,5.7,5.56,5.58,128483.0,72066.22
002012.SZ,2020-04-14,5.61,5.77,5.58,5.73,103143.02,58650.94
002012.SZ,2020-04-15,5.9,6.12,5.87,5.94,309947.02,185663.49
002012.SZ,2020-04-16,5.9,6.25,5.82,6.18,329715.75,200096.51
002012.SZ,2020-04-17,6.18,6.31,6.11,6.18,316480.1,196873.99
002012.SZ,2020-04-20,6.33,6.37,6.13,6.24,222268.0,138032.7
002012.SZ,2020-04-21,6.19,6.22,6.0,6.17,219378.66,134521.28
002012.SZ,2020-04-22,6.13,6.33,6.08,6.27,283983.69,177340.53
002012.SZ,2020-04-23,6.27,6.29,6.06,6.07,195626.0,120316.27
002012.SZ,2020-04-24,6.1,6.24,5.86,6.03,248315.66,150247.01
002012.SZ,2020-04-27,6.0,6.03,5.91,5.96,160718.0,96009.8
002012.SZ,2020-04-28,6.0,6.02,5.61,5.78,199144.0,115326.88
002012.SZ,2020-04-29,5.73,5.92,5.66,5.86,126991.0,73796.13
002012.SZ,2020-04-30,5.89,6.05,5.85,5.98,152628.03,91012.86
002012.SZ,2020-05-06,6.09,6.34,6.03,6.23,277584.02,172376.6
002012.SZ,2020-05-07,6.27,6.33,6.17,6.19,238961.25,149393.86
002012.SZ,2020-05-08,6.2,6.44,6.2,6.31,308182.66,195740.54
002012.SZ,2020-05-11,6.39,6.41,6.21,6.26,206363.0,129964.83
002012.SZ,2020-05-12,6.33,6.4,6.07,6.16,212639.2,131930.51
002012.SZ,2020-05-13,6.09,6.15,6.05,6.11,165112.0,100682.86
002012.SZ,2020-05-14,6.08,6.11,5.93,5.94,180248.05,108330.64
002012.SZ,2020-05-15,5.96,6.03,5.89,6.02,149672.22,89296.25
002012.SZ,2020-05-18,5.95,6.0,5.85,5.92,147000.0,87077.74
002012.SZ,2020-05-19,5.95,5.99,5.87,5.99,147469.0,87433.87
002012.SZ,2020-05-20,5.95,5.95,5.87,5.88,115036.48,67941.4
002012.SZ,2020-05-21,5.9,5.97,5.82,5.82,116055.0,68374.89
002012.SZ,2020-05-22,5.8,5.85,5.72,5.76,92539.67,53498.39
002012.SZ,2020-05-25,5.76,5.82,5.67,5.7,93581.0,53662.09
002012.SZ,2020-05-26,5.73,5.85,5.71,5.83,89980.32,51989.31
002012.SZ,2020-05-27,5.79,5.82,5.7,5.73,91008.01,52296.82
002012.SZ,2020-05-28,5.74,5.77,5.67,5.73,96598.0,55216.89
002012.SZ,2020-05-29,5.72,5.77,5.67,5.72,83567.21,47793.23
002012.SZ,2020-06-01,5.7,5.92,5.7,5.9,131643.04,76772.85
002012.SZ,2020-06-02,5.91,5.92,5.84,5.86,122684.67,72094.31
002012.SZ,2020-06-03,5.87,5.9,5.75,5.76,143660.0,83609.0
002012.SZ,2020-06-04,5.77,5.8,5.72,5.79,102539.01,59070.17
002012.SZ,2020-06-05,5.8,5.8,5.7,5.72,91819.0,52658.65
002012.SZ,2020-06-08,5.74,5.76,5.7,5.71,63683.0,36466.57
002012.SZ,2020-06-09,5.7,5.75,5.63,5.73,100045.0,56802.93
002012.SZ,2020-06-10,5.74,5.75,5.67,5.68,70405.0,40119.94
002012.SZ,2020-06-11,5.65,5.74,5.65,5.68,70213.81,39951.95
002012.SZ,2020-06-12,5.59,5.64,5.54,5.6,81630.87,45656.84
002012.SZ,2020-06-15,5.6,5.65,5.55,5.56,79962.6,44671.58
002012.SZ,2020-06-16,5.58,5.67,5.58,5.65,93797.7,52829.36
002012.SZ,2020-06-17,5.66,5.73,5.63,5.71,98812.62,56079.03
002012.SZ,2020-06-18,5.7,5.71,5.65,5.67,71531.98,40553.92
002012.SZ,2020-06-19,5.66,5.69,5.62,5.66,70527.04,39868.6
002012.SZ,2020-06-22,5.69,5.8,5.65,5.75,134637.88,77236.33
002012.SZ,2020-06-23,5.73,5.77,5.7,5.71,82286.97,47082.15
002012.SZ,2020-06-24,5.72,5.73,5.61,5.62,83398.71,47109.63
002012.SZ,2020-06-29,5.58,5.61,5.46,5.49,117624.96,64981.11
002012.SZ,2020-06-30,5.49,5.59,5.49,5.54,69258.0,38344.18
002012.SZ,2020-07-01,5.57,5.57,5.51,5.54,62794.92,34788.55
002012.SZ,2020-07-02,5.54,5.67,5.53,5.64,100832.03,56519.3
002012.SZ,2020-07-03,5.65,5.75,5.63,5.72,120959.1,68891.84
002012.SZ,2020-07-06,5.77,5.91,5.73,5.9,251500.04,146598.59
002012.SZ,2020-07-07,5.93,5.99,5.82,5.9,320271.0,189543.68
002012.SZ,2020-07-08,5.92,6.04,5.86,6.04,323065.05,192730.92
002012.SZ,2020-07-09,6.0,6.09,5.98,6.08,310623.42,187598.75
002012.SZ,2020-07-10,6.05,6.05,5.93,5.93,260709.88,156226.11
002012.SZ,2020-07-13,5.97,6.21,5.95,6.2,343586.59,209908.19
002012.SZ,2020-07-14,6.33,6.61,6.25,6.38,552017.33,352476.12
002012.SZ,2020-07-15,6.42,6.43,6.15,6.17,300484.73,188085.52
002012.SZ,2020-07-16,6.2,6.26,5.91,5.94,240332.37,146632.85
002012.SZ,2020-07-17,5.96,6.06,5.9,6.01,160438.97,96081.85
002012.SZ,2020-07-20,6.03,6.47,6.03,6.41,318746.0,200228.69
002012.SZ,2020-07-21,6.35,6.4,6.22,6.3,198403.0,124870.11
002012.SZ,2020-07-22,6.31,6.35,6.24,6.28,203645.85,128281.71
002012.SZ,2020-07-23,6.25,6.25,6.01,6.2,219943.15,134858.74
002012.SZ,2020-07-24,6.18,6.29,5.96,6.01,188957.04,115495.14
002012.SZ,2020-07-27,6.01,6.1,5.93,6.1,98966.05,59446.05
002012.SZ,2020-07-28,6.13,6.19,6.02,6.07,127338.02,77631.49
002012.SZ,2020-07-29,6.06,6.28,5.98,6.27,217610.75,134221.05
002012.SZ,2020-07-30,6.23,6.29,6.13,6.18,179482.02,111166.44
002012.SZ,2020-07-31,6.17,6.25,6.1,6.2,159260.05,98428.58
002012.SZ,2020-08-03,6.26,6.39,6.2,6.37,278343.12,175766.51
002012.SZ,2020-08-04,6.46,6.59,6.32,6.4,367092.4,236457.61
002012.SZ,2020-08-05,6.45,6.54,6.35,6.35,240336.01,154418.12
002012.SZ,2020-08-06,6.37,6.45,6.26,6.43,264304.87,168541.95
002012.SZ,2020-08-07,6.38,6.38,6.11,6.12,254032.04,157849.27
002012.SZ,2020-08-10,6.12,6.23,6.11,6.17,138566.09,85471.62
002012.SZ,2020-08-11,6.19,6.21,6.0,6.01,174666.04,106443.55
002012.SZ,2020-08-12,5.99,6.13,5.94,6.12,130311.3,78573.76
002012.SZ,2020-08-13,6.11,6.24,6.09,6.12,116137.17,71309.37
002012.SZ,2020-08-14,6.12,6.19,6.03,6.18,108164.05,66247.18
002012.SZ,2020-08-17,6.2,6.32,6.18,6.3,206359.34,129314.5
002012.SZ,2020-08-18,6.33,6.41,6.24,6.28,214367.07,135122.22
002012.SZ,2020-08-19,6.27,6.32,6.15,6.15,172028.85,107359.77
002012.SZ,2020-08-20,6.06,6.27,6.05,6.12,115661.0,71119.26
002012.SZ,2020-08-21,6.17,6.21,6.12,6.18,98796.71,60841.97
002012.SZ,2020-08-24,6.2,6.37,6.1,6.34,220917.01,138545.64
002012.SZ,2020-08-25,6.33,6.41,6.23,6.34,225824.03,142485.2
002012.SZ,2020-08-26,6.35,6.44,6.28,6.33,239761.01,152305.72
002012.SZ,2020-08-27,6.35,6.57,6.33,6.57,390916.3,253385.01
002012.SZ,2020-08-28,6.55,6.57,6.4,6.48,249050.22,161013.21
002012.SZ,2020-08-31,6.49,6.64,6.4,6.49,291918.38,189375.35
002012.SZ,2020-09-01,6.45,6.47,6.34,6.4,168852.05,107838.77
002012.SZ,2020-09-02,6.42,6.43,6.29,6.35,169290.03,107676.45
002012.SZ,2020-09-03,6.38,6.88,6.35,6.51,486812.02,321652.16
002012.SZ,2020-09-04,6.48,6.65,6.41,6.59,319956.81,210168.53
002012.SZ,2020-09-07,6.65,6.85,6.51,6.55,361301.86,241760.73
002012.SZ,2020-09-08,6.6,7.07,6.6,7.0,543886.31,376580.34
002012.SZ,2020-09-09,6.9,7.02,6.71,6.86,382656.67,262708.06
002012.SZ,2020-09-10,6.8,7.28,6.54,6.58,577402.47,402155.35
002012.SZ,2020-09-11,6.46,7.24,6.46,7.01,503676.49,349870.25
002012.SZ,2020-09-14,7.11,7.4,6.84,7.38,623575.34,451266.02
002012.SZ,2020-09-15,7.28,7.28,6.98,7.06,421960.6,299704.21
002012.SZ,2020-09-16,7.13,7.14,6.87,6.99,252237.19,175532.2
002012.SZ,2020-09-17,6.75,6.86,6.29,6.29,671872.53,434494.82
002012.SZ,2020-09-18,6.15,6.3,6.03,6.2,307265.06,189376.35
002012.SZ,2020-09-21,6.23,6.26,6.06,6.09,229754.08,140828.6
002012.SZ,2020-09-22,6.0,6.05,5.9,5.91,201378.1,120120.28
002012.SZ,2020-09-23,5.94,5.95,5.81,5.92,166975.35,98045.0
002012.SZ,2020-09-24,5.85,5.87,5.79,5.79,125902.12,73239.2
002012.SZ,2020-09-25,5.82,5.91,5.77,5.83,111199.28,64942.63
002012.SZ,2020-09-28,5.82,5.83,5.6,5.61,131761.0,74798.32
002012.SZ,2020-09-29,5.65,5.76,5.61,5.74,103261.0,58786.3
002012.SZ,2020-09-30,5.71,5.73,5.53,5.61,100751.85,56808.79
002012.SZ,2020-10-09,5.7,5.84,5.67,5.8,112755.83,65172.32
002012.SZ,2020-10-12,5.83,5.94,5.82,5.94,119132.01,70294.8
002012.SZ,2020-10-13,5.93,5.93,5.85,5.92,97466.13,57353.31
002012.SZ,2020-10-14,5.97,6.03,5.86,5.87,125826.01,74708.06
002012.SZ,2020-10-15,5.86,5.91,5.8,5.83,69725.01,40709.73
002012.SZ,2020-10-16,5.82,5.87,5.7,5.82,80284.0,46433.76
002012.SZ,2020-10-19,5.83,5.96,5.82,5.94,127291.64,75226.7
002012.SZ,2020-10-20,5.9,5.94,5.86,5.94,81926.27,48337.62
002012.SZ,2020-10-21,5.93,5.94,5.73,5.77,114114.39,66056.43
002012.SZ,2020-10-22,5.74,5.89,5.67,5.85,94549.25,54918.73
002012.SZ,2020-10-23,5.82,5.88,5.73,5.76,80809.0,46811.53
002012.SZ,2020-10-26,5.76,5.8,5.64,5.72,70869.01,40573.49
002012.SZ,2020-10-27,5.7,5.74,5.64,5.69,58237.0,33102.43
002012.SZ,2020-10-28,5.71,5.81,5.63,5.77,83759.0,48006.26
002012.SZ,2020-10-29,5.7,5.93,5.69,5.85,118750.12,69374.34
002012.SZ,2020-10-30,5.85,5.89,5.65,5.67,110286.9,63524.58
002012.SZ,2020-11-02,5.62,5.69,5.61,5.66,65686.12,37112.85
002012.SZ,2020-11-03,5.66,5.77,5.66,5.77,71242.14,40851.12
002012.SZ,2020-11-04,5.74,5.87,5.7,5.81,99380.14,57564.68
002012.SZ,2020-11-05,5.85,5.92,5.77,5.9,120854.03,70786.18
002012.SZ,2020-11-06,5.9,5.92,5.81,5.87,75951.04,44560.16
002012.SZ,2020-11-09,5.9,5.95,5.86,5.93,172148.94,101746.47
002012.SZ,2020-11-10,5.92,5.93,5.79,5.82,105594.02,61773.14
002012.SZ,2020-11-11,5.84,5.84,5.74,5.74,75103.02,43342.32
002012.SZ,2020-11-12,5.74,5.8,5.73,5.74,66889.02,38506.8
002012.SZ,2020-11-13,5.75,5.75,5.64,5.71,69930.67,39797.86
002012.SZ,2020-11-16,5.73,5.85,5.72,5.84,106287.02,61789.9
002012.SZ,2020-11-17,5.85,5.9,5.78,5.85,97584.0,56848.8
002012.SZ,2020-11-18,5.85,5.94,5.83,5.89,129429.0,76264.08
002012.SZ,2020-11-19,5.85,5.92,5.84,5.88,94790.0,55689.47
002012.SZ,2020-11-20,5.84,6.02,5.81,5.99,190762.13,113118.58
002012.SZ,2020-11-23,6.0,6.15,5.95,6.11,247636.28,149860.92
002012.SZ,2020-11-24,6.12,6.19,6.04,6.08,167403.92,102155.68
002012.SZ,2020-11-25,6.07,6.28,6.05,6.09,254086.03,156681.43
002012.SZ,2020-11-26,6.09,6.12,5.96,6.03,133676.26,80552.42
002012.SZ,2020-11-27,6.02,6.18,5.99,6.13,140963.78,85868.42
002012.SZ,2020-11-30,6.15,6.23,6.02,6.03,152874.34,93337.17
002012.SZ,2020-12-01,6.04,6.08,5.97,6.06,113211.0,68206.37
002012.SZ,2020-12-02,6.07,6.1,5.99,6.02,97109.9,58575.55
002012.SZ,2020-12-03,6.0,6.04,5.92,6.01,110059.74,65684.13
002012.SZ,2020-12-04,6.0,6.0,5.93,5.97,75119.98,44757.76
002012.SZ,2020-12-07,5.95,5.99,5.89,5.89,80093.0,47504.53
002012.SZ,2020-12-08,5.88,5.89,5.76,5.78,100490.0,58320.88
002012.SZ,2020-12-09,5.78,5.82,5.66,5.67,87310.0,50041.82
002012.SZ,2020-12-10,5.65,5.74,5.63,5.69,56978.01,32500.34
002012.SZ,2020-12-11,5.71,5.73,5.54,5.61,87660.2,49083.05
002012.SZ,2020-12-14,5.62,5.65,5.53,5.63,40118.71,22501.69
002012.SZ,2020-12-15,5.64,5.64,5.56,5.6,53633.53,29974.51
002012.SZ,2020-12-16,5.59,5.61,5.46,5.56,80571.06,44436.58
002012.SZ,2020-12-17,5.53,5.55,5.37,5.54,85742.0,46809.4
002012.SZ,2020-12-18,5.49,5.56,5.48,5.5,52813.17,29144.79
002012.SZ,2020-12-21,5.49,5.55,5.41,5.51,62931.04,34625.47
002012.SZ,2020-12-22,5.47,5.62,5.47,5.5,87425.0,48538.09
002012.SZ,2020-12-23,5.5,5.67,5.47,5.63,98252.0,54973.99
002012.SZ,2020-12-24,5.59,5.61,5.41,5.42,94980.0,52246.4
002012.SZ,2020-12-25,5.46,5.5,5.41,5.47,51239.0,27992.71
002012.SZ,2020-12-28,5.43,5.48,5.28,5.28,106047.0,56818.24
002012.SZ,2020-12-29,5.26,5.35,5.19,5.28,47516.0,25093.81
002012.SZ,2020-12-30,5.27,5.34,5.23,5.32,41387.99,21896.77
002012.SZ,2020-12-31,5.33,5.39,5.3,5.37,48475.0,25963.085
002012.SZ,2021-01-04,5.4,5.47,5.32,5.45,75317.17,40751.25
002012.SZ,2021-01-05,5.46,5.54,5.41,5.53,88096.19,48226.13
002012.SZ,2021-01-06,5.51,5.85,5.51,5.68,198561.04,113275.63
002012.SZ,2021-01-07,5.62,5.79,5.48,5.73,191381.1,107835.45
002012.SZ,2021-01-08,5.71,5.75,5.63,5.64,90221.0,51143.13
002012.SZ,2021-01-11,5.65,5.82,5.44,5.67,153723.1,86718.28
002012.SZ,2021-01-12,5.61,5.88,5.58,5.8,167480.98,97332.88
002012.SZ,2021-01-13,5.88,5.89,5.6,5.76,138617.03,79213.83
002012.SZ,2021-01-14,5.69,5.91,5.61,5.82,148832.84,86215.52
002012.SZ,2021-01-15,5.8,5.88,5.71,5.78,82280.01,47599.28
002012.SZ,2021-01-18,5.8,5.94,5.77,5.87,123913.03,72889.06
002012.SZ,2021-01-19,5.86,5.9,5.72,5.74,113861.0,66119.94
002012.SZ,2021-01-20,5.7,5.73,5.64,5.68,72454.0,41152.18
002012.SZ,2021-01-21,5.71,5.72,5.61,5.64,71029.0,40200.33
002012.SZ,2021-01-22,5.65,5.67,5.45,5.45,93226.0,51393.27
002012.SZ,2021-01-25,5.41,5.52,5.38,5.4,66893.0,36405.58
002012.SZ,2021-01-26,5.36,5.42,5.31,5.32,54534.0,29131.06
002012.SZ,2021-01-27,5.32,5.46,5.32,5.43,49114.01,26590.79
002012.SZ,2021-01-28,5.47,5.54,5.36,5.39,58658.03,31922.76
002012.SZ,2021-01-29,5.49,5.66,5.41,5.53,82836.01,45641.63
002012.SZ,2021-02-01,5.46,5.78,5.46,5.69,118542.0,67052.77
002012.SZ,2021-02-02,5.68,5.82,5.6,5.73,107953.01,61769.0
002012.SZ,2021-02-03,5.72,5.81,5.66,5.7,89310.0,51117.62
002012.SZ,2021-02-04,5.72,5.81,5.56,5.66,87430.04,49672.06
002012.SZ,2021-02-05,5.62,5.66,5.33,5.37,99431.22,54452.79
002012.SZ,2021-02-08,5.38,5.49,5.34,5.4,53181.54,28826.17
002012.SZ,2021-02-09,5.41,5.52,5.41,5.46,58525.54,32016.4
002012.SZ,2021-02-10,5.46,5.95,5.42,5.79,193311.03,111087.62
002012.SZ,2021-02-18,5.92,5.93,5.82,5.88,160776.05,94442.58
002012.SZ,2021-02-19,5.84,6.03,5.83,6.02,180854.05,107851.93
002012.SZ,2021-02-22,6.05,6.18,5.99,6.0,204233.0,124503.84
002012.SZ,2021-02-23,6.01,6.32,6.01,6.16,248747.24,153664.66
002012.SZ,2021-02-24,6.11,6.34,6.07,6.29,222196.24,137687.49
002012.SZ,2021-02-25,6.28,6.29,6.05,6.06,150128.0,91992.91
002012.SZ,2021-02-26,6.05,6.27,6.01,6.12,145608.21,89900.37
002012.SZ,2021-03-01,6.12,6.3,6.1,6.17,150582.38,93346.95
002012.SZ,2021-03-02,6.14,6.17,6.03,6.07,120655.38,73569.51
002012.SZ,2021-03-03,6.08,6.17,6.03,6.11,102481.04,62577.05
002012.SZ,2021-03-04,6.11,6.22,6.07,6.08,126145.03,77598.62
002012.SZ,2021-03-05,6.04,6.23,6.01,6.16,92282.14,56631.06
002012.SZ,2021-03-08,6.2,6.21,6.01,6.03,110153.02,67207.12
002012.SZ,2021-03-09,6.0,6.04,5.71,5.81,136043.03,79443.57
002012.SZ,2021-03-10,5.84,5.86,5.66,5.66,79176.0,45277.37
002012.SZ,2021-03-11,5.7,5.76,5.67,5.76,58618.36,33551.66
002012.SZ,2021-03-12,5.76,5.78,5.69,5.76,51057.0,29309.78
002012.SZ,2021-03-15,5.73,5.85,5.7,5.84,62802.01,36457.43
002012.SZ,2021-03-16,5.85,5.88,5.8,5.87,60792.02,35528.65
002012.SZ,2021-03-17,5.84,5.9,5.78,5.79,64532.01,37614.25
002012.SZ,2021-03-18,5.81,6.01,5.75,5.92,115525.03,68121.79
002012.SZ,2021-03-19,5.89,5.98,5.86,5.92,82720.05,49041.69
002012.SZ,2021-03-22,5.93,6.05,5.9,6.04,80381.4,48140.96
002012.SZ,2021-03-23,6.04,6.08,5.93,5.95,76418.5,45633.3
002012.SZ,2021-03-24,5.91,6.04,5.89,5.9,67699.0,40319.75
002012.SZ,2021-03-25,5.89,6.14,5.85,6.11,127336.62,76867.52
002012.SZ,2021-03-26,6.09,6.15,6.05,6.12,95733.62,58423.43
002012.SZ,2021-03-29,6.1,6.2,6.08,6.16,120805.0,74357.32
002012.SZ,2021-03-30,6.11,6.21,5.98,6.15,142082.0,86658.34
002012.SZ,2021-03-31,6.11,6.31,6.11,6.2,109786.51,68075.73
002012.SZ,2021-04-01,6.22,6.26,6.09,6.18,72254.0,44591.88
002012.SZ,2021-04-02,6.24,6.24,6.07,6.12,78951.02,48393.63
002012.SZ,2021-04-06,6.1,6.34,6.08,6.3,152789.0,95637.02
002012.SZ,2021-04-07,6.38,6.45,6.25,6.33,149290.07,94602.46
002012.SZ,2021-04-08,6.33,6.37,6.17,6.17,106967.0,66696.87
002012.SZ,2021-04-09,6.16,6.3,6.14,6.2,99404.99,61798.29
002012.SZ,2021-04-12,6.22,6.24,6.0,6.01,103989.99,63440.5
002012.SZ,2021-04-13,6.03,6.61,6.03,6.16,252072.0,157706.35
002012.SZ,2021-04-14,5.97,6.1,5.9,6.06,156429.0,93951.36
002012.SZ,2021-04-15,6.1,6.38,6.07,6.29,195175.02,122105.88
002012.SZ,2021-04-16,6.27,6.32,6.22,6.29,121662.0,76322.76
002012.SZ,2021-04-19,6.29,6.36,6.26,6.3,106300.0,66963.97
002012.SZ,2021-04-20,6.29,6.29,6.17,6.2,120062.52,74620.67
002012.SZ,2021-04-21,6.15,6.17,6.0,6.04,146150.01,88430.57
002012.SZ,2021-04-22,6.13,6.27,5.97,6.04,153064.0,93238.96
002012.SZ,2021-04-23,6.01,6.06,5.81,5.86,140831.36,82713.89
002012.SZ,2021-04-26,5.81,5.87,5.66,5.68,143255.62,81963.73
002012.SZ,2021-04-27,5.65,5.84,5.64,5.79,119734.62,68729.01
002012.SZ,2021-04-28,5.79,5.94,5.73,5.87,88044.01,51446.7
002012.SZ,2021-04-29,5.88,5.9,5.82,5.82,50858.0,29740.82
002012.SZ,2021-04-30,5.86,5.87,5.72,5.86,63522.0,36751.49
002012.SZ,2021-05-06,5.83,5.93,5.75,5.92,58788.97,34603.88
002012.SZ,2021-05-07,5.92,5.95,5.88,5.89,56596.41,33492.44
002012.SZ,2021-05-10,5.9,5.91,5.78,5.88,62193.0,36294.21
002012.SZ,2021-05-11,5.85,5.91,5.81,5.89,43452.0,25513.73
002012.SZ,2021-05-12,5.86,5.88,5.82,5.86,47488.0,27736.78
002012.SZ,2021-05-13,5.84,5.85,5.73,5.76,74456.01,43047.54
002012.SZ,2021-05-14,5.78,5.81,5.73,5.76,61150.0,35216.97
002012.SZ,2021-05-17,5.76,5.76,5.63,5.64,94767.01,53708.03
002012.SZ,2021-05-18,5.6,5.65,5.55,5.64,59513.11,33325.42
002012.SZ,2021-05-19,5.65,5.65,5.58,5.58,48828.02,27330.21
002012.SZ,2021-05-20,5.55,5.55,5.46,5.47,73681.19,40509.49
002012.SZ,2021-05-21,5.48,5.8,5.48,5.71,139863.97,79252.72
002012.SZ,2021-05-24,5.79,5.83,5.71,5.72,96230.97,55517.37
002012.SZ,2021-05-25,5.75,5.77,5.62,5.68,74370.0,42129.18
002012.SZ,2021-05-26,5.72,5.84,5.71,5.83,124411.97,72009.15
002012.SZ,2021-05-27,5.83,5.85,5.75,5.77,95229.2,54948.59
002012.SZ,2021-05-28,5.78,5.8,5.64,5.66,92443.37,52638.21
002012.SZ,2021-05-31,5.65,5.71,5.61,5.68,70842.0,40012.45
002012.SZ,2021-06-01,5.69,5.73,5.64,5.72,88938.0,50636.76
002012.SZ,2021-06-02,5.71,5.72,5.58,5.61,82938.02,46816.97
002012.SZ,2021-06-03,5.6,5.65,5.57,5.62,64833.6,36376.41
002012.SZ,2021-06-04,5.58,5.62,5.57,5.58,50766.01,28392.45
002012.SZ,2021-06-07,5.6,5.64,5.58,5.6,40954.02,22969.96
002012.SZ,2021-06-08,5.6,5.62,5.54,5.58,47589.93,26554.29
002012.SZ,2021-06-09,5.59,5.64,5.54,5.6,46843.29,26222.57
002012.SZ,2021-06-10,5.62,5.73,5.56,5.69,93543.04,52857.56
002012.SZ,2021-06-11,5.71,5.74,5.64,5.66,62095.29,35251.69
002012.SZ,2021-06-15,5.64,5.67,5.51,5.54,51199.1,28559.33
002012.SZ,2021-06-16,5.56,5.57,5.5,5.55,30571.02,16930.25
002012.SZ,2021-06-17,5.55,5.57,5.49,5.49,46668.0,25761.36
002012.SZ,2021-06-18,5.47,5.56,5.45,5.54,45061.68,24812.59
002012.SZ,2021-06-21,5.52,5.54,5.5,5.53,41842.13,23105.95
002012.SZ,2021-06-22,5.53,5.58,5.52,5.57,47396.42,26350.75
002012.SZ,2021-06-23,5.57,5.65,5.56,5.62,56390.05,31625.98
002012.SZ,2021-06-24,5.6,5.61,5.51,5.53,49658.39,27505.67
002012.SZ,2021-06-25,5.53,5.55,5.5,5.54,44261.39,24446.17
002012.SZ,2021-06-28,5.52,5.57,5.47,5.56,63221.07,34811.8
002012.SZ,2021-06-29,5.55,5.55,5.48,5.5,36771.0,20231.0
002012.SZ,2021-06-30,5.51,5.55,5.47,5.55,39421.01,21738.0
002012.SZ,2021-07-01,5.55,5.56,5.38,5.38,67311.0,36815.79
002012.SZ,2021-07-02,5.4,5.4,5.27,5.29,53741.21,28493.82
002012.SZ,2021-07-05,5.27,5.4,5.27,5.39,39150.11,20968.59
002012.SZ,2021-07-06,5.39,5.44,5.35,5.42,36624.0,19787.35
002012.SZ,2021-07-07,5.38,5.46,5.37,5.44,46574.23,25302.94
002012.SZ,2021-07-08,5.45,5.64,5.38,5.56,119534.61,66138.31
002012.SZ,2021-07-09,5.55,5.69,5.5,5.66,136733.74,76754.5
002012.SZ,2021-07-12,5.71,5.79,5.62,5.67,131140.2,74722.8
002012.SZ,2021-07-13,5.61,5.68,5.6,5.66,78228.61,44140.77
002012.SZ,2021-07-14,5.66,5.68,5.55,5.58,81770.03,45753.02
002012.SZ,2021-07-15,5.56,5.64,5.47,5.61,82989.09,46216.01
002012.SZ,2021-07-16,5.61,5.76,5.58,5.69,145239.2,82882.07
002012.SZ,2021-07-19,5.65,5.82,5.62,5.71,137716.14,79074.14
002012.SZ,2021-07-20,5.66,5.77,5.65,5.75,91084.55,52071.17
002012.SZ,2021-07-21,5.74,5.89,5.67,5.86,197030.0,114208.18
002012.SZ,2021-07-22,5.85,5.98,5.81,5.95,187456.61,110373.0
002012.SZ,2021-07-23,5.95,5.97,5.84,5.86,149132.01,87841.74
002012.SZ,2021-07-26,5.84,6.02,5.73,5.92,209748.56,123138.25
002012.SZ,2021-07-27,5.88,5.9,5.63,5.65,189413.0,109469.02
002012.SZ,2021-07-28,5.59,5.61,5.33,5.35,169866.02,92228.23
002012.SZ,2021-07-29,5.43,5.74,5.43,5.55,127111.48,70774.15
002012.SZ,2021-07-30,5.56,5.78,5.48,5.73,142121.22,80458.85
002012.SZ,2021-08-02,5.76,5.84,5.68,5.82,117847.01,68256.88
002012.SZ,2021-08-03,5.8,5.85,5.69,5.71,93530.0,53930.96
002012.SZ,2021-08-04,5.67,6.05,5.67,6.01,228448.01,135344.5
002012.SZ,2021-08-05,5.97,6.13,5.9,5.97,157443.0,94035.63
002012.SZ,2021-08-06,5.99,6.13,5.93,6.09,233755.1,141193.94
002012.SZ,2021-08-09,6.22,6.37,6.06,6.1,346695.02,215372.48
002012.SZ,2021-08-10,6.15,6.24,6.07,6.13,253886.02,156167.7
002012.SZ,2021-08-11,6.1,6.34,6.05,6.28,258335.35,160585.89
002012.SZ,2021-08-12,6.23,6.42,6.2,6.34,246969.11,155885.91
002012.SZ,2021-08-13,6.34,6.43,6.27,6.38,232610.05,147615.6
002012.SZ,2021-08-16,6.32,6.38,6.19,6.28,209216.11,131227.14
002012.SZ,2021-08-17,6.25,6.34,6.11,6.14,230552.12,143110.98
002012.SZ,2021-08-18,6.12,6.4,6.05,6.26,246508.53,153488.81
002012.SZ,2021-08-19,6.27,6.29,6.04,6.1,213941.33,130819.61
002012.SZ,2021-08-20,6.11,6.22,6.01,6.15,138508.52,84628.9
002012.SZ,2021-08-23,6.15,6.38,6.1,6.36,206596.0,129792.97
002012.SZ,2021-08-24,6.29,6.3,6.12,6.15,203397.0,125882.61
002012.SZ,2021-08-25,6.13,6.2,6.08,6.2,138361.0,85038.41
002012.SZ,2021-08-26,6.27,6.44,6.18,6.22,314134.01,197789.35
002012.SZ,2021-08-27,6.21,6.56,6.15,6.47,495751.0,317338.16
002012.SZ,2021-08-30,6.46,6.52,6.27,6.37,362866.04,231386.4
002012.SZ,2021-08-31,6.37,6.37,6.12,6.18,224992.39,139892.28
002012.SZ,2021-09-01,6.17,6.3,5.92,5.95,252598.02,152752.48
002012.SZ,2021-09-02,5.92,6.15,5.84,6.11,185196.5,111011.16
002012.SZ,2021-09-03,6.14,6.72,6.1,6.72,762157.74,505504.02
002012.SZ,2021-09-06,6.74,6.93,6.37,6.54,676613.46,445590.58
002012.SZ,2021-09-07,6.57,6.85,6.45,6.79,454092.36,303292.58
002012.SZ,2021-09-08,6.79,6.93,6.63,6.66,350484.02,235609.2
002012.SZ,2021-09-09,6.62,6.78,6.55,6.68,243723.0,162338.11
002012.SZ,2021-09-10,6.64,6.74,6.49,6.51,252574.0,165948.06
002012.SZ,2021-09-13,6.51,6.74,6.51,6.55,206403.92,136262.53
002012.SZ,2021-09-14,6.51,6.63,6.41,6.45,180986.25,117288.82
002012.SZ,2021-09-15,6.41,6.76,6.4,6.71,267095.51,177384.48
002012.SZ,2021-09-16,6.78,6.82,6.49,6.51,207713.92,138070.98
002012.SZ,2021-09-17,6.51,6.75,6.42,6.67,210493.98,138853.4
002012.SZ,2021-09-22,6.58,6.97,6.53,6.91,306496.56,208846.7
002012.SZ,2021-09-23,6.95,7.35,6.81,7.22,534747.61,382850.9
002012.SZ,2021-09-24,7.06,7.15,6.59,6.6,438405.57,296004.13
002012.SZ,2021-09-27,6.58,6.65,5.95,6.09,306909.0,191501.11
002012.SZ,2021-09-28,6.01,6.23,6.01,6.19,139306.56,85605.18
002012.SZ,2021-09-29,6.11,6.12,5.85,5.85,189139.8,112671.63
002012.SZ,2021-09-30,5.88,5.95,5.87,5.92,88735.0,52500.61
002012.SZ,2021-10-08,5.96,6.11,5.96,6.05,103811.0,62648.86
002012.SZ,2021-10-11,6.06,6.15,5.91,6.08,107311.0,64783.75
002012.SZ,2021-10-12,6.04,6.04,5.73,5.83,127683.66,75096.13
002012.SZ,2021-10-13,5.85,5.85,5.61,5.68,98952.0,56382.86
002012.SZ,2021-10-14,5.67,5.8,5.62,5.72,60741.68,34699.61
002012.SZ,2021-10-15,5.72,5.74,5.57,5.58,80102.0,45179.72
002012.SZ,2021-10-18,5.61,5.73,5.54,5.72,65939.0,37341.84
002012.SZ,2021-10-19,5.72,5.77,5.67,5.7,66075.01,37810.03
002012.SZ,2021-10-20,5.66,5.75,5.66,5.7,52379.0,29862.62
002012.SZ,2021-10-21,5.7,5.7,5.6,5.61,79927.35,45093.16
002012.SZ,2021-10-22,5.51,5.54,5.11,5.25,229759.19,121504.81
002012.SZ,2021-10-25,5.23,5.32,5.14,5.31,103291.0,53962.88
002012.SZ,2021-10-26,5.27,5.32,5.2,5.21,62413.02,32739.97
002012.SZ,2021-10-27,5.22,5.26,5.13,5.23,66813.0,34690.78
002012.SZ,2021-10-28,5.22,5.22,5.03,5.06,78059.0,39797.33
002012.SZ,2021-10-29,5.06,5.19,5.03,5.18,57498.3,29438.99
002012.SZ,2021-11-01,5.19,5.29,5.12,5.27,61257.01,32081.84
002012.SZ,2021-11-02,5.27,5.31,5.09,5.15,73435.25,38052.54
002012.SZ,2021-11-03,5.12,5.27,5.12,5.18,45306.74,23487.94
002012.SZ,2021-11-04,5.18,5.29,5.18,5.27,65803.01,34495.28
002012.SZ,2021-11-05,5.25,5.38,5.22,5.32,79286.0,42216.03
002012.SZ,2021-11-08,5.3,5.37,5.26,5.36,53753.74,28642.9
002012.SZ,2021-11-09,5.36,5.48,5.33,5.36,62043.0,33368.45
002012.SZ,2021-11-10,5.37,5.37,5.26,5.36,48481.0,25745.06
002012.SZ,2021-11-11,5.36,5.43,5.35,5.39,52965.03,28641.64
002012.SZ,2021-11-12,5.39,5.49,5.34,5.46,84286.0,45695.3
002012.SZ,2021-11-15,5.47,5.55,5.43,5.53,66801.0,36734.51
002012.SZ,2021-11-16,5.51,5.54,5.41,5.41,68210.82,37307.36
002012.SZ,2021-11-17,5.41,5.53,5.4,5.51,55075.06,30194.11
002012.SZ,2021-11-18,5.5,5.58,5.48,5.51,70973.77,39314.23
002012.SZ,2021-11-19,5.51,5.64,5.47,5.61,85843.0,47830.01
002012.SZ,2021-11-22,5.61,5.64,5.56,5.61,61823.13,34609.52
002012.SZ,2021-11-23,5.62,5.65,5.56,5.61,56541.03,31693.57
002012.SZ,2021-11-24,5.65,5.65,5.5,5.58,77151.73,42913.44
002012.SZ,2021-11-25,5.55,5.67,5.52,5.6,83106.61,46442.6
002012.SZ,2021-11-26,5.61,5.61,5.55,5.57,50223.0,28004.71
002012.SZ,2021-11-29,5.5,5.6,5.44,5.56,56376.93,31176.73
002012.SZ,2021-11-30,5.57,5.73,5.54,5.73,128309.9,72680.19
002012.SZ,2021-12-01,5.72,5.9,5.69,5.84,220957.44,128512.23
002012.SZ,2021-12-02,5.85,6.32,5.83,6.11,402975.43,243616.19
002012.SZ,2021-12-03,5.68,6.04,5.68,5.93,272026.79,160997.86
002012.SZ,2021-12-06,5.9,6.0,5.75,5.79,162460.23,95020.3
002012.SZ,2021-12-07,5.8,5.85,5.67,5.74,103039.0,59140.45
002012.SZ,2021-12-08,5.73,6.04,5.69,6.0,198227.0,117296.12
002012.SZ,2021-12-09,5.99,6.01,5.88,5.92,124861.5,73968.71
002012.SZ,2021-12-10,5.9,5.98,5.86,5.93,96651.0,57211.41
002012.SZ,2021-12-13,5.91,5.93,5.81,5.91,110660.03,64901.64
002012.SZ,2021-12-14,5.83,5.92,5.82,5.91,98762.0,58012.86
002012.SZ,2021-12-15,5.88,6.07,5.86,5.98,146806.03,87745.39
002012.SZ,2021-12-16,5.99,6.1,5.93,6.03,114580.0,68906.46
002012.SZ,2021-12-17,6.03,6.18,5.93,6.12,177755.0,107691.95
002012.SZ,2021-12-20,5.91,5.98,5.71,5.81,252967.3,147919.05
002012.SZ,2021-12-21,5.84,6.39,5.8,6.39,284580.06,178016.85
002012.SZ,2021-12-22,6.36,6.36,6.11,6.18,371057.18,230460.28
002012.SZ,2021-12-23,6.2,6.3,6.05,6.06,218341.0,134177.41
002012.SZ,2021-12-24,6.07,6.1,5.78,5.82,227982.0,134922.27
002012.SZ,2021-12-27,5.81,5.91,5.71,5.9,123930.62,72136.02
002012.SZ,2021-12-28,5.94,5.94,5.78,5.87,86350.66,50639.9
002012.SZ,2021-12-29,5.83,6.01,5.73,5.96,152995.66,90509.63
002012.SZ,2021-12-30,6.0,6.09,5.92,6.02,135679.68,81568.39
002012.SZ,2021-12-31,6.03,6.07,5.94,5.95,113137.94,67945.333
002012.SZ,2022-01-04,5.95,6.23,5.95,6.13,192898.94,118251.35
002012.SZ,2022-01-05,6.13,6.18,5.99,6.12,147278.68,89504.28
002012.SZ,2022-01-06,6.08,6.19,6.08,6.14,126609.0,77818.13
002012.SZ,2022-01-07,6.19,6.21,5.96,5.98,152899.99,92837.62
002012.SZ,2022-01-10,5.96,6.13,5.95,6.1,99590.0,60518.89
002012.SZ,2022-01-11,6.13,6.2,6.04,6.07,94333.0,57547.51
002012.SZ,2022-01-12,6.07,6.24,6.05,6.2,133743.0,82524.83
002012.SZ,2022-01-13,6.2,6.24,6.14,6.18,97267.72,60192.24
002012.SZ,2022-01-14,6.18,6.24,6.01,6.02,133091.29,81070.86
002012.SZ,2022-01-17,6.05,6.23,6.01,6.19,140187.31,86282.24
002012.SZ,2022-01-18,6.19,6.25,6.02,6.05,146521.0,88984.15
002012.SZ,2022-01-19,6.04,6.14,5.98,6.08,89078.0,53900.72
002012.SZ,2022-01-20,6.07,6.07,5.79,5.79,143703.0,84648.2
002012.SZ,2022-01-21,5.81,5.9,5.72,5.8,67146.0,38878.64
002012.SZ,2022-01-24,5.75,5.81,5.63,5.65,59013.0,33692.98
002012.SZ,2022-01-25,5.63,5.69,5.36,5.36,105179.3,57424.89
002012.SZ,2022-01-26,5.38,5.49,5.34,5.44,63073.0,34147.29
002012.SZ,2022-01-27,5.43,5.48,5.29,5.34,66578.54,35616.04
002012.SZ,2022-01-28,5.38,5.65,5.35,5.58,77745.02,42956.7
002012.SZ,2022-02-07,5.66,5.72,5.57,5.6,65387.0,36784.17
002012.SZ,2022-02-08,5.6,5.7,5.58,5.7,58924.0,33290.45
002012.SZ,2022-02-09,5.62,5.73,5.58,5.69,97146.4,55032.18
002012.SZ,2022-02-10,5.69,5.71,5.63,5.67,52475.0,29699.84
002012.SZ,2022-02-11,5.64,5.71,5.49,5.5,91060.0,50581.36
002012.SZ,2022-02-14,5.52,5.64,5.42,5.56,55184.3,30762.72
002012.SZ,2022-02-15,5.56,5.59,5.44,5.49,51066.0,28103.99
002012.SZ,2022-02-16,5.53,5.59,5.52,5.59,47444.0,26365.55
002012.SZ,2022-02-17,5.59,5.72,5.55,5.65,88041.01,49692.71
002012.SZ,2022-02-18,5.64,5.73,5.58,5.73,58845.01,33359.61
002012.SZ,2022-02-21,5.69,5.86,5.67,5.83,87432.0,50504.07
002012.SZ,2022-02-22,5.76,5.84,5.72,5.8,62992.0,36461.31
002012.SZ,2022-02-23,5.85,5.85,5.76,5.8,57969.02,33595.02
002012.SZ,2022-02-24,5.78,5.97,5.66,5.75,160559.04,93684.61
002012.SZ,2022-02-25,5.79,5.95,5.79,5.86,93651.0,54984.03
002012.SZ,2022-02-28,5.92,5.92,5.73,5.88,85808.0,50244.77
002012.SZ,2022-03-01,5.91,5.94,5.84,5.91,68953.0,40638.95
002012.SZ,2022-03-02,5.88,5.94,5.87,5.92,73361.0,43330.27
002012.SZ,2022-03-03,5.95,5.99,5.9,5.91,75644.01,44914.23
002012.SZ,2022-03-04,5.89,5.9,5.79,5.82,74723.08,43639.72
002012.SZ,2022-03-07,5.77,5.88,5.73,5.76,69081.51,40026.19
002012.SZ,2022-03-08,5.74,5.79,5.53,5.54,81245.3,45744.3
002012.SZ,2022-03-09,5.57,5.62,5.22,5.42,96803.0,52436.04
002012.SZ,2022-03-10,5.56,5.59,5.45,5.47,63838.0,35248.1
002012.SZ,2022-03-11,5.45,5.62,5.35,5.6,66538.0,36555.17
002012.SZ,2022-03-14,5.6,5.63,5.49,5.5,50232.0,28012.14
002012.SZ,2022-03-15,5.44,5.5,5.23,5.23,77050.0,41323.84
002012.SZ,2022-03-16,5.35,5.39,5.2,5.35,62674.0,33357.63
002012.SZ,2022-03-17,5.41,5.49,5.34,5.38,67982.0,36908.18
002012.SZ,2022-03-18,5.35,5.48,5.33,5.47,44634.0,24277.04
002012.SZ,2022-03-21,5.49,5.54,5.45,5.54,53625.0,29527.95
002012.SZ,2022-03-22,5.54,5.58,5.46,5.56,47430.25,26227.15
002012.SZ,2022-03-23,5.58,5.62,5.52,5.55,52548.3,29270.05
002012.SZ,2022-03-24,5.52,5.53,5.43,5.43,64076.0,35025.27
002012.SZ,2022-03-25,5.5,5.6,5.45,5.5,79159.0,43777.36
002012.SZ,2022-03-28,5.5,5.54,5.44,5.48,41455.0,22720.56
002012.SZ,2022-03-29,5.47,5.53,5.38,5.4,51773.0,28196.64
002012.SZ,2022-03-30,5.44,5.48,5.42,5.46,37030.82,20176.03
002012.SZ,2022-03-31,5.46,5.54,5.42,5.5,51871.05,28475.18
002012.SZ,2022-04-01,5.49,5.54,5.44,5.49,48495.0,26592.28
002012.SZ,2022-04-06,5.48,5.62,5.42,5.6,71751.01,40006.04
002012.SZ,2022-04-07,5.57,5.61,5.43,5.44,61186.0,33745.49
002012.SZ,2022-04-08,5.46,5.49,5.3,5.38,57363.0,30789.3
002012.SZ,2022-04-11,5.34,5.42,5.22,5.27,55450.0,29465.98
002012.SZ,2022-04-12,5.26,5.39,5.24,5.38,47372.0,25189.13
002012.SZ,2022-04-13,5.32,5.38,5.27,5.3,31927.0,16975.05
002012.SZ,2022-04-14,5.3,5.34,5.24,5.31,46917.54,24821.97
002012.SZ,2022-04-15,5.3,5.3,5.11,5.12,82657.0,42617.04
002012.SZ,2022-04-18,5.1,5.14,4.98,5.1,50103.0,25407.27
002012.SZ,2022-04-19,5.13,5.16,5.08,5.15,30362.0,15565.26
002012.SZ,2022-04-20,5.16,5.31,5.14,5.22,60891.0,31915.91
002012.SZ,2022-04-21,5.17,5.22,5.01,5.03,59791.99,30553.01
002012.SZ,2022-04-22,5.01,5.08,4.92,5.01,35293.0,17698.55
002012.SZ,2022-04-25,4.94,4.94,4.51,4.51,82199.0,38692.7
002012.SZ,2022-04-26,4.52,4.59,4.2,4.37,55601.0,24893.67
002012.SZ,2022-04-27,4.23,4.4,4.13,4.4,91644.0,38939.74
002012.SZ,2022-04-28,4.4,4.44,4.25,4.3,55406.0,24082.75
002012.SZ,2022-04-29,4.33,4.52,4.33,4.45,72763.0,32325.11
002012.SZ,2022-05-05,4.45,4.51,4.41,4.47,36388.0,16244.65
002012.SZ,2022-05-06,4.45,4.45,4.35,4.4,30544.0,13419.54
002012.SZ,2022-05-09,4.44,4.69,4.43,4.6,69964.0,32090.28
002012.SZ,2022-05-10,4.53,4.68,4.52,4.62,53564.0,24731.38
002012.SZ,2022-05-11,4.62,4.72,4.57,4.57,62903.08,29229.45
002012.SZ,2022-05-12,4.57,4.66,4.55,4.65,43902.0,20306.4
002012.SZ,2022-05-13,4.69,4.71,4.59,4.66,34491.0,15987.4
002012.SZ,2022-05-16,4.65,4.69,4.64,4.66,42010.0,19587.5
002012.SZ,2022-05-17,4.64,4.69,4.58,4.64,33095.0,15322.63
002012.SZ,2022-05-18,4.64,4.7,4.62,4.65,39270.0,18310.54
002012.SZ,2022-05-19,4.64,4.79,4.63,4.73,60621.0,28598.66
002012.SZ,2022-05-20,4.75,4.81,4.72,4.76,34351.0,16331.72
002012.SZ,2022-05-23,4.79,4.83,4.76,4.83,32876.52,15772.99
002012.SZ,2022-05-24,4.84,4.85,4.68,4.68,57438.0,27253.53
002012.SZ,2022-05-25,4.69,4.82,4.68,4.81,39394.06,18752.6
002012.SZ,2022-05-26,4.82,4.89,4.7,4.89,49604.56,23836.08
002012.SZ,2022-05-27,4.88,4.91,4.83,4.87,57831.01,28204.67
002012.SZ,2022-05-30,4.9,5.02,4.86,5.01,75888.0,37736.7
002012.SZ,2022-05-31,5.01,5.2,4.99,5.14,78225.0,40052.26
002012.SZ,2022-06-01,5.13,5.22,5.1,5.16,54083.02,27909.9
002012.SZ,2022-06-02,5.13,5.22,5.08,5.21,42694.02,22042.93
002012.SZ,2022-06-06,5.21,5.25,5.17,5.21,53035.99,27654.67
002012.SZ,2022-06-07,5.24,5.25,5.13,5.16,52270.03,27058.81
002012.SZ,2022-06-08,5.19,5.2,5.07,5.13,50402.0,25847.38
002012.SZ,2022-06-09,5.12,5.16,5.05,5.06,43465.62,22172.55
002012.SZ,2022-06-10,5.08,5.12,5.04,5.11,41186.0,20979.35
002012.SZ,2022-06-13,5.11,5.14,5.03,5.1,42047.0,21353.5
002012.SZ,2022-06-14,5.06,5.31,5.04,5.21,100076.42,51854.34
002012.SZ,2022-06-15,5.22,5.26,5.11,5.11,123712.09,64176.77
002012.SZ,2022-06-16,5.13,5.2,5.08,5.13,65866.06,33772.04
002012.SZ,2022-06-17,5.13,5.19,5.1,5.18,61228.95,31531.62
002012.SZ,2022-06-20,5.17,5.25,5.16,5.24,58199.0,30361.44
002012.SZ,2022-06-21,5.26,5.27,5.16,5.21,45029.01,23468.88
002012.SZ,2022-06-22,5.18,5.23,5.13,5.14,40024.0,20687.34
002012.SZ,2022-06-23,5.2,5.29,5.19,5.25,57013.0,29877.07
002012.SZ,2022-06-24,5.27,5.31,5.23,5.3,48396.11,25551.17
002012.SZ,2022-06-27,5.32,5.35,5.26,5.28,52803.0,27929.18
002012.SZ,2022-06-28,5.28,5.43,5.27,5.39,73294.12,39396.61
002012.SZ,2022-06-29,5.36,5.42,5.26,5.27,51671.0,27503.34
002012.SZ,2022-06-30,5.32,5.41,5.31,5.33,50476.25,27044.31
002012.SZ,2022-07-01,5.37,5.38,5.28,5.3,29158.1,15517.34
002012.SZ,2022-07-04,5.3,5.34,5.2,5.34,60275.0,31718.58
002012.SZ,2022-07-05,5.34,5.35,5.2,5.26,39849.37,20956.82
002012.SZ,2022-07-06,5.22,5.27,5.14,5.2,49488.37,25733.59
002012.SZ,2022-07-07,5.21,5.72,5.18,5.72,179313.49,99909.25
002012.SZ,2022-07-08,6.29,6.29,6.29,6.29,129805.5,81647.66
002012.SZ,2022-07-11,6.0,6.2,5.66,5.9,589217.65,342026.78
002012.SZ,2022-07-12,5.77,6.1,5.65,5.86,393735.32,230261.89
002012.SZ,2022-07-13,5.75,6.45,5.64,6.05,611173.6,373863.07
002012.SZ,2022-07-14,5.88,6.35,5.76,6.24,583476.2,353672.63
002012.SZ,2022-07-15,6.05,6.23,5.9,5.95,364834.19,219569.03
002012.SZ,2022-07-18,5.92,6.55,5.92,6.18,468521.7,291871.22
002012.SZ,2022-07-19,6.15,6.27,6.07,6.11,303314.0,186088.04
002012.SZ,2022-07-20,6.08,6.19,5.96,6.11,230764.0,140277.82
002012.SZ,2022-07-21,6.06,6.24,5.91,6.15,349598.26,210777.69
002012.SZ,2022-07-22,6.11,6.18,5.78,5.91,356681.03,211712.54
002012.SZ,2022-07-25,5.88,5.95,5.69,5.81,193960.03,112779.21
002012.SZ,2022-07-26,5.75,5.82,5.59,5.74,147572.0,83901.3
002012.SZ,2022-07-27,5.75,6.0,5.75,5.81,161487.0,94616.63
002012.SZ,2022-07-28,5.8,5.92,5.8,5.87,146098.03,85711.78
002012.SZ,2022-07-29,5.85,5.98,5.75,5.77,139459.63,81593.18
002012.SZ,2022-08-01,5.72,5.91,5.71,5.88,149818.87,87485.65
002012.SZ,2022-08-02,5.8,5.81,5.4,5.52,187866.91,104640.78
002012.SZ,2022-08-03,5.53,5.77,5.43,5.46,129032.0,72564.95
002012.SZ,2022-08-04,5.49,5.63,5.49,5.63,93019.0,51838.88
002012.SZ,2022-08-05,5.65,5.68,5.49,5.56,108338.63,60023.61
002012.SZ,2022-08-08,5.55,5.65,5.47,5.63,89022.2,49753.18
002012.SZ,2022-08-09,5.64,5.68,5.58,5.6,72023.56,40448.89
002012.SZ,2022-08-10,5.58,5.76,5.55,5.7,113265.49,64453.75
002012.SZ,2022-08-11,5.72,5.75,5.65,5.72,82960.02,47307.14
002012.SZ,2022-08-12,5.75,5.76,5.69,5.7,65469.75,37495.47
002012.SZ,2022-08-15,5.7,5.78,5.64,5.7,60564.53,34457.36
002012.SZ,2022-08-16,5.71,5.83,5.7,5.83,108353.97,62532.69
002012.SZ,2022-08-17,5.84,5.84,5.74,5.81,91466.0,52826.9
002012.SZ,2022-08-18,5.79,5.95,5.76,5.88,146166.02,85714.63
002012.SZ,2022-08-19,5.88,5.98,5.8,5.8,106005.01,62167.26
002012.SZ,2022-08-22,5.76,5.79,5.7,5.72,87146.28,50018.59
002012.SZ,2022-08-23,5.75,6.08,5.7,6.03,299366.78,178299.88
002012.SZ,2022-08-24,6.03,6.11,5.76,5.93,227679.01,134072.17
002012.SZ,2022-08-25,5.87,5.9,5.57,5.67,194989.56,111003.22
002012.SZ,2022-08-26,5.67,6.24,5.65,6.24,459656.22,285087.79
002012.SZ,2022-08-29,6.56,6.86,6.43,6.86,494166.29,330583.85
002012.SZ,2022-08-30,7.2,7.55,6.5,6.57,1644121.24,1187073.72
002012.SZ,2022-08-31,6.22,6.32,5.91,6.04,1138457.4,691199.47
002012.SZ,2022-09-01,5.82,5.9,5.6,5.6,708610.18,406916.0
002012.SZ,2022-09-02,5.61,5.79,5.52,5.7,432381.32,244635.04
002012.SZ,2022-09-05,5.56,5.69,5.53,5.6,341730.71,191319.29
002012.SZ,2022-09-06,5.6,5.65,5.47,5.58,336044.55,186299.51
002012.SZ,2022-09-07,5.55,5.65,5.52,5.65,287149.31,160143.59
002012.SZ,2022-09-08,5.62,5.68,5.47,5.48,274010.49,152254.19
002012.SZ,2022-09-09,5.46,5.48,5.37,5.38,198550.0,107350.35
002012.SZ,2022-09-13,5.41,5.52,5.39,5.46,181503.33,98934.33
002012.SZ,2022-09-14,5.36,5.46,5.3,5.42,126597.0,68256.06
002012.SZ,2022-09-15,5.5,5.54,5.27,5.32,203498.0,110170.55
002012.SZ,2022-09-16,5.38,5.43,5.21,5.21,174057.87,92883.52
002012.SZ,2022-09-19,5.23,5.3,5.17,5.26,140847.18,73785.5
002012.SZ,2022-09-20,5.29,5.39,5.27,5.39,106850.0,57138.64
002012.SZ,2022-09-21,5.39,5.44,5.29,5.41,99263.0,53312.75
002012.SZ,2022-09-22,5.41,5.44,5.36,5.38,86130.0,46476.98
002012.SZ,2022-09-23,5.38,5.41,5.22,5.28,99055.12,52549.26
002012.SZ,2022-09-26,5.21,5.24,5.04,5.06,138661.0,71142.25
002012.SZ,2022-09-27,5.08,5.2,5.04,5.17,85353.0,43719.84
002012.SZ,2022-09-28,5.14,5.16,4.96,4.96,94579.0,47839.8
002012.SZ,2022-09-29,5.0,5.1,4.87,4.89,77272.0,38327.61
002012.SZ,2022-09-30,4.91,4.98,4.84,4.87,55069.22,26935.63
002012.SZ,2022-10-10,4.87,4.89,4.69,4.73,72371.0,34727.64
002012.SZ,2022-10-11,4.73,4.8,4.67,4.78,60035.0,28438.24
002012.SZ,2022-10-12,4.78,4.93,4.75,4.92,92554.0,44737.8
002012.SZ,2022-10-13,4.89,5.04,4.88,4.99,75219.0,37376.09
002012.SZ,2022-10-14,5.0,5.09,4.98,5.05,75896.0,38332.41
002012.SZ,2022-10-17,5.03,5.14,5.02,5.13,78573.0,40060.7
002012.SZ,2022-10-18,5.13,5.19,5.08,5.14,93607.0,48098.11
002012.SZ,2022-10-19,5.13,5.19,5.09,5.12,65635.0,33689.33
002012.SZ,2022-10-20,5.08,5.5,5.04,5.34,262221.98,138626.92
002012.SZ,2022-10-21,5.43,5.87,5.12,5.87,337582.07,189481.67
002012.SZ,2022-10-24,6.38,6.38,5.62,5.63,895311.08,535261.09
002012.SZ,2022-10-25,5.36,5.55,5.18,5.55,532590.52,285066.48
002012.SZ,2022-10-26,5.46,5.57,5.33,5.43,457952.65,248660.67
002012.SZ,2022-10-27,5.4,5.97,5.38,5.72,725405.83,420429.86
002012.SZ,2022-10-28,5.58,5.64,5.26,5.32,494410.57,268670.93
002012.SZ,2022-10-31,5.24,5.34,5.14,5.17,310822.01,161755.87
002012.SZ,2022-11-01,5.2,5.68,5.18,5.41,384613.26,209042.86
002012.SZ,2022-11-02,5.35,5.47,5.34,5.41,296658.02,160571.98
002012.SZ,2022-11-03,5.4,5.74,5.35,5.59,396601.01,221477.74
002012.SZ,2022-11-04,5.61,5.74,5.52,5.65,315704.24,177351.04
002012.SZ,2022-11-07,5.64,5.85,5.61,5.75,324333.86,186235.18
002012.SZ,2022-11-08,5.75,5.8,5.66,5.71,199581.11,113859.1
002012.SZ,2022-11-09,5.69,5.76,5.63,5.75,229872.35,131068.18
002012.SZ,2022-11-10,5.69,5.7,5.62,5.64,181365.78,102712.68
002012.SZ,2022-11-11,5.75,5.81,5.68,5.68,231689.0,132846.94
002012.SZ,2022-11-14,5.68,5.78,5.6,5.75,184283.01,105414.4
002012.SZ,2022-11-15,5.72,5.84,5.68,5.8,221185.26,127671.37
002012.SZ,2022-11-16,5.78,5.91,5.78,5.87,258171.62,151059.73
002012.SZ,2022-11-17,5.84,5.85,5.77,5.85,193584.74,112339.58
002012.SZ,2022-11-18,5.84,6.02,5.81,5.88,315858.62,187041.68
002012.SZ,2022-11-21,5.77,5.89,5.74,5.78,168888.0,97706.66
002012.SZ,2022-11-22,5.78,5.88,5.69,5.73,162855.0,94207.57
002012.SZ,2022-11-23,5.71,5.77,5.56,5.68,168472.0,95237.26
002012.SZ,2022-11-24,5.7,5.84,5.68,5.77,138282.0,79737.76
002012.SZ,2022-11-25,5.81,5.81,5.68,5.73,105467.31,60360.21
002012.SZ,2022-11-28,5.66,5.74,5.61,5.69,96901.0,54942.42
002012.SZ,2022-11-29,5.69,5.8,5.69,5.79,116256.12,66985.6
002012.SZ,2022-11-30,5.79,5.8,5.67,5.7,111849.0,63990.9
002012.SZ,2022-12-01,5.71,5.87,5.7,5.83,141430.0,82046.06
002012.SZ,2022-12-02,5.8,6.01,5.79,5.95,214927.0,127558.09
002012.SZ,2022-12-05,6.02,6.03,5.88,5.96,172868.0,102685.31
002012.SZ,2022-12-06,5.97,5.99,5.86,5.88,107255.6,63252.61
002012.SZ,2022-12-07,5.86,5.91,5.82,5.9,84548.6,49611.97
002012.SZ,2022-12-08,5.92,5.92,5.72,5.81,112552.0,65417.97
002012.SZ,2022-12-09,5.8,5.83,5.48,5.56,249339.0,139986.58
002012.SZ,2022-12-12,5.56,5.62,5.44,5.48,135343.0,74730.73
002012.SZ,2022-12-13,5.47,5.57,5.45,5.56,88881.0,49155.37
002012.SZ,2022-12-14,5.52,5.73,5.52,5.61,96779.0,54534.33
002012.SZ,2022-12-15,5.61,5.7,5.56,5.62,74496.0,41963.17
002012.SZ,2022-12-16,5.6,5.63,5.49,5.5,72092.01,39958.32
002012.SZ,2022-12-19,5.53,5.55,5.27,5.31,102876.0,54982.24
002012.SZ,2022-12-20,5.3,5.37,5.24,5.31,63696.0,33697.8
002012.SZ,2022-12-21,5.31,5.31,5.21,5.24,48635.0,25543.66
002012.SZ,2022-12-22,5.25,5.32,5.15,5.16,56290.0,29449.53
002012.SZ,2022-12-23,5.19,5.31,5.11,5.27,80112.0,41848.29
002012.SZ,2022-12-26,5.25,5.3,5.23,5.29,58089.0,30579.7
002012.SZ,2022-12-27,5.31,5.32,5.21,5.25,59266.41,31079.74
002012.SZ,2022-12-28,5.24,5.25,5.16,5.18,57521.0,29859.58
002012.SZ,2022-12-29,5.18,5.19,5.11,5.11,55149.74,28358.34
002012.SZ,2022-12-30,5.15,5.24,5.12,5.24,59295.08,30803.84
002012.SZ,2023-01-03,5.22,5.48,5.21,5.47,111970.68,60007.86
002012.SZ,2023-01-04,5.46,6.02,5.39,6.02,359421.5,213382.01
002012.SZ,2023-01-05,6.16,6.42,5.8,5.8,996451.39,606236.33
002012.SZ,2023-01-06,5.81,5.91,5.77,5.84,492639.49,288029.87
002012.SZ,2023-01-09,5.78,5.91,5.7,5.7,361763.1,207937.57
002012.SZ,2023-01-10,5.75,5.8,5.63,5.66,185068.2,104966.89
002012.SZ,2023-01-11,5.68,5.72,5.61,5.64,169299.89,96061.84
002012.SZ,2023-01-12,5.62,5.66,5.56,5.62,153687.57,86303.63
002012.SZ,2023-01-13,5.63,5.86,5.62,5.77,305176.06,175364.48
002012.SZ,2023-01-16,5.73,5.8,5.65,5.8,193166.0,110427.38
002012.SZ,2023-01-17,5.81,5.81,5.65,5.73,174290.0,99581.37
002012.SZ,2023-01-18,5.73,5.95,5.7,5.94,339353.95,199182.61
002012.SZ,2023-01-19,5.88,5.94,5.81,5.85,217539.0,127399.21
002012.SZ,2023-01-20,5.85,5.94,5.85,5.9,168987.85,99688.82
002012.SZ,2023-01-30,5.94,5.99,5.89,5.95,215689.02,127911.3
002012.SZ,2023-01-31,5.95,6.01,5.9,5.98,160689.01,95825.84
002012.SZ,2023-02-01,5.94,6.07,5.94,6.07,170976.43,102910.76
002012.SZ,2023-02-02,6.05,6.07,5.98,5.99,163192.0,98017.58
002012.SZ,2023-02-03,5.98,6.05,5.92,5.99,138610.0,82843.16
002012.SZ,2023-02-06,5.94,6.2,5.92,6.14,295022.93,180336.7
002012.SZ,2023-02-07,6.06,6.38,6.03,6.24,279703.91,172529.6
002012.SZ,2023-02-08,6.2,6.31,6.12,6.23,262211.95,162561.04
002012.SZ,2023-02-09,6.23,6.85,6.23,6.44,827399.93,539562.86
002012.SZ,2023-02-10,6.41,6.44,6.24,6.29,515717.33,325631.25
002012.SZ,2023-02-13,6.24,6.35,6.21,6.22,283546.0,177644.77
002012.SZ,2023-02-14,6.26,6.47,6.25,6.33,334441.92,212180.36
002012.SZ,2023-02-15,6.32,6.38,6.25,6.28,198424.5,124677.83
002012.SZ,2023-02-16,6.26,6.31,6.02,6.1,292948.11,181118.83
002012.SZ,2023-02-17,6.12,6.22,6.08,6.11,145389.08,89345.83
002012.SZ,2023-02-20,6.1,6.17,6.07,6.16,106648.94,65275.67
002012.SZ,2023-02-21,6.18,6.2,6.1,6.16,92762.0,57116.55
002012.SZ,2023-02-22,6.16,6.33,6.08,6.31,214624.0,134052.53
002012.SZ,2023-02-23,6.32,6.33,6.21,6.23,129701.02,80970.89
002012.SZ,2023-02-24,6.23,6.37,6.22,6.35,202077.0,127752.71
002012.SZ,2023-02-27,6.33,6.63,6.25,6.45,375688.0,241982.0
002012.SZ,2023-02-28,6.47,6.48,6.3,6.4,229954.0,146866.86
002012.SZ,2023-03-01,6.38,6.45,6.32,6.43,177482.86,113357.35
002012.SZ,2023-03-02,6.41,6.42,6.31,6.31,155292.0,98405.9
002012.SZ,2023-03-03,6.29,6.35,6.22,6.22,130460.2,81789.22
002012.SZ,2023-03-06,6.21,6.25,6.16,6.21,108678.0,67306.83
002012.SZ,2023-03-07,6.19,6.21,5.98,6.0,189825.01,115300.42
002012.SZ,2023-03-08,5.96,6.17,5.93,6.16,121977.0,74291.73
002012.SZ,2023-03-09,6.18,6.18,6.07,6.1,69789.25,42602.23
002012.SZ,2023-03-10,6.06,6.11,5.95,5.98,79617.01,47798.32
002012.SZ,2023-03-13,5.98,5.99,5.86,5.95,67733.0,40085.51
002012.SZ,2023-03-14,5.92,5.95,5.72,5.79,95591.0,55505.83
002012.SZ,2023-03-15,5.84,6.01,5.84,5.94,91642.0,54390.06
002012.SZ,2023-03-16,5.9,5.94,5.79,5.8,72584.3,42464.98
002012.SZ,2023-03-17,5.86,5.94,5.84,5.91,61526.06,36288.01
002012.SZ,2023-03-20,5.94,6.0,5.88,5.91,89814.26,53360.05
002012.SZ,2023-03-21,5.92,6.04,5.87,6.04,68387.0,40847.2
002012.SZ,2023-03-22,6.03,6.13,6.01,6.08,86775.0,52645.04
002012.SZ,2023-03-23,6.01,6.11,6.0,6.11,77515.0,47022.52
002012.SZ,2023-03-24,6.14,6.16,6.08,6.14,91601.0,56052.48
002012.SZ,2023-03-27,6.13,6.2,6.05,6.15,90477.0,55339.45
002012.SZ,2023-03-28,6.1,6.11,5.95,5.95,114379.0,68706.27
002012.SZ,2023-03-29,5.95,5.96,5.78,5.78,99526.0,58234.64
002012.SZ,2023-03-30,5.78,5.83,5.61,5.64,106139.5,60136.15
002012.SZ,2023-03-31,5.65,5.75,5.65,5.71,62143.0,35502.17
002012.SZ,2023-04-03,5.72,5.78,5.71,5.74,55335.0,31767.44
002012.SZ,2023-04-04,5.74,5.75,5.6,5.68,91404.0,51879.14
002012.SZ,2023-04-06,5.7,5.95,5.64,5.83,142841.01,83198.33
002012.SZ,2023-04-07,5.8,5.84,5.76,5.84,55635.8,32333.46
002012.SZ,2023-04-10,5.84,5.84,5.59,5.63,102808.0,58567.29
002012.SZ,2023-04-11,5.64,5.69,5.57,5.68,55262.11,31269.4
002012.SZ,2023-04-12,5.7,5.82,5.68,5.82,65019.07,37497.14
002012.SZ,2023-04-13,5.81,5.87,5.75,5.77,56542.05,32761.93
002012.SZ,2023-04-14,5.78,5.8,5.67,5.71,50639.01,28962.97
002012.SZ,2023-04-17,5.7,5.7,5.63,5.67,59263.0,33528.03
002012.SZ,2023-04-18,5.66,5.78,5.6,5.72,63968.38,36317.33
002012.SZ,2023-04-19,5.71,5.72,5.55,5.55,70432.0,39556.55
002012.SZ,2023-04-20,5.53,5.59,5.41,5.58,67005.02,36885.46
002012.SZ,2023-04-21,5.55,5.65,5.42,5.42,58461.0,32236.2
002012.SZ,2023-04-24,5.41,5.49,5.4,5.47,54782.0,29835.4
002012.SZ,2023-04-25,5.45,5.48,5.25,5.34,71472.0,38177.47
002012.SZ,2023-04-26,5.34,5.53,5.31,5.46,52306.0,28531.7
002012.SZ,2023-04-27,5.64,6.0,5.63,5.82,343023.05,199869.63
002012.SZ,2023-04-28,5.8,5.91,5.77,5.85,161888.01,94608.77
002012.SZ,2023-05-04,5.85,5.97,5.8,5.95,108776.0,64285.07
002012.SZ,2023-05-05,5.95,5.95,5.83,5.93,77647.0,45763.29
002012.SZ,2023-05-08,5.86,5.93,5.84,5.89,72273.01,42527.69
002012.SZ,2023-05-09,5.88,5.97,5.8,5.86,91021.82,53498.69
002012.SZ,2023-05-10,5.9,6.16,5.9,5.96,200795.01,121369.45
002012.SZ,2023-05-11,5.99,6.06,5.93,6.04,122370.0,73456.02
002012.SZ,2023-05-12,6.0,6.04,5.95,5.96,68481.01,40991.69
002012.SZ,2023-05-15,5.96,6.03,5.86,6.02,92029.01,54725.51
002012.SZ,2023-05-16,5.98,6.01,5.91,5.93,68447.0,40751.21
002012.SZ,2023-05-17,5.94,6.08,5.86,6.07,94234.0,56656.93
002012.SZ,2023-05-18,6.05,6.18,6.03,6.18,140962.31,86380.04
002012.SZ,2023-05-19,6.19,6.19,6.07,6.13,93709.59,57365.78
002012.SZ,2023-05-22,6.12,6.23,6.11,6.17,80861.62,49878.51
002012.SZ,2023-05-23,6.15,6.17,6.05,6.05,74851.0,45577.53
002012.SZ,2023-05-24,6.07,6.1,5.99,6.05,60475.0,36578.48
002012.SZ,2023-05-25,6.01,6.04,5.91,6.01,73449.1,43918.34
002012.SZ,2023-05-26,6.07,6.13,5.94,6.12,80774.02,48933.14
002012.SZ,2023-05-29,6.11,6.28,6.08,6.1,105996.06,65158.39
002012.SZ,2023-05-30,6.09,6.09,5.96,6.06,71457.0,43056.58
002012.SZ,2023-05-31,6.05,6.13,6.01,6.12,67820.0,41159.87
002012.SZ,2023-06-01,6.12,6.24,6.05,6.19,107874.0,66437.55
002012.SZ,2023-06-02,6.15,6.22,6.14,6.17,85117.62,52541.39
002012.SZ,2023-06-05,6.16,6.28,6.13,6.28,135055.06,84129.05
002012.SZ,2023-06-06,6.26,6.28,6.03,6.04,144349.1,88534.51
002012.SZ,2023-06-07,6.04,6.25,6.04,6.23,147054.1,90943.73
002012.SZ,2023-06-08,6.19,6.22,6.0,6.07,116607.1,70942.86
002012.SZ,2023-06-09,6.12,6.18,6.06,6.16,98879.0,60665.46
002012.SZ,2023-06-12,6.16,6.18,5.95,6.12,101304.0,61348.47
002012.SZ,2023-06-13,6.1,6.37,6.09,6.26,205694.0,129048.5
002012.SZ,2023-06-14,6.24,6.31,6.15,6.29,148159.01,92454.43
002012.SZ,2023-06-15,6.31,6.48,6.26,6.4,248434.35,159029.54
002012.SZ,2023-06-16,6.4,6.41,6.3,6.32,145413.0,92129.53
002012.SZ,2023-06-19,6.32,6.45,6.24,6.27,128534.03,81188.21
002012.SZ,2023-06-20,6.24,6.41,6.22,6.24,96147.0,60470.59
002012.SZ,2023-06-21,6.22,6.33,6.2,6.24,97504.0,61136.67
002012.SZ,2023-06-26,6.24,6.25,6.1,6.12,107114.6,65995.27
002012.SZ,2023-06-27,6.12,6.36,6.09,6.35,149847.0,94506.46
002012.SZ,2023-06-28,6.33,6.38,6.2,6.36,116287.0,73185.16
002012.SZ,2023-06-29,6.36,6.56,6.34,6.48,202571.64,131324.99
002012.SZ,2023-06-30,6.47,6.55,6.46,6.51,117861.0,76660.96
002012.SZ,2023-07-03,6.46,6.6,6.46,6.51,99017.0,64494.07
002012.SZ,2023-07-04,6.5,6.64,6.48,6.5,99955.0,65293.58
002012.SZ,2023-07-05,6.5,6.53,6.41,6.45,98126.0,63410.92
002012.SZ,2023-07-06,6.47,6.61,6.43,6.56,117370.04,76777.39
002012.SZ,2023-07-07,6.6,6.9,6.5,6.52,241433.0,159264.08
002012.SZ,2023-07-10,6.52,6.58,6.37,6.43,125292.13,80472.97
002012.SZ,2023-07-11,6.43,6.46,6.38,6.44,78583.09,50509.48
002012.SZ,2023-07-12,6.43,6.51,6.35,6.36,124455.72,79961.01
002012.SZ,2023-07-13,6.32,6.45,6.3,6.4,102112.0,65118.8
002012.SZ,2023-07-14,6.42,6.44,6.33,6.35,71537.0,45598.65
002012.SZ,2023-07-17,6.32,6.38,6.17,6.37,112754.63,70993.35
002012.SZ,2023-07-18,6.35,6.37,6.22,6.26,72458.0,45453.13
002012.SZ,2023-07-19,6.26,6.51,6.26,6.34,95260.0,60492.98
002012.SZ,2023-07-20,6.34,6.5,6.26,6.28,98197.0,62498.33
002012.SZ,2023-07-21,6.3,6.5,6.25,6.4,130230.0,83209.97
002012.SZ,2023-07-24,6.38,6.43,6.24,6.26,86543.0,54516.74
002012.SZ,2023-07-25,6.27,6.38,6.27,6.36,81131.0,51408.55
002012.SZ,2023-07-26,6.31,6.35,6.23,6.25,77206.0,48423.99
002012.SZ,2023-07-27,6.27,6.27,6.02,6.03,146882.02,89658.11
002012.SZ,2023-07-28,6.0,6.09,6.0,6.08,67967.01,41153.9
002012.SZ,2023-07-31,6.08,6.14,6.06,6.14,69159.0,42216.53
002012.SZ,2023-08-01,6.14,6.15,6.06,6.14,59789.0,36487.5
002012.SZ,2023-08-02,6.13,6.13,6.07,6.09,55861.0,34055.17
002012.SZ,2023-08-03,6.05,6.09,5.99,6.01,93956.0,56609.82
002012.SZ,2023-08-04,6.03,6.05,5.89,5.9,114975.0,68332.71
002012.SZ,2023-08-07,5.87,5.91,5.8,5.88,69958.02,40994.59
002012.SZ,2023-08-08,5.89,6.09,5.83,5.94,163955.2,97661.23
002012.SZ,2023-08-09,5.86,5.95,5.76,5.89,131435.2,77060.9
002012.SZ,2023-08-10,5.88,5.99,5.85,5.98,94028.2,55922.56
002012.SZ,2023-08-11,5.98,6.03,5.8,5.81,96106.0,56640.7
002012.SZ,2023-08-14,5.72,5.88,5.68,5.88,81488.0,47324.41
002012.SZ,2023-08-15,5.86,5.9,5.81,5.85,58756.02,34322.43
002012.SZ,2023-08-16,5.84,5.89,5.81,5.81,53256.0,31140.39
002012.SZ,2023-08-17,5.82,5.96,5.75,5.96,74407.0,43687.73
002012.SZ,2023-08-18,5.92,5.96,5.84,5.85,65498.1,38655.64
002012.SZ,2023-08-21,5.81,5.92,5.81,5.83,49537.0,29096.17
002012.SZ,2023-08-22,5.83,5.84,5.44,5.53,243818.54,134911.9
002012.SZ,2023-08-23,5.55,5.55,5.37,5.45,121798.02,66383.33
002012.SZ,2023-08-24,5.44,5.6,5.38,5.53,109616.0,60311.15
002012.SZ,2023-08-25,5.51,5.72,5.49,5.5,134955.0,75373.52
002012.SZ,2023-08-28,5.77,5.78,5.57,5.6,153042.0,86810.57
002012.SZ,2023-08-29,5.56,5.76,5.54,5.76,95743.72,54493.23
002012.SZ,2023-08-30,5.75,5.8,5.66,5.72,72032.0,41237.39
002012.SZ,2023-08-31,5.72,5.73,5.63,5.64,54968.0,31129.93
002012.SZ,2023-09-01,5.65,5.68,5.6,5.64,48719.0,27473.19
002012.SZ,2023-09-04,5.64,5.74,5.64,5.73,65447.0,37257.55
002012.SZ,2023-09-05,5.72,5.73,5.62,5.64,62381.01,35296.4
002012.SZ,2023-09-06,5.64,5.67,5.61,5.66,55010.0,31018.78
002012.SZ,2023-09-07,5.66,5.66,5.53,5.54,59380.0,33114.4
002012.SZ,2023-09-08,5.53,5.55,5.47,5.51,54944.0,30284.96
002012.SZ,2023-09-11,5.51,5.62,5.46,5.58,55086.0,30603.4
002012.SZ,2023-09-12,5.58,5.6,5.52,5.59,39922.0,22239.54
002012.SZ,2023-09-13,5.58,5.59,5.5,5.54,44805.0,24779.58
002012.SZ,2023-09-14,5.55,5.55,5.45,5.48,41304.0,22692.36
002012.SZ,2023-09-15,5.5,5.56,5.46,5.52,34376.0,18964.46
002012.SZ,2023-09-18,5.51,5.64,5.45,5.63,70056.0,39161.8
002012.SZ,2023-09-19,5.63,5.64,5.57,5.6,55041.81,30813.72
002012.SZ,2023-09-20,5.57,5.62,5.54,5.54,32190.0,17956.19
002012.SZ,2023-09-21,5.54,5.57,5.47,5.52,32487.0,17921.6
002012.SZ,2023-09-22,5.5,5.62,5.47,5.61,45638.0,25405.34
002012.SZ,2023-09-25,5.59,5.63,5.53,5.54,35467.02,19756.65
002012.SZ,2023-09-26,5.51,5.56,5.5,5.5,31375.0,17317.6
002012.SZ,2023-09-27,5.52,5.56,5.45,5.54,45055.0,24870.32
002012.SZ,2023-09-28,5.54,5.64,5.54,5.62,48502.0,27207.72
002012.SZ,2023-10-09,5.58,5.61,5.34,5.36,125079.0,68059.87
002012.SZ,2023-10-10,5.39,5.46,5.35,5.38,58523.01,31550.41
002012.SZ,2023-10-11,5.38,5.4,5.31,5.36,46062.0,24682.66
002012.SZ,2023-10-12,5.38,5.43,5.32,5.41,55117.57,29654.5
002012.SZ,2023-10-13,5.39,5.39,5.26,5.29,69186.0,36685.34
002012.SZ,2023-10-16,5.3,5.33,5.24,5.3,40675.0,21485.92
002012.SZ,2023-10-17,5.29,5.39,5.28,5.32,54384.81,29008.02
002012.SZ,2023-10-18,5.33,5.33,5.17,5.18,66661.19,34752.93
002012.SZ,2023-10-19,5.18,5.25,5.12,5.16,44714.19,23214.01
002012.SZ,2023-10-20,5.15,5.23,5.11,5.17,51598.0,26758.24
002012.SZ,2023-10-23,5.14,5.17,4.99,5.0,51710.0,26164.93
002012.SZ,2023-10-24,5.02,5.26,5.02,5.25,83254.01,43116.44
002012.SZ,2023-10-25,5.25,5.35,5.22,5.3,41259.0,21919.84
002012.SZ,2023-10-26,5.29,5.32,5.21,5.31,49604.01,26159.42
002012.SZ,2023-10-27,5.31,5.4,5.29,5.39,50881.35,27327.28
002012.SZ,2023-10-30,5.4,5.45,5.37,5.43,50585.54,27400.76
002012.SZ,2023-10-31,5.42,5.48,5.4,5.45,43137.0,23478.76
002012.SZ,2023-11-01,5.46,5.54,5.43,5.53,51716.02,28533.58
002012.SZ,2023-11-02,5.53,5.57,5.46,5.46,40430.14,22238.05
002012.SZ,2023-11-03,5.51,5.54,5.46,5.48,30304.02,16696.98
002012.SZ,2023-11-06,5.49,5.56,5.49,5.5,63733.84,35196.12
002012.SZ,2023-11-07,5.49,5.53,5.45,5.51,52918.39,29048.03
002012.SZ,2023-11-08,5.51,5.55,5.48,5.5,39819.86,21962.09
002012.SZ,2023-11-09,5.5,5.55,5.45,5.48,50838.02,27931.29
002012.SZ,2023-11-10,5.46,5.53,5.42,5.51,46105.0,25234.17
002012.SZ,2023-11-13,5.51,5.54,5.4,5.52,81050.02,44361.8
002012.SZ,2023-11-14,5.49,5.51,5.42,5.47,92427.13,50460.84
002012.SZ,2023-11-15,5.49,5.65,5.47,5.59,113855.2,63453.61
002012.SZ,2023-11-16,5.59,5.62,5.53,5.61,58963.01,32922.92
002012.SZ,2023-11-17,5.56,5.64,5.53,5.62,58926.15,32894.5
002012.SZ,2023-11-20,5.65,5.67,5.58,5.66,61383.0,34573.48
002012.SZ,2023-11-21,5.65,5.72,5.63,5.68,71344.0,40484.87
002012.SZ,2023-11-22,5.66,5.72,5.63,5.64,52614.02,29877.75
002012.SZ,2023-11-23,5.64,5.72,5.61,5.67,59305.0,33572.04
002012.SZ,2023-11-24,5.67,5.68,5.58,5.62,55072.35,30955.03
002012.SZ,2023-11-27,5.52,5.6,5.48,5.51,90756.52,50118.52
002012.SZ,2023-11-28,5.5,5.89,5.46,5.69,224548.89,128412.52
002012.SZ,2023-11-29,5.74,5.78,5.64,5.68,147415.01,83834.3
002012.SZ,2023-11-30,5.74,5.74,5.48,5.54,112810.89,62496.17
002012.SZ,2023-12-01,5.54,5.63,5.5,5.6,71399.0,39893.34
002012.SZ,2023-12-04,5.57,5.75,5.53,5.61,122485.82,68868.38
002012.SZ,2023-12-05,5.6,5.61,5.48,5.5,76476.44,42433.09
002012.SZ,2023-12-06,5.51,5.64,5.47,5.61,80299.87,44927.98
002012.SZ,2023-12-07,5.6,5.61,5.5,5.53,61073.82,33816.05
002012.SZ,2023-12-08,5.52,5.55,5.32,5.33,112464.0,61055.36
002012.SZ,2023-12-11,5.3,5.42,5.25,5.39,77973.01,41800.15
002012.SZ,2023-12-12,5.4,5.53,5.34,5.52,66062.0,35865.7
002012.SZ,2023-12-13,5.49,5.59,5.46,5.5,46659.1,25761.6
002012.SZ,2023-12-14,5.49,5.63,5.49,5.57,80353.0,44892.84
002012.SZ,2023-12-15,5.56,5.6,5.5,5.55,52679.0,29193.65
002012.SZ,2023-12-18,5.55,5.55,5.43,5.45,48476.0,26593.4
002012.SZ,2023-12-19,5.52,5.52,5.37,5.43,41172.0,22302.48
002012.SZ,2023-12-20,5.43,5.49,5.38,5.39,37004.0,20101.81
002012.SZ,2023-12-21,5.43,5.51,5.33,5.5,61080.0,33177.14
002012.SZ,2023-12-22,5.49,5.5,5.38,5.42,62448.0,33873.02
002012.SZ,2023-12-25,5.4,5.43,5.27,5.32,49109.0,26114.03
002012.SZ,2023-12-26,5.31,5.32,5.23,5.23,36621.0,19297.89
002012.SZ,2023-12-27,5.23,5.3,5.19,5.28,38319.0,20126.52
002012.SZ,2023-12-28,5.28,5.42,5.25,5.41,52470.99,28156.47
002012.SZ,2023-12-29,5.43,5.72,5.39,5.6,121515.2,67930.08
002012.SZ,2024-01-02,5.65,5.68,5.56,5.64,87448.02,49232.58
002012.SZ,2024-01-03,5.62,5.65,5.57,5.63,66887.0,37583.83
002012.SZ,2024-01-04,5.58,5.65,5.56,5.64,51589.0,28901.62
002012.SZ,2024-01-05,5.64,5.68,5.54,5.58,66034.57,37108.01
002012.SZ,2024-01-08,5.52,5.58,5.43,5.44,66015.01,36357.36
002012.SZ,2024-01-09,5.46,5.56,5.43,5.48,60733.0,33399.29
002012.SZ,2024-01-10,5.47,5.54,5.39,5.47,50184.21,27498.1
002012.SZ,2024-01-11,5.47,5.55,5.44,5.54,42211.8,23247.51
002012.SZ,2024-01-12,5.53,5.6,5.49,5.49,60485.0,33537.9
002012.SZ,2024-01-15,5.51,5.84,5.43,5.63,175767.95,98901.36
002012.SZ,2024-01-16,5.56,6.19,5.56,6.19,842289.69,514448.01
002012.SZ,2024-01-17,6.09,6.6,5.91,6.24,1200659.46,747757.78
002012.SZ,2024-01-18,6.05,6.3,5.85,6.15,807954.35,491083.02
002012.SZ,2024-01-19,6.12,6.27,5.9,5.92,522311.91,314449.85
002012.SZ,2024-01-22,5.88,6.1,5.33,5.33,642719.22,367996.78
002012.SZ,2024-01-23,4.97,5.06,4.8,4.8,514863.93,248607.82
002012.SZ,2024-01-24,4.73,5.14,4.73,5.07,624347.42,310351.99
002012.SZ,2024-01-25,5.08,5.39,5.08,5.27,320847.63,167181.86
002012.SZ,2024-01-26,5.23,5.44,5.22,5.24,233381.01,124170.32
002012.SZ,2024-01-29,5.2,5.25,4.9,4.92,255855.0,128368.42
002012.SZ,2024-01-30,4.9,4.92,4.68,4.7,202570.0,96881.56
002012.SZ,2024-01-31,4.69,4.7,4.28,4.33,228365.0,101620.08
002012.SZ,2024-02-01,4.32,4.37,4.08,4.23,194472.3,81992.26
002012.SZ,2024-02-02,4.26,4.33,3.81,3.94,269580.3,108104.06
002012.SZ,2024-02-05,3.93,3.93,3.55,3.55,208264.0,74970.68
002012.SZ,2024-02-06,3.39,3.61,3.2,3.42,349013.06,115347.89
002012.SZ,2024-02-07,3.43,3.45,3.08,3.13,353168.04,114049.28
002012.SZ,2024-02-08,3.14,3.44,3.05,3.44,136983.41,45427.73
002012.SZ,2024-02-19,3.78,3.78,3.56,3.62,345296.21,125603.82
002012.SZ,2024-02-20,3.68,3.76,3.55,3.73,236408.99,86477.92
002012.SZ,2024-02-21,3.68,3.95,3.65,3.82,289347.46,110722.25
002012.SZ,2024-02-22,3.8,3.99,3.8,3.99,190866.62,74579.07
002012.SZ,2024-02-23,3.99,4.18,3.99,4.18,206420.61,84379.43
002012.SZ,2024-02-26,4.17,4.41,4.1,4.27,224655.47,95663.42
002012.SZ,2024-02-27,4.28,4.38,4.22,4.38,165588.05,71741.54
002012.SZ,2024-02-28,4.41,4.47,3.98,3.99,306095.54,129681.3
002012.SZ,2024-02-29,3.93,4.11,3.89,4.09,227062.0,91756.19
002012.SZ,2024-03-01,4.09,4.15,4.04,4.14,150784.02,61935.93
002012.SZ,2024-03-04,4.15,4.18,3.99,4.1,118893.0,48555.82
002012.SZ,2024-03-05,4.05,4.07,3.99,4.01,122098.0,49198.32
002012.SZ,2024-03-06,3.98,4.11,3.98,4.08,108138.08,43869.99
002012.SZ,2024-03-07,4.1,4.2,4.07,4.09,132316.08,54567.6
002012.SZ,2024-03-08,4.12,4.15,4.05,4.12,101394.0,41653.85
002012.SZ,2024-03-11,4.11,4.2,4.1,4.2,103878.95,43146.62
002012.SZ,2024-03-12,4.23,4.32,4.19,4.32,129304.0,54986.34
002012.SZ,2024-03-13,4.31,4.34,4.22,4.29,117955.02,50432.75
002012.SZ,2024-03-14,4.28,4.32,4.18,4.25,110176.17,46908.61
002012.SZ,2024-03-15,4.23,4.34,4.19,4.33,114031.0,48691.04
002012.SZ,2024-03-18,4.34,4.42,4.33,4.42,109812.12,48127.6
002012.SZ,2024-03-19,4.42,4.49,4.4,4.47,139153.0,61911.31
002012.SZ,2024-03-20,4.46,4.73,4.43,4.65,218125.0,99852.33
002012.SZ,2024-03-21,4.71,4.8,4.53,4.68,209083.2,96803.45
002012.SZ,2024-03-22,4.71,4.79,4.54,4.6,215551.67,100639.91
002012.SZ,2024-03-25,4.55,4.7,4.52,4.55,136631.11,62977.36
002012.SZ,2024-03-26,4.52,4.61,4.45,4.59,98557.78,44662.57
002012.SZ,2024-03-27,4.58,4.58,4.38,4.39,123595.2,55057.26
002012.SZ,2024-03-28,4.34,4.52,4.31,4.44,130488.0,58000.21
002012.SZ,2024-03-29,4.49,4.55,4.37,4.49,159395.0,70861.66
002012.SZ,2024-04-01,4.48,4.55,4.45,4.53,148627.2,67002.3
002012.SZ,2024-04-02,4.54,4.63,4.53,4.62,149180.37,68415.2
002012.SZ,2024-04-03,4.62,4.64,4.51,4.57,92624.0,42247.05
002012.SZ,2024-04-08,4.57,4.57,4.41,4.42,83702.0,37459.03
002012.SZ,2024-04-09,4.42,4.57,4.42,4.56,111537.0,50424.68
002012.SZ,2024-04-10,4.53,4.57,4.33,4.38,115730.0,51027.88
002012.SZ,2024-04-11,4.35,4.47,4.3,4.39,98981.02,43679.91
002012.SZ,2024-04-12,4.39,4.42,4.3,4.32,74974.0,32636.69
002012.SZ,2024-04-15,4.26,4.3,3.9,3.97,231195.52,93068.21
002012.SZ,2024-04-16,3.93,3.93,3.57,3.57,194949.0,71318.05
002012.SZ,2024-04-17,3.6,3.92,3.6,3.92,146564.46,55903.69
002012.SZ,2024-04-18,3.97,3.98,3.76,3.86,120373.0,46423.51
002012.SZ,2024-04-19,3.83,3.91,3.75,3.79,78135.0,29840.27
002012.SZ,2024-04-22,3.75,3.82,3.66,3.74,80537.74,30157.49
002012.SZ,2024-04-23,3.76,3.85,3.75,3.81,81174.0,30894.69
002012.SZ,2024-04-24,3.81,3.92,3.81,3.92,81748.0,31712.92
002012.SZ,2024-04-25,3.92,4.01,3.88,3.98,75216.0,29908.65
002012.SZ,2024-04-26,3.96,3.99,3.87,3.97,84587.0,33404.01
002012.SZ,2024-04-29,3.97,4.08,3.94,4.08,79101.11,31939.5
002012.SZ,2024-04-30,4.1,4.13,4.01,4.06,79788.0,32411.15
002012.SZ,2024-05-06,4.12,4.18,4.1,4.18,82527.39,34193.27
002012.SZ,2024-05-07,4.18,4.19,4.13,4.18,53372.0,22224.94
002012.SZ,2024-05-08,4.18,4.2,4.11,4.12,62228.06,25770.24
002012.SZ,2024-05-09,4.11,4.18,4.1,4.16,67114.52,27933.96
002012.SZ,2024-05-10,4.19,4.21,4.07,4.08,67504.32,27740.67
002012.SZ,2024-05-13,4.05,4.06,3.94,3.97,87123.0,34705.42
002012.SZ,2024-05-14,3.98,4.09,3.98,4.05,68381.54,27593.65
002012.SZ,2024-05-15,4.04,4.07,3.99,4.01,56585.0,22845.23
002012.SZ,2024-05-16,4.02,4.1,4.02,4.08,61502.01,25091.9
002012.SZ,2024-05-17,4.08,4.14,4.06,4.14,58848.0,24152.6
002012.SZ,2024-05-20,4.13,4.16,4.12,4.15,75972.06,31493.39
002012.SZ,2024-05-21,4.18,4.57,4.13,4.35,466428.85,205763.93
002012.SZ,2024-05-22,4.25,4.32,4.21,4.22,332338.5,141011.68
002012.SZ,2024-05-23,4.16,4.19,4.01,4.01,231248.95,94027.81
002012.SZ,2024-05-24,4.02,4.27,4.01,4.02,201874.98,82389.12
002012.SZ,2024-05-27,3.99,4.0,3.87,3.98,143254.62,56357.37
002012.SZ,2024-05-28,3.94,3.95,3.82,3.82,116484.0,45062.17
002012.SZ,2024-05-29,3.81,3.89,3.8,3.83,88980.0,34182.89
002012.SZ,2024-05-30,3.84,3.86,3.78,3.79,68638.0,26168.43
002012.SZ,2024-05-31,3.8,3.85,3.77,3.82,59041.8,22507.96
002012.SZ,2024-06-03,3.85,3.85,3.68,3.72,82098.0,30671.44
002012.SZ,2024-06-04,3.72,3.72,3.58,3.65,78437.02,28441.75
002012.SZ,2024-06-05,3.62,3.63,3.53,3.53,73970.44,26425.69
002012.SZ,2024-06-06,3.52,3.56,3.25,3.32,160946.1,54018.14
002012.SZ,2024-06-07,3.36,3.52,3.36,3.5,104422.0,36005.12
002012.SZ,2024-06-11,3.48,3.48,3.39,3.45,61285.0,21066.83
002012.SZ,2024-06-12,3.45,3.54,3.44,3.53,55381.0,19418.65
002012.SZ,2024-06-13,3.54,3.55,3.48,3.51,49021.0,17169.91
002012.SZ,2024-06-14,3.51,3.52,3.43,3.5,36669.0,12796.44
002012.SZ,2024-06-17,3.49,3.49,3.39,3.42,47873.02,16449.03
002012.SZ,2024-06-18,3.42,3.53,3.41,3.51,58717.11,20442.69
002012.SZ,2024-06-19,3.52,3.55,3.48,3.52,63577.0,22409.46
002012.SZ,2024-06-20,3.51,3.53,3.38,3.41,58173.0,20036.07
002012.SZ,2024-06-21,3.39,3.47,3.35,3.41,38611.0,13155.85
002012.SZ,2024-06-24,3.37,3.38,3.26,3.3,48947.0,16198.03
002012.SZ,2024-06-25,3.31,3.37,3.29,3.32,56152.0,18706.85
002012.SZ,2024-06-26,3.31,3.44,3.29,3.44,47332.0,15896.02
002012.SZ,2024-06-27,3.43,3.48,3.39,3.39,52243.0,17949.18
002012.SZ,2024-06-28,3.37,3.47,3.36,3.41,48462.54,16626.29
002012.SZ,2024-07-01,3.38,3.38,3.07,3.07,70405.0,22042.4
002012.SZ,2024-07-02,2.9,3.25,2.9,3.19,306733.02,93480.51
002012.SZ,2024-07-03,3.13,3.2,3.08,3.13,170966.03,53761.17
002012.SZ,2024-07-04,3.12,3.16,2.99,3.0,112315.02,34250.68
002012.SZ,2024-07-05,2.98,3.1,2.98,3.09,89759.0,27422.34
002012.SZ,2024-07-08,3.09,3.1,3.0,3.02,74780.0,22715.39
002012.SZ,2024-07-09,3.02,3.09,2.96,3.08,71471.03,21704.19
002012.SZ,2024-07-10,3.06,3.07,3.0,3.02,48157.0,14597.64
002012.SZ,2024-07-11,3.06,3.21,3.05,3.17,76159.01,23933.39
002012.SZ,2024-07-12,3.18,3.23,3.15,3.18,47603.0,15176.81
002012.SZ,2024-07-15,3.17,3.18,3.09,3.1,45662.0,14222.72
002012.SZ,2024-07-16,3.1,3.12,3.05,3.07,38338.0,11790.38
002012.SZ,2024-07-17,3.07,3.11,3.02,3.04,45263.0,13816.16
002012.SZ,2024-07-18,3.04,3.04,2.93,2.99,62480.0,18585.56
002012.SZ,2024-07-19,2.99,2.99,2.92,2.95,77509.02,22855.54
002012.SZ,2024-07-22,2.95,3.0,2.89,2.99,87029.0,25595.89
002012.SZ,2024-07-23,2.99,3.08,2.97,2.98,72491.02,21937.38
002012.SZ,2024-07-24,2.95,2.98,2.9,2.9,49357.0,14449.63
002012.SZ,2024-07-25,2.89,2.99,2.88,2.96,52934.0,15584.97
002012.SZ,2024-07-26,2.97,3.03,2.96,3.02,68272.02,20522.91
002012.SZ,2024-07-29,3.02,3.08,2.97,3.03,67766.02,20544.52
002012.SZ,2024-07-30,3.04,3.1,3.03,3.09,55481.7,17079.32
002012.SZ,2024-07-31,3.08,3.28,3.08,3.2,82536.0,26158.9
002012.SZ,2024-08-01,3.19,3.23,3.16,3.18,71122.0,22640.47
002012.SZ,2024-08-02,3.15,3.2,3.14,3.14,43726.0,13857.31
002012.SZ,2024-08-05,3.18,3.19,3.08,3.09,73708.0,23184.23
002012.SZ,2024-08-06,3.1,3.17,3.1,3.17,63938.01,20113.39
002012.SZ,2024-08-07,3.23,3.23,3.15,3.17,48579.02,15375.96
002012.SZ,2024-08-08,3.18,3.2,3.13,3.19,48662.01,15446.15
002012.SZ,2024-08-09,3.2,3.26,3.18,3.2,54533.0,17550.01
002012.SZ,2024-08-12,3.18,3.22,3.16,3.2,45821.0,14596.7
002012.SZ,2024-08-13,3.17,3.2,3.13,3.2,48023.0,15198.6
002012.SZ,2024-08-14,3.21,3.23,3.15,3.16,41235.0,13110.05
002012.SZ,2024-08-15,3.15,3.24,3.12,3.22,67071.0,21428.69
002012.SZ,2024-08-16,3.22,3.26,3.2,3.25,86948.0,28105.89
002012.SZ,2024-08-19,3.27,3.48,3.21,3.39,264563.0,89462.55
002012.SZ,2024-08-20,3.44,3.51,3.32,3.42,199289.0,67931.65
002012.SZ,2024-08-21,3.39,3.46,3.38,3.4,117138.02,39921.73
002012.SZ,2024-08-22,3.38,3.46,3.38,3.4,113552.99,38826.53
002012.SZ,2024-08-23,3.38,3.41,3.32,3.33,79852.0,26732.96
002012.SZ,2024-08-26,3.32,3.5,3.31,3.46,107421.0,36662.27
002012.SZ,2024-08-27,3.47,3.47,3.35,3.36,56365.0,19078.06
002012.SZ,2024-08-28,3.35,3.42,3.3,3.31,71257.0,23909.2
002012.SZ,2024-08-29,3.3,3.38,3.28,3.37,61932.0,20651.38
002012.SZ,2024-08-30,3.37,3.44,3.35,3.4,73738.0,25121.41
002012.SZ,2024-09-02,3.4,3.44,3.35,3.37,59654.0,20310.27
002012.SZ,2024-09-03,3.39,3.45,3.37,3.44,58722.0,20102.2
002012.SZ,2024-09-04,3.44,3.44,3.34,3.38,82531.0,28012.65
002012.SZ,2024-09-05,3.39,3.46,3.38,3.45,67384.0,23072.91
002012.SZ,2024-09-06,3.45,3.45,3.34,3.35,57613.0,19424.79
002012.SZ,2024-09-09,3.35,3.44,3.31,3.4,58880.0,19981.26
002012.SZ,2024-09-10,3.42,3.57,3.39,3.56,110860.0,38496.33
002012.SZ,2024-09-11,3.58,3.74,3.54,3.57,231376.24,83845.77
002012.SZ,2024-09-12,3.56,3.69,3.52,3.68,145908.0,53031.14
002012.SZ,2024-09-13,3.67,3.7,3.63,3.66,89790.0,32863.15
002012.SZ,2024-09-18,3.67,3.67,3.54,3.63,79237.0,28529.64
002012.SZ,2024-09-19,3.64,3.75,3.63,3.73,111570.01,41338.14
002012.SZ,2024-09-20,3.74,3.83,3.7,3.78,110121.0,41481.62
002012.SZ,2024-09-23,3.79,3.79,3.66,3.72,92481.0,34377.85
002012.SZ,2024-09-24,3.74,3.8,3.7,3.75,94845.0,35563.2
002012.SZ,2024-09-25,3.77,3.83,3.7,3.71,126295.0,47616.47
002012.SZ,2024-09-26,3.7,3.79,3.67,3.79,106423.0,39707.41
002012.SZ,2024-09-27,3.83,4.08,3.83,3.91,168420.02,65880.95
002012.SZ,2024-09-30,3.98,4.3,3.94,4.3,346245.03,144044.59
002012.SZ,2024-10-08,4.73,4.73,4.36,4.58,383323.81,174736.07
002012.SZ,2024-10-09,4.59,4.6,4.24,4.25,240232.0,106341.2
002012.SZ,2024-10-10,4.31,4.44,4.14,4.25,217568.01,93848.35
002012.SZ,2024-10-11,4.26,4.32,4.17,4.25,162119.85,68728.27
002012.SZ,2024-10-14,4.23,4.37,4.21,4.3,101958.01,43760.59
002012.SZ,2024-10-15,4.3,4.46,4.24,4.31,149433.0,65146.62
002012.SZ,2024-10-16,4.3,4.49,4.27,4.45,163087.04,71643.51
002012.SZ,2024-10-17,4.46,4.8,4.46,4.68,322907.04,150951.26
002012.SZ,2024-10-18,4.64,4.97,4.55,4.86,314993.83,151953.44
002012.SZ,2024-10-21,4.85,4.87,4.5,4.66,312374.03,146092.65
002012.SZ,2024-10-22,4.66,4.76,4.52,4.63,198033.0,91546.87
002012.SZ,2024-10-23,4.59,5.03,4.56,4.96,362020.82,172237.21
002012.SZ,2024-10-24,4.93,5.18,4.77,4.86,328897.06,163983.03
002012.SZ,2024-10-25,4.89,5.19,4.89,5.18,310288.0,157774.23
002012.SZ,2024-10-28,5.18,5.28,5.08,5.18,200189.08,103497.46
002012.SZ,2024-10-29,5.21,5.33,5.15,5.26,182196.11,95333.79
002012.SZ,2024-10-30,5.23,5.26,5.08,5.13,151400.88,78137.63
002012.SZ,2024-10-31,5.08,5.34,5.06,5.15,172438.81,88776.83
002012.SZ,2024-11-01,5.15,5.16,4.93,4.93,198737.58,100059.18
002012.SZ,2024-11-04,4.93,5.03,4.91,4.96,94706.0,47003.1
002012.SZ,2024-11-05,4.95,5.21,4.94,5.12,159774.72,81135.94
002012.SZ,2024-11-06,5.12,5.38,5.08,5.36,221922.6,116834.48
002012.SZ,2024-11-07,5.39,5.61,5.31,5.51,190460.63,104335.24
002012.SZ,2024-11-08,5.55,5.63,5.44,5.54,166142.01,91623.89
002012.SZ,2024-11-11,5.52,5.75,5.5,5.67,145150.02,81953.81
002012.SZ,2024-11-12,5.67,5.95,5.61,5.84,192527.0,111548.46
002012.SZ,2024-11-13,5.84,5.84,5.55,5.7,215479.1,121923.49
002012.SZ,2024-11-14,5.68,5.71,5.44,5.48,129368.01,71894.61
002012.SZ,2024-11-15,5.43,5.62,5.41,5.44,107475.0,59595.3
002012.SZ,2024-11-18,5.53,5.59,5.28,5.3,114116.13,61651.19
002012.SZ,2024-11-19,5.32,5.45,5.27,5.41,105604.56,56543.07
002012.SZ,2024-11-20,5.45,5.54,5.41,5.5,103411.0,56717.49
002012.SZ,2024-11-21,5.52,5.7,5.5,5.64,107031.51,59938.17
002012.SZ,2024-11-22,5.6,5.71,5.4,5.43,117056.0,65478.47
002012.SZ,2024-11-25,5.55,5.67,5.45,5.63,129337.0,72042.65
002012.SZ,2024-11-26,5.6,5.68,5.49,5.54,91355.02,50749.97
002012.SZ,2024-11-27,5.47,5.63,5.4,5.63,96669.34,53157.24
002012.SZ,2024-11-28,5.6,5.78,5.58,5.75,123797.05,70817.27
002012.SZ,2024-11-29,5.74,5.87,5.72,5.82,100161.0,58060.03
002012.SZ,2024-12-02,5.8,5.92,5.72,5.75,132355.01,76775.14
002012.SZ,2024-12-03,5.75,5.87,5.71,5.86,100838.0,58757.23
002012.SZ,2024-12-04,5.85,5.86,5.6,5.67,124567.0,71151.62
002012.SZ,2024-12-05,5.67,5.72,5.63,5.68,80478.75,45641.02
002012.SZ,2024-12-06,5.7,5.7,5.59,5.67,75616.25,42683.96
002012.SZ,2024-12-09,5.67,5.73,5.52,5.63,110236.2,61879.99
002012.SZ,2024-12-10,5.73,5.78,5.58,5.61,126673.0,71723.65
002012.SZ,2024-12-11,5.62,5.73,5.6,5.72,115846.0,65948.03
002012.SZ,2024-12-12,5.72,6.25,5.68,6.12,267246.51,160346.27
002012.SZ,2024-12-13,6.12,6.19,6.0,6.04,165499.02,100431.26
002012.SZ,2024-12-16,6.04,6.12,5.9,5.95,115811.01,69675.85
002012.SZ,2024-12-17,5.95,5.97,5.64,5.66,160925.0,92979.91
002012.SZ,2024-12-18,5.64,5.74,5.49,5.6,98443.0,55286.8
002012.SZ,2024-12-19,5.56,5.61,5.39,5.58,119525.66,65687.45
002012.SZ,2024-12-20,5.56,5.79,5.54,5.57,83103.66,46624.48
002012.SZ,2024-12-23,5.6,5.61,5.11,5.11,175956.63,92856.73
002012.SZ,2024-12-24,5.19,5.3,5.03,5.1,121741.0,62373.39
002012.SZ,2024-12-25,5.13,5.15,4.84,5.01,156954.0,77795.07
002012.SZ,2024-12-26,5.01,5.16,4.99,5.07,89901.0,45706.73
002012.SZ,2024-12-27,5.07,5.4,5.01,5.4,151969.0,80315.21
002012.SZ,2024-12-30,5.38,5.59,5.32,5.38,176887.0,96687.34
002012.SZ,2024-12-31,5.45,5.46,5.13,5.16,104076.0,54877.413
002012.SZ,2025-01-02,5.12,5.31,5.09,5.12,101205.51,52388.8
002012.SZ,2025-01-03,5.15,5.17,4.61,4.61,284791.0,136710.57
002012.SZ,2025-01-06,4.55,4.62,4.25,4.39,270257.0,120718.11
002012.SZ,2025-01-07,4.47,4.62,4.32,4.58,208073.0,92937.89
002012.SZ,2025-01-08,4.61,4.63,4.36,4.45,156795.05,69764.85
002012.SZ,2025-01-09,4.46,4.55,4.4,4.5,110577.0,49790.55
002012.SZ,2025-01-10,4.54,4.54,4.33,4.34,114586.0,50597.0
002012.SZ,2025-01-13,4.32,4.55,4.21,4.46,155226.07,68534.94
002012.SZ,2025-01-14,4.5,4.7,4.41,4.68,134855.59,62220.44
002012.SZ,2025-01-15,4.68,4.73,4.6,4.68,88266.0,41074.34
002012.SZ,2025-01-16,4.72,4.77,4.64,4.75,82858.0,39061.05
002012.SZ,2025-01-17,4.76,4.83,4.67,4.79,86832.01,41401.17
002012.SZ,2025-01-20,4.85,4.97,4.75,4.88,86356.48,42162.14
002012.SZ,2025-01-21,4.94,4.96,4.65,4.77,118703.59,56616.92
002012.SZ,2025-01-22,4.72,4.75,4.66,4.69,63618.59,29902.86
002012.SZ,2025-01-23,4.72,4.79,4.62,4.63,70361.0,33192.88
002012.SZ,2025-01-24,4.64,4.88,4.63,4.85,132105.2,62836.29
002012.SZ,2025-01-27,4.91,5.19,4.86,4.96,153288.66,76852.52
002012.SZ,2025-02-05,4.98,5.05,4.88,4.89,75845.0,37542.92
002012.SZ,2025-02-06,4.92,4.93,4.81,4.91,74916.32,36588.31
002012.SZ,2025-02-07,4.91,5.03,4.87,4.93,83134.0,41286.66
002012.SZ,2025-02-10,4.96,5.0,4.92,4.97,78199.5,38720.17
002012.SZ,2025-02-11,4.98,5.05,4.9,4.95,70345.22,34846.87
002012.SZ,2025-02-12,4.95,4.98,4.86,4.9,66125.0,32469.45
002012.SZ,2025-02-13,4.9,4.95,4.8,4.82,60953.41,29520.3
002012.SZ,2025-02-14,4.81,4.87,4.73,4.75,71841.0,34406.52
002012.SZ,2025-02-17,4.75,4.94,4.74,4.88,95713.0,46431.66
002012.SZ,2025-02-18,4.91,4.91,4.63,4.64,103545.0,49145.71
002012.SZ,2025-02-19,4.68,4.75,4.66,4.75,57781.17,27237.47
002012.SZ,2025-02-20,4.74,4.8,4.69,4.74,62608.04,29626.97
002012.SZ,2025-02-21,4.75,4.76,4.65,4.65,104039.29,48779.0
002012.SZ,2025-02-24,4.66,4.76,4.63,4.69,114853.26,53851.67
002012.SZ,2025-02-25,4.67,4.75,4.61,4.64,77278.0,36011.96
002012.SZ,2025-02-26,4.66,4.78,4.61,4.73,86050.3,40714.3
002012.SZ,2025-02-27,4.75,4.77,4.6,4.69,74518.0,34762.52
002012.SZ,2025-02-28,4.69,4.7,4.58,4.59,115963.01,53412.03
002012.SZ,2025-03-03,4.64,4.71,4.56,4.58,131129.0,60881.38
002012.SZ,2025-03-04,4.55,4.64,4.55,4.63,58970.0,27145.7
002012.SZ,2025-03-05,4.6,4.62,4.5,4.59,78410.0,35690.24
002012.SZ,2025-03-06,4.59,4.74,4.57,4.7,126241.78,58947.73
002012.SZ,2025-03-07,4.74,4.75,4.61,4.68,73324.0,34357.46
002012.SZ,2025-03-10,4.73,4.75,4.63,4.68,75804.0,35431.2
002012.SZ,2025-03-11,4.64,4.73,4.6,4.71,63867.0,29768.65
002012.SZ,2025-03-12,4.71,4.73,4.66,4.68,66796.0,31301.2
002012.SZ,2025-03-13,4.65,4.7,4.54,4.64,110736.0,50910.23
002012.SZ,2025-03-14,4.64,4.75,4.58,4.74,119234.44,55849.97
002012.SZ,2025-03-17,4.75,4.82,4.72,4.8,94966.86,45435.31
002012.SZ,2025-03-18,4.8,4.83,4.76,4.79,68820.86,32989.52
002012.SZ,2025-03-19,4.8,4.84,4.71,4.75,67350.01,32106.7
002012.SZ,2025-03-20,4.76,4.97,4.71,4.83,163918.01,79686.42
002012.SZ,2025-03-21,4.81,4.85,4.73,4.78,95768.02,45850.08
002012.SZ,2025-03-24,4.76,4.78,4.51,4.58,136173.01,62729.2
002012.SZ,2025-03-25,4.6,4.62,4.46,4.54,103859.62,47055.01
002012.SZ,2025-03-26,4.55,4.82,4.55,4.77,144893.0,68550.34
002012.SZ,2025-03-27,4.76,4.82,4.65,4.77,106498.0,50518.92
002012.SZ,2025-03-28,4.76,4.79,4.65,4.66,95492.0,44937.36
002012.SZ,2025-03-31,4.66,4.67,4.52,4.59,87945.0,40323.95
002012.SZ,2025-04-01,4.6,4.75,4.6,4.66,109178.01,50995.38
002012.SZ,2025-04-02,4.65,4.83,4.61,4.73,121716.15,57592.64
002012.SZ,2025-04-03,4.7,4.8,4.66,4.78,96054.2,45439.59
002012.SZ,2025-04-07,4.59,4.63,4.3,4.3,135595.0,59145.41
002012.SZ,2025-04-08,4.11,4.26,3.98,4.15,166173.76,68387.26
002012.SZ,2025-04-09,4.13,4.25,3.9,4.21,147383.2,59749.11
002012.SZ,2025-04-10,4.26,4.42,4.26,4.37,92332.0,40234.26
002012.SZ,2025-04-11,4.31,4.45,4.31,4.41,65409.0,28844.08
002012.SZ,2025-04-14,4.49,4.57,4.46,4.54,67487.53,30536.56
002012.SZ,2025-04-15,4.59,4.59,4.51,4.53,95535.77,43399.17
002012.SZ,2025-04-16,4.54,4.55,4.33,4.41,89728.54,39671.32
002012.SZ,2025-04-17,4.38,4.52,4.38,4.46,69705.76,31113.14
002012.SZ,2025-04-18,4.58,4.64,4.44,4.48,105033.0,47373.26
002012.SZ,2025-04-21,4.46,4.58,4.42,4.56,92499.0,41823.29
002012.SZ,2025-04-22,4.58,4.66,4.55,4.61,76460.0,35175.97
002012.SZ,2025-04-23,4.61,4.65,4.57,4.62,70846.0,32672.01
002012.SZ,2025-04-24,4.58,4.63,4.54,4.59,67301.0,30872.84
002012.SZ,2025-04-25,4.6,4.65,4.54,4.55,64447.9,29630.85
002012.SZ,2025-04-28,4.55,4.56,4.41,4.49,62944.0,28177.25
002012.SZ,2025-04-29,4.46,4.66,4.46,4.62,92588.24,42702.62
002012.SZ,2025-04-30,4.62,4.7,4.62,4.65,60553.0,28300.69
002012.SZ,2025-05-06,4.72,4.82,4.69,4.8,103594.02,49432.3
002012.SZ,2025-05-07,4.83,4.84,4.73,4.78,106754.9,51047.49
002012.SZ,2025-05-08,4.75,4.84,4.74,4.81,80770.0,38838.31
002012.SZ,2025-05-09,4.84,4.87,4.76,4.8,96452.0,46386.71
002012.SZ,2025-05-12,4.81,4.86,4.75,4.82,76805.0,36920.04
002012.SZ,2025-05-13,4.84,4.89,4.77,4.8,100095.54,48407.08
002012.SZ,2025-05-14,4.82,4.92,4.78,4.82,141173.08,68174.1
002012.SZ,2025-05-15,4.81,4.88,4.74,4.81,101921.03,48959.19
002012.SZ,2025-05-16,4.81,4.84,4.77,4.79,49306.03,23678.17
002012.SZ,2025-05-19,4.79,4.95,4.78,4.93,116253.09,56916.59
002012.SZ,2025-05-20,4.99,4.99,4.88,4.98,99532.69,49320.36
002012.SZ,2025-05-21,5.0,5.0,4.88,4.95,80016.0,39484.17
002012.SZ,2025-05-22,4.91,4.99,4.84,4.92,113731.06,55808.51
002012.SZ,2025-05-23,4.91,5.02,4.85,4.87,105490.18,51929.19
002012.SZ,2025-05-26,4.88,4.95,4.84,4.88,80244.0,39239.0
002012.SZ,2025-05-27,4.88,4.94,4.86,4.94,75089.02,36808.03
002012.SZ,2025-05-28,4.94,4.95,4.86,4.91,66033.0,32382.57
002012.SZ,2025-05-29,4.91,4.96,4.88,4.95,69238.02,34171.21
002012.SZ,2025-05-30,4.97,4.98,4.89,4.97,71018.0,35047.18
002012.SZ,2025-06-03,4.95,5.23,4.93,5.17,176729.95,90498.87
002012.SZ,2025-06-04,5.19,5.32,5.16,5.24,128211.42,66956.7
002012.SZ,2025-06-05,5.24,5.49,5.21,5.45,202520.99,108730.28
002012.SZ,2025-06-06,5.44,5.71,5.42,5.65,264962.02,148743.49
002012.SZ,2025-06-09,5.59,5.65,5.42,5.64,189307.02,105217.45
002012.SZ,2025-06-10,5.61,5.68,5.45,5.52,147686.59,82037.94
002012.SZ,2025-06-11,5.52,6.03,5.5,5.68,259554.75,149760.46
002012.SZ,2025-06-12,5.64,5.72,5.57,5.66,132503.21,74566.96
002012.SZ,2025-06-13,5.64,5.75,5.53,5.67,124420.62,70189.28
002012.SZ,2025-06-16,5.63,5.69,5.53,5.67,112242.0,62805.64
002012.SZ,2025-06-17,5.66,5.76,5.61,5.65,107787.0,61131.41
002012.SZ,2025-06-18,5.67,5.67,5.48,5.54,110869.0,61394.14
002012.SZ,2025-06-19,5.58,5.6,5.42,5.44,77188.4,42424.27
002012.SZ,2025-06-20,5.44,5.5,5.35,5.39,87044.02,47238.84
002012.SZ,2025-06-23,5.34,5.53,5.32,5.53,87294.0,47848.44
002012.SZ,2025-06-24,5.53,5.59,5.5,5.54,96280.0,53448.78
002012.SZ,2025-06-25,5.52,5.57,5.46,5.51,84254.0,46409.12
002012.SZ,2025-06-26,5.47,5.54,5.44,5.49,63611.0,34971.22
002012.SZ,2025-06-27,5.5,5.56,5.43,5.45,62329.0,34148.26
002012.SZ,2025-06-30,5.46,5.76,5.41,5.66,139163.75,78429.71
002012.SZ,2025-07-01,5.67,5.8,5.65,5.71,110971.0,63507.49
002012.SZ,2025-07-02,5.66,5.84,5.66,5.78,123258.0,71143.02
002012.SZ,2025-07-03,5.79,5.8,5.56,5.57,158920.02,89335.8
002012.SZ,2025-07-04,5.58,5.58,5.45,5.53,134079.01,73873.68
002012.SZ,2025-07-07,5.52,5.59,5.48,5.56,77319.0,42946.1
002012.SZ,2025-07-08,5.59,5.67,5.54,5.55,117610.01,65852.26
002012.SZ,2025-07-09,5.56,5.6,5.4,5.44,130085.0,71387.14
002012.SZ,2025-07-10,5.45,5.47,5.39,5.45,95721.01,52047.26
002012.SZ,2025-07-11,5.45,5.46,5.22,5.28,169447.0,89695.17
002012.SZ,2025-07-14,5.35,5.43,5.32,5.39,109169.0,58643.67
002012.SZ,2025-07-15,5.34,5.41,5.25,5.33,95852.0,50898.89
002012.SZ,2025-07-16,5.4,5.41,5.28,5.31,63993.0,34100.16
002012.SZ,2025-07-17,5.32,5.36,5.25,5.31,74282.0,39393.16
002012.SZ,2025-07-18,5.34,5.34,5.27,5.32,66058.1,35055.85
002012.SZ,2025-07-21,5.35,5.47,5.32,5.45,98016.1,53194.07
002012.SZ,2025-07-22,5.46,5.48,5.33,5.37,94170.0,50642.24
002012.SZ,2025-07-23,5.41,5.42,5.28,5.29,80764.0,43041.82
002012.SZ,2025-07-24,5.3,5.32,5.26,5.3,79362.0,41979.25
002012.SZ,2025-07-25,5.3,5.35,5.27,5.3,93447.29,49612.48
002012.SZ,2025-07-28,5.34,5.83,5.31,5.83,347168.77,195374.84
002012.SZ,2025-07-29,5.68,5.95,5.6,5.78,622584.28,357825.0
002012.SZ,2025-07-30,5.73,5.77,5.58,5.62,318302.28,179638.61
002012.SZ,2025-07-31,5.55,5.63,5.41,5.42,247396.28,136343.03
002012.SZ,2025-08-01,5.45,5.96,5.4,5.96,322201.01,184612.68
002012.SZ,2025-08-04,6.19,6.56,6.04,6.31,994140.1,624568.48
002012.SZ,2025-08-05,6.08,6.42,6.08,6.4,741198.92,461889.76
002012.SZ,2025-08-06,6.21,6.4,6.16,6.22,534695.18,334582.78
002012.SZ,2025-08-07,6.3,6.79,6.23,6.53,705091.04,452785.95
002012.SZ,2025-08-08,6.42,6.69,6.3,6.6,511668.0,330513.47
002012.SZ,2025-08-11,6.55,6.7,6.35,6.38,515227.14,334099.08
002012.SZ,2025-08-12,6.39,6.42,6.24,6.37,325987.1,206392.51
002012.SZ,2025-08-13,6.34,6.48,6.29,6.44,298574.02,191016.14
002012.SZ,2025-08-14,6.4,6.42,6.04,6.1,411458.77,254019.06
002012.SZ,2025-08-15,6.16,6.18,6.06,6.13,240662.76,147491.32
002012.SZ,2025-08-18,6.19,6.23,6.06,6.08,232954.0,142881.79
002012.SZ,2025-08-19,6.16,6.2,5.98,6.08,282519.0,171726.79
002012.SZ,2025-08-20,6.08,6.1,6.0,6.06,162353.02,98095.3
002012.SZ,2025-08-21,6.07,6.35,6.03,6.07,351687.0,216747.04
002012.SZ,2025-08-22,6.07,6.11,5.9,5.95,271837.0,162068.31
002012.SZ,2025-08-25,5.95,6.02,5.87,6.0,214102.0,127822.75
002012.SZ,2025-08-26,6.05,6.09,5.96,6.05,160204.01,96759.17
002012.SZ,2025-08-27,6.05,6.07,5.74,5.75,249991.0,147097.37
002012.SZ,2025-08-28,5.75,6.17,5.51,6.03,311603.0,181319.9
002012.SZ,2025-08-29,5.9,5.95,5.8,5.8,157779.01,92573.64
002012.SZ,2025-09-01,5.8,5.87,5.79,5.86,133875.0,78067.34
002012.SZ,2025-09-02,5.83,5.83,5.6,5.68,149407.0,84979.37
002012.SZ,2025-09-03,5.69,5.73,5.55,5.56,101638.0,57168.44
002012.SZ,2025-09-04,5.65,5.71,5.56,5.63,168236.02,95176.93
002012.SZ,2025-09-05,5.65,5.69,5.55,5.68,120120.02,67756.42
002012.SZ,2025-09-08,5.68,5.8,5.67,5.79,100367.0,57556.46
002012.SZ,2025-09-09,5.77,5.85,5.71,5.76,93351.02,53886.05
002012.SZ,2025-09-10,5.76,5.92,5.76,5.9,138401.64,81003.9
002012.SZ,2025-09-11,5.93,5.95,5.79,5.91,122749.5,72019.93
002012.SZ,2025-09-12,5.92,5.94,5.81,5.83,110329.02,64675.65
002012.SZ,2025-09-15,5.8,5.83,5.68,5.78,105396.0,60557.38
002012.SZ,2025-09-16,5.76,5.84,5.73,5.81,83933.0,48601.58
002012.SZ,2025-09-17,5.81,5.85,5.75,5.75,101579.0,58913.18
002012.SZ,2025-09-18,5.77,5.92,5.69,5.85,201213.0,117133.06
002012.SZ,2025-09-19,5.86,6.08,5.63,5.82,366174.0,215530.43
002012.SZ,2025-09-22,5.8,5.83,5.57,5.59,191193.64,108110.08
002012.SZ,2025-09-23,5.6,5.63,5.48,5.55,104550.0,57887.88
002012.SZ,2025-09-24,5.51,5.62,5.48,5.58,88568.0,49291.62
002012.SZ,2025-09-25,5.57,5.65,5.5,5.53,86018.0,48085.54
002012.SZ,2025-09-26,5.54,5.62,5.46,5.55,86947.02,48298.61
002012.SZ,2025-09-29,5.58,5.64,5.43,5.52,147632.0,81995.6
002012.SZ,2025-09-30,5.55,5.56,5.47,5.49,75718.0,41700.33
002012.SZ,2025-10-09,5.57,5.57,5.41,5.42,109422.02,59743.12
002012.SZ,2025-10-10,5.43,5.58,5.4,5.54,130741.03,72212.12
002012.SZ,2025-10-13,5.27,5.55,5.27,5.53,119294.0,64976.92
002012.SZ,2025-10-14,5.54,5.63,5.47,5.49,94353.88,52379.73
002012.SZ,2025-10-15,5.51,5.63,5.47,5.59,95895.0,53395.21
002012.SZ,2025-10-16,5.59,5.59,5.45,5.46,95083.01,52308.75
002012.SZ,2025-10-17,5.45,5.52,5.37,5.4,74871.0,40780.79
002012.SZ,2025-10-20,5.45,5.52,5.44,5.52,93696.0,51409.85
002012.SZ,2025-10-21,5.53,5.66,5.49,5.66,108178.01,60520.24
002012.SZ,2025-10-22,5.66,5.71,5.61,5.67,72722.03,41256.74
002012.SZ,2025-10-23,5.68,5.78,5.63,5.76,107737.02,61533.19
002012.SZ,2025-10-24,5.77,5.86,5.73,5.78,102786.0,59568.21
002012.SZ,2025-10-27,5.82,5.84,5.73,5.78,78349.4,45277.07
002012.SZ,2025-10-28,5.78,5.83,5.73,5.78,61634.38,35720.17
002012.SZ,2025-10-29,5.77,5.79,5.67,5.73,74288.39,42545.52
002012.SZ,2025-10-30,5.74,5.83,5.71,5.73,102307.02,58988.16
002012.SZ,2025-10-31,5.72,5.81,5.68,5.79,95746.0,55381.75
002012.SZ,2025-11-03,5.79,5.92,5.79,5.91,107085.02,62781.94
002012.SZ,2025-11-04,5.93,6.0,5.89,5.99,131541.0,78415.69
002012.SZ,2025-11-05,5.96,6.05,5.93,6.02,139766.41,83910.74
002012.SZ,2025-11-06,6.02,6.02,5.93,5.97,75725.75,45234.66
002012.SZ,2025-11-07,5.97,6.02,5.95,5.99,77521.73,46441.45
002012.SZ,2025-11-10,5.98,6.02,5.96,5.97,75170.0,45016.92
002012.SZ,2025-11-11,5.99,6.01,5.96,5.99,76614.0,45890.77
002012.SZ,2025-11-12,6.0,6.07,5.97,6.02,102523.8,61656.42
002012.SZ,2025-11-13,6.03,6.1,5.99,6.09,148477.0,89973.95
002012.SZ,2025-11-14,6.06,6.28,6.05,6.24,245847.0,152640.16
002012.SZ,2025-11-17,6.18,6.26,6.13,6.19,152474.0,94215.92
002012.SZ,2025-11-18,6.19,6.19,6.01,6.05,140497.3,85421.28
002012.SZ,2025-11-19,6.03,6.09,5.93,6.07,148375.12,88868.33
002012.SZ,2025-11-20,6.15,6.51,6.0,6.03,319555.0,196529.15
002012.SZ,2025-11-21,6.11,6.25,5.73,5.74,296828.0,176634.51
002012.SZ,2025-11-24,5.78,5.97,5.75,5.85,179115.0,104733.19
002012.SZ,2025-11-25,5.92,6.25,5.83,6.25,259544.32,158419.43
002012.SZ,2025-11-26,6.44,6.48,6.06,6.06,371714.02,230478.54
002012.SZ,2025-11-27,6.08,6.36,6.05,6.32,353861.94,220089.08
002012.SZ,2025-11-28,6.2,6.45,6.16,6.33,236325.24,148333.17
002012.SZ,2025-12-01,6.32,6.47,6.25,6.37,195237.02,124568.69
002012.SZ,2025-12-02,6.37,6.6,6.25,6.44,251490.0,161522.37
002012.SZ,2025-12-03,6.44,6.5,6.3,6.34,166554.0,105924.75
002012.SZ,2025-12-04,6.31,6.33,6.15,6.27,111897.0,69937.74
002012.SZ,2025-12-05,6.27,6.9,6.19,6.48,766933.94,504324.84
002012.SZ,2025-12-08,6.44,6.58,6.38,6.53,519502.96,336347.11
002012.SZ,2025-12-09,6.5,6.51,6.34,6.34,263764.61,168611.41
002012.SZ,2025-12-10,6.37,6.41,6.2,6.24,201030.0,125927.54
002012.SZ,2025-12-11,6.22,6.25,5.98,5.99,198737.94,120316.83
002012.SZ,2025-12-12,6.01,6.02,5.78,5.78,204375.02,120252.84
002012.SZ,2025-12-15,5.77,5.93,5.65,5.91,162975.02,94824.6
002012.SZ,2025-12-16,5.89,5.9,5.68,5.74,130682.7,75204.4
002012.SZ,2025-12-17,5.71,5.87,5.69,5.8,133815.21,77174.51
002012.SZ,2025-12-18,5.8,6.09,5.76,5.96,164876.0,97536.71
002012.SZ,2025-12-19,5.96,6.25,5.95,6.24,209992.0,129335.83
002012.SZ,2025-12-22,6.24,6.28,6.14,6.22,134798.0,83730.01
002012.SZ,2025-12-23,6.22,6.27,6.11,6.24,121020.3,75086.61
002012.SZ,2025-12-24,6.24,6.41,6.19,6.39,156362.02,99308.84
002012.SZ,2025-12-25,6.4,6.7,6.39,6.6,228540.74,150548.45
002012.SZ,2025-12-26,6.56,6.6,6.39,6.41,161990.0,105050.84
002012.SZ,2025-12-29,6.44,6.49,6.29,6.42,118925.2,75958.07
002012.SZ,2025-12-30,6.41,6.56,6.33,6.38,112776.0,72558.55
002012.SZ,2025-12-31,6.41,6.45,6.29,6.45,126627.02,80594.533
002012.SZ,2026-01-05,6.45,6.47,6.3,6.31,141139.2,89672.11
002012.SZ,2026-01-06,6.35,6.41,6.29,6.31,117544.02,74498.15
002012.SZ,2026-01-07,6.31,6.39,6.26,6.32,101826.0,64313.5
002012.SZ,2026-01-08,6.29,6.43,6.27,6.35,121202.0,76979.43
002012.SZ,2026-01-09,6.36,6.41,6.27,6.37,140437.7,88733.82
002012.SZ,2026-01-12,6.4,6.42,6.3,6.33,131114.0,83181.26
002012.SZ,2026-01-13,6.33,6.43,6.29,6.32,154758.0,98255.33
002012.SZ,2026-01-14,6.32,6.33,6.09,6.17,187986.79,116487.01
002012.SZ,2026-01-15,6.17,6.23,6.1,6.13,106644.0,65677.89
002012.SZ,2026-01-16,6.15,6.16,6.0,6.02,102445.3,62023.01
002012.SZ,2026-01-19,6.02,6.22,5.81,6.22,110430.79,67900.73
002012.SZ,2026-01-20,6.25,6.25,6.14,6.17,80017.0,49535.05
002012.SZ,2026-01-21,6.13,6.26,6.09,6.26,80683.79,50119.49
002012.SZ,2026-01-22,6.28,6.3,6.22,6.3,92904.0,58183.38
002012.SZ,2026-01-23,6.31,6.31,6.19,6.24,86680.79,53918.35
002012.SZ,2026-01-26,6.24,6.26,6.11,6.16,96776.0,59829.51
002012.SZ,2026-01-27,6.15,6.19,5.95,6.09,96039.02,58149.16
002012.SZ,2026-01-28,6.09,6.14,6.01,6.05,88974.23,53942.64
002012.SZ,2026-01-29,6.01,6.66,5.96,6.27,425196.2,270114.27
002012.SZ,2026-01-30,6.22,6.5,6.22,6.44,450147.39,288316.71
002012.SZ,2026-02-02,6.43,6.48,6.27,6.28,234920.2,149692.51
002012.SZ,2026-02-03,6.35,6.91,6.32,6.91,359392.36,239094.83
002012.SZ,2026-02-04,7.28,7.4,6.8,6.82,691744.96,479780.39
002012.SZ,2026-02-05,6.74,6.86,6.7,6.72,302026.0,204400.72
002012.SZ,2026-02-06,6.69,6.79,6.61,6.7,210704.0,141637.02
002012.SZ,2026-02-09,6.77,7.01,6.74,6.92,282635.8,194926.56
002012.SZ,2026-02-10,6.93,7.02,6.86,6.97,224783.8,156453.4
002012.SZ,2026-02-11,6.96,7.67,6.92,7.39,571810.48,421495.46
002012.SZ,2026-02-12,7.58,7.66,7.34,7.43,410027.0,306271.82
002012.SZ,2026-02-13,7.55,7.57,7.26,7.29,238300.8,175921.59
002012.SZ,2026-02-24,7.35,7.49,7.25,7.38,207979.0,153304.2
002012.SZ,2026-02-25,7.41,7.57,7.33,7.38,227414.0,169489.1
002012.SZ,2026-02-26,7.38,7.44,7.17,7.2,253565.0,184249.51
002012.SZ,2026-02-27,7.17,7.44,7.12,7.38,217237.28,158559.99
002012.SZ,2026-03-02,7.27,7.32,7.07,7.24,204569.0,147283.52
002012.SZ,2026-03-03,7.2,7.32,7.03,7.05,213990.75,153073.27
002012.SZ,2026-03-04,6.95,7.18,6.95,7.02,151272.75,106686.75
002012.SZ,2026-03-05,7.15,7.34,7.07,7.21,158927.11,114100.48
002012.SZ,2026-03-06,7.15,7.23,7.14,7.19,102056.11,73376.99
002012.SZ,2026-03-09,7.02,7.34,7.02,7.24,155645.02,111575.14
002012.SZ,2026-03-10,7.31,7.41,7.21,7.26,146058.01,106631.25
002012.SZ,2026-03-11,7.27,7.37,7.15,7.28,161445.0,117201.62
002012.SZ,2026-03-12,7.26,7.62,7.22,7.3,231655.1,171400.44
002012.SZ,2026-03-13,7.25,7.37,7.11,7.15,167984.0,121613.03
002012.SZ,2026-03-16,7.11,7.22,7.0,7.15,109056.0,77714.55
002012.SZ,2026-03-17,7.21,7.24,7.03,7.04,109528.0,77985.59
002012.SZ,2026-03-18,7.04,7.21,6.99,7.17,116690.0,83130.95
002012.SZ,2026-03-19,7.09,7.14,6.9,6.95,117805.25,82538.07
002012.SZ,2026-03-20,6.97,7.05,6.74,6.75,124664.25,85967.96
002012.SZ,2026-03-23,6.55,6.68,6.29,6.34,175759.01,114178.87
002012.SZ,2026-03-24,6.48,6.62,6.37,6.6,153796.0,99774.58
002012.SZ,2026-03-25,6.65,6.72,6.55,6.6,113030.0,74890.42
002012.SZ,2026-03-26,6.63,7.02,6.57,6.61,269423.0,181648.01
002012.SZ,2026-03-27,6.52,6.88,6.48,6.76,202714.3,136851.79
002012.SZ,2026-03-30,6.71,6.8,6.59,6.68,142047.1,94996.88
002012.SZ,2026-03-31,6.71,6.73,6.4,6.42,120714.7,78919.09
002012.SZ,2026-04-01,6.52,6.69,6.44,6.53,107229.0,69916.38
002012.SZ,2026-04-02,6.57,6.57,6.34,6.42,104000.0,66860.59
002012.SZ,2026-04-03,6.47,6.48,6.16,6.19,114000.0,71049.58
002012.SZ,2026-04-07,6.27,6.47,6.18,6.4,108581.0,69010.16
002012.SZ,2026-04-08,6.49,6.64,6.47,6.64,101775.0,66738.58
002012.SZ,2026-04-09,6.64,6.65,6.52,6.63,100749.0,66330.86
002012.SZ,2026-04-10,6.67,6.94,6.66,6.82,206309.0,140542.11
002012.SZ,2026-04-13,6.77,7.05,6.71,7.01,203731.0,140948.06
002012.SZ,2026-04-14,6.99,7.19,6.48,7.04,341318.0,236132.29
002012.SZ,2026-04-15,7.11,7.16,6.95,7.08,160666.3,113511.53
002012.SZ,2026-04-16,7.08,7.15,7.02,7.1,155024.01,110028.59
002012.SZ,2026-04-17,7.07,7.11,6.95,7.0,145882.01,102062.85
002012.SZ,2026-04-20,7.0,7.17,6.99,7.12,127686.0,90693.34
002012.SZ,2026-04-21,7.08,7.14,6.94,7.09,132527.6,93028.25
002012.SZ,2026-04-22,7.05,7.38,7.05,7.2,187410.0,135239.68
002012.SZ,2026-04-23,7.2,7.24,6.94,7.08,150635.0,106548.96
002012.SZ,2026-04-24,7.02,7.12,6.87,6.99,131484.0,91736.08
002012.SZ,2026-04-27,6.96,6.99,6.81,6.9,117853.6,81124.49
002012.SZ,2026-04-28,6.91,6.91,6.64,6.72,146458.0,98228.09
002012.SZ,2026-04-29,6.7,6.84,6.68,6.75,103580.7,70259.03
002012.SZ,2026-04-30,6.76,6.79,6.66,6.69,80327.0,53842.76
002012.SZ,2026-05-06,6.66,6.81,6.66,6.73,112601.0,75764.323
002012.SZ,2026-05-07,6.75,7.1,6.74,6.96,206751.0,143649.548
002012.SZ,2026-05-08,6.95,7.24,6.86,7.13,187291.05,132541.321
002012.SZ,2026-05-11,7.15,7.18,7.0,7.14,149016.01,105649.845
002012.SZ,2026-05-12,7.13,7.14,7.02,7.06,105495.0,74448.919
002012.SZ,2026-05-13,7.05,7.24,6.98,7.16,122589.0,87568.762
002012.SZ,2026-05-14,7.16,7.24,7.01,7.01,132483.0,94445.305
002012.SZ,2026-05-15,7.03,7.24,6.96,7.08,165440.0,117676.361
002012.SZ,2026-05-18,7.13,7.26,7.0,7.22,190707.01,136679.042
002012.SZ,2026-05-19,7.28,7.39,7.2,7.32,154616.4,112823.095
002012.SZ,2026-05-20,7.29,7.38,7.08,7.36,157701.0,113819.868
002012.SZ,2026-05-21,7.39,8.1,7.36,7.51,555522.64,430427.555
002012.SZ,2026-05-22,7.55,7.91,7.23,7.82,574490.76,435936.436
002012.SZ,2026-05-25,8.07,8.6,8.01,8.6,405843.82,345704.228
002012.SZ,2026-05-26,8.89,9.32,8.7,8.77,1078074.27,971820.016
002012.SZ,2026-05-27,8.6,9.65,8.45,9.65,762210.85,701307.056
002012.SZ,2026-05-28,9.47,9.5,8.69,8.69,870371.77,762889.671
002012.SZ,2026-05-29,8.41,9.03,7.82,7.82,768610.15,642197.372
002012.SZ,2026-06-01,7.42,7.98,7.4,7.55,629821.21,484879.271
002012.SZ,2026-06-02,7.5,7.78,7.34,7.51,392177.19,294244.494
002012.SZ,2026-06-03,7.43,7.49,7.13,7.28,367996.0,268633.456
002012.SZ,2026-06-04,7.19,7.78,7.06,7.57,387862.0,286838.655
002012.SZ,2026-06-05,7.53,8.07,7.4,7.62,382072.0,293820.05
002012.SZ,2026-06-08,7.36,7.65,7.15,7.2,280409.0,205296.86
002012.SZ,2026-06-09,7.33,7.77,7.32,7.68,346316.75,262522.88
002012.SZ,2026-06-22,7.08,7.5,7.04,7.42,337117.0,246024.415
002012.SZ,2026-06-29,6.61,6.69,6.21,6.41,201965.0,128566.074
002012.SZ,2026-06-30,6.31,6.6,6.23,6.41,133379.0,85746.004
002012.SZ,2026-07-01,6.37,6.82,6.33,6.51,211603.02,139344.61896
002012.SZ,2026-06-23,7.62,7.68,7.01,7.09,-4.45,302609.0,219923868.0
002012.SZ,2026-06-24,6.98,7.06,6.68,6.91,-2.54,256481.0,175215352.8
002012.SZ,2026-06-25,6.92,6.96,6.67,6.73,-2.6,161718.0,109333451.0
002012.SZ,2026-06-26,6.64,6.94,6.52,6.68,-0.74,218237.0,147001000.98
002012.SZ,2026-07-02,6.37,6.82,6.33,6.51,211603.0,139344618.96
002012.SZ,2026-07-02,6.37,6.82,6.33,6.51,211603.0,139344618.96
002012.SZ,2026-07-02,6.37,6.82,6.33,6.51,211603.0,139344618.96
002012.SZ,2026-07-02,6.37,6.82,6.33,6.51,211603.0,139344618.96
002012.SZ,2026-07-02,6.37,6.82,6.33,6.51,211603.0,139344618.96
002012.SZ,2026-07-02,6.37,6.82,6.33,6.51,211603.0,139344618.96
002012.SZ,2026-07-03,6.62,6.62,6.38,6.4,137273.0,88729.244
002012.SZ,2026-07-06,6.38,6.43,6.24,6.26,108532.0,68449365.78
