symbol,datetime,open,high,low,close,volume,amount
002586.SZ,2011-06-02,21.0,22.7,20.11,21.6,193356.27,411871.29
002586.SZ,2011-06-03,20.7,21.1,19.5,20.79,108290.83,220082.27
002586.SZ,2011-06-07,21.45,21.95,21.0,21.92,94638.61,203431.87
002586.SZ,2011-06-08,21.51,23.23,21.41,22.76,103861.83,232138.42
002586.SZ,2011-06-09,22.42,22.5,21.11,21.11,58244.35,127182.71
002586.SZ,2011-06-10,21.4,21.4,20.39,20.71,37116.2,77207.32
002586.SZ,2011-06-13,21.02,22.37,21.02,21.78,51414.33,111409.41
002586.SZ,2011-06-14,21.2,22.32,20.67,22.04,48282.91,104226.07
002586.SZ,2011-06-15,21.78,22.9,21.4,21.8,51818.57,115386.51
002586.SZ,2011-06-16,21.23,21.49,20.01,20.26,43372.82,90252.85
002586.SZ,2011-06-17,20.36,20.85,20.26,20.36,27971.53,57419.18
002586.SZ,2011-06-20,20.7,21.39,20.51,20.8,24367.86,51017.34
002586.SZ,2011-06-21,20.57,22.88,20.55,22.34,94302.17,210751.11
002586.SZ,2011-06-22,21.75,22.25,21.31,21.9,57069.12,124031.17
002586.SZ,2011-06-23,22.29,24.09,21.91,24.09,96718.56,225062.85
002586.SZ,2011-06-24,23.88,25.18,23.34,24.31,91865.4,222060.36
002586.SZ,2011-06-27,23.85,24.99,23.7,24.76,55929.96,137169.12
002586.SZ,2011-06-28,24.7,27.17,24.22,25.92,64390.96,165863.0
002586.SZ,2011-06-29,25.5,26.62,25.17,25.17,49208.11,127282.39
002586.SZ,2011-07-01,26.7,27.55,25.88,26.3,54753.49,145808.42
002586.SZ,2011-07-04,26.2,27.19,26.08,26.3,43614.66,115512.87
002586.SZ,2011-07-05,26.3,28.5,26.1,27.99,53819.61,146376.35
002586.SZ,2011-07-06,27.8,28.4,27.0,27.85,38982.43,107960.28
002586.SZ,2011-07-07,28.39,29.8,27.7,27.78,65368.63,188313.48
002586.SZ,2011-07-08,27.81,28.11,26.72,27.55,47693.96,130324.39
002586.SZ,2011-07-11,27.93,28.88,27.6,27.98,45348.87,127871.18
002586.SZ,2011-07-12,27.3,28.97,26.77,27.69,49869.73,139856.01
002586.SZ,2011-07-13,27.24,28.38,27.19,28.2,41271.77,115219.15
002586.SZ,2011-07-14,27.92,30.9,27.77,29.8,62327.27,180214.62
002586.SZ,2011-07-15,29.3,29.89,28.51,28.99,47199.7,137340.15
002586.SZ,2011-07-18,29.0,29.32,28.27,28.54,26080.17,74849.2
002586.SZ,2011-07-19,28.49,29.0,28.2,28.34,26842.97,76903.4
002586.SZ,2011-07-20,28.61,28.88,27.43,27.65,24450.31,68679.26
002586.SZ,2011-07-21,27.55,28.15,26.81,27.65,35035.55,96094.8
002586.SZ,2011-07-22,27.43,28.67,27.4,28.15,24101.91,67810.26
002586.SZ,2011-07-25,27.85,28.09,25.9,26.0,24806.89,66580.06
002586.SZ,2011-07-26,26.05,26.38,25.77,25.9,14041.52,36616.84
002586.SZ,2011-07-27,25.78,26.95,25.12,26.73,22698.78,59607.05
002586.SZ,2011-07-28,26.2,26.75,26.07,26.29,20163.45,53155.6
002586.SZ,2011-07-29,26.48,27.21,26.05,26.24,25159.93,66999.76
002586.SZ,2011-08-01,26.38,27.5,25.43,27.45,33657.69,89977.07
002586.SZ,2011-08-02,27.2,29.89,26.95,28.98,62285.42,177721.55
002586.SZ,2011-08-03,28.01,29.7,28.01,29.21,40699.45,117916.2
002586.SZ,2011-08-04,29.21,31.0,28.81,30.39,46453.55,140195.37
002586.SZ,2011-08-05,29.2,32.87,29.2,31.6,53796.53,167230.24
002586.SZ,2011-08-08,31.39,32.5,28.7,29.63,48332.79,149593.53
002586.SZ,2011-08-09,28.79,31.43,27.51,31.1,51770.28,154855.16
002586.SZ,2011-08-10,31.5,33.25,31.0,31.94,41975.98,135162.9
002586.SZ,2011-08-11,31.15,32.78,30.88,32.11,29041.84,92598.35
002586.SZ,2011-08-12,32.15,32.94,31.51,32.28,24416.64,78983.7
002586.SZ,2011-08-15,32.74,33.5,32.3,32.89,23605.18,77776.01
002586.SZ,2011-08-16,33.0,33.1,31.66,31.75,18110.67,58391.31
002586.SZ,2011-08-17,31.99,31.99,30.51,30.53,21412.89,66336.64
002586.SZ,2011-08-18,30.65,31.36,29.95,31.08,26646.73,81696.08
002586.SZ,2011-08-19,30.33,30.95,29.9,30.26,15206.27,46069.31
002586.SZ,2011-08-22,30.49,31.18,30.0,30.3,11427.6,34914.83
002586.SZ,2011-08-23,30.45,33.33,30.45,33.33,35566.95,114793.31
002586.SZ,2011-08-24,33.75,34.2,32.6,32.77,29343.09,97477.31
002586.SZ,2011-08-25,32.8,33.1,31.81,32.87,18494.47,59914.24
002586.SZ,2011-08-26,32.13,32.79,31.33,31.8,37718.26,120520.33
002586.SZ,2011-08-29,31.58,32.27,30.8,32.25,26633.18,84157.74
002586.SZ,2011-08-30,31.98,32.8,31.17,31.31,25803.82,83012.99
002586.SZ,2011-08-31,31.03,31.5,29.51,30.16,18100.52,55068.38
002586.SZ,2011-09-01,30.46,30.97,29.88,30.49,15402.6,46883.5
002586.SZ,2011-09-02,30.39,30.39,28.85,29.79,26376.23,77409.67
002586.SZ,2011-09-05,29.11,29.33,28.3,28.36,11838.88,34129.44
002586.SZ,2011-09-06,28.03,28.58,27.53,27.72,9276.51,25983.19
002586.SZ,2011-09-07,27.95,28.69,27.95,28.57,13089.88,37102.98
002586.SZ,2011-09-08,28.58,28.95,28.1,28.1,9479.87,27005.66
002586.SZ,2011-09-09,28.19,28.87,27.9,27.96,11808.82,33544.16
002586.SZ,2011-09-13,27.76,28.41,27.04,28.18,14901.51,41629.8
002586.SZ,2011-09-14,28.1,28.22,27.38,28.22,11358.17,31511.4
002586.SZ,2011-09-15,28.2,29.2,28.03,28.67,14943.44,43016.21
002586.SZ,2011-09-16,28.67,28.96,27.92,27.98,9014.6,25500.61
002586.SZ,2011-09-19,27.5,27.86,26.1,26.25,10496.49,28069.76
002586.SZ,2011-09-20,26.2,26.44,25.7,25.99,8917.65,23249.26
002586.SZ,2011-09-21,25.99,26.9,25.5,26.78,15146.8,39992.25
002586.SZ,2011-09-22,26.68,26.68,25.32,25.4,11866.96,30871.61
002586.SZ,2011-09-23,24.5,25.63,24.5,24.99,7610.92,19067.09
002586.SZ,2011-09-26,24.5,25.21,24.5,25.16,11990.86,29980.63
002586.SZ,2011-09-27,25.49,25.63,24.86,25.14,6541.96,16427.65
002586.SZ,2011-09-28,25.29,25.5,24.01,24.27,6398.9,15824.23
002586.SZ,2011-09-29,24.28,24.3,22.98,22.99,12747.51,29716.03
002586.SZ,2011-09-30,22.78,23.23,22.26,23.0,5935.9,13494.1
002586.SZ,2011-10-10,23.29,23.4,22.56,22.71,4908.26,11257.83
002586.SZ,2011-10-11,23.8,23.89,22.0,22.26,7133.12,16391.5
002586.SZ,2011-10-12,22.29,23.49,21.89,23.44,19644.58,45157.97
002586.SZ,2011-10-13,23.58,24.99,23.55,24.93,24728.2,60790.74
002586.SZ,2011-10-14,24.62,25.28,24.6,24.88,13380.12,33282.88
002586.SZ,2011-10-18,24.93,26.45,24.62,25.0,25227.28,64588.0
002586.SZ,2011-10-19,24.95,25.22,24.02,24.33,8715.32,21374.21
002586.SZ,2011-10-20,24.5,24.5,23.31,23.9,7957.02,18837.09
002586.SZ,2011-10-21,23.8,23.95,22.8,22.9,6326.47,14777.85
002586.SZ,2011-10-24,23.28,23.49,22.18,23.3,7642.39,17610.53
002586.SZ,2011-10-25,23.1,24.65,23.1,24.49,20048.83,48364.26
002586.SZ,2011-10-26,24.0,25.35,24.0,24.57,18847.37,46866.58
002586.SZ,2011-10-27,24.77,25.55,24.35,25.19,20642.6,51796.43
002586.SZ,2011-10-28,25.98,26.35,25.25,25.83,23472.26,60514.85
002586.SZ,2011-10-31,25.79,26.36,25.38,26.28,17718.76,46171.08
002586.SZ,2011-11-01,25.91,26.56,25.82,25.9,14589.66,38144.15
002586.SZ,2011-11-02,25.3,27.3,25.1,27.18,20216.03,53056.79
002586.SZ,2011-11-03,27.5,28.25,26.72,26.79,30920.0,85143.5
002586.SZ,2011-11-04,26.87,27.23,25.97,26.45,13883.86,36905.59
002586.SZ,2011-11-07,26.5,27.2,26.35,27.0,15292.02,41204.29
002586.SZ,2011-11-08,26.93,27.28,25.95,26.0,9524.53,25283.67
002586.SZ,2011-11-09,26.35,27.2,25.53,26.96,13732.29,36334.39
002586.SZ,2011-11-10,26.58,28.26,26.55,28.08,36556.57,101482.85
002586.SZ,2011-11-11,28.68,28.98,27.41,27.9,24735.76,69650.47
002586.SZ,2011-11-14,27.99,28.55,27.56,28.4,15376.84,43280.31
002586.SZ,2011-11-15,28.11,28.65,27.8,28.49,9509.29,27033.59
002586.SZ,2011-11-16,28.23,28.5,27.7,27.85,13604.63,38087.09
002586.SZ,2011-11-17,27.75,29.3,27.67,28.8,17647.12,50516.47
002586.SZ,2011-11-18,28.95,28.98,27.81,27.95,17949.79,50807.46
002586.SZ,2011-11-21,27.35,28.88,27.35,28.81,27644.28,78442.3
002586.SZ,2011-11-22,28.53,29.29,27.72,27.99,30167.53,86017.93
002586.SZ,2011-11-23,27.74,28.28,27.49,28.1,15279.33,42634.29
002586.SZ,2011-11-24,27.5,28.41,27.5,28.11,8803.23,24684.28
002586.SZ,2011-11-25,28.26,29.3,28.26,28.62,22965.48,66224.71
002586.SZ,2011-11-28,28.56,28.89,28.32,28.56,8471.31,24272.43
002586.SZ,2011-11-29,28.96,28.96,28.1,28.55,8870.96,25248.96
002586.SZ,2011-11-30,28.3,28.93,25.7,26.5,23733.14,63524.48
002586.SZ,2011-12-01,27.33,27.57,26.8,26.98,13632.97,37067.29
002586.SZ,2011-12-02,26.62,26.7,25.95,26.1,6387.4,16733.08
002586.SZ,2011-12-05,25.95,25.98,24.52,24.6,8287.23,20904.25
002586.SZ,2011-12-06,24.5,25.07,24.4,24.85,5614.62,13870.95
002586.SZ,2011-12-07,24.93,25.25,24.69,25.07,4914.97,12262.59
002586.SZ,2011-12-08,24.81,25.66,24.42,25.25,6930.95,17438.83
002586.SZ,2011-12-09,25.05,25.66,24.8,25.44,6320.21,16110.73
002586.SZ,2011-12-12,25.66,25.95,25.47,25.6,4598.32,11817.52
002586.SZ,2011-12-13,26.23,26.58,25.02,25.25,19329.52,50285.34
002586.SZ,2011-12-14,24.32,24.7,23.0,23.85,15254.01,36575.37
002586.SZ,2011-12-15,23.2,23.85,22.84,23.32,9484.41,22125.92
002586.SZ,2011-12-16,23.1,23.94,22.83,23.9,10916.45,25502.97
002586.SZ,2011-12-19,23.85,23.89,23.1,23.82,7265.67,17042.75
002586.SZ,2011-12-20,23.45,24.49,23.41,23.81,6745.98,16200.75
002586.SZ,2011-12-21,24.22,24.33,23.4,23.4,12542.01,30167.79
002586.SZ,2011-12-22,23.41,23.41,21.85,22.91,12568.36,28420.82
002586.SZ,2011-12-23,22.8,23.36,22.6,23.08,9431.67,21717.91
002586.SZ,2011-12-26,23.17,23.25,22.68,22.78,4057.43,9347.29
002586.SZ,2011-12-27,22.59,22.89,21.93,21.99,5949.45,13201.79
002586.SZ,2011-12-28,21.95,22.0,21.28,21.61,6387.36,13795.43
002586.SZ,2011-12-29,21.31,21.82,21.01,21.43,4125.06,8912.71
002586.SZ,2011-12-30,21.72,22.5,21.6,22.29,6314.57,13934.34
002586.SZ,2012-01-04,22.8,23.08,21.74,21.74,5041.9,11259.37
002586.SZ,2012-01-05,21.38,21.8,19.69,19.9,8184.16,16992.11
002586.SZ,2012-01-06,19.72,20.17,18.85,19.9,6321.78,12276.78
002586.SZ,2012-01-09,19.02,20.8,19.02,20.74,5823.88,11818.2
002586.SZ,2012-01-10,20.9,21.97,20.65,21.76,6990.79,14983.19
002586.SZ,2012-01-11,22.0,22.18,21.6,22.01,6884.16,15077.9
002586.SZ,2012-01-12,21.99,22.4,21.62,21.75,7526.96,16538.9
002586.SZ,2012-01-13,21.73,21.96,19.65,19.66,12911.68,26362.84
002586.SZ,2012-01-16,19.3,20.1,19.01,19.05,6149.74,12042.36
002586.SZ,2012-01-17,19.6,20.66,19.21,20.62,9556.39,19083.25
002586.SZ,2012-01-18,20.69,21.58,19.9,20.25,11146.47,23301.12
002586.SZ,2012-01-19,19.9,20.66,19.78,20.5,5568.2,11319.58
002586.SZ,2012-01-20,20.56,21.2,20.5,21.08,5929.79,12444.76
002586.SZ,2012-01-30,21.25,21.89,20.88,21.2,7588.49,16223.37
002586.SZ,2012-01-31,21.0,21.55,20.88,21.55,5711.17,12079.25
002586.SZ,2012-02-01,21.44,22.05,21.3,21.72,9366.84,20358.32
002586.SZ,2012-02-02,21.79,21.8,21.3,21.7,8966.49,19269.53
002586.SZ,2012-02-03,21.7,22.05,21.53,21.73,7501.89,16356.67
002586.SZ,2012-02-06,21.8,22.75,21.7,22.45,14063.19,31243.65
002586.SZ,2012-02-07,22.1,22.32,21.46,21.77,8118.58,17770.57
002586.SZ,2012-02-08,21.77,22.18,21.56,22.15,8983.15,19630.33
002586.SZ,2012-02-09,22.04,22.54,22.0,22.2,8548.61,19082.54
002586.SZ,2012-02-10,22.22,22.43,21.89,22.07,8162.79,18097.16
002586.SZ,2012-02-13,21.88,22.5,21.71,22.27,8764.92,19522.69
002586.SZ,2012-02-14,22.32,22.46,21.68,21.98,11243.15,24675.33
002586.SZ,2012-02-15,21.95,22.28,21.58,22.26,10967.84,24149.07
002586.SZ,2012-02-16,22.21,23.0,22.01,22.82,16913.86,38209.05
002586.SZ,2012-02-17,23.0,23.12,22.58,22.84,9427.51,21510.34
002586.SZ,2012-02-20,23.21,24.59,23.02,23.84,32914.17,78793.24
002586.SZ,2012-02-21,23.8,24.68,23.56,24.35,18125.17,43723.88
002586.SZ,2012-02-22,24.4,24.98,24.21,24.59,15181.04,37530.31
002586.SZ,2012-02-23,24.6,25.98,24.59,25.95,27585.36,70133.2
002586.SZ,2012-02-24,25.96,26.3,25.51,26.2,22960.34,59771.23
002586.SZ,2012-02-27,26.3,26.54,25.8,26.21,21156.05,55356.6
002586.SZ,2012-02-28,26.33,26.87,25.88,26.28,28803.99,75915.81
002586.SZ,2012-02-29,26.12,26.12,25.0,25.5,17040.05,43469.26
002586.SZ,2012-03-01,25.31,25.81,25.31,25.47,6831.04,17508.36
002586.SZ,2012-03-02,25.69,26.46,25.69,26.29,13307.75,34709.89
002586.SZ,2012-03-05,26.38,26.8,25.57,25.63,17127.0,44409.11
002586.SZ,2012-03-06,25.5,25.88,24.76,25.85,19009.24,47954.17
002586.SZ,2012-03-07,25.6,26.56,25.29,25.88,17486.24,45691.56
002586.SZ,2012-03-08,25.71,26.55,25.71,26.09,13564.15,35526.16
002586.SZ,2012-03-09,26.45,26.5,25.71,26.38,14429.13,37763.38
002586.SZ,2012-03-12,26.48,27.58,26.43,27.56,26433.91,72022.81
002586.SZ,2012-03-13,27.7,27.7,27.25,27.55,13247.63,36345.8
002586.SZ,2012-03-14,27.5,27.95,26.06,26.26,21902.17,59391.36
002586.SZ,2012-03-15,26.26,26.68,25.7,26.18,12913.34,33834.0
002586.SZ,2012-03-16,26.53,27.42,26.21,27.39,10455.44,28096.86
002586.SZ,2012-03-19,27.8,28.6,27.76,27.83,16459.93,46330.57
002586.SZ,2012-03-20,27.51,27.8,27.2,27.57,11657.35,31945.25
002586.SZ,2012-03-21,27.69,28.09,26.4,27.32,11224.73,30697.64
002586.SZ,2012-03-22,26.9,28.2,26.45,27.81,19236.25,53269.68
002586.SZ,2012-03-23,27.67,28.12,27.0,27.62,9179.33,25324.42
002586.SZ,2012-03-26,27.32,28.28,27.31,27.83,14471.78,40430.05
002586.SZ,2012-03-27,27.84,28.72,27.73,28.23,16167.99,45684.24
002586.SZ,2012-03-28,28.25,28.33,25.96,26.13,15775.3,42263.06
002586.SZ,2012-03-29,25.99,26.78,24.89,26.68,13946.84,36403.57
002586.SZ,2012-03-30,26.45,26.45,24.01,24.01,30686.99,75408.9
002586.SZ,2012-04-05,24.15,24.59,23.71,24.43,17511.25,42445.26
002586.SZ,2012-04-06,24.4,24.58,24.07,24.47,14805.16,35952.37
002586.SZ,2012-04-09,24.21,24.59,24.03,24.06,8737.76,21194.93
002586.SZ,2012-04-10,23.72,23.86,22.38,23.7,17560.03,40558.3
002586.SZ,2012-04-11,23.16,24.28,23.01,23.62,17653.05,41933.99
002586.SZ,2012-04-12,23.78,24.46,23.69,24.44,14196.51,34280.53
002586.SZ,2012-04-13,24.91,25.73,24.69,24.91,20753.27,52083.36
002586.SZ,2012-04-16,24.6,25.27,24.4,24.46,13552.89,33499.98
002586.SZ,2012-04-17,24.36,24.6,23.6,23.7,11374.76,27298.73
002586.SZ,2012-04-18,23.86,24.43,23.65,24.42,10522.7,25408.33
002586.SZ,2012-04-19,25.05,26.86,25.0,25.99,45229.57,118121.77
002586.SZ,2012-04-23,26.0,26.86,25.44,25.68,27716.72,72582.99
002586.SZ,2012-04-24,25.0,25.95,24.67,25.37,15890.62,40012.07
002586.SZ,2012-04-25,25.37,26.38,25.05,26.1,20305.14,52879.69
002586.SZ,2012-04-26,26.2,26.2,25.0,25.35,19405.72,49051.8
002586.SZ,2012-04-27,25.66,25.9,25.1,25.42,12468.24,31797.81
002586.SZ,2012-05-02,25.65,27.35,25.47,26.55,27068.62,71363.73
002586.SZ,2012-05-03,26.49,26.64,25.93,26.54,17580.96,46170.84
002586.SZ,2012-05-04,26.66,26.96,26.05,26.35,15385.95,40586.21
002586.SZ,2012-05-07,26.01,26.64,25.99,26.62,13489.23,35425.57
002586.SZ,2012-05-08,26.63,26.85,26.31,26.41,13247.9,35064.84
002586.SZ,2012-05-09,26.18,26.18,25.46,25.46,13447.19,34605.05
002586.SZ,2012-05-10,25.43,25.77,25.29,25.56,7249.35,18495.39
002586.SZ,2012-05-11,25.5,25.86,25.37,25.53,5920.91,15141.18
002586.SZ,2012-05-14,25.88,25.96,25.45,25.64,9400.41,24189.96
002586.SZ,2012-05-15,25.29,25.45,24.77,25.45,12995.51,32489.35
002586.SZ,2012-05-17,25.0,25.25,24.6,25.17,9614.18,24005.1
002586.SZ,2012-05-18,24.8,25.07,24.06,24.4,6560.19,16176.95
002586.SZ,2012-05-21,24.41,24.77,23.91,24.43,4958.98,12032.77
002586.SZ,2012-05-22,24.52,24.8,24.51,24.79,4682.6,11556.59
002586.SZ,2012-05-23,24.7,24.92,24.55,24.86,5657.46,14009.8
002586.SZ,2012-05-24,24.9,24.95,24.3,24.33,6492.9,16014.17
002586.SZ,2012-05-25,24.5,24.75,23.92,24.0,4328.56,10494.39
002586.SZ,2012-05-28,24.0,25.5,23.5,25.28,14197.87,35045.65
002586.SZ,2012-05-29,25.08,25.5,25.07,25.28,9977.08,25201.48
002586.SZ,2012-05-30,25.1,25.25,24.68,24.92,12756.89,31772.34
002586.SZ,2012-05-31,24.6,24.84,24.35,24.66,9536.78,23407.93
002586.SZ,2012-06-01,24.85,24.85,24.45,24.69,8154.12,20093.64
002586.SZ,2012-06-04,24.25,24.33,23.58,23.66,9681.35,23259.42
002586.SZ,2012-06-05,23.6,23.95,23.6,23.8,7692.6,18280.45
002586.SZ,2012-06-06,24.19,24.3,23.69,23.8,6728.44,16162.7
002586.SZ,2012-06-07,24.08,24.35,23.71,23.85,7736.43,18597.5
002586.SZ,2012-06-08,23.99,24.16,23.9,24.12,5012.58,12051.6
002586.SZ,2012-06-11,24.35,24.98,24.06,24.8,11878.53,29179.64
002586.SZ,2012-06-12,13.0,14.3,12.7,14.19,86109.43,118907.22
002586.SZ,2012-06-13,14.14,14.47,13.78,14.19,73523.81,104053.59
002586.SZ,2012-06-14,14.08,14.48,13.85,14.21,59466.43,84945.01
002586.SZ,2012-06-15,14.12,14.23,13.6,14.01,40998.48,57017.4
002586.SZ,2012-06-18,13.98,14.38,13.97,14.35,42373.0,60343.63
002586.SZ,2012-06-19,14.3,14.48,14.2,14.22,33186.25,47514.64
002586.SZ,2012-06-20,14.15,14.23,13.82,13.98,26695.26,37283.36
002586.SZ,2012-06-21,13.8,13.87,13.37,13.6,26251.69,35606.25
002586.SZ,2012-06-25,13.79,14.96,13.69,14.96,149553.39,222274.45
002586.SZ,2012-06-26,15.35,16.45,15.33,15.87,265842.97,418314.64
002586.SZ,2012-06-27,15.35,17.46,15.15,17.03,232707.68,375181.24
002586.SZ,2012-06-28,16.88,16.9,15.88,16.04,165519.96,270559.31
002586.SZ,2012-06-29,16.0,16.1,15.51,15.92,97914.0,154629.11
002586.SZ,2012-07-02,15.87,16.15,15.68,16.11,99288.57,158318.46
002586.SZ,2012-07-03,16.36,17.1,16.02,16.56,166589.0,276247.98
002586.SZ,2012-07-04,16.21,16.45,15.7,15.8,90526.77,144182.04
002586.SZ,2012-07-05,15.53,15.53,14.85,14.85,72815.53,110072.35
002586.SZ,2012-07-06,15.0,15.36,14.84,15.2,59095.35,89391.73
002586.SZ,2012-07-09,15.2,15.53,14.26,14.26,73852.82,110197.75
002586.SZ,2012-07-10,13.98,14.31,13.83,14.11,43149.8,60555.7
002586.SZ,2012-07-11,14.18,14.5,14.04,14.32,41030.26,58734.09
002586.SZ,2012-07-12,14.06,14.67,13.81,14.54,53814.84,76860.27
002586.SZ,2012-07-13,14.41,14.6,14.02,14.04,41359.58,59106.1
002586.SZ,2012-07-16,13.97,14.02,12.95,13.3,47417.88,63540.32
002586.SZ,2012-07-17,13.19,13.98,13.03,13.78,40280.01,54806.66
002586.SZ,2012-07-18,13.7,14.5,13.48,14.4,66773.82,94494.2
002586.SZ,2012-07-19,14.24,14.54,14.15,14.19,54553.2,78294.38
002586.SZ,2012-07-20,14.15,15.3,13.93,14.74,78145.59,114457.98
002586.SZ,2012-07-23,14.85,16.18,14.69,15.62,114000.22,176216.01
002586.SZ,2012-07-24,15.25,15.54,14.95,15.36,60139.17,91775.39
002586.SZ,2012-07-25,15.31,16.4,15.02,15.74,105498.32,166716.5
002586.SZ,2012-07-26,15.6,15.71,14.69,14.72,70767.96,107347.07
002586.SZ,2012-07-27,14.6,14.83,13.82,14.1,49602.29,70670.16
002586.SZ,2012-07-30,14.04,14.12,13.53,13.7,28524.55,39441.9
002586.SZ,2012-07-31,13.67,13.99,13.57,13.75,25272.86,34912.72
002586.SZ,2012-08-01,13.79,14.47,13.7,14.23,34721.7,49327.8
002586.SZ,2012-08-02,14.3,15.19,14.2,14.99,69465.61,102228.44
002586.SZ,2012-08-03,14.8,15.18,14.69,15.03,57578.93,85846.07
002586.SZ,2012-08-06,14.91,15.5,14.76,15.36,53117.19,80621.79
002586.SZ,2012-08-07,15.28,16.16,15.28,15.94,102830.63,162937.06
002586.SZ,2012-08-08,15.91,15.98,15.2,15.7,71414.91,111520.65
002586.SZ,2012-08-09,15.36,15.96,15.25,15.78,54514.48,85423.0
002586.SZ,2012-08-10,15.71,16.06,15.52,15.62,46349.6,72970.39
002586.SZ,2012-08-13,15.31,15.56,14.85,14.9,39400.14,59964.87
002586.SZ,2012-08-14,14.86,15.38,14.62,15.26,35329.5,53168.89
002586.SZ,2012-08-15,15.09,15.23,14.68,14.69,26935.61,40211.23
002586.SZ,2012-08-16,14.53,15.11,14.5,14.82,22422.29,33319.22
002586.SZ,2012-08-17,15.26,15.56,14.8,15.1,32462.25,49360.51
002586.SZ,2012-08-20,15.06,15.06,14.53,14.85,23560.74,34715.27
002586.SZ,2012-08-21,14.78,15.5,14.73,15.5,46673.75,71259.67
002586.SZ,2012-08-22,15.51,15.71,15.32,15.51,35360.53,54796.15
002586.SZ,2012-08-23,15.5,15.82,15.31,15.81,39929.14,62343.0
002586.SZ,2012-08-24,15.95,16.38,15.24,15.24,63968.65,101436.53
002586.SZ,2012-08-27,14.92,14.92,14.0,14.42,48353.76,69495.27
002586.SZ,2012-08-28,14.48,14.66,14.21,14.35,33899.31,48893.69
002586.SZ,2012-08-29,14.4,14.79,14.3,14.73,31778.47,46439.84
002586.SZ,2012-08-30,14.5,14.65,13.71,14.04,35683.09,50556.12
002586.SZ,2012-08-31,14.05,14.38,13.84,14.28,17987.72,25650.15
002586.SZ,2012-09-03,14.1,14.58,14.1,14.52,15793.63,22825.05
002586.SZ,2012-09-04,14.6,14.69,14.35,14.44,19792.89,28661.15
002586.SZ,2012-09-05,14.43,14.49,14.19,14.33,17531.98,25122.54
002586.SZ,2012-09-06,14.33,14.64,14.3,14.56,20034.98,29103.7
002586.SZ,2012-09-07,14.66,15.5,14.66,15.18,49811.19,75187.26
002586.SZ,2012-09-10,15.28,15.75,15.2,15.54,46209.83,71569.2
002586.SZ,2012-09-11,15.98,16.19,15.4,15.59,48741.29,76686.19
002586.SZ,2012-09-12,15.5,16.24,15.3,16.14,84025.39,133232.81
002586.SZ,2012-09-13,16.18,17.37,15.97,16.46,146781.28,245379.75
002586.SZ,2012-09-14,16.45,16.94,15.93,16.57,83075.32,137037.89
002586.SZ,2012-09-17,16.51,17.28,15.71,17.0,72453.42,119019.78
002586.SZ,2012-09-18,16.7,17.05,16.18,16.32,62126.28,103856.39
002586.SZ,2012-09-19,16.2,17.39,16.2,16.88,58786.38,99175.43
002586.SZ,2012-09-20,16.65,16.77,16.0,16.0,39609.81,64717.64
002586.SZ,2012-09-21,15.74,16.49,15.37,15.82,33793.55,53996.66
002586.SZ,2012-09-24,15.6,16.15,15.53,15.98,23700.86,37720.59
002586.SZ,2012-09-25,15.88,16.2,15.4,15.43,21207.62,33332.68
002586.SZ,2012-09-26,15.36,15.7,14.8,14.82,24365.3,37020.38
002586.SZ,2012-09-27,14.6,15.69,14.6,15.47,30787.51,46639.61
002586.SZ,2012-09-28,15.31,16.31,15.31,15.92,42514.53,67579.38
002586.SZ,2012-10-08,15.7,16.22,15.7,16.2,23957.32,38514.35
002586.SZ,2012-10-09,16.19,16.76,16.11,16.46,31850.42,52436.05
002586.SZ,2012-10-10,16.57,16.8,16.25,16.5,31750.4,52455.25
002586.SZ,2012-10-11,16.45,16.45,15.8,15.86,35141.81,56514.45
002586.SZ,2012-10-12,15.9,16.18,15.7,16.09,19824.62,31717.89
002586.SZ,2012-10-15,16.25,16.32,15.86,16.01,16071.35,25782.81
002586.SZ,2012-10-16,15.92,16.77,15.66,16.77,48072.16,78873.96
002586.SZ,2012-10-17,17.25,17.25,16.14,16.27,57639.91,95519.85
002586.SZ,2012-10-18,16.0,16.99,16.0,16.95,57543.22,95305.53
002586.SZ,2012-10-19,16.7,17.77,16.67,17.68,97919.57,169028.51
002586.SZ,2012-10-22,17.39,18.29,17.32,18.0,66734.37,118863.84
002586.SZ,2012-10-23,17.83,17.93,17.37,17.51,47905.42,84391.2
002586.SZ,2012-10-24,17.3,17.73,16.93,17.37,43327.39,74659.8
002586.SZ,2012-10-25,17.35,17.57,16.86,16.94,39103.51,67292.44
002586.SZ,2012-10-26,16.8,16.92,16.43,16.68,33480.51,55647.28
002586.SZ,2012-10-29,16.6,17.05,16.57,16.86,24073.45,40589.94
002586.SZ,2012-10-30,16.81,17.37,16.8,17.05,34945.67,59589.56
002586.SZ,2012-10-31,17.05,17.46,16.91,17.35,43730.41,75574.43
002586.SZ,2012-11-01,17.4,17.62,17.1,17.27,58532.59,101416.83
002586.SZ,2012-11-02,17.3,17.35,16.28,16.4,79828.06,132715.09
002586.SZ,2012-11-05,16.23,16.62,16.13,16.4,28930.95,47573.68
002586.SZ,2012-11-06,16.39,16.4,15.93,16.31,31487.95,50797.05
002586.SZ,2012-11-07,16.58,16.74,16.31,16.35,30541.27,50388.39
002586.SZ,2012-11-08,16.0,16.58,15.91,16.48,32271.35,52827.91
002586.SZ,2012-11-09,16.32,16.68,16.26,16.26,25013.15,41212.47
002586.SZ,2012-11-12,16.26,16.83,16.2,16.8,43503.98,72400.89
002586.SZ,2012-11-13,16.8,16.95,16.3,16.53,35488.45,58653.15
002586.SZ,2012-11-14,16.45,16.57,15.82,15.97,41304.93,66368.57
002586.SZ,2012-11-15,15.83,16.11,15.25,15.55,30963.65,48434.75
002586.SZ,2012-11-16,15.41,15.56,14.96,15.2,35178.47,53243.44
002586.SZ,2012-11-19,15.18,15.5,15.02,15.49,16289.83,24902.95
002586.SZ,2012-11-20,15.6,15.72,15.25,15.29,16657.82,25855.99
002586.SZ,2012-11-21,15.28,15.43,14.78,15.42,25000.18,37850.35
002586.SZ,2012-11-22,15.3,15.31,15.08,15.28,16662.66,25313.28
002586.SZ,2012-11-23,15.21,15.45,15.12,15.26,19873.86,30417.52
002586.SZ,2012-11-26,15.3,15.33,14.73,14.77,30596.13,45593.42
002586.SZ,2012-11-27,14.69,14.8,14.1,14.3,30017.79,43364.23
002586.SZ,2012-11-28,14.2,14.37,13.79,14.22,29701.19,41902.08
002586.SZ,2012-11-29,14.3,14.4,13.9,14.08,18243.49,25777.6
002586.SZ,2012-11-30,14.1,14.39,13.9,14.34,19097.77,27227.12
002586.SZ,2012-12-03,14.33,14.67,14.22,14.31,25282.05,36591.56
002586.SZ,2012-12-04,14.29,15.0,13.66,14.95,26569.88,38099.11
002586.SZ,2012-12-05,14.72,15.55,14.7,15.38,38289.52,58568.65
002586.SZ,2012-12-06,15.38,15.5,15.03,15.18,21488.84,32665.01
002586.SZ,2012-12-07,15.2,15.52,15.09,15.45,30981.07,47593.96
002586.SZ,2012-12-10,15.39,15.66,15.22,15.53,29412.31,45542.29
002586.SZ,2012-12-11,15.45,15.49,15.19,15.36,18135.26,27801.03
002586.SZ,2012-12-12,15.55,15.85,15.24,15.38,23498.97,36428.99
002586.SZ,2012-12-13,15.39,15.39,14.72,14.73,17047.73,25681.89
002586.SZ,2012-12-14,14.64,15.95,14.57,15.62,47867.28,73743.29
002586.SZ,2012-12-17,15.65,16.24,15.47,16.04,39214.11,62044.42
002586.SZ,2012-12-18,15.9,16.11,15.68,15.75,23600.71,37416.85
002586.SZ,2012-12-19,15.68,15.86,15.65,15.68,16732.51,26338.8
002586.SZ,2012-12-20,15.58,15.96,15.58,15.82,20137.2,31845.98
002586.SZ,2012-12-21,15.92,16.1,15.66,15.81,22382.63,35469.15
002586.SZ,2012-12-24,15.67,16.24,15.67,16.19,29217.86,46731.05
002586.SZ,2012-12-25,16.18,16.89,16.01,16.58,41716.89,69019.49
002586.SZ,2012-12-26,16.47,16.87,16.47,16.59,22163.08,36864.98
002586.SZ,2012-12-27,16.59,16.7,16.19,16.19,24413.34,40033.9
002586.SZ,2012-12-28,16.1,17.25,16.1,17.18,52398.82,88316.13
002586.SZ,2013-01-04,17.1,17.95,16.7,17.7,46750.65,81308.26
002586.SZ,2013-01-07,17.43,17.55,16.91,17.45,47543.47,81992.08
002586.SZ,2013-01-08,17.3,17.7,17.12,17.4,32877.83,57078.19
002586.SZ,2013-01-09,17.87,17.98,17.1,17.22,40378.28,70834.21
002586.SZ,2013-01-10,17.35,17.35,17.02,17.18,26312.86,45098.11
002586.SZ,2013-01-11,17.09,17.39,16.73,16.81,30573.68,52397.49
002586.SZ,2013-01-14,16.75,17.47,16.71,17.35,30679.64,52644.43
002586.SZ,2013-01-15,17.35,17.53,17.22,17.5,40034.31,69612.73
002586.SZ,2013-01-16,17.6,17.66,17.23,17.46,33716.35,58773.92
002586.SZ,2013-01-17,17.3,17.34,16.88,16.95,22303.79,38117.42
002586.SZ,2013-01-18,17.0,17.3,16.79,17.23,26753.82,45690.77
002586.SZ,2013-01-21,17.3,17.65,17.05,17.62,38635.53,67006.08
002586.SZ,2013-01-22,17.62,17.62,16.95,16.98,28882.31,49736.96
002586.SZ,2013-01-23,16.8,17.24,16.78,17.2,22761.51,38804.55
002586.SZ,2013-01-24,17.38,17.39,16.22,16.38,25420.12,42691.1
002586.SZ,2013-01-25,16.31,16.65,16.31,16.35,13611.0,22414.37
002586.SZ,2013-01-28,16.76,16.85,16.43,16.84,18574.43,30902.82
002586.SZ,2013-01-29,16.84,17.37,16.83,17.19,25422.2,43638.02
002586.SZ,2013-01-30,17.15,17.25,16.8,17.03,22720.21,38631.15
002586.SZ,2013-01-31,17.03,17.03,16.69,16.85,12923.13,21702.94
002586.SZ,2013-02-01,16.76,16.86,16.57,16.74,13210.58,22103.92
002586.SZ,2013-02-04,16.74,16.98,16.55,16.91,27023.15,45258.45
002586.SZ,2013-02-05,16.92,17.28,16.61,17.26,35461.71,60277.71
002586.SZ,2013-02-06,17.2,17.39,16.96,16.96,28854.22,49564.91
002586.SZ,2013-02-07,16.86,17.08,16.63,16.7,20734.95,34768.42
002586.SZ,2013-02-08,16.71,17.25,16.68,17.13,32837.23,55910.28
002586.SZ,2013-02-18,17.15,17.88,17.1,17.71,66536.57,116884.98
002586.SZ,2013-02-19,17.58,17.68,17.4,17.56,31676.79,55411.3
002586.SZ,2013-02-20,17.61,18.52,17.61,18.42,96943.35,175715.35
002586.SZ,2013-02-21,18.3,18.69,17.94,18.6,55803.78,101745.62
002586.SZ,2013-02-22,18.56,19.0,18.32,18.41,55121.86,102600.59
002586.SZ,2013-02-25,18.51,19.1,18.41,18.8,56044.5,105166.21
002586.SZ,2013-02-26,18.81,19.1,18.4,18.78,50879.02,95560.67
002586.SZ,2013-02-27,18.9,18.98,18.2,18.35,54455.72,101728.24
002586.SZ,2013-02-28,18.4,18.6,17.9,18.45,38416.3,70235.87
002586.SZ,2013-03-01,18.44,19.6,18.44,19.5,83553.83,161006.46
002586.SZ,2013-03-04,19.4,20.03,18.9,19.26,57015.42,110333.76
002586.SZ,2013-03-05,19.23,19.76,18.83,19.63,27669.28,53392.03
002586.SZ,2013-03-06,19.6,19.81,19.41,19.62,27008.67,52942.16
002586.SZ,2013-03-07,19.67,19.95,19.3,19.47,32350.09,63468.04
002586.SZ,2013-03-08,19.43,19.85,18.44,18.45,45199.28,85091.53
002586.SZ,2013-03-11,18.43,18.55,17.9,17.94,28739.05,52056.52
002586.SZ,2013-03-12,18.1,18.33,17.7,18.18,41633.89,75428.94
002586.SZ,2013-03-13,18.3,18.58,18.11,18.36,30232.59,55408.98
002586.SZ,2013-03-14,18.37,18.37,17.7,18.09,24737.84,44305.3
002586.SZ,2013-03-15,17.88,18.49,17.71,18.05,23908.84,43301.69
002586.SZ,2013-03-18,17.72,18.08,17.4,17.54,18206.03,32107.37
002586.SZ,2013-03-19,17.54,17.82,17.5,17.68,13063.83,23075.31
002586.SZ,2013-03-20,17.73,17.97,17.6,17.95,31448.07,56141.26
002586.SZ,2013-03-21,17.95,18.66,17.91,18.4,43625.19,80197.83
002586.SZ,2013-03-22,18.3,18.53,18.1,18.48,22042.04,40312.46
002586.SZ,2013-03-25,18.49,18.49,18.11,18.24,17809.02,32447.57
002586.SZ,2013-03-26,18.05,18.2,17.63,17.89,22324.97,39803.93
002586.SZ,2013-03-27,17.92,18.14,17.72,17.98,14246.19,25526.77
002586.SZ,2013-03-28,17.91,17.91,17.29,17.3,15251.93,26622.83
002586.SZ,2013-03-29,17.24,17.63,17.21,17.32,9807.81,17077.93
002586.SZ,2013-04-01,17.59,17.62,17.27,17.59,11993.28,20992.13
002586.SZ,2013-04-02,17.59,17.93,17.4,17.57,15944.22,28062.6
002586.SZ,2013-04-03,17.55,17.93,17.42,17.92,14045.64,24841.23
002586.SZ,2013-04-08,17.55,18.1,17.45,18.0,15695.34,27873.74
002586.SZ,2013-04-09,18.12,18.58,18.1,18.55,39977.06,73631.55
002586.SZ,2013-04-10,18.25,18.5,17.97,18.17,22754.07,41384.68
002586.SZ,2013-04-11,18.12,18.44,18.12,18.18,14242.63,26056.99
002586.SZ,2013-04-12,18.25,18.32,17.75,17.89,11728.54,21196.5
002586.SZ,2013-04-15,17.8,17.85,17.6,17.81,9870.52,17501.34
002586.SZ,2013-04-16,17.6,17.79,17.32,17.61,26724.8,46837.78
002586.SZ,2013-04-17,17.57,18.17,17.56,18.1,24584.21,44236.86
002586.SZ,2013-04-18,18.04,18.58,17.92,18.47,37167.87,68088.4
002586.SZ,2013-04-19,18.39,18.88,18.31,18.82,38117.59,71308.42
002586.SZ,2013-04-22,18.75,19.25,18.62,19.0,54176.41,102612.44
002586.SZ,2013-04-23,18.99,18.99,18.1,18.13,32841.74,60472.61
002586.SZ,2013-04-24,18.13,19.05,18.12,18.81,37452.31,69849.55
002586.SZ,2013-04-25,18.9,19.0,18.35,18.65,24873.77,46452.57
002586.SZ,2013-04-26,18.65,18.79,18.34,18.65,18564.05,34399.42
002586.SZ,2013-05-02,18.62,19.38,18.48,19.3,37654.39,71819.04
002586.SZ,2013-05-03,19.29,19.54,19.08,19.24,45373.93,87732.42
002586.SZ,2013-05-06,19.2,19.57,18.98,19.41,43541.16,83982.41
002586.SZ,2013-05-07,19.43,19.48,18.77,18.79,32164.32,61376.36
002586.SZ,2013-05-08,18.75,19.35,18.7,19.15,28024.31,53527.26
002586.SZ,2013-05-09,19.14,19.14,18.16,18.61,56470.07,104082.79
002586.SZ,2013-05-10,18.45,18.56,17.94,17.97,41672.41,75466.91
002586.SZ,2013-05-13,17.97,18.3,17.97,18.18,26809.92,48578.49
002586.SZ,2013-05-14,18.41,18.75,18.34,18.74,46682.66,86631.0
002586.SZ,2013-05-15,18.42,18.68,18.0,18.5,20772.48,38244.8
002586.SZ,2013-05-16,18.5,18.68,18.2,18.41,24923.28,46062.63
002586.SZ,2013-05-17,18.38,18.97,18.38,18.9,43443.24,81578.0
002586.SZ,2013-05-20,19.3,19.65,19.12,19.3,58581.63,113623.08
002586.SZ,2013-05-21,19.21,19.5,19.05,19.49,47709.25,91768.56
002586.SZ,2013-05-22,19.55,19.96,18.8,18.84,64027.57,124100.59
002586.SZ,2013-05-23,18.9,18.92,18.3,18.5,41222.3,76619.56
002586.SZ,2013-05-24,18.7,18.96,18.46,18.89,27856.12,52331.35
002586.SZ,2013-05-27,12.6,12.95,12.41,12.89,64896.42,82718.18
002586.SZ,2013-05-28,12.9,12.93,12.63,12.76,43259.84,55224.32
002586.SZ,2013-05-29,12.88,13.35,12.78,13.18,87462.85,114879.67
002586.SZ,2013-05-30,13.14,13.28,12.94,13.16,49815.55,65422.48
002586.SZ,2013-05-31,13.58,13.65,12.97,13.01,89054.03,118679.81
002586.SZ,2013-06-03,12.9,13.0,12.49,12.51,71109.99,90162.54
002586.SZ,2013-06-04,12.58,12.68,12.4,12.62,36432.2,45634.83
002586.SZ,2013-06-05,12.62,12.62,12.09,12.31,54820.91,67414.27
002586.SZ,2013-06-06,12.28,12.36,11.72,11.81,48782.64,58546.68
002586.SZ,2013-06-07,11.79,12.04,11.48,11.93,33883.66,39906.29
002586.SZ,2013-06-13,11.84,11.85,11.24,11.44,21476.21,24604.49
002586.SZ,2013-06-14,11.58,11.68,11.45,11.53,26445.14,30575.89
002586.SZ,2013-06-17,11.5,11.57,11.1,11.21,39347.67,44354.38
002586.SZ,2013-06-18,11.21,11.55,11.15,11.52,31310.93,35634.52
002586.SZ,2013-06-19,11.42,11.42,11.14,11.25,24121.62,27183.77
002586.SZ,2013-06-20,11.2,11.39,10.98,11.07,24700.39,27552.01
002586.SZ,2013-06-21,10.9,11.13,10.57,11.07,43868.94,47341.37
002586.SZ,2013-06-24,10.96,10.96,10.09,10.28,31576.64,33352.89
002586.SZ,2013-06-25,10.36,10.46,9.38,9.95,54206.32,53659.04
002586.SZ,2013-06-26,10.01,10.18,9.75,10.16,39619.1,39531.38
002586.SZ,2013-06-27,10.41,10.73,10.22,10.25,61811.26,64900.61
002586.SZ,2013-06-28,10.15,11.05,9.89,10.92,75076.97,79550.91
002586.SZ,2013-07-01,10.84,11.14,10.6,11.04,51718.81,56616.57
002586.SZ,2013-07-02,11.07,11.13,10.72,11.1,48055.34,52593.09
002586.SZ,2013-07-03,11.0,11.05,10.5,10.75,34140.17,36734.38
002586.SZ,2013-07-04,10.35,11.05,10.35,10.71,38918.67,42028.13
002586.SZ,2013-07-05,10.75,10.85,10.63,10.7,32785.89,35139.67
002586.SZ,2013-07-08,10.4,11.05,10.11,10.44,44600.53,47340.17
002586.SZ,2013-07-09,10.32,10.62,10.25,10.42,16658.32,17386.3
002586.SZ,2013-07-10,10.5,10.85,10.42,10.81,28339.68,30344.03
002586.SZ,2013-07-11,10.95,11.33,10.95,11.32,67814.87,75870.92
002586.SZ,2013-07-12,11.48,11.55,11.05,11.18,66582.51,74665.32
002586.SZ,2013-07-15,10.89,10.92,10.5,10.83,81311.46,87439.79
002586.SZ,2013-07-16,10.74,11.16,10.7,10.93,64171.95,70331.78
002586.SZ,2013-07-17,10.86,11.0,10.36,10.39,69658.59,74053.57
002586.SZ,2013-07-18,10.4,10.48,10.26,10.39,49258.27,51005.56
002586.SZ,2013-07-19,10.36,11.43,10.28,11.35,151356.88,165839.72
002586.SZ,2013-07-29,11.0,11.07,10.38,10.82,52392.04,56556.21
002586.SZ,2013-07-30,10.89,11.14,10.36,10.8,45813.43,49262.96
002586.SZ,2013-07-31,10.84,11.25,10.73,10.79,40464.71,44556.59
002586.SZ,2013-08-01,10.92,11.53,10.91,11.18,64343.21,72264.53
002586.SZ,2013-08-02,11.13,11.4,10.96,11.07,54560.35,60966.52
002586.SZ,2013-08-05,11.02,11.61,11.0,11.41,84112.88,95173.85
002586.SZ,2013-08-06,11.52,11.64,11.19,11.48,76705.11,87726.66
002586.SZ,2013-08-07,11.45,11.87,11.3,11.6,86679.56,100218.3
002586.SZ,2013-08-08,11.51,12.17,11.45,12.04,100952.7,120022.54
002586.SZ,2013-08-09,12.04,12.09,11.75,11.97,57752.3,68933.9
002586.SZ,2013-08-12,11.91,12.23,11.9,12.01,62729.57,75557.2
002586.SZ,2013-08-13,12.02,12.06,11.77,11.96,38803.2,46192.78
002586.SZ,2013-08-14,11.9,12.4,11.88,12.23,73279.55,88883.52
002586.SZ,2013-08-15,12.0,12.05,11.75,11.75,62275.56,74189.6
002586.SZ,2013-08-16,11.75,11.81,11.3,11.32,42547.74,49196.13
002586.SZ,2013-08-19,11.25,11.49,11.03,11.48,28171.93,31950.95
002586.SZ,2013-08-20,11.48,11.65,11.4,11.58,26335.14,30455.99
002586.SZ,2013-08-21,11.6,11.66,11.26,11.51,34035.42,38997.36
002586.SZ,2013-08-22,11.53,11.56,11.26,11.29,22474.78,25647.43
002586.SZ,2013-08-23,11.35,11.41,10.8,11.07,44926.66,49685.72
002586.SZ,2013-08-26,11.14,11.45,11.0,11.42,36493.07,40958.83
002586.SZ,2013-08-27,11.48,11.48,11.25,11.34,23589.64,26696.92
002586.SZ,2013-08-28,11.24,11.25,10.97,11.04,40688.41,44963.42
002586.SZ,2013-08-29,11.01,11.23,11.0,11.18,20822.34,23117.98
002586.SZ,2013-08-30,11.14,12.22,11.0,11.93,146294.12,171904.07
002586.SZ,2013-09-02,11.9,11.9,11.42,11.64,57668.3,67071.28
002586.SZ,2013-09-03,11.76,12.25,11.72,12.18,89251.78,107153.41
002586.SZ,2013-09-04,12.18,12.18,11.95,12.05,47311.03,56982.08
002586.SZ,2013-09-05,12.03,12.13,11.6,11.74,55226.77,64770.7
002586.SZ,2013-09-06,11.72,11.78,11.59,11.66,29425.44,34332.13
002586.SZ,2013-09-09,11.82,12.12,11.78,11.98,62401.86,74797.72
002586.SZ,2013-09-10,11.97,12.03,11.75,11.93,34507.56,40906.15
002586.SZ,2013-09-11,11.97,12.53,11.83,12.26,86943.78,106463.2
002586.SZ,2013-09-12,12.3,12.43,12.09,12.24,48651.77,59444.58
002586.SZ,2013-09-13,12.3,12.35,11.91,11.94,31511.0,37949.5
002586.SZ,2013-09-16,11.95,11.98,11.72,11.85,23110.07,27326.29
002586.SZ,2013-09-17,11.87,12.03,11.74,11.8,19736.62,23406.22
002586.SZ,2013-09-18,11.88,12.22,11.85,12.05,38033.06,45813.92
002586.SZ,2013-09-23,12.22,12.44,12.11,12.23,47770.57,58638.31
002586.SZ,2013-09-24,12.24,12.29,11.9,12.06,39744.94,47896.11
002586.SZ,2013-09-25,12.05,12.05,11.89,11.92,26231.79,31356.92
002586.SZ,2013-09-26,11.92,11.92,11.63,11.75,24706.41,29029.68
002586.SZ,2013-09-27,11.77,11.78,11.59,11.6,21646.77,25216.73
002586.SZ,2013-09-30,11.77,11.83,11.53,11.76,15284.83,17921.69
002586.SZ,2013-10-08,11.85,12.26,11.85,12.21,49598.85,60256.2
002586.SZ,2013-10-09,12.17,12.33,12.07,12.15,31951.76,38892.63
002586.SZ,2013-10-10,12.11,12.12,11.79,11.9,34146.08,40757.23
002586.SZ,2013-10-11,11.9,12.04,11.85,11.92,26342.4,31421.33
002586.SZ,2013-10-14,11.9,13.11,11.9,13.11,132102.54,168373.57
002586.SZ,2013-10-15,13.34,13.97,12.83,13.7,203771.49,276124.77
002586.SZ,2013-10-16,13.53,13.65,13.22,13.4,96029.34,128902.57
002586.SZ,2013-10-17,13.4,13.84,13.18,13.75,110212.13,149487.6
002586.SZ,2013-10-18,13.6,13.7,13.1,13.47,52897.57,70694.29
002586.SZ,2013-10-21,13.47,14.24,13.25,13.74,84151.95,115497.32
002586.SZ,2013-10-22,13.67,14.18,13.42,13.75,82831.85,113697.68
002586.SZ,2013-10-23,13.7,13.84,13.05,13.2,57615.71,77118.7
002586.SZ,2013-10-24,13.2,13.24,12.76,13.02,32396.69,42098.15
002586.SZ,2013-10-25,12.9,13.24,12.7,13.05,34114.68,44225.26
002586.SZ,2013-10-28,13.05,13.28,12.62,12.72,31006.04,40006.46
002586.SZ,2013-10-29,12.6,12.74,11.78,12.2,60230.58,73081.67
002586.SZ,2013-10-30,12.26,12.72,12.2,12.6,44085.86,55381.28
002586.SZ,2013-10-31,12.6,13.03,12.35,12.99,47844.09,60829.1
002586.SZ,2013-11-01,12.96,13.09,12.68,12.81,29217.47,37540.59
002586.SZ,2013-11-04,13.0,13.08,12.73,12.85,23367.9,30136.78
002586.SZ,2013-11-05,12.82,13.23,12.7,13.2,30079.1,39222.01
002586.SZ,2013-11-06,13.2,13.2,12.6,12.6,37010.13,47654.58
002586.SZ,2013-11-07,12.61,12.65,12.2,12.28,28808.64,35520.81
002586.SZ,2013-11-08,12.2,12.34,11.99,12.08,14384.83,17436.9
002586.SZ,2013-11-11,12.08,12.39,12.0,12.17,17422.67,21273.0
002586.SZ,2013-11-12,12.17,12.55,12.05,12.52,21509.03,26473.59
002586.SZ,2013-11-13,12.44,12.52,12.18,12.25,21777.61,26845.85
002586.SZ,2013-11-14,12.18,12.39,12.11,12.32,19563.44,24032.96
002586.SZ,2013-11-15,12.32,12.67,12.32,12.52,24378.5,30564.46
002586.SZ,2013-11-18,12.47,12.94,12.47,12.81,35222.0,44981.23
002586.SZ,2013-11-19,12.8,12.99,12.66,12.9,26417.26,33866.68
002586.SZ,2013-11-20,12.9,13.34,12.7,13.13,39312.18,51348.23
002586.SZ,2013-11-21,13.04,13.04,12.66,12.76,37381.2,47841.53
002586.SZ,2013-11-22,12.73,12.86,12.68,12.8,22350.49,28580.37
002586.SZ,2013-11-25,13.41,14.0,13.4,13.51,125971.68,171988.34
002586.SZ,2013-11-26,13.4,14.35,13.27,13.95,156300.48,218312.88
002586.SZ,2013-11-27,13.85,13.85,13.5,13.7,75779.65,103263.18
002586.SZ,2013-11-28,13.78,13.84,13.63,13.7,51800.5,71123.69
002586.SZ,2013-11-29,13.77,13.78,13.27,13.6,77821.28,105166.31
002586.SZ,2013-12-02,13.28,13.35,12.35,12.76,63037.23,81120.77
002586.SZ,2013-12-03,12.53,13.05,12.42,12.93,29096.84,37312.44
002586.SZ,2013-12-04,12.84,13.25,12.84,13.21,43166.52,56688.42
002586.SZ,2013-12-05,13.1,13.17,12.97,13.04,24196.71,31564.83
002586.SZ,2013-12-06,13.0,13.11,12.82,12.82,24711.18,32119.43
002586.SZ,2013-12-09,13.02,13.39,13.01,13.32,42673.55,56350.19
002586.SZ,2013-12-10,13.58,13.58,13.0,13.01,41041.11,54298.9
002586.SZ,2013-12-11,13.11,13.18,12.67,12.78,27561.77,35378.91
002586.SZ,2013-12-12,12.77,13.17,12.73,13.14,33158.74,42858.54
002586.SZ,2013-12-13,13.39,13.94,13.37,13.4,66809.24,90802.15
002586.SZ,2013-12-16,13.69,13.7,13.26,13.42,37563.56,50482.14
002586.SZ,2013-12-17,13.43,13.59,13.11,13.15,29974.28,39934.18
002586.SZ,2013-12-18,13.13,13.26,13.01,13.13,16138.01,21162.21
002586.SZ,2013-12-19,13.28,13.49,13.18,13.29,26373.42,35217.57
002586.SZ,2013-12-20,13.18,13.33,12.85,12.93,24581.95,31920.9
002586.SZ,2013-12-23,12.94,12.95,12.35,12.49,30312.96,38193.83
002586.SZ,2013-12-24,12.57,12.85,12.38,12.44,25749.98,32376.03
002586.SZ,2013-12-25,12.46,12.87,12.46,12.79,22544.9,28562.15
002586.SZ,2013-12-26,12.77,12.84,12.4,12.4,20597.31,25852.84
002586.SZ,2013-12-27,12.48,12.65,12.41,12.6,22488.35,28194.43
002586.SZ,2013-12-30,12.62,12.76,12.55,12.73,17797.94,22518.75
002586.SZ,2014-01-02,12.62,12.87,12.62,12.81,21471.91,27472.56
002586.SZ,2014-01-03,12.71,12.78,12.4,12.5,22090.68,27699.33
002586.SZ,2014-01-06,12.48,12.6,12.2,12.21,16399.05,20314.93
002586.SZ,2014-01-07,12.16,12.39,12.02,12.26,13977.63,17125.89
002586.SZ,2014-01-08,12.22,12.43,12.22,12.36,13342.96,16438.93
002586.SZ,2014-01-09,12.38,12.38,11.89,11.89,17263.93,20969.33
002586.SZ,2014-01-10,11.85,11.85,11.06,11.44,31831.76,36251.33
002586.SZ,2014-01-13,11.36,11.49,10.88,11.08,28899.32,32275.44
002586.SZ,2014-01-14,11.07,11.34,11.01,11.25,14462.85,16185.19
002586.SZ,2014-01-15,11.39,11.73,11.37,11.53,21336.77,24652.4
002586.SZ,2014-01-16,11.45,11.57,11.32,11.37,19137.68,21851.45
002586.SZ,2014-01-17,11.39,11.42,11.0,11.19,17610.88,19699.5
002586.SZ,2014-01-20,11.19,11.21,10.68,10.79,28782.31,31454.55
002586.SZ,2014-01-21,10.94,11.07,10.75,10.79,35978.47,39028.19
002586.SZ,2014-01-22,10.83,11.14,10.79,11.09,41132.13,45277.26
002586.SZ,2014-01-23,11.11,11.46,11.05,11.32,33281.58,37483.08
002586.SZ,2014-01-24,11.32,11.6,11.21,11.42,33326.22,38215.41
002586.SZ,2014-01-27,11.39,11.48,11.26,11.38,19649.8,22323.92
002586.SZ,2014-01-28,11.46,11.55,11.24,11.39,14113.96,16058.64
002586.SZ,2014-01-29,11.44,11.48,11.31,11.43,16590.36,18920.97
002586.SZ,2014-01-30,11.43,11.45,11.03,11.06,27695.73,31000.71
002586.SZ,2014-02-07,10.9,11.3,10.9,11.29,15113.74,16890.39
002586.SZ,2014-02-10,11.32,11.68,11.25,11.64,28081.45,32417.93
002586.SZ,2014-02-11,11.65,11.8,11.5,11.63,38510.24,44892.7
002586.SZ,2014-02-12,11.57,11.87,11.57,11.86,31321.55,36886.01
002586.SZ,2014-02-13,12.0,12.65,11.96,12.14,120760.84,148413.87
002586.SZ,2014-02-14,12.18,12.65,12.15,12.31,64376.58,79774.67
002586.SZ,2014-02-17,12.35,12.95,12.35,12.73,77499.62,98124.61
002586.SZ,2014-02-18,12.92,13.11,12.51,12.7,88305.47,113281.32
002586.SZ,2014-02-19,12.71,13.05,12.57,13.05,65375.08,83589.15
002586.SZ,2014-02-20,13.35,13.4,12.64,12.66,70898.46,92176.06
002586.SZ,2014-02-21,12.41,12.91,12.41,12.58,29539.6,37266.05
002586.SZ,2014-02-24,12.61,12.61,12.05,12.32,53740.95,66250.7
002586.SZ,2014-02-25,12.32,12.48,11.91,12.02,55051.13,67353.93
002586.SZ,2014-02-26,12.0,12.17,11.68,12.07,40830.32,48898.93
002586.SZ,2014-02-27,12.07,12.23,11.75,11.77,55445.2,66324.35
002586.SZ,2014-02-28,11.77,12.3,11.74,12.25,45931.04,55677.6
002586.SZ,2014-03-03,12.25,12.48,12.09,12.44,31336.84,38516.77
002586.SZ,2014-03-04,12.38,12.38,12.02,12.16,36591.2,44408.69
002586.SZ,2014-03-05,12.18,12.2,11.88,11.93,34264.42,41196.36
002586.SZ,2014-03-06,12.01,12.12,11.9,12.09,25099.48,30202.64
002586.SZ,2014-03-07,12.09,12.1,11.8,11.84,26298.44,31470.38
002586.SZ,2014-03-10,11.89,12.0,11.41,11.7,50670.89,59074.38
002586.SZ,2014-03-11,11.66,11.82,11.45,11.65,30104.83,34992.62
002586.SZ,2014-03-12,11.65,11.76,11.5,11.71,17184.13,19991.05
002586.SZ,2014-03-13,11.63,11.78,11.6,11.76,18423.36,21601.83
002586.SZ,2014-03-14,11.69,11.77,11.45,11.58,18617.84,21599.19
002586.SZ,2014-03-17,11.58,11.71,11.46,11.71,19400.93,22554.29
002586.SZ,2014-03-18,11.75,11.98,11.66,11.7,30709.01,36313.97
002586.SZ,2014-03-19,11.78,11.96,11.72,11.89,28193.17,33446.17
002586.SZ,2014-03-20,11.85,11.95,11.3,11.37,38006.55,44159.42
002586.SZ,2014-03-21,11.3,11.78,11.22,11.61,26934.59,30848.67
002586.SZ,2014-03-24,11.61,11.69,11.5,11.58,19162.98,22217.95
002586.SZ,2014-03-25,11.6,11.67,11.0,11.51,30996.88,35315.12
002586.SZ,2014-03-26,11.48,11.48,11.26,11.39,19136.54,21702.98
002586.SZ,2014-03-27,11.34,11.34,11.0,11.01,41766.46,46281.33
002586.SZ,2014-03-28,10.98,11.17,10.9,11.03,28785.38,31730.24
002586.SZ,2014-03-31,11.0,11.28,11.0,11.13,14847.96,16546.05
002586.SZ,2014-04-01,11.14,11.26,11.14,11.23,12689.63,14200.62
002586.SZ,2014-04-02,11.18,11.3,11.14,11.18,11702.7,13116.08
002586.SZ,2014-04-03,11.18,11.62,11.15,11.52,28329.28,32326.62
002586.SZ,2014-04-04,11.52,11.57,11.36,11.47,17542.09,20153.5
002586.SZ,2014-04-08,11.46,11.5,11.28,11.43,18712.33,21315.91
002586.SZ,2014-04-09,11.45,11.55,11.41,11.49,18839.81,21618.34
002586.SZ,2014-04-10,11.46,11.58,11.44,11.51,18910.47,21778.24
002586.SZ,2014-04-11,11.5,11.54,11.2,11.39,24091.75,27220.46
002586.SZ,2014-04-14,11.36,11.4,11.24,11.35,11975.58,13541.77
002586.SZ,2014-04-15,11.31,11.36,11.25,11.35,13730.09,15516.38
002586.SZ,2014-04-16,11.37,11.54,11.35,11.48,21343.79,24481.58
002586.SZ,2014-04-17,11.58,11.87,11.43,11.72,38512.68,44856.66
002586.SZ,2014-04-18,11.64,11.65,11.5,11.54,23499.6,27173.05
002586.SZ,2014-04-21,11.4,11.63,11.31,11.46,22530.87,25876.23
002586.SZ,2014-04-22,11.48,11.8,11.38,11.64,35548.17,41328.21
002586.SZ,2014-04-23,11.55,11.72,11.48,11.72,17064.57,19749.4
002586.SZ,2014-04-24,11.66,11.66,11.52,11.59,12394.23,14337.41
002586.SZ,2014-04-25,11.56,11.56,11.15,11.23,16801.15,19069.43
002586.SZ,2014-04-28,11.1,11.44,10.94,11.16,19001.26,21227.4
002586.SZ,2014-04-29,11.2,11.23,11.08,11.18,8927.97,9954.42
002586.SZ,2014-04-30,11.21,11.22,11.1,11.17,8453.45,9419.64
002586.SZ,2014-05-05,11.18,11.28,11.01,11.24,9182.18,10236.99
002586.SZ,2014-05-06,11.27,11.34,11.2,11.28,13053.8,14719.94
002586.SZ,2014-05-07,11.2,11.25,11.05,11.18,15291.62,17032.24
002586.SZ,2014-05-08,11.15,11.33,11.1,11.2,11253.05,12651.89
002586.SZ,2014-05-09,11.24,11.24,11.01,11.16,9776.98,10845.63
002586.SZ,2014-05-12,11.32,11.35,11.19,11.3,18076.22,20390.11
002586.SZ,2014-05-13,11.29,11.44,11.23,11.36,11943.64,13537.98
002586.SZ,2014-05-14,11.43,11.43,11.23,11.26,8515.74,9603.8
002586.SZ,2014-05-15,11.2,11.25,11.03,11.03,9888.99,11016.82
002586.SZ,2014-05-16,10.91,11.63,10.9,11.2,16000.89,17945.67
002586.SZ,2014-05-19,11.15,11.16,10.97,11.05,9978.24,11034.28
002586.SZ,2014-05-20,11.13,11.2,11.06,11.15,7855.2,8755.92
002586.SZ,2014-05-21,11.29,11.29,11.15,11.2,15564.39,17446.13
002586.SZ,2014-05-22,11.37,11.46,11.05,11.26,33306.9,37643.53
002586.SZ,2014-05-23,11.17,11.22,11.03,11.2,13286.55,14795.53
002586.SZ,2014-05-26,11.19,11.28,11.18,11.26,14500.54,16284.64
002586.SZ,2014-05-27,11.28,11.32,11.18,11.26,13827.29,15567.64
002586.SZ,2014-05-28,11.24,11.34,11.06,11.31,21221.67,23827.42
002586.SZ,2014-05-29,11.42,11.58,11.2,11.22,43630.59,49644.38
002586.SZ,2014-05-30,11.24,11.28,11.08,11.27,18560.47,20749.71
002586.SZ,2014-06-03,11.27,11.31,11.15,11.31,13966.4,15652.0
002586.SZ,2014-06-04,11.24,11.63,11.23,11.37,21769.17,24833.09
002586.SZ,2014-06-05,11.29,11.53,11.28,11.52,22414.52,25681.85
002586.SZ,2014-06-06,11.41,11.49,11.33,11.48,19820.22,22639.81
002586.SZ,2014-06-09,11.5,11.65,11.44,11.65,36309.72,41936.53
002586.SZ,2014-06-10,11.63,11.74,11.52,11.63,30891.39,35983.3
002586.SZ,2014-06-11,11.55,11.71,11.33,11.46,30572.19,35062.37
002586.SZ,2014-06-12,11.45,11.46,11.35,11.39,17433.76,19900.65
002586.SZ,2014-06-13,11.39,11.58,11.35,11.49,23269.96,26718.3
002586.SZ,2014-06-16,11.49,11.72,11.38,11.71,48473.4,56158.78
002586.SZ,2014-06-17,11.69,11.86,11.53,11.73,54361.52,63812.49
002586.SZ,2014-06-18,11.73,11.73,11.45,11.48,25628.87,29656.3
002586.SZ,2014-06-19,11.41,11.54,11.04,11.38,26551.09,29919.46
002586.SZ,2014-06-20,11.27,11.36,11.16,11.34,9926.02,11196.96
002586.SZ,2014-06-23,11.3,11.43,11.28,11.32,11335.17,12848.56
002586.SZ,2014-06-24,11.28,11.37,11.25,11.35,13105.72,14800.8
002586.SZ,2014-06-25,11.35,11.42,11.2,11.31,12273.93,13828.61
002586.SZ,2014-06-26,11.3,11.39,11.26,11.34,22347.35,25351.39
002586.SZ,2014-06-27,11.33,11.59,11.33,11.59,28753.98,33031.45
002586.SZ,2014-06-30,11.54,11.97,11.52,11.7,28261.23,32959.37
002586.SZ,2014-07-01,11.68,11.95,11.56,11.95,36760.61,43278.95
002586.SZ,2014-07-02,11.85,11.87,11.71,11.81,25279.56,29834.67
002586.SZ,2014-07-03,11.9,11.99,11.78,11.91,34094.31,40574.25
002586.SZ,2014-07-04,11.91,12.06,11.87,11.91,32221.95,38458.67
002586.SZ,2014-07-07,11.88,11.94,11.72,11.92,16959.09,20010.96
002586.SZ,2014-07-08,11.83,12.18,11.72,12.01,34323.21,41161.04
002586.SZ,2014-07-09,12.01,12.13,11.82,11.91,25214.28,30212.23
002586.SZ,2014-07-10,11.9,12.38,11.81,11.95,24360.61,29237.27
002586.SZ,2014-07-11,11.88,12.08,11.85,12.08,28769.94,34533.48
002586.SZ,2014-07-14,12.08,12.19,12.01,12.18,31065.36,37627.86
002586.SZ,2014-07-15,12.19,12.2,12.04,12.12,17067.2,20670.22
002586.SZ,2014-07-16,12.12,12.49,12.12,12.33,59478.94,73472.72
002586.SZ,2014-07-17,12.33,12.37,12.12,12.24,24546.03,29907.28
002586.SZ,2014-07-18,12.21,12.57,12.03,12.04,26898.29,32978.19
002586.SZ,2014-07-21,12.05,12.05,11.81,11.9,23542.92,28030.55
002586.SZ,2014-07-22,11.9,12.04,11.83,11.97,19365.6,23118.22
002586.SZ,2014-07-23,12.1,12.1,11.62,11.83,20776.96,24567.74
002586.SZ,2014-07-24,11.81,11.86,11.65,11.78,17567.46,20655.22
002586.SZ,2014-07-25,11.8,11.93,11.8,11.92,10790.83,12823.7
002586.SZ,2014-07-28,11.91,12.09,11.91,12.04,24812.21,29812.56
002586.SZ,2014-07-29,12.02,12.2,12.02,12.17,23913.65,28991.28
002586.SZ,2014-07-30,12.18,12.2,12.05,12.1,20019.0,24245.6
002586.SZ,2014-07-31,12.08,12.36,12.08,12.28,32964.87,40423.79
002586.SZ,2014-08-01,12.26,12.35,12.06,12.24,24612.9,30010.83
002586.SZ,2014-08-04,12.2,12.32,12.15,12.29,20489.38,25097.46
002586.SZ,2014-08-05,12.24,12.34,12.11,12.24,29071.39,35577.84
002586.SZ,2014-08-06,12.2,12.39,12.12,12.34,30823.54,37834.78
002586.SZ,2014-08-07,12.36,12.4,12.17,12.31,29092.47,35743.47
002586.SZ,2014-08-08,12.22,12.33,12.19,12.33,20000.67,24508.07
002586.SZ,2014-08-11,12.33,12.82,12.32,12.46,40024.63,49864.52
002586.SZ,2014-08-12,12.43,13.08,12.39,12.88,131419.22,168970.4
002586.SZ,2014-08-13,12.78,13.15,12.69,12.86,129076.07,166668.71
002586.SZ,2014-08-14,12.77,13.98,12.59,13.08,142026.78,185894.48
002586.SZ,2014-08-15,13.11,13.11,12.89,13.07,50281.61,65438.01
002586.SZ,2014-08-18,13.01,13.24,12.98,13.12,45788.01,59849.26
002586.SZ,2014-08-19,13.12,13.16,12.79,12.89,49145.89,63549.15
002586.SZ,2014-08-20,12.98,13.18,12.92,12.95,50261.73,65617.49
002586.SZ,2014-08-21,12.95,13.07,12.77,12.91,45999.37,59371.97
002586.SZ,2014-08-22,13.0,13.43,12.93,13.32,82162.29,108183.68
002586.SZ,2014-08-25,13.4,13.7,13.14,13.15,103500.76,139317.03
002586.SZ,2014-08-26,13.15,13.18,12.73,12.74,57231.82,73715.56
002586.SZ,2014-08-27,12.77,12.9,12.71,12.85,30153.74,38533.58
002586.SZ,2014-08-28,12.92,12.92,12.59,12.68,28032.83,35707.96
002586.SZ,2014-08-29,12.7,12.83,12.63,12.76,16314.21,20737.48
002586.SZ,2014-09-01,12.76,12.98,12.74,12.95,26455.35,34055.93
002586.SZ,2014-09-02,12.96,13.28,12.95,13.23,52094.04,68631.45
002586.SZ,2014-09-03,13.28,13.38,13.08,13.25,65810.02,87004.74
002586.SZ,2014-09-04,13.22,13.28,13.11,13.26,45408.01,59954.96
002586.SZ,2014-09-05,13.21,13.28,13.0,13.14,44985.81,58941.98
002586.SZ,2014-09-09,13.12,13.17,13.0,13.06,40495.46,52947.34
002586.SZ,2014-09-10,13.08,13.46,13.01,13.33,68626.19,91113.33
002586.SZ,2014-09-11,13.32,13.42,13.14,13.19,57956.86,76875.85
002586.SZ,2014-09-12,13.19,13.69,13.13,13.55,70752.66,94659.84
002586.SZ,2014-09-15,13.69,13.69,13.39,13.52,75109.89,101512.04
002586.SZ,2014-09-16,13.52,13.55,13.03,13.04,70802.04,94220.18
002586.SZ,2014-09-17,13.08,13.16,12.82,13.06,50550.22,65700.79
002586.SZ,2014-09-18,13.06,13.08,12.88,13.06,38893.99,50519.61
002586.SZ,2014-09-19,13.04,13.15,12.94,13.05,41989.29,54769.89
002586.SZ,2014-09-22,13.05,13.05,12.68,12.73,43337.05,55492.74
002586.SZ,2014-09-23,12.73,12.94,12.73,12.92,59283.79,76063.88
002586.SZ,2014-09-24,12.94,13.03,12.85,13.0,74874.95,96862.02
002586.SZ,2014-09-25,13.01,13.08,12.8,12.87,85246.37,110636.88
002586.SZ,2014-09-26,12.78,12.97,12.7,12.94,63049.39,80907.94
002586.SZ,2014-09-29,12.92,12.96,12.81,12.87,73173.3,94320.64
002586.SZ,2014-09-30,12.88,13.27,12.87,13.25,126729.56,166508.74
002586.SZ,2014-10-08,13.32,13.45,13.16,13.39,125562.1,167423.18
002586.SZ,2014-10-09,13.38,13.45,13.13,13.26,78524.01,104264.21
002586.SZ,2014-10-10,13.2,13.36,13.1,13.29,69553.59,92184.97
002586.SZ,2014-10-13,13.18,13.47,13.15,13.46,86652.42,115596.04
002586.SZ,2014-10-14,13.46,13.7,13.25,13.33,95963.7,129424.96
002586.SZ,2014-10-15,13.44,13.68,13.33,13.65,111349.07,150983.85
002586.SZ,2014-10-16,13.55,13.64,13.2,13.25,76301.53,102795.17
002586.SZ,2014-10-17,13.26,13.31,12.59,12.8,76120.93,98006.01
002586.SZ,2014-10-20,12.81,12.91,12.7,12.89,34451.92,44208.69
002586.SZ,2014-10-21,12.91,13.13,12.82,12.88,42165.35,54689.21
002586.SZ,2014-10-22,12.89,12.94,12.53,12.55,33385.63,42475.57
002586.SZ,2014-10-23,12.53,12.63,12.3,12.45,38605.39,47920.07
002586.SZ,2014-10-24,12.46,12.57,12.3,12.39,22507.37,27953.81
002586.SZ,2014-10-27,12.36,12.55,12.35,12.38,24257.13,30186.76
002586.SZ,2014-10-28,12.41,12.72,12.39,12.69,38713.06,48643.29
002586.SZ,2014-10-29,12.71,12.87,12.61,12.78,43104.96,55051.19
002586.SZ,2014-10-30,12.76,12.87,12.65,12.7,45584.12,58075.3
002586.SZ,2014-10-31,12.75,12.75,12.46,12.57,36771.26,46213.91
002586.SZ,2014-11-03,12.58,12.89,12.58,12.75,42102.32,53757.89
002586.SZ,2014-11-04,12.85,13.52,12.84,13.41,165814.88,221062.57
002586.SZ,2014-11-05,13.41,13.41,13.09,13.17,50911.97,67173.25
002586.SZ,2014-11-06,13.25,13.27,13.09,13.24,38498.45,50765.94
002586.SZ,2014-11-07,13.27,13.48,12.8,12.92,86580.76,114542.42
002586.SZ,2014-11-10,12.92,13.35,12.83,13.31,76409.3,99835.71
002586.SZ,2014-11-11,13.29,13.31,12.66,12.95,74768.11,96824.46
002586.SZ,2014-11-12,12.95,13.18,12.85,13.17,41518.2,54213.11
002586.SZ,2014-11-13,13.15,13.25,12.77,12.97,58048.23,75358.69
002586.SZ,2014-11-14,12.88,13.04,12.71,12.87,31588.1,40583.85
002586.SZ,2014-11-17,12.88,13.46,12.88,13.4,98253.07,130150.54
002586.SZ,2014-11-18,13.4,13.57,13.18,13.55,78485.65,105223.0
002586.SZ,2014-11-19,13.43,13.75,13.36,13.48,97347.01,131828.71
002586.SZ,2014-11-20,13.51,13.94,13.33,13.89,135445.12,186296.91
002586.SZ,2014-11-21,13.82,14.04,13.71,13.91,93907.25,129947.91
002586.SZ,2014-11-24,14.02,14.04,13.6,13.79,104614.55,144358.1
002586.SZ,2014-11-25,13.78,13.98,13.63,13.81,78217.69,107649.33
002586.SZ,2014-11-26,13.92,14.5,13.9,14.08,140547.64,199437.39
002586.SZ,2014-11-27,14.02,14.25,13.72,13.9,90140.75,125936.52
002586.SZ,2014-11-28,14.0,14.22,13.74,13.99,83286.2,116193.31
002586.SZ,2014-12-01,14.22,14.4,13.6,13.65,108788.93,151771.51
002586.SZ,2014-12-02,13.65,13.86,13.52,13.67,78586.71,107491.1
002586.SZ,2014-12-03,13.66,13.77,13.29,13.55,93207.89,125790.82
002586.SZ,2014-12-04,13.54,13.69,13.49,13.64,58374.41,79343.91
002586.SZ,2014-12-05,13.61,13.62,12.56,12.91,98731.78,129115.84
002586.SZ,2014-12-08,12.88,12.91,12.59,12.72,94056.2,119743.76
002586.SZ,2014-12-09,12.69,12.69,12.33,12.34,68309.71,85535.75
002586.SZ,2014-12-10,12.34,12.78,12.23,12.78,47485.27,59793.1
002586.SZ,2014-12-11,12.77,12.91,12.66,12.83,42351.44,54279.28
002586.SZ,2014-12-12,12.9,13.0,12.78,12.94,42025.61,54090.46
002586.SZ,2014-12-15,12.98,13.25,12.88,13.18,63829.19,83588.23
002586.SZ,2014-12-16,13.14,13.19,12.89,12.95,38067.5,49466.23
002586.SZ,2014-12-17,12.88,12.88,12.41,12.49,54171.54,68235.52
002586.SZ,2014-12-18,12.49,12.7,12.48,12.51,31348.88,39449.19
002586.SZ,2014-12-19,12.66,12.74,12.4,12.61,34849.93,43840.15
002586.SZ,2014-12-22,12.74,12.79,12.04,12.25,56251.26,69777.5
002586.SZ,2014-12-23,12.2,12.35,11.8,11.81,42367.48,51160.96
002586.SZ,2014-12-24,11.98,12.25,11.95,12.21,30431.54,36927.34
002586.SZ,2014-12-25,12.19,12.43,12.08,12.29,25063.17,30717.04
002586.SZ,2014-12-26,12.26,12.32,12.16,12.24,31212.67,38153.61
002586.SZ,2014-12-29,12.21,12.49,11.98,12.2,48455.04,59066.37
002586.SZ,2014-12-30,12.26,12.26,11.88,11.92,31322.44,37696.62
002586.SZ,2015-01-05,12.1,12.29,11.97,12.25,41304.23,50220.17
002586.SZ,2015-01-06,12.24,12.34,12.06,12.33,39216.94,47944.15
002586.SZ,2015-01-07,12.32,12.57,12.22,12.32,48123.56,59563.84
002586.SZ,2015-01-08,12.35,12.35,12.21,12.25,26466.64,32461.42
002586.SZ,2015-01-09,12.25,12.39,12.05,12.07,25738.57,31569.93
002586.SZ,2015-01-12,12.0,12.07,11.73,11.74,29354.23,34821.79
002586.SZ,2015-01-13,11.74,11.87,11.7,11.87,17843.06,21062.88
002586.SZ,2015-01-14,11.87,12.05,11.8,11.89,20062.64,23888.98
002586.SZ,2015-01-15,11.8,12.06,11.8,11.91,18020.04,21479.95
002586.SZ,2015-01-16,11.91,12.08,11.9,12.06,20803.65,24924.67
002586.SZ,2015-01-19,11.9,12.33,11.76,11.88,40635.36,48960.46
002586.SZ,2015-01-20,11.94,12.25,11.94,12.23,33191.09,40251.62
002586.SZ,2015-01-21,12.25,12.8,12.25,12.66,91516.77,115025.8
002586.SZ,2015-01-22,12.67,13.07,12.62,12.89,86952.74,111554.48
002586.SZ,2015-01-23,12.92,13.02,12.79,12.87,63508.07,81788.25
002586.SZ,2015-01-26,12.87,13.38,12.6,13.22,94953.48,124521.49
002586.SZ,2015-01-27,13.21,13.3,12.9,13.15,69323.26,90852.7
002586.SZ,2015-01-28,13.1,13.22,13.01,13.1,63090.14,82899.67
002586.SZ,2015-01-29,13.0,13.19,12.86,13.11,55442.34,72695.71
002586.SZ,2015-01-30,13.11,13.16,12.79,12.89,50584.22,65450.44
002586.SZ,2015-02-02,12.69,12.85,12.6,12.65,40365.51,51361.93
002586.SZ,2015-02-03,12.68,12.82,12.52,12.67,68368.53,86179.39
002586.SZ,2015-02-04,12.73,12.79,12.56,12.58,39485.54,49956.35
002586.SZ,2015-02-05,12.66,12.78,12.48,12.5,52830.86,66766.69
002586.SZ,2015-02-06,12.5,12.5,11.9,12.05,59326.42,72068.01
002586.SZ,2015-02-09,11.97,12.16,11.92,12.01,24670.64,29800.84
002586.SZ,2015-02-10,12.06,12.17,11.98,12.17,17715.12,21418.05
002586.SZ,2015-02-11,12.17,12.28,12.09,12.26,24952.57,30387.32
002586.SZ,2015-02-12,12.25,12.38,12.21,12.24,21050.19,25860.32
002586.SZ,2015-02-13,12.29,12.5,12.23,12.46,53190.24,65694.31
002586.SZ,2015-02-16,12.44,12.68,12.43,12.58,40369.31,50650.82
002586.SZ,2015-02-17,12.59,12.79,12.5,12.72,42899.6,54179.67
002586.SZ,2015-02-25,12.72,12.74,12.56,12.61,30840.99,39061.62
002586.SZ,2015-02-26,12.66,12.95,12.66,12.77,46780.47,59786.42
002586.SZ,2015-02-27,12.7,12.76,12.61,12.74,50448.86,63952.81
002586.SZ,2015-03-02,12.78,12.91,12.72,12.89,61261.81,78586.57
002586.SZ,2015-03-03,12.82,13.78,12.78,13.48,200427.22,267722.83
002586.SZ,2015-03-04,13.48,13.77,13.35,13.61,112738.04,153224.62
002586.SZ,2015-03-05,13.7,14.5,13.7,14.06,181512.7,256358.11
002586.SZ,2015-03-06,14.19,14.62,14.01,14.19,111963.84,160378.52
002586.SZ,2015-03-09,14.2,15.61,13.92,15.61,151792.38,228183.19
002586.SZ,2015-03-10,16.02,16.35,15.5,15.95,169064.45,268235.32
002586.SZ,2015-03-11,15.88,15.88,15.4,15.52,102934.38,160517.22
002586.SZ,2015-03-12,15.52,15.75,15.0,15.07,102599.81,157463.93
002586.SZ,2015-03-13,15.07,15.45,14.76,15.16,113102.35,170606.43
002586.SZ,2015-03-16,15.41,15.41,14.98,15.33,112128.91,170571.89
002586.SZ,2015-03-17,15.32,15.55,15.06,15.54,121324.65,186043.1
002586.SZ,2015-03-18,15.45,16.48,15.3,16.19,139869.2,222044.55
002586.SZ,2015-03-19,15.95,16.65,15.8,16.0,127336.45,205609.87
002586.SZ,2015-03-20,16.08,16.57,15.69,16.09,119927.84,192938.78
002586.SZ,2015-03-23,16.13,16.13,15.61,15.79,165746.53,260955.39
002586.SZ,2015-03-24,15.71,15.78,15.12,15.53,150838.2,233257.13
002586.SZ,2015-03-25,15.52,15.64,15.35,15.47,94325.21,146250.45
002586.SZ,2015-03-26,15.37,15.82,15.15,15.8,140341.87,218742.46
002586.SZ,2015-03-27,15.85,16.6,15.81,16.28,180773.96,292939.79
002586.SZ,2015-03-30,16.24,17.05,16.18,16.6,193355.38,321110.88
002586.SZ,2015-03-31,16.59,16.59,15.88,15.99,158465.11,256023.83
002586.SZ,2015-04-01,16.01,16.66,16.01,16.43,123647.01,202569.93
002586.SZ,2015-04-02,16.51,16.69,16.13,16.43,108130.8,177470.59
002586.SZ,2015-04-03,16.43,18.07,16.18,18.07,271402.64,480479.47
002586.SZ,2015-04-07,18.38,19.88,18.25,19.29,313891.19,606839.5
002586.SZ,2015-04-08,19.41,19.6,18.25,19.13,247532.52,465250.54
002586.SZ,2015-04-09,18.89,18.89,17.22,18.21,175965.49,318441.56
002586.SZ,2015-04-10,17.99,19.1,17.65,18.92,144039.64,267627.11
002586.SZ,2015-04-13,18.92,19.66,18.85,19.35,181283.15,350417.57
002586.SZ,2015-04-14,19.32,19.32,18.28,18.99,92208.44,173986.23
002586.SZ,2015-04-15,18.58,19.89,18.58,18.85,125539.19,241844.86
002586.SZ,2015-04-16,19.15,20.74,19.15,20.74,143453.66,295845.4
002586.SZ,2015-04-17,22.6,22.74,20.48,20.85,216476.8,464613.58
002586.SZ,2015-04-20,20.88,22.75,20.88,21.79,223318.09,490165.23
002586.SZ,2015-04-21,22.1,23.97,20.7,23.65,257168.48,568452.43
002586.SZ,2015-04-22,23.02,25.76,23.02,25.4,221656.73,541726.12
002586.SZ,2015-04-23,24.81,25.2,23.88,24.22,159298.22,389965.34
002586.SZ,2015-04-24,23.95,24.13,22.88,23.12,144129.34,335814.28
002586.SZ,2015-04-27,23.12,24.1,22.33,22.98,169585.36,390177.11
002586.SZ,2015-04-28,22.98,23.57,21.83,23.4,195314.02,445419.37
002586.SZ,2015-04-29,23.5,25.74,23.4,25.74,191558.65,471590.49
002586.SZ,2015-04-30,25.99,27.77,24.76,24.99,265955.04,680656.38
002586.SZ,2015-09-02,11.21,11.21,11.21,11.21,2268.0,2542.43
002586.SZ,2015-09-07,10.09,10.09,10.09,10.09,6571.0,6630.14
002586.SZ,2015-09-08,9.08,9.08,9.08,9.08,6352.0,5767.62
002586.SZ,2015-09-09,8.17,9.45,8.17,8.99,1586241.04,1335541.91
002586.SZ,2015-09-10,8.3,8.49,8.09,8.09,871563.7,718454.19
002586.SZ,2015-09-11,7.75,8.17,7.57,7.8,533241.76,417935.39
002586.SZ,2015-09-14,7.88,7.97,7.02,7.02,464624.47,345609.6
002586.SZ,2015-09-15,6.6,6.65,6.32,6.32,411437.9,262869.96
002586.SZ,2015-09-16,6.13,6.92,6.13,6.78,487539.6,317268.06
002586.SZ,2015-09-17,6.64,7.17,6.4,6.6,560243.1,377139.25
002586.SZ,2015-09-18,6.55,6.95,6.47,6.88,435360.42,292489.34
002586.SZ,2015-09-21,6.83,7.35,6.57,7.2,598472.94,417357.49
002586.SZ,2015-09-22,7.19,7.35,7.01,7.12,560696.34,403539.1
002586.SZ,2015-09-23,6.92,6.98,6.74,6.78,330200.28,226233.05
002586.SZ,2015-09-24,6.82,6.92,6.72,6.82,215630.9,147452.72
002586.SZ,2015-09-25,6.84,6.85,6.29,6.41,235277.6,154532.75
002586.SZ,2015-09-28,6.41,6.46,6.23,6.43,140659.63,89555.18
002586.SZ,2015-09-29,6.35,6.35,6.16,6.2,142105.68,88994.37
002586.SZ,2015-09-30,6.26,6.3,6.14,6.2,107236.27,66574.63
002586.SZ,2015-10-08,6.41,6.51,6.3,6.45,205653.9,131996.42
002586.SZ,2015-10-09,6.47,6.72,6.4,6.58,217479.26,142488.16
002586.SZ,2015-10-12,6.63,6.96,6.63,6.91,315269.05,215499.33
002586.SZ,2015-10-13,6.88,7.02,6.8,6.95,254985.57,176536.95
002586.SZ,2015-10-14,6.9,7.2,6.87,6.99,299292.75,210426.67
002586.SZ,2015-10-15,6.98,7.18,6.9,7.14,286560.28,202550.33
002586.SZ,2015-10-16,7.18,7.85,7.14,7.85,644282.3,486040.12
002586.SZ,2015-10-19,8.1,8.44,7.86,8.29,882078.09,717684.74
002586.SZ,2015-10-20,8.1,8.2,7.95,8.2,459494.4,371587.56
002586.SZ,2015-10-21,8.21,8.44,7.38,7.38,505798.43,397212.51
002586.SZ,2015-10-22,7.34,7.7,7.13,7.65,355831.56,266311.45
002586.SZ,2015-10-23,7.69,7.8,7.41,7.72,411609.75,312249.49
002586.SZ,2015-10-26,7.8,8.24,7.8,8.06,507506.96,407915.72
002586.SZ,2015-10-27,7.85,7.99,7.51,7.89,342611.08,267334.08
002586.SZ,2015-10-28,7.82,8.1,7.65,7.72,288968.23,228905.05
002586.SZ,2015-10-29,7.77,7.85,7.62,7.75,194144.04,150273.29
002586.SZ,2015-10-30,7.8,7.82,7.53,7.66,167437.74,128638.12
002586.SZ,2015-11-02,7.47,7.65,7.3,7.34,151291.92,113082.25
002586.SZ,2015-11-03,7.35,7.57,7.26,7.33,133934.12,98797.94
002586.SZ,2015-11-04,7.43,7.74,7.36,7.72,228593.64,172672.11
002586.SZ,2015-11-05,7.74,7.85,7.59,7.68,301257.01,232330.35
002586.SZ,2015-11-06,7.7,7.83,7.65,7.79,262165.75,203950.01
002586.SZ,2015-11-09,7.74,8.27,7.68,8.09,415135.87,330132.81
002586.SZ,2015-11-10,8.01,8.06,7.82,7.96,285054.21,227112.66
002586.SZ,2015-11-11,8.05,8.28,8.02,8.12,365665.93,297270.44
002586.SZ,2015-11-12,8.05,8.58,8.04,8.47,493341.98,411587.54
002586.SZ,2015-11-13,8.32,8.9,8.26,8.53,498976.14,430170.08
002586.SZ,2015-11-16,8.32,8.59,8.25,8.56,261693.64,219614.78
002586.SZ,2015-11-17,8.7,8.89,8.32,8.35,328803.17,281684.22
002586.SZ,2015-11-18,8.36,8.41,8.01,8.04,223358.19,183119.42
002586.SZ,2015-11-19,8.09,8.38,8.02,8.34,194638.78,159925.21
002586.SZ,2015-11-20,8.35,8.78,8.24,8.61,434191.71,371087.97
002586.SZ,2015-11-23,8.7,9.45,8.65,8.97,604167.06,545782.98
002586.SZ,2015-11-24,8.82,8.95,8.56,8.85,290352.45,254213.99
002586.SZ,2015-11-25,8.86,9.7,8.86,9.5,502158.91,466622.61
002586.SZ,2015-11-26,9.56,9.74,9.08,9.22,461212.63,435282.33
002586.SZ,2015-11-27,9.1,9.19,8.31,8.33,374066.52,328990.27
002586.SZ,2015-11-30,8.35,8.8,7.98,8.71,423059.82,355546.15
002586.SZ,2015-12-01,8.68,8.87,8.45,8.62,226815.63,196718.36
002586.SZ,2015-12-02,8.59,8.63,8.13,8.49,178512.7,150926.26
002586.SZ,2015-12-03,8.47,8.74,8.47,8.69,159391.28,137801.19
002586.SZ,2015-12-04,8.67,8.73,8.43,8.59,223415.24,191100.92
002586.SZ,2015-12-07,8.69,8.72,8.5,8.63,147012.02,126750.74
002586.SZ,2015-12-08,8.63,8.94,8.6,8.64,292283.18,255827.26
002586.SZ,2015-12-09,8.75,9.03,8.66,8.92,348763.4,309238.71
002586.SZ,2015-12-10,8.85,8.88,8.41,8.5,284691.85,245856.68
002586.SZ,2015-12-11,8.43,8.56,8.33,8.51,143001.55,121494.57
002586.SZ,2015-12-14,8.51,8.67,8.39,8.67,133198.56,113772.3
002586.SZ,2015-12-15,8.83,8.89,8.63,8.64,158852.85,138941.14
002586.SZ,2015-12-16,8.61,8.75,8.55,8.58,164612.8,141762.34
002586.SZ,2015-12-17,8.61,8.84,8.61,8.82,231787.08,202416.94
002586.SZ,2015-12-18,8.77,8.82,8.53,8.61,187400.1,162065.76
002586.SZ,2015-12-21,8.62,8.7,8.57,8.66,139097.23,120150.89
002586.SZ,2015-12-22,8.64,8.84,8.63,8.84,227585.68,198970.11
002586.SZ,2015-12-23,8.86,9.18,8.7,8.99,403612.49,361974.03
002586.SZ,2015-12-24,8.93,8.98,8.69,8.82,186234.82,164318.52
002586.SZ,2015-12-25,8.85,9.65,8.85,9.21,362824.56,336046.4
002586.SZ,2015-12-28,9.26,9.26,8.93,8.96,276941.58,252094.99
002586.SZ,2015-12-29,8.96,9.04,8.7,8.97,177566.62,157432.94
002586.SZ,2015-12-30,8.99,9.05,8.85,8.98,124097.15,110769.81
002586.SZ,2015-12-31,8.98,9.03,8.82,8.88,116503.96,103636.486
002586.SZ,2016-01-04,8.85,9.05,8.3,8.38,260120.8,228352.58
002586.SZ,2016-01-05,8.12,9.03,8.04,8.84,408387.58,356062.99
002586.SZ,2016-01-06,8.83,9.0,8.6,9.0,244607.29,215636.85
002586.SZ,2016-01-07,8.83,8.89,8.1,8.11,77992.0,65785.87
002586.SZ,2016-01-08,8.4,8.92,8.21,8.92,610720.49,535019.5
002586.SZ,2016-01-11,8.92,9.12,8.56,8.56,595635.12,529706.76
002586.SZ,2016-01-12,8.6,8.77,8.05,8.64,350302.83,297206.8
002586.SZ,2016-01-13,8.6,8.8,7.78,7.78,268049.72,223309.87
002586.SZ,2016-01-14,7.65,8.0,7.43,7.93,185266.84,142669.16
002586.SZ,2016-01-15,7.8,8.06,7.64,7.75,128616.17,100635.25
002586.SZ,2016-01-18,7.6,8.22,7.5,8.06,167960.33,133987.84
002586.SZ,2016-01-19,8.53,8.87,8.53,8.87,152461.58,134229.56
002586.SZ,2016-01-20,9.7,9.7,9.2,9.4,614770.5,579500.84
002586.SZ,2016-01-21,9.22,9.28,8.86,8.86,325202.69,294682.77
002586.SZ,2016-01-22,8.84,9.3,8.78,9.29,329038.11,298401.04
002586.SZ,2016-01-25,9.45,10.22,9.35,10.09,513966.6,500704.81
002586.SZ,2016-01-26,9.84,10.36,9.18,9.35,507756.81,504161.54
002586.SZ,2016-01-27,9.23,9.65,8.54,9.63,355869.28,324547.95
002586.SZ,2016-01-28,9.4,9.58,8.69,8.85,254528.41,233904.59
002586.SZ,2016-01-29,8.75,9.43,8.75,9.1,235448.3,214926.72
002586.SZ,2016-02-01,9.14,9.56,9.0,9.38,240980.41,225080.39
002586.SZ,2016-02-02,9.4,9.96,9.4,9.77,241350.15,235008.77
002586.SZ,2016-02-03,9.56,9.65,9.2,9.47,205071.47,193432.76
002586.SZ,2016-02-04,9.52,9.96,9.52,9.74,243198.57,236998.94
002586.SZ,2016-02-05,9.66,9.86,9.45,9.46,169235.71,163716.1
002586.SZ,2016-02-15,9.07,9.25,8.94,9.12,141051.95,128309.07
002586.SZ,2016-02-16,9.19,9.55,9.19,9.5,173083.43,163061.23
002586.SZ,2016-02-17,9.52,10.45,9.52,10.45,494499.77,509100.35
002586.SZ,2016-02-18,10.5,10.8,10.3,10.31,493982.28,519397.59
002586.SZ,2016-02-19,10.28,10.8,10.1,10.76,339727.47,356728.9
002586.SZ,2016-02-22,11.0,11.19,10.58,10.82,322561.78,347308.86
002586.SZ,2016-02-23,10.8,10.82,10.24,10.38,253869.16,265554.31
002586.SZ,2016-02-24,10.38,10.79,10.3,10.65,246866.28,260833.24
002586.SZ,2016-02-25,10.63,10.76,9.59,9.59,303013.23,305334.68
002586.SZ,2016-02-26,9.73,9.88,9.04,9.23,236798.42,222481.67
002586.SZ,2016-02-29,9.18,9.18,8.35,8.7,212105.4,183672.35
002586.SZ,2016-03-01,8.75,9.07,8.41,8.96,163832.19,143871.4
002586.SZ,2016-03-02,8.92,9.61,8.85,9.53,222594.02,206352.13
002586.SZ,2016-03-03,9.6,9.73,9.25,9.34,214199.21,202137.45
002586.SZ,2016-03-04,9.64,10.27,9.25,9.35,298253.62,290105.06
002586.SZ,2016-03-07,9.13,9.57,9.06,9.49,160263.86,150333.59
002586.SZ,2016-03-08,9.4,9.4,8.9,9.29,156412.15,143153.86
002586.SZ,2016-03-09,9.01,9.2,8.9,8.92,111146.02,100484.22
002586.SZ,2016-03-10,8.92,9.09,8.77,8.83,76888.07,68754.23
002586.SZ,2016-03-11,8.7,8.85,8.58,8.72,74620.3,64999.71
002586.SZ,2016-03-14,8.89,9.33,8.85,9.12,148152.01,136003.35
002586.SZ,2016-03-15,9.1,9.33,9.08,9.18,91674.71,84403.6
002586.SZ,2016-03-16,9.27,9.3,9.0,9.03,74224.31,67602.63
002586.SZ,2016-03-17,9.05,9.3,8.97,9.26,122321.85,112166.52
002586.SZ,2016-03-18,9.35,9.63,9.2,9.55,195933.19,185264.26
002586.SZ,2016-03-21,9.6,10.0,9.6,9.88,239285.95,233850.84
002586.SZ,2016-03-22,9.7,10.07,9.69,9.76,190723.05,188421.96
002586.SZ,2016-03-23,9.8,9.92,9.71,9.88,122616.41,120113.32
002586.SZ,2016-03-24,9.79,9.98,9.64,9.68,178499.75,175549.78
002586.SZ,2016-03-25,9.57,9.78,9.51,9.69,111765.36,107579.17
002586.SZ,2016-03-28,9.68,9.92,9.55,9.7,147949.91,144689.16
002586.SZ,2016-03-29,9.6,9.72,9.31,9.42,112570.45,107238.06
002586.SZ,2016-03-30,9.56,9.7,9.46,9.67,96462.42,92606.35
002586.SZ,2016-03-31,9.75,10.35,9.75,10.02,290830.65,293544.36
002586.SZ,2016-04-01,9.9,10.37,9.9,10.22,228073.84,232829.28
002586.SZ,2016-04-05,10.18,10.38,10.0,10.38,224159.78,228737.56
002586.SZ,2016-04-06,10.2,10.84,10.2,10.42,256895.14,270786.57
002586.SZ,2016-04-07,10.42,10.67,10.1,10.18,174878.7,180380.25
002586.SZ,2016-04-08,10.13,10.13,9.84,10.0,150929.99,150329.0
002586.SZ,2016-04-11,10.05,10.38,10.05,10.32,144905.04,148807.72
002586.SZ,2016-04-12,10.25,10.71,10.17,10.59,212914.82,224143.2
002586.SZ,2016-04-13,10.62,10.97,10.5,10.82,263236.6,283089.62
002586.SZ,2016-04-14,10.99,10.99,10.58,10.73,153669.81,164473.8
002586.SZ,2016-04-15,10.73,11.35,10.58,11.25,257317.34,281306.72
002586.SZ,2016-04-18,11.21,11.4,10.96,11.28,238474.53,266310.48
002586.SZ,2016-04-19,11.3,11.49,11.06,11.16,199140.29,223678.26
002586.SZ,2016-04-20,11.27,11.34,10.21,10.22,282747.36,300408.36
002586.SZ,2016-04-21,10.24,10.32,9.9,9.91,165136.17,166142.02
002586.SZ,2016-04-22,9.71,10.19,9.71,10.19,115989.5,115544.17
002586.SZ,2016-04-25,10.15,10.23,9.91,10.14,81383.71,82298.62
002586.SZ,2016-04-26,10.09,10.25,10.01,10.22,64575.09,65487.74
002586.SZ,2016-04-27,10.28,10.88,10.2,10.63,186541.06,197185.06
002586.SZ,2016-04-28,10.59,10.66,10.2,10.4,128961.31,134060.02
002586.SZ,2016-04-29,10.3,10.85,10.3,10.53,96315.88,102194.71
002586.SZ,2016-05-03,10.4,11.35,10.4,11.1,212351.17,234209.25
002586.SZ,2016-05-04,11.03,11.55,10.97,11.29,225824.63,254449.09
002586.SZ,2016-05-05,11.23,11.36,11.12,11.29,120655.62,135685.71
002586.SZ,2016-05-06,11.32,11.65,10.9,11.05,237756.64,266818.64
002586.SZ,2016-05-09,10.87,11.14,10.22,10.97,235621.13,254037.14
002586.SZ,2016-05-10,10.75,10.91,10.26,10.32,196588.57,208492.4
002586.SZ,2016-05-11,10.38,10.46,9.68,9.72,318561.49,316845.41
002586.SZ,2016-05-12,9.55,9.89,9.21,9.78,155369.89,148156.7
002586.SZ,2016-05-13,9.78,9.9,9.55,9.6,107135.61,103877.29
002586.SZ,2016-05-16,9.65,9.87,9.56,9.87,105044.15,102300.81
002586.SZ,2016-05-17,9.84,9.93,9.68,9.77,92198.87,90296.05
002586.SZ,2016-05-18,9.61,9.84,9.3,9.51,88616.99,85210.42
002586.SZ,2016-05-19,9.59,9.85,9.29,9.31,143087.27,136626.2
002586.SZ,2016-05-20,9.3,9.48,9.12,9.43,96443.3,90125.89
002586.SZ,2016-05-23,9.54,10.06,9.49,9.89,154223.65,150525.61
002586.SZ,2016-05-24,9.8,9.91,9.65,9.73,101449.35,99224.8
002586.SZ,2016-05-25,9.86,9.96,9.67,9.68,91821.02,90066.2
002586.SZ,2016-05-26,9.64,9.96,9.5,9.96,118102.59,114900.34
002586.SZ,2016-05-27,10.25,10.36,9.95,10.02,309875.4,315209.54
002586.SZ,2016-05-30,9.82,9.86,9.56,9.59,177747.41,171776.36
002586.SZ,2016-05-31,9.65,10.0,9.63,9.98,228758.38,224654.73
002586.SZ,2016-06-01,9.97,10.07,9.8,9.85,181426.76,179539.75
002586.SZ,2016-06-02,9.88,9.94,9.66,9.78,163078.32,159278.69
002586.SZ,2016-06-03,10.1,10.27,10.01,10.17,417088.84,424062.37
002586.SZ,2016-06-06,10.03,10.12,9.91,9.94,203246.39,203240.43
002586.SZ,2016-06-07,9.95,9.98,9.76,9.98,137818.18,135991.63
002586.SZ,2016-06-08,10.0,10.0,9.79,9.87,103811.27,102738.36
002586.SZ,2016-06-13,9.67,9.67,9.1,9.1,167156.26,158402.82
002586.SZ,2016-06-14,9.01,9.28,9.01,9.13,99114.75,90437.87
002586.SZ,2016-06-15,9.02,9.39,8.95,9.38,104433.03,96814.54
002586.SZ,2016-06-16,9.29,9.36,9.16,9.36,84287.48,78088.18
002586.SZ,2016-06-17,9.34,9.57,9.3,9.42,100923.14,95374.92
002586.SZ,2016-06-20,9.46,9.48,9.21,9.33,69771.54,64803.37
002586.SZ,2016-06-21,9.38,9.41,9.18,9.2,88952.64,82636.48
002586.SZ,2016-06-22,9.21,9.38,9.2,9.25,58866.17,54382.0
002586.SZ,2016-06-23,9.25,9.26,9.09,9.1,80451.9,73677.6
002586.SZ,2016-06-24,9.1,9.18,8.51,8.89,107488.77,95976.04
002586.SZ,2016-06-27,8.86,9.08,8.8,9.02,80734.05,72304.27
002586.SZ,2016-06-28,9.02,9.16,8.88,9.15,82196.28,74538.3
002586.SZ,2016-06-29,9.16,9.19,9.04,9.08,85726.26,77855.96
002586.SZ,2016-06-30,9.11,9.14,9.0,9.02,68637.29,62045.64
002586.SZ,2016-07-01,9.09,9.73,9.09,9.61,313272.5,297009.62
002586.SZ,2016-07-04,10.0,10.0,9.73,9.76,376420.85,370534.76
002586.SZ,2016-07-05,9.77,9.96,9.55,9.82,249505.76,242770.15
002586.SZ,2016-07-06,9.79,9.8,9.61,9.7,152105.24,147273.11
002586.SZ,2016-07-07,9.78,9.95,9.64,9.9,207804.93,203524.9
002586.SZ,2016-07-08,10.06,10.06,9.76,9.82,166938.74,164595.68
002586.SZ,2016-07-11,9.8,9.8,9.6,9.61,149706.76,144862.55
002586.SZ,2016-07-12,9.58,9.7,9.4,9.62,129059.81,123306.49
002586.SZ,2016-07-13,9.68,9.74,9.58,9.63,101250.96,97675.45
002586.SZ,2016-07-14,9.63,9.66,9.52,9.62,84783.23,81185.9
002586.SZ,2016-07-15,9.63,9.68,9.51,9.59,79775.21,76515.42
002586.SZ,2016-07-18,9.53,9.66,9.51,9.54,70748.58,67838.79
002586.SZ,2016-07-19,9.54,9.6,9.48,9.57,55880.34,53310.5
002586.SZ,2016-07-20,9.65,9.67,9.53,9.56,67458.58,64857.71
002586.SZ,2016-07-21,9.58,9.8,9.55,9.68,116707.66,113008.82
002586.SZ,2016-07-22,9.7,9.73,9.49,9.51,87894.19,84128.02
002586.SZ,2016-07-25,9.48,9.62,9.46,9.57,58389.5,55744.6
002586.SZ,2016-07-26,9.57,9.61,9.48,9.61,70267.19,67256.2
002586.SZ,2016-07-27,9.63,9.65,8.91,9.07,140449.27,130086.71
002586.SZ,2016-07-28,9.08,9.12,8.86,9.0,99236.92,89188.82
002586.SZ,2016-07-29,9.0,9.19,9.0,9.09,58098.37,52877.88
002586.SZ,2016-08-01,9.06,9.13,8.88,8.92,48612.14,43530.88
002586.SZ,2016-08-02,8.96,9.06,8.96,9.06,34929.07,31454.3
002586.SZ,2016-08-03,9.01,9.1,9.01,9.09,30995.41,28065.2
002586.SZ,2016-08-04,9.19,9.19,9.05,9.09,27523.4,25019.97
002586.SZ,2016-08-05,9.06,9.12,9.02,9.02,41053.88,37216.92
002586.SZ,2016-08-08,8.96,9.1,8.96,9.06,34198.06,30926.0
002586.SZ,2016-08-09,9.06,9.25,9.02,9.17,76602.73,69989.94
002586.SZ,2016-08-10,9.4,9.79,9.4,9.51,230605.85,221554.13
002586.SZ,2016-08-11,9.39,9.48,9.23,9.25,81575.81,75979.17
002586.SZ,2016-08-12,9.2,9.35,9.19,9.32,56127.3,52009.74
002586.SZ,2016-08-15,9.27,9.67,9.26,9.62,164104.56,157164.89
002586.SZ,2016-08-16,9.7,10.15,9.7,9.88,299123.32,299262.42
002586.SZ,2016-08-17,9.8,10.05,9.66,9.87,141097.39,138725.8
002586.SZ,2016-08-18,9.88,9.94,9.76,9.9,93233.69,91866.47
002586.SZ,2016-08-19,9.9,10.2,9.9,9.97,130952.22,131633.23
002586.SZ,2016-08-22,9.93,10.04,9.72,9.74,78070.02,76680.04
002586.SZ,2016-08-23,9.7,9.82,9.7,9.74,47807.48,46603.12
002586.SZ,2016-08-24,9.75,9.92,9.67,9.68,85162.91,83288.61
002586.SZ,2016-08-25,9.64,9.74,9.46,9.49,104017.05,99571.15
002586.SZ,2016-08-26,9.52,10.03,9.52,9.77,175706.53,171864.44
002586.SZ,2016-08-29,9.75,10.49,9.7,10.23,336825.21,342364.95
002586.SZ,2016-08-30,10.22,10.58,9.91,10.03,240359.46,245170.39
002586.SZ,2016-08-31,10.0,10.14,9.93,10.02,102181.77,102658.85
002586.SZ,2016-09-01,10.08,10.29,9.94,9.95,101176.23,101886.22
002586.SZ,2016-09-02,9.86,10.02,9.79,9.94,82605.25,81768.39
002586.SZ,2016-09-05,9.94,10.15,9.88,10.01,64640.66,64776.87
002586.SZ,2016-09-06,10.0,10.5,9.82,10.38,236183.64,241451.97
002586.SZ,2016-09-07,10.6,11.2,10.58,10.81,437413.26,475314.26
002586.SZ,2016-09-08,10.76,10.85,10.53,10.67,169708.87,180532.28
002586.SZ,2016-09-09,10.61,10.86,10.4,10.41,152071.74,160913.15
002586.SZ,2016-09-12,10.17,10.27,9.93,9.93,183293.48,185062.05
002586.SZ,2016-09-13,10.07,10.17,9.92,10.01,121483.01,121791.93
002586.SZ,2016-09-14,10.0,10.24,9.88,10.02,81093.96,81981.13
002586.SZ,2016-09-19,10.04,10.23,9.98,10.2,85307.89,86105.13
002586.SZ,2016-09-20,10.2,10.29,10.12,10.16,64382.8,65691.42
002586.SZ,2016-09-21,10.16,10.25,10.12,10.18,49816.01,50770.4
002586.SZ,2016-09-22,10.35,10.38,10.14,10.17,66500.41,68047.78
002586.SZ,2016-09-23,10.19,10.32,10.05,10.07,76263.72,77520.13
002586.SZ,2016-09-26,10.06,10.16,9.81,9.88,72080.46,72026.53
002586.SZ,2016-09-27,9.83,9.96,9.81,9.94,61298.01,60585.58
002586.SZ,2016-09-28,9.9,10.05,9.86,9.96,42195.46,42030.28
002586.SZ,2016-09-29,9.98,10.12,9.98,10.1,39545.01,39842.04
002586.SZ,2016-09-30,10.13,10.15,10.04,10.08,28597.52,28860.0
002586.SZ,2016-10-10,10.1,10.46,10.1,10.39,106074.9,109677.44
002586.SZ,2016-10-11,10.46,10.54,10.36,10.53,123462.41,129404.07
002586.SZ,2016-10-12,10.5,10.84,10.38,10.76,168491.85,180169.81
002586.SZ,2016-10-13,10.86,11.34,10.65,10.68,251957.33,277680.15
002586.SZ,2016-10-14,10.9,11.06,10.63,10.97,151465.43,164172.4
002586.SZ,2016-10-17,10.79,10.88,10.4,10.47,193170.27,206088.22
002586.SZ,2016-10-18,10.47,10.64,10.47,10.59,91875.12,97111.15
002586.SZ,2016-10-19,10.56,10.69,10.48,10.6,98671.68,104195.12
002586.SZ,2016-10-20,10.56,10.63,10.3,10.42,106040.31,110543.11
002586.SZ,2016-10-21,10.4,10.48,10.18,10.27,100748.57,103928.82
002586.SZ,2016-10-24,10.32,10.53,10.32,10.38,95797.09,99775.36
002586.SZ,2016-10-25,10.44,10.54,10.34,10.49,60980.95,63753.78
002586.SZ,2016-10-26,10.5,10.58,10.38,10.42,66986.94,70197.03
002586.SZ,2016-10-27,10.45,10.48,10.15,10.2,80352.66,82744.43
002586.SZ,2016-10-28,10.2,10.64,10.2,10.52,129852.31,135845.87
002586.SZ,2016-10-31,10.52,10.56,10.07,10.38,120237.52,123557.34
002586.SZ,2016-11-01,10.32,10.37,10.19,10.3,63025.06,64729.72
002586.SZ,2016-11-02,10.28,10.39,10.14,10.15,70726.36,72447.22
002586.SZ,2016-11-03,10.15,10.24,10.07,10.13,89356.28,90694.79
002586.SZ,2016-11-04,10.13,10.21,10.11,10.21,63841.33,64989.66
002586.SZ,2016-11-07,10.29,10.3,10.13,10.21,61236.62,62526.74
002586.SZ,2016-11-08,10.21,10.31,10.15,10.23,50371.27,51486.33
002586.SZ,2016-11-09,10.26,10.26,9.98,10.09,77991.15,78833.84
002586.SZ,2016-11-10,10.18,10.23,10.1,10.19,55154.92,56063.51
002586.SZ,2016-11-11,10.17,10.22,10.16,10.21,50685.59,51687.54
002586.SZ,2016-11-14,10.23,10.69,10.2,10.6,157182.76,165242.51
002586.SZ,2016-11-15,10.58,10.75,10.5,10.6,82352.51,87646.33
002586.SZ,2016-11-16,10.6,10.68,10.45,10.48,73793.3,77778.85
002586.SZ,2016-11-17,10.55,10.89,10.5,10.83,184577.85,198612.05
002586.SZ,2016-11-18,10.72,11.06,10.55,10.61,137728.73,149013.01
002586.SZ,2016-11-21,10.58,10.68,10.41,10.45,89650.19,94099.39
002586.SZ,2016-11-22,10.58,10.58,10.36,10.5,59554.37,62293.11
002586.SZ,2016-11-23,10.54,10.75,10.39,10.7,114134.63,121022.18
002586.SZ,2016-11-24,10.65,10.66,10.45,10.48,57659.54,60751.32
002586.SZ,2016-11-25,10.41,10.58,10.13,10.42,58683.28,60605.18
002586.SZ,2016-11-28,10.32,10.44,10.1,10.19,152128.95,155292.26
002586.SZ,2016-11-29,10.19,10.21,10.0,10.07,74679.64,75226.87
002586.SZ,2016-11-30,10.1,10.19,9.98,10.07,46312.8,46581.8
002586.SZ,2016-12-01,10.07,10.21,10.07,10.13,41646.13,42249.73
002586.SZ,2016-12-02,10.13,10.16,9.89,9.92,67783.58,67598.94
002586.SZ,2016-12-05,9.86,9.97,9.81,9.93,42641.01,42187.47
002586.SZ,2016-12-06,9.92,10.09,9.92,10.03,37866.41,37893.11
002586.SZ,2016-12-07,10.05,10.15,10.01,10.12,39314.0,39671.98
002586.SZ,2016-12-08,10.2,10.27,9.98,10.01,60582.1,61439.93
002586.SZ,2016-12-09,10.23,10.23,10.03,10.1,38623.8,39115.91
002586.SZ,2016-12-12,10.18,10.18,9.62,9.68,63582.19,62543.98
002586.SZ,2016-12-13,9.66,9.8,9.5,9.64,60789.21,58696.18
002586.SZ,2016-12-14,9.72,9.72,9.4,9.46,53957.01,51363.01
002586.SZ,2016-12-15,9.47,9.64,9.41,9.57,51497.37,49148.93
002586.SZ,2016-12-16,9.56,9.81,9.56,9.79,53178.67,51643.42
002586.SZ,2016-12-19,9.8,9.91,9.73,9.84,40113.03,39477.7
002586.SZ,2016-12-20,9.86,9.99,9.77,9.99,37599.7,37134.78
002586.SZ,2016-12-21,10.0,10.27,9.99,10.16,70472.53,71744.29
002586.SZ,2016-12-22,10.08,10.15,10.03,10.07,34977.0,35266.25
002586.SZ,2016-12-23,10.01,10.1,9.78,9.8,58634.81,58086.66
002586.SZ,2016-12-26,9.75,9.95,9.0,9.84,46957.88,45415.6
002586.SZ,2016-12-27,9.85,10.22,9.85,10.14,102898.17,104258.0
002586.SZ,2016-12-28,10.14,10.22,10.03,10.1,40994.57,41489.09
002586.SZ,2016-12-29,10.1,10.15,10.03,10.13,46694.33,47166.74
002586.SZ,2016-12-30,10.13,10.17,10.05,10.09,29954.77,30200.44
002586.SZ,2017-01-03,10.1,10.16,9.9,9.95,76323.58,76178.46
002586.SZ,2017-01-04,9.95,10.07,9.95,9.99,50386.0,50422.3
002586.SZ,2017-01-05,9.97,10.09,9.91,9.93,45736.41,45618.19
002586.SZ,2017-01-06,9.9,9.98,9.82,9.84,31484.08,31106.1
002586.SZ,2017-01-09,9.8,9.8,9.58,9.6,67736.33,65370.83
002586.SZ,2017-01-10,9.62,9.87,9.61,9.68,46680.27,45541.93
002586.SZ,2017-01-11,9.68,9.76,9.56,9.56,29239.31,28223.66
002586.SZ,2017-01-12,9.69,9.69,9.36,9.39,51329.94,48770.18
002586.SZ,2017-01-13,9.4,9.44,9.19,9.19,46779.55,43525.17
002586.SZ,2017-01-16,9.15,9.25,8.89,9.1,68225.26,62103.95
002586.SZ,2017-01-17,9.16,9.16,9.0,9.15,35605.43,32366.78
002586.SZ,2017-01-18,9.18,9.2,8.95,8.98,47400.9,42976.35
002586.SZ,2017-01-19,9.04,9.05,8.8,8.84,35923.29,31914.53
002586.SZ,2017-01-20,8.72,8.99,8.72,8.93,66818.92,59366.2
002586.SZ,2017-01-23,8.99,9.15,8.94,9.13,33073.16,30034.62
002586.SZ,2017-01-24,9.18,9.18,8.97,8.98,26242.97,23799.19
002586.SZ,2017-01-25,9.05,9.15,9.0,9.05,20350.41,18414.37
002586.SZ,2017-01-26,9.1,9.12,9.07,9.11,12197.08,11088.8
002586.SZ,2017-02-03,9.11,9.15,8.94,9.12,14563.04,13208.94
002586.SZ,2017-02-06,9.12,9.3,9.07,9.21,33700.77,31030.21
002586.SZ,2017-02-07,9.22,9.29,9.1,9.21,22960.49,21184.32
002586.SZ,2017-02-08,9.2,9.23,9.13,9.23,20526.96,18860.02
002586.SZ,2017-02-09,9.23,9.36,9.22,9.3,30066.41,27917.2
002586.SZ,2017-02-10,9.31,9.38,9.28,9.29,24089.79,22439.41
002586.SZ,2017-02-13,9.23,9.44,9.23,9.43,34332.88,32200.19
002586.SZ,2017-02-14,9.42,9.47,9.32,9.36,18463.41,17278.74
002586.SZ,2017-02-15,9.42,9.42,9.13,9.16,47700.42,44034.33
002586.SZ,2017-02-16,9.19,9.24,9.05,9.13,41170.85,37598.74
002586.SZ,2017-02-17,9.14,9.29,9.13,9.15,33510.02,30862.74
002586.SZ,2017-02-20,9.15,9.29,9.12,9.22,34632.53,31877.37
002586.SZ,2017-02-21,9.3,9.65,9.26,9.56,103472.16,98564.93
002586.SZ,2017-02-22,9.53,9.68,9.43,9.52,40329.85,38277.88
002586.SZ,2017-02-23,9.48,9.6,9.44,9.49,34506.69,32816.75
002586.SZ,2017-02-24,9.45,9.54,9.4,9.42,38619.74,36439.32
002586.SZ,2017-02-27,9.47,9.85,9.32,9.54,77828.87,74169.6
002586.SZ,2017-02-28,9.52,9.52,9.3,9.42,68669.58,64602.87
002586.SZ,2017-03-01,9.41,9.53,9.32,9.39,54182.07,50992.57
002586.SZ,2017-03-02,9.36,9.41,9.31,9.31,30176.87,28195.45
002586.SZ,2017-03-03,9.3,9.44,9.22,9.4,65144.72,60837.49
002586.SZ,2017-03-06,9.4,9.47,9.32,9.46,36816.99,34722.31
002586.SZ,2017-03-07,9.46,9.49,9.41,9.48,40078.44,37872.41
002586.SZ,2017-03-08,9.48,9.5,9.42,9.46,40856.56,38677.67
002586.SZ,2017-03-09,9.45,9.45,9.32,9.36,31241.66,29264.3
002586.SZ,2017-03-10,9.39,9.41,9.27,9.33,32356.73,30187.36
002586.SZ,2017-03-13,9.33,9.45,9.3,9.4,57857.49,54237.86
002586.SZ,2017-03-14,9.41,9.56,9.33,9.51,73426.28,69791.88
002586.SZ,2017-03-15,9.53,9.55,9.45,9.49,27811.0,26406.64
002586.SZ,2017-03-16,9.51,9.65,9.49,9.53,78206.81,74652.93
002586.SZ,2017-03-17,9.53,9.61,9.47,9.51,57567.65,54968.97
002586.SZ,2017-03-20,9.51,9.7,9.51,9.67,68775.03,66133.97
002586.SZ,2017-03-21,9.64,9.83,9.59,9.78,67983.5,66147.65
002586.SZ,2017-03-22,9.75,9.9,9.7,9.74,62859.75,61627.35
002586.SZ,2017-03-23,9.7,9.82,9.58,9.71,68025.08,65928.17
002586.SZ,2017-03-24,9.65,9.75,9.55,9.63,50678.32,48755.99
002586.SZ,2017-03-27,9.6,9.67,9.55,9.58,36740.11,35248.39
002586.SZ,2017-03-28,9.6,9.64,9.57,9.6,24252.49,23279.79
002586.SZ,2017-03-29,9.6,9.85,9.6,9.76,120841.29,117948.5
002586.SZ,2017-03-30,9.76,9.83,9.44,9.53,82616.02,79760.87
002586.SZ,2017-03-31,9.53,9.95,9.52,9.84,120360.72,118021.4
002586.SZ,2017-04-05,9.79,10.15,9.79,10.05,131276.38,131985.92
002586.SZ,2017-04-06,10.0,10.07,9.92,10.0,62187.89,62152.47
002586.SZ,2017-04-07,9.98,10.05,9.84,9.9,61610.5,61120.51
002586.SZ,2017-04-10,9.94,10.11,9.91,10.05,93598.86,93943.46
002586.SZ,2017-04-11,10.2,10.42,10.0,10.33,169948.06,174801.14
002586.SZ,2017-04-12,10.25,10.48,10.24,10.3,86312.77,89359.41
002586.SZ,2017-04-13,10.26,10.44,10.26,10.32,84969.56,88056.88
002586.SZ,2017-04-14,10.32,10.4,10.23,10.26,72949.79,75030.96
002586.SZ,2017-04-17,10.15,10.25,9.86,9.87,100112.12,100116.55
002586.SZ,2017-09-19,10.0,10.8,9.82,10.15,375293.69,389340.4
002586.SZ,2017-09-20,9.97,10.18,9.88,10.09,173050.92,172882.7
002586.SZ,2017-09-21,10.0,10.42,9.94,10.1,105978.3,108222.36
002586.SZ,2017-09-22,10.04,10.26,9.98,10.0,77831.93,78963.76
002586.SZ,2017-09-25,9.96,10.08,9.85,9.86,75040.0,74665.96
002586.SZ,2017-09-26,9.83,9.96,9.72,9.84,45455.03,44562.48
002586.SZ,2017-09-27,9.8,9.87,9.72,9.79,35373.13,34535.57
002586.SZ,2017-09-28,9.79,9.8,9.57,9.72,51307.41,49563.64
002586.SZ,2017-09-29,9.6,9.81,9.6,9.7,17839.02,17358.54
002586.SZ,2017-10-09,9.78,9.83,9.72,9.81,44118.89,43120.29
002586.SZ,2017-10-10,9.81,10.09,9.81,9.91,58129.02,57956.8
002586.SZ,2017-10-11,9.91,9.99,9.85,9.88,39591.5,39156.86
002586.SZ,2017-10-12,9.85,9.98,9.81,9.88,29647.62,29274.06
002586.SZ,2017-10-13,9.93,10.02,9.75,9.99,55868.06,55301.36
002586.SZ,2017-10-16,10.02,10.3,10.02,10.28,127860.66,130206.06
002586.SZ,2017-10-17,10.2,10.35,10.1,10.16,45211.82,46060.26
002586.SZ,2017-10-18,10.15,10.25,10.0,10.07,45816.69,46318.68
002586.SZ,2017-10-19,10.03,10.25,9.82,9.97,49212.54,48900.09
002586.SZ,2017-10-20,9.97,10.03,9.82,10.01,27273.63,27041.01
002586.SZ,2017-10-23,10.0,10.0,9.85,9.88,28781.1,28476.5
002586.SZ,2017-10-24,9.95,9.95,9.76,9.83,22565.0,22206.47
002586.SZ,2017-10-25,9.83,9.98,9.8,9.85,18761.0,18506.3
002586.SZ,2017-10-26,9.85,10.03,9.85,9.91,30729.36,30417.03
002586.SZ,2017-10-27,9.95,9.95,9.8,9.85,31053.1,30570.39
002586.SZ,2017-10-30,9.79,9.85,9.4,9.6,36007.04,34649.99
002586.SZ,2017-10-31,9.48,9.7,9.48,9.59,25364.02,24257.75
002586.SZ,2017-11-01,9.45,9.59,9.35,9.45,38505.51,36318.4
002586.SZ,2017-11-02,9.47,9.65,9.37,9.55,31900.84,30377.29
002586.SZ,2017-11-03,9.5,9.61,9.32,9.47,35518.0,33614.92
002586.SZ,2017-11-06,9.47,9.51,9.35,9.43,20531.0,19313.22
002586.SZ,2017-11-07,9.4,9.58,9.35,9.52,28985.18,27405.87
002586.SZ,2017-11-08,9.62,9.62,9.39,9.5,27318.18,25856.88
002586.SZ,2017-11-09,9.46,9.46,9.29,9.4,29807.29,27907.78
002586.SZ,2017-11-10,9.38,9.44,9.33,9.41,19728.77,18490.66
002586.SZ,2017-11-13,9.31,9.45,9.26,9.37,31245.59,29126.72
002586.SZ,2017-11-14,9.4,9.49,9.38,9.46,29802.02,28151.93
002586.SZ,2017-11-15,9.56,9.56,9.35,9.45,22306.1,21008.78
002586.SZ,2017-11-16,9.4,9.48,9.37,9.43,20289.1,19082.74
002586.SZ,2017-11-17,9.43,9.68,9.36,9.62,72608.16,69282.44
002586.SZ,2017-11-20,9.5,9.79,9.48,9.75,95830.47,92735.47
002586.SZ,2017-11-21,9.65,9.95,9.65,9.85,137752.86,135464.71
002586.SZ,2017-11-22,9.77,9.86,9.63,9.71,45223.0,43960.68
002586.SZ,2017-11-23,9.65,9.76,9.47,9.55,35811.9,34338.89
002586.SZ,2017-11-24,9.56,9.67,9.37,9.51,33234.0,31528.76
002586.SZ,2017-11-27,9.42,9.57,9.31,9.47,24083.0,22720.7
002586.SZ,2017-11-28,9.4,10.15,9.38,9.6,148618.0,144243.03
002586.SZ,2017-11-29,9.64,9.82,9.57,9.65,80284.43,77889.13
002586.SZ,2017-11-30,9.61,9.71,9.57,9.57,41720.14,40227.21
002586.SZ,2017-12-01,9.58,9.8,9.39,9.6,110651.47,106779.61
002586.SZ,2017-12-04,9.8,9.8,9.42,9.44,112907.21,108495.79
002586.SZ,2017-12-05,9.39,9.46,8.7,9.11,81454.5,74146.46
002586.SZ,2017-12-06,9.06,9.1,8.95,9.03,24103.11,21776.06
002586.SZ,2017-12-07,8.99,9.03,8.92,9.03,20530.26,18424.81
002586.SZ,2017-12-08,9.05,9.19,8.98,9.19,19606.53,17804.04
002586.SZ,2017-12-11,9.2,9.21,9.01,9.11,21854.0,19906.69
002586.SZ,2017-12-12,9.12,9.13,8.98,8.98,15059.0,13607.98
002586.SZ,2017-12-13,8.94,9.06,8.76,9.02,37761.59,33618.72
002586.SZ,2017-12-21,9.19,9.2,8.91,9.16,61555.32,55891.61
002586.SZ,2017-12-22,9.12,9.15,8.96,9.1,35308.04,31906.38
002586.SZ,2017-12-25,9.09,9.13,8.97,9.07,20414.0,18409.01
002586.SZ,2017-12-26,9.07,9.13,8.99,9.08,17463.0,15796.01
002586.SZ,2017-12-27,9.05,9.18,8.98,9.05,25190.06,22769.12
002586.SZ,2017-12-28,9.0,9.08,8.95,9.02,21330.0,19226.37
002586.SZ,2017-12-29,9.02,9.05,8.9,8.95,18261.46,16377.82
002586.SZ,2018-01-02,8.96,9.03,8.96,9.0,16111.45,14479.29
002586.SZ,2018-01-03,9.0,9.12,8.97,9.02,20673.56,18701.08
002586.SZ,2018-01-04,9.03,9.12,8.99,9.1,30319.66,27523.48
002586.SZ,2018-01-05,9.08,9.14,9.05,9.08,20527.82,18660.03
002586.SZ,2018-01-08,9.11,9.45,9.08,9.4,67144.24,62451.03
002586.SZ,2018-01-09,9.4,9.51,9.35,9.41,41689.38,39284.87
002586.SZ,2018-01-10,9.48,9.52,9.39,9.46,34808.88,32930.66
002586.SZ,2018-01-11,9.91,9.96,9.46,9.56,175696.21,170644.45
002586.SZ,2018-01-12,9.4,9.59,9.24,9.45,57832.19,54136.61
002586.SZ,2018-01-15,9.4,9.4,8.96,8.99,43198.0,39415.3
002586.SZ,2018-01-16,9.0,9.06,8.91,9.0,35336.0,31690.67
002586.SZ,2018-01-17,9.0,9.04,8.88,8.98,28124.0,25119.91
002586.SZ,2018-01-18,8.95,8.97,8.88,8.9,25923.0,23119.16
002586.SZ,2018-01-19,8.97,8.98,8.84,8.91,24200.01,21511.2
002586.SZ,2018-01-22,8.85,8.94,8.83,8.91,14363.0,12760.12
002586.SZ,2018-01-23,8.92,8.94,8.87,8.9,17778.02,15821.54
002586.SZ,2018-01-24,8.88,9.05,8.86,8.93,28339.63,25248.07
002586.SZ,2018-01-25,8.94,8.96,8.8,8.92,35907.81,31859.33
002586.SZ,2018-01-26,8.92,8.94,8.81,8.91,24197.16,21506.43
002586.SZ,2018-01-29,8.9,9.07,8.81,8.82,21002.0,18623.06
002586.SZ,2018-01-30,8.83,8.86,8.69,8.83,29832.49,26095.52
002586.SZ,2018-01-31,8.88,8.88,8.51,8.8,30526.41,26493.32
002586.SZ,2018-02-01,8.62,8.78,8.37,8.41,28039.0,23879.65
002586.SZ,2018-02-02,8.41,8.56,7.7,8.51,23437.31,19606.61
002586.SZ,2018-02-05,8.47,8.51,8.39,8.39,13643.32,11498.19
002586.SZ,2018-02-06,8.24,8.37,8.09,8.35,37914.0,31300.68
002586.SZ,2018-02-07,8.36,8.38,8.05,8.28,63315.02,51940.48
002586.SZ,2018-02-08,8.26,8.36,8.21,8.36,15901.0,13154.68
002586.SZ,2018-02-09,8.34,8.62,8.15,8.33,56545.0,47348.45
002586.SZ,2018-02-12,8.36,8.42,8.28,8.36,14747.0,12306.04
002586.SZ,2018-02-13,8.36,8.45,8.29,8.35,23649.54,19693.27
002586.SZ,2018-02-14,8.36,8.36,8.15,8.29,30145.0,24814.73
002586.SZ,2018-02-22,8.18,8.34,8.18,8.23,13375.0,11029.19
002586.SZ,2018-02-23,8.27,8.29,7.98,8.0,43062.0,34697.62
002586.SZ,2018-02-26,8.0,8.11,7.75,8.04,63544.65,50382.77
002586.SZ,2018-02-27,8.03,8.03,7.84,7.87,40234.65,31780.44
002586.SZ,2018-02-28,7.95,8.16,7.94,8.15,61985.03,49980.6
002586.SZ,2018-03-01,8.13,8.16,7.94,8.13,37294.02,30095.92
002586.SZ,2018-03-02,8.05,8.07,7.97,8.01,27472.1,21984.53
002586.SZ,2018-03-05,7.97,8.03,7.86,7.98,19964.0,15890.76
002586.SZ,2018-03-06,7.98,8.01,7.88,8.0,33596.02,26687.04
002586.SZ,2018-03-07,7.99,7.99,7.89,7.89,23185.02,18377.46
002586.SZ,2018-03-08,7.9,7.94,7.82,7.82,33617.65,26514.35
002586.SZ,2018-03-09,7.88,8.05,7.86,8.01,56195.05,44960.34
002586.SZ,2018-03-12,8.13,8.15,8.01,8.04,39949.2,32120.74
002586.SZ,2018-03-13,8.04,8.04,7.93,8.0,36541.0,29106.92
002586.SZ,2018-03-14,7.99,8.0,7.93,8.0,19180.08,15264.24
002586.SZ,2018-03-15,7.98,7.98,7.88,7.98,27102.1,21500.22
002586.SZ,2018-03-16,7.98,7.99,7.91,7.96,24891.93,19778.86
002586.SZ,2018-03-19,7.96,7.96,7.83,7.85,27564.77,21742.71
002586.SZ,2018-03-20,7.96,7.97,7.85,7.97,34313.02,27155.49
002586.SZ,2018-03-21,7.96,7.98,7.84,7.98,43315.53,34313.48
002586.SZ,2018-03-22,7.94,7.96,7.87,7.93,24501.0,19384.35
002586.SZ,2018-03-23,7.53,7.95,7.14,7.95,95779.31,71652.87
002586.SZ,2018-03-26,7.77,7.88,7.49,7.8,48628.25,37420.72
002586.SZ,2018-03-27,7.89,7.93,7.71,7.77,59822.53,46498.82
002586.SZ,2018-03-28,7.7,7.7,7.55,7.57,38151.25,29071.39
002586.SZ,2018-03-29,7.57,7.62,7.35,7.37,91821.37,68330.68
002586.SZ,2018-03-30,7.41,7.43,7.23,7.36,132047.54,96271.27
002586.SZ,2018-04-02,7.29,7.41,7.28,7.36,75525.9,55607.86
002586.SZ,2018-04-03,7.31,7.4,7.27,7.36,64036.99,46997.84
002586.SZ,2018-04-04,7.38,7.38,7.2,7.27,92478.84,67071.85
002586.SZ,2018-04-09,7.2,7.26,7.15,7.25,41430.76,29813.93
002586.SZ,2018-04-10,7.24,7.25,7.08,7.12,96115.0,68582.47
002586.SZ,2018-04-11,7.15,7.18,7.09,7.16,36850.03,26310.0
002586.SZ,2018-04-12,7.14,7.2,7.1,7.11,37570.0,26807.14
002586.SZ,2018-04-13,7.14,7.49,7.12,7.47,217997.13,160931.9
002586.SZ,2018-04-16,7.47,7.47,7.33,7.42,63991.14,47216.93
002586.SZ,2018-04-17,7.4,7.45,7.28,7.28,136670.06,100805.69
002586.SZ,2018-04-18,7.31,7.43,7.04,7.32,105661.37,77165.82
002586.SZ,2018-04-19,7.28,7.4,7.28,7.35,42033.16,30811.92
002586.SZ,2018-04-20,7.3,7.34,7.2,7.3,36935.72,26823.1
002586.SZ,2018-04-23,7.36,7.36,7.21,7.31,39550.43,28781.06
002586.SZ,2018-04-24,7.3,7.37,7.27,7.29,42273.47,30908.72
002586.SZ,2018-04-25,7.26,7.29,7.21,7.21,31385.0,22709.9
002586.SZ,2018-04-26,7.25,7.28,7.11,7.23,51946.92,37368.93
002586.SZ,2018-04-27,7.23,7.24,7.1,7.24,28510.0,20425.16
002586.SZ,2018-05-02,7.2,7.26,7.11,7.23,32198.71,23109.18
002586.SZ,2018-05-03,7.16,7.23,7.13,7.23,38990.8,28013.31
002586.SZ,2018-05-04,7.21,7.25,7.18,7.22,21602.0,15582.76
002586.SZ,2018-05-07,7.22,7.24,7.17,7.21,46074.0,33148.26
002586.SZ,2018-05-08,7.16,7.21,7.16,7.17,26123.45,18747.81
002586.SZ,2018-05-09,7.17,7.22,7.14,7.2,35644.0,25548.83
002586.SZ,2018-05-10,7.22,7.22,7.15,7.2,34857.0,25036.09
002586.SZ,2018-05-11,7.2,7.2,7.13,7.2,43222.16,30960.99
002586.SZ,2018-05-14,7.18,7.2,7.14,7.17,24034.26,17196.24
002586.SZ,2018-05-15,7.14,7.19,7.08,7.15,65166.39,46469.18
002586.SZ,2018-05-16,7.15,7.17,7.06,7.11,59039.26,41967.93
002586.SZ,2018-05-17,7.11,7.14,7.07,7.11,31347.0,22252.61
002586.SZ,2018-05-18,7.11,7.11,7.06,7.11,39520.02,28027.1
002586.SZ,2018-05-21,7.09,7.19,7.07,7.19,82063.81,58300.84
002586.SZ,2018-05-22,7.12,7.16,7.08,7.11,32974.92,23453.45
002586.SZ,2018-05-23,7.07,7.14,7.07,7.08,31125.09,22116.54
002586.SZ,2018-05-24,7.09,7.12,7.06,7.12,33573.0,23779.19
002586.SZ,2018-05-25,7.08,7.12,7.04,7.12,35405.0,25067.57
002586.SZ,2018-05-28,7.1,7.17,7.07,7.1,33840.01,24072.39
002586.SZ,2018-05-29,7.1,7.13,7.06,7.06,24408.01,17307.88
002586.SZ,2018-05-30,7.02,7.02,6.73,6.99,72387.65,50093.55
002586.SZ,2018-05-31,6.89,7.11,6.87,7.09,58744.0,41085.65
002586.SZ,2018-06-01,7.09,7.31,7.07,7.24,71822.5,51965.12
002586.SZ,2018-06-04,7.25,7.33,7.21,7.26,49300.0,35912.46
002586.SZ,2018-06-05,7.26,7.29,7.18,7.28,33101.0,23976.56
002586.SZ,2018-06-06,7.27,7.39,7.2,7.35,58718.67,42992.81
002586.SZ,2018-06-07,7.39,7.39,7.3,7.34,39786.0,29207.38
002586.SZ,2018-06-08,7.34,7.79,7.26,7.75,106438.85,79922.16
002586.SZ,2018-06-11,7.67,7.98,7.58,7.72,99926.63,78015.56
002586.SZ,2018-06-12,7.73,7.88,7.66,7.76,63709.74,49705.38
002586.SZ,2018-06-13,7.85,7.96,7.59,7.62,84817.49,65840.84
002586.SZ,2018-06-14,7.65,7.73,7.46,7.61,79917.32,60668.15
002586.SZ,2018-06-15,7.61,7.91,7.26,7.78,196314.58,148930.85
002586.SZ,2018-06-19,7.68,7.68,7.0,7.4,257732.63,185542.86
002586.SZ,2018-06-20,7.1,7.24,6.78,7.15,127786.55,90041.68
002586.SZ,2018-06-21,7.06,7.15,6.87,7.06,67557.22,47326.34
002586.SZ,2018-06-22,7.03,7.09,6.88,7.08,64297.99,44963.72
002586.SZ,2018-06-25,7.12,7.12,7.0,7.0,24006.5,16908.91
002586.SZ,2018-06-26,6.92,7.06,6.88,7.02,50005.4,34824.95
002586.SZ,2018-06-27,7.0,7.04,6.88,6.99,38073.0,26501.02
002586.SZ,2018-06-28,6.92,6.99,6.88,6.98,42426.02,29474.95
002586.SZ,2018-06-29,6.96,7.01,6.91,7.0,46917.1,32690.6
002586.SZ,2018-07-02,6.99,6.99,6.89,6.91,31371.0,21719.87
002586.SZ,2018-07-03,6.91,7.03,6.89,7.0,40454.45,28233.11
002586.SZ,2018-07-04,7.01,7.06,6.88,6.97,41807.0,29070.22
002586.SZ,2018-07-05,6.93,6.97,6.7,6.73,30314.0,20602.12
002586.SZ,2018-07-06,6.68,6.74,6.06,6.06,236177.61,144362.49
002586.SZ,2018-07-09,5.78,6.07,5.78,6.07,132926.01,78848.43
002586.SZ,2018-07-10,6.07,6.13,6.01,6.1,53130.56,32294.58
002586.SZ,2018-07-11,6.03,6.03,5.84,5.96,66902.32,39816.92
002586.SZ,2018-07-12,5.94,6.1,5.9,5.99,48291.0,29009.62
002586.SZ,2018-07-13,5.99,6.06,5.89,5.96,34955.0,20828.39
002586.SZ,2018-07-16,6.0,6.0,5.81,5.91,56068.0,32888.77
002586.SZ,2018-07-17,5.84,5.89,5.75,5.81,46406.0,26883.79
002586.SZ,2018-07-18,5.74,5.79,5.53,5.64,98184.09,55332.45
002586.SZ,2018-07-19,5.59,5.6,5.48,5.56,85117.0,46977.75
002586.SZ,2018-07-20,5.51,5.63,5.46,5.59,51517.0,28667.72
002586.SZ,2018-07-23,5.58,5.64,5.53,5.6,70149.0,39252.8
002586.SZ,2018-07-24,5.65,5.84,5.61,5.77,76781.0,44161.84
002586.SZ,2018-07-25,5.82,6.33,5.78,6.2,151776.45,90957.91
002586.SZ,2018-07-26,6.0,6.11,5.91,6.01,121179.45,72812.61
002586.SZ,2018-07-27,5.97,6.05,5.84,5.84,63148.71,37384.87
002586.SZ,2018-07-30,5.85,5.85,5.71,5.72,34600.0,19945.07
002586.SZ,2018-07-31,5.7,5.76,5.63,5.72,34087.65,19376.26
002586.SZ,2018-08-01,5.75,5.78,5.6,5.69,37056.0,21052.8
002586.SZ,2018-08-02,5.67,5.67,5.12,5.63,111503.1,59688.11
002586.SZ,2018-08-03,5.55,5.57,5.39,5.48,49710.0,27131.88
002586.SZ,2018-08-06,5.48,5.51,5.21,5.36,31618.0,16941.13
002586.SZ,2018-08-07,5.37,5.5,5.34,5.49,32912.1,17886.12
002586.SZ,2018-08-08,5.43,5.6,5.43,5.49,35925.0,19812.97
002586.SZ,2018-08-09,5.49,5.62,5.42,5.54,40547.75,22473.63
002586.SZ,2018-08-10,5.56,5.6,5.5,5.55,27469.0,15225.62
002586.SZ,2018-08-13,5.49,5.49,5.34,5.39,65872.04,35530.28
002586.SZ,2018-08-14,5.39,5.4,5.15,5.18,91483.06,47938.94
002586.SZ,2018-08-15,5.18,5.28,5.11,5.11,59213.75,30671.07
002586.SZ,2018-08-16,5.11,5.11,4.98,5.02,36863.37,18596.62
002586.SZ,2018-08-17,5.08,5.09,4.91,4.95,50795.02,25255.41
002586.SZ,2018-08-20,4.95,4.95,4.81,4.89,46076.06,22443.94
002586.SZ,2018-08-21,4.93,4.93,4.86,4.9,34816.92,17065.88
002586.SZ,2018-08-22,4.88,4.96,4.8,4.94,52432.92,25547.16
002586.SZ,2018-08-23,4.92,5.02,4.85,4.9,111106.1,54601.64
002586.SZ,2018-08-24,4.89,4.89,4.82,4.87,29842.3,14479.74
002586.SZ,2018-08-27,4.85,4.97,4.85,4.91,59594.0,29263.37
002586.SZ,2018-08-28,4.91,4.96,4.9,4.94,33366.0,16468.18
002586.SZ,2018-08-29,4.95,4.95,4.9,4.9,21502.0,10589.29
002586.SZ,2018-08-30,4.93,4.94,4.83,4.88,28236.3,13755.56
002586.SZ,2018-08-31,4.83,4.91,4.83,4.89,31941.2,15583.81
002586.SZ,2018-09-03,4.85,4.88,4.68,4.77,49542.3,23514.67
002586.SZ,2018-09-04,4.77,4.81,4.72,4.78,52687.0,25182.16
002586.SZ,2018-09-05,4.77,4.78,4.64,4.73,58062.3,27451.53
002586.SZ,2018-09-06,4.68,4.72,4.66,4.69,74815.0,35084.2
002586.SZ,2018-09-07,4.69,4.76,4.69,4.73,108021.53,51063.81
002586.SZ,2018-09-10,4.73,4.84,4.69,4.77,131937.21,63216.63
002586.SZ,2018-09-11,4.76,4.77,4.67,4.73,119973.02,56586.16
002586.SZ,2018-09-12,4.72,4.73,4.56,4.72,64172.73,29848.22
002586.SZ,2018-09-13,4.72,4.74,4.59,4.67,60815.52,28345.39
002586.SZ,2018-09-14,4.69,4.69,4.6,4.66,51490.78,23903.92
002586.SZ,2018-09-17,4.64,4.65,4.47,4.47,72420.0,32786.72
002586.SZ,2018-09-18,4.46,4.57,4.41,4.55,90388.0,40657.5
002586.SZ,2018-09-19,4.58,4.77,4.56,4.7,138202.76,65030.6
002586.SZ,2018-09-20,4.68,5.17,4.66,5.17,369811.09,184892.53
002586.SZ,2018-09-21,5.15,5.38,5.02,5.3,373565.04,192784.29
002586.SZ,2018-09-25,5.12,5.17,5.06,5.07,168892.5,86306.48
002586.SZ,2018-09-26,5.06,5.52,5.04,5.34,380299.6,202373.19
002586.SZ,2018-09-27,5.29,5.55,5.16,5.33,256750.97,135458.53
002586.SZ,2018-09-28,5.28,5.32,5.23,5.23,138326.01,72794.81
002586.SZ,2018-10-08,5.18,5.18,5.04,5.05,130824.26,66869.19
002586.SZ,2018-10-09,5.12,5.32,4.91,5.19,261197.27,134183.54
002586.SZ,2018-10-10,5.15,5.46,5.12,5.35,292264.26,153808.83
002586.SZ,2018-10-11,5.2,5.37,5.02,5.19,216699.24,113027.81
002586.SZ,2018-10-12,5.24,5.64,5.15,5.52,316686.22,171344.38
002586.SZ,2018-10-15,5.48,5.52,5.32,5.47,178542.4,97117.63
002586.SZ,2018-10-16,5.41,5.45,5.14,5.2,161594.0,85601.68
002586.SZ,2018-10-17,5.2,5.28,5.05,5.27,117466.73,61021.94
002586.SZ,2018-10-18,5.24,5.24,4.74,4.98,201851.49,100055.57
002586.SZ,2018-10-19,4.75,5.19,4.68,5.0,206811.01,103192.11
002586.SZ,2018-10-22,5.0,5.4,5.0,5.29,253077.88,132301.05
002586.SZ,2018-10-23,5.25,5.31,5.12,5.17,102141.0,53149.39
002586.SZ,2018-10-24,5.14,5.21,5.06,5.08,88783.0,45482.47
002586.SZ,2018-10-25,4.7,4.88,4.6,4.72,119552.37,56965.26
002586.SZ,2018-10-26,4.79,4.83,4.7,4.71,54588.0,25868.87
002586.SZ,2018-10-29,4.68,4.74,4.6,4.63,46874.0,21935.35
002586.SZ,2018-10-30,4.64,4.75,4.57,4.74,65807.31,30840.9
002586.SZ,2018-10-31,4.75,4.86,4.72,4.75,95239.01,45705.57
002586.SZ,2018-11-01,4.79,4.85,4.74,4.76,65944.0,31635.44
002586.SZ,2018-11-02,4.81,4.86,4.76,4.86,91342.3,44055.5
002586.SZ,2018-11-05,4.86,4.91,4.82,4.89,74343.3,36143.6
002586.SZ,2018-11-06,4.89,4.89,4.81,4.88,55615.5,26953.02
002586.SZ,2018-11-07,4.89,4.89,4.76,4.76,89553.0,43336.42
002586.SZ,2018-11-08,4.77,4.83,4.77,4.78,70685.51,33956.34
002586.SZ,2018-11-09,4.78,4.78,4.65,4.66,55615.56,26149.62
002586.SZ,2018-11-12,4.68,4.83,4.66,4.83,77003.88,36662.02
002586.SZ,2018-11-13,4.78,5.04,4.74,4.98,136519.99,67410.92
002586.SZ,2018-11-14,4.97,5.15,4.95,5.0,152853.61,77519.63
002586.SZ,2018-11-15,5.02,5.15,5.01,5.14,136922.2,69928.19
002586.SZ,2018-11-16,5.17,5.2,5.08,5.11,88222.08,45191.97
002586.SZ,2018-11-19,5.13,5.28,5.05,5.27,103919.56,53435.5
002586.SZ,2018-11-20,5.2,5.22,4.97,5.0,111375.58,56633.91
002586.SZ,2018-11-21,4.91,5.08,4.89,5.06,61404.14,30791.63
002586.SZ,2018-11-22,5.07,5.09,5.0,5.06,46178.0,23271.81
002586.SZ,2018-11-23,5.05,5.06,4.76,4.77,91259.6,44494.98
002586.SZ,2018-11-26,4.78,4.83,4.74,4.78,42068.0,20108.96
002586.SZ,2018-11-27,4.83,4.9,4.77,4.8,43154.5,20815.3
002586.SZ,2018-11-28,4.8,4.87,4.7,4.86,50909.44,24446.02
002586.SZ,2018-11-29,4.91,4.91,4.73,4.74,49401.33,23769.2
002586.SZ,2018-11-30,4.74,4.8,4.66,4.72,39955.66,18867.85
002586.SZ,2018-12-03,4.8,4.93,4.79,4.92,71913.94,35111.69
002586.SZ,2018-12-04,4.93,4.94,4.85,4.92,51606.79,25314.08
002586.SZ,2018-12-05,4.86,5.09,4.83,5.03,95100.71,47440.93
002586.SZ,2018-12-06,5.03,5.13,4.97,5.08,108346.27,54767.08
002586.SZ,2018-12-07,5.1,5.12,5.02,5.1,70743.44,35904.79
002586.SZ,2018-12-10,5.06,5.06,4.97,4.98,51647.33,25830.97
002586.SZ,2018-12-11,4.98,5.04,4.9,4.92,53973.54,26765.09
002586.SZ,2018-12-12,4.92,5.05,4.92,5.05,63807.35,31999.96
002586.SZ,2018-12-13,5.05,5.14,5.0,5.07,91394.92,46467.89
002586.SZ,2018-12-14,5.07,5.12,4.98,4.99,65233.92,32943.35
002586.SZ,2018-12-17,4.98,5.12,4.95,5.08,72327.35,36490.45
002586.SZ,2018-12-18,5.08,5.16,4.97,4.97,79748.44,40303.84
002586.SZ,2018-12-19,4.97,4.99,4.7,4.79,79462.29,38122.76
002586.SZ,2018-12-20,4.74,4.82,4.72,4.8,35216.0,16810.21
002586.SZ,2018-12-21,4.73,4.83,4.73,4.83,37524.0,17946.09
002586.SZ,2018-12-24,4.83,4.85,4.77,4.81,30274.0,14536.14
002586.SZ,2018-12-25,4.73,4.75,4.45,4.69,52923.32,24605.7
002586.SZ,2018-12-26,4.69,4.72,4.58,4.58,35030.0,16212.69
002586.SZ,2018-12-27,4.7,4.7,4.47,4.49,45871.94,20881.34
002586.SZ,2018-12-28,4.49,4.55,4.47,4.52,30786.0,13858.3
002586.SZ,2019-01-02,4.54,4.58,4.42,4.45,42194.0,18899.77
002586.SZ,2019-01-03,4.47,4.5,4.39,4.39,61837.02,27493.67
002586.SZ,2019-01-04,4.35,4.52,4.25,4.51,45283.96,20099.34
002586.SZ,2019-01-07,4.54,4.68,4.52,4.64,48055.99,22107.83
002586.SZ,2019-01-08,4.64,4.71,4.61,4.68,47094.26,21927.32
002586.SZ,2019-01-09,4.68,4.72,4.63,4.64,44440.33,20769.29
002586.SZ,2019-01-10,4.64,4.71,4.62,4.68,45585.3,21329.39
002586.SZ,2019-01-11,4.67,5.11,4.66,4.97,174167.99,86115.83
002586.SZ,2019-01-14,4.95,5.15,4.85,4.98,145394.97,72821.65
002586.SZ,2019-01-15,4.96,5.08,4.94,5.04,71215.6,35613.47
002586.SZ,2019-01-16,5.05,5.13,5.0,5.0,83218.0,42053.54
002586.SZ,2019-01-17,4.98,5.07,4.97,4.99,60274.09,30208.19
002586.SZ,2019-01-18,5.02,5.03,4.9,4.95,64000.81,31700.47
002586.SZ,2019-01-21,4.99,5.05,4.8,4.9,174268.11,85808.68
002586.SZ,2019-01-22,4.91,4.92,4.75,4.77,79252.98,38214.87
002586.SZ,2019-01-23,4.78,4.96,4.76,4.81,121661.0,58947.16
002586.SZ,2019-01-24,4.82,4.85,4.77,4.78,50662.0,24437.89
002586.SZ,2019-01-25,4.81,4.81,4.65,4.65,79016.0,37353.43
002586.SZ,2019-01-28,4.69,4.73,4.56,4.57,37387.48,17321.63
002586.SZ,2019-01-29,4.57,4.58,4.36,4.48,64623.27,28866.2
002586.SZ,2019-01-30,4.48,4.51,4.4,4.42,30168.47,13446.32
002586.SZ,2019-01-31,4.44,4.46,4.36,4.38,42511.0,18704.53
002586.SZ,2019-02-01,4.43,4.53,4.38,4.51,35285.48,15731.57
002586.SZ,2019-02-11,4.54,4.61,4.51,4.59,41610.36,19062.02
002586.SZ,2019-02-12,4.62,4.75,4.57,4.74,53483.0,25004.44
002586.SZ,2019-02-13,4.71,4.8,4.68,4.75,56585.7,26844.1
002586.SZ,2019-02-14,4.74,4.77,4.7,4.75,35754.24,16915.95
002586.SZ,2019-02-15,4.72,4.8,4.7,4.77,50213.65,23889.07
002586.SZ,2019-02-18,4.78,4.88,4.76,4.88,62145.0,30099.45
002586.SZ,2019-02-19,4.92,4.96,4.8,4.84,78107.92,38084.06
002586.SZ,2019-02-20,4.85,4.94,4.75,4.85,71682.0,34610.5
002586.SZ,2019-02-21,4.91,4.93,4.79,4.8,84043.29,40843.79
002586.SZ,2019-02-22,4.78,4.86,4.76,4.86,72866.0,35073.43
002586.SZ,2019-02-25,4.9,5.08,4.88,5.07,178854.37,89496.04
002586.SZ,2019-02-26,5.09,5.22,5.01,5.12,214813.25,110109.23
002586.SZ,2019-02-27,5.16,5.17,5.02,5.08,140201.74,71624.54
002586.SZ,2019-02-28,5.09,5.21,5.08,5.17,121224.01,62229.88
002586.SZ,2019-03-01,5.19,5.21,5.07,5.16,86062.04,44178.11
002586.SZ,2019-03-04,5.15,5.28,5.12,5.18,179182.13,93186.45
002586.SZ,2019-03-05,5.17,5.4,5.15,5.33,185347.31,97946.05
002586.SZ,2019-03-06,5.43,5.8,5.34,5.67,280099.6,155202.9
002586.SZ,2019-03-07,5.66,5.74,5.56,5.68,189471.93,106870.62
002586.SZ,2019-03-08,5.58,5.66,5.38,5.42,152486.0,84281.3
002586.SZ,2019-03-11,5.41,5.6,5.36,5.58,128841.14,70742.9
002586.SZ,2019-03-12,5.63,5.68,5.48,5.57,150139.02,84140.4
002586.SZ,2019-03-13,5.59,5.96,5.52,5.73,238364.03,136458.42
002586.SZ,2019-03-14,5.65,5.74,5.36,5.44,148258.72,81614.08
002586.SZ,2019-03-15,5.47,5.57,5.42,5.51,76426.81,42014.3
002586.SZ,2019-03-18,5.51,5.62,5.46,5.61,119979.08,66404.58
002586.SZ,2019-03-19,5.63,5.64,5.5,5.56,98027.02,54469.56
002586.SZ,2019-03-20,5.56,5.58,5.42,5.55,80365.0,44289.15
002586.SZ,2019-03-21,5.53,5.65,5.53,5.57,91200.38,50983.56
002586.SZ,2019-03-22,5.59,5.98,5.54,5.86,275607.36,159327.22
002586.SZ,2019-03-25,5.75,5.85,5.66,5.78,187001.28,107501.57
002586.SZ,2019-03-26,5.78,5.84,5.52,5.52,141074.1,79750.91
002586.SZ,2019-03-27,5.53,5.59,5.31,5.41,89035.56,48247.61
002586.SZ,2019-03-28,5.37,5.46,5.26,5.31,60910.4,32766.75
002586.SZ,2019-03-29,5.32,5.45,5.22,5.44,72815.02,39059.95
002586.SZ,2019-04-01,5.48,5.63,5.45,5.61,109501.0,61058.0
002586.SZ,2019-04-02,5.63,5.67,5.57,5.64,107807.32,60598.29
002586.SZ,2019-04-03,5.59,5.79,5.54,5.72,141282.8,80609.3
002586.SZ,2019-04-04,5.8,5.83,5.67,5.73,98991.27,56692.94
002586.SZ,2019-04-08,5.73,5.92,5.61,5.81,169752.43,98050.96
002586.SZ,2019-04-09,5.81,5.81,5.69,5.78,98519.83,56597.54
002586.SZ,2019-04-10,5.72,5.86,5.65,5.8,114569.82,65979.25
002586.SZ,2019-04-11,5.76,5.84,5.68,5.68,113269.72,65135.29
002586.SZ,2019-04-12,5.7,5.75,5.62,5.75,67640.02,38440.28
002586.SZ,2019-04-15,5.85,5.91,5.72,5.73,133854.66,77873.35
002586.SZ,2019-04-16,5.68,5.78,5.57,5.74,123679.0,70128.11
002586.SZ,2019-04-17,5.75,5.83,5.72,5.77,98876.05,57071.15
002586.SZ,2019-04-18,5.78,5.83,5.67,5.7,83754.28,47893.62
002586.SZ,2019-04-19,5.68,5.74,5.56,5.69,98563.04,55576.84
002586.SZ,2019-04-22,5.68,5.8,5.64,5.66,132679.78,75684.45
002586.SZ,2019-04-23,5.66,5.67,5.32,5.39,157880.1,86287.49
002586.SZ,2019-04-24,5.4,5.44,5.34,5.42,54044.0,29150.11
002586.SZ,2019-04-25,5.42,5.42,5.15,5.16,81037.0,42790.35
002586.SZ,2019-04-26,5.16,5.19,5.06,5.07,62386.21,31964.57
002586.SZ,2019-04-29,4.66,5.0,4.66,4.91,165667.75,80333.01
002586.SZ,2019-04-30,4.89,5.13,4.87,5.09,82904.69,41886.22
002586.SZ,2019-05-06,4.97,5.02,4.68,4.85,126856.0,62268.33
002586.SZ,2019-05-07,4.92,5.05,4.87,4.99,78879.72,39254.21
002586.SZ,2019-05-08,4.96,5.05,4.88,4.99,54372.83,27095.35
002586.SZ,2019-05-09,4.94,5.01,4.88,4.91,40707.44,20156.66
002586.SZ,2019-05-10,4.95,5.36,4.88,5.27,180848.57,92677.4
002586.SZ,2019-05-13,5.2,5.27,5.09,5.12,72872.83,37680.49
002586.SZ,2019-05-14,5.11,5.41,5.05,5.28,119859.5,63327.87
002586.SZ,2019-05-15,5.29,5.45,5.23,5.35,111651.33,59707.02
002586.SZ,2019-05-16,5.37,5.49,5.29,5.39,118281.08,63902.4
002586.SZ,2019-05-17,5.39,5.41,5.16,5.21,74886.0,39615.7
002586.SZ,2019-05-20,5.26,5.32,5.17,5.32,55596.15,29184.15
002586.SZ,2019-05-21,5.32,5.47,5.28,5.36,141422.3,75922.46
002586.SZ,2019-05-22,5.36,5.37,5.07,5.19,110614.05,57603.29
002586.SZ,2019-05-23,5.11,5.35,4.98,5.35,146207.48,75787.75
002586.SZ,2019-05-24,5.5,5.68,5.23,5.25,205256.18,112553.77
002586.SZ,2019-05-27,5.1,5.2,4.74,4.87,273482.03,135671.31
002586.SZ,2019-05-29,4.63,4.63,4.63,4.63,4251.0,1968.21
002586.SZ,2019-05-30,4.4,4.4,4.4,4.4,1314.0,578.16
002586.SZ,2019-05-31,4.18,4.18,4.18,4.18,7079.0,2959.02
002586.SZ,2019-06-03,3.98,4.18,3.97,3.97,403102.78,161334.04
002586.SZ,2019-06-04,3.87,4.07,3.87,3.99,111951.28,44802.61
002586.SZ,2019-06-05,4.02,4.08,4.01,4.03,47053.5,19059.61
002586.SZ,2019-06-06,4.03,4.07,3.83,3.85,121340.22,46907.09
002586.SZ,2019-06-10,3.85,3.89,3.68,3.79,53284.55,20051.36
002586.SZ,2019-06-11,3.8,3.98,3.8,3.98,44280.08,17463.27
002586.SZ,2019-06-12,4.08,4.18,4.0,4.18,52547.0,21722.85
002586.SZ,2019-06-13,4.39,4.39,4.23,4.39,40284.21,17643.18
002586.SZ,2019-06-14,4.61,4.61,4.17,4.29,128075.5,56771.98
002586.SZ,2019-06-17,4.28,4.5,4.12,4.5,87346.17,38695.41
002586.SZ,2019-06-18,4.51,4.68,4.44,4.47,53659.63,24451.18
002586.SZ,2019-06-19,4.47,4.53,4.3,4.3,63610.54,27948.57
002586.SZ,2019-06-20,4.31,4.38,4.2,4.23,45957.0,19600.42
002586.SZ,2019-06-21,4.29,4.39,4.2,4.25,60400.06,25758.15
002586.SZ,2019-06-24,4.26,4.28,4.09,4.14,51419.0,21354.19
002586.SZ,2019-06-25,4.1,4.15,4.02,4.1,36478.06,14861.43
002586.SZ,2019-06-26,4.09,4.18,4.06,4.11,37595.0,15530.54
002586.SZ,2019-06-27,4.14,4.17,4.1,4.1,24806.0,10221.07
002586.SZ,2019-06-28,4.11,4.17,4.1,4.13,19204.18,7933.51
002586.SZ,2019-07-01,4.2,4.23,4.11,4.17,39415.0,16409.21
002586.SZ,2019-07-02,4.16,4.34,4.14,4.26,50944.75,21595.36
002586.SZ,2019-07-03,4.25,4.25,4.1,4.14,35644.08,14784.46
002586.SZ,2019-07-04,4.15,4.17,4.12,4.13,18952.0,7842.84
002586.SZ,2019-07-05,4.13,4.15,4.1,4.13,15495.8,6379.67
002586.SZ,2019-07-08,4.11,4.11,3.92,3.92,41181.76,16391.0
002586.SZ,2019-07-09,3.87,3.95,3.85,3.93,20185.2,7875.39
002586.SZ,2019-07-10,3.93,4.1,3.9,3.98,26637.37,10664.31
002586.SZ,2019-07-11,3.98,4.06,3.95,3.97,16354.0,6508.08
002586.SZ,2019-07-12,3.97,3.97,3.87,3.94,21023.56,8253.56
002586.SZ,2019-07-15,3.93,3.96,3.8,3.91,26683.0,10439.91
002586.SZ,2019-07-16,3.71,3.76,3.71,3.71,117584.37,43716.56
002586.SZ,2019-07-17,3.71,3.79,3.71,3.77,45215.02,16969.58
002586.SZ,2019-07-18,3.77,3.79,3.71,3.74,26320.0,9841.0
002586.SZ,2019-07-19,3.6,3.67,3.57,3.65,38779.0,14057.52
002586.SZ,2019-07-22,3.65,3.66,3.58,3.61,27973.0,10099.04
002586.SZ,2019-07-23,3.63,3.63,3.43,3.43,80231.26,27787.35
002586.SZ,2019-07-24,3.42,3.58,3.42,3.52,38970.26,13705.36
002586.SZ,2019-07-25,3.5,3.62,3.49,3.62,47912.26,17168.56
002586.SZ,2019-07-26,3.6,3.65,3.58,3.59,22005.0,7949.85
002586.SZ,2019-07-29,3.59,3.66,3.58,3.64,20614.76,7463.2
002586.SZ,2019-07-30,3.64,3.82,3.64,3.82,89967.49,33997.66
002586.SZ,2019-07-31,3.86,4.0,3.8,3.92,88923.65,34893.09
002586.SZ,2019-08-01,3.9,4.12,3.9,4.12,81664.71,33060.47
002586.SZ,2019-08-02,4.01,4.23,4.01,4.16,81408.02,33664.91
002586.SZ,2019-08-05,4.22,4.24,4.05,4.07,49970.43,20543.0
002586.SZ,2019-08-06,3.96,3.98,3.87,3.94,45801.06,17949.81
002586.SZ,2019-08-07,3.97,4.08,3.97,4.02,24768.4,9976.62
002586.SZ,2019-08-08,4.03,4.08,3.96,4.0,16156.5,6473.73
002586.SZ,2019-08-09,4.02,4.08,3.96,4.07,24687.0,9955.59
002586.SZ,2019-08-12,4.1,4.27,4.1,4.27,75727.74,31962.27
002586.SZ,2019-08-13,4.25,4.48,4.23,4.47,107032.28,46853.37
002586.SZ,2019-08-14,4.47,4.56,4.36,4.42,57534.08,25682.07
002586.SZ,2019-08-15,4.4,4.64,4.26,4.58,99270.2,44783.23
002586.SZ,2019-08-16,4.58,4.62,4.48,4.48,50075.65,22719.8
002586.SZ,2019-08-19,4.36,4.67,4.36,4.6,91101.26,41835.49
002586.SZ,2019-08-20,4.56,4.6,4.4,4.51,67941.0,30535.1
002586.SZ,2019-08-21,4.52,4.56,4.28,4.28,91397.5,39593.33
002586.SZ,2019-08-22,4.21,4.35,4.07,4.3,128730.8,53795.94
002586.SZ,2019-08-23,4.18,4.32,4.11,4.28,69040.0,29157.96
002586.SZ,2019-08-26,4.16,4.18,4.07,4.07,83988.9,34427.41
002586.SZ,2019-08-27,3.87,3.96,3.87,3.87,138801.21,53787.3
002586.SZ,2019-08-28,3.8,3.85,3.74,3.79,62947.0,23821.07
002586.SZ,2019-08-29,3.8,3.8,3.6,3.61,161888.06,59148.78
002586.SZ,2019-08-30,3.57,3.67,3.54,3.65,71875.35,26004.72
002586.SZ,2019-09-02,3.66,3.77,3.63,3.73,58402.0,21700.05
002586.SZ,2019-09-03,3.73,3.79,3.65,3.65,70149.0,26009.34
002586.SZ,2019-09-04,3.64,3.64,3.58,3.64,37629.61,13625.62
002586.SZ,2019-09-05,3.64,3.77,3.64,3.72,49491.0,18354.64
002586.SZ,2019-09-06,3.73,3.82,3.7,3.79,55705.74,21032.61
002586.SZ,2019-09-09,3.79,3.86,3.75,3.8,47066.0,17884.01
002586.SZ,2019-09-10,3.79,3.82,3.76,3.78,30701.0,11602.37
002586.SZ,2019-09-11,3.78,3.85,3.76,3.78,35391.09,13445.25
002586.SZ,2019-09-12,3.77,3.78,3.68,3.75,39388.09,14738.3
002586.SZ,2019-09-16,3.77,3.77,3.7,3.72,31006.02,11563.78
002586.SZ,2019-09-17,3.72,3.72,3.62,3.63,32797.0,11983.43
002586.SZ,2019-09-18,3.66,3.7,3.64,3.66,22451.0,8218.64
002586.SZ,2019-09-19,3.67,3.69,3.65,3.68,13753.0,5039.17
002586.SZ,2019-09-20,3.76,3.81,3.69,3.72,57777.58,21675.36
002586.SZ,2019-09-23,3.73,3.77,3.63,3.74,37093.75,13668.19
002586.SZ,2019-09-24,3.71,3.78,3.71,3.76,28393.75,10641.6
002586.SZ,2019-09-25,3.74,3.75,3.69,3.69,19042.0,7071.77
002586.SZ,2019-09-26,3.69,3.71,3.51,3.53,63323.06,22642.12
002586.SZ,2019-09-27,3.53,3.56,3.51,3.53,17632.0,6225.43
002586.SZ,2019-09-30,3.57,3.57,3.52,3.54,14348.02,5084.62
002586.SZ,2019-10-08,3.55,3.56,3.51,3.53,12067.5,4265.46
002586.SZ,2019-10-09,3.53,3.55,3.45,3.53,12789.46,4484.36
002586.SZ,2019-10-10,3.53,3.55,3.51,3.55,12592.02,4454.77
002586.SZ,2019-10-11,3.47,3.55,3.47,3.49,30414.26,10653.54
002586.SZ,2019-10-14,3.49,3.59,3.49,3.57,34913.42,12423.25
002586.SZ,2019-10-15,3.57,3.64,3.53,3.62,33163.52,11968.09
002586.SZ,2019-10-16,3.64,3.66,3.58,3.59,30801.02,11111.37
002586.SZ,2019-10-17,3.57,3.6,3.55,3.58,18711.74,6708.56
002586.SZ,2019-10-18,3.55,3.59,3.51,3.54,17752.0,6303.75
002586.SZ,2019-10-21,3.47,3.53,3.47,3.51,11769.5,4125.49
002586.SZ,2019-10-22,3.51,3.54,3.5,3.52,12579.5,4426.98
002586.SZ,2019-10-23,3.51,3.54,3.47,3.49,14497.11,5059.3
002586.SZ,2019-10-24,3.5,3.53,3.41,3.53,32039.0,11119.28
002586.SZ,2019-10-25,3.5,3.52,3.47,3.49,21564.74,7539.41
002586.SZ,2019-10-28,3.49,3.51,3.47,3.48,29116.0,10138.35
002586.SZ,2019-10-29,3.48,3.48,3.45,3.45,25286.0,8764.82
002586.SZ,2019-10-30,3.46,3.48,3.39,3.4,20586.64,7067.42
002586.SZ,2019-10-31,3.45,3.57,3.45,3.48,89450.62,31587.31
002586.SZ,2019-11-01,3.47,3.47,3.35,3.46,42016.0,14365.55
002586.SZ,2019-11-04,3.48,3.53,3.41,3.43,24752.48,8527.34
002586.SZ,2019-11-05,3.44,3.44,3.37,3.38,36533.0,12372.17
002586.SZ,2019-11-06,3.38,3.39,3.35,3.36,17496.0,5896.2
002586.SZ,2019-11-07,3.4,3.42,3.37,3.4,30916.0,10492.75
002586.SZ,2019-11-08,3.4,3.43,3.35,3.35,29669.0,10015.65
002586.SZ,2019-11-11,3.36,3.37,3.26,3.27,23083.0,7634.25
002586.SZ,2019-11-12,3.27,3.3,3.25,3.27,13785.5,4509.52
002586.SZ,2019-11-13,3.28,3.28,3.11,3.11,67905.54,21318.31
002586.SZ,2019-11-14,3.08,3.08,2.95,2.95,49744.18,14715.64
002586.SZ,2019-11-15,2.9,2.9,2.81,2.85,74790.58,21255.93
002586.SZ,2019-11-18,2.82,2.94,2.81,2.9,51839.0,14947.98
002586.SZ,2019-11-19,2.89,3.0,2.87,2.98,44895.71,13299.45
002586.SZ,2019-11-20,2.98,3.0,2.92,2.95,26472.3,7838.63
002586.SZ,2019-11-21,2.95,2.97,2.9,2.94,21937.0,6440.95
002586.SZ,2019-11-22,2.97,3.08,2.95,3.01,45785.0,13829.91
002586.SZ,2019-11-25,2.98,3.03,2.97,2.99,24305.19,7273.62
002586.SZ,2019-11-26,2.99,3.02,2.94,3.02,26038.71,7784.01
002586.SZ,2019-11-27,3.0,3.02,2.95,2.95,18791.0,5592.61
002586.SZ,2019-11-28,2.96,2.99,2.9,2.93,18372.0,5403.85
002586.SZ,2019-11-29,2.93,2.95,2.9,2.94,15655.02,4587.89
002586.SZ,2019-12-02,2.95,2.95,2.9,2.91,15548.0,4543.55
002586.SZ,2019-12-03,2.91,2.95,2.89,2.94,15406.08,4504.71
002586.SZ,2019-12-04,2.94,3.09,2.93,3.09,41013.61,12519.24
002586.SZ,2019-12-05,3.13,3.23,3.07,3.11,75021.08,23547.41
002586.SZ,2019-12-06,3.13,3.17,3.07,3.1,38774.79,12040.03
002586.SZ,2019-12-09,3.09,3.09,3.05,3.06,28340.75,8679.28
002586.SZ,2019-12-10,3.05,3.07,3.04,3.05,14586.19,4449.77
002586.SZ,2019-12-11,3.05,3.05,2.99,3.01,23666.0,7123.81
002586.SZ,2019-12-12,3.02,3.04,2.99,3.02,19763.75,5959.05
002586.SZ,2019-12-13,3.01,3.06,3.0,3.06,35772.75,10853.16
002586.SZ,2019-12-16,3.0,3.03,2.91,2.97,104558.0,31042.94
002586.SZ,2019-12-17,2.97,3.01,2.94,3.0,72977.24,21732.63
002586.SZ,2019-12-18,2.99,3.12,2.97,3.06,83060.5,25256.16
002586.SZ,2019-12-19,3.04,3.09,3.03,3.08,62548.02,19171.41
002586.SZ,2019-12-20,3.07,3.23,3.07,3.19,130801.22,41414.23
002586.SZ,2019-12-23,3.2,3.2,3.12,3.18,71399.47,22564.24
002586.SZ,2019-12-24,3.2,3.34,3.17,3.34,144056.86,47575.37
002586.SZ,2019-12-25,3.34,3.46,3.26,3.27,138284.24,46240.92
002586.SZ,2019-12-26,3.24,3.27,3.13,3.25,101633.62,32549.64
002586.SZ,2019-12-27,3.24,3.27,3.18,3.19,45505.0,14670.76
002586.SZ,2019-12-30,3.11,3.2,3.11,3.17,44040.0,13916.88
002586.SZ,2019-12-31,3.16,3.19,3.11,3.12,48418.97,15245.442
002586.SZ,2020-01-02,3.11,3.16,3.1,3.14,60941.43,19093.65
002586.SZ,2020-01-03,3.16,3.23,3.11,3.19,91201.65,28875.89
002586.SZ,2020-01-06,3.15,3.2,3.13,3.18,48592.73,15413.39
002586.SZ,2020-01-07,3.23,3.27,3.2,3.23,67825.2,21929.02
002586.SZ,2020-01-08,3.24,3.26,3.2,3.2,65048.0,21008.18
002586.SZ,2020-01-09,3.21,3.24,3.2,3.22,40515.0,13032.16
002586.SZ,2020-01-10,3.23,3.24,3.15,3.18,56854.23,18128.53
002586.SZ,2020-01-13,3.19,3.19,3.12,3.14,39457.7,12377.18
002586.SZ,2020-01-14,3.15,3.16,3.1,3.11,42045.0,13125.02
002586.SZ,2020-01-15,3.11,3.12,3.04,3.06,44401.5,13613.92
002586.SZ,2020-01-16,3.07,3.08,2.98,2.99,53755.45,16217.24
002586.SZ,2020-01-17,3.0,3.04,2.99,3.02,39903.62,12040.82
002586.SZ,2020-01-20,3.03,3.04,2.98,2.99,40356.0,12107.3
002586.SZ,2020-01-21,2.99,2.99,2.95,2.96,27875.14,8258.71
002586.SZ,2020-01-22,2.96,2.99,2.93,2.98,26501.9,7855.31
002586.SZ,2020-01-23,2.83,2.88,2.83,2.83,82047.0,23263.04
002586.SZ,2020-02-03,2.69,2.69,2.69,2.69,2665.0,716.89
002586.SZ,2020-02-04,2.56,2.56,2.56,2.56,12158.0,3112.45
002586.SZ,2020-02-05,2.53,2.59,2.51,2.55,91835.59,23377.07
002586.SZ,2020-02-06,2.54,2.55,2.49,2.53,67219.02,16914.82
002586.SZ,2020-02-07,2.5,2.54,2.49,2.53,38764.67,9753.67
002586.SZ,2020-02-10,2.53,2.62,2.41,2.61,84783.54,21295.19
002586.SZ,2020-02-11,2.58,2.68,2.57,2.61,66778.5,17571.92
002586.SZ,2020-02-12,2.61,2.63,2.57,2.59,52347.62,13609.81
002586.SZ,2020-02-13,2.6,2.6,2.51,2.53,45857.0,11694.03
002586.SZ,2020-02-14,2.54,2.57,2.51,2.54,40621.62,10293.83
002586.SZ,2020-02-17,2.54,2.61,2.53,2.6,55953.59,14437.58
002586.SZ,2020-02-18,2.61,2.65,2.59,2.64,83274.0,21826.27
002586.SZ,2020-02-19,2.65,2.65,2.6,2.63,57708.1,15142.18
002586.SZ,2020-02-20,2.64,2.66,2.6,2.64,63918.01,16839.22
002586.SZ,2020-02-21,2.64,2.67,2.63,2.63,54006.0,14263.11
002586.SZ,2020-02-24,2.62,2.76,2.61,2.76,118428.24,32301.96
002586.SZ,2020-02-25,2.76,2.89,2.71,2.84,159940.11,45228.84
002586.SZ,2020-02-26,2.76,2.81,2.7,2.79,88512.36,24445.54
002586.SZ,2020-02-27,2.78,2.8,2.7,2.74,61396.0,16853.95
002586.SZ,2020-02-28,2.64,2.68,2.6,2.62,68502.0,17970.29
002586.SZ,2020-03-02,2.65,2.75,2.62,2.72,55227.02,14878.44
002586.SZ,2020-03-03,2.74,2.76,2.68,2.71,57049.0,15475.01
002586.SZ,2020-03-04,2.69,2.73,2.67,2.72,34508.7,9325.75
002586.SZ,2020-03-05,2.74,2.81,2.72,2.78,70198.54,19448.22
002586.SZ,2020-03-06,2.75,2.83,2.75,2.78,49528.69,13827.52
002586.SZ,2020-03-09,2.74,2.76,2.66,2.66,51923.0,14020.28
002586.SZ,2020-03-10,2.6,2.69,2.59,2.68,41055.0,10852.86
002586.SZ,2020-03-11,2.69,2.7,2.67,2.68,29259.69,7868.37
002586.SZ,2020-03-12,2.68,2.68,2.62,2.63,30229.0,8002.33
002586.SZ,2020-03-13,2.54,2.63,2.51,2.58,45098.0,11544.15
002586.SZ,2020-03-16,2.6,2.61,2.52,2.57,44106.85,11360.48
002586.SZ,2020-03-17,2.6,2.61,2.49,2.58,41589.0,10645.31
002586.SZ,2020-03-18,2.59,2.63,2.53,2.54,33706.0,8693.58
002586.SZ,2020-03-19,2.52,2.53,2.42,2.47,39886.02,9842.93
002586.SZ,2020-03-20,2.49,2.5,2.43,2.48,29363.27,7229.59
002586.SZ,2020-03-23,2.42,2.42,2.36,2.36,69707.0,16518.74
002586.SZ,2020-03-24,2.37,2.39,2.32,2.37,40414.0,9533.55
002586.SZ,2020-03-25,2.39,2.41,2.3,2.41,45933.51,10912.06
002586.SZ,2020-03-26,2.39,2.41,2.36,2.36,32075.0,7655.17
002586.SZ,2020-03-27,2.39,2.48,2.38,2.48,57872.01,14257.59
002586.SZ,2020-03-30,2.44,2.45,2.37,2.37,59107.51,14217.13
002586.SZ,2020-03-31,2.4,2.4,2.35,2.38,27347.01,6489.79
002586.SZ,2020-04-01,2.38,2.4,2.36,2.37,20451.0,4870.87
002586.SZ,2020-04-02,2.37,2.39,2.33,2.39,27519.23,6485.62
002586.SZ,2020-04-03,2.39,2.41,2.36,2.39,20617.02,4921.09
002586.SZ,2020-04-07,2.41,2.47,2.41,2.44,36053.22,8801.37
002586.SZ,2020-04-08,2.44,2.44,2.38,2.41,37575.22,9057.58
002586.SZ,2020-04-09,2.42,2.44,2.41,2.43,34899.0,8462.74
002586.SZ,2020-04-10,2.43,2.48,2.4,2.42,40626.0,9882.97
002586.SZ,2020-04-13,2.41,2.46,2.38,2.4,38204.61,9240.92
002586.SZ,2020-04-14,2.42,2.43,2.38,2.41,31092.63,7471.86
002586.SZ,2020-04-15,2.4,2.42,2.37,2.39,26732.02,6414.21
002586.SZ,2020-04-16,2.37,2.41,2.37,2.39,16880.1,4038.42
002586.SZ,2020-04-17,2.4,2.4,2.36,2.37,33153.9,7891.41
002586.SZ,2020-04-20,2.37,2.37,2.25,2.31,56432.74,13025.71
002586.SZ,2020-04-21,2.29,2.3,2.24,2.28,41306.74,9336.74
002586.SZ,2020-04-22,2.26,2.29,2.23,2.26,33430.0,7560.02
002586.SZ,2020-04-23,2.26,2.28,2.25,2.26,31434.0,7111.64
002586.SZ,2020-04-24,2.26,2.28,2.15,2.17,76105.0,16640.62
002586.SZ,2020-04-27,2.18,2.19,2.14,2.15,35676.0,7694.85
002586.SZ,2020-04-28,2.15,2.17,2.06,2.07,44159.0,9284.49
002586.SZ,2020-04-29,2.08,2.08,1.99,2.01,49995.41,10135.57
002586.SZ,2020-05-06,1.91,1.91,1.91,1.91,15304.0,2923.06
002586.SZ,2020-05-07,1.81,1.91,1.81,1.83,135501.22,24858.29
002586.SZ,2020-05-08,1.83,1.87,1.81,1.86,59339.28,10888.86
002586.SZ,2020-05-11,1.85,1.86,1.84,1.86,35959.0,6653.42
002586.SZ,2020-05-12,1.85,1.88,1.83,1.87,35215.44,6531.35
002586.SZ,2020-05-13,1.87,1.96,1.85,1.96,71857.44,13956.54
002586.SZ,2020-05-14,1.99,2.03,1.96,2.01,91021.01,18216.34
002586.SZ,2020-05-15,2.01,2.01,1.94,1.94,41168.72,8066.89
002586.SZ,2020-05-18,1.94,1.95,1.85,1.9,33235.0,6316.69
002586.SZ,2020-05-19,1.91,1.92,1.88,1.89,19868.0,3764.87
002586.SZ,2020-05-20,1.9,1.91,1.8,1.81,32865.0,6048.19
002586.SZ,2020-05-21,1.83,1.85,1.8,1.81,25715.0,4683.57
002586.SZ,2020-05-22,1.82,1.82,1.76,1.78,34747.0,6217.33
002586.SZ,2020-05-25,1.79,1.79,1.69,1.69,58326.5,9966.02
002586.SZ,2020-05-26,1.69,1.77,1.69,1.77,45041.0,7890.75
002586.SZ,2020-05-27,1.8,1.84,1.77,1.8,37681.0,6791.93
002586.SZ,2020-05-28,1.79,1.87,1.79,1.83,28525.4,5213.4
002586.SZ,2020-05-29,1.82,1.84,1.81,1.82,20722.4,3777.3
002586.SZ,2020-06-01,1.82,1.91,1.82,1.91,64124.5,12138.03
002586.SZ,2020-06-02,1.91,2.01,1.9,2.01,63157.0,12446.91
002586.SZ,2020-06-03,2.04,2.11,2.02,2.11,43358.83,9096.21
002586.SZ,2020-06-04,2.2,2.22,2.08,2.1,135150.44,29235.54
002586.SZ,2020-06-05,2.09,2.09,2.0,2.0,103010.03,20864.97
002586.SZ,2020-06-08,2.01,2.02,1.9,1.95,80262.0,15562.29
002586.SZ,2020-06-09,1.95,2.05,1.94,2.05,42310.8,8553.28
002586.SZ,2020-06-10,2.07,2.14,2.02,2.09,112621.8,23470.64
002586.SZ,2020-06-11,2.08,2.11,2.06,2.09,58780.0,12253.61
002586.SZ,2020-06-12,2.08,2.1,2.06,2.09,50648.0,10546.96
002586.SZ,2020-06-15,2.1,2.19,2.1,2.14,68298.0,14692.55
002586.SZ,2020-06-16,2.13,2.17,2.13,2.15,25593.0,5480.63
002586.SZ,2020-06-17,2.14,2.14,2.07,2.11,21921.0,4616.24
002586.SZ,2020-06-18,2.1,2.17,2.06,2.14,31252.0,6646.81
002586.SZ,2020-06-19,2.14,2.24,2.13,2.2,49479.4,10837.44
002586.SZ,2020-06-22,2.2,2.22,2.17,2.18,27808.0,6107.95
002586.SZ,2020-06-23,2.19,2.19,2.13,2.14,25960.0,5592.06
002586.SZ,2020-06-24,2.14,2.15,2.1,2.15,14624.7,3109.22
002586.SZ,2020-06-29,2.14,2.26,2.14,2.19,51476.0,11478.39
002586.SZ,2020-06-30,2.19,2.26,2.18,2.2,32326.0,7159.45
002586.SZ,2020-07-01,2.2,2.2,2.17,2.19,19303.03,4204.74
002586.SZ,2020-07-02,2.19,2.21,2.18,2.2,21539.3,4721.66
002586.SZ,2020-07-03,2.18,2.2,2.16,2.18,42049.5,9155.6
002586.SZ,2020-07-06,2.18,2.25,2.18,2.23,57114.23,12615.54
002586.SZ,2020-07-07,2.23,2.27,2.12,2.13,101709.82,21991.4
002586.SZ,2020-07-08,2.11,2.13,2.07,2.12,56798.06,11915.35
002586.SZ,2020-07-09,2.13,2.14,2.09,2.13,71909.94,15225.94
002586.SZ,2020-07-10,2.15,2.16,2.12,2.15,58262.93,12477.66
002586.SZ,2020-07-13,2.21,2.26,2.21,2.26,112832.5,25431.31
002586.SZ,2020-07-14,2.3,2.37,2.27,2.34,173572.09,40410.24
002586.SZ,2020-07-15,2.3,2.3,2.22,2.23,111123.08,24816.32
002586.SZ,2020-07-16,2.21,2.22,2.13,2.15,60835.0,13176.24
002586.SZ,2020-07-17,2.04,2.04,2.04,2.04,39351.0,8027.6
002586.SZ,2020-07-20,1.94,2.01,1.94,1.96,176725.94,34440.31
002586.SZ,2020-07-21,1.99,2.05,1.97,2.02,78710.7,15741.25
002586.SZ,2020-07-22,2.03,2.03,1.97,1.98,51857.7,10314.95
002586.SZ,2020-07-23,1.98,1.99,1.91,1.93,42954.0,8329.9
002586.SZ,2020-07-24,1.88,1.93,1.83,1.83,68638.0,12824.78
002586.SZ,2020-07-27,1.83,1.86,1.8,1.86,40580.44,7443.48
002586.SZ,2020-07-28,1.86,1.9,1.84,1.89,35516.8,6634.8
002586.SZ,2020-07-29,1.9,1.93,1.88,1.92,28827.73,5523.65
002586.SZ,2020-07-30,1.91,1.94,1.9,1.91,29026.26,5548.71
002586.SZ,2020-07-31,1.92,1.93,1.89,1.91,33160.0,6315.74
002586.SZ,2020-08-03,1.92,1.96,1.91,1.93,39005.2,7568.39
002586.SZ,2020-08-04,1.94,1.95,1.91,1.93,36081.0,6945.4
002586.SZ,2020-08-05,1.93,1.97,1.91,1.95,43471.1,8444.12
002586.SZ,2020-08-06,1.95,1.96,1.93,1.95,44329.94,8624.09
002586.SZ,2020-08-07,1.94,1.94,1.85,1.88,43192.0,8208.2
002586.SZ,2020-08-10,1.88,1.93,1.87,1.91,38251.0,7256.48
002586.SZ,2020-08-11,1.91,1.92,1.87,1.88,29569.0,5600.35
002586.SZ,2020-08-12,1.87,1.88,1.81,1.83,39512.0,7248.22
002586.SZ,2020-08-13,1.83,1.86,1.81,1.85,31279.7,5766.02
002586.SZ,2020-08-14,1.85,1.87,1.83,1.85,24158.0,4467.73
002586.SZ,2020-08-17,1.85,1.94,1.85,1.94,66888.52,12884.54
002586.SZ,2020-08-18,1.95,2.03,1.94,1.96,115751.0,23002.81
002586.SZ,2020-08-19,1.95,1.99,1.95,1.96,57896.89,11426.07
002586.SZ,2020-08-20,1.95,1.95,1.91,1.92,27340.0,5256.21
002586.SZ,2020-08-21,1.91,1.93,1.88,1.9,41002.04,7809.36
002586.SZ,2020-08-24,1.9,2.0,1.9,2.0,52200.41,10216.89
002586.SZ,2020-08-25,1.99,2.04,1.97,1.98,61483.5,12283.23
002586.SZ,2020-08-26,2.03,2.04,1.93,2.02,88226.0,17596.66
002586.SZ,2020-08-27,2.0,2.03,1.99,2.01,52904.45,10599.93
002586.SZ,2020-08-28,2.0,2.06,1.99,2.03,32129.45,6521.66
002586.SZ,2020-08-31,2.09,2.11,2.03,2.08,41428.0,8562.43
002586.SZ,2020-09-01,2.09,2.1,2.05,2.07,25482.66,5269.08
002586.SZ,2020-09-02,2.06,2.17,2.06,2.17,93959.7,20252.81
002586.SZ,2020-09-03,2.16,2.22,2.15,2.15,68326.15,14877.55
002586.SZ,2020-09-04,2.12,2.26,2.09,2.24,78908.53,17532.56
002586.SZ,2020-09-07,2.24,2.28,2.14,2.14,78816.0,17431.21
002586.SZ,2020-09-08,2.14,2.19,2.13,2.15,39980.3,8601.01
002586.SZ,2020-09-09,2.15,2.15,2.04,2.05,62423.0,12923.82
002586.SZ,2020-09-10,2.05,2.1,1.96,1.96,53279.0,10719.62
002586.SZ,2020-09-11,1.96,2.04,1.9,2.02,30886.64,6127.7
002586.SZ,2020-09-14,2.0,2.12,2.0,2.11,62288.14,12958.16
002586.SZ,2020-09-15,2.08,2.11,2.06,2.06,25682.14,5347.68
002586.SZ,2020-09-16,2.08,2.08,2.04,2.05,17351.14,3572.05
002586.SZ,2020-09-17,2.04,2.07,2.01,2.03,18623.14,3785.15
002586.SZ,2020-09-18,2.03,2.03,1.94,2.01,70342.0,13913.12
002586.SZ,2020-09-21,2.0,2.01,1.96,1.98,26750.0,5321.97
002586.SZ,2020-09-22,1.97,2.08,1.97,2.01,40190.1,8124.98
002586.SZ,2020-09-23,2.0,2.02,1.97,1.98,31113.43,6177.19
002586.SZ,2020-09-24,1.97,2.01,1.96,1.97,20806.0,4137.55
002586.SZ,2020-09-25,1.97,1.99,1.93,1.95,22124.68,4309.76
002586.SZ,2020-09-28,1.96,1.96,1.93,1.94,17427.0,3383.88
002586.SZ,2020-09-29,1.94,1.97,1.93,1.94,13665.0,2659.48
002586.SZ,2020-09-30,1.94,1.96,1.93,1.94,14214.03,2755.73
002586.SZ,2020-10-09,1.94,1.98,1.94,1.97,11888.0,2333.09
002586.SZ,2020-10-12,1.97,1.99,1.96,1.98,23476.04,4636.91
002586.SZ,2020-10-13,1.98,1.99,1.96,1.99,19477.73,3846.17
002586.SZ,2020-10-14,1.98,1.99,1.97,1.97,17518.0,3459.89
002586.SZ,2020-10-15,1.97,1.98,1.94,1.95,19051.06,3732.63
002586.SZ,2020-10-16,1.94,1.98,1.93,1.98,15403.0,3003.64
002586.SZ,2020-10-19,1.97,1.98,1.95,1.96,13478.0,2654.64
002586.SZ,2020-10-20,1.94,1.95,1.92,1.93,28124.0,5426.52
002586.SZ,2020-10-21,1.93,1.94,1.89,1.9,17465.02,3333.97
002586.SZ,2020-10-22,1.9,1.92,1.85,1.92,30939.0,5825.49
002586.SZ,2020-10-23,1.91,1.92,1.89,1.9,17474.0,3321.9
002586.SZ,2020-10-26,1.89,1.95,1.88,1.91,24152.73,4619.46
002586.SZ,2020-10-27,1.9,1.91,1.89,1.89,9277.0,1757.66
002586.SZ,2020-10-28,1.88,1.9,1.87,1.9,10700.0,2016.16
002586.SZ,2020-10-29,1.89,1.91,1.88,1.9,23911.0,4533.85
002586.SZ,2020-10-30,1.9,1.91,1.87,1.88,14954.0,2832.0
002586.SZ,2020-11-02,1.87,1.9,1.85,1.89,22916.0,4295.48
002586.SZ,2020-11-03,1.88,1.92,1.88,1.9,18147.0,3445.38
002586.SZ,2020-11-04,1.91,1.91,1.87,1.89,8133.0,1534.64
002586.SZ,2020-11-05,1.89,1.9,1.86,1.88,23520.02,4425.3
002586.SZ,2020-11-06,1.89,1.9,1.87,1.88,23635.0,4458.37
002586.SZ,2020-11-09,1.89,1.91,1.88,1.89,25623.0,4857.53
002586.SZ,2020-11-10,1.89,1.89,1.86,1.87,18533.0,3471.94
002586.SZ,2020-11-11,1.86,1.88,1.84,1.85,16900.0,3137.7
002586.SZ,2020-11-12,1.86,1.9,1.86,1.9,27934.0,5263.78
002586.SZ,2020-11-13,1.88,1.91,1.88,1.9,27092.0,5144.94
002586.SZ,2020-11-16,1.9,1.94,1.89,1.93,29276.13,5595.3
002586.SZ,2020-11-17,1.93,1.94,1.91,1.93,12715.0,2442.34
002586.SZ,2020-11-18,1.92,1.94,1.91,1.93,24230.0,4667.24
002586.SZ,2020-11-19,1.92,1.94,1.89,1.91,21448.0,4099.2
002586.SZ,2020-11-20,1.9,1.94,1.9,1.93,23655.02,4526.88
002586.SZ,2020-11-23,1.93,2.03,1.92,2.03,80954.0,16318.69
002586.SZ,2020-11-24,2.01,2.07,2.01,2.06,69756.16,14193.93
002586.SZ,2020-11-25,2.06,2.1,2.03,2.07,46823.0,9696.34
002586.SZ,2020-11-26,2.08,2.09,2.04,2.05,33230.0,6831.89
002586.SZ,2020-11-27,2.06,2.12,2.06,2.12,48666.0,10178.23
002586.SZ,2020-11-30,2.11,2.23,2.1,2.19,89108.0,19712.68
002586.SZ,2020-12-01,2.22,2.23,2.09,2.15,84367.62,18174.73
002586.SZ,2020-12-02,2.13,2.13,2.07,2.08,40370.0,8428.82
002586.SZ,2020-12-03,2.08,2.13,2.04,2.11,33714.0,6991.37
002586.SZ,2020-12-04,2.11,2.12,2.07,2.09,20586.0,4309.74
002586.SZ,2020-12-07,2.09,2.19,2.07,2.16,48755.5,10539.61
002586.SZ,2020-12-08,2.16,2.25,2.16,2.22,58612.42,12993.19
002586.SZ,2020-12-09,2.22,2.23,2.16,2.17,31371.52,6855.46
002586.SZ,2020-12-10,2.16,2.2,2.13,2.17,24852.93,5384.67
002586.SZ,2020-12-11,2.17,2.2,2.06,2.07,65251.0,13608.5
002586.SZ,2020-12-14,2.07,2.13,2.04,2.05,13833.5,2856.3
002586.SZ,2020-12-15,2.08,2.08,2.0,2.01,36616.23,7430.21
002586.SZ,2020-12-16,2.01,2.02,1.98,1.99,14022.0,2800.7
002586.SZ,2020-12-17,1.99,2.03,1.99,2.01,14457.62,2893.42
002586.SZ,2020-12-18,2.0,2.01,1.95,1.99,17638.66,3502.98
002586.SZ,2020-12-21,2.0,2.02,1.98,2.0,14445.0,2887.41
002586.SZ,2020-12-22,1.99,2.02,1.98,1.99,17617.0,3518.98
002586.SZ,2020-12-23,1.99,2.03,1.96,2.0,22186.0,4417.58
002586.SZ,2020-12-24,2.01,2.01,1.97,1.99,17234.0,3422.62
002586.SZ,2020-12-25,1.99,2.09,1.99,2.09,29152.8,6033.86
002586.SZ,2020-12-28,2.15,2.15,2.08,2.08,35363.0,7457.21
002586.SZ,2020-12-29,2.08,2.09,2.03,2.04,16579.0,3400.91
002586.SZ,2020-12-30,2.05,2.06,2.01,2.04,12889.0,2631.95
002586.SZ,2020-12-31,2.06,2.08,2.02,2.05,17512.62,3600.032
002586.SZ,2021-01-04,2.04,2.05,2.0,2.02,18054.02,3653.51
002586.SZ,2021-01-05,2.02,2.06,2.0,2.01,14906.0,3015.37
002586.SZ,2021-01-06,2.01,2.05,2.0,2.03,18291.0,3706.32
002586.SZ,2021-01-07,2.03,2.05,1.97,1.97,18555.0,3686.15
002586.SZ,2021-01-08,1.97,1.97,1.88,1.92,35639.34,6836.4
002586.SZ,2021-01-11,1.93,1.94,1.91,1.93,18523.0,3560.09
002586.SZ,2021-01-12,1.93,1.95,1.92,1.93,10759.0,2080.58
002586.SZ,2021-01-13,1.92,1.94,1.89,1.91,21583.0,4123.07
002586.SZ,2021-01-14,1.91,1.92,1.88,1.91,11952.96,2266.11
002586.SZ,2021-01-15,1.91,1.92,1.89,1.92,12662.0,2412.87
002586.SZ,2021-01-18,1.92,1.97,1.91,1.96,21490.56,4161.24
002586.SZ,2021-01-19,1.95,1.96,1.93,1.94,11062.0,2143.31
002586.SZ,2021-01-20,1.93,1.97,1.93,1.97,10627.7,2074.07
002586.SZ,2021-01-21,1.97,1.97,1.91,1.94,16160.8,3117.08
002586.SZ,2021-01-22,2.04,2.04,2.04,2.04,22936.0,4678.94
002586.SZ,2021-01-25,2.08,2.14,2.05,2.14,124416.55,26441.47
002586.SZ,2021-01-26,2.16,2.2,2.1,2.12,58844.17,12681.22
002586.SZ,2021-01-27,2.1,2.11,2.04,2.06,37679.0,7815.15
002586.SZ,2021-01-28,2.05,2.05,2.0,2.01,29335.0,5926.01
002586.SZ,2021-01-29,2.0,2.04,1.96,2.0,22930.0,4583.65
002586.SZ,2021-02-01,2.0,2.1,1.98,2.03,33250.4,6807.39
002586.SZ,2021-02-02,2.04,2.08,2.01,2.04,31820.0,6535.18
002586.SZ,2021-02-03,2.01,2.07,2.01,2.04,26197.0,5347.9
002586.SZ,2021-02-04,2.03,2.08,2.02,2.05,37052.52,7583.31
002586.SZ,2021-02-05,2.06,2.08,2.04,2.06,24985.0,5135.14
002586.SZ,2021-02-08,2.06,2.16,2.06,2.11,90617.5,19314.83
002586.SZ,2021-02-09,2.1,2.11,2.03,2.03,49623.0,10226.55
002586.SZ,2021-02-10,2.03,2.06,2.03,2.06,24817.7,5065.46
002586.SZ,2021-02-18,2.06,2.08,2.02,2.06,34559.17,7068.32
002586.SZ,2021-02-19,2.06,2.08,2.04,2.07,24486.0,5050.77
002586.SZ,2021-02-22,2.07,2.12,1.97,2.05,67394.5,13840.23
002586.SZ,2021-02-23,2.07,2.08,2.02,2.06,29361.0,6020.21
002586.SZ,2021-02-24,2.06,2.06,2.02,2.04,24710.0,5038.75
002586.SZ,2021-02-25,2.03,2.04,1.99,2.01,29353.37,5903.85
002586.SZ,2021-02-26,2.01,2.03,1.99,2.02,12637.0,2544.59
002586.SZ,2021-03-01,2.03,2.05,2.01,2.05,17908.0,3630.97
002586.SZ,2021-03-02,2.06,2.06,1.99,2.01,31885.0,6423.25
002586.SZ,2021-03-03,2.0,2.03,1.99,2.03,28253.0,5685.68
002586.SZ,2021-03-04,2.02,2.05,2.01,2.04,19060.02,3874.05
002586.SZ,2021-03-05,2.03,2.06,2.0,2.06,29367.52,5969.22
002586.SZ,2021-03-08,2.06,2.16,2.05,2.16,158686.63,34044.79
002586.SZ,2021-03-09,2.16,2.27,2.14,2.27,186332.09,41670.09
002586.SZ,2021-03-10,2.24,2.26,2.16,2.18,151600.8,33488.17
002586.SZ,2021-03-11,2.17,2.29,2.16,2.29,62581.0,14185.35
002586.SZ,2021-03-12,2.35,2.4,2.32,2.4,147248.8,35212.34
002586.SZ,2021-03-15,2.41,2.52,2.37,2.42,202476.9,49623.37
002586.SZ,2021-03-16,2.43,2.45,2.34,2.39,90668.7,21551.47
002586.SZ,2021-03-17,2.38,2.51,2.35,2.51,70891.5,17677.06
002586.SZ,2021-03-18,2.58,2.6,2.46,2.49,138465.2,35115.52
002586.SZ,2021-03-19,2.47,2.57,2.47,2.51,84087.04,21183.9
002586.SZ,2021-03-22,2.53,2.64,2.52,2.64,107840.52,28233.48
002586.SZ,2021-03-23,2.73,2.77,2.7,2.77,38296.0,10538.36
002586.SZ,2021-03-24,2.86,2.89,2.64,2.66,242008.52,67688.79
002586.SZ,2021-03-25,2.54,2.7,2.54,2.66,81790.5,21476.06
002586.SZ,2021-03-26,2.73,2.73,2.65,2.68,38836.0,10416.33
002586.SZ,2021-03-29,2.69,2.81,2.64,2.81,80594.92,22161.24
002586.SZ,2021-03-30,2.82,2.95,2.82,2.87,95564.5,27594.49
002586.SZ,2021-03-31,2.86,2.98,2.79,2.79,103749.02,29807.44
002586.SZ,2021-04-01,2.76,2.83,2.72,2.79,67386.0,18677.3
002586.SZ,2021-04-02,2.89,2.89,2.78,2.78,34186.52,9583.84
002586.SZ,2021-04-06,2.78,2.78,2.64,2.64,80507.0,21459.54
002586.SZ,2021-04-07,2.57,2.63,2.51,2.58,115088.75,29236.84
002586.SZ,2021-04-08,2.57,2.57,2.45,2.46,60954.0,15193.39
002586.SZ,2021-04-09,2.45,2.54,2.42,2.49,38801.02,9682.04
002586.SZ,2021-04-12,2.49,2.55,2.47,2.53,48445.0,12272.96
002586.SZ,2021-04-13,2.51,2.54,2.49,2.49,18796.0,4699.06
002586.SZ,2021-04-14,2.51,2.61,2.49,2.61,36796.52,9435.0
002586.SZ,2021-04-15,2.68,2.74,2.62,2.65,62157.0,16649.55
002586.SZ,2021-04-16,2.67,2.74,2.63,2.71,25294.02,6849.44
002586.SZ,2021-04-19,2.71,2.74,2.66,2.68,29481.0,7916.09
002586.SZ,2021-04-20,2.65,2.67,2.55,2.59,60490.0,15718.33
002586.SZ,2021-04-21,2.59,2.72,2.57,2.72,80824.15,21844.84
002586.SZ,2021-04-22,2.64,2.73,2.64,2.73,48492.0,13062.92
002586.SZ,2021-04-23,2.74,2.76,2.67,2.7,37812.0,10238.39
002586.SZ,2021-04-26,2.72,2.73,2.61,2.64,53264.0,14168.9
002586.SZ,2021-04-27,2.66,2.66,2.52,2.54,42245.0,10845.15
002586.SZ,2021-04-28,2.56,2.56,2.43,2.46,47872.82,11814.28
002586.SZ,2021-04-29,2.5,2.58,2.37,2.58,62326.06,15575.31
002586.SZ,2021-04-30,2.61,2.69,2.54,2.54,67944.0,17670.73
002586.SZ,2021-05-06,2.54,2.56,2.47,2.49,28360.0,7083.95
002586.SZ,2021-05-07,2.5,2.52,2.48,2.49,21707.0,5424.71
002586.SZ,2021-05-10,2.5,2.57,2.48,2.5,31119.0,7848.09
002586.SZ,2021-05-11,2.52,2.62,2.52,2.57,37913.0,9768.9
002586.SZ,2021-05-12,2.63,2.63,2.55,2.59,26923.0,6988.29
002586.SZ,2021-05-13,2.54,2.67,2.54,2.61,51689.04,13533.72
002586.SZ,2021-05-14,2.61,2.68,2.58,2.63,44653.5,11807.51
002586.SZ,2021-05-17,2.63,2.64,2.5,2.54,30443.0,7734.5
002586.SZ,2021-05-18,2.5,2.57,2.41,2.43,46667.0,11506.53
002586.SZ,2021-05-19,2.43,2.49,2.4,2.45,23692.3,5830.71
002586.SZ,2021-05-20,2.44,2.44,2.33,2.33,46122.0,10857.63
002586.SZ,2021-05-21,2.3,2.39,2.3,2.38,25029.5,5819.45
002586.SZ,2021-05-24,2.38,2.47,2.37,2.42,23148.0,5596.29
002586.SZ,2021-05-25,2.43,2.47,2.41,2.41,14877.0,3618.56
002586.SZ,2021-05-26,2.4,2.43,2.35,2.37,17323.01,4114.19
002586.SZ,2021-05-27,2.36,2.42,2.35,2.36,19345.04,4589.42
002586.SZ,2021-05-28,2.36,2.36,2.31,2.35,19732.0,4626.19
002586.SZ,2021-05-31,2.37,2.39,2.36,2.37,15551.0,3692.73
002586.SZ,2021-06-01,2.38,2.38,2.32,2.38,17915.01,4225.09
002586.SZ,2021-06-02,2.46,2.46,2.4,2.42,27213.67,6612.35
002586.SZ,2021-06-03,2.41,2.47,2.4,2.45,40348.5,9828.74
002586.SZ,2021-06-04,2.45,2.45,2.38,2.42,28057.1,6761.89
002586.SZ,2021-06-07,2.43,2.45,2.4,2.43,31297.65,7582.39
002586.SZ,2021-06-08,2.42,2.44,2.41,2.43,18837.04,4563.61
002586.SZ,2021-06-09,2.43,2.55,2.42,2.55,66071.21,16569.92
002586.SZ,2021-06-10,2.57,2.6,2.53,2.56,51745.01,13235.27
002586.SZ,2021-06-11,2.58,2.69,2.54,2.65,58197.0,15312.72
002586.SZ,2021-06-15,2.66,2.67,2.58,2.59,44513.02,11599.5
002586.SZ,2021-06-16,2.61,2.65,2.53,2.56,39909.0,10318.2
002586.SZ,2021-06-17,2.53,2.6,2.53,2.6,28577.42,7311.52
002586.SZ,2021-06-18,2.58,2.66,2.58,2.59,28100.0,7341.08
002586.SZ,2021-06-21,2.6,2.6,2.49,2.51,45354.5,11512.71
002586.SZ,2021-06-22,2.51,2.54,2.47,2.49,30640.0,7674.0
002586.SZ,2021-06-23,2.52,2.55,2.46,2.53,18986.0,4785.72
002586.SZ,2021-06-24,2.54,2.62,2.5,2.54,28327.0,7249.37
002586.SZ,2021-06-25,2.56,2.57,2.52,2.53,18321.0,4640.99
002586.SZ,2021-06-28,2.54,2.54,2.47,2.53,32121.0,8060.74
002586.SZ,2021-06-29,2.52,2.52,2.47,2.48,21388.0,5313.17
002586.SZ,2021-06-30,2.49,2.5,2.47,2.48,17591.2,4366.81
002586.SZ,2021-07-01,2.52,2.6,2.5,2.6,78763.02,20284.16
002586.SZ,2021-07-02,2.61,2.72,2.51,2.7,126012.67,33175.56
002586.SZ,2021-07-05,2.7,2.84,2.7,2.84,76306.8,21438.69
002586.SZ,2021-07-06,2.97,2.98,2.75,2.78,162829.2,46544.95
002586.SZ,2021-07-07,2.82,2.92,2.8,2.92,38243.71,11052.33
002586.SZ,2021-07-08,3.07,3.07,2.92,2.95,167192.67,50425.42
002586.SZ,2021-07-09,2.95,2.96,2.8,2.88,84220.71,24219.71
002586.SZ,2021-07-12,2.85,2.89,2.76,2.8,76243.73,21373.94
002586.SZ,2021-07-13,2.8,2.81,2.73,2.77,53772.0,14830.73
002586.SZ,2021-07-14,2.81,2.91,2.81,2.91,22542.77,6496.5
002586.SZ,2021-07-15,2.98,2.98,2.85,2.89,80217.97,23263.85
002586.SZ,2021-07-16,2.86,3.03,2.85,3.0,71886.48,21373.45
002586.SZ,2021-07-19,3.0,3.09,2.94,2.94,67201.0,20170.39
002586.SZ,2021-07-20,2.9,2.94,2.84,2.86,63250.0,18173.23
002586.SZ,2021-07-21,2.98,3.0,2.94,2.99,103618.0,30947.14
002586.SZ,2021-07-22,2.9,2.99,2.84,2.94,81109.2,23624.05
002586.SZ,2021-07-23,2.96,3.0,2.93,2.94,38680.0,11442.97
002586.SZ,2021-07-26,3.02,3.02,2.9,2.91,44501.77,13121.05
002586.SZ,2021-07-27,2.88,2.93,2.86,2.87,33742.0,9721.27
002586.SZ,2021-07-28,2.85,2.88,2.74,2.83,44697.0,12567.28
002586.SZ,2021-07-29,2.86,2.89,2.8,2.85,27853.0,7937.78
002586.SZ,2021-07-30,2.85,2.89,2.83,2.84,23733.0,6787.24
002586.SZ,2021-08-02,2.85,2.85,2.8,2.81,29713.0,8363.85
002586.SZ,2021-08-03,2.81,2.83,2.77,2.8,21757.0,6083.95
002586.SZ,2021-08-04,2.79,2.81,2.78,2.8,13117.24,3667.23
002586.SZ,2021-08-05,2.81,2.81,2.66,2.7,61918.0,16876.7
002586.SZ,2021-08-06,2.65,2.73,2.65,2.72,26896.92,7246.04
002586.SZ,2021-08-09,2.69,2.81,2.68,2.78,43628.0,11947.29
002586.SZ,2021-08-10,2.76,2.79,2.75,2.78,25151.87,6993.93
002586.SZ,2021-08-11,2.79,2.8,2.74,2.75,34353.0,9525.48
002586.SZ,2021-08-12,2.74,2.77,2.62,2.67,59607.0,15978.71
002586.SZ,2021-08-13,2.66,2.7,2.63,2.66,24381.0,6498.4
002586.SZ,2021-08-16,2.66,2.72,2.64,2.72,31994.28,8574.02
002586.SZ,2021-08-17,2.72,2.79,2.69,2.72,58089.5,16022.95
002586.SZ,2021-08-18,2.72,2.8,2.72,2.76,30638.0,8445.3
002586.SZ,2021-08-19,2.76,2.78,2.72,2.74,30491.0,8369.23
002586.SZ,2021-08-20,2.74,2.74,2.66,2.68,26008.0,6985.33
002586.SZ,2021-08-23,2.7,2.71,2.64,2.66,41107.0,10928.7
002586.SZ,2021-08-24,2.66,2.69,2.65,2.67,19702.0,5256.4
002586.SZ,2021-08-25,2.67,2.8,2.66,2.8,61746.02,17138.54
002586.SZ,2021-08-26,2.91,2.91,2.77,2.8,70675.0,20002.99
002586.SZ,2021-08-27,2.79,2.81,2.76,2.77,38428.0,10657.46
002586.SZ,2021-08-30,2.76,2.79,2.73,2.75,36226.0,9970.95
002586.SZ,2021-08-31,2.74,2.78,2.71,2.74,38991.63,10714.3
002586.SZ,2021-09-01,2.74,2.83,2.68,2.74,62615.85,17186.82
002586.SZ,2021-09-02,2.74,2.74,2.68,2.69,41689.6,11279.34
002586.SZ,2021-09-03,2.69,2.74,2.67,2.7,38974.0,10537.62
002586.SZ,2021-09-06,2.68,2.7,2.63,2.66,49942.02,13241.5
002586.SZ,2021-09-07,2.68,2.68,2.65,2.67,24010.04,6384.65
002586.SZ,2021-09-08,2.66,2.68,2.65,2.67,37844.0,10073.41
002586.SZ,2021-09-09,2.67,2.67,2.63,2.64,35334.0,9341.36
002586.SZ,2021-09-10,2.65,2.67,2.62,2.66,39963.04,10541.08
002586.SZ,2021-09-13,2.66,2.71,2.65,2.67,40876.5,10900.83
002586.SZ,2021-09-14,2.67,2.69,2.64,2.68,41507.8,11093.56
002586.SZ,2021-09-15,2.67,2.68,2.63,2.65,30991.0,8212.06
002586.SZ,2021-09-16,2.64,2.67,2.59,2.6,39985.52,10523.04
002586.SZ,2021-09-17,2.6,2.62,2.56,2.58,21882.0,5652.57
002586.SZ,2021-09-22,2.58,2.58,2.53,2.54,29829.36,7586.28
002586.SZ,2021-09-23,2.56,2.57,2.54,2.57,34458.0,8808.71
002586.SZ,2021-09-24,2.57,2.6,2.54,2.56,27512.0,7059.71
002586.SZ,2021-09-27,2.56,2.57,2.43,2.43,60203.0,14766.49
002586.SZ,2021-09-28,2.39,2.42,2.31,2.31,57730.0,13467.21
002586.SZ,2021-09-29,2.29,2.35,2.19,2.31,63087.1,14351.87
002586.SZ,2021-09-30,2.31,2.4,2.31,2.38,32155.04,7609.57
002586.SZ,2021-10-08,2.41,2.5,2.38,2.46,47950.0,11790.71
002586.SZ,2021-10-11,2.46,2.56,2.46,2.46,52318.0,13172.81
002586.SZ,2021-10-12,2.46,2.48,2.37,2.39,36781.0,8939.69
002586.SZ,2021-10-13,2.37,2.37,2.27,2.31,78779.62,18159.99
002586.SZ,2021-10-14,2.29,2.38,2.23,2.35,66256.08,15174.1
002586.SZ,2021-10-15,2.36,2.37,2.31,2.34,43505.02,10208.23
002586.SZ,2021-10-18,2.34,2.34,2.31,2.32,34456.04,8011.38
002586.SZ,2021-10-19,2.31,2.34,2.25,2.33,43698.0,10061.65
002586.SZ,2021-10-20,2.33,2.45,2.33,2.45,48092.02,11689.31
002586.SZ,2021-10-21,2.57,2.57,2.54,2.57,31967.08,8212.11
002586.SZ,2021-10-22,2.7,2.7,2.57,2.62,145876.02,38459.28
002586.SZ,2021-10-25,2.67,2.75,2.66,2.75,163859.39,44901.12
002586.SZ,2021-10-26,2.76,2.79,2.65,2.7,143197.92,38830.82
002586.SZ,2021-10-27,2.72,2.84,2.72,2.84,137451.88,38643.92
002586.SZ,2021-10-28,2.97,2.98,2.7,2.83,186270.5,54072.45
002586.SZ,2021-10-29,2.78,2.96,2.77,2.83,122085.36,34871.39
002586.SZ,2021-11-01,2.83,2.83,2.69,2.69,91234.0,24729.42
002586.SZ,2021-11-02,2.65,2.73,2.62,2.63,73662.0,19663.01
002586.SZ,2021-11-03,2.65,2.66,2.5,2.58,104937.0,26712.33
002586.SZ,2021-11-04,2.56,2.62,2.55,2.56,65579.0,16878.03
002586.SZ,2021-11-05,2.54,2.59,2.5,2.54,40905.16,10390.94
002586.SZ,2021-11-08,2.53,2.67,2.53,2.67,77719.28,20325.7
002586.SZ,2021-11-09,2.74,2.8,2.7,2.8,100874.3,28031.5
002586.SZ,2021-11-10,2.9,2.94,2.81,2.91,180216.02,52158.21
002586.SZ,2021-11-11,2.88,2.93,2.79,2.8,122154.0,34867.97
002586.SZ,2021-11-12,2.82,2.83,2.76,2.76,66524.0,18574.6
002586.SZ,2021-11-15,2.75,2.8,2.73,2.77,54245.27,14987.11
002586.SZ,2021-11-16,2.76,2.9,2.75,2.8,96278.73,27170.08
002586.SZ,2021-11-17,2.82,2.83,2.76,2.79,66660.0,18616.67
002586.SZ,2021-11-18,2.79,2.8,2.68,2.7,77078.0,21001.54
002586.SZ,2021-11-19,2.72,2.77,2.69,2.74,48343.0,13178.3
002586.SZ,2021-11-22,2.67,2.74,2.6,2.67,134735.27,35683.15
002586.SZ,2021-11-23,2.69,2.71,2.65,2.66,46093.0,12353.9
002586.SZ,2021-11-24,2.65,2.79,2.64,2.73,178007.0,48872.66
002586.SZ,2021-11-25,2.7,2.7,2.63,2.64,124950.0,33172.69
002586.SZ,2021-11-26,2.64,2.73,2.62,2.7,98065.02,26119.41
002586.SZ,2021-11-29,2.66,2.73,2.66,2.69,87837.0,23629.92
002586.SZ,2021-11-30,2.68,2.82,2.68,2.82,133724.0,37166.84
002586.SZ,2021-12-01,2.85,2.96,2.83,2.96,212309.06,61991.47
002586.SZ,2021-12-02,2.95,3.11,2.95,2.97,355436.65,108771.52
002586.SZ,2021-12-03,2.93,3.12,2.92,3.12,231144.96,69914.38
002586.SZ,2021-12-06,3.28,3.28,3.21,3.28,84213.9,27590.0
002586.SZ,2021-12-07,3.43,3.44,3.35,3.44,104304.31,35738.82
002586.SZ,2021-12-08,3.54,3.54,3.27,3.38,421804.02,142872.03
002586.SZ,2021-12-09,3.38,3.55,3.32,3.44,307943.7,106650.11
002586.SZ,2021-12-10,3.39,3.42,3.29,3.34,214571.06,71826.03
002586.SZ,2021-12-13,3.33,3.42,3.22,3.26,175483.0,57799.6
002586.SZ,2021-12-14,3.34,3.42,3.33,3.42,242034.88,82633.93
002586.SZ,2021-12-15,3.37,3.41,3.3,3.32,200590.27,67088.13
002586.SZ,2021-12-16,3.33,3.39,3.26,3.3,103431.3,34188.19
002586.SZ,2021-12-17,3.35,3.43,3.31,3.42,173412.0,58628.82
002586.SZ,2021-12-20,3.42,3.58,3.42,3.48,164774.0,57553.49
002586.SZ,2021-12-21,3.49,3.49,3.4,3.48,86585.82,29925.07
002586.SZ,2021-12-22,3.49,3.65,3.49,3.64,290402.5,104701.44
002586.SZ,2021-12-23,3.6,3.64,3.51,3.53,188090.04,66658.98
002586.SZ,2021-12-24,3.48,3.48,3.35,3.35,188536.0,63396.13
002586.SZ,2021-12-27,3.18,3.23,3.18,3.18,133001.4,42320.59
002586.SZ,2021-12-28,3.16,3.3,3.06,3.2,119684.0,38401.44
002586.SZ,2021-12-29,3.2,3.27,3.15,3.25,70240.0,22524.95
002586.SZ,2021-12-30,3.29,3.41,3.29,3.41,157554.63,53509.93
002586.SZ,2021-12-31,3.57,3.58,3.46,3.58,228453.0,81420.033
002586.SZ,2022-01-04,3.6,3.72,3.55,3.7,155524.0,56669.07
002586.SZ,2022-01-05,3.7,3.7,3.52,3.52,119023.0,42301.88
002586.SZ,2022-01-06,3.41,3.5,3.34,3.44,126276.39,43126.05
002586.SZ,2022-01-07,3.45,3.54,3.42,3.52,95423.5,33343.83
002586.SZ,2022-01-10,3.58,3.64,3.54,3.62,85537.0,30763.84
002586.SZ,2022-01-11,3.61,3.67,3.44,3.51,87342.47,31037.4
002586.SZ,2022-01-12,3.53,3.55,3.46,3.49,59416.0,20816.11
002586.SZ,2022-01-13,3.66,3.66,3.56,3.6,93426.88,33713.32
002586.SZ,2022-01-14,3.55,3.59,3.52,3.57,49906.81,17707.58
002586.SZ,2022-01-17,3.56,3.59,3.5,3.59,51647.88,18420.64
002586.SZ,2022-01-18,3.6,3.64,3.57,3.63,53935.92,19416.98
002586.SZ,2022-01-19,3.63,3.77,3.59,3.7,80427.52,29718.27
002586.SZ,2022-01-20,3.72,3.77,3.57,3.58,81337.04,29720.63
002586.SZ,2022-01-21,3.55,3.64,3.53,3.61,45051.04,16073.93
002586.SZ,2022-01-24,3.56,3.62,3.56,3.59,32611.0,11701.23
002586.SZ,2022-01-25,3.6,3.62,3.51,3.53,66783.5,23805.08
002586.SZ,2022-01-26,3.53,3.57,3.49,3.56,41136.0,14563.76
002586.SZ,2022-01-27,3.55,3.58,3.52,3.54,40156.0,14221.43
002586.SZ,2022-01-28,3.54,3.65,3.54,3.63,49317.0,17691.7
002586.SZ,2022-02-07,3.68,3.78,3.63,3.77,86990.02,32501.39
002586.SZ,2022-02-08,3.76,3.82,3.7,3.8,53959.06,20289.31
002586.SZ,2022-02-09,3.77,3.79,3.67,3.7,89014.04,33184.04
002586.SZ,2022-02-10,3.69,3.79,3.67,3.76,77268.56,28745.68
002586.SZ,2022-02-11,3.58,3.68,3.57,3.57,93475.0,33540.08
002586.SZ,2022-02-14,3.48,3.5,3.39,3.39,59019.0,20086.42
002586.SZ,2022-02-15,3.22,3.3,3.22,3.24,188175.53,60928.09
002586.SZ,2022-02-16,3.25,3.32,3.22,3.22,120134.0,39304.44
002586.SZ,2022-02-17,3.26,3.28,3.17,3.23,60195.0,19455.51
002586.SZ,2022-02-18,3.22,3.33,3.21,3.3,74054.53,24250.02
002586.SZ,2022-02-21,3.31,3.39,3.3,3.36,77957.0,26134.28
002586.SZ,2022-02-22,3.31,3.31,3.19,3.19,118182.0,38006.67
002586.SZ,2022-02-23,3.2,3.27,3.2,3.26,60032.02,19465.58
002586.SZ,2022-02-24,3.26,3.27,3.1,3.18,78315.0,24828.8
002586.SZ,2022-02-25,3.19,3.27,3.12,3.25,74348.04,23693.94
002586.SZ,2022-02-28,3.23,3.26,3.15,3.25,50274.06,16137.29
002586.SZ,2022-03-01,3.28,3.31,3.22,3.29,44074.55,14419.37
002586.SZ,2022-03-02,3.27,3.28,3.13,3.19,107981.31,34232.55
002586.SZ,2022-03-03,3.18,3.21,3.15,3.18,41315.0,13090.04
002586.SZ,2022-03-04,3.18,3.18,3.07,3.15,69977.0,21937.35
002586.SZ,2022-03-07,3.16,3.22,3.12,3.2,52259.02,16571.73
002586.SZ,2022-03-08,3.21,3.26,3.18,3.19,67369.47,21606.29
002586.SZ,2022-03-09,3.21,3.35,3.16,3.35,173033.48,56651.61
002586.SZ,2022-03-10,3.39,3.5,3.32,3.45,122995.08,41670.71
002586.SZ,2022-03-11,3.42,3.56,3.39,3.53,85151.0,29570.3
002586.SZ,2022-03-14,3.5,3.62,3.48,3.62,107742.93,38335.98
002586.SZ,2022-03-15,3.6,3.63,3.44,3.44,100872.0,35589.26
002586.SZ,2022-03-16,3.42,3.52,3.27,3.38,120242.95,40624.08
002586.SZ,2022-03-17,3.38,3.47,3.36,3.37,58942.0,20115.42
002586.SZ,2022-03-18,3.4,3.47,3.37,3.44,55748.0,19144.64
002586.SZ,2022-03-21,3.45,3.61,3.45,3.61,116221.38,41292.07
002586.SZ,2022-03-22,3.61,3.63,3.56,3.62,70584.0,25371.92
002586.SZ,2022-03-23,3.64,3.8,3.62,3.71,187970.06,70187.75
002586.SZ,2022-03-24,3.65,3.78,3.62,3.72,102001.95,37759.9
002586.SZ,2022-03-25,3.91,3.91,3.82,3.91,281272.54,109551.72
002586.SZ,2022-03-28,3.96,4.11,3.91,4.11,246333.87,99249.96
002586.SZ,2022-03-29,4.15,4.26,3.95,4.0,229999.0,94050.31
002586.SZ,2022-03-30,4.04,4.06,3.88,3.99,125559.63,49514.89
002586.SZ,2022-03-31,3.99,4.19,3.98,4.19,157028.15,65006.31
002586.SZ,2022-04-01,4.2,4.26,4.14,4.19,110797.0,46379.7
002586.SZ,2022-04-06,4.16,4.38,4.14,4.32,138875.75,59614.52
002586.SZ,2022-04-07,4.35,4.48,4.31,4.48,117662.0,51721.45
002586.SZ,2022-04-08,4.49,4.63,4.47,4.63,162105.62,73682.24
002586.SZ,2022-04-11,4.85,4.86,4.75,4.86,215962.19,104214.49
002586.SZ,2022-04-12,4.88,4.88,4.65,4.7,190000.15,90693.75
002586.SZ,2022-04-13,4.71,4.71,4.47,4.47,187011.0,85195.94
002586.SZ,2022-04-14,4.47,4.69,4.47,4.69,126383.76,58605.4
002586.SZ,2022-04-15,4.89,4.92,4.71,4.89,198275.68,96507.32
002586.SZ,2022-04-18,4.65,4.65,4.65,4.65,50204.0,23344.86
002586.SZ,2022-04-19,4.42,4.42,4.42,4.42,20800.0,9193.6
002586.SZ,2022-04-20,4.2,4.64,4.2,4.59,282855.13,124841.86
002586.SZ,2022-04-21,4.51,4.78,4.49,4.73,127165.95,59665.27
002586.SZ,2022-04-22,4.8,4.94,4.71,4.79,144470.2,69596.49
002586.SZ,2022-04-25,4.8,4.99,4.55,4.55,246554.0,116664.81
002586.SZ,2022-04-26,4.49,4.63,4.36,4.43,134513.1,60174.84
002586.SZ,2022-04-27,4.43,4.5,4.21,4.4,174778.02,75854.65
002586.SZ,2022-04-28,4.18,4.62,4.18,4.48,216134.5,93475.01
002586.SZ,2022-04-29,4.48,4.6,4.38,4.5,111769.02,50086.59
002586.SZ,2022-05-05,4.47,4.5,4.28,4.28,122033.0,52601.92
002586.SZ,2022-05-06,4.07,4.18,4.07,4.07,105927.0,43188.99
002586.SZ,2022-05-09,4.2,4.27,4.16,4.27,84629.0,35873.66
002586.SZ,2022-05-10,4.27,4.48,4.27,4.48,126643.0,56060.06
002586.SZ,2022-05-11,4.5,4.62,4.32,4.37,136836.0,60862.76
002586.SZ,2022-05-12,4.42,4.45,4.28,4.43,61577.0,26962.7
002586.SZ,2022-05-13,4.48,4.5,4.35,4.43,47431.0,20915.73
002586.SZ,2022-05-16,4.51,4.51,4.35,4.39,46508.0,20505.18
002586.SZ,2022-05-17,4.41,4.56,4.35,4.55,75733.0,33725.19
002586.SZ,2022-05-18,4.53,4.6,4.46,4.51,52731.0,23947.39
002586.SZ,2022-05-19,4.5,4.56,4.4,4.51,67000.28,30179.55
002586.SZ,2022-05-20,4.49,4.5,4.29,4.44,110503.29,48828.41
002586.SZ,2022-05-23,4.44,4.49,4.38,4.45,58135.0,25834.78
002586.SZ,2022-05-24,4.42,4.45,4.25,4.27,84880.28,36679.14
002586.SZ,2022-05-25,4.29,4.36,4.23,4.34,36137.28,15591.09
002586.SZ,2022-05-26,4.36,4.41,4.28,4.29,39140.0,17004.21
002586.SZ,2022-05-27,4.33,4.36,4.28,4.34,34585.0,14952.9
002586.SZ,2022-05-30,4.34,4.45,4.34,4.41,52556.0,23196.08
002586.SZ,2022-05-31,4.51,4.51,4.41,4.43,40180.0,17908.79
002586.SZ,2022-06-01,4.41,4.45,4.35,4.42,42123.0,18568.27
002586.SZ,2022-06-02,4.42,4.42,4.31,4.39,52586.53,22878.7
002586.SZ,2022-06-06,4.37,4.41,4.26,4.35,53997.28,23384.91
002586.SZ,2022-06-07,4.36,4.36,4.21,4.22,76203.0,32553.55
002586.SZ,2022-06-08,4.23,4.3,4.16,4.3,46664.0,19793.35
002586.SZ,2022-06-09,4.28,4.51,4.28,4.51,97513.75,43282.81
002586.SZ,2022-06-10,4.47,4.7,4.47,4.59,74711.5,34633.47
002586.SZ,2022-06-13,4.59,4.64,4.45,4.48,69191.0,31373.55
002586.SZ,2022-06-14,4.59,4.62,4.48,4.58,64943.0,29582.53
002586.SZ,2022-06-15,4.53,4.75,4.53,4.62,87665.6,40843.62
002586.SZ,2022-06-16,4.62,4.8,4.57,4.75,100537.66,47379.14
002586.SZ,2022-06-17,4.68,4.83,4.68,4.72,69590.13,33184.39
002586.SZ,2022-06-20,4.86,4.86,4.7,4.74,94072.02,44994.4
002586.SZ,2022-06-21,4.72,4.73,4.55,4.56,79512.46,36791.47
002586.SZ,2022-06-22,4.57,4.75,4.5,4.65,64368.0,29787.89
002586.SZ,2022-06-23,4.65,4.69,4.62,4.66,31410.06,14624.0
002586.SZ,2022-06-24,4.69,4.74,4.66,4.68,45496.0,21376.11
002586.SZ,2022-06-27,4.67,4.71,4.63,4.68,46232.0,21592.08
002586.SZ,2022-06-28,4.69,4.79,4.68,4.75,69854.74,33107.21
002586.SZ,2022-06-29,4.75,4.79,4.7,4.73,56282.0,26793.48
002586.SZ,2022-06-30,4.75,4.77,4.59,4.74,50119.02,23536.34
002586.SZ,2022-07-01,4.7,4.72,4.64,4.67,35969.0,16813.26
002586.SZ,2022-07-04,4.5,4.59,4.44,4.44,102458.0,46010.24
002586.SZ,2022-07-05,4.42,4.46,4.3,4.38,63216.18,27689.84
002586.SZ,2022-07-06,4.35,4.53,4.35,4.44,44812.0,19970.76
002586.SZ,2022-07-07,4.46,4.49,4.41,4.47,27747.0,12350.13
002586.SZ,2022-07-08,4.48,4.53,4.45,4.48,23137.0,10394.67
002586.SZ,2022-07-11,4.51,4.51,4.39,4.43,39770.0,17587.45
002586.SZ,2022-07-12,4.43,4.46,4.36,4.38,27050.0,11885.91
002586.SZ,2022-07-13,4.48,4.48,4.42,4.47,29570.0,13169.67
002586.SZ,2022-07-14,4.47,4.54,4.38,4.54,43054.0,19122.54
002586.SZ,2022-07-15,4.49,4.51,4.4,4.4,28016.0,12477.96
002586.SZ,2022-07-18,4.39,4.44,4.35,4.43,19802.06,8724.52
002586.SZ,2022-07-19,4.42,4.5,4.42,4.44,33059.0,14744.13
002586.SZ,2022-07-20,4.47,4.47,4.42,4.43,17118.0,7585.29
002586.SZ,2022-07-21,4.45,4.48,4.42,4.43,35999.02,15996.65
002586.SZ,2022-07-22,4.46,4.46,4.4,4.44,17592.0,7778.74
002586.SZ,2022-07-25,4.42,4.56,4.42,4.53,53730.38,24182.38
002586.SZ,2022-07-26,4.55,4.58,4.47,4.49,38426.0,17355.51
002586.SZ,2022-07-27,4.51,4.51,4.43,4.47,22628.0,10080.78
002586.SZ,2022-07-28,4.47,4.53,4.45,4.51,35573.06,15972.34
002586.SZ,2022-07-29,4.52,4.53,4.43,4.47,32992.0,14740.82
002586.SZ,2022-08-01,4.46,4.46,4.38,4.44,33326.56,14707.65
002586.SZ,2022-08-02,4.4,4.4,4.22,4.22,68426.0,29121.57
002586.SZ,2022-08-03,4.33,4.33,4.13,4.19,35928.0,15227.57
002586.SZ,2022-08-04,4.21,4.27,4.19,4.26,32260.42,13626.21
002586.SZ,2022-08-05,4.26,4.27,4.22,4.27,31962.0,13559.63
002586.SZ,2022-08-08,4.25,4.28,4.21,4.25,28411.0,12041.14
002586.SZ,2022-08-09,4.25,4.27,4.19,4.22,27984.0,11790.38
002586.SZ,2022-08-10,4.22,4.24,4.19,4.22,17983.0,7571.99
002586.SZ,2022-08-11,4.24,4.24,4.19,4.2,28091.0,11809.36
002586.SZ,2022-08-12,4.22,4.23,4.15,4.18,27946.0,11672.42
002586.SZ,2022-08-15,4.19,4.34,4.16,4.33,54959.0,23498.71
002586.SZ,2022-08-16,4.31,4.33,4.29,4.33,26209.08,11311.85
002586.SZ,2022-08-17,4.33,4.38,4.32,4.38,29694.08,12899.77
002586.SZ,2022-08-18,4.38,4.43,4.35,4.37,26601.0,11680.08
002586.SZ,2022-08-19,4.39,4.52,4.35,4.5,56892.5,25247.07
002586.SZ,2022-08-22,4.5,4.55,4.45,4.51,34843.0,15719.7
002586.SZ,2022-08-23,4.51,4.51,4.4,4.47,35468.0,15835.54
002586.SZ,2022-08-24,4.45,4.45,4.27,4.33,54608.0,23670.51
002586.SZ,2022-08-25,4.37,4.43,4.3,4.36,38783.77,16921.51
002586.SZ,2022-08-26,4.36,4.43,4.31,4.39,28064.0,12267.53
002586.SZ,2022-08-29,4.32,4.36,4.3,4.33,35844.0,15515.11
002586.SZ,2022-08-30,4.37,4.45,4.33,4.36,41160.02,18022.4
002586.SZ,2022-08-31,4.32,4.37,4.26,4.36,35689.0,15413.54
002586.SZ,2022-09-01,4.33,4.41,4.31,4.32,33470.0,14590.32
002586.SZ,2022-09-02,4.35,4.35,4.28,4.3,34911.02,15028.29
002586.SZ,2022-09-05,4.32,4.32,4.23,4.26,24308.0,10343.49
002586.SZ,2022-09-06,4.27,4.27,4.22,4.25,24430.0,10368.13
002586.SZ,2022-09-07,4.23,4.23,4.2,4.21,21226.0,8929.19
002586.SZ,2022-09-08,4.21,4.21,4.11,4.2,42590.0,17715.88
002586.SZ,2022-09-09,4.2,4.28,4.17,4.26,20508.02,8671.89
002586.SZ,2022-09-13,4.27,4.27,4.05,4.07,114777.91,47383.75
002586.SZ,2022-09-14,4.05,4.12,3.94,4.1,49127.0,19904.84
002586.SZ,2022-09-15,4.09,4.1,3.97,4.02,47053.0,18984.02
002586.SZ,2022-09-16,3.97,4.07,3.92,4.0,23447.0,9412.79
002586.SZ,2022-09-19,4.0,4.06,4.0,4.05,35216.0,14194.57
002586.SZ,2022-09-20,4.14,4.19,4.05,4.16,55198.02,22693.14
002586.SZ,2022-09-21,4.13,4.2,4.08,4.12,25964.0,10701.68
002586.SZ,2022-09-22,4.11,4.11,4.04,4.06,23178.0,9427.06
002586.SZ,2022-09-23,3.99,4.09,3.94,3.96,37966.0,15125.07
002586.SZ,2022-09-26,3.92,3.99,3.89,3.9,19792.0,7792.11
002586.SZ,2022-09-27,3.96,3.96,3.71,3.82,35428.0,13536.4
002586.SZ,2022-09-28,3.8,3.84,3.63,3.63,54675.0,20232.66
002586.SZ,2022-09-29,3.64,3.73,3.63,3.69,42446.5,15639.17
002586.SZ,2022-09-30,3.75,3.87,3.7,3.87,81439.0,31183.89
002586.SZ,2022-10-10,3.82,4.02,3.81,3.95,67806.0,26638.21
002586.SZ,2022-10-11,3.88,3.95,3.84,3.91,33410.0,13004.79
002586.SZ,2022-10-12,3.89,3.93,3.87,3.91,24128.0,9400.42
002586.SZ,2022-10-13,3.91,4.05,3.89,4.0,29396.0,11667.79
002586.SZ,2022-10-14,4.0,4.06,4.0,4.03,18585.0,7476.91
002586.SZ,2022-10-17,4.02,4.1,3.99,4.09,26252.0,10632.96
002586.SZ,2022-10-18,4.1,4.17,4.08,4.15,36838.0,15199.21
002586.SZ,2022-10-19,4.16,4.16,3.94,4.0,54102.18,21779.0
002586.SZ,2022-10-20,4.01,4.02,3.95,3.99,41973.5,16734.27
002586.SZ,2022-10-21,3.95,4.02,3.89,3.9,24019.0,9437.4
002586.SZ,2022-10-24,3.92,3.92,3.76,3.84,47796.0,18352.94
002586.SZ,2022-10-25,3.84,3.91,3.82,3.84,31486.0,12128.68
002586.SZ,2022-10-26,3.85,3.88,3.81,3.85,20668.0,7946.5
002586.SZ,2022-10-27,3.77,3.87,3.77,3.84,30692.3,11745.05
002586.SZ,2022-10-28,3.83,3.83,3.65,3.69,40613.89,15133.46
002586.SZ,2022-10-31,3.72,3.76,3.51,3.56,44143.0,15868.06
002586.SZ,2022-11-01,3.56,3.73,3.56,3.7,34624.0,12725.36
002586.SZ,2022-11-02,3.68,3.8,3.68,3.75,25315.02,9502.39
002586.SZ,2022-11-03,3.75,3.79,3.66,3.74,19024.0,7085.12
002586.SZ,2022-11-04,3.75,3.84,3.72,3.82,37727.0,14332.96
002586.SZ,2022-11-07,3.83,4.0,3.8,3.99,45273.89,17742.7
002586.SZ,2022-11-08,4.01,4.05,3.93,4.01,36614.0,14664.05
002586.SZ,2022-11-09,4.0,4.15,4.0,4.11,53654.7,21932.59
002586.SZ,2022-11-10,4.11,4.15,3.98,4.05,53401.8,21616.6
002586.SZ,2022-11-11,3.95,4.01,3.92,3.98,77061.0,30526.82
002586.SZ,2022-11-14,4.06,4.06,3.98,4.05,39504.0,15852.35
002586.SZ,2022-11-15,4.04,4.1,4.04,4.09,25860.0,10549.31
002586.SZ,2022-11-16,4.11,4.29,4.09,4.29,99577.97,42367.87
002586.SZ,2022-11-17,4.29,4.45,4.25,4.37,82363.06,35843.13
002586.SZ,2022-11-21,4.5,4.5,4.28,4.41,143558.12,63274.6
002586.SZ,2022-11-22,4.36,4.43,4.28,4.38,67878.63,29682.9
002586.SZ,2022-11-23,4.36,4.41,4.25,4.31,52096.0,22497.17
002586.SZ,2022-11-24,4.38,4.48,4.38,4.48,84208.99,37348.55
002586.SZ,2022-11-25,4.5,4.51,4.44,4.47,38047.0,16986.52
002586.SZ,2022-11-28,4.45,4.48,4.31,4.45,52655.0,23218.67
002586.SZ,2022-11-29,4.45,4.5,4.4,4.46,38741.0,17187.7
002586.SZ,2022-11-30,4.46,4.5,4.44,4.46,41282.0,18464.2
002586.SZ,2022-12-01,4.56,4.59,4.47,4.53,39199.0,17666.09
002586.SZ,2022-12-02,4.52,4.71,4.48,4.7,89964.34,41392.66
002586.SZ,2022-12-05,4.78,4.82,4.71,4.75,82204.52,39174.8
002586.SZ,2022-12-06,4.69,4.78,4.69,4.74,41068.88,19451.81
002586.SZ,2022-12-07,4.74,4.75,4.67,4.74,35780.0,16867.33
002586.SZ,2022-12-08,4.71,4.79,4.7,4.76,46104.0,21876.66
002586.SZ,2022-12-09,4.77,4.84,4.71,4.84,45039.65,21501.81
002586.SZ,2022-12-12,4.91,4.99,4.79,4.99,84623.65,41474.2
002586.SZ,2022-12-13,4.98,5.07,4.92,4.97,81019.0,40376.76
002586.SZ,2022-12-14,4.97,4.99,4.94,4.99,30067.0,14938.64
002586.SZ,2022-12-15,5.0,5.0,4.85,4.88,50156.0,24664.61
002586.SZ,2022-12-16,4.88,4.89,4.64,4.65,93590.0,43923.43
002586.SZ,2022-12-19,4.66,4.82,4.61,4.72,50574.34,23867.0
002586.SZ,2022-12-20,4.75,4.79,4.6,4.66,57399.0,26870.79
002586.SZ,2022-12-21,4.65,4.74,4.64,4.74,32830.58,15409.69
002586.SZ,2022-12-22,4.78,4.93,4.7,4.87,76664.0,37061.91
002586.SZ,2022-12-23,4.81,4.9,4.81,4.88,38527.0,18751.95
002586.SZ,2022-12-26,4.89,4.94,4.85,4.93,36928.0,18086.44
002586.SZ,2022-12-27,4.9,4.95,4.9,4.93,28514.0,14040.05
002586.SZ,2022-12-28,4.95,4.95,4.81,4.82,45283.0,21972.4
002586.SZ,2022-12-29,4.76,4.82,4.7,4.79,30337.02,14464.08
002586.SZ,2022-12-30,4.83,4.9,4.63,4.72,62303.0,29511.52
002586.SZ,2023-01-03,4.71,4.77,4.7,4.74,29154.0,13809.28
002586.SZ,2023-01-04,4.75,4.85,4.72,4.79,29613.0,14158.92
002586.SZ,2023-01-05,4.81,4.81,4.7,4.74,33911.0,16064.33
002586.SZ,2023-01-06,4.77,4.79,4.69,4.76,28588.0,13537.17
002586.SZ,2023-01-09,4.76,4.79,4.7,4.78,28450.0,13549.01
002586.SZ,2023-01-10,4.77,4.78,4.64,4.66,41164.0,19316.59
002586.SZ,2023-01-11,4.66,4.67,4.46,4.64,47303.44,21642.74
002586.SZ,2023-01-12,4.63,4.67,4.52,4.55,30461.0,13962.22
002586.SZ,2023-01-13,4.55,4.59,4.47,4.51,14861.0,6722.85
002586.SZ,2023-01-16,4.59,4.6,4.5,4.55,21376.0,9723.68
002586.SZ,2023-01-17,4.57,4.57,4.47,4.52,20069.0,9065.93
002586.SZ,2023-01-18,4.52,4.54,4.5,4.53,8773.0,3973.36
002586.SZ,2023-01-19,4.3,4.39,4.3,4.3,90867.0,39197.1
002586.SZ,2023-01-20,4.3,4.47,4.27,4.45,43681.0,19197.92
002586.SZ,2023-01-30,4.53,4.54,4.43,4.43,32447.0,14502.31
002586.SZ,2023-01-31,4.45,4.45,4.33,4.36,29138.0,12768.8
002586.SZ,2023-02-01,4.42,4.52,4.33,4.49,48111.94,21335.42
002586.SZ,2023-02-02,4.52,4.64,4.49,4.63,52535.5,24080.06
002586.SZ,2023-02-03,4.6,4.74,4.58,4.71,45335.0,21218.21
002586.SZ,2023-02-06,4.68,4.72,4.63,4.67,24899.0,11629.01
002586.SZ,2023-02-07,4.62,4.69,4.54,4.59,33557.0,15475.36
002586.SZ,2023-02-08,4.61,4.73,4.53,4.71,62993.0,29310.34
002586.SZ,2023-02-09,4.71,4.73,4.66,4.7,30167.0,14162.87
002586.SZ,2023-02-10,4.69,4.69,4.6,4.66,27953.0,12972.54
002586.SZ,2023-02-13,4.66,4.66,4.58,4.59,39660.0,18269.58
002586.SZ,2023-02-14,4.58,4.74,4.58,4.6,33730.0,15605.59
002586.SZ,2023-02-15,4.6,4.64,4.54,4.58,25235.0,11581.41
002586.SZ,2023-02-16,4.58,4.6,4.52,4.53,27921.0,12682.69
002586.SZ,2023-02-17,4.56,4.56,4.47,4.49,23717.0,10696.97
002586.SZ,2023-02-20,4.45,4.51,4.41,4.49,28116.0,12503.81
002586.SZ,2023-02-21,4.47,4.61,4.47,4.57,26131.0,11892.37
002586.SZ,2023-02-22,4.56,4.56,4.5,4.52,12730.0,5756.1
002586.SZ,2023-02-23,4.55,4.55,4.37,4.53,50545.52,22435.74
002586.SZ,2023-02-24,4.49,4.51,4.46,4.48,13362.0,5988.75
002586.SZ,2023-02-27,4.56,4.56,4.36,4.4,40809.0,18045.62
002586.SZ,2023-02-28,4.38,4.43,4.37,4.42,21930.73,9626.37
002586.SZ,2023-03-01,4.42,4.44,4.4,4.43,19980.04,8832.26
002586.SZ,2023-03-02,4.45,4.45,4.4,4.43,39734.0,17562.52
002586.SZ,2023-03-03,4.42,4.46,4.4,4.43,36639.74,16208.63
002586.SZ,2023-03-06,4.42,4.43,4.37,4.4,35853.0,15761.4
002586.SZ,2023-03-07,4.37,4.42,4.35,4.36,27110.0,11867.11
002586.SZ,2023-03-08,4.35,4.52,4.34,4.49,37498.0,16642.83
002586.SZ,2023-03-09,4.48,4.5,4.41,4.46,21048.0,9340.31
002586.SZ,2023-03-10,4.44,4.44,4.34,4.37,35511.0,15500.22
002586.SZ,2023-03-13,4.36,4.36,4.28,4.32,25678.02,11072.49
002586.SZ,2023-03-14,4.3,4.31,4.11,4.19,47026.0,19738.81
002586.SZ,2023-03-15,4.21,4.29,4.19,4.24,29755.0,12611.19
002586.SZ,2023-03-16,4.24,4.29,4.16,4.17,27440.0,11520.86
002586.SZ,2023-03-17,4.2,4.2,4.16,4.19,23669.0,9888.86
002586.SZ,2023-03-20,4.2,4.23,4.14,4.19,24807.0,10378.33
002586.SZ,2023-03-21,4.22,4.22,4.19,4.22,12412.0,5220.62
002586.SZ,2023-03-22,4.23,4.25,4.19,4.22,17387.0,7324.27
002586.SZ,2023-03-23,4.22,4.22,4.18,4.21,14762.0,6184.37
002586.SZ,2023-03-24,4.21,4.21,4.15,4.17,22340.0,9312.31
002586.SZ,2023-03-27,4.18,4.18,4.0,4.06,51769.0,21075.02
002586.SZ,2023-03-28,4.06,4.06,4.0,4.02,19775.0,7952.22
002586.SZ,2023-03-29,4.06,4.06,3.83,3.92,42990.0,16813.7
002586.SZ,2023-03-30,3.92,3.93,3.72,3.78,69656.0,26490.45
002586.SZ,2023-03-31,3.78,3.85,3.73,3.85,54565.0,20731.7
002586.SZ,2023-04-03,3.87,4.04,3.85,4.04,67467.5,26951.63
002586.SZ,2023-04-04,4.06,4.17,3.97,3.99,75560.5,30654.44
002586.SZ,2023-04-06,3.93,3.97,3.82,3.82,65659.0,25335.7
002586.SZ,2023-04-07,3.85,3.89,3.82,3.85,20138.0,7757.77
002586.SZ,2023-04-10,3.89,3.95,3.85,3.88,41372.04,16067.47
002586.SZ,2023-04-11,3.88,3.88,3.81,3.85,23522.0,9013.77
002586.SZ,2023-04-12,3.85,3.92,3.81,3.9,36025.0,13933.58
002586.SZ,2023-04-13,3.9,3.91,3.84,3.85,30098.0,11650.31
002586.SZ,2023-04-14,3.85,3.86,3.82,3.83,23311.58,8939.24
002586.SZ,2023-04-17,3.82,3.82,3.77,3.8,25047.0,9488.32
002586.SZ,2023-04-18,3.8,3.82,3.74,3.74,29198.0,11019.97
002586.SZ,2023-04-19,3.74,3.74,3.55,3.64,82428.17,29732.25
002586.SZ,2023-04-20,3.64,3.82,3.53,3.82,124797.49,46106.98
002586.SZ,2023-04-21,3.86,3.86,3.64,3.64,93389.96,34710.21
002586.SZ,2023-04-24,3.6,3.73,3.54,3.64,74721.0,27087.41
002586.SZ,2023-04-25,3.64,3.67,3.46,3.55,80915.0,28671.88
002586.SZ,2023-04-26,3.56,3.56,3.37,3.37,114135.0,38681.49
002586.SZ,2023-04-27,3.28,3.32,3.2,3.2,80724.0,25918.31
002586.SZ,2023-04-28,3.04,3.04,3.04,3.04,26089.0,7931.06
002586.SZ,2023-05-05,2.89,2.89,2.89,2.89,5671.0,1638.92
002586.SZ,2023-05-08,2.75,2.75,2.75,2.75,7679.0,2111.73
002586.SZ,2023-05-09,2.69,2.89,2.69,2.73,270725.06,74999.59
002586.SZ,2023-05-10,2.7,2.87,2.68,2.87,104938.02,29562.79
002586.SZ,2023-05-11,2.95,3.01,2.92,3.01,48825.08,14488.27
002586.SZ,2023-05-12,3.16,3.16,2.97,3.06,145580.4,44741.4
002586.SZ,2023-05-15,2.98,3.02,2.91,2.95,117817.0,34734.65
002586.SZ,2023-05-16,2.94,2.94,2.8,2.8,78030.48,22011.39
002586.SZ,2023-05-17,2.78,2.88,2.7,2.83,51847.48,14561.22
002586.SZ,2023-05-18,2.8,2.86,2.79,2.82,29830.0,8421.39
002586.SZ,2023-05-19,2.82,2.82,2.71,2.72,34006.0,9330.71
002586.SZ,2023-05-22,2.72,2.79,2.71,2.77,35345.0,9699.69
002586.SZ,2023-05-23,2.77,2.91,2.71,2.9,68563.16,19590.22
002586.SZ,2023-05-24,2.87,2.9,2.76,2.77,51562.0,14564.34
002586.SZ,2023-05-25,2.77,2.8,2.7,2.77,40902.0,11225.45
002586.SZ,2023-05-26,2.84,2.84,2.73,2.75,25449.0,7085.6
002586.SZ,2023-05-29,2.73,2.78,2.61,2.61,81612.0,21654.65
002586.SZ,2023-05-30,2.61,2.66,2.48,2.54,65010.0,16621.11
002586.SZ,2023-05-31,2.54,2.67,2.54,2.63,75263.0,19834.23
002586.SZ,2023-06-01,2.63,2.64,2.56,2.61,46807.0,12178.33
002586.SZ,2023-06-02,2.61,2.64,2.53,2.62,72233.05,18717.27
002586.SZ,2023-06-05,2.55,2.69,2.53,2.64,73115.5,19040.93
002586.SZ,2023-06-06,2.65,2.73,2.61,2.63,59502.0,15833.76
002586.SZ,2023-06-07,2.61,2.7,2.6,2.67,44911.0,11944.71
002586.SZ,2023-06-08,2.68,2.69,2.61,2.63,35854.0,9451.69
002586.SZ,2023-06-09,2.63,2.64,2.53,2.55,59991.0,15419.6
002586.SZ,2023-06-12,2.56,2.56,2.42,2.42,84037.0,20642.84
002586.SZ,2023-06-13,2.41,2.47,2.33,2.43,92234.26,22025.28
002586.SZ,2023-06-14,2.43,2.55,2.41,2.55,133594.09,33796.21
002586.SZ,2023-06-15,2.56,2.57,2.48,2.54,68226.0,17171.09
002586.SZ,2023-06-16,2.58,2.67,2.56,2.67,78033.09,20647.31
002586.SZ,2023-06-19,2.7,2.8,2.7,2.8,50107.0,13901.13
002586.SZ,2023-06-20,2.85,2.86,2.73,2.79,97375.21,27184.08
002586.SZ,2023-06-21,2.78,2.93,2.78,2.93,40099.0,11586.72
002586.SZ,2023-06-26,2.95,3.08,2.92,2.93,142090.21,42614.86
002586.SZ,2023-06-27,2.94,3.02,2.88,2.96,71002.0,20884.45
002586.SZ,2023-06-28,2.97,3.0,2.81,2.81,56597.0,16314.29
002586.SZ,2023-06-29,2.7,2.85,2.69,2.84,83693.0,23274.34
002586.SZ,2023-06-30,2.83,2.97,2.82,2.93,74383.0,21639.83
002586.SZ,2023-07-03,2.98,3.02,2.93,2.94,62937.0,18691.43
002586.SZ,2023-07-04,2.96,2.99,2.87,2.98,42039.0,12328.56
002586.SZ,2023-07-05,3.01,3.02,2.94,2.99,35667.0,10621.44
002586.SZ,2023-07-06,2.97,2.98,2.94,2.94,23068.04,6811.14
002586.SZ,2023-07-07,2.93,2.97,2.92,2.94,15996.0,4706.42
002586.SZ,2023-07-10,2.96,2.96,2.9,2.9,14738.0,4300.65
002586.SZ,2023-07-11,2.9,3.02,2.9,3.01,60559.0,18066.27
002586.SZ,2023-07-12,3.05,3.05,2.98,2.99,25562.02,7659.62
002586.SZ,2023-07-13,2.98,3.0,2.95,2.98,16035.0,4761.53
002586.SZ,2023-07-14,2.98,2.99,2.93,2.96,9757.0,2890.91
002586.SZ,2023-07-17,2.94,2.97,2.87,2.94,39208.0,11445.16
002586.SZ,2023-07-18,2.93,2.94,2.87,2.88,17204.0,4989.68
002586.SZ,2023-07-19,2.88,2.91,2.88,2.91,6960.0,2017.53
002586.SZ,2023-07-20,2.94,2.98,2.91,2.92,18169.04,5328.75
002586.SZ,2023-07-21,2.91,2.94,2.89,2.9,11115.0,3229.84
002586.SZ,2023-07-24,2.91,2.91,2.84,2.89,9861.5,2840.87
002586.SZ,2023-07-25,2.88,2.9,2.76,2.79,57923.0,16393.29
002586.SZ,2023-07-26,2.8,2.82,2.69,2.7,73557.0,20012.82
002586.SZ,2023-07-27,2.73,2.74,2.68,2.7,43354.02,11734.83
002586.SZ,2023-07-28,2.65,2.74,2.62,2.72,81252.02,21779.14
002586.SZ,2023-07-31,2.71,2.77,2.7,2.72,41919.0,11390.76
002586.SZ,2023-08-01,2.71,2.86,2.69,2.86,99700.0,27877.06
002586.SZ,2023-08-02,2.87,2.94,2.84,2.92,74731.0,21695.84
002586.SZ,2023-08-03,2.9,2.92,2.86,2.86,31326.0,9021.84
002586.SZ,2023-08-04,2.87,2.92,2.84,2.88,33530.0,9653.65
002586.SZ,2023-08-07,2.89,2.95,2.86,2.87,39427.0,11418.34
002586.SZ,2023-08-08,2.87,2.87,2.8,2.81,29607.0,8396.21
002586.SZ,2023-08-09,2.84,2.88,2.82,2.84,24972.0,7120.4
002586.SZ,2023-08-10,2.85,2.86,2.8,2.83,20667.0,5826.43
002586.SZ,2023-08-11,2.83,2.83,2.71,2.75,39159.02,10821.25
002586.SZ,2023-08-14,2.73,2.84,2.7,2.78,35655.0,9949.31
002586.SZ,2023-08-15,2.78,2.83,2.76,2.77,19933.0,5559.83
002586.SZ,2023-08-16,2.79,2.82,2.75,2.79,22657.0,6309.4
002586.SZ,2023-08-17,2.78,2.8,2.75,2.79,18009.0,5002.06
002586.SZ,2023-08-18,2.79,2.85,2.77,2.8,24676.7,6930.69
002586.SZ,2023-08-21,2.8,2.82,2.76,2.78,22452.0,6256.71
002586.SZ,2023-08-22,2.77,2.78,2.69,2.72,33409.0,9080.5
002586.SZ,2023-08-23,2.72,2.72,2.66,2.68,17375.0,4672.82
002586.SZ,2023-08-24,2.67,2.69,2.64,2.67,27662.02,7357.46
002586.SZ,2023-08-25,2.67,2.71,2.62,2.71,29150.0,7747.87
002586.SZ,2023-08-28,2.75,2.85,2.71,2.85,64944.7,18047.87
002586.SZ,2023-08-29,2.87,2.98,2.85,2.95,83291.21,24382.23
002586.SZ,2023-08-30,2.9,2.94,2.86,2.9,40195.0,11596.86
002586.SZ,2023-08-31,2.89,2.9,2.85,2.88,17112.0,4922.28
002586.SZ,2023-09-01,2.93,2.94,2.85,2.86,50420.0,14618.17
002586.SZ,2023-09-04,2.87,2.89,2.83,2.89,21127.0,6059.43
002586.SZ,2023-09-05,2.89,2.89,2.82,2.84,23287.0,6623.36
002586.SZ,2023-09-06,2.87,2.87,2.8,2.82,15388.0,4346.95
002586.SZ,2023-09-07,2.83,2.83,2.76,2.77,19020.0,5301.11
002586.SZ,2023-09-08,2.77,2.82,2.72,2.8,26020.02,7192.47
002586.SZ,2023-09-11,2.78,2.81,2.78,2.79,10010.0,2798.86
002586.SZ,2023-09-12,2.8,2.8,2.77,2.77,9448.0,2629.28
002586.SZ,2023-09-13,2.77,2.82,2.75,2.8,26309.98,7318.36
002586.SZ,2023-09-14,2.82,2.82,2.76,2.79,14054.98,3904.4
002586.SZ,2023-09-15,2.79,2.81,2.71,2.8,37534.98,10387.12
002586.SZ,2023-09-18,2.77,2.8,2.76,2.77,21122.0,5864.31
002586.SZ,2023-09-19,2.76,2.77,2.73,2.74,26321.0,7211.57
002586.SZ,2023-09-20,2.75,2.88,2.73,2.88,63356.0,17970.46
002586.SZ,2023-09-21,2.92,2.92,2.8,2.81,62973.98,18035.8
002586.SZ,2023-09-22,2.82,2.91,2.77,2.84,52685.0,15061.83
002586.SZ,2023-09-25,2.85,2.9,2.82,2.84,29256.0,8339.99
002586.SZ,2023-09-26,2.86,2.98,2.84,2.98,135178.5,39920.97
002586.SZ,2023-09-27,2.99,3.01,2.93,2.94,80691.52,23890.21
002586.SZ,2023-09-28,2.96,2.98,2.92,2.94,27304.0,8043.42
002586.SZ,2023-10-09,2.92,2.93,2.87,2.89,28432.02,8207.06
002586.SZ,2023-10-10,2.91,2.94,2.86,2.86,35957.7,10429.62
002586.SZ,2023-10-11,2.87,2.9,2.83,2.86,29984.0,8544.64
002586.SZ,2023-10-12,2.88,2.88,2.84,2.87,13980.0,3997.91
002586.SZ,2023-10-13,2.86,2.93,2.84,2.9,40467.0,11706.56
002586.SZ,2023-10-16,2.9,2.9,2.83,2.84,38083.0,10879.17
002586.SZ,2023-10-17,2.84,2.85,2.81,2.84,14168.0,4013.22
002586.SZ,2023-10-18,2.84,2.85,2.77,2.79,28600.99,8023.57
002586.SZ,2023-10-19,2.82,2.83,2.75,2.77,19575.0,5469.37
002586.SZ,2023-10-20,2.77,2.83,2.75,2.83,24582.0,6843.93
002586.SZ,2023-10-23,2.84,2.97,2.81,2.87,92704.99,26917.37
002586.SZ,2023-10-24,2.86,2.88,2.82,2.86,28196.02,8043.7
002586.SZ,2023-10-25,3.0,3.0,2.93,2.95,137224.85,40896.48
002586.SZ,2023-10-26,2.9,2.94,2.87,2.9,76969.0,22320.92
002586.SZ,2023-10-27,2.9,2.91,2.86,2.89,46148.99,13368.92
002586.SZ,2023-10-30,2.86,2.9,2.84,2.86,51382.68,14696.48
002586.SZ,2023-10-31,2.87,2.88,2.84,2.84,25847.92,7368.97
002586.SZ,2023-11-01,2.84,2.95,2.83,2.88,42076.0,12189.85
002586.SZ,2023-11-02,2.91,2.91,2.87,2.87,35118.0,10153.32
002586.SZ,2023-11-03,2.86,2.91,2.85,2.88,50494.52,14553.21
002586.SZ,2023-11-06,2.89,2.96,2.88,2.94,60135.06,17610.17
002586.SZ,2023-11-07,2.94,2.96,2.91,2.95,37507.0,10991.11
002586.SZ,2023-11-08,2.95,3.02,2.93,2.99,54347.5,16191.55
002586.SZ,2023-11-09,2.98,3.14,2.98,3.14,183674.06,57239.5
002586.SZ,2023-11-10,3.16,3.3,3.09,3.25,207246.0,66055.59
002586.SZ,2023-11-13,3.23,3.28,3.16,3.17,107448.87,34420.95
002586.SZ,2023-11-14,3.15,3.18,3.07,3.1,95516.0,29696.44
002586.SZ,2023-11-15,3.1,3.11,3.03,3.05,87587.0,26782.76
002586.SZ,2023-11-16,3.06,3.14,3.05,3.08,74487.73,23066.78
002586.SZ,2023-11-17,3.06,3.15,3.04,3.13,58006.0,17934.84
002586.SZ,2023-11-20,3.11,3.17,3.1,3.11,41904.02,13080.56
002586.SZ,2023-11-21,3.1,3.27,3.1,3.19,92940.02,29778.66
002586.SZ,2023-11-22,3.19,3.35,3.19,3.35,111972.0,37060.57
002586.SZ,2023-11-23,3.42,3.43,3.28,3.34,128603.02,42914.44
002586.SZ,2023-11-24,3.34,3.38,3.28,3.28,64920.0,21544.96
002586.SZ,2023-11-27,3.28,3.34,3.26,3.3,41036.0,13556.01
002586.SZ,2023-11-28,3.31,3.42,3.29,3.36,63806.0,21472.24
002586.SZ,2023-11-29,3.35,3.36,3.3,3.35,45506.0,15130.71
002586.SZ,2023-11-30,3.36,3.37,3.31,3.33,31129.0,10370.8
002586.SZ,2023-12-01,3.37,3.44,3.36,3.38,50047.0,16981.37
002586.SZ,2023-12-04,3.39,3.45,3.34,3.39,51489.0,17445.2
002586.SZ,2023-12-05,3.39,3.4,3.31,3.32,55077.0,18465.12
002586.SZ,2023-12-06,3.32,3.49,3.31,3.45,69713.0,23699.18
002586.SZ,2023-12-07,3.46,3.55,3.43,3.49,54558.0,19039.83
002586.SZ,2023-12-08,3.5,3.54,3.46,3.49,41691.0,14582.17
002586.SZ,2023-12-11,3.42,3.44,3.32,3.32,101877.0,34141.22
002586.SZ,2023-12-12,3.36,3.39,3.3,3.36,44162.02,14781.74
002586.SZ,2023-12-13,3.37,3.37,3.19,3.19,95846.68,31004.12
002586.SZ,2023-12-14,3.21,3.31,3.16,3.29,50275.0,16390.86
002586.SZ,2023-12-15,3.31,3.38,3.27,3.3,44386.0,14753.76
002586.SZ,2023-12-18,3.29,3.34,3.22,3.29,26196.0,8607.37
002586.SZ,2023-12-19,3.31,3.43,3.31,3.41,65042.0,22036.19
002586.SZ,2023-12-20,3.41,3.47,3.39,3.4,32944.0,11282.83
002586.SZ,2023-12-21,3.37,3.48,3.37,3.42,44287.0,15157.6
002586.SZ,2023-12-22,3.41,3.45,3.37,3.38,34155.0,11635.44
002586.SZ,2023-12-25,3.38,3.41,3.36,3.38,22004.0,7450.03
002586.SZ,2023-12-26,3.39,3.43,3.38,3.4,28248.0,9609.55
002586.SZ,2023-12-27,3.4,3.42,3.37,3.39,20537.0,6953.29
002586.SZ,2023-12-28,3.4,3.53,3.4,3.52,63007.0,21909.63
002586.SZ,2023-12-29,3.5,3.7,3.49,3.69,97163.0,35405.61
002586.SZ,2024-01-02,3.69,3.78,3.62,3.7,99848.02,37065.05
002586.SZ,2024-01-03,3.72,3.89,3.71,3.89,122895.0,46891.34
002586.SZ,2024-01-04,3.87,3.92,3.79,3.88,77506.0,29935.42
002586.SZ,2024-01-05,3.87,3.95,3.83,3.85,54995.0,21320.34
002586.SZ,2024-01-08,3.85,3.87,3.66,3.68,83004.0,30929.38
002586.SZ,2024-01-09,3.7,3.75,3.66,3.7,39493.0,14631.37
002586.SZ,2024-01-10,3.7,3.81,3.58,3.76,66071.0,24567.54
002586.SZ,2024-01-11,3.77,3.8,3.71,3.71,34228.0,12814.6
002586.SZ,2024-01-12,3.7,3.72,3.59,3.63,45013.0,16418.29
002586.SZ,2024-01-15,3.65,3.65,3.6,3.63,20994.0,7602.61
002586.SZ,2024-01-16,3.62,3.67,3.52,3.61,49805.0,17949.54
002586.SZ,2024-01-17,3.6,3.62,3.43,3.47,48954.5,17262.99
002586.SZ,2024-01-18,3.47,3.53,3.36,3.52,76075.0,26187.27
002586.SZ,2024-01-19,3.48,3.53,3.41,3.43,32525.0,11259.9
002586.SZ,2024-01-22,3.45,3.45,3.26,3.26,61680.0,20484.22
002586.SZ,2024-01-23,3.28,3.31,3.12,3.31,50498.0,16436.32
002586.SZ,2024-01-24,3.32,3.38,3.23,3.37,54856.0,18220.73
002586.SZ,2024-01-25,3.37,3.41,3.34,3.39,39491.0,13375.77
002586.SZ,2024-01-26,3.38,3.38,3.25,3.28,59110.0,19581.74
002586.SZ,2024-01-29,3.27,3.27,3.12,3.12,73547.0,23266.97
002586.SZ,2024-01-30,3.08,3.16,3.03,3.16,41285.52,12923.57
002586.SZ,2024-01-31,3.32,3.32,3.15,3.16,100106.0,32459.62
002586.SZ,2024-02-01,3.09,3.11,3.0,3.0,62670.0,18847.98
002586.SZ,2024-02-02,2.93,2.93,2.85,2.85,43836.0,12544.28
002586.SZ,2024-02-05,2.71,2.76,2.71,2.71,32434.0,8791.53
002586.SZ,2024-02-06,2.57,2.76,2.57,2.64,94243.0,24645.14
002586.SZ,2024-02-07,2.64,2.77,2.63,2.77,80227.7,22105.03
002586.SZ,2024-02-08,2.71,2.91,2.71,2.91,59009.0,16827.36
002586.SZ,2024-02-19,2.94,3.04,2.93,2.99,40628.04,12161.51
002586.SZ,2024-02-20,2.99,3.0,2.95,3.0,33829.0,10083.44
002586.SZ,2024-02-21,3.02,3.13,2.99,3.08,52604.32,16176.87
002586.SZ,2024-02-22,3.06,3.1,3.04,3.07,29683.0,9090.38
002586.SZ,2024-02-23,3.08,3.12,2.96,3.12,59286.0,18015.68
002586.SZ,2024-02-26,3.16,3.22,3.15,3.18,65618.86,20892.19
002586.SZ,2024-02-27,3.18,3.22,3.15,3.17,63698.02,20255.75
002586.SZ,2024-02-28,3.17,3.19,3.01,3.01,96450.0,29716.97
002586.SZ,2024-02-29,2.93,3.04,2.93,3.04,49468.04,14828.56
002586.SZ,2024-03-01,3.03,3.04,2.98,3.02,35287.0,10607.85
002586.SZ,2024-03-04,3.04,3.17,3.02,3.14,65552.02,20406.06
002586.SZ,2024-03-05,3.13,3.3,3.13,3.25,90471.0,29252.53
002586.SZ,2024-03-06,3.22,3.32,3.22,3.24,60786.0,19808.24
002586.SZ,2024-03-07,3.24,3.29,3.15,3.17,52240.0,16787.31
002586.SZ,2024-03-08,3.21,3.26,3.17,3.25,63244.62,20306.13
002586.SZ,2024-03-11,3.25,3.32,3.23,3.27,56294.0,18408.86
002586.SZ,2024-03-12,3.27,3.28,3.16,3.18,72016.0,23083.32
002586.SZ,2024-03-13,3.2,3.22,3.15,3.22,35674.0,11343.25
002586.SZ,2024-03-14,3.21,3.24,3.19,3.21,28728.16,9233.12
002586.SZ,2024-03-15,3.21,3.26,3.21,3.26,33354.02,10786.08
002586.SZ,2024-03-18,3.26,3.36,3.26,3.35,59033.0,19605.99
002586.SZ,2024-03-19,3.18,3.18,3.18,3.18,18259.0,5806.36
002586.SZ,2024-03-20,3.02,3.08,3.02,3.02,228631.0,69338.15
002586.SZ,2024-03-21,3.04,3.1,3.02,3.04,111137.0,33962.15
002586.SZ,2024-03-22,3.05,3.07,2.96,2.99,74233.0,22300.75
002586.SZ,2024-03-25,2.97,3.04,2.97,3.0,46813.1,14063.46
002586.SZ,2024-03-26,3.0,3.04,2.98,2.99,29995.0,9021.63
002586.SZ,2024-03-27,2.99,2.99,2.84,2.86,52654.0,15235.04
002586.SZ,2024-03-28,2.85,2.9,2.85,2.88,28072.02,8094.75
002586.SZ,2024-03-29,2.88,2.88,2.74,2.81,76708.32,21475.46
002586.SZ,2024-04-01,2.67,2.87,2.67,2.84,102567.0,28116.57
002586.SZ,2024-04-02,2.79,2.82,2.77,2.78,34597.0,9647.04
002586.SZ,2024-04-03,2.8,2.8,2.71,2.71,33934.0,9270.34
002586.SZ,2024-04-08,2.71,2.76,2.66,2.67,34422.0,9331.06
002586.SZ,2024-04-09,2.8,2.8,2.8,2.8,20087.09,5624.39
002586.SZ,2024-04-10,2.81,2.94,2.8,2.88,84085.0,24146.46
002586.SZ,2024-04-11,2.88,2.97,2.87,2.95,47618.0,13925.56
002586.SZ,2024-04-12,2.98,3.01,2.91,2.94,23192.0,6824.37
002586.SZ,2024-04-15,2.79,2.79,2.79,2.79,9221.0,2572.66
002586.SZ,2024-04-16,2.65,2.65,2.65,2.65,10152.0,2690.28
002586.SZ,2024-04-17,2.52,2.52,2.52,2.52,18961.0,4778.17
002586.SZ,2024-04-18,2.39,2.39,2.39,2.39,16763.0,4006.36
002586.SZ,2024-04-19,2.27,2.27,2.27,2.27,23435.0,5319.75
002586.SZ,2024-04-22,2.16,2.16,2.16,2.16,6825.0,1474.2
002586.SZ,2024-04-23,2.05,2.05,2.05,2.05,4689.0,961.25
002586.SZ,2024-04-24,1.95,1.95,1.95,1.95,39284.0,7660.38
002586.SZ,2024-04-25,1.85,2.05,1.85,2.04,266194.76,51375.25
002586.SZ,2024-04-26,1.99,2.12,1.94,2.02,187829.0,37876.01
002586.SZ,2024-04-29,1.96,2.05,1.92,1.92,156277.47,30318.12
002586.SZ,2024-04-30,1.82,1.82,1.82,1.82,19047.0,3466.55
002586.SZ,2024-05-06,1.73,1.73,1.73,1.73,25906.0,4481.74
002586.SZ,2024-05-07,1.64,1.64,1.64,1.64,11485.0,1883.54
002586.SZ,2024-05-08,1.56,1.56,1.56,1.56,11167.0,1742.05
002586.SZ,2024-05-09,1.48,1.48,1.48,1.48,15769.0,2333.81
002586.SZ,2024-05-10,1.41,1.41,1.41,1.41,19941.0,2811.68
002586.SZ,2024-05-13,1.34,1.34,1.34,1.34,9030.0,1210.02
002586.SZ,2024-05-14,1.27,1.41,1.27,1.27,444991.78,58089.43
002586.SZ,2024-05-15,1.25,1.33,1.21,1.33,353551.78,44777.74
002586.SZ,2024-05-16,1.3,1.4,1.27,1.4,178760.0,24272.5
002586.SZ,2024-05-17,1.47,1.47,1.35,1.47,214407.0,30827.98
002586.SZ,2024-05-20,1.47,1.54,1.45,1.54,203524.0,31089.65
002586.SZ,2024-05-21,1.53,1.62,1.52,1.62,187513.36,29575.06
002586.SZ,2024-05-22,1.67,1.7,1.62,1.7,71213.78,11917.7
002586.SZ,2024-05-23,1.79,1.79,1.78,1.79,50756.78,9085.17
002586.SZ,2024-05-24,1.88,1.88,1.7,1.71,278085.1,49473.49
002586.SZ,2024-05-27,1.62,1.69,1.62,1.62,104965.16,17156.96
002586.SZ,2024-05-28,1.56,1.66,1.54,1.59,122694.78,19273.52
002586.SZ,2024-05-29,1.6,1.6,1.51,1.51,80719.0,12287.39
002586.SZ,2024-05-30,1.44,1.51,1.43,1.43,88552.47,12821.55
002586.SZ,2024-05-31,1.44,1.5,1.44,1.5,35283.0,5255.63
002586.SZ,2024-06-03,1.58,1.58,1.51,1.53,126967.2,19758.97
002586.SZ,2024-06-04,1.5,1.5,1.45,1.47,75656.3,11062.02
002586.SZ,2024-06-05,1.47,1.53,1.47,1.47,39649.02,5941.6
002586.SZ,2024-06-06,1.46,1.47,1.4,1.4,81662.0,11507.71
002586.SZ,2024-06-07,1.44,1.47,1.42,1.47,57044.0,8295.7
002586.SZ,2024-06-11,1.54,1.54,1.49,1.54,78308.16,11972.28
002586.SZ,2024-06-12,1.54,1.62,1.54,1.62,75811.02,12173.83
002586.SZ,2024-06-13,1.63,1.7,1.59,1.7,159524.28,26610.67
002586.SZ,2024-06-14,1.69,1.79,1.62,1.63,152785.02,26225.73
002586.SZ,2024-06-17,1.57,1.66,1.57,1.66,80855.0,13112.73
002586.SZ,2024-06-18,1.65,1.72,1.63,1.64,62059.0,10343.14
002586.SZ,2024-06-19,1.65,1.65,1.6,1.62,44042.0,7151.44
002586.SZ,2024-06-20,1.62,1.63,1.58,1.59,35061.0,5620.65
002586.SZ,2024-06-21,1.59,1.67,1.57,1.67,78385.02,12986.02
002586.SZ,2024-06-24,1.67,1.72,1.6,1.61,84051.38,13819.42
002586.SZ,2024-06-25,1.64,1.66,1.57,1.59,50128.0,8080.09
002586.SZ,2024-06-26,1.57,1.61,1.51,1.56,43561.53,6746.86
002586.SZ,2024-06-27,1.56,1.6,1.54,1.54,25903.0,4054.94
002586.SZ,2024-06-28,1.54,1.6,1.53,1.55,33105.0,5173.55
002586.SZ,2024-07-01,1.56,1.56,1.48,1.5,32170.0,4876.31
002586.SZ,2024-07-02,1.5,1.53,1.48,1.49,31760.0,4780.57
002586.SZ,2024-07-03,1.51,1.56,1.5,1.56,51407.0,8001.07
002586.SZ,2024-07-04,1.54,1.6,1.54,1.58,46494.32,7294.54
002586.SZ,2024-07-05,1.58,1.66,1.56,1.66,66910.32,10940.95
002586.SZ,2024-07-08,1.65,1.66,1.58,1.6,59008.0,9500.47
002586.SZ,2024-07-09,1.64,1.64,1.57,1.6,29269.0,4683.86
002586.SZ,2024-07-10,1.58,1.61,1.56,1.57,15741.02,2488.79
002586.SZ,2024-07-11,1.58,1.62,1.55,1.61,25814.32,4115.7
002586.SZ,2024-07-12,1.62,1.64,1.6,1.62,28319.0,4583.52
002586.SZ,2024-07-15,1.61,1.62,1.58,1.59,13561.0,2156.76
002586.SZ,2024-07-16,1.62,1.62,1.55,1.6,19915.0,3157.37
002586.SZ,2024-07-17,1.6,1.6,1.55,1.57,15831.41,2484.17
002586.SZ,2024-07-18,1.58,1.58,1.52,1.54,17459.0,2693.04
002586.SZ,2024-07-19,1.53,1.57,1.53,1.56,9941.0,1539.51
002586.SZ,2024-07-22,1.58,1.64,1.58,1.64,76643.18,12506.8
002586.SZ,2024-07-23,1.68,1.68,1.61,1.63,71730.18,11812.12
002586.SZ,2024-07-24,1.61,1.63,1.58,1.6,35285.18,5647.67
002586.SZ,2024-07-25,1.6,1.62,1.57,1.6,24473.06,3903.93
002586.SZ,2024-07-26,1.61,1.61,1.59,1.59,18960.0,3025.92
002586.SZ,2024-07-29,1.58,1.59,1.56,1.56,25185.0,3958.14
002586.SZ,2024-07-30,1.57,1.59,1.54,1.56,41096.02,6398.19
002586.SZ,2024-07-31,1.56,1.58,1.54,1.56,49962.0,7801.26
002586.SZ,2024-08-01,1.56,1.56,1.53,1.53,31235.0,4822.27
002586.SZ,2024-08-02,1.54,1.54,1.51,1.52,27586.0,4204.7
002586.SZ,2024-08-05,1.52,1.6,1.52,1.58,64966.24,10220.6
002586.SZ,2024-08-06,1.58,1.58,1.53,1.57,44577.02,6912.31
002586.SZ,2024-08-07,1.56,1.58,1.54,1.57,24010.61,3751.46
002586.SZ,2024-08-08,1.57,1.57,1.53,1.57,15731.59,2444.57
002586.SZ,2024-08-09,1.57,1.64,1.56,1.59,59840.09,9580.0
002586.SZ,2024-08-12,1.6,1.61,1.56,1.56,28935.54,4550.81
002586.SZ,2024-08-13,1.57,1.57,1.54,1.57,16325.0,2545.91
002586.SZ,2024-08-14,1.56,1.64,1.56,1.6,37469.06,6008.62
002586.SZ,2024-08-15,1.63,1.63,1.58,1.6,28279.06,4506.3
002586.SZ,2024-08-16,1.59,1.59,1.55,1.57,24517.0,3842.86
002586.SZ,2024-08-19,1.56,1.57,1.55,1.56,18064.0,2811.94
002586.SZ,2024-08-20,1.55,1.56,1.53,1.56,23145.0,3582.25
002586.SZ,2024-08-21,1.55,1.59,1.54,1.58,21412.0,3371.84
002586.SZ,2024-08-22,1.58,1.6,1.54,1.55,29389.0,4623.94
002586.SZ,2024-08-23,1.56,1.57,1.53,1.55,23547.0,3640.61
002586.SZ,2024-08-26,1.56,1.58,1.53,1.57,26244.0,4090.18
002586.SZ,2024-08-27,1.58,1.59,1.54,1.56,19324.0,3008.47
002586.SZ,2024-08-28,1.55,1.64,1.54,1.64,121710.0,19743.48
002586.SZ,2024-08-29,1.64,1.64,1.56,1.59,108662.0,17229.42
002586.SZ,2024-08-30,1.59,1.62,1.57,1.61,56012.0,8938.06
002586.SZ,2024-09-02,1.59,1.64,1.59,1.63,87609.0,14195.58
002586.SZ,2024-09-03,1.63,1.71,1.63,1.71,154975.0,26221.58
002586.SZ,2024-09-04,1.72,1.73,1.66,1.67,105700.3,17872.99
002586.SZ,2024-09-05,1.69,1.75,1.67,1.75,57306.06,9906.97
002586.SZ,2024-09-06,1.81,1.83,1.71,1.72,158041.84,27917.9
002586.SZ,2024-09-09,1.7,1.76,1.67,1.71,64695.06,11036.63
002586.SZ,2024-09-10,1.69,1.7,1.62,1.62,92760.0,15194.55
002586.SZ,2024-09-11,1.63,1.64,1.59,1.64,30880.0,5000.43
002586.SZ,2024-09-12,1.64,1.66,1.63,1.64,32568.0,5346.11
002586.SZ,2024-09-13,1.66,1.67,1.59,1.59,34370.0,5604.46
002586.SZ,2024-09-18,1.61,1.64,1.58,1.64,49547.0,7949.32
002586.SZ,2024-09-19,1.65,1.72,1.63,1.72,59774.6,10086.03
002586.SZ,2024-09-20,1.72,1.76,1.7,1.74,58358.0,10119.9
002586.SZ,2024-09-23,1.76,1.77,1.7,1.73,42663.0,7341.85
002586.SZ,2024-09-24,1.73,1.75,1.7,1.74,53603.0,9287.51
002586.SZ,2024-09-25,1.77,1.77,1.73,1.76,54645.62,9573.27
002586.SZ,2024-09-26,1.76,1.85,1.74,1.84,80808.95,14564.34
002586.SZ,2024-09-27,1.85,1.88,1.75,1.78,156640.55,28011.86
002586.SZ,2024-09-30,1.74,1.82,1.69,1.77,436558.0,75374.85
002586.SZ,2024-10-08,1.83,1.86,1.74,1.75,358173.5,63918.5
002586.SZ,2024-10-09,1.75,1.76,1.66,1.66,204858.0,34574.66
002586.SZ,2024-10-10,1.66,1.66,1.61,1.61,136567.2,22286.35
002586.SZ,2024-10-11,1.61,1.68,1.61,1.61,109392.0,17994.76
002586.SZ,2024-10-14,1.63,1.69,1.62,1.67,85150.0,14051.92
002586.SZ,2024-10-15,1.65,1.67,1.64,1.65,64057.0,10574.89
002586.SZ,2024-10-16,1.65,1.68,1.64,1.67,62601.0,10398.48
002586.SZ,2024-10-17,1.66,1.66,1.64,1.64,60833.71,10019.17
002586.SZ,2024-10-18,1.64,1.66,1.63,1.65,102946.02,16904.07
002586.SZ,2024-10-21,1.65,1.65,1.59,1.6,115568.0,18710.42
002586.SZ,2024-10-22,1.59,1.62,1.58,1.62,101918.02,16314.41
002586.SZ,2024-10-23,1.61,1.65,1.6,1.62,88485.14,14382.14
002586.SZ,2024-10-24,1.63,1.69,1.62,1.66,133217.14,22083.87
002586.SZ,2024-10-25,1.67,1.68,1.62,1.65,130335.02,21465.03
002586.SZ,2024-10-28,1.65,1.72,1.64,1.72,165735.2,28113.05
002586.SZ,2024-10-29,1.72,1.73,1.68,1.71,139890.0,23801.77
002586.SZ,2024-10-30,1.7,1.8,1.69,1.79,201090.0,35386.25
002586.SZ,2024-10-31,1.76,1.76,1.7,1.73,169572.0,29331.9
002586.SZ,2024-11-01,1.71,1.72,1.64,1.65,172321.0,28693.43
002586.SZ,2024-11-04,1.66,1.7,1.63,1.7,101259.0,17007.99
002586.SZ,2024-11-05,1.7,1.75,1.69,1.74,127926.73,22162.22
002586.SZ,2024-11-06,1.75,1.79,1.74,1.77,142175.03,25088.91
002586.SZ,2024-11-07,1.77,1.86,1.75,1.86,103542.01,19006.39
002586.SZ,2024-11-08,1.93,1.95,1.91,1.95,199338.7,38786.22
002586.SZ,2024-11-11,2.05,2.05,2.02,2.05,51254.18,10500.14
002586.SZ,2024-11-12,2.15,2.15,2.15,2.15,12903.0,2774.15
002586.SZ,2024-11-13,2.25,2.26,2.09,2.13,446606.84,98623.06
002586.SZ,2024-11-14,2.13,2.24,2.08,2.2,304401.7,66519.25
002586.SZ,2024-11-15,2.14,2.16,2.09,2.09,158332.0,33261.38
002586.SZ,2024-11-18,2.1,2.1,1.99,1.99,123564.0,24710.63
002586.SZ,2024-11-19,1.98,2.04,1.92,1.99,110588.09,21749.02
002586.SZ,2024-11-20,2.0,2.05,1.95,2.03,73730.0,14857.9
002586.SZ,2024-11-21,2.02,2.03,1.98,2.0,60034.0,12027.59
002586.SZ,2024-11-22,2.0,2.01,1.92,1.92,68121.0,13385.53
002586.SZ,2024-11-25,1.92,2.02,1.9,2.02,76910.0,15155.19
002586.SZ,2024-11-26,2.1,2.12,2.1,2.12,29194.0,6169.72
002586.SZ,2024-11-27,2.2,2.21,2.03,2.07,175907.39,37296.19
002586.SZ,2024-11-28,2.07,2.12,2.05,2.1,92177.0,19323.58
002586.SZ,2024-11-29,2.1,2.1,2.02,2.08,114887.01,23556.28
002586.SZ,2024-12-02,2.08,2.11,2.03,2.09,87193.5,18020.33
002586.SZ,2024-12-03,2.1,2.19,2.07,2.16,106548.0,22954.04
002586.SZ,2024-12-04,2.16,2.19,2.11,2.12,71486.0,15328.26
002586.SZ,2024-12-05,2.14,2.23,2.12,2.23,98827.0,21487.82
002586.SZ,2024-12-06,2.24,2.34,2.21,2.34,154857.09,35614.38
002586.SZ,2024-12-09,2.39,2.46,2.37,2.46,77745.0,18877.43
002586.SZ,2024-12-10,2.54,2.57,2.39,2.5,212664.22,52940.72
002586.SZ,2024-12-11,2.53,2.63,2.45,2.63,179888.01,46256.05
002586.SZ,2024-12-12,2.65,2.76,2.63,2.75,216526.9,58718.01
002586.SZ,2024-12-13,2.73,2.74,2.61,2.61,188453.62,50376.38
002586.SZ,2024-12-16,2.62,2.68,2.58,2.62,95799.9,25194.0
002586.SZ,2024-12-17,2.64,2.65,2.5,2.53,91093.02,23400.93
002586.SZ,2024-12-18,2.57,2.66,2.57,2.66,84258.91,22323.74
002586.SZ,2024-12-19,2.66,2.74,2.65,2.66,106688.78,28647.77
002586.SZ,2024-12-20,2.71,2.72,2.62,2.68,67512.0,17997.27
002586.SZ,2024-12-23,2.67,2.67,2.55,2.55,87800.0,22622.43
002586.SZ,2024-12-24,2.51,2.58,2.42,2.53,93695.2,23303.26
002586.SZ,2024-12-25,2.5,2.51,2.4,2.45,73942.58,18100.15
002586.SZ,2024-12-26,2.44,2.47,2.39,2.41,62534.14,15186.29
002586.SZ,2024-12-27,2.4,2.53,2.4,2.53,58981.8,14684.5
002586.SZ,2024-12-30,2.58,2.65,2.5,2.61,80459.0,20946.57
002586.SZ,2024-12-31,2.6,2.66,2.5,2.62,78117.0,20238.787
002586.SZ,2025-01-02,2.61,2.66,2.49,2.51,53345.0,13658.29
002586.SZ,2025-01-03,2.51,2.55,2.49,2.52,39977.0,10083.46
002586.SZ,2025-01-06,2.51,2.56,2.49,2.53,40729.0,10265.9
002586.SZ,2025-01-07,2.51,2.56,2.5,2.55,28592.0,7212.13
002586.SZ,2025-01-08,2.54,2.56,2.5,2.54,27549.0,6935.04
002586.SZ,2025-01-09,2.54,2.54,2.5,2.51,20251.0,5091.99
002586.SZ,2025-01-10,2.51,2.51,2.38,2.42,58818.6,14368.04
002586.SZ,2025-01-13,2.38,2.4,2.3,2.3,64377.0,14935.95
002586.SZ,2025-01-14,2.3,2.34,2.29,2.32,46836.0,10838.52
002586.SZ,2025-01-15,2.3,2.3,2.2,2.21,78838.0,17600.36
002586.SZ,2025-01-16,2.2,2.32,2.19,2.32,68138.0,15648.64
002586.SZ,2025-01-17,2.34,2.36,2.29,2.29,38080.08,8821.59
002586.SZ,2025-01-20,2.31,2.34,2.28,2.3,37214.44,8564.93
002586.SZ,2025-01-21,2.3,2.34,2.27,2.28,34514.0,7926.58
002586.SZ,2025-01-22,2.28,2.3,2.25,2.27,19771.0,4485.99
002586.SZ,2025-01-23,2.27,2.33,2.26,2.26,21236.0,4865.32
002586.SZ,2025-01-24,2.27,2.28,2.22,2.23,23349.0,5259.57
002586.SZ,2025-01-27,2.2,2.29,2.2,2.23,32225.0,7171.3
002586.SZ,2025-02-05,2.23,2.25,2.2,2.21,29244.0,6475.71
002586.SZ,2025-02-06,2.2,2.23,2.11,2.19,44337.0,9579.43
002586.SZ,2025-02-07,2.18,2.22,2.17,2.19,42241.6,9247.06
002586.SZ,2025-02-10,2.19,2.2,2.14,2.15,43198.7,9333.5
002586.SZ,2025-02-11,2.16,2.16,2.07,2.13,70186.72,14777.23
002586.SZ,2025-02-12,2.13,2.13,2.07,2.09,49736.0,10405.83
002586.SZ,2025-02-13,2.1,2.19,2.1,2.19,42105.0,9087.13
002586.SZ,2025-02-14,2.2,2.3,2.18,2.19,107727.34,24129.06
002586.SZ,2025-02-17,2.19,2.2,2.12,2.15,71015.16,15205.17
002586.SZ,2025-02-18,2.15,2.15,2.08,2.09,35608.7,7557.9
002586.SZ,2025-02-19,2.1,2.14,2.08,2.14,39295.7,8264.67
002586.SZ,2025-02-20,2.13,2.14,2.09,2.11,39633.0,8317.17
002586.SZ,2025-02-21,2.1,2.12,2.09,2.11,30069.0,6308.74
002586.SZ,2025-02-24,2.14,2.22,2.12,2.18,72052.0,15732.67
002586.SZ,2025-02-25,2.1,2.21,2.1,2.17,40232.0,8710.66
002586.SZ,2025-02-26,2.17,2.2,2.15,2.2,35714.16,7773.4
002586.SZ,2025-02-27,2.21,2.25,2.15,2.18,32044.0,7006.28
002586.SZ,2025-02-28,2.19,2.2,2.14,2.15,38638.0,8330.61
002586.SZ,2025-03-03,2.16,2.2,2.12,2.14,35676.0,7716.41
002586.SZ,2025-03-04,2.15,2.19,2.13,2.16,28452.0,6148.19
002586.SZ,2025-03-05,2.15,2.17,2.12,2.15,29420.5,6305.49
002586.SZ,2025-03-06,2.15,2.16,2.13,2.14,38636.0,8275.04
002586.SZ,2025-03-07,2.14,2.18,2.12,2.15,43180.0,9291.91
002586.SZ,2025-03-10,2.15,2.16,2.13,2.15,41975.0,8999.41
002586.SZ,2025-03-11,2.16,2.21,2.15,2.21,73562.5,16093.0
002586.SZ,2025-03-12,2.24,2.32,2.22,2.32,61098.0,14055.42
002586.SZ,2025-03-13,2.35,2.43,2.29,2.35,123999.54,29296.81
002586.SZ,2025-03-14,2.36,2.47,2.36,2.47,137858.36,33830.02
002586.SZ,2025-03-17,2.5,2.59,2.48,2.59,136662.14,34885.73
002586.SZ,2025-03-18,2.63,2.72,2.63,2.72,58950.5,15879.36
002586.SZ,2025-03-19,2.86,2.86,2.86,2.86,13209.7,3777.97
002586.SZ,2025-03-20,3.0,3.0,3.0,3.0,10240.3,3072.09
002586.SZ,2025-03-21,3.15,3.15,2.85,2.85,522229.94,154733.72
002586.SZ,2025-03-24,2.85,2.88,2.71,2.77,237173.3,65850.9
002586.SZ,2025-03-25,2.78,2.84,2.7,2.76,144044.5,39963.27
002586.SZ,2025-03-26,2.72,2.9,2.71,2.9,93334.0,25966.14
002586.SZ,2025-03-27,3.04,3.04,2.93,2.97,195347.04,58382.92
002586.SZ,2025-03-28,2.97,3.05,2.92,2.94,92704.0,27629.73
002586.SZ,2025-03-31,2.8,2.86,2.79,2.79,125187.0,35166.62
002586.SZ,2025-04-01,2.8,2.84,2.75,2.79,45997.0,12841.26
002586.SZ,2025-04-02,2.78,2.81,2.76,2.77,41493.3,11552.07
002586.SZ,2025-04-03,2.78,2.91,2.72,2.89,102571.0,28916.64
002586.SZ,2025-04-07,2.75,2.86,2.75,2.75,126846.39,35133.78
002586.SZ,2025-04-08,2.62,2.74,2.61,2.61,101201.0,26845.17
002586.SZ,2025-04-09,2.63,2.67,2.48,2.64,110937.91,28491.54
002586.SZ,2025-04-10,2.65,2.76,2.65,2.73,72708.96,19841.7
002586.SZ,2025-04-11,2.73,2.86,2.72,2.86,81773.0,23034.33
002586.SZ,2025-04-14,2.86,2.91,2.79,2.8,87807.76,25068.05
002586.SZ,2025-04-15,2.84,2.87,2.76,2.81,88692.0,25020.16
002586.SZ,2025-04-16,2.78,2.83,2.7,2.77,72324.0,19996.07
002586.SZ,2025-04-17,2.77,2.9,2.77,2.85,56346.06,16035.0
002586.SZ,2025-04-18,2.84,2.89,2.83,2.87,41737.0,11954.18
002586.SZ,2025-04-21,3.01,3.01,3.01,3.01,19959.2,6007.72
002586.SZ,2025-04-22,3.16,3.16,2.95,3.03,306660.53,94951.18
002586.SZ,2025-04-23,3.03,3.09,2.93,2.97,134072.0,40157.06
002586.SZ,2025-04-24,2.97,3.12,2.97,3.09,130558.0,40151.45
002586.SZ,2025-04-25,3.1,3.23,3.1,3.14,122618.2,38952.35
002586.SZ,2025-04-28,3.17,3.23,3.07,3.11,101835.0,31848.09
002586.SZ,2025-04-29,3.03,3.14,3.03,3.04,80936.0,24989.75
002586.SZ,2025-04-30,3.1,3.15,3.04,3.13,80210.0,24757.83
002586.SZ,2025-05-06,3.15,3.16,2.99,3.03,122230.32,37201.74
002586.SZ,2025-05-07,3.08,3.08,2.95,2.99,74206.32,22146.22
002586.SZ,2025-05-08,2.99,3.01,2.94,3.0,47726.4,14245.65
002586.SZ,2025-05-09,3.0,3.07,2.97,2.97,57466.0,17283.38
002586.SZ,2025-05-12,3.01,3.11,3.01,3.08,86634.2,26578.29
002586.SZ,2025-05-13,3.18,3.23,3.1,3.23,216845.56,69046.69
002586.SZ,2025-05-14,3.29,3.38,3.21,3.29,194197.4,64006.44
002586.SZ,2025-05-15,3.29,3.33,3.21,3.26,101686.0,33204.91
002586.SZ,2025-05-16,3.25,3.25,3.2,3.25,40854.0,13182.06
002586.SZ,2025-05-19,3.27,3.27,3.18,3.18,52936.0,16961.42
002586.SZ,2025-05-20,3.21,3.21,3.12,3.15,65961.1,20801.61
002586.SZ,2025-05-21,3.17,3.19,3.11,3.19,58893.0,18536.7
002586.SZ,2025-05-22,3.19,3.19,3.15,3.18,33932.0,10748.36
002586.SZ,2025-05-23,3.15,3.24,3.12,3.13,56892.0,18002.42
002586.SZ,2025-05-26,3.13,3.16,3.11,3.14,31264.0,9781.04
002586.SZ,2025-05-27,3.14,3.14,2.98,3.06,123704.1,37485.18
002586.SZ,2025-05-28,3.05,3.07,2.93,3.01,78100.0,23405.97
002586.SZ,2025-05-29,3.03,3.11,2.99,2.99,80415.2,24517.5
002586.SZ,2025-05-30,3.0,3.03,2.94,3.02,49154.0,14689.8
002586.SZ,2025-06-03,3.04,3.07,2.97,3.01,46558.0,14030.55
002586.SZ,2025-06-04,3.01,3.03,2.98,2.99,35054.5,10506.16
002586.SZ,2025-06-05,2.99,3.01,2.95,2.99,38545.0,11464.4
002586.SZ,2025-06-06,2.97,3.01,2.94,3.0,46117.0,13708.24
002586.SZ,2025-06-09,2.99,3.0,2.95,2.96,52099.0,15455.37
002586.SZ,2025-06-10,2.96,3.0,2.94,2.96,53900.0,15982.79
002586.SZ,2025-06-11,3.0,3.04,2.98,3.02,60668.0,18253.27
002586.SZ,2025-06-12,3.0,3.06,3.0,3.02,56577.0,17132.91
002586.SZ,2025-06-13,3.05,3.09,3.02,3.03,77823.0,23733.55
002586.SZ,2025-06-16,3.0,3.04,2.98,3.03,44791.1,13432.4
002586.SZ,2025-06-17,3.02,3.02,2.98,3.01,40682.0,12198.22
002586.SZ,2025-06-18,3.02,3.02,2.98,3.0,32924.0,9841.21
002586.SZ,2025-06-19,2.99,3.01,2.95,2.97,46237.7,13783.75
002586.SZ,2025-06-20,2.96,2.98,2.95,2.97,29545.0,8743.08
002586.SZ,2025-06-23,2.97,2.97,2.94,2.96,38406.0,11343.78
002586.SZ,2025-06-24,2.96,2.97,2.95,2.97,37393.0,11077.54
002586.SZ,2025-06-25,2.98,3.09,2.98,3.03,50108.02,15186.2
002586.SZ,2025-06-26,3.03,3.05,3.0,3.04,63713.0,19278.39
002586.SZ,2025-06-27,3.06,3.06,3.02,3.03,28562.0,8685.7
002586.SZ,2025-06-30,3.07,3.13,3.06,3.13,77228.0,23923.24
002586.SZ,2025-07-01,3.17,3.22,3.13,3.17,85741.0,27188.42
002586.SZ,2025-07-02,3.18,3.2,3.1,3.12,46142.0,14463.6
002586.SZ,2025-07-03,3.1,3.14,3.08,3.09,53749.0,16678.63
002586.SZ,2025-07-04,3.08,3.11,3.07,3.1,39633.0,12247.44
002586.SZ,2025-07-07,3.1,3.1,3.06,3.07,35442.0,10890.28
002586.SZ,2025-07-08,3.07,3.09,3.05,3.06,42594.02,13037.61
002586.SZ,2025-07-09,3.06,3.09,3.05,3.05,39332.0,12067.96
002586.SZ,2025-07-10,3.07,3.14,3.05,3.14,80083.0,24832.68
002586.SZ,2025-07-11,3.12,3.14,3.08,3.09,43539.4,13489.3
002586.SZ,2025-07-14,3.11,3.11,3.07,3.08,39277.0,12099.79
002586.SZ,2025-07-15,3.09,3.13,3.08,3.1,37942.0,11743.82
002586.SZ,2025-07-16,3.11,3.11,3.06,3.08,32948.02,10135.78
002586.SZ,2025-07-17,3.09,3.09,3.06,3.08,33531.0,10315.99
002586.SZ,2025-07-18,3.08,3.08,3.04,3.06,39202.0,11983.32
002586.SZ,2025-07-21,3.07,3.07,3.02,3.06,44419.0,13535.68
002586.SZ,2025-07-22,3.06,3.07,3.03,3.06,38319.0,11667.9
002586.SZ,2025-07-23,3.06,3.13,3.03,3.05,52046.0,15976.57
002586.SZ,2025-07-24,3.04,3.05,3.01,3.04,37293.0,11321.53
002586.SZ,2025-07-25,3.04,3.06,3.03,3.06,32574.0,9911.74
002586.SZ,2025-07-28,3.05,3.05,3.02,3.03,51045.86,15478.09
002586.SZ,2025-07-29,3.03,3.04,3.0,3.02,38971.35,11762.3
002586.SZ,2025-07-30,3.02,3.09,2.98,3.07,96486.0,29227.64
002586.SZ,2025-07-31,3.03,3.05,3.01,3.01,53824.0,16282.87
002586.SZ,2025-08-01,3.01,3.04,3.0,3.01,35903.0,10836.39
002586.SZ,2025-08-04,3.02,3.03,2.99,3.03,32604.0,9810.89
002586.SZ,2025-08-05,3.04,3.04,3.0,3.02,26788.0,8078.12
002586.SZ,2025-08-06,3.02,3.02,3.0,3.01,16010.0,4820.1
002586.SZ,2025-08-07,3.02,3.08,3.01,3.05,72195.0,21959.66
002586.SZ,2025-08-08,3.04,3.06,3.01,3.06,44096.3,13351.47
002586.SZ,2025-08-11,3.06,3.19,3.05,3.17,118339.0,37208.8
002586.SZ,2025-08-12,3.17,3.33,3.15,3.33,122180.02,39852.17
002586.SZ,2025-08-13,3.44,3.45,3.32,3.33,170817.39,57627.65
002586.SZ,2025-08-14,3.35,3.4,3.27,3.27,90895.0,30117.97
002586.SZ,2025-08-15,3.27,3.42,3.25,3.37,123264.92,41405.44
002586.SZ,2025-08-18,3.36,3.45,3.36,3.4,97672.0,33258.78
002586.SZ,2025-08-19,3.4,3.48,3.37,3.44,83373.02,28598.06
002586.SZ,2025-08-20,3.44,3.54,3.38,3.54,98106.0,34167.71
002586.SZ,2025-08-21,3.55,3.6,3.46,3.47,101610.0,35675.97
002586.SZ,2025-08-22,3.49,3.54,3.47,3.49,78262.02,27342.94
002586.SZ,2025-08-25,3.49,3.51,3.4,3.44,95138.0,32885.66
002586.SZ,2025-08-26,3.46,3.48,3.4,3.45,74847.0,25833.33
002586.SZ,2025-08-27,3.47,3.62,3.45,3.53,157740.54,55857.32
002586.SZ,2025-08-28,3.56,3.7,3.5,3.66,138229.02,49420.29
002586.SZ,2025-08-29,3.66,3.78,3.56,3.59,183287.64,67344.54
002586.SZ,2025-09-01,3.6,3.61,3.54,3.56,78783.22,28160.48
002586.SZ,2025-09-02,3.6,3.6,3.38,3.39,154559.0,53661.34
002586.SZ,2025-09-03,3.46,3.47,3.39,3.4,83656.65,28664.19
002586.SZ,2025-09-04,3.4,3.45,3.35,3.4,66391.0,22557.27
002586.SZ,2025-09-05,3.39,3.44,3.33,3.44,55384.0,18752.89
002586.SZ,2025-09-08,3.41,3.56,3.41,3.52,59813.08,20904.33
002586.SZ,2025-09-09,3.5,3.6,3.5,3.54,55325.0,19675.58
002586.SZ,2025-09-10,3.58,3.59,3.52,3.54,29868.0,10582.04
002586.SZ,2025-09-11,3.56,3.56,3.5,3.56,34919.0,12354.11
002586.SZ,2025-09-12,3.55,3.57,3.53,3.54,31820.06,11264.94
002586.SZ,2025-09-15,3.55,3.64,3.49,3.62,98892.02,35205.93
002586.SZ,2025-09-16,3.62,3.8,3.6,3.8,193494.03,72547.92
002586.SZ,2025-09-17,3.81,3.93,3.76,3.82,178143.68,68597.3
002586.SZ,2025-09-18,3.85,3.9,3.78,3.82,94098.64,36165.49
002586.SZ,2025-09-19,3.79,3.84,3.72,3.77,67682.0,25523.74
002586.SZ,2025-09-22,3.77,3.86,3.64,3.86,106156.65,39687.71
002586.SZ,2025-09-23,3.89,3.91,3.78,3.83,100661.0,38557.75
002586.SZ,2025-09-24,3.84,3.88,3.8,3.83,49136.43,18803.09
002586.SZ,2025-09-25,3.81,3.82,3.77,3.79,46370.0,17596.99
002586.SZ,2025-09-26,3.79,3.85,3.79,3.8,39792.2,15164.8
002586.SZ,2025-09-29,3.83,3.99,3.79,3.99,178591.0,69984.68
002586.SZ,2025-09-30,3.99,4.03,3.85,4.0,162346.0,63972.31
002586.SZ,2025-10-09,4.0,4.0,3.8,3.8,180914.0,69269.37
002586.SZ,2025-10-10,3.78,3.79,3.61,3.62,212865.8,77933.73
002586.SZ,2025-10-13,3.55,3.69,3.48,3.69,131382.52,47345.33
002586.SZ,2025-10-14,3.7,3.75,3.62,3.7,100025.18,36888.48
002586.SZ,2025-10-15,3.73,3.81,3.7,3.79,106075.5,39677.39
002586.SZ,2025-10-16,3.82,3.98,3.8,3.95,252486.5,99892.15
002586.SZ,2025-10-17,3.92,3.97,3.85,3.87,117229.56,45694.6
002586.SZ,2025-10-20,3.89,4.06,3.89,4.05,205773.57,82881.24
002586.SZ,2025-10-21,4.04,4.2,4.01,4.04,178279.0,72814.65
002586.SZ,2025-10-22,4.03,4.18,4.03,4.15,155367.45,63958.72
002586.SZ,2025-10-23,4.35,4.36,4.2,4.36,247929.13,107545.37
002586.SZ,2025-10-24,4.37,4.54,4.26,4.27,393499.0,174953.39
002586.SZ,2025-10-27,4.38,4.48,4.36,4.48,310747.0,138693.21
002586.SZ,2025-10-28,4.47,4.63,4.43,4.55,278653.02,126918.2
002586.SZ,2025-10-29,4.64,4.72,4.5,4.68,250000.02,116482.05
002586.SZ,2025-10-30,4.75,4.8,4.58,4.66,217561.0,101588.81
002586.SZ,2025-10-31,4.66,4.67,4.5,4.61,171408.0,78728.8
002586.SZ,2025-11-03,4.64,4.65,4.39,4.52,295836.0,134507.52
002586.SZ,2025-11-04,4.54,4.59,4.44,4.48,160003.0,72052.19
002586.SZ,2025-11-05,4.51,4.56,4.45,4.46,127556.91,57327.24
002586.SZ,2025-11-06,4.46,4.49,4.26,4.42,254295.0,110489.63
002586.SZ,2025-11-07,4.39,4.52,4.39,4.5,114029.5,50933.9
002586.SZ,2025-11-10,4.55,4.55,4.36,4.38,166504.93,73657.51
002586.SZ,2025-11-11,4.43,4.43,4.28,4.31,106235.0,46182.73
002586.SZ,2025-11-12,4.28,4.31,4.1,4.16,213701.0,89925.76
002586.SZ,2025-11-13,4.23,4.37,4.2,4.37,138828.06,60316.87
002586.SZ,2025-11-14,4.48,4.52,4.29,4.34,221162.61,97338.65
002586.SZ,2025-11-17,4.37,4.37,4.23,4.28,116290.0,49663.52
002586.SZ,2025-11-18,4.3,4.35,4.22,4.26,73046.0,31226.79
002586.SZ,2025-11-19,4.27,4.3,4.18,4.22,83896.93,35543.37
002586.SZ,2025-11-20,4.23,4.27,4.12,4.13,77257.0,32263.74
002586.SZ,2025-11-21,4.12,4.22,4.04,4.14,101346.52,41771.38
002586.SZ,2025-11-24,4.11,4.3,4.1,4.21,102295.89,43074.71
002586.SZ,2025-11-25,4.25,4.25,4.16,4.16,52480.0,21971.49
002586.SZ,2025-11-26,4.18,4.36,4.18,4.29,104320.0,44634.78
002586.SZ,2025-11-27,4.29,4.35,4.21,4.23,99106.01,42368.63
002586.SZ,2025-11-28,4.22,4.26,4.06,4.1,142735.0,58779.26
002586.SZ,2025-12-01,4.15,4.15,4.02,4.08,112746.0,45768.89
002586.SZ,2025-12-02,4.09,4.13,4.06,4.11,68047.0,27874.55
002586.SZ,2025-12-03,4.13,4.15,4.06,4.07,32885.0,13407.2
002586.SZ,2025-12-04,4.11,4.11,4.03,4.05,51695.01,20896.56
002586.SZ,2025-12-05,4.08,4.11,4.03,4.08,49751.0,20209.09
002586.SZ,2025-12-08,4.13,4.16,4.03,4.16,72444.0,29815.75
002586.SZ,2025-12-09,4.22,4.35,4.12,4.15,131538.0,56079.51
002586.SZ,2025-12-10,4.15,4.24,4.12,4.17,60629.0,25232.3
002586.SZ,2025-12-11,4.18,4.19,4.11,4.12,33489.0,13864.12
002586.SZ,2025-12-12,4.12,4.13,4.06,4.08,39817.0,16286.57
002586.SZ,2025-12-15,4.08,4.15,4.06,4.08,32638.67,13334.0
002586.SZ,2025-12-16,4.11,4.11,4.04,4.05,35750.59,14503.4
002586.SZ,2025-12-17,4.06,4.06,4.02,4.05,46869.73,18937.81
002586.SZ,2025-12-18,4.05,4.08,4.03,4.06,30984.0,12548.88
002586.SZ,2025-12-19,4.07,4.12,4.04,4.1,48338.95,19734.62
002586.SZ,2025-12-23,4.28,4.31,4.16,4.31,134778.0,57818.82
002586.SZ,2025-12-24,4.31,4.5,4.3,4.35,235341.0,103046.13
002586.SZ,2025-12-25,4.37,4.39,4.21,4.26,111398.0,47515.3
002586.SZ,2025-12-26,4.28,4.33,4.24,4.29,117409.52,50368.87
002586.SZ,2025-12-29,4.33,4.49,4.3,4.41,198386.0,87535.11
002586.SZ,2025-12-30,4.39,4.47,4.36,4.43,112634.75,49618.93
002586.SZ,2025-12-31,4.4,4.49,4.38,4.49,70277.24,31139.789
002586.SZ,2026-01-05,4.48,4.53,4.39,4.4,121251.0,53748.52
002586.SZ,2026-01-06,4.38,4.4,4.32,4.35,132235.17,57371.38
002586.SZ,2026-01-07,4.36,4.36,4.26,4.28,101479.02,43482.19
002586.SZ,2026-01-08,4.31,4.32,4.25,4.3,74122.0,31761.61
002586.SZ,2026-01-09,4.29,4.36,4.26,4.33,77216.0,33159.48
002586.SZ,2026-01-12,4.33,4.35,4.2,4.2,123380.0,52375.62
002586.SZ,2026-01-13,4.21,4.27,4.13,4.26,125360.6,52696.86
002586.SZ,2026-01-14,4.22,4.32,4.21,4.25,94492.0,40280.31
002586.SZ,2026-01-15,4.25,4.33,4.23,4.33,94490.17,40598.06
002586.SZ,2026-01-16,4.36,4.5,4.33,4.46,164811.0,73058.62
002586.SZ,2026-01-19,4.44,4.68,4.43,4.68,186663.7,85281.42
002586.SZ,2026-01-20,4.73,4.81,4.58,4.6,191214.0,89511.52
002586.SZ,2026-01-21,4.63,4.75,4.59,4.61,136850.0,63820.16
002586.SZ,2026-01-22,4.67,4.75,4.6,4.75,132608.0,61966.83
002586.SZ,2026-01-23,4.75,4.98,4.71,4.77,237660.7,115003.3
002586.SZ,2026-01-26,4.77,4.89,4.71,4.81,133592.0,64188.88
002586.SZ,2026-01-27,4.81,4.92,4.74,4.85,120119.0,57965.39
002586.SZ,2026-01-28,4.85,4.99,4.81,4.94,129389.42,63434.52
002586.SZ,2026-01-29,4.93,5.05,4.69,4.69,212771.79,105358.28
002586.SZ,2026-01-30,4.69,4.92,4.66,4.92,272861.36,131238.92
002586.SZ,2026-02-02,4.92,4.96,4.72,4.76,185949.06,89247.52
002586.SZ,2026-02-03,4.76,4.88,4.75,4.76,116198.56,55867.56
002586.SZ,2026-02-04,4.75,4.79,4.66,4.7,112939.0,53340.46
002586.SZ,2026-02-05,4.68,4.76,4.66,4.73,94987.0,44653.05
002586.SZ,2026-02-06,4.73,4.73,4.66,4.68,74677.0,34978.29
002586.SZ,2026-02-09,4.72,4.74,4.6,4.62,92791.52,43279.93
002586.SZ,2026-02-10,4.62,4.75,4.6,4.71,94853.0,44216.91
002586.SZ,2026-02-11,4.69,4.72,4.63,4.72,72935.0,34033.57
002586.SZ,2026-02-12,4.72,4.72,4.6,4.61,85765.0,39949.29
002586.SZ,2026-02-13,4.62,4.7,4.62,4.64,57506.0,26759.4
002586.SZ,2026-02-24,4.65,4.75,4.65,4.74,76860.0,36171.04
002586.SZ,2026-02-25,4.75,4.82,4.71,4.8,79966.0,38024.87
002586.SZ,2026-02-26,4.81,4.86,4.78,4.82,63513.0,30590.27
002586.SZ,2026-02-27,4.79,5.06,4.79,5.05,212560.0,105953.81
002586.SZ,2026-03-02,5.01,5.25,4.98,5.06,168428.45,86398.2
002586.SZ,2026-03-03,5.05,5.13,4.81,4.88,168219.0,83710.63
002586.SZ,2026-03-04,4.84,4.96,4.79,4.87,129555.0,63348.16
002586.SZ,2026-03-05,4.95,4.95,4.81,4.82,122937.0,59679.49
002586.SZ,2026-03-06,4.82,4.95,4.78,4.87,101278.0,49638.0
002586.SZ,2026-03-09,4.91,5.05,4.79,4.99,110556.02,54297.34
002586.SZ,2026-03-10,4.99,5.08,4.96,5.0,72024.0,36091.15
002586.SZ,2026-03-11,5.06,5.06,4.94,5.01,89836.0,44921.26
002586.SZ,2026-03-12,5.03,5.2,5.0,5.13,127834.0,65385.5
002586.SZ,2026-03-13,5.12,5.2,5.04,5.06,120909.0,61518.45
002586.SZ,2026-03-16,5.09,5.09,4.97,5.01,101414.0,50689.49
002586.SZ,2026-03-17,5.01,5.18,5.0,5.07,109991.02,55880.66
002586.SZ,2026-03-18,5.07,5.19,5.07,5.18,97678.0,50150.19
002586.SZ,2026-03-19,5.18,5.2,5.01,5.03,123677.52,62676.47
002586.SZ,2026-03-20,5.05,5.09,4.97,4.97,91570.0,45912.47
002586.SZ,2026-03-23,4.9,4.9,4.72,4.72,128955.0,61017.34
002586.SZ,2026-03-24,4.72,4.75,4.5,4.7,135033.0,62289.04
002586.SZ,2026-03-25,4.74,4.79,4.69,4.79,64886.0,30870.99
002586.SZ,2026-03-26,4.79,4.83,4.67,4.67,60153.0,28353.42
002586.SZ,2026-03-27,4.58,4.77,4.58,4.75,56273.06,26539.55
002586.SZ,2026-03-30,4.73,4.79,4.7,4.77,56513.0,26854.07
002586.SZ,2026-03-31,4.73,4.8,4.67,4.68,53420.0,25203.22
002586.SZ,2026-04-01,4.73,4.75,4.61,4.66,67518.0,31660.25
002586.SZ,2026-04-02,4.74,4.74,4.54,4.6,84189.0,38720.82
002586.SZ,2026-04-03,4.6,4.64,4.47,4.52,75889.0,34608.49
002586.SZ,2026-04-07,4.55,4.6,4.49,4.58,65804.0,29793.95
002586.SZ,2026-04-08,4.61,4.72,4.61,4.7,89361.0,41784.91
002586.SZ,2026-04-09,4.68,4.83,4.63,4.78,77166.0,36517.33
002586.SZ,2026-04-10,4.81,4.87,4.72,4.74,91811.0,44016.79
002586.SZ,2026-04-13,4.72,4.82,4.72,4.77,58810.0,28014.47
002586.SZ,2026-04-14,4.77,4.83,4.74,4.82,59610.0,28510.87
002586.SZ,2026-04-15,4.84,4.89,4.8,4.87,62764.0,30481.71
002586.SZ,2026-04-16,4.88,4.91,4.83,4.87,56609.0,27553.44
002586.SZ,2026-04-17,4.9,5.08,4.89,5.07,131433.0,65807.06
002586.SZ,2026-05-06,4.7,4.75,4.68,4.72,67022.0,31560.242
002586.SZ,2026-05-07,4.71,4.73,4.65,4.69,55602.0,26085.986
002586.SZ,2026-05-08,4.7,4.71,4.64,4.71,71805.16,33609.728
002586.SZ,2026-05-11,4.71,4.73,4.65,4.69,76648.1,35954.124
002586.SZ,2026-05-12,4.68,4.72,4.64,4.65,63543.0,29688.777
002586.SZ,2026-05-13,4.66,4.67,4.54,4.57,93087.02,42698.415
002586.SZ,2026-05-14,4.57,4.66,4.47,4.47,77753.0,35176.695
002586.SZ,2026-05-15,4.47,4.6,4.43,4.52,63092.0,28562.122
002586.SZ,2026-05-18,4.53,4.53,4.4,4.43,53946.0,23962.908
002586.SZ,2026-05-19,4.46,4.47,4.24,4.44,89294.0,38908.215
002586.SZ,2026-05-20,4.42,4.42,4.31,4.34,51015.0,22246.23
002586.SZ,2026-05-21,4.35,4.47,4.24,4.24,88046.04,38550.825
002586.SZ,2026-05-22,4.28,4.28,4.18,4.22,79663.62,33539.247
002586.SZ,2026-05-25,4.23,4.37,4.15,4.27,93922.0,39765.886
002586.SZ,2026-05-26,4.28,4.48,4.16,4.39,138068.0,59707.009
002586.SZ,2026-05-27,4.4,4.5,4.33,4.4,76934.64,34022.354
002586.SZ,2026-05-28,4.37,4.49,4.37,4.45,38211.0,16896.311
002586.SZ,2026-05-29,4.46,4.47,4.38,4.42,38705.0,17145.501
002586.SZ,2026-06-01,4.44,4.44,4.33,4.34,31286.0,13649.942
002586.SZ,2026-06-02,4.33,4.33,4.26,4.28,36223.0,15540.012
002586.SZ,2026-06-03,4.28,4.28,4.07,4.07,121572.0,50305.402
002586.SZ,2026-06-04,4.06,4.12,3.87,4.06,140964.04,55689.828
002586.SZ,2026-06-05,4.06,4.13,3.98,3.98,47123.0,19025.78
002586.SZ,2026-06-08,3.9,3.96,3.79,3.84,74364.0,28702.39
002586.SZ,2026-06-09,3.86,3.9,3.77,3.78,41650.0,15831.45
002586.SZ,2026-06-22,3.49,3.55,3.37,3.43,110846.02,37695.05882
002586.SZ,2026-06-29,3.47,3.61,3.37,3.5,61917.0,21599.065
002586.SZ,2026-06-30,3.49,3.68,3.45,3.68,63226.0,22967.443
002586.SZ,2026-07-01,3.77,3.86,3.72,3.86,103472.0,39803.34
002586.SZ,2026-06-23,3.46,3.6,3.4,3.49,1.75,93473.0,33249787.0
002586.SZ,2026-06-24,3.44,3.62,3.42,3.56,2.01,59685.0,21040205.0
002586.SZ,2026-06-25,3.57,3.57,3.38,3.4,-4.49,71403.0,24514013.0
002586.SZ,2026-06-26,3.56,3.56,3.41,3.5,2.94,85953.0,30076888.0
002586.SZ,2026-07-02,3.77,3.86,3.72,3.86,103472.0,39803340.0
002586.SZ,2026-07-02,3.77,3.86,3.72,3.86,103472.0,39803340.0
002586.SZ,2026-07-02,3.77,3.86,3.72,3.86,103472.0,39803340.0
002586.SZ,2026-07-02,3.77,3.86,3.72,3.86,103472.0,39803340.0
002586.SZ,2026-07-02,3.77,3.86,3.72,3.86,103472.0,39803340.0
002586.SZ,2026-07-02,3.77,3.86,3.72,3.86,103472.0,39803340.0
002586.SZ,2026-07-03,4.1,4.16,3.92,4.04,100014.52,40051.81388
002586.SZ,2026-07-06,4.09,4.16,3.82,3.82,64890.0,25294118.0
002586.SZ,2026-07-06,4.09,4.16,3.82,3.82,64890.0,25294118.0
002586.SZ,2026-07-07,3.83,3.88,3.7,3.73,4421500.0,187870000.0
002586.SZ,2026-07-08,3.72,3.78,3.61,3.66,4767000.0,170760000.0
002586.SZ,2026-07-08,3.72,3.78,3.61,3.67,4779500.0,170930000.0
