symbol,datetime,open,high,low,close,volume,amount
002581.SZ,2011-05-20,22.35,22.66,20.6,21.4,178559.56,384049.94
002581.SZ,2011-05-23,20.82,23.54,20.81,23.54,145149.4,327013.69
002581.SZ,2011-05-24,22.41,22.95,21.51,21.93,128531.55,284899.3
002581.SZ,2011-05-25,20.6,21.28,19.74,20.71,106977.94,216641.33
002581.SZ,2011-05-26,20.25,21.18,19.02,19.08,87887.77,177033.49
002581.SZ,2011-05-27,19.09,19.45,18.13,18.86,58543.86,109856.91
002581.SZ,2011-05-30,18.4,18.76,17.25,17.45,45256.33,81781.02
002581.SZ,2011-05-31,17.17,18.09,17.16,17.82,41434.14,73076.6
002581.SZ,2011-06-01,17.9,19.6,17.88,19.6,46185.17,88515.31
002581.SZ,2011-06-02,19.9,20.4,19.28,19.72,74648.1,148642.34
002581.SZ,2011-06-03,19.13,19.7,18.72,19.35,34527.79,66671.63
002581.SZ,2011-06-07,19.0,19.35,18.7,19.23,24456.35,46571.96
002581.SZ,2011-06-08,19.0,19.97,18.95,19.36,31185.05,60779.1
002581.SZ,2011-06-09,19.07,19.3,18.0,18.07,38131.87,70210.44
002581.SZ,2011-06-10,17.88,18.53,17.82,18.5,19257.07,35169.69
002581.SZ,2011-06-13,18.44,19.16,18.22,18.81,24662.13,46297.36
002581.SZ,2011-06-14,18.76,19.0,18.64,18.81,16853.74,31726.4
002581.SZ,2011-06-15,18.93,19.81,18.93,19.0,30619.23,59321.55
002581.SZ,2011-06-16,18.9,19.42,18.55,19.3,20493.13,39110.38
002581.SZ,2011-06-17,19.2,19.41,18.73,18.88,17348.53,33020.17
002581.SZ,2011-06-20,18.7,19.42,18.4,19.42,25737.79,48941.24
002581.SZ,2011-06-21,19.47,20.22,19.19,19.88,42546.05,83696.46
002581.SZ,2011-06-22,19.48,19.65,19.01,19.25,25097.34,48430.3
002581.SZ,2011-06-23,19.0,19.94,18.78,19.76,30937.44,60477.74
002581.SZ,2011-06-24,19.5,20.2,19.4,19.97,37459.06,74328.78
002581.SZ,2011-06-27,19.96,20.3,19.71,20.24,31250.43,62451.24
002581.SZ,2011-06-29,20.0,20.3,19.75,19.75,21943.42,43923.31
002581.SZ,2011-06-30,19.71,20.05,19.63,19.77,16590.79,32886.93
002581.SZ,2011-07-01,19.89,20.23,19.68,20.06,19281.87,38558.23
002581.SZ,2011-07-04,20.18,21.1,20.18,20.81,35490.79,73847.51
002581.SZ,2011-07-05,20.65,21.39,20.65,21.1,26803.34,56620.04
002581.SZ,2011-07-06,21.08,23.21,20.75,23.21,44795.11,98502.0
002581.SZ,2011-07-07,23.6,24.68,23.45,24.02,61317.81,147295.2
002581.SZ,2011-07-08,23.59,23.59,22.72,23.01,33477.15,77232.04
002581.SZ,2011-07-11,22.85,23.45,22.77,23.12,23816.61,55254.64
002581.SZ,2011-07-12,22.81,23.29,22.65,22.85,23519.8,53893.28
002581.SZ,2011-07-13,22.75,24.05,22.75,23.86,22732.83,53253.19
002581.SZ,2011-07-14,24.0,24.2,23.45,23.85,20435.27,48488.76
002581.SZ,2011-07-15,23.78,25.38,23.6,23.68,25513.47,62527.85
002581.SZ,2011-07-18,24.0,24.25,23.1,23.17,22421.96,52563.62
002581.SZ,2011-07-19,23.09,23.5,22.8,23.06,14791.99,34230.24
002581.SZ,2011-07-20,23.18,23.37,22.35,22.89,14436.2,32986.19
002581.SZ,2011-07-21,22.89,23.13,22.68,22.92,11468.69,26223.71
002581.SZ,2011-07-22,22.95,23.09,22.49,23.07,13645.89,31218.07
002581.SZ,2011-07-25,23.0,23.0,21.46,21.5,17510.06,38907.18
002581.SZ,2011-07-26,21.55,21.7,20.92,21.5,12603.98,26909.21
002581.SZ,2011-07-28,21.9,23.06,21.78,23.05,33753.25,76518.61
002581.SZ,2011-07-29,22.6,22.86,21.9,22.14,23706.91,53223.11
002581.SZ,2011-08-01,21.93,22.82,21.7,22.52,13257.51,29627.51
002581.SZ,2011-08-02,22.35,22.48,21.42,22.35,15568.82,33908.03
002581.SZ,2011-08-03,21.81,22.75,21.72,22.34,12004.29,26806.42
002581.SZ,2011-08-04,22.0,22.57,22.0,22.44,11911.65,26508.67
002581.SZ,2011-08-05,21.6,22.0,21.41,21.6,13689.15,29814.63
002581.SZ,2011-08-08,21.27,21.27,19.57,20.14,12748.12,26173.21
002581.SZ,2011-08-09,19.53,20.7,19.53,20.47,11471.07,23220.57
002581.SZ,2011-08-10,20.42,20.6,19.61,20.0,34298.93,68797.88
002581.SZ,2011-08-11,19.49,19.98,19.12,19.95,17325.65,33971.8
002581.SZ,2011-08-12,19.95,20.43,19.95,20.16,16057.1,32360.8
002581.SZ,2011-08-15,20.09,21.0,20.09,20.82,17576.87,36326.69
002581.SZ,2011-08-16,20.99,21.39,20.72,20.97,19971.26,42094.99
002581.SZ,2011-08-17,20.98,21.1,20.58,20.6,7643.67,15840.56
002581.SZ,2011-08-18,20.53,20.7,20.04,20.04,8227.56,16675.71
002581.SZ,2011-08-19,19.4,20.03,19.32,19.91,7485.28,14772.37
002581.SZ,2011-08-22,19.92,20.6,19.92,20.12,11914.02,24089.12
002581.SZ,2011-08-23,20.33,20.95,20.1,20.88,17742.22,36590.33
002581.SZ,2011-08-24,21.13,21.42,20.82,21.25,26051.13,55122.79
002581.SZ,2011-08-25,21.15,21.44,20.89,21.28,17965.79,38016.81
002581.SZ,2011-08-26,21.14,22.18,21.12,22.09,28494.64,62402.79
002581.SZ,2011-08-29,21.9,22.57,21.8,22.08,26880.69,59720.28
002581.SZ,2011-08-30,22.14,22.51,21.75,21.82,18741.22,41543.51
002581.SZ,2011-08-31,21.81,22.45,21.77,22.15,16799.15,37119.98
002581.SZ,2011-09-01,22.4,22.79,21.96,22.0,20247.18,45260.04
002581.SZ,2011-09-02,22.05,22.05,20.93,20.99,21868.33,46844.42
002581.SZ,2011-09-05,20.7,21.06,20.15,20.8,10126.04,20857.26
002581.SZ,2011-09-06,20.52,21.14,20.52,20.87,8630.01,18038.44
002581.SZ,2011-09-07,20.89,21.76,20.89,21.76,9987.19,21460.89
002581.SZ,2011-09-08,21.86,22.2,21.48,21.51,7627.89,16636.93
002581.SZ,2011-09-09,21.5,21.8,20.82,20.92,6786.58,14430.85
002581.SZ,2011-09-13,20.5,20.65,20.2,20.44,5368.51,10987.99
002581.SZ,2011-09-14,20.53,20.75,20.1,20.6,6839.45,14008.88
002581.SZ,2011-09-15,20.61,20.82,20.37,20.37,9166.83,18871.47
002581.SZ,2011-09-16,20.35,20.49,19.95,20.0,8618.58,17377.84
002581.SZ,2011-09-19,19.83,20.15,19.7,19.94,4671.48,9326.02
002581.SZ,2011-09-20,19.79,20.48,19.77,20.23,7550.91,15231.47
002581.SZ,2011-09-21,20.43,20.88,20.08,20.8,11281.19,23293.32
002581.SZ,2011-09-22,20.59,20.7,19.95,19.97,5648.76,11459.58
002581.SZ,2011-09-23,19.9,20.06,19.58,20.01,7831.74,15490.24
002581.SZ,2011-09-26,20.0,20.29,19.9,20.05,5169.13,10396.73
002581.SZ,2011-09-27,20.12,20.38,19.77,19.92,6315.33,12612.83
002581.SZ,2011-09-28,19.97,20.48,19.97,20.24,13044.89,26431.0
002581.SZ,2011-09-29,20.05,20.19,19.19,19.8,7340.93,14437.27
002581.SZ,2011-09-30,19.79,20.08,19.5,20.05,5202.23,10285.48
002581.SZ,2011-10-10,19.98,20.3,19.93,20.1,9086.81,18280.47
002581.SZ,2011-10-11,20.58,20.68,19.8,20.03,8499.05,17195.07
002581.SZ,2011-10-12,20.0,20.5,19.55,20.48,14954.19,30364.45
002581.SZ,2011-10-13,20.48,20.95,20.21,20.3,19976.38,41107.66
002581.SZ,2011-10-14,20.02,20.02,19.53,19.8,11271.24,22281.18
002581.SZ,2011-10-17,19.87,19.9,18.77,19.17,21001.43,40510.87
002581.SZ,2011-10-18,18.9,19.01,18.26,18.53,13716.44,25549.3
002581.SZ,2011-10-19,18.4,18.72,18.17,18.46,6479.41,12036.83
002581.SZ,2011-10-20,18.41,18.45,17.99,18.08,6042.94,11012.15
002581.SZ,2011-10-21,18.02,18.24,17.9,17.9,2757.76,4982.15
002581.SZ,2011-10-24,17.92,18.2,17.65,18.14,3901.04,7035.03
002581.SZ,2011-10-25,18.2,18.66,18.09,18.44,9429.41,17317.68
002581.SZ,2011-10-26,18.32,18.65,18.29,18.48,14078.19,26074.38
002581.SZ,2011-10-27,18.5,18.8,18.37,18.55,10160.46,18880.3
002581.SZ,2011-10-28,18.79,19.0,18.55,18.91,12161.3,22793.59
002581.SZ,2011-10-31,18.91,19.29,18.9,19.13,11393.53,21765.91
002581.SZ,2011-11-01,19.13,19.19,18.8,19.1,8293.34,15782.91
002581.SZ,2011-11-02,18.8,19.35,18.61,19.3,7165.3,13619.29
002581.SZ,2011-11-03,19.21,19.55,19.12,19.14,14205.29,27451.88
002581.SZ,2011-11-04,19.28,19.63,19.18,19.4,13320.27,25914.86
002581.SZ,2011-11-07,19.41,19.5,19.18,19.25,6201.2,11995.71
002581.SZ,2011-11-08,19.25,19.38,18.96,18.98,7005.71,13470.58
002581.SZ,2011-11-09,19.15,20.8,19.09,20.16,37503.05,75266.34
002581.SZ,2011-11-10,19.81,20.66,19.8,20.14,21154.51,42751.04
002581.SZ,2011-11-11,20.14,21.39,20.14,21.0,31590.46,65804.34
002581.SZ,2011-11-14,21.18,22.72,20.8,22.3,30593.7,68000.07
002581.SZ,2011-11-15,22.38,22.8,22.05,22.18,24648.62,55082.53
002581.SZ,2011-11-16,22.12,22.35,21.49,21.85,23119.47,50447.99
002581.SZ,2011-11-17,21.65,22.85,21.65,22.53,34835.34,78060.59
002581.SZ,2011-11-18,22.23,22.4,21.62,22.0,15623.58,34240.38
002581.SZ,2011-11-21,21.9,22.2,21.43,21.92,17374.45,37995.94
002581.SZ,2011-11-22,21.75,22.38,21.59,22.38,12778.03,28093.9
002581.SZ,2011-11-23,22.5,22.76,22.04,22.12,9161.8,20373.74
002581.SZ,2011-11-24,21.58,21.99,21.38,21.65,6874.44,14885.52
002581.SZ,2011-11-25,21.6,21.87,21.03,21.15,11566.22,24680.81
002581.SZ,2011-11-28,21.05,21.37,20.67,21.15,12124.53,25509.73
002581.SZ,2011-11-29,21.2,21.73,21.2,21.65,9848.92,21163.49
002581.SZ,2011-11-30,21.78,21.78,20.35,20.8,11232.57,23773.41
002581.SZ,2011-12-01,21.5,21.69,21.18,21.18,14659.87,31540.04
002581.SZ,2011-12-02,21.38,21.38,20.63,20.9,7677.45,16065.72
002581.SZ,2011-12-05,20.9,20.9,20.23,20.29,6630.46,13582.48
002581.SZ,2011-12-06,20.1,20.45,20.05,20.36,2554.49,5173.71
002581.SZ,2011-12-07,20.31,20.5,20.08,20.31,3844.26,7786.21
002581.SZ,2011-12-08,20.3,20.8,19.67,20.5,6475.33,13152.97
002581.SZ,2011-12-09,20.3,20.68,19.83,20.09,5805.8,11806.97
002581.SZ,2011-12-12,19.8,20.0,19.5,19.6,5407.15,10630.27
002581.SZ,2011-12-13,19.31,19.9,18.83,19.2,9116.31,17537.83
002581.SZ,2011-12-14,19.18,19.3,18.6,18.84,2392.08,4520.67
002581.SZ,2011-12-15,18.83,18.83,18.48,18.6,4960.55,9249.0
002581.SZ,2011-12-16,18.77,19.0,18.1,18.92,3909.49,7280.15
002581.SZ,2011-12-19,18.79,19.19,18.02,19.19,9930.89,18386.33
002581.SZ,2011-12-20,18.8,19.4,18.61,18.92,6061.85,11577.6
002581.SZ,2011-12-21,19.1,19.68,18.61,18.61,7140.46,13738.36
002581.SZ,2011-12-22,18.67,18.68,17.3,17.95,30230.88,54749.98
002581.SZ,2011-12-23,17.8,18.16,17.4,18.0,13695.74,24315.34
002581.SZ,2011-12-26,17.81,17.89,17.14,17.14,7274.0,12732.84
002581.SZ,2011-12-27,17.0,17.0,15.8,15.93,12213.71,19717.67
002581.SZ,2011-12-28,15.85,16.08,15.3,16.02,6646.96,10434.42
002581.SZ,2011-12-29,16.05,16.2,15.8,16.15,4677.65,7494.63
002581.SZ,2011-12-30,16.25,16.3,16.1,16.11,4768.12,7717.03
002581.SZ,2012-01-04,16.24,16.47,16.08,16.08,6462.73,10539.45
002581.SZ,2012-01-05,15.98,16.0,14.68,14.81,4506.77,6925.59
002581.SZ,2012-01-06,15.0,15.24,14.6,15.11,5983.78,8920.89
002581.SZ,2012-01-09,15.14,16.1,14.88,16.05,6110.22,9497.16
002581.SZ,2012-01-10,15.83,16.64,15.83,16.37,12487.52,20391.58
002581.SZ,2012-01-11,16.42,16.83,16.42,16.56,10453.09,17382.77
002581.SZ,2012-01-12,16.5,16.96,15.83,16.91,24906.62,40986.32
002581.SZ,2012-01-13,16.69,16.7,16.06,16.35,17403.37,28553.42
002581.SZ,2012-01-16,16.02,16.49,15.85,16.26,10651.54,17269.18
002581.SZ,2012-01-17,16.42,17.17,15.86,17.05,20503.18,33947.96
002581.SZ,2012-01-18,16.91,16.99,15.5,15.77,14358.86,23627.89
002581.SZ,2012-01-19,15.69,15.91,15.16,15.81,6382.57,9976.94
002581.SZ,2012-01-20,15.9,16.07,15.7,15.81,6225.73,9915.99
002581.SZ,2012-01-30,15.85,16.56,15.74,16.44,11027.26,17962.5
002581.SZ,2012-01-31,16.31,16.41,16.01,16.21,4801.31,7776.76
002581.SZ,2012-02-01,16.04,16.38,16.0,16.05,5583.29,9037.4
002581.SZ,2012-02-02,16.11,16.42,16.11,16.34,5363.52,8734.67
002581.SZ,2012-02-03,16.32,16.68,16.23,16.66,7727.26,12742.72
002581.SZ,2012-02-06,16.65,16.99,16.6,16.83,6808.26,11455.41
002581.SZ,2012-02-07,16.8,16.8,16.21,16.29,4993.13,8182.7
002581.SZ,2012-02-08,16.25,16.62,16.07,16.57,7998.62,13029.76
002581.SZ,2012-02-09,16.48,17.27,16.44,16.89,15332.72,25879.93
002581.SZ,2012-02-10,16.83,17.54,16.61,17.35,13836.47,23895.61
002581.SZ,2012-02-13,17.05,17.65,17.0,17.49,17252.17,30106.19
002581.SZ,2012-02-14,17.59,17.77,17.33,17.55,13183.75,23107.0
002581.SZ,2012-02-15,17.5,17.71,17.36,17.64,12075.83,21232.11
002581.SZ,2012-02-16,17.68,18.3,17.55,18.16,17387.47,31364.18
002581.SZ,2012-02-17,18.1,18.23,17.9,18.1,8857.72,16010.05
002581.SZ,2012-02-20,18.28,18.65,18.16,18.44,10253.92,18888.72
002581.SZ,2012-02-21,18.58,18.58,18.1,18.58,8592.75,15801.42
002581.SZ,2012-02-22,18.58,19.15,18.48,19.01,18082.9,33959.31
002581.SZ,2012-02-23,18.98,19.02,18.64,18.89,8427.39,15830.2
002581.SZ,2012-02-24,18.9,18.95,18.28,18.75,20148.3,37368.98
002581.SZ,2012-02-27,18.56,18.98,18.21,18.66,35359.96,65292.36
002581.SZ,2012-02-28,18.5,18.53,18.2,18.36,21788.73,40070.81
002581.SZ,2012-02-29,18.31,18.38,18.12,18.28,8290.55,15099.97
002581.SZ,2012-03-01,18.25,18.61,18.2,18.49,9573.22,17682.02
002581.SZ,2012-03-02,18.5,18.82,18.5,18.63,12568.41,23463.59
002581.SZ,2012-03-05,18.64,18.86,18.38,18.44,11247.72,20890.98
002581.SZ,2012-03-06,18.33,18.5,17.0,17.81,15427.86,27816.96
002581.SZ,2012-03-07,17.73,17.88,17.41,17.6,6219.14,11021.92
002581.SZ,2012-03-08,17.7,18.09,17.61,17.89,8308.81,14872.64
002581.SZ,2012-03-09,17.9,18.12,17.88,18.12,5967.69,10742.62
002581.SZ,2012-03-12,18.2,18.24,17.9,18.21,8924.26,16128.76
002581.SZ,2012-03-13,18.2,18.79,18.18,18.77,11939.75,22162.94
002581.SZ,2012-03-14,18.79,18.95,17.7,17.9,13300.86,24584.17
002581.SZ,2012-03-15,17.88,18.09,17.0,17.65,6126.49,10784.85
002581.SZ,2012-03-16,17.68,18.09,17.68,18.06,4130.5,7373.84
002581.SZ,2012-03-19,18.08,19.3,17.98,19.22,13855.65,25979.57
002581.SZ,2012-03-20,19.15,19.22,18.71,18.8,8934.74,16978.18
002581.SZ,2012-03-21,18.81,19.1,18.18,18.61,9034.52,16804.39
002581.SZ,2012-03-22,18.61,18.8,18.41,18.65,4214.6,7846.04
002581.SZ,2012-03-23,18.55,18.69,18.23,18.3,4922.51,9066.15
002581.SZ,2012-03-26,18.31,18.39,17.93,18.09,3452.51,6251.66
002581.SZ,2012-03-28,17.83,18.03,17.27,17.29,8893.0,15666.65
002581.SZ,2012-03-29,17.29,17.32,16.2,16.61,7113.36,11899.36
002581.SZ,2012-03-30,16.9,16.9,16.3,16.6,3831.45,6333.37
002581.SZ,2012-04-05,16.64,17.17,16.62,17.08,5396.71,9146.66
002581.SZ,2012-04-06,16.92,17.38,16.92,17.18,4349.03,7487.77
002581.SZ,2012-04-09,17.2,17.28,17.0,17.03,2078.6,3553.66
002581.SZ,2012-04-10,17.0,17.37,16.6,17.36,3945.9,6714.41
002581.SZ,2012-04-11,17.18,17.48,17.14,17.36,2887.66,4999.81
002581.SZ,2012-04-12,17.28,17.89,17.28,17.79,4562.59,8033.75
002581.SZ,2012-04-13,17.86,18.19,17.7,18.03,4884.14,8774.68
002581.SZ,2012-04-16,18.0,18.39,17.98,18.22,5797.43,10574.2
002581.SZ,2012-04-17,18.18,18.47,18.0,18.28,4061.94,7394.01
002581.SZ,2012-04-18,17.7,17.9,17.45,17.88,6689.07,11842.37
002581.SZ,2012-04-19,17.87,18.23,17.76,18.04,5957.08,10770.25
002581.SZ,2012-04-20,17.96,18.22,17.9,18.02,5814.79,10496.35
002581.SZ,2012-04-23,18.05,18.05,17.46,17.49,7205.33,12783.19
002581.SZ,2012-04-24,17.41,17.72,17.01,17.48,5876.21,10176.21
002581.SZ,2012-04-25,17.47,17.6,17.3,17.6,4620.32,8058.88
002581.SZ,2012-04-26,17.6,17.65,17.33,17.55,3747.63,6559.76
002581.SZ,2012-04-27,17.55,17.69,17.43,17.5,3119.01,5467.0
002581.SZ,2012-05-02,17.64,18.09,17.51,18.03,7756.3,13876.8
002581.SZ,2012-05-03,18.03,18.54,17.9,18.36,10445.9,19050.43
002581.SZ,2012-05-04,18.29,18.46,18.22,18.36,7345.94,13457.32
002581.SZ,2012-05-07,18.29,18.41,18.07,18.39,9048.29,16482.98
002581.SZ,2012-05-08,18.32,18.46,18.07,18.23,6832.65,12458.65
002581.SZ,2012-05-09,18.17,18.17,17.58,17.65,9493.3,16862.36
002581.SZ,2012-05-10,17.6,17.83,17.6,17.7,3846.16,6814.49
002581.SZ,2012-05-11,17.65,17.85,17.61,17.73,3560.53,6319.46
002581.SZ,2012-05-14,17.66,18.0,17.65,17.75,5497.55,9802.33
002581.SZ,2012-05-15,17.68,17.68,17.27,17.51,4558.55,7917.79
002581.SZ,2012-05-16,17.5,17.5,17.11,17.11,3701.14,6396.55
002581.SZ,2012-05-17,17.0,17.49,16.98,17.4,5753.41,9927.01
002581.SZ,2012-05-18,17.25,17.36,16.9,16.9,4011.23,6858.05
002581.SZ,2012-05-21,16.91,17.2,16.91,17.09,2106.71,3602.47
002581.SZ,2012-05-22,17.28,17.34,17.12,17.29,2885.91,4977.52
002581.SZ,2012-05-23,17.31,17.34,17.05,17.25,2581.19,4445.66
002581.SZ,2012-05-24,17.28,17.29,17.05,17.06,2944.5,5050.37
002581.SZ,2012-05-25,17.05,17.2,16.88,16.91,4226.65,7214.92
002581.SZ,2012-05-28,16.9,17.2,16.7,17.15,3199.07,5430.56
002581.SZ,2012-05-29,17.07,17.37,17.07,17.31,4541.2,7836.91
002581.SZ,2012-05-30,17.06,17.44,17.06,17.3,5635.78,9761.43
002581.SZ,2012-05-31,17.28,17.57,17.13,17.47,7310.07,12717.81
002581.SZ,2012-06-01,17.47,17.85,17.35,17.43,9200.37,16245.26
002581.SZ,2012-06-04,17.11,17.2,16.84,16.84,7163.66,12198.45
002581.SZ,2012-06-05,17.18,17.18,16.78,16.8,3372.99,5696.19
002581.SZ,2012-06-06,16.81,16.95,16.6,16.67,3044.9,5114.4
002581.SZ,2012-06-07,16.83,17.09,16.67,16.7,3002.31,5044.33
002581.SZ,2012-06-08,16.85,16.98,16.59,16.68,2283.3,3821.89
002581.SZ,2012-06-11,16.68,17.0,16.51,16.99,2685.44,4522.14
002581.SZ,2012-06-12,16.87,16.92,16.73,16.87,2324.44,3911.71
002581.SZ,2012-06-13,16.9,17.2,16.9,17.2,4838.39,8268.13
002581.SZ,2012-06-14,17.2,17.24,16.92,16.93,3407.65,5830.19
002581.SZ,2012-06-15,16.97,17.26,16.88,17.11,4995.73,8520.62
002581.SZ,2012-06-18,17.24,17.34,17.16,17.24,7424.24,12807.28
002581.SZ,2012-06-19,17.19,17.45,17.16,17.25,6340.15,10970.79
002581.SZ,2012-06-20,17.34,17.44,17.16,17.2,4903.12,8485.38
002581.SZ,2012-06-21,17.17,17.24,16.85,17.06,4933.48,8430.45
002581.SZ,2012-06-25,17.0,17.0,16.61,16.65,3279.86,5523.89
002581.SZ,2012-06-26,16.66,16.83,16.58,16.6,3118.75,5199.75
002581.SZ,2012-06-27,16.76,16.91,16.63,16.71,3751.89,6293.67
002581.SZ,2012-06-28,16.7,16.9,16.6,16.6,3596.95,6026.38
002581.SZ,2012-06-29,16.51,16.89,16.41,16.85,3396.89,5673.41
002581.SZ,2012-07-02,16.97,17.16,16.74,17.11,8491.87,14347.75
002581.SZ,2012-07-03,17.14,17.43,17.02,17.32,10883.02,18801.03
002581.SZ,2012-07-04,17.46,17.59,17.05,17.19,6981.89,12105.74
002581.SZ,2012-07-05,17.19,17.29,16.93,17.05,4875.04,8294.12
002581.SZ,2012-07-06,17.1,17.31,16.78,17.26,8547.39,14599.14
002581.SZ,2012-07-09,17.24,18.0,17.18,17.8,24682.09,43909.17
002581.SZ,2012-07-10,17.75,18.3,17.75,17.86,24381.94,43908.75
002581.SZ,2012-07-11,17.76,18.2,17.5,18.18,17311.47,31122.47
002581.SZ,2012-07-12,18.28,20.0,18.18,19.22,41345.83,79624.27
002581.SZ,2012-07-13,19.0,19.48,18.9,19.37,21996.31,42259.25
002581.SZ,2012-07-16,20.2,21.2,19.81,20.15,47624.26,97172.69
002581.SZ,2012-07-17,20.36,21.18,19.61,20.5,38340.4,78065.5
002581.SZ,2012-07-18,20.11,20.45,19.51,20.25,35549.59,70799.41
002581.SZ,2012-07-19,20.03,20.19,19.57,19.84,46809.85,92661.1
002581.SZ,2012-07-20,19.74,19.98,19.39,19.43,23077.42,45316.06
002581.SZ,2012-07-23,19.15,19.39,18.88,19.07,18270.4,34861.74
002581.SZ,2012-07-24,18.98,19.49,18.9,19.18,12286.48,23668.79
002581.SZ,2012-07-25,19.15,19.41,18.8,19.0,14390.04,27551.17
002581.SZ,2012-07-26,18.88,19.28,18.74,18.95,11982.97,22818.48
002581.SZ,2012-07-27,19.0,19.32,18.88,19.22,12271.49,23475.78
002581.SZ,2012-07-30,19.15,19.8,19.15,19.21,19158.26,37245.09
002581.SZ,2012-07-31,19.01,19.03,17.8,17.83,30423.58,55319.25
002581.SZ,2012-08-01,17.77,18.19,17.7,17.86,17407.27,31241.64
002581.SZ,2012-08-02,17.84,18.09,17.73,17.99,10243.25,18350.73
002581.SZ,2012-08-03,18.01,18.63,17.83,18.49,14995.43,27329.05
002581.SZ,2012-08-06,18.39,19.35,18.3,19.24,19145.34,36445.01
002581.SZ,2012-08-07,19.24,19.48,19.01,19.23,11722.42,22529.41
002581.SZ,2012-08-08,19.21,20.09,19.04,19.81,21168.92,41466.65
002581.SZ,2012-08-09,19.74,20.07,19.61,19.89,13587.2,26970.78
002581.SZ,2012-08-10,19.8,19.96,19.61,19.7,9377.68,18534.73
002581.SZ,2012-08-13,19.8,20.18,19.1,19.22,11925.32,23477.48
002581.SZ,2012-08-14,19.2,19.43,18.65,19.39,11558.31,22040.58
002581.SZ,2012-08-15,19.58,19.76,19.11,19.32,7432.71,14464.51
002581.SZ,2012-08-16,19.11,19.25,18.62,18.67,13728.0,25802.24
002581.SZ,2012-08-17,18.67,18.8,17.85,18.22,21821.2,39531.93
002581.SZ,2012-08-20,18.16,18.53,17.9,18.41,9370.2,17071.73
002581.SZ,2012-08-21,18.37,18.79,18.3,18.62,10172.3,18942.34
002581.SZ,2012-08-22,18.78,18.78,18.03,18.13,13573.07,24932.01
002581.SZ,2012-08-23,18.1,18.65,18.07,18.61,9712.31,17854.01
002581.SZ,2012-08-24,18.5,19.07,18.45,18.66,15768.72,29641.4
002581.SZ,2012-08-27,18.66,18.68,18.01,18.06,10865.17,20003.47
002581.SZ,2012-08-28,18.0,18.35,17.88,18.29,7838.83,14205.23
002581.SZ,2012-08-29,18.37,18.4,18.1,18.1,6013.68,10975.64
002581.SZ,2012-08-30,18.02,18.54,17.65,17.81,11901.45,21575.59
002581.SZ,2012-08-31,17.76,18.51,17.72,18.31,6853.57,12385.42
002581.SZ,2012-09-03,18.31,18.7,18.19,18.5,6397.69,11830.48
002581.SZ,2012-09-04,18.5,18.68,18.14,18.18,6068.91,11190.79
002581.SZ,2012-09-05,18.05,18.85,18.05,18.72,10103.67,18838.41
002581.SZ,2012-09-06,18.72,19.06,18.63,19.04,9582.7,18113.29
002581.SZ,2012-09-07,19.19,19.5,19.01,19.29,20049.79,38637.02
002581.SZ,2012-09-10,19.24,19.35,18.9,19.17,18209.09,34765.3
002581.SZ,2012-09-11,19.05,19.28,18.98,19.13,8126.37,15544.31
002581.SZ,2012-09-12,19.2,19.37,18.9,19.1,11244.55,21470.09
002581.SZ,2012-09-13,18.91,19.23,18.6,18.6,9091.46,17174.12
002581.SZ,2012-09-14,18.65,18.93,18.35,18.64,10991.75,20474.71
002581.SZ,2012-09-17,18.5,18.6,18.15,18.15,7195.7,13173.04
002581.SZ,2012-09-18,18.16,18.35,18.0,18.01,5812.1,10545.72
002581.SZ,2012-09-19,18.04,18.22,18.0,18.2,4038.42,7314.22
002581.SZ,2012-09-20,18.18,18.23,17.4,17.5,6562.56,11685.54
002581.SZ,2012-09-21,17.43,17.67,17.3,17.3,3712.82,6477.35
002581.SZ,2012-09-24,17.22,17.42,17.01,17.35,5806.72,9995.19
002581.SZ,2012-09-25,17.28,17.41,17.05,17.1,4749.35,8163.43
002581.SZ,2012-09-26,17.0,17.15,16.4,16.55,5307.98,8886.29
002581.SZ,2012-09-27,16.57,17.03,16.41,16.88,5213.75,8758.13
002581.SZ,2012-09-28,16.74,17.28,16.7,17.25,5055.73,8643.52
002581.SZ,2012-10-08,17.26,17.6,17.15,17.5,5467.6,9542.03
002581.SZ,2012-10-09,17.44,17.83,17.44,17.69,5590.96,9893.29
002581.SZ,2012-10-10,17.7,17.86,17.55,17.84,6875.11,12170.2
002581.SZ,2012-10-11,17.65,17.9,17.58,17.58,4412.24,7830.7
002581.SZ,2012-10-12,17.68,17.84,17.52,17.73,4333.43,7681.26
002581.SZ,2012-10-15,17.7,17.79,17.23,17.44,4633.61,8114.97
002581.SZ,2012-10-16,17.49,17.69,17.36,17.45,3857.24,6770.01
002581.SZ,2012-10-17,17.5,17.5,16.9,17.1,8051.26,13858.11
002581.SZ,2012-10-18,17.1,17.92,17.1,17.87,13584.29,24046.88
002581.SZ,2012-10-19,17.87,17.9,17.58,17.7,6072.59,10773.1
002581.SZ,2012-10-22,17.7,18.15,17.5,17.9,5979.74,10691.09
002581.SZ,2012-10-23,18.1,18.18,17.44,17.5,5023.29,8897.71
002581.SZ,2012-10-24,17.33,17.52,17.22,17.31,4804.03,8336.53
002581.SZ,2012-10-25,17.4,17.69,17.26,17.32,4415.34,7716.8
002581.SZ,2012-10-26,17.36,17.36,16.78,16.94,5991.41,10160.85
002581.SZ,2012-10-29,16.9,17.0,16.82,16.92,1991.55,3366.62
002581.SZ,2012-10-30,16.92,17.09,16.8,16.98,2898.1,4900.21
002581.SZ,2012-10-31,16.98,16.98,16.7,16.89,2263.0,3806.73
002581.SZ,2012-11-01,16.95,17.29,16.83,17.29,5009.4,8568.53
002581.SZ,2012-11-02,17.2,17.29,17.1,17.25,5787.36,9936.17
002581.SZ,2012-11-05,17.25,17.46,17.05,17.1,3315.94,5692.23
002581.SZ,2012-11-06,17.11,17.12,16.79,16.86,3283.6,5552.75
002581.SZ,2012-11-07,16.86,16.98,16.8,16.81,3176.0,5361.41
002581.SZ,2012-11-08,16.65,16.79,16.53,16.57,2634.95,4391.46
002581.SZ,2012-11-09,16.49,16.67,16.49,16.65,2399.79,3986.39
002581.SZ,2012-11-12,16.6,16.7,15.78,15.86,12196.51,19724.64
002581.SZ,2012-11-13,15.75,15.97,15.65,15.67,4777.5,7536.55
002581.SZ,2012-11-14,15.67,15.68,14.9,15.22,15535.76,23512.03
002581.SZ,2012-11-15,15.14,15.27,14.88,15.0,4756.27,7182.97
002581.SZ,2012-11-16,15.0,15.16,14.86,15.15,3383.79,5059.6
002581.SZ,2012-11-19,15.14,15.25,14.85,15.23,3723.6,5602.52
002581.SZ,2012-11-20,15.25,15.25,15.0,15.03,2560.9,3869.64
002581.SZ,2012-11-21,15.08,15.26,14.84,15.22,5573.94,8376.53
002581.SZ,2012-11-22,15.2,15.2,14.83,14.94,4505.28,6764.25
002581.SZ,2012-11-23,14.96,15.16,14.91,14.99,3006.75,4526.54
002581.SZ,2012-11-26,15.01,15.25,14.96,15.02,1871.5,2825.14
002581.SZ,2012-11-27,14.91,15.0,14.0,14.5,4317.4,6290.84
002581.SZ,2012-11-28,14.5,14.5,14.15,14.29,2492.38,3552.29
002581.SZ,2012-11-29,14.35,14.36,14.07,14.2,1504.1,2142.55
002581.SZ,2012-11-30,14.01,14.3,13.96,14.1,2716.52,3829.82
002581.SZ,2012-12-03,13.91,14.08,13.74,13.75,2441.8,3408.91
002581.SZ,2012-12-04,13.65,13.74,13.01,13.65,5062.64,6781.27
002581.SZ,2012-12-05,13.65,14.29,13.52,14.17,4710.81,6626.87
002581.SZ,2012-12-06,14.19,14.39,14.03,14.19,2908.1,4145.49
002581.SZ,2012-12-07,14.17,15.57,14.17,14.94,11376.37,17103.32
002581.SZ,2012-12-10,15.0,15.24,14.86,15.14,6743.23,10184.65
002581.SZ,2012-12-11,15.12,15.12,14.83,14.9,4149.14,6200.52
002581.SZ,2012-12-12,14.88,15.1,14.7,14.95,3410.46,5075.9
002581.SZ,2012-12-13,14.95,14.95,14.62,14.75,2553.79,3778.57
002581.SZ,2012-12-14,14.75,15.49,14.75,15.37,12924.11,19649.65
002581.SZ,2012-12-17,15.26,15.53,15.25,15.45,7380.25,11350.73
002581.SZ,2012-12-18,15.43,15.63,15.23,15.47,13979.07,21561.68
002581.SZ,2012-12-19,15.47,15.57,15.4,15.45,3431.2,5308.18
002581.SZ,2012-12-20,15.33,15.87,15.23,15.78,11101.81,17351.38
002581.SZ,2012-12-21,15.88,16.43,15.82,16.3,15860.96,25633.85
002581.SZ,2012-12-24,16.28,16.41,16.09,16.36,7627.15,12408.99
002581.SZ,2012-12-25,16.43,16.94,16.28,16.85,21379.58,35595.07
002581.SZ,2012-12-26,16.66,16.91,16.66,16.9,15158.07,25438.65
002581.SZ,2012-12-27,16.76,17.25,16.22,16.24,12629.69,21059.92
002581.SZ,2012-12-28,16.2,16.78,16.05,16.63,7921.08,13073.7
002581.SZ,2013-01-04,16.76,16.88,16.52,16.76,8211.33,13727.26
002581.SZ,2013-01-07,16.41,16.98,16.4,16.94,9175.01,15408.85
002581.SZ,2013-01-08,16.94,17.68,16.93,17.36,19277.57,33459.15
002581.SZ,2013-01-09,17.23,17.36,16.9,17.1,11078.11,18949.64
002581.SZ,2013-01-10,17.05,17.27,16.85,16.93,7361.87,12550.25
002581.SZ,2013-01-11,16.89,17.5,16.89,16.92,10373.93,17730.52
002581.SZ,2013-01-14,16.93,18.06,16.93,17.82,25668.42,45320.07
002581.SZ,2013-01-15,18.11,19.58,18.11,18.46,31862.39,59953.91
002581.SZ,2013-01-16,18.35,19.2,18.23,18.97,29192.58,55064.36
002581.SZ,2013-01-17,18.8,18.9,18.11,18.3,19694.32,36250.07
002581.SZ,2013-01-18,18.4,18.7,18.02,18.42,13489.43,24769.24
002581.SZ,2013-01-21,18.34,18.86,18.34,18.79,10952.69,20470.93
002581.SZ,2013-01-22,18.83,18.84,18.1,18.2,10418.7,19150.81
002581.SZ,2013-01-23,18.2,18.5,17.89,18.22,9251.83,16799.17
002581.SZ,2013-01-24,18.2,18.7,18.0,18.4,16426.63,30160.24
002581.SZ,2013-01-25,18.22,18.47,18.08,18.39,9737.91,17806.4
002581.SZ,2013-01-28,18.38,18.69,18.0,18.65,16686.39,30805.59
002581.SZ,2013-01-29,18.66,19.29,18.51,19.1,17555.86,33432.46
002581.SZ,2013-01-30,19.1,19.1,18.22,18.32,22723.74,42117.17
002581.SZ,2013-01-31,18.37,18.43,17.75,17.92,16761.57,30136.01
002581.SZ,2013-02-01,17.9,18.27,17.8,18.2,8479.49,15411.56
002581.SZ,2013-02-04,18.25,18.37,17.68,17.74,9281.01,16561.68
002581.SZ,2013-02-05,17.6,17.96,17.6,17.91,7184.34,12795.88
002581.SZ,2013-02-06,17.87,18.17,17.7,18.08,8284.03,14878.14
002581.SZ,2013-02-07,18.13,18.2,17.91,18.19,5181.81,9347.31
002581.SZ,2013-02-08,18.2,18.44,18.07,18.36,10298.83,18829.09
002581.SZ,2013-02-18,18.35,18.56,18.31,18.42,13537.23,24918.88
002581.SZ,2013-02-19,18.4,18.54,17.76,17.91,9758.52,17643.28
002581.SZ,2013-02-20,17.92,18.33,17.7,18.28,11711.79,21181.2
002581.SZ,2013-02-21,18.12,18.14,17.85,18.04,10411.2,18751.23
002581.SZ,2013-02-22,17.97,18.15,17.85,17.95,6764.8,12198.48
002581.SZ,2013-02-25,17.95,18.15,17.9,18.08,7147.89,12906.56
002581.SZ,2013-02-26,18.0,18.14,17.8,17.82,7364.54,13257.95
002581.SZ,2013-02-27,17.8,18.05,17.57,17.63,7401.12,13143.35
002581.SZ,2013-02-28,17.9,18.0,17.61,17.95,9062.33,16204.95
002581.SZ,2013-03-01,17.95,18.52,17.95,18.51,14964.03,27454.86
002581.SZ,2013-03-04,18.42,18.85,18.01,18.28,19874.22,36744.55
002581.SZ,2013-03-05,18.28,18.86,18.13,18.86,16722.69,31158.29
002581.SZ,2013-03-06,18.85,19.25,18.7,19.05,21309.74,40424.56
002581.SZ,2013-03-07,19.09,19.26,18.44,18.6,12710.36,23971.32
002581.SZ,2013-03-08,18.63,18.75,18.2,18.58,11010.05,20306.13
002581.SZ,2013-03-11,18.56,18.64,18.31,18.51,5416.8,10016.1
002581.SZ,2013-03-12,18.54,18.56,17.18,17.43,17237.9,30526.21
002581.SZ,2013-03-13,17.42,17.5,16.94,17.09,6679.95,11446.37
002581.SZ,2013-03-14,17.08,17.27,16.96,17.1,4999.07,8529.47
002581.SZ,2013-03-15,17.15,17.38,16.6,17.16,8798.48,15073.91
002581.SZ,2013-03-18,17.09,17.57,17.01,17.45,9877.52,17115.98
002581.SZ,2013-03-19,17.21,17.25,16.75,17.07,10090.37,17173.91
002581.SZ,2013-03-20,17.07,17.5,17.02,17.49,11238.71,19506.0
002581.SZ,2013-03-21,17.49,17.8,17.42,17.56,9143.39,16105.67
002581.SZ,2013-03-22,17.56,17.68,17.41,17.55,7343.88,12886.51
002581.SZ,2013-03-25,17.6,17.62,17.49,17.56,5075.58,8904.29
002581.SZ,2013-03-26,17.53,17.53,17.01,17.32,5250.92,9059.32
002581.SZ,2013-03-27,17.35,17.48,17.2,17.29,3686.41,6388.98
002581.SZ,2013-03-28,17.2,17.21,16.77,16.77,7115.27,12028.99
002581.SZ,2013-03-29,16.78,16.96,16.68,16.86,3096.29,5209.3
002581.SZ,2013-04-01,16.61,17.1,16.6,17.03,2823.83,4796.91
002581.SZ,2013-04-02,17.29,17.36,16.79,16.89,3990.24,6830.96
002581.SZ,2013-04-03,17.13,17.13,16.79,16.9,2729.22,4599.83
002581.SZ,2013-04-08,16.8,16.85,16.51,16.77,3850.36,6419.17
002581.SZ,2013-04-09,16.85,16.9,16.6,16.77,5232.3,8773.88
002581.SZ,2013-04-10,16.7,16.78,16.12,16.36,6573.8,10761.25
002581.SZ,2013-04-11,16.45,16.46,16.18,16.19,3561.0,5792.3
002581.SZ,2013-04-12,16.2,16.35,16.0,16.22,2320.89,3774.5
002581.SZ,2013-04-15,16.25,16.36,15.99,16.03,2466.61,3970.96
002581.SZ,2013-04-16,16.02,16.22,15.88,16.14,2918.59,4682.66
002581.SZ,2013-04-17,16.13,16.44,16.05,16.42,3436.85,5582.83
002581.SZ,2013-04-18,16.38,16.57,16.37,16.49,3194.4,5257.59
002581.SZ,2013-04-19,16.3,16.7,15.89,16.68,23508.31,38123.63
002581.SZ,2013-04-22,16.38,16.47,16.26,16.37,9717.37,15906.75
002581.SZ,2013-04-23,16.35,16.37,15.52,15.58,9201.4,14623.16
002581.SZ,2013-04-24,15.36,15.8,15.36,15.73,6822.44,10672.15
002581.SZ,2013-04-25,15.7,15.79,15.5,15.5,5239.0,8186.39
002581.SZ,2013-04-26,15.56,15.67,15.31,15.33,4203.59,6509.24
002581.SZ,2013-05-02,15.39,15.48,15.3,15.43,2316.5,3564.73
002581.SZ,2013-05-03,15.5,15.79,15.48,15.7,5383.03,8449.2
002581.SZ,2013-05-06,15.77,16.09,15.65,16.0,5852.16,9312.32
002581.SZ,2013-05-07,15.99,16.03,15.81,15.95,3345.28,5322.8
002581.SZ,2013-05-08,16.0,16.11,15.95,16.03,4354.15,6976.83
002581.SZ,2013-05-09,15.98,16.3,15.91,16.2,6808.09,10988.28
002581.SZ,2013-05-10,16.22,16.69,16.14,16.63,9503.42,15592.07
002581.SZ,2013-05-13,16.64,16.64,16.45,16.61,4767.5,7887.85
002581.SZ,2013-05-14,16.7,16.7,16.2,16.26,4642.43,7604.49
002581.SZ,2013-05-15,16.53,17.1,16.49,16.98,12020.59,20288.27
002581.SZ,2013-05-16,17.11,17.14,16.87,16.99,7344.7,12481.12
002581.SZ,2013-05-17,16.9,17.07,16.9,17.03,9389.42,15967.71
002581.SZ,2013-05-20,17.22,17.76,17.21,17.63,14980.58,26250.77
002581.SZ,2013-05-21,17.55,17.62,17.13,17.58,22296.64,38754.31
002581.SZ,2013-05-22,13.1,13.28,12.7,12.85,18697.3,24275.4
002581.SZ,2013-05-23,12.65,12.83,12.5,12.68,20211.56,25532.29
002581.SZ,2013-05-24,12.68,13.2,12.58,13.12,18229.22,23558.19
002581.SZ,2013-05-27,13.1,13.11,12.85,12.89,18285.84,23657.19
002581.SZ,2013-05-28,12.92,13.05,12.81,13.0,10082.24,13061.56
002581.SZ,2013-05-29,12.99,13.22,12.9,13.12,20804.44,27140.82
002581.SZ,2013-05-30,13.01,13.01,12.79,12.82,20491.48,26394.47
002581.SZ,2013-05-31,12.82,12.92,12.71,12.75,10960.61,14036.55
002581.SZ,2013-06-03,12.7,12.87,12.69,12.72,7141.76,9109.12
002581.SZ,2013-06-04,12.72,12.86,12.41,12.5,9328.73,11787.29
002581.SZ,2013-06-05,12.49,12.57,12.4,12.49,4908.32,6122.88
002581.SZ,2013-06-06,12.48,12.68,12.35,12.35,5015.6,6272.05
002581.SZ,2013-06-07,12.34,12.47,11.99,12.08,6361.52,7766.15
002581.SZ,2013-06-13,12.02,12.02,11.6,11.63,5158.49,6058.25
002581.SZ,2013-06-14,11.71,11.85,11.68,11.8,4554.22,5358.64
002581.SZ,2013-06-17,11.86,11.98,11.77,11.93,4776.94,5688.8
002581.SZ,2013-06-18,11.93,11.98,11.7,11.75,5874.65,6916.6
002581.SZ,2013-06-19,11.75,11.75,11.28,11.52,6543.59,7488.62
002581.SZ,2013-06-20,11.47,11.47,11.1,11.11,5219.1,5887.46
002581.SZ,2013-06-21,11.0,11.07,10.8,11.01,6645.68,7235.15
002581.SZ,2013-06-24,10.98,10.98,10.27,10.27,6919.17,7266.84
002581.SZ,2013-06-25,10.25,10.3,9.37,10.12,7108.62,7068.89
002581.SZ,2013-06-26,10.12,10.24,9.96,10.12,6196.09,6266.78
002581.SZ,2013-06-27,10.22,10.28,9.84,9.85,6174.5,6223.17
002581.SZ,2013-06-28,9.76,10.1,9.6,9.88,4291.1,4221.42
002581.SZ,2013-07-01,9.83,10.09,9.7,10.07,5470.9,5466.15
002581.SZ,2013-07-02,10.5,10.5,10.1,10.38,9091.81,9427.81
002581.SZ,2013-07-03,10.28,10.3,9.95,10.2,9396.45,9490.33
002581.SZ,2013-07-04,10.15,10.58,10.05,10.4,10220.0,10610.16
002581.SZ,2013-07-05,10.45,10.48,10.29,10.32,7065.43,7332.28
002581.SZ,2013-07-08,10.1,10.1,9.63,9.63,9645.0,9511.71
002581.SZ,2013-07-09,9.6,9.79,9.48,9.55,6309.6,6054.2
002581.SZ,2013-07-10,9.62,9.83,9.57,9.83,5410.75,5268.6
002581.SZ,2013-07-11,9.8,10.3,9.8,10.22,9981.31,10153.87
002581.SZ,2013-07-12,10.2,10.44,10.0,10.2,9764.03,9968.92
002581.SZ,2013-07-15,10.0,10.33,10.0,10.31,7215.86,7401.96
002581.SZ,2013-07-16,10.35,10.68,10.32,10.61,15116.35,15936.05
002581.SZ,2013-07-17,10.63,10.65,10.29,10.3,9075.49,9490.61
002581.SZ,2013-07-18,10.29,10.38,10.17,10.25,6114.38,6258.96
002581.SZ,2013-07-19,10.26,10.37,9.94,9.95,9360.19,9512.63
002581.SZ,2013-07-22,9.87,10.16,9.7,10.11,7172.09,7150.22
002581.SZ,2013-07-23,10.04,10.44,10.04,10.35,10157.26,10488.57
002581.SZ,2013-07-24,10.38,10.82,10.37,10.77,21015.58,22437.64
002581.SZ,2013-07-25,10.8,10.8,10.42,10.44,13209.23,13961.74
002581.SZ,2013-07-26,10.45,10.63,10.37,10.51,9711.68,10214.57
002581.SZ,2013-07-29,10.51,10.76,10.34,10.48,12544.65,13222.78
002581.SZ,2013-07-30,10.4,10.55,10.2,10.5,7501.37,7805.24
002581.SZ,2013-07-31,10.58,10.6,10.3,10.38,6699.36,7010.48
002581.SZ,2013-08-01,10.38,10.75,10.33,10.72,13051.05,13885.0
002581.SZ,2013-08-02,10.72,10.8,10.64,10.8,12794.55,13709.25
002581.SZ,2013-08-05,10.85,11.65,10.74,11.43,33167.01,37351.22
002581.SZ,2013-08-06,11.37,11.5,11.22,11.37,16195.53,18379.73
002581.SZ,2013-08-07,11.31,11.38,11.04,11.13,15609.24,17443.26
002581.SZ,2013-08-08,11.13,11.26,10.9,11.15,10661.56,11896.6
002581.SZ,2013-08-09,11.15,11.38,11.11,11.3,11540.71,12994.56
002581.SZ,2013-08-12,11.25,11.43,11.21,11.4,12089.56,13687.77
002581.SZ,2013-08-13,11.43,11.57,11.3,11.55,12733.29,14606.43
002581.SZ,2013-08-14,11.54,11.95,11.54,11.64,22769.05,26785.09
002581.SZ,2013-08-15,11.64,11.71,11.28,11.28,13084.43,15001.88
002581.SZ,2013-08-16,11.16,11.51,10.92,10.92,13715.65,15355.44
002581.SZ,2013-08-19,10.92,11.19,10.9,11.16,7750.19,8551.45
002581.SZ,2013-08-20,11.12,11.21,11.08,11.2,8634.26,9618.17
002581.SZ,2013-08-21,11.22,11.44,11.07,11.44,12287.08,13903.69
002581.SZ,2013-08-22,11.48,11.48,11.22,11.31,11932.67,13530.07
002581.SZ,2013-08-23,11.31,11.35,10.91,11.06,12999.11,14478.22
002581.SZ,2013-08-26,11.15,11.32,11.1,11.28,8959.5,10070.58
002581.SZ,2013-08-27,11.27,11.49,11.2,11.47,11654.3,13217.34
002581.SZ,2013-08-28,11.4,11.45,11.27,11.28,10738.62,12216.18
002581.SZ,2013-08-29,11.37,11.38,11.22,11.29,7566.05,8543.57
002581.SZ,2013-08-30,11.3,11.3,11.09,11.1,12576.25,14046.77
002581.SZ,2013-09-02,11.1,11.37,11.06,11.3,7679.42,8608.95
002581.SZ,2013-09-03,11.31,11.42,11.22,11.4,9464.13,10721.89
002581.SZ,2013-09-04,11.4,11.43,11.21,11.27,9092.3,10277.55
002581.SZ,2013-09-05,11.33,11.33,11.19,11.26,7047.72,7924.55
002581.SZ,2013-09-06,11.19,11.27,11.1,11.23,6130.85,6866.1
002581.SZ,2013-09-09,11.18,11.39,11.0,11.36,16944.41,19025.53
002581.SZ,2013-09-10,11.39,11.41,11.29,11.35,8519.21,9660.3
002581.SZ,2013-09-11,11.36,11.38,11.18,11.25,12659.43,14255.33
002581.SZ,2013-09-12,11.3,11.38,11.22,11.3,9415.88,10640.26
002581.SZ,2013-09-13,11.31,11.73,11.31,11.58,27433.57,31739.24
002581.SZ,2013-09-16,11.6,12.74,11.6,12.74,55017.67,68217.72
002581.SZ,2013-09-17,13.18,13.61,12.8,13.18,106673.09,140908.77
002581.SZ,2013-09-18,13.22,13.88,13.06,13.44,70504.14,94400.52
002581.SZ,2013-09-23,13.52,13.67,13.14,13.58,56195.95,75172.56
002581.SZ,2013-09-24,13.5,14.68,13.4,14.59,72204.55,103367.4
002581.SZ,2013-09-25,14.35,14.75,14.17,14.38,49693.61,72134.01
002581.SZ,2013-09-26,14.34,14.7,14.01,14.01,32825.65,47055.98
002581.SZ,2013-09-27,13.9,14.38,13.83,14.11,23791.59,33547.62
002581.SZ,2013-09-30,14.16,14.4,13.78,14.35,31303.09,44032.35
002581.SZ,2013-10-08,14.35,14.59,14.02,14.58,29578.07,42269.17
002581.SZ,2013-10-09,14.37,15.21,14.35,15.2,45760.81,67741.54
002581.SZ,2013-10-10,15.12,15.35,14.8,14.86,29105.07,43738.33
002581.SZ,2013-10-11,14.87,15.08,14.55,14.93,38333.44,56625.04
002581.SZ,2013-10-14,14.97,14.97,14.66,14.83,24905.66,36814.51
002581.SZ,2013-10-15,14.8,15.59,14.68,15.38,36806.07,55939.84
002581.SZ,2013-10-16,15.32,15.35,14.36,14.58,32638.18,47910.18
002581.SZ,2013-10-17,14.56,15.28,14.56,14.75,31626.06,47427.6
002581.SZ,2013-10-18,14.78,15.09,14.26,14.42,18126.39,26181.47
002581.SZ,2013-10-21,14.39,14.51,14.0,14.48,32580.29,46563.2
002581.SZ,2013-10-22,14.45,14.54,14.28,14.36,29705.35,42754.56
002581.SZ,2013-10-23,14.36,14.88,14.1,14.12,27159.24,39374.69
002581.SZ,2013-10-24,14.08,14.22,13.47,13.49,27436.43,37647.3
002581.SZ,2013-10-25,13.5,13.78,13.2,13.69,13709.77,18551.13
002581.SZ,2013-10-28,13.73,14.85,13.6,14.03,15197.78,21235.68
002581.SZ,2013-10-29,14.04,14.11,13.11,14.03,17837.29,24351.01
002581.SZ,2013-10-30,13.82,14.1,13.82,14.03,10786.38,15108.95
002581.SZ,2013-10-31,14.05,14.16,13.83,13.98,7878.72,10962.0
002581.SZ,2013-11-01,13.93,14.0,13.47,13.88,10257.21,14042.91
002581.SZ,2013-11-04,13.88,14.05,13.76,13.87,8886.24,12390.37
002581.SZ,2013-11-05,13.81,14.0,13.64,13.88,11058.16,15289.51
002581.SZ,2013-11-06,13.84,13.96,13.63,13.82,10845.65,14928.75
002581.SZ,2013-11-07,13.87,14.44,13.76,13.88,12170.52,16955.0
002581.SZ,2013-11-08,13.52,13.95,13.5,13.68,4651.3,6394.23
002581.SZ,2013-11-11,14.0,14.0,13.47,13.61,5422.61,7382.51
002581.SZ,2013-11-12,13.78,13.8,13.55,13.62,6125.53,8339.38
002581.SZ,2013-11-13,13.59,13.78,13.33,13.66,11911.88,16178.3
002581.SZ,2013-11-14,13.61,13.74,13.36,13.65,8118.68,11041.75
002581.SZ,2013-11-15,13.66,14.18,13.66,14.04,22227.8,31192.36
002581.SZ,2013-11-18,14.31,14.31,13.9,14.19,20319.16,28742.62
002581.SZ,2013-11-19,14.21,14.8,14.14,14.78,33525.6,48357.64
002581.SZ,2013-11-20,14.7,14.75,14.36,14.54,18548.38,26944.87
002581.SZ,2013-11-21,14.5,14.55,14.07,14.28,18962.54,27008.05
002581.SZ,2013-11-22,14.14,14.46,14.14,14.33,11427.03,16375.58
002581.SZ,2013-11-25,14.37,14.89,14.14,14.8,34578.79,50760.08
002581.SZ,2013-11-26,14.81,14.95,14.64,14.88,15108.97,22294.04
002581.SZ,2013-11-27,14.88,14.88,14.56,14.85,13483.13,19880.94
002581.SZ,2013-11-28,14.94,15.12,14.75,15.0,18622.82,27852.44
002581.SZ,2013-11-29,14.94,15.86,14.94,15.69,44193.86,68449.88
002581.SZ,2013-12-02,15.09,15.58,14.38,14.39,36718.47,54611.46
002581.SZ,2013-12-03,14.31,14.6,13.84,14.6,25697.7,36617.89
002581.SZ,2013-12-04,14.56,15.32,14.5,15.0,22450.62,33766.1
002581.SZ,2013-12-05,15.08,15.29,14.81,15.24,15666.26,23622.16
002581.SZ,2013-12-06,15.23,15.35,15.07,15.14,19705.27,30057.24
002581.SZ,2013-12-09,15.14,15.76,15.14,15.71,24950.85,38684.62
002581.SZ,2013-12-10,15.71,15.85,15.34,15.58,16806.83,26111.27
002581.SZ,2013-12-11,15.31,15.82,15.23,15.79,16026.88,24779.87
002581.SZ,2013-12-12,15.81,15.9,15.62,15.78,12492.41,19684.61
002581.SZ,2013-12-13,15.63,15.9,15.33,15.44,12936.83,20167.7
002581.SZ,2013-12-16,15.44,15.56,14.47,14.6,20279.88,30145.59
002581.SZ,2013-12-17,14.59,14.73,14.05,14.19,15062.19,21586.18
002581.SZ,2013-12-18,14.12,14.53,14.12,14.28,7731.47,11074.37
002581.SZ,2013-12-19,14.3,14.49,14.2,14.25,5610.79,8022.39
002581.SZ,2013-12-20,14.25,14.37,13.56,13.71,11099.5,15368.94
002581.SZ,2013-12-23,13.71,13.9,13.33,13.68,9328.0,12681.2
002581.SZ,2013-12-24,13.93,14.29,13.6,14.15,13895.09,19604.88
002581.SZ,2013-12-25,14.18,14.44,14.1,14.36,7828.63,11210.44
002581.SZ,2013-12-26,14.43,14.58,14.03,14.1,7498.26,10724.82
002581.SZ,2013-12-27,14.28,14.56,14.1,14.41,10960.2,15781.29
002581.SZ,2013-12-30,14.36,14.72,14.33,14.65,10659.23,15574.28
002581.SZ,2014-01-02,14.58,14.59,14.38,14.57,11681.96,16951.61
002581.SZ,2014-01-03,14.52,14.64,13.96,13.99,13814.19,19665.82
002581.SZ,2014-01-06,13.9,13.9,13.47,13.48,9170.39,12474.27
002581.SZ,2014-01-07,13.47,13.75,13.41,13.61,5117.76,6974.19
002581.SZ,2014-01-08,13.53,13.93,13.5,13.7,6193.74,8522.59
002581.SZ,2014-01-09,13.7,13.86,13.36,13.43,4878.1,6678.71
002581.SZ,2014-01-10,13.33,13.49,13.25,13.25,4827.97,6445.21
002581.SZ,2014-01-13,13.18,13.39,13.09,13.29,6455.0,8540.7
002581.SZ,2014-01-14,13.3,13.76,13.29,13.76,6002.92,8163.02
002581.SZ,2014-01-15,13.8,13.88,13.62,13.81,4923.83,6756.97
002581.SZ,2014-01-16,13.86,13.95,13.72,13.75,4304.68,5942.28
002581.SZ,2014-01-17,13.75,13.88,13.68,13.77,3294.59,4540.98
002581.SZ,2014-01-20,13.6,13.78,13.47,13.6,5279.21,7174.8
002581.SZ,2014-01-21,13.48,13.8,13.48,13.76,6703.3,9188.48
002581.SZ,2014-01-22,13.67,14.07,13.6,13.94,7496.6,10431.7
002581.SZ,2014-01-23,13.95,14.06,13.77,14.04,14450.37,20076.72
002581.SZ,2014-01-24,13.9,14.26,13.9,14.18,11776.65,16704.88
002581.SZ,2014-01-27,14.08,14.18,13.72,13.93,9365.86,13018.09
002581.SZ,2014-01-28,13.92,13.94,13.65,13.82,5522.99,7628.18
002581.SZ,2014-01-29,13.81,13.92,13.1,13.48,27735.47,37348.59
002581.SZ,2014-01-30,13.42,13.47,13.11,13.2,10969.42,14480.91
002581.SZ,2014-02-07,13.21,13.58,13.03,13.58,11989.52,15918.41
002581.SZ,2014-02-10,13.78,14.77,13.78,14.54,40288.81,58082.01
002581.SZ,2014-02-11,14.52,14.76,14.33,14.74,33515.35,49005.85
002581.SZ,2014-02-12,14.85,15.14,14.65,14.77,33396.2,49463.04
002581.SZ,2014-02-13,14.75,15.5,14.64,15.12,47690.94,72360.65
002581.SZ,2014-02-14,15.11,15.28,14.87,15.22,25847.66,39049.86
002581.SZ,2014-02-17,15.3,15.35,15.04,15.26,25970.65,39358.56
002581.SZ,2014-02-18,15.29,15.86,15.18,15.61,41618.08,65058.01
002581.SZ,2014-02-19,15.67,15.75,15.36,15.38,23426.42,36315.61
002581.SZ,2014-02-20,15.4,15.58,14.93,14.93,28533.04,43149.8
002581.SZ,2014-02-21,14.82,15.25,14.8,15.22,18611.32,27925.97
002581.SZ,2014-02-24,15.2,15.53,14.91,15.5,22134.42,33696.78
002581.SZ,2014-02-25,15.44,15.78,14.51,14.51,42054.2,64530.69
002581.SZ,2014-02-26,14.9,15.96,14.9,15.96,102764.41,162951.91
002581.SZ,2014-02-27,16.0,17.2,15.93,16.68,139527.19,228803.68
002581.SZ,2014-02-28,16.2,16.4,15.55,15.96,62639.36,100087.71
002581.SZ,2014-03-03,15.7,16.45,15.7,16.26,50152.12,81218.91
002581.SZ,2014-03-04,16.0,16.14,15.61,15.83,37428.92,59086.65
002581.SZ,2014-03-05,15.83,16.07,15.6,15.63,27224.61,42996.73
002581.SZ,2014-03-06,15.5,15.62,15.07,15.33,28678.56,43862.26
002581.SZ,2014-03-07,15.28,15.56,15.14,15.24,21832.59,33537.91
002581.SZ,2014-03-10,15.02,15.08,14.38,14.45,21037.07,30853.83
002581.SZ,2014-03-11,14.43,14.65,14.31,14.6,13176.47,19127.96
002581.SZ,2014-03-12,14.6,14.7,14.34,14.6,12627.47,18353.34
002581.SZ,2014-03-13,14.6,14.93,14.5,14.82,19545.02,28824.14
002581.SZ,2014-03-14,14.76,14.94,14.6,14.82,9902.35,14646.95
002581.SZ,2014-03-17,14.84,15.12,14.78,15.07,13949.67,20875.41
002581.SZ,2014-03-18,15.11,16.18,15.11,15.6,40076.72,62808.34
002581.SZ,2014-03-19,15.63,16.01,15.38,15.81,27371.41,43145.87
002581.SZ,2014-03-20,15.8,16.25,15.65,15.65,32129.23,51426.8
002581.SZ,2014-03-21,15.58,15.85,15.0,15.78,25991.32,39989.87
002581.SZ,2014-03-24,15.7,16.2,15.62,16.0,24372.3,38959.57
002581.SZ,2014-03-25,15.96,15.98,15.45,15.5,23189.74,36240.56
002581.SZ,2014-03-26,15.5,15.63,15.2,15.25,19061.53,29354.8
002581.SZ,2014-03-27,15.2,15.21,14.88,14.88,17656.81,26467.23
002581.SZ,2014-03-28,14.85,15.1,14.84,15.05,12327.04,18438.67
002581.SZ,2014-03-31,15.1,15.15,14.71,14.78,8927.14,13298.3
002581.SZ,2014-04-01,14.79,15.41,14.79,15.4,11483.43,17439.74
002581.SZ,2014-04-02,15.32,15.4,15.03,15.13,10820.36,16475.88
002581.SZ,2014-04-03,15.15,15.34,14.98,15.09,9697.44,14681.58
002581.SZ,2014-04-04,14.95,15.15,14.6,15.05,8045.31,12013.13
002581.SZ,2014-04-08,14.95,16.38,14.82,16.3,49393.94,78280.94
002581.SZ,2014-04-09,16.3,16.35,15.93,16.25,32472.45,52464.54
002581.SZ,2014-04-10,16.25,16.38,16.12,16.13,28592.36,46458.5
002581.SZ,2014-04-11,16.02,16.63,16.02,16.11,28506.09,46469.17
002581.SZ,2014-04-14,16.12,16.6,15.81,16.6,28693.94,46864.43
002581.SZ,2014-04-15,16.48,16.78,16.22,16.24,32194.72,53252.93
002581.SZ,2014-04-16,16.23,16.44,16.03,16.2,18956.25,30696.46
002581.SZ,2014-04-17,16.25,17.19,16.25,16.9,45483.44,76796.26
002581.SZ,2014-04-18,16.96,17.27,16.65,17.15,29156.84,49441.41
002581.SZ,2014-08-21,18.32,18.32,18.32,18.32,436.03,798.81
002581.SZ,2014-08-22,20.15,20.15,20.15,20.15,178.68,360.04
002581.SZ,2014-08-25,22.17,22.17,22.17,22.17,462.4,1025.14
002581.SZ,2014-08-26,24.39,24.39,24.39,24.39,952.25,2322.54
002581.SZ,2014-08-27,26.83,26.83,26.83,26.83,1624.96,4359.77
002581.SZ,2014-08-28,29.51,29.51,29.51,29.51,2409.94,7111.73
002581.SZ,2014-08-29,32.46,32.46,32.46,32.46,43839.81,142304.02
002581.SZ,2014-09-01,35.0,35.71,34.52,35.71,248436.99,880074.24
002581.SZ,2014-09-05,38.99,39.28,38.25,39.28,122349.72,479227.45
002581.SZ,2014-09-09,39.22,40.48,37.52,39.4,167946.03,655372.13
002581.SZ,2014-09-10,39.28,41.41,39.28,40.92,138962.22,558923.76
002581.SZ,2014-09-11,40.39,40.8,38.7,39.79,120105.02,477353.82
002581.SZ,2014-09-12,39.5,41.2,39.5,39.79,84911.2,340765.42
002581.SZ,2014-09-15,39.49,42.95,38.5,41.73,133218.14,544071.66
002581.SZ,2014-09-16,41.16,41.49,37.56,37.56,136582.24,532690.55
002581.SZ,2014-09-17,37.85,39.05,37.51,38.25,67661.24,258854.81
002581.SZ,2014-09-18,37.08,37.58,35.91,36.43,106563.36,390976.27
002581.SZ,2014-09-19,35.7,37.29,35.55,36.54,74714.44,273176.79
002581.SZ,2014-09-22,36.59,37.38,36.23,37.01,69717.86,256526.78
002581.SZ,2014-09-23,36.56,37.71,36.26,37.15,67936.25,251756.27
002581.SZ,2014-09-24,37.24,39.72,37.2,38.11,100708.1,387279.82
002581.SZ,2014-09-25,38.4,40.9,38.3,38.88,98571.24,383723.59
002581.SZ,2014-09-26,39.1,42.77,38.3,42.77,95451.89,388745.48
002581.SZ,2014-09-29,43.8,44.32,38.49,38.49,171122.46,692987.61
002581.SZ,2014-09-30,39.1,39.59,38.01,38.95,74211.26,288701.4
002581.SZ,2014-10-08,38.41,39.57,38.05,39.05,61732.34,240345.94
002581.SZ,2014-10-09,39.05,39.29,37.8,38.25,62321.43,238829.36
002581.SZ,2014-10-10,37.9,38.34,37.35,38.1,36211.42,137105.53
002581.SZ,2014-10-13,38.08,38.78,38.0,38.34,39873.09,153466.34
002581.SZ,2014-10-14,38.4,39.4,37.9,39.4,54851.65,212269.23
002581.SZ,2014-10-15,39.55,39.85,37.77,37.8,63427.41,244622.29
002581.SZ,2014-10-16,37.68,38.22,37.01,37.24,43328.65,163178.0
002581.SZ,2014-10-17,37.1,38.17,36.89,37.9,36905.81,138602.29
002581.SZ,2014-10-20,37.91,39.64,37.5,38.99,50888.79,197851.86
002581.SZ,2014-10-21,38.71,38.89,37.18,37.56,39285.29,149324.16
002581.SZ,2014-10-22,37.47,37.85,37.01,37.03,21017.0,78611.59
002581.SZ,2014-10-23,36.98,37.5,36.51,37.14,18272.77,67468.72
002581.SZ,2014-10-24,37.38,37.9,37.1,37.26,16382.46,61444.51
002581.SZ,2014-10-27,37.3,38.18,36.89,37.67,16803.51,63391.14
002581.SZ,2014-10-28,37.81,38.37,37.6,38.24,29197.7,111132.51
002581.SZ,2014-10-29,38.36,39.47,38.3,38.8,51536.83,200659.67
002581.SZ,2014-10-30,38.69,39.27,38.1,38.35,32473.61,125388.57
002581.SZ,2014-10-31,38.25,38.49,37.36,37.9,23596.07,89205.44
002581.SZ,2014-11-03,37.76,39.26,37.7,38.65,40322.83,156205.73
002581.SZ,2014-11-04,38.25,39.05,37.6,37.65,27804.84,105740.23
002581.SZ,2014-11-05,37.55,38.58,37.2,37.8,20867.79,79093.29
002581.SZ,2014-11-06,37.81,38.78,37.78,38.7,26203.62,100759.52
002581.SZ,2014-11-07,38.9,39.5,38.27,38.69,41268.3,160662.0
002581.SZ,2014-11-10,38.56,38.82,37.53,38.17,22911.57,87467.22
002581.SZ,2014-11-11,38.17,38.58,36.7,37.18,26518.87,99450.58
002581.SZ,2014-11-12,37.88,37.88,37.06,37.8,18713.98,69977.76
002581.SZ,2014-11-13,37.61,37.79,35.8,35.99,33840.48,123346.18
002581.SZ,2014-11-14,35.99,36.29,35.51,36.19,16435.83,58985.17
002581.SZ,2014-11-17,36.24,38.2,35.82,38.06,26937.66,100229.03
002581.SZ,2014-11-18,37.99,38.18,37.05,37.15,17935.53,67226.15
002581.SZ,2014-11-19,37.16,40.7,37.16,38.96,57582.71,226237.74
002581.SZ,2014-11-20,38.58,42.86,38.56,42.86,93342.58,388980.35
002581.SZ,2014-11-21,42.01,42.57,40.48,41.6,83918.17,347887.61
002581.SZ,2014-11-24,41.55,41.98,40.89,41.39,38847.07,160768.16
002581.SZ,2014-11-25,41.39,42.38,40.5,41.52,42521.01,176450.43
002581.SZ,2014-11-26,41.28,41.59,40.13,40.61,32744.91,133377.53
002581.SZ,2014-11-27,40.65,41.25,40.23,40.65,21841.02,88976.62
002581.SZ,2014-11-28,40.64,44.5,40.45,42.8,61483.5,262035.67
002581.SZ,2014-12-01,42.47,46.95,42.23,43.83,54240.25,240375.11
002581.SZ,2014-12-02,43.97,45.2,43.5,44.14,35217.21,155534.97
002581.SZ,2014-12-03,44.6,44.8,40.81,42.75,64331.95,273628.75
002581.SZ,2014-12-04,42.5,43.22,41.76,42.12,30766.11,130580.2
002581.SZ,2014-12-05,41.16,42.2,40.0,41.18,38039.2,156963.1
002581.SZ,2014-12-08,40.0,41.01,39.5,40.8,30076.4,121527.03
002581.SZ,2014-12-09,40.69,40.69,38.5,38.9,32560.84,129441.82
002581.SZ,2014-12-10,38.35,41.0,38.32,40.0,20801.52,82478.13
002581.SZ,2014-12-11,39.9,42.75,39.51,42.26,26941.98,111695.16
002581.SZ,2014-12-12,42.01,43.0,41.56,42.8,19399.44,82024.17
002581.SZ,2014-12-15,41.5,43.08,41.25,42.31,19246.24,81409.72
002581.SZ,2014-12-16,42.31,43.9,41.48,43.74,28920.38,123742.14
002581.SZ,2014-12-17,43.74,43.74,42.68,43.05,18548.56,79696.09
002581.SZ,2014-12-18,42.75,43.56,41.3,41.9,23369.58,98833.15
002581.SZ,2014-12-19,42.66,43.45,40.0,40.87,21681.41,89500.83
002581.SZ,2014-12-22,40.0,40.03,36.78,36.78,27500.8,102632.68
002581.SZ,2014-12-23,34.5,36.28,34.44,34.6,31012.13,108992.34
002581.SZ,2014-12-24,35.13,36.97,35.13,36.87,19970.3,72096.5
002581.SZ,2014-12-25,36.69,37.15,36.07,36.53,11846.35,43231.77
002581.SZ,2014-12-26,36.01,36.97,35.68,35.86,12877.63,46499.84
002581.SZ,2014-12-29,35.8,35.8,32.45,33.0,36928.9,124566.11
002581.SZ,2014-12-30,33.0,33.78,32.67,33.69,15290.72,50738.93
002581.SZ,2015-01-05,36.98,36.98,34.72,35.5,23487.23,83966.39
002581.SZ,2015-01-06,35.29,35.29,33.78,34.92,19506.91,67395.38
002581.SZ,2015-01-07,34.78,35.44,34.4,35.0,9279.38,32448.44
002581.SZ,2015-01-08,34.99,35.8,34.58,35.65,14388.48,50874.96
002581.SZ,2015-01-09,35.96,36.6,35.03,35.1,14899.02,53727.63
002581.SZ,2015-01-12,35.3,35.97,34.58,35.5,11926.69,42417.9
002581.SZ,2015-01-13,35.58,36.85,35.22,36.69,14561.26,52728.61
002581.SZ,2015-01-14,36.8,37.84,36.26,37.56,16452.15,61419.96
002581.SZ,2015-01-15,37.61,37.87,37.02,37.5,9263.68,34552.16
002581.SZ,2015-01-16,37.61,38.66,37.24,38.65,16045.33,61446.13
002581.SZ,2015-01-19,37.89,40.1,37.53,39.09,24293.19,95503.0
002581.SZ,2015-01-20,39.89,40.84,38.8,40.6,18237.24,72581.19
002581.SZ,2015-01-21,40.59,40.59,39.56,39.86,18428.92,73602.35
002581.SZ,2015-01-22,40.0,40.2,39.51,39.79,18904.79,75198.46
002581.SZ,2015-01-23,39.95,39.96,37.65,37.97,31257.46,120242.88
002581.SZ,2015-01-26,38.11,38.74,37.96,38.45,17575.62,67382.14
002581.SZ,2015-01-27,38.48,38.7,37.7,38.3,14674.89,56140.68
002581.SZ,2015-01-28,38.65,39.8,38.64,39.35,23997.91,93990.13
002581.SZ,2015-01-29,39.3,40.15,38.8,39.35,14931.34,59397.09
002581.SZ,2015-01-30,39.31,39.8,38.66,38.88,11840.37,46259.76
002581.SZ,2015-02-02,39.6,39.65,38.8,39.19,13432.36,52669.14
002581.SZ,2015-02-03,39.21,42.08,38.93,41.38,31264.88,128614.32
002581.SZ,2015-02-04,41.16,41.79,40.7,40.7,14660.83,60278.37
002581.SZ,2015-02-05,40.97,41.28,39.5,39.6,16702.55,67203.99
002581.SZ,2015-02-06,39.99,39.99,38.3,38.59,16059.31,62237.16
002581.SZ,2015-02-09,38.55,38.95,38.2,38.58,7842.38,30257.84
002581.SZ,2015-02-10,38.7,38.99,37.93,38.39,11736.64,45117.68
002581.SZ,2015-02-11,38.69,38.88,37.9,38.56,12124.14,46540.75
002581.SZ,2015-02-12,38.35,39.87,38.09,39.14,12785.47,50210.7
002581.SZ,2015-02-13,39.5,39.77,38.86,39.28,15061.07,59297.53
002581.SZ,2015-02-16,39.37,40.31,39.19,40.1,16341.96,65308.08
002581.SZ,2015-02-17,40.31,41.59,40.0,41.59,23136.6,94845.29
002581.SZ,2015-02-25,41.59,44.87,41.2,44.44,38258.92,166074.7
002581.SZ,2015-02-26,44.02,44.65,42.63,43.1,21096.09,91516.64
002581.SZ,2015-02-27,43.19,45.1,42.76,44.2,21765.83,96272.27
002581.SZ,2015-03-02,43.78,44.9,43.45,44.23,22289.26,98630.26
002581.SZ,2015-03-03,43.9,44.78,42.8,42.94,29171.16,127353.18
002581.SZ,2015-03-04,43.0,47.23,42.01,47.23,53492.59,245488.05
002581.SZ,2015-03-05,47.88,49.66,47.03,47.2,49963.21,239765.96
002581.SZ,2015-03-06,46.7,49.81,46.5,48.98,34143.49,166377.96
002581.SZ,2015-03-09,48.26,49.77,46.84,48.0,32443.67,155836.44
002581.SZ,2015-03-10,48.5,49.6,48.0,48.9,24522.96,120079.92
002581.SZ,2015-03-11,48.8,49.49,46.5,47.0,28825.34,137800.08
002581.SZ,2015-03-12,47.17,47.77,45.0,46.34,20793.4,96257.17
002581.SZ,2015-03-13,47.0,47.6,45.82,46.37,24060.66,112488.75
002581.SZ,2015-03-16,45.9,47.6,45.6,47.3,26991.27,126914.8
002581.SZ,2015-03-17,48.0,48.36,46.4,46.94,23825.18,112885.11
002581.SZ,2015-03-18,47.08,47.65,46.6,47.09,19711.37,92817.52
002581.SZ,2015-03-19,47.21,51.8,47.11,51.8,37269.25,183057.28
002581.SZ,2015-03-20,51.4,56.6,50.68,54.25,49874.55,270264.94
002581.SZ,2015-03-23,55.34,58.0,54.28,56.99,31221.18,175134.16
002581.SZ,2015-03-24,57.0,57.3,53.4,56.1,32615.46,180336.97
002581.SZ,2015-03-25,55.95,55.95,53.68,55.2,20019.6,110012.93
002581.SZ,2015-03-26,55.35,60.72,54.01,59.4,45477.76,268689.07
002581.SZ,2015-03-27,58.11,60.5,58.11,59.41,20748.19,123251.34
002581.SZ,2015-03-30,60.1,60.59,56.8,57.8,22936.14,133729.57
002581.SZ,2015-03-31,57.99,58.9,57.2,57.78,21768.85,126545.58
002581.SZ,2015-04-01,58.0,60.99,57.99,60.35,21568.53,129591.45
002581.SZ,2015-04-02,60.0,63.28,59.0,60.35,26545.82,161432.52
002581.SZ,2015-04-03,59.51,60.81,59.2,60.3,18719.72,112405.14
002581.SZ,2015-04-07,60.3,61.5,60.3,60.7,17459.69,106121.68
002581.SZ,2015-04-08,61.02,61.5,58.5,59.5,18851.7,113109.77
002581.SZ,2015-04-09,59.0,59.5,56.27,58.31,17033.74,98148.74
002581.SZ,2015-04-10,59.2,64.14,58.02,64.14,30340.26,187962.27
002581.SZ,2015-04-13,64.89,69.28,63.64,67.98,32468.7,215697.08
002581.SZ,2015-04-14,67.89,72.68,65.08,70.68,23124.58,160593.04
002581.SZ,2015-04-15,69.92,77.66,69.3,74.2,35201.27,258863.9
002581.SZ,2015-04-16,74.13,77.45,73.0,74.6,21708.77,163776.8
002581.SZ,2015-04-17,74.2,76.6,72.01,72.85,17913.47,131639.9
002581.SZ,2015-04-20,74.0,76.5,70.6,73.49,20241.62,149221.17
002581.SZ,2015-04-21,73.49,75.88,72.3,75.6,17458.36,129562.19
002581.SZ,2015-04-22,75.63,81.66,75.6,79.95,20797.38,165167.28
002581.SZ,2015-04-23,79.84,87.95,79.02,87.95,22808.96,193364.97
002581.SZ,2015-04-24,82.55,87.79,82.55,85.77,27630.84,235240.87
002581.SZ,2015-04-27,87.0,88.5,84.01,85.12,18502.01,159385.7
002581.SZ,2015-04-28,85.12,85.12,78.1,78.5,25332.92,204668.89
002581.SZ,2015-04-29,78.48,81.55,72.0,80.49,20229.06,156821.64
002581.SZ,2015-04-30,79.18,81.6,79.0,80.0,12709.34,102043.18
002581.SZ,2015-05-04,81.0,81.0,79.0,79.98,10081.65,80722.96
002581.SZ,2015-05-05,86.0,86.0,80.21,81.0,18006.46,149307.88
002581.SZ,2015-05-06,82.0,84.6,81.0,81.63,15609.59,129009.11
002581.SZ,2015-05-07,81.8,82.6,78.01,78.62,11786.56,93844.54
002581.SZ,2015-05-08,80.0,80.59,78.63,80.1,12449.13,99340.73
002581.SZ,2015-05-11,80.8,83.24,79.19,82.35,21229.87,172030.42
002581.SZ,2015-05-12,83.0,83.5,79.8,80.42,24425.63,198222.75
002581.SZ,2015-05-13,80.52,86.0,78.86,83.61,28236.78,232907.26
002581.SZ,2015-05-14,83.12,91.0,83.0,90.8,28743.27,255066.25
002581.SZ,2015-05-15,90.84,91.04,85.0,86.44,28608.93,248181.04
002581.SZ,2015-05-18,84.5,85.99,83.13,83.43,25402.36,213538.38
002581.SZ,2015-05-19,83.86,84.28,79.01,81.38,37213.44,300833.17
002581.SZ,2015-05-20,81.97,85.95,81.97,83.28,20211.52,169610.77
002581.SZ,2015-05-21,83.38,86.43,82.98,86.4,24303.45,205332.55
002581.SZ,2015-05-22,88.5,89.0,82.6,84.08,28059.72,238726.29
002581.SZ,2015-05-25,83.1,86.0,81.0,83.4,26943.13,224904.34
002581.SZ,2015-05-26,84.28,88.78,83.05,88.35,42577.07,367884.45
002581.SZ,2015-05-27,88.0,97.19,86.88,97.19,48251.34,448720.0
002581.SZ,2015-05-28,98.18,106.91,98.16,99.0,51154.61,520593.77
002581.SZ,2015-05-29,101.01,104.21,91.5,101.51,35767.71,355917.74
002581.SZ,2015-06-01,104.0,111.5,102.01,111.43,31251.88,337425.68
002581.SZ,2015-06-02,115.59,119.87,115.0,118.13,29687.44,348332.75
002581.SZ,2015-06-03,115.3,116.99,111.55,111.75,31574.14,357390.7
002581.SZ,2015-06-04,113.5,117.98,101.11,117.17,32942.67,375547.85
002581.SZ,2015-06-05,117.17,124.0,117.17,124.0,27597.79,333370.53
002581.SZ,2015-06-08,121.0,122.99,116.0,120.3,25009.04,299966.28
002581.SZ,2015-06-09,117.5,122.9,114.1,116.18,19024.96,224652.02
002581.SZ,2015-06-10,116.9,119.64,113.7,116.58,17011.46,199843.71
002581.SZ,2015-06-11,117.0,128.24,116.18,128.24,22419.6,271816.08
002581.SZ,2015-06-12,131.0,141.0,130.88,139.88,23465.41,321643.28
002581.SZ,2015-06-15,139.88,143.8,135.0,136.99,20569.44,287115.17
002581.SZ,2015-06-16,133.89,138.6,130.77,132.79,16778.91,224607.76
002581.SZ,2015-06-17,133.37,133.37,126.5,132.01,16374.56,212874.99
002581.SZ,2015-07-01,118.81,118.81,118.81,118.81,1938.0,23025.38
002581.SZ,2015-07-02,106.93,106.93,106.93,106.93,234.0,2502.16
002581.SZ,2015-07-03,96.24,96.24,96.24,96.24,1841.0,17717.78
002581.SZ,2015-07-06,86.62,94.0,86.62,86.62,48208.09,421996.22
002581.SZ,2015-07-07,77.96,77.96,77.96,77.96,312.0,2432.35
002581.SZ,2015-07-13,41.0,42.88,39.78,42.88,162647.11,688796.79
002581.SZ,2015-07-14,45.0,47.1,42.81,44.5,169133.98,763211.95
002581.SZ,2015-07-15,42.5,42.5,40.05,40.05,40934.56,167453.79
002581.SZ,2015-07-16,36.05,39.58,36.05,36.05,201987.28,739648.23
002581.SZ,2015-07-17,36.35,39.4,34.92,38.02,171346.53,638003.15
002581.SZ,2015-07-20,38.0,40.1,37.41,39.05,129526.66,502035.95
002581.SZ,2015-07-21,38.99,42.96,38.01,42.73,162403.24,674052.6
002581.SZ,2015-07-22,42.9,43.58,40.0,41.72,151645.85,636903.37
002581.SZ,2015-07-23,40.82,44.99,40.82,43.75,122009.98,527812.39
002581.SZ,2015-07-24,43.81,44.46,42.0,42.4,123233.11,535599.33
002581.SZ,2015-07-27,40.78,42.0,38.16,38.16,100552.02,403833.11
002581.SZ,2015-07-28,34.35,36.96,34.34,34.34,142166.25,492936.04
002581.SZ,2015-07-29,35.1,35.6,31.01,33.95,155059.91,508368.59
002581.SZ,2015-07-30,33.98,35.13,31.75,32.45,104429.92,355905.64
002581.SZ,2015-07-31,32.2,32.28,30.17,31.4,83677.64,262639.16
002581.SZ,2015-08-03,31.71,33.68,31.0,32.34,90233.47,291780.98
002581.SZ,2015-08-04,32.3,35.57,32.21,35.4,107580.37,367996.74
002581.SZ,2015-08-05,35.35,38.94,34.8,38.94,137251.73,508237.32
002581.SZ,2015-08-06,39.83,39.83,35.8,35.84,182498.95,691113.64
002581.SZ,2015-08-07,36.1,37.42,36.1,36.97,99992.01,368146.48
002581.SZ,2015-08-10,37.1,39.45,37.1,38.65,106523.59,406561.79
002581.SZ,2015-08-11,38.5,38.98,37.5,37.86,94114.84,357745.94
002581.SZ,2015-08-12,37.49,38.5,36.31,36.56,74421.14,279487.7
002581.SZ,2015-08-13,36.01,37.18,35.55,36.98,65551.59,239184.05
002581.SZ,2015-08-14,37.29,38.49,36.88,37.69,82038.83,308229.81
002581.SZ,2015-08-17,37.1,39.3,36.2,39.3,112287.57,423171.23
002581.SZ,2015-08-18,39.47,43.0,38.5,38.84,225100.4,909755.18
002581.SZ,2015-08-19,37.01,38.8,34.98,38.3,139125.71,517929.83
002581.SZ,2015-08-20,37.6,40.15,37.2,38.35,112725.42,437537.34
002581.SZ,2015-08-21,37.35,37.83,34.9,35.0,89477.58,326772.57
002581.SZ,2015-08-24,31.51,32.4,31.5,31.5,30412.0,96044.72
002581.SZ,2015-08-25,28.35,28.35,28.35,28.35,15006.0,42542.01
002581.SZ,2015-08-26,25.52,27.2,25.52,25.52,188689.12,490481.38
002581.SZ,2015-08-27,25.5,26.49,22.97,23.98,152452.01,371131.94
002581.SZ,2015-08-28,24.6,26.14,23.51,26.1,137621.96,338922.9
002581.SZ,2015-08-31,25.5,25.5,23.49,23.49,99856.25,244381.51
002581.SZ,2015-09-01,22.3,22.31,21.14,21.14,94526.98,202055.05
002581.SZ,2015-09-02,19.3,21.32,19.03,19.03,150046.1,293817.6
002581.SZ,2015-09-07,19.52,20.93,19.15,20.06,130835.79,263836.3
002581.SZ,2015-09-08,19.83,22.07,19.83,22.07,174079.77,375602.7
002581.SZ,2015-09-09,23.28,24.28,23.0,24.28,225346.49,539624.61
002581.SZ,2015-09-10,24.0,25.35,23.7,23.95,174704.94,429322.94
002581.SZ,2015-09-11,23.56,24.54,23.56,24.29,104050.02,251489.58
002581.SZ,2015-09-14,24.49,24.88,21.86,21.86,153436.97,355397.66
002581.SZ,2015-09-15,20.53,21.67,19.75,20.0,102161.71,211159.18
002581.SZ,2015-09-16,20.53,22.0,20.22,22.0,111640.34,236877.01
002581.SZ,2015-09-17,22.45,24.11,22.16,22.21,139331.0,323651.05
002581.SZ,2015-09-18,22.79,23.55,22.31,23.28,91386.26,210392.85
002581.SZ,2015-09-21,22.3,25.61,22.2,25.61,150271.51,365511.74
002581.SZ,2015-09-22,26.2,26.63,24.71,25.61,159161.59,411326.51
002581.SZ,2015-09-23,25.0,26.89,25.0,26.19,137630.27,359051.52
002581.SZ,2015-09-24,26.26,26.63,25.91,26.46,97470.91,255999.46
002581.SZ,2015-09-25,26.56,27.26,23.82,24.5,136680.69,350564.82
002581.SZ,2015-09-28,24.55,26.48,24.0,26.1,114136.08,289879.06
002581.SZ,2015-09-29,25.3,27.16,25.1,26.91,129128.09,340005.15
002581.SZ,2015-09-30,27.19,27.31,25.98,26.32,85902.2,227407.98
002581.SZ,2015-10-08,27.3,27.84,26.82,27.23,113480.43,310595.0
002581.SZ,2015-10-09,27.23,27.68,26.56,27.58,100761.3,273546.19
002581.SZ,2015-10-12,27.97,29.95,27.65,29.44,107866.49,312118.82
002581.SZ,2015-10-13,28.91,30.75,28.86,30.0,101927.56,303026.22
002581.SZ,2015-10-14,29.9,30.43,28.64,28.8,95462.74,278910.06
002581.SZ,2015-10-15,28.53,29.93,28.53,29.91,78569.77,230965.55
002581.SZ,2015-10-16,29.91,30.4,29.01,29.6,94707.3,281096.41
002581.SZ,2015-10-19,29.5,29.72,28.53,28.94,98196.79,285087.73
002581.SZ,2015-10-20,28.97,31.83,28.96,31.83,137927.46,412212.61
002581.SZ,2015-10-21,31.83,32.28,28.65,28.65,180385.11,553029.87
002581.SZ,2015-10-22,28.68,30.35,28.68,29.87,114700.77,339121.06
002581.SZ,2015-10-23,30.33,32.86,30.33,32.86,202645.23,655937.78
002581.SZ,2015-10-26,32.89,32.98,31.06,31.9,188466.65,601241.37
002581.SZ,2015-10-27,31.5,31.92,29.6,31.57,110683.82,341788.18
002581.SZ,2015-10-28,31.07,31.5,29.68,29.94,88587.4,271411.07
002581.SZ,2015-10-29,30.3,30.49,29.23,29.83,64423.41,193180.37
002581.SZ,2015-10-30,30.0,30.9,29.71,29.99,69581.67,210617.42
002581.SZ,2015-11-02,29.0,29.73,28.07,28.29,89045.26,257746.81
002581.SZ,2015-11-03,28.5,28.78,27.1,27.42,75232.64,209483.21
002581.SZ,2015-11-04,27.59,28.98,27.58,28.96,89038.67,252389.94
002581.SZ,2015-11-05,29.2,29.3,28.3,29.3,103793.94,299039.08
002581.SZ,2015-11-06,29.24,31.0,28.6,30.8,111897.53,339720.38
002581.SZ,2015-11-09,30.4,31.74,29.96,31.3,114075.08,352414.59
002581.SZ,2015-11-10,31.0,33.5,30.8,33.01,157810.38,505882.38
002581.SZ,2015-11-11,32.88,33.47,31.82,33.01,119186.57,389777.13
002581.SZ,2015-11-12,32.81,33.24,32.13,32.37,90448.81,293881.11
002581.SZ,2015-11-13,32.11,34.89,31.52,33.31,149103.54,500971.83
002581.SZ,2015-11-16,32.2,34.17,31.94,33.85,87537.62,291141.23
002581.SZ,2015-11-17,34.25,34.45,32.81,32.88,93034.64,313239.61
002581.SZ,2015-11-18,32.8,33.64,32.35,32.4,64798.81,213827.05
002581.SZ,2015-11-19,32.5,33.0,31.8,32.5,70016.27,226045.03
002581.SZ,2015-11-20,32.4,34.17,32.3,33.37,90939.26,304187.46
002581.SZ,2015-11-23,32.9,35.0,32.8,34.23,108847.84,372322.01
002581.SZ,2015-11-24,34.02,34.54,32.99,34.23,74161.16,249196.88
002581.SZ,2015-11-25,34.05,35.5,33.88,35.1,101177.64,354702.94
002581.SZ,2015-11-26,35.38,38.61,35.13,38.61,131639.51,491403.7
002581.SZ,2015-11-27,38.7,40.57,35.0,36.3,222713.62,864120.54
002581.SZ,2015-11-30,36.58,39.93,36.55,39.93,198044.13,762644.57
002581.SZ,2015-12-01,40.88,42.49,39.41,39.58,244526.65,1003060.53
002581.SZ,2015-12-02,39.0,39.58,35.7,37.09,145185.74,543555.05
002581.SZ,2015-12-03,37.27,38.75,37.2,38.61,93503.95,354848.88
002581.SZ,2015-12-04,38.3,38.72,37.01,37.61,95099.62,359659.36
002581.SZ,2015-12-07,37.5,37.5,36.11,37.09,74999.28,276560.68
002581.SZ,2015-12-08,37.0,38.26,36.61,36.69,77083.59,287650.05
002581.SZ,2015-12-09,36.5,36.55,35.05,35.19,86912.55,309704.88
002581.SZ,2015-12-10,35.0,36.1,34.72,35.0,59089.03,209669.4
002581.SZ,2015-12-11,35.14,36.08,35.01,35.66,59016.73,210321.56
002581.SZ,2015-12-14,35.16,35.88,34.89,35.8,50600.53,178701.77
002581.SZ,2015-12-15,35.81,37.59,35.7,36.97,71361.72,263690.83
002581.SZ,2015-12-16,36.9,37.61,36.66,37.04,55909.9,206888.61
002581.SZ,2015-12-17,37.06,38.05,37.06,37.55,76068.7,286634.28
002581.SZ,2015-12-18,37.58,37.94,36.02,36.53,73815.46,271335.21
002581.SZ,2015-12-21,36.53,37.33,36.1,36.64,57676.17,211077.37
002581.SZ,2015-12-22,36.4,37.5,36.3,37.44,64081.36,236547.3
002581.SZ,2015-12-23,37.5,37.78,36.2,36.29,65006.53,238852.95
002581.SZ,2015-12-24,36.27,36.47,34.13,35.39,64775.85,228747.67
002581.SZ,2015-12-25,35.07,35.86,35.01,35.4,37382.53,132286.68
002581.SZ,2015-12-28,35.52,35.88,34.6,34.61,51665.25,181921.54
002581.SZ,2015-12-29,34.61,34.95,33.91,34.39,41184.37,140974.9
002581.SZ,2015-12-30,34.4,35.79,34.4,35.2,44633.25,157405.33
002581.SZ,2015-12-31,35.02,35.69,34.62,34.77,30730.77,107778.2833
002581.SZ,2016-01-04,34.8,34.8,31.29,31.29,58743.93,190069.38
002581.SZ,2016-01-05,29.22,30.98,28.23,29.42,73404.23,217411.44
002581.SZ,2016-01-06,29.47,30.29,29.0,30.11,47781.94,142463.79
002581.SZ,2016-01-07,29.05,29.47,27.1,27.1,15252.0,43096.21
002581.SZ,2016-01-08,27.44,27.87,24.4,26.33,67786.81,179830.97
002581.SZ,2016-01-11,25.5,25.5,23.7,23.7,72324.63,177108.04
002581.SZ,2016-01-12,23.58,24.09,22.61,23.68,62695.43,147110.72
002581.SZ,2016-01-13,23.89,24.08,22.04,22.17,44578.0,104200.0
002581.SZ,2016-01-14,21.07,23.92,20.88,23.54,61764.55,138284.31
002581.SZ,2016-01-15,23.3,23.52,22.0,22.2,49580.84,112849.45
002581.SZ,2016-01-18,21.6,23.4,21.3,22.81,57911.02,130976.53
002581.SZ,2016-01-19,22.9,24.25,22.8,23.97,59563.55,140527.58
002581.SZ,2016-01-20,23.61,24.75,23.61,23.93,58575.4,141650.84
002581.SZ,2016-01-21,23.5,24.6,23.22,23.31,49194.18,117502.54
002581.SZ,2016-01-22,23.43,24.28,22.82,23.63,35229.98,82647.8
002581.SZ,2016-01-25,24.08,24.18,23.25,23.58,32795.3,78020.32
002581.SZ,2016-01-26,23.07,23.5,21.58,21.7,41434.09,94442.73
002581.SZ,2016-01-27,21.8,23.87,21.4,23.87,166297.07,388471.67
002581.SZ,2016-01-28,23.88,24.3,22.2,22.4,139373.62,328061.89
002581.SZ,2016-01-29,21.6,23.57,21.6,23.23,88101.46,200546.56
002581.SZ,2016-02-01,23.0,23.22,21.81,22.35,62493.69,140196.15
002581.SZ,2016-02-02,22.8,23.5,22.6,23.2,57798.42,133748.95
002581.SZ,2016-02-03,22.8,23.3,22.35,23.17,44446.43,101341.97
002581.SZ,2016-02-04,24.66,25.49,24.52,25.49,34160.64,86358.92
002581.SZ,2016-02-05,27.77,28.04,26.11,26.31,135637.49,367191.56
002581.SZ,2016-02-15,25.55,25.83,24.48,25.5,71260.28,180112.17
002581.SZ,2016-02-16,25.45,27.49,25.45,27.25,79795.12,212605.7
002581.SZ,2016-02-17,27.2,27.2,26.33,27.03,74125.11,198818.62
002581.SZ,2016-02-18,27.05,28.1,26.73,26.79,77776.45,213282.59
002581.SZ,2016-02-19,26.9,27.15,26.15,26.71,43444.87,115544.98
002581.SZ,2016-02-22,27.0,27.47,26.83,26.99,47337.11,127966.21
002581.SZ,2016-02-23,27.05,27.74,26.8,27.3,57788.63,157272.33
002581.SZ,2016-02-24,26.96,27.3,26.0,27.08,51018.42,136637.95
002581.SZ,2016-02-25,26.83,27.08,24.37,24.37,70219.05,178276.31
002581.SZ,2016-02-26,24.38,24.85,23.5,23.8,48910.71,117370.3
002581.SZ,2016-02-29,23.91,23.99,22.05,22.96,57402.41,132039.74
002581.SZ,2016-03-01,22.9,23.85,22.8,23.64,41123.08,96283.6
002581.SZ,2016-03-02,23.8,24.83,23.78,24.83,46531.58,113715.12
002581.SZ,2016-03-03,24.5,25.5,24.45,25.0,42125.37,105236.17
002581.SZ,2016-03-04,24.8,25.0,23.52,24.33,39715.78,96641.34
002581.SZ,2016-03-07,24.23,25.16,24.23,24.59,29803.83,73872.95
002581.SZ,2016-03-08,24.51,25.79,23.65,25.59,58734.58,146386.22
002581.SZ,2016-03-09,25.0,25.79,24.83,25.38,41392.69,105064.95
002581.SZ,2016-03-10,25.41,25.8,24.3,24.38,29673.34,73652.9
002581.SZ,2016-03-11,24.0,24.58,24.0,24.5,18020.77,43868.03
002581.SZ,2016-03-14,24.78,25.78,24.78,25.27,33422.47,84920.58
002581.SZ,2016-03-15,25.2,25.79,25.03,25.44,35014.3,89315.3
002581.SZ,2016-03-16,25.65,25.94,25.17,25.18,29284.13,74748.55
002581.SZ,2016-03-17,25.16,25.98,25.0,25.83,45454.52,116572.79
002581.SZ,2016-03-18,25.82,26.94,25.82,26.6,53119.86,140591.48
002581.SZ,2016-03-21,26.82,27.15,26.6,27.01,54293.14,145872.3
002581.SZ,2016-03-22,26.99,27.27,26.67,26.81,40074.68,108038.28
002581.SZ,2016-03-23,26.72,27.1,26.62,26.98,32537.46,87390.69
002581.SZ,2016-03-24,26.79,26.98,26.16,26.17,43275.37,114740.73
002581.SZ,2016-03-25,26.06,26.4,25.7,26.16,26516.9,69022.45
002581.SZ,2016-03-28,26.17,27.24,26.17,26.51,44645.64,119706.14
002581.SZ,2016-03-29,26.51,26.64,25.75,25.98,28607.05,74849.98
002581.SZ,2016-03-30,26.11,27.04,26.11,26.9,34744.88,92288.15
002581.SZ,2016-03-31,27.08,27.94,26.7,27.65,69366.97,189841.42
002581.SZ,2016-04-01,27.35,28.6,27.0,28.01,69009.71,191302.19
002581.SZ,2016-04-05,28.07,29.89,28.07,28.97,86254.57,251448.7
002581.SZ,2016-04-06,28.57,29.19,28.43,28.75,50270.71,144425.0
002581.SZ,2016-04-07,28.75,28.8,27.6,27.64,48042.71,135152.83
002581.SZ,2016-04-08,27.6,27.63,26.82,27.2,35029.19,94827.3
002581.SZ,2016-04-11,27.5,28.27,27.4,28.05,33894.06,94486.73
002581.SZ,2016-04-12,28.1,28.35,27.25,27.55,36107.9,99885.3
002581.SZ,2016-04-13,27.83,28.24,27.6,27.81,39182.83,109848.99
002581.SZ,2016-04-14,27.9,28.18,27.79,28.15,30143.41,84325.63
002581.SZ,2016-04-15,28.25,28.25,27.83,28.02,26684.46,74690.16
002581.SZ,2016-04-18,28.25,28.25,27.55,27.75,24548.71,68279.62
002581.SZ,2016-04-19,27.8,28.18,27.55,27.77,23220.37,64481.64
002581.SZ,2016-04-20,27.88,28.0,25.24,25.76,52081.18,137253.91
002581.SZ,2016-04-21,25.77,26.28,25.43,25.65,24191.87,62589.43
002581.SZ,2016-04-22,25.56,26.15,25.3,26.14,16466.01,42533.84
002581.SZ,2016-04-25,26.14,27.37,25.8,26.98,37968.83,101704.52
002581.SZ,2016-04-26,27.11,27.32,26.58,26.95,24382.53,65862.84
002581.SZ,2016-04-27,27.0,27.2,26.53,26.55,16024.53,42996.99
002581.SZ,2016-04-28,26.88,27.25,26.21,26.88,21484.26,57587.93
002581.SZ,2016-04-29,26.83,27.2,26.6,26.95,21622.17,58417.8
002581.SZ,2016-05-03,27.18,27.61,26.43,27.55,31182.7,85053.1
002581.SZ,2016-05-04,27.39,28.12,27.3,27.76,43118.78,120208.77
002581.SZ,2016-05-05,27.78,27.88,27.4,27.78,26003.72,71810.25
002581.SZ,2016-05-06,27.63,27.88,26.5,26.6,37763.37,102170.93
002581.SZ,2016-05-09,26.44,26.44,24.92,25.03,39802.52,101453.35
002581.SZ,2016-05-10,25.0,25.3,24.84,24.97,18170.9,45465.68
002581.SZ,2016-05-11,25.01,25.38,24.73,24.86,18877.76,47331.84
002581.SZ,2016-05-12,24.69,24.69,24.01,24.41,21387.01,51933.05
002581.SZ,2016-05-13,24.41,24.83,24.08,24.38,13432.66,32881.27
002581.SZ,2016-05-16,24.36,24.9,24.08,24.81,19623.74,48394.9
002581.SZ,2016-05-17,24.73,25.08,24.28,24.81,20893.49,51503.32
002581.SZ,2016-05-18,24.6,24.62,23.8,23.91,18452.84,44480.11
002581.SZ,2016-05-19,23.8,24.41,23.8,24.09,18922.3,45866.42
002581.SZ,2016-05-20,24.0,24.3,23.85,24.2,9971.25,24075.97
002581.SZ,2016-05-23,24.53,24.69,24.5,24.57,13709.44,33722.86
002581.SZ,2016-05-24,24.56,24.59,24.19,24.27,11768.02,28582.26
002581.SZ,2016-05-25,24.55,24.56,24.03,24.4,15057.09,36651.39
002581.SZ,2016-05-26,24.35,24.39,23.81,24.32,14955.01,36040.71
002581.SZ,2016-05-27,24.21,24.38,24.04,24.19,12882.4,31260.24
002581.SZ,2016-05-30,24.1,24.38,24.05,24.24,12103.16,29375.68
002581.SZ,2016-05-31,24.3,25.38,24.3,25.3,24878.53,62290.08
002581.SZ,2016-06-01,25.33,25.43,25.12,25.13,24169.05,61005.82
002581.SZ,2016-06-02,25.13,25.39,25.0,25.19,17832.44,44975.02
002581.SZ,2016-06-03,25.25,25.81,25.08,25.59,24519.23,62247.98
002581.SZ,2016-06-06,25.51,25.59,25.07,25.16,19546.68,49471.67
002581.SZ,2016-06-07,25.4,26.68,25.4,26.38,55277.89,144265.67
002581.SZ,2016-06-08,26.37,26.37,25.65,25.88,31224.73,80918.5
002581.SZ,2016-06-13,25.88,25.99,25.08,25.18,31968.59,81857.53
002581.SZ,2016-06-14,25.21,25.64,25.03,25.4,21772.1,55199.61
002581.SZ,2016-06-15,25.45,26.22,25.35,26.13,29300.68,76014.24
002581.SZ,2016-06-16,26.0,26.19,25.49,25.63,24651.64,63480.08
002581.SZ,2016-06-17,25.7,27.49,25.63,27.03,51190.83,135895.72
002581.SZ,2016-06-20,26.93,27.87,26.3,27.86,54807.03,148643.07
002581.SZ,2016-06-21,28.0,28.0,26.62,27.1,36871.0,100630.1
002581.SZ,2016-06-22,26.94,27.9,26.72,27.74,43680.01,119869.95
002581.SZ,2016-06-23,27.56,27.71,27.0,27.5,26330.78,72080.02
002581.SZ,2016-06-24,27.29,27.53,25.95,26.5,34402.7,92221.73
002581.SZ,2016-06-27,26.26,27.14,26.21,27.04,24364.46,65716.14
002581.SZ,2016-06-28,26.95,27.58,26.7,27.5,30666.32,84014.97
002581.SZ,2016-06-29,27.56,27.83,27.21,27.36,23752.99,65051.76
002581.SZ,2016-06-30,27.37,27.54,27.2,27.25,22336.93,61056.42
002581.SZ,2016-07-01,27.3,28.0,27.16,27.49,33803.4,93476.91
002581.SZ,2016-07-04,27.5,28.25,27.3,28.03,39721.52,110978.03
002581.SZ,2016-07-05,28.05,28.22,27.82,27.96,31352.01,87831.61
002581.SZ,2016-07-06,27.83,28.9,27.75,28.75,43394.53,123892.67
002581.SZ,2016-07-07,28.7,29.46,28.56,29.27,47184.52,136891.86
002581.SZ,2016-07-08,29.2,29.22,28.8,28.88,23372.84,67697.58
002581.SZ,2016-07-11,28.98,29.2,28.5,28.51,20906.59,60226.51
002581.SZ,2016-07-12,28.45,29.5,28.38,29.18,35874.55,104409.52
002581.SZ,2016-07-13,29.18,30.35,29.18,29.95,58134.91,173354.44
002581.SZ,2016-07-14,29.95,29.95,29.2,29.43,30267.4,89267.83
002581.SZ,2016-07-15,29.33,30.15,29.09,30.07,34407.7,102380.14
002581.SZ,2016-07-18,30.0,31.31,29.72,30.34,45570.99,140244.17
002581.SZ,2016-07-19,30.36,30.78,29.9,30.29,25702.16,77452.14
002581.SZ,2016-07-20,30.3,30.47,29.65,29.66,29889.47,89318.24
002581.SZ,2016-07-21,29.65,30.2,29.61,29.66,22057.62,65813.5
002581.SZ,2016-07-22,29.6,29.6,28.81,29.25,35208.86,102563.0
002581.SZ,2016-07-25,29.11,29.56,28.91,29.1,20069.48,58619.05
002581.SZ,2016-07-26,29.18,29.56,29.15,29.56,17427.78,51251.8
002581.SZ,2016-07-27,29.85,29.94,28.0,28.2,43908.91,127643.31
002581.SZ,2016-07-28,28.22,28.42,27.5,27.91,23499.0,65873.37
002581.SZ,2016-07-29,28.0,28.2,27.45,27.53,16488.31,45816.26
002581.SZ,2016-08-01,27.59,27.92,27.0,27.55,15916.8,43438.45
002581.SZ,2016-08-02,27.5,28.18,27.39,27.89,14991.86,41757.7
002581.SZ,2016-08-03,28.12,28.12,27.7,27.88,11653.45,32520.63
002581.SZ,2016-08-04,27.81,27.93,27.35,27.57,22169.95,61092.37
002581.SZ,2016-08-05,27.51,27.68,26.79,26.88,39680.56,107890.4
002581.SZ,2016-08-08,26.87,27.04,25.97,27.04,36686.81,96888.48
002581.SZ,2016-08-09,26.86,27.35,26.86,27.25,25667.92,69747.12
002581.SZ,2016-08-10,27.2,27.75,27.2,27.48,23521.45,64790.31
002581.SZ,2016-08-11,27.44,27.44,26.64,26.79,19007.99,51220.26
002581.SZ,2016-08-12,26.99,27.07,26.48,26.92,16035.96,42962.73
002581.SZ,2016-08-15,26.8,28.06,26.74,28.0,39680.99,109272.57
002581.SZ,2016-08-16,28.01,28.08,27.66,27.71,29212.65,81085.65
002581.SZ,2016-08-17,27.8,28.15,27.67,27.79,20515.96,57117.82
002581.SZ,2016-08-18,27.72,28.16,27.72,27.83,18160.89,50651.1
002581.SZ,2016-08-19,27.85,28.58,27.48,28.36,29914.82,83498.47
002581.SZ,2016-08-22,28.46,28.64,27.6,27.65,26280.45,73701.58
002581.SZ,2016-08-23,27.65,27.94,27.5,27.65,20931.76,57985.75
002581.SZ,2016-08-24,27.62,27.87,27.01,27.09,40003.58,109230.72
002581.SZ,2016-08-25,26.98,26.98,26.4,26.77,26768.01,71468.17
002581.SZ,2016-08-26,27.0,27.1,26.56,26.64,28983.0,77977.7
002581.SZ,2016-08-29,26.64,27.27,26.64,26.72,29780.83,80113.41
002581.SZ,2016-08-30,26.78,27.03,26.78,26.94,16043.03,43155.0
002581.SZ,2016-08-31,26.94,27.06,26.58,26.81,14844.61,39773.37
002581.SZ,2016-09-01,26.85,26.98,26.1,26.1,39375.05,104119.0
002581.SZ,2016-09-02,25.75,25.87,24.98,25.15,57584.56,145587.51
002581.SZ,2016-09-05,25.15,25.32,24.78,24.88,44438.88,111386.74
002581.SZ,2016-09-06,24.98,25.64,24.81,25.59,41696.09,105323.34
002581.SZ,2016-09-07,25.6,25.97,25.5,25.97,45082.74,116250.78
002581.SZ,2016-09-08,25.9,25.97,25.56,25.75,18699.11,48081.52
002581.SZ,2016-09-09,25.75,26.1,25.58,26.04,30041.75,77837.63
002581.SZ,2016-09-12,25.8,26.3,25.38,26.22,43001.85,111735.72
002581.SZ,2016-09-13,26.23,26.27,25.72,26.1,24468.47,63469.38
002581.SZ,2016-09-14,25.87,26.3,25.86,26.28,26329.31,68785.61
002581.SZ,2016-09-19,26.23,26.27,25.9,26.2,27750.56,72466.58
002581.SZ,2016-09-20,26.16,26.16,25.1,25.21,42911.87,109453.25
002581.SZ,2016-09-21,25.25,25.7,25.25,25.53,31300.07,79888.01
002581.SZ,2016-09-22,25.5,25.78,25.2,25.5,26946.01,68539.17
002581.SZ,2016-09-23,25.49,25.55,25.16,25.48,25687.01,65064.38
002581.SZ,2016-09-26,25.39,26.34,25.26,25.75,49988.98,129353.57
002581.SZ,2016-09-27,25.7,25.97,25.5,25.77,24074.86,61806.49
002581.SZ,2016-09-28,25.83,25.84,25.46,25.78,17806.82,45604.83
002581.SZ,2016-09-29,25.78,25.78,25.26,25.41,24542.52,62513.8
002581.SZ,2016-09-30,25.36,25.37,24.88,25.33,45072.06,113421.49
002581.SZ,2016-10-10,25.33,25.68,25.3,25.58,38532.83,98130.66
002581.SZ,2016-10-11,25.59,26.98,25.56,26.58,78571.44,207447.83
002581.SZ,2016-10-12,26.56,26.56,26.17,26.33,32419.08,85215.42
002581.SZ,2016-10-13,26.3,26.78,26.26,26.3,23032.75,60938.24
002581.SZ,2016-10-14,26.25,26.38,25.77,26.01,25111.59,65402.81
002581.SZ,2016-10-17,26.01,26.35,25.35,25.49,37759.84,97720.1
002581.SZ,2016-10-18,25.59,25.95,25.41,25.91,23691.33,60804.78
002581.SZ,2016-10-19,25.86,25.88,25.43,25.71,36809.75,94346.4
002581.SZ,2016-10-20,25.66,25.78,25.48,25.6,27615.37,70656.64
002581.SZ,2016-10-21,25.65,25.8,25.41,25.52,26322.51,67365.73
002581.SZ,2016-10-24,25.56,25.92,25.51,25.82,32408.75,83467.81
002581.SZ,2016-10-25,25.86,25.96,25.63,25.8,28161.07,72677.64
002581.SZ,2016-10-26,25.89,25.89,25.55,25.66,25037.62,64375.07
002581.SZ,2016-10-27,25.67,25.74,25.48,25.62,16959.81,43350.51
002581.SZ,2016-10-28,25.55,25.64,25.13,25.3,32129.21,81400.89
002581.SZ,2016-10-31,25.18,25.38,25.17,25.25,16755.28,42323.97
002581.SZ,2016-11-01,25.3,25.63,25.25,25.57,25414.07,64812.82
002581.SZ,2016-11-02,25.58,25.65,25.37,25.47,20818.18,53179.34
002581.SZ,2016-11-03,25.42,25.68,25.26,25.51,24046.17,61228.54
002581.SZ,2016-11-04,25.59,25.8,25.53,25.69,29308.39,75246.61
002581.SZ,2016-11-07,25.64,26.62,25.64,26.26,71931.64,189506.59
002581.SZ,2016-11-08,26.15,26.52,26.0,26.4,29730.46,78377.32
002581.SZ,2016-11-09,26.3,27.25,26.3,26.85,71183.18,191776.99
002581.SZ,2016-11-10,27.18,27.59,26.99,27.34,47452.91,129340.51
002581.SZ,2016-11-11,27.14,27.34,26.9,27.3,31284.68,84702.96
002581.SZ,2016-11-14,27.26,27.34,26.81,26.95,27643.35,74733.5
002581.SZ,2016-11-15,26.84,27.2,26.76,26.93,17234.75,46507.35
002581.SZ,2016-11-16,26.9,27.01,26.8,26.85,16020.96,43062.36
002581.SZ,2016-11-17,26.84,26.84,26.3,26.55,23025.94,60965.62
002581.SZ,2016-11-18,26.49,26.66,26.33,26.5,19069.2,50483.8
002581.SZ,2016-11-21,26.52,26.82,26.29,26.72,19470.24,51790.71
002581.SZ,2016-11-22,26.7,26.97,26.66,26.9,19982.04,53630.82
002581.SZ,2016-11-23,26.9,26.95,26.48,26.53,26821.4,71544.43
002581.SZ,2016-11-24,26.41,26.54,25.34,25.56,56382.65,145895.24
002581.SZ,2016-11-25,25.61,25.73,25.01,25.71,25989.92,66111.3
002581.SZ,2016-11-28,25.72,25.97,25.46,25.53,27167.35,69584.17
002581.SZ,2016-11-29,25.65,25.77,25.28,25.39,26391.14,67244.93
002581.SZ,2016-11-30,25.39,25.8,25.28,25.45,29784.56,76107.58
002581.SZ,2016-12-01,25.45,26.1,25.36,26.03,37549.07,96559.2
002581.SZ,2016-12-02,25.99,25.99,25.52,25.58,22617.18,58022.37
002581.SZ,2016-12-05,25.41,25.68,25.32,25.6,19867.92,50728.74
002581.SZ,2016-12-06,25.59,25.7,25.49,25.6,12311.87,31525.7
002581.SZ,2016-12-07,25.66,25.66,25.26,25.59,12935.89,32892.38
002581.SZ,2016-12-08,25.66,25.66,25.47,25.52,11904.07,30408.18
002581.SZ,2016-12-09,25.58,25.76,25.35,25.48,12542.71,32072.58
002581.SZ,2016-12-12,25.5,25.68,24.94,25.3,35072.24,88961.28
002581.SZ,2016-12-13,25.07,25.26,23.98,24.12,58077.75,142163.01
002581.SZ,2016-12-14,24.07,24.07,23.38,23.47,29356.66,69353.68
002581.SZ,2016-12-15,23.4,24.0,23.3,23.75,18730.32,44375.54
002581.SZ,2016-12-16,23.59,23.86,23.4,23.67,21331.21,50347.11
002581.SZ,2016-12-19,23.62,23.77,23.38,23.52,16301.52,38301.84
002581.SZ,2016-12-20,23.56,23.59,23.32,23.48,14894.02,34913.7
002581.SZ,2016-12-21,23.5,23.94,23.5,23.8,17688.04,42079.38
002581.SZ,2016-12-22,23.8,23.89,23.42,23.5,12102.69,28493.73
002581.SZ,2016-12-23,23.47,23.58,22.2,22.33,54650.22,124144.59
002581.SZ,2016-12-26,22.33,23.04,21.76,22.8,23818.0,53670.76
002581.SZ,2016-12-27,22.84,24.3,22.84,24.03,49068.72,116224.49
002581.SZ,2016-12-28,23.98,24.3,23.4,24.18,34416.05,82088.45
002581.SZ,2016-12-29,24.08,24.23,23.8,24.2,20328.61,49000.52
002581.SZ,2016-12-30,24.16,24.3,23.81,24.27,21418.13,51787.6
002581.SZ,2017-01-03,24.09,24.46,23.97,24.28,20471.04,49542.06
002581.SZ,2017-01-04,24.42,24.42,24.02,24.25,12646.0,30597.64
002581.SZ,2017-01-05,24.27,25.08,24.17,24.74,18902.76,46872.52
002581.SZ,2017-01-06,24.49,24.73,24.01,24.09,13699.03,33148.19
002581.SZ,2017-01-09,24.23,24.45,23.9,24.31,19105.3,46150.2
002581.SZ,2017-01-10,24.3,24.37,24.2,24.31,8832.21,21447.25
002581.SZ,2017-01-11,24.16,24.27,23.43,23.89,18269.11,43561.52
002581.SZ,2017-01-12,23.84,23.84,23.2,23.59,17634.18,41377.57
002581.SZ,2017-01-13,23.54,23.55,23.1,23.15,11505.12,26836.29
002581.SZ,2017-01-16,23.01,23.01,20.84,21.85,37815.88,83455.74
002581.SZ,2017-01-17,21.9,22.08,21.29,22.05,27592.8,59874.27
002581.SZ,2017-01-18,22.05,22.25,21.65,22.08,10703.8,23638.5
002581.SZ,2017-01-19,21.99,21.99,21.4,21.59,20138.0,43480.79
002581.SZ,2017-01-20,21.79,22.5,21.6,22.48,22967.58,50984.69
002581.SZ,2017-01-23,22.25,22.82,22.0,22.05,18971.45,42283.28
002581.SZ,2017-01-24,22.18,22.27,21.75,21.95,9988.76,21983.72
002581.SZ,2017-01-25,21.95,22.28,21.79,22.15,16362.84,36132.31
002581.SZ,2017-01-26,22.22,22.37,22.11,22.24,7377.24,16414.44
002581.SZ,2017-02-03,22.0,22.2,21.46,21.82,16241.87,35384.13
002581.SZ,2017-02-06,21.81,21.95,21.66,21.87,19895.24,43388.06
002581.SZ,2017-02-07,21.79,21.98,21.71,21.95,18954.54,41439.57
002581.SZ,2017-02-08,21.95,22.13,21.74,22.08,17286.41,37930.13
002581.SZ,2017-02-09,22.0,22.46,22.0,22.31,21996.77,49002.64
002581.SZ,2017-02-10,22.44,22.44,21.95,22.08,23015.28,50855.13
002581.SZ,2017-02-13,22.1,22.14,21.8,22.09,26160.19,57430.59
002581.SZ,2017-02-14,22.09,22.41,22.09,22.17,23708.34,52816.93
002581.SZ,2017-02-15,22.05,22.33,22.05,22.22,21119.79,46856.52
002581.SZ,2017-02-16,22.22,22.34,21.91,21.94,20956.63,46094.8
002581.SZ,2017-02-17,21.94,22.09,21.8,21.95,19221.46,42235.67
002581.SZ,2017-02-20,21.96,22.09,21.43,21.6,32422.3,70014.97
002581.SZ,2017-02-21,21.6,21.98,21.51,21.92,23758.26,51752.65
002581.SZ,2017-02-22,21.92,24.11,21.92,24.11,111986.26,264868.03
002581.SZ,2017-02-23,23.8,24.0,23.03,23.6,86414.0,203480.89
002581.SZ,2017-02-24,23.6,23.83,23.04,23.28,51963.63,121001.9
002581.SZ,2017-02-27,23.48,24.31,23.37,23.54,61044.2,145646.01
002581.SZ,2017-02-28,23.67,23.94,23.5,23.91,34044.25,80790.03
002581.SZ,2017-03-01,23.79,24.1,23.62,23.65,31850.11,76058.56
002581.SZ,2017-03-02,23.71,23.79,23.43,23.64,18277.95,43133.58
002581.SZ,2017-03-03,23.49,23.9,23.41,23.68,21973.33,52061.03
002581.SZ,2017-03-06,23.68,24.1,23.55,23.99,29935.76,71701.47
002581.SZ,2017-03-07,24.01,24.3,23.85,24.15,24835.92,59759.26
002581.SZ,2017-03-08,24.16,24.25,23.56,23.94,24505.58,58534.79
002581.SZ,2017-03-09,23.94,23.94,23.33,23.48,25065.7,58869.57
002581.SZ,2017-03-10,23.41,23.61,23.33,23.45,12873.88,30195.57
002581.SZ,2017-03-13,23.6,23.6,23.16,23.46,18602.47,43372.09
002581.SZ,2017-03-14,23.5,23.59,23.34,23.38,15823.01,37097.43
002581.SZ,2017-03-15,23.38,23.9,23.14,23.88,28919.24,67907.93
002581.SZ,2017-03-16,23.88,24.69,23.75,24.47,53426.62,129399.38
002581.SZ,2017-03-17,24.47,24.58,23.9,24.0,24742.05,60014.61
002581.SZ,2017-03-20,24.02,24.77,24.02,24.58,34109.23,83419.93
002581.SZ,2017-03-21,24.55,25.38,24.32,25.16,56152.39,140365.1
002581.SZ,2017-03-22,24.99,25.24,24.7,25.0,25316.98,63090.41
002581.SZ,2017-03-23,24.8,25.47,24.23,24.62,29469.88,73238.03
002581.SZ,2017-03-24,24.56,25.31,24.56,25.0,29895.08,74791.08
002581.SZ,2017-03-27,25.05,25.44,24.61,24.99,19553.93,48567.99
002581.SZ,2017-03-28,24.87,24.94,24.5,24.52,21253.81,52467.41
002581.SZ,2017-03-29,24.44,24.85,23.83,24.2,21612.19,52443.57
002581.SZ,2017-03-30,24.39,24.39,23.26,23.31,29106.17,68941.12
002581.SZ,2017-03-31,23.3,23.74,23.3,23.68,14565.36,34411.56
002581.SZ,2017-04-05,23.75,24.7,23.73,24.52,26398.56,64012.14
002581.SZ,2017-04-06,24.74,24.78,24.11,24.15,19826.93,48424.97
002581.SZ,2017-04-07,24.06,25.17,24.06,24.91,35747.23,88323.84
002581.SZ,2017-04-10,25.05,25.79,24.63,25.6,61413.56,155697.97
002581.SZ,2017-04-11,25.7,26.37,24.91,25.4,74159.99,189848.09
002581.SZ,2017-04-12,25.3,25.55,24.92,25.25,23949.7,60346.25
002581.SZ,2017-04-13,25.25,25.64,24.72,25.41,41759.78,105643.74
002581.SZ,2017-04-14,25.38,25.54,25.0,25.3,25094.72,63375.01
002581.SZ,2017-04-17,25.16,25.5,24.88,25.16,31719.16,79942.12
002581.SZ,2017-04-18,25.17,25.35,24.93,25.06,18045.52,45411.37
002581.SZ,2017-04-19,24.97,25.13,23.88,24.74,31609.43,77427.27
002581.SZ,2017-04-20,24.85,25.09,24.41,24.57,21093.54,52296.15
002581.SZ,2017-04-21,24.56,25.5,24.5,25.1,34983.71,88106.05
002581.SZ,2017-04-24,25.16,25.3,24.66,25.2,30184.65,75350.57
002581.SZ,2017-04-25,25.28,25.35,24.3,24.31,23641.75,59098.67
002581.SZ,2017-04-26,24.23,24.65,23.77,24.12,27238.53,65752.5
002581.SZ,2017-04-27,23.7,23.97,21.71,22.53,83689.5,187387.57
002581.SZ,2017-04-28,22.8,23.77,22.69,23.7,52153.7,121418.31
002581.SZ,2017-05-02,23.55,23.8,23.22,23.52,18510.12,43586.52
002581.SZ,2017-05-03,23.65,23.8,23.3,23.45,16266.69,38195.96
002581.SZ,2017-05-04,23.36,23.63,23.07,23.16,11269.09,26274.6
002581.SZ,2017-05-05,23.1,23.36,21.0,21.8,37210.39,82753.19
002581.SZ,2017-05-08,21.82,22.27,21.53,22.0,17655.63,38943.85
002581.SZ,2017-05-09,21.98,22.3,21.82,22.22,8539.0,18879.87
002581.SZ,2017-05-10,22.21,22.5,21.54,21.63,15377.81,33822.06
002581.SZ,2017-05-11,21.25,22.17,21.25,22.15,21924.83,47673.31
002581.SZ,2017-05-12,22.05,22.4,21.53,22.02,15833.26,34758.78
002581.SZ,2017-05-15,22.02,22.35,21.89,22.17,12642.98,27993.18
002581.SZ,2017-05-16,22.1,22.94,22.01,22.88,18836.54,42287.33
002581.SZ,2017-05-17,23.01,23.48,22.88,22.94,18752.18,43415.06
002581.SZ,2017-05-18,22.98,23.3,22.84,23.15,14712.89,33922.49
002581.SZ,2017-05-19,23.13,23.18,22.52,22.57,22286.03,50518.38
002581.SZ,2017-05-22,22.66,22.71,22.26,22.5,9521.61,21414.43
002581.SZ,2017-05-23,22.38,22.54,21.58,21.85,12804.72,28210.49
002581.SZ,2017-05-24,21.8,22.1,21.51,22.09,10552.93,23073.65
002581.SZ,2017-05-25,21.98,22.19,21.41,21.94,22444.77,48749.64
002581.SZ,2017-05-26,21.92,22.28,21.91,22.04,9976.08,22045.16
002581.SZ,2017-05-31,22.3,22.4,21.89,22.01,9910.12,21965.86
002581.SZ,2017-06-01,21.81,22.11,21.5,21.52,8910.0,19395.82
002581.SZ,2017-06-02,21.5,21.92,21.1,21.72,22177.27,47429.74
002581.SZ,2017-06-05,21.54,22.13,21.54,21.68,13141.86,28670.43
002581.SZ,2017-06-06,21.68,21.89,21.58,21.79,7796.05,16950.84
002581.SZ,2017-06-07,21.73,22.3,21.71,22.22,21391.11,47277.47
002581.SZ,2017-06-08,22.03,22.26,21.92,22.1,18273.24,40342.83
002581.SZ,2017-06-09,22.16,22.16,21.74,21.78,22018.98,48179.27
002581.SZ,2017-06-12,21.65,21.75,21.3,21.3,29881.45,64090.48
002581.SZ,2017-06-13,21.28,21.29,19.22,20.65,91341.05,183757.8
002581.SZ,2017-06-14,20.33,20.61,20.15,20.43,39610.14,80524.21
002581.SZ,2017-06-15,20.15,20.74,20.15,20.63,39275.49,80892.53
002581.SZ,2017-06-16,20.65,21.29,20.65,21.01,40780.96,85743.82
002581.SZ,2017-06-19,21.16,21.18,20.2,20.47,78588.49,160698.25
002581.SZ,2017-06-20,20.49,20.87,20.39,20.62,26088.46,53811.76
002581.SZ,2017-06-21,20.75,20.79,20.59,20.79,23268.34,48106.29
002581.SZ,2017-06-22,20.7,20.84,20.46,20.49,21565.8,44560.66
002581.SZ,2017-06-23,20.49,20.54,20.21,20.45,14063.94,28640.55
002581.SZ,2017-06-26,20.36,20.75,20.35,20.68,21902.98,45180.72
002581.SZ,2017-06-27,20.8,21.13,20.4,20.5,40599.99,83875.83
002581.SZ,2017-06-28,20.64,20.64,20.22,20.45,18564.67,37754.42
002581.SZ,2017-06-29,20.47,20.55,20.35,20.47,13623.35,27885.83
002581.SZ,2017-06-30,20.48,20.53,20.11,20.45,17757.43,36129.67
002581.SZ,2017-07-03,20.44,20.45,20.09,20.43,29548.24,59788.18
002581.SZ,2017-07-04,20.36,20.43,20.18,20.43,23064.32,46735.76
002581.SZ,2017-07-05,20.32,20.46,20.23,20.45,25647.58,52188.73
002581.SZ,2017-07-06,20.37,20.6,20.24,20.44,41852.39,85361.82
002581.SZ,2017-07-07,20.33,20.54,20.29,20.5,25182.77,51385.65
002581.SZ,2017-07-10,20.48,20.53,20.28,20.43,20787.0,42394.27
002581.SZ,2017-07-11,20.44,20.46,20.31,20.43,14096.79,28723.24
002581.SZ,2017-07-12,20.4,20.41,20.21,20.33,16231.49,32982.2
002581.SZ,2017-07-13,20.33,20.37,20.18,20.27,9705.18,19681.26
002581.SZ,2017-07-14,20.27,20.47,20.21,20.46,14292.7,29149.59
002581.SZ,2017-07-17,20.36,20.44,19.5,20.1,33502.98,66595.41
002581.SZ,2017-07-18,19.88,20.21,19.75,20.07,22484.25,44855.72
002581.SZ,2017-07-19,20.0,20.0,19.4,19.78,40373.43,79436.8
002581.SZ,2017-08-02,20.3,20.9,19.75,20.2,62985.48,127162.2
002581.SZ,2017-08-03,19.79,20.8,19.68,20.2,45257.25,90848.11
002581.SZ,2017-08-04,20.07,20.2,19.9,20.15,34941.16,69963.31
002581.SZ,2017-08-07,20.18,20.46,20.16,20.46,26169.68,53025.42
002581.SZ,2017-08-08,20.44,20.52,20.22,20.43,23356.85,47612.88
002581.SZ,2017-08-09,20.38,20.46,20.28,20.4,19108.06,38886.78
002581.SZ,2017-08-10,20.26,20.39,20.14,20.38,19423.57,39325.07
002581.SZ,2017-08-11,20.33,20.97,20.2,20.5,38219.88,78823.15
002581.SZ,2017-08-14,20.5,20.68,20.31,20.58,32224.29,66159.83
002581.SZ,2017-08-15,20.59,20.77,20.4,20.58,49520.74,101722.05
002581.SZ,2017-08-16,20.58,20.75,20.44,20.62,36903.0,76046.82
002581.SZ,2017-08-17,20.6,20.68,20.49,20.59,34258.42,70532.48
002581.SZ,2017-08-18,20.52,20.52,20.18,20.45,37992.18,77159.24
002581.SZ,2017-08-21,20.38,20.48,20.3,20.38,26464.0,54015.21
002581.SZ,2017-08-22,20.41,20.62,20.28,20.47,25554.08,52182.72
002581.SZ,2017-08-23,20.47,20.67,20.36,20.39,33386.23,68366.11
002581.SZ,2017-08-24,20.4,20.46,20.25,20.46,28585.51,58244.42
002581.SZ,2017-08-25,20.43,20.55,20.35,20.5,22527.8,46158.33
002581.SZ,2017-08-28,20.49,20.7,20.39,20.63,30846.97,63544.02
002581.SZ,2017-08-29,20.63,20.69,20.45,20.66,31664.0,65077.76
002581.SZ,2017-08-30,20.62,21.69,20.62,21.48,79888.24,168640.98
002581.SZ,2017-08-31,20.5,20.97,20.4,20.63,135355.05,279890.13
002581.SZ,2017-09-01,20.7,20.71,20.31,20.49,63051.68,129239.32
002581.SZ,2017-09-04,20.48,20.48,20.23,20.45,41776.33,84940.77
002581.SZ,2017-09-05,20.41,20.44,20.28,20.44,28691.85,58367.71
002581.SZ,2017-09-06,20.38,20.67,20.32,20.58,51246.55,105199.79
002581.SZ,2017-09-07,20.59,20.78,20.53,20.63,33187.57,68485.57
002581.SZ,2017-09-08,20.59,21.18,20.59,20.85,51571.98,107733.18
002581.SZ,2017-09-11,20.83,21.87,20.76,21.72,89274.03,191901.25
002581.SZ,2017-09-12,21.7,22.45,21.12,21.65,97832.22,213666.04
002581.SZ,2017-09-13,21.63,21.88,21.18,21.41,46441.74,99561.78
002581.SZ,2017-09-14,21.4,21.73,21.4,21.46,41149.13,88584.03
002581.SZ,2017-09-15,21.48,22.49,21.48,22.05,76878.22,169513.44
002581.SZ,2017-09-18,22.25,23.04,22.07,22.74,82160.53,186102.77
002581.SZ,2017-09-19,22.71,23.12,22.4,22.99,98557.46,225249.29
002581.SZ,2017-09-20,23.49,23.49,22.69,23.0,65796.6,151648.36
002581.SZ,2017-09-21,23.68,24.1,22.83,23.0,59992.65,139611.5
002581.SZ,2017-09-22,22.9,23.3,22.45,23.18,61594.26,141054.83
002581.SZ,2017-09-25,23.0,23.34,22.45,22.47,34918.0,79626.53
002581.SZ,2017-09-26,22.4,22.71,22.27,22.5,25944.3,58264.05
002581.SZ,2017-09-27,22.33,22.64,22.33,22.48,21542.25,48437.93
002581.SZ,2017-09-28,22.4,22.6,22.28,22.29,23317.68,52148.37
002581.SZ,2017-09-29,22.4,22.44,22.18,22.38,17473.0,39009.31
002581.SZ,2017-10-09,22.39,22.81,22.2,22.67,32774.4,73696.5
002581.SZ,2017-10-10,22.67,23.09,22.67,22.85,29017.5,66472.64
002581.SZ,2017-10-11,22.9,23.09,22.54,22.58,21949.0,49877.42
002581.SZ,2017-10-12,22.59,22.68,22.18,22.21,26351.88,58904.56
002581.SZ,2017-10-13,22.2,22.79,22.14,22.56,31873.64,71759.71
002581.SZ,2017-10-16,22.39,22.39,22.12,22.12,24362.92,54170.63
002581.SZ,2017-10-17,22.06,22.18,21.8,21.94,19789.35,43484.82
002581.SZ,2017-10-18,22.08,22.09,21.51,21.59,19528.15,42430.39
002581.SZ,2017-10-19,21.59,21.88,21.41,21.48,13732.02,29702.77
002581.SZ,2017-10-20,21.31,21.73,21.31,21.72,8110.04,17532.55
002581.SZ,2017-10-23,21.66,21.85,21.6,21.73,10280.84,22314.24
002581.SZ,2017-10-24,21.74,21.83,21.43,21.55,11197.02,24160.85
002581.SZ,2017-10-25,21.6,21.77,21.51,21.59,9447.95,20442.43
002581.SZ,2017-10-26,21.6,21.89,21.6,21.82,15837.0,34449.32
002581.SZ,2017-10-27,21.83,22.09,21.54,21.68,17472.0,38259.34
002581.SZ,2017-10-30,21.7,21.84,21.0,21.05,21298.0,45273.61
002581.SZ,2017-10-31,21.55,21.55,21.0,21.1,12641.04,26731.58
002581.SZ,2017-11-01,21.2,21.33,21.02,21.28,14630.82,30958.23
002581.SZ,2017-11-02,21.25,21.25,20.66,21.01,24052.24,50191.91
002581.SZ,2017-11-03,20.85,20.95,20.51,20.88,25587.09,52877.03
002581.SZ,2017-11-06,20.86,20.86,20.27,20.5,27746.0,56783.24
002581.SZ,2017-11-07,20.4,20.69,20.33,20.41,16733.0,34209.54
002581.SZ,2017-11-08,20.3,20.95,20.27,20.93,24864.01,51436.84
002581.SZ,2017-11-09,20.92,21.27,20.79,21.08,21239.4,44803.26
002581.SZ,2017-11-10,21.0,21.01,20.72,20.79,15723.0,32717.75
002581.SZ,2017-11-13,20.8,20.8,20.3,20.35,28750.42,58922.69
002581.SZ,2017-11-14,20.31,20.83,20.22,20.61,19904.75,40864.33
002581.SZ,2017-11-15,20.59,20.6,20.35,20.35,15477.32,31600.17
002581.SZ,2017-11-16,20.3,20.55,20.3,20.31,19210.0,39202.12
002581.SZ,2017-11-17,20.41,20.41,19.26,19.55,44369.94,86949.04
002581.SZ,2017-11-20,19.55,19.56,19.17,19.56,22363.7,43150.89
002581.SZ,2017-11-21,19.44,19.55,19.25,19.48,17905.0,34688.36
002581.SZ,2017-11-22,19.43,19.45,19.23,19.4,22359.0,43183.11
002581.SZ,2017-11-23,19.38,19.38,18.84,19.0,25932.0,49380.62
002581.SZ,2017-11-24,18.9,18.97,18.42,18.5,22144.29,41020.24
002581.SZ,2017-11-27,18.51,18.51,17.91,17.95,17768.0,32229.76
002581.SZ,2017-11-28,18.22,19.64,18.22,19.09,38537.76,73374.25
002581.SZ,2017-11-29,18.91,19.68,18.91,19.53,31853.7,61550.06
002581.SZ,2017-11-30,19.69,19.73,19.25,19.36,17700.24,34519.7
002581.SZ,2017-12-01,19.24,19.9,19.24,19.52,16856.0,33011.26
002581.SZ,2017-12-04,19.4,19.65,18.88,18.89,17112.0,32967.32
002581.SZ,2017-12-05,18.96,19.33,18.38,18.79,14514.0,27332.61
002581.SZ,2017-12-06,18.48,18.78,18.3,18.5,19613.0,36290.0
002581.SZ,2017-12-07,18.44,18.65,18.17,18.49,17279.64,31899.27
002581.SZ,2017-12-08,18.32,18.69,18.32,18.65,18783.17,34878.4
002581.SZ,2017-12-11,18.52,18.73,18.43,18.6,21926.08,40636.15
002581.SZ,2017-12-12,18.62,18.68,18.28,18.4,16176.27,29813.22
002581.SZ,2017-12-13,18.38,18.55,18.3,18.5,10721.34,19755.86
002581.SZ,2017-12-14,18.5,18.65,18.43,18.63,11855.29,21978.88
002581.SZ,2017-12-15,18.6,18.65,18.49,18.62,12306.96,22838.41
002581.SZ,2017-12-18,18.6,18.7,18.5,18.51,13007.0,24191.16
002581.SZ,2017-12-19,18.55,18.76,18.49,18.62,9850.63,18312.99
002581.SZ,2017-12-20,18.64,18.66,18.42,18.5,8284.77,15336.68
002581.SZ,2017-12-21,18.36,18.49,18.12,18.37,9013.0,16497.38
002581.SZ,2017-12-22,18.34,18.38,18.0,18.04,13451.0,24374.1
002581.SZ,2017-12-25,18.02,18.15,17.5,18.05,29678.82,52858.87
002581.SZ,2017-12-26,17.94,18.06,17.77,18.06,12639.84,22667.82
002581.SZ,2017-12-27,18.9,19.86,18.78,18.78,52394.67,100685.08
002581.SZ,2017-12-28,18.54,18.95,18.4,18.44,31880.0,59349.55
002581.SZ,2017-12-29,18.45,19.35,18.4,19.17,31906.22,60408.06
002581.SZ,2018-01-02,18.84,19.7,18.84,19.45,33623.0,65416.18
002581.SZ,2018-01-03,19.32,19.6,19.3,19.35,19499.6,37861.49
002581.SZ,2018-01-04,19.29,19.34,19.08,19.1,20087.0,38496.21
002581.SZ,2018-01-05,19.19,19.33,18.86,18.86,25138.1,48008.3
002581.SZ,2018-01-08,18.92,19.11,18.6,18.79,19749.63,36960.86
002581.SZ,2018-01-09,18.79,19.28,18.69,19.02,17483.6,33274.84
002581.SZ,2018-01-10,19.0,19.18,18.66,18.85,13376.42,25249.41
002581.SZ,2018-01-11,18.85,19.18,18.84,19.08,17109.55,32586.94
002581.SZ,2018-01-12,19.13,19.23,18.75,18.85,17286.0,32751.68
002581.SZ,2018-01-15,18.76,18.92,18.1,18.19,23917.0,44080.03
002581.SZ,2018-01-16,18.11,18.4,18.08,18.21,15701.77,28561.1
002581.SZ,2018-01-17,18.38,18.38,18.11,18.21,12613.68,22981.86
002581.SZ,2018-01-18,18.21,18.3,18.16,18.17,8916.0,16239.62
002581.SZ,2018-01-19,18.17,18.35,18.11,18.23,11848.0,21639.97
002581.SZ,2018-01-22,18.18,18.39,17.96,18.27,16826.77,30491.09
002581.SZ,2018-01-23,18.18,18.32,18.04,18.15,14532.66,26410.76
002581.SZ,2018-01-24,18.15,18.19,17.81,17.92,25038.08,44897.21
002581.SZ,2018-01-25,17.92,18.06,17.86,17.96,12143.0,21823.04
002581.SZ,2018-01-26,17.96,18.53,17.91,18.4,28402.56,52256.36
002581.SZ,2018-01-29,18.33,18.77,18.26,18.52,32669.25,60729.31
002581.SZ,2018-01-30,18.41,18.78,18.41,18.7,27831.6,51950.52
002581.SZ,2018-01-31,18.55,18.79,18.23,18.4,20528.0,38021.96
002581.SZ,2018-02-01,18.4,18.4,17.6,17.67,22313.0,39967.23
002581.SZ,2018-02-02,17.78,17.78,15.9,15.9,80074.54,131441.53
002581.SZ,2018-02-05,15.68,15.68,14.31,14.56,115506.18,168219.32
002581.SZ,2018-02-06,13.91,14.09,13.1,13.11,159742.69,213285.89
002581.SZ,2018-02-07,13.56,13.65,12.73,13.41,113150.78,150961.26
002581.SZ,2018-02-08,13.4,13.65,13.26,13.51,46040.32,62157.82
002581.SZ,2018-02-09,13.11,13.99,12.75,13.69,74233.47,99442.79
002581.SZ,2018-02-12,13.42,13.78,13.32,13.67,34644.93,47154.62
002581.SZ,2018-02-13,13.74,14.14,13.57,13.68,30948.37,42865.24
002581.SZ,2018-02-14,13.69,13.89,13.46,13.48,23025.0,31389.9
002581.SZ,2018-02-22,13.6,13.79,13.5,13.57,22617.01,30700.31
002581.SZ,2018-02-23,13.53,13.68,13.47,13.56,15943.0,21620.54
002581.SZ,2018-02-26,13.61,14.3,13.56,14.15,44123.01,61604.26
002581.SZ,2018-02-27,14.13,14.66,14.03,14.28,38863.0,55774.8
002581.SZ,2018-02-28,14.1,14.34,13.95,14.23,22178.0,31329.28
002581.SZ,2018-03-01,14.2,14.63,14.03,14.58,32637.0,47051.68
002581.SZ,2018-03-02,14.5,14.87,14.41,14.47,28337.03,41443.19
002581.SZ,2018-03-05,14.6,14.7,14.17,14.33,22317.61,32022.83
002581.SZ,2018-03-06,14.35,15.39,14.2,14.99,54242.27,79945.1
002581.SZ,2018-03-07,14.75,14.87,14.45,14.55,40963.02,59868.82
002581.SZ,2018-03-08,14.55,14.75,14.38,14.61,29632.05,43063.84
002581.SZ,2018-03-09,14.63,15.39,14.55,15.17,61145.9,91879.11
002581.SZ,2018-03-12,16.13,16.69,16.0,16.69,126691.14,210277.68
002581.SZ,2018-03-13,17.2,17.97,16.66,16.66,233876.7,404349.77
002581.SZ,2018-03-14,16.35,16.48,16.0,16.06,98939.31,160389.56
002581.SZ,2018-03-15,15.69,15.8,15.38,15.67,78956.67,123123.53
002581.SZ,2018-03-16,15.73,17.24,15.67,16.07,96845.74,158704.18
002581.SZ,2018-03-19,16.18,16.78,15.82,16.48,67645.61,110833.61
002581.SZ,2018-03-20,16.06,17.12,16.0,16.85,92251.65,154464.27
002581.SZ,2018-03-21,16.74,16.98,16.45,16.84,66890.09,111583.98
002581.SZ,2018-03-22,16.61,16.97,16.59,16.63,42571.6,71163.88
002581.SZ,2018-03-23,15.9,16.14,14.97,14.97,85584.35,132304.64
002581.SZ,2018-03-26,14.7,15.35,14.25,15.25,50353.18,74947.55
002581.SZ,2018-03-27,15.43,15.89,15.43,15.71,47386.6,74104.01
002581.SZ,2018-03-28,15.4,16.31,15.35,15.72,44152.91,70393.48
002581.SZ,2018-03-29,15.65,15.86,15.5,15.74,32352.54,50812.15
002581.SZ,2018-03-30,15.78,16.33,15.71,16.22,45138.99,72755.25
002581.SZ,2018-04-02,16.5,16.68,16.25,16.5,56014.48,92508.45
002581.SZ,2018-04-03,16.31,16.4,16.05,16.16,37638.63,60990.28
002581.SZ,2018-04-04,16.39,16.81,15.91,15.98,51935.73,85131.6
002581.SZ,2018-04-09,15.75,16.3,15.63,16.11,31763.56,51076.59
002581.SZ,2018-04-10,16.05,16.33,15.82,16.16,39350.27,63383.97
002581.SZ,2018-04-11,16.25,16.36,16.05,16.15,30430.39,49109.02
002581.SZ,2018-04-12,16.45,16.91,16.45,16.55,84284.22,140363.5
002581.SZ,2018-04-13,16.48,16.75,16.3,16.67,58458.87,96731.78
002581.SZ,2018-04-16,16.48,16.54,15.81,16.44,54245.82,87843.59
002581.SZ,2018-04-17,15.8,16.35,14.97,15.05,62053.92,96787.32
002581.SZ,2018-04-18,15.18,15.29,14.4,14.88,46381.8,68513.34
002581.SZ,2018-04-19,14.8,15.13,14.5,14.86,33715.6,50067.77
002581.SZ,2018-04-20,14.56,14.95,14.22,14.3,32578.06,47255.79
002581.SZ,2018-04-23,14.1,14.1,13.31,13.71,46288.28,63429.39
002581.SZ,2018-04-24,13.71,14.44,13.65,14.39,32075.49,45183.72
002581.SZ,2018-04-25,14.19,15.41,14.16,15.27,60152.09,90275.98
002581.SZ,2018-04-26,14.98,15.17,14.82,14.85,32121.61,48020.25
002581.SZ,2018-04-27,14.88,15.29,14.69,15.09,35357.02,53125.54
002581.SZ,2018-05-02,15.07,15.16,14.5,14.66,36155.4,53328.41
002581.SZ,2018-05-03,14.65,14.66,14.12,14.52,27294.3,39276.02
002581.SZ,2018-05-04,14.4,15.5,14.38,15.39,56966.48,85904.13
002581.SZ,2018-05-07,15.3,15.68,15.25,15.42,40474.02,62673.45
002581.SZ,2018-05-08,15.55,15.88,15.31,15.64,44881.53,70061.97
002581.SZ,2018-05-09,15.44,15.9,15.43,15.69,35407.47,55602.39
002581.SZ,2018-05-10,15.75,17.26,15.7,16.97,141962.21,238198.99
002581.SZ,2018-05-11,16.84,17.49,16.51,16.77,104109.98,176778.76
002581.SZ,2018-05-14,16.54,16.56,15.71,15.8,86618.17,138339.2
002581.SZ,2018-05-15,16.07,16.22,15.88,15.91,54804.95,87819.1
002581.SZ,2018-05-16,15.68,16.25,15.53,15.7,52414.86,83104.13
002581.SZ,2018-05-17,15.7,15.84,15.23,15.55,53560.16,83242.07
002581.SZ,2018-05-18,15.37,15.85,15.37,15.55,29689.77,46308.47
002581.SZ,2018-05-21,15.72,15.78,15.43,15.54,37922.2,58928.52
002581.SZ,2018-05-22,15.61,15.82,15.47,15.72,52670.66,82668.14
002581.SZ,2018-05-23,16.0,16.4,15.71,15.78,78021.69,124926.37
002581.SZ,2018-05-24,15.6,15.63,14.85,15.55,54600.0,83581.08
002581.SZ,2018-05-25,15.39,15.85,15.17,15.53,40497.45,62902.79
002581.SZ,2018-05-28,15.38,15.79,15.09,15.53,32408.0,50031.57
002581.SZ,2018-05-29,15.5,15.5,14.6,14.65,49599.88,74618.88
002581.SZ,2018-05-30,14.25,14.46,13.8,13.88,48828.0,68754.99
002581.SZ,2018-05-31,13.95,14.29,13.85,13.91,36316.02,50901.14
002581.SZ,2018-06-01,13.98,13.98,13.32,13.48,39504.0,53894.25
002581.SZ,2018-06-04,13.51,13.85,13.48,13.74,22421.02,30641.7
002581.SZ,2018-06-05,13.78,13.99,13.6,13.91,32737.63,45330.42
002581.SZ,2018-06-06,13.91,14.02,13.65,13.78,26640.5,36817.39
002581.SZ,2018-06-07,13.83,13.83,13.39,13.5,34641.71,46960.31
002581.SZ,2018-06-08,13.49,13.5,13.05,13.4,35022.0,46408.61
002581.SZ,2018-06-11,13.33,13.4,13.1,13.19,22410.0,29537.85
002581.SZ,2018-06-12,13.23,13.3,13.05,13.28,20514.3,27084.68
002581.SZ,2018-06-13,13.21,13.28,12.93,13.12,26768.65,34932.3
002581.SZ,2018-06-14,12.93,13.08,12.33,12.41,57208.2,72802.0
002581.SZ,2018-06-15,12.41,12.51,11.17,11.18,87607.2,99647.32
002581.SZ,2018-06-19,10.68,11.14,10.21,10.29,52640.15,55773.73
002581.SZ,2018-06-20,10.29,10.86,10.26,10.68,42729.41,45045.08
002581.SZ,2018-06-21,10.8,10.93,10.02,10.09,52551.35,54750.92
002581.SZ,2018-06-22,9.92,10.47,9.92,10.44,43039.96,44205.78
002581.SZ,2018-06-25,10.53,10.72,10.38,10.44,30923.48,32690.59
002581.SZ,2018-06-26,10.19,10.75,10.12,10.64,25562.35,26944.58
002581.SZ,2018-06-27,10.64,10.72,10.32,10.43,23550.0,24707.48
002581.SZ,2018-06-28,10.5,10.64,10.26,10.35,23942.3,25064.92
002581.SZ,2018-06-29,10.43,10.68,10.11,10.65,32769.18,34256.54
002581.SZ,2018-07-02,10.47,10.63,9.91,10.14,48305.39,49776.38
002581.SZ,2018-07-03,10.15,10.55,10.14,10.52,38460.65,39645.36
002581.SZ,2018-07-04,10.52,10.57,10.11,10.18,28879.86,29861.22
002581.SZ,2018-07-05,10.17,10.24,9.5,9.61,49019.09,48787.42
002581.SZ,2018-07-06,9.64,10.29,9.6,10.05,69837.82,69210.79
002581.SZ,2018-07-09,10.2,10.5,10.15,10.43,37163.15,38396.31
002581.SZ,2018-07-10,10.4,10.45,10.21,10.38,29310.0,30209.23
002581.SZ,2018-07-11,10.27,10.27,9.79,9.94,38728.0,38593.05
002581.SZ,2018-07-12,9.98,10.33,9.98,10.25,31598.0,32250.76
002581.SZ,2018-07-13,10.28,10.76,10.12,10.45,51427.91,53812.53
002581.SZ,2018-07-16,9.88,10.13,9.86,10.09,50938.66,50937.07
002581.SZ,2018-07-17,10.13,10.45,9.97,10.33,38166.42,38728.72
002581.SZ,2018-07-18,10.3,10.39,10.1,10.14,30456.23,31031.11
002581.SZ,2018-07-19,10.05,10.11,9.7,9.75,44494.67,43780.42
002581.SZ,2018-07-20,9.79,10.12,9.76,10.09,35998.44,35827.53
002581.SZ,2018-07-23,9.82,9.85,9.56,9.78,38699.0,37697.05
002581.SZ,2018-07-24,9.81,10.13,9.66,10.03,46022.24,45642.98
002581.SZ,2018-07-25,10.0,10.27,9.96,10.13,50313.03,50999.81
002581.SZ,2018-07-26,10.15,10.48,10.1,10.27,62536.3,64446.69
002581.SZ,2018-07-27,10.22,11.3,10.22,11.3,107393.65,117270.88
002581.SZ,2018-07-30,11.52,11.74,10.54,10.74,141015.29,155584.17
002581.SZ,2018-07-31,10.72,10.73,10.33,10.63,57736.41,60778.11
002581.SZ,2018-08-01,10.56,10.58,10.26,10.32,69599.76,72158.7
002581.SZ,2018-08-02,10.15,10.15,9.5,9.73,71757.31,70217.2
002581.SZ,2018-08-03,9.7,9.89,9.52,9.52,29485.64,28533.6
002581.SZ,2018-08-06,9.37,9.38,9.03,9.07,36370.64,33371.1
002581.SZ,2018-08-07,9.09,9.27,8.97,9.24,39774.42,36457.63
002581.SZ,2018-08-08,9.21,9.21,8.9,8.93,41454.98,37423.48
002581.SZ,2018-08-09,8.88,9.1,8.8,9.06,37743.8,34009.23
002581.SZ,2018-08-10,9.03,9.2,8.98,9.1,32155.97,29181.68
002581.SZ,2018-08-13,8.88,9.07,8.75,9.06,36983.69,32901.74
002581.SZ,2018-08-14,9.0,9.23,8.93,9.14,30441.69,27696.53
002581.SZ,2018-08-15,9.16,9.2,8.9,8.94,23379.0,21083.77
002581.SZ,2018-08-16,8.81,8.91,8.6,8.72,22663.99,19880.79
002581.SZ,2018-08-17,8.78,8.88,8.58,8.58,19364.49,16872.45
002581.SZ,2018-08-20,8.6,8.69,8.21,8.38,28016.63,23525.52
002581.SZ,2018-08-21,8.36,8.5,8.3,8.43,20384.63,17190.77
002581.SZ,2018-08-22,8.39,8.39,7.98,8.0,39194.04,31963.8
002581.SZ,2018-08-23,8.0,8.22,7.99,8.16,28732.09,23388.36
002581.SZ,2018-08-24,8.14,8.43,8.14,8.19,30035.0,24883.86
002581.SZ,2018-08-27,8.28,8.4,8.15,8.37,26012.02,21619.34
002581.SZ,2018-08-28,8.32,8.48,8.24,8.3,18786.0,15562.54
002581.SZ,2018-08-29,8.31,8.31,8.1,8.15,21296.0,17375.32
002581.SZ,2018-08-30,8.18,8.18,8.0,8.04,21385.12,17304.58
002581.SZ,2018-08-31,8.0,8.04,7.65,7.68,38730.2,30227.53
002581.SZ,2018-09-03,7.74,7.78,7.45,7.65,29514.0,22336.07
002581.SZ,2018-09-04,7.62,7.83,7.56,7.74,32379.0,24944.75
002581.SZ,2018-09-05,7.73,7.97,7.69,7.71,28709.2,22460.69
002581.SZ,2018-09-06,7.65,7.76,7.61,7.74,22268.0,17146.3
002581.SZ,2018-09-07,7.76,7.83,7.6,7.61,41963.08,32304.16
002581.SZ,2018-09-10,7.66,7.66,7.4,7.43,31880.0,24008.29
002581.SZ,2018-09-11,7.4,7.63,7.3,7.57,30991.09,23274.46
002581.SZ,2018-09-12,7.51,7.94,7.51,7.8,36413.0,28278.28
002581.SZ,2018-09-13,7.92,7.92,7.72,7.85,32692.26,25560.51
002581.SZ,2018-09-14,7.82,7.83,7.51,7.55,31864.5,24466.53
002581.SZ,2018-09-17,7.56,7.64,7.32,7.43,24785.26,18449.09
002581.SZ,2018-09-18,7.44,7.52,7.3,7.47,25816.26,19121.47
002581.SZ,2018-09-19,7.49,7.63,7.37,7.59,34651.99,25969.54
002581.SZ,2018-09-20,7.56,7.61,7.46,7.53,19350.0,14583.83
002581.SZ,2018-09-21,7.54,7.64,7.52,7.62,35733.1,27119.81
002581.SZ,2018-09-25,7.61,7.67,7.53,7.56,23968.4,18211.83
002581.SZ,2018-09-26,7.52,7.7,7.51,7.66,30616.5,23302.76
002581.SZ,2018-09-27,7.63,7.68,7.52,7.53,32148.23,24386.15
002581.SZ,2018-09-28,7.6,8.24,7.6,7.9,64232.1,50713.76
002581.SZ,2018-10-08,7.8,8.49,7.71,8.13,75465.0,61366.87
002581.SZ,2018-10-09,8.01,8.42,8.0,8.31,63644.34,52483.42
002581.SZ,2018-10-10,8.35,8.44,8.06,8.1,42347.1,34688.58
002581.SZ,2018-10-11,7.77,7.9,7.29,7.29,55550.59,41912.38
002581.SZ,2018-10-12,7.21,7.28,6.76,7.0,60943.44,42716.86
002581.SZ,2018-10-15,7.0,7.08,6.77,6.8,35849.47,24793.04
002581.SZ,2018-10-16,6.81,6.9,6.59,6.63,19675.0,13298.23
002581.SZ,2018-10-17,6.75,6.76,6.58,6.74,20499.0,13688.62
002581.SZ,2018-10-18,6.69,6.69,6.31,6.35,22572.9,14630.05
002581.SZ,2018-10-19,6.09,6.99,6.09,6.99,55362.84,36827.88
002581.SZ,2018-10-22,6.98,7.34,6.78,7.2,64410.39,46366.4
002581.SZ,2018-10-23,7.0,7.15,6.86,6.88,56305.45,39295.44
002581.SZ,2018-10-24,6.79,7.04,6.73,6.78,34629.0,23860.2
002581.SZ,2018-10-25,6.5,6.77,6.46,6.71,27613.5,18261.64
002581.SZ,2018-10-26,6.83,6.9,6.71,6.75,24944.71,16947.34
002581.SZ,2018-10-29,6.75,6.8,6.62,6.74,12723.63,8577.66
002581.SZ,2018-10-30,6.67,6.86,6.63,6.79,17094.39,11547.87
002581.SZ,2018-10-31,6.8,6.98,6.78,6.94,23235.95,16041.4
002581.SZ,2018-11-01,6.95,7.08,6.95,7.01,28890.63,20279.66
002581.SZ,2018-11-02,7.06,7.19,7.03,7.17,35421.49,25214.94
002581.SZ,2018-11-05,7.17,7.27,7.09,7.24,37171.0,26727.33
002581.SZ,2018-11-06,7.22,7.39,7.12,7.39,29876.0,21537.33
002581.SZ,2018-11-07,7.38,8.05,7.33,7.67,71186.82,54301.03
002581.SZ,2018-11-08,7.67,8.15,7.49,7.97,85354.04,66579.05
002581.SZ,2018-11-09,7.89,8.05,7.7,7.7,57969.96,45640.3
002581.SZ,2018-11-12,7.7,7.92,7.53,7.9,43974.88,34135.68
002581.SZ,2018-11-13,7.78,8.12,7.71,8.01,58208.32,46446.95
002581.SZ,2018-11-14,8.07,8.17,7.91,7.94,39969.0,32064.26
002581.SZ,2018-11-15,8.0,8.08,7.85,8.08,39762.88,31768.6
002581.SZ,2018-11-16,8.12,8.56,8.12,8.3,60873.66,50884.59
002581.SZ,2018-11-19,8.23,8.34,8.11,8.18,39181.01,32115.54
002581.SZ,2018-11-20,8.13,8.16,7.66,7.77,53743.67,42610.76
002581.SZ,2018-11-21,7.8,8.33,7.7,8.23,98080.72,79151.88
002581.SZ,2018-11-22,8.32,8.35,8.1,8.23,48415.12,39759.9
002581.SZ,2018-11-23,8.27,8.27,7.6,7.62,62922.88,49198.88
002581.SZ,2018-11-26,7.64,8.08,7.64,7.74,51929.68,40737.15
002581.SZ,2018-11-27,7.69,7.7,7.26,7.33,82705.2,61680.07
002581.SZ,2018-11-28,7.32,7.58,7.27,7.55,52845.62,39293.0
002581.SZ,2018-11-29,7.61,7.8,7.41,7.44,46124.9,35141.19
002581.SZ,2018-11-30,7.34,7.55,7.2,7.39,29681.83,21751.49
002581.SZ,2018-12-03,7.49,7.7,7.49,7.62,35036.38,26617.12
002581.SZ,2018-12-04,7.6,8.05,7.54,7.93,67150.34,52730.72
002581.SZ,2018-12-05,7.78,7.8,7.65,7.69,49372.0,38072.94
002581.SZ,2018-12-06,7.66,7.69,7.42,7.47,46649.0,35158.08
002581.SZ,2018-12-07,7.46,7.55,7.42,7.46,18518.5,13861.24
002581.SZ,2018-12-10,7.41,7.43,7.1,7.17,26299.9,19022.95
002581.SZ,2018-12-11,7.21,7.34,7.06,7.17,36019.87,25823.9
002581.SZ,2018-12-12,7.24,7.32,7.14,7.26,23956.87,17427.26
002581.SZ,2018-12-13,7.34,7.34,7.15,7.21,23291.0,16869.64
002581.SZ,2018-12-14,7.2,7.2,6.86,6.9,40189.0,28140.03
002581.SZ,2018-12-17,6.88,6.98,6.74,6.97,26664.45,18406.23
002581.SZ,2018-12-18,6.88,7.02,6.86,6.96,13608.8,9451.11
002581.SZ,2018-12-19,6.96,6.99,6.75,6.8,25103.0,17142.45
002581.SZ,2018-12-20,6.8,6.92,6.76,6.88,20843.0,14259.62
002581.SZ,2018-12-21,6.81,6.93,6.75,6.85,15954.0,10910.33
002581.SZ,2018-12-24,6.85,6.86,6.67,6.76,24950.0,16879.31
002581.SZ,2018-12-25,6.65,6.74,6.43,6.72,27460.09,18161.03
002581.SZ,2018-12-26,6.69,6.71,6.58,6.58,17541.87,11642.33
002581.SZ,2018-12-27,6.69,6.72,6.46,6.46,25861.13,17086.99
002581.SZ,2018-12-28,6.5,6.57,6.41,6.46,18560.87,12020.07
002581.SZ,2019-01-02,6.48,6.54,6.36,6.4,15347.59,9894.23
002581.SZ,2019-01-03,6.41,6.48,6.35,6.37,22672.0,14547.89
002581.SZ,2019-01-04,6.28,6.53,6.24,6.52,29930.81,19137.72
002581.SZ,2019-01-07,6.58,6.64,6.5,6.53,41142.0,26984.13
002581.SZ,2019-01-08,6.55,6.75,6.49,6.66,64798.34,43046.08
002581.SZ,2019-01-09,6.66,6.7,6.59,6.62,38368.47,25507.46
002581.SZ,2019-01-10,6.62,6.64,6.5,6.52,31799.0,20823.13
002581.SZ,2019-01-11,6.53,6.58,6.51,6.57,23295.0,15257.83
002581.SZ,2019-01-14,6.55,6.56,6.41,6.41,24035.9,15548.93
002581.SZ,2019-01-15,6.4,6.52,6.38,6.51,23149.0,14908.11
002581.SZ,2019-01-16,6.5,6.64,6.48,6.54,26987.57,17715.87
002581.SZ,2019-01-17,6.55,6.55,6.4,6.41,24190.38,15626.68
002581.SZ,2019-01-18,6.46,6.52,6.37,6.5,18531.0,11929.81
002581.SZ,2019-01-21,6.48,6.66,6.46,6.61,33346.47,21910.22
002581.SZ,2019-01-22,6.62,6.62,6.41,6.43,21561.0,14007.24
002581.SZ,2019-01-23,6.47,6.48,6.31,6.35,19062.32,12137.99
002581.SZ,2019-01-24,6.35,6.47,6.29,6.37,22386.76,14284.03
002581.SZ,2019-01-25,6.39,6.41,6.17,6.17,34719.12,21770.01
002581.SZ,2019-01-28,6.18,6.26,6.13,6.15,25301.5,15657.38
002581.SZ,2019-01-29,6.14,6.18,5.74,5.86,31798.0,18790.97
002581.SZ,2019-01-30,5.83,5.97,5.69,5.82,26533.22,15543.74
002581.SZ,2019-01-31,5.83,5.9,5.65,5.68,30960.0,17905.67
002581.SZ,2019-02-01,5.59,5.84,5.57,5.81,43131.35,24730.75
002581.SZ,2019-02-11,5.8,6.12,5.77,5.97,27684.0,16369.57
002581.SZ,2019-02-12,5.95,6.24,5.94,6.13,41192.19,25232.75
002581.SZ,2019-02-13,6.15,6.21,6.06,6.19,38211.0,23496.92
002581.SZ,2019-02-14,6.15,6.46,6.15,6.36,59884.89,37788.09
002581.SZ,2019-02-15,6.36,6.47,6.26,6.45,51540.22,32917.35
002581.SZ,2019-02-18,6.46,6.63,6.41,6.61,51168.72,33451.18
002581.SZ,2019-02-19,6.58,7.13,6.52,6.87,101815.3,68872.09
002581.SZ,2019-02-20,6.85,6.85,6.62,6.7,70048.21,46853.24
002581.SZ,2019-02-21,6.68,6.74,6.54,6.58,60521.82,40164.43
002581.SZ,2019-02-22,6.54,6.68,6.53,6.64,54695.21,36156.42
002581.SZ,2019-02-25,6.69,7.06,6.66,7.01,98559.64,67664.07
002581.SZ,2019-02-26,7.0,7.62,6.9,7.17,142269.41,103101.61
002581.SZ,2019-02-27,7.05,7.55,6.92,7.35,128643.74,93435.91
002581.SZ,2019-02-28,7.38,7.77,7.35,7.41,127965.69,96382.53
002581.SZ,2019-03-01,7.56,7.61,7.28,7.46,82934.6,61613.82
002581.SZ,2019-03-04,7.48,8.21,7.4,8.21,206576.71,165538.24
002581.SZ,2019-03-05,8.21,8.78,8.05,8.59,317037.03,263708.48
002581.SZ,2019-03-06,8.43,8.58,8.19,8.52,205368.53,171374.31
002581.SZ,2019-03-07,8.37,8.66,8.28,8.55,166290.42,140892.1
002581.SZ,2019-03-08,8.3,8.4,7.8,7.85,152981.48,124639.11
002581.SZ,2019-03-11,7.9,8.25,7.88,8.24,109920.73,89248.36
002581.SZ,2019-03-12,8.42,8.48,8.13,8.41,128022.28,106567.71
002581.SZ,2019-03-13,8.36,8.77,8.15,8.24,135889.68,114633.42
002581.SZ,2019-03-14,8.12,8.3,7.74,7.89,86995.91,69438.32
002581.SZ,2019-03-15,7.89,8.68,7.89,8.36,342857.12,291052.24
002581.SZ,2019-03-18,8.58,8.98,8.38,8.92,274411.56,239086.95
002581.SZ,2019-03-19,8.83,9.37,8.7,8.91,246124.1,222345.28
002581.SZ,2019-03-20,8.87,9.32,8.65,9.19,205378.61,185188.11
002581.SZ,2019-03-21,9.02,9.58,9.02,9.2,220704.49,205819.38
002581.SZ,2019-03-22,8.96,9.06,8.61,8.9,234426.73,206850.35
002581.SZ,2019-03-25,8.65,8.83,8.45,8.55,138315.34,119982.12
002581.SZ,2019-03-26,8.66,8.66,7.9,7.99,195748.71,160264.04
002581.SZ,2019-03-27,8.05,8.13,7.86,7.99,106014.8,84763.89
002581.SZ,2019-03-28,7.88,8.08,7.77,7.84,88501.31,70009.64
002581.SZ,2019-03-29,7.76,7.97,7.41,7.94,147120.02,114021.49
002581.SZ,2019-04-01,7.96,8.24,7.95,8.16,154009.62,125172.08
002581.SZ,2019-04-02,8.17,8.98,8.11,8.98,242875.16,210882.98
002581.SZ,2019-04-03,8.95,9.04,8.71,8.98,267367.48,237119.42
002581.SZ,2019-04-04,8.9,9.09,8.69,9.08,170468.04,151082.15
002581.SZ,2019-04-08,9.08,9.24,8.69,8.89,160821.02,143350.41
002581.SZ,2019-04-09,8.78,9.78,8.65,9.78,161235.77,152418.26
002581.SZ,2019-04-10,10.0,10.76,9.88,10.76,271422.37,285614.17
002581.SZ,2019-04-11,11.83,11.84,11.21,11.3,725619.35,851674.84
002581.SZ,2019-04-12,10.17,10.17,10.17,10.17,84770.0,86211.09
002581.SZ,2019-04-15,9.22,9.91,9.22,9.38,447692.64,426166.9
002581.SZ,2019-04-16,9.14,9.45,8.98,9.45,257724.2,237068.58
002581.SZ,2019-04-17,9.3,9.57,9.24,9.33,212410.76,199269.63
002581.SZ,2019-04-18,9.64,9.64,9.3,9.31,193911.51,183156.39
002581.SZ,2019-04-19,9.23,9.41,9.1,9.31,133087.03,123199.27
002581.SZ,2019-04-22,9.32,9.35,8.93,8.98,146952.49,133756.92
002581.SZ,2019-04-23,9.02,9.18,8.85,8.9,108585.13,98114.95
002581.SZ,2019-04-24,8.85,9.34,8.61,9.3,158680.09,143660.52
002581.SZ,2019-04-25,9.28,9.28,8.46,8.48,164805.36,145802.15
002581.SZ,2019-04-26,8.48,8.64,8.4,8.46,80089.0,68236.24
002581.SZ,2019-04-29,8.5,8.58,8.01,8.02,97038.01,79721.47
002581.SZ,2019-04-30,8.07,8.3,8.02,8.19,57972.6,47365.52
002581.SZ,2019-05-06,7.88,7.89,7.37,7.37,121458.0,92420.13
002581.SZ,2019-05-07,7.4,7.67,7.39,7.49,92850.93,69774.17
002581.SZ,2019-05-08,7.32,7.78,7.24,7.55,78295.95,59121.61
002581.SZ,2019-05-09,7.55,7.65,7.35,7.36,66919.89,50077.95
002581.SZ,2019-05-10,7.41,7.74,7.17,7.61,86534.75,65353.05
002581.SZ,2019-05-13,7.55,7.69,7.45,7.52,52397.0,39679.94
002581.SZ,2019-05-14,7.45,7.65,7.35,7.43,57374.0,43101.06
002581.SZ,2019-05-15,7.51,7.62,7.46,7.57,58546.0,44160.41
002581.SZ,2019-05-16,7.61,7.86,7.52,7.73,116533.78,89654.63
002581.SZ,2019-05-17,7.69,7.73,7.01,7.1,139116.05,101767.89
002581.SZ,2019-05-20,7.11,7.14,6.73,6.97,91044.88,63094.03
002581.SZ,2019-05-21,6.97,7.34,6.92,7.27,76479.91,55225.07
002581.SZ,2019-05-22,7.35,7.39,7.1,7.16,59699.69,43243.8
002581.SZ,2019-05-23,7.2,7.27,6.95,6.98,61045.22,43388.66
002581.SZ,2019-05-24,7.02,7.09,6.89,7.0,40358.45,28261.01
002581.SZ,2019-05-27,7.02,7.25,6.89,7.22,44671.94,31909.17
002581.SZ,2019-05-28,7.2,7.41,7.14,7.18,52524.0,38215.04
002581.SZ,2019-05-29,7.15,7.3,7.02,7.18,48432.25,34896.68
002581.SZ,2019-05-30,7.18,7.26,6.96,7.17,49783.0,35406.2
002581.SZ,2019-05-31,7.16,7.27,7.08,7.19,40634.02,29165.66
002581.SZ,2019-06-03,7.17,7.2,6.84,6.9,57616.0,40176.47
002581.SZ,2019-06-04,6.88,7.02,6.76,6.87,35171.0,24328.23
002581.SZ,2019-06-05,6.96,6.96,6.73,6.73,35167.86,24024.11
002581.SZ,2019-06-06,6.76,6.87,6.5,6.58,51097.39,34103.96
002581.SZ,2019-06-10,6.58,6.64,6.45,6.49,43964.64,28725.18
002581.SZ,2019-06-11,6.5,6.88,6.49,6.83,63853.7,43021.24
002581.SZ,2019-06-12,6.8,6.89,6.7,6.76,43406.7,29503.62
002581.SZ,2019-06-13,6.78,6.86,6.67,6.84,43851.02,29745.0
002581.SZ,2019-06-14,6.85,6.91,6.52,6.58,45298.22,30337.08
002581.SZ,2019-06-17,6.62,6.84,6.5,6.53,67738.07,44825.87
002581.SZ,2019-06-18,6.53,6.55,6.4,6.46,41344.6,26714.01
002581.SZ,2019-06-19,6.58,6.71,6.56,6.62,49751.38,32975.36
002581.SZ,2019-06-20,6.59,6.75,6.56,6.7,46776.8,31205.35
002581.SZ,2019-06-21,6.83,6.96,6.79,6.9,66935.15,46133.8
002581.SZ,2019-06-24,6.93,6.96,6.83,6.87,39432.7,27173.29
002581.SZ,2019-06-25,6.87,6.93,6.71,6.81,53990.77,36732.81
002581.SZ,2019-06-26,6.82,6.96,6.75,6.88,43721.92,30080.2
002581.SZ,2019-06-27,6.86,6.93,6.81,6.88,43140.77,29653.2
002581.SZ,2019-06-28,6.85,6.87,6.61,6.74,46613.14,31242.06
002581.SZ,2019-07-01,6.81,6.99,6.8,6.99,56268.59,38966.72
002581.SZ,2019-07-02,6.99,7.11,6.92,7.01,56455.34,39552.01
002581.SZ,2019-07-03,7.01,7.48,6.88,7.28,163002.06,117526.89
002581.SZ,2019-07-04,7.23,7.27,6.96,7.04,123356.9,87120.35
002581.SZ,2019-07-05,7.0,7.03,6.92,6.93,51535.61,35858.08
002581.SZ,2019-07-08,6.83,6.83,6.49,6.49,82833.52,54420.55
002581.SZ,2019-07-09,6.42,6.55,6.41,6.52,37401.88,24256.95
002581.SZ,2019-07-10,6.55,6.57,6.49,6.51,22146.0,14472.06
002581.SZ,2019-07-11,6.55,6.63,6.5,6.52,27907.92,18301.6
002581.SZ,2019-07-12,6.57,6.58,6.49,6.53,21115.0,13806.2
002581.SZ,2019-07-15,6.42,6.58,6.32,6.55,44240.78,28591.78
002581.SZ,2019-07-16,6.52,6.63,6.52,6.61,29969.92,19773.52
002581.SZ,2019-07-17,6.59,6.64,6.55,6.55,25735.92,16981.21
002581.SZ,2019-07-18,6.52,6.54,6.39,6.4,27446.23,17676.91
002581.SZ,2019-07-19,6.43,6.49,6.35,6.36,28195.0,18080.15
002581.SZ,2019-07-22,6.36,6.38,5.95,5.99,55052.92,33550.13
002581.SZ,2019-07-23,6.05,6.05,5.98,6.04,27802.0,16741.93
002581.SZ,2019-07-24,6.02,6.17,6.02,6.09,28666.68,17514.44
002581.SZ,2019-07-25,6.09,6.14,6.05,6.07,21365.0,13000.05
002581.SZ,2019-07-26,6.07,6.15,6.03,6.13,27125.1,16525.17
002581.SZ,2019-07-29,6.1,6.17,6.02,6.06,24640.49,14974.79
002581.SZ,2019-07-30,6.12,6.14,6.05,6.1,26064.32,15904.72
002581.SZ,2019-07-31,6.01,6.09,6.0,6.03,24555.0,14809.3
002581.SZ,2019-08-01,6.02,6.12,5.98,6.09,25877.0,15667.66
002581.SZ,2019-08-02,6.0,6.14,5.95,6.0,38937.58,23460.73
002581.SZ,2019-08-05,5.97,6.02,5.9,5.9,25618.0,15243.79
002581.SZ,2019-08-06,5.79,5.79,5.58,5.64,53953.79,30471.24
002581.SZ,2019-08-07,5.66,5.69,5.62,5.63,25248.02,14279.07
002581.SZ,2019-08-08,5.63,5.73,5.63,5.7,22129.9,12605.46
002581.SZ,2019-08-09,5.72,5.8,5.62,5.64,25680.7,14664.39
002581.SZ,2019-08-12,5.57,5.71,5.56,5.7,18903.43,10665.74
002581.SZ,2019-08-13,5.64,5.7,5.6,5.67,16365.0,9238.91
002581.SZ,2019-08-14,5.72,5.76,5.67,5.69,25121.0,14344.12
002581.SZ,2019-08-15,5.58,5.75,5.5,5.73,42623.0,24014.87
002581.SZ,2019-08-16,5.73,5.83,5.7,5.8,37637.0,21776.09
002581.SZ,2019-08-19,6.38,6.38,6.16,6.38,132376.87,83585.08
002581.SZ,2019-08-20,6.39,6.71,6.27,6.27,166039.47,107991.51
002581.SZ,2019-08-21,6.27,6.39,6.23,6.34,75621.67,47744.87
002581.SZ,2019-08-22,6.34,6.38,6.21,6.23,61657.25,38498.92
002581.SZ,2019-08-23,6.24,6.85,6.19,6.85,175598.76,115981.43
002581.SZ,2019-08-26,6.66,7.16,6.53,6.89,224010.1,154280.85
002581.SZ,2019-08-27,6.85,7.17,6.84,6.99,148458.64,103614.12
002581.SZ,2019-08-28,6.88,6.93,6.75,6.77,99888.0,67937.01
002581.SZ,2019-08-29,6.76,6.84,6.62,6.84,83847.99,56314.64
002581.SZ,2019-08-30,6.81,6.85,6.47,6.55,84112.0,55983.88
002581.SZ,2019-09-02,6.51,6.85,6.51,6.79,83088.8,56149.06
002581.SZ,2019-09-03,6.73,6.85,6.71,6.76,60778.7,41120.44
002581.SZ,2019-09-04,6.72,6.81,6.61,6.75,55839.6,37479.92
002581.SZ,2019-09-05,6.76,6.85,6.72,6.77,77882.0,52949.67
002581.SZ,2019-09-06,6.77,7.45,6.77,7.45,258114.68,184994.01
002581.SZ,2019-09-09,7.43,7.9,7.27,7.61,266639.52,201823.51
002581.SZ,2019-09-10,7.53,7.99,7.43,7.67,229549.07,177980.35
002581.SZ,2019-09-11,7.76,7.89,7.51,7.54,150778.37,115778.07
002581.SZ,2019-09-12,7.56,7.65,7.42,7.59,97315.0,73548.2
002581.SZ,2019-09-16,7.65,7.74,7.46,7.59,83311.1,63193.73
002581.SZ,2019-09-17,7.6,7.6,7.26,7.37,77592.45,57464.03
002581.SZ,2019-09-18,7.36,7.49,7.3,7.34,55073.01,40663.85
002581.SZ,2019-09-19,7.34,7.45,7.18,7.41,68774.91,50498.04
002581.SZ,2019-09-20,7.41,7.65,7.35,7.51,86139.79,64839.84
002581.SZ,2019-09-23,7.52,7.85,7.28,7.72,136480.38,103658.27
002581.SZ,2019-09-24,7.73,7.83,7.58,7.6,99344.58,76499.56
002581.SZ,2019-09-25,7.46,7.54,7.25,7.25,77182.71,56889.5
002581.SZ,2019-09-26,7.26,7.32,6.77,6.78,94333.9,65929.57
002581.SZ,2019-09-27,6.85,7.46,6.81,7.46,136982.01,98801.26
002581.SZ,2019-09-30,7.6,7.65,7.25,7.47,123888.62,92679.23
002581.SZ,2019-10-08,7.87,8.22,7.7,8.01,265011.33,212184.22
002581.SZ,2019-10-09,7.85,8.5,7.74,8.31,267048.98,216822.42
002581.SZ,2019-10-10,8.27,8.38,8.07,8.17,195818.47,160104.33
002581.SZ,2019-10-11,8.08,8.31,8.0,8.07,150738.39,122688.5
002581.SZ,2019-10-14,8.1,8.22,7.9,8.07,115270.37,93050.8
002581.SZ,2019-10-15,8.0,8.24,7.88,8.1,120975.33,97884.27
002581.SZ,2019-10-16,8.05,8.14,7.9,7.91,80181.0,64039.17
002581.SZ,2019-10-17,7.75,7.75,7.24,7.49,203926.27,152344.12
002581.SZ,2019-10-18,7.5,7.56,7.13,7.22,119821.66,88045.19
002581.SZ,2019-10-21,7.28,7.49,7.18,7.26,93609.0,68482.68
002581.SZ,2019-10-22,7.26,7.31,7.07,7.31,72323.0,52129.59
002581.SZ,2019-10-23,7.35,7.35,7.05,7.11,86635.43,62003.07
002581.SZ,2019-10-24,7.35,7.82,7.31,7.41,171446.67,129549.56
002581.SZ,2019-10-25,7.33,7.92,7.15,7.71,160213.32,119471.93
002581.SZ,2019-10-28,7.55,7.83,7.51,7.79,128513.31,98705.72
002581.SZ,2019-10-29,7.77,7.79,7.52,7.55,86251.76,66004.19
002581.SZ,2019-10-30,7.5,7.53,7.26,7.31,68616.94,50540.44
002581.SZ,2019-10-31,7.4,7.48,7.18,7.19,66438.0,48608.87
002581.SZ,2019-11-01,7.1,7.33,6.98,7.31,64774.17,46619.65
002581.SZ,2019-11-04,7.27,7.47,7.22,7.22,57219.0,41944.38
002581.SZ,2019-11-05,7.22,7.26,7.06,7.23,52822.01,37933.22
002581.SZ,2019-11-06,7.23,7.23,6.97,6.98,66332.39,46846.13
002581.SZ,2019-11-07,7.0,7.2,6.98,7.16,59963.52,42619.24
002581.SZ,2019-11-08,7.6,7.6,7.25,7.32,130389.67,96884.94
002581.SZ,2019-11-11,7.2,7.2,6.94,7.01,72110.47,50903.55
002581.SZ,2019-11-12,7.0,7.1,6.98,7.1,40975.1,28894.55
002581.SZ,2019-11-13,7.15,7.39,7.13,7.2,76254.7,55342.35
002581.SZ,2019-11-14,7.2,7.28,7.11,7.16,53486.82,38360.38
002581.SZ,2019-11-15,7.17,7.17,6.91,6.91,66147.0,46319.91
002581.SZ,2019-11-18,6.84,6.99,6.81,6.93,34573.0,23929.38
002581.SZ,2019-11-19,6.94,7.1,6.92,7.09,46668.52,32911.87
002581.SZ,2019-11-20,7.07,7.16,6.97,7.0,41134.0,29070.24
002581.SZ,2019-11-21,7.02,7.06,6.94,7.0,30006.14,21008.1
002581.SZ,2019-11-22,7.01,7.09,6.8,6.85,47452.03,32825.36
002581.SZ,2019-11-25,6.85,6.87,6.62,6.66,55689.0,37231.25
002581.SZ,2019-11-26,6.78,6.78,6.55,6.59,38421.54,25419.7
002581.SZ,2019-11-27,6.59,6.61,6.42,6.55,33226.49,21758.15
002581.SZ,2019-11-28,6.54,6.67,6.51,6.56,27866.56,18368.87
002581.SZ,2019-11-29,6.56,6.58,6.41,6.57,32788.02,21261.96
002581.SZ,2019-12-02,6.57,6.58,6.45,6.52,24381.63,15867.13
002581.SZ,2019-12-03,6.44,6.57,6.42,6.57,21200.75,13761.97
002581.SZ,2019-12-04,6.51,6.63,6.49,6.57,24959.0,16426.2
002581.SZ,2019-12-05,6.58,6.8,6.57,6.77,46468.0,31215.97
002581.SZ,2019-12-06,6.77,6.78,6.69,6.72,26612.45,17896.62
002581.SZ,2019-12-09,6.73,6.78,6.65,6.71,24785.0,16604.41
002581.SZ,2019-12-10,6.67,6.92,6.64,6.83,53412.33,36383.24
002581.SZ,2019-12-11,6.83,6.89,6.71,6.79,31883.0,21613.74
002581.SZ,2019-12-12,6.79,6.83,6.66,6.67,30324.0,20339.22
002581.SZ,2019-12-13,6.7,6.74,6.61,6.68,40628.0,27093.5
002581.SZ,2019-12-16,6.7,7.04,6.62,6.92,87388.49,59753.67
002581.SZ,2019-12-17,6.93,6.99,6.88,6.95,74788.81,51918.27
002581.SZ,2019-12-18,6.92,6.98,6.91,6.94,46489.18,32285.25
002581.SZ,2019-12-19,6.8,7.02,6.78,6.99,59668.17,41278.33
002581.SZ,2019-12-20,7.02,7.02,6.76,6.76,76115.28,52197.88
002581.SZ,2019-12-23,6.74,6.75,6.5,6.5,80459.19,52979.31
002581.SZ,2019-12-24,6.54,6.6,6.45,6.58,44173.46,28836.55
002581.SZ,2019-12-25,6.53,6.61,6.5,6.54,30065.0,19723.93
002581.SZ,2019-12-26,6.54,6.64,6.5,6.6,36490.03,23959.68
002581.SZ,2019-12-27,6.64,6.74,6.59,6.6,46939.0,31284.96
002581.SZ,2019-12-30,6.54,6.58,6.42,6.58,39649.85,25829.56
002581.SZ,2019-12-31,6.57,7.24,6.53,7.24,313780.06,221696.326
002581.SZ,2020-01-02,7.02,7.3,6.92,7.22,287076.25,203818.92
002581.SZ,2020-01-03,7.09,7.18,7.0,7.11,171121.81,121289.12
002581.SZ,2020-01-06,6.87,7.07,6.78,6.95,224596.31,155127.61
002581.SZ,2020-01-07,6.89,7.05,6.86,7.04,191471.68,133095.25
002581.SZ,2020-01-08,7.0,7.0,6.79,6.8,143892.45,99251.17
002581.SZ,2020-01-09,6.87,7.27,6.83,7.15,244535.75,173164.21
002581.SZ,2020-01-10,7.15,7.52,7.06,7.37,278045.97,204084.8
002581.SZ,2020-01-13,7.42,7.42,7.17,7.27,193006.47,139716.74
002581.SZ,2020-01-14,7.23,7.54,7.15,7.54,246506.59,181734.23
002581.SZ,2020-01-15,7.45,7.71,7.25,7.27,211818.05,157482.87
002581.SZ,2020-01-16,7.25,7.31,7.06,7.07,139706.45,100219.74
002581.SZ,2020-01-17,7.11,7.25,7.03,7.19,116203.25,83021.91
002581.SZ,2020-01-20,7.63,7.64,7.3,7.5,292101.79,217693.12
002581.SZ,2020-01-21,7.63,8.25,7.63,8.21,492760.25,395725.31
002581.SZ,2020-01-22,8.25,8.25,7.54,7.54,348722.81,271001.76
002581.SZ,2020-01-23,7.61,8.29,7.61,8.13,452730.78,363632.62
002581.SZ,2020-02-03,8.94,8.94,8.14,8.94,241175.77,212048.23
002581.SZ,2020-02-04,9.08,9.83,8.5,9.83,607893.65,575868.27
002581.SZ,2020-02-05,9.52,10.8,9.52,10.48,577627.76,590643.93
002581.SZ,2020-02-06,10.76,11.5,10.2,11.49,526575.23,584815.27
002581.SZ,2020-02-07,11.28,12.25,10.34,10.34,723166.88,806925.35
002581.SZ,2020-02-10,10.58,10.58,9.31,9.48,504264.38,479647.27
002581.SZ,2020-02-11,9.2,9.39,8.8,9.2,319059.92,291052.62
002581.SZ,2020-02-12,9.24,9.56,9.02,9.34,300287.9,279140.78
002581.SZ,2020-02-13,9.34,9.34,8.77,8.87,307839.22,275813.18
002581.SZ,2020-02-14,8.96,9.09,8.62,8.7,247510.36,218244.87
002581.SZ,2020-02-17,8.69,8.88,8.53,8.86,210531.93,184225.6
002581.SZ,2020-02-18,8.86,9.3,8.77,9.15,326221.43,295105.47
002581.SZ,2020-02-19,9.07,9.12,8.65,8.68,260576.32,229103.69
002581.SZ,2020-02-20,8.44,8.64,8.25,8.48,245707.85,207419.46
002581.SZ,2020-02-21,8.48,8.67,8.32,8.53,208388.66,176957.1
002581.SZ,2020-02-24,8.64,8.87,8.39,8.47,266368.06,230503.37
002581.SZ,2020-02-25,8.45,9.32,8.31,9.32,517187.78,461457.66
002581.SZ,2020-02-26,9.22,9.23,8.78,8.87,380454.4,340815.13
002581.SZ,2020-02-27,8.85,8.94,8.45,8.5,209097.85,179833.74
002581.SZ,2020-02-28,8.27,8.8,8.16,8.54,238837.2,204659.65
002581.SZ,2020-03-02,8.57,8.72,8.23,8.66,193689.51,164133.6
002581.SZ,2020-03-03,8.75,9.16,8.6,8.98,310514.59,275362.95
002581.SZ,2020-03-04,8.86,8.88,8.6,8.79,195171.04,170869.24
002581.SZ,2020-03-05,8.77,9.67,8.71,9.67,540641.44,508909.54
002581.SZ,2020-03-06,9.5,10.58,9.38,9.83,573538.6,573721.01
002581.SZ,2020-03-09,10.13,10.81,9.87,10.81,528309.33,555040.9
002581.SZ,2020-03-10,11.0,11.8,9.82,10.27,754971.47,813776.68
002581.SZ,2020-03-11,10.0,11.29,10.0,11.15,574977.85,616272.38
002581.SZ,2020-03-12,10.89,12.27,10.78,12.27,645358.8,751148.87
002581.SZ,2020-03-13,11.68,13.26,11.51,11.6,719865.42,892195.27
002581.SZ,2020-03-16,12.0,12.76,11.73,12.76,364906.21,460101.13
002581.SZ,2020-03-17,13.19,14.04,12.38,14.04,613276.26,829407.69
002581.SZ,2020-03-18,15.4,15.44,14.58,15.44,745276.83,1132273.05
002581.SZ,2020-03-19,15.28,15.28,13.9,13.9,620578.46,886661.48
002581.SZ,2020-03-20,12.74,14.12,12.51,12.68,667692.82,869770.93
002581.SZ,2020-03-23,13.2,13.63,12.83,13.21,553142.51,733068.64
002581.SZ,2020-03-24,12.52,12.75,11.89,11.99,444736.72,537241.94
002581.SZ,2020-03-25,12.09,12.49,11.37,12.24,409958.01,497598.85
002581.SZ,2020-03-26,12.05,13.39,12.02,13.16,440495.04,558220.07
002581.SZ,2020-03-27,12.93,13.47,12.69,12.7,369369.08,480302.08
002581.SZ,2020-03-30,12.72,13.16,11.98,12.23,298252.85,375024.73
002581.SZ,2020-03-31,12.21,12.27,11.26,11.45,320811.45,372837.73
002581.SZ,2020-04-01,11.32,11.56,10.93,11.27,204346.4,230459.51
002581.SZ,2020-04-02,11.29,11.57,10.92,11.51,262338.25,295821.75
002581.SZ,2020-04-03,11.71,12.66,11.71,12.66,265513.88,331301.82
002581.SZ,2020-04-07,13.0,13.93,12.8,13.93,470950.45,639157.84
002581.SZ,2020-04-08,14.0,15.2,13.91,14.57,619819.88,902752.08
002581.SZ,2020-04-09,14.05,15.11,14.05,14.31,439385.23,639241.55
002581.SZ,2020-04-10,14.66,15.74,14.66,15.74,330727.75,514506.24
002581.SZ,2020-04-13,16.04,17.29,15.74,16.77,677514.55,1134775.12
002581.SZ,2020-04-14,17.09,17.58,15.09,15.36,858566.73,1338816.82
002581.SZ,2020-04-15,14.72,16.9,14.08,16.9,833177.9,1273421.34
002581.SZ,2020-04-16,16.14,18.4,16.12,16.89,906505.54,1580247.64
002581.SZ,2020-04-17,16.43,18.27,15.52,17.0,732286.83,1195477.0
002581.SZ,2020-04-20,16.9,18.7,16.47,18.7,710087.04,1284790.18
002581.SZ,2020-04-21,19.66,20.57,19.42,20.57,497731.26,1013871.75
002581.SZ,2020-04-22,20.55,22.63,19.5,21.8,1106876.4,2350313.48
002581.SZ,2020-04-23,22.0,23.98,21.22,23.98,1011906.27,2356787.84
002581.SZ,2020-04-24,24.71,25.28,21.58,21.58,1128121.05,2604254.58
002581.SZ,2020-04-27,21.59,22.99,20.5,22.19,812318.53,1770333.13
002581.SZ,2020-04-28,21.01,22.22,19.97,19.97,722742.1,1496664.51
002581.SZ,2020-04-29,19.19,20.3,18.28,18.8,600676.32,1160415.2
002581.SZ,2020-04-30,18.88,19.45,17.76,19.09,532405.58,999472.79
002581.SZ,2020-05-06,19.05,19.46,18.56,19.29,462701.49,881356.59
002581.SZ,2020-05-07,19.08,20.7,18.8,19.82,617583.7,1236460.29
002581.SZ,2020-05-08,19.54,20.37,19.27,19.62,420889.44,832239.37
002581.SZ,2020-05-11,21.58,21.58,21.58,21.58,76037.69,164089.34
002581.SZ,2020-05-12,23.74,23.74,22.82,23.74,389448.39,918473.86
002581.SZ,2020-05-13,24.99,26.11,24.0,26.11,878978.16,2225726.02
002581.SZ,2020-05-14,25.08,28.5,25.08,27.18,883918.84,2357747.18
002581.SZ,2020-05-15,27.55,29.9,27.2,29.9,632724.21,1840311.69
002581.SZ,2020-05-18,29.92,31.6,26.91,26.91,1017379.26,2874843.3
002581.SZ,2020-05-19,27.29,28.99,25.5,27.0,918570.6,2521661.37
002581.SZ,2020-05-20,26.06,29.7,25.8,29.7,935244.5,2596573.2
002581.SZ,2020-05-21,29.8,29.86,27.0,27.64,762466.74,2165403.2
002581.SZ,2020-05-22,27.1,28.86,26.81,26.98,550674.37,1534481.06
002581.SZ,2020-05-25,27.85,28.3,25.28,25.65,574519.33,1530978.19
002581.SZ,2020-05-26,25.7,28.0,24.88,26.99,637052.1,1680674.19
002581.SZ,2020-05-27,26.9,27.9,25.86,26.13,515385.21,1375659.82
002581.SZ,2020-05-28,25.49,26.79,24.61,25.29,450457.75,1148784.33
002581.SZ,2020-05-29,25.59,27.27,24.86,26.7,560772.74,1465479.83
002581.SZ,2020-06-01,26.79,28.98,26.0,28.23,591833.89,1631259.22
002581.SZ,2020-06-02,27.76,31.05,27.54,31.05,813496.91,2435701.11
002581.SZ,2020-06-03,31.0,34.1,30.4,32.89,925608.63,2982665.99
002581.SZ,2020-06-04,32.23,33.44,31.01,31.38,606839.32,1945437.86
002581.SZ,2020-06-05,30.51,30.73,28.24,28.24,638260.44,1848245.23
002581.SZ,2020-06-08,25.42,26.4,25.42,25.42,189994.0,485265.92
002581.SZ,2020-06-09,22.88,22.88,22.88,22.88,86536.0,197994.37
002581.SZ,2020-06-10,21.59,24.8,21.59,24.2,755608.29,1770687.38
002581.SZ,2020-06-11,23.24,23.24,21.78,22.6,669289.63,1507223.36
002581.SZ,2020-06-12,23.0,24.57,22.65,24.38,567570.66,1349214.48
002581.SZ,2020-06-15,26.0,26.82,25.21,26.82,571490.04,1488290.48
002581.SZ,2020-06-16,27.02,28.78,25.11,27.86,650664.73,1757256.79
002581.SZ,2020-06-17,27.5,30.0,27.5,29.24,621395.18,1818719.37
002581.SZ,2020-06-18,29.03,29.13,26.32,26.5,625701.12,1720812.43
002581.SZ,2020-06-19,26.41,27.58,25.66,26.57,400966.47,1074751.31
002581.SZ,2020-06-22,26.5,29.0,25.97,28.58,497288.19,1365457.35
002581.SZ,2020-06-23,27.24,28.44,27.24,27.27,428034.67,1183846.61
002581.SZ,2020-06-24,27.99,29.0,27.69,28.3,514415.87,1462560.8
002581.SZ,2020-06-29,28.61,30.45,28.6,28.96,544740.87,1607125.14
002581.SZ,2020-06-30,29.49,29.58,27.75,28.51,484258.44,1384007.36
002581.SZ,2020-07-01,28.6,29.07,26.8,27.44,471967.86,1312257.54
002581.SZ,2020-07-02,27.03,27.27,26.45,26.68,343817.75,919334.36
002581.SZ,2020-07-03,25.88,27.26,25.62,26.61,328844.92,868347.79
002581.SZ,2020-07-06,26.5,27.59,25.55,26.81,466032.76,1233799.42
002581.SZ,2020-07-07,26.01,27.81,26.01,27.42,514660.86,1396907.67
002581.SZ,2020-07-08,27.4,27.99,26.6,26.97,490661.16,1330843.5
002581.SZ,2020-07-09,26.5,27.99,26.3,27.9,663776.73,1821482.71
002581.SZ,2020-07-10,28.15,28.88,27.48,27.54,560304.63,1574260.84
002581.SZ,2020-07-13,27.0,28.68,26.48,28.53,596450.16,1656610.05
002581.SZ,2020-07-14,28.55,31.3,27.92,30.85,864348.86,2577573.99
002581.SZ,2020-07-15,27.77,28.46,27.77,27.77,211544.0,589808.11
002581.SZ,2020-07-16,24.99,24.99,24.99,24.99,38678.0,96656.32
002581.SZ,2020-07-17,22.49,22.49,22.49,22.49,63786.0,143454.71
002581.SZ,2020-07-20,20.24,23.78,20.24,22.51,566557.58,1259646.26
002581.SZ,2020-07-21,22.0,23.85,21.98,23.25,397895.52,922981.13
002581.SZ,2020-07-22,23.24,23.38,22.24,22.58,374563.92,849868.06
002581.SZ,2020-07-23,22.28,22.59,20.5,21.8,433588.51,937686.06
002581.SZ,2020-07-24,21.91,22.22,19.7,20.01,402284.1,847091.11
002581.SZ,2020-07-27,20.01,22.01,19.8,22.01,469704.12,997662.97
002581.SZ,2020-07-28,22.8,23.0,21.84,22.17,424230.37,947338.06
002581.SZ,2020-07-29,22.04,23.99,21.75,23.61,480373.37,1126703.78
002581.SZ,2020-07-30,23.61,24.64,22.98,23.14,560163.53,1334622.99
002581.SZ,2020-07-31,22.69,24.17,22.3,23.78,465646.45,1088549.76
002581.SZ,2020-08-03,23.65,26.16,23.3,26.03,617894.81,1545657.99
002581.SZ,2020-08-04,26.89,28.5,25.6,27.42,681698.72,1853983.07
002581.SZ,2020-08-05,26.0,27.11,25.8,26.16,461410.89,1216607.17
002581.SZ,2020-08-06,26.05,26.55,24.07,24.61,437742.26,1095493.35
002581.SZ,2020-08-07,24.47,26.04,24.47,25.53,404220.2,1026672.87
002581.SZ,2020-08-10,24.97,25.3,23.57,23.9,338569.85,818030.76
002581.SZ,2020-08-11,23.98,24.39,22.8,22.9,256400.58,601583.0
002581.SZ,2020-08-12,23.36,23.36,21.13,21.99,267473.0,587072.32
002581.SZ,2020-08-13,22.13,22.68,21.62,22.14,203215.13,449946.98
002581.SZ,2020-08-14,22.16,22.28,21.26,21.99,163398.95,355904.12
002581.SZ,2020-08-17,22.28,22.67,22.03,22.46,170642.6,382153.6
002581.SZ,2020-08-18,22.39,23.0,22.2,22.68,184326.09,417831.61
002581.SZ,2020-08-19,22.49,22.5,21.45,21.61,195840.0,426318.16
002581.SZ,2020-08-20,21.23,22.16,20.18,21.78,145492.25,316856.88
002581.SZ,2020-08-21,21.82,22.18,21.0,21.39,127063.88,273584.67
002581.SZ,2020-08-24,21.98,21.98,21.37,21.46,99200.0,213919.55
002581.SZ,2020-08-25,21.59,21.6,20.56,20.68,171654.0,358482.36
002581.SZ,2020-08-26,20.4,20.74,19.49,19.5,204999.03,408624.82
002581.SZ,2020-08-27,19.35,19.79,18.54,19.53,195196.94,373694.05
002581.SZ,2020-08-28,19.55,19.81,18.97,19.66,146971.42,285049.03
002581.SZ,2020-08-31,19.6,19.9,19.28,19.29,116266.53,227815.23
002581.SZ,2020-09-01,19.26,19.26,18.67,18.8,123089.05,231909.55
002581.SZ,2020-09-02,18.73,19.15,17.97,18.08,187770.1,343792.17
002581.SZ,2020-09-03,18.18,18.89,17.62,18.19,217445.23,399175.26
002581.SZ,2020-09-04,17.88,18.1,17.6,17.9,137185.26,243663.27
002581.SZ,2020-09-07,18.1,19.69,18.05,19.69,313201.74,595016.61
002581.SZ,2020-09-08,20.65,21.66,20.65,21.66,378132.18,803637.0
002581.SZ,2020-09-09,21.99,22.2,19.49,19.49,480144.74,973684.93
002581.SZ,2020-09-10,17.55,18.87,17.54,17.63,308395.01,554811.04
002581.SZ,2020-09-11,17.17,19.35,16.44,18.69,262338.48,457351.84
002581.SZ,2020-09-14,18.38,19.48,18.34,18.71,218805.08,414287.24
002581.SZ,2020-09-15,18.83,19.3,18.0,18.85,189283.26,350998.59
002581.SZ,2020-09-16,18.65,19.19,18.06,18.07,142473.21,262034.78
002581.SZ,2020-09-17,18.0,18.0,17.3,17.55,139566.48,245950.82
002581.SZ,2020-09-18,17.67,18.04,17.54,17.8,115801.6,205977.89
002581.SZ,2020-09-21,17.67,18.2,17.4,17.79,114379.18,203822.36
002581.SZ,2020-09-22,17.93,19.28,17.81,18.95,302844.81,573007.63
002581.SZ,2020-09-23,18.93,19.72,18.11,19.11,310410.81,594478.61
002581.SZ,2020-09-24,18.9,19.56,18.6,18.83,195757.0,370110.43
002581.SZ,2020-09-25,18.69,19.56,18.3,18.89,196607.02,374713.78
002581.SZ,2020-09-28,18.76,18.76,17.72,17.72,164174.2,297658.25
002581.SZ,2020-09-29,17.71,19.49,16.94,19.49,325114.02,607036.27
002581.SZ,2020-09-30,19.38,20.15,19.2,19.44,294098.37,578545.85
002581.SZ,2020-10-09,20.02,20.17,19.2,19.4,247257.81,483657.94
002581.SZ,2020-10-12,19.73,19.82,19.27,19.65,239278.33,467120.98
002581.SZ,2020-10-13,19.68,20.53,19.51,19.83,278890.5,556868.22
002581.SZ,2020-10-14,19.5,19.67,18.93,19.0,202399.02,389917.52
002581.SZ,2020-10-15,18.54,20.21,18.09,19.65,281420.99,542724.06
002581.SZ,2020-10-16,19.8,20.16,19.0,20.0,255767.0,503166.17
002581.SZ,2020-10-19,20.36,21.88,19.88,21.32,438082.48,915667.19
002581.SZ,2020-10-20,21.0,23.45,20.93,23.45,544230.34,1222651.07
002581.SZ,2020-10-21,23.33,25.33,22.08,22.52,636139.9,1529210.57
002581.SZ,2020-10-22,21.48,21.48,20.27,20.27,442631.29,912029.27
002581.SZ,2020-10-23,19.85,20.8,19.7,20.15,242222.58,488910.23
002581.SZ,2020-10-26,20.5,21.3,19.99,20.61,256986.2,534044.01
002581.SZ,2020-10-27,20.6,20.95,20.02,20.12,166806.27,339184.13
002581.SZ,2020-10-28,19.94,19.94,18.72,19.33,216131.0,415656.85
002581.SZ,2020-10-29,18.99,20.06,18.83,19.7,222273.58,437579.69
002581.SZ,2020-10-30,19.7,19.7,18.0,18.29,363978.15,678636.32
002581.SZ,2020-11-02,18.0,18.11,17.33,17.77,188117.0,333115.49
002581.SZ,2020-11-03,17.7,18.19,17.57,18.02,127194.0,228887.21
002581.SZ,2020-11-04,17.85,18.07,17.66,17.98,120941.0,215340.19
002581.SZ,2020-11-05,18.05,18.25,17.8,18.07,129767.0,233998.56
002581.SZ,2020-11-06,18.05,18.07,17.53,17.74,116530.07,206423.37
002581.SZ,2020-11-09,17.93,18.46,17.93,18.26,161870.0,294651.63
002581.SZ,2020-11-10,18.88,19.5,18.09,18.48,256960.0,482582.74
002581.SZ,2020-11-11,17.99,19.0,17.6,18.28,204618.0,371470.72
002581.SZ,2020-11-12,18.6,18.66,18.0,18.03,117365.0,214691.61
002581.SZ,2020-11-13,17.78,17.96,17.5,17.94,102208.11,181185.21
002581.SZ,2020-11-16,17.94,18.25,17.71,17.82,85832.0,153304.91
002581.SZ,2020-11-17,17.7,17.73,17.11,17.15,130298.0,225150.59
002581.SZ,2020-11-18,17.25,17.55,17.2,17.35,87618.0,152208.32
002581.SZ,2020-11-19,17.45,17.66,17.24,17.44,80625.0,141135.36
002581.SZ,2020-11-20,17.59,17.59,17.21,17.5,83049.0,144663.64
002581.SZ,2020-11-23,17.59,17.98,17.52,17.66,110223.0,195779.93
002581.SZ,2020-11-24,17.5,17.5,17.15,17.28,93725.0,161915.75
002581.SZ,2020-11-25,17.15,17.7,16.71,17.22,203160.73,347848.56
002581.SZ,2020-11-26,16.99,17.2,16.7,16.71,106833.74,180122.58
002581.SZ,2020-11-27,16.73,17.21,16.55,17.05,116571.11,196908.97
002581.SZ,2020-11-30,16.98,16.98,16.65,16.7,86680.03,145397.19
002581.SZ,2020-12-01,16.61,16.96,16.61,16.76,88156.98,148410.69
002581.SZ,2020-12-02,16.69,18.0,16.6,17.6,224406.14,389461.55
002581.SZ,2020-12-03,17.6,18.32,17.48,17.81,231272.38,414043.63
002581.SZ,2020-12-04,17.81,18.59,17.52,18.3,266942.76,485329.24
002581.SZ,2020-12-07,18.0,18.49,17.88,18.0,172457.0,312913.22
002581.SZ,2020-12-08,17.86,17.89,17.19,17.22,170410.83,298203.14
002581.SZ,2020-12-09,17.46,17.88,17.21,17.79,188867.37,330927.19
002581.SZ,2020-12-10,17.5,17.97,17.39,17.76,180998.87,321051.22
002581.SZ,2020-12-11,17.76,17.76,17.25,17.39,136481.58,238757.81
002581.SZ,2020-12-14,17.4,18.49,16.41,18.03,236823.42,420768.26
002581.SZ,2020-12-15,17.9,18.35,17.68,17.7,174544.95,315630.6
002581.SZ,2020-12-16,17.4,19.17,17.23,18.68,310525.85,564024.74
002581.SZ,2020-12-17,18.74,19.5,18.16,18.2,362788.71,684275.04
002581.SZ,2020-12-18,17.92,18.78,17.7,18.71,259807.88,477637.02
002581.SZ,2020-12-21,18.58,19.15,18.38,18.76,254049.0,478300.56
002581.SZ,2020-12-22,18.75,20.52,18.75,19.99,467488.69,911903.55
002581.SZ,2020-12-23,19.7,20.25,19.45,20.03,344218.59,682167.14
002581.SZ,2020-12-24,19.48,19.92,18.86,19.11,322623.25,625925.4
002581.SZ,2020-12-25,19.4,19.8,19.0,19.55,252204.93,489830.79
002581.SZ,2020-12-28,19.56,20.15,19.05,19.13,252035.73,495415.6
002581.SZ,2020-12-29,18.78,18.8,17.56,17.67,247790.73,451781.92
002581.SZ,2020-12-30,17.4,18.48,17.4,17.86,180619.5,323484.56
002581.SZ,2020-12-31,17.68,18.59,17.68,18.33,207932.5,379509.239
002581.SZ,2021-01-04,18.35,18.55,17.95,18.17,184203.0,336416.21
002581.SZ,2021-01-05,18.2,18.3,17.6,17.91,193606.7,346108.02
002581.SZ,2021-01-06,17.5,17.81,17.2,17.55,191997.25,336222.72
002581.SZ,2021-01-07,17.48,17.65,16.72,16.95,186568.59,318332.34
002581.SZ,2021-01-08,16.87,17.28,16.61,16.9,125090.2,213033.82
002581.SZ,2021-01-11,16.64,16.89,15.21,15.21,311916.35,493491.31
002581.SZ,2021-01-12,15.14,15.61,14.56,15.33,164693.0,252064.62
002581.SZ,2021-01-13,15.45,15.46,14.1,14.23,258947.26,376242.32
002581.SZ,2021-01-14,14.28,14.28,12.95,13.72,256681.14,348383.56
002581.SZ,2021-01-15,13.79,13.83,13.35,13.6,131006.0,178228.0
002581.SZ,2021-01-18,13.65,14.39,13.63,14.14,146058.02,205948.47
002581.SZ,2021-01-19,14.18,14.33,13.7,13.73,135525.0,188913.39
002581.SZ,2021-01-20,13.72,13.9,13.55,13.56,112361.0,153773.28
002581.SZ,2021-01-21,13.63,14.02,13.61,13.72,127783.0,176069.72
002581.SZ,2021-01-22,13.73,13.94,13.38,13.91,149868.0,205569.73
002581.SZ,2021-01-25,13.72,14.45,13.57,14.21,189926.0,264995.72
002581.SZ,2021-01-26,14.23,14.3,13.64,13.64,124417.0,172047.12
002581.SZ,2021-01-27,13.62,13.62,12.39,12.64,220942.01,281876.15
002581.SZ,2021-01-28,12.14,12.55,11.81,11.83,149801.86,181721.25
002581.SZ,2021-01-29,11.4,11.96,11.02,11.41,197930.85,224883.78
002581.SZ,2021-02-01,11.32,12.25,11.3,12.19,177267.48,210791.16
002581.SZ,2021-02-02,12.12,12.15,11.41,11.49,167989.4,195510.83
002581.SZ,2021-02-03,11.4,11.6,11.04,11.04,137435.0,155075.82
002581.SZ,2021-02-04,11.29,11.67,10.48,10.68,175464.0,192962.32
002581.SZ,2021-02-05,10.64,11.08,10.62,10.64,143755.2,155439.36
002581.SZ,2021-02-08,10.9,11.4,10.66,10.7,176311.0,192964.47
002581.SZ,2021-02-09,10.48,10.71,10.3,10.54,148135.2,155857.06
002581.SZ,2021-02-10,10.56,10.94,10.32,10.57,175919.0,186416.74
002581.SZ,2021-02-18,10.57,11.08,10.51,10.66,166530.0,178921.48
002581.SZ,2021-02-19,10.69,11.67,10.67,11.63,267997.0,299733.43
002581.SZ,2021-02-22,11.57,11.85,11.3,11.41,205164.4,237059.35
002581.SZ,2021-02-23,11.44,11.57,10.94,11.0,147093.2,163609.63
002581.SZ,2021-02-24,11.15,11.56,11.01,11.21,151040.0,170068.67
002581.SZ,2021-02-25,11.2,11.2,10.83,10.86,121682.0,133354.02
002581.SZ,2021-02-26,10.79,10.98,10.69,10.82,83311.0,90338.52
002581.SZ,2021-03-01,10.83,11.19,10.8,11.1,110817.0,122249.73
002581.SZ,2021-03-02,11.15,11.19,10.8,10.85,94323.0,103531.25
002581.SZ,2021-03-03,10.95,11.04,10.59,11.02,121118.0,130838.01
002581.SZ,2021-03-04,10.94,11.1,10.64,10.66,118136.0,127832.09
002581.SZ,2021-03-05,10.66,10.87,10.55,10.77,88255.0,94982.95
002581.SZ,2021-03-08,10.85,11.1,10.46,10.54,155731.28,168575.48
002581.SZ,2021-03-09,10.53,10.55,9.58,9.9,181570.02,181150.15
002581.SZ,2021-03-10,9.99,10.05,9.51,9.52,114333.0,110653.77
002581.SZ,2021-03-11,9.53,10.36,9.43,10.11,199895.0,199060.54
002581.SZ,2021-03-12,10.11,10.18,9.79,9.96,103722.0,102947.66
002581.SZ,2021-03-15,9.96,10.13,9.74,9.83,94469.0,93646.43
002581.SZ,2021-03-16,9.9,9.99,9.79,9.91,69707.0,68881.53
002581.SZ,2021-03-17,9.93,10.15,9.78,10.14,102182.0,102119.91
002581.SZ,2021-03-18,10.05,10.17,9.78,9.78,119204.96,118542.06
002581.SZ,2021-03-19,9.69,10.13,9.5,9.72,116812.0,115073.54
002581.SZ,2021-03-22,9.72,10.26,9.62,10.0,156915.0,156274.77
002581.SZ,2021-03-23,10.16,10.17,9.75,9.78,87497.0,86299.36
002581.SZ,2021-03-24,9.76,9.86,9.56,9.6,72260.0,69731.6
002581.SZ,2021-03-25,9.57,9.61,9.27,9.3,107557.0,101024.71
002581.SZ,2021-03-26,9.35,9.84,9.28,9.53,121709.02,116131.88
002581.SZ,2021-03-29,9.53,10.05,9.5,9.78,158499.0,156070.98
002581.SZ,2021-03-30,9.75,9.77,9.4,9.43,117954.0,112413.13
002581.SZ,2021-03-31,9.38,9.68,9.35,9.46,80143.0,75835.14
002581.SZ,2021-04-01,9.42,9.51,9.32,9.35,68665.0,64299.29
002581.SZ,2021-04-02,9.37,9.49,9.35,9.36,61251.0,57517.17
002581.SZ,2021-04-06,9.41,9.55,9.36,9.47,68977.0,65243.4
002581.SZ,2021-04-07,9.41,9.58,9.35,9.55,92966.0,88169.56
002581.SZ,2021-04-08,9.57,9.98,9.46,9.72,165001.55,160054.02
002581.SZ,2021-04-09,9.62,9.66,9.39,9.39,120145.0,113911.18
002581.SZ,2021-04-12,9.31,9.33,9.1,9.12,89855.0,82317.08
002581.SZ,2021-04-13,9.18,9.29,9.1,9.22,59442.0,54684.23
002581.SZ,2021-04-14,9.31,9.32,9.2,9.23,50508.0,46652.0
002581.SZ,2021-04-15,9.1,9.1,8.8,8.81,118929.0,105960.19
002581.SZ,2021-04-16,8.83,9.21,8.72,9.1,110086.0,98922.34
002581.SZ,2021-04-19,9.07,9.66,9.06,9.29,181634.0,170889.65
002581.SZ,2021-04-20,9.31,9.66,9.27,9.46,161628.55,153596.48
002581.SZ,2021-04-21,9.34,9.9,9.31,9.82,228536.0,221637.92
002581.SZ,2021-04-22,9.74,9.91,9.62,9.64,147827.0,143762.97
002581.SZ,2021-04-23,10.6,10.6,10.6,10.6,84467.0,89535.02
002581.SZ,2021-04-26,11.66,11.66,11.66,11.66,20103.0,23440.1
002581.SZ,2021-04-27,12.83,12.83,12.83,12.83,39140.84,50217.7
002581.SZ,2021-04-28,14.11,14.11,14.11,14.11,36851.0,51996.76
002581.SZ,2021-04-29,15.52,15.52,15.52,15.52,35442.0,55005.98
002581.SZ,2021-04-30,15.98,17.07,13.99,17.07,1165859.41,1817013.93
002581.SZ,2021-05-06,16.03,18.47,16.03,18.1,918030.75,1584264.87
002581.SZ,2021-05-07,19.52,19.91,17.91,19.0,981476.42,1894611.15
002581.SZ,2021-05-10,19.0,20.48,18.65,19.17,865257.46,1704057.2
002581.SZ,2021-05-11,19.0,20.19,17.63,18.94,752241.66,1414186.17
002581.SZ,2021-05-12,18.35,19.45,17.84,19.35,600774.0,1120074.2
002581.SZ,2021-05-13,20.0,21.29,19.55,21.29,883902.62,1849256.95
002581.SZ,2021-05-14,21.0,22.95,20.5,20.72,927095.54,2002528.71
002581.SZ,2021-05-17,21.0,21.38,19.3,21.0,770227.5,1564054.2
002581.SZ,2021-05-18,20.65,21.16,20.02,20.21,471653.75,965546.57
002581.SZ,2021-05-19,20.29,20.61,19.32,19.4,557889.8,1116814.11
002581.SZ,2021-05-20,18.62,19.08,17.88,18.01,548684.55,1010009.83
002581.SZ,2021-05-21,18.05,18.59,17.55,17.74,469978.0,849993.2
002581.SZ,2021-05-24,17.9,18.43,17.13,18.39,462914.1,828807.65
002581.SZ,2021-05-25,20.23,20.23,19.75,20.23,275378.28,556687.87
002581.SZ,2021-05-26,20.95,22.25,20.23,22.25,927421.48,1972534.81
002581.SZ,2021-05-27,21.68,23.5,21.4,21.83,825485.0,1848421.55
002581.SZ,2021-05-28,22.01,24.01,22.01,24.01,1025660.27,2400994.07
002581.SZ,2021-05-31,24.4,24.88,22.0,23.94,906827.47,2159551.21
002581.SZ,2021-06-01,23.17,23.65,22.08,23.38,651478.01,1486397.62
002581.SZ,2021-06-02,24.0,25.23,22.42,22.7,713871.08,1719272.08
002581.SZ,2021-06-03,21.93,24.15,21.0,23.54,710383.93,1565393.33
002581.SZ,2021-06-04,22.8,23.42,22.52,22.6,402920.28,923504.87
002581.SZ,2021-06-07,23.08,24.33,22.66,23.75,571884.32,1354368.95
002581.SZ,2021-06-08,24.08,24.9,22.6,22.81,537203.91,1273648.29
002581.SZ,2021-06-09,22.81,23.39,21.91,22.88,367991.44,835464.98
002581.SZ,2021-06-10,22.64,22.72,21.8,21.97,413113.7,912730.76
002581.SZ,2021-06-11,21.03,21.38,20.4,20.4,419620.0,874320.23
002581.SZ,2021-06-15,20.01,20.19,18.81,18.99,383463.5,742599.39
002581.SZ,2021-06-16,19.0,19.11,18.08,18.22,283703.0,525180.79
002581.SZ,2021-06-17,18.24,18.53,18.1,18.2,250236.09,457533.84
002581.SZ,2021-06-18,18.0,18.86,17.69,18.72,282589.0,519644.51
002581.SZ,2021-06-21,18.38,19.89,18.2,19.59,335169.3,643739.72
002581.SZ,2021-06-22,19.4,19.74,18.81,19.17,295315.0,569425.82
002581.SZ,2021-06-23,19.17,20.96,18.51,19.89,438888.99,864826.06
002581.SZ,2021-06-24,19.35,19.56,18.67,18.68,279686.94,532744.24
002581.SZ,2021-06-25,18.4,18.88,18.27,18.61,177581.74,329592.74
002581.SZ,2021-06-28,18.02,18.95,18.0,18.64,206640.98,384688.22
002581.SZ,2021-06-29,18.79,18.8,17.91,18.15,196067.0,358192.45
002581.SZ,2021-06-30,18.11,18.4,18.08,18.18,125875.0,229702.99
002581.SZ,2021-07-01,18.19,19.1,18.01,18.5,267887.98,499412.44
002581.SZ,2021-07-02,18.17,18.2,17.19,17.26,271255.75,477645.89
002581.SZ,2021-07-05,17.39,18.1,17.39,17.53,175182.02,309963.67
002581.SZ,2021-07-06,17.61,17.7,16.56,17.07,253581.03,432866.26
002581.SZ,2021-07-07,16.76,17.2,16.75,16.97,149078.12,254046.4
002581.SZ,2021-07-08,17.16,17.18,16.48,16.53,184984.5,310082.01
002581.SZ,2021-07-09,16.52,16.77,16.19,16.65,160167.0,264095.48
002581.SZ,2021-07-12,16.65,16.78,16.4,16.55,141293.0,234425.73
002581.SZ,2021-07-13,16.68,17.3,16.23,16.87,279302.06,470860.24
002581.SZ,2021-07-14,16.9,18.56,16.41,18.56,509636.18,907498.14
002581.SZ,2021-07-15,16.72,17.97,16.72,17.05,441564.2,762955.33
002581.SZ,2021-07-16,17.45,17.93,17.1,17.39,301229.03,526638.18
002581.SZ,2021-07-19,17.45,17.75,16.82,17.4,228326.24,396899.57
002581.SZ,2021-07-20,17.85,19.14,17.85,19.14,593268.23,1121223.58
002581.SZ,2021-07-21,18.99,20.25,18.8,19.8,702617.3,1375077.96
002581.SZ,2021-07-22,19.4,19.4,18.6,18.72,431490.0,812692.68
002581.SZ,2021-07-23,18.83,18.85,18.0,18.02,290739.0,529571.94
002581.SZ,2021-07-26,17.8,17.88,16.35,16.75,326050.81,558486.35
002581.SZ,2021-07-27,16.64,17.02,15.83,15.99,277433.37,457233.31
002581.SZ,2021-07-28,15.6,17.1,14.7,16.65,317681.12,511752.12
002581.SZ,2021-07-29,16.8,17.5,16.55,17.06,287824.84,487641.92
002581.SZ,2021-07-30,17.0,18.59,16.3,17.72,433345.26,750681.12
002581.SZ,2021-08-02,18.43,18.54,17.66,17.79,327581.99,588429.52
002581.SZ,2021-08-03,17.4,19.02,17.35,18.8,516055.99,956107.05
002581.SZ,2021-08-04,18.79,18.79,18.0,18.4,371161.87,677617.18
002581.SZ,2021-08-05,18.5,19.14,18.05,18.64,381471.88,709658.71
002581.SZ,2021-08-06,18.8,18.98,17.91,18.0,274662.01,499617.67
002581.SZ,2021-08-09,17.7,18.08,17.56,17.56,180686.01,320249.18
002581.SZ,2021-08-10,17.82,17.85,16.88,17.11,232184.87,401715.37
002581.SZ,2021-08-11,17.16,17.27,16.82,16.89,159766.0,270994.96
002581.SZ,2021-08-12,16.8,17.03,16.6,16.92,140014.0,235981.3
002581.SZ,2021-08-13,16.91,16.91,16.21,16.4,189317.0,312028.15
002581.SZ,2021-08-16,16.2,16.67,16.16,16.24,127266.0,208692.86
002581.SZ,2021-08-17,16.23,16.36,15.6,15.6,148137.0,235302.01
002581.SZ,2021-08-18,15.67,15.85,15.41,15.75,106463.44,166549.15
002581.SZ,2021-08-19,15.75,16.55,15.63,16.23,168338.18,273097.43
002581.SZ,2021-08-20,16.06,16.19,15.5,15.66,117837.06,185484.58
002581.SZ,2021-08-23,15.51,15.99,15.51,15.86,99629.07,157674.77
002581.SZ,2021-08-24,15.82,16.15,15.64,15.79,110025.12,174854.58
002581.SZ,2021-08-25,15.66,15.99,15.43,15.78,97028.59,153160.53
002581.SZ,2021-08-26,15.7,15.77,15.19,15.19,119779.0,184567.7
002581.SZ,2021-08-27,15.28,15.47,15.15,15.26,92406.0,141429.7
002581.SZ,2021-08-30,15.27,16.14,15.27,15.89,170094.2,269134.03
002581.SZ,2021-08-31,16.19,16.19,15.37,15.41,134862.5,210053.07
002581.SZ,2021-09-01,15.36,15.76,15.15,15.45,110828.5,170365.2
002581.SZ,2021-09-02,15.4,15.43,15.09,15.14,104632.06,158766.38
002581.SZ,2021-09-03,15.12,15.25,15.0,15.15,87601.0,132471.33
002581.SZ,2021-09-06,15.18,15.57,14.9,15.43,125900.0,192793.1
002581.SZ,2021-09-07,15.4,15.62,15.23,15.46,95893.04,148019.2
002581.SZ,2021-09-08,15.51,15.67,15.35,15.45,102740.0,159445.32
002581.SZ,2021-09-09,15.45,15.48,15.14,15.19,87329.02,133119.81
002581.SZ,2021-09-10,15.09,15.27,15.09,15.16,63288.51,95919.55
002581.SZ,2021-09-13,15.25,15.79,15.25,15.56,149560.0,233452.35
002581.SZ,2021-09-14,15.39,15.92,15.36,15.69,155243.0,242405.31
002581.SZ,2021-09-15,15.4,15.41,15.03,15.1,126403.78,191423.92
002581.SZ,2021-09-16,15.06,15.2,14.27,14.3,143632.49,211770.85
002581.SZ,2021-09-17,14.3,14.51,14.11,14.46,95131.0,136512.7
002581.SZ,2021-09-22,14.19,15.16,14.19,14.71,101024.79,149728.97
002581.SZ,2021-09-23,14.59,14.91,14.55,14.63,76861.0,113431.77
002581.SZ,2021-09-24,14.59,14.77,14.53,14.69,68729.0,100731.1
002581.SZ,2021-09-27,14.68,14.84,14.52,14.54,94021.08,138174.16
002581.SZ,2021-09-28,14.41,14.44,14.01,14.05,86868.0,123195.23
002581.SZ,2021-09-29,13.9,14.41,13.8,14.2,105273.0,149465.66
002581.SZ,2021-09-30,14.18,15.6,14.18,15.6,259508.64,393340.09
002581.SZ,2021-10-08,15.56,16.47,15.0,16.31,280550.0,451910.65
002581.SZ,2021-10-11,16.6,16.82,16.11,16.38,203676.0,334691.36
002581.SZ,2021-10-12,16.25,16.51,16.05,16.31,135871.0,221904.82
002581.SZ,2021-10-13,16.23,16.68,16.23,16.38,116871.0,191927.88
002581.SZ,2021-10-14,16.43,17.0,16.4,16.83,188715.0,316174.25
002581.SZ,2021-10-15,16.92,17.2,16.46,16.89,156747.0,263853.38
002581.SZ,2021-10-18,16.75,16.87,16.08,16.31,139100.0,227528.96
002581.SZ,2021-10-19,16.5,16.5,16.12,16.18,104637.87,170142.15
002581.SZ,2021-10-20,16.28,16.4,15.8,16.22,115739.8,186657.74
002581.SZ,2021-10-21,16.36,16.36,16.08,16.24,70910.0,115121.05
002581.SZ,2021-10-22,16.22,17.39,16.1,16.53,187431.0,315638.33
002581.SZ,2021-10-25,16.49,17.3,16.45,16.7,127720.0,214137.42
002581.SZ,2021-10-26,16.62,17.01,16.58,16.71,106212.0,178566.59
002581.SZ,2021-10-27,16.71,16.79,15.98,16.13,103193.0,167326.55
002581.SZ,2021-10-28,16.11,16.28,15.63,15.66,89220.0,142215.35
002581.SZ,2021-10-29,15.66,16.34,15.51,16.15,100891.0,162279.13
002581.SZ,2021-11-01,16.43,16.45,15.86,15.88,102048.0,163815.23
002581.SZ,2021-11-02,15.77,16.07,14.94,15.01,145139.0,223481.8
002581.SZ,2021-11-03,15.05,15.68,15.0,15.43,119526.0,184220.26
002581.SZ,2021-11-04,15.42,15.73,15.18,15.23,95616.8,146482.12
002581.SZ,2021-11-05,14.91,15.22,14.66,14.71,108448.0,161655.3
002581.SZ,2021-11-08,14.56,14.56,14.08,14.42,112075.0,159954.91
002581.SZ,2021-11-09,14.47,14.54,14.22,14.37,82713.0,118759.44
002581.SZ,2021-11-10,14.4,14.95,14.0,14.6,196773.0,285627.98
002581.SZ,2021-11-11,14.47,14.68,14.26,14.36,112494.0,162026.39
002581.SZ,2021-11-12,14.34,14.41,14.21,14.36,67468.0,96655.39
002581.SZ,2021-11-15,14.36,14.71,14.22,14.62,108490.24,158339.67
002581.SZ,2021-11-16,14.55,14.77,14.38,14.62,97354.76,141994.3
002581.SZ,2021-11-17,14.7,14.74,14.4,14.52,70912.97,102993.12
002581.SZ,2021-11-18,14.45,14.5,14.18,14.21,80020.07,114461.74
002581.SZ,2021-11-19,14.21,14.41,14.17,14.35,50189.29,71794.28
002581.SZ,2021-11-22,14.33,14.53,14.23,14.42,64821.5,93208.69
002581.SZ,2021-11-23,14.47,14.65,14.42,14.61,79992.09,116556.34
002581.SZ,2021-11-24,14.7,14.77,14.36,14.5,73815.49,107361.74
002581.SZ,2021-11-25,14.42,15.95,14.42,15.95,216373.29,332918.61
002581.SZ,2021-11-26,16.1,17.12,16.01,16.54,429639.09,708510.07
002581.SZ,2021-11-29,18.19,18.19,17.4,18.19,542578.85,972779.09
002581.SZ,2021-11-30,18.01,20.01,17.77,20.01,674902.82,1279781.61
002581.SZ,2021-12-01,20.52,21.75,19.88,20.28,762155.84,1587718.37
002581.SZ,2021-12-02,19.68,20.92,19.4,19.42,615014.51,1237767.69
002581.SZ,2021-12-03,19.42,19.75,18.85,19.16,428789.01,825877.15
002581.SZ,2021-12-06,19.11,19.38,18.32,18.6,341938.0,641516.07
002581.SZ,2021-12-07,18.95,20.46,18.72,20.11,588432.0,1178102.15
002581.SZ,2021-12-08,19.3,20.27,19.12,19.9,331546.0,658454.93
002581.SZ,2021-12-09,20.14,21.2,20.09,20.16,373840.95,765623.95
002581.SZ,2021-12-10,20.02,20.54,19.81,19.85,251384.0,504146.04
002581.SZ,2021-12-13,20.28,20.8,20.11,20.37,253554.0,517912.74
002581.SZ,2021-12-14,20.37,21.88,20.37,21.32,443510.02,947409.06
002581.SZ,2021-12-15,21.25,23.45,20.0,23.45,536970.53,1131308.54
002581.SZ,2021-12-16,23.45,25.68,22.35,22.58,723557.56,1729365.88
002581.SZ,2021-12-17,22.0,24.5,21.38,23.55,617018.54,1390509.91
002581.SZ,2021-12-20,23.07,25.0,22.91,24.32,558250.97,1351632.49
002581.SZ,2021-12-21,24.11,24.75,23.24,23.32,400847.45,957894.22
002581.SZ,2021-12-22,22.86,23.24,22.29,22.35,347789.6,788803.11
002581.SZ,2021-12-23,21.99,23.22,21.46,22.38,352380.41,775299.98
002581.SZ,2021-12-24,22.2,22.9,21.56,21.97,297216.86,658753.32
002581.SZ,2021-12-27,21.7,22.24,21.6,21.63,190888.03,416334.52
002581.SZ,2021-12-28,21.5,21.73,20.52,20.66,266112.0,558038.23
002581.SZ,2021-12-29,20.43,21.08,20.18,20.52,215091.03,445291.79
002581.SZ,2021-12-30,20.55,21.29,20.52,20.92,211997.0,442756.23
002581.SZ,2021-12-31,22.21,22.21,21.13,21.35,244220.0,528211.24
002581.SZ,2022-01-04,21.36,22.38,21.12,21.65,265310.0,580771.49
002581.SZ,2022-01-05,21.35,21.39,19.49,19.49,356436.29,713247.08
002581.SZ,2022-01-06,19.03,20.36,18.99,20.22,236662.0,469300.23
002581.SZ,2022-01-07,20.22,21.38,20.03,20.32,238775.0,494127.13
002581.SZ,2022-01-10,20.5,21.42,20.5,21.16,216131.36,453545.29
002581.SZ,2022-01-11,21.18,21.37,20.65,20.66,190001.36,397282.3
002581.SZ,2022-01-12,20.66,21.3,20.28,20.94,183560.17,385195.26
002581.SZ,2022-01-13,20.94,21.18,20.15,20.32,166558.03,341688.24
002581.SZ,2022-01-14,20.28,21.88,20.2,21.12,326978.44,691751.12
002581.SZ,2022-01-17,20.89,22.8,20.5,22.09,368946.86,798610.99
002581.SZ,2022-01-18,22.09,22.19,20.56,20.62,294038.0,618307.43
002581.SZ,2022-01-19,20.3,20.43,19.79,19.99,159041.8,318809.75
002581.SZ,2022-01-20,20.0,20.28,19.01,19.11,155332.29,305070.31
002581.SZ,2022-01-21,18.95,19.5,18.84,19.03,114034.0,218758.3
002581.SZ,2022-01-24,18.81,19.18,18.41,18.61,133320.0,249330.22
002581.SZ,2022-01-25,18.61,18.86,17.59,17.59,134165.0,242707.07
002581.SZ,2022-01-26,17.49,17.7,16.8,17.35,176429.29,304760.36
002581.SZ,2022-01-27,17.72,17.98,16.65,16.65,132889.0,228620.84
002581.SZ,2022-01-28,16.97,17.39,16.74,17.02,110312.0,188784.17
002581.SZ,2022-02-07,17.28,17.56,16.83,17.0,87209.66,148983.07
002581.SZ,2022-02-08,17.01,17.31,16.83,17.08,94249.0,160991.91
002581.SZ,2022-02-09,16.84,17.15,16.68,17.1,102664.0,174159.29
002581.SZ,2022-02-10,17.0,17.09,16.49,16.58,117997.0,197317.41
002581.SZ,2022-02-11,16.45,16.48,15.95,15.99,106741.0,172359.64
002581.SZ,2022-02-14,15.81,16.32,15.81,16.03,74098.0,119286.23
002581.SZ,2022-02-15,16.0,16.12,15.78,16.0,67299.0,107522.8
002581.SZ,2022-02-16,16.1,16.37,15.92,16.18,79689.0,128676.36
002581.SZ,2022-02-17,16.18,16.2,15.96,16.04,80401.0,129166.54
002581.SZ,2022-02-18,16.09,16.38,15.95,16.2,105333.0,170562.39
002581.SZ,2022-02-21,16.3,17.82,16.3,17.82,266515.0,458363.07
002581.SZ,2022-02-22,17.78,19.49,17.48,18.96,348166.12,651074.62
002581.SZ,2022-02-23,18.63,18.8,18.39,18.48,194575.0,360253.46
002581.SZ,2022-02-24,18.3,18.69,17.35,17.79,231924.0,417918.57
002581.SZ,2022-02-25,17.69,18.11,17.67,17.88,128352.0,230035.95
002581.SZ,2022-02-28,18.09,18.09,17.52,17.89,93185.0,165982.48
002581.SZ,2022-03-01,17.9,17.9,17.6,17.77,78374.02,138915.32
002581.SZ,2022-03-02,17.65,18.25,17.46,17.99,112498.02,201504.64
002581.SZ,2022-03-03,18.02,18.39,18.0,18.01,122316.47,222463.17
002581.SZ,2022-03-04,17.84,18.35,17.69,17.82,110118.49,198640.33
002581.SZ,2022-03-07,17.7,17.84,17.27,17.35,85617.0,149833.39
002581.SZ,2022-03-08,17.4,17.5,16.55,16.75,125826.08,213899.97
002581.SZ,2022-03-09,16.8,17.05,15.7,16.85,124257.17,205639.37
002581.SZ,2022-03-10,17.0,17.8,17.0,17.65,134489.0,235001.88
002581.SZ,2022-03-11,17.48,18.1,17.36,18.04,179207.0,318825.03
002581.SZ,2022-03-14,18.28,19.8,17.87,18.73,313602.38,587622.31
002581.SZ,2022-03-15,18.46,18.59,17.27,17.29,209070.38,374298.94
002581.SZ,2022-03-16,17.55,17.89,16.75,17.67,167041.81,290027.91
002581.SZ,2022-03-17,17.76,18.55,17.64,17.99,181412.61,329731.5
002581.SZ,2022-03-18,18.1,18.41,17.88,18.27,133718.0,243571.83
002581.SZ,2022-03-21,18.5,18.88,18.21,18.69,192361.32,356724.68
002581.SZ,2022-03-22,17.67,18.3,17.36,17.49,243986.92,430311.32
002581.SZ,2022-03-23,17.3,18.08,17.28,17.77,174731.26,310714.6
002581.SZ,2022-03-24,17.57,18.58,17.48,18.43,218853.24,398049.26
002581.SZ,2022-03-25,18.29,18.58,18.1,18.12,156097.0,285523.11
002581.SZ,2022-03-28,17.57,17.79,16.91,17.11,143619.08,247576.15
002581.SZ,2022-03-29,17.12,18.36,17.05,18.06,192252.73,343003.61
002581.SZ,2022-03-30,18.05,18.32,17.53,17.96,137596.0,247249.93
002581.SZ,2022-03-31,18.0,18.29,17.7,17.71,122806.0,220568.91
002581.SZ,2022-04-01,17.48,17.6,17.12,17.24,121642.26,210087.53
002581.SZ,2022-04-06,17.55,17.65,16.88,16.95,117849.0,203094.74
002581.SZ,2022-04-07,16.6,16.93,16.21,16.71,101014.9,168279.04
002581.SZ,2022-04-08,16.63,16.76,16.21,16.45,78264.0,128573.36
002581.SZ,2022-04-11,16.7,17.7,16.5,17.33,186046.0,321592.52
002581.SZ,2022-04-12,17.5,19.06,16.84,19.06,358278.36,670298.91
002581.SZ,2022-04-13,19.34,20.13,19.1,19.21,393868.38,774750.39
002581.SZ,2022-04-14,19.21,19.76,18.88,19.49,217004.0,421713.41
002581.SZ,2022-04-15,19.2,19.89,19.03,19.04,156979.0,304149.5
002581.SZ,2022-04-18,19.2,19.69,18.98,19.56,136841.0,265795.99
002581.SZ,2022-04-19,19.48,19.75,18.97,19.06,143448.0,276896.77
002581.SZ,2022-04-20,19.23,19.39,17.97,18.1,143046.0,264823.08
002581.SZ,2022-04-21,17.81,18.09,16.9,17.0,124172.0,216126.11
002581.SZ,2022-04-22,17.1,17.49,16.51,17.36,112992.0,193344.32
002581.SZ,2022-04-25,17.49,17.49,15.68,15.72,139279.0,228580.87
002581.SZ,2022-04-26,15.63,16.15,14.41,15.52,133183.0,204776.91
002581.SZ,2022-04-27,16.0,17.0,15.52,16.67,159229.3,260613.97
002581.SZ,2022-04-28,16.9,16.98,15.81,15.92,131327.0,215183.12
002581.SZ,2022-04-29,15.8,16.64,15.58,16.37,101392.0,165683.17
002581.SZ,2022-05-05,16.75,17.68,15.45,17.01,210464.9,354799.5
002581.SZ,2022-05-06,16.63,17.45,16.58,16.73,112639.0,190812.86
002581.SZ,2022-05-09,16.5,16.95,16.44,16.6,82696.32,137794.99
002581.SZ,2022-05-10,16.4,16.72,16.15,16.66,67831.32,111631.03
002581.SZ,2022-05-11,16.54,16.97,16.42,16.7,102950.32,172427.22
002581.SZ,2022-05-12,16.46,16.77,16.45,16.51,63191.9,104696.91
002581.SZ,2022-05-13,16.55,16.77,16.42,16.53,57256.0,94875.39
002581.SZ,2022-05-16,16.53,16.74,16.16,16.19,69746.0,114465.32
002581.SZ,2022-05-17,15.8,16.32,15.64,16.12,76900.0,122666.15
002581.SZ,2022-05-18,16.0,16.28,15.98,16.04,54764.0,88187.8
002581.SZ,2022-05-19,15.9,17.64,15.75,17.64,192354.0,326851.1
002581.SZ,2022-05-20,18.04,19.4,17.91,19.15,329398.51,622674.64
002581.SZ,2022-05-23,20.07,20.09,19.13,19.49,261892.28,512834.16
002581.SZ,2022-05-24,19.6,19.97,19.0,19.11,181285.98,355136.07
002581.SZ,2022-05-25,19.25,19.8,18.91,19.7,136577.0,263079.8
002581.SZ,2022-05-26,20.0,20.26,18.44,18.9,256066.5,500485.8
002581.SZ,2022-05-27,18.9,19.47,18.01,18.21,174347.0,321452.11
002581.SZ,2022-05-30,18.23,18.41,17.37,17.63,128611.0,227172.78
002581.SZ,2022-05-31,17.05,17.54,16.85,17.17,103753.0,177838.17
002581.SZ,2022-06-01,17.16,17.54,16.93,17.03,81910.0,141025.66
002581.SZ,2022-06-02,17.0,17.06,16.76,16.88,61410.0,103761.62
002581.SZ,2022-06-06,17.06,17.08,16.63,16.74,84368.01,141244.77
002581.SZ,2022-06-07,16.79,17.69,16.65,17.29,157757.09,270889.81
002581.SZ,2022-06-08,17.28,17.29,16.81,17.02,102045.94,173257.26
002581.SZ,2022-06-09,16.99,16.99,16.62,16.63,64175.08,107310.04
002581.SZ,2022-06-10,16.77,16.98,16.52,16.84,51663.08,86649.74
002581.SZ,2022-06-13,16.75,17.17,16.64,16.94,55764.66,94414.86
002581.SZ,2022-06-14,16.82,17.07,16.58,16.71,65114.0,109069.51
002581.SZ,2022-06-15,16.7,16.95,16.62,16.69,58034.07,97325.51
002581.SZ,2022-06-16,16.69,17.21,16.69,16.97,86609.08,146964.44
002581.SZ,2022-06-17,16.88,17.0,16.7,16.92,53968.88,91029.07
002581.SZ,2022-06-20,17.0,17.51,16.85,17.35,96307.0,165492.84
002581.SZ,2022-06-21,17.29,19.05,17.05,18.4,170783.45,303470.81
002581.SZ,2022-06-22,18.01,19.28,17.9,18.26,190919.0,359461.85
002581.SZ,2022-06-23,18.31,18.5,17.7,18.08,92200.0,166303.48
002581.SZ,2022-06-24,18.07,18.25,17.62,17.8,87354.09,156424.5
002581.SZ,2022-06-27,17.76,17.94,17.68,17.84,51681.64,92052.34
002581.SZ,2022-06-28,17.8,17.85,17.46,17.53,63062.0,110891.58
002581.SZ,2022-06-29,17.4,17.61,17.03,17.06,67523.2,117111.78
002581.SZ,2022-06-30,17.11,17.66,17.1,17.24,69826.45,120961.39
002581.SZ,2022-07-01,17.45,17.64,17.28,17.39,52074.94,90911.3
002581.SZ,2022-07-04,17.42,17.95,17.35,17.85,85781.55,152543.67
002581.SZ,2022-07-05,17.94,18.68,17.49,18.08,108484.99,195227.94
002581.SZ,2022-07-06,17.95,18.06,17.6,17.66,52533.59,93555.49
002581.SZ,2022-07-07,17.68,18.0,17.56,17.76,43231.33,76947.98
002581.SZ,2022-07-08,17.77,18.13,17.7,17.84,48819.0,87372.16
002581.SZ,2022-07-11,17.84,18.07,17.75,17.83,62615.2,112219.45
002581.SZ,2022-07-12,17.83,17.83,17.02,17.11,77957.3,134862.82
002581.SZ,2022-07-13,17.31,17.36,17.04,17.18,38086.24,65627.57
002581.SZ,2022-07-14,17.18,17.33,17.07,17.11,37131.15,63811.59
002581.SZ,2022-07-15,17.19,17.19,16.62,16.81,49227.01,82838.52
002581.SZ,2022-07-18,16.81,16.99,16.8,16.86,49482.0,83549.44
002581.SZ,2022-07-19,16.86,17.0,16.76,16.91,35564.0,60080.6
002581.SZ,2022-07-20,16.98,17.79,16.98,17.01,50853.57,87188.47
002581.SZ,2022-07-21,16.97,17.08,16.83,16.85,47431.0,80175.3
002581.SZ,2022-07-22,16.86,16.99,16.71,16.97,44486.53,75090.72
002581.SZ,2022-07-25,17.1,17.76,16.9,17.71,129457.49,226383.47
002581.SZ,2022-07-26,17.65,17.9,17.41,17.53,65848.28,116052.48
002581.SZ,2022-07-27,17.56,17.99,17.35,17.43,55163.21,96824.74
002581.SZ,2022-07-28,17.47,17.65,17.41,17.65,56566.0,99204.1
002581.SZ,2022-07-29,17.64,18.63,17.58,18.3,167272.96,306237.9
002581.SZ,2022-08-01,18.61,20.13,18.61,20.13,346758.11,682985.1
002581.SZ,2022-08-02,20.37,20.86,19.4,19.4,380461.78,768513.74
002581.SZ,2022-08-03,19.5,20.25,19.32,19.42,181767.32,360969.67
002581.SZ,2022-08-04,19.58,20.06,19.51,19.82,126867.0,251070.11
002581.SZ,2022-08-05,19.82,20.3,19.78,19.97,101495.0,202506.17
002581.SZ,2022-08-08,19.97,20.13,18.29,18.43,272854.42,517533.3
002581.SZ,2022-08-09,18.45,18.75,18.18,18.34,104392.0,192281.39
002581.SZ,2022-08-10,18.34,18.48,17.5,17.95,149346.0,265952.72
002581.SZ,2022-08-11,17.91,18.08,17.8,17.91,92261.22,165473.08
002581.SZ,2022-08-12,17.92,18.39,17.9,18.0,93686.8,169377.8
002581.SZ,2022-08-15,18.09,18.09,17.68,17.78,72591.0,129248.61
002581.SZ,2022-08-16,17.8,17.88,17.64,17.88,79405.0,140687.63
002581.SZ,2022-08-17,17.73,17.95,17.64,17.88,70123.0,124822.61
002581.SZ,2022-08-18,17.87,18.03,17.63,17.71,71479.0,126977.54
002581.SZ,2022-08-19,17.2,17.61,16.8,17.37,103682.0,179635.81
002581.SZ,2022-08-22,17.29,17.4,16.89,17.26,84102.96,143921.8
002581.SZ,2022-08-23,17.22,17.35,17.06,17.3,60282.15,103505.66
002581.SZ,2022-08-24,17.2,17.42,16.92,16.93,72837.57,124502.55
002581.SZ,2022-08-25,17.1,17.47,16.95,17.06,67913.47,116105.88
002581.SZ,2022-08-26,17.06,17.24,16.97,17.0,49154.57,83920.04
002581.SZ,2022-08-29,16.76,16.85,16.27,16.7,77290.53,127613.09
002581.SZ,2022-08-30,16.65,16.89,16.61,16.88,37398.04,62777.08
002581.SZ,2022-08-31,16.81,16.98,16.35,16.47,58111.0,96282.74
002581.SZ,2022-09-01,16.47,16.63,16.4,16.51,33613.0,55539.28
002581.SZ,2022-09-02,16.52,16.68,16.47,16.63,27234.64,45185.52
002581.SZ,2022-09-05,16.6,17.15,16.6,16.93,52735.32,89154.47
002581.SZ,2022-09-06,16.96,17.17,16.67,17.1,50004.0,85213.48
002581.SZ,2022-09-07,17.11,18.81,16.86,18.16,159293.04,285401.6
002581.SZ,2022-09-08,18.06,18.31,17.76,17.88,102690.8,184672.48
002581.SZ,2022-09-09,17.96,18.24,17.9,17.99,68589.0,123701.66
002581.SZ,2022-09-13,17.99,18.06,17.44,17.55,65646.0,116359.78
002581.SZ,2022-09-14,17.26,17.85,17.02,17.53,48319.01,84277.9
002581.SZ,2022-09-15,17.66,17.7,17.03,17.2,39807.0,68898.63
002581.SZ,2022-09-16,17.18,17.18,16.63,16.64,60168.01,101102.7
002581.SZ,2022-09-19,16.61,16.74,16.25,16.58,37087.99,61209.05
002581.SZ,2022-09-20,16.5,16.8,16.5,16.74,34845.2,58121.49
002581.SZ,2022-09-21,16.67,17.39,16.54,17.16,54028.0,91867.38
002581.SZ,2022-09-22,16.99,17.25,16.98,17.01,37422.0,64029.9
002581.SZ,2022-09-23,16.9,17.44,16.88,16.91,50898.78,86909.94
002581.SZ,2022-09-26,16.93,17.0,16.55,16.6,39262.7,65657.4
002581.SZ,2022-09-27,16.7,17.29,16.55,17.19,64358.7,109511.84
002581.SZ,2022-09-28,17.06,17.45,17.06,17.11,59622.01,102831.34
002581.SZ,2022-09-29,17.18,17.36,16.96,16.97,44244.0,75900.53
002581.SZ,2022-09-30,16.95,17.25,16.91,17.1,39736.01,68016.11
002581.SZ,2022-10-10,17.4,17.44,16.7,17.02,47327.69,80895.7
002581.SZ,2022-10-11,17.31,17.43,17.06,17.29,39906.09,68877.53
002581.SZ,2022-10-12,17.22,17.52,17.18,17.4,53284.72,92488.12
002581.SZ,2022-10-13,17.3,17.66,17.26,17.44,66092.0,115698.82
002581.SZ,2022-10-14,17.44,18.08,17.42,17.85,95550.61,170355.45
002581.SZ,2022-10-17,17.75,17.99,17.53,17.56,81229.0,144164.82
002581.SZ,2022-10-18,17.36,17.59,16.8,17.33,89697.99,154065.33
002581.SZ,2022-10-19,17.28,17.28,17.0,17.03,54279.0,92663.46
002581.SZ,2022-10-20,16.92,17.35,16.91,17.03,47035.0,80563.23
002581.SZ,2022-10-21,17.02,17.25,16.9,16.91,39790.0,67748.0
002581.SZ,2022-10-24,16.93,17.11,16.7,16.77,45138.0,75961.52
002581.SZ,2022-10-25,16.77,17.01,16.42,17.0,48007.0,80410.1
002581.SZ,2022-10-26,16.98,17.43,16.98,17.3,73536.46,127217.04
002581.SZ,2022-10-27,17.21,17.39,17.09,17.22,60763.0,104628.98
002581.SZ,2022-10-28,17.22,17.22,16.79,16.79,58989.93,100234.75
002581.SZ,2022-10-31,16.8,17.09,16.53,16.95,46675.5,78708.39
002581.SZ,2022-11-01,17.04,17.19,16.76,17.14,58958.99,100133.22
002581.SZ,2022-11-02,17.1,17.67,17.01,17.25,101527.02,176483.36
002581.SZ,2022-11-03,17.1,17.45,17.0,17.05,57794.51,98756.99
002581.SZ,2022-11-04,17.08,17.21,16.95,17.18,57852.0,98938.77
002581.SZ,2022-11-07,17.1,17.44,17.1,17.23,61039.92,105475.49
002581.SZ,2022-11-08,17.28,17.44,17.07,17.26,58293.0,100520.63
002581.SZ,2022-11-09,17.21,18.11,17.17,17.56,108641.57,191432.48
002581.SZ,2022-11-10,17.41,17.85,17.41,17.57,78915.5,139266.14
002581.SZ,2022-11-11,17.61,18.02,17.3,17.31,136182.1,241067.62
002581.SZ,2022-11-14,17.2,17.65,16.85,17.51,107410.05,186092.02
002581.SZ,2022-11-15,17.56,17.58,17.21,17.47,68392.21,118772.62
002581.SZ,2022-11-16,17.47,17.57,17.23,17.27,59393.88,102998.19
002581.SZ,2022-11-17,17.2,17.44,17.09,17.38,56543.04,97800.62
002581.SZ,2022-11-18,17.4,17.78,17.35,17.54,104554.29,183913.14
002581.SZ,2022-11-21,17.48,17.76,17.25,17.69,105234.27,185376.25
002581.SZ,2022-11-22,17.69,19.46,17.64,18.7,423060.89,806761.66
002581.SZ,2022-11-23,18.2,18.36,16.93,17.34,290009.36,508131.39
002581.SZ,2022-11-24,17.17,17.38,16.98,17.19,111436.88,191613.17
002581.SZ,2022-11-25,17.21,17.21,16.78,16.89,83841.02,142236.62
002581.SZ,2022-11-28,16.7,17.1,16.59,16.96,55497.71,94131.03
002581.SZ,2022-11-29,16.9,17.16,16.89,17.15,71427.47,121984.27
002581.SZ,2022-11-30,17.1,17.19,16.91,16.98,57636.02,97993.82
002581.SZ,2022-12-01,16.95,17.12,16.95,17.05,51240.5,87234.39
002581.SZ,2022-12-02,17.0,17.1,16.95,17.04,36355.45,61912.64
002581.SZ,2022-12-05,17.01,17.33,16.98,17.24,64274.26,110278.13
002581.SZ,2022-12-06,17.24,17.29,17.0,17.0,50949.15,87019.26
002581.SZ,2022-12-07,17.0,17.17,16.9,17.11,57851.55,98739.7
002581.SZ,2022-12-08,17.11,17.17,16.98,17.05,51270.0,87561.69
002581.SZ,2022-12-09,17.1,17.19,16.98,17.08,72428.36,123824.8
002581.SZ,2022-12-12,17.0,17.51,17.0,17.29,101486.03,175487.46
002581.SZ,2022-12-13,17.19,17.52,17.0,17.4,106584.9,184158.83
002581.SZ,2022-12-14,17.34,17.35,17.05,17.1,65974.8,112988.96
002581.SZ,2022-12-15,17.08,17.19,17.03,17.05,40670.73,69462.38
002581.SZ,2022-12-16,17.1,17.4,17.06,17.34,89677.93,154706.29
002581.SZ,2022-12-19,17.34,17.35,16.97,16.97,68802.76,117302.52
002581.SZ,2022-12-20,16.9,16.95,16.45,16.5,57794.97,96145.31
002581.SZ,2022-12-21,16.5,16.64,16.49,16.54,25002.73,41336.81
002581.SZ,2022-12-22,16.61,16.61,15.55,15.65,66944.45,106593.96
002581.SZ,2022-12-23,15.65,15.98,15.6,15.78,30514.31,48151.57
002581.SZ,2022-12-26,15.75,15.93,15.21,15.49,54933.93,85027.83
002581.SZ,2022-12-27,15.47,15.68,14.8,15.67,62034.96,94326.86
002581.SZ,2022-12-28,15.64,15.95,15.41,15.83,34795.97,54611.39
002581.SZ,2022-12-29,15.71,16.05,15.71,15.85,31269.0,49827.0
002581.SZ,2022-12-30,15.9,15.94,15.68,15.75,21382.0,33675.26
002581.SZ,2023-01-03,15.74,16.07,15.73,15.86,28773.17,45726.06
002581.SZ,2023-01-04,15.77,15.97,15.53,15.59,40749.32,63703.77
002581.SZ,2023-01-05,15.63,15.74,15.43,15.48,26938.0,41866.2
002581.SZ,2023-01-06,15.48,15.59,15.25,15.36,26975.28,41633.86
002581.SZ,2023-01-09,15.35,15.45,15.2,15.26,38202.0,58372.59
002581.SZ,2023-01-10,15.26,15.38,15.11,15.29,27011.32,41275.73
002581.SZ,2023-01-11,15.26,15.36,15.15,15.17,22824.0,34779.46
002581.SZ,2023-01-12,15.15,15.22,15.04,15.15,19354.8,29292.25
002581.SZ,2023-01-13,15.15,15.2,15.11,15.18,19629.0,29753.63
002581.SZ,2023-01-16,15.17,15.4,15.17,15.28,25316.0,38783.81
002581.SZ,2023-01-17,15.29,15.38,14.5,14.87,57884.0,86657.88
002581.SZ,2023-01-18,14.98,15.2,14.81,15.01,25493.0,38219.84
002581.SZ,2023-01-19,15.0,15.1,14.88,15.05,22314.0,33534.06
002581.SZ,2023-01-20,15.06,15.24,15.06,15.18,27868.0,42218.93
002581.SZ,2023-01-30,15.19,15.45,15.19,15.25,34922.0,53411.2
002581.SZ,2023-01-31,15.12,15.35,15.12,15.3,27979.88,42609.34
002581.SZ,2023-02-01,15.29,15.42,15.23,15.37,39132.0,59960.23
002581.SZ,2023-02-02,15.38,15.6,15.35,15.41,47320.0,73223.68
002581.SZ,2023-02-03,15.45,15.5,15.21,15.39,28926.23,44412.02
002581.SZ,2023-02-06,15.4,15.41,15.26,15.37,18508.64,28399.96
002581.SZ,2023-02-07,15.4,15.45,15.17,15.21,33852.88,51629.65
002581.SZ,2023-02-08,15.2,15.28,15.13,15.22,22479.08,34156.23
002581.SZ,2023-02-09,15.1,15.33,15.1,15.3,27767.6,42370.01
002581.SZ,2023-02-10,15.29,15.45,15.22,15.3,23083.0,35375.45
002581.SZ,2023-02-13,15.35,15.36,15.24,15.33,24491.0,37453.35
002581.SZ,2023-02-14,15.36,15.46,15.31,15.37,32161.0,49433.74
002581.SZ,2023-02-15,15.39,15.42,15.24,15.3,25627.0,39248.93
002581.SZ,2023-02-16,15.29,15.46,14.96,15.06,59641.23,91118.03
002581.SZ,2023-02-17,15.06,15.35,15.03,15.31,44297.43,67335.36
002581.SZ,2023-02-20,15.32,15.8,15.32,15.4,57001.08,88101.72
002581.SZ,2023-02-21,15.5,15.5,15.28,15.33,29924.0,45923.92
002581.SZ,2023-02-22,15.4,15.43,15.26,15.41,29074.0,44701.41
002581.SZ,2023-02-23,15.4,15.54,15.27,15.29,33621.18,51670.02
002581.SZ,2023-02-24,15.25,15.33,15.15,15.18,21469.0,32648.6
002581.SZ,2023-02-27,15.21,15.25,14.97,15.0,31846.0,47958.72
002581.SZ,2023-02-28,14.98,15.35,14.98,15.25,46533.0,70557.95
002581.SZ,2023-03-01,15.19,15.34,15.1,15.19,27297.0,41378.96
002581.SZ,2023-03-02,15.23,15.27,14.99,15.03,29392.0,44359.92
002581.SZ,2023-03-03,15.05,15.14,15.01,15.05,18538.24,27898.95
002581.SZ,2023-03-06,15.03,15.06,14.74,14.84,50356.0,74776.77
002581.SZ,2023-03-07,14.81,14.88,14.55,14.61,30820.0,45328.05
002581.SZ,2023-03-08,14.59,14.92,14.41,14.88,30893.2,45454.82
002581.SZ,2023-03-09,14.9,14.95,14.7,14.71,20580.0,30417.64
002581.SZ,2023-03-10,14.67,14.7,14.36,14.4,37603.88,54432.14
002581.SZ,2023-03-13,14.22,14.37,13.9,14.1,49732.22,69912.95
002581.SZ,2023-03-14,14.0,14.14,13.96,14.0,26014.0,36503.65
002581.SZ,2023-03-15,14.0,14.26,13.98,14.15,23945.0,33915.23
002581.SZ,2023-03-16,14.14,14.16,13.97,13.97,23650.0,33172.63
002581.SZ,2023-03-17,14.03,14.12,14.0,14.04,24237.25,34076.7
002581.SZ,2023-03-20,14.05,14.09,13.81,13.89,26951.75,37523.32
002581.SZ,2023-03-21,13.88,13.99,13.87,13.92,23634.62,32903.2
002581.SZ,2023-03-22,14.02,15.19,13.95,15.03,116604.05,171442.76
002581.SZ,2023-03-23,14.91,15.09,14.73,14.96,60782.59,90524.36
002581.SZ,2023-03-24,14.9,15.76,14.86,15.58,118828.1,183245.32
002581.SZ,2023-03-27,15.55,15.67,15.33,15.5,56813.02,87764.24
002581.SZ,2023-03-28,15.41,15.73,15.35,15.65,71793.99,111963.17
002581.SZ,2023-03-29,15.68,15.75,15.55,15.65,50098.89,78307.73
002581.SZ,2023-03-30,15.56,15.74,15.55,15.7,50385.8,78933.66
002581.SZ,2023-03-31,15.73,15.93,15.54,15.63,44010.39,69075.5
002581.SZ,2023-04-03,15.63,16.66,15.52,16.31,129537.48,210820.39
002581.SZ,2023-04-04,16.36,16.44,16.07,16.18,48916.26,79366.28
002581.SZ,2023-04-06,16.2,17.45,16.2,17.24,174111.0,298830.62
002581.SZ,2023-04-07,17.12,18.36,17.05,18.12,196865.65,350148.72
002581.SZ,2023-04-10,18.0,19.12,17.9,18.22,233701.39,435562.98
002581.SZ,2023-04-11,18.3,18.84,18.17,18.7,148804.21,276210.79
002581.SZ,2023-04-12,18.74,19.1,18.51,18.82,118548.2,222993.59
002581.SZ,2023-04-13,18.84,18.96,18.15,18.2,129952.88,241055.98
002581.SZ,2023-04-14,18.38,18.77,18.1,18.66,118637.53,219411.1
002581.SZ,2023-04-17,18.63,19.08,18.41,18.81,77188.17,144913.71
002581.SZ,2023-04-18,18.62,19.28,18.46,19.07,103768.67,196931.17
002581.SZ,2023-04-19,18.97,19.8,18.51,18.82,152896.6,295656.26
002581.SZ,2023-04-20,19.0,19.38,18.75,19.0,100141.96,191033.01
002581.SZ,2023-04-21,18.91,19.28,18.7,18.74,74046.72,140292.35
002581.SZ,2023-04-24,18.43,19.23,18.41,19.2,105344.91,199417.46
002581.SZ,2023-04-25,19.05,19.41,18.66,18.85,86465.01,164530.79
002581.SZ,2023-04-26,18.84,19.18,18.78,18.84,52488.07,99525.55
002581.SZ,2023-04-27,18.84,18.94,18.41,18.68,73825.88,137704.77
002581.SZ,2023-04-28,18.8,19.8,18.65,19.5,121876.83,236109.72
002581.SZ,2023-05-04,19.51,20.68,19.5,20.44,128085.22,260340.26
002581.SZ,2023-05-05,20.66,21.6,20.52,21.34,152702.79,321226.01
002581.SZ,2023-05-08,21.55,21.6,20.3,20.85,145607.78,303045.76
002581.SZ,2023-05-09,21.02,21.6,20.75,21.18,88714.0,188353.05
002581.SZ,2023-05-10,21.56,21.69,20.2,20.37,97393.44,201523.63
002581.SZ,2023-05-11,20.45,20.82,20.22,20.35,52653.44,108023.18
002581.SZ,2023-05-12,20.35,20.46,19.81,19.89,72128.14,144602.65
002581.SZ,2023-05-15,19.43,19.76,18.36,19.14,125326.01,239019.45
002581.SZ,2023-05-16,19.33,19.38,18.88,18.93,43099.91,82198.87
002581.SZ,2023-05-17,18.92,18.92,18.51,18.61,51945.0,97124.26
002581.SZ,2023-05-18,18.7,18.8,17.99,18.21,93784.01,171379.28
002581.SZ,2023-05-19,18.43,18.43,18.1,18.19,39559.0,72110.66
002581.SZ,2023-05-22,18.35,19.26,18.22,18.95,99391.03,187754.56
002581.SZ,2023-05-23,19.2,19.77,19.09,19.42,88129.81,171620.53
002581.SZ,2023-05-24,19.42,19.47,18.45,18.49,79384.87,149136.44
002581.SZ,2023-05-25,18.42,18.83,18.28,18.59,41767.04,77395.68
002581.SZ,2023-05-26,18.42,18.78,18.42,18.67,28877.0,53744.44
002581.SZ,2023-05-29,18.67,18.86,18.3,18.45,33973.46,63037.91
002581.SZ,2023-05-30,18.47,19.18,18.41,18.71,50155.0,93933.52
002581.SZ,2023-05-31,18.68,18.9,18.25,18.38,40555.89,75106.31
002581.SZ,2023-06-01,18.5,19.15,18.2,18.69,59898.51,112392.9
002581.SZ,2023-06-02,18.68,18.98,18.57,18.75,38024.0,71314.9
002581.SZ,2023-06-05,18.87,19.18,18.75,19.06,51594.77,98127.8
002581.SZ,2023-06-06,19.0,19.19,18.65,18.71,52105.24,98532.58
002581.SZ,2023-06-07,18.71,18.94,18.65,18.65,32390.97,60877.1
002581.SZ,2023-06-08,18.69,18.77,17.87,18.03,72239.22,131053.21
002581.SZ,2023-06-09,18.16,18.21,17.5,17.86,59840.21,106777.77
002581.SZ,2023-06-12,17.85,18.82,17.6,18.35,61527.67,112212.61
002581.SZ,2023-06-13,18.32,18.32,17.71,17.92,45607.14,81807.7
002581.SZ,2023-06-14,17.95,18.5,17.64,18.36,61047.35,110031.94
002581.SZ,2023-06-15,18.3,18.83,17.8,18.07,82366.16,150426.51
002581.SZ,2023-06-16,18.05,18.44,17.91,17.98,41864.14,75859.95
002581.SZ,2023-06-19,17.88,18.09,17.28,17.34,80487.99,141249.25
002581.SZ,2023-06-20,17.34,17.65,17.2,17.47,44455.24,77578.32
002581.SZ,2023-06-21,17.41,17.64,17.12,17.32,42163.45,73123.05
002581.SZ,2023-06-26,17.21,17.5,16.89,17.46,63079.72,109001.43
002581.SZ,2023-06-27,17.45,19.21,17.45,19.21,138134.22,259402.25
002581.SZ,2023-06-28,20.07,20.28,19.54,19.72,159773.15,316046.18
002581.SZ,2023-06-29,19.64,19.88,19.06,19.14,97555.74,189631.19
002581.SZ,2023-06-30,19.15,19.39,18.99,19.09,56815.01,108986.48
002581.SZ,2023-07-03,19.19,19.34,18.86,19.18,55467.0,106044.76
002581.SZ,2023-07-04,19.21,19.58,18.96,19.32,55462.32,107277.38
002581.SZ,2023-07-05,19.33,19.46,19.23,19.39,35153.0,67999.04
002581.SZ,2023-07-06,19.65,19.88,19.11,19.13,74779.8,145031.83
002581.SZ,2023-07-07,19.24,19.48,18.85,18.87,58818.98,112032.2
002581.SZ,2023-07-10,18.81,19.1,18.8,18.86,25816.46,48799.36
002581.SZ,2023-07-11,18.88,19.08,18.7,19.04,25097.09,47436.18
002581.SZ,2023-07-12,18.99,19.2,18.27,18.47,64524.33,119947.26
002581.SZ,2023-07-13,18.55,18.64,18.35,18.39,34075.69,62889.98
002581.SZ,2023-07-14,18.38,19.47,18.04,19.0,79007.86,149621.66
002581.SZ,2023-07-17,18.55,18.78,17.9,18.24,65537.15,119979.19
002581.SZ,2023-07-18,18.23,18.35,18.02,18.09,26920.41,48922.72
002581.SZ,2023-07-19,18.08,18.23,17.84,18.17,26626.45,48094.25
002581.SZ,2023-07-20,18.07,18.26,17.8,17.81,30946.0,55696.54
002581.SZ,2023-07-21,17.7,17.92,17.62,17.63,19976.0,35430.07
002581.SZ,2023-07-24,17.7,18.34,17.7,17.8,25932.0,46634.53
002581.SZ,2023-07-25,17.96,18.11,17.68,17.77,27859.0,49686.66
002581.SZ,2023-07-26,17.82,17.98,17.68,17.9,20172.0,36012.06
002581.SZ,2023-07-27,18.9,19.3,18.23,18.56,118239.62,221796.47
002581.SZ,2023-07-28,18.4,18.62,18.15,18.38,49900.9,91575.99
002581.SZ,2023-07-31,18.3,18.72,18.1,18.46,46229.43,85099.6
002581.SZ,2023-08-01,18.38,18.8,18.18,18.24,45977.42,84807.1
002581.SZ,2023-08-02,18.2,18.2,17.1,17.15,94648.11,165102.57
002581.SZ,2023-08-03,17.31,18.36,17.16,18.33,102774.37,184678.29
002581.SZ,2023-08-04,18.16,18.44,17.98,18.24,52412.0,95346.14
002581.SZ,2023-08-07,18.35,18.57,18.09,18.19,26912.0,49107.99
002581.SZ,2023-08-08,18.19,18.22,17.66,17.72,32611.0,58122.63
002581.SZ,2023-08-09,17.7,18.18,17.7,18.03,31327.0,56431.34
002581.SZ,2023-08-10,17.95,18.13,17.85,17.92,18265.0,32751.78
002581.SZ,2023-08-11,17.83,18.03,17.7,17.76,23161.87,41320.49
002581.SZ,2023-08-14,17.6,18.0,17.42,17.67,32208.0,56745.73
002581.SZ,2023-08-15,17.69,17.93,17.42,17.85,25752.0,45569.71
002581.SZ,2023-08-16,17.85,18.69,17.82,18.47,67036.38,123098.25
002581.SZ,2023-08-17,18.47,18.61,18.08,18.3,31580.03,57677.38
002581.SZ,2023-08-18,18.4,18.4,17.75,17.75,32200.03,57730.49
002581.SZ,2023-08-21,17.85,17.85,17.43,17.43,23977.0,42157.49
002581.SZ,2023-08-22,17.6,17.6,17.29,17.47,25883.0,45081.49
002581.SZ,2023-08-23,17.52,17.7,17.4,17.48,18094.1,31708.98
002581.SZ,2023-08-24,17.47,17.49,16.92,17.09,31749.28,54547.92
002581.SZ,2023-08-25,17.08,17.27,16.77,16.86,20204.28,34341.97
002581.SZ,2023-08-28,17.5,17.71,16.49,16.78,42282.86,72202.26
002581.SZ,2023-08-29,16.78,17.55,16.61,17.4,39233.26,67760.72
002581.SZ,2023-08-30,17.6,17.65,16.92,17.19,44373.15,76142.4
002581.SZ,2023-08-31,17.15,17.16,16.86,17.08,29178.18,49643.92
002581.SZ,2023-09-01,17.2,17.2,16.83,16.91,15935.48,26993.16
002581.SZ,2023-09-04,17.0,17.15,16.61,16.64,39225.15,65596.24
002581.SZ,2023-09-05,16.65,16.76,16.24,16.65,56434.0,92998.77
002581.SZ,2023-09-06,16.66,16.76,16.45,16.59,19221.18,31859.15
002581.SZ,2023-09-07,16.48,16.69,16.36,16.49,30107.0,49539.15
002581.SZ,2023-09-08,16.5,16.92,16.31,16.54,28435.0,47120.98
002581.SZ,2023-09-11,16.65,17.34,16.52,17.15,54761.0,93088.26
002581.SZ,2023-09-12,17.1,17.27,16.93,17.17,31692.79,54180.46
002581.SZ,2023-09-13,17.19,17.19,16.78,16.86,21565.0,36460.93
002581.SZ,2023-09-14,16.78,16.98,16.78,16.95,14748.5,24906.69
002581.SZ,2023-09-15,17.08,17.28,16.94,17.12,34187.0,58574.4
002581.SZ,2023-09-18,17.12,17.28,16.93,17.1,21026.0,35930.87
002581.SZ,2023-09-19,17.12,17.24,16.88,16.91,20839.0,35444.04
002581.SZ,2023-09-20,16.81,16.99,16.7,16.73,19335.96,32562.12
002581.SZ,2023-09-21,16.79,16.79,15.99,16.48,55300.07,89952.39
002581.SZ,2023-09-22,16.38,16.79,16.1,16.73,39312.54,65087.97
002581.SZ,2023-09-25,16.72,17.07,16.71,16.9,29388.0,49736.62
002581.SZ,2023-09-26,16.93,16.93,16.57,16.68,27888.0,46618.19
002581.SZ,2023-09-27,17.02,17.3,16.8,17.16,60520.14,103883.05
002581.SZ,2023-09-28,17.18,17.35,16.9,16.93,31688.07,54094.31
002581.SZ,2023-10-09,16.94,16.98,16.52,16.89,24021.0,40239.55
002581.SZ,2023-10-10,16.88,16.95,16.44,16.73,40310.42,66944.47
002581.SZ,2023-10-11,16.9,16.9,16.47,16.67,32455.0,54110.59
002581.SZ,2023-10-12,16.71,16.78,16.38,16.59,32349.0,53548.49
002581.SZ,2023-10-13,16.66,16.78,16.46,16.67,32955.32,54886.49
002581.SZ,2023-10-16,16.65,16.87,16.31,16.57,37457.0,61875.52
002581.SZ,2023-10-17,16.42,16.55,16.01,16.49,37474.0,60736.86
002581.SZ,2023-10-18,16.31,16.36,16.0,16.0,28370.0,45720.98
002581.SZ,2023-10-19,15.91,16.1,15.66,15.87,24796.73,39268.59
002581.SZ,2023-10-20,15.79,15.79,15.35,15.43,36284.0,56196.39
002581.SZ,2023-10-23,15.3,15.41,14.98,15.06,34982.59,52974.24
002581.SZ,2023-10-24,15.02,15.52,15.02,15.23,25454.0,38882.06
002581.SZ,2023-10-25,15.39,15.43,15.05,15.17,25111.58,38091.47
002581.SZ,2023-10-26,15.12,15.25,15.01,15.12,19391.0,29271.95
002581.SZ,2023-10-27,15.05,16.06,14.91,15.91,47119.63,73613.36
002581.SZ,2023-10-30,15.88,16.5,15.85,16.41,41119.0,67110.79
002581.SZ,2023-10-31,16.88,17.5,16.52,17.29,101503.11,174024.93
002581.SZ,2023-11-01,17.09,17.39,17.02,17.25,47574.0,81742.43
002581.SZ,2023-11-02,17.21,17.55,17.21,17.35,59847.05,104079.42
002581.SZ,2023-11-03,17.35,17.45,17.11,17.15,31713.0,54552.97
002581.SZ,2023-11-06,17.08,17.44,17.08,17.2,38269.0,66169.2
002581.SZ,2023-11-07,17.2,17.35,17.13,17.14,25961.24,44674.47
002581.SZ,2023-11-08,17.1,17.4,17.01,17.27,42255.0,72970.52
002581.SZ,2023-11-09,17.27,17.44,17.05,17.13,28024.0,48170.22
002581.SZ,2023-11-10,17.01,17.24,16.9,17.14,30125.7,51513.59
002581.SZ,2023-11-13,17.14,17.28,16.88,16.98,29849.0,50693.15
002581.SZ,2023-11-14,17.02,17.07,16.86,16.94,24110.0,40839.05
002581.SZ,2023-11-15,17.05,17.11,16.86,16.98,23088.0,39107.96
002581.SZ,2023-11-16,16.89,17.05,16.77,16.81,19679.0,33179.35
002581.SZ,2023-11-17,16.76,17.1,16.75,17.02,28159.0,47704.74
002581.SZ,2023-11-20,16.95,17.24,16.91,17.2,36241.59,61935.76
002581.SZ,2023-11-21,17.21,17.29,17.01,17.03,40931.0,70047.61
002581.SZ,2023-11-22,16.96,17.09,16.8,16.8,42745.78,72320.65
002581.SZ,2023-11-23,16.88,17.07,16.8,16.96,31405.0,53090.58
002581.SZ,2023-11-24,16.59,16.73,16.41,16.63,51439.47,85326.64
002581.SZ,2023-11-27,16.76,16.86,16.29,16.36,52750.0,86694.69
002581.SZ,2023-11-28,16.34,16.59,16.02,16.45,43307.27,70754.03
002581.SZ,2023-11-29,16.45,16.55,16.18,16.2,23226.0,37929.18
002581.SZ,2023-11-30,16.14,16.33,16.1,16.18,23406.0,37964.52
002581.SZ,2023-12-01,16.3,16.33,16.07,16.13,30384.56,49094.33
002581.SZ,2023-12-04,16.25,16.25,15.78,15.98,35552.0,56864.33
002581.SZ,2023-12-05,15.98,16.01,15.63,15.63,26981.83,42597.35
002581.SZ,2023-12-06,15.65,16.0,15.56,15.71,48955.18,77219.41
002581.SZ,2023-12-07,15.9,15.9,15.46,15.53,33107.18,51526.03
002581.SZ,2023-12-08,15.57,15.57,15.27,15.36,27046.38,41747.85
002581.SZ,2023-12-11,15.36,15.54,15.22,15.51,32871.0,50627.69
002581.SZ,2023-12-12,15.45,15.57,15.15,15.17,37115.0,56690.04
002581.SZ,2023-12-13,15.15,15.51,15.13,15.25,33834.0,51900.33
002581.SZ,2023-12-14,15.23,15.43,15.13,15.16,25831.0,39393.22
002581.SZ,2023-12-15,15.16,15.26,14.92,15.0,38938.22,58570.76
002581.SZ,2023-12-18,14.91,15.04,14.73,14.78,29378.0,43676.03
002581.SZ,2023-12-19,14.78,14.92,14.72,14.81,29990.89,44434.34
002581.SZ,2023-12-20,14.82,14.97,14.47,14.49,36170.7,53048.66
002581.SZ,2023-12-21,14.59,14.59,14.24,14.41,40787.66,58672.54
002581.SZ,2023-12-22,14.51,14.55,14.11,14.16,33420.0,47567.36
002581.SZ,2023-12-25,14.16,14.32,14.0,14.3,27851.0,39409.79
002581.SZ,2023-12-26,14.26,14.31,14.1,14.14,19511.0,27667.8
002581.SZ,2023-12-27,14.14,14.29,14.07,14.16,25960.0,36708.57
002581.SZ,2023-12-28,14.08,14.43,13.92,14.35,42020.0,59745.45
002581.SZ,2023-12-29,14.37,14.61,14.33,14.6,30465.0,44242.46
002581.SZ,2024-01-02,14.6,14.62,14.4,14.44,24055.0,34811.61
002581.SZ,2024-01-03,14.44,14.81,14.44,14.57,32187.0,47047.93
002581.SZ,2024-01-04,14.5,14.6,14.38,14.55,24647.89,35701.46
002581.SZ,2024-01-05,14.5,14.61,14.11,14.18,27611.0,39529.3
002581.SZ,2024-01-08,14.23,14.23,13.91,13.93,26234.99,36828.69
002581.SZ,2024-01-09,13.96,14.08,13.73,13.83,27746.5,38425.21
002581.SZ,2024-01-10,13.77,13.93,13.65,13.73,19369.0,26669.06
002581.SZ,2024-01-11,13.65,13.93,13.65,13.92,26796.0,36971.52
002581.SZ,2024-01-12,13.86,13.95,13.69,13.71,16735.0,23115.83
002581.SZ,2024-01-15,13.69,13.71,13.3,13.32,40792.0,55034.85
002581.SZ,2024-01-16,13.32,13.39,13.09,13.26,34824.0,46052.18
002581.SZ,2024-01-17,13.28,13.32,12.84,12.86,28355.53,37109.79
002581.SZ,2024-01-18,12.88,12.88,12.28,12.76,54840.92,68683.6
002581.SZ,2024-01-19,12.76,12.9,12.61,12.63,33843.0,43204.58
002581.SZ,2024-01-22,12.67,12.67,11.8,11.85,47926.0,58559.42
002581.SZ,2024-01-23,11.85,12.08,11.7,12.03,45052.0,53798.97
002581.SZ,2024-01-24,12.09,12.35,11.77,12.18,41658.0,50195.22
002581.SZ,2024-01-25,12.22,12.62,12.12,12.56,37170.61,46085.55
002581.SZ,2024-01-26,12.56,12.69,12.33,12.4,30956.0,38719.49
002581.SZ,2024-01-29,12.4,12.53,12.1,12.15,22636.11,27730.25
002581.SZ,2024-01-30,12.18,12.18,11.65,11.66,28662.21,34161.14
002581.SZ,2024-01-31,10.94,11.46,10.49,10.49,103756.57,112073.0
002581.SZ,2024-02-01,10.05,10.98,10.03,10.69,109438.79,115669.47
002581.SZ,2024-02-02,10.67,10.97,9.7,10.16,80033.97,82538.55
002581.SZ,2024-02-05,10.06,10.06,9.14,9.14,94177.46,88168.9
002581.SZ,2024-02-06,9.15,9.88,8.54,9.8,100017.0,92922.23
002581.SZ,2024-02-07,9.8,10.73,9.63,10.48,113297.41,117755.47
002581.SZ,2024-02-08,10.35,11.43,10.35,11.38,96832.39,107661.01
002581.SZ,2024-02-19,11.43,11.64,10.73,10.93,100033.0,111660.02
002581.SZ,2024-02-20,10.9,11.21,10.75,11.09,54409.1,60204.54
002581.SZ,2024-02-21,11.06,11.56,10.89,11.14,62900.48,70863.76
002581.SZ,2024-02-22,11.21,11.38,11.1,11.29,34613.79,38951.85
002581.SZ,2024-02-23,11.35,11.38,11.2,11.37,49674.0,56123.32
002581.SZ,2024-02-26,11.52,11.79,11.36,11.61,69106.95,79857.72
002581.SZ,2024-02-27,11.65,11.87,11.51,11.87,42896.52,50228.99
002581.SZ,2024-02-28,11.95,12.3,11.35,11.41,84983.0,101390.52
002581.SZ,2024-02-29,11.28,11.79,11.25,11.73,67154.0,77648.68
002581.SZ,2024-03-01,11.63,12.09,11.63,12.02,54979.45,65195.05
002581.SZ,2024-03-04,12.02,12.26,11.8,11.92,63630.01,75982.32
002581.SZ,2024-03-05,11.86,11.92,11.53,11.64,44574.41,52050.6
002581.SZ,2024-03-06,11.67,11.73,11.38,11.51,30861.0,35557.76
002581.SZ,2024-03-07,11.52,11.64,11.29,11.3,38467.8,44066.49
002581.SZ,2024-03-08,11.22,11.55,11.17,11.31,30821.0,35032.65
002581.SZ,2024-03-11,11.36,11.68,11.24,11.65,38919.51,44687.18
002581.SZ,2024-03-12,11.71,12.03,11.71,11.94,56688.2,67597.84
002581.SZ,2024-03-13,11.94,12.0,11.74,11.89,33354.0,39635.77
002581.SZ,2024-03-14,12.12,12.24,11.74,11.84,48928.5,58617.7
002581.SZ,2024-03-15,11.77,12.0,11.7,12.0,42027.75,49968.52
002581.SZ,2024-03-18,12.2,12.2,11.88,12.13,47106.75,56586.65
002581.SZ,2024-03-19,12.13,12.13,11.98,11.99,45130.0,54256.1
002581.SZ,2024-03-20,11.94,12.15,11.88,12.09,42061.8,50598.81
002581.SZ,2024-03-21,12.08,12.12,11.85,11.88,43742.65,52266.65
002581.SZ,2024-03-22,11.86,11.94,11.46,11.57,42440.66,49216.17
002581.SZ,2024-03-25,11.6,11.65,11.1,11.13,49429.07,56230.95
002581.SZ,2024-03-26,11.12,11.2,10.78,10.95,48633.31,53400.94
002581.SZ,2024-03-27,11.09,11.18,10.77,10.83,48770.06,53770.77
002581.SZ,2024-03-28,10.78,11.15,10.74,11.01,37018.0,40650.69
002581.SZ,2024-03-29,11.08,11.62,10.96,11.58,58239.9,65415.13
002581.SZ,2024-04-01,11.48,12.74,11.48,12.74,134633.8,167779.04
002581.SZ,2024-04-02,12.93,13.73,12.88,13.51,240655.16,322308.71
002581.SZ,2024-04-03,13.33,13.78,13.29,13.4,130434.2,175766.22
002581.SZ,2024-04-08,13.23,13.39,12.89,12.9,89927.31,117624.3
002581.SZ,2024-04-09,12.91,13.45,12.76,13.42,75685.8,99488.41
002581.SZ,2024-04-10,13.45,13.51,13.19,13.42,63129.24,84036.07
002581.SZ,2024-04-11,13.44,13.99,13.34,13.86,114879.8,157930.79
002581.SZ,2024-04-12,13.88,14.04,13.41,13.47,71536.9,97280.46
002581.SZ,2024-04-15,13.08,13.4,12.67,13.04,95350.66,123636.21
002581.SZ,2024-04-16,13.06,13.06,12.2,12.21,72870.32,90782.78
002581.SZ,2024-04-17,12.33,12.85,12.33,12.48,52987.38,66763.25
002581.SZ,2024-04-18,12.39,12.67,12.13,12.34,43220.11,53683.3
002581.SZ,2024-04-19,12.34,12.65,12.25,12.47,38242.25,47641.16
002581.SZ,2024-04-22,12.36,12.71,12.18,12.44,32224.27,40119.84
002581.SZ,2024-04-23,12.4,12.55,12.25,12.42,29549.0,36545.03
002581.SZ,2024-04-24,12.42,12.62,12.21,12.5,33856.0,42048.06
002581.SZ,2024-04-25,12.5,12.74,12.41,12.59,40275.21,50709.27
002581.SZ,2024-04-26,12.53,12.67,12.39,12.61,35678.0,44825.66
002581.SZ,2024-04-29,12.61,13.87,12.59,13.87,99756.0,133277.74
002581.SZ,2024-04-30,14.0,14.17,13.56,13.8,100902.45,139873.14
002581.SZ,2024-05-06,13.81,14.0,13.56,13.72,74999.07,103132.74
002581.SZ,2024-05-07,13.65,13.9,13.65,13.82,41565.41,57261.4
002581.SZ,2024-05-08,13.72,13.94,13.58,13.61,57302.0,78595.64
002581.SZ,2024-05-09,13.6,13.85,13.42,13.69,40517.78,55503.64
002581.SZ,2024-05-10,13.7,13.9,13.33,13.35,55069.0,74869.22
002581.SZ,2024-05-13,13.21,13.34,13.06,13.09,42968.97,56693.34
002581.SZ,2024-05-14,12.95,13.19,12.58,12.72,63851.0,81965.57
002581.SZ,2024-05-15,12.63,12.7,12.43,12.46,48142.58,60344.96
002581.SZ,2024-05-16,12.46,12.59,12.33,12.39,31262.0,38972.73
002581.SZ,2024-05-17,12.34,12.79,12.32,12.49,47645.0,59576.7
002581.SZ,2024-05-20,12.53,13.0,12.36,12.4,57508.83,72348.49
002581.SZ,2024-05-21,12.35,12.35,11.87,11.95,76171.47,91735.98
002581.SZ,2024-05-22,11.95,12.13,11.83,12.02,37433.82,44835.5
002581.SZ,2024-05-23,12.06,12.25,11.7,11.75,46924.0,55902.86
002581.SZ,2024-05-24,11.67,11.78,11.3,11.33,42214.0,48608.0
002581.SZ,2024-05-27,11.28,11.38,10.99,11.25,54373.2,60591.11
002581.SZ,2024-05-28,11.2,11.38,11.02,11.29,35977.81,40370.65
002581.SZ,2024-05-29,11.38,11.65,11.29,11.57,42339.98,48777.15
002581.SZ,2024-05-30,11.57,11.65,11.32,11.34,30454.98,34813.97
002581.SZ,2024-05-31,11.3,11.48,11.27,11.41,27614.58,31428.56
002581.SZ,2024-06-03,11.39,11.39,10.84,10.93,37889.0,41888.3
002581.SZ,2024-06-04,10.85,11.03,10.54,10.91,55600.58,59802.02
002581.SZ,2024-06-05,10.88,11.35,10.86,11.1,56882.58,63241.27
002581.SZ,2024-06-06,11.03,11.06,10.5,10.56,51377.51,55138.75
002581.SZ,2024-06-07,10.53,10.75,10.4,10.58,28997.81,30684.95
002581.SZ,2024-06-11,10.38,10.7,10.33,10.64,26971.5,28421.65
002581.SZ,2024-06-12,10.64,10.74,10.48,10.48,27548.9,29188.29
002581.SZ,2024-06-13,10.55,10.59,10.1,10.2,40518.8,41568.31
002581.SZ,2024-06-14,10.14,10.2,9.99,10.16,29072.09,29344.59
002581.SZ,2024-06-17,10.1,10.19,10.01,10.05,21204.04,21393.74
002581.SZ,2024-06-18,10.08,10.38,10.02,10.23,26435.15,27028.41
002581.SZ,2024-06-19,10.29,10.32,10.06,10.08,20678.0,20960.85
002581.SZ,2024-06-20,10.05,10.17,9.86,9.86,27165.0,27099.88
002581.SZ,2024-06-21,9.86,10.1,9.82,10.0,25433.0,25441.26
002581.SZ,2024-06-24,9.97,10.02,9.58,9.58,35732.0,34842.04
002581.SZ,2024-06-25,9.55,9.7,9.46,9.53,26241.0,25074.9
002581.SZ,2024-06-26,9.49,9.89,9.47,9.89,41055.0,39764.42
002581.SZ,2024-06-27,9.89,9.92,9.73,9.87,31402.15,30892.99
002581.SZ,2024-06-28,9.89,10.09,9.61,9.65,43030.5,42350.52
002581.SZ,2024-07-01,9.61,9.74,9.4,9.68,24014.0,22963.09
002581.SZ,2024-07-02,9.71,9.79,9.6,9.64,22463.0,21747.34
002581.SZ,2024-07-03,9.58,9.73,9.53,9.57,22947.0,22006.86
002581.SZ,2024-07-04,9.58,9.59,9.24,9.25,28718.0,26964.29
002581.SZ,2024-07-05,9.3,9.58,9.19,9.53,37563.0,35194.78
002581.SZ,2024-07-08,9.5,9.52,9.1,9.21,32311.0,29796.07
002581.SZ,2024-07-09,9.22,9.35,8.86,9.16,42809.02,38750.65
002581.SZ,2024-07-10,9.07,9.18,8.98,9.16,20817.0,18883.3
002581.SZ,2024-07-11,9.18,9.33,9.12,9.16,47170.0,43346.67
002581.SZ,2024-07-12,9.18,9.29,9.12,9.2,33374.02,30712.13
002581.SZ,2024-07-15,9.18,9.2,8.97,9.17,33357.81,30149.6
002581.SZ,2024-07-16,9.03,9.19,9.01,9.17,21095.75,19137.98
002581.SZ,2024-07-17,9.14,9.24,9.1,9.2,28192.0,25888.97
002581.SZ,2024-07-18,9.25,9.3,9.03,9.19,33946.0,31125.75
002581.SZ,2024-07-19,9.2,9.22,9.05,9.19,25476.22,23338.85
002581.SZ,2024-07-22,9.19,9.29,9.09,9.25,29047.0,26715.71
002581.SZ,2024-07-23,9.25,9.28,9.06,9.17,28423.0,26036.91
002581.SZ,2024-07-24,9.12,9.16,8.85,9.16,49361.64,44280.45
002581.SZ,2024-07-25,9.03,9.21,8.87,9.16,45761.37,41670.12
002581.SZ,2024-07-26,9.16,9.2,9.12,9.15,31148.0,28519.98
002581.SZ,2024-07-29,9.14,9.25,9.03,9.15,29151.0,26646.32
002581.SZ,2024-07-30,9.16,9.21,9.1,9.16,27983.72,25653.51
002581.SZ,2024-07-31,9.19,9.83,9.09,9.8,62918.0,60025.63
002581.SZ,2024-08-01,9.79,10.01,9.64,9.67,40649.0,39788.28
002581.SZ,2024-08-02,9.67,10.02,9.62,9.84,55230.0,54666.66
002581.SZ,2024-08-05,9.85,10.22,9.71,9.74,60421.0,60061.39
002581.SZ,2024-08-06,9.7,9.94,9.7,9.9,39634.0,38943.54
002581.SZ,2024-08-07,9.87,9.91,9.7,9.79,28176.0,27575.6
002581.SZ,2024-08-08,9.73,9.88,9.71,9.78,25805.0,25296.6
002581.SZ,2024-08-09,9.77,9.87,9.55,9.59,35753.0,34526.61
002581.SZ,2024-08-12,9.57,9.84,9.49,9.71,41058.0,39887.59
002581.SZ,2024-08-13,9.7,9.72,9.33,9.48,40320.0,38253.61
002581.SZ,2024-08-14,9.48,9.5,9.24,9.25,26597.0,24761.07
002581.SZ,2024-08-15,9.3,9.45,9.16,9.27,32406.01,30177.55
002581.SZ,2024-08-16,9.38,9.38,9.11,9.23,30932.0,28554.8
002581.SZ,2024-08-19,9.1,9.23,8.88,9.09,54413.0,49150.42
002581.SZ,2024-08-20,9.0,9.04,8.74,8.77,39711.0,35062.34
002581.SZ,2024-08-21,8.77,8.82,8.6,8.61,36295.61,31465.24
002581.SZ,2024-08-22,8.61,8.73,8.5,8.54,37800.0,32411.4
002581.SZ,2024-08-23,8.6,8.6,8.18,8.25,47843.0,39682.06
002581.SZ,2024-08-26,8.28,8.47,8.2,8.38,35476.0,29713.39
002581.SZ,2024-08-27,8.38,8.51,8.21,8.24,47852.0,39741.65
002581.SZ,2024-08-28,8.11,8.52,8.11,8.44,38764.06,32526.29
002581.SZ,2024-08-29,8.54,8.76,8.39,8.73,35781.0,30829.53
002581.SZ,2024-08-30,8.78,8.85,8.69,8.7,36042.0,31621.12
002581.SZ,2024-09-02,8.72,8.79,8.56,8.56,26836.0,23224.73
002581.SZ,2024-09-03,8.61,8.7,8.49,8.6,25314.0,21767.05
002581.SZ,2024-09-04,8.6,8.65,8.42,8.43,27201.0,23192.57
002581.SZ,2024-09-05,8.49,8.68,8.44,8.6,20740.37,17787.2
002581.SZ,2024-09-06,8.57,8.65,8.33,8.33,30753.0,25838.21
002581.SZ,2024-09-09,8.33,8.55,8.28,8.32,22645.04,19007.27
002581.SZ,2024-09-10,8.38,8.4,8.12,8.19,35165.0,28828.38
002581.SZ,2024-09-11,8.19,8.23,8.12,8.19,20473.0,16733.2
002581.SZ,2024-09-12,8.19,8.4,8.19,8.21,20918.0,17326.67
002581.SZ,2024-09-13,8.29,8.29,8.03,8.03,26851.37,21812.21
002581.SZ,2024-09-18,8.04,8.08,7.79,7.91,27051.0,21352.29
002581.SZ,2024-09-19,7.95,8.27,7.89,8.25,34494.0,28117.6
002581.SZ,2024-09-20,8.3,8.3,8.1,8.15,24820.0,20221.17
002581.SZ,2024-09-23,8.25,8.34,8.12,8.21,21919.0,18053.01
002581.SZ,2024-09-24,8.2,8.49,8.2,8.49,44564.2,37301.57
002581.SZ,2024-09-25,8.54,8.85,8.5,8.66,44959.0,39180.87
002581.SZ,2024-09-26,8.66,9.11,8.6,9.11,53538.94,47228.66
002581.SZ,2024-09-27,9.15,9.89,9.15,9.82,100614.0,96594.03
002581.SZ,2024-09-30,10.21,10.8,10.1,10.8,118422.68,125264.37
002581.SZ,2024-10-08,11.88,11.88,11.1,11.88,180355.78,209353.93
002581.SZ,2024-10-09,11.99,12.12,11.0,11.04,167882.27,193578.62
002581.SZ,2024-10-10,11.04,11.39,10.75,10.8,94069.0,103521.41
002581.SZ,2024-10-11,10.73,10.78,9.9,10.07,96223.0,98480.57
002581.SZ,2024-10-14,10.1,10.3,9.77,10.14,68250.0,68345.22
002581.SZ,2024-10-15,10.17,10.35,9.9,9.93,66437.68,67312.2
002581.SZ,2024-10-16,9.85,10.05,9.75,9.87,53141.28,52571.37
002581.SZ,2024-10-17,9.87,10.04,9.74,9.75,50883.0,50405.16
002581.SZ,2024-10-18,9.72,10.29,9.62,10.02,86438.32,85834.07
002581.SZ,2024-10-21,10.15,10.22,9.86,9.9,105444.5,105495.09
002581.SZ,2024-10-22,9.89,9.97,9.69,9.84,98592.0,96847.13
002581.SZ,2024-10-23,9.85,10.82,9.72,10.82,159057.0,163126.53
002581.SZ,2024-10-24,11.36,11.9,10.87,11.84,378616.9,433818.75
002581.SZ,2024-10-25,11.2,11.44,11.08,11.38,240682.0,271295.41
002581.SZ,2024-10-28,11.4,11.56,11.2,11.36,163662.0,186128.74
002581.SZ,2024-10-29,11.4,11.55,10.88,10.93,144520.0,161121.45
002581.SZ,2024-10-30,10.82,11.11,10.68,10.86,93791.44,101587.0
002581.SZ,2024-10-31,10.77,11.95,10.76,11.95,210913.79,246862.63
002581.SZ,2024-11-01,12.66,13.07,12.36,12.39,379995.6,482132.71
002581.SZ,2024-11-04,12.47,12.88,12.16,12.53,193101.66,242228.42
002581.SZ,2024-11-05,12.5,13.28,12.48,12.85,216222.76,276273.28
002581.SZ,2024-11-06,12.74,13.33,12.65,12.82,169940.0,219175.29
002581.SZ,2024-11-07,12.65,13.28,12.62,12.84,135226.0,174822.15
002581.SZ,2024-11-08,12.9,13.61,12.84,13.41,200689.61,266062.57
002581.SZ,2024-11-11,13.12,13.7,13.01,13.54,154939.0,208031.41
002581.SZ,2024-11-12,13.55,13.9,13.2,13.35,153638.4,208548.99
002581.SZ,2024-11-13,13.24,13.33,12.62,12.96,132046.0,170624.6
002581.SZ,2024-11-14,12.94,13.85,12.86,13.51,188085.2,254269.65
002581.SZ,2024-11-15,13.4,13.9,13.21,13.52,145659.0,198072.99
002581.SZ,2024-11-18,13.46,13.68,12.39,12.5,140882.0,180664.28
002581.SZ,2024-11-19,12.5,12.68,12.13,12.62,82212.4,102306.7
002581.SZ,2024-11-20,12.6,12.94,12.52,12.78,66472.62,84682.04
002581.SZ,2024-11-21,12.78,12.78,12.41,12.59,63165.61,79244.4
002581.SZ,2024-11-22,12.5,12.65,11.85,11.88,78011.0,95175.67
002581.SZ,2024-11-25,11.92,12.07,11.58,11.83,57409.55,67383.83
002581.SZ,2024-11-26,11.85,12.26,11.83,11.96,53720.22,64589.18
002581.SZ,2024-11-27,11.88,11.95,11.43,11.89,63443.61,74139.9
002581.SZ,2024-11-28,12.08,12.36,11.9,12.13,86696.85,105438.82
002581.SZ,2024-11-29,12.04,12.31,11.73,12.24,67837.1,81966.66
002581.SZ,2024-12-02,12.26,12.52,12.19,12.26,61560.0,76049.63
002581.SZ,2024-12-03,12.26,13.49,12.22,13.49,159216.21,207599.64
002581.SZ,2024-12-04,13.36,14.43,13.0,13.75,286252.34,395352.21
002581.SZ,2024-12-05,13.68,13.79,13.28,13.54,137185.92,185338.19
002581.SZ,2024-12-06,13.54,13.73,13.41,13.55,93055.4,126223.06
002581.SZ,2024-12-09,13.78,14.05,13.51,13.69,130050.88,178514.83
002581.SZ,2024-12-10,14.1,14.2,13.35,13.47,129453.59,176551.09
002581.SZ,2024-12-11,13.4,13.54,13.18,13.39,73133.94,97349.11
002581.SZ,2024-12-12,13.39,13.52,13.0,13.23,69727.0,92103.24
002581.SZ,2024-12-13,13.23,13.3,12.82,12.86,71419.37,92693.49
002581.SZ,2024-12-16,12.78,12.93,12.61,12.74,49158.18,62816.46
002581.SZ,2024-12-17,12.65,12.79,12.18,12.28,64404.0,79835.78
002581.SZ,2024-12-18,12.31,12.46,12.22,12.41,29494.0,36496.46
002581.SZ,2024-12-19,12.31,12.43,12.11,12.38,38118.08,46788.86
002581.SZ,2024-12-20,12.38,12.49,12.22,12.35,42171.69,52106.29
002581.SZ,2024-12-23,12.29,12.41,11.18,11.3,141132.5,164683.52
002581.SZ,2024-12-24,11.25,11.35,10.9,11.14,91326.18,101377.37
002581.SZ,2024-12-25,11.19,11.2,10.49,10.67,85892.89,91910.35
002581.SZ,2024-12-26,10.73,11.02,10.69,10.88,54418.0,59302.95
002581.SZ,2024-12-27,10.85,11.05,10.75,10.9,53595.42,58515.23
002581.SZ,2024-12-30,10.84,10.85,10.6,10.79,43557.0,46668.53
002581.SZ,2024-12-31,10.75,11.08,10.6,10.64,63321.29,68568.174
002581.SZ,2025-01-02,10.64,10.72,10.18,10.29,61311.29,64476.86
002581.SZ,2025-01-03,10.39,10.47,9.96,10.0,68670.0,69848.02
002581.SZ,2025-01-06,10.3,11.0,10.18,11.0,75460.41,80329.43
002581.SZ,2025-01-07,11.0,11.74,10.92,11.19,206992.69,235524.2
002581.SZ,2025-01-08,11.14,11.37,10.77,10.9,120647.62,133442.39
002581.SZ,2025-01-09,10.85,10.88,10.6,10.75,69368.04,74524.72
002581.SZ,2025-01-10,10.74,10.76,10.16,10.18,78570.02,81631.49
002581.SZ,2025-01-13,9.9,10.21,9.72,10.12,60794.02,60808.27
002581.SZ,2025-01-14,10.12,10.43,10.1,10.37,59337.97,60922.87
002581.SZ,2025-01-15,10.4,10.47,10.13,10.23,53219.41,54317.14
002581.SZ,2025-01-16,10.27,10.69,10.26,10.33,59121.43,61815.71
002581.SZ,2025-01-17,10.3,10.94,10.25,10.64,84638.83,89851.96
002581.SZ,2025-01-20,10.75,10.81,10.38,10.42,57438.0,60665.09
002581.SZ,2025-01-21,10.43,10.45,9.99,10.25,72927.0,74240.39
002581.SZ,2025-01-22,10.24,10.27,10.06,10.21,44373.0,45043.12
002581.SZ,2025-01-23,10.35,10.66,10.19,10.19,66409.0,69514.37
002581.SZ,2025-01-24,10.27,10.34,10.1,10.26,38130.0,38965.05
002581.SZ,2025-01-27,10.26,10.37,9.99,10.01,58665.0,59307.7
002581.SZ,2025-02-05,10.15,10.33,10.1,10.23,47348.0,48390.42
002581.SZ,2025-02-06,10.18,10.39,10.06,10.38,53627.0,55158.98
002581.SZ,2025-02-07,10.37,10.57,10.3,10.44,65630.0,68584.87
002581.SZ,2025-02-10,10.53,10.9,10.5,10.83,95794.0,103136.8
002581.SZ,2025-02-11,10.8,10.84,10.41,10.6,77602.0,81823.32
002581.SZ,2025-02-12,10.56,10.63,10.47,10.61,51220.0,54027.03
002581.SZ,2025-02-13,10.63,10.64,10.51,10.54,50341.0,53177.07
002581.SZ,2025-02-14,10.51,10.74,10.5,10.68,73407.2,78420.58
002581.SZ,2025-02-17,10.74,10.85,10.54,10.61,73668.35,78825.24
002581.SZ,2025-02-18,10.6,10.6,10.18,10.23,76772.0,79684.62
002581.SZ,2025-02-19,10.19,10.26,10.13,10.2,63429.29,64639.43
002581.SZ,2025-02-20,10.25,10.45,10.19,10.27,70841.6,73047.28
002581.SZ,2025-02-21,10.23,10.37,10.03,10.21,70178.0,71355.54
002581.SZ,2025-02-24,10.16,10.21,9.7,9.83,159899.0,157345.66
002581.SZ,2025-02-25,9.84,9.86,9.58,9.75,74363.0,72397.64
002581.SZ,2025-02-26,9.85,9.89,9.73,9.78,77193.12,75656.54
002581.SZ,2025-02-27,9.79,9.89,9.65,9.86,82775.28,80847.65
002581.SZ,2025-02-28,9.79,9.88,9.47,9.47,89721.0,86316.64
002581.SZ,2025-03-03,9.49,10.42,9.49,10.42,138679.66,141629.78
002581.SZ,2025-03-04,10.25,10.5,10.11,10.31,183908.86,188844.49
002581.SZ,2025-03-05,10.31,10.35,9.95,10.08,97544.18,98224.0
002581.SZ,2025-03-06,10.07,10.13,9.97,10.11,80660.86,81309.92
002581.SZ,2025-03-07,10.07,10.17,9.95,9.99,75190.0,75516.49
002581.SZ,2025-03-10,10.0,10.28,9.97,10.08,71048.0,71669.88
002581.SZ,2025-03-11,9.98,10.01,9.85,9.93,66067.21,65532.85
002581.SZ,2025-03-12,9.95,9.99,9.7,9.74,92715.02,90724.2
002581.SZ,2025-03-13,9.89,9.95,9.6,9.76,78106.0,76002.04
002581.SZ,2025-03-14,9.68,9.86,9.68,9.86,74616.95,73133.44
002581.SZ,2025-03-17,9.9,10.05,9.85,9.88,68079.18,67447.1
002581.SZ,2025-03-18,9.86,10.03,9.85,9.96,74103.82,73834.52
002581.SZ,2025-03-19,9.95,10.0,9.86,9.91,48156.95,47701.97
002581.SZ,2025-03-20,9.9,9.91,9.8,9.81,40104.0,39437.91
002581.SZ,2025-03-21,9.8,9.89,9.67,9.71,48958.0,47704.78
002581.SZ,2025-03-24,9.67,9.75,9.52,9.69,52975.0,51002.16
002581.SZ,2025-03-25,9.64,9.79,9.59,9.76,42952.66,41681.73
002581.SZ,2025-03-26,9.73,9.83,9.71,9.76,31789.42,31072.17
002581.SZ,2025-03-27,9.8,9.91,9.54,9.9,65906.08,64373.52
002581.SZ,2025-03-28,9.85,10.03,9.76,9.82,75646.82,74654.91
002581.SZ,2025-03-31,9.74,9.75,9.34,9.43,86087.45,81583.07
002581.SZ,2025-04-01,9.45,9.88,9.36,9.54,121251.15,117028.95
002581.SZ,2025-04-02,9.49,9.59,9.18,9.2,113833.0,105594.26
002581.SZ,2025-04-03,8.88,9.3,8.81,9.19,74265.45,67747.99
002581.SZ,2025-04-07,8.3,8.8,8.27,8.27,81258.46,68085.22
002581.SZ,2025-04-08,8.26,8.52,8.1,8.3,97792.49,80890.47
002581.SZ,2025-04-09,8.26,8.33,7.6,8.24,102579.82,82333.45
002581.SZ,2025-04-10,8.3,8.54,8.3,8.5,88038.75,74399.91
002581.SZ,2025-04-11,8.41,8.59,8.4,8.51,50290.16,42769.74
002581.SZ,2025-04-14,8.61,8.77,8.52,8.72,75000.22,65038.88
002581.SZ,2025-04-15,8.75,8.78,8.63,8.69,42508.07,36983.67
002581.SZ,2025-04-16,8.68,8.69,8.35,8.48,48432.0,41077.29
002581.SZ,2025-04-17,8.44,8.59,8.4,8.5,41472.0,35335.47
002581.SZ,2025-04-18,8.49,8.57,8.32,8.38,37531.0,31570.78
002581.SZ,2025-04-21,8.43,8.52,8.34,8.46,31431.9,26592.48
002581.SZ,2025-04-22,8.44,8.53,8.36,8.49,56296.0,47529.88
002581.SZ,2025-04-23,8.54,8.62,8.43,8.45,40225.0,34178.65
002581.SZ,2025-04-24,8.38,8.52,8.22,8.24,64219.62,53504.84
002581.SZ,2025-04-25,7.66,7.83,7.42,7.42,158420.0,118541.71
002581.SZ,2025-04-28,6.68,6.75,6.68,6.68,67299.0,44963.06
002581.SZ,2025-04-29,6.01,6.01,6.01,6.01,30128.0,18106.93
002581.SZ,2025-04-30,5.69,6.61,5.69,6.61,429469.76,269794.53
002581.SZ,2025-05-06,6.91,7.16,6.78,7.14,354219.04,246408.81
002581.SZ,2025-05-07,7.22,7.54,7.07,7.41,275573.0,202277.03
002581.SZ,2025-05-08,7.49,7.72,7.21,7.56,188667.84,140259.46
002581.SZ,2025-05-09,7.56,7.65,7.41,7.41,114518.84,86289.39
002581.SZ,2025-05-12,7.47,7.5,7.21,7.31,120994.0,89055.97
002581.SZ,2025-05-13,7.46,7.65,7.35,7.47,113227.2,84737.89
002581.SZ,2025-05-14,7.47,7.8,7.34,7.62,126980.73,96571.2
002581.SZ,2025-05-15,7.67,7.71,7.53,7.56,81520.27,61998.07
002581.SZ,2025-05-16,7.6,7.61,7.49,7.56,68461.0,51677.65
002581.SZ,2025-05-19,8.19,8.19,7.65,7.9,171361.0,134181.78
002581.SZ,2025-05-20,7.9,8.69,7.9,8.69,131253.42,110054.01
002581.SZ,2025-05-21,8.69,9.56,8.61,8.93,458014.0,419187.88
002581.SZ,2025-05-22,8.64,8.64,8.29,8.41,280788.42,236093.06
002581.SZ,2025-05-23,8.32,8.52,8.16,8.16,159864.76,133321.6
002581.SZ,2025-05-26,7.99,8.14,7.83,8.14,147346.42,118205.53
002581.SZ,2025-05-27,8.14,8.38,8.01,8.17,118876.0,97525.1
002581.SZ,2025-05-28,8.16,8.17,7.92,8.02,112837.01,90423.71
002581.SZ,2025-05-29,8.02,8.36,7.92,8.27,123374.61,101243.98
002581.SZ,2025-05-30,8.27,8.32,8.13,8.18,85354.0,70194.68
002581.SZ,2025-06-03,8.01,8.41,8.01,8.32,95624.21,79368.74
002581.SZ,2025-06-04,8.28,8.34,8.19,8.29,68668.49,56824.56
002581.SZ,2025-06-05,8.3,8.33,8.12,8.14,80594.0,65815.06
002581.SZ,2025-06-06,8.14,8.32,8.08,8.21,75441.23,61694.87
002581.SZ,2025-06-09,8.2,9.03,8.2,9.03,144746.3,125670.73
002581.SZ,2025-06-10,9.11,9.39,8.92,8.99,365319.23,333066.11
002581.SZ,2025-06-11,8.98,9.2,8.79,9.03,210731.3,189525.0
002581.SZ,2025-06-12,8.98,9.58,8.9,9.37,262309.13,240626.84
002581.SZ,2025-06-13,9.2,10.25,9.09,9.53,404630.2,392697.77
002581.SZ,2025-06-16,9.3,9.93,9.05,9.67,263958.0,250785.66
002581.SZ,2025-06-17,9.67,10.23,9.51,9.87,276908.17,274667.38
002581.SZ,2025-06-18,9.7,9.71,9.3,9.34,212517.17,200200.29
002581.SZ,2025-06-19,9.28,9.69,8.93,8.96,181779.22,166961.01
002581.SZ,2025-06-20,9.07,9.5,8.88,8.89,125982.0,114117.66
002581.SZ,2025-06-23,8.78,9.0,8.68,8.99,108655.59,96442.52
002581.SZ,2025-06-24,8.91,9.17,8.91,9.12,104316.0,94417.81
002581.SZ,2025-06-25,9.45,9.45,8.96,9.09,118797.79,108142.22
002581.SZ,2025-06-26,9.0,9.06,8.72,8.86,107129.41,94980.84
002581.SZ,2025-06-27,8.88,8.92,8.78,8.84,72361.41,63976.3
002581.SZ,2025-06-30,9.45,9.45,8.92,8.94,170100.7,153795.59
002581.SZ,2025-07-01,8.89,9.83,8.58,9.83,306043.83,281692.9
002581.SZ,2025-07-02,10.0,10.5,9.8,9.87,472466.22,478375.84
002581.SZ,2025-07-03,9.87,10.86,9.65,10.86,354638.93,369903.45
002581.SZ,2025-07-04,11.16,11.67,10.8,11.02,624179.07,699640.6
002581.SZ,2025-07-08,10.47,10.47,10.47,10.47,1639.0,1716.03
002581.SZ,2025-07-09,9.95,9.95,9.95,9.95,921.0,916.4
002581.SZ,2025-07-10,9.45,9.45,9.45,9.45,1123.0,1061.24
002581.SZ,2025-07-11,8.98,8.98,8.98,8.98,1900.0,1706.2
002581.SZ,2025-07-14,8.53,8.53,8.53,8.53,2252.0,1920.96
002581.SZ,2025-07-15,8.1,8.1,8.1,8.1,1548.0,1253.88
002581.SZ,2025-07-16,7.7,8.49,7.7,8.18,621855.86,495725.22
002581.SZ,2025-07-17,7.77,7.88,7.77,7.77,418355.6,325398.16
002581.SZ,2025-07-18,7.7,7.8,7.45,7.47,322193.52,245585.83
002581.SZ,2025-07-21,7.48,7.77,7.43,7.66,208393.51,159042.64
002581.SZ,2025-07-22,7.6,7.63,7.45,7.51,161407.93,121136.03
002581.SZ,2025-07-23,7.52,7.52,7.25,7.28,168522.53,123691.73
002581.SZ,2025-07-24,7.46,7.56,7.39,7.4,139420.78,103914.15
002581.SZ,2025-07-25,7.35,7.57,7.25,7.44,143059.6,105529.39
002581.SZ,2025-07-28,7.39,7.47,7.31,7.33,93339.0,68711.63
002581.SZ,2025-07-29,7.35,7.48,7.31,7.39,97005.0,71762.6
002581.SZ,2025-07-30,7.36,7.41,7.17,7.21,128038.0,93297.93
002581.SZ,2025-07-31,7.2,7.29,7.12,7.12,85842.0,61665.67
002581.SZ,2025-08-01,7.11,7.36,7.08,7.22,96283.0,69171.14
002581.SZ,2025-08-04,7.17,7.27,7.12,7.22,56972.0,40967.56
002581.SZ,2025-08-05,7.23,7.44,7.2,7.33,91331.78,66966.98
002581.SZ,2025-08-06,7.3,7.32,7.2,7.23,100097.0,72469.38
002581.SZ,2025-08-07,7.24,7.31,7.23,7.27,76894.0,55857.7
002581.SZ,2025-08-08,7.25,7.33,7.19,7.23,84293.03,61011.57
002581.SZ,2025-08-11,7.2,7.23,7.12,7.21,63754.5,45809.03
002581.SZ,2025-08-12,7.18,7.29,7.18,7.27,60428.0,43664.44
002581.SZ,2025-08-13,7.29,7.54,7.28,7.47,153453.0,114055.41
002581.SZ,2025-08-14,7.42,7.48,7.26,7.29,88238.0,64982.95
002581.SZ,2025-08-15,7.21,7.29,7.2,7.24,74108.0,53636.98
002581.SZ,2025-08-18,7.27,7.43,7.24,7.32,101421.5,74666.33
002581.SZ,2025-08-19,7.33,7.69,7.33,7.69,106334.51,80726.62
002581.SZ,2025-08-20,7.55,7.8,7.5,7.73,159741.4,122727.61
002581.SZ,2025-08-21,7.67,7.78,7.59,7.62,79439.0,60865.14
002581.SZ,2025-08-22,7.65,7.72,7.53,7.56,73891.15,56154.88
002581.SZ,2025-08-25,7.56,7.6,7.18,7.29,186963.22,136099.24
002581.SZ,2025-08-26,7.24,7.42,7.23,7.37,85787.02,62934.15
002581.SZ,2025-08-27,7.39,7.6,7.34,7.34,115256.0,86145.0
002581.SZ,2025-08-28,7.35,7.4,7.08,7.26,88891.0,64451.92
002581.SZ,2025-08-29,7.26,7.31,7.2,7.29,53549.5,38846.06
002581.SZ,2025-09-01,7.34,7.65,7.31,7.65,117476.65,89445.76
002581.SZ,2025-09-02,7.7,7.92,7.5,7.61,125135.78,96160.76
002581.SZ,2025-09-03,7.63,7.87,7.61,7.73,108374.09,83748.67
002581.SZ,2025-09-04,7.7,7.71,7.43,7.5,83256.35,63014.34
002581.SZ,2025-09-05,7.51,7.56,7.42,7.52,42172.0,31591.73
002581.SZ,2025-09-08,7.53,7.66,7.48,7.62,69132.0,52356.31
002581.SZ,2025-09-09,7.63,7.79,7.6,7.71,76641.61,59089.76
002581.SZ,2025-09-10,7.72,7.92,7.71,7.83,87610.94,68536.11
002581.SZ,2025-09-11,7.84,7.84,7.63,7.73,64110.35,49452.74
002581.SZ,2025-09-12,7.75,8.08,7.66,7.99,101335.5,80042.59
002581.SZ,2025-09-15,8.0,8.39,7.92,8.39,77469.55,63778.75
002581.SZ,2025-09-16,8.81,8.81,8.81,8.81,12743.0,11226.58
002581.SZ,2025-09-17,9.25,9.25,8.51,8.6,210625.86,185783.55
002581.SZ,2025-09-18,8.75,9.03,8.63,8.88,182264.2,161755.49
002581.SZ,2025-09-19,8.6,8.7,8.44,8.44,115129.07,97540.89
002581.SZ,2025-09-22,8.3,8.59,8.23,8.27,68317.0,56891.61
002581.SZ,2025-09-23,8.25,8.27,7.87,7.99,82514.8,65899.86
002581.SZ,2025-09-24,8.0,8.25,7.97,8.23,62429.89,50903.3
002581.SZ,2025-09-25,8.15,8.32,8.05,8.14,55220.0,45124.38
002581.SZ,2025-09-26,8.06,8.3,8.03,8.09,41536.05,33947.6
002581.SZ,2025-09-29,8.13,8.15,7.86,7.93,49828.5,39526.85
002581.SZ,2025-09-30,8.0,8.09,7.93,7.97,43023.0,34379.9
002581.SZ,2025-10-09,8.02,8.02,7.58,7.63,78585.0,60293.31
002581.SZ,2025-10-10,7.6,7.69,7.58,7.61,33372.0,25477.95
002581.SZ,2025-10-13,7.4,7.51,7.35,7.45,39474.0,29255.46
002581.SZ,2025-10-14,7.49,7.6,7.41,7.47,38338.0,28821.47
002581.SZ,2025-10-15,7.49,7.53,7.23,7.34,56816.0,41952.21
002581.SZ,2025-10-16,7.31,7.48,7.3,7.33,37565.0,27694.13
002581.SZ,2025-10-17,7.32,7.7,7.32,7.65,124968.0,95240.71
002581.SZ,2025-10-20,7.5,7.53,7.36,7.47,68979.0,51240.76
002581.SZ,2025-10-21,7.42,7.56,7.4,7.52,41728.0,31148.14
002581.SZ,2025-10-22,7.48,7.6,7.46,7.49,44477.0,33432.35
002581.SZ,2025-10-23,7.46,7.47,7.35,7.41,37046.0,27373.22
002581.SZ,2025-10-24,7.43,7.65,7.43,7.57,48395.0,36440.06
002581.SZ,2025-10-27,7.59,7.66,7.42,7.43,56929.0,42562.99
002581.SZ,2025-10-28,7.44,7.47,7.39,7.43,38080.0,28287.81
002581.SZ,2025-10-29,7.62,7.75,7.55,7.67,79900.0,61123.89
002581.SZ,2025-10-30,7.62,7.98,7.62,7.8,83743.0,65289.62
002581.SZ,2025-10-31,7.78,7.97,7.72,7.81,68826.2,54070.23
002581.SZ,2025-11-03,7.82,8.2,7.81,8.2,82395.0,66529.98
002581.SZ,2025-11-04,8.3,8.36,8.0,8.12,103476.58,84872.17
002581.SZ,2025-11-05,7.96,8.1,7.94,8.0,43203.02,34671.75
002581.SZ,2025-11-06,8.0,8.27,7.99,8.12,54976.0,44926.09
002581.SZ,2025-11-07,8.47,8.53,8.15,8.24,119559.2,100073.26
002581.SZ,2025-11-10,8.09,8.35,8.05,8.31,64919.0,53159.17
002581.SZ,2025-11-11,8.29,8.51,8.22,8.22,56857.0,47537.81
002581.SZ,2025-11-12,8.2,8.44,8.2,8.26,48955.0,40542.81
002581.SZ,2025-11-13,8.27,8.29,8.11,8.23,44005.0,36128.7
002581.SZ,2025-11-14,8.22,8.26,8.12,8.13,45965.0,37620.88
002581.SZ,2025-11-17,8.11,8.35,7.97,8.31,60835.0,49826.76
002581.SZ,2025-11-18,8.31,8.41,8.15,8.17,47265.0,38923.6
002581.SZ,2025-11-19,8.18,8.32,8.04,8.09,35667.36,29080.91
002581.SZ,2025-11-20,8.09,8.17,7.97,8.08,39254.0,31694.15
002581.SZ,2025-11-21,8.0,8.07,7.68,7.81,60259.0,47006.78
002581.SZ,2025-11-24,7.89,7.98,7.79,7.94,27842.52,21965.48
002581.SZ,2025-11-25,7.91,8.03,7.85,7.98,24178.0,19261.79
002581.SZ,2025-11-26,7.97,8.2,7.96,8.01,36871.0,29767.6
002581.SZ,2025-11-27,8.05,8.05,7.9,7.92,27314.0,21687.9
002581.SZ,2025-11-28,7.92,7.94,7.81,7.88,23839.0,18737.74
002581.SZ,2025-12-01,7.79,7.89,7.53,7.87,50105.89,38938.5
002581.SZ,2025-12-02,7.87,7.98,7.63,7.64,47110.21,36352.63
002581.SZ,2025-12-03,7.7,7.71,7.45,7.54,52424.0,39421.55
002581.SZ,2025-12-04,7.54,7.54,7.35,7.38,41100.0,30404.44
002581.SZ,2025-12-05,7.41,7.42,7.32,7.4,31433.0,23157.84
002581.SZ,2025-12-08,7.42,7.65,7.4,7.54,53546.6,40466.07
002581.SZ,2025-12-09,7.57,7.68,7.45,7.48,31193.0,23503.2
002581.SZ,2025-12-10,7.46,7.55,7.45,7.5,22415.41,16803.83
002581.SZ,2025-12-11,7.5,7.51,7.28,7.33,33168.0,24467.47
002581.SZ,2025-12-12,7.37,7.37,7.21,7.23,31830.0,23102.05
002581.SZ,2025-12-15,7.22,7.24,7.07,7.15,34228.0,24472.1
002581.SZ,2025-12-16,7.14,7.15,6.93,7.13,35929.0,25277.59
002581.SZ,2025-12-17,7.14,7.49,7.14,7.49,58377.0,43464.07
002581.SZ,2025-12-18,7.86,7.86,7.71,7.86,48410.02,37956.18
002581.SZ,2025-12-19,7.9,8.11,7.86,8.03,101596.0,81188.13
002581.SZ,2025-12-22,7.95,8.08,7.85,7.86,47576.89,37732.26
002581.SZ,2025-12-23,7.85,7.94,7.82,7.87,28594.0,22518.24
002581.SZ,2025-12-24,7.95,8.01,7.77,7.82,30934.0,24274.13
002581.SZ,2025-12-25,7.83,7.85,7.62,7.73,33917.0,26126.85
002581.SZ,2025-12-26,7.68,7.71,7.5,7.62,40218.0,30703.76
002581.SZ,2025-12-29,7.59,7.71,7.35,7.36,57141.0,42449.22
002581.SZ,2025-12-30,7.45,7.57,7.36,7.48,29723.0,22263.29
002581.SZ,2025-12-31,7.43,7.64,7.42,7.5,20500.0,15467.574
002581.SZ,2026-01-05,7.5,7.57,7.41,7.47,34980.0,26174.09
002581.SZ,2026-01-06,7.5,7.51,7.4,7.45,32864.0,24492.63
002581.SZ,2026-01-07,7.43,7.49,7.37,7.45,25041.0,18594.63
002581.SZ,2026-01-08,7.5,7.51,7.36,7.39,41328.0,30631.95
002581.SZ,2026-01-09,7.44,7.58,7.4,7.46,43527.0,32522.73
002581.SZ,2026-01-12,7.47,7.83,7.36,7.83,71469.0,54304.9
002581.SZ,2026-01-13,7.91,8.2,7.7,7.99,139246.6,110777.89
002581.SZ,2026-01-14,7.88,7.95,7.7,7.76,105296.0,82388.46
002581.SZ,2026-01-15,7.87,7.96,7.68,7.74,44882.0,34995.15
002581.SZ,2026-01-16,7.73,7.74,7.44,7.5,60757.0,45774.67
002581.SZ,2026-01-19,7.45,7.54,7.41,7.5,22701.0,17022.11
002581.SZ,2026-01-20,7.5,7.5,7.36,7.4,58548.0,43409.2
002581.SZ,2026-01-21,7.36,7.41,7.28,7.39,37686.0,27668.74
002581.SZ,2026-01-22,7.39,7.39,7.2,7.3,70128.0,50977.45
002581.SZ,2026-01-23,7.3,7.45,7.26,7.44,54281.0,39993.81
002581.SZ,2026-01-26,7.46,7.67,7.41,7.46,50898.0,38104.99
002581.SZ,2026-01-27,7.47,7.57,7.3,7.56,48649.0,36248.92
002581.SZ,2026-01-28,7.57,7.66,7.42,7.48,47345.0,35674.53
002581.SZ,2026-01-29,7.43,7.52,7.38,7.45,32672.0,24346.68
002581.SZ,2026-01-30,7.51,7.52,7.3,7.36,43162.0,31778.57
002581.SZ,2026-02-02,7.35,7.35,7.17,7.19,56077.0,40592.11
002581.SZ,2026-02-03,7.21,7.55,7.2,7.55,52217.42,38804.55
002581.SZ,2026-02-04,7.59,7.63,7.41,7.57,63202.35,47562.91
002581.SZ,2026-02-05,7.61,7.62,7.33,7.38,47419.0,35326.45
002581.SZ,2026-02-06,7.34,7.39,7.29,7.33,44101.35,32367.01
002581.SZ,2026-02-09,7.35,7.38,7.31,7.36,38351.0,28194.22
002581.SZ,2026-02-10,7.37,7.42,7.32,7.32,34481.0,25322.48
002581.SZ,2026-02-11,7.33,7.59,7.29,7.38,63530.22,47068.66
002581.SZ,2026-02-12,7.39,7.52,7.33,7.39,44376.0,32951.63
002581.SZ,2026-02-13,7.39,7.75,7.39,7.72,96018.12,73316.67
002581.SZ,2026-02-24,7.73,7.91,7.61,7.69,55145.39,42530.29
002581.SZ,2026-02-25,7.68,7.95,7.66,7.92,63528.0,49885.3
002581.SZ,2026-02-26,7.96,8.1,7.89,8.0,69347.0,55492.78
002581.SZ,2026-02-27,8.0,8.4,7.97,8.4,117208.8,97316.23
002581.SZ,2026-03-02,8.39,8.81,8.22,8.75,156592.23,135487.01
002581.SZ,2026-03-03,8.83,9.17,8.48,8.48,188001.0,166330.47
002581.SZ,2026-03-04,8.38,8.71,8.32,8.5,98394.0,83798.53
002581.SZ,2026-03-05,8.55,8.61,8.31,8.38,70864.0,59644.24
002581.SZ,2026-03-06,8.38,8.56,8.3,8.55,55451.0,46922.96
002581.SZ,2026-03-09,8.46,8.53,8.12,8.23,81638.0,67648.51
002581.SZ,2026-03-10,8.23,8.46,8.23,8.32,47995.0,40021.81
002581.SZ,2026-03-11,8.27,8.48,8.22,8.22,46303.0,38590.46
002581.SZ,2026-03-12,8.24,8.26,7.93,7.97,72311.0,58170.89
002581.SZ,2026-03-13,7.93,8.06,7.76,7.85,75283.89,59084.78
002581.SZ,2026-03-16,7.9,8.13,7.86,8.06,59518.0,47638.12
002581.SZ,2026-03-17,8.0,8.26,7.99,8.02,50423.0,40936.67
002581.SZ,2026-03-18,8.04,8.12,7.9,7.99,47600.0,38042.33
002581.SZ,2026-03-19,7.96,7.97,7.71,7.75,54295.0,42526.86
002581.SZ,2026-03-20,7.8,7.81,7.53,7.56,50903.0,38957.36
002581.SZ,2026-03-23,7.41,7.53,7.2,7.26,57648.0,42198.97
002581.SZ,2026-03-24,7.39,7.44,7.19,7.4,36380.0,26631.97
002581.SZ,2026-03-25,7.45,7.51,7.38,7.46,32944.0,24567.34
002581.SZ,2026-03-26,7.46,7.54,7.29,7.35,53675.0,39634.59
002581.SZ,2026-03-27,7.3,7.61,7.27,7.54,45178.0,33773.71
002581.SZ,2026-03-30,7.44,7.54,7.4,7.46,23306.0,17405.06
002581.SZ,2026-03-31,7.49,7.62,7.38,7.38,32986.01,24706.47
002581.SZ,2026-04-01,7.43,7.54,7.42,7.45,33899.0,25248.43
002581.SZ,2026-04-02,7.46,7.46,7.26,7.29,29801.0,21852.21
002581.SZ,2026-04-03,7.31,7.31,7.17,7.24,23655.0,17064.68
002581.SZ,2026-04-07,7.28,7.37,7.13,7.18,38952.0,28148.92
002581.SZ,2026-04-08,7.27,7.39,7.21,7.36,31982.0,23382.86
002581.SZ,2026-04-09,7.34,7.39,7.26,7.35,30569.0,22333.05
002581.SZ,2026-04-10,7.35,7.51,7.35,7.39,30673.89,22800.74
002581.SZ,2026-04-13,7.37,7.37,7.23,7.26,42764.79,31164.63
002581.SZ,2026-04-14,7.27,7.31,7.19,7.26,37527.0,27156.72
002581.SZ,2026-04-15,7.29,7.29,7.14,7.18,50346.81,36260.22
002581.SZ,2026-04-16,7.2,7.54,7.17,7.54,83184.6,61467.81
002581.SZ,2026-04-17,7.69,7.81,7.52,7.65,99566.79,76347.4
002581.SZ,2026-05-06,6.41,6.41,6.41,6.41,8337.0,5344.017
002581.SZ,2026-05-07,6.09,6.09,6.09,6.09,9195.0,5599.755
002581.SZ,2026-05-08,5.8,6.15,5.8,5.89,233285.03,138058.967
002581.SZ,2026-05-11,5.76,5.76,5.6,5.6,184723.64,104295.113
002581.SZ,2026-05-12,5.6,5.83,5.41,5.58,131687.26,74888.934
002581.SZ,2026-05-13,5.55,5.64,5.3,5.43,150181.2,80981.858
002581.SZ,2026-05-14,5.45,5.45,5.18,5.18,99617.0,52424.721
002581.SZ,2026-05-15,5.28,5.44,5.28,5.44,141758.02,76912.036
002581.SZ,2026-05-18,5.17,5.17,5.17,5.17,25497.0,13181.949
002581.SZ,2026-05-19,4.91,4.91,4.91,4.91,15013.0,7371.383
002581.SZ,2026-05-20,4.76,5.09,4.76,4.78,158570.0,77263.956
002581.SZ,2026-05-21,4.75,4.75,4.54,4.54,160974.83,74049.966
002581.SZ,2026-05-22,4.48,4.58,4.31,4.39,109794.39,48485.306
002581.SZ,2026-05-25,4.43,4.61,4.27,4.61,148767.39,66520.858
002581.SZ,2026-05-26,4.61,4.62,4.38,4.38,111240.0,49077.978
002581.SZ,2026-05-27,4.39,4.39,4.16,4.21,99051.0,41962.371
002581.SZ,2026-05-28,4.21,4.4,4.17,4.28,89857.06,38797.348
002581.SZ,2026-05-29,4.3,4.44,4.25,4.3,70899.0,30716.951
002581.SZ,2026-06-01,4.31,4.47,4.24,4.43,68745.0,29993.712
002581.SZ,2026-06-02,4.44,4.56,4.43,4.52,82860.49,37169.278
002581.SZ,2026-06-03,4.5,4.52,4.34,4.34,66330.0,29335.815
002581.SZ,2026-06-04,4.37,4.45,4.2,4.26,65858.02,28466.332
002581.SZ,2026-06-05,4.23,4.32,4.14,4.24,67059.0,28339.41
002581.SZ,2026-06-08,4.16,4.24,4.03,4.03,76752.0,31554.74
002581.SZ,2026-06-09,4.04,4.08,3.83,3.83,124316.0,48470.91
002581.SZ,2026-06-22,3.73,3.8,3.73,3.73,50583.0,18887.788
002581.SZ,2026-06-29,3.19,3.23,3.04,3.18,89660.78,28128.75012
002581.SZ,2026-06-30,3.18,3.23,3.08,3.17,68226.64,21625.44344
