symbol,datetime,open,high,low,close,volume,amount
002791.SZ,2016-03-29,28.47,31.06,28.47,31.06,347.1,1076.71
002791.SZ,2016-03-30,34.17,34.17,34.17,34.17,136.24,465.53
002791.SZ,2016-03-31,37.59,37.59,37.59,37.59,282.37,1061.43
002791.SZ,2016-04-01,41.35,41.35,41.35,41.35,794.02,3283.27
002791.SZ,2016-04-05,45.49,45.49,45.49,45.49,1103.77,5021.05
002791.SZ,2016-04-06,50.04,50.04,50.04,50.04,10934.25,54714.99
002791.SZ,2016-04-07,54.55,55.04,52.25,55.04,232208.11,1247044.04
002791.SZ,2016-04-08,53.0,53.66,51.11,51.58,149004.3,780789.11
002791.SZ,2016-04-11,51.6,55.0,50.79,53.42,130065.61,680957.42
002791.SZ,2016-04-12,52.35,53.28,51.0,51.1,100658.98,521889.18
002791.SZ,2016-04-13,50.7,52.45,50.7,51.15,85794.2,441955.14
002791.SZ,2016-04-14,51.8,56.27,51.16,56.27,196478.87,1070031.32
002791.SZ,2016-04-15,55.8,58.22,54.0,55.48,197694.41,1113894.05
002791.SZ,2016-04-18,53.6,53.82,51.88,52.6,87994.57,464050.34
002791.SZ,2016-04-19,53.05,54.8,52.61,53.25,69365.1,371881.72
002791.SZ,2016-04-20,52.7,53.98,48.5,52.62,99659.24,514700.94
002791.SZ,2016-04-21,51.35,52.06,50.01,50.1,61379.3,313297.62
002791.SZ,2016-04-22,50.14,51.27,49.5,50.46,43579.67,220063.56
002791.SZ,2016-04-25,50.93,50.93,49.5,50.13,35430.92,177460.12
002791.SZ,2016-04-26,50.29,50.58,49.21,50.2,42042.18,210093.0
002791.SZ,2016-04-27,50.22,52.7,50.22,51.36,89899.16,462749.97
002791.SZ,2016-04-28,50.93,51.29,48.85,49.76,56663.04,282427.5
002791.SZ,2016-04-29,49.45,50.09,49.01,49.25,30008.62,148518.23
002791.SZ,2016-05-03,49.04,50.38,48.88,50.16,43376.14,216298.72
002791.SZ,2016-05-04,50.17,50.48,49.75,50.01,39330.76,197175.15
002791.SZ,2016-05-05,50.02,51.18,49.6,51.12,51037.83,257141.07
002791.SZ,2016-05-06,50.99,51.54,48.9,48.97,69177.91,348064.65
002791.SZ,2016-05-09,48.6,48.6,45.0,45.2,44417.67,205745.64
002791.SZ,2016-05-10,45.7,46.12,45.23,45.5,27473.64,125425.46
002791.SZ,2016-05-11,46.0,46.09,44.26,44.28,31680.51,142661.48
002791.SZ,2016-05-12,43.5,43.5,42.36,43.16,30686.07,131585.87
002791.SZ,2016-05-13,43.16,43.98,42.9,43.15,25853.39,112368.58
002791.SZ,2016-05-16,43.06,43.97,42.58,43.94,23158.85,100707.22
002791.SZ,2016-05-17,43.95,44.08,43.35,43.53,25129.43,109851.57
002791.SZ,2016-05-18,42.89,42.89,40.15,40.74,37219.27,154630.01
002791.SZ,2016-05-19,40.75,41.96,40.66,40.87,24197.28,99877.52
002791.SZ,2016-05-20,40.07,41.44,39.8,41.35,28322.73,115540.46
002791.SZ,2016-05-23,41.65,43.69,41.41,42.8,43442.75,185609.81
002791.SZ,2016-05-24,42.48,42.68,41.48,41.77,26760.08,112230.73
002791.SZ,2016-05-25,42.2,42.96,41.75,42.3,31259.61,132466.01
002791.SZ,2016-05-26,42.29,43.59,41.65,43.37,42740.49,182596.69
002791.SZ,2016-05-27,43.1,44.82,42.9,43.67,53195.2,234999.7
002791.SZ,2016-05-30,43.05,44.4,42.06,43.6,41266.43,179294.59
002791.SZ,2016-05-31,43.65,46.12,43.65,45.81,64109.07,290538.25
002791.SZ,2016-06-01,46.0,46.97,45.45,45.73,63837.68,294848.65
002791.SZ,2016-06-02,45.78,47.3,45.5,47.14,63236.25,292586.35
002791.SZ,2016-06-03,46.78,48.38,46.6,47.03,66616.88,316039.91
002791.SZ,2016-06-06,47.1,47.59,45.89,46.49,42729.56,199606.82
002791.SZ,2016-06-07,46.49,48.98,45.82,48.85,76603.44,365110.93
002791.SZ,2016-06-08,48.19,53.63,47.01,50.43,102189.8,509289.82
002791.SZ,2016-06-13,48.65,50.61,45.39,45.39,78135.0,375921.85
002791.SZ,2016-06-14,44.53,46.5,44.03,46.0,49128.45,223565.97
002791.SZ,2016-06-15,45.11,48.96,45.11,48.28,57033.62,272153.85
002791.SZ,2016-06-16,48.28,49.96,47.3,47.84,56690.03,275347.9
002791.SZ,2016-06-17,48.0,48.93,47.67,48.86,56472.02,273217.41
002791.SZ,2016-06-20,49.14,51.5,48.35,50.38,77450.58,388473.97
002791.SZ,2016-06-21,50.58,51.93,49.01,50.4,82523.25,419151.92
002791.SZ,2016-06-22,49.8,51.36,49.6,51.36,68010.63,345635.36
002791.SZ,2016-06-23,51.01,51.9,49.55,50.55,59145.18,299899.08
002791.SZ,2016-06-24,50.4,50.92,46.68,48.79,71220.14,350115.19
002791.SZ,2016-06-27,48.47,51.88,48.45,51.48,72980.91,368895.74
002791.SZ,2016-06-28,51.2,52.87,50.65,52.15,77801.23,403160.13
002791.SZ,2016-06-29,52.02,55.8,50.88,54.99,127396.6,679055.08
002791.SZ,2016-06-30,53.26,54.6,52.23,53.77,93488.57,499177.4
002791.SZ,2016-07-01,53.71,56.86,53.71,55.99,108356.12,601946.57
002791.SZ,2016-07-04,55.8,58.45,55.36,57.86,116378.81,665458.56
002791.SZ,2016-07-05,57.9,62.96,57.23,59.87,128126.96,764759.86
002791.SZ,2016-07-06,59.89,62.7,58.2,60.2,140297.03,853575.32
002791.SZ,2016-07-07,59.1,61.33,58.5,58.88,102618.16,609894.97
002791.SZ,2016-07-08,59.21,63.0,58.4,61.6,144650.28,883544.1
002791.SZ,2016-07-11,62.0,65.01,59.19,62.61,113848.67,710474.92
002791.SZ,2016-07-12,61.27,62.41,58.5,61.4,86556.24,525084.31
002791.SZ,2016-07-13,61.34,62.98,60.21,60.64,68203.28,419892.46
002791.SZ,2016-07-14,60.2,62.06,59.01,61.92,70610.5,426695.59
002791.SZ,2016-07-15,61.92,63.77,61.5,61.5,78923.68,494405.55
002791.SZ,2016-07-18,60.3,60.38,57.88,58.1,66455.36,391919.57
002791.SZ,2016-07-19,58.5,59.28,58.04,59.04,35772.18,209872.77
002791.SZ,2016-07-20,59.2,59.34,58.2,58.6,29548.63,173845.95
002791.SZ,2016-07-21,58.79,59.0,56.3,56.33,43483.64,250499.13
002791.SZ,2016-07-22,56.51,57.19,55.64,56.8,37688.28,212480.12
002791.SZ,2016-07-25,56.2,59.18,56.11,58.7,37285.24,213764.56
002791.SZ,2016-07-26,58.3,59.55,58.0,59.28,34625.39,204637.24
002791.SZ,2016-07-27,59.36,59.4,53.42,53.84,58895.76,328861.87
002791.SZ,2016-07-28,53.02,54.57,51.88,53.64,29600.04,157474.69
002791.SZ,2016-07-29,54.42,54.44,52.89,53.33,24266.73,130458.19
002791.SZ,2016-08-01,52.4,52.4,49.1,50.6,26445.62,133870.04
002791.SZ,2016-08-02,50.6,51.38,50.1,51.15,15512.82,78900.06
002791.SZ,2016-08-03,51.06,52.88,50.61,52.35,26979.73,140425.69
002791.SZ,2016-08-04,52.02,52.55,51.67,52.18,19065.31,99384.17
002791.SZ,2016-08-05,52.17,52.48,50.21,50.83,21235.56,109218.07
002791.SZ,2016-08-08,50.57,52.55,49.5,52.47,24613.23,126012.31
002791.SZ,2016-08-09,52.12,52.98,51.82,52.84,23276.7,122374.98
002791.SZ,2016-08-10,52.8,53.49,52.5,52.83,24057.06,127407.33
002791.SZ,2016-08-11,52.44,54.85,52.22,53.16,36512.5,195510.92
002791.SZ,2016-08-12,52.9,53.68,52.33,53.18,23116.64,122646.85
002791.SZ,2016-08-15,53.86,55.0,52.5,54.62,31978.48,172863.32
002791.SZ,2016-08-16,54.72,55.88,54.7,55.45,35542.46,197177.14
002791.SZ,2016-08-17,55.09,56.98,55.09,56.63,33125.87,185685.23
002791.SZ,2016-08-18,56.41,56.59,55.21,55.37,27406.27,153002.37
002791.SZ,2016-08-19,55.5,56.2,54.8,55.6,23646.78,131305.54
002791.SZ,2016-08-22,55.26,55.75,53.6,54.4,25813.96,140258.89
002791.SZ,2016-08-23,54.25,55.27,53.71,55.25,21847.35,119566.04
002791.SZ,2016-08-24,54.5,54.97,53.8,54.13,26227.66,142272.03
002791.SZ,2016-08-25,54.36,57.98,54.0,56.99,69634.68,393201.33
002791.SZ,2016-08-26,56.45,57.55,55.55,56.88,46009.22,259584.16
002791.SZ,2016-08-29,56.34,57.58,55.93,56.16,24595.19,139169.11
002791.SZ,2016-08-30,56.51,56.7,54.72,55.03,28416.62,157694.28
002791.SZ,2016-08-31,55.09,55.37,53.9,54.53,24147.55,131775.48
002791.SZ,2016-09-01,54.63,55.3,53.16,53.26,22029.0,119681.92
002791.SZ,2016-09-02,53.06,53.06,51.53,52.0,28721.27,150067.4
002791.SZ,2016-09-05,52.2,52.8,51.72,51.9,15238.0,79549.81
002791.SZ,2016-09-06,51.99,52.73,50.7,52.7,20278.97,104982.25
002791.SZ,2016-09-07,52.75,52.92,51.76,51.79,16569.64,86742.0
002791.SZ,2016-09-08,51.69,52.3,51.56,51.95,10365.23,53841.55
002791.SZ,2016-09-09,51.83,52.52,51.83,51.95,13184.87,68860.86
002791.SZ,2016-09-12,51.3,51.3,49.88,49.88,18513.13,93568.24
002791.SZ,2016-09-13,50.1,50.58,49.5,49.82,12569.53,62760.46
002791.SZ,2016-09-14,49.65,49.95,49.01,49.34,11016.73,54513.79
002791.SZ,2016-09-19,49.51,50.3,49.51,50.17,10224.62,51150.4
002791.SZ,2016-09-20,50.15,50.65,49.93,50.34,11137.33,56112.35
002791.SZ,2016-09-21,50.06,51.1,50.04,50.55,12661.11,64088.13
002791.SZ,2016-09-22,50.93,51.05,50.56,50.62,12683.22,64440.33
002791.SZ,2016-09-23,50.46,51.17,50.46,50.61,14164.32,72065.17
002791.SZ,2016-09-26,50.28,50.61,48.13,48.2,19310.0,94942.35
002791.SZ,2016-09-27,47.85,48.75,47.82,48.68,8958.68,43279.77
002791.SZ,2016-09-28,48.71,48.77,48.0,48.13,7961.18,38469.97
002791.SZ,2016-09-29,48.35,48.92,48.21,48.73,11374.7,55295.08
002791.SZ,2016-09-30,48.59,49.3,48.59,48.94,9947.67,48658.33
002791.SZ,2016-10-10,49.1,51.0,49.1,50.85,17235.06,86807.22
002791.SZ,2016-10-11,50.9,53.6,50.7,52.9,31790.42,165050.7
002791.SZ,2016-10-12,52.5,53.59,52.16,53.36,25145.7,133149.15
002791.SZ,2016-10-13,53.03,53.35,52.5,52.74,14079.37,74355.88
002791.SZ,2016-10-14,52.52,53.16,52.2,52.76,13532.95,71266.89
002791.SZ,2016-10-17,52.9,52.96,50.8,51.5,22476.29,116262.93
002791.SZ,2016-10-18,51.23,52.35,51.15,52.33,14782.81,76876.97
002791.SZ,2016-10-19,52.48,53.25,52.0,52.22,18616.63,98238.75
002791.SZ,2016-10-20,52.4,56.5,52.33,56.3,59392.51,323102.43
002791.SZ,2016-10-21,57.0,57.0,55.07,56.05,39898.84,223164.19
002791.SZ,2016-10-24,55.5,57.9,55.5,56.9,47741.52,272229.82
002791.SZ,2016-10-25,56.5,57.25,56.28,56.95,28248.76,160152.41
002791.SZ,2016-10-26,57.1,57.8,55.33,56.3,32246.6,181971.18
002791.SZ,2016-10-27,56.15,56.88,55.6,56.2,22218.3,125204.66
002791.SZ,2016-10-28,56.2,58.3,55.58,56.89,55289.78,315286.62
002791.SZ,2016-10-31,57.0,59.97,56.61,59.97,75010.8,437373.08
002791.SZ,2016-11-01,59.45,62.58,59.05,59.88,177911.62,1078964.28
002791.SZ,2016-11-02,58.72,60.77,58.3,59.0,92767.91,552462.43
002791.SZ,2016-11-03,58.45,62.18,58.3,58.54,104498.35,629029.44
002791.SZ,2016-11-04,58.5,60.18,58.31,59.91,76794.38,455763.65
002791.SZ,2016-11-07,59.85,60.77,58.9,60.37,65558.94,392705.34
002791.SZ,2016-11-08,60.29,61.28,59.16,59.77,46739.41,280025.99
002791.SZ,2016-11-09,59.99,61.69,58.8,60.34,75770.72,457923.55
002791.SZ,2016-11-10,60.82,62.79,60.4,61.87,88495.74,544464.23
002791.SZ,2016-11-11,61.4,61.99,59.55,59.7,77471.38,469576.84
002791.SZ,2016-11-14,59.11,60.39,59.0,59.8,43299.16,258422.84
002791.SZ,2016-11-15,59.98,60.83,59.34,59.8,40637.68,243944.94
002791.SZ,2016-11-16,59.88,60.18,58.7,58.7,41129.34,244505.95
002791.SZ,2016-11-17,58.45,58.45,56.3,56.51,51810.58,295813.2
002791.SZ,2016-11-18,57.9,62.16,57.52,62.16,173756.6,1065427.69
002791.SZ,2016-11-21,62.16,66.34,61.2,64.7,182235.32,1161824.0
002791.SZ,2016-11-22,64.5,68.46,63.95,65.2,142642.26,938969.76
002791.SZ,2016-11-23,64.26,69.68,64.26,67.84,137546.66,923093.11
002791.SZ,2016-11-24,67.0,68.55,65.71,66.4,93748.8,626923.31
002791.SZ,2016-11-25,66.16,68.36,64.15,68.0,91213.86,604707.46
002791.SZ,2016-11-28,67.39,67.86,64.31,64.5,67108.19,441959.61
002791.SZ,2016-11-29,64.68,70.48,64.5,67.97,107591.68,730888.53
002791.SZ,2016-11-30,67.02,72.22,65.18,71.85,120734.82,833809.54
002791.SZ,2016-12-01,70.7,72.93,68.46,69.3,107830.8,762596.73
002791.SZ,2016-12-02,68.9,70.85,67.26,67.57,75593.48,519668.79
002791.SZ,2016-12-05,65.55,67.35,63.85,65.1,65344.45,428475.16
002791.SZ,2016-12-06,65.37,65.98,62.8,63.17,54489.58,350867.34
002791.SZ,2016-12-07,62.9,65.49,62.6,64.69,60705.71,388963.33
002791.SZ,2016-12-08,64.2,64.5,61.5,61.8,66147.15,415230.77
002791.SZ,2016-12-09,61.43,62.67,60.52,61.8,50133.55,309033.2
002791.SZ,2016-12-12,61.6,61.72,55.63,55.99,65512.42,383535.05
002791.SZ,2016-12-13,55.79,58.2,55.08,57.7,54149.46,308403.76
002791.SZ,2016-12-14,57.08,58.59,56.2,56.68,43427.59,249127.93
002791.SZ,2016-12-15,56.8,60.46,56.71,59.4,63818.48,377363.33
002791.SZ,2016-12-16,58.81,59.95,58.5,59.4,39156.91,231959.48
002791.SZ,2016-12-19,58.68,59.5,57.69,58.15,27387.3,160566.14
002791.SZ,2016-12-20,58.15,59.04,57.22,58.9,32017.29,187144.39
002791.SZ,2016-12-21,59.06,59.85,58.11,59.65,34859.86,206022.09
002791.SZ,2016-12-22,59.65,59.65,58.2,58.5,24975.4,146701.57
002791.SZ,2016-12-23,58.33,58.5,55.22,55.7,38286.05,217028.78
002791.SZ,2016-12-26,55.04,56.38,53.65,55.81,29709.12,163032.24
002791.SZ,2016-12-27,55.68,56.25,55.18,55.18,21668.4,120580.18
002791.SZ,2016-12-28,55.12,55.98,54.6,54.73,20025.5,110796.3
002791.SZ,2016-12-29,54.86,55.55,54.17,55.3,22428.0,123636.6
002791.SZ,2016-12-30,55.01,55.4,54.2,54.6,21875.58,119864.84
002791.SZ,2017-01-03,55.0,55.34,54.6,55.05,17824.75,98084.7
002791.SZ,2017-01-04,55.05,56.14,54.61,56.09,31184.22,173374.34
002791.SZ,2017-01-05,55.81,55.81,54.1,54.25,33742.4,185718.56
002791.SZ,2017-01-06,53.81,54.1,51.0,51.14,44838.67,233806.54
002791.SZ,2017-01-09,51.15,51.59,49.68,50.94,20168.81,102114.92
002791.SZ,2017-01-10,51.0,51.78,50.6,50.67,16715.0,85550.49
002791.SZ,2017-01-11,50.69,50.69,48.19,48.28,36391.51,178990.18
002791.SZ,2017-01-12,48.35,49.45,48.35,48.9,21604.15,105924.76
002791.SZ,2017-01-13,49.05,49.05,46.93,46.96,26663.0,127036.19
002791.SZ,2017-01-16,46.5,46.67,42.26,43.7,30054.65,133968.92
002791.SZ,2017-01-17,43.77,45.65,42.51,45.4,29388.04,130466.25
002791.SZ,2017-01-18,45.0,45.2,43.76,43.85,17931.73,79690.86
002791.SZ,2017-01-19,43.3,45.2,43.27,44.18,18045.82,80316.07
002791.SZ,2017-01-20,43.85,45.64,43.85,45.23,20204.46,91226.58
002791.SZ,2017-01-23,45.7,45.98,45.13,45.4,17568.09,79925.02
002791.SZ,2017-01-24,45.33,45.33,44.5,44.55,14715.82,65893.39
002791.SZ,2017-01-25,44.45,46.36,44.26,46.01,19897.95,90274.81
002791.SZ,2017-01-26,45.9,46.25,45.5,45.98,15231.07,69803.91
002791.SZ,2017-02-03,46.02,46.08,45.08,45.24,10060.74,45774.72
002791.SZ,2017-02-06,45.4,46.5,45.35,46.4,16212.68,74606.54
002791.SZ,2017-02-07,46.3,46.33,45.62,46.02,15798.49,72617.16
002791.SZ,2017-02-08,45.82,46.68,45.3,46.52,18152.15,83707.7
002791.SZ,2017-02-09,46.32,47.5,46.15,46.97,24814.04,116759.32
002791.SZ,2017-02-10,47.0,47.18,46.37,46.44,16249.7,75672.36
002791.SZ,2017-02-13,46.35,47.33,46.35,47.06,18557.1,87376.8
002791.SZ,2017-02-14,47.2,47.29,46.6,46.98,13215.41,61952.88
002791.SZ,2017-02-15,47.01,47.55,46.37,46.79,24582.3,115479.22
002791.SZ,2017-02-16,46.51,46.65,45.81,46.3,19162.03,88540.48
002791.SZ,2017-02-17,46.39,46.63,44.83,44.9,22048.83,100462.08
002791.SZ,2017-02-20,44.6,45.3,43.61,44.53,17565.3,77670.02
002791.SZ,2017-02-21,44.52,45.45,44.44,45.25,15366.8,69266.58
002791.SZ,2017-02-22,45.3,46.17,45.02,45.81,19900.87,91074.03
002791.SZ,2017-02-23,45.66,46.4,45.28,46.39,22505.16,103284.76
002791.SZ,2017-02-24,46.3,47.17,45.92,46.96,26887.9,125735.49
002791.SZ,2017-02-27,46.89,47.29,46.4,46.55,20929.12,98025.15
002791.SZ,2017-02-28,46.62,46.95,46.35,46.89,15409.73,71961.82
002791.SZ,2017-03-01,46.99,48.84,46.99,48.39,36481.2,175412.69
002791.SZ,2017-03-02,48.39,48.4,47.6,47.87,21727.39,104137.82
002791.SZ,2017-03-03,47.35,49.47,47.13,48.92,29212.51,141350.61
002791.SZ,2017-03-06,48.5,49.26,48.45,49.14,20911.41,102543.97
002791.SZ,2017-03-07,49.15,49.3,48.46,48.93,20519.32,100154.34
002791.SZ,2017-03-08,48.91,48.91,47.95,48.15,20451.73,98662.07
002791.SZ,2017-03-09,48.14,48.69,47.1,48.45,22488.74,107632.83
002791.SZ,2017-03-10,48.27,48.98,47.68,48.31,18426.71,89301.31
002791.SZ,2017-03-13,48.01,48.85,47.0,48.68,21945.12,105525.78
002791.SZ,2017-03-14,48.6,50.24,48.6,49.88,41655.5,206604.41
002791.SZ,2017-03-15,49.7,49.7,49.06,49.23,21742.85,107195.29
002791.SZ,2017-03-16,49.7,50.3,49.5,50.01,30301.0,151166.87
002791.SZ,2017-03-17,50.0,51.5,49.8,50.47,44588.18,225762.62
002791.SZ,2017-03-20,50.5,51.92,50.0,51.92,42485.22,218030.0
002791.SZ,2017-03-21,51.95,51.95,51.01,51.49,28522.23,146492.28
002791.SZ,2017-03-22,50.69,51.02,49.37,50.4,38262.74,192209.33
002791.SZ,2017-03-23,50.3,51.38,49.81,51.36,37990.69,192943.86
002791.SZ,2017-03-24,50.8,51.27,50.43,50.77,23150.73,117647.01
002791.SZ,2017-03-27,49.98,49.99,48.32,48.32,42991.71,210538.14
002791.SZ,2017-03-28,48.22,48.22,47.0,47.01,28155.47,133705.47
002791.SZ,2017-03-29,46.18,46.18,44.0,44.43,82496.12,368433.74
002791.SZ,2017-03-30,44.25,44.3,43.51,43.7,34102.16,149827.29
002791.SZ,2017-03-31,43.8,44.58,43.72,44.14,20855.68,92075.21
002791.SZ,2017-04-05,44.2,45.0,43.8,45.0,25427.92,113338.17
002791.SZ,2017-04-06,44.95,45.29,44.57,44.89,22749.2,102411.07
002791.SZ,2017-04-07,45.0,45.15,44.25,44.32,22344.96,99360.36
002791.SZ,2017-04-10,44.08,44.3,41.5,41.8,39306.61,166743.23
002791.SZ,2017-04-11,41.82,42.8,41.51,42.77,25873.05,109311.38
002791.SZ,2017-04-12,42.77,43.12,42.2,42.4,16494.37,70405.7
002791.SZ,2017-04-13,42.4,43.29,42.4,42.61,13649.62,58577.98
002791.SZ,2017-04-14,42.61,42.83,41.72,41.88,14407.5,60554.43
002791.SZ,2017-04-17,40.97,40.97,39.18,40.19,22330.19,89395.95
002791.SZ,2017-04-18,40.47,40.78,39.9,39.95,11425.6,46123.36
002791.SZ,2017-04-19,39.83,40.81,39.04,40.65,17978.57,71749.4
002791.SZ,2017-04-20,40.4,40.8,39.15,39.8,19866.99,79339.35
002791.SZ,2017-04-21,39.6,40.45,39.6,40.28,12479.17,50144.02
002791.SZ,2017-04-24,40.7,40.7,39.6,39.81,17355.48,69633.17
002791.SZ,2017-04-25,39.87,40.27,39.32,39.38,18211.2,72227.96
002791.SZ,2017-04-26,39.49,39.52,38.18,38.33,24891.56,96671.47
002791.SZ,2017-04-27,37.85,38.75,36.3,38.48,34499.03,129373.25
002791.SZ,2017-04-28,38.45,38.9,38.15,38.66,14862.01,57369.79
002791.SZ,2017-05-02,38.8,38.86,38.18,38.36,10209.0,39273.44
002791.SZ,2017-05-03,38.36,38.73,37.8,38.33,11387.06,43623.03
002791.SZ,2017-05-04,38.06,38.44,37.36,38.14,15403.27,58620.58
002791.SZ,2017-05-05,37.99,39.19,37.77,38.53,21047.84,81336.44
002791.SZ,2017-05-08,38.3,38.39,37.6,37.6,11993.0,45631.08
002791.SZ,2017-05-09,37.78,38.39,37.01,38.26,11024.84,41871.8
002791.SZ,2017-05-10,38.26,38.96,38.11,38.16,17256.08,66581.62
002791.SZ,2017-05-11,37.95,37.95,36.41,37.77,20251.8,75459.28
002791.SZ,2017-05-12,37.6,37.9,37.06,37.83,11724.88,44042.37
002791.SZ,2017-05-15,37.97,38.44,37.6,38.13,11300.67,43053.06
002791.SZ,2017-05-16,38.11,39.41,37.85,39.28,15991.2,61854.86
002791.SZ,2017-05-17,39.25,40.0,39.07,39.64,16007.94,63607.66
002791.SZ,2017-05-18,39.2,39.8,39.07,39.23,9471.73,37345.53
002791.SZ,2017-05-19,39.11,39.42,38.98,39.0,6785.17,26551.92
002791.SZ,2017-05-22,39.0,39.16,36.8,37.01,14122.75,53462.73
002791.SZ,2017-05-23,37.09,37.34,35.19,35.22,14778.82,53394.8
002791.SZ,2017-05-24,35.03,35.18,34.05,35.18,11984.97,41682.61
002791.SZ,2017-05-25,35.19,35.8,34.11,35.3,14001.64,48729.85
002791.SZ,2017-05-26,35.31,35.75,35.06,35.4,7758.43,27492.45
002791.SZ,2017-05-31,36.12,36.42,35.51,35.73,9174.0,33089.93
002791.SZ,2017-06-01,35.5,35.55,33.7,33.7,10086.17,34856.81
002791.SZ,2017-06-02,33.96,35.19,33.68,35.1,10799.81,37232.77
002791.SZ,2017-06-05,35.32,35.81,35.1,35.53,8104.86,28760.01
002791.SZ,2017-06-06,35.53,36.25,35.21,35.89,8774.6,31418.17
002791.SZ,2017-06-07,35.77,37.3,35.66,37.2,16583.32,60872.16
002791.SZ,2017-06-08,25.05,25.5,24.5,24.63,30013.78,75141.03
002791.SZ,2017-06-09,24.62,24.62,23.89,24.22,19747.0,47745.09
002791.SZ,2017-06-12,23.91,24.11,23.18,23.24,17334.37,40778.67
002791.SZ,2017-06-13,23.87,24.64,23.36,24.55,22258.94,53385.39
002791.SZ,2017-06-14,24.23,24.66,23.92,24.24,21428.39,52005.3
002791.SZ,2017-06-15,24.3,24.96,24.12,24.69,25329.12,62594.49
002791.SZ,2017-06-16,24.53,24.74,24.35,24.45,16362.63,40116.57
002791.SZ,2017-06-19,24.45,24.82,24.3,24.48,10767.51,26415.65
002791.SZ,2017-06-20,24.49,24.67,24.2,24.2,13365.88,32615.99
002791.SZ,2017-06-21,24.23,24.45,23.85,24.15,15777.99,37977.29
002791.SZ,2017-06-22,24.05,24.36,23.37,23.57,11350.0,27137.32
002791.SZ,2017-06-23,23.49,23.69,22.77,23.19,15250.44,35341.69
002791.SZ,2017-06-26,23.19,23.42,22.89,23.38,11668.56,27070.57
002791.SZ,2017-06-27,23.42,23.85,23.22,23.42,10919.03,25748.91
002791.SZ,2017-06-28,23.36,23.47,22.99,23.07,9933.85,22959.93
002791.SZ,2017-06-29,23.12,23.35,23.07,23.14,7494.42,17385.87
002791.SZ,2017-06-30,23.05,23.37,23.0,23.23,9234.94,21417.72
002791.SZ,2017-07-03,23.24,23.6,23.11,23.59,12109.21,28365.08
002791.SZ,2017-07-04,23.5,23.68,23.25,23.32,9181.53,21531.09
002791.SZ,2017-07-05,23.34,23.55,23.28,23.42,11459.05,26812.3
002791.SZ,2017-07-06,23.53,23.59,23.16,23.3,11445.85,26743.45
002791.SZ,2017-07-07,23.27,23.59,23.11,23.55,14560.74,34159.14
002791.SZ,2017-07-10,23.42,23.45,23.17,23.23,13765.5,32029.59
002791.SZ,2017-07-11,23.28,23.28,22.7,22.74,12875.59,29584.42
002791.SZ,2017-07-12,22.48,22.95,22.19,22.52,14187.12,31803.16
002791.SZ,2017-07-13,22.52,22.64,22.2,22.28,11289.36,25299.08
002791.SZ,2017-07-14,22.23,22.32,22.08,22.2,8392.05,18612.22
002791.SZ,2017-07-17,22.2,22.2,19.98,19.98,34129.41,69746.4
002791.SZ,2017-07-18,20.07,20.16,19.31,19.71,20388.58,40216.14
002791.SZ,2017-07-19,19.76,20.05,19.5,19.94,16780.61,33106.42
002791.SZ,2017-07-20,19.98,20.24,19.74,19.76,13210.47,26380.46
002791.SZ,2017-07-21,19.77,19.8,19.33,19.33,20910.64,40710.62
002791.SZ,2017-07-24,19.23,19.48,18.85,19.38,16887.41,32307.6
002791.SZ,2017-07-25,19.42,19.72,19.21,19.43,14200.55,27620.28
002791.SZ,2017-07-26,19.43,19.48,19.05,19.23,11723.78,22523.8
002791.SZ,2017-07-27,19.27,19.86,19.03,19.76,19034.28,37257.22
002791.SZ,2017-07-28,19.85,19.85,19.53,19.54,11592.01,22774.37
002791.SZ,2017-07-31,19.58,19.75,19.41,19.69,11564.32,22674.08
002791.SZ,2017-08-01,19.7,19.88,19.46,19.61,15119.86,29732.37
002791.SZ,2017-08-02,19.62,19.72,19.4,19.4,11547.33,22578.93
002791.SZ,2017-08-03,19.29,19.88,19.15,19.64,17301.49,33837.96
002791.SZ,2017-08-04,19.79,19.88,19.42,19.48,14583.54,28665.68
002791.SZ,2017-08-07,19.23,19.65,19.23,19.42,10632.65,20676.04
002791.SZ,2017-08-08,19.42,21.09,19.3,20.77,44110.87,89811.12
002791.SZ,2017-08-09,20.71,20.74,20.15,20.26,31692.05,64615.29
002791.SZ,2017-08-10,20.19,20.5,19.8,19.8,21279.97,42702.49
002791.SZ,2017-08-11,19.78,20.15,19.51,19.63,16064.82,31865.33
002791.SZ,2017-08-14,19.64,20.23,19.64,20.04,15720.25,31494.89
002791.SZ,2017-08-15,20.1,20.4,20.01,20.17,14798.1,29870.79
002791.SZ,2017-08-16,20.12,20.7,20.12,20.67,23416.16,47882.16
002791.SZ,2017-08-17,20.74,20.84,20.5,20.7,20072.05,41447.94
002791.SZ,2017-08-18,20.5,20.76,20.4,20.54,16289.84,33496.53
002791.SZ,2017-08-21,20.69,21.57,20.66,21.35,32527.35,69006.0
002791.SZ,2017-08-22,21.56,21.57,20.92,21.01,23590.05,49811.48
002791.SZ,2017-08-23,20.78,20.99,20.55,20.77,20490.44,42486.32
002791.SZ,2017-08-24,20.7,20.92,20.55,20.57,12506.81,25875.0
002791.SZ,2017-08-25,20.58,21.13,20.58,21.03,21352.01,44724.15
002791.SZ,2017-08-28,21.04,21.49,21.04,21.23,25589.59,54406.8
002791.SZ,2017-08-29,21.14,21.69,21.14,21.58,34214.58,73654.5
002791.SZ,2017-08-30,21.7,21.7,21.31,21.33,21607.74,46387.08
002791.SZ,2017-08-31,21.3,21.66,21.21,21.64,18324.26,39406.57
002791.SZ,2017-09-01,21.65,21.65,21.35,21.49,20553.22,44086.08
002791.SZ,2017-09-04,21.43,21.44,21.1,21.17,22587.87,48024.48
002791.SZ,2017-09-05,21.24,21.3,20.93,21.14,20020.22,42356.42
002791.SZ,2017-09-06,21.22,21.23,20.92,21.01,20074.32,42201.64
002791.SZ,2017-09-07,21.11,21.96,21.1,21.68,53740.65,116154.22
002791.SZ,2017-09-08,21.57,21.99,21.37,21.56,33741.25,73150.94
002791.SZ,2017-09-11,21.56,22.19,21.37,21.98,30434.7,66608.66
002791.SZ,2017-09-12,21.95,22.16,21.63,21.78,36083.76,78833.94
002791.SZ,2017-09-13,21.88,22.0,21.61,21.99,18164.56,39638.79
002791.SZ,2017-09-14,21.99,22.99,21.9,22.47,47182.96,106808.48
002791.SZ,2017-09-15,22.45,23.19,22.35,23.0,42634.81,97341.67
002791.SZ,2017-09-18,23.0,25.0,23.0,24.64,82096.3,198166.54
002791.SZ,2017-09-19,24.9,24.9,24.15,24.34,64570.11,157801.8
002791.SZ,2017-09-20,24.21,24.32,23.81,24.31,35515.94,85259.75
002791.SZ,2017-09-21,24.26,24.48,23.62,23.63,29719.75,71388.86
002791.SZ,2017-09-22,23.7,23.82,23.2,23.41,24148.95,56464.28
002791.SZ,2017-09-25,23.31,23.5,22.68,22.71,19582.35,45030.07
002791.SZ,2017-09-26,22.74,23.17,22.6,22.88,14533.42,33192.01
002791.SZ,2017-09-27,22.99,23.12,22.71,23.05,14461.27,33231.41
002791.SZ,2017-09-28,23.01,23.05,22.38,22.41,17492.31,39679.83
002791.SZ,2017-09-29,22.55,22.99,22.49,22.94,15270.26,34846.42
002791.SZ,2017-10-09,23.09,23.59,23.0,23.41,18655.54,43500.41
002791.SZ,2017-10-10,23.41,23.64,23.1,23.59,16361.53,38093.96
002791.SZ,2017-10-11,23.45,23.95,23.27,23.67,20671.76,49006.63
002791.SZ,2017-10-12,23.67,23.82,22.9,23.12,22407.37,52388.37
002791.SZ,2017-10-13,23.09,23.12,22.6,22.88,20743.63,47349.68
002791.SZ,2017-10-16,22.88,22.91,21.9,21.92,23986.0,53633.34
002791.SZ,2017-10-17,22.05,22.28,21.81,22.11,10444.11,23062.18
002791.SZ,2017-10-18,22.1,22.2,21.52,21.64,13747.11,30130.47
002791.SZ,2017-10-19,21.74,21.94,21.25,21.46,10735.78,23124.11
002791.SZ,2017-10-20,21.23,21.87,21.23,21.8,7156.87,15500.5
002791.SZ,2017-10-23,21.4,21.58,21.3,21.53,16975.0,36391.96
002791.SZ,2017-10-24,21.6,22.04,21.52,21.75,16354.95,35677.61
002791.SZ,2017-10-25,21.74,22.36,21.63,22.18,18859.1,41638.09
002791.SZ,2017-10-26,22.3,23.04,21.86,22.9,37872.33,85158.74
002791.SZ,2017-10-27,23.1,23.39,22.48,22.52,49519.0,113875.51
002791.SZ,2017-10-30,22.01,22.21,20.68,21.19,32882.5,70368.7
002791.SZ,2017-10-31,20.94,21.31,20.75,21.15,12121.0,25607.0
002791.SZ,2017-11-01,21.16,21.49,21.16,21.23,10969.0,23388.37
002791.SZ,2017-11-02,21.26,21.4,20.8,20.82,12275.61,25734.97
002791.SZ,2017-11-03,20.82,20.87,20.26,20.38,15019.92,30706.53
002791.SZ,2017-11-06,20.55,20.63,20.01,20.58,8797.36,17927.12
002791.SZ,2017-11-07,20.64,20.7,20.39,20.58,9113.0,18727.08
002791.SZ,2017-11-08,20.66,21.02,20.5,20.81,11539.47,24047.81
002791.SZ,2017-11-09,20.84,21.04,20.66,20.84,9561.79,19936.12
002791.SZ,2017-11-10,20.85,20.99,20.65,20.99,13554.71,28221.4
002791.SZ,2017-11-13,20.99,21.04,20.78,20.87,11858.95,24772.85
002791.SZ,2017-11-14,20.86,20.91,20.48,20.51,11895.13,24597.47
002791.SZ,2017-11-15,20.51,20.67,20.32,20.38,8126.0,16628.24
002791.SZ,2017-11-16,20.35,20.48,20.12,20.17,9934.5,20176.91
002791.SZ,2017-11-17,20.16,20.17,19.01,19.03,20706.5,40354.86
002791.SZ,2017-11-20,18.99,19.49,18.73,19.4,10848.73,20721.02
002791.SZ,2017-11-21,19.4,19.49,19.16,19.29,9697.5,18724.71
002791.SZ,2017-11-22,19.29,19.41,19.0,19.09,8411.29,16152.85
002791.SZ,2017-11-23,19.18,19.18,18.85,18.86,8931.0,16917.25
002791.SZ,2017-11-24,18.82,19.13,18.8,18.92,5767.5,10960.81
002791.SZ,2017-11-27,19.05,19.26,18.92,19.07,7559.24,14432.14
002791.SZ,2017-11-28,19.1,19.58,19.09,19.53,11666.54,22647.97
002791.SZ,2017-11-29,19.53,19.53,19.16,19.38,7680.15,14827.3
002791.SZ,2017-11-30,19.3,19.5,19.21,19.3,4652.15,9013.01
002791.SZ,2017-12-01,19.28,19.53,19.15,19.38,5016.5,9733.28
002791.SZ,2017-12-04,19.48,19.48,18.98,18.99,8001.5,15286.22
002791.SZ,2017-12-05,18.91,19.04,18.4,18.45,10949.0,20458.28
002791.SZ,2017-12-06,18.44,18.8,18.08,18.62,8157.77,15138.11
002791.SZ,2017-12-07,18.62,18.84,18.58,18.74,5988.74,11214.4
002791.SZ,2017-12-08,18.96,18.96,18.71,18.83,5523.09,10403.14
002791.SZ,2017-12-11,18.88,18.88,18.75,18.83,7483.79,14074.17
002791.SZ,2017-12-12,18.93,18.93,18.63,18.63,5572.55,10458.58
002791.SZ,2017-12-13,18.64,18.84,18.64,18.81,4266.0,8002.39
002791.SZ,2017-12-14,18.8,18.83,18.53,18.7,5623.05,10495.86
002791.SZ,2017-12-15,18.89,18.89,18.5,18.62,4612.3,8623.36
002791.SZ,2017-12-18,18.62,18.8,18.4,18.5,6211.79,11525.44
002791.SZ,2017-12-19,18.5,18.75,18.46,18.67,6403.8,11945.81
002791.SZ,2017-12-20,18.67,18.68,18.2,18.3,7701.79,14169.29
002791.SZ,2017-12-21,18.38,18.42,18.07,18.23,6073.39,11071.27
002791.SZ,2017-12-22,18.23,18.42,18.12,18.28,5464.34,9985.73
002791.SZ,2017-12-25,18.27,18.35,18.07,18.3,6003.05,10927.29
002791.SZ,2017-12-26,18.36,19.07,18.19,19.05,16700.74,31392.65
002791.SZ,2017-12-27,19.05,19.06,18.82,18.92,8539.34,16165.84
002791.SZ,2017-12-28,18.91,19.35,18.8,19.14,9648.75,18474.37
002791.SZ,2017-12-29,19.1,19.96,19.06,19.77,18241.73,35908.67
002791.SZ,2018-01-02,19.77,20.05,19.56,19.8,11300.51,22370.97
002791.SZ,2018-01-03,19.72,19.89,19.57,19.75,8690.56,17116.91
002791.SZ,2018-01-04,19.69,19.73,19.0,19.13,19831.89,38173.26
002791.SZ,2018-01-05,19.13,19.36,19.0,19.2,14257.5,27269.01
002791.SZ,2018-01-08,19.25,19.25,18.91,19.07,10863.09,20663.31
002791.SZ,2018-01-09,19.07,19.14,18.91,19.08,9294.74,17727.94
002791.SZ,2018-01-10,19.15,19.42,19.0,19.42,17085.44,32867.86
002791.SZ,2018-01-11,19.42,19.6,19.26,19.4,8794.81,17057.22
002791.SZ,2018-01-12,19.46,19.63,19.1,19.15,7925.51,15334.27
002791.SZ,2018-01-15,19.31,19.31,18.63,18.7,12773.46,24117.49
002791.SZ,2018-01-16,18.84,18.88,18.66,18.84,7471.19,14034.19
002791.SZ,2018-01-17,18.91,19.57,18.52,19.46,24027.38,46054.02
002791.SZ,2018-01-18,19.45,19.5,19.23,19.39,7328.84,14209.98
002791.SZ,2018-01-19,19.38,19.76,19.34,19.39,10908.24,21309.31
002791.SZ,2018-01-22,19.4,19.71,19.0,19.63,13003.31,25295.3
002791.SZ,2018-01-23,19.54,19.7,19.15,19.28,17444.15,33735.56
002791.SZ,2018-01-24,19.27,19.38,19.15,19.37,8036.6,15512.93
002791.SZ,2018-01-25,19.55,19.55,19.26,19.3,8235.0,15984.76
002791.SZ,2018-01-26,19.3,19.36,19.03,19.11,9270.91,17751.5
002791.SZ,2018-01-29,19.16,19.16,18.75,18.8,8209.0,15506.82
002791.SZ,2018-01-30,18.63,18.94,18.63,18.85,5079.5,9539.86
002791.SZ,2018-01-31,18.85,18.89,18.28,18.35,7260.35,13429.1
002791.SZ,2018-02-01,18.62,18.62,17.15,17.39,13104.67,23277.21
002791.SZ,2018-02-02,17.38,17.55,16.87,17.22,6501.0,11234.1
002791.SZ,2018-02-05,17.0,17.3,16.94,17.17,5046.0,8637.45
002791.SZ,2018-02-06,16.98,16.98,15.45,15.45,10593.32,17377.61
002791.SZ,2018-02-07,15.85,16.25,15.0,15.75,10371.5,16260.55
002791.SZ,2018-02-08,15.9,16.08,15.5,15.87,6625.0,10536.92
002791.SZ,2018-02-09,15.46,15.64,15.27,15.43,11160.84,17193.92
002791.SZ,2018-02-12,15.48,15.95,15.48,15.79,6558.01,10333.83
002791.SZ,2018-02-13,16.1,16.1,15.69,15.84,5967.4,9467.1
002791.SZ,2018-02-14,16.26,16.26,15.76,15.9,5706.36,9056.32
002791.SZ,2018-02-22,16.05,16.17,16.0,16.09,3430.5,5517.3
002791.SZ,2018-02-23,16.13,16.15,15.98,16.05,4249.5,6823.76
002791.SZ,2018-02-26,16.23,16.58,16.08,16.42,7989.51,13067.24
002791.SZ,2018-02-27,16.43,16.73,16.33,16.71,10699.21,17703.25
002791.SZ,2018-02-28,16.47,17.52,16.3,17.31,20161.96,34250.69
002791.SZ,2018-03-01,16.5,17.12,16.5,16.98,14150.66,23913.78
002791.SZ,2018-03-02,16.74,16.99,16.61,16.73,7357.07,12373.82
002791.SZ,2018-03-05,16.59,16.8,16.59,16.73,4730.67,7902.67
002791.SZ,2018-03-06,16.65,16.97,16.65,16.84,6048.0,10186.06
002791.SZ,2018-03-07,16.8,16.89,16.6,16.61,5560.0,9299.79
002791.SZ,2018-03-08,16.52,16.94,16.45,16.9,7036.58,11809.11
002791.SZ,2018-03-09,16.88,17.21,16.76,17.13,10216.5,17421.72
002791.SZ,2018-03-12,17.25,17.33,17.12,17.25,10186.36,17520.6
002791.SZ,2018-03-13,17.25,17.48,17.09,17.44,14818.99,25681.46
002791.SZ,2018-03-14,17.4,18.35,17.24,18.13,31067.5,55725.09
002791.SZ,2018-03-15,17.8,17.92,17.27,17.42,18559.5,32667.97
002791.SZ,2018-03-16,17.42,17.77,17.17,17.21,9722.5,16947.53
002791.SZ,2018-03-19,17.21,18.86,16.89,17.76,16645.0,29450.14
002791.SZ,2018-03-20,17.72,17.88,17.38,17.68,10068.5,17805.79
002791.SZ,2018-03-21,17.72,17.83,17.45,17.56,7781.5,13710.0
002791.SZ,2018-03-22,17.6,17.65,17.37,17.4,4992.0,8754.25
002791.SZ,2018-03-23,16.89,16.9,16.0,16.57,17310.07,28710.44
002791.SZ,2018-03-26,16.15,16.88,16.13,16.66,7308.0,12038.91
002791.SZ,2018-03-27,16.87,17.1,16.72,16.89,6084.98,10304.51
002791.SZ,2018-03-28,16.81,16.98,16.6,16.66,6819.42,11458.5
002791.SZ,2018-03-29,16.7,17.17,16.7,16.98,4933.0,8365.63
002791.SZ,2018-03-30,17.08,17.43,16.94,17.41,9189.19,15888.17
002791.SZ,2018-04-02,17.2,17.23,16.98,16.99,13099.0,22364.12
002791.SZ,2018-04-03,16.76,16.76,16.38,16.53,9683.0,16016.78
002791.SZ,2018-04-04,16.5,16.78,16.4,16.44,6735.5,11216.0
002791.SZ,2018-04-09,16.4,16.64,16.4,16.48,5264.5,8685.19
002791.SZ,2018-04-10,16.48,16.55,16.25,16.32,8001.5,13064.59
002791.SZ,2018-04-11,16.35,16.59,16.3,16.46,7424.21,12234.05
002791.SZ,2018-04-12,16.4,16.8,16.4,16.6,9524.73,15836.69
002791.SZ,2018-04-13,16.69,17.37,16.5,16.8,18854.46,31889.19
002791.SZ,2018-04-16,16.6,16.74,16.2,16.4,10878.49,17822.71
002791.SZ,2018-04-17,16.54,16.58,15.82,15.9,8126.09,13141.9
002791.SZ,2018-04-18,15.96,16.24,14.31,15.8,8084.55,12674.25
002791.SZ,2018-04-19,15.8,15.94,15.7,15.78,4431.0,7017.02
002791.SZ,2018-04-20,15.93,15.93,15.22,15.32,5457.5,8454.36
002791.SZ,2018-04-23,15.3,15.31,15.02,15.08,5981.5,9048.56
002791.SZ,2018-04-24,15.13,15.47,15.1,15.28,5380.8,8238.34
002791.SZ,2018-04-25,15.24,15.7,15.2,15.55,5696.5,8823.17
002791.SZ,2018-04-26,15.59,15.59,15.07,15.09,5839.77,8944.25
002791.SZ,2018-04-27,14.98,14.98,14.39,14.54,12761.44,18566.52
002791.SZ,2018-05-02,14.54,14.65,14.3,14.34,5458.2,7880.68
002791.SZ,2018-05-03,14.38,14.45,14.0,14.42,6804.15,9680.2
002791.SZ,2018-05-04,14.48,14.83,14.39,14.6,5852.65,8585.16
002791.SZ,2018-05-07,14.64,14.82,14.6,14.72,5799.76,8541.82
002791.SZ,2018-05-08,14.77,14.88,14.64,14.8,8587.32,12666.04
002791.SZ,2018-05-09,14.92,14.98,14.73,14.91,6855.0,10192.78
002791.SZ,2018-05-10,15.07,15.79,14.94,15.27,12327.53,18893.28
002791.SZ,2018-05-11,15.29,15.4,14.95,15.38,10936.36,16514.7
002791.SZ,2018-05-14,15.38,15.38,14.9,15.08,8326.5,12545.32
002791.SZ,2018-05-15,15.06,15.64,15.01,15.25,8378.5,12723.3
002791.SZ,2018-05-16,15.24,15.4,15.06,15.18,5084.0,7715.03
002791.SZ,2018-05-17,15.07,15.28,14.83,14.84,6012.0,8985.39
002791.SZ,2018-05-18,14.84,15.11,14.78,15.09,7187.43,10733.6
002791.SZ,2018-05-21,15.1,15.35,15.1,15.19,8938.0,13591.01
002791.SZ,2018-05-22,15.35,15.35,15.07,15.12,5759.0,8724.7
002791.SZ,2018-05-23,15.18,15.25,14.91,15.17,7808.36,11755.61
002791.SZ,2018-05-24,15.28,15.28,15.03,15.15,5069.01,7673.76
002791.SZ,2018-05-25,15.14,15.85,15.11,15.23,9664.81,14752.06
002791.SZ,2018-05-28,15.23,15.39,15.01,15.12,6551.36,9933.02
002791.SZ,2018-05-29,15.1,15.17,14.82,15.06,5959.0,8937.33
002791.SZ,2018-05-30,14.99,14.99,14.18,14.2,6009.5,8755.75
002791.SZ,2018-05-31,14.48,14.5,14.23,14.35,5296.0,7619.23
002791.SZ,2018-06-01,14.42,14.48,14.26,14.3,3544.0,5085.78
002791.SZ,2018-06-04,14.45,14.45,14.09,14.35,3516.51,5030.78
002791.SZ,2018-06-05,14.65,14.65,14.3,14.55,5258.0,7587.17
002791.SZ,2018-06-06,14.55,14.57,14.41,14.44,3802.5,5498.48
002791.SZ,2018-06-07,14.52,14.52,14.36,14.43,3610.61,5211.32
002791.SZ,2018-06-08,14.47,14.47,14.01,14.07,5165.93,7288.07
002791.SZ,2018-06-11,13.86,14.17,13.86,13.89,3103.0,4331.77
002791.SZ,2018-06-12,13.89,14.14,13.89,14.05,3573.6,5004.73
002791.SZ,2018-06-13,14.23,14.23,13.81,13.85,3456.5,4826.8
002791.SZ,2018-06-14,13.58,13.84,13.58,13.61,3555.67,4866.12
002791.SZ,2018-06-15,13.61,13.8,13.13,13.24,6981.42,9365.09
002791.SZ,2018-06-19,13.13,13.13,12.11,12.19,11049.7,13821.68
002791.SZ,2018-06-20,12.19,12.36,11.95,12.2,6690.5,8148.38
002791.SZ,2018-06-21,12.3,12.3,11.55,11.61,7877.0,9360.45
002791.SZ,2018-06-22,11.68,11.98,11.46,11.79,5238.5,6141.71
002791.SZ,2018-06-25,11.99,12.08,11.7,11.8,4706.5,5585.92
002791.SZ,2018-06-26,11.69,11.98,11.3,11.92,7641.7,8904.1
002791.SZ,2018-06-27,11.95,12.44,11.75,12.29,15513.32,18825.65
002791.SZ,2018-06-28,12.09,12.35,12.03,12.05,10310.9,12555.13
002791.SZ,2018-06-29,12.05,12.25,11.93,12.19,7089.0,8608.63
002791.SZ,2018-07-02,12.21,12.35,11.86,12.08,6413.5,7749.14
002791.SZ,2018-07-03,12.08,12.28,11.97,12.25,6009.0,7283.64
002791.SZ,2018-07-04,12.39,12.39,11.81,11.86,3891.0,4696.16
002791.SZ,2018-07-05,11.96,11.96,11.3,11.33,7351.0,8477.43
002791.SZ,2018-07-06,11.31,11.69,11.04,11.3,8082.61,9176.87
002791.SZ,2018-07-09,11.22,11.57,11.22,11.43,8280.0,9414.69
002791.SZ,2018-07-10,11.45,11.78,11.38,11.72,7576.5,8739.81
002791.SZ,2018-07-11,12.21,12.21,11.5,11.53,22346.5,26410.1
002791.SZ,2018-07-12,11.48,11.79,11.35,11.71,12681.0,14753.13
002791.SZ,2018-07-13,11.75,11.85,11.64,11.73,6692.5,7846.57
002791.SZ,2018-07-16,11.77,11.83,11.61,11.72,5391.17,6316.24
002791.SZ,2018-07-17,11.8,11.8,11.53,11.65,5076.49,5898.87
002791.SZ,2018-07-18,11.74,11.76,11.6,11.64,4321.5,5041.45
002791.SZ,2018-07-19,11.64,11.68,11.31,11.4,6155.17,7032.5
002791.SZ,2018-07-20,11.45,12.54,11.2,11.79,15833.21,18817.28
002791.SZ,2018-07-23,11.85,11.85,11.68,11.81,7328.21,8615.26
002791.SZ,2018-07-24,11.83,12.08,11.7,12.03,13488.9,16109.26
002791.SZ,2018-07-25,12.1,12.36,11.91,12.17,13786.11,16685.26
002791.SZ,2018-07-26,12.16,12.34,12.04,12.33,13131.5,15999.04
002791.SZ,2018-07-27,12.95,13.55,12.38,12.38,28250.15,36345.11
002791.SZ,2018-07-30,11.8,12.8,11.8,11.87,13454.5,16096.03
002791.SZ,2018-07-31,11.97,11.98,11.8,11.8,6213.39,7369.44
002791.SZ,2018-08-01,11.9,11.9,11.45,11.86,8708.0,10179.64
002791.SZ,2018-08-02,11.7,11.72,11.12,11.51,9251.5,10553.77
002791.SZ,2018-08-03,11.45,11.67,11.3,11.33,4722.0,5398.36
002791.SZ,2018-08-06,11.39,11.46,11.15,11.3,5873.5,6618.83
002791.SZ,2018-08-07,11.35,11.56,11.3,11.53,5998.0,6865.61
002791.SZ,2018-08-08,11.57,11.57,11.3,11.35,3624.5,4151.03
002791.SZ,2018-08-09,11.39,11.69,11.26,11.5,8134.0,9396.0
002791.SZ,2018-08-10,11.61,11.7,11.48,11.58,3678.5,4253.09
002791.SZ,2018-08-13,11.49,11.58,11.32,11.54,4027.5,4615.56
002791.SZ,2018-08-14,11.6,11.6,11.46,11.5,2525.5,2912.87
002791.SZ,2018-08-15,11.5,11.55,11.24,11.28,4857.65,5510.95
002791.SZ,2018-08-16,11.21,11.38,11.13,11.19,3707.5,4170.09
002791.SZ,2018-08-17,11.34,11.34,11.05,11.14,3020.0,3373.19
002791.SZ,2018-08-20,11.1,11.27,10.94,11.12,5213.64,5761.29
002791.SZ,2018-08-21,11.25,11.25,11.0,11.18,3852.01,4284.64
002791.SZ,2018-08-22,11.2,11.23,11.01,11.03,2239.5,2487.88
002791.SZ,2018-08-23,11.16,11.16,11.0,11.05,3144.5,3477.34
002791.SZ,2018-08-24,11.05,11.09,10.9,11.06,3018.0,3318.01
002791.SZ,2018-08-27,11.09,11.19,11.06,11.16,4556.5,5076.82
002791.SZ,2018-08-28,11.16,11.27,11.11,11.15,3223.65,3597.9
002791.SZ,2018-08-29,11.05,11.21,11.05,11.1,4498.5,4993.14
002791.SZ,2018-08-30,11.12,11.12,10.9,10.96,4237.5,4645.63
002791.SZ,2018-08-31,10.98,11.0,10.62,10.69,3047.0,3308.94
002791.SZ,2018-09-03,10.69,10.69,10.27,10.37,6521.5,6772.2
002791.SZ,2018-09-04,10.31,10.55,10.28,10.54,4149.21,4323.73
002791.SZ,2018-09-05,10.5,10.56,10.3,10.35,4313.2,4497.24
002791.SZ,2018-09-06,10.38,11.39,10.22,11.39,24991.68,27851.63
002791.SZ,2018-09-07,12.19,12.37,11.42,11.58,56112.8,66554.53
002791.SZ,2018-09-10,11.05,11.64,10.83,10.83,32475.06,35746.51
002791.SZ,2018-09-11,10.86,10.9,10.56,10.72,12606.38,13551.07
002791.SZ,2018-09-12,10.75,10.84,10.65,10.67,9491.59,10167.41
002791.SZ,2018-09-13,10.75,10.82,10.63,10.72,7530.88,8074.07
002791.SZ,2018-09-14,10.72,10.78,10.51,10.51,6615.5,7056.14
002791.SZ,2018-09-17,10.55,10.65,10.43,10.45,4654.0,4885.4
002791.SZ,2018-09-18,10.42,10.72,10.34,10.66,7781.0,8207.2
002791.SZ,2018-09-19,10.69,10.75,10.58,10.73,7275.0,7778.13
002791.SZ,2018-09-20,10.79,10.79,10.63,10.64,4803.0,5134.51
002791.SZ,2018-09-21,10.6,10.78,10.55,10.75,6360.0,6787.79
002791.SZ,2018-09-25,10.67,11.09,10.66,10.82,9740.88,10590.18
002791.SZ,2018-09-26,10.79,10.91,10.75,10.76,6905.84,7477.94
002791.SZ,2018-09-27,10.72,10.8,10.42,10.44,7818.5,8258.05
002791.SZ,2018-09-28,10.42,10.59,10.36,10.5,4834.5,5063.48
002791.SZ,2018-10-08,10.44,10.49,10.02,10.05,4168.58,4260.72
002791.SZ,2018-10-09,10.16,10.38,10.05,10.26,5824.5,5933.99
002791.SZ,2018-10-10,10.3,10.41,10.03,10.26,3383.5,3464.94
002791.SZ,2018-10-11,9.88,10.08,9.23,9.33,10916.89,10448.66
002791.SZ,2018-10-12,9.21,9.36,8.92,9.22,6503.2,5950.7
002791.SZ,2018-10-15,8.6,9.41,8.6,9.04,7142.0,6460.61
002791.SZ,2018-10-16,9.01,9.17,8.73,8.82,4060.0,3630.9
002791.SZ,2018-10-17,9.0,9.03,8.78,8.88,3759.0,3343.32
002791.SZ,2018-10-18,8.81,9.25,8.56,9.03,9567.5,8539.11
002791.SZ,2018-10-19,9.4,9.4,8.9,9.12,10961.0,9967.31
002791.SZ,2018-10-22,9.18,10.03,9.04,10.03,29806.67,28863.07
002791.SZ,2018-10-23,9.97,11.03,9.73,10.66,62407.14,65621.7
002791.SZ,2018-10-24,10.8,10.8,10.08,10.1,42409.53,43578.02
002791.SZ,2018-10-25,9.79,9.93,9.5,9.66,25823.0,24943.07
002791.SZ,2018-10-26,9.87,9.87,9.6,9.65,12800.6,12401.88
002791.SZ,2018-10-29,9.53,9.72,9.31,9.4,7365.5,7007.69
002791.SZ,2018-10-30,9.44,9.65,9.34,9.58,10301.61,9834.28
002791.SZ,2018-10-31,9.58,9.98,9.58,9.89,17551.71,17140.94
002791.SZ,2018-11-01,9.82,10.04,9.77,9.83,14240.71,14092.64
002791.SZ,2018-11-02,9.95,10.08,9.83,9.97,13135.61,13064.06
002791.SZ,2018-11-05,10.0,10.15,9.91,10.03,10545.64,10544.12
002791.SZ,2018-11-06,10.01,10.18,9.74,9.9,8171.64,8110.33
002791.SZ,2018-11-07,9.99,9.99,9.85,9.92,6393.5,6343.23
002791.SZ,2018-11-08,9.92,10.16,9.92,9.95,12117.0,12178.21
002791.SZ,2018-11-09,9.86,10.0,9.86,9.87,5683.5,5638.76
002791.SZ,2018-11-12,10.0,10.26,9.82,10.14,11884.28,11989.84
002791.SZ,2018-11-13,10.08,10.37,10.0,10.3,14667.0,15037.5
002791.SZ,2018-11-14,10.3,10.45,10.22,10.28,13498.39,13924.72
002791.SZ,2018-11-15,10.34,10.59,10.21,10.58,19467.33,20348.91
002791.SZ,2018-11-16,10.68,11.18,10.51,10.93,24343.11,26338.85
002791.SZ,2018-11-19,10.86,10.93,10.57,10.72,16471.11,17595.9
002791.SZ,2018-11-20,10.7,10.7,10.39,10.41,9910.5,10467.96
002791.SZ,2018-11-21,10.36,10.6,10.28,10.53,8880.0,9269.2
002791.SZ,2018-11-22,10.48,10.71,10.48,10.7,11324.5,12031.59
002791.SZ,2018-11-23,10.7,10.7,10.09,10.2,8298.5,8641.98
002791.SZ,2018-11-26,10.1,10.38,10.02,10.17,5112.0,5225.61
002791.SZ,2018-11-27,10.37,10.37,10.22,10.32,4044.0,4159.28
002791.SZ,2018-11-28,10.31,10.65,10.19,10.55,7522.5,7841.86
002791.SZ,2018-11-29,10.64,10.76,10.34,10.4,15626.5,16573.75
002791.SZ,2018-11-30,10.4,10.45,10.07,10.21,9725.5,9943.49
002791.SZ,2018-12-03,10.41,10.7,10.34,10.54,8624.0,9069.95
002791.SZ,2018-12-04,10.68,10.89,10.56,10.84,15091.29,16171.74
002791.SZ,2018-12-05,10.6,10.78,10.55,10.7,11766.5,12535.07
002791.SZ,2018-12-06,10.88,10.88,10.58,10.65,10807.5,11515.58
002791.SZ,2018-12-07,10.58,10.74,10.57,10.7,7409.5,7908.24
002791.SZ,2018-12-10,10.68,10.72,10.4,10.5,7311.5,7711.65
002791.SZ,2018-12-11,10.53,10.74,10.53,10.66,5844.5,6213.63
002791.SZ,2018-12-12,10.74,10.75,10.65,10.69,5324.0,5695.86
002791.SZ,2018-12-13,10.75,11.46,10.66,11.07,25946.76,28621.43
002791.SZ,2018-12-14,11.07,11.07,10.7,10.8,15814.67,17105.13
002791.SZ,2018-12-17,10.59,10.67,10.31,10.49,12461.0,13045.55
002791.SZ,2018-12-18,10.31,10.49,10.15,10.24,8984.22,9258.94
002791.SZ,2018-12-19,10.32,10.32,10.18,10.23,4573.26,4683.89
002791.SZ,2018-12-20,10.2,10.55,10.08,10.33,8517.23,8742.83
002791.SZ,2018-12-21,10.26,10.32,10.06,10.28,5586.53,5684.7
002791.SZ,2018-12-24,10.3,10.38,10.0,10.28,6284.85,6405.02
002791.SZ,2018-12-25,10.15,10.28,9.81,10.1,11774.09,11727.92
002791.SZ,2018-12-26,10.17,10.17,10.0,10.0,4608.91,4629.5
002791.SZ,2018-12-27,10.26,10.26,9.8,9.8,6031.09,6067.49
002791.SZ,2018-12-28,9.78,10.08,9.78,9.86,5944.73,5893.21
002791.SZ,2019-01-02,9.95,10.03,9.51,9.88,4052.5,3991.81
002791.SZ,2019-01-03,9.85,10.1,9.76,9.82,4631.5,4590.11
002791.SZ,2019-01-04,9.79,10.8,9.78,10.45,22573.0,23573.85
002791.SZ,2019-01-07,10.32,10.8,10.26,10.54,25567.26,27026.59
002791.SZ,2019-01-08,10.43,10.6,10.31,10.33,12994.26,13542.76
002791.SZ,2019-01-09,10.42,10.59,10.36,10.41,10118.45,10581.21
002791.SZ,2019-01-10,10.38,10.49,10.38,10.45,7386.14,7720.54
002791.SZ,2019-01-11,10.48,10.67,10.4,10.58,9598.58,10116.63
002791.SZ,2019-01-14,10.68,10.87,10.42,10.53,6522.14,6860.96
002791.SZ,2019-01-15,10.51,10.62,10.45,10.61,7826.02,8264.78
002791.SZ,2019-01-16,10.65,11.15,10.5,11.02,28505.89,30933.43
002791.SZ,2019-01-17,10.89,11.28,10.84,11.12,24479.67,27061.04
002791.SZ,2019-01-18,11.11,11.11,10.7,11.02,20310.0,22154.64
002791.SZ,2019-01-21,11.01,11.37,10.81,11.22,40868.03,45204.19
002791.SZ,2019-01-22,11.22,11.32,10.86,10.94,23546.35,25916.14
002791.SZ,2019-01-23,11.2,11.2,10.66,10.87,22179.42,23992.98
002791.SZ,2019-01-24,10.79,10.95,10.68,10.9,11578.11,12548.55
002791.SZ,2019-01-25,10.94,10.99,10.77,10.77,9273.11,10108.75
002791.SZ,2019-01-28,10.97,10.97,10.71,10.8,5984.0,6473.31
002791.SZ,2019-01-29,10.88,10.88,10.47,10.8,9528.78,10171.83
002791.SZ,2019-01-30,10.87,10.88,10.51,10.55,7780.5,8297.25
002791.SZ,2019-01-31,10.5,10.75,10.34,10.34,9150.5,9644.57
002791.SZ,2019-02-01,10.54,10.98,10.45,10.86,11037.11,11858.73
002791.SZ,2019-02-11,11.11,11.11,10.76,11.05,11204.0,12288.34
002791.SZ,2019-02-12,11.05,11.2,10.86,11.18,15447.42,17030.46
002791.SZ,2019-02-13,11.18,11.27,11.0,11.24,20083.2,22394.08
002791.SZ,2019-02-14,11.2,11.33,11.05,11.33,21627.58,24221.2
002791.SZ,2019-02-15,11.33,11.33,11.16,11.2,13463.5,15108.29
002791.SZ,2019-02-18,11.23,11.94,11.19,11.61,30356.63,34776.21
002791.SZ,2019-02-19,11.65,11.77,11.45,11.74,31796.11,37027.23
002791.SZ,2019-02-20,11.69,11.84,11.53,11.81,16553.76,19328.94
002791.SZ,2019-02-21,11.79,12.07,11.74,12.02,31827.16,37733.3
002791.SZ,2019-02-22,12.0,12.9,11.85,12.6,44455.47,55008.68
002791.SZ,2019-02-25,12.64,13.18,12.64,12.88,43558.83,56455.12
002791.SZ,2019-02-26,12.88,13.25,12.66,12.89,32805.6,42554.17
002791.SZ,2019-02-27,12.89,13.55,12.86,13.04,34350.61,45382.23
002791.SZ,2019-02-28,13.04,13.32,12.92,13.24,21113.0,27731.65
002791.SZ,2019-03-01,13.24,13.3,12.87,13.13,25445.5,33306.39
002791.SZ,2019-03-04,13.31,13.38,12.96,13.01,35986.11,47330.96
002791.SZ,2019-03-05,13.09,13.1,12.85,13.09,24869.0,32263.49
002791.SZ,2019-03-06,13.08,13.53,12.92,13.35,31342.5,41500.52
002791.SZ,2019-03-07,13.34,13.46,13.03,13.37,25860.02,34255.69
002791.SZ,2019-03-08,13.17,13.21,12.53,12.55,23313.46,30278.22
002791.SZ,2019-03-11,12.45,13.55,12.45,13.47,25665.17,33869.6
002791.SZ,2019-03-12,13.55,13.75,13.25,13.5,32818.5,44231.33
002791.SZ,2019-03-13,13.5,13.54,12.76,12.85,26226.0,34345.5
002791.SZ,2019-03-14,12.78,13.05,12.7,12.9,22395.46,28812.97
002791.SZ,2019-03-15,12.97,13.0,12.79,12.92,13335.47,17158.1
002791.SZ,2019-03-18,13.02,13.14,12.68,13.0,17365.02,22391.17
002791.SZ,2019-03-19,13.11,13.22,13.01,13.02,13789.52,18067.46
002791.SZ,2019-03-20,13.02,13.12,12.76,12.9,13709.0,17745.87
002791.SZ,2019-03-21,12.98,13.14,12.76,13.08,13775.03,17986.64
002791.SZ,2019-03-22,13.09,13.16,12.85,13.16,11539.54,15017.56
002791.SZ,2019-03-25,12.92,13.47,12.81,13.29,21241.0,28073.06
002791.SZ,2019-03-26,13.22,13.7,13.0,13.0,32710.51,44044.1
002791.SZ,2019-03-27,12.94,13.52,12.94,13.47,24351.72,32370.09
002791.SZ,2019-03-28,13.4,14.21,13.4,13.9,43214.08,59951.71
002791.SZ,2019-03-29,13.85,14.68,13.73,14.27,46611.22,66551.18
002791.SZ,2019-04-01,14.62,15.7,14.26,15.3,71373.05,106677.98
002791.SZ,2019-04-02,15.33,15.67,15.0,15.01,31064.46,47230.22
002791.SZ,2019-04-03,15.13,15.3,14.86,15.08,18745.65,28206.99
002791.SZ,2019-04-04,15.1,15.71,15.07,15.54,34842.62,53789.67
002791.SZ,2019-04-08,15.72,15.72,14.65,15.06,27510.34,41803.66
002791.SZ,2019-04-09,15.09,15.22,14.85,14.95,12761.5,19092.05
002791.SZ,2019-04-10,15.01,15.01,14.58,14.62,19801.71,29131.32
002791.SZ,2019-04-11,14.67,15.03,14.51,14.75,15842.49,23464.47
002791.SZ,2019-04-12,14.79,14.95,14.52,14.54,10160.75,14906.74
002791.SZ,2019-04-15,14.61,14.89,14.29,14.29,9968.45,14544.23
002791.SZ,2019-04-16,14.28,14.78,14.22,14.66,11835.36,17185.26
002791.SZ,2019-04-17,14.66,14.98,14.59,14.95,12811.64,18981.88
002791.SZ,2019-04-18,14.95,14.95,14.55,14.73,9049.76,13351.7
002791.SZ,2019-04-19,14.51,15.35,14.43,15.21,22923.72,34058.99
002791.SZ,2019-04-22,15.22,15.6,15.07,15.19,23306.66,35816.29
002791.SZ,2019-04-23,15.15,16.36,15.1,16.18,46344.94,73141.34
002791.SZ,2019-04-24,16.31,17.63,16.0,17.47,51759.29,88387.35
002791.SZ,2019-04-25,17.46,17.46,16.38,16.63,33451.05,56728.1
002791.SZ,2019-04-26,16.63,16.66,15.84,15.95,21253.76,34191.47
002791.SZ,2019-04-29,16.14,16.61,15.41,15.52,22843.76,36635.53
002791.SZ,2019-04-30,16.08,16.18,15.52,15.87,21087.37,33600.22
002791.SZ,2019-05-06,15.55,16.64,15.24,15.52,30297.0,47820.75
002791.SZ,2019-05-07,15.51,16.5,15.31,16.08,25759.73,41057.32
002791.SZ,2019-05-08,16.07,16.25,15.63,16.1,26070.48,41689.04
002791.SZ,2019-05-09,15.78,16.28,15.7,15.96,16613.74,26632.75
002791.SZ,2019-05-10,16.0,17.43,16.0,17.11,35265.85,58717.84
002791.SZ,2019-05-13,17.02,18.25,16.91,17.84,44936.89,79477.55
002791.SZ,2019-05-14,17.3,18.45,17.15,17.55,28715.72,51499.73
002791.SZ,2019-05-15,17.73,17.89,17.32,17.59,13989.16,24615.29
002791.SZ,2019-05-16,17.59,17.78,17.17,17.28,15148.41,26259.29
002791.SZ,2019-05-17,17.55,17.59,16.67,16.71,16067.08,27474.28
002791.SZ,2019-05-20,16.66,16.8,15.8,16.6,19921.0,32478.57
002791.SZ,2019-05-21,16.59,17.57,16.5,17.55,20732.5,35680.77
002791.SZ,2019-05-22,17.55,17.71,16.93,17.09,14149.0,24373.78
002791.SZ,2019-05-23,16.9,17.34,16.36,17.1,12253.59,20701.67
002791.SZ,2019-05-24,17.1,17.32,16.0,16.89,23527.62,39095.23
002791.SZ,2019-05-27,16.43,17.16,16.3,16.93,14361.37,24207.21
002791.SZ,2019-05-28,16.93,17.28,16.74,16.8,9114.26,15486.73
002791.SZ,2019-05-29,16.99,16.99,16.53,16.88,5496.68,9221.45
002791.SZ,2019-05-30,16.88,17.1,16.56,17.03,9585.97,16200.64
002791.SZ,2019-05-31,17.08,17.76,16.93,17.67,22422.24,39309.8
002791.SZ,2019-06-03,17.77,17.92,17.01,17.06,15260.59,26467.69
002791.SZ,2019-06-04,17.11,17.18,15.36,15.42,34114.98,54869.58
002791.SZ,2019-06-05,15.57,16.18,15.11,15.6,20376.12,31835.68
002791.SZ,2019-06-06,15.63,15.69,14.17,14.44,25925.5,37887.85
002791.SZ,2019-06-10,14.99,14.99,14.07,14.28,16496.93,23799.66
002791.SZ,2019-06-11,14.29,15.15,14.25,15.14,14654.58,21784.59
002791.SZ,2019-06-12,15.14,15.25,14.6,14.62,12256.41,18118.91
002791.SZ,2019-06-13,14.52,15.7,14.39,15.41,21280.79,32254.19
002791.SZ,2019-06-14,15.44,15.55,14.91,15.08,11047.65,16788.33
002791.SZ,2019-06-17,15.01,15.14,14.61,14.68,9023.52,13306.0
002791.SZ,2019-06-18,14.9,14.96,14.4,14.62,6365.19,9313.19
002791.SZ,2019-06-19,15.11,15.8,14.76,15.08,14527.4,22093.39
002791.SZ,2019-06-20,15.08,15.4,14.73,15.26,12326.34,18727.44
002791.SZ,2019-06-21,15.37,15.69,15.37,15.45,8347.43,12973.42
002791.SZ,2019-06-24,15.6,16.17,15.6,15.86,10413.22,16580.01
002791.SZ,2019-06-25,15.86,16.09,15.49,15.73,8044.72,12589.61
002791.SZ,2019-06-26,15.6,15.89,15.55,15.69,4580.42,7222.46
002791.SZ,2019-06-27,15.5,16.08,15.41,15.74,10938.5,17201.44
002791.SZ,2019-06-28,15.54,15.93,15.54,15.83,9103.01,14378.5
002791.SZ,2019-07-01,16.16,16.45,16.0,16.44,11706.0,18993.09
002791.SZ,2019-07-02,16.46,17.27,16.46,17.18,27301.75,46557.34
002791.SZ,2019-07-03,18.9,18.9,17.91,18.21,75699.23,139899.41
002791.SZ,2019-07-04,18.18,18.9,17.67,17.9,44311.16,81344.65
002791.SZ,2019-07-05,17.76,17.96,17.41,17.49,25386.67,44668.81
002791.SZ,2019-07-08,17.46,18.2,17.01,17.38,24116.44,42417.93
002791.SZ,2019-07-09,17.08,17.96,17.08,17.61,17213.59,30228.97
002791.SZ,2019-07-10,17.7,17.7,17.11,17.34,14169.69,24631.07
002791.SZ,2019-07-11,17.58,17.59,16.89,16.93,12081.55,20743.83
002791.SZ,2019-07-12,17.09,17.5,16.87,17.11,14442.0,24877.19
002791.SZ,2019-07-15,17.11,17.46,16.61,17.35,12799.69,21940.58
002791.SZ,2019-07-16,17.43,17.58,17.2,17.4,15104.8,26379.36
002791.SZ,2019-07-17,17.5,17.51,17.1,17.19,8346.28,14401.08
002791.SZ,2019-07-18,17.01,17.15,16.51,16.7,11976.5,20155.38
002791.SZ,2019-07-19,16.68,17.0,16.67,17.0,10887.16,18343.98
002791.SZ,2019-07-22,16.9,17.11,16.41,16.94,12606.5,21092.3
002791.SZ,2019-07-23,16.62,17.1,16.62,16.99,6147.95,10417.75
002791.SZ,2019-07-24,16.99,17.29,16.87,17.15,7237.82,12396.47
002791.SZ,2019-07-25,17.0,17.28,16.81,17.17,7275.5,12453.88
002791.SZ,2019-07-26,17.06,17.71,16.93,17.67,12545.62,21912.4
002791.SZ,2019-07-29,17.36,17.81,17.36,17.46,9834.0,17205.94
002791.SZ,2019-07-30,17.51,17.52,17.3,17.32,7990.34,13887.12
002791.SZ,2019-07-31,17.33,17.52,17.21,17.24,4853.67,8408.69
002791.SZ,2019-08-01,17.35,17.39,16.81,16.86,11147.55,18900.18
002791.SZ,2019-08-02,16.72,17.15,16.58,16.85,6866.5,11605.83
002791.SZ,2019-08-05,16.69,16.97,16.54,16.64,8404.46,14101.35
002791.SZ,2019-08-06,16.31,16.47,15.26,16.43,15333.01,24476.09
002791.SZ,2019-08-07,16.33,16.88,15.94,16.09,8383.5,13602.54
002791.SZ,2019-08-08,16.33,16.33,16.01,16.03,3617.5,5840.87
002791.SZ,2019-08-09,16.19,16.65,16.0,16.06,6540.0,10636.64
002791.SZ,2019-08-12,16.28,16.3,15.9,16.27,5660.26,9122.52
002791.SZ,2019-08-13,16.4,16.4,15.83,16.02,4531.75,7266.46
002791.SZ,2019-08-14,16.33,16.33,15.91,16.05,6481.0,10401.32
002791.SZ,2019-08-15,15.77,16.1,15.68,15.78,7727.0,12240.24
002791.SZ,2019-08-16,15.89,16.04,15.69,15.77,7628.0,12074.28
002791.SZ,2019-08-19,15.79,16.05,15.69,15.92,12170.0,19291.61
002791.SZ,2019-08-20,15.99,15.99,15.61,15.61,9860.94,15493.03
002791.SZ,2019-08-21,15.63,16.33,15.43,16.32,16875.74,26892.88
002791.SZ,2019-08-22,16.31,16.44,16.02,16.41,16024.55,26052.2
002791.SZ,2019-08-23,16.47,16.55,16.2,16.42,10340.55,17015.84
002791.SZ,2019-08-26,15.98,16.26,15.9,16.06,8457.0,13543.29
002791.SZ,2019-08-27,16.12,16.69,16.12,16.63,11427.81,18784.17
002791.SZ,2019-08-28,17.83,17.88,16.73,16.76,24797.84,42397.85
002791.SZ,2019-08-29,17.0,18.1,16.8,17.75,36349.56,63772.27
002791.SZ,2019-08-30,17.9,17.99,17.3,17.33,23464.0,41261.47
002791.SZ,2019-09-02,17.33,19.06,17.33,18.72,44764.65,82938.01
002791.SZ,2019-09-03,18.88,18.95,18.3,18.66,19378.97,36022.86
002791.SZ,2019-09-04,18.38,18.96,18.35,18.68,18079.47,33671.62
002791.SZ,2019-09-05,18.98,20.12,18.97,19.5,35755.64,70319.97
002791.SZ,2019-09-06,19.6,19.98,19.54,19.71,25195.8,49801.4
002791.SZ,2019-09-09,20.59,20.66,19.81,20.6,30400.05,62005.31
002791.SZ,2019-09-10,20.61,20.98,20.06,20.37,22132.54,45218.33
002791.SZ,2019-09-11,20.22,20.58,20.08,20.57,18058.02,36734.96
002791.SZ,2019-09-12,20.2,20.55,19.51,20.11,22498.5,44740.78
002791.SZ,2019-09-16,20.36,20.36,19.84,20.13,11843.43,23873.18
002791.SZ,2019-09-17,20.16,20.68,19.82,19.9,16061.85,32405.28
002791.SZ,2019-09-18,19.81,21.2,19.81,20.92,27900.24,57963.51
002791.SZ,2019-09-19,21.0,21.12,20.23,21.05,19960.87,41164.18
002791.SZ,2019-09-20,20.78,21.05,20.55,20.93,11751.2,24383.76
002791.SZ,2019-09-23,20.93,20.93,20.11,20.18,15238.95,31005.87
002791.SZ,2019-09-24,20.32,21.3,20.23,20.97,24517.38,51375.38
002791.SZ,2019-09-25,20.69,20.92,20.42,20.76,11322.8,23356.86
002791.SZ,2019-09-26,20.6,20.98,20.05,20.29,8767.78,17931.99
002791.SZ,2019-09-27,20.37,20.87,20.05,20.68,8816.55,18223.31
002791.SZ,2019-09-30,20.6,21.19,20.4,20.6,7326.04,15152.04
002791.SZ,2019-10-08,20.6,20.97,19.82,20.61,13313.17,27110.43
002791.SZ,2019-10-09,21.18,22.6,21.18,22.55,55682.54,122753.24
002791.SZ,2019-10-10,22.55,24.18,22.18,23.5,45855.61,106184.86
002791.SZ,2019-10-11,23.3,24.26,23.3,23.52,26941.51,63616.71
002791.SZ,2019-10-14,23.8,24.19,22.99,23.17,27104.98,63684.55
002791.SZ,2019-10-15,23.58,23.59,22.71,23.01,20274.3,46965.25
002791.SZ,2019-10-16,23.25,25.31,23.25,25.31,57002.52,140098.12
002791.SZ,2019-10-17,24.67,25.49,24.3,25.05,39485.94,97916.99
002791.SZ,2019-10-18,24.8,25.0,23.9,24.61,27602.26,67261.27
002791.SZ,2019-10-21,24.38,24.38,23.0,23.77,27640.51,65246.96
002791.SZ,2019-10-22,23.06,24.18,23.06,24.15,19118.34,45530.76
002791.SZ,2019-10-23,24.16,24.55,23.05,23.05,26688.15,62816.94
002791.SZ,2019-10-24,23.48,25.0,23.48,24.89,41312.37,100783.7
002791.SZ,2019-10-25,24.64,25.37,23.88,24.29,39172.98,95828.16
002791.SZ,2019-10-28,24.9,25.47,23.6,24.6,45827.22,112462.05
002791.SZ,2019-10-29,24.29,25.3,23.8,25.0,33054.57,81407.66
002791.SZ,2019-10-30,24.6,27.25,24.57,27.05,59202.4,155940.14
002791.SZ,2019-10-31,26.89,27.47,26.19,26.84,31325.65,84204.74
002791.SZ,2019-11-01,26.84,29.52,26.6,29.52,59298.42,171076.02
002791.SZ,2019-11-04,29.84,31.86,29.51,30.39,50627.43,154681.85
002791.SZ,2019-11-05,30.67,31.1,29.88,30.22,34528.62,105092.27
002791.SZ,2019-11-06,30.22,32.49,30.18,31.3,41973.68,130778.77
002791.SZ,2019-11-07,30.05,30.65,29.96,30.08,35068.65,105733.77
002791.SZ,2019-11-08,30.23,31.57,30.23,30.51,36182.1,111579.02
002791.SZ,2019-11-11,30.28,30.75,28.95,29.49,48081.16,142956.1
002791.SZ,2019-11-12,29.38,29.68,28.06,29.0,36078.34,103729.18
002791.SZ,2019-11-13,29.06,29.45,28.4,29.25,20761.0,60151.51
002791.SZ,2019-11-14,29.3,29.55,28.5,29.18,34300.54,99447.33
002791.SZ,2019-11-15,29.06,29.56,27.5,28.43,40374.06,115325.14
002791.SZ,2019-11-18,28.34,29.34,28.08,28.95,27899.27,80069.2
002791.SZ,2019-11-19,29.34,31.6,29.12,30.81,48048.86,146747.89
002791.SZ,2019-11-20,30.83,31.15,29.06,29.3,39557.25,117798.52
002791.SZ,2019-11-21,29.0,29.68,28.11,29.33,23859.33,69008.04
002791.SZ,2019-11-22,28.8,29.38,28.1,28.2,23582.5,67598.28
002791.SZ,2019-11-25,28.2,28.87,27.6,28.21,23597.5,66724.76
002791.SZ,2019-11-26,28.13,28.64,27.81,28.29,13192.3,37205.33
002791.SZ,2019-11-27,28.3,28.5,27.18,27.64,24050.42,66660.73
002791.SZ,2019-11-28,28.08,29.47,27.91,28.76,34553.15,99590.82
002791.SZ,2019-11-29,28.38,28.5,27.22,27.75,25505.87,70763.25
002791.SZ,2019-12-02,28.3,28.69,27.5,27.78,28674.56,80659.74
002791.SZ,2019-12-03,27.95,27.95,26.58,27.32,28509.75,77239.99
002791.SZ,2019-12-04,27.37,28.22,26.8,27.26,22073.1,60397.43
002791.SZ,2019-12-05,26.68,28.65,26.68,27.99,34786.92,97176.17
002791.SZ,2019-12-06,27.99,28.49,27.99,28.08,14953.49,42160.72
002791.SZ,2019-12-09,28.1,29.67,28.1,29.15,32049.74,93047.51
002791.SZ,2019-12-10,29.05,29.14,28.3,28.94,21715.57,62330.13
002791.SZ,2019-12-11,28.6,30.0,28.6,29.87,32232.82,95596.62
002791.SZ,2019-12-12,29.66,30.35,29.2,29.92,23954.53,71439.89
002791.SZ,2019-12-13,30.04,31.12,29.5,29.95,24658.84,74365.45
002791.SZ,2019-12-16,30.36,30.38,29.07,29.8,26018.33,76727.04
002791.SZ,2019-12-17,29.6,30.15,29.26,29.58,23806.38,70536.41
002791.SZ,2019-12-18,29.6,29.84,29.0,29.03,20356.51,59482.36
002791.SZ,2019-12-19,29.03,29.25,28.68,28.84,12879.71,37116.38
002791.SZ,2019-12-20,28.84,29.04,28.09,28.29,15830.4,45114.64
002791.SZ,2019-12-23,28.1,28.78,27.83,28.12,16949.67,47872.62
002791.SZ,2019-12-24,28.45,28.45,27.85,28.14,14740.82,41487.47
002791.SZ,2019-12-25,28.18,28.58,27.4,28.43,22452.26,63014.18
002791.SZ,2019-12-26,28.43,29.57,28.2,29.38,28276.15,82286.88
002791.SZ,2019-12-27,29.33,29.4,28.88,29.09,16503.89,47950.65
002791.SZ,2019-12-30,29.01,30.8,28.94,30.31,35862.39,108359.77
002791.SZ,2019-12-31,30.26,30.57,29.58,30.49,23012.79,69275.15
002791.SZ,2020-01-02,30.52,33.54,30.52,33.54,46180.18,149862.25
002791.SZ,2020-01-03,33.53,35.42,32.33,33.76,46987.43,157130.63
002791.SZ,2020-01-06,33.75,36.28,32.73,35.3,42035.94,146261.58
002791.SZ,2020-01-07,35.3,37.32,34.68,37.19,33252.81,120464.66
002791.SZ,2020-01-08,36.49,36.81,34.7,35.45,24448.2,87604.43
002791.SZ,2020-01-09,35.65,38.3,35.5,36.35,39001.56,144337.87
002791.SZ,2020-01-10,37.09,37.37,35.51,36.64,21017.63,76609.05
002791.SZ,2020-01-13,36.33,38.33,36.33,37.61,32851.94,123038.94
002791.SZ,2020-01-14,37.98,39.13,37.4,37.76,18912.6,72010.39
002791.SZ,2020-01-15,37.76,39.96,37.35,39.3,31735.42,122946.7
002791.SZ,2020-01-16,39.0,39.5,37.7,39.5,21129.5,81551.41
002791.SZ,2020-01-17,39.3,39.69,38.66,39.42,13873.6,54354.3
002791.SZ,2020-01-20,39.28,39.28,37.57,37.93,28131.73,107119.84
002791.SZ,2020-01-21,37.93,39.26,37.75,38.43,19756.56,76413.34
002791.SZ,2020-01-22,38.43,39.1,37.68,38.64,16937.34,65124.89
002791.SZ,2020-01-23,42.5,42.5,39.99,41.85,61255.56,258322.74
002791.SZ,2020-02-03,37.67,42.83,37.67,39.88,41429.43,163395.0
002791.SZ,2020-02-04,39.86,42.22,39.76,41.1,34500.1,139688.69
002791.SZ,2020-02-05,41.02,41.38,39.86,40.3,26074.05,105469.02
002791.SZ,2020-02-06,40.3,40.8,38.38,40.38,30947.8,121757.9
002791.SZ,2020-02-07,39.85,39.85,38.83,39.2,19047.21,74534.62
002791.SZ,2020-02-10,39.07,43.12,38.83,42.59,35893.1,147087.38
002791.SZ,2020-02-11,42.0,46.85,41.0,46.85,48490.12,217830.66
002791.SZ,2020-02-12,46.86,47.6,45.23,47.28,30588.36,142180.13
002791.SZ,2020-02-13,47.29,48.98,45.75,48.7,22476.62,105730.24
002791.SZ,2020-02-14,47.99,52.0,47.1,50.34,28282.67,139289.73
002791.SZ,2020-02-17,50.01,52.5,49.54,50.15,18931.19,95719.74
002791.SZ,2020-02-18,49.72,50.55,48.9,48.9,25948.98,129010.24
002791.SZ,2020-02-19,48.76,51.0,47.53,49.4,20391.73,100449.22
002791.SZ,2020-02-20,49.0,54.28,48.03,53.34,32997.87,167673.33
002791.SZ,2020-02-21,52.12,56.97,52.03,54.14,23797.63,129476.27
002791.SZ,2020-02-24,54.0,55.39,52.56,54.4,22274.1,120342.17
002791.SZ,2020-02-25,53.97,55.6,52.82,55.47,18623.42,101238.03
002791.SZ,2020-02-26,54.56,57.9,54.51,56.7,22327.65,125506.76
002791.SZ,2020-02-27,56.91,61.2,56.91,61.2,33414.17,198640.74
002791.SZ,2020-02-28,56.0,60.0,55.08,55.08,37010.43,211896.2
002791.SZ,2020-03-02,51.85,57.0,51.85,56.06,31188.26,172981.6
002791.SZ,2020-03-03,56.46,60.15,54.55,59.69,36844.4,214903.83
002791.SZ,2020-03-04,59.0,59.67,53.8,57.98,36254.29,205230.23
002791.SZ,2020-03-05,57.92,57.92,54.1,54.28,30771.36,169835.0
002791.SZ,2020-03-06,53.75,55.5,52.69,53.77,26036.55,140968.79
002791.SZ,2020-03-09,53.5,53.5,49.0,49.5,32914.86,166961.97
002791.SZ,2020-03-10,48.8,51.36,48.23,51.18,27735.26,138620.86
002791.SZ,2020-03-11,51.49,52.98,50.52,52.04,26277.47,136734.72
002791.SZ,2020-03-12,52.27,52.27,48.43,50.8,18863.42,95109.74
002791.SZ,2020-03-13,48.01,51.92,48.0,50.61,18637.99,93547.3
002791.SZ,2020-03-16,50.79,52.78,48.48,49.0,20395.23,103460.92
002791.SZ,2020-03-17,49.3,50.18,46.13,48.9,20546.69,98282.06
002791.SZ,2020-03-18,49.72,51.8,49.06,50.05,19559.51,98356.74
002791.SZ,2020-03-19,49.95,50.47,45.38,48.1,31908.7,150640.45
002791.SZ,2020-03-20,48.85,50.6,48.35,50.08,23319.63,115551.36
002791.SZ,2020-03-23,49.11,50.78,46.55,46.81,24626.6,119023.29
002791.SZ,2020-03-24,48.0,48.57,46.8,48.13,16928.6,80964.38
002791.SZ,2020-03-25,49.13,51.2,49.13,50.13,20586.38,103670.82
002791.SZ,2020-03-26,50.14,52.73,48.04,51.34,32571.0,167531.45
002791.SZ,2020-03-27,51.39,55.07,50.53,53.91,30935.74,165130.01
002791.SZ,2020-03-30,53.93,59.17,52.24,56.25,37022.42,207170.61
002791.SZ,2020-03-31,56.88,57.78,53.82,54.78,26402.05,145640.5
002791.SZ,2020-04-01,54.0,56.2,53.13,55.0,16673.98,91371.67
002791.SZ,2020-04-02,54.39,56.2,54.0,55.71,12566.07,69734.04
002791.SZ,2020-04-03,55.65,56.78,54.36,55.45,12975.5,71893.85
002791.SZ,2020-04-07,55.85,58.01,55.73,57.2,11531.0,65874.99
002791.SZ,2020-04-08,57.58,57.58,55.56,55.8,10860.37,60995.11
002791.SZ,2020-04-09,55.77,56.76,55.46,55.63,7720.5,43184.84
002791.SZ,2020-04-10,55.9,56.19,53.5,54.93,10943.03,59952.66
002791.SZ,2020-04-13,54.19,57.86,53.61,57.38,17306.35,97678.8
002791.SZ,2020-04-14,57.3,58.89,56.68,58.48,11506.63,66693.73
002791.SZ,2020-04-15,58.51,58.81,57.17,58.16,10051.97,58323.15
002791.SZ,2020-04-16,57.1,58.53,56.52,58.53,9914.84,57172.0
002791.SZ,2020-04-17,58.39,59.95,56.99,57.38,13196.6,76790.05
002791.SZ,2020-04-20,56.69,58.55,56.69,58.28,11651.1,67505.95
002791.SZ,2020-04-21,58.26,62.0,57.4,61.84,24411.14,147244.72
002791.SZ,2020-04-22,61.83,65.86,59.83,64.69,19873.3,124240.26
002791.SZ,2020-04-23,64.9,66.93,63.0,64.12,13846.53,89552.69
002791.SZ,2020-04-24,64.52,64.7,61.2,62.04,12957.0,81217.12
002791.SZ,2020-04-27,62.07,65.0,61.46,63.85,11568.0,73026.33
002791.SZ,2020-04-28,63.85,67.33,62.61,66.89,16245.75,105765.48
002791.SZ,2020-04-29,65.8,70.5,63.6,66.47,25060.96,169491.11
002791.SZ,2020-04-30,67.01,69.98,66.34,68.52,19414.5,133250.88
002791.SZ,2020-05-06,68.21,74.98,68.08,74.98,18158.41,129025.97
002791.SZ,2020-05-07,73.96,74.8,71.0,73.96,18323.91,132626.42
002791.SZ,2020-05-08,72.52,76.13,72.38,75.22,14900.91,110379.04
002791.SZ,2020-05-11,75.83,76.9,73.0,73.13,17089.43,127378.36
002791.SZ,2020-05-12,73.5,76.5,73.0,73.8,22571.94,167928.18
002791.SZ,2020-05-13,73.74,76.2,71.5,75.54,20442.79,151852.58
002791.SZ,2020-05-14,76.21,78.0,74.61,76.49,12696.6,97561.33
002791.SZ,2020-05-15,77.43,79.88,76.51,78.48,15426.15,120507.78
002791.SZ,2020-05-18,77.8,79.48,77.0,79.48,14078.24,109683.8
002791.SZ,2020-05-19,79.8,80.35,78.51,79.3,9111.89,72518.85
002791.SZ,2020-05-20,79.3,81.35,78.6,79.0,12009.5,95686.15
002791.SZ,2020-05-21,79.8,79.8,77.5,77.59,17492.36,137121.68
002791.SZ,2020-05-22,78.5,78.59,73.91,75.73,23601.07,179196.25
002791.SZ,2020-05-25,75.6,75.8,74.23,75.3,14954.2,112417.74
002791.SZ,2020-05-26,76.0,79.7,75.36,79.03,15350.48,120232.84
002791.SZ,2020-05-27,79.04,81.5,78.53,79.61,17059.61,136158.38
002791.SZ,2020-05-28,79.66,85.95,79.66,84.99,26015.15,218636.53
002791.SZ,2020-05-29,84.1,86.99,83.39,86.56,13310.48,114180.2
002791.SZ,2020-06-01,86.99,88.0,84.7,86.59,23479.92,201857.27
002791.SZ,2020-06-02,87.57,87.57,82.0,84.65,23778.62,200206.23
002791.SZ,2020-06-03,84.0,86.8,83.25,85.64,17500.85,149196.63
002791.SZ,2020-06-04,85.43,85.48,80.01,83.5,26690.47,220773.14
002791.SZ,2020-06-05,84.0,84.78,82.0,84.18,19955.12,167138.0
002791.SZ,2020-06-08,85.0,85.0,81.55,82.58,16688.5,138829.12
002791.SZ,2020-06-09,83.43,83.8,81.57,83.46,11777.71,97504.25
002791.SZ,2020-06-10,83.44,84.28,82.1,83.98,12288.0,102148.68
002791.SZ,2020-06-11,83.73,85.0,82.3,82.5,11063.0,92444.43
002791.SZ,2020-06-12,80.0,82.95,80.0,82.58,12692.59,103983.42
002791.SZ,2020-06-15,82.25,83.98,81.99,82.4,10435.4,86504.66
002791.SZ,2020-06-16,83.0,88.55,82.51,88.42,18095.05,157344.19
002791.SZ,2020-06-17,88.3,89.03,85.35,86.23,11228.82,97482.46
002791.SZ,2020-06-18,86.0,88.0,85.0,86.67,10842.34,93813.21
002791.SZ,2020-06-19,87.0,89.8,85.84,88.0,14016.44,123216.57
002791.SZ,2020-06-22,87.93,91.0,87.5,89.64,14313.03,128305.86
002791.SZ,2020-06-23,89.6,91.9,88.19,91.64,11853.64,107527.23
002791.SZ,2020-06-24,92.5,94.48,88.25,89.67,13037.12,117544.62
002791.SZ,2020-06-29,89.67,92.5,88.81,92.0,8399.8,76282.21
002791.SZ,2020-06-30,93.0,95.47,92.02,94.09,9999.65,93947.73
002791.SZ,2020-07-01,94.9,94.99,86.98,88.33,27602.8,248376.56
002791.SZ,2020-07-02,88.5,89.0,79.5,82.0,63538.83,523448.77
002791.SZ,2020-07-03,81.5,83.5,79.0,82.3,28240.93,230850.56
002791.SZ,2020-07-06,82.8,84.0,79.2,80.79,34669.16,281461.24
002791.SZ,2020-07-07,81.56,87.55,79.39,83.92,36889.09,306149.11
002791.SZ,2020-07-08,82.7,84.95,81.73,84.5,25010.63,208442.33
002791.SZ,2020-07-09,83.5,89.8,83.32,89.4,25962.74,226147.24
002791.SZ,2020-07-10,98.33,98.34,94.03,98.34,21342.62,209870.17
002791.SZ,2020-07-13,104.0,108.17,99.01,108.17,38025.84,399257.54
002791.SZ,2020-07-14,108.17,118.99,107.87,118.99,32768.38,378755.28
002791.SZ,2020-07-15,119.98,123.45,110.0,121.43,28555.44,336523.58
002791.SZ,2020-07-16,123.9,124.79,109.5,110.85,25611.7,294127.43
002791.SZ,2020-07-17,109.24,120.4,109.24,118.15,24391.51,282776.42
002791.SZ,2020-07-20,120.4,121.93,110.33,113.9,23486.23,266338.11
002791.SZ,2020-07-21,114.0,121.2,111.0,121.2,22113.01,260961.67
002791.SZ,2020-07-22,120.5,127.0,119.01,124.76,18077.5,221133.85
002791.SZ,2020-07-23,120.0,130.09,120.0,130.0,16118.22,204847.22
002791.SZ,2020-07-24,130.44,130.44,124.22,126.11,17600.98,222647.87
002791.SZ,2020-07-27,129.7,129.7,121.75,122.08,13235.51,164450.68
002791.SZ,2020-07-28,125.0,129.43,122.0,127.9,12349.28,155812.77
002791.SZ,2020-07-29,128.0,131.52,126.1,127.8,13915.02,179201.52
002791.SZ,2020-07-30,129.8,135.48,126.1,133.78,14686.62,191140.72
002791.SZ,2020-07-31,131.0,147.16,130.52,147.16,16540.47,232119.27
002791.SZ,2020-08-03,147.16,154.9,144.01,150.3,19058.8,283596.55
002791.SZ,2020-08-04,149.89,154.66,144.3,149.96,14537.64,218284.55
002791.SZ,2020-08-05,145.45,159.97,145.45,157.85,12552.24,193361.87
002791.SZ,2020-08-06,155.15,171.64,153.02,163.81,20461.49,333132.5
002791.SZ,2020-08-07,167.9,168.0,156.24,163.1,13683.82,223190.08
002791.SZ,2020-08-10,163.18,168.82,146.79,146.79,15292.5,232917.36
002791.SZ,2020-08-11,142.8,148.04,133.5,134.59,36369.1,508793.8
002791.SZ,2020-08-12,134.01,135.67,122.0,125.61,35959.97,452810.36
002791.SZ,2020-08-13,127.1,138.17,127.1,138.17,24281.55,327345.85
002791.SZ,2020-08-14,144.0,144.0,135.0,139.3,25418.4,355778.06
002791.SZ,2020-08-17,139.4,141.16,133.49,139.45,24410.61,334859.88
002791.SZ,2020-08-18,139.57,147.93,137.34,147.5,16754.25,240482.29
002791.SZ,2020-08-19,147.49,148.5,138.53,138.7,18058.57,258545.84
002791.SZ,2020-08-20,138.2,142.68,135.13,137.47,16479.0,228191.51
002791.SZ,2020-08-21,138.53,147.0,137.02,143.54,16899.18,242335.25
002791.SZ,2020-08-24,147.49,147.5,141.0,146.5,15529.35,224868.28
002791.SZ,2020-08-25,146.9,149.07,144.58,145.91,13650.63,200686.17
002791.SZ,2020-08-26,147.0,147.86,136.98,137.47,21259.46,298723.16
002791.SZ,2020-08-27,141.4,144.58,133.29,135.66,27341.92,375927.03
002791.SZ,2020-08-28,137.22,142.96,133.64,141.31,22327.78,311228.63
002791.SZ,2020-08-31,142.88,143.31,137.14,138.0,19507.98,271999.73
002791.SZ,2020-09-01,138.35,141.25,136.34,139.15,13030.23,181815.01
002791.SZ,2020-09-02,138.33,141.15,137.66,139.87,9199.12,128390.51
002791.SZ,2020-09-03,139.16,141.81,137.5,139.51,8738.71,122127.56
002791.SZ,2020-09-04,136.72,140.68,134.55,137.38,12782.68,174937.48
002791.SZ,2020-09-07,137.37,140.0,125.4,126.8,21735.93,284440.83
002791.SZ,2020-09-08,126.6,129.07,123.02,128.58,17027.83,214571.38
002791.SZ,2020-09-09,125.6,128.57,120.33,127.23,16395.17,205414.89
002791.SZ,2020-09-10,128.5,132.44,124.54,127.33,15004.15,192516.7
002791.SZ,2020-09-11,124.78,127.46,123.4,127.38,13125.23,165071.08
002791.SZ,2020-09-14,127.05,128.66,124.11,127.94,14053.45,178416.77
002791.SZ,2020-09-15,129.9,136.0,128.23,135.22,18016.68,240829.83
002791.SZ,2020-09-16,137.22,137.25,129.04,129.97,14073.66,186279.3
002791.SZ,2020-09-17,130.99,131.72,125.0,130.24,13770.76,176186.01
002791.SZ,2020-09-18,130.45,131.97,126.6,128.98,14677.24,188804.24
002791.SZ,2020-09-21,129.8,131.9,121.8,123.91,18240.12,228390.46
002791.SZ,2020-09-22,124.49,131.0,122.79,126.68,18445.65,233933.91
002791.SZ,2020-09-23,127.97,133.21,124.3,131.53,14543.86,189576.02
002791.SZ,2020-09-24,130.34,131.09,124.83,125.87,13971.0,178580.48
002791.SZ,2020-09-25,127.0,127.12,113.48,122.29,30616.2,366689.13
002791.SZ,2020-09-28,124.94,125.8,118.61,123.97,19920.46,244789.7
002791.SZ,2020-09-29,124.23,130.5,122.94,129.5,16782.26,214747.44
002791.SZ,2020-09-30,128.83,132.97,128.5,129.29,13019.17,169368.36
002791.SZ,2020-10-09,130.38,131.99,127.55,128.97,16737.01,217189.59
002791.SZ,2020-10-12,136.69,141.87,136.69,141.87,8132.62,114166.24
002791.SZ,2020-10-13,146.0,150.93,143.11,147.4,22192.18,326218.39
002791.SZ,2020-10-14,147.0,147.0,140.43,144.66,18511.76,265239.21
002791.SZ,2020-10-15,146.0,146.0,139.17,142.88,11326.07,161076.61
002791.SZ,2020-10-16,142.88,146.34,137.0,139.61,11982.9,168077.81
002791.SZ,2020-10-19,142.0,142.0,137.01,138.66,9881.16,137503.37
002791.SZ,2020-10-20,138.52,138.52,133.0,137.5,12149.01,165218.45
002791.SZ,2020-10-21,136.6,137.54,132.99,133.2,7924.04,106465.77
002791.SZ,2020-10-22,133.5,133.5,126.0,128.39,10830.61,139028.37
002791.SZ,2020-10-23,128.2,132.0,126.16,128.5,10732.02,139301.12
002791.SZ,2020-10-26,127.66,129.8,124.58,128.5,9395.74,119743.82
002791.SZ,2020-10-27,126.53,137.39,126.53,135.73,15567.13,207921.59
002791.SZ,2020-10-28,134.81,138.0,132.5,135.6,12708.0,171783.84
002791.SZ,2020-10-29,132.97,136.5,131.5,136.47,11992.81,161462.95
002791.SZ,2020-10-30,132.3,135.4,123.95,126.92,36628.98,470409.12
002791.SZ,2020-11-02,128.21,137.25,127.54,135.63,32230.7,435528.77
002791.SZ,2020-11-03,135.0,136.9,132.0,135.45,16065.29,215410.46
002791.SZ,2020-11-04,135.53,138.6,133.05,137.59,16583.91,227228.06
002791.SZ,2020-11-05,139.54,142.98,136.61,140.37,22184.65,311803.0
002791.SZ,2020-11-06,140.46,141.63,136.0,138.55,18624.12,256762.94
002791.SZ,2020-11-09,138.49,139.37,132.4,135.16,24360.12,327659.18
002791.SZ,2020-11-10,133.9,137.5,132.51,135.96,12988.28,176004.21
002791.SZ,2020-11-11,137.26,139.65,134.0,134.8,9954.7,136225.2
002791.SZ,2020-11-12,136.01,138.23,132.19,133.84,12810.0,171924.18
002791.SZ,2020-11-13,132.72,135.99,128.0,129.77,18568.9,241713.24
002791.SZ,2020-11-16,128.45,132.55,126.38,128.3,12037.99,154425.08
002791.SZ,2020-11-17,127.45,128.59,123.01,126.7,17039.55,213931.13
002791.SZ,2020-11-18,127.77,130.82,123.51,123.81,12197.21,153322.31
002791.SZ,2020-11-19,122.99,124.5,119.68,123.79,12290.97,151113.02
002791.SZ,2020-11-20,124.24,125.5,122.05,124.98,10869.04,135131.63
002791.SZ,2020-11-23,126.25,126.25,122.55,125.08,16126.93,200310.55
002791.SZ,2020-11-24,125.05,127.2,122.73,126.01,14229.08,177879.72
002791.SZ,2020-11-25,126.5,126.8,123.3,123.99,10567.93,131784.32
002791.SZ,2020-11-26,124.2,124.43,121.65,123.84,7493.3,92113.63
002791.SZ,2020-11-27,123.79,124.3,122.07,122.7,7489.16,92084.14
002791.SZ,2020-11-30,124.7,128.39,122.02,128.39,28807.56,363552.26
002791.SZ,2020-12-01,126.47,129.25,123.4,124.6,22721.18,284369.6
002791.SZ,2020-12-02,123.91,125.48,122.7,123.99,12691.38,157378.93
002791.SZ,2020-12-03,123.06,126.2,122.3,125.01,11200.53,139810.62
002791.SZ,2020-12-04,125.27,132.58,125.01,132.07,17456.41,226587.26
002791.SZ,2020-12-07,132.51,136.5,132.11,134.5,11375.18,153044.72
002791.SZ,2020-12-08,135.98,136.49,131.78,135.48,8234.63,111454.93
002791.SZ,2020-12-09,136.2,139.64,134.98,136.49,10636.66,145907.21
002791.SZ,2020-12-10,136.41,140.89,135.06,140.47,12944.75,180627.06
002791.SZ,2020-12-11,141.41,146.01,141.41,143.83,17884.91,257945.21
002791.SZ,2020-12-14,143.83,151.91,143.5,144.66,17184.59,252953.66
002791.SZ,2020-12-15,147.5,150.2,142.67,149.15,16131.52,239922.18
002791.SZ,2020-12-16,148.8,151.0,146.41,149.22,8858.46,132245.89
002791.SZ,2020-12-17,149.24,154.98,148.64,151.55,11223.39,170205.56
002791.SZ,2020-12-18,154.0,154.01,147.31,152.5,16204.1,244808.24
002791.SZ,2020-12-21,150.49,152.5,145.51,149.74,24552.44,364080.85
002791.SZ,2020-12-22,148.14,148.14,143.38,144.02,15519.62,225237.69
002791.SZ,2020-12-23,145.46,146.9,140.9,142.69,17884.62,256551.6
002791.SZ,2020-12-24,143.14,143.95,136.59,138.0,14016.0,194371.96
002791.SZ,2020-12-25,140.18,140.87,136.0,138.0,10990.16,152239.18
002791.SZ,2020-12-28,137.49,142.57,136.32,138.95,14836.21,207050.75
002791.SZ,2020-12-29,138.63,148.75,138.56,145.18,19922.39,287685.49
002791.SZ,2020-12-30,144.29,146.88,140.43,141.71,17293.19,247378.58
002791.SZ,2020-12-31,140.42,144.5,139.4,144.0,17599.01,249267.24
002791.SZ,2021-01-04,142.62,148.69,142.18,148.1,17363.97,254607.82
002791.SZ,2021-01-05,147.16,150.15,146.5,150.1,13801.73,205324.46
002791.SZ,2021-01-06,152.38,154.4,146.0,148.97,13040.57,194311.64
002791.SZ,2021-01-07,148.0,151.0,144.97,148.6,13562.28,200446.93
002791.SZ,2021-01-08,146.23,150.59,144.0,148.49,19630.31,289932.05
002791.SZ,2021-01-11,160.01,163.34,156.51,163.34,10154.38,164835.85
002791.SZ,2021-01-12,170.01,173.0,161.21,170.0,44831.29,750712.97
002791.SZ,2021-01-13,168.15,179.0,167.15,178.3,32357.12,560179.54
002791.SZ,2021-01-14,177.51,183.3,174.53,180.12,19495.59,348472.47
002791.SZ,2021-01-15,179.73,181.0,171.22,175.5,18788.43,330528.03
002791.SZ,2021-01-18,179.02,184.5,176.25,182.0,17628.81,320683.12
002791.SZ,2021-01-19,179.87,184.58,176.06,177.61,17027.04,306734.8
002791.SZ,2021-01-20,176.01,179.66,173.05,177.0,19301.62,339924.89
002791.SZ,2021-01-21,178.09,181.35,175.31,180.0,13743.77,246047.31
002791.SZ,2021-01-22,179.7,179.7,169.5,174.13,32150.6,555204.88
002791.SZ,2021-01-25,174.13,176.92,172.03,174.15,16273.8,283683.89
002791.SZ,2021-01-26,174.11,182.0,171.3,172.84,12075.07,209577.03
002791.SZ,2021-01-27,172.5,173.87,168.8,169.8,13182.87,225050.92
002791.SZ,2021-01-28,170.0,172.39,165.01,165.7,12632.01,211919.28
002791.SZ,2021-01-29,164.0,177.75,164.0,172.38,19733.55,339277.24
002791.SZ,2021-02-01,174.28,176.2,170.57,174.0,16717.43,290601.15
002791.SZ,2021-02-02,175.94,184.56,169.6,182.47,25706.47,463293.84
002791.SZ,2021-02-03,182.82,184.92,177.0,183.51,17392.89,316277.41
002791.SZ,2021-02-04,178.1,189.22,178.1,182.19,19764.32,362752.07
002791.SZ,2021-02-05,180.88,186.22,179.28,181.97,14166.07,260358.74
002791.SZ,2021-02-08,180.97,189.07,180.0,188.89,20586.57,383146.32
002791.SZ,2021-02-09,189.0,202.99,182.0,201.09,24297.97,474143.23
002791.SZ,2021-02-10,202.2,202.92,193.03,198.21,14421.69,285636.32
002791.SZ,2021-02-18,204.57,205.94,193.71,196.68,17335.5,343287.7
002791.SZ,2021-02-19,195.83,196.68,177.01,180.66,31769.15,574106.86
002791.SZ,2021-02-22,182.9,182.9,171.0,172.86,22588.44,396765.6
002791.SZ,2021-02-23,169.4,176.0,168.0,172.22,12413.78,213911.47
002791.SZ,2021-02-24,173.22,173.22,155.0,160.47,28492.3,461389.84
002791.SZ,2021-02-25,159.58,160.94,154.68,157.82,24591.28,386456.15
002791.SZ,2021-02-26,156.98,156.98,149.0,152.4,24045.65,366787.46
002791.SZ,2021-03-01,153.55,159.5,152.6,153.67,25493.39,395344.22
002791.SZ,2021-03-02,154.12,156.76,150.93,152.92,16268.04,249126.02
002791.SZ,2021-03-03,154.0,155.68,150.7,154.25,14453.5,221590.49
002791.SZ,2021-03-04,152.1,153.07,145.67,151.09,16482.46,248063.23
002791.SZ,2021-03-05,148.86,151.49,144.01,150.12,21434.53,316951.98
002791.SZ,2021-03-08,151.5,152.4,140.0,142.16,19681.57,287561.57
002791.SZ,2021-03-09,141.11,145.3,138.0,140.07,26276.46,372582.24
002791.SZ,2021-03-10,142.73,147.8,140.1,146.02,23741.0,342608.38
002791.SZ,2021-03-11,147.5,149.86,144.05,145.56,14940.68,218744.78
002791.SZ,2021-03-12,145.56,152.62,145.0,151.89,21409.69,320835.3
002791.SZ,2021-03-15,147.9,149.7,142.0,143.63,17608.93,255562.89
002791.SZ,2021-03-16,145.0,146.95,142.2,145.58,14203.67,205898.87
002791.SZ,2021-03-17,147.0,160.14,145.3,160.14,23761.46,369571.87
002791.SZ,2021-03-18,163.0,163.0,154.5,160.24,18075.43,286776.71
002791.SZ,2021-03-19,157.2,161.54,154.12,156.49,12027.92,188300.41
002791.SZ,2021-03-22,154.68,160.16,152.0,154.78,11781.05,183691.03
002791.SZ,2021-03-23,155.0,155.94,151.1,151.91,10996.73,167776.59
002791.SZ,2021-03-24,151.9,154.9,149.1,151.32,17414.55,263644.26
002791.SZ,2021-03-25,149.8,152.9,148.36,152.15,10936.88,165367.12
002791.SZ,2021-03-26,153.04,164.4,152.5,163.58,20216.67,324129.74
002791.SZ,2021-03-29,163.9,166.71,160.0,160.92,16234.0,264061.23
002791.SZ,2021-03-30,162.65,170.98,161.01,168.39,18404.11,307746.0
002791.SZ,2021-03-31,169.98,169.98,163.02,165.83,11809.89,195431.5
002791.SZ,2021-04-01,167.78,181.2,165.26,175.51,20175.42,351950.57
002791.SZ,2021-04-02,178.6,179.39,172.74,174.53,15464.78,271741.9
002791.SZ,2021-04-06,174.0,179.61,173.68,178.3,10832.18,191940.13
002791.SZ,2021-04-07,177.77,177.77,169.0,173.8,13193.73,228640.85
002791.SZ,2021-04-08,174.15,178.5,172.23,175.1,18582.82,326203.9
002791.SZ,2021-04-09,174.87,175.0,161.5,167.46,29779.29,497653.4
002791.SZ,2021-04-12,168.35,172.99,155.17,160.0,28071.45,451836.81
002791.SZ,2021-04-13,162.4,169.66,161.04,163.26,16863.15,277824.26
002791.SZ,2021-04-14,164.28,171.87,164.28,171.0,16070.64,271859.29
002791.SZ,2021-04-15,167.01,174.0,165.15,172.65,19461.63,331145.23
002791.SZ,2021-04-16,171.1,172.99,163.5,166.08,18426.66,306880.14
002791.SZ,2021-04-19,165.0,171.53,164.0,168.0,13900.72,234153.06
002791.SZ,2021-04-20,168.53,172.0,166.41,170.02,13117.51,222634.73
002791.SZ,2021-04-21,169.12,178.95,168.58,177.0,14893.02,260368.11
002791.SZ,2021-04-22,177.0,177.01,172.15,176.0,8451.03,147749.59
002791.SZ,2021-04-23,175.41,185.0,174.69,181.99,11981.12,216603.47
002791.SZ,2021-04-26,181.1,189.0,180.0,182.0,21830.48,402122.9
002791.SZ,2021-04-27,181.55,188.5,180.86,187.5,12235.61,228356.66
002791.SZ,2021-04-28,185.99,191.4,183.5,188.81,12857.45,241407.27
002791.SZ,2021-04-29,186.26,195.63,185.31,188.8,9285.76,175354.99
002791.SZ,2021-04-30,189.52,191.69,185.0,189.38,9792.16,184905.19
002791.SZ,2021-05-06,189.38,192.5,182.23,185.9,14372.04,266622.49
002791.SZ,2021-05-07,185.88,190.35,178.08,178.31,11414.52,208817.64
002791.SZ,2021-05-10,179.78,181.76,173.08,176.14,12643.16,222946.07
002791.SZ,2021-05-11,174.97,177.95,171.5,172.21,9537.81,165339.39
002791.SZ,2021-05-12,171.99,173.5,167.86,171.42,13415.7,229595.89
002791.SZ,2021-05-13,169.3,172.34,166.47,168.65,10579.22,178659.88
002791.SZ,2021-05-14,168.53,178.5,165.0,177.65,19628.34,339175.97
002791.SZ,2021-05-17,177.0,186.49,176.0,182.6,15202.33,275513.76
002791.SZ,2021-05-18,182.63,183.73,170.2,177.58,16263.93,286665.41
002791.SZ,2021-05-19,177.0,180.8,175.0,177.67,8169.26,145823.04
002791.SZ,2021-05-20,176.6,181.94,176.1,178.52,9029.58,161009.01
002791.SZ,2021-05-21,178.73,179.66,172.43,174.25,12751.0,222232.15
002791.SZ,2021-05-24,172.97,179.1,172.53,178.0,11311.03,200515.42
002791.SZ,2021-05-25,177.1,184.7,177.1,183.17,10124.5,184731.93
002791.SZ,2021-05-26,184.55,185.0,175.1,181.05,15374.66,276269.32
002791.SZ,2021-05-27,178.77,182.3,176.11,182.3,13447.16,240786.08
002791.SZ,2021-05-28,179.0,181.0,177.61,178.83,12040.98,215884.47
002791.SZ,2021-05-31,179.0,181.2,175.66,180.3,14966.01,267997.25
002791.SZ,2021-06-01,179.82,186.24,178.39,185.2,15442.9,282197.88
002791.SZ,2021-06-02,185.21,186.98,179.0,181.99,13329.61,242800.57
002791.SZ,2021-06-03,181.99,189.6,180.24,187.63,15826.5,295987.13
002791.SZ,2021-06-04,186.8,195.4,184.8,193.35,14596.32,280394.87
002791.SZ,2021-06-07,195.74,195.82,188.38,192.72,14183.77,270936.61
002791.SZ,2021-06-08,194.93,194.97,186.2,187.0,9590.31,181346.46
002791.SZ,2021-06-09,187.93,187.93,178.4,180.84,13072.63,237190.54
002791.SZ,2021-06-10,179.0,192.4,178.0,191.22,17462.77,326908.72
002791.SZ,2021-06-11,192.0,192.85,182.5,182.6,15750.98,291158.03
002791.SZ,2021-06-15,183.87,184.39,180.22,180.39,7992.25,144791.3
002791.SZ,2021-06-16,179.24,179.98,174.51,174.52,10209.35,180584.34
002791.SZ,2021-06-17,177.34,183.99,176.49,183.22,12117.0,219899.38
002791.SZ,2021-06-18,183.33,191.1,182.94,187.48,11849.5,222351.5
002791.SZ,2021-06-21,187.48,189.95,184.11,186.42,5568.53,104138.56
002791.SZ,2021-06-22,185.78,189.0,182.0,186.9,10838.24,201399.41
002791.SZ,2021-06-23,187.09,190.38,185.71,186.57,8708.39,163800.59
002791.SZ,2021-06-24,186.87,188.5,182.8,185.51,6851.42,126902.04
002791.SZ,2021-06-25,185.88,187.84,182.52,185.9,6284.09,116488.91
002791.SZ,2021-06-28,185.88,196.0,184.02,194.97,11170.44,214687.67
002791.SZ,2021-06-29,195.0,202.5,193.32,198.0,11635.24,230671.86
002791.SZ,2021-06-30,199.5,200.0,191.62,194.05,7827.01,152292.23
002791.SZ,2021-07-01,194.05,198.57,190.2,198.2,6694.66,130606.46
002791.SZ,2021-07-02,193.31,197.77,190.0,191.25,13801.4,267281.58
002791.SZ,2021-07-05,191.0,203.18,191.0,202.15,14446.21,289877.51
002791.SZ,2021-07-06,202.45,204.0,187.5,191.81,13268.67,257373.74
002791.SZ,2021-07-07,189.99,201.58,188.88,200.0,9088.96,180035.49
002791.SZ,2021-07-08,199.5,202.0,192.5,195.78,7684.65,150868.72
002791.SZ,2021-07-09,195.78,195.78,188.0,190.75,12513.2,238016.26
002791.SZ,2021-07-12,192.83,194.75,189.0,189.71,8549.77,163667.58
002791.SZ,2021-07-13,199.0,208.68,196.6,208.68,19536.07,404699.32
002791.SZ,2021-07-14,213.01,223.06,208.3,220.22,19426.74,422434.14
002791.SZ,2021-07-15,218.18,224.58,216.2,218.11,15599.3,342025.6
002791.SZ,2021-07-16,221.1,222.21,210.01,213.3,12938.31,276833.77
002791.SZ,2021-07-19,211.23,212.94,206.01,209.73,12443.28,260289.08
002791.SZ,2021-07-20,208.78,220.0,207.01,217.18,13823.91,296049.58
002791.SZ,2021-07-21,215.18,230.06,215.18,228.0,12829.85,288508.09
002791.SZ,2021-07-22,226.81,229.8,220.35,224.0,8948.12,200115.2
002791.SZ,2021-07-23,224.12,225.0,214.45,225.0,15772.25,345296.78
002791.SZ,2021-07-26,221.3,224.0,212.0,218.92,14183.68,310037.9
002791.SZ,2021-07-27,212.03,221.72,205.1,207.8,10920.67,233639.17
002791.SZ,2021-07-28,204.7,212.0,197.42,200.01,15417.66,311248.61
002791.SZ,2021-07-29,208.01,213.7,205.0,209.01,10071.89,211011.85
002791.SZ,2021-07-30,211.5,211.5,203.2,204.04,8332.22,172040.6
002791.SZ,2021-08-02,202.79,219.0,199.8,218.47,12529.2,263666.73
002791.SZ,2021-08-03,218.47,222.8,215.38,220.0,8672.03,190025.87
002791.SZ,2021-08-04,217.51,235.7,217.51,225.89,11457.34,260595.18
002791.SZ,2021-08-05,226.38,230.78,221.01,222.01,8524.68,190821.88
002791.SZ,2021-08-06,222.08,223.99,215.58,218.5,5590.55,121867.88
002791.SZ,2021-08-09,219.0,229.58,212.71,225.15,8384.24,187153.99
002791.SZ,2021-08-10,227.0,227.0,215.55,222.22,8057.85,177405.32
002791.SZ,2021-08-11,221.5,240.0,217.3,237.81,16682.88,388763.61
002791.SZ,2021-08-12,237.93,237.93,225.01,227.99,11735.54,268384.22
002791.SZ,2021-08-13,226.83,232.09,223.03,228.73,6195.45,141195.91
002791.SZ,2021-08-16,227.99,231.78,221.79,223.48,8294.0,185984.46
002791.SZ,2021-08-17,222.44,230.0,220.0,224.0,8493.06,190469.32
002791.SZ,2021-08-18,223.33,223.33,201.6,201.6,39837.22,819007.96
002791.SZ,2021-08-19,197.0,197.28,185.19,191.8,59909.06,1134966.8
002791.SZ,2021-08-20,188.8,193.06,185.05,189.1,19246.0,363883.52
002791.SZ,2021-08-23,189.1,192.98,178.8,184.93,24742.38,460287.66
002791.SZ,2021-08-24,182.56,188.8,182.51,186.12,16854.06,314822.68
002791.SZ,2021-08-25,188.63,191.45,182.65,191.29,13139.04,247106.41
002791.SZ,2021-08-26,190.99,191.18,183.55,183.75,10732.04,199882.57
002791.SZ,2021-08-27,182.0,187.85,173.08,176.1,23305.43,417481.2
002791.SZ,2021-08-30,175.31,177.79,164.52,171.05,44204.68,744646.38
002791.SZ,2021-08-31,171.69,172.47,160.31,161.52,28513.39,466045.05
002791.SZ,2021-09-01,156.32,160.2,151.0,158.98,28650.22,450171.41
002791.SZ,2021-09-02,158.98,159.86,150.11,151.69,22757.18,348501.64
002791.SZ,2021-09-03,148.9,153.32,144.5,146.03,32543.29,481503.18
002791.SZ,2021-09-06,148.68,154.0,146.0,152.91,28671.38,435510.65
002791.SZ,2021-09-07,154.13,157.97,151.11,153.18,21868.07,337700.82
002791.SZ,2021-09-08,153.66,154.6,149.01,153.48,16223.59,246334.92
002791.SZ,2021-09-09,153.46,153.47,148.0,149.0,14360.47,214751.86
002791.SZ,2021-09-10,148.13,152.0,147.05,149.95,11502.51,172507.62
002791.SZ,2021-09-13,150.17,151.49,145.05,147.0,14357.51,211477.3
002791.SZ,2021-09-14,147.37,149.48,143.6,145.01,15016.01,219385.81
002791.SZ,2021-09-15,142.8,144.77,138.0,140.78,21947.26,308261.33
002791.SZ,2021-09-16,139.51,143.45,134.1,134.8,19215.62,264148.56
002791.SZ,2021-09-17,134.14,141.0,132.55,137.0,20725.62,282871.01
002791.SZ,2021-09-22,133.54,133.79,126.3,131.0,34244.72,447200.2
002791.SZ,2021-09-23,133.29,135.88,128.0,131.4,37922.64,497833.22
002791.SZ,2021-09-24,130.5,133.98,127.01,127.34,21254.47,273532.16
002791.SZ,2021-09-27,127.34,132.9,126.99,128.69,24709.73,320695.09
002791.SZ,2021-09-28,129.58,141.56,128.66,141.56,16645.4,229583.74
002791.SZ,2021-09-29,142.2,142.56,131.01,131.6,34272.12,463256.57
002791.SZ,2021-09-30,133.99,143.23,132.88,137.37,29755.42,413675.63
002791.SZ,2021-10-08,139.79,140.0,132.45,132.6,20205.43,271472.41
002791.SZ,2021-10-11,133.8,143.2,132.02,138.51,23094.7,321200.81
002791.SZ,2021-10-12,138.21,145.43,136.6,141.54,23330.65,331764.89
002791.SZ,2021-10-13,141.56,149.89,141.54,146.42,22153.92,325076.42
002791.SZ,2021-10-14,147.0,147.76,137.1,139.08,26631.41,372027.57
002791.SZ,2021-10-15,139.0,139.01,131.3,131.99,25718.91,341458.79
002791.SZ,2021-10-18,131.46,133.0,127.3,131.57,23386.56,304272.91
002791.SZ,2021-10-19,132.24,136.78,131.9,136.24,23417.08,317826.7
002791.SZ,2021-10-20,135.29,139.8,131.5,132.33,21181.79,283451.18
002791.SZ,2021-10-21,135.61,142.0,133.57,137.69,30047.87,414429.84
002791.SZ,2021-10-22,140.0,151.46,138.32,150.4,66365.07,985854.28
002791.SZ,2021-10-25,147.0,148.97,139.56,143.1,50263.82,719942.24
002791.SZ,2021-10-26,141.81,144.05,136.98,137.27,31066.33,430011.93
002791.SZ,2021-10-27,135.31,135.42,128.8,129.25,31898.04,416810.96
002791.SZ,2021-10-28,131.28,139.39,130.51,137.79,33564.09,457783.7
002791.SZ,2021-10-29,137.8,137.97,131.37,133.58,23842.73,317903.66
002791.SZ,2021-11-01,132.95,134.0,129.55,132.37,24694.07,324486.91
002791.SZ,2021-11-02,132.87,140.89,130.26,136.03,31111.82,425317.48
002791.SZ,2021-11-03,136.1,144.91,135.2,142.6,33924.68,479334.08
002791.SZ,2021-11-04,144.38,144.99,140.0,142.6,21498.7,306868.27
002791.SZ,2021-11-05,141.23,143.5,139.3,140.09,15000.26,211339.91
002791.SZ,2021-11-08,141.6,141.6,134.8,135.5,16643.61,227424.3
002791.SZ,2021-11-09,136.01,145.83,135.2,144.43,34011.32,478534.95
002791.SZ,2021-11-10,142.0,149.0,137.68,148.0,34690.13,500218.61
002791.SZ,2021-11-11,152.0,162.8,150.96,161.5,58191.43,928910.29
002791.SZ,2021-11-12,165.2,167.9,161.97,164.62,28185.2,465000.57
002791.SZ,2021-11-15,164.58,169.75,158.24,163.9,21966.27,363370.78
002791.SZ,2021-11-16,162.49,165.0,159.15,163.64,16233.34,263546.71
002791.SZ,2021-11-17,161.29,162.64,154.4,158.01,17877.83,282344.49
002791.SZ,2021-11-18,159.0,159.3,150.0,151.5,27939.67,424674.31
002791.SZ,2021-11-19,151.0,160.98,146.6,160.0,34473.74,526292.69
002791.SZ,2021-11-22,159.7,163.43,155.43,155.9,27896.21,441377.46
002791.SZ,2021-11-23,155.69,157.91,151.54,154.53,18801.13,290041.79
002791.SZ,2021-11-24,152.44,160.71,152.28,157.58,20609.89,324576.83
002791.SZ,2021-11-25,156.0,164.17,156.0,161.98,18363.48,294436.5
002791.SZ,2021-11-26,161.76,161.76,156.58,159.26,9391.77,148912.21
002791.SZ,2021-11-29,158.16,160.0,156.51,159.39,10083.99,159996.32
002791.SZ,2021-11-30,160.01,160.01,152.0,153.0,23948.73,370713.95
002791.SZ,2021-12-01,151.5,152.99,148.3,152.3,13145.85,198079.51
002791.SZ,2021-12-02,151.19,155.96,148.0,152.8,15203.15,231492.13
002791.SZ,2021-12-03,152.21,158.8,149.55,154.5,15766.65,243389.45
002791.SZ,2021-12-06,158.0,164.52,157.51,161.78,28877.87,469286.68
002791.SZ,2021-12-07,168.49,176.0,163.7,165.34,45253.19,765574.22
002791.SZ,2021-12-08,165.99,175.45,163.0,173.05,27613.28,472848.68
002791.SZ,2021-12-09,173.39,181.7,170.54,179.0,29065.8,514888.56
002791.SZ,2021-12-10,178.61,182.58,174.48,180.0,31345.06,562030.6
002791.SZ,2021-12-13,182.16,192.0,181.5,186.87,30362.62,568458.32
002791.SZ,2021-12-14,186.44,186.8,181.0,183.24,18941.97,347766.2
002791.SZ,2021-12-15,184.7,184.7,175.51,177.27,19254.11,343430.12
002791.SZ,2021-12-16,178.2,178.58,171.0,174.05,20735.36,359410.09
002791.SZ,2021-12-17,173.28,176.7,171.01,171.66,14114.94,243508.44
002791.SZ,2021-12-20,170.0,178.27,169.2,170.68,18711.94,322454.75
002791.SZ,2021-12-21,169.87,183.4,168.61,181.9,27521.74,493905.46
002791.SZ,2021-12-22,181.79,190.95,176.93,189.49,22317.74,418770.79
002791.SZ,2021-12-23,188.58,190.5,184.63,189.47,10860.09,203896.69
002791.SZ,2021-12-24,191.5,195.2,186.01,189.11,14836.99,284106.7
002791.SZ,2021-12-27,190.03,200.3,190.03,192.25,37793.27,742281.29
002791.SZ,2021-12-28,193.0,193.22,182.6,186.8,27162.72,508458.46
002791.SZ,2021-12-29,188.0,188.05,179.33,180.5,25420.75,464614.45
002791.SZ,2021-12-30,179.45,186.3,178.02,183.0,19258.67,351204.19
002791.SZ,2021-12-31,183.43,184.11,177.23,181.59,26289.22,475858.29
002791.SZ,2022-01-04,181.0,181.99,170.65,174.54,24793.38,431298.27
002791.SZ,2022-01-05,174.99,175.79,170.0,171.32,16639.38,285195.57
002791.SZ,2022-01-06,169.5,180.53,168.28,169.5,32644.08,561767.08
002791.SZ,2022-01-07,168.56,177.99,167.2,175.0,41720.3,727002.56
002791.SZ,2022-01-10,175.0,182.39,170.0,180.1,29801.55,525043.92
002791.SZ,2022-01-11,179.99,180.1,170.08,170.32,17249.2,299498.49
002791.SZ,2022-01-12,170.13,172.45,161.71,165.49,32348.48,533357.91
002791.SZ,2022-01-13,164.1,164.13,154.42,158.99,31381.37,495226.53
002791.SZ,2022-01-14,154.22,158.69,153.12,155.43,20239.49,314867.13
002791.SZ,2022-01-17,152.78,162.89,152.78,159.7,27152.84,433325.05
002791.SZ,2022-01-18,160.4,169.88,156.44,169.5,28481.08,475190.54
002791.SZ,2022-01-19,168.3,177.2,167.24,172.68,21196.8,368810.62
002791.SZ,2022-01-20,172.68,179.77,170.13,177.35,25690.38,453315.4
002791.SZ,2022-01-21,177.77,179.5,170.01,173.16,14364.11,249137.43
002791.SZ,2022-01-24,172.8,174.5,169.08,172.13,9219.0,158190.75
002791.SZ,2022-01-25,171.99,176.95,168.45,169.25,8645.52,148485.88
002791.SZ,2022-01-26,169.29,171.8,165.02,168.1,12739.9,214386.44
002791.SZ,2022-01-27,168.58,168.6,161.32,162.48,13534.34,221653.65
002791.SZ,2022-01-28,163.8,166.0,157.75,159.29,14538.26,233458.17
002791.SZ,2022-02-07,160.78,162.66,154.9,157.97,16803.62,265302.03
002791.SZ,2022-02-08,158.0,158.1,145.28,146.99,27636.77,408903.46
002791.SZ,2022-02-09,147.31,150.2,143.28,148.34,21753.09,320407.11
002791.SZ,2022-02-10,148.97,149.49,143.0,144.19,15568.93,226001.43
002791.SZ,2022-02-11,146.61,155.0,144.1,151.38,31037.24,470864.34
002791.SZ,2022-02-14,150.0,150.0,143.28,143.9,20822.83,304316.54
002791.SZ,2022-02-15,144.6,146.88,142.31,146.81,11530.89,166751.09
002791.SZ,2022-02-16,146.8,150.63,144.71,149.02,15349.23,227634.64
002791.SZ,2022-02-17,149.46,149.46,143.9,148.05,18540.66,271358.11
002791.SZ,2022-02-18,148.33,148.33,142.0,142.6,27299.97,392097.27
002791.SZ,2022-02-21,142.0,144.87,137.68,140.2,31501.89,439792.56
002791.SZ,2022-02-22,138.34,139.8,136.33,139.65,14017.7,194417.74
002791.SZ,2022-02-23,134.43,134.43,125.69,125.69,19393.0,245026.41
002791.SZ,2022-02-24,119.41,121.34,113.12,113.12,92819.78,1063603.26
002791.SZ,2022-02-25,110.0,112.47,107.51,109.5,75432.09,833096.65
002791.SZ,2022-02-28,109.8,110.27,105.75,106.0,52172.36,556770.31
002791.SZ,2022-03-01,107.0,112.57,106.5,111.28,64678.81,714838.49
002791.SZ,2022-03-02,113.08,113.15,108.0,109.01,34154.49,373363.14
002791.SZ,2022-03-03,108.6,109.19,103.51,105.1,52874.66,555038.57
002791.SZ,2022-03-04,103.64,106.7,101.81,102.3,40224.19,414755.34
002791.SZ,2022-03-07,101.5,102.0,99.0,99.75,40736.5,409155.12
002791.SZ,2022-03-08,100.0,102.5,95.68,96.64,34201.72,334721.65
002791.SZ,2022-03-09,96.0,97.32,90.6,94.12,37458.76,352880.22
002791.SZ,2022-03-10,96.0,96.98,94.55,95.4,29679.09,283718.91
002791.SZ,2022-03-11,94.0,96.13,92.0,95.6,23361.13,219546.52
002791.SZ,2022-03-14,95.0,95.0,92.0,92.15,23710.09,220641.72
002791.SZ,2022-03-15,92.0,92.0,86.38,86.58,37796.45,335312.84
002791.SZ,2022-03-16,88.0,88.88,83.45,87.01,51641.09,445645.8
002791.SZ,2022-03-17,89.1,95.71,89.1,95.71,38678.64,361201.84
002791.SZ,2022-03-18,96.67,99.64,94.8,99.01,74326.32,725351.92
002791.SZ,2022-03-21,99.0,99.0,96.15,97.9,39121.21,381014.82
002791.SZ,2022-03-22,96.73,104.75,95.99,103.01,60843.51,616367.91
002791.SZ,2022-03-23,102.4,103.75,99.23,101.2,39544.09,399241.44
002791.SZ,2022-03-24,101.08,101.08,97.6,99.49,37420.52,369974.49
002791.SZ,2022-03-25,99.41,100.08,97.2,98.1,28288.53,279058.79
002791.SZ,2022-03-28,96.89,97.9,95.0,95.6,24161.47,231416.85
002791.SZ,2022-03-29,97.5,97.5,93.59,94.68,17179.59,163416.2
002791.SZ,2022-03-30,95.12,104.15,94.66,104.15,34441.6,346955.95
002791.SZ,2022-03-31,109.0,111.0,104.16,107.27,68580.02,736786.28
002791.SZ,2022-04-01,106.0,106.88,103.3,105.88,32183.72,338204.13
002791.SZ,2022-04-06,107.19,113.37,106.5,111.96,46239.28,512880.2
002791.SZ,2022-04-07,110.54,114.0,107.38,108.0,29890.26,329669.58
002791.SZ,2022-04-08,107.76,109.38,105.08,109.0,21697.87,233982.02
002791.SZ,2022-04-11,107.91,107.91,103.0,104.35,22014.14,231283.24
002791.SZ,2022-04-12,104.0,105.44,100.7,101.85,24450.14,250444.78
002791.SZ,2022-04-13,100.5,100.97,94.32,96.03,41071.44,394996.39
002791.SZ,2022-04-14,96.9,103.0,96.5,99.63,24216.99,242589.61
002791.SZ,2022-04-15,98.96,103.36,96.66,102.5,23053.1,233624.6
002791.SZ,2022-04-18,101.0,101.9,98.93,101.17,13461.17,135269.7
002791.SZ,2022-04-19,100.02,100.96,95.0,95.49,25963.5,250974.08
002791.SZ,2022-04-20,95.87,96.49,92.78,93.58,21991.74,207002.42
002791.SZ,2022-04-21,93.58,93.58,89.1,89.66,19357.7,176429.73
002791.SZ,2022-04-22,88.66,90.89,87.26,89.05,19513.19,173781.8
002791.SZ,2022-04-25,85.0,89.94,83.37,83.51,19795.56,169760.04
002791.SZ,2022-04-26,83.5,85.49,78.05,79.44,39873.52,323399.37
002791.SZ,2022-04-27,71.5,74.97,71.5,72.69,82292.3,597028.54
002791.SZ,2022-04-28,72.99,72.99,68.12,70.62,52938.41,369460.11
002791.SZ,2022-04-29,71.2,77.68,70.0,77.68,41833.51,308103.62
002791.SZ,2022-05-05,78.71,83.48,77.5,82.55,51065.73,415891.22
002791.SZ,2022-05-06,80.0,86.18,78.81,85.78,28249.97,237002.32
002791.SZ,2022-05-09,86.01,86.78,82.5,84.36,24234.65,203789.47
002791.SZ,2022-05-10,82.0,85.98,81.87,85.19,17829.42,150832.91
002791.SZ,2022-05-11,84.66,87.88,84.0,85.25,21281.66,183665.33
002791.SZ,2022-05-12,85.19,87.79,83.2,86.32,17519.49,150955.9
002791.SZ,2022-05-13,87.4,87.4,84.25,86.0,15406.69,132173.04
002791.SZ,2022-05-16,90.0,91.0,84.5,84.97,22923.1,200414.02
002791.SZ,2022-05-17,83.2,87.2,83.2,86.59,14974.43,128096.83
002791.SZ,2022-05-18,86.0,87.5,85.1,85.9,9905.39,85158.35
002791.SZ,2022-05-19,84.5,86.02,83.53,86.0,12251.0,103926.09
002791.SZ,2022-05-20,85.99,91.0,85.3,89.23,24940.93,222285.27
002791.SZ,2022-05-23,89.7,89.92,83.0,83.87,31557.02,267271.96
002791.SZ,2022-05-24,84.01,85.4,81.18,81.49,22783.39,190370.51
002791.SZ,2022-05-25,81.18,84.79,80.5,84.55,18608.85,155421.33
002791.SZ,2022-05-26,85.0,85.95,81.8,85.0,15683.84,132291.63
002791.SZ,2022-05-27,85.19,85.89,82.43,82.7,11390.36,95297.47
002791.SZ,2022-05-30,82.72,83.19,80.8,81.54,15648.0,127105.71
002791.SZ,2022-05-31,81.53,84.7,79.22,83.95,21018.61,172908.04
002791.SZ,2022-06-01,83.95,92.35,83.1,92.35,24528.92,220473.16
002791.SZ,2022-06-02,92.82,94.57,89.95,93.5,43935.06,406275.27
002791.SZ,2022-06-06,93.13,94.26,92.01,93.03,24574.4,228776.82
002791.SZ,2022-06-07,94.0,94.0,90.6,91.58,19803.83,181278.44
002791.SZ,2022-06-08,91.15,92.5,89.5,90.71,17094.28,155285.27
002791.SZ,2022-06-09,90.71,91.99,86.78,87.73,21516.95,190378.83
002791.SZ,2022-06-10,87.75,90.38,85.08,89.98,22434.43,199371.04
002791.SZ,2022-06-13,89.73,89.87,86.04,86.86,16758.71,146652.58
002791.SZ,2022-06-14,86.19,86.79,83.24,85.94,14204.13,120221.79
002791.SZ,2022-06-15,86.03,94.53,86.01,94.53,34135.33,314746.05
002791.SZ,2022-06-16,94.34,98.05,94.0,95.05,46544.65,446615.24
002791.SZ,2022-06-17,94.0,95.55,92.19,95.05,25044.64,235597.74
002791.SZ,2022-06-20,99.8,104.56,98.22,101.97,63517.41,653076.35
002791.SZ,2022-06-21,101.98,109.55,101.53,105.0,75837.85,801841.61
002791.SZ,2022-06-22,104.01,104.97,97.95,98.47,48292.12,482385.81
002791.SZ,2022-06-23,98.04,100.6,96.45,100.6,36241.66,359581.81
002791.SZ,2022-06-24,100.0,108.49,99.85,107.0,61409.44,641044.06
002791.SZ,2022-06-27,106.99,116.0,106.99,114.79,57150.39,645201.49
002791.SZ,2022-06-28,113.18,115.58,109.68,113.68,28607.55,324447.98
002791.SZ,2022-06-29,113.0,123.78,112.0,119.57,36760.0,441532.47
002791.SZ,2022-06-30,119.59,131.42,118.27,129.72,42823.72,539613.19
002791.SZ,2022-07-01,129.03,136.0,122.0,126.84,46623.01,588063.19
002791.SZ,2022-07-04,125.9,125.9,120.63,122.2,37978.94,464542.89
002791.SZ,2022-07-05,121.79,123.53,115.73,118.52,46375.24,552131.74
002791.SZ,2022-07-06,119.79,119.87,113.95,115.05,32518.28,375899.47
002791.SZ,2022-07-07,115.83,116.0,111.86,113.46,22500.98,254272.66
002791.SZ,2022-07-08,115.11,116.98,111.5,112.8,17779.2,201231.35
002791.SZ,2022-07-11,112.8,113.0,108.25,109.88,18971.56,208467.54
002791.SZ,2022-07-12,110.0,111.0,105.0,105.87,27628.46,294744.6
002791.SZ,2022-07-13,105.85,108.8,104.08,105.99,24352.08,258997.0
002791.SZ,2022-07-14,104.93,104.93,96.48,97.72,69365.83,691343.65
002791.SZ,2022-07-15,97.52,97.52,89.01,89.09,99920.34,926365.87
002791.SZ,2022-07-18,89.33,91.5,86.21,90.49,63083.47,565710.78
002791.SZ,2022-07-19,90.6,90.79,86.06,87.5,53044.06,465459.42
002791.SZ,2022-07-20,87.05,87.18,84.0,84.34,53741.26,459156.67
002791.SZ,2022-07-21,84.0,84.76,82.01,82.2,35648.34,296777.7
002791.SZ,2022-07-22,82.25,82.73,77.45,78.5,60603.17,480963.76
002791.SZ,2022-07-25,78.8,85.36,78.4,83.65,95970.27,796746.04
002791.SZ,2022-07-26,84.0,86.9,82.28,84.96,72256.13,615012.46
002791.SZ,2022-07-27,84.48,85.7,82.72,83.15,39390.81,329291.95
002791.SZ,2022-07-28,83.15,84.91,82.15,84.41,49267.83,411533.03
002791.SZ,2022-07-29,83.2,83.2,79.55,80.5,46958.39,379460.43
002791.SZ,2022-08-01,80.18,80.49,78.55,79.06,35326.89,280192.74
002791.SZ,2022-08-02,77.55,78.38,74.7,76.37,44743.67,342643.35
002791.SZ,2022-08-03,75.89,77.37,74.17,74.22,38744.02,291406.15
002791.SZ,2022-08-04,74.41,75.9,73.98,75.09,27619.51,206664.94
002791.SZ,2022-08-05,75.79,77.68,74.42,77.59,31256.41,238842.49
002791.SZ,2022-08-08,79.17,81.32,76.89,77.7,51204.22,402213.11
002791.SZ,2022-08-09,78.17,78.59,75.0,75.51,32854.95,249880.89
002791.SZ,2022-08-10,75.5,75.5,73.77,74.13,30611.84,227241.74
002791.SZ,2022-08-11,74.59,78.5,74.36,77.79,47949.13,367758.41
002791.SZ,2022-08-12,77.2,81.31,75.72,79.7,53785.82,424290.49
002791.SZ,2022-08-15,78.22,79.96,75.7,76.38,52850.1,408081.96
002791.SZ,2022-08-16,77.07,83.98,76.4,81.82,85981.55,692634.84
002791.SZ,2022-08-17,81.49,83.77,79.42,82.35,57447.47,469012.82
002791.SZ,2022-08-18,81.7,85.88,80.88,85.32,70361.59,589713.24
002791.SZ,2022-08-19,85.0,89.68,83.12,88.12,80688.2,706813.37
002791.SZ,2022-08-22,88.12,94.33,87.0,91.33,63802.03,584674.86
002791.SZ,2022-08-23,90.94,90.95,86.01,86.84,54670.95,481245.63
002791.SZ,2022-08-24,87.63,89.5,84.77,86.19,42793.88,373314.3
002791.SZ,2022-08-25,85.28,91.42,85.28,91.2,58762.09,529140.21
002791.SZ,2022-08-26,92.5,93.5,89.23,90.75,38277.6,348382.85
002791.SZ,2022-08-29,88.8,90.11,86.85,89.04,22287.02,197413.26
002791.SZ,2022-08-30,89.03,91.55,88.31,90.74,26168.9,236976.84
002791.SZ,2022-08-31,90.3,96.0,90.11,95.47,52007.2,489977.06
002791.SZ,2022-09-01,95.45,102.0,93.6,100.5,62442.15,617759.39
002791.SZ,2022-09-02,99.5,101.52,95.59,96.98,48826.37,475307.17
002791.SZ,2022-09-05,96.0,96.23,87.28,87.28,54735.23,495506.21
002791.SZ,2022-09-06,82.51,85.68,80.8,83.52,60063.3,502470.65
002791.SZ,2022-09-07,84.83,86.3,80.08,80.32,66035.59,542612.67
002791.SZ,2022-09-08,80.33,83.33,79.0,83.08,51744.43,421971.51
002791.SZ,2022-09-09,82.11,91.39,82.11,91.39,63109.6,557177.49
002791.SZ,2022-09-13,93.0,96.63,91.57,95.32,60747.1,574554.07
002791.SZ,2022-09-14,93.5,96.8,92.6,96.7,43274.12,411458.98
002791.SZ,2022-09-15,96.0,99.24,94.23,98.35,56915.8,557651.16
002791.SZ,2022-09-16,97.4,97.92,92.6,92.75,55244.22,523241.58
002791.SZ,2022-09-19,93.64,94.6,90.99,91.89,34364.67,317567.1
002791.SZ,2022-09-20,91.89,92.95,87.0,89.79,41227.12,366384.86
002791.SZ,2022-09-21,90.0,90.75,86.58,87.53,27423.27,241630.63
002791.SZ,2022-09-22,87.77,89.5,85.8,86.25,32330.31,282589.7
002791.SZ,2022-09-23,86.25,87.45,82.6,83.06,37129.83,312488.67
002791.SZ,2022-09-26,83.07,91.37,82.56,91.37,56767.73,508401.13
002791.SZ,2022-09-27,91.38,93.0,85.71,89.88,68237.23,609373.93
002791.SZ,2022-09-28,88.97,94.88,87.1,89.84,55115.0,506070.93
002791.SZ,2022-09-29,90.5,90.55,86.03,86.58,34339.32,302209.26
002791.SZ,2022-09-30,89.43,90.88,87.2,88.53,41899.21,372136.7
002791.SZ,2022-10-10,88.52,93.44,87.5,89.83,39830.91,361483.1
002791.SZ,2022-10-11,88.9,90.62,84.5,86.04,37113.74,322371.56
002791.SZ,2022-10-12,85.47,85.85,82.19,85.56,37633.75,314790.44
002791.SZ,2022-10-13,85.0,87.8,83.8,86.05,25451.76,219853.42
002791.SZ,2022-10-14,86.66,94.16,86.0,91.88,52621.94,480390.85
002791.SZ,2022-10-17,91.5,93.91,89.85,93.11,33406.28,307883.93
002791.SZ,2022-10-18,93.11,94.0,91.13,91.95,23748.85,219144.11
002791.SZ,2022-10-19,91.64,93.99,88.5,88.88,29397.91,267421.96
002791.SZ,2022-10-20,89.8,91.88,86.78,88.19,26793.75,237314.29
002791.SZ,2022-10-21,88.67,89.18,84.2,85.18,37684.16,322762.58
002791.SZ,2022-10-24,84.5,84.82,80.82,82.25,39410.58,324804.51
002791.SZ,2022-10-25,81.0,84.5,79.6,80.79,51092.59,417966.78
002791.SZ,2022-10-26,80.7,80.7,76.54,77.87,55765.81,434813.92
002791.SZ,2022-10-27,77.3,81.58,73.61,79.63,71275.96,554567.98
002791.SZ,2022-10-28,78.25,84.89,77.6,81.49,62183.76,510340.95
002791.SZ,2022-10-31,79.95,81.15,77.66,79.22,39791.35,314624.69
002791.SZ,2022-11-01,79.72,80.88,77.24,80.05,49970.41,392968.7
002791.SZ,2022-11-02,79.7,83.5,79.0,82.45,53361.12,435159.54
002791.SZ,2022-11-03,81.2,81.98,77.5,79.75,53536.6,425572.79
002791.SZ,2022-11-04,79.55,85.0,79.0,83.66,63690.49,527154.26
002791.SZ,2022-11-07,83.54,85.57,81.57,84.36,32921.6,275700.02
002791.SZ,2022-11-08,84.0,85.49,82.29,83.93,26360.53,220422.37
002791.SZ,2022-11-09,83.98,89.0,83.97,86.67,47953.94,418627.45
002791.SZ,2022-11-10,85.37,87.51,84.65,86.06,26673.06,229922.09
002791.SZ,2022-11-11,88.57,94.67,87.8,94.67,47981.14,448040.3
002791.SZ,2022-11-14,100.77,104.13,95.72,97.82,130520.31,1315125.02
002791.SZ,2022-11-15,98.0,102.28,94.89,101.25,72428.66,721652.26
002791.SZ,2022-11-16,100.96,104.28,99.5,102.55,41960.18,429431.82
002791.SZ,2022-11-17,102.5,103.9,100.14,102.99,30858.96,315096.68
002791.SZ,2022-11-18,103.09,103.67,101.0,101.91,30542.75,313035.04
002791.SZ,2022-11-21,101.81,101.87,97.8,101.26,32414.31,322973.39
002791.SZ,2022-11-22,102.0,104.43,99.5,100.37,26659.45,271452.24
002791.SZ,2022-11-23,100.1,100.48,96.51,97.45,22704.19,222180.49
002791.SZ,2022-11-24,100.0,101.5,97.56,99.5,22118.68,219122.13
002791.SZ,2022-11-25,99.98,105.0,99.0,103.6,40237.76,415428.2
002791.SZ,2022-11-28,100.54,104.16,99.76,103.7,27556.0,281740.66
002791.SZ,2022-11-29,109.02,113.0,103.71,107.8,65222.01,704363.59
002791.SZ,2022-11-30,107.0,108.0,103.73,103.93,30792.76,324516.99
002791.SZ,2022-12-01,103.94,108.0,103.0,103.0,21912.82,229464.03
002791.SZ,2022-12-02,103.0,103.61,97.48,99.1,43785.51,435487.9
002791.SZ,2022-12-05,100.0,108.0,100.0,106.85,42479.41,446557.73
002791.SZ,2022-12-06,107.35,108.0,104.65,105.63,18190.29,193191.86
002791.SZ,2022-12-07,105.63,105.65,102.6,103.73,21315.64,221071.76
002791.SZ,2022-12-08,105.24,105.24,102.23,104.25,13861.47,143931.11
002791.SZ,2022-12-09,105.26,110.69,103.62,109.8,49924.93,539060.89
002791.SZ,2022-12-12,108.1,110.5,105.01,105.8,20509.02,219654.49
002791.SZ,2022-12-13,105.35,108.5,104.24,107.99,15318.09,163440.44
002791.SZ,2022-12-14,106.1,109.26,106.1,108.06,14372.4,155371.89
002791.SZ,2022-12-15,108.52,110.63,104.25,110.63,27506.82,296095.92
002791.SZ,2022-12-16,108.6,112.49,107.87,108.69,14717.43,161967.44
002791.SZ,2022-12-19,109.58,113.26,108.88,109.8,17028.56,189097.9
002791.SZ,2022-12-20,107.51,109.0,102.9,104.98,18896.05,198833.54
002791.SZ,2022-12-21,104.26,105.66,102.83,103.78,11378.35,118281.99
002791.SZ,2022-12-22,104.86,106.6,102.3,102.55,10994.78,114627.29
002791.SZ,2022-12-23,101.0,103.15,98.8,100.91,9862.37,99366.43
002791.SZ,2022-12-26,99.92,103.0,99.91,102.44,10257.02,104714.67
002791.SZ,2022-12-27,103.86,104.8,102.45,103.25,6479.38,67087.97
002791.SZ,2022-12-28,102.8,104.1,100.02,103.12,14100.54,144562.18
002791.SZ,2022-12-29,102.81,104.5,100.9,101.57,11027.22,113086.45
002791.SZ,2022-12-30,101.59,104.78,101.59,103.95,12375.07,128355.64
002791.SZ,2023-01-03,103.19,104.49,100.06,100.84,17519.69,177387.62
002791.SZ,2023-01-04,99.89,106.99,99.75,105.0,27070.78,283986.66
002791.SZ,2023-01-05,104.0,107.77,103.0,107.52,20663.66,219547.09
002791.SZ,2023-01-06,108.68,110.4,107.18,108.96,17997.06,196413.15
002791.SZ,2023-01-09,108.37,109.32,105.92,107.13,13792.63,147952.13
002791.SZ,2023-01-10,106.89,108.89,105.52,107.33,7172.97,76977.17
002791.SZ,2023-01-11,107.33,109.2,105.65,106.3,11069.17,118633.63
002791.SZ,2023-01-12,106.31,106.79,104.16,105.42,12213.71,128449.03
002791.SZ,2023-01-13,104.5,111.96,104.5,111.04,23253.15,254798.26
002791.SZ,2023-01-16,111.2,112.5,109.0,111.2,11730.87,130186.68
002791.SZ,2023-01-17,110.78,112.0,108.1,109.53,8236.91,90007.07
002791.SZ,2023-01-18,108.59,109.19,103.8,104.44,16875.05,178442.85
002791.SZ,2023-01-19,104.0,104.68,101.59,102.55,16945.97,174291.24
002791.SZ,2023-01-20,102.39,103.73,101.58,103.29,12930.49,132941.92
002791.SZ,2023-01-30,103.76,105.3,98.0,98.62,34510.33,345900.1
002791.SZ,2023-01-31,97.66,99.7,97.12,99.31,15983.31,158058.28
002791.SZ,2023-02-01,99.31,99.98,97.0,98.54,21100.29,207411.79
002791.SZ,2023-02-02,98.55,100.28,97.73,99.21,13926.67,138011.97
002791.SZ,2023-02-03,99.07,99.2,96.19,97.51,18191.06,177311.88
002791.SZ,2023-02-06,97.07,98.5,96.0,96.99,11240.69,108774.15
002791.SZ,2023-02-07,96.67,97.5,95.6,96.22,14733.4,141808.44
002791.SZ,2023-02-08,95.8,96.58,95.11,95.38,11355.44,108497.78
002791.SZ,2023-02-09,95.4,96.6,94.84,96.25,19115.32,182946.6
002791.SZ,2023-02-10,96.01,97.6,95.51,97.59,20902.38,202585.73
002791.SZ,2023-02-13,97.58,101.38,96.0,100.8,29236.94,292209.51
002791.SZ,2023-02-14,100.0,100.98,98.36,98.94,11724.61,116465.03
002791.SZ,2023-02-15,98.96,99.97,95.68,96.17,16962.84,163994.74
002791.SZ,2023-02-16,95.8,97.5,91.5,93.04,29907.41,281945.57
002791.SZ,2023-02-17,92.0,94.56,91.25,92.28,14438.7,134235.78
002791.SZ,2023-02-20,91.43,99.9,91.36,98.04,46037.92,448576.34
002791.SZ,2023-02-21,99.02,100.8,96.4,97.45,19669.57,194010.43
002791.SZ,2023-02-22,96.6,97.36,95.0,96.7,14703.4,141880.98
002791.SZ,2023-02-23,96.7,99.35,95.0,95.86,11425.62,110431.25
002791.SZ,2023-02-24,95.66,96.18,94.31,95.0,11609.37,110299.72
002791.SZ,2023-02-27,94.54,95.79,93.36,94.78,15400.84,145274.23
002791.SZ,2023-02-28,94.51,96.4,93.93,96.15,11306.96,107816.86
002791.SZ,2023-03-01,96.26,98.58,95.4,98.06,14763.98,143296.33
002791.SZ,2023-03-02,98.5,101.2,97.7,99.3,24474.46,243759.81
002791.SZ,2023-03-03,99.3,99.49,97.6,97.62,11863.15,116515.09
002791.SZ,2023-03-06,97.62,101.18,97.11,99.08,17543.01,173956.76
002791.SZ,2023-03-07,99.16,101.4,96.77,97.2,12562.36,124581.38
002791.SZ,2023-03-08,96.23,96.88,93.01,93.79,20016.01,188425.44
002791.SZ,2023-03-09,93.72,94.4,92.8,93.32,9693.42,90697.4
002791.SZ,2023-03-10,92.95,92.95,86.99,88.1,35133.99,311010.35
002791.SZ,2023-03-13,87.76,91.99,87.33,91.8,24655.23,223003.3
002791.SZ,2023-03-14,91.6,92.0,88.12,88.37,17805.1,158994.0
002791.SZ,2023-03-15,88.68,90.29,88.68,89.13,7596.61,67855.1
002791.SZ,2023-03-16,88.5,90.21,86.71,87.58,10778.83,95212.07
002791.SZ,2023-03-17,87.89,89.29,87.59,88.13,9063.67,80062.7
002791.SZ,2023-03-20,88.15,88.95,85.84,86.12,19090.4,165047.75
002791.SZ,2023-03-21,86.12,88.38,85.83,87.75,11808.87,103161.68
002791.SZ,2023-03-22,87.65,89.35,86.48,87.1,11265.37,98694.07
002791.SZ,2023-03-23,86.64,86.64,82.98,83.54,32163.76,269963.79
002791.SZ,2023-03-24,83.5,84.35,82.11,83.13,24719.07,204970.7
002791.SZ,2023-03-27,83.25,83.27,80.8,81.46,15824.46,129062.59
002791.SZ,2023-03-28,81.44,81.69,80.1,80.37,12695.13,102178.91
002791.SZ,2023-03-29,80.53,80.55,77.46,78.0,27403.6,214607.12
002791.SZ,2023-03-30,78.35,84.3,77.49,83.46,42146.24,342255.11
002791.SZ,2023-03-31,83.5,83.5,80.1,80.41,23140.24,188077.31
002791.SZ,2023-04-03,80.9,88.33,80.37,85.66,40999.96,349735.4
002791.SZ,2023-04-04,85.42,85.42,82.66,83.75,19001.0,158838.83
002791.SZ,2023-04-06,83.77,85.4,82.91,84.16,12639.59,106394.5
002791.SZ,2023-04-07,84.15,86.51,83.71,83.96,19092.17,162252.16
002791.SZ,2023-04-10,83.9,85.5,82.57,83.35,12459.0,104250.56
002791.SZ,2023-04-11,83.61,86.0,82.8,84.29,17645.34,148848.3
002791.SZ,2023-04-12,84.03,85.26,82.19,82.32,15222.06,126121.64
002791.SZ,2023-04-13,82.31,82.48,80.51,82.27,11332.59,92585.44
002791.SZ,2023-04-14,82.27,83.3,81.55,82.17,9975.64,82188.75
002791.SZ,2023-04-17,81.0,82.64,80.88,81.45,11157.56,90749.57
002791.SZ,2023-04-18,81.23,82.7,80.01,80.78,18117.98,146921.03
002791.SZ,2023-04-19,81.0,81.06,77.0,77.7,30202.32,235564.05
002791.SZ,2023-04-20,78.0,78.03,75.0,75.48,22488.48,170592.0
002791.SZ,2023-04-21,75.77,78.25,74.1,74.35,19510.0,147564.52
002791.SZ,2023-04-24,74.41,75.0,72.25,72.75,26811.26,195985.37
002791.SZ,2023-04-25,72.75,73.4,70.25,71.0,24803.38,176803.86
002791.SZ,2023-04-26,71.41,72.5,69.7,71.69,22180.26,157923.42
002791.SZ,2023-04-27,72.0,73.73,70.84,72.72,23941.87,173823.94
002791.SZ,2023-04-28,72.85,73.73,69.0,69.85,45770.26,320855.87
002791.SZ,2023-05-04,69.37,69.65,67.61,68.15,34894.02,238779.9
002791.SZ,2023-05-05,68.46,69.47,67.3,68.8,27727.22,189387.06
002791.SZ,2023-05-08,69.0,69.0,67.02,67.91,22944.66,155222.94
002791.SZ,2023-05-09,67.85,71.8,67.41,67.95,28396.43,196630.44
002791.SZ,2023-05-10,67.95,68.52,66.96,68.01,13453.04,91111.02
002791.SZ,2023-05-11,68.06,68.68,67.2,67.62,15168.97,102863.39
002791.SZ,2023-05-12,67.82,68.98,66.56,67.03,19499.19,131488.25
002791.SZ,2023-05-15,66.82,67.4,65.85,67.38,15290.76,102131.07
002791.SZ,2023-05-16,67.42,67.55,66.0,66.19,14563.1,96743.56
002791.SZ,2023-05-17,66.0,66.4,64.75,65.43,19174.77,125213.66
002791.SZ,2023-05-18,65.16,66.19,64.18,64.58,17820.79,115538.77
002791.SZ,2023-05-19,64.3,64.89,63.4,63.99,21589.73,138218.08
002791.SZ,2023-05-22,63.99,65.4,63.3,65.34,17308.84,111880.85
002791.SZ,2023-05-23,65.3,66.5,64.73,65.72,15240.56,100248.67
002791.SZ,2023-05-24,65.93,66.15,64.23,64.3,11911.76,77036.58
002791.SZ,2023-05-25,64.2,64.64,63.2,63.94,12284.36,78278.61
002791.SZ,2023-05-26,64.24,64.51,63.43,64.26,8598.99,55060.31
002791.SZ,2023-05-29,64.3,66.0,63.8,65.02,23428.78,152246.53
002791.SZ,2023-05-30,64.0,65.2,62.22,63.75,20732.38,131377.79
002791.SZ,2023-05-31,63.75,64.55,63.01,63.27,11237.06,71346.83
002791.SZ,2023-06-01,63.22,63.22,61.75,61.75,20096.99,125197.98
002791.SZ,2023-06-02,61.75,67.5,61.67,67.04,53800.21,351297.22
002791.SZ,2023-06-05,66.11,67.29,64.0,66.1,25549.04,168477.86
002791.SZ,2023-06-06,66.59,70.67,65.57,67.44,47552.01,324628.72
002791.SZ,2023-06-07,67.13,70.0,64.88,65.16,38970.42,261091.14
002791.SZ,2023-06-08,65.04,68.9,64.49,68.33,53856.63,361156.34
002791.SZ,2023-06-09,67.57,68.16,64.69,66.46,65113.0,430574.37
002791.SZ,2023-06-12,66.01,69.0,63.53,67.3,58733.03,389275.44
002791.SZ,2023-06-13,68.0,69.44,66.3,66.99,33157.57,223691.24
002791.SZ,2023-06-14,67.02,69.2,66.6,68.01,46177.84,314982.83
002791.SZ,2023-06-15,68.01,69.02,67.21,68.57,22413.44,153120.89
002791.SZ,2023-06-16,68.5,69.6,66.75,67.36,27200.41,183732.76
002791.SZ,2023-06-19,67.16,67.28,65.7,65.82,24599.06,162804.16
002791.SZ,2023-06-20,65.68,65.68,64.05,64.15,25312.2,163413.75
002791.SZ,2023-06-21,63.92,64.93,63.36,63.55,19653.94,126019.67
002791.SZ,2023-06-26,63.5,64.7,62.55,63.88,20317.1,129062.61
002791.SZ,2023-06-27,63.96,68.66,63.65,67.97,52454.52,350002.03
002791.SZ,2023-06-28,68.89,68.92,66.31,67.18,19143.75,128733.42
002791.SZ,2023-06-29,66.71,67.18,64.2,64.53,24741.71,160984.65
002791.SZ,2023-06-30,64.85,65.78,64.1,64.71,19081.26,124233.29
002791.SZ,2023-07-03,64.45,64.97,63.55,64.65,25708.1,165192.72
002791.SZ,2023-07-04,64.5,64.5,62.7,63.58,29123.53,184496.45
002791.SZ,2023-07-05,63.25,63.48,60.4,60.62,44962.77,276180.72
002791.SZ,2023-07-06,60.27,60.61,54.56,54.56,79582.13,448094.16
002791.SZ,2023-07-07,54.3,54.43,50.5,51.85,76383.95,395811.27
002791.SZ,2023-07-10,52.74,54.2,52.1,52.88,56662.76,301116.33
002791.SZ,2023-07-11,53.1,54.19,52.3,52.52,36919.8,195476.2
002791.SZ,2023-07-12,52.75,52.99,52.0,52.61,25954.03,136379.06
002791.SZ,2023-07-13,52.63,53.53,52.43,52.89,20625.85,109265.96
002791.SZ,2023-07-14,53.0,53.19,52.0,52.12,23156.04,121090.02
002791.SZ,2023-07-17,52.05,52.05,51.19,51.45,15775.61,81128.99
002791.SZ,2023-07-18,51.5,52.27,51.12,52.22,20713.68,107339.49
002791.SZ,2023-07-19,52.03,54.96,52.0,54.81,55352.67,297543.77
002791.SZ,2023-07-20,54.6,60.29,54.3,60.29,97068.27,567510.22
002791.SZ,2023-07-21,60.29,60.66,59.0,59.42,65661.24,390489.04
002791.SZ,2023-07-24,59.22,59.42,55.9,56.31,55945.7,317609.67
002791.SZ,2023-07-25,59.44,61.38,58.76,60.77,71548.58,431851.09
002791.SZ,2023-07-26,60.8,62.55,60.4,61.53,46805.05,287703.53
002791.SZ,2023-07-27,60.03,62.07,59.93,60.35,33322.64,202733.55
002791.SZ,2023-07-28,60.05,64.5,59.88,63.9,54575.4,343297.08
002791.SZ,2023-07-31,65.73,67.2,64.33,64.63,51145.97,333026.77
002791.SZ,2023-08-01,64.6,66.32,63.81,64.97,35778.79,233283.29
002791.SZ,2023-08-02,64.56,66.78,64.08,64.4,28142.65,183534.43
002791.SZ,2023-08-03,64.0,66.76,64.0,66.68,43433.89,285220.26
002791.SZ,2023-08-04,66.83,68.38,66.01,66.61,35641.97,238313.87
002791.SZ,2023-08-07,66.5,66.5,63.78,65.04,42286.23,273443.92
002791.SZ,2023-08-08,64.54,65.7,63.98,64.69,21896.88,141477.51
002791.SZ,2023-08-09,64.06,64.77,63.31,63.6,20571.67,131524.8
002791.SZ,2023-08-10,63.4,64.19,61.99,62.48,34562.77,215889.21
002791.SZ,2023-08-11,62.5,62.76,60.24,60.41,24291.27,148386.06
002791.SZ,2023-08-14,60.05,62.02,58.29,61.37,34707.6,208594.92
002791.SZ,2023-08-15,61.52,62.32,60.05,62.08,23099.06,141397.27
002791.SZ,2023-08-16,61.77,64.29,61.3,62.59,27069.84,170200.18
002791.SZ,2023-08-17,62.17,63.88,61.89,63.22,23423.17,147204.65
002791.SZ,2023-08-18,63.21,64.5,61.82,61.93,26006.16,163371.96
002791.SZ,2023-08-21,61.78,62.68,60.5,60.72,21423.84,131445.64
002791.SZ,2023-08-22,61.19,61.99,59.42,60.3,19441.83,117058.54
002791.SZ,2023-08-23,60.25,60.25,58.09,58.11,17687.98,104039.05
002791.SZ,2023-08-24,58.33,58.84,57.38,57.7,18673.11,108035.77
002791.SZ,2023-08-25,57.7,58.8,56.28,57.05,22020.23,125942.01
002791.SZ,2023-08-28,60.65,61.78,57.58,59.24,40184.73,240161.12
002791.SZ,2023-08-29,58.5,60.7,57.37,59.64,31906.42,188647.4
002791.SZ,2023-08-30,59.17,61.0,58.5,58.82,25247.1,149826.47
002791.SZ,2023-08-31,58.02,58.46,56.01,57.0,49288.21,281149.79
002791.SZ,2023-09-01,57.57,60.2,57.37,58.45,35630.32,209430.7
002791.SZ,2023-09-04,59.5,64.3,58.78,64.3,50369.64,314318.43
002791.SZ,2023-09-05,66.6,66.6,63.65,64.7,62667.07,405360.76
002791.SZ,2023-09-06,64.45,64.58,62.3,63.09,36888.27,232522.84
002791.SZ,2023-09-07,63.2,64.22,61.5,61.6,24777.6,154624.08
002791.SZ,2023-09-08,61.62,61.96,59.2,60.0,23864.79,143186.18
002791.SZ,2023-09-11,59.71,59.8,58.0,58.56,27839.1,163407.86
002791.SZ,2023-09-12,58.57,58.57,57.1,57.3,23669.0,136328.51
002791.SZ,2023-09-13,57.3,57.47,55.3,55.7,27785.24,155473.79
002791.SZ,2023-09-14,55.59,55.71,54.51,54.8,19873.51,109290.95
002791.SZ,2023-09-15,55.1,55.67,54.08,54.3,24832.5,136080.96
002791.SZ,2023-09-18,54.03,55.66,53.16,54.34,30931.82,169592.78
002791.SZ,2023-09-19,54.34,54.64,53.26,53.57,19140.61,102844.09
002791.SZ,2023-09-20,53.3,54.0,53.2,53.49,15070.71,80889.4
002791.SZ,2023-09-21,53.38,54.31,52.78,52.83,17066.0,90923.41
002791.SZ,2023-09-22,52.68,53.3,52.47,53.27,15194.0,80453.22
002791.SZ,2023-09-25,53.5,53.66,52.32,52.44,17156.0,90395.35
002791.SZ,2023-09-26,52.24,52.7,51.8,52.13,14074.49,73386.56
002791.SZ,2023-09-27,51.9,52.98,51.85,52.01,15903.25,83192.3
002791.SZ,2023-09-28,52.06,52.55,51.56,51.93,14615.66,75911.28
002791.SZ,2023-10-09,51.93,51.93,49.7,50.0,32418.82,162895.29
002791.SZ,2023-10-10,50.12,50.36,48.82,48.95,22762.1,112249.41
002791.SZ,2023-10-11,48.93,49.24,48.1,48.27,22436.04,108820.98
002791.SZ,2023-10-12,48.4,48.84,47.83,48.61,19760.76,95637.08
002791.SZ,2023-10-13,48.39,48.53,47.5,47.85,15582.87,74592.19
002791.SZ,2023-10-16,47.85,48.26,46.77,47.06,17298.54,81774.47
002791.SZ,2023-10-17,47.01,47.54,46.7,47.27,16550.4,77996.38
002791.SZ,2023-10-18,47.07,47.07,46.34,46.5,11793.34,54957.85
002791.SZ,2023-10-19,46.33,47.1,45.16,46.41,11551.43,53738.42
002791.SZ,2023-10-20,46.0,47.19,46.0,46.26,16878.57,78720.68
002791.SZ,2023-10-23,46.41,46.47,44.38,44.55,20549.64,92796.26
002791.SZ,2023-10-24,44.79,45.6,44.44,45.38,24358.9,109903.57
002791.SZ,2023-10-25,46.78,48.38,45.92,46.05,34233.61,160358.83
002791.SZ,2023-10-26,45.7,46.2,44.79,45.15,26203.07,118526.18
002791.SZ,2023-10-27,45.77,49.67,45.56,49.67,65877.49,317715.37
002791.SZ,2023-10-30,48.44,49.55,48.44,48.69,50928.56,249589.97
002791.SZ,2023-10-31,48.81,49.21,48.26,49.02,28798.28,140850.79
002791.SZ,2023-11-01,49.03,49.65,48.63,49.34,28791.29,141716.15
002791.SZ,2023-11-02,49.64,49.7,48.14,48.2,23063.34,112385.95
002791.SZ,2023-11-03,48.34,48.8,48.09,48.44,18760.35,90957.98
002791.SZ,2023-11-06,48.78,49.85,48.5,49.65,30691.29,151438.65
002791.SZ,2023-11-07,49.8,49.85,48.61,49.27,21045.0,103339.0
002791.SZ,2023-11-08,49.28,50.28,49.03,49.61,23075.11,114514.37
002791.SZ,2023-11-09,49.33,50.75,49.21,50.59,32570.01,163920.43
002791.SZ,2023-11-10,50.29,50.44,48.8,49.41,26196.38,128963.78
002791.SZ,2023-11-13,49.42,49.52,48.28,48.88,25590.6,124441.27
002791.SZ,2023-11-14,48.98,50.17,48.51,49.1,25604.0,125942.99
002791.SZ,2023-11-15,49.9,51.08,49.09,49.68,41395.71,206419.31
002791.SZ,2023-11-16,49.5,49.5,48.5,48.7,22563.47,110043.98
002791.SZ,2023-11-17,48.42,48.46,47.2,47.8,31046.59,147652.58
002791.SZ,2023-11-20,47.81,48.35,47.06,47.62,23687.41,112647.25
002791.SZ,2023-11-21,47.78,50.95,47.78,48.72,55991.47,275956.98
002791.SZ,2023-11-22,48.0,48.27,46.71,46.86,35447.12,167583.0
002791.SZ,2023-11-23,46.73,48.8,46.31,48.72,44276.21,211761.44
002791.SZ,2023-11-24,48.6,50.25,47.81,48.01,32640.03,159851.58
002791.SZ,2023-11-27,48.01,48.1,45.82,46.56,34463.4,160218.22
002791.SZ,2023-11-28,46.8,47.13,46.09,46.79,22599.9,105354.64
002791.SZ,2023-11-29,46.79,46.79,45.12,45.13,27340.21,124709.47
002791.SZ,2023-11-30,45.0,45.64,44.75,44.97,20318.7,91628.93
002791.SZ,2023-12-01,44.61,44.92,43.63,44.15,31601.31,139096.0
002791.SZ,2023-12-04,44.25,44.25,43.0,43.04,27408.79,118567.98
002791.SZ,2023-12-05,42.95,43.08,41.3,41.5,32617.18,137660.96
002791.SZ,2023-12-06,41.5,42.03,41.11,41.5,32785.0,136293.65
002791.SZ,2023-12-07,41.79,41.85,40.64,41.32,28468.68,117020.88
002791.SZ,2023-12-08,41.37,41.55,40.48,40.5,26721.97,109329.61
002791.SZ,2023-12-11,40.3,41.18,39.99,41.07,32583.02,132079.29
002791.SZ,2023-12-12,41.39,42.23,40.88,41.61,35358.41,146870.0
002791.SZ,2023-12-13,41.3,41.54,40.23,40.27,29602.88,120074.63
002791.SZ,2023-12-14,40.4,41.43,40.14,40.17,19385.86,78863.93
002791.SZ,2023-12-15,40.55,41.65,40.38,40.8,39743.43,162984.01
002791.SZ,2023-12-18,40.55,40.7,39.62,39.71,27282.08,109354.9
002791.SZ,2023-12-19,39.52,40.06,39.4,39.6,19524.43,77505.05
002791.SZ,2023-12-20,39.63,39.85,39.05,39.09,19167.59,75388.0
002791.SZ,2023-12-21,38.76,39.74,38.62,39.43,28144.61,110830.37
002791.SZ,2023-12-22,39.35,39.9,38.89,39.26,30878.58,121384.35
002791.SZ,2023-12-25,39.32,39.58,38.53,38.72,21969.0,85480.14
002791.SZ,2023-12-26,38.62,38.99,38.33,38.57,15648.3,60535.46
002791.SZ,2023-12-27,38.38,38.74,38.0,38.47,17663.31,67840.62
002791.SZ,2023-12-28,38.48,40.98,38.2,40.48,41372.67,164602.94
002791.SZ,2023-12-29,40.52,40.87,40.2,40.49,24232.88,98326.78
002791.SZ,2024-01-02,40.75,40.77,39.48,39.5,31309.65,124698.75
002791.SZ,2024-01-03,39.4,39.68,38.75,39.26,27017.61,105770.7
002791.SZ,2024-01-04,39.3,39.49,38.5,38.84,21582.6,83808.11
002791.SZ,2024-01-05,38.74,39.66,38.18,38.34,25767.19,100420.78
002791.SZ,2024-01-08,38.34,38.51,37.3,37.3,24895.62,94049.7
002791.SZ,2024-01-09,37.32,38.83,36.98,37.74,29968.43,113584.29
002791.SZ,2024-01-10,37.69,38.35,37.18,37.74,23807.45,90067.22
002791.SZ,2024-01-11,37.72,38.88,37.5,38.8,29398.62,112642.47
002791.SZ,2024-01-12,38.78,39.75,38.3,38.93,27438.62,107571.15
002791.SZ,2024-01-15,39.02,39.56,38.05,39.27,25849.24,100809.62
002791.SZ,2024-01-16,39.27,39.84,38.76,39.46,23030.32,90527.76
002791.SZ,2024-01-17,39.01,39.18,38.0,38.0,20552.5,79175.21
002791.SZ,2024-01-18,37.69,38.45,36.8,37.86,26559.68,99514.65
002791.SZ,2024-01-19,37.71,38.46,37.43,37.44,18313.18,69273.89
002791.SZ,2024-01-22,37.28,37.44,34.56,34.83,36146.01,129943.86
002791.SZ,2024-01-23,34.67,35.99,34.32,35.55,33435.84,118270.58
002791.SZ,2024-01-24,35.6,36.08,34.15,35.76,24805.86,87398.69
002791.SZ,2024-01-25,35.85,36.9,35.36,36.77,33562.38,121983.28
002791.SZ,2024-01-26,39.93,40.45,37.88,38.55,108255.05,423172.11
002791.SZ,2024-01-29,38.5,40.65,37.27,37.43,92256.51,357366.86
002791.SZ,2024-01-30,36.96,37.4,35.62,35.62,58570.81,213499.12
002791.SZ,2024-01-31,35.38,36.93,34.2,34.28,56312.18,198220.6
002791.SZ,2024-02-01,34.0,34.64,32.61,33.61,44352.88,149527.24
002791.SZ,2024-02-02,33.81,35.3,32.22,33.18,54475.71,185188.27
002791.SZ,2024-02-05,32.7,32.9,30.0,31.15,55666.5,174562.47
002791.SZ,2024-02-06,30.7,34.1,30.47,33.57,69651.92,225960.2
002791.SZ,2024-02-07,33.5,35.47,33.0,35.18,70564.45,246289.88
002791.SZ,2024-02-08,35.19,37.45,34.78,36.5,56533.92,206247.09
002791.SZ,2024-02-19,36.91,36.91,35.51,36.13,41076.37,148449.02
002791.SZ,2024-02-20,36.57,36.62,35.65,35.98,28938.06,104099.54
002791.SZ,2024-02-21,35.66,38.8,35.13,37.6,46986.4,174815.99
002791.SZ,2024-02-22,37.14,37.51,36.66,37.37,31343.77,116347.46
002791.SZ,2024-02-23,37.37,37.38,36.58,37.15,30086.0,111162.77
002791.SZ,2024-02-26,37.21,38.59,36.92,37.78,38647.77,145824.29
002791.SZ,2024-02-27,37.49,37.89,36.87,37.87,30412.48,114065.14
002791.SZ,2024-02-28,37.88,39.08,36.36,36.39,42191.95,159848.85
002791.SZ,2024-02-29,36.03,37.45,36.0,37.41,34722.87,128223.08
002791.SZ,2024-03-01,37.4,37.9,36.95,37.77,28109.46,105454.34
002791.SZ,2024-03-04,38.19,38.4,36.86,37.2,28739.09,107475.03
002791.SZ,2024-03-05,37.0,37.06,36.31,36.66,27902.48,102293.39
002791.SZ,2024-03-06,36.4,37.3,36.0,36.78,24687.14,90433.08
002791.SZ,2024-03-07,36.9,37.37,36.0,36.0,23585.71,86261.25
002791.SZ,2024-03-08,36.1,36.34,35.45,35.88,18469.97,66256.9
002791.SZ,2024-03-11,35.99,37.5,35.88,37.5,33159.26,122071.03
002791.SZ,2024-03-12,37.51,40.3,37.26,40.08,64552.77,252235.63
002791.SZ,2024-03-13,40.0,40.41,38.9,39.24,45910.92,181213.32
002791.SZ,2024-03-14,39.23,39.66,38.82,39.22,24049.93,94352.93
002791.SZ,2024-03-15,39.0,39.14,37.95,38.76,31568.9,121560.5
002791.SZ,2024-03-18,39.1,39.14,38.23,38.66,33136.72,127529.92
002791.SZ,2024-03-19,38.53,38.86,38.35,38.43,22684.14,87464.27
002791.SZ,2024-03-20,38.63,38.95,38.0,38.94,30618.87,118209.26
002791.SZ,2024-03-21,38.95,39.05,38.17,38.41,20981.45,80860.05
002791.SZ,2024-03-22,38.18,38.48,37.0,37.07,34037.12,127466.67
002791.SZ,2024-03-25,36.87,39.39,36.56,37.95,50017.67,190570.77
002791.SZ,2024-03-26,38.02,39.2,37.75,38.62,45414.82,174445.96
002791.SZ,2024-03-27,37.5,38.0,36.0,36.01,52630.99,194413.02
002791.SZ,2024-03-28,35.6,36.25,35.15,35.43,44944.0,159863.95
002791.SZ,2024-03-29,35.43,35.49,34.35,34.63,33344.0,115858.33
002791.SZ,2024-04-01,34.8,36.99,34.75,36.79,57382.06,209108.59
002791.SZ,2024-04-02,37.0,37.2,35.62,36.47,41417.68,149705.86
002791.SZ,2024-04-03,36.16,37.1,36.0,36.28,25277.0,91966.88
002791.SZ,2024-04-08,36.26,36.27,34.0,34.44,59347.21,205652.1
002791.SZ,2024-04-09,34.31,35.44,34.16,35.1,34598.08,120864.68
002791.SZ,2024-04-10,35.0,35.2,33.81,34.11,23461.0,80434.33
002791.SZ,2024-04-11,33.9,34.1,33.4,33.41,29204.33,98196.02
002791.SZ,2024-04-12,33.3,33.77,32.67,32.67,24154.53,79796.25
002791.SZ,2024-04-15,32.56,32.95,31.25,31.83,45068.08,144037.14
002791.SZ,2024-04-16,31.56,32.01,30.58,30.65,38937.28,121207.2
002791.SZ,2024-04-17,30.7,31.53,30.7,31.53,43586.03,136094.69
002791.SZ,2024-04-18,31.2,31.74,30.85,31.26,40133.22,125838.51
002791.SZ,2024-04-19,31.0,31.25,30.24,30.34,46321.89,141424.74
002791.SZ,2024-04-22,30.1,31.22,29.83,31.08,44909.6,138438.8
002791.SZ,2024-04-23,31.1,31.39,30.58,31.01,22942.3,70978.29
002791.SZ,2024-04-24,31.0,31.19,30.38,31.16,29274.0,90120.8
002791.SZ,2024-04-25,30.68,30.68,29.34,30.06,46383.8,139456.21
002791.SZ,2024-04-26,30.0,31.42,29.32,31.14,64386.62,195449.91
002791.SZ,2024-04-29,31.1,33.96,31.04,33.35,71421.26,233415.6
002791.SZ,2024-04-30,33.28,33.3,32.65,33.18,34501.14,113764.05
002791.SZ,2024-05-06,33.6,35.34,33.6,34.35,64507.34,223103.62
002791.SZ,2024-05-07,34.06,35.03,34.0,34.8,33705.06,116575.57
002791.SZ,2024-05-08,34.83,34.84,33.61,33.79,30872.23,105152.07
002791.SZ,2024-05-09,33.9,34.59,33.89,33.93,26568.89,90699.68
002791.SZ,2024-05-10,33.94,34.86,33.08,34.27,42079.78,142917.95
002791.SZ,2024-05-13,34.0,34.0,33.2,33.63,33405.56,111959.19
002791.SZ,2024-05-14,33.71,34.13,33.1,33.42,29591.0,99165.34
002791.SZ,2024-05-15,33.42,35.3,33.2,34.97,58027.32,200148.56
002791.SZ,2024-05-16,34.57,38.2,34.42,37.7,140703.49,518070.73
002791.SZ,2024-05-17,38.39,41.47,37.8,41.47,200009.53,800255.33
002791.SZ,2024-05-20,41.3,43.3,40.34,41.52,158859.45,660106.6
002791.SZ,2024-05-21,40.95,42.8,40.68,42.08,93287.02,392106.57
002791.SZ,2024-05-22,42.07,44.6,41.62,42.1,134708.11,577749.36
002791.SZ,2024-05-23,41.0,41.94,40.75,40.99,95020.23,391738.95
002791.SZ,2024-05-24,40.83,41.2,40.0,40.21,57769.76,233950.29
002791.SZ,2024-05-27,39.9,40.5,38.64,40.21,71543.58,282795.31
002791.SZ,2024-05-28,40.5,40.96,39.24,39.27,44326.85,176646.47
002791.SZ,2024-05-29,39.18,40.2,38.97,39.11,38497.65,152247.29
002791.SZ,2024-05-30,38.85,39.07,37.87,38.25,57135.02,218553.09
002791.SZ,2024-05-31,38.3,39.07,37.9,38.02,41182.7,157692.32
002791.SZ,2024-06-03,37.67,38.45,37.32,38.11,37883.7,143437.22
002791.SZ,2024-06-04,37.94,39.7,37.59,38.76,61208.0,237318.29
002791.SZ,2024-06-05,38.68,38.68,36.94,37.0,42008.21,158069.17
002791.SZ,2024-06-06,36.99,37.19,35.44,35.57,47625.36,171774.63
002791.SZ,2024-06-07,36.05,36.12,34.5,34.53,35390.88,124281.99
002791.SZ,2024-06-11,34.57,35.04,33.73,34.55,26105.37,90076.07
002791.SZ,2024-06-12,34.62,34.62,33.75,33.91,25847.85,87997.33
002791.SZ,2024-06-13,34.06,34.15,32.93,33.0,35060.49,116754.37
002791.SZ,2024-06-14,33.0,34.17,32.32,33.81,37846.11,126624.06
002791.SZ,2024-06-17,33.48,33.77,32.75,32.94,29991.16,99369.4
002791.SZ,2024-06-18,32.92,33.03,32.16,32.35,27509.0,89455.07
002791.SZ,2024-06-19,32.24,32.5,31.04,31.16,47407.49,149162.4
002791.SZ,2024-06-20,31.08,31.09,29.42,29.45,46860.0,140453.6
002791.SZ,2024-06-21,29.45,29.75,28.6,28.6,50551.0,146445.06
002791.SZ,2024-06-24,28.32,28.51,27.35,27.87,44480.12,123863.99
002791.SZ,2024-06-25,27.87,28.58,27.28,27.89,54466.6,151707.25
002791.SZ,2024-06-26,27.34,27.92,27.13,27.92,39334.34,108242.87
002791.SZ,2024-06-27,28.03,28.03,26.49,26.55,53552.0,144879.82
002791.SZ,2024-06-28,26.43,26.78,25.72,25.87,58754.37,154520.92
002791.SZ,2024-07-01,25.76,27.55,25.68,27.31,56876.28,152293.08
002791.SZ,2024-07-02,27.31,27.33,26.33,26.49,36782.76,98691.02
002791.SZ,2024-07-03,26.39,26.49,25.98,26.0,30346.27,79384.61
002791.SZ,2024-07-04,25.92,26.25,24.93,25.06,37706.08,95678.71
002791.SZ,2024-07-05,25.0,25.1,24.1,24.13,67609.94,165591.82
002791.SZ,2024-07-08,24.04,24.11,23.16,23.33,55117.8,129608.79
002791.SZ,2024-07-09,23.35,23.41,22.45,22.71,64856.6,148169.48
002791.SZ,2024-07-10,22.67,23.49,22.29,23.01,52979.16,122040.36
002791.SZ,2024-07-11,23.39,23.88,23.09,23.7,40822.96,96243.89
002791.SZ,2024-07-12,23.88,24.87,23.71,24.01,58985.5,143086.52
002791.SZ,2024-07-15,23.91,23.91,23.11,23.17,44470.0,103789.82
002791.SZ,2024-07-16,23.17,23.29,22.88,23.08,26202.01,60417.53
002791.SZ,2024-07-17,23.0,24.08,23.0,23.49,46953.5,110702.96
002791.SZ,2024-07-18,23.45,23.49,22.9,23.4,30165.99,69892.02
002791.SZ,2024-07-19,23.27,23.46,22.87,23.4,31030.81,71952.97
002791.SZ,2024-07-22,23.42,23.6,23.06,23.45,25584.14,59752.21
002791.SZ,2024-07-23,23.4,23.6,22.6,22.64,26477.01,61102.49
002791.SZ,2024-07-24,22.51,22.78,22.08,22.08,26588.14,59331.33
002791.SZ,2024-07-25,22.02,22.78,21.85,22.35,26300.0,59020.55
002791.SZ,2024-07-26,22.5,23.09,22.43,22.8,24518.27,55893.03
002791.SZ,2024-07-29,22.85,22.89,22.14,22.17,22619.0,50441.5
002791.SZ,2024-07-30,22.01,22.46,21.96,22.33,20142.0,44763.87
002791.SZ,2024-07-31,22.4,23.77,22.17,23.71,42748.47,99220.03
002791.SZ,2024-08-01,23.76,23.81,22.79,23.06,44675.02,103307.01
002791.SZ,2024-08-02,22.89,23.41,22.75,22.78,30818.16,71056.03
002791.SZ,2024-08-05,22.67,23.65,22.41,22.51,48896.52,112350.48
002791.SZ,2024-08-06,22.67,23.22,22.64,23.05,34821.19,79687.06
002791.SZ,2024-08-07,23.05,23.6,22.73,23.31,43095.84,99815.87
002791.SZ,2024-08-08,23.4,24.28,23.03,23.62,56078.23,132630.32
002791.SZ,2024-08-09,23.62,24.53,23.55,23.71,63218.53,151976.93
002791.SZ,2024-08-12,23.59,23.62,22.5,22.6,58532.87,133871.61
002791.SZ,2024-08-13,22.51,22.6,22.1,22.57,42556.0,94987.29
002791.SZ,2024-08-14,22.45,22.68,22.17,22.2,25342.0,56554.15
002791.SZ,2024-08-15,22.11,22.55,21.69,22.24,34604.0,76653.81
002791.SZ,2024-08-16,22.14,22.47,21.45,21.46,42118.0,91389.97
002791.SZ,2024-08-19,21.25,21.58,21.15,21.24,25074.0,53531.95
002791.SZ,2024-08-20,21.23,21.28,20.4,20.45,33638.94,69494.75
002791.SZ,2024-08-21,20.39,20.56,20.11,20.53,25350.0,51679.91
002791.SZ,2024-08-22,20.62,21.01,20.1,20.15,22749.0,46595.26
002791.SZ,2024-08-23,20.17,20.58,20.08,20.47,26590.0,54131.01
002791.SZ,2024-08-26,20.44,21.08,20.2,20.87,26220.02,54599.15
002791.SZ,2024-08-27,20.98,20.98,20.41,20.52,25298.0,52102.48
002791.SZ,2024-08-28,20.41,20.8,20.21,20.55,22362.5,45884.32
002791.SZ,2024-08-29,20.52,21.11,20.4,20.98,23600.15,49236.23
002791.SZ,2024-08-30,21.02,23.08,20.67,22.16,84660.0,188786.6
002791.SZ,2024-09-02,22.43,22.43,21.66,21.78,53385.0,117462.56
002791.SZ,2024-09-03,21.77,22.93,21.66,22.53,49308.0,110691.43
002791.SZ,2024-09-04,22.48,22.98,22.09,22.18,34879.47,78021.98
002791.SZ,2024-09-05,22.29,22.63,22.19,22.27,33009.5,73889.99
002791.SZ,2024-09-06,22.2,22.4,21.64,21.7,26358.0,57624.33
002791.SZ,2024-09-09,21.56,21.84,21.3,21.4,19717.0,42397.58
002791.SZ,2024-09-10,21.47,21.52,20.69,21.13,25934.0,54524.27
002791.SZ,2024-09-11,21.05,21.45,20.95,21.05,19660.0,41587.2
002791.SZ,2024-09-12,21.06,21.35,20.7,20.75,22784.5,47774.39
002791.SZ,2024-09-13,20.74,20.87,20.26,20.28,24513.0,50359.12
002791.SZ,2024-09-18,20.45,20.95,20.0,20.91,30143.79,61724.7
002791.SZ,2024-09-19,20.99,22.37,20.81,21.7,62352.71,135277.43
002791.SZ,2024-09-20,21.78,21.93,21.41,21.9,33130.03,71910.26
002791.SZ,2024-09-23,21.61,22.5,21.5,22.01,29631.0,65319.78
002791.SZ,2024-09-24,22.66,23.3,22.22,23.25,59871.65,136769.21
002791.SZ,2024-09-25,23.39,24.25,23.3,23.3,54777.42,130095.57
002791.SZ,2024-09-26,23.22,25.63,23.02,25.63,82970.89,203065.56
002791.SZ,2024-09-27,26.85,28.19,26.63,28.19,90041.6,247820.29
002791.SZ,2024-09-30,30.75,31.01,30.03,31.01,79299.83,244497.43
002791.SZ,2024-10-08,34.11,34.11,31.03,33.0,153561.53,502578.34
002791.SZ,2024-10-09,32.2,32.2,29.7,29.98,109362.72,337432.29
002791.SZ,2024-10-10,29.7,31.41,29.46,30.15,77979.31,237356.31
002791.SZ,2024-10-11,29.94,30.07,28.45,28.85,60162.86,175865.58
002791.SZ,2024-10-14,30.02,31.69,28.82,31.28,96248.04,293176.22
002791.SZ,2024-10-15,30.98,33.0,30.25,31.01,82577.16,259419.88
002791.SZ,2024-10-16,31.0,32.99,30.99,31.78,94742.43,303049.04
002791.SZ,2024-10-17,31.8,32.25,29.45,29.51,97390.21,296652.76
002791.SZ,2024-10-18,29.1,30.6,28.2,29.82,104864.49,306618.17
002791.SZ,2024-10-21,30.01,30.41,29.15,29.6,74659.4,221305.95
002791.SZ,2024-10-22,29.46,30.57,29.2,30.23,55250.42,165448.47
002791.SZ,2024-10-23,30.19,30.84,29.85,30.02,56376.45,171063.16
002791.SZ,2024-10-24,29.79,30.06,29.02,29.18,39607.5,116493.31
002791.SZ,2024-10-25,28.88,30.55,28.88,29.86,57447.5,171467.05
002791.SZ,2024-10-28,30.12,31.29,29.92,30.94,64582.0,199292.5
002791.SZ,2024-10-29,31.04,31.3,29.52,29.62,53513.0,161364.08
002791.SZ,2024-10-30,29.62,30.5,28.81,29.06,59465.0,175858.82
002791.SZ,2024-10-31,29.2,30.66,28.66,29.68,75089.99,223882.11
002791.SZ,2024-11-01,29.75,31.46,28.95,29.3,78153.87,233867.4
002791.SZ,2024-11-04,29.3,29.57,28.97,29.31,49778.2,145180.08
002791.SZ,2024-11-05,29.39,30.28,28.9,30.07,66654.99,198394.72
002791.SZ,2024-11-06,30.09,31.61,29.15,30.84,122608.13,371977.29
002791.SZ,2024-11-07,30.52,32.66,30.12,32.51,133502.4,425037.35
002791.SZ,2024-11-08,32.58,32.98,30.95,31.1,118503.35,372597.35
002791.SZ,2024-11-11,30.36,31.08,30.36,31.07,57664.84,177285.33
002791.SZ,2024-11-12,31.07,31.76,30.6,30.76,66487.85,207343.85
002791.SZ,2024-11-13,30.77,31.0,29.75,30.08,65387.21,197373.88
002791.SZ,2024-11-14,30.35,31.02,29.62,29.78,56344.66,170705.16
002791.SZ,2024-11-15,29.52,29.97,29.06,29.08,44502.48,130849.6
002791.SZ,2024-11-18,29.22,29.58,27.98,28.11,49506.0,141785.65
002791.SZ,2024-11-19,28.11,28.39,27.71,28.39,38850.6,109061.98
002791.SZ,2024-11-20,28.25,28.59,28.02,28.39,28146.38,79806.46
002791.SZ,2024-11-21,28.28,28.5,27.82,28.03,30832.0,86651.3
002791.SZ,2024-11-22,27.91,28.45,27.01,27.14,42853.19,119305.19
002791.SZ,2024-11-25,27.14,27.36,26.5,26.93,39773.15,106782.11
002791.SZ,2024-11-26,26.93,27.21,26.7,26.83,24442.19,65830.95
002791.SZ,2024-11-27,26.9,27.65,26.3,27.64,35324.23,95181.97
002791.SZ,2024-11-28,27.68,27.84,26.93,27.02,32323.67,88113.43
002791.SZ,2024-11-29,26.91,27.76,26.9,27.44,34665.07,95029.28
002791.SZ,2024-12-02,27.38,27.84,27.03,27.69,34622.4,95408.92
002791.SZ,2024-12-03,27.69,27.84,27.32,27.66,30250.07,83250.06
002791.SZ,2024-12-04,27.57,27.57,26.78,26.9,33435.44,90695.14
002791.SZ,2024-12-05,26.75,27.07,26.63,26.96,19331.5,51902.41
002791.SZ,2024-12-06,26.96,27.44,26.73,27.26,30394.0,82528.6
002791.SZ,2024-12-09,27.15,27.25,26.6,26.94,32578.71,87678.37
002791.SZ,2024-12-10,27.94,28.68,27.45,27.49,63530.06,178445.53
002791.SZ,2024-12-11,27.49,28.12,27.25,27.76,31930.8,88689.82
002791.SZ,2024-12-12,27.81,29.59,27.55,29.09,84617.44,242028.5
002791.SZ,2024-12-13,28.75,28.77,27.48,27.48,94483.93,263090.15
002791.SZ,2024-12-16,27.31,27.36,26.58,26.69,45445.35,122429.88
002791.SZ,2024-12-17,26.7,26.79,25.85,25.9,39454.0,103538.72
002791.SZ,2024-12-18,25.99,26.18,25.53,25.66,29441.92,76042.21
002791.SZ,2024-12-19,25.3,25.45,24.93,25.39,31248.0,78761.44
002791.SZ,2024-12-20,25.39,25.5,25.21,25.27,23960.59,60751.39
002791.SZ,2024-12-23,25.27,25.36,24.43,24.45,32479.71,80635.62
002791.SZ,2024-12-24,24.45,24.79,24.27,24.49,26413.0,64780.16
002791.SZ,2024-12-25,24.51,24.6,24.0,24.32,26724.63,64794.81
002791.SZ,2024-12-26,24.36,24.46,24.11,24.16,21530.0,52197.65
002791.SZ,2024-12-27,24.16,24.4,23.92,24.16,29572.53,71681.2
002791.SZ,2024-12-30,24.15,24.15,23.52,23.58,32223.0,76486.28
002791.SZ,2024-12-31,23.59,23.73,22.66,22.74,41685.0,96376.89
002791.SZ,2025-01-02,22.74,22.94,22.01,22.23,36637.98,82582.71
002791.SZ,2025-01-03,22.41,22.47,21.3,21.3,43089.0,94282.66
002791.SZ,2025-01-06,21.5,21.78,21.06,21.57,41698.97,89677.24
002791.SZ,2025-01-07,21.58,21.79,21.12,21.78,33759.71,72488.25
002791.SZ,2025-01-08,21.78,21.79,21.06,21.58,29160.5,62533.58
002791.SZ,2025-01-09,21.45,21.72,21.35,21.4,29410.0,63256.75
002791.SZ,2025-01-10,21.4,21.48,20.65,20.67,34059.84,71540.64
002791.SZ,2025-01-13,20.48,20.93,20.25,20.88,25886.5,53600.21
002791.SZ,2025-01-14,21.01,21.47,20.91,21.44,40749.21,86517.27
002791.SZ,2025-01-15,21.4,21.45,21.1,21.25,31598.92,67106.55
002791.SZ,2025-01-16,21.28,21.64,21.12,21.39,41235.62,88342.79
002791.SZ,2025-01-17,21.32,23.53,21.23,22.5,125874.63,284824.05
002791.SZ,2025-01-20,22.33,23.1,22.33,22.68,78193.94,177831.08
002791.SZ,2025-01-21,22.7,23.06,22.21,22.37,64310.66,144994.79
002791.SZ,2025-01-22,22.24,22.5,21.63,21.65,45085.83,98590.18
002791.SZ,2025-01-23,21.99,22.75,21.78,22.11,74037.07,164421.91
002791.SZ,2025-01-24,22.0,22.15,21.82,21.98,44596.0,97938.3
002791.SZ,2025-01-27,22.11,23.53,22.04,22.64,70531.01,161846.0
002791.SZ,2025-02-05,22.79,22.9,22.16,22.46,47269.27,106102.85
002791.SZ,2025-02-06,22.36,22.69,22.16,22.65,46614.69,104781.61
002791.SZ,2025-02-07,22.65,23.08,22.51,22.81,63001.0,144190.34
002791.SZ,2025-02-10,22.82,23.05,22.64,23.05,45120.6,103268.09
002791.SZ,2025-02-11,23.0,23.05,22.55,22.66,42781.83,97082.79
002791.SZ,2025-02-12,22.59,23.3,22.44,23.3,57699.5,131659.29
002791.SZ,2025-02-13,23.19,23.68,23.02,23.02,64742.48,151066.19
002791.SZ,2025-02-14,23.0,23.06,22.75,22.85,40798.8,93315.5
002791.SZ,2025-02-17,22.85,23.04,22.73,22.88,38068.92,87014.54
002791.SZ,2025-02-18,22.8,22.86,22.12,22.13,46484.58,104523.86
002791.SZ,2025-02-19,22.12,22.54,22.05,22.54,38188.78,85246.0
002791.SZ,2025-02-20,22.45,22.83,22.36,22.8,34557.77,78422.66
002791.SZ,2025-02-21,22.68,23.23,22.6,22.86,44329.5,101505.98
002791.SZ,2025-02-24,22.86,23.25,22.73,23.06,44135.5,101463.38
002791.SZ,2025-02-25,22.84,22.95,22.57,22.62,33500.38,76228.21
002791.SZ,2025-02-26,22.59,23.53,22.59,23.5,57867.75,133648.06
002791.SZ,2025-02-27,23.52,24.03,23.2,23.61,58414.0,137898.58
002791.SZ,2025-02-28,23.42,23.8,22.53,22.6,50852.0,117253.95
002791.SZ,2025-03-03,22.65,23.29,22.57,22.77,45337.0,103915.31
002791.SZ,2025-03-04,22.64,22.75,22.35,22.7,33032.5,74404.46
002791.SZ,2025-03-05,22.19,22.3,20.9,21.29,197813.43,417465.96
002791.SZ,2025-03-06,21.01,21.79,21.0,21.67,129086.16,276714.82
002791.SZ,2025-03-07,21.51,23.05,21.38,22.4,143918.8,320179.54
002791.SZ,2025-03-10,22.58,23.23,22.51,22.7,111523.01,254432.24
002791.SZ,2025-03-11,22.47,22.77,22.31,22.74,58414.94,131388.77
002791.SZ,2025-03-12,22.78,22.94,22.46,22.59,51890.82,117129.4
002791.SZ,2025-03-13,22.6,22.66,21.97,22.15,48468.21,107803.77
002791.SZ,2025-03-14,22.11,22.68,21.99,22.64,77942.77,175127.96
002791.SZ,2025-03-17,22.76,23.0,22.69,22.8,46905.29,107034.78
002791.SZ,2025-03-18,22.8,22.86,22.56,22.77,41626.23,94444.38
002791.SZ,2025-03-19,22.68,23.15,22.52,23.0,71351.07,163014.55
002791.SZ,2025-03-20,22.96,23.84,22.83,23.22,103645.18,241457.86
002791.SZ,2025-03-21,23.03,23.66,22.78,23.55,100882.57,234838.87
002791.SZ,2025-03-24,23.41,24.11,22.72,23.23,113477.28,262569.62
002791.SZ,2025-03-25,23.05,23.33,22.68,22.69,70656.99,162209.52
002791.SZ,2025-03-26,22.65,23.22,22.48,22.74,56325.04,128538.35
002791.SZ,2025-03-27,22.65,22.97,22.32,22.48,58651.02,132584.58
002791.SZ,2025-03-28,22.49,24.14,22.49,23.25,172932.17,407060.59
002791.SZ,2025-03-31,23.16,23.65,22.47,22.71,112676.5,259688.75
002791.SZ,2025-04-01,22.85,24.3,22.77,23.51,143454.64,339837.57
002791.SZ,2025-04-02,23.52,24.36,23.52,23.84,140782.17,338436.19
002791.SZ,2025-04-03,23.58,25.41,23.58,25.05,224485.38,553485.52
002791.SZ,2025-04-07,24.0,24.94,22.74,23.81,193906.62,465956.72
002791.SZ,2025-04-08,23.85,24.99,23.45,24.95,198366.33,484659.74
002791.SZ,2025-04-09,25.1,26.91,23.84,26.2,237938.93,601063.69
002791.SZ,2025-04-10,25.5,26.95,25.3,25.97,202362.52,530328.21
002791.SZ,2025-04-11,25.52,26.44,25.1,25.15,140452.14,362220.64
002791.SZ,2025-04-14,25.14,25.5,24.84,25.18,131990.83,331694.79
002791.SZ,2025-04-15,25.18,26.2,25.1,26.18,147855.92,380145.35
002791.SZ,2025-04-16,26.0,26.64,25.33,25.9,135685.0,352786.4
002791.SZ,2025-04-17,25.85,26.85,25.41,26.55,147850.38,391052.73
002791.SZ,2025-04-18,26.28,26.66,26.12,26.25,83707.34,220198.13
002791.SZ,2025-04-21,26.09,26.11,25.2,25.3,122617.07,312173.87
002791.SZ,2025-04-22,25.31,25.46,25.01,25.03,81001.74,204203.72
002791.SZ,2025-04-23,25.1,25.27,24.4,24.44,109742.0,271521.43
002791.SZ,2025-04-24,24.4,24.89,24.24,24.68,77367.5,189981.46
002791.SZ,2025-04-25,24.51,25.46,24.34,24.9,104943.18,262098.86
002791.SZ,2025-04-28,24.71,24.88,22.7,22.77,143687.65,334863.28
002791.SZ,2025-04-29,22.66,22.92,22.46,22.64,61938.73,140505.12
002791.SZ,2025-04-30,22.76,23.25,22.52,22.72,59421.05,136160.39
002791.SZ,2025-05-06,23.04,23.35,22.72,23.34,57302.92,132541.6
002791.SZ,2025-05-07,23.38,24.12,23.31,23.49,77068.23,182043.5
002791.SZ,2025-05-08,23.43,23.43,23.16,23.31,49975.01,116220.77
002791.SZ,2025-05-09,23.3,23.42,22.9,22.95,39909.47,91932.01
002791.SZ,2025-05-12,23.04,23.12,22.88,23.1,34204.0,78774.03
002791.SZ,2025-05-13,23.45,23.45,22.86,22.94,44188.4,101843.77
002791.SZ,2025-05-14,22.94,23.1,22.71,23.09,42219.5,96765.98
002791.SZ,2025-05-15,23.07,23.08,22.6,22.61,39309.38,89558.41
002791.SZ,2025-05-16,22.6,22.71,22.33,22.62,41855.74,94310.3
002791.SZ,2025-05-19,22.6,22.87,22.55,22.82,40288.66,91565.35
002791.SZ,2025-05-20,22.8,22.97,22.66,22.94,33483.0,76547.6
002791.SZ,2025-05-21,22.8,22.83,22.47,22.59,37663.14,85104.44
002791.SZ,2025-05-22,22.6,22.64,22.18,22.18,37610.0,84106.88
002791.SZ,2025-05-23,22.15,22.31,21.7,21.7,44174.31,97150.36
002791.SZ,2025-05-26,21.7,21.88,21.58,21.88,23031.19,50102.82
002791.SZ,2025-05-27,21.86,22.02,21.75,21.96,24880.81,54524.22
002791.SZ,2025-05-28,21.95,21.97,21.61,21.65,23981.81,52129.62
002791.SZ,2025-05-29,21.6,22.16,21.6,22.12,42195.02,92812.93
002791.SZ,2025-05-30,21.98,22.01,21.72,21.83,24992.54,54615.99
002791.SZ,2025-06-03,21.83,21.95,21.72,21.94,24028.84,52559.73
002791.SZ,2025-06-04,21.89,22.34,21.89,22.32,34696.9,76916.88
002791.SZ,2025-06-05,22.31,22.31,22.12,22.26,22966.54,51017.94
002791.SZ,2025-06-06,22.3,22.33,22.13,22.18,16752.79,37182.1
002791.SZ,2025-06-09,22.1,22.35,22.03,22.3,30035.92,66878.06
002791.SZ,2025-06-10,22.28,22.43,21.87,22.16,33573.25,74529.0
002791.SZ,2025-06-11,22.12,22.37,22.12,22.29,30163.53,67248.36
002791.SZ,2025-06-12,22.29,22.33,22.12,22.25,28426.15,63103.33
002791.SZ,2025-06-13,22.23,22.23,21.41,21.5,61128.63,133196.18
002791.SZ,2025-06-16,21.52,21.75,21.39,21.64,28873.73,62287.2
002791.SZ,2025-06-17,21.55,21.77,21.49,21.77,23467.22,50864.05
002791.SZ,2025-06-18,21.75,21.75,21.1,21.18,52889.52,112487.76
002791.SZ,2025-06-19,21.11,21.24,20.82,20.91,32148.1,67552.71
002791.SZ,2025-06-20,20.87,21.19,20.81,20.81,20408.0,42771.43
002791.SZ,2025-06-23,20.68,20.95,20.57,20.92,18118.0,37732.17
002791.SZ,2025-06-24,20.99,21.25,20.93,21.23,26103.99,55247.94
002791.SZ,2025-06-25,21.28,21.35,21.1,21.33,28162.99,59822.14
002791.SZ,2025-06-26,21.3,21.37,21.17,21.21,26480.13,56327.88
002791.SZ,2025-06-27,21.27,21.43,21.19,21.24,32726.0,69682.49
002791.SZ,2025-06-30,21.29,21.43,21.17,21.4,27346.13,58310.14
002791.SZ,2025-07-01,21.39,21.4,21.15,21.28,25411.0,54006.22
002791.SZ,2025-07-02,21.33,21.38,21.25,21.38,34487.57,73535.65
002791.SZ,2025-07-03,21.41,21.58,21.41,21.42,29451.6,63234.27
002791.SZ,2025-07-04,21.42,21.47,21.18,21.26,36908.69,78822.49
002791.SZ,2025-07-07,21.26,21.46,21.24,21.31,33482.69,71588.97
002791.SZ,2025-07-08,21.29,21.77,21.26,21.51,63505.0,136597.51
002791.SZ,2025-07-09,21.45,21.87,21.45,21.72,46419.97,100737.62
002791.SZ,2025-07-10,21.63,22.75,21.61,22.44,104156.67,231192.43
002791.SZ,2025-07-11,22.48,22.53,22.2,22.3,57406.84,128211.43
002791.SZ,2025-07-14,22.32,22.5,22.11,22.19,41393.0,92127.08
002791.SZ,2025-07-15,22.01,22.02,21.51,21.71,53581.33,116526.79
002791.SZ,2025-07-16,21.72,21.8,21.61,21.74,33065.0,71774.99
002791.SZ,2025-07-17,21.73,21.76,21.64,21.73,31228.0,67747.98
002791.SZ,2025-07-18,21.75,21.8,21.69,21.79,28244.6,61427.46
002791.SZ,2025-07-21,21.87,22.38,21.85,22.29,74996.7,166325.58
002791.SZ,2025-07-22,22.36,22.76,22.14,22.75,98114.13,220857.58
002791.SZ,2025-07-23,22.8,22.98,22.48,22.48,81792.89,185894.1
002791.SZ,2025-07-24,22.47,22.98,22.31,22.92,71108.33,161657.33
002791.SZ,2025-07-25,22.89,23.55,22.6,23.08,90428.0,209537.05
002791.SZ,2025-07-28,23.05,23.19,22.74,23.05,60382.0,139000.18
002791.SZ,2025-07-29,23.03,23.29,22.9,23.13,50783.0,117122.87
002791.SZ,2025-07-30,23.07,23.24,22.75,22.84,50746.47,116683.69
002791.SZ,2025-07-31,22.75,22.8,22.07,22.16,65832.5,146996.38
002791.SZ,2025-08-01,22.21,22.46,21.98,22.09,39620.83,87594.25
002791.SZ,2025-08-04,21.98,22.13,21.87,22.12,29037.98,63933.12
002791.SZ,2025-08-05,22.15,22.9,22.05,22.66,72697.26,163245.56
002791.SZ,2025-08-06,22.64,22.64,22.27,22.47,46231.46,103711.63
002791.SZ,2025-08-07,22.49,22.6,22.23,22.25,44384.97,99155.26
002791.SZ,2025-08-08,22.25,22.27,22.08,22.16,31418.99,69625.07
002791.SZ,2025-08-11,22.15,22.53,22.15,22.5,39141.27,87708.17
002791.SZ,2025-08-12,22.5,22.53,22.33,22.37,29758.51,66685.76
002791.SZ,2025-08-13,22.39,22.49,22.23,22.34,36392.87,81285.14
002791.SZ,2025-08-14,22.34,22.54,21.92,21.93,50791.17,112708.86
002791.SZ,2025-08-15,21.9,22.32,21.9,22.17,38374.25,85108.16
002791.SZ,2025-08-18,22.2,22.4,22.17,22.26,46945.85,104521.64
002791.SZ,2025-08-19,22.31,22.59,22.31,22.38,48094.52,107931.84
002791.SZ,2025-08-20,22.33,22.66,22.13,22.64,59681.4,134263.87
002791.SZ,2025-08-21,22.68,22.78,22.48,22.59,52560.45,118999.66
002791.SZ,2025-08-22,22.66,22.68,22.47,22.66,44723.14,101038.23
002791.SZ,2025-08-25,22.77,23.36,22.69,22.99,113601.74,262074.23
002791.SZ,2025-08-26,22.99,23.37,22.81,23.19,60502.72,139894.67
002791.SZ,2025-08-27,23.19,23.29,22.65,22.65,73802.16,169362.76
002791.SZ,2025-08-28,22.5,22.81,21.81,22.6,83427.44,186622.07
002791.SZ,2025-08-29,22.59,22.85,22.16,22.19,60014.88,134910.88
002791.SZ,2025-09-01,22.19,22.29,22.01,22.18,49136.54,108766.07
002791.SZ,2025-09-02,22.18,22.19,21.65,21.81,58061.07,126967.95
002791.SZ,2025-09-03,21.88,21.9,21.26,21.33,42197.74,90989.43
002791.SZ,2025-09-04,21.34,21.7,21.29,21.55,39583.25,85072.42
002791.SZ,2025-09-05,21.52,21.66,21.41,21.64,31348.48,67577.68
002791.SZ,2025-09-08,21.73,22.6,21.7,22.39,116652.67,258310.2
002791.SZ,2025-09-09,22.42,22.54,22.19,22.26,54490.53,121623.23
002791.SZ,2025-09-10,22.23,22.8,22.05,22.55,69229.47,155168.25
002791.SZ,2025-09-11,22.47,22.74,22.3,22.62,61633.35,138688.51
002791.SZ,2025-09-12,22.62,23.29,22.56,22.9,78959.68,180985.49
002791.SZ,2025-09-15,22.81,23.95,22.79,23.49,115266.23,268869.99
002791.SZ,2025-09-16,23.5,23.58,23.0,23.12,77187.86,179001.08
002791.SZ,2025-09-17,23.18,23.18,22.85,23.01,44352.5,101951.84
002791.SZ,2025-09-18,23.0,23.03,22.32,22.52,67259.37,152608.21
002791.SZ,2025-09-19,22.5,23.28,22.41,23.15,75127.61,171809.65
002791.SZ,2025-09-22,23.12,23.15,22.6,22.81,50160.63,114440.95
002791.SZ,2025-09-23,22.73,22.78,21.58,22.0,80502.0,176705.78
002791.SZ,2025-09-24,21.92,22.33,21.83,22.19,47859.63,106014.79
002791.SZ,2025-09-25,22.2,22.5,21.85,21.99,46670.57,103189.45
002791.SZ,2025-09-26,21.9,22.09,21.76,21.94,42133.51,92418.84
002791.SZ,2025-09-29,21.91,22.18,21.4,22.11,46748.3,101845.49
002791.SZ,2025-09-30,22.15,22.16,21.69,21.73,47311.77,103505.24
002791.SZ,2025-10-09,21.79,21.82,21.29,21.56,53703.0,115276.93
002791.SZ,2025-10-10,21.51,21.82,21.48,21.69,47043.0,102026.51
002791.SZ,2025-10-13,21.23,21.34,20.93,21.32,51516.39,109017.87
002791.SZ,2025-10-14,21.4,21.82,21.4,21.6,54596.13,118059.2
002791.SZ,2025-10-15,21.61,23.58,21.5,22.71,193449.74,441584.83
002791.SZ,2025-10-16,22.72,22.97,22.44,22.5,88672.14,200967.1
002791.SZ,2025-10-17,22.54,22.66,21.89,21.91,69458.0,154248.17
002791.SZ,2025-10-20,22.06,22.12,21.63,21.8,50463.0,109943.38
002791.SZ,2025-10-21,21.82,22.15,21.72,22.0,45054.39,98840.63
002791.SZ,2025-10-22,21.95,22.65,21.87,22.28,75261.37,168244.33
002791.SZ,2025-10-23,22.2,22.22,21.81,22.08,46144.08,101300.13
002791.SZ,2025-10-24,22.07,22.27,21.69,21.76,59344.94,130089.62
002791.SZ,2025-10-27,21.76,21.91,21.69,21.81,42807.49,93249.18
002791.SZ,2025-10-28,21.8,21.93,21.56,21.62,39313.98,85412.11
002791.SZ,2025-10-29,21.62,21.68,21.42,21.68,32797.73,70659.95
002791.SZ,2025-10-30,21.62,21.75,21.47,21.51,32649.0,70543.43
002791.SZ,2025-10-31,22.06,23.0,21.96,22.7,157854.72,357292.02
002791.SZ,2025-11-03,22.74,22.99,22.54,22.65,64799.85,147062.0
002791.SZ,2025-11-04,22.65,22.8,22.51,22.66,45237.12,102385.77
002791.SZ,2025-11-05,22.56,23.5,22.42,23.07,87965.52,203681.04
002791.SZ,2025-11-06,23.01,23.12,22.68,22.75,54825.5,125092.59
002791.SZ,2025-11-07,22.7,23.26,22.61,23.0,63678.75,146497.65
002791.SZ,2025-11-10,23.2,23.79,22.96,23.71,99886.39,234309.13
002791.SZ,2025-11-11,23.61,23.87,23.5,23.68,72482.82,171758.91
002791.SZ,2025-11-12,23.7,23.73,23.36,23.48,55422.07,130314.38
002791.SZ,2025-11-13,23.42,23.85,23.14,23.61,62061.08,145715.53
002791.SZ,2025-11-14,23.54,24.8,23.5,24.23,128063.6,311206.29
002791.SZ,2025-11-17,24.28,24.88,24.07,24.76,110904.5,272370.02
002791.SZ,2025-11-18,24.72,24.92,24.14,24.33,86542.05,211550.38
002791.SZ,2025-11-19,24.37,24.39,23.91,24.21,59547.6,143752.4
002791.SZ,2025-11-20,24.36,24.57,23.82,24.22,66681.02,161125.79
002791.SZ,2025-11-21,23.98,24.38,23.09,23.11,79904.43,188309.34
002791.SZ,2025-11-24,23.18,23.96,23.18,23.51,66364.55,156669.49
002791.SZ,2025-11-25,23.65,23.96,23.29,23.72,53285.47,126205.77
002791.SZ,2025-11-26,23.8,24.73,23.32,23.37,56203.0,133331.0
002791.SZ,2025-11-27,23.38,23.9,23.12,23.47,48199.0,113366.21
002791.SZ,2025-11-28,23.42,23.46,23.16,23.38,49807.0,116030.51
002791.SZ,2025-12-01,23.34,23.95,23.28,23.65,52384.0,124175.82
002791.SZ,2025-12-02,23.5,23.61,23.16,23.29,47250.05,110419.95
002791.SZ,2025-12-03,23.24,23.47,22.76,22.86,55644.42,127846.02
002791.SZ,2025-12-04,22.77,22.94,21.92,22.09,77867.56,173199.84
002791.SZ,2025-12-05,22.09,22.38,21.8,22.29,51275.65,113380.48
002791.SZ,2025-12-08,22.35,22.46,22.15,22.18,46615.37,103936.94
002791.SZ,2025-12-09,22.13,22.15,21.72,21.77,47091.01,103009.57
002791.SZ,2025-12-10,21.8,22.05,21.47,21.99,66468.53,144555.77
002791.SZ,2025-12-11,21.95,21.97,21.55,21.63,45022.65,97796.19
002791.SZ,2025-12-12,21.61,21.99,21.53,21.63,58350.23,126913.33
002791.SZ,2025-12-15,21.51,22.0,21.5,21.77,45666.7,99666.39
002791.SZ,2025-12-16,21.75,21.93,21.59,21.82,45339.64,98789.37
002791.SZ,2025-12-17,21.8,21.88,21.35,21.88,55816.0,120385.36
002791.SZ,2025-12-18,21.75,22.23,21.7,21.96,44270.71,97560.86
002791.SZ,2025-12-19,22.0,22.3,21.9,22.28,42259.46,93783.1
002791.SZ,2025-12-22,22.23,22.31,22.06,22.16,33374.52,73931.2
002791.SZ,2025-12-23,22.16,22.16,21.72,21.8,36052.23,78844.95
002791.SZ,2025-12-24,21.76,21.95,21.69,21.95,28021.13,61188.82
002791.SZ,2025-12-25,21.95,21.96,21.6,21.7,54867.85,119039.82
002791.SZ,2025-12-26,21.71,21.9,21.62,21.83,43515.0,94609.59
002791.SZ,2025-12-29,21.81,21.81,21.46,21.47,48747.13,105242.51
002791.SZ,2025-12-30,21.41,21.53,21.3,21.38,40571.0,86862.41
002791.SZ,2025-12-31,21.43,21.54,21.05,21.21,41389.84,87892.61
002791.SZ,2026-01-05,21.26,21.59,21.15,21.57,40530.18,86923.7
002791.SZ,2026-01-06,21.59,21.72,21.48,21.72,44173.67,95547.25
002791.SZ,2026-01-07,21.7,21.82,21.33,21.37,73895.0,158892.59
002791.SZ,2026-01-08,21.3,21.8,21.2,21.72,57724.0,124699.4
002791.SZ,2026-01-09,21.67,21.92,21.61,21.83,52975.75,115361.5
002791.SZ,2026-01-12,21.87,22.03,21.8,22.0,61945.39,135669.88
002791.SZ,2026-01-13,22.07,22.1,21.7,21.72,59435.6,129912.56
002791.SZ,2026-01-14,21.72,22.09,21.56,21.88,76896.61,168131.48
002791.SZ,2026-01-15,21.86,22.2,21.79,22.06,67157.18,147982.15
002791.SZ,2026-01-16,22.13,22.17,21.64,21.65,63311.27,137860.47
002791.SZ,2026-01-19,21.65,21.93,21.48,21.87,52638.3,114764.19
002791.SZ,2026-01-20,21.88,22.24,21.86,22.07,71465.13,157656.0
002791.SZ,2026-01-21,21.98,22.25,21.8,22.14,65497.0,144628.26
002791.SZ,2026-01-22,22.13,23.12,22.08,23.1,148749.57,339012.09
002791.SZ,2026-01-23,23.12,23.2,22.82,23.02,110101.51,252936.33
002791.SZ,2026-01-26,23.02,23.19,22.71,23.0,75228.85,172590.34
002791.SZ,2026-01-27,22.96,23.3,22.58,23.21,94254.08,216082.0
002791.SZ,2026-01-28,23.21,23.62,22.7,22.7,76174.14,174681.45
002791.SZ,2026-01-29,22.73,24.74,22.62,24.27,227271.88,547535.1
002791.SZ,2026-01-30,23.94,24.87,23.4,24.55,185779.13,445616.64
002791.SZ,2026-02-02,24.35,24.41,23.1,23.18,120194.86,283377.56
002791.SZ,2026-02-03,23.48,23.59,23.03,23.36,69705.25,162373.05
002791.SZ,2026-02-04,23.5,25.7,23.23,25.7,166453.3,409890.26
002791.SZ,2026-02-05,26.25,26.84,25.95,25.99,255262.5,672525.82
002791.SZ,2026-02-06,25.51,26.29,25.51,25.55,138333.06,357709.51
002791.SZ,2026-02-09,25.66,26.35,25.33,25.94,148991.62,385888.19
002791.SZ,2026-02-10,26.0,26.18,24.89,25.02,138001.18,349266.1
002791.SZ,2026-02-11,25.04,25.58,24.88,24.99,87173.05,219708.6
002791.SZ,2026-02-12,25.0,25.3,24.55,24.63,71628.93,177715.15
002791.SZ,2026-02-13,24.53,24.76,23.88,23.92,71978.92,174217.98
002791.SZ,2026-02-24,24.16,24.23,23.9,24.08,57214.0,137826.88
002791.SZ,2026-02-25,24.34,26.14,24.19,25.45,182242.72,461658.4
002791.SZ,2026-02-26,25.4,25.49,24.8,24.89,85479.63,214139.95
002791.SZ,2026-02-27,24.78,25.03,24.46,24.71,69202.35,171033.5
002791.SZ,2026-03-02,24.05,25.03,23.98,24.14,90523.2,220328.87
002791.SZ,2026-03-03,24.47,24.48,23.16,23.27,81685.0,192860.7
002791.SZ,2026-03-04,23.0,23.12,22.42,22.7,77744.3,177099.81
002791.SZ,2026-03-05,23.12,23.19,22.65,22.81,54478.94,124613.62
002791.SZ,2026-03-06,22.75,23.42,22.65,23.3,58251.16,134873.71
002791.SZ,2026-03-09,23.07,23.44,22.72,23.2,63593.0,146697.57
002791.SZ,2026-03-10,23.38,23.46,23.17,23.25,41330.87,96196.79
002791.SZ,2026-03-11,23.26,23.46,23.05,23.11,53495.81,124181.48
002791.SZ,2026-03-12,23.11,23.17,22.51,22.57,60885.0,138489.38
002791.SZ,2026-03-13,22.4,22.97,22.39,22.47,49710.74,112749.52
002791.SZ,2026-03-16,22.48,22.78,22.11,22.3,48734.0,109089.0
002791.SZ,2026-03-17,22.31,22.83,22.21,22.25,58718.0,132095.26
002791.SZ,2026-03-18,22.25,22.34,21.88,22.14,45760.98,100960.63
002791.SZ,2026-03-19,21.88,21.98,21.5,21.62,46694.86,101348.14
002791.SZ,2026-03-20,21.74,21.78,21.17,21.23,50209.1,107592.31
002791.SZ,2026-03-23,21.03,21.03,19.88,19.93,73479.87,149867.51
002791.SZ,2026-03-24,20.3,20.33,19.9,20.31,52749.5,106095.67
002791.SZ,2026-03-25,20.32,20.58,20.25,20.49,48926.58,100180.91
002791.SZ,2026-03-26,20.4,20.6,20.12,20.25,38050.66,77299.27
002791.SZ,2026-03-27,19.92,20.37,19.88,20.37,45672.31,92154.62
002791.SZ,2026-03-30,20.07,20.25,19.6,20.16,62425.57,124133.45
002791.SZ,2026-03-31,20.03,20.38,19.59,19.79,62851.0,125667.03
002791.SZ,2026-04-01,20.0,20.2,19.87,20.17,41561.17,83402.2
002791.SZ,2026-04-02,20.15,20.2,19.81,19.86,36311.92,72429.93
002791.SZ,2026-04-03,19.96,19.96,19.16,19.2,43389.31,84285.99
002791.SZ,2026-04-07,19.22,19.25,18.8,18.95,52094.63,99006.92
002791.SZ,2026-04-08,19.33,19.67,19.22,19.66,84268.68,163556.34
002791.SZ,2026-04-09,19.48,19.48,18.81,18.89,81491.4,155197.11
002791.SZ,2026-04-10,18.94,19.26,18.94,19.13,53811.18,102999.76
002791.SZ,2026-04-13,18.93,19.22,18.81,19.11,51060.58,97053.78
002791.SZ,2026-04-14,19.28,19.54,18.96,19.46,58940.0,113625.21
002791.SZ,2026-04-15,19.5,19.62,19.3,19.37,43514.37,84596.86
002791.SZ,2026-04-16,19.41,19.49,19.27,19.49,33238.0,64434.48
002791.SZ,2026-04-17,19.42,19.58,19.14,19.37,42563.62,82178.54
002791.SZ,2026-04-20,19.4,19.4,19.17,19.29,32154.5,61923.37
002791.SZ,2026-04-21,19.29,19.34,18.91,18.96,43002.45,81846.66
002791.SZ,2026-04-22,18.96,18.98,18.59,18.63,59374.31,111029.48
002791.SZ,2026-04-23,18.65,18.72,18.22,18.29,56093.69,103047.81
002791.SZ,2026-04-24,18.2,18.24,17.86,17.99,46283.6,83438.61
002791.SZ,2026-04-27,17.89,18.22,17.68,18.16,37010.41,66565.77
002791.SZ,2026-04-28,18.16,18.3,17.86,18.07,38087.61,68867.28
002791.SZ,2026-04-29,17.86,18.58,17.85,18.47,53062.12,97711.85
002791.SZ,2026-04-30,18.45,18.53,18.24,18.36,34612.62,63660.78
002791.SZ,2026-06-05,15.18,15.65,15.16,15.3,44057.0,67826.56
002791.SZ,2026-06-08,15.11,15.32,14.52,14.72,56901.0,84776.79
002791.SZ,2026-06-09,14.8,15.0,14.57,14.72,37422.4,55081.44
002791.SZ,2026-06-10,14.6,14.78,14.35,14.62,36728.0,53316.2
002791.SZ,2026-06-11,14.5,14.63,14.25,14.39,43708.0,63019.27
002791.SZ,2026-06-12,14.51,14.74,14.37,14.42,48474.14,70619.43
002791.SZ,2026-06-15,14.6,14.82,14.42,14.53,46949.83,68496.27
002791.SZ,2026-06-16,14.47,14.53,14.09,14.11,60288.05,85558.98
002791.SZ,2026-06-17,14.12,14.53,13.89,14.1,65211.03,92322.29
002791.SZ,2026-06-18,14.01,14.29,13.7,14.09,53534.31,75088.95
002791.SZ,2026-06-22,14.0,14.22,13.44,14.15,57952.0,80046965.65
002791.SZ,2026-06-23,14.0,14.45,14.0,14.2,48227.0,68818539.25
002791.SZ,2026-06-24,14.21,14.22,13.45,13.53,57132.0,77910268.0
002791.SZ,2026-06-25,13.48,13.75,13.24,13.49,47441.0,64050323.03
002791.SZ,2026-06-26,13.38,13.5,13.1,13.1,40349.0,53560852.22
002791.SZ,2026-06-29,13.1,13.49,12.75,13.36,62494.0,82500816.21
002791.SZ,2026-06-30,13.36,13.37,12.97,13.1,43242.0,56687634.6
002791.SZ,2026-07-01,13.1,13.66,12.97,13.5,58552.0,78319528.9
002791.SZ,2026-07-03,13.48,13.84,13.45,13.71,45513.0,62145.85
002791.SZ,2026-07-06,13.62,13.96,13.61,13.8,47011.67,64883.72
002791.SZ,2026-07-07,13.75,14.53,13.38,14.39,85464.59,119305.77
002791.SZ,2026-07-08,14.31,15.28,13.8,15.01,135671.61,197246.44
002791.SZ,2026-07-09,14.76,15.6,14.37,14.59,130205.73,195978.82
002791.SZ,2026-07-10,14.44,15.65,14.05,15.17,106792.07,158623.25
002791.SZ,2026-07-13,15.0,15.31,14.25,14.46,65408.96,95343.96
002791.SZ,2026-07-14,14.28,14.47,14.02,14.17,50933.04,72244.25
002791.SZ,2026-07-15,13.97,15.35,13.85,14.99,93889.1,139320.42
002791.SZ,2026-07-16,14.86,15.06,14.67,14.99,52515.87,78055.5
002791.SZ,2026-07-17,15.1,15.14,14.25,14.35,47324.0,69388.95
002791.SZ,2026-07-20,14.38,14.62,13.89,14.04,44835.5,63866.44
002791.SZ,2026-07-21,14.19,14.37,13.75,13.82,51991.84,72811.77
002791.SZ,2026-07-22,13.86,14.35,13.7,13.94,49115.06,68864.78
002791.SZ,2026-07-23,13.83,14.06,13.58,14.02,37543.0,51919.01
002791.SZ,2026-07-24,13.96,14.03,13.37,13.39,36863.0,50331.5
002791.SZ,2026-07-27,13.39,13.86,13.31,13.81,31328.83,42919.54
002791.SZ,2026-07-28,13.73,14.04,13.72,13.98,30583.24,42498.4
002791.SZ,2026-07-29,13.99,15.38,13.99,15.38,63997.99,95446.78
002791.SZ,2026-07-30,15.44,15.64,15.17,15.21,103305.66,159112.11
002791.SZ,2026-07-31,15.06,15.34,15.06,15.17,60666.42,92144.48
002791.SZ,2026-08-03,15.17,15.58,15.17,15.32,54389.42,83548.16
002791.SZ,2026-08-04,15.5,15.5,15.24,15.41,45241.54,69554.45
002791.SZ,2026-08-05,15.35,15.42,15.19,15.29,47631.88,72882.46
002791.SZ,2026-08-06,15.34,15.41,15.01,15.32,48059.0,73069.34
002791.SZ,2026-08-07,15.38,16.0,15.35,15.63,91384.66,143607.74
002791.SZ,2026-08-10,15.71,16.25,15.7,15.97,71213.05,113852.66
002791.SZ,2026-08-11,15.85,16.09,15.43,15.52,55962.02,87433.13
002791.SZ,2026-08-12,15.53,15.83,15.41,15.77,42566.32,66464.75
002791.SZ,2026-08-13,15.86,15.86,15.37,15.37,44302.08,68856.91
002791.SZ,2026-08-14,15.38,15.38,14.92,15.04,40682.06,61270.75
002791.SZ,2026-08-17,15.0,15.06,14.69,15.02,32646.65,48599.84
002791.SZ,2026-08-18,15.02,15.02,14.73,14.78,24432.69,36245.8
002791.SZ,2026-08-19,14.78,15.06,14.42,14.45,39012.0,57498.15
002791.SZ,2026-08-20,14.62,15.34,14.53,15.15,63255.0,94638.4
002791.SZ,2026-08-21,15.16,15.16,14.57,14.9,38812.0,57476.41
002791.SZ,2026-08-24,14.84,15.1,14.51,14.6,28404.42,41879.69
002791.SZ,2026-08-25,14.51,14.9,14.39,14.88,22115.0,32677.94
002791.SZ,2026-08-26,14.84,15.04,14.81,14.91,22261.0,33236.46
002791.SZ,2026-08-27,14.91,15.02,14.73,14.99,24302.0,36231.67
002791.SZ,2026-08-28,15.01,15.4,14.94,15.26,31673.49,48166.82
002791.SZ,2026-08-31,15.66,15.78,14.83,14.87,56198.0,84964.08
002791.SZ,2026-09-01,14.87,15.13,14.79,14.93,36166.95,54162.64
002791.SZ,2026-09-02,14.83,14.91,14.49,14.71,31458.15,46060.11
002791.SZ,2026-09-03,14.76,15.06,14.69,14.73,28163.28,41747.92
