symbol,datetime,open,high,low,close,volume,amount
002862.SZ,2017-04-11,14.74,16.08,14.74,16.08,55.0,88.31
002862.SZ,2017-04-12,17.69,17.69,17.69,17.69,20.0,35.38
002862.SZ,2017-04-13,19.46,19.46,19.46,19.46,35.0,68.11
002862.SZ,2017-04-14,21.41,21.41,21.41,21.41,47.0,100.63
002862.SZ,2017-04-17,23.55,23.55,23.55,23.55,72.0,169.56
002862.SZ,2017-04-18,25.91,25.91,25.91,25.91,71.0,183.96
002862.SZ,2017-04-19,28.5,28.5,28.5,28.5,164.0,467.4
002862.SZ,2017-04-20,31.35,31.35,31.35,31.35,113.51,355.85
002862.SZ,2017-04-21,34.49,34.49,34.49,34.49,1097.0,3783.55
002862.SZ,2017-04-24,37.94,37.94,37.94,37.94,6068.51,23023.93
002862.SZ,2017-04-25,39.03,40.66,38.71,39.13,114934.83,454913.15
002862.SZ,2017-04-26,39.18,41.0,38.21,39.04,86066.43,341230.99
002862.SZ,2017-04-27,39.02,42.94,38.82,42.36,103280.78,423572.92
002862.SZ,2017-04-28,41.25,42.0,40.35,40.99,72592.04,298726.16
002862.SZ,2017-05-02,40.9,41.6,39.72,40.54,42518.91,172316.42
002862.SZ,2017-05-03,40.35,41.49,39.74,41.26,57942.52,236613.19
002862.SZ,2017-05-04,40.66,41.49,38.6,40.47,50897.34,204377.73
002862.SZ,2017-05-05,39.9,40.31,38.53,38.99,31763.2,125704.19
002862.SZ,2017-05-08,38.51,39.8,38.08,38.83,23367.33,91257.35
002862.SZ,2017-05-09,38.75,39.83,38.35,39.6,21706.83,85476.43
002862.SZ,2017-05-10,39.3,39.78,38.4,38.48,23393.86,91163.78
002862.SZ,2017-05-11,38.0,38.6,36.3,38.45,20994.37,79362.28
002862.SZ,2017-05-12,38.4,38.8,37.52,38.46,15379.0,58746.46
002862.SZ,2017-05-15,38.7,39.8,38.16,39.37,23155.61,90543.51
002862.SZ,2017-05-16,39.25,40.23,38.0,40.13,22129.0,87398.98
002862.SZ,2017-05-17,40.2,42.0,39.5,40.12,24175.6,97948.38
002862.SZ,2017-05-18,39.44,41.06,39.21,40.69,21996.0,88907.4
002862.SZ,2017-05-19,40.58,40.94,39.52,40.0,15918.0,63810.69
002862.SZ,2017-05-22,39.98,40.17,36.98,37.5,23832.57,92096.82
002862.SZ,2017-05-23,37.0,37.5,33.75,33.75,32894.68,114423.05
002862.SZ,2017-05-24,33.5,34.28,33.0,34.02,12391.0,41749.9
002862.SZ,2017-05-25,33.69,34.38,31.85,34.0,13845.36,46213.58
002862.SZ,2017-05-26,33.82,35.1,33.0,34.37,11865.25,40575.95
002862.SZ,2017-05-31,35.5,36.9,34.12,34.24,18041.25,64613.26
002862.SZ,2017-06-01,33.89,33.98,32.15,32.44,13646.68,44988.41
002862.SZ,2017-06-02,32.2,33.43,31.7,33.06,9583.4,31373.05
002862.SZ,2017-06-05,33.98,34.2,33.3,33.62,9065.0,30614.85
002862.SZ,2017-06-06,33.0,35.69,32.95,34.78,14351.0,49304.95
002862.SZ,2017-06-07,34.5,36.2,34.32,35.72,17616.86,62628.04
002862.SZ,2017-06-08,35.73,36.2,35.03,35.7,12680.84,45181.74
002862.SZ,2017-06-09,35.58,36.97,35.12,35.56,10577.07,37648.25
002862.SZ,2017-06-12,34.91,35.0,33.4,33.98,13092.17,44683.46
002862.SZ,2017-06-13,33.55,35.11,33.55,34.87,10424.29,36046.83
002862.SZ,2017-06-14,35.01,35.2,34.16,34.96,11350.0,39491.5
002862.SZ,2017-06-15,34.5,35.9,34.5,35.48,13619.0,48280.55
002862.SZ,2017-06-16,35.36,37.57,34.7,36.89,23315.86,84416.32
002862.SZ,2017-06-19,36.7,37.09,36.2,36.78,11460.62,41975.68
002862.SZ,2017-06-20,36.55,37.05,36.15,36.55,9384.68,34263.95
002862.SZ,2017-06-21,36.52,37.0,35.98,36.18,5840.53,21264.78
002862.SZ,2017-06-22,36.05,36.29,35.07,35.11,6453.0,23041.16
002862.SZ,2017-06-23,35.0,35.92,33.01,34.16,11660.0,39876.94
002862.SZ,2017-06-26,34.3,35.17,33.81,35.0,9371.0,32579.92
002862.SZ,2017-06-27,34.75,35.6,34.75,34.96,5381.23,18890.91
002862.SZ,2017-06-28,34.97,34.97,33.78,33.89,4940.06,16836.22
002862.SZ,2017-06-29,34.0,34.25,33.84,33.9,3388.0,11522.35
002862.SZ,2017-06-30,33.87,34.7,33.51,34.4,4901.68,16749.2
002862.SZ,2017-07-03,34.41,34.47,34.0,34.34,3728.0,12753.77
002862.SZ,2017-07-04,34.28,35.38,34.28,35.28,6577.0,22843.29
002862.SZ,2017-07-05,35.3,36.29,35.16,35.58,8658.29,30795.85
002862.SZ,2017-07-06,35.99,36.17,35.02,36.14,11041.37,39448.55
002862.SZ,2017-07-07,36.99,37.75,36.5,37.38,23886.72,88902.4
002862.SZ,2017-07-10,37.1,37.1,35.18,35.69,20395.41,72828.24
002862.SZ,2017-07-11,35.59,36.29,34.9,34.96,10238.0,36205.08
002862.SZ,2017-07-12,35.2,35.37,34.01,35.15,9417.31,32541.39
002862.SZ,2017-07-13,35.2,35.78,34.35,35.18,9266.02,32436.43
002862.SZ,2017-07-14,35.29,35.29,34.35,34.67,5039.02,17507.09
002862.SZ,2017-07-17,34.66,34.66,31.2,31.2,11255.0,35770.91
002862.SZ,2017-07-18,29.55,29.9,28.08,29.78,23219.0,67136.29
002862.SZ,2017-07-19,28.97,29.72,28.4,29.72,13480.04,39085.32
002862.SZ,2017-07-20,29.53,31.5,29.06,31.29,24430.04,74578.41
002862.SZ,2017-07-21,33.0,33.51,30.64,30.64,76613.07,249419.76
002862.SZ,2017-07-24,29.08,29.25,27.58,29.1,34375.63,97766.63
002862.SZ,2017-07-25,28.82,29.5,28.11,28.98,22735.46,65497.24
002862.SZ,2017-07-26,28.92,28.93,28.01,28.3,15217.26,43255.1
002862.SZ,2017-07-27,28.04,29.25,27.7,29.01,22163.59,63428.03
002862.SZ,2017-07-28,28.86,28.99,28.31,28.36,14174.59,40482.41
002862.SZ,2017-07-31,28.47,28.62,28.14,28.32,9236.0,26230.51
002862.SZ,2017-08-01,28.38,28.5,27.93,28.4,8679.36,24526.82
002862.SZ,2017-08-02,28.45,28.45,27.66,28.18,11320.91,31761.99
002862.SZ,2017-08-03,27.97,28.52,27.88,28.18,9906.0,27990.35
002862.SZ,2017-08-04,28.2,28.32,27.71,28.13,10785.0,30179.58
002862.SZ,2017-08-07,28.38,28.39,28.05,28.39,9071.09,25636.27
002862.SZ,2017-08-08,28.63,28.63,28.02,28.21,8008.27,22626.97
002862.SZ,2017-08-09,28.24,28.24,27.8,27.9,6962.0,19482.56
002862.SZ,2017-08-10,27.76,28.0,26.83,27.04,13492.12,36779.88
002862.SZ,2017-08-11,26.5,26.69,25.86,25.86,9480.69,24935.9
002862.SZ,2017-08-14,25.74,26.3,25.74,26.25,14865.45,38747.29
002862.SZ,2017-08-15,26.5,26.79,26.35,26.63,12847.21,34109.25
002862.SZ,2017-08-16,26.66,27.31,26.63,27.17,13471.12,36398.42
002862.SZ,2017-08-17,27.15,27.15,26.81,26.96,10488.0,28332.85
002862.SZ,2017-08-18,26.84,27.09,26.76,26.84,7669.18,20607.78
002862.SZ,2017-08-21,26.91,27.58,26.91,27.45,11280.09,30805.34
002862.SZ,2017-08-22,27.45,27.78,27.31,27.55,11538.0,31765.86
002862.SZ,2017-08-23,27.6,28.5,27.4,28.11,19397.18,54131.53
002862.SZ,2017-08-24,28.21,29.48,27.94,28.36,33660.3,96868.43
002862.SZ,2017-08-25,28.0,29.3,27.56,29.13,38564.12,110300.87
002862.SZ,2017-08-28,29.3,30.88,29.3,30.5,34197.99,103048.04
002862.SZ,2017-08-29,30.91,32.05,30.21,31.11,41101.18,127905.06
002862.SZ,2017-08-30,31.58,33.44,30.8,33.05,43997.52,142479.69
002862.SZ,2017-08-31,33.05,33.36,32.5,32.99,28410.63,93349.99
002862.SZ,2017-09-01,33.04,33.97,32.8,33.58,26505.87,88250.74
002862.SZ,2017-09-04,33.45,33.45,32.1,32.7,16841.49,54762.75
002862.SZ,2017-09-05,32.56,32.86,32.08,32.5,8099.0,26284.48
002862.SZ,2017-09-06,32.25,32.55,31.75,32.43,6890.72,22187.84
002862.SZ,2017-09-07,32.4,32.81,32.0,32.14,7220.0,23474.73
002862.SZ,2017-09-08,31.95,32.26,31.35,31.77,8492.0,26991.99
002862.SZ,2017-09-11,31.77,32.85,31.73,32.85,10061.15,32501.39
002862.SZ,2017-09-12,32.94,33.49,32.18,32.48,12808.0,42087.51
002862.SZ,2017-09-13,32.75,32.75,32.12,32.47,5435.0,17586.53
002862.SZ,2017-09-14,32.46,32.6,32.0,32.0,6974.0,22507.33
002862.SZ,2017-09-15,31.91,32.59,31.65,31.8,16120.96,51510.31
002862.SZ,2017-09-18,31.48,32.0,30.3,31.5,12447.0,38449.62
002862.SZ,2017-09-19,31.16,31.99,31.16,31.71,7273.0,23025.6
002862.SZ,2017-09-20,31.71,32.2,31.4,32.07,8947.63,28547.21
002862.SZ,2017-09-21,32.26,32.6,31.96,32.6,10704.53,34704.06
002862.SZ,2017-09-22,32.57,33.18,32.1,32.65,7539.0,24628.61
002862.SZ,2017-09-25,32.5,33.18,32.1,32.95,10755.0,35342.35
002862.SZ,2017-09-26,32.62,32.88,31.0,31.26,9197.0,28960.53
002862.SZ,2017-09-27,31.01,32.28,30.84,32.19,7272.0,23070.46
002862.SZ,2017-09-28,32.12,32.2,31.6,32.0,3441.49,10977.61
002862.SZ,2017-09-29,32.01,32.1,31.83,31.99,2728.0,8723.89
002862.SZ,2017-10-09,32.52,32.68,32.04,32.31,3140.0,10143.91
002862.SZ,2017-10-10,32.31,34.53,32.31,34.45,10209.0,33936.73
002862.SZ,2017-10-11,34.3,34.4,33.02,33.54,12001.0,40256.6
002862.SZ,2017-10-12,33.7,34.36,33.23,34.0,8835.0,30005.62
002862.SZ,2017-10-13,33.98,37.3,33.41,36.02,16959.99,60163.27
002862.SZ,2017-10-16,36.7,36.7,34.88,35.53,14391.99,51297.46
002862.SZ,2017-10-17,35.53,35.9,35.06,35.59,5497.0,19551.84
002862.SZ,2017-10-18,35.32,35.81,35.28,35.38,5943.0,21109.07
002862.SZ,2017-10-19,35.1,35.57,34.32,34.32,5831.0,20266.08
002862.SZ,2017-10-20,34.08,35.49,34.0,35.28,6363.0,22065.27
002862.SZ,2017-10-23,35.45,35.51,34.99,35.4,2661.85,9404.45
002862.SZ,2017-10-24,35.53,35.53,33.73,33.75,5933.18,20413.11
002862.SZ,2017-10-25,33.87,34.33,33.2,34.3,8429.0,28490.05
002862.SZ,2017-10-26,34.3,34.81,34.1,34.27,5639.94,19430.93
002862.SZ,2017-10-27,34.27,34.68,30.84,33.38,6443.09,21842.71
002862.SZ,2017-10-30,32.9,33.35,31.15,32.45,7860.0,25510.22
002862.SZ,2017-10-31,32.48,33.33,32.01,33.04,3919.01,12848.3
002862.SZ,2017-11-01,32.8,33.89,32.47,33.6,5202.02,17449.61
002862.SZ,2017-11-02,33.6,33.89,33.01,33.24,3954.0,13167.33
002862.SZ,2017-11-03,33.33,33.33,32.03,32.21,3696.0,12012.68
002862.SZ,2017-11-06,32.21,33.38,32.21,33.0,5239.0,17177.94
002862.SZ,2017-11-07,33.2,33.98,32.72,33.6,6018.18,20042.04
002862.SZ,2017-11-08,33.53,34.1,33.5,33.74,9548.18,32266.38
002862.SZ,2017-11-09,33.72,33.9,33.44,33.73,4157.0,14006.97
002862.SZ,2017-11-10,33.86,34.23,33.43,34.16,6748.0,22851.62
002862.SZ,2017-11-13,34.17,34.69,33.89,34.44,6166.84,21116.58
002862.SZ,2017-11-14,34.13,34.98,34.08,34.93,6700.17,23137.07
002862.SZ,2017-11-15,34.87,37.2,34.53,36.24,19537.08,70611.78
002862.SZ,2017-11-16,36.5,37.0,34.01,34.4,18174.93,65307.1
002862.SZ,2017-11-17,33.96,34.01,32.0,32.27,13753.97,45324.04
002862.SZ,2017-11-20,32.0,32.26,30.0,31.1,7740.0,24224.17
002862.SZ,2017-11-21,30.8,31.2,30.1,30.46,8320.25,25412.42
002862.SZ,2017-11-22,30.25,30.99,30.19,30.65,4622.23,14171.25
002862.SZ,2017-11-23,30.65,30.87,29.51,29.51,4646.11,14081.58
002862.SZ,2017-11-24,29.02,31.0,28.56,31.0,4209.0,12457.79
002862.SZ,2017-11-27,30.38,31.0,29.51,30.8,2836.0,8545.52
002862.SZ,2017-11-28,30.3,30.65,30.09,30.56,1993.0,6072.12
002862.SZ,2017-11-29,30.31,30.53,29.6,30.45,3307.0,9963.0
002862.SZ,2017-11-30,30.06,31.0,30.06,30.91,3496.0,10645.72
002862.SZ,2017-12-01,30.69,30.95,30.35,30.7,2904.0,8906.62
002862.SZ,2017-12-04,30.28,30.57,29.18,29.76,4372.0,12977.66
002862.SZ,2017-12-05,29.43,29.98,28.6,29.0,5503.0,15882.03
002862.SZ,2017-12-06,28.7,28.94,27.71,28.54,4854.0,13748.15
002862.SZ,2017-12-07,28.37,28.95,28.08,28.29,6290.36,17872.81
002862.SZ,2017-12-08,28.28,28.85,28.14,28.7,4035.36,11532.87
002862.SZ,2017-12-11,28.6,29.13,28.35,28.99,2546.0,7333.69
002862.SZ,2017-12-12,28.99,29.25,28.2,28.2,2157.0,6171.5
002862.SZ,2017-12-13,28.15,28.65,27.74,28.48,2759.0,7776.15
002862.SZ,2017-12-14,28.47,28.75,28.21,28.53,2225.0,6335.85
002862.SZ,2017-12-15,28.52,28.69,28.17,28.5,2314.0,6581.78
002862.SZ,2017-12-18,28.93,28.93,28.0,28.03,2070.0,5840.77
002862.SZ,2017-12-19,27.82,28.27,27.82,28.27,2270.0,6392.31
002862.SZ,2017-12-20,28.16,28.23,27.86,27.86,1304.0,3647.95
002862.SZ,2017-12-21,27.5,28.3,27.18,27.77,3127.0,8695.5
002862.SZ,2017-12-22,27.67,27.88,27.49,27.52,2109.0,5828.0
002862.SZ,2017-12-25,27.61,27.61,26.3,26.51,2284.47,6098.29
002862.SZ,2017-12-26,26.49,27.48,26.23,27.28,4233.0,11439.36
002862.SZ,2017-12-27,27.32,27.7,27.08,27.35,2390.47,6545.9
002862.SZ,2017-12-28,27.11,27.72,26.8,27.36,2853.0,7828.26
002862.SZ,2017-12-29,27.45,28.8,27.25,28.4,4268.0,11936.21
002862.SZ,2018-01-02,28.87,28.87,27.93,28.1,3994.0,11238.77
002862.SZ,2018-01-03,28.24,28.24,27.67,28.13,2708.0,7559.97
002862.SZ,2018-01-04,27.88,28.2,27.72,28.0,2055.0,5739.64
002862.SZ,2018-01-05,27.84,30.76,27.84,28.6,6215.01,17851.82
002862.SZ,2018-01-08,28.58,28.76,27.93,28.56,3943.0,11175.39
002862.SZ,2018-01-09,28.56,29.3,28.32,28.7,3493.0,10038.47
002862.SZ,2018-01-10,28.58,28.71,27.15,27.44,4870.17,13502.78
002862.SZ,2018-01-11,27.48,27.98,27.21,27.88,3717.0,10319.6
002862.SZ,2018-01-12,27.88,27.99,27.55,27.82,2668.0,7417.93
002862.SZ,2018-01-15,27.58,27.81,26.11,26.88,4460.0,11973.76
002862.SZ,2018-01-16,26.58,27.87,26.2,27.2,3376.17,9171.71
002862.SZ,2018-01-17,27.2,27.95,26.8,27.76,4251.0,11649.67
002862.SZ,2018-01-18,27.78,27.98,27.5,27.79,2952.0,8181.63
002862.SZ,2018-01-19,27.75,28.21,27.1,27.4,3229.35,8973.66
002862.SZ,2018-01-22,27.21,27.5,26.76,27.15,3106.0,8393.07
002862.SZ,2018-01-23,27.3,27.55,26.88,27.18,3112.0,8443.75
002862.SZ,2018-01-24,27.4,27.72,27.1,27.6,5434.17,14936.35
002862.SZ,2018-01-25,27.4,28.56,27.4,28.3,11261.01,31867.79
002862.SZ,2018-01-26,27.86,28.66,27.3,28.38,6705.84,19044.94
002862.SZ,2018-01-29,28.4,28.93,28.25,28.58,6351.0,18200.64
002862.SZ,2018-01-30,28.45,28.61,28.26,28.5,3008.0,8569.97
002862.SZ,2018-01-31,28.5,28.7,27.48,28.2,3379.0,9434.0
002862.SZ,2018-02-01,28.0,28.09,26.0,27.63,5039.17,13754.24
002862.SZ,2018-02-02,27.09,27.38,26.4,26.8,1121.17,3017.83
002862.SZ,2018-02-05,26.37,27.13,26.31,26.79,1285.0,3412.43
002862.SZ,2018-02-06,26.25,26.75,24.32,25.9,2901.47,7446.54
002862.SZ,2018-02-07,25.33,26.2,24.63,25.85,1988.0,5075.87
002862.SZ,2018-02-08,25.83,26.33,25.4,26.31,2402.86,6273.57
002862.SZ,2018-02-09,26.05,26.82,25.5,26.7,3465.16,9158.83
002862.SZ,2018-02-12,26.64,27.36,26.47,27.3,1907.0,5147.95
002862.SZ,2018-02-13,27.35,27.97,26.98,27.88,2732.0,7574.24
002862.SZ,2018-02-14,27.58,28.7,27.58,27.92,1622.0,4521.64
002862.SZ,2018-02-22,28.4,28.99,27.97,28.88,8336.0,23918.6
002862.SZ,2018-02-23,28.54,28.79,28.2,28.5,2973.0,8440.44
002862.SZ,2018-02-26,28.51,29.58,28.51,29.55,5652.0,16591.05
002862.SZ,2018-02-27,29.55,29.95,29.1,29.51,5687.86,16848.99
002862.SZ,2018-02-28,29.49,30.0,28.86,29.2,10930.17,32393.34
002862.SZ,2018-03-01,29.36,29.99,28.83,29.2,23301.17,68928.65
002862.SZ,2018-03-02,28.95,29.64,28.95,29.5,22451.0,66239.75
002862.SZ,2018-03-05,29.5,32.35,29.37,30.75,20448.0,62309.03
002862.SZ,2018-03-06,30.75,33.5,30.3,33.35,45484.85,145121.89
002862.SZ,2018-03-07,33.78,33.78,30.02,30.14,51659.98,156371.82
002862.SZ,2018-03-08,28.93,29.46,28.4,28.69,26190.0,75278.12
002862.SZ,2018-03-09,28.52,28.97,28.1,28.57,17374.98,49435.67
002862.SZ,2018-03-12,28.68,29.76,28.58,29.15,15954.15,46250.17
002862.SZ,2018-03-13,28.8,29.22,28.7,28.97,12384.0,35828.18
002862.SZ,2018-03-14,28.83,28.98,28.09,28.24,10438.0,29756.72
002862.SZ,2018-03-15,28.0,28.0,26.71,27.21,10145.0,27724.23
002862.SZ,2018-03-16,27.21,27.53,27.0,27.08,4653.15,12721.57
002862.SZ,2018-03-19,27.08,27.96,27.08,27.65,7028.11,19465.97
002862.SZ,2018-03-20,27.51,28.32,27.51,28.16,8806.0,24733.68
002862.SZ,2018-03-21,28.41,29.0,28.38,28.43,14099.0,40376.64
002862.SZ,2018-03-22,28.5,29.46,28.5,29.45,14822.0,43047.12
002862.SZ,2018-03-23,28.68,28.9,26.51,28.6,15325.0,42315.3
002862.SZ,2018-03-26,25.74,26.59,25.74,26.37,18418.0,47859.63
002862.SZ,2018-03-27,26.37,26.99,26.0,26.55,18567.0,49219.25
002862.SZ,2018-03-28,26.29,26.65,25.66,25.7,11502.0,30108.33
002862.SZ,2018-03-29,25.99,26.35,25.79,26.23,7986.0,20845.0
002862.SZ,2018-03-30,26.55,27.3,26.3,26.62,13025.38,34822.39
002862.SZ,2018-04-02,26.46,26.89,26.36,26.63,10764.0,28564.09
002862.SZ,2018-04-03,26.36,26.55,26.08,26.3,8139.0,21419.73
002862.SZ,2018-04-04,26.6,26.75,26.3,26.38,8731.0,23160.37
002862.SZ,2018-04-09,26.16,26.64,25.85,26.55,8312.99,21935.69
002862.SZ,2018-04-10,26.5,26.76,25.94,26.26,7736.0,20377.92
002862.SZ,2018-04-11,26.16,26.96,26.16,26.85,10789.1,28791.57
002862.SZ,2018-04-12,26.93,27.83,26.6,27.8,18622.72,50861.51
002862.SZ,2018-04-13,27.12,27.8,26.75,27.62,15415.73,41912.5
002862.SZ,2018-04-16,27.7,27.7,26.91,27.0,6433.73,17464.57
002862.SZ,2018-04-17,26.74,27.33,25.43,25.69,7521.0,19716.64
002862.SZ,2018-04-18,26.0,26.08,24.79,25.51,6005.0,15208.6
002862.SZ,2018-04-19,25.54,25.74,25.33,25.42,3979.0,10140.09
002862.SZ,2018-04-20,25.44,25.44,24.39,24.59,4329.0,10754.2
002862.SZ,2018-04-23,24.59,24.8,24.39,24.65,2383.0,5864.81
002862.SZ,2018-04-24,24.9,25.5,24.72,25.35,4038.0,10197.89
002862.SZ,2018-04-25,25.19,25.65,25.12,25.4,3305.0,8396.97
002862.SZ,2018-04-26,25.04,25.5,24.62,24.74,3027.0,7567.67
002862.SZ,2018-04-27,24.63,24.92,24.41,24.62,2346.0,5786.97
002862.SZ,2018-05-02,24.66,24.86,23.68,23.8,4406.0,10621.1
002862.SZ,2018-05-03,23.86,25.54,22.61,25.25,8284.0,20298.22
002862.SZ,2018-05-04,24.71,24.94,24.37,24.37,4325.0,10680.34
002862.SZ,2018-05-07,24.38,25.08,24.38,24.82,3287.84,8153.8
002862.SZ,2018-05-08,25.35,25.35,24.91,25.3,4507.0,11350.19
002862.SZ,2018-05-09,25.25,25.9,25.18,25.42,4776.0,12192.68
002862.SZ,2018-05-10,25.68,25.85,25.4,25.63,3453.73,8847.69
002862.SZ,2018-05-11,25.62,26.29,25.07,25.29,5917.0,15230.6
002862.SZ,2018-05-14,25.28,25.57,22.99,24.75,3983.0,9957.96
002862.SZ,2018-05-15,24.87,25.53,24.87,25.4,3567.0,9005.81
002862.SZ,2018-05-16,25.4,25.63,25.11,25.22,3283.0,8321.78
002862.SZ,2018-05-17,25.37,25.37,25.11,25.22,3234.0,8149.42
002862.SZ,2018-05-18,25.28,25.37,24.96,25.23,4898.0,12323.21
002862.SZ,2018-05-21,25.23,25.96,25.23,25.93,5274.67,13551.39
002862.SZ,2018-05-22,26.37,27.16,26.37,26.88,12133.67,32506.24
002862.SZ,2018-05-23,26.38,26.8,26.08,26.32,6948.4,18292.47
002862.SZ,2018-05-24,26.12,26.37,26.02,26.04,4585.0,11993.97
002862.SZ,2018-05-25,25.96,26.4,25.6,26.26,4994.0,12974.57
002862.SZ,2018-05-28,25.81,26.46,25.81,26.37,5364.0,14019.38
002862.SZ,2018-05-29,26.4,27.25,26.08,26.38,7262.02,19377.34
002862.SZ,2018-05-30,25.8,25.8,23.88,24.19,7155.0,17766.59
002862.SZ,2018-05-31,24.87,24.87,24.3,24.7,3538.73,8707.36
002862.SZ,2018-06-01,24.87,25.5,24.43,24.53,5149.58,12834.25
002862.SZ,2018-06-04,24.65,24.94,23.86,24.13,5364.0,12963.45
002862.SZ,2018-06-05,24.13,24.79,24.0,24.62,7856.0,19128.94
002862.SZ,2018-06-06,24.85,24.99,24.52,24.99,6855.84,17015.81
002862.SZ,2018-06-07,25.0,25.07,24.27,24.4,5235.0,12876.34
002862.SZ,2018-06-08,24.3,24.36,23.66,23.99,5441.0,13043.59
002862.SZ,2018-06-11,23.76,24.5,23.7,23.76,4721.0,11345.37
002862.SZ,2018-06-12,23.97,23.97,23.18,23.79,4593.0,10846.22
002862.SZ,2018-06-13,23.73,23.73,22.71,22.72,5945.0,13749.14
002862.SZ,2018-06-14,22.33,23.05,22.31,22.8,2550.0,5819.54
002862.SZ,2018-06-15,22.72,22.99,21.38,21.38,6363.85,14032.95
002862.SZ,2018-06-19,21.0,21.0,19.24,19.24,6276.0,12568.67
002862.SZ,2018-06-20,19.18,20.19,18.9,19.75,4958.0,9745.1
002862.SZ,2018-06-21,19.96,20.48,19.08,20.34,7214.58,14287.17
002862.SZ,2018-06-22,20.0,21.44,19.7,21.13,10842.97,22635.37
002862.SZ,2018-06-25,20.95,21.31,20.47,20.5,5143.0,10668.55
002862.SZ,2018-06-26,20.56,20.94,20.03,20.7,3136.0,6457.13
002862.SZ,2018-06-27,20.56,20.8,20.5,20.53,2919.0,6038.3
002862.SZ,2018-06-28,20.63,20.76,20.08,20.08,3287.97,6750.76
002862.SZ,2018-06-29,20.18,20.99,20.1,20.7,3622.82,7448.59
002862.SZ,2018-07-02,20.7,20.94,20.06,20.35,3063.0,6270.36
002862.SZ,2018-07-03,20.1,20.91,20.05,20.76,4057.0,8364.13
002862.SZ,2018-07-04,20.54,20.78,19.85,20.0,4622.83,9334.51
002862.SZ,2018-07-05,19.85,20.2,19.16,19.39,3416.0,6751.47
002862.SZ,2018-07-06,19.48,19.84,19.05,19.62,3895.0,7572.68
002862.SZ,2018-07-09,19.68,20.08,19.67,20.0,1956.0,3901.25
002862.SZ,2018-07-10,20.0,20.3,19.81,20.18,3226.83,6471.21
002862.SZ,2018-07-11,20.15,20.15,19.18,19.41,2925.85,5730.84
002862.SZ,2018-07-12,19.9,20.21,19.53,20.03,3690.0,7361.96
002862.SZ,2018-07-13,20.17,20.35,19.97,20.15,3390.0,6828.69
002862.SZ,2018-07-16,20.02,20.29,19.94,20.12,1950.0,3913.84
002862.SZ,2018-07-17,20.11,20.15,19.5,20.08,2564.0,5098.75
002862.SZ,2018-07-18,20.09,20.46,19.87,19.88,5175.0,10411.62
002862.SZ,2018-07-19,20.05,20.05,19.21,19.4,4902.0,9561.62
002862.SZ,2018-07-20,19.39,19.99,19.31,19.81,3993.0,7810.13
002862.SZ,2018-07-23,19.82,19.99,19.63,19.86,3227.0,6389.67
002862.SZ,2018-07-24,20.0,20.36,19.75,20.25,3570.0,7209.84
002862.SZ,2018-07-25,20.3,20.6,20.15,20.28,4881.0,9935.6
002862.SZ,2018-07-26,20.28,20.46,20.18,20.36,4479.0,9104.66
002862.SZ,2018-07-27,20.58,20.6,20.18,20.29,3440.0,7020.16
002862.SZ,2018-07-30,20.18,20.35,19.7,19.79,2634.0,5277.99
002862.SZ,2018-07-31,20.94,21.77,20.94,21.77,30922.09,67095.53
002862.SZ,2018-08-01,20.3,21.88,20.3,21.8,33390.06,71111.8
002862.SZ,2018-08-02,21.1,21.64,20.56,21.35,18522.15,39142.1
002862.SZ,2018-08-03,21.14,21.8,20.33,20.43,14454.0,30051.17
002862.SZ,2018-08-06,20.41,20.41,18.39,18.39,19152.36,36253.56
002862.SZ,2018-08-07,18.39,18.65,17.66,18.54,11941.31,21835.57
002862.SZ,2018-08-08,18.5,18.56,17.83,17.94,8657.67,15740.61
002862.SZ,2018-08-09,17.94,18.47,17.61,18.34,6825.0,12487.41
002862.SZ,2018-08-10,18.2,18.9,18.11,18.63,5240.0,9712.53
002862.SZ,2018-08-13,18.5,18.72,18.1,18.65,4213.28,7789.48
002862.SZ,2018-08-14,18.6,19.75,18.6,19.0,7678.24,14704.75
002862.SZ,2018-08-15,18.81,18.91,18.05,18.34,5387.0,9970.44
002862.SZ,2018-08-16,18.18,19.19,17.66,18.83,12652.0,23825.34
002862.SZ,2018-08-17,19.2,19.95,18.88,19.11,13904.0,26812.32
002862.SZ,2018-08-20,18.68,18.94,17.88,18.67,7539.0,13903.79
002862.SZ,2018-08-21,18.61,18.81,18.2,18.6,4011.0,7421.85
002862.SZ,2018-08-22,18.57,18.57,18.03,18.2,2724.18,4982.86
002862.SZ,2018-08-23,18.12,18.39,18.12,18.25,2109.18,3854.2
002862.SZ,2018-08-24,18.34,18.39,18.17,18.25,2565.18,4682.74
002862.SZ,2018-08-27,18.25,18.66,18.24,18.55,3906.0,7195.85
002862.SZ,2018-08-28,18.54,18.6,18.36,18.48,2600.67,4804.9
002862.SZ,2018-08-29,18.48,18.5,18.31,18.33,1914.67,3518.36
002862.SZ,2018-08-30,18.34,18.47,18.1,18.1,2579.0,4726.1
002862.SZ,2018-08-31,18.18,18.28,17.57,17.57,5100.28,9091.24
002862.SZ,2018-09-03,17.54,17.73,16.57,17.04,4734.0,8038.46
002862.SZ,2018-09-04,17.1,17.25,16.9,17.11,5333.0,9104.16
002862.SZ,2018-09-05,17.09,17.19,16.6,16.88,4389.0,7473.05
002862.SZ,2018-09-06,16.97,17.15,16.7,16.75,6096.73,10291.83
002862.SZ,2018-09-07,16.75,16.98,16.61,16.78,5907.66,9929.5
002862.SZ,2018-09-10,16.82,16.88,16.33,16.38,4691.0,7786.71
002862.SZ,2018-09-11,16.96,17.0,16.22,16.55,9154.0,15184.17
002862.SZ,2018-09-12,16.42,16.65,16.2,16.41,5133.0,8420.96
002862.SZ,2018-09-13,16.52,16.61,16.26,16.42,8323.0,13668.3
002862.SZ,2018-09-14,16.46,16.58,16.34,16.41,5591.0,9210.15
002862.SZ,2018-09-17,16.44,16.44,16.01,16.41,6702.0,10861.52
002862.SZ,2018-09-18,16.26,16.51,16.16,16.47,5878.0,9610.13
002862.SZ,2018-09-19,16.45,16.74,16.34,16.62,6962.0,11561.3
002862.SZ,2018-09-20,16.62,16.68,16.48,16.5,3812.0,6315.74
002862.SZ,2018-09-21,16.44,16.75,16.44,16.67,13537.0,22473.76
002862.SZ,2018-09-25,16.63,16.77,16.51,16.67,5825.0,9702.05
002862.SZ,2018-09-26,16.7,16.83,16.61,16.7,6583.0,11003.68
002862.SZ,2018-09-27,16.71,16.72,16.11,16.18,4109.0,6766.36
002862.SZ,2018-09-28,16.18,16.37,16.18,16.28,4276.0,6953.6
002862.SZ,2018-10-08,16.0,16.09,15.53,15.56,4934.0,7789.79
002862.SZ,2018-10-09,15.55,15.79,15.51,15.57,5947.0,9293.68
002862.SZ,2018-10-10,15.6,15.95,15.57,15.93,10445.0,16517.24
002862.SZ,2018-10-11,15.55,15.59,14.5,14.6,9221.0,13972.79
002862.SZ,2018-10-12,14.64,16.06,14.15,16.05,72145.1,111018.08
002862.SZ,2018-10-15,16.0,17.66,15.71,17.66,89284.18,147251.69
002862.SZ,2018-10-16,17.4,18.54,17.11,17.3,106469.18,189327.98
002862.SZ,2018-10-17,16.6,17.87,16.6,17.5,70837.0,122325.55
002862.SZ,2018-10-18,17.07,19.25,16.6,19.25,109866.26,197416.39
002862.SZ,2018-10-19,18.0,20.46,17.4,19.15,110054.54,206177.67
002862.SZ,2018-10-22,19.1,20.65,18.4,19.92,98408.54,191308.14
002862.SZ,2018-10-23,19.2,19.2,18.0,18.04,77546.97,144273.54
002862.SZ,2018-10-24,17.69,18.57,17.51,18.07,53247.97,96257.52
002862.SZ,2018-10-25,17.26,17.92,17.05,17.85,41076.7,71918.85
002862.SZ,2018-10-26,18.0,18.18,17.3,17.45,28953.91,51162.58
002862.SZ,2018-10-29,17.25,19.2,16.21,19.2,86982.91,157207.75
002862.SZ,2018-10-30,19.05,20.3,18.8,19.48,103385.17,200488.72
002862.SZ,2018-10-31,19.0,19.69,18.71,19.29,72113.26,139131.51
002862.SZ,2018-11-01,18.91,20.93,18.73,20.0,92397.95,181299.1
002862.SZ,2018-11-02,19.65,22.0,19.38,22.0,108719.16,222677.65
002862.SZ,2018-11-05,22.01,24.2,21.23,24.2,119305.22,270009.61
002862.SZ,2018-11-06,24.6,26.5,22.98,24.64,126886.29,311623.83
002862.SZ,2018-11-07,24.0,24.3,22.69,22.84,95616.32,224107.46
002862.SZ,2018-11-08,22.84,24.74,21.85,24.02,107704.6,248902.6
002862.SZ,2018-11-09,23.0,23.0,21.62,21.62,47982.0,106702.0
002862.SZ,2018-11-12,20.51,21.82,20.2,21.33,67151.6,141059.16
002862.SZ,2018-11-13,20.99,21.65,20.66,21.43,61872.94,131791.52
002862.SZ,2018-11-14,21.23,21.75,20.9,21.01,45368.0,96341.97
002862.SZ,2018-11-15,21.01,21.85,21.01,21.69,52423.59,112867.59
002862.SZ,2018-11-16,21.63,22.44,21.39,22.15,62289.96,137109.27
002862.SZ,2018-11-19,21.85,22.28,20.67,21.45,47154.0,101707.37
002862.SZ,2018-11-20,21.16,21.73,20.91,21.06,30808.0,65448.87
002862.SZ,2018-11-21,20.93,20.93,20.22,20.72,23138.0,47608.69
002862.SZ,2018-11-22,20.9,20.92,20.25,20.41,22621.3,46385.83
002862.SZ,2018-11-23,20.35,20.41,18.58,19.19,30949.46,59900.15
002862.SZ,2018-11-26,19.05,20.85,18.58,20.76,48233.71,96509.37
002862.SZ,2018-11-27,20.3,20.7,19.9,20.2,34333.93,69654.06
002862.SZ,2018-11-28,19.99,20.15,19.2,19.77,19952.0,39361.39
002862.SZ,2018-11-29,19.81,20.35,19.19,19.19,17852.0,35275.97
002862.SZ,2018-11-30,19.03,19.32,18.67,19.07,19817.0,37547.03
002862.SZ,2018-12-03,19.65,19.94,19.36,19.51,21297.69,41913.36
002862.SZ,2018-12-04,19.51,19.96,19.41,19.82,19879.98,39029.97
002862.SZ,2018-12-05,19.45,19.51,19.1,19.13,17987.0,34649.79
002862.SZ,2018-12-06,19.22,19.34,18.82,18.85,12619.0,23989.64
002862.SZ,2018-12-07,18.9,19.29,18.8,19.12,10617.0,20189.35
002862.SZ,2018-12-10,18.71,19.12,18.71,18.8,8127.0,15363.78
002862.SZ,2018-12-11,18.94,20.68,18.21,20.68,49436.32,98706.49
002862.SZ,2018-12-12,20.83,21.9,20.66,21.45,82184.23,174895.79
002862.SZ,2018-12-13,21.13,21.23,20.7,20.92,42748.7,89607.33
002862.SZ,2018-12-14,20.84,21.17,19.76,19.97,35698.69,73221.39
002862.SZ,2018-12-17,20.2,21.97,19.36,21.97,65735.92,138894.36
002862.SZ,2018-12-18,22.2,23.4,21.63,22.42,95223.33,212315.24
002862.SZ,2018-12-19,22.29,24.66,21.66,24.66,109239.85,250728.13
002862.SZ,2018-12-20,23.8,24.7,23.5,23.83,88977.56,212627.54
002862.SZ,2018-12-21,24.1,24.33,23.56,23.63,75243.62,179924.38
002862.SZ,2018-12-24,23.6,23.65,22.2,22.47,68185.63,155448.75
002862.SZ,2018-12-25,22.19,23.53,21.75,22.86,90182.43,206214.94
002862.SZ,2018-12-26,22.88,23.3,22.23,22.43,70800.62,161319.97
002862.SZ,2018-12-27,22.6,23.0,20.31,20.7,56971.01,125461.36
002862.SZ,2018-12-28,20.98,22.28,20.98,21.31,48996.2,106047.67
002862.SZ,2019-01-02,21.82,23.44,21.4,23.44,64446.66,144539.0
002862.SZ,2019-01-03,23.36,24.2,23.01,23.23,108227.82,255473.12
002862.SZ,2019-01-04,22.69,23.68,22.52,23.16,72352.62,167503.36
002862.SZ,2019-01-07,23.1,23.85,22.72,23.48,69249.01,161221.79
002862.SZ,2019-01-08,23.3,23.3,21.83,22.33,56589.33,126691.65
002862.SZ,2019-01-09,22.0,22.5,21.53,21.81,42884.28,94244.57
002862.SZ,2019-01-10,21.77,22.39,21.41,22.18,40186.08,88284.87
002862.SZ,2019-01-11,21.9,22.2,21.5,21.52,31198.33,67680.23
002862.SZ,2019-01-14,21.6,22.75,21.42,22.42,47062.33,104646.64
002862.SZ,2019-01-15,22.29,22.36,21.69,22.03,30374.01,66732.8
002862.SZ,2019-01-16,21.9,22.28,21.6,21.65,21314.0,46579.38
002862.SZ,2019-01-17,21.59,21.95,20.79,20.95,26270.0,56201.6
002862.SZ,2019-01-18,20.69,22.98,20.02,22.52,69072.94,151059.76
002862.SZ,2019-01-21,22.08,22.1,21.35,21.39,45904.0,99230.5
002862.SZ,2019-01-22,21.2,22.99,20.82,22.17,68352.8,151885.02
002862.SZ,2019-01-23,21.98,22.38,21.35,21.64,42618.2,92852.1
002862.SZ,2019-01-24,21.57,22.07,21.3,21.44,29694.2,64136.4
002862.SZ,2019-01-25,21.25,21.56,20.35,20.38,33131.0,69191.99
002862.SZ,2019-01-28,20.47,21.11,20.18,20.75,25561.94,52957.09
002862.SZ,2019-01-29,20.5,20.68,19.02,19.4,24997.81,49330.31
002862.SZ,2019-01-30,19.2,19.7,18.79,18.84,15542.2,29895.8
002862.SZ,2019-01-31,18.7,19.09,16.96,16.98,30209.0,53166.35
002862.SZ,2019-02-01,17.11,17.85,17.11,17.69,22836.01,40138.15
002862.SZ,2019-02-11,18.08,18.4,17.8,18.24,15668.0,28373.38
002862.SZ,2019-02-12,18.58,18.91,18.24,18.66,24512.0,45726.87
002862.SZ,2019-02-13,18.8,18.89,18.5,18.8,20523.0,38436.11
002862.SZ,2019-02-14,18.78,19.29,18.53,18.92,22286.0,42125.76
002862.SZ,2019-02-15,18.83,20.67,18.68,19.57,33793.0,66268.57
002862.SZ,2019-02-18,19.2,21.53,19.13,21.53,58326.0,118835.91
002862.SZ,2019-02-19,21.53,23.68,21.39,23.68,98177.4,221032.31
002862.SZ,2019-02-20,23.68,26.05,23.25,26.05,130467.68,320151.24
002862.SZ,2019-02-21,25.46,28.0,24.6,26.5,143490.46,372267.92
002862.SZ,2019-02-22,25.9,27.18,25.15,26.46,120036.62,314824.55
002862.SZ,2019-02-25,26.0,28.5,25.72,27.89,127549.82,341265.51
002862.SZ,2019-02-26,28.2,28.2,25.3,25.35,96967.01,254427.02
002862.SZ,2019-02-27,24.61,24.75,23.02,23.28,74388.96,178255.87
002862.SZ,2019-02-28,23.67,23.96,23.34,23.5,38658.16,91292.65
002862.SZ,2019-03-01,23.94,24.29,23.12,23.97,42306.96,100480.25
002862.SZ,2019-03-04,24.13,25.53,23.8,24.32,66297.63,163045.05
002862.SZ,2019-03-05,24.06,25.14,23.47,24.73,63068.4,154190.35
002862.SZ,2019-03-06,24.73,25.75,24.12,25.34,73969.35,184367.66
002862.SZ,2019-03-07,25.32,27.87,24.84,27.87,105622.33,285077.15
002862.SZ,2019-03-08,27.88,30.66,27.5,30.66,147387.84,432855.26
002862.SZ,2019-03-11,30.65,33.73,29.78,33.73,163319.29,511306.21
002862.SZ,2019-03-12,33.7,36.9,32.51,35.36,155503.96,529569.9
002862.SZ,2019-03-13,35.28,35.8,31.82,32.1,132850.25,455392.08
002862.SZ,2019-03-14,31.8,32.74,30.67,30.67,106082.85,332811.03
002862.SZ,2019-03-15,30.58,30.7,28.11,29.29,98513.22,292065.13
002862.SZ,2019-03-18,29.0,31.58,27.9,30.88,92188.12,277019.68
002862.SZ,2019-03-19,30.3,30.7,29.29,29.8,57821.33,172788.37
002862.SZ,2019-03-20,30.0,30.8,28.9,29.52,43599.88,130023.61
002862.SZ,2019-03-21,29.94,30.48,29.2,29.92,51385.69,153642.85
002862.SZ,2019-03-22,29.81,32.91,29.52,32.4,92797.42,290345.02
002862.SZ,2019-03-25,31.3,33.77,31.01,31.05,75798.9,246620.69
002862.SZ,2019-03-26,31.21,31.52,27.95,27.95,70059.42,200655.55
002862.SZ,2019-03-27,27.0,27.85,25.2,27.18,50007.77,134308.35
002862.SZ,2019-03-28,26.9,28.85,26.08,28.09,54515.54,150781.51
002862.SZ,2019-03-29,27.5,28.09,26.3,27.7,44398.74,121521.8
002862.SZ,2019-04-01,27.67,28.74,27.5,28.41,45423.03,128645.23
002862.SZ,2019-04-02,28.57,30.67,28.3,29.67,61677.51,181892.92
002862.SZ,2019-04-03,29.37,30.09,28.0,28.42,55455.78,161051.68
002862.SZ,2019-04-04,28.05,28.6,27.29,27.37,41911.48,116387.71
002862.SZ,2019-04-08,27.81,27.97,26.62,27.88,35184.48,96699.48
002862.SZ,2019-04-09,27.58,29.59,27.4,28.98,56016.7,161134.76
002862.SZ,2019-04-10,28.41,28.75,27.5,27.7,37983.5,106286.83
002862.SZ,2019-04-11,27.5,28.0,27.26,27.43,24295.51,67198.61
002862.SZ,2019-04-12,27.44,27.64,26.32,26.68,21688.0,58512.08
002862.SZ,2019-04-15,26.85,27.46,26.36,26.41,19045.23,51413.84
002862.SZ,2019-04-16,26.12,27.32,25.42,27.0,22817.0,60779.11
002862.SZ,2019-04-17,26.8,27.49,26.8,27.09,21108.0,57611.58
002862.SZ,2019-04-18,27.29,27.4,26.51,26.6,20819.0,56300.9
002862.SZ,2019-04-19,26.52,27.24,26.39,27.01,18538.5,50107.45
002862.SZ,2019-04-22,27.07,27.48,26.52,26.76,18897.0,51049.49
002862.SZ,2019-04-23,26.7,26.77,25.83,26.6,19235.57,50380.36
002862.SZ,2019-04-24,26.46,28.52,26.07,27.51,38204.67,104602.83
002862.SZ,2019-04-25,27.0,28.26,26.32,27.0,40462.74,111536.38
002862.SZ,2019-04-26,26.5,27.2,24.41,24.86,28010.26,72724.03
002862.SZ,2019-04-29,24.48,24.49,22.37,22.37,27252.0,62356.27
002862.SZ,2019-04-30,21.94,23.32,21.2,21.58,19585.2,43378.83
002862.SZ,2019-05-06,21.19,21.19,19.44,19.69,23481.24,47366.9
002862.SZ,2019-05-07,19.9,21.66,19.71,21.66,30268.49,62379.34
002862.SZ,2019-05-08,21.84,23.3,21.29,22.55,44063.25,98580.14
002862.SZ,2019-05-09,21.89,22.3,21.3,21.31,25172.0,54714.13
002862.SZ,2019-05-10,21.39,22.63,21.0,22.27,29470.01,64701.16
002862.SZ,2019-05-13,22.29,23.35,22.07,22.87,29677.02,67652.21
002862.SZ,2019-05-14,22.48,23.15,22.23,22.64,18478.23,41977.11
002862.SZ,2019-05-15,22.85,23.3,22.58,22.96,19222.7,44031.25
002862.SZ,2019-05-16,23.14,23.98,22.9,23.48,25154.23,59222.84
002862.SZ,2019-05-17,23.8,23.88,21.55,22.13,25611.56,58324.69
002862.SZ,2019-05-20,22.57,22.61,20.5,21.98,19426.56,42304.07
002862.SZ,2019-05-21,22.31,23.29,22.19,22.65,23239.33,53003.3
002862.SZ,2019-05-22,22.94,23.27,22.1,22.5,20693.0,46955.75
002862.SZ,2019-05-23,22.5,23.17,21.65,22.61,24632.26,55903.79
002862.SZ,2019-05-24,22.73,22.8,21.75,22.5,20911.99,46477.58
002862.SZ,2019-05-27,22.51,23.0,22.06,22.9,34600.98,78437.73
002862.SZ,2019-05-28,22.89,23.8,22.5,23.15,37562.73,86900.97
002862.SZ,2019-05-29,22.84,23.62,22.62,22.81,24002.0,55083.74
002862.SZ,2019-05-30,22.0,23.0,21.57,22.13,27880.85,61672.25
002862.SZ,2019-05-31,22.1,22.55,21.67,21.86,15460.48,34283.96
002862.SZ,2019-06-03,21.86,22.25,21.63,21.69,13854.85,30364.78
002862.SZ,2019-06-04,21.7,21.8,20.4,20.43,16889.7,35501.14
002862.SZ,2019-06-05,20.76,22.47,20.75,22.47,36241.0,79100.4
002862.SZ,2019-06-06,22.7,22.7,21.08,21.1,33518.0,73208.86
002862.SZ,2019-06-10,21.5,21.79,20.96,21.03,20695.0,44189.0
002862.SZ,2019-06-11,20.89,21.93,20.8,21.67,21586.0,46472.37
002862.SZ,2019-06-12,21.68,21.92,21.2,21.39,16606.0,35689.17
002862.SZ,2019-06-13,21.39,21.6,21.07,21.32,13233.0,28282.52
002862.SZ,2019-06-14,21.37,21.68,20.3,20.99,26201.0,55034.65
002862.SZ,2019-06-17,20.91,20.91,20.07,20.45,15804.0,32356.61
002862.SZ,2019-06-18,20.46,20.66,20.16,20.32,8567.55,17398.37
002862.SZ,2019-06-19,20.55,21.2,20.55,20.7,19091.0,39891.41
002862.SZ,2019-06-20,20.7,21.1,20.42,20.91,15254.55,31702.19
002862.SZ,2019-06-21,21.12,21.78,21.02,21.28,22085.0,47245.61
002862.SZ,2019-06-24,21.46,22.38,21.14,21.55,26990.55,58279.62
002862.SZ,2019-06-25,21.65,21.65,20.65,20.85,17855.0,37501.21
002862.SZ,2019-06-26,20.78,21.3,20.5,20.98,12480.0,26214.46
002862.SZ,2019-06-27,20.96,21.35,20.96,21.03,11066.0,23367.93
002862.SZ,2019-06-28,21.11,21.19,20.68,20.92,9906.17,20711.56
002862.SZ,2019-07-01,21.37,21.5,20.99,21.39,13405.42,28581.05
002862.SZ,2019-07-02,21.4,23.53,21.1,22.47,58174.83,131094.02
002862.SZ,2019-07-03,22.18,22.5,21.5,21.53,34211.83,74794.78
002862.SZ,2019-07-04,21.53,21.73,20.75,21.0,23425.83,49625.36
002862.SZ,2019-07-05,20.89,21.29,20.87,21.13,12231.0,25835.94
002862.SZ,2019-07-08,21.06,23.13,20.22,23.13,73183.52,161432.33
002862.SZ,2019-07-09,22.94,23.3,21.9,22.26,71894.52,162630.48
002862.SZ,2019-07-10,22.02,22.45,21.59,21.7,39363.84,86514.39
002862.SZ,2019-07-11,21.65,22.1,21.27,22.08,34864.68,75862.96
002862.SZ,2019-07-12,21.9,23.2,21.8,22.64,48585.22,109951.86
002862.SZ,2019-07-15,22.38,22.97,21.54,22.3,29690.39,66314.32
002862.SZ,2019-07-16,22.42,22.57,21.82,21.95,24740.0,54601.39
002862.SZ,2019-07-17,21.91,22.39,21.83,22.27,20774.0,45859.72
002862.SZ,2019-07-18,22.1,22.41,21.54,21.54,18807.0,41296.03
002862.SZ,2019-07-19,21.36,21.71,20.8,20.8,23549.0,49924.26
002862.SZ,2019-07-22,20.93,20.93,19.41,19.7,17953.0,35941.16
002862.SZ,2019-07-23,19.72,20.1,19.72,20.0,9905.58,19752.03
002862.SZ,2019-07-24,20.08,20.48,20.04,20.23,12143.0,24651.64
002862.SZ,2019-07-25,20.34,20.77,20.01,20.36,11243.42,23008.54
002862.SZ,2019-07-26,20.36,20.66,20.23,20.39,6724.0,13745.01
002862.SZ,2019-07-29,20.38,20.6,20.29,20.53,7588.83,15522.86
002862.SZ,2019-07-30,20.53,21.58,20.42,21.17,22942.83,48215.51
002862.SZ,2019-07-31,21.1,21.1,20.32,20.37,18087.83,37313.18
002862.SZ,2019-08-01,20.37,20.53,20.13,20.28,7697.0,15665.5
002862.SZ,2019-08-02,19.62,20.17,19.62,19.93,10544.87,20998.49
002862.SZ,2019-08-05,19.94,20.3,19.93,20.04,7786.0,15659.48
002862.SZ,2019-08-06,19.8,19.8,18.11,19.1,12301.83,23411.1
002862.SZ,2019-08-07,19.3,19.5,19.2,19.31,12338.0,23942.59
002862.SZ,2019-08-08,19.31,19.48,18.98,19.06,9420.0,18089.39
002862.SZ,2019-08-09,19.26,19.3,18.3,18.53,12156.0,22786.26
002862.SZ,2019-08-12,18.58,18.95,18.38,18.9,6944.3,13012.65
002862.SZ,2019-08-13,18.83,19.43,18.3,18.86,9882.0,18706.98
002862.SZ,2019-08-14,20.0,20.21,19.11,19.33,20353.46,40007.65
002862.SZ,2019-08-15,18.61,19.15,18.52,19.0,12162.91,22854.94
002862.SZ,2019-08-16,19.0,19.35,18.8,19.03,10865.0,20729.66
002862.SZ,2019-08-19,19.03,19.68,19.03,19.58,13554.51,26340.39
002862.SZ,2019-08-20,19.65,19.95,19.42,19.77,11933.51,23598.39
002862.SZ,2019-08-21,19.79,19.88,19.6,19.71,7557.43,14931.5
002862.SZ,2019-08-22,19.69,19.9,19.62,19.65,7704.13,15203.38
002862.SZ,2019-08-23,19.85,19.85,19.28,19.35,7332.43,14309.0
002862.SZ,2019-08-26,18.92,19.32,18.74,19.11,7283.0,13907.33
002862.SZ,2019-08-27,19.22,19.76,19.16,19.63,10831.0,21161.62
002862.SZ,2019-08-28,19.64,19.81,19.5,19.6,8147.13,15981.38
002862.SZ,2019-08-29,19.69,20.13,19.61,19.71,15480.0,30827.24
002862.SZ,2019-08-30,19.73,20.29,19.3,19.3,20092.0,39851.16
002862.SZ,2019-09-02,19.03,19.97,19.03,19.89,15615.69,30665.33
002862.SZ,2019-09-03,19.89,19.97,19.7,19.8,9421.57,18682.71
002862.SZ,2019-09-04,19.77,20.18,19.74,19.86,10287.87,20468.91
002862.SZ,2019-09-05,19.87,20.35,19.84,20.03,15637.0,31533.34
002862.SZ,2019-09-06,20.16,20.57,19.99,20.4,23504.19,47790.78
002862.SZ,2019-09-09,20.5,20.69,20.3,20.65,18893.19,38746.05
002862.SZ,2019-09-10,20.75,21.52,20.46,21.24,29505.0,61845.76
002862.SZ,2019-09-11,21.22,21.22,20.54,20.7,19413.05,40431.25
002862.SZ,2019-09-12,20.64,20.8,20.49,20.65,14261.71,29451.71
002862.SZ,2019-09-16,20.65,20.99,20.65,20.72,9634.78,20032.24
002862.SZ,2019-09-17,20.64,20.81,20.31,20.5,12088.43,24820.77
002862.SZ,2019-09-18,20.62,20.95,20.5,20.73,13329.0,27749.92
002862.SZ,2019-09-19,20.73,21.1,20.61,20.91,15983.9,33383.21
002862.SZ,2019-09-20,20.97,21.0,20.43,20.7,12218.0,25318.12
002862.SZ,2019-09-23,20.62,20.69,19.97,20.49,9289.0,18961.0
002862.SZ,2019-09-24,20.6,20.86,20.28,20.35,9931.0,20427.58
002862.SZ,2019-09-25,20.35,20.53,19.8,19.8,11248.0,22661.16
002862.SZ,2019-09-26,19.99,20.08,19.04,19.19,12416.0,24096.65
002862.SZ,2019-09-27,19.39,19.6,19.14,19.33,11418.73,22108.3
002862.SZ,2019-09-30,19.44,19.54,19.12,19.33,7787.0,15082.35
002862.SZ,2019-10-08,19.26,19.64,19.26,19.42,6976.7,13610.84
002862.SZ,2019-10-09,19.44,19.7,19.27,19.65,6168.7,12069.04
002862.SZ,2019-10-10,19.8,19.96,19.51,19.83,8219.0,16265.29
002862.SZ,2019-10-11,19.86,19.98,19.66,19.82,6599.0,13082.91
002862.SZ,2019-10-14,19.87,20.27,19.87,19.96,9007.0,18094.03
002862.SZ,2019-10-15,19.97,20.07,19.62,19.92,7209.12,14272.32
002862.SZ,2019-10-16,19.9,19.9,19.53,19.59,5972.87,11761.34
002862.SZ,2019-10-17,19.84,20.42,19.5,19.93,17536.0,35129.81
002862.SZ,2019-10-18,19.8,19.85,18.9,19.13,17923.0,34763.07
002862.SZ,2019-10-21,19.16,19.44,18.55,19.24,9244.7,17677.09
002862.SZ,2019-10-22,19.3,19.85,19.0,19.69,10712.12,20941.02
002862.SZ,2019-10-23,19.64,19.96,19.41,19.64,7543.0,14935.2
002862.SZ,2019-10-24,19.74,20.15,19.61,19.7,8347.84,16571.21
002862.SZ,2019-10-25,19.59,19.92,19.48,19.76,9027.0,17788.09
002862.SZ,2019-10-28,19.9,20.18,19.56,20.13,12504.0,24989.81
002862.SZ,2019-10-29,20.05,20.76,19.82,19.86,19950.0,40204.39
002862.SZ,2019-10-30,19.78,20.48,19.62,20.19,21867.0,44275.14
002862.SZ,2019-10-31,20.18,21.46,19.85,20.6,41655.63,85845.28
002862.SZ,2019-11-01,20.58,20.88,20.22,20.76,27741.33,56744.4
002862.SZ,2019-11-04,20.45,20.76,20.45,20.51,20907.09,43062.67
002862.SZ,2019-11-05,20.51,20.72,20.2,20.68,17454.09,35735.43
002862.SZ,2019-11-06,20.6,20.71,20.18,20.25,17177.0,35084.34
002862.SZ,2019-11-07,20.26,20.57,20.14,20.36,14940.0,30493.44
002862.SZ,2019-11-08,20.39,20.76,20.33,20.34,13058.15,26813.46
002862.SZ,2019-11-11,20.2,20.42,20.05,20.15,10132.63,20462.27
002862.SZ,2019-11-12,20.14,20.56,20.08,20.53,16460.99,33552.25
002862.SZ,2019-11-13,20.54,21.15,20.43,20.6,38177.1,79242.65
002862.SZ,2019-11-14,20.58,21.04,20.08,20.91,34877.64,72203.15
002862.SZ,2019-11-15,20.93,21.28,20.3,20.31,31831.0,65978.16
002862.SZ,2019-11-18,20.3,22.09,20.1,21.58,59621.11,126820.34
002862.SZ,2019-11-19,21.37,22.28,21.27,21.9,56218.73,123140.79
002862.SZ,2019-11-20,21.85,23.48,21.58,22.98,72228.07,164942.78
002862.SZ,2019-11-21,22.66,24.17,22.2,23.42,69523.69,159963.84
002862.SZ,2019-11-22,23.08,25.66,23.08,24.57,89957.32,220247.47
002862.SZ,2019-11-25,24.3,25.36,23.42,23.65,67122.78,163204.25
002862.SZ,2019-11-26,23.6,24.65,22.35,24.58,53124.88,126906.17
002862.SZ,2019-11-27,24.14,24.77,23.6,24.2,46526.7,112778.25
002862.SZ,2019-11-28,24.05,24.35,23.0,23.0,33672.16,79190.14
002862.SZ,2019-11-29,23.15,23.4,22.8,23.16,33570.0,77788.39
002862.SZ,2019-12-02,23.48,23.55,22.75,23.2,31001.0,71395.89
002862.SZ,2019-12-03,23.0,23.28,22.41,23.11,26978.0,61562.69
002862.SZ,2019-12-04,23.01,23.59,22.8,23.28,26929.0,62681.2
002862.SZ,2019-12-05,23.34,23.4,22.8,22.95,23246.12,53365.93
002862.SZ,2019-12-06,23.0,23.48,22.61,23.29,28199.12,65298.77
002862.SZ,2019-12-09,23.35,23.4,22.79,23.12,21728.21,49956.01
002862.SZ,2019-12-10,23.17,23.17,22.35,22.75,23520.12,53382.96
002862.SZ,2019-12-11,22.73,22.95,21.59,22.88,42008.0,93677.55
002862.SZ,2019-12-12,22.5,24.22,22.41,23.56,46679.0,109897.83
002862.SZ,2019-12-13,23.56,23.93,23.0,23.2,26006.0,60796.76
002862.SZ,2019-12-16,23.27,23.38,22.62,23.23,27421.57,62934.35
002862.SZ,2019-12-17,23.01,23.35,22.83,22.98,22490.0,51801.94
002862.SZ,2019-12-18,22.8,23.09,22.8,22.91,14231.09,32612.16
002862.SZ,2019-12-19,22.93,23.68,22.82,23.5,26531.11,62014.56
002862.SZ,2019-12-20,23.43,23.89,22.52,22.62,25036.0,58056.8
002862.SZ,2019-12-23,22.6,22.87,22.15,22.53,13180.09,29800.72
002862.SZ,2019-12-24,22.65,22.65,21.86,22.47,14000.09,31166.62
002862.SZ,2019-12-25,22.48,22.72,22.29,22.56,10322.0,23181.64
002862.SZ,2019-12-26,22.6,22.96,22.31,22.72,13248.0,30091.78
002862.SZ,2019-12-27,22.75,22.92,22.21,22.23,12023.15,27030.8
002862.SZ,2019-12-30,22.02,22.45,22.02,22.12,7544.0,16753.01
002862.SZ,2019-12-31,22.03,22.49,22.01,22.21,6671.0,14832.89
002862.SZ,2020-01-02,22.42,22.7,22.2,22.59,10784.54,24224.46
002862.SZ,2020-01-03,22.62,22.7,22.45,22.52,8140.93,18370.32
002862.SZ,2020-01-06,22.26,22.94,21.8,22.92,14039.54,31879.9
002862.SZ,2020-01-07,22.8,23.42,22.8,23.38,17245.44,40095.56
002862.SZ,2020-01-08,23.7,23.7,23.09,23.12,16736.0,38948.97
002862.SZ,2020-01-09,23.5,23.66,23.02,23.19,9952.54,23104.99
002862.SZ,2020-01-10,23.0,23.5,22.92,23.47,12312.0,28640.07
002862.SZ,2020-01-13,23.47,23.59,23.0,23.4,9978.99,23262.63
002862.SZ,2020-01-14,23.32,23.8,23.1,23.14,11427.99,26638.25
002862.SZ,2020-01-15,23.06,23.5,22.82,23.36,13983.0,32376.99
002862.SZ,2020-01-16,24.03,24.8,23.41,23.44,34283.64,82038.06
002862.SZ,2020-01-17,22.95,23.24,22.65,22.72,16479.65,37709.82
002862.SZ,2020-01-20,22.52,22.87,22.5,22.74,6516.99,14799.85
002862.SZ,2020-01-21,22.7,22.7,22.15,22.21,8798.0,19789.93
002862.SZ,2020-01-22,22.99,22.99,22.08,22.37,7286.99,16392.12
002862.SZ,2020-01-23,22.3,22.47,20.88,21.22,13836.92,30049.1
002862.SZ,2020-02-03,19.1,19.1,19.1,19.1,907.0,1732.37
002862.SZ,2020-02-04,17.19,19.8,17.19,19.6,56934.32,102125.68
002862.SZ,2020-02-05,19.02,19.72,19.02,19.59,22177.0,43136.22
002862.SZ,2020-02-06,19.51,19.78,19.05,19.35,20362.0,39700.61
002862.SZ,2020-02-07,19.26,19.45,19.07,19.21,15474.95,29805.25
002862.SZ,2020-02-10,19.24,20.35,19.05,20.16,22183.3,43833.53
002862.SZ,2020-02-11,20.02,20.72,19.93,20.38,15132.0,30697.52
002862.SZ,2020-02-12,20.4,20.63,20.21,20.48,6819.0,13984.62
002862.SZ,2020-02-13,20.33,20.58,20.12,20.18,7535.0,15325.92
002862.SZ,2020-02-14,20.1,20.3,19.9,20.0,6196.0,12447.15
002862.SZ,2020-02-17,20.01,20.67,20.01,20.54,8931.99,18347.85
002862.SZ,2020-02-18,20.1,20.77,20.1,20.61,8500.88,17478.65
002862.SZ,2020-02-19,20.77,20.84,20.4,20.56,8477.45,17428.59
002862.SZ,2020-02-20,20.66,21.15,20.42,21.03,13471.0,27930.9
002862.SZ,2020-02-21,21.03,21.12,20.8,20.85,10495.45,21959.72
002862.SZ,2020-02-24,20.9,22.0,20.63,21.86,18787.45,40198.76
002862.SZ,2020-02-25,21.5,22.46,21.41,22.39,19984.0,44108.81
002862.SZ,2020-02-26,21.71,22.59,21.71,21.83,11861.16,26282.73
002862.SZ,2020-02-27,22.06,22.6,21.8,22.38,12191.2,27150.19
002862.SZ,2020-02-28,22.1,22.51,21.8,21.9,13901.0,30799.81
002862.SZ,2020-03-02,21.81,22.49,21.81,21.98,12366.8,27488.15
002862.SZ,2020-03-03,22.28,22.86,21.94,22.11,13133.09,29237.75
002862.SZ,2020-03-04,21.81,22.32,21.8,22.08,7264.9,16032.76
002862.SZ,2020-03-05,22.2,23.5,22.15,22.79,18530.39,42176.77
002862.SZ,2020-03-06,22.79,23.98,22.35,23.29,26723.3,62617.69
002862.SZ,2020-03-09,22.85,23.98,22.85,23.79,20114.01,47500.08
002862.SZ,2020-03-10,23.51,23.86,23.02,23.62,16102.81,37829.14
002862.SZ,2020-03-11,23.52,24.05,23.22,23.88,16298.8,38536.41
002862.SZ,2020-03-12,23.88,24.58,23.33,23.45,15458.02,36751.62
002862.SZ,2020-03-13,22.11,23.78,22.11,23.61,15521.0,36065.18
002862.SZ,2020-03-16,23.52,24.3,22.77,22.89,14676.0,34296.37
002862.SZ,2020-03-17,22.66,23.44,21.71,22.65,14834.0,33618.72
002862.SZ,2020-03-18,22.9,23.88,22.7,23.0,15159.26,35187.96
002862.SZ,2020-03-19,23.0,23.8,22.61,23.8,16261.14,37701.05
002862.SZ,2020-03-20,23.81,26.08,23.81,25.59,23253.44,58019.55
002862.SZ,2020-03-23,24.96,26.21,24.81,25.35,18701.81,47925.32
002862.SZ,2020-03-24,25.54,26.18,24.8,25.94,27633.0,70829.38
002862.SZ,2020-03-25,25.8,28.52,25.8,28.05,33574.78,91376.9
002862.SZ,2020-03-26,27.4,27.83,26.51,26.89,22249.0,60384.72
002862.SZ,2020-03-27,27.1,28.45,26.0,26.06,23836.48,64257.87
002862.SZ,2020-03-30,26.5,26.81,25.8,26.45,25559.0,67549.34
002862.SZ,2020-03-31,27.0,27.08,25.9,26.13,15565.0,41505.55
002862.SZ,2020-04-01,26.44,26.64,25.76,26.43,10292.0,27080.29
002862.SZ,2020-04-02,26.3,26.72,26.02,26.16,12392.0,32558.02
002862.SZ,2020-04-03,26.14,27.39,26.03,26.87,13925.0,37119.36
002862.SZ,2020-04-07,26.43,27.47,26.43,27.33,12509.0,33921.82
002862.SZ,2020-04-08,27.25,27.9,27.03,27.41,12755.0,35029.17
002862.SZ,2020-04-09,27.41,29.2,27.18,28.7,23957.0,67597.51
002862.SZ,2020-04-10,28.17,28.57,26.0,27.34,32515.0,88719.84
002862.SZ,2020-04-13,27.55,27.86,26.6,27.31,14507.0,39629.62
002862.SZ,2020-04-14,26.0,28.4,26.0,28.0,19633.0,54679.29
002862.SZ,2020-04-15,27.97,28.68,27.8,28.24,15882.0,44892.65
002862.SZ,2020-04-16,28.2,29.06,28.01,28.82,20843.61,59740.78
002862.SZ,2020-04-17,30.7,30.81,27.72,28.22,31971.0,90106.73
002862.SZ,2020-04-20,27.9,28.03,27.29,27.55,19331.0,53372.38
002862.SZ,2020-04-21,27.45,28.57,27.45,27.9,22179.0,62166.5
002862.SZ,2020-04-22,27.5,28.25,26.9,27.36,19192.0,52621.15
002862.SZ,2020-04-23,27.25,27.65,26.9,27.37,14569.0,39799.24
002862.SZ,2020-04-24,27.44,27.7,26.8,27.36,13368.0,36451.32
002862.SZ,2020-04-27,27.36,27.99,26.8,27.52,24400.61,66898.78
002862.SZ,2020-04-28,27.88,27.88,26.81,27.25,17478.0,47711.6
002862.SZ,2020-04-29,27.55,27.55,25.88,26.4,21862.0,58042.21
002862.SZ,2020-04-30,26.57,28.18,25.92,27.1,27722.93,75300.92
002862.SZ,2020-05-06,27.2,28.15,26.61,28.15,22830.0,63340.0
002862.SZ,2020-05-07,28.18,28.6,27.5,27.9,18704.0,52024.85
002862.SZ,2020-05-08,27.9,27.94,27.51,27.71,8318.0,23030.18
002862.SZ,2020-05-11,27.54,28.08,27.4,27.91,10301.0,28464.13
002862.SZ,2020-05-12,27.92,28.38,27.63,28.2,11442.0,32020.63
002862.SZ,2020-05-13,28.0,30.18,27.95,30.0,22202.44,64828.16
002862.SZ,2020-05-14,29.5,31.4,29.45,30.93,18336.44,56154.84
002862.SZ,2020-05-15,30.95,31.67,30.5,30.55,10723.0,33078.68
002862.SZ,2020-05-18,30.71,30.93,30.02,30.44,13556.0,41294.83
002862.SZ,2020-05-19,30.1,31.3,30.1,30.97,15404.0,47340.57
002862.SZ,2020-05-20,30.94,31.2,30.71,30.71,11634.0,35978.78
002862.SZ,2020-05-21,30.5,31.07,30.28,30.8,9567.75,29456.57
002862.SZ,2020-05-22,30.76,32.81,30.52,32.59,25520.91,82004.79
002862.SZ,2020-05-25,32.37,33.59,32.01,32.07,19633.72,64159.34
002862.SZ,2020-05-26,32.11,32.91,32.11,32.37,12726.0,41334.03
002862.SZ,2020-05-27,32.4,32.89,32.18,32.32,13419.0,43553.39
002862.SZ,2020-05-28,32.3,32.75,31.7,32.09,13494.03,43412.97
002862.SZ,2020-05-29,21.03,21.73,20.44,21.56,21269.5,45230.96
002862.SZ,2020-06-01,21.3,21.91,20.7,21.59,29857.0,63773.75
002862.SZ,2020-06-02,21.37,21.99,21.0,21.06,16236.5,34601.97
002862.SZ,2020-06-03,20.91,22.15,20.85,21.79,18765.86,40586.39
002862.SZ,2020-06-04,21.71,22.15,21.3,21.49,17963.67,38964.68
002862.SZ,2020-06-05,20.91,22.21,20.91,21.85,28013.97,61009.18
002862.SZ,2020-06-08,21.51,22.0,21.3,21.46,19751.61,42770.98
002862.SZ,2020-06-09,21.36,21.64,20.8,21.04,17185.0,36274.27
002862.SZ,2020-06-10,21.12,21.3,20.5,20.77,13781.5,28623.65
002862.SZ,2020-06-11,20.77,21.14,20.4,20.46,21595.36,44877.56
002862.SZ,2020-06-12,20.0,20.5,20.0,20.26,15511.0,31486.36
002862.SZ,2020-06-15,20.11,20.95,19.46,19.52,22331.5,44555.68
002862.SZ,2020-06-16,19.5,21.18,19.49,20.23,30154.0,61794.31
002862.SZ,2020-06-17,20.42,20.85,20.21,20.37,18217.5,37309.41
002862.SZ,2020-06-18,20.37,20.76,19.88,20.0,12754.82,25580.48
002862.SZ,2020-06-19,19.8,20.6,19.8,20.57,20503.0,41590.56
002862.SZ,2020-06-22,20.29,20.68,19.77,19.89,24319.67,48949.2
002862.SZ,2020-06-23,19.8,19.98,19.0,19.35,24803.87,48574.85
002862.SZ,2020-06-24,19.0,19.61,19.0,19.04,24905.5,47830.91
002862.SZ,2020-06-29,19.3,19.3,18.3,18.66,32081.5,60148.84
002862.SZ,2020-06-30,18.67,19.55,18.52,19.44,18243.5,34922.68
002862.SZ,2020-07-01,19.78,19.78,19.26,19.51,12691.0,24702.26
002862.SZ,2020-07-02,19.31,19.94,19.31,19.82,27913.0,54840.7
002862.SZ,2020-07-03,19.75,20.56,19.75,20.1,16551.5,33459.1
002862.SZ,2020-07-06,20.02,20.27,19.57,19.98,31186.5,61968.96
002862.SZ,2020-07-07,19.94,20.85,19.94,20.25,27921.43,56865.12
002862.SZ,2020-07-08,18.4,20.1,18.4,19.94,58362.69,112251.27
002862.SZ,2020-07-09,19.79,21.93,19.79,21.55,84217.64,177788.2
002862.SZ,2020-07-10,21.56,21.69,20.7,20.7,37077.5,78064.13
002862.SZ,2020-07-13,20.9,21.06,19.82,20.3,58813.42,118895.76
002862.SZ,2020-07-14,20.25,20.25,19.2,19.52,54657.5,107580.44
002862.SZ,2020-07-15,19.52,19.68,18.6,18.62,31468.0,59932.99
002862.SZ,2020-07-16,18.3,18.97,17.72,17.85,34499.42,63028.74
002862.SZ,2020-07-17,17.88,17.98,16.8,17.08,23255.42,40104.97
002862.SZ,2020-07-20,17.08,17.6,17.08,17.56,20633.79,35978.28
002862.SZ,2020-07-21,17.35,17.66,17.35,17.6,13351.5,23425.1
002862.SZ,2020-07-22,17.45,17.67,17.42,17.5,13854.0,24299.47
002862.SZ,2020-07-23,17.27,18.13,16.69,17.74,21876.5,38154.12
002862.SZ,2020-07-24,17.82,17.82,16.78,16.81,14896.74,25581.4
002862.SZ,2020-07-27,16.81,16.95,16.19,16.36,16225.5,26706.56
002862.SZ,2020-07-28,16.45,16.75,16.4,16.55,5307.0,8788.21
002862.SZ,2020-07-29,16.43,17.91,16.34,17.77,24111.5,41370.62
002862.SZ,2020-07-30,17.77,18.62,17.62,18.29,29846.86,54496.42
002862.SZ,2020-07-31,18.3,18.5,18.0,18.36,19023.92,34720.42
002862.SZ,2020-08-03,18.37,19.35,18.37,19.02,27375.0,51922.99
002862.SZ,2020-08-04,19.39,19.6,18.88,19.32,30630.0,58907.94
002862.SZ,2020-08-05,19.87,21.12,19.01,20.22,53831.42,108572.27
002862.SZ,2020-08-06,20.0,20.55,19.58,19.91,25515.0,50867.08
002862.SZ,2020-08-07,20.0,20.3,19.7,19.92,20229.32,40486.9
002862.SZ,2020-08-10,19.92,21.17,19.65,20.64,36783.0,75059.29
002862.SZ,2020-08-11,20.64,20.79,20.2,20.36,22352.5,45678.09
002862.SZ,2020-08-12,20.1,20.67,19.91,20.48,17383.76,35342.53
002862.SZ,2020-08-13,20.54,20.91,20.11,20.53,9953.0,20534.39
002862.SZ,2020-08-14,20.53,21.18,20.16,20.98,24588.5,51223.53
002862.SZ,2020-08-17,20.51,22.46,20.49,21.38,45029.0,97304.26
002862.SZ,2020-08-18,21.81,23.38,21.13,22.88,47946.5,105271.47
002862.SZ,2020-08-19,22.62,23.65,22.3,23.56,36497.5,84298.9
002862.SZ,2020-08-20,23.35,23.97,22.3,22.78,37873.0,88445.29
002862.SZ,2020-08-21,22.99,23.78,22.04,22.34,31748.5,71502.72
002862.SZ,2020-08-24,22.34,22.66,22.13,22.31,26559.5,59343.96
002862.SZ,2020-08-25,22.31,24.47,21.81,24.28,47061.36,110064.22
002862.SZ,2020-08-26,24.22,25.19,23.29,23.43,36496.5,87076.98
002862.SZ,2020-08-27,23.58,24.09,23.18,23.63,26804.5,63037.8
002862.SZ,2020-08-28,23.63,24.47,23.35,24.12,23754.0,57308.46
002862.SZ,2020-08-31,24.12,24.65,23.2,23.39,41009.62,97457.03
002862.SZ,2020-09-01,23.33,23.39,22.5,22.74,27812.5,63558.14
002862.SZ,2020-09-02,22.65,23.9,22.26,23.55,37035.5,85211.95
002862.SZ,2020-09-03,23.21,23.98,23.21,23.51,19318.5,45483.64
002862.SZ,2020-09-04,23.27,24.2,22.96,23.89,26202.5,62198.37
002862.SZ,2020-09-07,23.89,24.2,23.52,23.89,28615.5,68358.52
002862.SZ,2020-09-08,23.74,23.76,22.78,22.9,22132.0,51246.06
002862.SZ,2020-09-09,22.6,22.89,21.54,21.9,18611.0,41039.47
002862.SZ,2020-09-10,21.99,22.37,20.74,20.76,39943.0,84385.42
002862.SZ,2020-09-11,21.0,22.8,20.5,22.28,37236.5,81585.94
002862.SZ,2020-09-14,22.6,22.66,21.09,21.32,36838.0,79422.47
002862.SZ,2020-09-15,21.38,21.38,20.35,20.88,20432.5,42287.82
002862.SZ,2020-09-16,20.87,21.93,20.14,20.9,17301.0,35827.2
002862.SZ,2020-09-17,20.55,20.85,20.11,20.8,11425.32,23465.41
002862.SZ,2020-09-18,20.38,21.07,20.38,20.9,14708.5,30418.33
002862.SZ,2020-09-21,20.8,21.08,20.65,20.9,14678.5,30567.94
002862.SZ,2020-09-22,20.53,20.79,20.15,20.61,13412.0,27376.9
002862.SZ,2020-09-23,20.32,22.1,20.22,21.82,33518.5,72269.24
002862.SZ,2020-09-24,22.04,22.19,21.21,21.35,27889.5,60580.04
002862.SZ,2020-09-25,21.01,21.58,20.51,20.71,21664.0,45147.16
002862.SZ,2020-09-28,20.71,20.71,19.88,20.04,21648.74,43688.18
002862.SZ,2020-09-29,18.05,21.58,18.05,20.7,43217.5,89418.27
002862.SZ,2020-09-30,20.98,20.98,19.55,19.99,25696.12,51295.83
002862.SZ,2020-10-09,19.89,21.77,19.89,21.37,30598.0,65033.59
002862.SZ,2020-10-12,21.89,21.89,21.21,21.38,19998.0,43061.44
002862.SZ,2020-10-13,21.4,22.24,21.12,21.95,22738.0,49685.41
002862.SZ,2020-10-14,22.1,22.36,21.54,21.91,11156.0,24343.0
002862.SZ,2020-10-15,21.91,22.2,21.46,21.93,19970.0,43515.98
002862.SZ,2020-10-16,21.99,22.17,21.41,21.96,20367.5,44752.68
002862.SZ,2020-10-19,22.0,22.19,21.42,21.63,15939.5,34518.05
002862.SZ,2020-10-20,21.8,22.07,21.31,21.7,15763.24,34152.26
002862.SZ,2020-10-21,21.52,21.9,21.41,21.79,12682.5,27419.94
002862.SZ,2020-10-22,21.79,21.97,21.06,21.79,12872.0,27860.4
002862.SZ,2020-10-23,21.8,21.8,21.41,21.59,7049.0,15182.29
002862.SZ,2020-10-26,21.5,21.62,20.56,21.36,21073.5,44947.62
002862.SZ,2020-10-27,21.46,21.46,20.6,20.98,8880.5,18565.88
002862.SZ,2020-10-28,20.7,21.34,20.5,21.09,12783.0,26910.65
002862.SZ,2020-10-29,21.1,21.6,20.52,21.25,9985.0,21238.49
002862.SZ,2020-10-30,21.4,21.4,20.35,20.48,16585.42,34268.25
002862.SZ,2020-11-02,19.97,21.17,19.96,20.0,9607.5,19357.46
002862.SZ,2020-11-03,20.02,22.0,19.89,21.91,40573.0,87238.21
002862.SZ,2020-11-04,21.74,21.95,21.23,21.51,17421.0,37546.9
002862.SZ,2020-11-05,21.59,21.96,21.39,21.5,15797.0,34112.24
002862.SZ,2020-11-06,21.69,21.69,21.0,21.05,13677.42,28977.98
002862.SZ,2020-11-09,21.31,22.18,21.19,21.85,44358.0,96898.81
002862.SZ,2020-11-10,22.16,22.16,21.54,21.92,27205.0,59449.98
002862.SZ,2020-11-11,21.95,22.08,20.85,21.0,18119.5,38662.91
002862.SZ,2020-11-12,21.01,21.31,20.4,20.9,16773.5,34682.68
002862.SZ,2020-11-13,20.66,21.6,20.61,21.15,23935.5,50723.02
002862.SZ,2020-11-16,21.27,22.0,20.64,21.28,12117.91,25844.97
002862.SZ,2020-11-17,21.5,21.56,20.71,20.83,9920.0,20717.33
002862.SZ,2020-11-18,20.72,20.99,20.51,20.66,8661.0,17861.57
002862.SZ,2020-11-19,20.66,20.7,20.15,20.2,17556.0,35704.57
002862.SZ,2020-11-20,20.63,20.63,19.97,20.31,20919.31,42348.79
002862.SZ,2020-11-23,20.31,20.39,19.98,20.32,11269.0,22734.63
002862.SZ,2020-11-24,20.32,20.58,19.95,19.95,27068.5,54506.27
002862.SZ,2020-11-25,20.35,21.92,19.52,21.88,41148.5,86693.6
002862.SZ,2020-11-26,22.0,24.07,21.03,24.07,92231.05,215767.04
002862.SZ,2020-11-27,24.25,26.48,21.66,21.66,99105.39,243691.18
002862.SZ,2020-11-30,19.49,22.81,19.49,22.81,130577.89,272665.05
002862.SZ,2020-12-01,22.69,25.09,22.16,25.09,91963.19,223932.53
002862.SZ,2020-12-02,26.6,27.6,22.58,25.33,101211.69,244327.51
002862.SZ,2020-12-03,24.0,24.3,23.12,23.84,58747.69,139590.43
002862.SZ,2020-12-04,23.8,24.28,23.32,23.84,48649.76,114962.4
002862.SZ,2020-12-07,23.84,24.28,22.99,23.66,45598.0,107664.48
002862.SZ,2020-12-08,23.5,23.5,21.29,21.29,35261.58,78944.62
002862.SZ,2020-12-09,19.16,19.16,19.16,19.16,8893.0,17038.99
002862.SZ,2020-12-10,17.24,17.24,17.24,17.24,2355.0,4060.02
002862.SZ,2020-12-11,15.52,15.52,15.52,15.52,5488.0,8517.38
002862.SZ,2020-12-14,13.97,13.97,13.97,13.97,13013.0,18179.16
002862.SZ,2020-12-15,12.86,14.52,12.84,13.23,313166.33,410874.41
002862.SZ,2020-12-16,12.49,12.72,11.95,12.03,180706.19,222028.2
002862.SZ,2020-12-17,12.25,13.21,11.76,12.49,151398.65,187125.13
002862.SZ,2020-12-18,12.27,12.49,12.01,12.2,108680.39,132878.78
002862.SZ,2020-12-21,12.13,12.34,11.9,12.0,74006.91,89804.59
002862.SZ,2020-12-22,11.9,12.05,11.31,11.37,91203.91,106535.2
002862.SZ,2020-12-23,11.39,11.5,10.97,11.03,67836.0,75986.47
002862.SZ,2020-12-24,11.08,11.08,10.46,10.48,64897.29,69251.48
002862.SZ,2020-12-25,10.5,11.11,10.41,10.6,80985.82,87027.13
002862.SZ,2020-12-28,10.75,10.78,10.26,10.38,60430.0,63173.57
002862.SZ,2020-12-29,10.45,10.57,10.18,10.46,54051.0,56342.48
002862.SZ,2020-12-30,10.55,10.73,10.3,10.58,54579.5,57715.78
002862.SZ,2020-12-31,10.56,10.85,10.51,10.7,50620.44,54215.12
002862.SZ,2021-01-04,10.74,10.83,10.55,10.62,50125.5,53532.38
002862.SZ,2021-01-05,10.62,10.67,10.26,10.37,39678.5,41393.21
002862.SZ,2021-01-06,10.38,10.4,9.82,9.89,47056.5,47035.82
002862.SZ,2021-01-07,9.91,9.91,9.16,9.23,50885.5,48161.62
002862.SZ,2021-01-08,9.3,9.76,8.98,9.35,65454.91,61248.64
002862.SZ,2021-01-11,9.31,9.36,8.9,8.92,39993.0,36321.62
002862.SZ,2021-01-12,8.92,9.17,8.52,8.77,42473.33,37814.38
002862.SZ,2021-01-13,8.83,8.83,8.39,8.44,41291.5,35143.37
002862.SZ,2021-01-14,8.4,8.68,8.27,8.53,39899.0,34034.03
002862.SZ,2021-01-15,8.53,9.1,8.47,9.01,52618.0,46795.77
002862.SZ,2021-01-18,9.02,9.33,8.94,9.1,37764.0,34666.86
002862.SZ,2021-01-19,9.11,9.48,9.09,9.38,30808.5,28709.01
002862.SZ,2021-01-20,9.43,9.56,9.15,9.31,27493.5,25664.05
002862.SZ,2021-01-21,9.32,9.47,9.22,9.33,25019.0,23436.41
002862.SZ,2021-01-22,9.29,9.49,9.06,9.1,28816.0,26611.5
002862.SZ,2021-01-25,9.08,9.09,8.56,8.6,29878.78,26116.9
002862.SZ,2021-01-26,8.65,8.72,8.46,8.57,19170.5,16508.39
002862.SZ,2021-01-27,8.47,8.8,8.47,8.73,31159.5,26899.02
002862.SZ,2021-01-28,8.67,9.6,8.58,8.71,75831.5,68046.45
002862.SZ,2021-01-29,8.74,8.87,8.28,8.38,58151.5,49586.44
002862.SZ,2021-02-01,8.3,8.43,8.03,8.17,30628.0,25170.05
002862.SZ,2021-02-02,8.15,8.34,8.01,8.16,32961.0,27020.27
002862.SZ,2021-02-03,8.09,8.17,7.91,7.91,30539.5,24391.99
002862.SZ,2021-02-04,7.9,7.95,7.58,7.7,29202.5,22457.59
002862.SZ,2021-02-05,7.74,7.94,7.6,7.66,19586.0,15187.09
002862.SZ,2021-02-08,7.68,7.88,7.45,7.81,30222.0,23176.3
002862.SZ,2021-02-09,7.8,7.96,7.66,7.92,27640.0,21622.08
002862.SZ,2021-02-10,7.91,8.03,7.81,7.99,25229.0,19922.78
002862.SZ,2021-02-18,8.07,8.35,8.01,8.3,35808.0,29510.13
002862.SZ,2021-02-19,8.36,8.78,8.21,8.7,33379.5,28662.49
002862.SZ,2021-02-22,8.73,9.2,8.71,8.83,41825.94,37487.33
002862.SZ,2021-02-23,8.86,9.05,8.76,8.89,31508.94,27969.45
002862.SZ,2021-02-24,9.06,9.78,8.95,9.78,92317.48,87030.72
002862.SZ,2021-02-25,9.66,9.85,9.23,9.45,128936.26,121859.79
002862.SZ,2021-02-26,9.18,10.4,9.02,10.28,164708.22,162565.24
002862.SZ,2021-03-01,9.87,11.27,9.75,10.7,188662.42,197027.38
002862.SZ,2021-03-02,10.51,10.51,9.65,9.67,125706.0,126429.8
002862.SZ,2021-03-03,9.59,9.99,9.25,9.71,86002.94,82695.01
002862.SZ,2021-03-04,9.61,10.09,9.61,9.81,74158.5,73001.96
002862.SZ,2021-03-05,9.7,10.4,9.55,10.08,99488.5,100750.19
002862.SZ,2021-03-08,10.03,11.09,9.9,11.09,140143.5,149101.51
002862.SZ,2021-03-09,11.22,12.2,11.22,12.2,192521.7,229982.03
002862.SZ,2021-03-10,11.26,12.2,10.98,10.98,204991.7,234784.55
002862.SZ,2021-03-11,10.18,10.79,9.88,10.42,148356.44,151892.75
002862.SZ,2021-03-12,10.42,11.46,10.4,11.46,118619.68,132451.49
002862.SZ,2021-03-15,11.67,11.96,10.68,10.81,177434.19,199891.02
002862.SZ,2021-03-16,10.76,11.6,10.48,11.39,154267.25,169636.72
002862.SZ,2021-03-17,11.28,12.08,11.16,11.86,164288.0,192271.47
002862.SZ,2021-03-18,11.63,11.85,11.2,11.43,102605.5,117330.29
002862.SZ,2021-03-19,11.26,11.66,10.92,11.15,94924.0,106715.63
002862.SZ,2021-03-22,11.03,11.09,10.65,10.76,84872.0,91604.76
002862.SZ,2021-03-23,10.76,10.8,9.89,10.07,88444.0,90257.34
002862.SZ,2021-03-24,9.9,10.08,9.51,9.7,66005.0,64445.13
002862.SZ,2021-03-25,9.7,10.14,9.5,9.76,63289.0,62343.91
002862.SZ,2021-03-26,9.75,9.98,9.54,9.88,40273.5,39404.6
002862.SZ,2021-03-29,9.93,10.05,9.68,9.76,34687.0,34057.62
002862.SZ,2021-03-30,9.76,9.76,9.29,9.29,54440.0,51371.86
002862.SZ,2021-03-31,9.3,9.77,9.18,9.61,55005.7,52620.01
002862.SZ,2021-04-01,9.59,10.57,9.43,10.57,113603.2,116092.42
002862.SZ,2021-04-02,10.49,11.08,10.04,10.25,138608.7,145994.1
002862.SZ,2021-04-06,10.38,10.55,10.11,10.25,71919.0,74052.44
002862.SZ,2021-04-07,10.17,10.94,10.08,10.66,96238.0,101430.69
002862.SZ,2021-04-08,10.52,11.06,10.41,10.56,102541.0,109499.79
002862.SZ,2021-04-09,10.31,10.64,10.28,10.38,59298.0,61798.79
002862.SZ,2021-04-12,10.39,10.68,9.98,10.09,54279.0,55278.53
002862.SZ,2021-04-13,10.09,10.22,9.65,9.87,45070.0,44529.47
002862.SZ,2021-04-14,9.87,10.03,9.7,9.84,30981.0,30562.8
002862.SZ,2021-04-15,10.28,10.52,9.8,9.85,69939.0,70834.54
002862.SZ,2021-04-16,9.71,10.84,9.71,10.84,63867.0,67854.91
002862.SZ,2021-04-19,11.36,11.92,11.23,11.92,128513.0,149453.54
002862.SZ,2021-04-20,12.04,12.5,11.25,11.45,216625.01,251608.28
002862.SZ,2021-04-21,11.4,12.04,11.13,11.33,138297.5,158483.2
002862.SZ,2021-04-22,11.08,11.58,10.95,11.22,103435.0,115689.12
002862.SZ,2021-04-23,11.38,11.39,10.87,10.88,84818.0,94103.49
002862.SZ,2021-04-26,10.78,10.97,10.51,10.6,63598.0,68308.75
002862.SZ,2021-04-27,10.6,10.92,10.04,10.72,90718.5,94834.24
002862.SZ,2021-04-28,10.5,10.63,10.23,10.41,56311.0,58641.5
002862.SZ,2021-04-29,10.33,10.9,10.24,10.51,79521.51,84278.83
002862.SZ,2021-04-30,10.37,10.41,9.9,10.0,64991.0,65684.08
002862.SZ,2021-05-06,10.1,11.0,10.0,11.0,72687.5,77630.4
002862.SZ,2021-05-07,11.28,11.39,10.8,11.01,122924.0,136116.38
002862.SZ,2021-05-10,11.02,11.48,10.9,11.47,113079.0,127199.01
002862.SZ,2021-05-11,11.22,11.28,10.93,11.11,71923.0,79663.03
002862.SZ,2021-05-12,10.95,11.42,10.9,11.28,73238.0,81605.95
002862.SZ,2021-05-13,11.15,11.6,11.12,11.41,89972.0,102650.2
002862.SZ,2021-05-14,11.4,11.42,11.15,11.29,56043.5,63108.45
002862.SZ,2021-05-17,11.02,11.18,10.38,10.69,66207.5,70238.13
002862.SZ,2021-05-18,10.72,11.03,10.57,10.86,39581.0,42742.83
002862.SZ,2021-05-19,10.8,11.02,10.68,10.86,32092.5,34912.83
002862.SZ,2021-05-20,10.87,11.95,10.62,11.95,83995.5,97562.15
002862.SZ,2021-05-21,12.22,13.15,12.21,13.15,115300.0,147814.25
002862.SZ,2021-05-24,13.76,14.47,13.36,14.47,196234.95,277557.99
002862.SZ,2021-05-25,14.01,15.1,13.51,14.2,225905.01,322706.01
002862.SZ,2021-05-26,14.2,15.55,13.81,14.55,239591.45,352092.39
002862.SZ,2021-05-27,14.13,14.35,13.35,13.84,195590.44,268566.9
002862.SZ,2021-05-28,13.84,15.22,13.53,15.22,233612.0,335107.95
002862.SZ,2021-05-31,15.3,15.9,14.43,15.13,213529.0,323005.61
002862.SZ,2021-06-01,15.31,16.5,15.16,15.36,208415.5,331092.12
002862.SZ,2021-06-02,14.61,15.3,14.0,14.04,159640.01,232030.72
002862.SZ,2021-06-03,14.09,14.34,13.5,14.31,109861.01,153158.43
002862.SZ,2021-06-04,13.92,14.34,13.61,13.86,80238.0,112389.96
002862.SZ,2021-06-07,13.86,13.99,13.34,13.56,81065.5,110153.14
002862.SZ,2021-06-08,13.6,14.92,13.45,14.92,112529.89,161068.09
002862.SZ,2021-06-09,15.36,15.6,14.2,14.31,119134.5,174359.06
002862.SZ,2021-06-10,14.62,14.69,13.86,14.19,77539.0,109323.21
002862.SZ,2021-06-11,13.93,15.61,13.85,15.61,141019.5,213295.47
002862.SZ,2021-06-15,15.52,15.52,14.05,14.43,136285.0,196220.05
002862.SZ,2021-06-16,14.3,15.64,13.5,14.82,124408.07,182144.75
002862.SZ,2021-06-17,14.97,16.3,14.7,16.04,194302.06,311358.9
002862.SZ,2021-06-18,15.55,16.0,14.93,15.68,165317.56,254324.23
002862.SZ,2021-06-21,15.32,16.74,14.98,16.68,166933.5,266793.04
002862.SZ,2021-06-22,16.4,17.55,16.01,16.78,144866.5,244269.68
002862.SZ,2021-06-23,16.67,17.05,16.25,16.37,98852.5,164034.01
002862.SZ,2021-06-24,16.2,16.69,15.74,15.91,69564.5,111617.9
002862.SZ,2021-06-25,15.9,16.8,15.6,16.42,90868.0,148921.51
002862.SZ,2021-06-28,16.0,16.86,15.61,16.59,88898.56,144370.64
002862.SZ,2021-06-29,16.5,16.85,16.18,16.46,62697.5,103483.14
002862.SZ,2021-06-30,16.36,16.56,15.75,15.91,55785.0,89286.79
002862.SZ,2021-07-01,15.84,16.2,15.06,15.08,51423.89,80705.97
002862.SZ,2021-07-02,15.09,15.75,14.7,15.1,41319.5,62959.89
002862.SZ,2021-07-05,15.0,15.41,14.85,15.15,34584.0,52228.17
002862.SZ,2021-07-06,15.0,15.13,14.09,14.26,81421.39,117758.41
002862.SZ,2021-07-07,14.28,14.47,13.97,14.12,42998.5,60886.37
002862.SZ,2021-07-08,14.08,14.2,13.63,13.67,46566.5,64493.42
002862.SZ,2021-07-09,13.6,14.52,13.6,14.39,60626.0,86075.7
002862.SZ,2021-07-12,14.37,14.55,14.08,14.17,42108.0,60098.27
002862.SZ,2021-07-13,14.18,14.4,13.8,14.05,27496.0,38447.62
002862.SZ,2021-07-14,14.0,14.31,13.8,14.2,34885.25,49185.8
002862.SZ,2021-07-15,14.16,14.18,13.54,13.62,33451.5,45894.33
002862.SZ,2021-07-16,13.62,13.8,12.88,12.88,52108.0,68436.12
002862.SZ,2021-07-19,12.85,12.9,12.39,12.72,33871.5,42814.47
002862.SZ,2021-07-20,12.85,12.91,12.44,12.91,32112.0,40863.37
002862.SZ,2021-07-21,13.25,13.82,13.12,13.16,44528.49,59558.02
002862.SZ,2021-07-22,13.11,13.24,12.7,12.75,38942.49,50482.05
002862.SZ,2021-07-23,12.78,12.87,12.25,12.3,30404.5,37753.06
002862.SZ,2021-07-26,12.31,12.37,11.72,11.96,28955.0,34756.63
002862.SZ,2021-07-27,11.89,12.29,11.89,11.93,26015.5,31459.6
002862.SZ,2021-07-28,11.52,12.1,11.31,12.06,27857.5,32682.01
002862.SZ,2021-07-29,12.18,12.41,11.85,11.86,29092.0,35136.39
002862.SZ,2021-07-30,11.65,11.87,11.31,11.46,32614.5,37732.99
002862.SZ,2021-08-02,11.44,11.88,11.18,11.79,32843.0,38016.38
002862.SZ,2021-08-03,11.78,12.18,11.64,11.93,31446.26,37650.96
002862.SZ,2021-08-04,12.07,12.8,11.98,12.17,52528.24,64762.31
002862.SZ,2021-08-05,12.17,12.33,11.63,11.66,34806.99,41546.63
002862.SZ,2021-08-06,11.6,11.63,11.29,11.5,23519.0,26845.36
002862.SZ,2021-08-09,11.52,12.63,11.5,12.56,57963.5,70768.07
002862.SZ,2021-08-10,12.56,13.39,12.36,13.17,69140.0,90419.52
002862.SZ,2021-08-11,13.38,14.49,13.07,14.49,81068.31,113514.92
002862.SZ,2021-08-12,15.01,15.01,14.03,14.1,91195.5,130923.12
002862.SZ,2021-08-13,14.52,14.58,13.71,13.96,42249.5,59024.41
002862.SZ,2021-08-16,13.73,14.42,13.66,13.98,55885.0,78973.1
002862.SZ,2021-08-17,14.23,15.07,13.92,14.72,80334.5,117440.7
002862.SZ,2021-08-18,14.7,14.99,14.32,14.54,41952.0,61173.01
002862.SZ,2021-08-19,14.49,15.39,14.3,15.0,55334.0,83299.91
002862.SZ,2021-08-20,14.8,15.54,14.5,14.72,47169.0,70626.65
002862.SZ,2021-08-23,14.72,15.22,14.5,15.08,38762.5,58200.99
002862.SZ,2021-08-24,15.41,15.41,14.87,15.13,37417.5,56529.47
002862.SZ,2021-08-25,15.08,15.26,14.48,14.54,43344.0,63749.17
002862.SZ,2021-08-26,14.88,15.11,14.45,14.92,34357.51,50956.77
002862.SZ,2021-08-27,14.97,15.35,14.3,14.95,48038.0,71462.12
002862.SZ,2021-08-30,14.79,14.95,14.32,14.6,33779.5,49298.48
002862.SZ,2021-08-31,14.84,15.2,14.43,14.72,32657.0,48346.74
002862.SZ,2021-09-01,14.99,15.04,14.32,14.61,18858.57,27530.69
002862.SZ,2021-09-02,14.78,14.78,14.1,14.4,24109.0,34435.01
002862.SZ,2021-09-03,14.42,15.6,14.42,15.39,54261.08,82109.28
002862.SZ,2021-09-06,15.4,15.8,14.8,15.28,50861.5,77229.77
002862.SZ,2021-09-07,15.28,15.7,14.96,15.11,37036.5,56538.9
002862.SZ,2021-09-08,15.12,16.22,14.94,15.92,49303.5,77084.66
002862.SZ,2021-09-09,15.91,15.91,15.07,15.13,36106.35,55381.01
002862.SZ,2021-09-10,15.2,15.28,14.85,15.07,21900.13,32972.92
002862.SZ,2021-09-13,15.07,15.5,14.85,15.36,19744.0,30075.46
002862.SZ,2021-09-14,15.39,16.13,15.0,15.87,37193.5,57953.4
002862.SZ,2021-09-15,15.73,15.73,15.13,15.4,40820.0,62429.97
002862.SZ,2021-09-16,15.41,16.19,15.22,15.65,49106.08,78166.76
002862.SZ,2021-09-17,15.65,16.49,15.6,16.1,44332.08,71656.25
002862.SZ,2021-09-22,16.01,16.53,15.66,16.32,33406.93,53719.0
002862.SZ,2021-09-23,16.35,16.49,15.96,16.25,26343.24,42588.4
002862.SZ,2021-09-24,16.17,16.17,15.31,15.53,28343.01,44616.44
002862.SZ,2021-09-27,15.53,15.67,14.37,14.5,34012.12,50561.91
002862.SZ,2021-09-28,14.72,15.38,14.14,15.13,45260.46,66832.11
002862.SZ,2021-09-29,15.11,15.27,14.6,14.7,23022.75,34422.76
002862.SZ,2021-09-30,14.71,15.8,14.7,15.58,26036.5,39866.38
002862.SZ,2021-10-08,15.64,16.46,15.64,16.3,35488.99,57356.69
002862.SZ,2021-10-11,16.31,16.96,16.17,16.43,25510.5,42178.92
002862.SZ,2021-10-12,16.41,16.75,16.03,16.47,23508.5,38788.84
002862.SZ,2021-10-13,16.48,16.8,16.03,16.43,18328.0,30021.89
002862.SZ,2021-10-14,16.43,17.1,16.18,16.95,21260.12,35519.12
002862.SZ,2021-10-15,17.36,17.36,16.55,16.88,20998.64,35341.93
002862.SZ,2021-10-18,16.91,17.35,16.66,16.89,22758.9,38528.19
002862.SZ,2021-10-19,16.89,16.97,16.5,16.72,15446.9,25890.05
002862.SZ,2021-10-20,16.78,16.78,16.13,16.49,16622.46,27299.72
002862.SZ,2021-10-21,16.48,16.6,16.1,16.24,14355.5,23455.25
002862.SZ,2021-10-22,16.24,16.24,15.52,15.63,17068.0,26935.53
002862.SZ,2021-10-25,15.5,15.82,15.16,15.69,9571.0,14852.19
002862.SZ,2021-10-26,15.69,15.99,15.2,15.32,15127.5,23282.7
002862.SZ,2021-10-27,15.31,15.46,14.75,15.03,23945.75,36039.64
002862.SZ,2021-10-28,15.1,15.1,14.4,14.84,12729.75,18758.4
002862.SZ,2021-10-29,14.68,14.9,14.1,14.36,23658.9,34239.76
002862.SZ,2021-11-01,14.45,15.69,14.28,15.22,27995.4,42699.07
002862.SZ,2021-11-02,15.24,15.52,14.18,14.57,30771.5,45280.59
002862.SZ,2021-11-03,14.67,16.03,14.6,16.03,20213.99,31580.91
002862.SZ,2021-11-04,16.24,17.13,15.23,16.15,62830.71,100339.07
002862.SZ,2021-11-05,16.15,17.12,15.67,16.76,49424.99,81975.09
002862.SZ,2021-11-08,16.47,16.69,16.02,16.25,35754.33,58095.39
002862.SZ,2021-11-09,16.01,16.56,16.01,16.21,25713.5,41835.85
002862.SZ,2021-11-10,16.11,16.39,16.02,16.18,13232.5,21440.48
002862.SZ,2021-11-11,16.19,16.27,15.71,15.79,19959.9,31921.21
002862.SZ,2021-11-12,15.93,15.93,15.02,15.23,25331.5,38799.46
002862.SZ,2021-11-15,15.28,15.39,14.86,15.1,30093.0,45436.14
002862.SZ,2021-11-16,15.01,15.15,14.51,14.69,36875.0,54529.65
002862.SZ,2021-11-17,14.7,14.9,14.54,14.83,18532.5,27331.6
002862.SZ,2021-11-18,14.84,14.84,14.39,14.45,20690.5,29988.25
002862.SZ,2021-11-19,14.45,14.72,14.3,14.62,18767.0,27243.64
002862.SZ,2021-11-22,14.67,14.88,14.55,14.67,15269.0,22373.37
002862.SZ,2021-11-23,14.81,14.82,14.5,14.65,14410.0,21045.83
002862.SZ,2021-11-24,14.6,14.79,14.4,14.7,15513.0,22704.37
002862.SZ,2021-11-25,14.99,15.18,14.56,14.6,27294.54,40371.62
002862.SZ,2021-11-26,14.54,15.13,14.23,14.73,32320.53,47286.07
002862.SZ,2021-11-29,14.58,14.88,14.3,14.56,34054.92,49440.79
002862.SZ,2021-11-30,14.68,15.28,14.48,14.99,42008.49,62929.17
002862.SZ,2021-12-01,15.0,15.2,14.82,14.94,30094.5,45137.46
002862.SZ,2021-12-02,14.94,15.08,14.51,14.64,22204.0,32678.41
002862.SZ,2021-12-03,14.64,14.85,14.45,14.62,16379.0,23894.87
002862.SZ,2021-12-06,14.51,14.7,14.0,14.0,30125.96,43044.4
002862.SZ,2021-12-07,14.07,14.25,13.67,13.91,19397.49,27028.82
002862.SZ,2021-12-08,14.0,14.04,13.72,13.85,13635.39,18882.13
002862.SZ,2021-12-09,13.89,13.97,13.66,13.92,18871.68,26111.3
002862.SZ,2021-12-10,13.93,14.23,13.81,14.11,19416.5,27320.21
002862.SZ,2021-12-13,14.2,14.35,14.09,14.1,18057.43,25622.09
002862.SZ,2021-12-14,14.04,14.15,13.92,14.0,15116.11,21187.99
002862.SZ,2021-12-15,14.0,14.05,13.76,13.77,16974.0,23549.9
002862.SZ,2021-12-16,13.77,13.97,13.7,13.92,12635.0,17496.28
002862.SZ,2021-12-17,13.93,13.97,13.48,13.51,21747.99,29673.01
002862.SZ,2021-12-20,13.57,13.67,13.44,13.47,11443.7,15483.26
002862.SZ,2021-12-21,13.51,13.55,13.31,13.31,18027.33,24244.8
002862.SZ,2021-12-22,13.31,13.77,13.22,13.69,22697.03,30627.47
002862.SZ,2021-12-23,13.6,13.68,13.17,13.26,30023.03,40046.99
002862.SZ,2021-12-24,13.24,13.24,12.23,12.25,40546.4,50793.19
002862.SZ,2021-12-27,12.32,13.13,12.2,12.8,29228.63,37166.49
002862.SZ,2021-12-28,12.82,13.06,12.75,12.9,16994.0,21909.78
002862.SZ,2021-12-29,12.85,13.48,12.74,13.28,24746.05,32654.41
002862.SZ,2021-12-30,13.29,14.58,13.29,13.93,65968.73,92646.09
002862.SZ,2021-12-31,14.0,14.54,13.72,14.15,47210.39,67337.0
002862.SZ,2022-01-04,14.09,14.33,14.0,14.29,39178.0,55478.37
002862.SZ,2022-01-05,14.35,15.29,14.17,14.52,50977.46,75161.67
002862.SZ,2022-01-06,14.22,15.65,14.22,15.13,74826.73,113539.5
002862.SZ,2022-01-07,16.21,16.58,14.51,14.51,109908.88,168874.04
002862.SZ,2022-01-10,14.39,14.88,14.21,14.8,40324.0,58955.79
002862.SZ,2022-01-11,14.67,15.88,14.67,15.15,49626.5,75893.22
002862.SZ,2022-01-12,14.9,15.3,14.7,15.0,32670.0,49047.21
002862.SZ,2022-01-13,15.2,15.27,14.73,14.92,21240.12,31830.25
002862.SZ,2022-01-14,15.15,15.15,14.39,14.56,21814.85,32063.59
002862.SZ,2022-01-17,14.57,14.8,14.33,14.45,30592.83,44515.0
002862.SZ,2022-01-18,14.49,14.49,13.62,13.64,30216.33,41977.63
002862.SZ,2022-01-19,13.65,14.2,13.53,14.15,23117.83,32309.28
002862.SZ,2022-01-20,14.15,14.32,13.38,13.39,21880.5,29895.09
002862.SZ,2022-01-21,13.39,13.63,13.14,13.51,12957.0,17349.56
002862.SZ,2022-01-24,13.33,13.59,13.04,13.13,16781.0,22185.2
002862.SZ,2022-01-25,13.05,13.19,12.5,12.64,14427.0,18332.53
002862.SZ,2022-01-26,12.74,12.85,12.37,12.55,13524.0,17010.66
002862.SZ,2022-01-27,12.6,12.6,12.14,12.15,15655.0,19160.7
002862.SZ,2022-01-28,12.25,12.98,12.25,12.83,16036.0,20272.27
002862.SZ,2022-02-07,12.88,13.22,12.6,13.1,17818.0,23006.98
002862.SZ,2022-02-08,13.11,13.61,12.95,13.45,16350.0,21851.02
002862.SZ,2022-02-09,13.45,13.55,13.3,13.38,12478.0,16720.23
002862.SZ,2022-02-10,13.43,13.72,13.1,13.13,17402.0,23149.28
002862.SZ,2022-02-11,13.18,13.21,12.7,12.84,13307.5,17090.31
002862.SZ,2022-02-14,12.67,13.18,12.64,13.0,15371.5,19912.27
002862.SZ,2022-02-15,12.98,13.06,12.7,12.86,15031.0,19311.84
002862.SZ,2022-02-16,12.79,13.13,12.7,13.11,15754.5,20467.96
002862.SZ,2022-02-17,13.09,13.23,12.86,12.89,12941.0,16801.41
002862.SZ,2022-02-18,12.95,13.04,12.76,13.02,10633.5,13745.16
002862.SZ,2022-02-21,13.03,13.35,12.83,13.28,16438.5,21666.7
002862.SZ,2022-02-22,13.38,13.38,12.98,13.0,15568.5,20437.69
002862.SZ,2022-02-23,13.02,13.28,12.92,13.1,11885.0,15553.31
002862.SZ,2022-02-24,13.06,13.21,12.5,12.59,28490.82,36575.71
002862.SZ,2022-02-25,12.64,13.18,12.64,12.83,15228.5,19605.07
002862.SZ,2022-02-28,12.83,12.85,12.4,12.62,12505.51,15739.72
002862.SZ,2022-03-01,12.73,13.03,12.63,12.85,11095.0,14271.99
002862.SZ,2022-03-02,12.8,13.14,12.8,12.99,16473.51,21341.92
002862.SZ,2022-03-03,12.91,13.07,12.8,12.92,12552.0,16239.83
002862.SZ,2022-03-04,12.76,13.09,12.72,12.84,16012.0,20663.65
002862.SZ,2022-03-07,12.79,14.12,12.77,14.12,51871.0,71651.59
002862.SZ,2022-03-08,13.81,13.81,12.93,13.44,91499.52,121709.16
002862.SZ,2022-03-09,13.09,13.35,12.16,12.6,55025.96,70655.83
002862.SZ,2022-03-10,12.8,13.86,12.8,13.25,64921.4,86620.33
002862.SZ,2022-03-11,12.71,13.19,12.6,12.94,44119.68,56973.94
002862.SZ,2022-03-14,12.94,13.0,12.22,12.25,36815.5,45795.93
002862.SZ,2022-03-15,12.25,12.39,11.23,11.29,39074.94,45864.39
002862.SZ,2022-03-16,11.41,11.65,11.11,11.59,23003.52,26348.72
002862.SZ,2022-03-17,11.74,11.96,11.57,11.69,18937.5,22348.51
002862.SZ,2022-03-18,11.75,12.73,11.61,12.54,38356.35,47117.86
002862.SZ,2022-03-21,12.52,12.63,12.42,12.58,18382.0,23017.93
002862.SZ,2022-03-22,12.58,12.58,12.3,12.43,13792.0,17163.1
002862.SZ,2022-03-23,12.37,12.5,12.3,12.35,12701.0,15727.44
002862.SZ,2022-03-24,12.3,12.39,12.1,12.29,14478.0,17733.37
002862.SZ,2022-03-25,12.29,12.54,12.21,12.36,11385.0,14145.62
002862.SZ,2022-03-28,12.3,12.38,12.11,12.25,11165.0,13671.26
002862.SZ,2022-03-29,12.25,12.55,12.12,12.15,12742.52,15700.4
002862.SZ,2022-03-30,12.33,12.33,11.96,12.09,14318.0,17297.35
002862.SZ,2022-03-31,12.24,12.33,11.98,12.13,9279.5,11304.26
002862.SZ,2022-04-01,12.0,12.15,11.9,11.9,10817.0,12933.39
002862.SZ,2022-04-06,12.01,12.47,11.81,12.13,17564.5,21501.42
002862.SZ,2022-04-07,12.13,12.2,11.76,11.78,13681.5,16291.34
002862.SZ,2022-04-08,11.9,11.95,11.45,11.79,14461.0,16923.27
002862.SZ,2022-04-11,11.7,11.96,11.32,11.53,17730.0,20634.14
002862.SZ,2022-04-12,11.53,12.0,11.27,11.9,16182.0,18873.44
002862.SZ,2022-04-13,11.9,12.09,11.55,11.6,14051.54,16493.27
002862.SZ,2022-04-14,11.6,11.88,11.54,11.67,11634.09,13654.08
002862.SZ,2022-04-15,11.67,11.67,11.25,11.31,10442.0,11886.42
002862.SZ,2022-04-18,11.16,11.5,11.06,11.44,7905.74,8968.41
002862.SZ,2022-04-19,11.69,11.7,11.28,11.43,8994.5,10310.74
002862.SZ,2022-04-20,11.43,11.58,11.16,11.35,11513.77,13070.93
002862.SZ,2022-04-21,11.25,11.4,10.9,10.96,12554.0,13934.37
002862.SZ,2022-04-22,10.92,11.03,10.6,10.95,13366.0,14489.27
002862.SZ,2022-04-25,10.86,10.86,9.86,9.86,15252.75,15652.51
002862.SZ,2022-04-26,9.81,10.22,9.55,9.7,16055.5,15775.13
002862.SZ,2022-04-27,9.51,9.79,9.23,9.73,12838.5,12162.03
002862.SZ,2022-04-28,9.48,9.65,9.2,9.23,13019.75,12166.07
002862.SZ,2022-04-29,9.19,9.9,9.19,9.72,16336.24,15717.52
002862.SZ,2022-05-05,9.81,10.33,9.55,10.23,11830.97,11869.47
002862.SZ,2022-05-06,9.72,10.16,9.72,9.99,11239.5,11192.71
002862.SZ,2022-05-09,9.99,10.39,9.83,10.17,7176.0,7329.69
002862.SZ,2022-05-10,10.09,10.47,10.02,10.38,9477.5,9767.58
002862.SZ,2022-05-11,10.38,10.6,10.12,10.12,9730.0,10106.85
002862.SZ,2022-05-12,10.16,10.44,10.1,10.28,9640.5,9894.94
002862.SZ,2022-05-13,10.43,10.48,10.25,10.34,8477.79,8778.61
002862.SZ,2022-05-16,10.5,10.64,10.31,10.52,8968.2,9393.83
002862.SZ,2022-05-17,10.51,10.55,10.2,10.51,8990.0,9318.23
002862.SZ,2022-05-18,10.49,10.73,10.35,10.6,10781.23,11410.66
002862.SZ,2022-05-19,10.41,10.73,10.41,10.66,11734.5,12453.79
002862.SZ,2022-05-20,10.75,10.76,10.53,10.59,9124.0,9688.49
002862.SZ,2022-05-23,10.7,10.92,10.62,10.73,11344.47,12210.63
002862.SZ,2022-05-24,11.8,11.8,11.8,11.8,16869.52,19906.03
002862.SZ,2022-05-25,12.5,12.98,12.0,12.98,57595.36,72600.83
002862.SZ,2022-05-26,13.0,14.18,12.22,12.28,139672.34,183916.97
002862.SZ,2022-05-27,11.73,11.85,11.2,11.36,94931.49,108599.12
002862.SZ,2022-05-30,11.15,11.34,10.95,11.06,54034.51,59820.79
002862.SZ,2022-05-31,11.02,11.13,10.76,10.91,34899.9,38070.9
002862.SZ,2022-06-01,10.86,11.14,10.86,10.93,29632.64,32576.09
002862.SZ,2022-06-02,10.99,11.15,10.73,11.04,28435.44,31162.16
002862.SZ,2022-06-06,11.0,11.24,10.96,11.21,23474.11,26100.94
002862.SZ,2022-06-07,11.27,11.29,10.81,10.89,23182.74,25443.01
002862.SZ,2022-06-08,10.89,11.07,10.71,11.0,23853.0,26025.81
002862.SZ,2022-06-09,10.86,10.97,10.77,10.78,16543.0,17982.86
002862.SZ,2022-06-10,10.72,10.92,10.68,10.86,14799.0,16028.51
002862.SZ,2022-06-13,10.9,10.99,10.73,10.8,10624.74,11531.24
002862.SZ,2022-06-14,10.72,10.8,10.35,10.62,19122.63,20086.27
002862.SZ,2022-06-15,10.56,10.73,10.54,10.6,11462.89,12224.84
002862.SZ,2022-06-16,10.6,10.83,10.48,10.8,15535.47,16719.15
002862.SZ,2022-06-17,10.82,10.94,10.55,10.67,15355.74,16439.38
002862.SZ,2022-06-20,10.7,10.88,10.68,10.77,11266.0,12144.43
002862.SZ,2022-06-21,10.8,10.98,10.75,10.93,19329.74,21012.41
002862.SZ,2022-06-22,10.98,11.1,10.87,10.89,16400.74,18006.57
002862.SZ,2022-06-23,10.78,10.98,10.78,10.96,10986.0,11989.84
002862.SZ,2022-06-24,10.98,11.02,10.88,10.99,12023.0,13194.03
002862.SZ,2022-06-27,10.99,11.14,10.93,11.13,15919.5,17614.24
002862.SZ,2022-06-28,11.18,11.49,11.03,11.43,20702.24,23468.53
002862.SZ,2022-06-29,11.4,11.51,11.2,11.21,15350.0,17330.45
002862.SZ,2022-06-30,11.3,11.47,11.18,11.27,15161.0,17130.86
002862.SZ,2022-07-01,11.35,11.35,11.06,11.32,10169.5,11391.5
002862.SZ,2022-07-04,11.31,11.44,11.1,11.36,12686.0,14337.41
002862.SZ,2022-07-05,11.35,11.67,11.1,11.28,17521.5,19852.27
002862.SZ,2022-07-06,11.25,11.75,11.1,11.68,30886.5,35548.6
002862.SZ,2022-07-07,11.77,12.77,11.13,11.2,63729.49,73731.4
002862.SZ,2022-07-08,11.0,11.5,11.0,11.28,31716.5,35683.96
002862.SZ,2022-07-11,11.11,11.28,11.0,11.09,17299.51,19258.77
002862.SZ,2022-07-12,11.14,11.15,10.95,10.96,17218.5,19019.32
002862.SZ,2022-07-13,11.1,11.32,10.91,11.27,15589.01,17443.16
002862.SZ,2022-07-14,11.35,11.35,11.08,11.13,12721.0,14178.34
002862.SZ,2022-07-15,11.05,11.23,10.78,10.82,14331.0,15621.46
002862.SZ,2022-07-18,10.77,11.23,10.76,11.15,14568.5,16224.29
002862.SZ,2022-07-19,11.2,11.33,11.11,11.3,12874.0,14501.23
002862.SZ,2022-07-20,11.4,11.4,11.2,11.27,9626.5,10862.01
002862.SZ,2022-07-21,11.27,11.46,11.26,11.39,12658.0,14377.09
002862.SZ,2022-07-22,11.38,12.53,11.33,12.53,70479.0,87313.49
002862.SZ,2022-07-25,12.89,13.68,12.1,12.13,153251.5,199502.6
002862.SZ,2022-07-26,12.25,12.49,11.58,12.04,84707.39,100810.58
002862.SZ,2022-07-27,11.81,12.27,11.71,12.08,62926.71,75437.43
002862.SZ,2022-07-28,12.06,12.14,11.79,11.87,45657.74,54319.96
002862.SZ,2022-07-29,11.81,12.0,11.76,11.83,27939.0,33122.62
002862.SZ,2022-08-01,11.81,11.91,11.53,11.73,29217.0,34286.96
002862.SZ,2022-08-02,11.69,11.7,10.97,11.11,38621.5,43159.9
002862.SZ,2022-08-03,11.17,11.52,11.1,11.2,22915.24,26002.95
002862.SZ,2022-08-04,11.4,11.43,11.2,11.42,13738.0,15549.11
002862.SZ,2022-08-05,11.41,11.5,11.3,11.48,20610.0,23509.48
002862.SZ,2022-08-08,11.5,11.86,11.39,11.81,20659.57,24187.55
002862.SZ,2022-08-09,11.81,12.04,11.74,11.85,16382.5,19426.22
002862.SZ,2022-08-10,11.86,12.1,11.72,12.03,20208.5,24206.11
002862.SZ,2022-08-11,12.1,12.16,11.95,12.02,21647.0,26064.55
002862.SZ,2022-08-12,11.96,12.18,11.78,12.09,13970.0,16878.56
002862.SZ,2022-08-15,12.14,12.25,11.92,12.23,19208.0,23256.18
002862.SZ,2022-08-16,12.23,12.44,12.17,12.43,15851.0,19544.03
002862.SZ,2022-08-17,12.45,12.62,12.14,12.28,19545.0,24149.61
002862.SZ,2022-08-18,12.23,12.32,12.09,12.21,14295.5,17451.3
002862.SZ,2022-08-19,12.15,12.43,12.0,12.09,15116.56,18474.99
002862.SZ,2022-08-22,12.26,12.46,12.02,12.34,16161.0,19904.46
002862.SZ,2022-08-23,12.35,12.47,12.21,12.43,15750.0,19476.39
002862.SZ,2022-08-24,12.48,12.56,12.15,12.23,14688.0,18116.37
002862.SZ,2022-08-25,12.23,12.36,11.88,12.01,11760.0,14101.41
002862.SZ,2022-08-26,12.1,12.25,11.97,12.08,13482.0,16338.9
002862.SZ,2022-08-29,12.02,12.28,11.52,12.26,11689.0,14100.52
002862.SZ,2022-08-30,12.47,13.49,12.15,12.6,76863.19,97434.81
002862.SZ,2022-08-31,12.6,13.86,12.13,13.86,86718.18,116866.9
002862.SZ,2022-09-01,13.85,14.88,12.82,13.66,172790.36,233792.17
002862.SZ,2022-09-02,13.05,13.2,12.62,13.05,120855.29,155761.39
002862.SZ,2022-09-05,12.79,13.06,12.7,12.96,80210.74,103362.56
002862.SZ,2022-09-06,12.71,12.85,12.19,12.66,69942.17,88123.73
002862.SZ,2022-09-07,12.6,12.78,12.33,12.78,54474.76,68456.01
002862.SZ,2022-09-08,12.66,12.75,12.27,12.5,51241.85,63988.23
002862.SZ,2022-09-09,12.36,12.48,12.03,12.1,37110.0,45271.65
002862.SZ,2022-09-13,12.11,12.23,11.93,12.12,40604.59,48952.37
002862.SZ,2022-09-14,11.88,12.15,11.8,12.01,30511.99,36564.21
002862.SZ,2022-09-15,12.02,12.47,11.95,12.15,38200.61,46465.97
002862.SZ,2022-09-16,12.19,12.39,11.3,11.3,44402.12,52428.46
002862.SZ,2022-09-19,11.28,11.54,11.0,11.49,28317.49,32181.72
002862.SZ,2022-09-20,11.4,12.2,11.4,12.03,43432.75,51799.94
002862.SZ,2022-09-21,12.4,12.54,12.01,12.46,41710.24,51238.96
002862.SZ,2022-09-22,12.54,13.7,12.22,13.16,76394.6,100358.94
002862.SZ,2022-09-23,13.18,13.42,12.88,13.06,55678.78,73338.62
002862.SZ,2022-09-26,12.89,13.28,12.89,12.95,34238.13,44726.02
002862.SZ,2022-09-27,13.04,14.25,12.81,14.25,79358.42,108462.92
002862.SZ,2022-09-28,15.05,15.05,13.5,13.89,105444.76,145952.12
002862.SZ,2022-09-29,13.76,13.95,13.23,13.33,76748.88,103592.57
002862.SZ,2022-09-30,13.36,13.65,12.4,12.56,54930.03,70627.26
002862.SZ,2022-10-10,12.62,12.92,12.24,12.35,40127.5,50343.19
002862.SZ,2022-10-11,12.58,12.69,11.6,12.26,42560.82,51234.17
002862.SZ,2022-10-12,12.25,12.54,12.02,12.51,29632.0,36467.78
002862.SZ,2022-10-13,12.46,13.75,12.4,13.34,70819.5,93581.9
002862.SZ,2022-10-14,13.23,13.45,13.0,13.22,48241.23,63619.52
002862.SZ,2022-10-17,13.48,13.61,13.05,13.51,48932.98,65616.6
002862.SZ,2022-10-18,13.4,13.56,13.2,13.42,34694.0,46370.26
002862.SZ,2022-10-19,13.3,13.39,12.99,13.12,27043.0,35578.25
002862.SZ,2022-10-20,13.21,13.4,13.01,13.21,27357.01,36087.07
002862.SZ,2022-10-21,13.2,13.6,13.06,13.14,34833.5,46483.79
002862.SZ,2022-10-24,13.14,13.6,12.75,12.92,40880.54,54049.6
002862.SZ,2022-10-25,13.0,13.0,12.26,12.49,32512.0,40772.46
002862.SZ,2022-10-26,12.7,12.92,12.47,12.81,25105.0,32050.57
002862.SZ,2022-10-27,12.73,13.5,12.71,13.15,34609.97,45648.61
002862.SZ,2022-10-28,13.04,13.04,12.38,12.48,34720.78,43741.28
002862.SZ,2022-10-31,12.56,13.0,12.5,12.85,20837.23,26748.85
002862.SZ,2022-11-01,12.78,13.31,12.78,13.24,22672.5,29760.96
002862.SZ,2022-11-02,13.31,13.46,13.14,13.19,23369.5,31014.02
002862.SZ,2022-11-03,13.09,13.32,12.9,13.29,22595.0,29727.5
002862.SZ,2022-11-04,13.29,13.55,13.22,13.36,22380.9,29907.69
002862.SZ,2022-11-07,13.4,14.7,13.25,14.7,53007.38,75247.6
002862.SZ,2022-11-08,14.77,14.97,14.16,14.42,104246.96,151144.75
002862.SZ,2022-11-09,14.42,15.51,14.21,15.02,88735.04,133065.48
002862.SZ,2022-11-10,14.7,15.25,14.61,15.13,48856.5,73407.98
002862.SZ,2022-11-11,15.13,15.35,14.35,14.44,63065.04,93188.04
002862.SZ,2022-11-14,14.51,14.6,14.1,14.34,36107.0,51745.89
002862.SZ,2022-11-15,14.45,14.57,14.08,14.35,30313.5,43258.28
002862.SZ,2022-11-16,14.43,14.88,14.35,14.54,32478.5,47301.33
002862.SZ,2022-11-17,14.8,14.8,14.19,14.31,29055.4,41811.1
002862.SZ,2022-11-18,14.09,14.55,14.09,14.43,26859.0,38646.85
002862.SZ,2022-11-21,14.55,15.8,14.21,15.21,65959.73,100231.85
002862.SZ,2022-11-22,15.13,15.8,15.02,15.48,53807.53,83641.75
002862.SZ,2022-11-23,15.55,16.44,15.25,15.33,53409.19,84008.23
002862.SZ,2022-11-24,15.56,16.0,15.21,15.91,41543.08,64972.82
002862.SZ,2022-11-25,15.68,16.0,15.19,15.8,38731.32,60558.47
002862.SZ,2022-11-28,15.78,15.98,15.1,15.2,52444.15,81395.72
002862.SZ,2022-11-29,15.21,15.48,15.0,15.28,24610.7,37351.15
002862.SZ,2022-11-30,15.28,15.44,14.74,14.92,20420.0,30558.41
002862.SZ,2022-12-01,14.92,15.16,14.68,15.08,18947.0,28257.77
002862.SZ,2022-12-02,15.04,15.63,14.92,15.17,21295.0,32646.94
002862.SZ,2022-12-05,15.18,15.4,14.89,15.35,24182.0,36664.85
002862.SZ,2022-12-06,15.2,15.56,14.93,14.98,19470.0,29541.48
002862.SZ,2022-12-07,14.96,15.39,14.6,15.26,21105.5,31981.57
002862.SZ,2022-12-08,15.3,15.32,15.02,15.04,17451.0,26401.03
002862.SZ,2022-12-09,15.13,15.2,14.75,15.09,18731.5,28013.9
002862.SZ,2022-12-12,15.25,15.5,14.87,15.28,24961.0,37957.48
002862.SZ,2022-12-13,15.28,15.98,15.25,15.71,33361.0,52436.39
002862.SZ,2022-12-14,15.75,16.15,15.44,16.14,29059.0,46139.41
002862.SZ,2022-12-15,16.16,16.29,15.88,16.0,18223.49,29231.98
002862.SZ,2022-12-16,15.99,16.26,15.65,16.09,19263.0,30941.4
002862.SZ,2022-12-19,16.1,16.25,15.7,16.01,21013.0,33567.49
002862.SZ,2022-12-20,16.02,16.09,15.7,15.82,15237.5,24119.17
002862.SZ,2022-12-21,15.99,16.0,15.36,15.5,18931.0,29587.68
002862.SZ,2022-12-22,15.55,15.62,14.75,14.85,19745.0,29948.07
002862.SZ,2022-12-23,14.85,15.97,14.3,15.19,27602.5,42096.91
002862.SZ,2022-12-26,15.31,15.39,15.07,15.22,12167.0,18487.89
002862.SZ,2022-12-27,15.4,15.4,14.79,14.82,15791.5,23725.39
002862.SZ,2022-12-28,14.9,14.94,14.5,14.7,10665.5,15746.98
002862.SZ,2022-12-29,14.67,15.1,14.57,14.62,12889.0,19032.81
002862.SZ,2022-12-30,14.61,14.77,14.43,14.67,11038.0,16127.26
002862.SZ,2023-01-03,14.99,15.05,14.57,14.92,18312.0,27245.9
002862.SZ,2023-01-04,14.96,16.41,14.82,16.41,100520.0,163673.38
002862.SZ,2023-01-05,16.03,16.49,15.36,16.15,144359.0,227451.7
002862.SZ,2023-01-06,16.01,17.77,15.72,16.79,130976.82,219070.6
002862.SZ,2023-01-09,16.56,16.86,16.17,16.69,80652.32,133289.39
002862.SZ,2023-01-10,16.74,17.2,16.26,16.6,63941.95,106716.4
002862.SZ,2023-01-11,16.66,17.73,16.48,16.78,88350.0,150909.29
002862.SZ,2023-01-12,16.57,16.94,16.52,16.92,47632.5,79916.03
002862.SZ,2023-01-13,16.9,17.6,16.76,17.01,44461.78,76053.91
002862.SZ,2023-01-16,17.1,17.32,15.71,16.06,69565.0,113576.03
002862.SZ,2023-01-17,16.0,16.18,15.09,15.36,48250.72,74263.41
002862.SZ,2023-01-18,15.28,15.76,15.1,15.67,38745.5,59814.57
002862.SZ,2023-01-19,15.81,15.82,14.7,14.78,46787.0,70499.27
002862.SZ,2023-01-20,14.81,15.53,14.79,15.1,27974.0,42321.8
002862.SZ,2023-01-30,15.11,15.34,15.07,15.27,24827.5,37834.79
002862.SZ,2023-01-31,15.11,15.16,14.54,14.9,37455.61,55519.46
002862.SZ,2023-02-01,14.89,15.1,14.72,15.07,31185.48,46439.46
002862.SZ,2023-02-02,15.07,16.28,15.02,15.79,57962.63,90555.04
002862.SZ,2023-02-03,15.51,16.03,15.45,15.98,42975.0,68061.92
002862.SZ,2023-02-06,15.82,17.14,15.82,16.87,74144.0,123921.21
002862.SZ,2023-02-07,16.67,17.04,16.47,16.9,31199.74,52310.38
002862.SZ,2023-02-08,16.9,17.74,16.8,17.26,46504.0,80461.26
002862.SZ,2023-02-09,17.16,17.24,16.79,16.95,38844.5,65914.27
002862.SZ,2023-02-10,16.95,17.14,16.65,16.7,26737.5,45156.01
002862.SZ,2023-02-13,17.01,17.01,16.58,16.64,24635.0,41197.03
002862.SZ,2023-02-14,16.62,16.73,16.34,16.38,21901.0,36072.57
002862.SZ,2023-02-15,16.54,16.58,16.13,16.26,17472.0,28428.98
002862.SZ,2023-02-16,16.42,16.96,16.11,16.23,31767.0,52307.29
002862.SZ,2023-02-17,16.19,16.69,16.11,16.2,18182.5,29630.88
002862.SZ,2023-02-20,16.2,16.45,16.11,16.39,16745.25,27331.78
002862.SZ,2023-02-21,16.4,16.42,15.76,15.97,29164.75,46637.14
002862.SZ,2023-02-22,15.93,16.14,15.8,16.1,12549.0,20107.4
002862.SZ,2023-02-23,16.25,16.25,15.66,15.71,14742.0,23350.08
002862.SZ,2023-02-24,15.79,16.01,15.46,15.82,19292.0,30332.43
002862.SZ,2023-02-27,15.9,15.9,15.51,15.57,11395.0,17786.66
002862.SZ,2023-02-28,15.6,15.88,15.32,15.88,14026.0,22084.0
002862.SZ,2023-03-01,15.88,16.38,15.73,16.34,26538.0,42869.82
002862.SZ,2023-03-02,16.34,16.58,16.13,16.23,18365.11,29957.16
002862.SZ,2023-03-03,16.26,16.38,15.62,15.73,32583.25,51559.09
002862.SZ,2023-03-06,15.7,15.83,15.28,15.34,24801.5,38504.29
002862.SZ,2023-03-07,15.34,15.55,15.18,15.21,15306.0,23440.38
002862.SZ,2023-03-08,15.2,15.52,15.03,15.49,10038.5,15409.1
002862.SZ,2023-03-09,15.6,15.64,15.3,15.54,11532.0,17848.19
002862.SZ,2023-03-10,15.5,15.6,15.16,15.31,10271.0,15751.31
002862.SZ,2023-03-13,15.3,15.44,15.16,15.4,9085.0,13913.96
002862.SZ,2023-03-14,15.17,15.39,14.78,15.0,13286.5,19949.73
002862.SZ,2023-03-15,15.07,15.55,15.05,15.34,11061.0,16941.6
002862.SZ,2023-03-16,15.29,15.32,14.93,14.94,7710.0,11632.44
002862.SZ,2023-03-17,15.2,15.6,14.98,15.51,16538.5,25281.21
002862.SZ,2023-03-20,15.56,15.75,15.11,15.15,14631.0,22444.4
002862.SZ,2023-03-21,15.13,15.64,15.03,15.55,16200.5,24988.05
002862.SZ,2023-03-22,15.55,15.85,15.55,15.74,15150.5,23833.45
002862.SZ,2023-03-23,15.79,15.8,15.42,15.59,12229.0,19064.93
002862.SZ,2023-03-24,15.6,15.69,15.3,15.32,13544.5,20895.73
002862.SZ,2023-03-27,15.31,15.43,15.13,15.37,12954.0,19787.83
002862.SZ,2023-03-28,15.26,15.76,15.22,15.52,11713.5,18136.55
002862.SZ,2023-03-29,15.6,15.79,15.17,15.75,22597.0,35110.65
002862.SZ,2023-03-30,15.78,15.87,15.57,15.67,17504.0,27476.6
002862.SZ,2023-03-31,15.75,16.4,15.63,16.29,29436.0,47406.49
002862.SZ,2023-04-03,16.5,16.95,16.17,16.79,31286.0,52389.55
002862.SZ,2023-04-04,16.8,16.87,16.29,16.35,26662.0,44173.32
002862.SZ,2023-04-06,16.34,16.69,16.19,16.45,17851.5,29296.54
002862.SZ,2023-04-07,16.45,16.6,16.31,16.57,10927.0,18038.71
002862.SZ,2023-04-10,16.57,17.13,16.26,16.44,26409.5,44056.83
002862.SZ,2023-04-11,16.33,16.85,16.31,16.69,16787.0,27921.69
002862.SZ,2023-04-12,16.69,17.04,16.66,16.98,20769.0,35026.17
002862.SZ,2023-04-13,16.94,17.17,16.7,17.01,22716.0,38608.49
002862.SZ,2023-04-14,17.27,17.27,16.55,16.9,27014.5,45354.89
002862.SZ,2023-04-17,16.9,17.25,16.76,17.09,28167.0,48004.94
002862.SZ,2023-04-18,17.05,17.5,17.0,17.42,28138.53,48813.17
002862.SZ,2023-04-19,17.43,18.24,17.43,18.11,39315.03,70949.94
002862.SZ,2023-04-20,18.11,18.18,17.76,17.96,25997.5,46675.51
002862.SZ,2023-04-21,17.86,18.32,17.67,17.76,25862.03,46402.1
002862.SZ,2023-04-24,17.78,18.29,17.68,17.96,34163.0,61633.04
002862.SZ,2023-04-25,17.77,18.26,17.26,17.37,38799.39,68627.37
002862.SZ,2023-04-26,17.27,17.55,16.92,17.05,21313.0,36494.66
002862.SZ,2023-04-27,17.02,17.02,16.4,16.62,18747.0,31342.13
002862.SZ,2023-04-28,16.71,17.44,16.6,17.39,25069.5,43027.83
002862.SZ,2023-05-04,17.77,18.17,17.47,18.15,20696.0,37176.43
002862.SZ,2023-05-05,18.15,18.32,17.99,18.25,17574.0,31901.38
002862.SZ,2023-05-08,18.25,18.53,17.96,18.14,17673.0,32092.69
002862.SZ,2023-05-09,18.14,18.23,17.87,17.88,12592.89,22702.63
002862.SZ,2023-05-10,17.95,19.67,17.86,18.98,117286.53,225964.94
002862.SZ,2023-05-11,18.72,19.2,18.43,19.18,89201.98,167499.79
002862.SZ,2023-05-12,19.0,19.31,18.67,18.77,35715.0,67576.84
002862.SZ,2023-05-15,18.6,19.33,18.5,19.03,32074.15,60716.72
002862.SZ,2023-05-16,18.88,19.3,18.6,18.73,26000.76,49127.91
002862.SZ,2023-05-17,18.55,19.04,18.52,18.92,15173.5,28555.7
002862.SZ,2023-05-18,19.25,19.25,18.67,18.94,11874.73,22403.65
002862.SZ,2023-05-19,18.93,19.18,18.71,19.08,14031.0,26656.19
002862.SZ,2023-05-22,18.92,19.3,18.72,18.74,13283.82,25172.77
002862.SZ,2023-05-23,18.89,18.89,18.5,18.53,13411.0,25042.9
002862.SZ,2023-05-24,18.46,18.78,18.4,18.6,10140.0,18879.47
002862.SZ,2023-05-25,18.79,18.79,18.18,18.75,14989.32,27805.71
002862.SZ,2023-05-26,18.76,19.18,18.59,19.06,10939.0,20761.67
002862.SZ,2023-05-29,19.28,19.28,18.76,18.82,12217.5,23160.6
002862.SZ,2023-05-30,18.79,18.9,18.6,18.86,8725.0,16389.31
002862.SZ,2023-05-31,18.86,18.93,18.6,18.78,8794.0,16525.71
002862.SZ,2023-06-01,18.78,19.19,18.73,19.04,16335.5,31073.77
002862.SZ,2023-06-02,19.22,19.22,18.9,18.9,10499.0,19947.0
002862.SZ,2023-06-05,18.87,19.1,18.76,18.93,12650.5,23922.53
002862.SZ,2023-06-06,18.86,19.05,18.5,18.5,14855.0,27853.82
002862.SZ,2023-06-07,18.79,19.23,18.45,19.0,19683.47,37398.21
002862.SZ,2023-06-08,19.0,19.1,18.76,18.85,13336.0,25160.66
002862.SZ,2023-06-09,18.89,19.13,18.73,18.81,9523.0,17970.88
002862.SZ,2023-06-12,18.79,18.89,18.5,18.61,15057.0,28117.39
002862.SZ,2023-06-13,18.74,19.0,18.39,18.39,16577.5,30919.71
002862.SZ,2023-06-14,17.95,18.39,17.71,18.06,20642.97,37361.64
002862.SZ,2023-06-15,18.07,18.29,17.9,17.95,13420.0,24217.34
002862.SZ,2023-06-16,17.95,18.26,17.67,17.76,14340.0,25592.76
002862.SZ,2023-06-19,17.77,17.89,17.45,17.56,11383.0,20124.0
002862.SZ,2023-06-20,17.84,17.9,17.38,17.43,12503.0,21932.14
002862.SZ,2023-06-21,17.36,17.5,16.5,16.56,34201.06,57597.76
002862.SZ,2023-06-26,16.8,17.25,16.38,16.48,18785.56,31452.19
002862.SZ,2023-06-27,16.48,17.59,16.48,17.4,20797.5,35682.19
002862.SZ,2023-06-28,17.42,17.77,17.0,17.33,13616.0,23496.38
002862.SZ,2023-06-29,17.33,18.52,17.33,18.39,22434.5,40665.73
002862.SZ,2023-06-30,18.02,19.08,18.02,18.84,26745.56,50199.86
002862.SZ,2023-07-03,19.11,19.11,18.5,18.8,14309.0,26845.59
002862.SZ,2023-07-04,18.83,19.09,18.62,18.8,16350.0,30800.74
002862.SZ,2023-07-05,18.99,19.05,18.15,18.26,17221.0,31872.84
002862.SZ,2023-07-06,18.27,18.42,17.88,17.99,14678.0,26578.05
002862.SZ,2023-07-07,18.0,18.28,17.75,17.85,7871.0,14062.03
002862.SZ,2023-07-10,17.98,18.56,17.98,18.3,15238.0,27814.22
002862.SZ,2023-07-11,18.25,18.58,18.11,18.2,8962.0,16407.65
002862.SZ,2023-07-12,18.45,18.45,17.48,17.62,16084.0,28544.18
002862.SZ,2023-07-13,17.62,17.97,17.53,17.78,11000.5,19544.5
002862.SZ,2023-07-14,17.87,18.29,17.8,18.15,13285.0,23979.58
002862.SZ,2023-07-17,18.29,18.6,17.93,18.32,14524.0,26550.93
002862.SZ,2023-07-18,18.4,18.47,18.21,18.3,9727.0,17847.78
002862.SZ,2023-07-19,18.32,18.42,18.1,18.33,8845.0,16136.25
002862.SZ,2023-07-20,18.3,18.88,18.3,18.36,18715.0,34780.23
002862.SZ,2023-07-21,18.49,18.82,18.1,18.27,13004.0,23963.59
002862.SZ,2023-07-24,18.27,19.55,18.01,18.74,42115.0,79610.53
002862.SZ,2023-07-25,18.57,19.05,18.38,18.97,32060.5,60267.42
002862.SZ,2023-07-26,19.09,19.14,18.71,18.83,18379.5,34740.73
002862.SZ,2023-07-27,18.83,19.0,18.63,18.66,13719.0,25770.16
002862.SZ,2023-07-28,18.67,18.75,18.5,18.66,9644.0,17994.3
002862.SZ,2023-07-31,18.65,18.77,18.3,18.51,14600.0,26977.27
002862.SZ,2023-08-01,18.5,18.74,18.0,18.18,14658.0,26610.34
002862.SZ,2023-08-02,18.16,18.74,17.98,18.63,14996.5,27756.95
002862.SZ,2023-08-03,18.45,18.83,18.32,18.5,13684.0,25372.2
002862.SZ,2023-08-04,18.72,18.88,18.4,18.44,13339.5,24788.47
002862.SZ,2023-08-07,18.34,18.58,18.08,18.41,18233.47,33391.78
002862.SZ,2023-08-08,18.54,18.54,18.18,18.27,8309.47,15203.52
002862.SZ,2023-08-09,18.4,18.45,17.73,17.78,8962.5,16082.47
002862.SZ,2023-08-10,17.76,17.99,17.58,17.9,6226.89,11080.81
002862.SZ,2023-08-11,17.91,18.1,17.58,17.65,10188.5,18136.07
002862.SZ,2023-08-14,17.65,17.78,17.37,17.74,8042.0,14165.72
002862.SZ,2023-08-15,17.74,17.96,17.62,17.79,5343.5,9511.5
002862.SZ,2023-08-16,17.79,17.82,17.43,17.52,5989.5,10548.36
002862.SZ,2023-08-17,17.66,18.14,17.29,18.1,10073.0,17846.82
002862.SZ,2023-08-18,18.1,18.38,17.92,18.28,9997.0,18176.04
002862.SZ,2023-08-21,18.28,18.4,17.9,18.0,9133.0,16579.47
002862.SZ,2023-08-22,18.01,18.14,17.42,17.68,10518.0,18631.03
002862.SZ,2023-08-23,17.98,17.98,17.3,17.31,7999.0,13940.71
002862.SZ,2023-08-24,17.29,17.59,17.03,17.35,9073.4,15692.23
002862.SZ,2023-08-25,17.35,17.67,16.7,16.87,13628.0,23309.79
002862.SZ,2023-08-28,18.0,18.0,16.84,16.87,14629.5,25053.46
002862.SZ,2023-08-29,17.18,17.35,16.94,17.07,20695.0,35398.9
002862.SZ,2023-08-30,17.08,17.78,16.99,17.67,23829.5,41866.4
002862.SZ,2023-08-31,17.76,17.76,17.21,17.34,9951.5,17283.62
002862.SZ,2023-09-01,17.21,17.58,17.21,17.38,8004.0,13963.27
002862.SZ,2023-09-04,17.45,17.58,16.89,17.46,8458.0,14674.16
002862.SZ,2023-09-05,17.46,17.9,17.28,17.42,7798.0,13612.9
002862.SZ,2023-09-06,17.3,17.56,17.2,17.28,8707.0,15108.34
002862.SZ,2023-09-07,17.37,17.37,17.04,17.11,8634.0,14836.66
002862.SZ,2023-09-08,17.14,17.15,16.87,17.05,7980.4,13569.86
002862.SZ,2023-09-11,16.97,17.3,16.82,17.14,7488.0,12803.37
002862.SZ,2023-09-12,17.2,17.21,16.89,16.99,7452.0,12683.12
002862.SZ,2023-09-13,17.0,17.06,16.61,16.82,8473.0,14205.24
002862.SZ,2023-09-14,16.89,16.89,16.34,16.49,9466.0,15646.16
002862.SZ,2023-09-15,16.51,16.89,16.35,16.69,7551.5,12579.93
002862.SZ,2023-09-18,17.3,17.3,16.51,17.08,12636.0,21467.17
002862.SZ,2023-09-19,16.99,17.22,16.5,16.57,11247.0,18800.21
002862.SZ,2023-09-20,16.66,16.7,16.43,16.55,6205.0,10299.29
002862.SZ,2023-09-21,16.55,16.69,16.21,16.33,7349.0,12056.51
002862.SZ,2023-09-22,16.2,16.8,16.1,16.75,10654.0,17599.85
002862.SZ,2023-09-25,16.75,16.86,16.37,16.42,6418.5,10617.0
002862.SZ,2023-09-26,16.42,16.42,16.03,16.15,8039.0,13063.57
002862.SZ,2023-09-27,16.16,16.38,16.04,16.18,9200.0,14923.13
002862.SZ,2023-09-28,16.28,16.55,16.22,16.29,11199.0,18339.36
002862.SZ,2023-10-09,16.54,16.54,15.52,15.76,16535.5,26177.14
002862.SZ,2023-10-10,15.82,16.05,15.7,15.85,12630.5,20029.46
002862.SZ,2023-10-11,16.07,16.07,15.53,15.64,13156.0,20620.49
002862.SZ,2023-10-12,15.64,15.86,15.32,15.4,12820.5,19818.57
002862.SZ,2023-10-13,15.45,15.45,15.06,15.23,11958.0,18160.64
002862.SZ,2023-10-16,15.28,15.66,15.2,15.54,15469.0,23981.82
002862.SZ,2023-10-17,15.55,16.75,15.4,16.39,32737.5,53021.14
002862.SZ,2023-10-18,16.39,16.56,15.94,16.09,24889.59,40453.59
002862.SZ,2023-10-19,15.88,16.38,15.26,15.53,21170.5,33081.94
002862.SZ,2023-10-20,15.49,15.72,15.12,15.2,13141.5,20139.54
002862.SZ,2023-10-23,15.18,15.75,15.18,15.5,14336.0,22252.24
002862.SZ,2023-10-24,15.52,16.59,15.52,16.45,26688.5,43383.12
002862.SZ,2023-10-25,16.6,16.7,16.2,16.57,16020.19,26478.13
002862.SZ,2023-10-26,16.57,16.69,15.65,15.77,19362.0,30945.96
002862.SZ,2023-10-27,15.77,16.28,15.66,16.14,13791.5,22118.63
002862.SZ,2023-10-30,16.14,16.42,16.0,16.2,16018.5,26025.99
002862.SZ,2023-10-31,16.13,16.36,15.9,16.29,17907.0,28961.03
002862.SZ,2023-11-01,16.26,16.38,16.01,16.06,9051.0,14636.82
002862.SZ,2023-11-02,16.09,16.26,16.06,16.08,10970.0,17705.54
002862.SZ,2023-11-03,16.05,16.3,15.88,16.24,14893.0,24108.36
002862.SZ,2023-11-06,16.25,16.55,16.25,16.35,17439.5,28617.95
002862.SZ,2023-11-07,16.33,16.74,16.16,16.6,16955.5,27831.42
002862.SZ,2023-11-08,16.5,16.93,16.5,16.6,10684.0,17834.59
002862.SZ,2023-11-09,16.61,16.85,16.3,16.38,10592.0,17475.12
002862.SZ,2023-11-10,16.38,16.39,16.0,16.3,9804.0,15910.24
002862.SZ,2023-11-13,16.51,16.68,16.31,16.62,13927.0,23039.26
002862.SZ,2023-11-14,16.55,16.98,16.5,16.85,14136.0,23629.5
002862.SZ,2023-11-15,16.86,17.03,16.5,17.01,19165.91,32077.29
002862.SZ,2023-11-16,16.84,17.24,16.84,17.03,16350.17,27908.83
002862.SZ,2023-11-17,16.98,17.09,16.79,16.83,10024.0,16936.27
002862.SZ,2023-11-20,16.91,16.97,16.64,16.97,14555.5,24444.56
002862.SZ,2023-11-21,16.96,17.15,16.8,16.87,8803.91,14937.56
002862.SZ,2023-11-22,16.98,17.13,16.79,16.93,12729.5,21600.35
002862.SZ,2023-11-23,16.94,17.02,16.75,16.9,9024.5,15248.07
002862.SZ,2023-11-24,16.9,17.01,16.64,16.73,12333.0,20679.34
002862.SZ,2023-11-27,16.89,16.98,16.64,16.87,11335.0,19027.61
002862.SZ,2023-11-28,16.79,16.97,16.67,16.73,9656.5,16243.32
002862.SZ,2023-11-29,16.82,17.08,16.58,16.83,16845.5,28267.28
002862.SZ,2023-11-30,16.8,16.9,16.46,16.66,10032.0,16685.69
002862.SZ,2023-12-01,16.67,16.86,16.63,16.7,12521.0,20974.59
002862.SZ,2023-12-04,16.69,16.99,16.68,16.91,13721.5,23113.36
002862.SZ,2023-12-05,17.03,17.2,16.89,16.91,16004.0,27221.96
002862.SZ,2023-12-06,16.88,17.09,16.81,17.04,15427.0,26202.97
002862.SZ,2023-12-07,17.2,17.25,16.94,16.96,17312.0,29467.15
002862.SZ,2023-12-08,16.94,16.99,16.31,16.46,26172.98,43506.68
002862.SZ,2023-12-11,16.37,18.11,16.13,18.11,64134.0,111175.68
002862.SZ,2023-12-12,18.11,19.51,17.46,17.8,122463.17,221486.44
002862.SZ,2023-12-13,17.46,17.61,17.15,17.29,85301.67,147478.95
002862.SZ,2023-12-14,17.03,19.02,17.03,19.02,226119.59,425014.23
002862.SZ,2023-12-15,17.8,20.92,17.71,20.92,316034.48,621837.19
002862.SZ,2023-12-18,22.64,23.01,20.91,23.01,270534.59,604899.73
002862.SZ,2023-12-19,24.62,25.31,24.3,25.31,211797.09,532825.44
002862.SZ,2023-12-20,27.0,27.84,23.51,24.09,471044.85,1260659.52
002862.SZ,2023-12-21,21.85,23.37,21.68,21.68,393503.77,873787.57
002862.SZ,2023-12-22,21.21,21.45,19.51,19.51,281565.59,571814.8
002862.SZ,2023-12-25,19.47,21.46,18.32,20.39,319730.66,631518.28
002862.SZ,2023-12-26,20.49,22.0,19.9,20.02,299986.56,625380.23
002862.SZ,2023-12-27,20.7,21.0,18.99,19.46,222547.67,437830.13
002862.SZ,2023-12-28,19.37,21.41,18.9,21.41,306837.19,634090.4
002862.SZ,2023-12-29,21.41,22.49,19.7,21.12,370541.1,763379.94
002862.SZ,2024-01-02,20.51,21.35,20.14,20.83,249829.0,519453.95
002862.SZ,2024-01-03,20.41,22.91,19.44,21.78,357302.26,760863.36
002862.SZ,2024-01-04,21.4,23.82,20.56,23.02,352082.19,783036.53
002862.SZ,2024-01-05,22.8,24.7,22.05,23.74,334525.93,782161.04
002862.SZ,2024-01-08,23.5,24.99,22.58,22.97,303622.39,722228.45
002862.SZ,2024-01-09,21.9,23.54,21.26,21.55,256175.68,572938.46
002862.SZ,2024-01-10,20.7,20.92,19.4,19.4,140586.5,276038.04
002862.SZ,2024-01-11,17.9,18.35,17.46,18.2,241104.89,430667.11
002862.SZ,2024-01-12,17.81,18.12,16.88,16.96,198934.13,346005.17
002862.SZ,2024-01-15,16.79,17.08,16.52,16.63,124758.81,209045.33
002862.SZ,2024-01-16,16.63,16.63,15.64,15.96,136292.93,217775.87
002862.SZ,2024-01-17,15.81,15.93,15.27,15.3,108919.18,168745.45
002862.SZ,2024-01-18,15.14,15.24,14.54,14.98,100661.71,149104.97
002862.SZ,2024-01-19,14.98,15.68,14.9,15.26,118092.63,181680.63
002862.SZ,2024-01-22,15.28,15.48,14.11,14.22,94008.0,138725.08
002862.SZ,2024-01-23,14.19,14.39,13.57,14.32,73912.0,104477.45
002862.SZ,2024-01-24,14.32,14.55,13.88,14.33,71815.0,102316.2
002862.SZ,2024-01-25,14.27,14.73,14.01,14.67,84119.03,121194.36
002862.SZ,2024-01-26,14.66,15.5,14.51,14.97,129815.55,194328.45
002862.SZ,2024-01-29,15.04,15.12,14.05,14.15,90648.69,130931.07
002862.SZ,2024-01-30,13.84,14.03,13.39,13.4,74300.5,101616.44
002862.SZ,2024-01-31,13.19,13.51,12.26,12.37,75493.0,96826.34
002862.SZ,2024-02-01,12.37,12.5,11.68,12.11,54200.1,65577.33
002862.SZ,2024-02-02,12.12,12.58,11.22,11.55,57632.9,68715.33
002862.SZ,2024-02-05,11.39,11.55,10.4,10.4,42403.0,44802.93
002862.SZ,2024-02-06,9.53,10.02,9.36,9.5,93550.22,88809.84
002862.SZ,2024-02-07,9.45,9.47,8.55,8.55,85192.5,74257.35
002862.SZ,2024-02-08,8.2,9.04,7.7,8.99,140189.43,115363.19
002862.SZ,2024-02-19,8.99,9.89,8.99,9.84,119559.75,113242.55
002862.SZ,2024-02-20,9.85,10.18,9.46,10.03,94395.26,93955.53
002862.SZ,2024-02-21,10.17,11.03,10.17,11.03,75241.0,80560.0
002862.SZ,2024-02-22,11.2,11.6,10.79,11.49,151692.5,169621.17
002862.SZ,2024-02-23,11.27,12.06,11.22,11.88,142810.29,165656.35
002862.SZ,2024-02-26,11.79,12.61,11.7,12.24,131605.5,159633.4
002862.SZ,2024-02-27,12.27,13.24,12.11,12.98,128978.4,163558.14
002862.SZ,2024-02-28,12.98,14.28,12.81,13.43,262387.93,362726.31
002862.SZ,2024-02-29,12.2,13.5,12.2,13.24,209236.22,267305.57
002862.SZ,2024-03-01,12.98,13.07,12.51,12.59,121049.97,153972.78
002862.SZ,2024-03-04,12.53,12.9,12.16,12.5,96552.66,121095.44
002862.SZ,2024-03-05,12.32,12.45,11.9,12.01,83864.91,101848.74
002862.SZ,2024-03-06,12.25,12.54,12.1,12.4,81695.32,100793.83
002862.SZ,2024-03-07,12.38,12.65,12.16,12.29,84624.07,104977.32
002862.SZ,2024-03-08,12.3,12.3,11.99,12.14,53530.5,64979.09
002862.SZ,2024-03-11,12.25,12.48,12.16,12.48,68489.0,84660.31
002862.SZ,2024-03-12,12.83,13.19,12.61,13.12,159877.18,206963.53
002862.SZ,2024-03-13,12.9,13.36,12.75,12.98,125947.0,164380.84
002862.SZ,2024-03-14,12.91,12.97,12.33,12.65,84084.5,106770.46
002862.SZ,2024-03-15,12.67,12.87,12.6,12.79,55132.5,70316.94
002862.SZ,2024-03-18,12.99,13.48,12.87,13.33,120121.0,158699.78
002862.SZ,2024-03-19,13.34,13.64,13.31,13.6,108092.0,145813.09
002862.SZ,2024-03-20,13.5,14.96,13.41,14.96,154338.66,223215.2
002862.SZ,2024-03-21,16.16,16.46,15.85,16.46,66597.5,108285.45
002862.SZ,2024-03-22,18.11,18.11,16.11,16.34,372441.33,646896.11
002862.SZ,2024-03-25,14.71,15.27,14.71,14.71,88867.0,131129.27
002862.SZ,2024-03-26,13.68,14.34,13.38,13.9,190610.18,263160.28
002862.SZ,2024-03-27,13.73,13.9,13.17,13.17,120347.37,162315.86
002862.SZ,2024-03-28,12.81,13.94,12.8,13.66,117117.0,159253.12
002862.SZ,2024-03-29,13.7,14.06,13.46,14.04,92145.0,127164.31
002862.SZ,2024-04-01,13.82,14.3,13.73,14.24,95664.0,135000.88
002862.SZ,2024-04-02,14.24,14.45,14.09,14.26,71064.4,101202.81
002862.SZ,2024-04-03,14.1,14.34,13.77,13.81,57301.0,80099.37
002862.SZ,2024-04-08,13.78,13.92,13.13,13.15,66944.0,89433.31
002862.SZ,2024-04-09,13.32,13.54,13.16,13.53,48787.0,65514.98
002862.SZ,2024-04-10,13.54,13.7,12.98,13.14,44426.5,58540.91
002862.SZ,2024-04-11,13.06,13.33,12.9,12.99,32837.0,43175.72
002862.SZ,2024-04-12,12.99,13.96,12.9,13.4,84892.0,114664.77
002862.SZ,2024-04-15,13.0,13.02,12.06,12.06,66955.0,81591.44
002862.SZ,2024-04-16,10.85,11.02,10.85,10.85,14420.0,15650.33
002862.SZ,2024-04-17,9.77,11.47,9.77,11.23,128032.5,136169.86
002862.SZ,2024-04-18,11.24,12.35,11.01,12.35,99493.0,116754.06
002862.SZ,2024-04-19,12.24,12.68,11.71,11.81,87577.5,105789.51
002862.SZ,2024-04-22,11.93,12.0,11.12,11.31,55184.0,63177.75
002862.SZ,2024-04-23,11.33,11.76,11.31,11.36,35153.0,40414.27
002862.SZ,2024-04-24,11.22,11.65,11.22,11.63,32224.0,37151.38
002862.SZ,2024-04-25,11.65,12.01,11.54,11.89,30365.0,35881.0
002862.SZ,2024-04-26,11.76,12.44,11.76,12.3,39842.5,48608.76
002862.SZ,2024-04-29,12.57,13.53,12.57,13.53,41617.0,55390.9
002862.SZ,2024-04-30,13.8,14.29,13.41,13.95,102144.5,141687.68
002862.SZ,2024-05-06,13.96,15.35,13.96,15.35,151410.68,227213.95
002862.SZ,2024-05-07,15.35,16.41,15.16,16.41,138347.24,220126.35
002862.SZ,2024-05-08,16.18,16.22,15.2,15.39,97696.12,152982.85
002862.SZ,2024-05-09,15.69,15.95,15.36,15.63,55635.18,87071.88
002862.SZ,2024-05-10,15.63,15.68,15.24,15.54,48075.5,74302.54
002862.SZ,2024-05-13,15.9,16.31,15.23,15.87,48985.0,76709.35
002862.SZ,2024-05-14,15.49,17.4,15.49,16.4,101525.0,168565.7
002862.SZ,2024-05-15,15.98,16.39,15.6,15.72,71977.5,114284.26
002862.SZ,2024-05-16,15.55,16.14,15.48,15.65,40737.0,63868.7
002862.SZ,2024-05-17,15.65,16.23,15.47,16.22,46832.76,74781.68
002862.SZ,2024-05-20,16.24,16.59,16.0,16.53,49343.5,80696.32
002862.SZ,2024-05-21,16.54,16.81,16.12,16.7,51361.0,84621.44
002862.SZ,2024-05-22,16.48,16.81,16.3,16.77,34495.0,57231.38
002862.SZ,2024-05-23,16.8,17.16,16.19,16.3,53846.5,89735.52
002862.SZ,2024-05-24,16.24,16.36,15.49,15.54,53759.5,84800.3
002862.SZ,2024-05-27,16.15,16.17,15.22,15.27,40663.5,62731.76
002862.SZ,2024-05-28,15.27,15.4,14.78,14.86,50356.0,75684.88
002862.SZ,2024-05-29,14.76,15.22,14.76,15.04,26707.5,40133.8
002862.SZ,2024-05-30,14.93,15.14,14.62,14.66,21750.0,32184.06
002862.SZ,2024-05-31,14.76,15.08,14.57,14.82,26167.0,38881.74
002862.SZ,2024-06-03,14.97,15.05,14.42,14.51,23524.5,34430.61
002862.SZ,2024-06-04,14.51,14.58,13.72,13.87,28157.5,39163.76
002862.SZ,2024-06-05,14.0,14.0,13.2,13.23,32433.0,43320.23
002862.SZ,2024-06-06,13.18,13.35,12.44,12.63,39626.5,50295.22
002862.SZ,2024-06-07,12.77,13.89,12.77,13.89,50444.98,67798.88
002862.SZ,2024-06-11,14.1,14.67,13.82,14.25,78088.5,110618.17
002862.SZ,2024-06-12,14.26,14.82,14.26,14.68,59586.0,86919.82
002862.SZ,2024-06-13,14.88,14.9,14.34,14.49,36417.5,52822.75
002862.SZ,2024-06-14,14.49,15.48,14.4,15.48,54835.5,82107.46
002862.SZ,2024-06-17,15.05,15.78,14.8,14.8,42517.55,64383.06
002862.SZ,2024-06-18,14.94,15.16,14.6,14.86,37391.0,55642.11
002862.SZ,2024-06-19,14.91,14.98,14.48,14.55,29572.0,43253.73
002862.SZ,2024-06-20,14.74,14.75,13.95,13.95,24154.5,34292.41
002862.SZ,2024-06-21,13.96,14.2,13.7,14.01,18859.5,26444.08
002862.SZ,2024-06-24,13.98,14.14,13.41,13.91,27602.0,38065.68
002862.SZ,2024-06-25,13.91,14.68,13.9,14.25,36288.5,52080.98
002862.SZ,2024-06-26,14.11,14.57,13.8,14.57,31053.24,44546.6
002862.SZ,2024-06-27,14.44,14.68,13.84,13.87,27508.74,39269.25
002862.SZ,2024-06-28,13.97,14.24,13.45,13.52,27485.0,37940.77
002862.SZ,2024-07-01,13.55,13.68,13.18,13.64,24039.5,32303.51
002862.SZ,2024-07-02,13.62,14.79,13.58,14.05,37085.99,52449.57
002862.SZ,2024-07-03,14.06,14.24,13.73,13.97,20298.0,28246.25
002862.SZ,2024-07-04,13.97,14.1,13.19,13.25,20497.24,27650.59
002862.SZ,2024-07-05,13.12,13.59,13.08,13.48,16773.0,22473.92
002862.SZ,2024-07-08,13.46,13.58,12.95,13.0,17517.5,23109.25
002862.SZ,2024-07-09,13.17,13.24,12.64,13.15,20033.0,25971.88
002862.SZ,2024-07-10,13.05,13.4,12.9,13.23,21948.0,28909.94
002862.SZ,2024-07-11,13.43,13.62,13.27,13.5,20887.5,28173.63
002862.SZ,2024-07-12,13.45,13.66,13.18,13.23,18468.0,24721.04
002862.SZ,2024-07-15,13.23,13.32,12.89,13.11,14727.0,19211.42
002862.SZ,2024-07-16,13.11,13.32,12.68,12.8,17921.5,22923.87
002862.SZ,2024-07-17,12.86,12.96,12.7,12.72,12708.0,16255.77
002862.SZ,2024-07-18,12.71,12.71,12.26,12.5,16086.0,19983.28
002862.SZ,2024-07-19,12.51,13.3,12.42,13.06,26516.5,34202.96
002862.SZ,2024-07-22,13.01,13.71,13.01,13.59,34305.0,46100.17
002862.SZ,2024-07-23,13.52,13.76,13.22,13.25,25572.5,34663.07
002862.SZ,2024-07-24,13.26,13.64,12.9,13.57,28997.0,38628.27
002862.SZ,2024-07-25,13.44,13.51,13.09,13.17,19786.0,26165.47
002862.SZ,2024-07-26,13.16,13.72,13.13,13.64,23573.0,31889.93
002862.SZ,2024-07-29,13.63,13.66,13.33,13.4,15643.5,21041.54
002862.SZ,2024-07-30,13.41,13.41,13.1,13.2,13860.0,18354.77
002862.SZ,2024-07-31,13.15,13.6,13.0,13.56,17047.01,22934.14
002862.SZ,2024-08-01,13.55,13.7,13.32,13.46,13331.01,17949.47
002862.SZ,2024-08-02,13.38,13.5,13.2,13.34,10032.0,13400.74
002862.SZ,2024-08-05,13.29,14.2,12.86,12.9,47245.0,64179.98
002862.SZ,2024-08-06,13.38,13.38,13.02,13.29,28650.5,37702.08
002862.SZ,2024-08-07,13.17,13.6,13.13,13.22,22497.0,30022.38
002862.SZ,2024-08-08,13.22,13.38,12.8,13.23,21784.5,28485.2
002862.SZ,2024-08-09,13.22,13.4,12.84,12.84,21459.0,28056.97
002862.SZ,2024-08-12,12.83,12.94,12.48,12.59,16655.0,21040.45
002862.SZ,2024-08-13,12.6,12.88,12.42,12.78,14508.5,18412.83
002862.SZ,2024-08-14,12.82,13.15,12.72,13.01,14385.5,18643.3
002862.SZ,2024-08-15,13.01,13.55,12.74,13.35,27429.0,36377.57
002862.SZ,2024-08-16,13.35,13.36,13.06,13.13,17779.5,23429.47
002862.SZ,2024-08-19,13.03,13.27,12.96,13.08,13616.0,17866.56
002862.SZ,2024-08-20,13.08,13.5,12.92,13.2,23757.45,31476.13
002862.SZ,2024-08-21,13.2,13.4,13.12,13.21,15024.0,19892.49
002862.SZ,2024-08-22,13.16,13.6,13.16,13.22,28076.05,37610.56
002862.SZ,2024-08-23,13.16,13.74,12.9,13.71,47303.43,63260.63
002862.SZ,2024-08-26,13.7,13.8,13.36,13.5,60235.07,81400.3
002862.SZ,2024-08-27,13.39,13.39,12.83,12.85,34069.72,44406.52
002862.SZ,2024-08-28,12.62,13.38,12.52,13.17,29396.44,38248.25
002862.SZ,2024-08-29,13.16,13.2,12.91,13.11,18668.0,24417.66
002862.SZ,2024-08-30,13.16,13.65,13.11,13.5,33071.89,44477.62
002862.SZ,2024-09-02,13.65,14.3,13.5,13.51,37199.5,51349.07
002862.SZ,2024-09-03,13.56,14.86,13.37,14.15,101403.43,143846.9
002862.SZ,2024-09-04,14.14,14.27,13.56,13.84,68767.0,95404.12
002862.SZ,2024-09-05,13.81,14.13,13.65,13.79,41279.0,57209.97
002862.SZ,2024-09-06,13.66,13.84,13.32,13.32,31983.99,43359.01
002862.SZ,2024-09-09,13.2,13.68,12.98,13.57,26594.0,35781.46
002862.SZ,2024-09-10,13.7,13.8,13.45,13.71,20879.0,28461.73
002862.SZ,2024-09-11,13.72,13.9,13.6,13.69,20833.0,28589.57
002862.SZ,2024-09-12,13.69,13.81,13.35,13.58,22636.5,30888.03
002862.SZ,2024-09-13,13.66,13.88,13.22,13.44,29525.99,39902.18
002862.SZ,2024-09-18,13.3,14.11,13.3,14.0,55939.99,77586.62
002862.SZ,2024-09-19,14.0,14.43,13.85,14.27,45348.0,64640.9
002862.SZ,2024-09-20,14.26,14.38,13.85,14.12,34937.51,49351.29
002862.SZ,2024-09-23,14.05,14.61,14.02,14.52,33550.75,48252.83
002862.SZ,2024-09-24,14.59,14.61,13.91,14.25,72922.0,103485.97
002862.SZ,2024-09-25,14.11,15.0,14.11,14.37,75673.24,110062.41
002862.SZ,2024-09-26,14.47,14.76,13.98,14.66,54548.0,78761.08
002862.SZ,2024-09-27,14.83,15.38,14.58,15.11,90514.0,135309.05
002862.SZ,2024-09-30,15.55,16.38,14.9,16.3,149886.3,235781.53
002862.SZ,2024-10-08,17.4,17.88,16.32,16.8,179948.0,304396.75
002862.SZ,2024-10-09,16.4,16.4,15.12,15.56,89496.5,141193.34
002862.SZ,2024-10-10,15.69,16.27,15.51,15.76,71752.72,114486.87
002862.SZ,2024-10-11,15.85,16.1,14.95,15.1,48006.0,74024.54
002862.SZ,2024-10-14,15.4,15.67,15.28,15.62,57739.0,89484.86
002862.SZ,2024-10-15,15.6,16.16,15.41,15.92,59107.5,93881.19
002862.SZ,2024-10-16,15.8,16.7,15.71,16.7,94018.5,153753.98
002862.SZ,2024-10-17,16.65,17.66,16.64,16.85,136007.5,232738.83
002862.SZ,2024-10-18,16.74,17.09,16.05,16.49,107027.23,176093.49
002862.SZ,2024-10-21,16.49,16.85,16.46,16.71,68986.5,115173.65
002862.SZ,2024-10-22,16.58,17.37,16.54,16.91,83279.5,141332.81
002862.SZ,2024-10-23,16.87,17.38,16.64,17.22,67493.5,115186.67
002862.SZ,2024-10-24,17.23,17.97,17.09,17.67,91075.75,161000.73
002862.SZ,2024-10-25,17.67,18.03,17.25,17.79,70530.0,124440.91
002862.SZ,2024-10-28,17.82,18.5,17.5,18.46,77722.0,140412.36
002862.SZ,2024-10-29,18.8,18.98,17.88,17.97,71010.0,130738.21
002862.SZ,2024-10-30,17.88,18.18,17.47,17.8,52626.5,93460.02
002862.SZ,2024-10-31,17.83,18.37,17.8,18.06,43954.5,79402.95
002862.SZ,2024-11-01,17.93,18.36,17.13,17.22,59000.5,103562.68
002862.SZ,2024-11-04,17.3,17.69,17.06,17.35,40973.0,71189.4
002862.SZ,2024-11-05,17.54,17.8,17.39,17.6,46231.5,81216.45
002862.SZ,2024-11-06,17.51,18.65,17.2,18.16,76790.0,137626.04
002862.SZ,2024-11-07,18.17,19.98,18.0,19.98,141439.9,278621.5
002862.SZ,2024-11-08,20.51,21.98,20.51,21.74,235059.78,510723.94
002862.SZ,2024-11-11,21.18,22.76,20.67,22.18,202265.9,436620.6
002862.SZ,2024-11-12,22.18,23.95,21.34,21.34,207764.0,468090.63
002862.SZ,2024-11-13,22.0,22.68,21.03,21.81,147972.5,323568.24
002862.SZ,2024-11-14,23.0,23.99,23.0,23.97,283826.22,676488.81
002862.SZ,2024-11-15,23.64,25.17,21.88,22.99,290265.14,691390.99
002862.SZ,2024-11-18,23.45,23.65,20.69,20.69,143598.86,313049.01
002862.SZ,2024-11-19,20.7,22.7,20.44,22.39,140588.93,301370.65
002862.SZ,2024-11-20,23.25,24.63,23.25,24.63,27871.0,68063.81
002862.SZ,2024-11-21,27.09,27.09,27.09,27.09,6633.0,17968.8
002862.SZ,2024-11-22,29.8,29.8,29.8,29.8,17307.0,51574.86
002862.SZ,2024-11-25,32.78,32.78,32.78,32.78,5673.0,18596.09
002862.SZ,2024-11-26,36.06,36.06,36.06,36.06,3091.5,11147.95
002862.SZ,2024-11-27,36.63,39.67,33.95,39.67,375681.72,1392220.23
002862.SZ,2024-11-28,40.86,43.64,36.51,41.64,443499.55,1813934.95
002862.SZ,2024-11-29,37.48,37.48,37.48,37.48,41855.0,156872.54
002862.SZ,2024-12-02,33.73,36.66,33.73,34.14,364256.67,1263304.66
002862.SZ,2024-12-03,33.1,34.18,31.36,32.6,256412.03,841018.38
002862.SZ,2024-12-04,31.83,33.6,31.2,31.44,187807.5,607496.66
002862.SZ,2024-12-05,31.19,33.22,30.26,32.4,179219.71,567186.53
002862.SZ,2024-12-06,31.55,32.85,31.26,31.94,147362.96,470864.6
002862.SZ,2024-12-09,31.94,35.13,31.8,34.05,233840.22,787740.74
002862.SZ,2024-12-10,35.1,37.46,33.0,35.87,214621.75,774174.04
002862.SZ,2024-12-11,36.65,39.46,36.0,39.46,201288.86,762519.81
002862.SZ,2024-12-12,40.0,43.41,37.09,40.2,294104.81,1204593.48
002862.SZ,2024-12-13,40.6,44.0,38.52,41.56,214774.73,893430.65
002862.SZ,2024-12-16,40.0,40.85,37.4,37.4,185953.14,712470.43
002862.SZ,2024-12-17,36.18,36.78,33.66,33.66,113582.5,396253.5
002862.SZ,2024-12-18,32.7,36.97,32.7,35.16,170949.32,596953.24
002862.SZ,2024-12-19,33.28,34.17,31.64,31.64,134615.5,432290.67
002862.SZ,2024-12-20,32.6,34.68,32.2,32.35,148614.36,493476.61
002862.SZ,2024-12-23,32.61,33.95,29.12,29.12,166655.36,504526.7
002862.SZ,2024-12-24,29.12,30.21,27.58,30.06,136365.5,394860.58
002862.SZ,2024-12-25,29.0,29.6,27.2,28.51,119246.4,337471.27
002862.SZ,2024-12-26,28.92,31.36,28.4,31.36,103452.36,312964.9
002862.SZ,2024-12-27,31.36,32.84,30.48,31.5,157951.0,503381.58
002862.SZ,2024-12-30,31.5,31.99,30.21,30.77,86132.36,268364.42
002862.SZ,2024-12-31,30.78,30.94,28.92,29.2,78862.26,234257.01
002862.SZ,2025-01-02,29.2,30.87,29.2,29.7,114225.0,343458.3
002862.SZ,2025-01-03,30.58,30.78,28.47,29.5,130496.64,388146.98
002862.SZ,2025-01-06,29.42,30.55,27.5,29.2,99610.0,292077.74
002862.SZ,2025-01-07,29.17,32.12,29.05,32.12,159698.5,496140.67
002862.SZ,2025-01-08,32.6,34.4,31.82,33.61,204137.16,681201.38
002862.SZ,2025-01-09,35.02,36.97,32.32,33.2,247245.66,860221.42
002862.SZ,2025-01-10,36.0,36.52,31.15,31.27,259435.16,875565.49
002862.SZ,2025-01-13,29.0,31.23,29.0,29.7,158038.64,471810.32
002862.SZ,2025-01-14,29.66,32.67,29.61,32.16,226474.64,717514.69
002862.SZ,2025-01-15,33.67,35.3,32.55,34.48,214309.0,723100.47
002862.SZ,2025-01-16,33.3,37.24,33.2,35.23,244645.64,853812.09
002862.SZ,2025-01-17,34.34,34.9,32.42,33.19,170163.36,570591.09
002862.SZ,2025-01-20,33.93,35.99,33.52,34.5,169141.5,587683.8
002862.SZ,2025-01-21,36.5,37.95,36.5,37.95,295257.25,1109920.61
002862.SZ,2025-01-22,36.42,38.92,35.88,36.54,208586.5,775137.63
002862.SZ,2025-01-23,35.98,38.73,34.55,37.55,210390.95,773212.1
002862.SZ,2025-01-24,37.0,40.6,36.2,38.64,173375.81,661198.59
002862.SZ,2025-01-27,39.6,41.58,38.33,39.6,175105.36,700993.62
002862.SZ,2025-02-05,38.3,41.2,35.64,35.64,185516.53,703539.61
002862.SZ,2025-02-06,34.27,37.26,33.12,36.52,162034.73,581142.7
002862.SZ,2025-02-07,36.4,37.5,34.7,35.7,228567.56,822518.42
002862.SZ,2025-02-10,35.5,36.25,34.48,36.14,142973.5,508308.42
002862.SZ,2025-02-11,36.8,38.5,35.8,37.2,201541.16,744396.45
002862.SZ,2025-02-12,36.5,37.58,35.5,36.4,163750.26,592691.06
002862.SZ,2025-02-13,36.6,36.6,34.21,34.24,158670.37,562214.16
002862.SZ,2025-02-14,33.7,33.7,30.97,31.73,188254.4,606396.44
002862.SZ,2025-02-17,31.74,32.2,30.71,32.2,135338.01,426422.55
002862.SZ,2025-02-18,31.88,32.03,30.31,30.43,105186.5,326195.57
002862.SZ,2025-02-19,30.43,31.12,30.23,30.99,77029.99,237300.58
002862.SZ,2025-02-20,31.0,33.26,30.96,33.0,156167.47,503875.43
002862.SZ,2025-02-21,32.52,32.53,31.51,32.2,129300.98,414090.04
002862.SZ,2025-02-24,31.88,31.88,30.58,31.01,95080.5,295270.32
002862.SZ,2025-02-25,30.6,31.75,30.25,31.33,78122.36,242955.07
002862.SZ,2025-02-26,31.3,31.49,30.71,30.91,69134.09,213920.28
002862.SZ,2025-02-27,30.8,32.19,30.61,31.26,86794.77,272740.39
002862.SZ,2025-02-28,31.91,32.1,29.51,29.71,111088.0,346267.41
002862.SZ,2025-03-03,29.38,29.5,27.9,27.96,87536.0,248688.26
002862.SZ,2025-03-04,27.32,28.5,27.32,28.42,52986.5,149251.8
002862.SZ,2025-03-05,28.38,28.38,27.6,28.27,62971.0,175849.29
002862.SZ,2025-03-06,28.25,29.59,28.24,28.95,78000.91,225466.65
002862.SZ,2025-03-07,28.8,29.43,27.96,28.3,68111.5,195660.85
002862.SZ,2025-03-10,28.0,29.1,27.9,28.71,66655.45,190885.99
002862.SZ,2025-03-11,28.21,28.55,27.93,28.39,49672.0,139688.7
002862.SZ,2025-03-12,28.61,28.99,28.48,28.57,48795.0,139846.66
002862.SZ,2025-03-13,28.48,28.48,27.14,27.48,69591.0,192096.42
002862.SZ,2025-03-14,27.49,29.68,27.49,29.36,129594.15,372610.33
002862.SZ,2025-03-17,29.91,31.28,29.79,30.62,150568.89,460359.15
002862.SZ,2025-03-18,31.07,31.38,29.32,30.5,142449.99,430756.83
002862.SZ,2025-03-19,30.21,31.5,29.97,30.66,124802.5,386040.33
002862.SZ,2025-03-20,31.0,31.0,29.81,29.92,89557.5,270550.44
002862.SZ,2025-03-21,29.5,29.64,27.97,28.0,84580.45,241475.37
002862.SZ,2025-03-24,27.8,28.19,26.29,27.22,64901.89,176150.14
002862.SZ,2025-03-25,27.19,27.19,26.51,26.6,43737.45,116698.0
002862.SZ,2025-03-26,26.64,27.39,26.64,26.99,38128.0,102939.68
002862.SZ,2025-03-27,27.3,28.9,27.02,27.93,87659.0,245536.97
002862.SZ,2025-03-28,27.5,27.9,27.26,27.46,50968.0,140121.57
002862.SZ,2025-03-31,27.1,28.45,26.15,28.29,83612.49,226958.11
002862.SZ,2025-04-01,28.32,29.96,28.32,28.99,119918.19,351105.2
002862.SZ,2025-04-02,28.62,29.36,28.1,28.18,84477.49,240627.97
002862.SZ,2025-04-03,27.21,27.69,26.36,26.49,80243.09,216077.76
002862.SZ,2025-04-07,23.84,23.84,23.84,23.84,8779.0,20929.14
002862.SZ,2025-04-08,21.46,22.49,21.46,21.46,40574.0,87680.46
002862.SZ,2025-04-09,19.31,21.88,19.31,21.15,103751.96,210399.97
002862.SZ,2025-04-10,21.78,22.56,21.78,22.43,89323.65,199049.07
002862.SZ,2025-04-11,22.1,22.68,22.1,22.39,53726.0,120419.53
002862.SZ,2025-04-14,22.68,24.3,22.68,23.68,74721.55,177192.42
002862.SZ,2025-04-15,23.7,25.35,23.53,23.9,93147.4,227197.59
002862.SZ,2025-04-16,23.6,23.89,22.65,22.87,69041.15,160038.88
002862.SZ,2025-04-17,22.72,23.5,22.69,23.1,46328.5,107244.2
002862.SZ,2025-04-18,23.17,23.19,22.62,22.83,32753.0,74716.4
002862.SZ,2025-04-21,22.83,23.38,22.42,23.38,42093.0,97229.67
002862.SZ,2025-04-22,23.75,23.8,22.84,23.08,34935.0,80835.49
002862.SZ,2025-04-23,23.5,24.13,23.48,23.61,49853.0,118355.69
002862.SZ,2025-04-24,23.5,23.71,22.98,23.1,37969.0,88232.56
002862.SZ,2025-04-25,23.09,23.48,22.95,23.11,27858.0,64499.14
002862.SZ,2025-04-28,23.11,24.76,22.81,23.63,83157.0,198345.18
002862.SZ,2025-04-29,23.5,24.47,23.5,24.0,64071.0,154437.19
002862.SZ,2025-04-30,24.0,24.53,24.0,24.25,65377.5,158890.23
002862.SZ,2025-05-06,24.65,25.2,24.33,25.1,58260.0,144850.45
002862.SZ,2025-05-07,26.5,26.77,25.2,25.57,110992.28,287848.77
002862.SZ,2025-05-08,25.37,25.85,25.33,25.62,43886.4,112537.68
002862.SZ,2025-05-09,25.65,25.81,25.26,25.3,41739.0,106406.2
002862.SZ,2025-05-12,26.15,26.5,25.46,25.88,49642.0,127873.92
002862.SZ,2025-05-13,26.3,26.99,25.84,25.9,83358.0,219005.47
002862.SZ,2025-05-14,25.51,25.78,24.92,25.22,70530.0,177743.86
002862.SZ,2025-05-15,25.22,25.24,24.67,24.87,36671.0,91386.87
002862.SZ,2025-05-16,17.88,18.49,17.76,18.21,73450.1,133138.1
002862.SZ,2025-05-19,18.16,18.21,17.51,18.2,63585.0,113955.58
002862.SZ,2025-05-20,18.09,20.02,18.09,20.02,162925.9,313053.77
002862.SZ,2025-05-21,20.57,20.58,19.29,19.48,233096.8,458922.05
002862.SZ,2025-05-22,19.32,20.35,18.93,19.88,240354.7,474134.45
002862.SZ,2025-05-23,19.45,19.69,18.31,18.52,162904.98,306648.68
002862.SZ,2025-05-26,18.8,20.37,18.28,20.37,210277.42,410208.07
002862.SZ,2025-05-27,20.55,22.41,20.4,20.81,403453.11,854144.35
002862.SZ,2025-05-28,20.5,21.5,20.1,21.23,317953.46,655842.65
002862.SZ,2025-05-29,20.68,20.68,20.0,20.4,220929.12,449239.07
002862.SZ,2025-05-30,20.07,20.5,19.5,19.67,129830.3,258180.15
002862.SZ,2025-06-03,19.6,20.98,19.44,20.59,192693.7,392804.09
002862.SZ,2025-06-04,20.27,21.5,20.14,21.41,247311.34,518399.8
002862.SZ,2025-06-05,21.15,21.87,20.64,20.78,221986.84,469802.83
002862.SZ,2025-06-06,20.78,20.91,19.96,20.15,137050.99,276329.07
002862.SZ,2025-06-09,20.24,20.98,20.12,20.86,149710.8,309604.39
002862.SZ,2025-06-10,20.68,21.35,20.31,21.0,187859.17,391596.33
002862.SZ,2025-06-11,21.14,22.5,20.95,21.17,241085.08,518198.69
002862.SZ,2025-06-12,20.88,23.29,20.88,23.29,332541.43,741730.66
002862.SZ,2025-06-13,23.29,23.59,21.8,21.8,394987.28,890690.57
002862.SZ,2025-06-16,21.75,22.49,21.51,22.24,233762.0,517406.69
002862.SZ,2025-06-17,22.2,22.2,21.3,21.55,187691.76,403810.33
002862.SZ,2025-06-18,21.2,21.2,20.06,20.09,184701.28,376051.93
002862.SZ,2025-06-19,20.0,20.0,18.8,18.95,143525.8,275680.8
002862.SZ,2025-06-20,18.78,19.05,18.2,18.29,93588.0,173025.62
002862.SZ,2025-06-23,18.13,18.53,17.98,18.51,64127.97,117759.14
002862.SZ,2025-06-24,18.47,19.27,18.47,19.26,96109.2,182211.81
002862.SZ,2025-06-25,19.29,19.29,18.89,19.1,81154.3,154633.04
002862.SZ,2025-06-26,19.0,19.26,18.82,18.94,71760.0,136394.63
002862.SZ,2025-06-27,18.81,19.06,18.75,18.88,51464.14,97204.62
002862.SZ,2025-06-30,18.99,19.75,18.81,19.63,105789.6,205426.74
002862.SZ,2025-07-01,19.43,19.5,19.02,19.17,79152.76,152228.98
002862.SZ,2025-07-02,19.13,19.14,18.88,19.1,38578.8,73326.91
002862.SZ,2025-07-03,19.05,19.25,18.91,19.02,38303.41,72916.01
002862.SZ,2025-07-04,19.01,19.01,18.6,18.78,53129.41,99828.93
002862.SZ,2025-07-07,18.8,18.87,18.65,18.87,40885.8,76719.58
002862.SZ,2025-07-08,18.84,18.97,18.76,18.9,42928.2,81055.71
002862.SZ,2025-07-09,18.9,19.33,18.9,19.02,71039.4,135881.22
002862.SZ,2025-07-10,18.98,19.05,18.7,18.78,44873.0,84372.07
002862.SZ,2025-07-11,18.77,18.87,18.6,18.84,42510.8,79672.63
002862.SZ,2025-07-14,18.84,18.85,18.65,18.82,31114.0,58318.89
002862.SZ,2025-07-15,18.46,18.49,18.09,18.11,79098.2,144043.28
002862.SZ,2025-07-16,18.11,19.47,18.11,18.79,101930.74,190952.56
002862.SZ,2025-07-17,18.68,18.85,18.57,18.83,55804.0,104252.76
002862.SZ,2025-07-18,18.92,19.55,18.65,19.13,122144.9,233722.36
002862.SZ,2025-07-21,18.82,18.99,18.62,18.88,72786.4,136910.8
002862.SZ,2025-07-22,18.86,18.87,18.48,18.56,60998.6,113429.22
002862.SZ,2025-07-23,18.58,18.72,18.38,18.44,42384.7,78418.86
002862.SZ,2025-07-24,18.4,18.61,18.36,18.45,41319.1,76150.91
002862.SZ,2025-07-25,18.5,18.75,18.42,18.58,51951.8,96583.62
002862.SZ,2025-07-28,18.73,18.78,18.5,18.5,41692.7,77566.02
002862.SZ,2025-07-29,18.89,18.96,18.49,18.59,52612.5,98105.31
002862.SZ,2025-07-30,18.5,18.59,18.32,18.4,44579.1,82107.15
002862.SZ,2025-07-31,18.6,19.04,18.52,18.62,76611.36,143787.18
002862.SZ,2025-08-01,18.54,18.95,18.25,18.84,78751.8,146354.02
002862.SZ,2025-08-04,18.66,18.75,18.35,18.66,40099.0,74501.65
002862.SZ,2025-08-05,18.72,18.84,18.62,18.77,48259.9,90301.17
002862.SZ,2025-08-06,18.72,19.09,18.72,18.84,55962.4,105452.55
002862.SZ,2025-08-07,18.81,19.65,18.79,19.33,173598.65,336086.32
002862.SZ,2025-08-08,19.22,19.3,18.6,18.7,105193.48,197399.11
002862.SZ,2025-08-11,18.7,18.91,18.52,18.84,64355.77,120946.1
002862.SZ,2025-08-12,18.85,19.16,18.76,18.98,65522.92,124175.48
002862.SZ,2025-08-13,18.99,19.04,18.71,18.84,60373.8,113613.04
002862.SZ,2025-08-14,18.87,19.05,18.7,18.72,80139.4,151210.48
002862.SZ,2025-08-15,19.97,20.5,19.05,19.68,239063.3,475611.63
002862.SZ,2025-08-18,19.81,20.16,19.6,19.95,179470.22,357937.58
002862.SZ,2025-08-19,19.95,20.12,19.76,19.82,111496.49,222220.52
002862.SZ,2025-08-20,19.81,20.48,19.56,20.34,146390.14,294508.06
002862.SZ,2025-08-21,20.43,20.6,20.18,20.26,106419.6,216674.22
002862.SZ,2025-08-22,21.1,21.81,20.52,21.24,195542.34,411436.89
002862.SZ,2025-08-25,21.17,21.51,21.0,21.25,144275.0,305997.73
002862.SZ,2025-08-26,21.25,21.98,21.03,21.6,126283.37,272456.97
002862.SZ,2025-08-27,21.82,21.92,20.14,20.18,183535.2,383011.78
002862.SZ,2025-08-28,20.16,20.38,19.4,20.09,107580.34,214379.6
002862.SZ,2025-08-29,20.3,20.3,19.8,19.83,57917.5,115855.09
002862.SZ,2025-09-01,19.93,19.99,19.56,19.71,50817.4,100641.27
002862.SZ,2025-09-02,19.73,19.8,19.18,19.42,65670.47,127494.0
002862.SZ,2025-09-03,19.62,19.62,18.71,18.81,53428.0,102291.41
002862.SZ,2025-09-04,18.81,19.48,18.78,19.07,70780.6,135682.19
002862.SZ,2025-09-05,19.29,19.33,18.76,19.31,52059.15,99647.73
002862.SZ,2025-09-08,19.3,19.78,19.18,19.54,46060.8,89804.54
002862.SZ,2025-09-09,19.43,19.61,19.0,19.05,47409.2,91063.64
002862.SZ,2025-09-10,19.04,19.77,19.02,19.24,45587.14,88233.9
002862.SZ,2025-09-11,19.19,19.6,18.91,19.46,53537.8,102968.19
002862.SZ,2025-09-12,19.57,19.59,19.07,19.18,59752.68,115217.35
002862.SZ,2025-09-15,19.03,19.33,18.92,19.2,42766.8,81592.06
002862.SZ,2025-09-16,19.07,20.45,19.06,20.05,118720.26,235796.55
002862.SZ,2025-09-17,19.87,20.25,19.75,19.79,71862.2,143296.52
002862.SZ,2025-09-18,19.72,20.15,19.31,19.37,80731.4,158529.74
002862.SZ,2025-09-19,19.31,19.42,19.02,19.05,44011.14,84212.15
002862.SZ,2025-09-22,19.0,19.35,18.83,19.08,43682.14,83156.13
002862.SZ,2025-09-23,19.0,19.0,18.26,18.57,52921.83,98193.02
002862.SZ,2025-09-24,18.43,18.7,18.36,18.6,31710.4,58913.57
002862.SZ,2025-09-25,18.51,18.93,18.5,18.67,32521.1,60993.13
002862.SZ,2025-09-26,18.53,18.69,18.35,18.4,30284.2,56007.1
002862.SZ,2025-09-29,18.4,18.4,18.03,18.19,31060.2,56504.36
002862.SZ,2025-09-30,18.3,18.7,18.2,18.57,34466.4,63804.46
002862.SZ,2025-10-09,18.58,19.57,18.58,19.25,66480.22,127462.19
002862.SZ,2025-10-10,19.42,19.48,18.96,18.98,33748.4,64707.51
002862.SZ,2025-10-13,17.08,18.66,17.08,18.57,57632.83,104077.85
002862.SZ,2025-10-14,18.57,19.23,18.57,18.68,50795.58,95522.96
002862.SZ,2025-10-15,18.66,18.97,18.5,18.89,33060.8,62135.36
002862.SZ,2025-10-16,18.82,18.98,18.57,18.6,30153.78,56518.2
002862.SZ,2025-10-17,18.58,18.7,18.05,18.06,32677.4,59839.53
002862.SZ,2025-10-20,18.21,18.52,18.21,18.43,24970.6,45955.67
002862.SZ,2025-10-21,18.59,18.64,18.3,18.62,27652.6,51028.11
002862.SZ,2025-10-22,18.61,19.01,18.53,18.62,37242.68,69765.4
002862.SZ,2025-10-23,18.54,18.59,18.31,18.55,26425.6,48711.47
002862.SZ,2025-10-24,18.6,18.85,18.5,18.55,28303.6,52858.2
002862.SZ,2025-10-27,18.79,18.93,18.49,18.58,37182.8,69289.83
002862.SZ,2025-10-28,18.11,18.25,17.75,18.08,70169.6,126809.28
002862.SZ,2025-10-29,18.05,18.2,17.87,18.01,36110.9,65132.12
002862.SZ,2025-10-30,18.02,18.08,17.48,17.51,47019.4,83095.78
002862.SZ,2025-10-31,17.52,18.08,17.45,18.0,40205.24,71752.81
002862.SZ,2025-11-03,18.03,18.43,17.84,17.91,36000.06,64763.76
002862.SZ,2025-11-04,17.9,17.96,17.57,17.65,26859.4,47527.52
002862.SZ,2025-11-05,17.7,18.38,17.56,18.28,67874.84,123237.48
002862.SZ,2025-11-06,18.35,18.96,18.31,18.48,56017.5,104010.93
002862.SZ,2025-11-07,18.48,19.79,18.4,19.5,123499.87,239315.3
002862.SZ,2025-11-10,19.5,21.2,19.49,20.73,168280.74,348713.78
002862.SZ,2025-11-11,20.91,20.95,20.27,20.45,97238.48,200277.77
002862.SZ,2025-11-12,20.52,21.43,20.52,21.23,130788.0,277192.75
002862.SZ,2025-11-13,21.06,21.33,20.8,21.14,68926.44,145036.35
002862.SZ,2025-11-14,21.1,21.5,20.87,20.9,64455.0,136455.21
002862.SZ,2025-11-17,20.9,21.28,20.31,21.1,74185.29,154900.02
002862.SZ,2025-11-18,21.25,21.76,20.98,21.71,101627.05,217537.95
002862.SZ,2025-11-19,22.05,22.1,21.35,21.58,99311.5,214983.83
002862.SZ,2025-11-20,21.8,21.82,21.11,21.26,68801.2,147225.01
002862.SZ,2025-11-21,21.13,21.35,20.51,20.83,76838.89,160357.21
002862.SZ,2025-11-24,20.88,21.75,20.74,21.55,87700.44,187380.27
002862.SZ,2025-11-25,21.78,22.12,21.55,21.7,73555.8,160169.64
002862.SZ,2025-11-26,21.79,23.13,21.7,21.94,130183.2,290585.87
002862.SZ,2025-11-27,21.75,22.13,21.33,21.38,102306.0,222148.57
002862.SZ,2025-11-28,21.52,22.89,21.27,22.82,170334.11,379013.44
002862.SZ,2025-12-01,25.1,25.1,24.45,25.1,204866.52,512925.45
002862.SZ,2025-12-02,23.88,24.5,22.59,22.59,360170.74,835781.64
002862.SZ,2025-12-03,23.01,23.32,21.41,21.98,250137.94,555981.73
002862.SZ,2025-12-04,21.54,22.3,21.23,21.54,155560.6,338657.78
002862.SZ,2025-12-05,21.78,21.78,20.75,21.32,143592.13,305060.31
002862.SZ,2025-12-08,21.27,21.63,21.16,21.27,100157.5,213544.65
002862.SZ,2025-12-09,21.21,21.35,20.38,20.39,113835.5,236501.42
002862.SZ,2025-12-10,20.34,20.35,19.83,20.14,85597.24,171519.45
002862.SZ,2025-12-11,20.38,20.46,19.75,19.81,72480.8,144417.58
002862.SZ,2025-12-12,19.74,21.79,19.74,21.79,169321.63,358004.0
002862.SZ,2025-12-15,21.5,22.44,21.03,21.92,213538.8,466802.13
002862.SZ,2025-12-16,21.44,22.04,20.91,20.91,129244.6,277470.07
002862.SZ,2025-12-17,20.91,21.23,20.05,20.71,88432.6,181726.55
002862.SZ,2025-12-18,20.97,21.48,20.51,20.51,102652.75,215503.72
002862.SZ,2025-12-19,21.0,21.15,19.88,20.59,105096.95,214513.58
002862.SZ,2025-12-22,20.88,20.98,20.29,20.48,77849.55,159735.59
002862.SZ,2025-12-23,20.4,20.42,19.92,20.02,58886.8,118244.69
002862.SZ,2025-12-24,19.99,20.4,19.99,20.26,46581.4,94210.0
002862.SZ,2025-12-25,20.26,20.38,20.0,20.19,47032.8,94660.76
002862.SZ,2025-12-26,20.17,20.17,19.77,19.91,58381.7,116502.29
002862.SZ,2025-12-29,19.81,20.18,19.77,19.95,45236.6,90229.04
002862.SZ,2025-12-30,19.9,19.9,19.43,19.45,49946.4,97717.67
002862.SZ,2025-12-31,19.61,19.76,19.25,19.53,40463.0,78876.0
002862.SZ,2026-01-05,19.48,19.76,19.38,19.6,50262.4,98185.74
002862.SZ,2026-01-06,19.37,19.68,19.1,19.4,62501.6,121053.85
002862.SZ,2026-01-07,19.36,19.58,19.22,19.24,48614.0,94324.93
002862.SZ,2026-01-08,19.06,19.39,18.95,19.31,46073.6,88395.94
002862.SZ,2026-01-09,19.36,20.75,19.2,20.48,140721.2,282302.57
002862.SZ,2026-01-12,21.0,22.1,20.77,21.75,156408.8,335671.23
002862.SZ,2026-01-13,22.07,22.23,20.77,20.94,127278.4,271094.8
002862.SZ,2026-01-14,21.0,21.76,20.72,20.95,137680.2,291766.64
002862.SZ,2026-01-15,20.96,21.06,20.08,20.21,87232.25,178173.08
002862.SZ,2026-01-16,20.22,20.54,19.55,20.33,113189.0,225839.36
002862.SZ,2026-01-19,20.18,20.57,19.71,19.77,71004.6,141344.32
002862.SZ,2026-01-20,19.79,20.58,19.4,19.61,79229.8,157348.2
002862.SZ,2026-01-21,19.47,19.58,19.02,19.45,57094.6,110298.8
002862.SZ,2026-01-22,19.34,19.58,19.25,19.38,49510.9,96069.27
002862.SZ,2026-01-23,19.4,19.71,19.3,19.49,45719.6,89327.96
002862.SZ,2026-01-26,19.49,19.66,18.97,19.31,82093.28,158113.23
002862.SZ,2026-01-27,19.28,19.47,18.57,19.15,69061.8,131402.13
002862.SZ,2026-01-28,19.16,19.27,18.61,18.66,50881.4,95720.14
002862.SZ,2026-01-29,18.6,19.08,18.3,18.72,47274.5,88783.16
002862.SZ,2026-01-30,18.54,18.67,18.27,18.38,34162.18,62942.88
002862.SZ,2026-02-02,17.33,18.79,17.31,18.4,71303.6,130942.23
002862.SZ,2026-02-03,18.39,18.8,18.07,18.79,48559.45,89525.0
002862.SZ,2026-02-04,18.8,19.28,18.52,18.7,50862.6,96166.51
002862.SZ,2026-02-05,18.55,19.32,18.55,18.75,65882.2,125458.95
002862.SZ,2026-02-06,18.71,18.81,18.31,18.57,51146.8,94992.98
002862.SZ,2026-02-09,18.75,19.17,18.5,19.07,55939.6,105825.41
002862.SZ,2026-02-10,19.15,19.93,19.01,19.56,73862.4,143816.65
002862.SZ,2026-02-11,19.46,19.68,18.94,19.25,73463.2,141424.15
002862.SZ,2026-02-12,19.22,19.47,18.96,18.96,35694.45,68045.91
002862.SZ,2026-02-13,19.01,19.14,18.82,18.86,29884.65,56711.83
002862.SZ,2026-02-24,18.9,19.04,18.61,18.74,31791.9,59588.01
002862.SZ,2026-02-25,18.9,18.97,18.71,18.79,26389.0,49640.45
002862.SZ,2026-02-26,18.8,18.8,18.14,18.23,44416.2,81671.58
002862.SZ,2026-02-27,18.38,18.45,18.1,18.24,33953.6,62063.59
002862.SZ,2026-03-02,18.05,18.1,17.36,17.64,52357.4,92596.93
002862.SZ,2026-03-03,17.81,17.81,16.73,16.78,51643.0,88644.95
002862.SZ,2026-03-04,16.49,16.82,16.41,16.58,31214.7,51837.52
002862.SZ,2026-03-05,16.8,18.24,16.62,17.53,127602.5,226264.48
002862.SZ,2026-03-06,17.01,17.03,16.54,16.77,112149.85,187394.02
002862.SZ,2026-03-09,16.4,16.61,16.16,16.37,62564.5,102125.18
002862.SZ,2026-03-10,16.58,17.5,16.57,17.41,76979.1,132013.83
002862.SZ,2026-03-11,17.65,19.09,17.65,17.72,94209.1,171539.44
002862.SZ,2026-03-12,17.64,17.73,17.1,17.26,56416.8,97707.41
002862.SZ,2026-03-13,17.03,17.34,16.89,16.89,36446.8,62253.43
002862.SZ,2026-03-16,16.85,17.35,16.75,17.29,32696.6,56099.1
002862.SZ,2026-03-17,17.4,17.4,16.8,16.83,25555.4,43613.47
002862.SZ,2026-03-18,16.83,17.1,16.75,17.07,21026.2,35671.3
002862.SZ,2026-03-19,16.93,16.98,16.54,16.62,29856.2,49840.41
002862.SZ,2026-03-20,16.62,16.8,16.14,16.14,32517.1,53135.77
002862.SZ,2026-03-23,16.0,16.21,15.15,15.33,47207.8,73834.2
002862.SZ,2026-03-24,15.62,16.02,15.36,15.98,35945.7,56542.13
002862.SZ,2026-03-25,16.2,16.43,16.08,16.31,25842.2,42108.27
002862.SZ,2026-03-26,16.4,16.54,15.78,15.97,27557.0,44270.34
002862.SZ,2026-03-27,15.72,16.25,15.69,16.16,22860.7,36759.68
002862.SZ,2026-03-30,16.0,16.49,15.92,16.09,21803.6,35055.51
002862.SZ,2026-03-31,16.2,16.29,15.85,15.9,24617.4,39499.65
002862.SZ,2026-04-01,16.2,16.2,15.82,16.05,37191.5,59412.61
002862.SZ,2026-04-02,16.01,16.51,15.81,16.48,55528.4,90071.63
002862.SZ,2026-04-03,16.68,16.8,15.55,15.64,43268.1,68892.65
002862.SZ,2026-04-07,15.85,16.76,15.85,16.52,54439.61,88992.61
002862.SZ,2026-04-08,16.82,17.13,16.64,16.94,44360.3,75209.78
002862.SZ,2026-04-09,16.94,17.06,16.59,16.76,30821.43,51745.14
002862.SZ,2026-04-10,16.9,17.71,16.88,17.27,55076.23,95931.69
002862.SZ,2026-04-13,17.31,17.75,17.2,17.22,39100.0,68146.86
002862.SZ,2026-04-14,17.48,17.48,17.1,17.34,33064.3,57152.07
002862.SZ,2026-04-15,17.34,17.4,17.06,17.11,21519.0,37035.83
002862.SZ,2026-04-16,17.1,17.2,16.85,17.15,27977.1,47642.97
002862.SZ,2026-04-17,17.16,17.19,16.9,17.04,20876.3,35528.11
002862.SZ,2026-04-20,17.1,17.27,16.91,17.2,21477.4,36702.59
002862.SZ,2026-04-21,17.21,17.25,17.0,17.12,16866.0,28856.75
002862.SZ,2026-04-22,17.1,17.92,17.0,17.82,55736.6,98088.73
002862.SZ,2026-04-23,17.84,18.1,17.37,17.5,32413.8,57203.58
002862.SZ,2026-04-24,17.48,17.93,17.27,17.45,50285.9,88469.38
002862.SZ,2026-04-27,18.28,19.18,18.28,19.03,131767.92,247558.9
002862.SZ,2026-04-28,19.0,19.15,18.32,18.42,65799.4,122591.9
002862.SZ,2026-04-29,18.32,18.72,18.3,18.43,37356.0,69029.54
002862.SZ,2026-04-30,18.34,18.72,18.34,18.53,29636.2,55055.98
002862.SZ,2026-05-06,18.85,18.98,18.57,18.78,44173.2,83085.05
002862.SZ,2026-05-07,18.89,19.15,18.83,18.97,36682.7,69744.82
002862.SZ,2026-06-05,15.92,16.25,15.48,16.0,40086.0,63888.09
002862.SZ,2026-06-08,15.58,15.93,15.12,15.32,41110.0,63697.49
002862.SZ,2026-06-09,15.18,15.69,15.18,15.48,31328.4,48394.21
002862.SZ,2026-06-10,15.33,15.69,15.11,15.24,26640.0,40936.52
002862.SZ,2026-06-11,15.15,15.2,14.5,14.83,34934.23,51676.65
002862.SZ,2026-06-12,14.99,15.15,14.72,14.85,31423.02,46953.98
002862.SZ,2026-06-15,15.0,15.22,14.71,14.74,34274.91,51060.29
002862.SZ,2026-06-16,14.75,14.8,14.45,14.67,29594.8,43270.03
002862.SZ,2026-06-17,14.67,14.67,13.99,14.12,37152.8,52814.57
002862.SZ,2026-06-18,14.14,14.22,13.83,14.04,34445.3,48369.19
002862.SZ,2026-06-22,14.0,14.18,13.5,14.16,41796.0,57777279.8
002862.SZ,2026-06-23,14.15,14.5,14.0,14.3,33505.0,47977732.1
002862.SZ,2026-06-24,14.3,14.48,13.59,13.74,35478.0,49184547.6
002862.SZ,2026-06-25,13.7,13.77,13.19,13.28,41002.0,54686063.8
002862.SZ,2026-06-26,13.15,13.18,12.69,12.82,38062.0,49099136.6
002862.SZ,2026-06-29,12.64,12.94,12.4,12.83,43654.0,55466263.6
002862.SZ,2026-06-30,12.87,13.09,12.69,12.83,32121.0,41325138.4
002862.SZ,2026-07-01,12.82,13.27,12.61,13.03,40773.0,52749234.1
002862.SZ,2026-07-03,12.95,13.37,12.88,13.31,38512.2,50811.9
002862.SZ,2026-07-06,13.39,13.51,13.09,13.12,34174.91,45251.8
002862.SZ,2026-07-07,13.21,13.29,12.7,12.86,36785.4,47658.1
002862.SZ,2026-07-08,12.8,12.96,12.42,12.63,30142.2,38128.27
002862.SZ,2026-07-09,12.5,12.88,12.42,12.69,29457.4,37176.74
002862.SZ,2026-07-10,12.75,13.22,12.43,12.92,39093.6,50671.2
002862.SZ,2026-07-13,13.22,13.22,12.27,12.28,38422.4,48144.13
002862.SZ,2026-07-14,12.26,12.66,12.06,12.65,36562.61,45293.33
002862.SZ,2026-07-15,12.65,12.83,12.4,12.78,30630.9,38947.02
002862.SZ,2026-07-16,12.63,13.3,12.62,13.06,37846.79,49352.45
002862.SZ,2026-07-17,13.22,13.22,12.21,12.4,45648.0,57782.83
002862.SZ,2026-07-20,12.31,12.9,11.91,12.11,52189.0,64881.17
002862.SZ,2026-07-21,12.11,12.21,11.3,11.95,51686.3,60772.55
002862.SZ,2026-07-22,11.72,12.08,11.72,11.9,34404.4,40966.45
002862.SZ,2026-07-23,11.81,12.16,11.74,12.14,25953.8,31061.43
002862.SZ,2026-07-24,12.14,12.14,11.65,11.79,23876.4,28240.93
002862.SZ,2026-07-27,11.72,12.35,11.61,12.25,32255.9,39197.43
002862.SZ,2026-07-28,12.25,12.72,12.12,12.5,31031.4,38887.68
002862.SZ,2026-07-29,12.55,12.92,12.46,12.88,33381.6,42583.2
002862.SZ,2026-07-30,12.85,13.33,12.71,12.73,37697.3,49154.5
002862.SZ,2026-07-31,12.7,13.69,12.7,13.43,59628.3,78922.68
002862.SZ,2026-08-03,13.4,13.5,13.03,13.27,42038.8,55611.71
002862.SZ,2026-08-04,13.31,13.64,13.21,13.62,38215.0,51674.55
002862.SZ,2026-08-05,13.61,13.83,13.4,13.75,38809.1,52914.58
002862.SZ,2026-08-06,13.74,13.97,13.4,13.67,32600.2,44576.45
002862.SZ,2026-08-07,13.67,13.72,13.13,13.47,37659.5,50343.01
002862.SZ,2026-08-10,13.58,13.88,13.41,13.82,39622.8,54311.29
002862.SZ,2026-08-11,13.79,13.9,13.6,13.72,28346.8,38897.04
002862.SZ,2026-08-12,13.74,13.85,13.62,13.75,29678.49,40780.14
002862.SZ,2026-08-13,13.74,14.16,13.65,13.81,48251.5,66933.87
002862.SZ,2026-08-14,13.78,13.92,13.54,13.89,35947.32,49406.66
002862.SZ,2026-08-17,13.89,14.0,13.65,13.91,29102.22,40412.83
002862.SZ,2026-08-18,13.95,13.96,13.5,13.64,26449.0,36100.41
002862.SZ,2026-08-19,13.63,13.63,13.12,13.17,27594.5,36699.01
002862.SZ,2026-08-20,13.29,13.55,13.16,13.47,23430.6,31459.23
002862.SZ,2026-08-21,13.36,13.52,13.1,13.45,21370.4,28449.87
002862.SZ,2026-08-24,13.59,13.7,13.12,13.28,21718.1,28891.91
002862.SZ,2026-08-25,13.25,13.76,13.18,13.76,20696.8,28066.52
002862.SZ,2026-08-26,13.75,13.85,13.57,13.64,17736.0,24298.61
002862.SZ,2026-08-27,13.69,13.98,13.52,13.85,24345.0,33381.56
002862.SZ,2026-08-28,14.02,14.32,13.78,14.12,31485.8,44464.03
002862.SZ,2026-08-31,14.45,15.53,13.77,14.83,167782.58,247112.38
