symbol,datetime,open,high,low,close,volume,amount
00505.HK,2007-12-27,1.85,3.34,1.85,3.29,329926000.0,0.0
00505.HK,2007-12-28,3.33,4.95,3.33,4.55,394589000.0,0.0
00505.HK,2007-12-31,4.8,5.1,3.9,4.01,137435000.0,0.0
00505.HK,2008-01-02,4.12,4.48,4.1,4.19,68348000.0,0.0
00505.HK,2008-01-03,4.2,4.34,3.85,3.89,44402000.0,0.0
00505.HK,2008-01-04,3.85,4.16,3.79,3.82,37810000.0,0.0
00505.HK,2008-01-07,3.6,3.6,3.24,3.29,35278000.0,0.0
00505.HK,2008-01-08,3.35,3.41,2.8,2.86,31882000.0,0.0
00505.HK,2008-01-09,2.8,3.44,2.6,3.42,59827000.0,0.0
00505.HK,2008-01-10,3.5,3.85,3.35,3.58,58394000.0,0.0
00505.HK,2008-01-11,3.66,3.82,3.35,3.42,22174000.0,0.0
00505.HK,2008-01-14,3.45,3.56,3.1,3.29,10793000.0,0.0
00505.HK,2008-01-15,3.4,3.48,3.1,3.2,10976000.0,0.0
00505.HK,2008-01-16,2.98,3.15,2.95,2.97,11332000.0,0.0
00505.HK,2008-01-17,3.08,3.1,2.62,3.03,12224000.0,0.0
00505.HK,2008-01-18,2.9,3.25,2.73,3.14,16706000.0,0.0
00505.HK,2008-01-21,3.1,3.19,2.99,3.01,8655000.0,0.0
00505.HK,2008-01-22,2.8,2.85,2.45,2.6,10761000.0,0.0
00505.HK,2008-01-23,2.9,2.95,2.6,2.74,9891000.0,0.0
00505.HK,2008-01-24,2.79,2.8,2.55,2.58,6464000.0,0.0
00505.HK,2008-01-25,2.72,2.75,2.6,2.62,6150300.0,0.0
00505.HK,2008-01-28,2.61,2.61,2.4,2.43,3661000.0,0.0
00505.HK,2008-01-29,2.5,2.54,2.3,2.3,4272000.0,0.0
00505.HK,2008-01-30,2.37,2.38,2.12,2.21,4051000.0,0.0
00505.HK,2008-01-31,2.23,2.23,1.99,2.06,5357000.0,0.0
00505.HK,2008-02-01,2.1,2.19,2.02,2.13,5020000.0,0.0
00505.HK,2008-02-04,2.15,2.4,2.15,2.39,4934000.0,0.0
00505.HK,2008-02-05,2.35,2.35,2.25,2.32,2286000.0,0.0
00505.HK,2008-02-06,2.12,2.26,2.12,2.24,2197000.0,0.0
00505.HK,2008-02-11,2.25,2.25,2.17,2.17,988000.0,0.0
00505.HK,2008-02-12,2.18,2.25,2.17,2.17,723000.0,0.0
00505.HK,2008-02-13,2.25,2.25,2.07,2.12,1305000.0,0.0
00505.HK,2008-02-14,2.2,2.21,2.12,2.17,2011000.0,0.0
00505.HK,2008-02-15,2.12,2.28,2.1,2.26,2588000.0,0.0
00505.HK,2008-02-18,2.3,2.35,2.22,2.26,1904000.0,0.0
00505.HK,2008-02-19,2.3,2.3,2.25,2.29,1852000.0,0.0
00505.HK,2008-02-20,2.3,2.75,2.3,2.71,23870000.0,0.0
00505.HK,2008-02-21,2.85,2.87,2.52,2.59,11951000.0,0.0
00505.HK,2008-02-22,2.58,2.65,2.45,2.56,4683000.0,0.0
00505.HK,2008-02-25,2.63,2.65,2.45,2.48,3408000.0,0.0
00505.HK,2008-02-26,2.55,2.55,2.34,2.39,3477000.0,0.0
00505.HK,2008-02-27,2.45,2.54,2.43,2.46,2710000.0,0.0
00505.HK,2008-02-28,2.47,2.54,2.4,2.5,3378000.0,0.0
00505.HK,2008-02-29,2.49,2.58,2.43,2.49,2292000.0,0.0
00505.HK,2008-03-03,2.48,2.48,2.39,2.41,2276000.0,0.0
00505.HK,2008-03-04,2.47,2.57,2.36,2.36,4586000.0,0.0
00505.HK,2008-03-05,2.36,2.42,2.27,2.32,2440000.0,0.0
00505.HK,2008-03-06,2.35,2.53,2.35,2.47,5062000.0,0.0
00505.HK,2008-03-07,2.39,2.43,2.26,2.31,5838000.0,0.0
00505.HK,2008-03-10,2.23,2.29,2.15,2.28,1985000.0,0.0
00505.HK,2008-03-11,2.23,2.27,2.17,2.27,1396000.0,0.0
00505.HK,2008-03-12,2.35,2.37,2.22,2.28,2099000.0,0.0
00505.HK,2008-03-13,2.28,2.28,2.16,2.19,2263000.0,0.0
00505.HK,2008-03-14,2.2,2.28,2.06,2.09,2173000.0,0.0
00505.HK,2008-03-17,1.98,2.01,1.85,1.96,1876000.0,0.0
00505.HK,2008-03-18,1.97,2.0,1.76,1.88,2280000.0,0.0
00505.HK,2008-03-19,1.95,1.97,1.8,1.83,2610000.0,0.0
00505.HK,2008-03-20,1.77,1.8,1.6,1.7,2064000.0,0.0
00505.HK,2008-03-25,1.89,1.89,1.72,1.8,1648000.0,0.0
00505.HK,2008-03-26,1.81,1.9,1.79,1.82,1714000.0,0.0
00505.HK,2008-03-27,1.82,1.82,1.75,1.8,1056000.0,0.0
00505.HK,2008-03-28,1.81,1.9,1.8,1.89,2509000.0,0.0
00505.HK,2008-03-31,1.89,1.89,1.76,1.83,2072000.0,0.0
00505.HK,2008-04-01,1.8,1.86,1.76,1.77,1760000.0,0.0
00505.HK,2008-04-02,1.85,1.85,1.77,1.77,2470000.0,0.0
00505.HK,2008-04-03,1.8,1.9,1.76,1.85,2771000.0,0.0
00505.HK,2008-04-07,1.85,2.22,1.85,2.21,7327000.0,0.0
00505.HK,2008-04-08,2.13,2.5,2.13,2.2,15225000.0,0.0
00505.HK,2008-04-09,2.2,2.37,2.18,2.22,5467000.0,0.0
00505.HK,2008-04-10,2.12,2.25,2.1,2.19,2159000.0,0.0
00505.HK,2008-04-11,2.19,2.24,2.1,2.12,1888000.0,0.0
00505.HK,2008-04-14,2.0,2.05,2.0,2.03,1493000.0,0.0
00505.HK,2008-04-15,2.0,2.08,1.96,1.98,1755000.0,0.0
00505.HK,2008-04-16,1.95,2.05,1.95,1.99,1251000.0,0.0
00505.HK,2008-04-17,2.04,2.1,2.0,2.05,2189700.0,0.0
00505.HK,2008-04-18,2.05,2.27,2.03,2.15,8365000.0,0.0
00505.HK,2008-04-21,2.2,2.24,2.08,2.1,3729000.0,0.0
00505.HK,2008-04-22,2.1,2.15,2.07,2.14,1986000.0,0.0
00505.HK,2008-04-23,2.12,2.2,2.12,2.19,3544000.0,0.0
00505.HK,2008-04-24,2.24,2.3,2.21,2.25,4518000.0,0.0
00505.HK,2008-04-25,2.25,2.28,2.15,2.2,3320000.0,0.0
00505.HK,2008-04-28,2.17,2.26,2.17,2.26,2327000.0,0.0
00505.HK,2008-04-29,2.21,2.32,2.18,2.21,3517000.0,0.0
00505.HK,2008-04-30,2.22,2.22,2.17,2.21,1855000.0,0.0
00505.HK,2008-05-02,2.22,2.25,2.18,2.22,2375000.0,0.0
00505.HK,2008-05-05,2.22,2.24,2.2,2.2,2512000.0,0.0
00505.HK,2008-05-06,2.2,2.25,2.19,2.24,3557000.0,0.0
00505.HK,2008-05-07,2.25,2.4,2.22,2.25,12198000.0,0.0
00505.HK,2008-05-08,2.18,2.31,2.18,2.24,3173000.0,0.0
00505.HK,2008-05-09,2.24,2.28,2.21,2.23,2172000.0,0.0
00505.HK,2008-05-13,2.22,2.23,2.12,2.14,4343000.0,0.0
00505.HK,2008-05-14,2.15,2.2,2.15,2.18,1673000.0,0.0
00505.HK,2008-05-15,2.2,2.21,2.15,2.17,1849000.0,0.0
00505.HK,2008-05-16,2.2,2.23,2.18,2.22,2957000.0,0.0
00505.HK,2008-05-19,2.23,2.42,2.23,2.4,20805000.0,0.0
00505.HK,2008-05-20,2.36,2.38,2.21,2.23,7215000.0,0.0
00505.HK,2008-05-21,2.2,2.23,2.15,2.21,3437000.0,0.0
00505.HK,2008-05-22,2.1,2.19,2.1,2.17,2813000.0,0.0
00505.HK,2008-05-23,2.2,2.2,2.14,2.15,1833000.0,0.0
00505.HK,2008-05-26,2.14,2.14,2.06,2.07,1821000.0,0.0
00505.HK,2008-05-27,2.1,2.14,2.06,2.08,1541000.0,0.0
00505.HK,2008-05-28,2.09,2.11,1.98,2.02,2716000.0,0.0
00505.HK,2008-05-29,2.03,2.06,2.0,2.03,2094000.0,0.0
00505.HK,2008-05-30,2.03,2.05,2.0,2.05,1442000.0,0.0
00505.HK,2008-06-02,2.02,2.08,2.02,2.08,1216000.0,0.0
00505.HK,2008-06-03,2.1,2.1,2.04,2.04,1072000.0,0.0
00505.HK,2008-06-04,2.02,2.04,2.01,2.01,1130000.0,0.0
00505.HK,2008-06-05,2.02,2.04,1.97,2.0,1296000.0,0.0
00505.HK,2008-06-06,2.0,2.02,1.98,1.99,631000.0,0.0
00505.HK,2008-06-10,1.96,1.96,1.87,1.87,1329000.0,0.0
00505.HK,2008-06-11,1.87,1.92,1.85,1.9,608000.0,0.0
00505.HK,2008-06-12,1.86,1.86,1.78,1.84,1080000.0,0.0
00505.HK,2008-06-13,1.84,1.85,1.79,1.81,543000.0,0.0
00505.HK,2008-06-16,1.81,1.89,1.81,1.83,293000.0,0.0
00505.HK,2008-06-17,1.83,1.88,1.8,1.84,400000.0,0.0
00505.HK,2008-06-18,1.8,1.86,1.79,1.85,582000.0,0.0
00505.HK,2008-06-19,1.81,1.82,1.78,1.79,488000.0,0.0
00505.HK,2008-06-20,1.82,1.83,1.79,1.79,700000.0,0.0
00505.HK,2008-06-23,1.75,1.78,1.7,1.73,613000.0,0.0
00505.HK,2008-06-24,1.72,1.73,1.68,1.72,835000.0,0.0
00505.HK,2008-06-25,1.72,1.75,1.71,1.71,356000.0,0.0
00505.HK,2008-06-26,1.74,1.77,1.71,1.71,297000.0,0.0
00505.HK,2008-06-27,1.7,1.7,1.65,1.69,750000.0,0.0
00505.HK,2008-06-30,1.66,1.68,1.63,1.67,826000.0,0.0
00505.HK,2008-07-02,1.63,1.66,1.62,1.65,625000.0,0.0
00505.HK,2008-07-03,1.62,1.62,1.5,1.55,1258000.0,0.0
00505.HK,2008-07-04,1.56,1.6,1.55,1.56,815000.0,0.0
00505.HK,2008-07-07,1.56,1.64,1.56,1.61,412000.0,0.0
00505.HK,2008-07-08,1.57,1.6,1.55,1.55,482000.0,0.0
00505.HK,2008-07-09,1.6,1.64,1.59,1.6,387000.0,0.0
00505.HK,2008-07-10,1.6,1.61,1.57,1.6,437000.0,0.0
00505.HK,2008-07-11,1.6,1.67,1.58,1.64,541000.0,0.0
00505.HK,2008-07-14,1.62,1.65,1.56,1.58,483000.0,0.0
00505.HK,2008-07-15,1.58,1.58,1.49,1.49,1021000.0,0.0
00505.HK,2008-07-16,1.5,1.55,1.49,1.51,360000.0,0.0
00505.HK,2008-07-17,1.6,1.6,1.56,1.57,662000.0,0.0
00505.HK,2008-07-18,1.57,1.6,1.54,1.54,377000.0,0.0
00505.HK,2008-07-21,1.55,1.57,1.5,1.52,566000.0,0.0
00505.HK,2008-07-22,1.5,1.53,1.5,1.5,436000.0,0.0
00505.HK,2008-07-23,1.55,1.55,1.5,1.51,434000.0,0.0
00505.HK,2008-07-24,1.52,1.53,1.5,1.53,506000.0,0.0
00505.HK,2008-07-25,1.5,1.51,1.45,1.5,840000.0,0.0
00505.HK,2008-07-28,1.5,1.5,1.45,1.47,195000.0,0.0
00505.HK,2008-07-29,1.49,1.49,1.44,1.46,562000.0,0.0
00505.HK,2008-07-30,1.48,1.48,1.44,1.45,275000.0,0.0
00505.HK,2008-07-31,1.44,1.44,1.4,1.4,697000.0,0.0
00505.HK,2008-08-01,1.38,1.39,1.35,1.38,896000.0,0.0
00505.HK,2008-08-04,1.38,1.38,1.33,1.35,404000.0,0.0
00505.HK,2008-08-05,1.33,1.33,1.25,1.27,970000.0,0.0
00505.HK,2008-08-07,1.27,1.27,1.15,1.16,1279000.0,0.0
00505.HK,2008-08-08,1.14,1.2,1.1,1.13,515000.0,0.0
00505.HK,2008-08-11,1.14,1.16,1.06,1.06,706000.0,0.0
00505.HK,2008-08-12,1.06,1.09,1.0,1.05,1138000.0,0.0
00505.HK,2008-08-13,1.04,1.07,1.01,1.07,303000.0,0.0
00505.HK,2008-08-14,1.07,1.15,1.06,1.15,529000.0,0.0
00505.HK,2008-08-15,1.15,1.15,1.1,1.1,344000.0,0.0
00505.HK,2008-08-18,1.1,1.1,1.0,1.02,326000.0,0.0
00505.HK,2008-08-19,1.02,1.03,1.01,1.01,356000.0,0.0
00505.HK,2008-08-20,1.01,1.1,1.01,1.1,466000.0,0.0
00505.HK,2008-08-21,1.1,1.15,1.1,1.13,746000.0,0.0
00505.HK,2008-08-25,1.06,1.17,1.06,1.14,355000.0,0.0
00505.HK,2008-08-26,1.07,1.1,1.07,1.1,190000.0,0.0
00505.HK,2008-08-27,1.1,1.15,1.07,1.12,526000.0,0.0
00505.HK,2008-08-28,1.12,1.13,1.1,1.12,374000.0,0.0
00505.HK,2008-08-29,1.1,1.19,1.05,1.15,437000.0,0.0
00505.HK,2008-09-01,1.07,1.11,1.07,1.08,136000.0,0.0
00505.HK,2008-09-02,1.12,1.14,1.08,1.13,167000.0,0.0
00505.HK,2008-09-03,1.13,1.13,1.09,1.1,199000.0,0.0
00505.HK,2008-09-04,1.1,1.1,1.05,1.1,136000.0,0.0
00505.HK,2008-09-05,1.05,1.09,1.04,1.06,333000.0,0.0
00505.HK,2008-09-08,1.1,1.11,1.08,1.09,320000.0,0.0
00505.HK,2008-09-09,1.08,1.09,1.05,1.05,280000.0,0.0
00505.HK,2008-09-10,1.05,1.07,1.05,1.05,662000.0,0.0
00505.HK,2008-09-11,1.05,1.06,1.01,1.04,1111000.0,0.0
00505.HK,2008-09-12,1.04,1.1,1.04,1.05,240000.0,0.0
00505.HK,2008-09-16,1.0,1.02,0.93,0.96,901000.0,0.0
00505.HK,2008-09-17,0.97,0.97,0.91,0.91,718000.0,0.0
00505.HK,2008-09-18,0.8,0.87,0.78,0.86,1543000.0,0.0
00505.HK,2008-09-19,0.88,0.97,0.88,0.96,464000.0,0.0
00505.HK,2008-09-22,1.0,1.01,0.95,1.01,1056000.0,0.0
00505.HK,2008-09-23,1.01,1.06,0.96,1.04,1057000.0,0.0
00505.HK,2008-09-24,0.98,1.0,0.95,0.96,309000.0,0.0
00505.HK,2008-09-25,0.97,0.97,0.92,0.94,178000.0,0.0
00505.HK,2008-09-26,0.94,0.94,0.9,0.91,118000.0,0.0
00505.HK,2008-09-29,0.91,0.92,0.89,0.9,639000.0,0.0
00505.HK,2008-09-30,0.89,0.89,0.86,0.89,363000.0,0.0
00505.HK,2008-10-02,0.89,0.92,0.8,0.91,220000.0,0.0
00505.HK,2008-10-03,0.91,0.91,0.88,0.88,278000.0,0.0
00505.HK,2008-10-06,0.9,0.9,0.85,0.85,395000.0,0.0
00505.HK,2008-10-08,0.8,0.82,0.8,0.8,947000.0,0.0
00505.HK,2008-10-09,0.85,0.85,0.79,0.8,589000.0,0.0
00505.HK,2008-10-10,0.75,0.79,0.7,0.71,1311000.0,0.0
00505.HK,2008-10-13,0.72,0.74,0.71,0.73,1350000.0,0.0
00505.HK,2008-10-14,0.75,0.79,0.71,0.77,785000.0,0.0
00505.HK,2008-10-15,0.75,0.76,0.74,0.75,235000.0,0.0
00505.HK,2008-10-16,0.72,0.74,0.71,0.72,647000.0,0.0
00505.HK,2008-10-17,0.76,0.78,0.72,0.73,322000.0,0.0
00505.HK,2008-10-20,0.73,0.73,0.72,0.73,468000.0,0.0
00505.HK,2008-10-21,0.74,0.77,0.72,0.73,359000.0,0.0
00505.HK,2008-10-22,0.72,0.73,0.7,0.7,514000.0,0.0
00505.HK,2008-10-23,0.68,0.7,0.65,0.66,311000.0,0.0
00505.HK,2008-10-24,0.64,0.65,0.63,0.64,596000.0,0.0
00505.HK,2008-10-27,0.64,0.64,0.53,0.53,982000.0,0.0
00505.HK,2008-10-28,0.5,0.53,0.5,0.52,427000.0,0.0
00505.HK,2008-10-29,0.6,0.6,0.53,0.53,400000.0,0.0
00505.HK,2008-10-30,0.53,0.57,0.53,0.57,1865000.0,0.0
00505.HK,2008-10-31,0.56,0.56,0.53,0.55,892000.0,0.0
00505.HK,2008-11-03,0.51,0.6,0.51,0.59,1012000.0,0.0
00505.HK,2008-11-04,0.56,0.58,0.56,0.56,141000.0,0.0
00505.HK,2008-11-05,0.59,0.64,0.59,0.62,700000.0,0.0
00505.HK,2008-11-06,0.6,0.62,0.55,0.6,374000.0,0.0
00505.HK,2008-11-07,0.55,0.62,0.55,0.62,234000.0,0.0
00505.HK,2008-11-10,0.62,0.7,0.62,0.68,1387000.0,0.0
00505.HK,2008-11-11,0.7,0.97,0.68,0.82,4066000.0,0.0
00505.HK,2008-11-12,0.8,0.85,0.75,0.81,885000.0,0.0
00505.HK,2008-11-13,0.72,0.78,0.72,0.75,361000.0,0.0
00505.HK,2008-11-14,0.8,0.82,0.71,0.71,440000.0,0.0
00505.HK,2008-11-17,0.71,0.75,0.71,0.75,227000.0,0.0
00505.HK,2008-11-18,0.7,0.74,0.68,0.7,249000.0,0.0
00505.HK,2008-11-19,0.66,0.7,0.66,0.66,230000.0,0.0
00505.HK,2008-11-20,0.63,0.68,0.58,0.68,422000.0,0.0
00505.HK,2008-11-21,0.6,0.72,0.6,0.72,300000.0,0.0
00505.HK,2008-11-24,0.72,0.72,0.71,0.71,11000.0,0.0
00505.HK,2008-11-25,0.71,0.71,0.66,0.66,159000.0,0.0
00505.HK,2008-11-26,0.66,0.72,0.66,0.71,218000.0,0.0
00505.HK,2008-11-27,0.72,0.72,0.66,0.66,502000.0,0.0
00505.HK,2008-11-28,0.68,0.68,0.66,0.67,110000.0,0.0
00505.HK,2008-12-01,0.66,0.72,0.66,0.71,518000.0,0.0
00505.HK,2008-12-02,0.66,0.68,0.66,0.67,174000.0,0.0
00505.HK,2008-12-03,0.67,0.7,0.67,0.69,460000.0,0.0
00505.HK,2008-12-04,0.71,0.72,0.68,0.7,582000.0,0.0
00505.HK,2008-12-05,0.68,0.72,0.67,0.71,332000.0,0.0
00505.HK,2008-12-08,0.7,0.77,0.7,0.77,1120000.0,0.0
00505.HK,2008-12-09,0.78,0.82,0.74,0.77,1827000.0,0.0
00505.HK,2008-12-10,0.76,0.83,0.76,0.82,1664000.0,0.0
00505.HK,2008-12-11,0.85,0.87,0.8,0.83,2395000.0,0.0
00505.HK,2008-12-12,0.79,0.8,0.76,0.76,553000.0,0.0
00505.HK,2008-12-15,0.78,0.81,0.75,0.75,329000.0,0.0
00505.HK,2008-12-16,0.77,0.77,0.73,0.74,319000.0,0.0
00505.HK,2008-12-17,0.75,0.78,0.71,0.78,1495000.0,0.0
00505.HK,2008-12-18,0.74,0.81,0.74,0.8,1863000.0,0.0
00505.HK,2008-12-19,0.8,0.83,0.78,0.78,2142000.0,0.0
00505.HK,2008-12-22,0.77,0.81,0.77,0.78,929000.0,0.0
00505.HK,2008-12-23,0.8,0.8,0.73,0.76,249000.0,0.0
00505.HK,2008-12-24,0.7,0.76,0.7,0.76,463000.0,0.0
00505.HK,2008-12-29,0.73,0.75,0.72,0.75,166000.0,0.0
00505.HK,2008-12-30,0.75,0.75,0.72,0.74,187000.0,0.0
00505.HK,2008-12-31,0.76,0.76,0.75,0.75,133000.0,0.0
00505.HK,2009-01-02,0.75,0.78,0.75,0.77,514000.0,0.0
00505.HK,2009-01-05,0.79,0.82,0.77,0.81,2168600.0,0.0
00505.HK,2009-01-06,0.8,0.81,0.78,0.81,1154000.0,0.0
00505.HK,2009-01-07,0.81,0.83,0.78,0.78,2287000.0,0.0
00505.HK,2009-01-08,0.75,0.75,0.73,0.73,703000.0,0.0
00505.HK,2009-01-09,0.76,0.77,0.74,0.74,297000.0,0.0
00505.HK,2009-01-12,0.76,0.76,0.7,0.7,512000.0,0.0
00505.HK,2009-01-13,0.7,0.72,0.69,0.7,360000.0,0.0
00505.HK,2009-01-14,0.69,0.7,0.69,0.7,99000.0,0.0
00505.HK,2009-01-15,0.68,0.68,0.64,0.67,639000.0,0.0
00505.HK,2009-01-16,0.7,0.7,0.67,0.67,187000.0,0.0
00505.HK,2009-01-19,0.67,0.7,0.67,0.67,183000.0,0.0
00505.HK,2009-01-20,0.67,0.67,0.65,0.66,157000.0,0.0
00505.HK,2009-01-21,0.63,0.66,0.6,0.63,203000.0,0.0
00505.HK,2009-01-22,0.63,0.66,0.63,0.65,78000.0,0.0
00505.HK,2009-01-23,0.65,0.65,0.61,0.65,140000.0,0.0
00505.HK,2009-01-29,0.63,0.64,0.62,0.64,159000.0,0.0
00505.HK,2009-01-30,0.62,0.64,0.62,0.63,481000.0,0.0
00505.HK,2009-02-02,0.62,0.62,0.61,0.62,197000.0,0.0
00505.HK,2009-02-03,0.62,0.63,0.62,0.62,81000.0,0.0
00505.HK,2009-02-04,0.62,0.65,0.62,0.65,664000.0,0.0
00505.HK,2009-02-05,0.64,0.66,0.63,0.63,927000.0,0.0
00505.HK,2009-02-06,0.66,0.67,0.64,0.67,549000.0,0.0
00505.HK,2009-02-09,0.68,0.71,0.66,0.69,1385000.0,0.0
00505.HK,2009-02-10,0.7,0.71,0.67,0.7,970000.0,0.0
00505.HK,2009-02-11,0.64,0.69,0.64,0.67,346000.0,0.0
00505.HK,2009-02-12,0.67,0.67,0.65,0.66,376000.0,0.0
00505.HK,2009-02-13,0.65,0.69,0.65,0.69,678000.0,0.0
00505.HK,2009-02-16,0.66,0.69,0.66,0.69,263000.0,0.0
00505.HK,2009-02-17,0.67,0.68,0.66,0.68,161000.0,0.0
00505.HK,2009-02-18,0.65,0.67,0.65,0.67,370000.0,0.0
00505.HK,2009-02-19,0.66,0.67,0.65,0.67,422000.0,0.0
00505.HK,2009-02-20,0.66,0.66,0.65,0.65,329000.0,0.0
00505.HK,2009-02-23,0.65,0.65,0.62,0.62,289000.0,0.0
00505.HK,2009-02-24,0.62,0.62,0.6,0.62,424000.0,0.0
00505.HK,2009-02-25,0.62,0.63,0.62,0.63,68000.0,0.0
00505.HK,2009-02-26,0.63,0.64,0.61,0.63,212000.0,0.0
00505.HK,2009-02-27,0.61,0.62,0.6,0.61,256000.0,0.0
00505.HK,2009-03-02,0.59,0.6,0.58,0.58,167000.0,0.0
00505.HK,2009-03-03,0.57,0.6,0.55,0.58,100000.0,0.0
00505.HK,2009-03-04,0.55,0.61,0.55,0.61,325000.0,0.0
00505.HK,2009-03-05,0.61,0.61,0.6,0.61,204000.0,0.0
00505.HK,2009-03-06,0.6,0.6,0.6,0.6,68000.0,0.0
00505.HK,2009-03-09,0.57,0.59,0.56,0.57,262000.0,0.0
00505.HK,2009-03-10,0.57,0.59,0.56,0.59,138000.0,0.0
00505.HK,2009-03-11,0.59,0.6,0.59,0.59,278000.0,0.0
00505.HK,2009-03-12,0.6,0.6,0.56,0.57,148000.0,0.0
00505.HK,2009-03-13,0.59,0.6,0.58,0.59,587000.0,0.0
00505.HK,2009-03-16,0.6,0.63,0.6,0.63,383000.0,0.0
00505.HK,2009-03-17,0.63,0.65,0.61,0.65,1295000.0,0.0
00505.HK,2009-03-18,0.65,0.65,0.63,0.64,280000.0,0.0
00505.HK,2009-03-19,0.63,0.66,0.63,0.65,441000.0,0.0
00505.HK,2009-03-20,0.66,0.68,0.63,0.68,1653000.0,0.0
00505.HK,2009-03-23,0.68,0.75,0.68,0.75,3551000.0,0.0
00505.HK,2009-03-24,0.8,0.8,0.73,0.73,2217000.0,0.0
00505.HK,2009-03-25,0.7,0.73,0.69,0.71,1088000.0,0.0
00505.HK,2009-03-26,0.72,0.73,0.7,0.72,1526000.0,0.0
00505.HK,2009-03-27,0.72,0.72,0.71,0.72,1673000.0,0.0
00505.HK,2009-03-30,0.69,0.7,0.64,0.65,1311000.0,0.0
00505.HK,2009-03-31,0.65,0.68,0.65,0.65,578000.0,0.0
00505.HK,2009-04-01,0.65,0.7,0.65,0.66,982000.0,0.0
00505.HK,2009-04-02,0.67,0.7,0.67,0.68,956000.0,0.0
00505.HK,2009-04-03,0.7,0.71,0.67,0.68,982000.0,0.0
00505.HK,2009-04-06,0.68,0.68,0.68,0.68,0.0,0.0
00505.HK,2009-04-07,0.67,0.68,0.67,0.67,593000.0,0.0
00505.HK,2009-04-08,0.66,0.66,0.63,0.65,560000.0,0.0
00505.HK,2009-04-09,0.66,0.7,0.65,0.69,377000.0,0.0
00505.HK,2009-04-14,0.74,0.75,0.69,0.73,3378000.0,0.0
00505.HK,2009-04-15,0.73,0.79,0.71,0.78,3787000.0,0.0
00505.HK,2009-04-16,0.8,0.85,0.76,0.8,6467000.0,0.0
00505.HK,2009-04-17,0.81,0.83,0.73,0.77,3602000.0,0.0
00505.HK,2009-04-20,0.75,0.79,0.75,0.77,853000.0,0.0
00505.HK,2009-04-21,0.73,0.76,0.72,0.76,1212000.0,0.0
00505.HK,2009-04-22,0.78,0.78,0.72,0.72,1271000.0,0.0
00505.HK,2009-04-23,0.7,0.76,0.7,0.75,1886000.0,0.0
00505.HK,2009-04-24,0.75,0.75,0.72,0.73,622000.0,0.0
00505.HK,2009-04-27,0.71,0.71,0.68,0.69,1157000.0,0.0
00505.HK,2009-04-28,0.7,0.7,0.67,0.67,464000.0,0.0
00505.HK,2009-04-29,0.67,0.7,0.67,0.69,620000.0,0.0
00505.HK,2009-04-30,0.71,0.74,0.69,0.7,1381000.0,0.0
00505.HK,2009-05-04,0.71,0.76,0.7,0.75,1543000.0,0.0
00505.HK,2009-05-05,0.77,0.78,0.73,0.76,1492000.0,0.0
00505.HK,2009-05-06,0.72,0.82,0.72,0.8,4946000.0,0.0
00505.HK,2009-05-07,0.82,0.83,0.78,0.82,4079000.0,0.0
00505.HK,2009-05-08,0.8,0.82,0.8,0.81,2500000.0,0.0
00505.HK,2009-05-11,0.83,0.85,0.81,0.82,5197000.0,0.0
00505.HK,2009-05-12,0.81,0.81,0.78,0.8,1205000.0,0.0
00505.HK,2009-05-13,0.81,0.83,0.79,0.8,1073000.0,0.0
00505.HK,2009-05-14,0.77,0.79,0.77,0.79,1047000.0,0.0
00505.HK,2009-05-15,0.79,0.81,0.79,0.81,673000.0,0.0
00505.HK,2009-05-18,0.81,0.86,0.8,0.86,6446000.0,0.0
00505.HK,2009-05-19,0.88,0.94,0.85,0.89,10697000.0,0.0
00505.HK,2009-05-20,0.91,0.96,0.91,0.92,5698000.0,0.0
00505.HK,2009-05-21,0.94,0.95,0.88,0.9,4848000.0,0.0
00505.HK,2009-05-22,0.86,0.92,0.8,0.82,11778000.0,0.0
00505.HK,2009-05-25,0.83,0.86,0.8,0.85,4794000.0,0.0
00505.HK,2009-05-26,0.85,0.87,0.83,0.85,2701000.0,0.0
00505.HK,2009-05-27,0.87,0.9,0.86,0.86,3235000.0,0.0
00505.HK,2009-05-29,0.88,0.92,0.87,0.9,4778000.0,0.0
00505.HK,2009-06-01,0.93,0.99,0.9,0.95,18085000.0,0.0
00505.HK,2009-06-02,1.0,1.38,0.96,1.29,81426000.0,0.0
00505.HK,2009-06-03,1.35,1.62,1.32,1.5,80117000.0,0.0
00505.HK,2009-06-04,1.44,1.54,1.37,1.45,30965000.0,0.0
00505.HK,2009-06-05,1.55,1.56,1.44,1.51,22224000.0,0.0
00505.HK,2009-06-08,1.5,1.52,1.42,1.42,15995000.0,0.0
00505.HK,2009-06-09,1.42,1.45,1.24,1.33,11540000.0,0.0
00505.HK,2009-06-10,1.37,1.37,1.3,1.35,5699000.0,0.0
00505.HK,2009-06-11,1.35,1.36,1.3,1.31,4990000.0,0.0
00505.HK,2009-06-12,1.34,1.34,1.24,1.28,7293000.0,0.0
00505.HK,2009-06-15,1.28,1.3,1.23,1.25,5007000.0,0.0
00505.HK,2009-06-16,1.23,1.23,1.16,1.22,3859000.0,0.0
00505.HK,2009-06-17,1.2,1.35,1.17,1.31,4560000.0,0.0
00505.HK,2009-06-18,1.32,1.32,1.25,1.26,1492000.0,0.0
00505.HK,2009-06-19,1.27,1.27,1.2,1.22,2031000.0,0.0
00505.HK,2009-06-22,1.23,1.28,1.21,1.22,2618000.0,0.0
00505.HK,2009-06-23,1.18,1.2,1.15,1.16,2273000.0,0.0
00505.HK,2009-06-24,1.17,1.25,1.16,1.21,1430000.0,0.0
00505.HK,2009-06-25,1.21,1.22,1.19,1.2,999000.0,0.0
00505.HK,2009-06-26,1.25,1.26,1.2,1.21,1601000.0,0.0
00505.HK,2009-06-29,1.26,1.27,1.19,1.19,1024000.0,0.0
00505.HK,2009-06-30,1.21,1.21,1.16,1.17,1710000.0,0.0
00505.HK,2009-07-02,1.2,1.22,1.15,1.15,2608000.0,0.0
00505.HK,2009-07-03,1.15,1.17,1.15,1.16,1303000.0,0.0
00505.HK,2009-07-06,1.15,1.17,1.14,1.16,1081000.0,0.0
00505.HK,2009-07-07,1.16,1.16,1.14,1.15,1583000.0,0.0
00505.HK,2009-07-08,1.15,1.15,1.06,1.1,1631000.0,0.0
00505.HK,2009-07-09,1.1,1.16,1.06,1.16,1144000.0,0.0
00505.HK,2009-07-10,1.16,1.16,1.13,1.13,725000.0,0.0
00505.HK,2009-07-13,1.11,1.13,1.07,1.09,700000.0,0.0
00505.HK,2009-07-14,1.1,1.13,1.08,1.11,507000.0,0.0
00505.HK,2009-07-15,1.11,1.25,1.11,1.2,4382000.0,0.0
00505.HK,2009-07-16,1.26,1.31,1.17,1.18,6502000.0,0.0
00505.HK,2009-07-17,1.2,1.24,1.18,1.2,1653000.0,0.0
00505.HK,2009-07-20,1.21,1.24,1.2,1.22,2948000.0,0.0
00505.HK,2009-07-21,1.25,1.25,1.21,1.24,2932000.0,0.0
00505.HK,2009-07-22,1.24,1.26,1.21,1.22,2636000.0,0.0
00505.HK,2009-07-23,1.23,1.25,1.21,1.22,2080000.0,0.0
00505.HK,2009-07-24,1.22,1.26,1.2,1.26,4020000.0,0.0
00505.HK,2009-07-27,1.29,1.36,1.28,1.34,14735000.0,0.0
00505.HK,2009-07-28,1.37,1.51,1.34,1.46,17942000.0,0.0
00505.HK,2009-07-29,1.45,1.45,1.27,1.32,19512000.0,0.0
00505.HK,2009-07-30,1.32,1.38,1.32,1.33,5761000.0,0.0
00505.HK,2009-07-31,1.38,1.43,1.35,1.38,8994000.0,0.0
00505.HK,2009-08-03,1.4,1.53,1.4,1.46,17411000.0,0.0
00505.HK,2009-08-04,1.52,1.54,1.38,1.43,7942000.0,0.0
00505.HK,2009-08-05,1.45,1.47,1.35,1.39,4399000.0,0.0
00505.HK,2009-08-06,1.37,1.38,1.32,1.37,2950000.0,0.0
00505.HK,2009-08-07,1.36,1.37,1.3,1.32,3449000.0,0.0
00505.HK,2009-08-10,1.35,1.39,1.33,1.36,1683000.0,0.0
00505.HK,2009-08-11,1.35,1.35,1.3,1.33,2984000.0,0.0
00505.HK,2009-08-12,1.31,1.35,1.28,1.3,1940000.0,0.0
00505.HK,2009-08-13,1.34,1.34,1.28,1.31,2080000.0,0.0
00505.HK,2009-08-14,1.32,1.32,1.23,1.28,2056000.0,0.0
00505.HK,2009-08-17,1.26,1.27,1.22,1.22,2768000.0,0.0
00505.HK,2009-08-18,1.22,1.25,1.17,1.23,2271000.0,0.0
00505.HK,2009-08-19,1.24,1.24,1.19,1.2,743000.0,0.0
00505.HK,2009-08-20,1.21,1.24,1.2,1.21,1873000.0,0.0
00505.HK,2009-08-21,1.21,1.21,1.19,1.2,641000.0,0.0
00505.HK,2009-08-24,1.26,1.26,1.21,1.25,633000.0,0.0
00505.HK,2009-08-25,1.25,1.25,1.2,1.22,283000.0,0.0
00505.HK,2009-08-26,1.22,1.25,1.2,1.23,306000.0,0.0
00505.HK,2009-08-27,1.21,1.23,1.19,1.2,761000.0,0.0
00505.HK,2009-08-28,1.2,1.2,1.16,1.17,727000.0,0.0
00505.HK,2009-08-31,1.18,1.18,1.08,1.11,1342000.0,0.0
00505.HK,2009-09-01,1.15,1.15,1.1,1.13,438000.0,0.0
00505.HK,2009-09-02,1.1,1.13,1.1,1.1,278000.0,0.0
00505.HK,2009-09-03,1.1,1.18,1.1,1.16,1086000.0,0.0
00505.HK,2009-09-04,1.16,1.22,1.16,1.21,1255000.0,0.0
00505.HK,2009-09-07,1.23,1.24,1.2,1.23,655000.0,0.0
00505.HK,2009-09-08,1.23,1.23,1.19,1.23,917000.0,0.0
00505.HK,2009-09-09,1.21,1.24,1.21,1.23,751000.0,0.0
00505.HK,2009-09-10,1.24,1.28,1.21,1.21,1658500.0,0.0
00505.HK,2009-09-11,1.22,1.23,1.19,1.2,654000.0,0.0
00505.HK,2009-09-14,1.2,1.21,1.17,1.17,614000.0,0.0
00505.HK,2009-09-15,1.17,1.19,1.17,1.18,149000.0,0.0
00505.HK,2009-09-16,1.17,1.2,1.17,1.2,578000.0,0.0
00505.HK,2009-09-17,1.21,1.24,1.18,1.18,968000.0,0.0
00505.HK,2009-09-18,1.18,1.2,1.17,1.18,547000.0,0.0
00505.HK,2009-09-21,1.26,1.32,1.2,1.22,2962000.0,0.0
00505.HK,2009-09-22,1.22,1.22,1.19,1.2,791000.0,0.0
00505.HK,2009-09-23,1.21,1.21,1.16,1.18,1277000.0,0.0
00505.HK,2009-09-24,1.16,1.16,1.13,1.14,1407000.0,0.0
00505.HK,2009-09-25,1.15,1.17,1.13,1.17,508000.0,0.0
00505.HK,2009-09-28,1.17,1.2,1.13,1.14,660000.0,0.0
00505.HK,2009-09-29,1.17,1.17,1.13,1.15,1027000.0,0.0
00505.HK,2009-09-30,1.14,1.16,1.13,1.16,923000.0,0.0
00505.HK,2009-10-02,1.12,1.13,1.08,1.12,567000.0,0.0
00505.HK,2009-10-05,1.09,1.15,1.09,1.11,204000.0,0.0
00505.HK,2009-10-06,1.12,1.14,1.08,1.12,284000.0,0.0
00505.HK,2009-10-07,1.15,1.16,1.13,1.13,454000.0,0.0
00505.HK,2009-10-08,1.17,1.17,1.13,1.14,301000.0,0.0
00505.HK,2009-10-09,1.17,1.17,1.14,1.14,579000.0,0.0
00505.HK,2009-10-12,1.14,1.15,1.13,1.13,297000.0,0.0
00505.HK,2009-10-13,1.13,1.19,1.1,1.17,1421000.0,0.0
00505.HK,2009-10-14,1.17,1.18,1.16,1.16,324000.0,0.0
00505.HK,2009-10-15,1.19,1.2,1.16,1.18,1236000.0,0.0
00505.HK,2009-10-16,1.18,1.2,1.16,1.17,853000.0,0.0
00505.HK,2009-10-19,1.15,1.16,1.12,1.15,638000.0,0.0
00505.HK,2009-10-20,1.14,1.18,1.13,1.15,1288000.0,0.0
00505.HK,2009-10-21,1.16,1.16,1.13,1.15,644000.0,0.0
00505.HK,2009-10-22,1.16,1.16,1.13,1.16,566000.0,0.0
00505.HK,2009-10-23,1.19,1.19,1.14,1.14,739000.0,0.0
00505.HK,2009-10-27,1.13,1.14,1.12,1.12,693000.0,0.0
00505.HK,2009-10-28,1.12,1.15,1.12,1.15,608000.0,0.0
00505.HK,2009-10-29,1.12,1.12,1.08,1.1,906000.0,0.0
00505.HK,2009-10-30,1.12,1.13,1.11,1.13,500000.0,0.0
00505.HK,2009-11-02,1.1,1.14,1.09,1.12,595000.0,0.0
00505.HK,2009-11-03,1.12,1.12,1.1,1.12,666000.0,0.0
00505.HK,2009-11-04,1.12,1.15,1.12,1.12,313000.0,0.0
00505.HK,2009-11-05,1.11,1.13,1.1,1.13,582000.0,0.0
00505.HK,2009-11-06,1.14,1.14,1.11,1.13,629000.0,0.0
00505.HK,2009-11-09,1.11,1.14,1.11,1.13,937000.0,0.0
00505.HK,2009-11-10,1.15,1.16,1.14,1.15,1681000.0,0.0
00505.HK,2009-11-11,1.17,1.17,1.12,1.13,758000.0,0.0
00505.HK,2009-11-12,1.13,1.15,1.12,1.15,589000.0,0.0
00505.HK,2009-11-13,1.15,1.2,1.13,1.2,3333000.0,0.0
00505.HK,2009-11-16,1.21,1.31,1.21,1.26,5973000.0,0.0
00505.HK,2009-11-17,1.29,1.3,1.18,1.21,2011000.0,0.0
00505.HK,2009-11-18,1.2,1.21,1.18,1.19,1409000.0,0.0
00505.HK,2009-11-19,1.2,1.23,1.16,1.19,1065000.0,0.0
00505.HK,2009-11-20,1.16,1.19,1.16,1.17,425000.0,0.0
00505.HK,2009-11-23,1.17,1.2,1.16,1.18,1718000.0,0.0
00505.HK,2009-11-24,1.18,1.18,1.15,1.15,1197000.0,0.0
00505.HK,2009-11-25,1.15,1.18,1.14,1.17,1790000.0,0.0
00505.HK,2009-11-26,1.21,1.25,1.18,1.2,3984000.0,0.0
00505.HK,2009-11-27,1.19,1.19,1.13,1.13,1965000.0,0.0
00505.HK,2009-11-30,1.15,1.17,1.14,1.16,1245000.0,0.0
00505.HK,2009-12-01,1.15,1.16,1.14,1.15,571000.0,0.0
00505.HK,2009-12-02,1.18,1.19,1.16,1.18,1175000.0,0.0
00505.HK,2009-12-03,1.18,1.19,1.16,1.18,1861000.0,0.0
00505.HK,2009-12-04,1.17,1.18,1.15,1.18,1216000.0,0.0
00505.HK,2009-12-07,1.18,1.18,1.15,1.17,1222000.0,0.0
00505.HK,2009-12-08,1.15,1.16,1.14,1.15,925000.0,0.0
00505.HK,2009-12-09,1.15,1.16,1.13,1.13,777000.0,0.0
00505.HK,2009-12-10,1.13,1.15,1.11,1.11,837000.0,0.0
00505.HK,2009-12-11,1.12,1.14,1.12,1.13,248000.0,0.0
00505.HK,2009-12-14,1.11,1.13,1.1,1.13,347000.0,0.0
00505.HK,2009-12-15,1.13,1.13,1.12,1.12,415000.0,0.0
00505.HK,2009-12-16,1.11,1.12,1.05,1.07,1320000.0,0.0
00505.HK,2009-12-17,1.1,1.1,1.06,1.06,1063000.0,0.0
00505.HK,2009-12-18,1.05,1.05,1.01,1.02,644000.0,0.0
00505.HK,2009-12-21,1.02,1.05,1.02,1.03,291000.0,0.0
00505.HK,2009-12-22,1.03,1.04,1.02,1.04,379000.0,0.0
00505.HK,2009-12-23,1.04,1.04,1.01,1.02,543000.0,0.0
00505.HK,2009-12-24,1.04,1.08,1.03,1.06,128000.0,0.0
00505.HK,2009-12-28,1.06,1.11,1.04,1.09,1517000.0,0.0
00505.HK,2009-12-29,1.12,1.13,1.06,1.06,361800.0,0.0
00505.HK,2009-12-30,1.06,1.09,1.06,1.07,234000.0,0.0
00505.HK,2009-12-31,1.06,1.1,1.06,1.08,312000.0,0.0
00505.HK,2010-11-17,2.11,2.12,2.04,2.06,5898000.0,0.0
00505.HK,2010-11-18,2.09,2.17,2.08,2.17,5392000.0,0.0
00505.HK,2010-11-19,2.19,2.2,2.13,2.18,4180000.0,0.0
00505.HK,2010-11-22,2.19,2.26,2.18,2.25,5767000.0,0.0
00505.HK,2010-11-23,2.25,2.25,2.16,2.17,2117000.0,0.0
00505.HK,2010-11-24,2.19,2.23,2.15,2.17,4172000.0,0.0
00505.HK,2010-11-25,2.2,2.23,2.18,2.2,2900000.0,0.0
00505.HK,2010-11-26,2.2,2.2,2.15,2.17,2192000.0,0.0
00505.HK,2010-11-29,2.15,2.17,2.11,2.15,2040000.0,0.0
00505.HK,2010-11-30,2.15,2.15,2.11,2.14,2153000.0,0.0
00505.HK,2010-12-01,2.14,2.18,2.14,2.17,1200000.0,0.0
00505.HK,2010-12-02,2.24,2.24,2.16,2.17,1577000.0,0.0
00505.HK,2010-12-03,2.19,2.19,2.15,2.16,1715000.0,0.0
00505.HK,2010-12-06,2.16,2.19,2.15,2.16,2068000.0,0.0
00505.HK,2010-12-07,2.13,2.18,2.13,2.18,1309259.0,0.0
00505.HK,2010-12-08,2.18,2.18,2.1,2.13,1873000.0,0.0
00505.HK,2010-12-09,2.13,2.16,2.13,2.15,2157000.0,0.0
00505.HK,2010-12-10,2.13,2.15,2.11,2.13,1834000.0,0.0
00505.HK,2010-12-13,2.13,2.2,2.13,2.18,4018000.0,0.0
00505.HK,2010-12-14,2.2,2.31,2.2,2.27,5827000.0,0.0
00505.HK,2010-12-15,2.27,2.28,2.2,2.2,2595000.0,0.0
00505.HK,2010-12-16,2.2,2.2,2.14,2.16,3227000.0,0.0
00505.HK,2010-12-17,2.18,2.18,2.14,2.17,1992000.0,0.0
00505.HK,2010-12-20,2.17,2.17,2.08,2.12,3027514.0,0.0
00505.HK,2010-12-21,2.11,2.13,2.08,2.12,2226000.0,0.0
00505.HK,2010-12-22,2.14,2.15,2.11,2.13,813000.0,0.0
00505.HK,2010-12-23,2.12,2.12,2.09,2.12,855000.0,0.0
00505.HK,2010-12-24,2.12,2.13,2.1,2.13,207000.0,0.0
00505.HK,2010-12-28,2.15,2.17,2.12,2.13,2594000.0,0.0
00505.HK,2010-12-29,2.15,2.16,2.14,2.16,972000.0,0.0
00505.HK,2010-12-30,2.17,2.17,2.12,2.15,1155000.0,0.0
00505.HK,2010-12-31,2.15,2.17,2.14,2.15,533000.0,0.0
00505.HK,2011-01-03,2.17,2.25,2.17,2.23,3043000.0,0.0
00505.HK,2011-01-04,2.23,2.3,2.21,2.25,5577000.0,0.0
00505.HK,2011-01-05,2.25,2.25,2.19,2.22,2262000.0,0.0
00505.HK,2011-01-06,2.2,2.21,2.18,2.19,2224000.0,0.0
00505.HK,2011-01-07,2.18,2.21,2.17,2.17,1378000.0,0.0
00505.HK,2011-01-10,2.21,2.21,2.13,2.14,2581000.0,0.0
00505.HK,2011-01-11,2.14,2.19,2.14,2.17,1530000.0,0.0
00505.HK,2011-01-12,2.17,2.22,2.17,2.19,1743000.0,0.0
00505.HK,2011-01-13,2.2,2.2,2.13,2.14,2029000.0,0.0
00505.HK,2011-01-14,2.14,2.16,2.12,2.14,2099000.0,0.0
00505.HK,2011-01-17,2.14,2.14,2.09,2.11,1802000.0,0.0
00505.HK,2011-01-18,2.11,2.12,2.1,2.11,1159000.0,0.0
00505.HK,2011-01-19,2.12,2.14,2.11,2.11,1192500.0,0.0
00505.HK,2011-01-20,2.1,2.1,2.06,2.07,2642000.0,0.0
00505.HK,2011-01-21,2.07,2.15,2.07,2.07,1476000.0,0.0
00505.HK,2011-01-24,2.07,2.07,2.01,2.03,1374000.0,0.0
00505.HK,2011-01-25,2.04,2.06,2.03,2.03,800000.0,0.0
00505.HK,2011-01-26,2.03,2.04,2.01,2.03,856000.0,0.0
00505.HK,2011-01-27,2.03,2.06,2.01,2.04,719000.0,0.0
00505.HK,2011-01-28,2.03,2.05,1.98,2.0,2639000.0,0.0
00505.HK,2011-01-31,1.98,1.98,1.9,1.94,3368000.0,0.0
00505.HK,2011-02-01,1.95,1.96,1.93,1.96,953000.0,0.0
00505.HK,2011-02-02,1.97,2.04,1.97,2.03,1030000.0,0.0
00505.HK,2011-02-07,2.03,2.07,2.0,2.01,1013000.0,0.0
00505.HK,2011-02-08,1.69,1.75,1.6,1.61,23301100.0,0.0
00505.HK,2011-02-09,1.61,1.65,1.6,1.6,6703000.0,0.0
00505.HK,2011-02-10,1.6,1.6,1.51,1.53,7054000.0,0.0
00505.HK,2011-02-11,1.53,1.55,1.45,1.5,4386000.0,0.0
00505.HK,2011-02-14,1.6,1.62,1.55,1.58,3380000.0,0.0
00505.HK,2011-02-15,1.6,1.61,1.56,1.56,2589000.0,0.0
00505.HK,2011-02-16,1.54,1.54,1.5,1.53,1888000.0,0.0
00505.HK,2011-02-17,1.52,1.58,1.52,1.58,990000.0,0.0
00505.HK,2011-02-18,1.58,1.59,1.54,1.57,980000.0,0.0
00505.HK,2011-02-21,1.57,1.6,1.55,1.57,1394000.0,0.0
00505.HK,2011-02-22,1.55,1.55,1.51,1.51,1902000.0,0.0
00505.HK,2011-02-23,1.5,1.51,1.45,1.47,1724000.0,0.0
00505.HK,2011-02-24,1.47,1.48,1.43,1.43,1616000.0,0.0
00505.HK,2011-02-25,1.49,1.49,1.43,1.47,558000.0,0.0
00505.HK,2011-02-28,1.48,1.48,1.42,1.45,929000.0,0.0
00505.HK,2011-03-01,1.46,1.49,1.46,1.47,560000.0,0.0
00505.HK,2011-03-02,1.46,1.5,1.45,1.5,535000.0,0.0
00505.HK,2011-03-03,1.5,1.57,1.5,1.57,2369000.0,0.0
00505.HK,2011-03-04,1.6,1.6,1.53,1.55,779000.0,0.0
00505.HK,2011-03-07,1.55,1.58,1.52,1.58,976000.0,0.0
00505.HK,2011-03-08,1.59,1.59,1.54,1.55,727000.0,0.0
00505.HK,2011-03-09,1.58,1.58,1.5,1.54,1496000.0,0.0
00505.HK,2011-03-10,1.53,1.55,1.52,1.53,1019000.0,0.0
00505.HK,2011-03-11,1.51,1.55,1.49,1.51,903000.0,0.0
00505.HK,2011-03-14,1.5,1.58,1.5,1.56,2307000.0,0.0
00505.HK,2011-03-15,1.56,1.58,1.5,1.52,2674000.0,0.0
00505.HK,2011-03-16,1.52,1.55,1.52,1.55,1208000.0,0.0
00505.HK,2011-03-17,1.52,1.53,1.48,1.53,1384000.0,0.0
00505.HK,2011-03-18,1.52,1.56,1.49,1.56,1481000.0,0.0
00505.HK,2011-03-21,1.58,1.6,1.54,1.56,1373000.0,0.0
00505.HK,2011-03-22,1.56,1.58,1.55,1.57,1220000.0,0.0
00505.HK,2011-03-23,1.57,1.57,1.55,1.56,316000.0,0.0
00505.HK,2011-03-24,1.56,1.58,1.55,1.57,1691000.0,0.0
00505.HK,2011-03-25,1.6,1.6,1.56,1.58,1058000.0,0.0
00505.HK,2011-03-28,1.58,1.58,1.55,1.55,602000.0,0.0
00505.HK,2011-03-29,1.56,1.56,1.51,1.54,516000.0,0.0
00505.HK,2011-03-30,1.56,1.57,1.53,1.55,442000.0,0.0
00505.HK,2011-03-31,1.55,1.55,1.5,1.53,1674000.0,0.0
00505.HK,2011-04-01,1.5,1.53,1.48,1.5,1600000.0,0.0
00505.HK,2011-04-04,1.5,1.56,1.5,1.56,1614000.0,0.0
00505.HK,2011-04-06,1.56,1.58,1.53,1.56,695000.0,0.0
00505.HK,2011-04-07,1.56,1.6,1.55,1.58,1651000.0,0.0
00505.HK,2011-04-08,1.6,1.69,1.58,1.69,6482000.0,0.0
00505.HK,2011-04-11,1.69,1.69,1.63,1.68,2466000.0,0.0
00505.HK,2011-04-12,1.66,1.66,1.62,1.63,1229000.0,0.0
00505.HK,2011-04-13,1.63,1.66,1.62,1.65,1067000.0,0.0
00505.HK,2011-04-14,1.63,1.67,1.63,1.65,1287000.0,0.0
00505.HK,2011-04-15,1.68,1.68,1.63,1.65,1138000.0,0.0
00505.HK,2011-04-18,1.63,1.65,1.63,1.65,632000.0,0.0
00505.HK,2011-04-19,1.62,1.65,1.61,1.63,993000.0,0.0
00505.HK,2011-04-20,1.63,1.64,1.62,1.64,893000.0,0.0
00505.HK,2011-04-21,1.64,1.71,1.64,1.69,3095000.0,0.0
00505.HK,2011-04-26,1.69,1.7,1.65,1.67,1205500.0,0.0
00505.HK,2011-04-27,1.69,1.7,1.65,1.65,1289000.0,0.0
00505.HK,2011-04-28,1.66,1.66,1.62,1.62,463000.0,0.0
00505.HK,2011-04-29,1.63,1.64,1.6,1.61,667000.0,0.0
00505.HK,2011-05-03,1.61,1.64,1.6,1.61,672000.0,0.0
00505.HK,2011-05-04,1.61,1.62,1.59,1.61,961000.0,0.0
00505.HK,2011-05-05,1.57,1.58,1.55,1.56,678000.0,0.0
00505.HK,2011-05-06,1.52,1.57,1.52,1.53,601000.0,0.0
00505.HK,2011-05-09,1.53,1.54,1.5,1.52,687000.0,0.0
00505.HK,2011-05-11,1.51,1.58,1.5,1.53,483000.0,0.0
00505.HK,2011-05-12,1.53,1.54,1.5,1.5,1132000.0,0.0
00505.HK,2011-05-13,1.52,1.54,1.51,1.52,280000.0,0.0
00505.HK,2011-05-16,1.52,1.52,1.5,1.51,454000.0,0.0
00505.HK,2011-05-17,1.51,1.52,1.5,1.51,320000.0,0.0
00505.HK,2011-05-18,1.51,1.53,1.51,1.52,170000.0,0.0
00505.HK,2011-05-19,1.54,1.56,1.52,1.52,275000.0,0.0
00505.HK,2011-05-20,1.52,1.52,1.45,1.46,467000.0,0.0
00505.HK,2011-05-23,1.48,1.51,1.47,1.47,524000.0,0.0
00505.HK,2011-05-24,1.5,1.5,1.47,1.48,227000.0,0.0
00505.HK,2011-05-25,1.47,1.48,1.45,1.48,599000.0,0.0
00505.HK,2011-05-26,1.48,1.48,1.46,1.46,379000.0,0.0
00505.HK,2011-05-27,1.49,1.5,1.45,1.47,1009000.0,0.0
00505.HK,2011-05-30,1.47,1.5,1.47,1.48,229000.0,0.0
00505.HK,2011-05-31,1.5,1.5,1.49,1.49,147000.0,0.0
00505.HK,2011-06-01,1.49,1.49,1.49,1.49,262000.0,0.0
00505.HK,2011-06-02,1.49,1.49,1.46,1.47,364000.0,0.0
00505.HK,2011-06-03,1.47,1.47,1.45,1.46,638000.0,0.0
00505.HK,2011-06-07,1.43,1.46,1.41,1.44,122000.0,0.0
00505.HK,2011-06-08,1.46,1.46,1.44,1.44,235000.0,0.0
00505.HK,2011-06-09,1.42,1.42,1.38,1.39,739100.0,0.0
00505.HK,2011-06-10,1.39,1.44,1.39,1.4,153000.0,0.0
00505.HK,2011-06-13,1.4,1.4,1.35,1.37,311000.0,0.0
00505.HK,2011-06-14,1.4,1.4,1.37,1.38,234000.0,0.0
00505.HK,2011-06-15,1.38,1.38,1.38,1.38,106000.0,0.0
00505.HK,2011-06-16,1.38,1.38,1.3,1.31,890000.0,0.0
00505.HK,2011-06-17,1.36,1.37,1.33,1.36,334000.0,0.0
00505.HK,2011-06-20,1.38,1.38,1.32,1.32,379000.0,0.0
00505.HK,2011-06-21,1.34,1.38,1.34,1.36,1392000.0,0.0
00505.HK,2011-06-22,1.36,1.44,1.36,1.44,1120000.0,0.0
00505.HK,2011-06-23,1.44,1.44,1.41,1.43,568000.0,0.0
00505.HK,2011-06-24,1.41,1.51,1.41,1.51,544000.0,0.0
00505.HK,2011-06-27,1.51,1.59,1.5,1.59,1585000.0,0.0
00505.HK,2011-06-28,1.59,1.59,1.54,1.55,571000.0,0.0
00505.HK,2011-06-29,1.58,1.58,1.54,1.54,594000.0,0.0
00505.HK,2011-06-30,1.54,1.56,1.52,1.56,1026000.0,0.0
00505.HK,2011-07-04,1.61,1.67,1.61,1.66,3338000.0,0.0
00505.HK,2011-07-05,1.65,1.65,1.58,1.6,1349000.0,0.0
00505.HK,2011-07-06,1.62,1.65,1.6,1.61,1397000.0,0.0
00505.HK,2011-07-07,1.6,1.62,1.6,1.61,413000.0,0.0
00505.HK,2011-07-08,1.62,1.63,1.61,1.63,574000.0,0.0
00505.HK,2011-07-11,1.6,1.61,1.58,1.59,256000.0,0.0
00505.HK,2011-07-12,1.55,1.55,1.49,1.53,456000.0,0.0
00505.HK,2011-07-13,1.52,1.54,1.52,1.54,151000.0,0.0
00505.HK,2011-07-14,1.53,1.55,1.52,1.53,166000.0,0.0
00505.HK,2011-07-15,1.55,1.58,1.53,1.55,245000.0,0.0
00505.HK,2011-07-18,1.59,1.59,1.56,1.56,219000.0,0.0
00505.HK,2011-07-19,1.56,1.59,1.55,1.56,712000.0,0.0
00505.HK,2011-07-20,1.6,1.6,1.56,1.57,334000.0,0.0
00505.HK,2011-07-21,1.58,1.61,1.57,1.61,801000.0,0.0
00505.HK,2011-07-22,1.65,1.65,1.62,1.63,482000.0,0.0
00505.HK,2011-07-25,1.65,1.65,1.62,1.62,537000.0,0.0
00505.HK,2011-07-26,1.62,1.65,1.62,1.64,734000.0,0.0
00505.HK,2011-07-27,1.62,1.64,1.6,1.61,879000.0,0.0
00505.HK,2011-07-28,1.6,1.6,1.56,1.6,709000.0,0.0
00505.HK,2011-07-29,1.6,1.6,1.57,1.57,509000.0,0.0
00505.HK,2011-08-01,1.6,1.62,1.59,1.59,313000.0,0.0
00505.HK,2011-08-02,1.61,1.61,1.58,1.58,315000.0,0.0
00505.HK,2011-08-03,1.58,1.59,1.56,1.58,477000.0,0.0
00505.HK,2011-08-04,1.58,1.58,1.56,1.56,279000.0,0.0
00505.HK,2011-08-05,1.48,1.5,1.43,1.5,673000.0,0.0
00505.HK,2011-08-08,1.43,1.45,1.31,1.36,1770000.0,0.0
00505.HK,2011-08-09,1.31,1.33,1.06,1.33,1365000.0,0.0
00505.HK,2011-08-10,1.36,1.39,1.32,1.32,1340000.0,0.0
00505.HK,2011-08-11,1.22,1.3,1.15,1.3,1467000.0,0.0
00505.HK,2011-08-12,1.36,1.36,1.27,1.27,601000.0,0.0
00505.HK,2011-08-15,1.28,1.35,1.26,1.29,566000.0,0.0
00505.HK,2011-08-16,1.34,1.4,1.34,1.36,730000.0,0.0
00505.HK,2011-08-17,1.34,1.4,1.34,1.4,187000.0,0.0
00505.HK,2011-08-18,1.4,1.48,1.4,1.45,1008000.0,0.0
00505.HK,2011-08-19,1.45,1.45,1.4,1.44,1173000.0,0.0
00505.HK,2011-08-22,1.49,1.49,1.35,1.37,640000.0,0.0
00505.HK,2011-08-23,1.38,1.4,1.3,1.4,421000.0,0.0
00505.HK,2011-08-24,1.42,1.42,1.4,1.4,552000.0,0.0
00505.HK,2011-08-25,1.45,1.45,1.39,1.43,278000.0,0.0
00505.HK,2011-08-26,1.41,1.41,1.36,1.37,859000.0,0.0
00505.HK,2011-08-29,1.4,1.42,1.37,1.4,533000.0,0.0
00505.HK,2011-08-30,1.38,1.42,1.38,1.42,295000.0,0.0
00505.HK,2011-08-31,1.4,1.46,1.38,1.46,1085000.0,0.0
00505.HK,2011-09-01,1.46,1.49,1.45,1.46,754000.0,0.0
00505.HK,2011-09-02,1.48,1.48,1.4,1.44,801000.0,0.0
00505.HK,2011-09-05,1.31,1.39,1.31,1.33,428000.0,0.0
00505.HK,2011-09-06,1.32,1.35,1.3,1.33,559000.0,0.0
00505.HK,2011-09-07,1.34,1.34,1.31,1.32,98000.0,0.0
00505.HK,2011-09-08,1.33,1.34,1.33,1.33,211000.0,0.0
00505.HK,2011-09-09,1.33,1.35,1.33,1.33,83000.0,0.0
00505.HK,2011-09-12,1.28,1.33,1.28,1.29,322000.0,0.0
00505.HK,2011-09-14,1.3,1.32,1.3,1.3,1052000.0,0.0
00505.HK,2011-09-15,1.28,1.32,1.22,1.23,426000.0,0.0
00505.HK,2011-09-16,1.23,1.25,1.23,1.25,175000.0,0.0
00505.HK,2011-09-19,1.21,1.24,1.2,1.23,722000.0,0.0
00505.HK,2011-09-20,1.2,1.21,1.15,1.21,564000.0,0.0
00505.HK,2011-09-21,1.18,1.21,1.15,1.18,329000.0,0.0
00505.HK,2011-09-22,1.14,1.14,1.06,1.07,627000.0,0.0
00505.HK,2011-09-23,1.0,1.04,0.96,1.02,872000.0,0.0
00505.HK,2011-09-26,1.05,1.05,0.93,0.96,531000.0,0.0
00505.HK,2011-09-27,1.0,1.04,1.0,1.03,406000.0,0.0
00505.HK,2011-09-28,1.05,1.05,1.0,1.0,359000.0,0.0
00505.HK,2011-09-30,1.03,1.03,1.0,1.0,325000.0,0.0
00505.HK,2011-10-03,0.96,0.96,0.91,0.92,262000.0,0.0
00505.HK,2011-10-04,0.89,0.99,0.88,0.89,748000.0,0.0
00505.HK,2011-10-06,0.96,0.98,0.91,0.92,266000.0,0.0
00505.HK,2011-10-07,0.94,0.99,0.92,0.98,537000.0,0.0
00505.HK,2011-10-10,0.96,0.97,0.92,0.94,449000.0,0.0
00505.HK,2011-10-11,0.97,1.01,0.97,1.01,789000.0,0.0
00505.HK,2011-10-12,1.01,1.09,1.0,1.08,854000.0,0.0
00505.HK,2011-10-13,1.08,1.14,1.08,1.12,817000.0,0.0
00505.HK,2011-10-14,1.12,1.12,1.05,1.06,462000.0,0.0
00505.HK,2011-10-17,1.1,1.13,1.09,1.1,329000.0,0.0
00505.HK,2011-10-18,1.05,1.07,1.01,1.03,681000.0,0.0
00505.HK,2011-10-19,1.04,1.08,1.04,1.06,591000.0,0.0
00505.HK,2011-10-20,1.03,1.05,1.02,1.02,222000.0,0.0
00505.HK,2011-10-21,1.02,1.03,1.02,1.03,227000.0,0.0
00505.HK,2011-10-24,1.08,1.08,1.06,1.07,508000.0,0.0
00505.HK,2011-10-25,1.06,1.06,1.03,1.06,630000.0,0.0
00505.HK,2011-10-26,1.03,1.09,1.03,1.06,631000.0,0.0
00505.HK,2011-10-27,1.06,1.12,1.06,1.12,2227000.0,0.0
00505.HK,2011-10-28,1.18,1.18,1.12,1.14,1543000.0,0.0
00505.HK,2011-10-31,1.15,1.15,1.1,1.12,454000.0,0.0
00505.HK,2011-11-01,1.1,1.1,1.06,1.06,806000.0,0.0
00505.HK,2011-11-02,1.06,1.1,1.06,1.1,213000.0,0.0
00505.HK,2011-11-03,1.07,1.1,1.07,1.08,331000.0,0.0
00505.HK,2011-11-04,1.15,1.15,1.08,1.13,759000.0,0.0
00505.HK,2011-11-07,1.12,1.18,1.12,1.13,243000.0,0.0
00505.HK,2011-11-08,1.13,1.13,1.1,1.11,254000.0,0.0
00505.HK,2011-11-09,1.16,1.16,1.1,1.11,400000.0,0.0
00505.HK,2011-11-10,1.09,1.1,1.05,1.06,804000.0,0.0
00505.HK,2011-11-11,1.07,1.09,1.07,1.09,190000.0,0.0
00505.HK,2011-11-14,1.12,1.12,1.09,1.11,210000.0,0.0
00505.HK,2011-11-15,1.1,1.1,1.09,1.09,92000.0,0.0
00505.HK,2011-11-16,1.09,1.1,1.02,1.06,799000.0,0.0
00505.HK,2011-11-17,1.06,1.06,1.03,1.04,234000.0,0.0
00505.HK,2011-11-18,1.02,1.05,1.02,1.05,105000.0,0.0
00505.HK,2011-11-21,1.03,1.03,1.01,1.03,162000.0,0.0
00505.HK,2011-11-22,1.02,1.03,1.01,1.01,519000.0,0.0
00505.HK,2011-11-23,1.0,1.0,1.0,1.0,342000.0,0.0
00505.HK,2011-11-24,0.99,1.0,0.97,1.0,378000.0,0.0
00505.HK,2011-11-25,1.0,1.01,0.98,0.99,531000.0,0.0
00505.HK,2011-11-28,1.0,1.0,0.99,0.99,153000.0,0.0
00505.HK,2011-11-29,0.99,1.03,0.99,1.02,396000.0,0.0
00505.HK,2011-11-30,1.02,1.02,0.99,0.99,262000.0,0.0
00505.HK,2011-12-01,1.05,1.05,1.0,1.02,971000.0,0.0
00505.HK,2011-12-02,1.02,1.02,0.99,1.0,722000.0,0.0
00505.HK,2011-12-05,1.01,1.01,1.0,1.0,538000.0,0.0
00505.HK,2011-12-06,1.0,1.01,0.99,1.0,387300.0,0.0
00505.HK,2011-12-07,0.99,1.0,0.99,1.0,705000.0,0.0
00505.HK,2011-12-08,0.99,1.01,0.98,1.0,79000.0,0.0
00505.HK,2011-12-09,0.97,0.99,0.96,0.98,166000.0,0.0
00505.HK,2011-12-12,1.0,1.02,0.98,0.98,198000.0,0.0
00505.HK,2011-12-13,0.98,0.99,0.97,0.98,77000.0,0.0
00505.HK,2011-12-14,0.97,0.99,0.89,0.91,810000.0,0.0
00505.HK,2011-12-15,0.92,0.95,0.92,0.94,183000.0,0.0
00505.HK,2011-12-16,0.95,0.98,0.94,0.97,343900.0,0.0
00505.HK,2011-12-19,0.93,0.96,0.93,0.96,402000.0,0.0
00505.HK,2011-12-20,0.95,0.96,0.94,0.94,248000.0,0.0
00505.HK,2011-12-21,0.95,0.95,0.94,0.95,96000.0,0.0
00505.HK,2011-12-22,0.94,0.94,0.94,0.94,137000.0,0.0
00505.HK,2011-12-23,0.97,0.97,0.93,0.93,640000.0,0.0
00505.HK,2011-12-28,0.91,0.94,0.9,0.91,374000.0,0.0
00505.HK,2011-12-29,0.93,0.96,0.93,0.95,546000.0,0.0
00505.HK,2011-12-30,0.97,0.99,0.96,0.99,185000.0,0.0
00505.HK,2012-01-03,0.98,1.0,0.98,1.0,250000.0,0.0
00505.HK,2012-01-04,1.0,1.0,0.98,1.0,416000.0,0.0
00505.HK,2012-01-05,1.0,1.0,0.99,0.99,143000.0,0.0
00505.HK,2012-01-06,1.0,1.0,0.96,0.96,22000.0,0.0
00505.HK,2012-01-09,1.0,1.0,0.98,0.98,460000.0,0.0
00505.HK,2012-01-10,0.99,1.04,0.99,1.02,289000.0,0.0
00505.HK,2012-01-11,1.02,1.02,1.0,1.0,180000.0,0.0
00505.HK,2012-01-12,1.0,1.0,1.0,1.0,25000.0,0.0
00505.HK,2012-01-13,1.0,1.01,1.0,1.0,403000.0,0.0
00505.HK,2012-01-16,0.99,1.04,0.99,1.04,45000.0,0.0
00505.HK,2012-01-17,1.0,1.03,1.0,1.03,194000.0,0.0
00505.HK,2012-01-18,1.03,1.03,1.02,1.03,355000.0,0.0
00505.HK,2012-01-19,1.05,1.05,1.01,1.01,38000.0,0.0
00505.HK,2012-01-20,1.0,1.07,1.0,1.06,440000.0,0.0
00505.HK,2012-01-26,1.09,1.09,1.06,1.07,407000.0,0.0
00505.HK,2012-01-27,1.03,1.03,1.03,1.03,50000.0,0.0
00505.HK,2012-01-30,1.03,1.03,1.0,1.02,282000.0,0.0
00505.HK,2012-01-31,1.0,1.01,1.0,1.0,187000.0,0.0
00505.HK,2012-02-01,0.99,1.03,0.99,1.02,435000.0,0.0
00505.HK,2012-02-02,1.04,1.04,1.02,1.04,418000.0,0.0
00505.HK,2012-02-03,1.04,1.06,1.02,1.06,971000.0,0.0
00505.HK,2012-02-06,1.06,1.08,1.06,1.08,973200.0,0.0
00505.HK,2012-02-07,1.08,1.08,1.05,1.05,375000.0,0.0
00505.HK,2012-02-08,1.06,1.16,1.06,1.14,2240000.0,0.0
00505.HK,2012-02-09,1.12,1.21,1.12,1.19,2078000.0,0.0
00505.HK,2012-02-10,1.19,1.22,1.15,1.15,1449000.0,0.0
00505.HK,2012-02-13,1.15,1.17,1.15,1.16,288000.0,0.0
00505.HK,2012-02-14,1.14,1.14,1.12,1.14,251000.0,0.0
00505.HK,2012-02-15,1.14,1.17,1.14,1.16,482000.0,0.0
00505.HK,2012-02-16,1.16,1.16,1.14,1.14,213000.0,0.0
00505.HK,2012-02-17,1.17,1.29,1.17,1.28,4611000.0,0.0
00505.HK,2012-02-20,1.4,1.45,1.35,1.38,8517000.0,0.0
00505.HK,2012-02-21,1.38,1.39,1.31,1.38,1944000.0,0.0
00505.HK,2012-02-22,1.36,1.38,1.33,1.38,1823000.0,0.0
00505.HK,2012-02-23,1.35,1.36,1.33,1.33,864000.0,0.0
00505.HK,2012-02-24,1.34,1.39,1.32,1.34,1005000.0,0.0
00505.HK,2012-02-27,1.34,1.36,1.3,1.32,1375000.0,0.0
00505.HK,2012-02-28,1.36,1.36,1.3,1.35,1932000.0,0.0
00505.HK,2012-02-29,1.38,1.38,1.33,1.34,437000.0,0.0
00505.HK,2012-03-01,1.31,1.34,1.31,1.31,372000.0,0.0
00505.HK,2012-03-02,1.31,1.37,1.31,1.35,314000.0,0.0
00505.HK,2012-03-05,1.35,1.36,1.32,1.35,860000.0,0.0
00505.HK,2012-03-06,1.34,1.34,1.27,1.33,971600.0,0.0
00505.HK,2012-03-07,1.26,1.33,1.26,1.3,19855000.0,0.0
00505.HK,2012-03-08,1.31,1.33,1.31,1.33,258000.0,0.0
00505.HK,2012-03-09,1.36,1.36,1.3,1.31,407000.0,0.0
00505.HK,2012-03-12,1.31,1.35,1.31,1.35,544000.0,0.0
00505.HK,2012-03-13,1.35,1.35,1.32,1.34,289000.0,0.0
00505.HK,2012-03-14,1.34,1.35,1.32,1.33,499000.0,0.0
00505.HK,2012-03-15,1.31,1.35,1.3,1.34,321000.0,0.0
00505.HK,2012-03-16,1.34,1.35,1.32,1.34,180000.0,0.0
00505.HK,2012-03-19,1.32,1.34,1.28,1.31,1002000.0,0.0
00505.HK,2012-03-20,1.29,1.3,1.27,1.28,177000.0,0.0
00505.HK,2012-03-21,1.26,1.28,1.2,1.21,941000.0,0.0
00505.HK,2012-03-22,1.23,1.26,1.22,1.22,116000.0,0.0
00505.HK,2012-03-23,1.21,1.25,1.19,1.23,579000.0,0.0
00505.HK,2012-03-26,1.19,1.22,1.19,1.2,328000.0,0.0
00505.HK,2012-03-27,1.2,1.23,1.2,1.22,334000.0,0.0
00505.HK,2012-03-28,1.19,1.21,1.18,1.21,331000.0,0.0
00505.HK,2012-03-29,1.21,1.21,1.15,1.17,603000.0,0.0
00505.HK,2012-03-30,1.17,1.2,1.15,1.16,329000.0,0.0
00505.HK,2012-04-02,1.15,1.17,1.11,1.11,530000.0,0.0
00505.HK,2012-04-03,1.15,1.18,1.12,1.13,662000.0,0.0
00505.HK,2012-04-05,1.13,1.15,1.1,1.14,627000.0,0.0
00505.HK,2012-04-10,1.16,1.16,1.16,1.16,10000.0,0.0
00505.HK,2012-04-11,1.1,1.14,1.1,1.12,403000.0,0.0
00505.HK,2012-04-12,1.12,1.16,1.12,1.13,24000.0,0.0
00505.HK,2012-04-13,1.14,1.18,1.14,1.16,720000.0,0.0
00505.HK,2012-04-16,1.15,1.19,1.15,1.18,242000.0,0.0
00505.HK,2012-04-17,1.15,1.16,1.15,1.15,134000.0,0.0
00505.HK,2012-04-18,1.15,1.17,1.15,1.17,44000.0,0.0
00505.HK,2012-04-19,1.15,1.16,1.15,1.16,30000.0,0.0
00505.HK,2012-04-20,1.16,1.16,1.12,1.14,654000.0,0.0
00505.HK,2012-04-23,1.11,1.15,1.11,1.12,413000.0,0.0
00505.HK,2012-04-24,1.11,1.13,1.11,1.13,311000.0,0.0
00505.HK,2012-04-25,1.15,1.15,1.14,1.14,10000.0,0.0
00505.HK,2012-04-26,1.13,1.14,1.13,1.13,69400.0,0.0
00505.HK,2012-04-27,1.15,1.15,1.12,1.13,414000.0,0.0
00505.HK,2012-04-30,1.14,1.15,1.13,1.15,103000.0,0.0
00505.HK,2012-05-02,1.15,1.16,1.15,1.16,141000.0,0.0
00505.HK,2012-05-03,1.18,1.18,1.16,1.17,296000.0,0.0
00505.HK,2012-05-04,1.15,1.15,1.14,1.14,63000.0,0.0
00505.HK,2012-05-07,1.13,1.16,1.12,1.15,193000.0,0.0
00505.HK,2012-05-08,1.15,1.16,1.12,1.12,376000.0,0.0
00505.HK,2012-05-09,1.13,1.13,1.13,1.13,209000.0,0.0
00505.HK,2012-05-10,1.13,1.16,1.13,1.16,500000.0,0.0
00505.HK,2012-05-11,1.16,1.16,1.13,1.14,653000.0,0.0
00505.HK,2012-05-14,1.13,1.13,1.0,1.05,415000.0,0.0
00505.HK,2012-05-15,1.06,1.06,1.0,1.0,164000.0,0.0
00505.HK,2012-05-16,1.01,1.02,1.0,1.02,245000.0,0.0
00505.HK,2012-05-17,1.0,1.0,0.93,1.0,251860.0,0.0
00505.HK,2012-05-18,1.0,1.01,0.96,0.98,271000.0,0.0
00505.HK,2012-05-21,1.04,1.04,1.0,1.0,91000.0,0.0
00505.HK,2012-05-22,1.0,1.0,1.0,1.0,122000.0,0.0
00505.HK,2012-05-23,1.0,1.0,0.96,0.96,231000.0,0.0
00505.HK,2012-05-24,0.96,0.96,0.96,0.96,80000.0,0.0
00505.HK,2012-05-25,0.97,0.97,0.96,0.96,165000.0,0.0
00505.HK,2012-05-28,0.91,0.93,0.91,0.93,45000.0,0.0
00505.HK,2012-05-29,0.96,1.08,0.96,1.03,151000.0,0.0
00505.HK,2012-05-30,1.0,1.02,0.99,1.02,232600.0,0.0
00505.HK,2012-05-31,1.0,1.02,1.0,1.01,183000.0,0.0
00505.HK,2012-06-01,1.0,1.0,0.99,0.99,224000.0,0.0
00505.HK,2012-06-04,1.0,1.0,0.95,0.96,330000.0,0.0
00505.HK,2012-06-05,0.96,1.01,0.96,1.01,263000.0,0.0
00505.HK,2012-06-06,1.01,1.02,1.01,1.02,20000.0,0.0
00505.HK,2012-06-07,1.0,1.0,1.0,1.0,23000.0,0.0
00505.HK,2012-06-08,1.0,1.0,1.0,1.0,10000.0,0.0
00505.HK,2012-06-11,0.97,1.05,0.97,1.04,324000.0,0.0
00505.HK,2012-06-12,1.05,1.05,1.0,1.0,211000.0,0.0
00505.HK,2012-06-13,1.0,1.0,0.97,1.0,442000.0,0.0
00505.HK,2012-06-14,0.98,0.98,0.97,0.98,175000.0,0.0
00505.HK,2012-06-15,0.98,0.99,0.97,0.99,336000.0,0.0
00505.HK,2012-06-18,1.01,1.01,0.98,0.99,411000.0,0.0
00505.HK,2012-06-19,0.98,0.98,0.98,0.98,73000.0,0.0
00505.HK,2012-06-20,0.99,1.01,0.99,0.99,354000.0,0.0
00505.HK,2012-06-21,0.99,1.0,0.97,0.98,186000.0,0.0
00505.HK,2012-06-22,0.97,0.98,0.97,0.98,122000.0,0.0
00505.HK,2012-06-25,0.98,1.0,0.98,1.0,199000.0,0.0
00505.HK,2012-06-26,1.0,1.0,0.98,0.98,119000.0,0.0
00505.HK,2012-06-27,1.0,1.0,0.97,0.98,73000.0,0.0
00505.HK,2012-06-28,0.96,0.97,0.93,0.95,521000.0,0.0
00505.HK,2012-06-29,0.94,0.95,0.9,0.91,820000.0,0.0
00505.HK,2012-07-03,0.92,0.94,0.92,0.93,852100.0,0.0
00505.HK,2012-07-04,0.93,0.93,0.92,0.93,909000.0,0.0
00505.HK,2012-07-05,0.93,0.95,0.93,0.93,287000.0,0.0
00505.HK,2012-07-06,0.93,0.94,0.92,0.92,778000.0,0.0
00505.HK,2012-07-09,0.91,0.91,0.88,0.9,1382000.0,0.0
00505.HK,2012-07-10,0.9,0.93,0.9,0.93,114000.0,0.0
00505.HK,2012-07-11,0.9,0.92,0.9,0.92,70000.0,0.0
00505.HK,2012-07-12,0.9,0.92,0.88,0.92,786000.0,0.0
00505.HK,2012-07-13,0.89,0.91,0.89,0.89,422000.0,0.0
00505.HK,2012-07-16,0.88,0.89,0.88,0.89,198000.0,0.0
00505.HK,2012-07-17,0.89,0.89,0.87,0.87,734000.0,0.0
00505.HK,2012-07-18,0.86,0.87,0.83,0.85,629000.0,0.0
00505.HK,2012-07-19,0.86,0.86,0.84,0.85,572000.0,0.0
00505.HK,2012-07-20,0.86,0.86,0.85,0.85,454000.0,0.0
00505.HK,2012-07-23,0.85,0.85,0.82,0.83,509000.0,0.0
00505.HK,2012-07-24,0.83,0.83,0.82,0.82,287000.0,0.0
00505.HK,2012-07-25,0.8,0.83,0.75,0.81,264000.0,0.0
00505.HK,2012-07-26,0.79,0.81,0.76,0.8,735000.0,0.0
00505.HK,2012-07-27,0.78,0.79,0.77,0.78,355000.0,0.0
00505.HK,2012-07-30,0.78,0.78,0.76,0.78,407000.0,0.0
00505.HK,2012-07-31,0.78,0.78,0.77,0.78,242000.0,0.0
00505.HK,2012-08-01,0.78,0.81,0.78,0.8,191000.0,0.0
00505.HK,2012-08-02,0.83,0.83,0.8,0.8,140000.0,0.0
00505.HK,2012-08-03,0.8,0.82,0.78,0.78,154000.0,0.0
00505.HK,2012-08-06,0.79,0.83,0.79,0.81,343000.0,0.0
00505.HK,2012-08-07,0.83,0.84,0.82,0.84,307000.0,0.0
00505.HK,2012-08-08,0.84,0.84,0.83,0.83,243000.0,0.0
00505.HK,2012-08-09,0.83,0.83,0.82,0.82,165000.0,0.0
00505.HK,2012-08-10,0.81,0.82,0.8,0.82,271000.0,0.0
00505.HK,2012-08-13,0.82,0.84,0.82,0.84,80000.0,0.0
00505.HK,2012-08-14,0.82,0.82,0.82,0.82,15000.0,0.0
00505.HK,2012-08-15,0.82,0.82,0.82,0.82,47000.0,0.0
00505.HK,2012-08-16,0.81,0.84,0.8,0.83,227000.0,0.0
00505.HK,2012-08-17,0.86,0.86,0.82,0.85,960000.0,0.0
00505.HK,2012-08-20,0.86,0.86,0.81,0.84,37100.0,0.0
00505.HK,2012-08-21,0.85,0.87,0.83,0.86,352000.0,0.0
00505.HK,2012-08-22,0.84,0.84,0.84,0.84,10000.0,0.0
00505.HK,2012-08-23,0.85,0.88,0.85,0.87,553000.0,0.0
00505.HK,2012-08-24,0.84,0.84,0.83,0.83,153000.0,0.0
00505.HK,2012-08-27,0.83,0.84,0.83,0.84,91000.0,0.0
00505.HK,2012-08-28,0.84,0.84,0.84,0.84,123000.0,0.0
00505.HK,2012-08-29,0.83,0.85,0.83,0.85,53300.0,0.0
00505.HK,2012-08-30,0.84,0.84,0.84,0.84,76000.0,0.0
00505.HK,2012-08-31,0.8,0.85,0.8,0.85,166000.0,0.0
00505.HK,2012-09-03,0.85,0.85,0.79,0.79,1121000.0,0.0
00505.HK,2012-09-04,0.8,0.81,0.78,0.78,254000.0,0.0
00505.HK,2012-09-05,0.76,0.77,0.76,0.77,34000.0,0.0
00505.HK,2012-09-06,0.8,0.8,0.8,0.8,120000.0,0.0
00505.HK,2012-09-07,0.78,0.85,0.78,0.81,270000.0,0.0
00505.HK,2012-09-10,0.8,0.85,0.8,0.84,107000.0,0.0
00505.HK,2012-09-11,0.83,0.85,0.81,0.82,552000.0,0.0
00505.HK,2012-09-12,0.84,0.84,0.81,0.82,295000.0,0.0
00505.HK,2012-09-13,0.82,0.82,0.8,0.8,536000.0,0.0
00505.HK,2012-09-14,0.82,0.97,0.82,0.93,7900000.0,0.0
00505.HK,2012-09-17,0.95,0.96,0.9,0.91,1412000.0,0.0
00505.HK,2012-09-18,0.9,0.9,0.86,0.86,904000.0,0.0
00505.HK,2012-09-19,0.88,0.88,0.86,0.86,1877000.0,0.0
00505.HK,2012-09-20,0.87,0.87,0.83,0.83,1938000.0,0.0
00505.HK,2012-09-21,0.85,0.88,0.85,0.86,184000.0,0.0
00505.HK,2012-09-24,0.85,0.85,0.82,0.82,1312000.0,0.0
00505.HK,2012-09-25,0.82,0.85,0.82,0.84,131800.0,0.0
00505.HK,2012-09-26,0.81,0.83,0.81,0.83,116000.0,0.0
00505.HK,2012-09-27,0.81,0.83,0.81,0.83,177000.0,0.0
00505.HK,2012-09-28,0.81,0.85,0.81,0.84,46000.0,0.0
00505.HK,2012-10-03,0.83,0.85,0.83,0.85,628000.0,0.0
00505.HK,2012-10-04,0.83,0.85,0.83,0.85,103000.0,0.0
00505.HK,2012-10-05,0.85,0.86,0.84,0.86,592000.0,0.0
00505.HK,2012-10-08,0.86,0.86,0.85,0.85,336000.0,0.0
00505.HK,2012-10-09,0.85,0.89,0.85,0.86,10777000.0,0.0
00505.HK,2012-10-10,0.86,0.87,0.84,0.86,92000.0,0.0
00505.HK,2012-10-11,0.86,0.86,0.86,0.86,74000.0,0.0
00505.HK,2012-10-12,0.88,0.88,0.86,0.86,351000.0,0.0
00505.HK,2012-10-15,0.86,0.87,0.86,0.87,227000.0,0.0
00505.HK,2012-10-16,0.87,0.88,0.86,0.88,669000.0,0.0
00505.HK,2012-10-17,0.88,0.9,0.86,0.89,1150000.0,0.0
00505.HK,2012-10-18,0.9,0.95,0.9,0.94,2181000.0,0.0
00505.HK,2012-10-19,0.93,0.94,0.91,0.91,367000.0,0.0
00505.HK,2012-10-22,0.93,0.94,0.91,0.94,892000.0,0.0
00505.HK,2012-10-24,0.91,0.94,0.91,0.94,1100000.0,0.0
00505.HK,2012-10-25,0.93,0.94,0.9,0.9,689000.0,0.0
00505.HK,2012-10-26,0.91,0.91,0.86,0.87,883000.0,0.0
00505.HK,2012-10-29,0.87,0.89,0.87,0.88,301400.0,0.0
00505.HK,2012-10-30,0.88,0.9,0.87,0.9,885500.0,0.0
00505.HK,2012-10-31,0.9,0.91,0.9,0.9,55000.0,0.0
00505.HK,2012-11-01,0.91,0.91,0.88,0.9,348000.0,0.0
00505.HK,2012-11-02,0.92,0.92,0.91,0.92,853000.0,0.0
00505.HK,2012-11-05,0.9,0.91,0.9,0.91,586000.0,0.0
00505.HK,2012-11-06,0.92,0.92,0.9,0.91,515000.0,0.0
00505.HK,2012-11-07,0.93,0.93,0.91,0.93,802000.0,0.0
00505.HK,2012-11-08,0.92,0.92,0.9,0.9,697000.0,0.0
00505.HK,2012-11-09,0.9,0.92,0.89,0.91,215000.0,0.0
00505.HK,2012-11-12,0.88,0.92,0.88,0.9,136000.0,0.0
00505.HK,2012-11-13,0.9,0.91,0.89,0.89,263000.0,0.0
00505.HK,2012-11-14,0.91,0.91,0.9,0.9,86000.0,0.0
00505.HK,2012-11-15,0.9,0.9,0.9,0.9,5000.0,0.0
00505.HK,2012-11-16,0.88,0.9,0.85,0.9,225000.0,0.0
00505.HK,2012-11-19,0.9,0.9,0.9,0.9,31000.0,0.0
00505.HK,2012-11-20,0.88,0.94,0.88,0.89,637000.0,0.0
00505.HK,2012-11-21,0.92,0.92,0.88,0.91,125400.0,0.0
00505.HK,2012-11-22,0.89,0.91,0.89,0.9,177000.0,0.0
00505.HK,2012-11-23,0.9,0.9,0.9,0.9,227000.0,0.0
00505.HK,2012-11-26,0.88,0.89,0.88,0.89,115000.0,0.0
00505.HK,2012-11-27,0.88,0.88,0.88,0.88,42000.0,0.0
00505.HK,2012-11-28,0.88,0.88,0.87,0.87,257000.0,0.0
00505.HK,2012-11-29,0.88,0.9,0.88,0.9,145200.0,0.0
00505.HK,2012-11-30,0.9,0.9,0.89,0.9,192000.0,0.0
00505.HK,2012-12-03,0.9,0.91,0.89,0.89,410000.0,0.0
00505.HK,2012-12-04,0.88,0.89,0.87,0.89,130000.0,0.0
00505.HK,2012-12-05,0.88,0.9,0.88,0.9,284000.0,0.0
00505.HK,2012-12-06,0.9,0.91,0.89,0.9,478000.0,0.0
00505.HK,2012-12-07,0.89,0.9,0.88,0.9,436000.0,0.0
00505.HK,2012-12-10,0.9,0.91,0.89,0.9,416000.0,0.0
00505.HK,2012-12-11,0.9,0.91,0.9,0.91,216500.0,0.0
00505.HK,2012-12-12,0.91,0.91,0.89,0.91,458000.0,0.0
00505.HK,2012-12-13,0.91,0.91,0.89,0.9,452000.0,0.0
00505.HK,2012-12-14,0.89,0.92,0.89,0.92,360000.0,0.0
00505.HK,2012-12-17,0.89,0.9,0.89,0.9,151600.0,0.0
00505.HK,2012-12-18,0.91,0.93,0.9,0.93,867000.0,0.0
00505.HK,2012-12-19,0.93,0.94,0.91,0.91,529000.0,0.0
00505.HK,2012-12-20,0.9,0.91,0.9,0.91,433000.0,0.0
00505.HK,2012-12-21,0.9,0.91,0.9,0.9,135000.0,0.0
00505.HK,2012-12-24,0.9,0.91,0.9,0.91,45000.0,0.0
00505.HK,2012-12-27,0.91,0.94,0.9,0.94,548000.0,0.0
00505.HK,2012-12-28,0.93,0.93,0.92,0.92,332200.0,0.0
00505.HK,2012-12-31,0.92,0.92,0.9,0.92,95000.0,0.0
00505.HK,2013-01-02,0.95,0.95,0.94,0.95,709000.0,0.0
00505.HK,2013-01-03,0.94,1.09,0.94,1.08,6008000.0,0.0
00505.HK,2013-01-04,1.12,1.22,1.12,1.13,11197000.0,0.0
00505.HK,2013-01-07,1.16,1.16,1.1,1.13,2429000.0,0.0
00505.HK,2013-01-08,1.12,1.12,1.09,1.11,2257050.0,0.0
00505.HK,2013-01-09,1.1,1.11,1.08,1.09,2364000.0,0.0
00505.HK,2013-01-10,1.1,1.15,1.05,1.08,4603000.0,0.0
00505.HK,2013-01-11,1.07,1.12,1.06,1.07,1257000.0,0.0
00505.HK,2013-01-14,1.09,1.12,1.06,1.07,628800.0,0.0
00505.HK,2013-01-15,1.07,1.07,1.05,1.06,908000.0,0.0
00505.HK,2013-01-16,1.06,1.06,1.03,1.05,708000.0,0.0
00505.HK,2013-01-17,1.04,1.04,1.03,1.04,366000.0,0.0
00505.HK,2013-01-18,1.02,1.08,1.02,1.05,561000.0,0.0
00505.HK,2013-01-21,1.07,1.07,1.05,1.05,348000.0,0.0
00505.HK,2013-01-22,1.05,1.05,1.04,1.04,342000.0,0.0
00505.HK,2013-01-23,1.01,1.06,1.01,1.03,1433000.0,0.0
00505.HK,2013-01-24,1.03,1.06,1.01,1.03,696000.0,0.0
00505.HK,2013-01-25,1.01,1.01,0.98,0.98,1003600.0,0.0
00505.HK,2013-01-28,0.99,1.01,0.99,0.99,300800.0,0.0
00505.HK,2013-01-29,0.99,0.99,0.89,0.92,5798000.0,0.0
00505.HK,2013-01-30,0.94,0.94,0.9,0.91,1914000.0,0.0
00505.HK,2013-01-31,0.92,0.93,0.91,0.93,458000.0,0.0
00505.HK,2013-02-01,0.93,0.95,0.93,0.94,436000.0,0.0
00505.HK,2013-02-04,0.94,0.96,0.92,0.92,811000.0,0.0
00505.HK,2013-02-05,0.92,0.93,0.91,0.93,440000.0,0.0
00505.HK,2013-02-06,0.93,0.94,0.92,0.93,73000.0,0.0
00505.HK,2013-02-07,0.92,0.94,0.92,0.94,242000.0,0.0
00505.HK,2013-02-08,0.96,0.96,0.92,0.95,150000.0,0.0
00505.HK,2013-02-14,0.97,0.97,0.92,0.93,314000.0,0.0
00505.HK,2013-02-15,0.91,0.96,0.91,0.94,195000.0,0.0
00505.HK,2013-02-18,0.94,0.98,0.93,0.98,1550000.0,0.0
00505.HK,2013-02-19,0.99,1.0,0.94,0.94,2290000.0,0.0
00505.HK,2013-02-20,0.94,0.97,0.94,0.96,145000.0,0.0
00505.HK,2013-02-21,0.94,0.95,0.93,0.94,9138000.0,0.0
00505.HK,2013-02-22,0.93,0.96,0.92,0.96,872000.0,0.0
00505.HK,2013-02-25,0.98,0.98,0.94,0.95,423000.0,0.0
00505.HK,2013-02-26,0.92,0.94,0.92,0.93,758000.0,0.0
00505.HK,2013-02-27,0.94,0.94,0.93,0.94,138000.0,0.0
00505.HK,2013-02-28,0.95,0.96,0.93,0.94,404000.0,0.0
00505.HK,2013-03-01,0.92,0.93,0.92,0.92,264000.0,0.0
00505.HK,2013-03-04,0.93,0.94,0.91,0.93,368000.0,0.0
00505.HK,2013-03-05,0.92,0.93,0.92,0.93,146000.0,0.0
00505.HK,2013-03-06,0.92,0.94,0.92,0.94,625000.0,0.0
00505.HK,2013-03-07,0.93,0.95,0.92,0.93,114000.0,0.0
00505.HK,2013-03-08,0.94,0.95,0.92,0.94,273000.0,0.0
00505.HK,2013-03-11,0.92,0.93,0.92,0.93,339000.0,0.0
00505.HK,2013-03-12,0.92,0.92,0.91,0.91,349000.0,0.0
00505.HK,2013-03-13,0.91,0.91,0.88,0.89,770000.0,0.0
00505.HK,2013-03-14,0.88,0.88,0.86,0.88,619000.0,0.0
00505.HK,2013-03-15,0.88,0.88,0.87,0.87,290000.0,0.0
00505.HK,2013-03-18,0.87,0.87,0.84,0.87,510000.0,0.0
00505.HK,2013-03-19,0.86,0.88,0.86,0.86,106000.0,0.0
00505.HK,2013-03-20,0.85,0.87,0.85,0.87,379000.0,0.0
00505.HK,2013-03-21,0.87,0.89,0.85,0.87,91000.0,0.0
00505.HK,2013-03-22,0.86,0.86,0.86,0.86,248000.0,0.0
00505.HK,2013-03-25,0.85,0.88,0.85,0.86,101000.0,0.0
00505.HK,2013-03-26,0.88,0.88,0.86,0.87,251000.0,0.0
00505.HK,2013-03-27,0.89,0.93,0.89,0.91,631000.0,0.0
00505.HK,2013-03-28,0.93,0.93,0.9,0.93,767000.0,0.0
00505.HK,2013-04-02,0.9,0.92,0.9,0.91,163000.0,0.0
00505.HK,2013-04-03,0.89,0.91,0.88,0.9,266000.0,0.0
00505.HK,2013-04-05,0.91,0.91,0.84,0.87,142000.0,0.0
00505.HK,2013-04-08,0.88,0.89,0.87,0.89,369000.0,0.0
00505.HK,2013-04-09,0.83,0.9,0.83,0.9,275500.0,0.0
00505.HK,2013-04-10,0.9,0.9,0.88,0.89,83000.0,0.0
00505.HK,2013-04-11,0.9,0.9,0.88,0.89,168000.0,0.0
00505.HK,2013-04-12,0.88,0.9,0.88,0.89,100000.0,0.0
00505.HK,2013-04-15,0.88,0.9,0.87,0.89,61000.0,0.0
00505.HK,2013-04-16,0.87,0.89,0.87,0.87,148000.0,0.0
00505.HK,2013-04-17,0.89,0.89,0.88,0.88,133000.0,0.0
00505.HK,2013-04-18,0.88,0.91,0.86,0.88,265000.0,0.0
00505.HK,2013-04-19,0.9,0.9,0.84,0.89,220000.0,0.0
00505.HK,2013-04-22,0.89,0.89,0.89,0.89,0.0,0.0
00505.HK,2013-04-23,0.84,0.89,0.84,0.88,108000.0,0.0
00505.HK,2013-04-24,0.88,0.88,0.86,0.86,129000.0,0.0
00505.HK,2013-04-25,0.88,0.89,0.87,0.89,180000.0,0.0
00505.HK,2013-04-26,0.9,0.9,0.87,0.87,79000.0,0.0
00505.HK,2013-04-29,0.86,0.88,0.86,0.88,263000.0,0.0
00505.HK,2013-04-30,0.88,0.9,0.87,0.89,128000.0,0.0
00505.HK,2013-05-02,0.89,0.89,0.87,0.89,52000.0,0.0
00505.HK,2013-05-03,0.9,0.9,0.87,0.88,179000.0,0.0
00505.HK,2013-05-06,0.88,0.9,0.88,0.9,285000.0,0.0
00505.HK,2013-05-07,0.9,0.91,0.88,0.88,169000.0,0.0
00505.HK,2013-05-08,0.9,0.91,0.89,0.89,197000.0,0.0
00505.HK,2013-05-09,0.9,0.91,0.89,0.9,738000.0,0.0
00505.HK,2013-05-10,0.88,0.91,0.88,0.91,217000.0,0.0
00505.HK,2013-05-13,0.91,0.92,0.9,0.9,221000.0,0.0
00505.HK,2013-05-14,0.9,0.9,0.9,0.9,112000.0,0.0
00505.HK,2013-05-15,0.91,0.92,0.89,0.9,97000.0,0.0
00505.HK,2013-05-16,0.89,0.92,0.88,0.91,258000.0,0.0
00505.HK,2013-05-20,0.91,0.91,0.9,0.91,549000.0,0.0
00505.HK,2013-05-21,0.91,0.91,0.89,0.9,695000.0,0.0
00505.HK,2013-05-22,0.89,0.89,0.86,0.87,603000.0,0.0
00505.HK,2013-05-23,0.85,0.85,0.85,0.85,437000.0,0.0
00505.HK,2013-05-24,0.84,0.84,0.83,0.83,206000.0,0.0
00505.HK,2013-05-27,0.84,0.86,0.84,0.84,164000.0,0.0
00505.HK,2013-05-28,0.84,0.84,0.84,0.84,10000.0,0.0
00505.HK,2013-05-29,0.84,0.85,0.83,0.84,160000.0,0.0
00505.HK,2013-05-30,0.84,0.84,0.83,0.83,215000.0,0.0
00505.HK,2013-05-31,0.83,0.83,0.82,0.83,338000.0,0.0
00505.HK,2013-06-03,0.83,0.83,0.83,0.83,4000.0,0.0
00505.HK,2013-06-04,0.85,0.85,0.82,0.83,189000.0,0.0
00505.HK,2013-06-05,0.82,0.84,0.82,0.84,151000.0,0.0
00505.HK,2013-06-06,0.83,0.84,0.82,0.83,8378000.0,0.0
00505.HK,2013-06-07,0.82,0.84,0.82,0.84,33000.0,0.0
00505.HK,2013-06-10,0.84,0.84,0.82,0.83,322000.0,0.0
00505.HK,2013-06-11,0.82,0.83,0.82,0.82,388000.0,0.0
00505.HK,2013-06-13,0.81,0.81,0.8,0.8,500000.0,0.0
00505.HK,2013-06-14,0.81,0.83,0.8,0.8,115000.0,0.0
00505.HK,2013-06-17,0.8,0.81,0.8,0.81,38000.0,0.0
00505.HK,2013-06-18,0.81,0.83,0.8,0.82,100000.0,0.0
00505.HK,2013-06-19,0.81,0.81,0.8,0.8,20000.0,0.0
00505.HK,2013-06-20,0.8,0.8,0.8,0.8,354000.0,0.0
00505.HK,2013-06-21,0.78,0.8,0.75,0.79,305000.0,0.0
00505.HK,2013-06-24,0.8,0.8,0.77,0.79,546000.0,0.0
00505.HK,2013-06-25,0.78,0.78,0.75,0.78,397000.0,0.0
00505.HK,2013-06-26,0.78,0.79,0.78,0.78,144000.0,0.0
00505.HK,2013-06-27,0.78,0.78,0.77,0.78,223000.0,0.0
00505.HK,2013-06-28,0.78,0.78,0.78,0.78,6000.0,0.0
00505.HK,2013-07-02,0.78,0.78,0.76,0.77,100000.0,0.0
00505.HK,2013-07-03,0.77,0.8,0.76,0.78,377000.0,0.0
00505.HK,2013-07-04,0.78,0.78,0.77,0.77,32000.0,0.0
00505.HK,2013-07-05,0.76,0.77,0.76,0.77,191000.0,0.0
00505.HK,2013-07-08,0.76,0.77,0.76,0.77,510000.0,0.0
00505.HK,2013-07-09,0.77,0.77,0.77,0.77,13000.0,0.0
00505.HK,2013-07-10,0.77,0.78,0.77,0.78,170000.0,0.0
00505.HK,2013-07-11,0.79,0.79,0.77,0.78,414000.0,0.0
00505.HK,2013-07-12,0.8,0.83,0.78,0.82,166000.0,0.0
00505.HK,2013-07-15,0.82,0.82,0.82,0.82,0.0,0.0
00505.HK,2013-07-16,0.8,0.81,0.8,0.81,92000.0,0.0
00505.HK,2013-07-17,0.8,0.8,0.79,0.8,129000.0,0.0
00505.HK,2013-07-18,0.79,0.79,0.78,0.78,33000.0,0.0
00505.HK,2013-07-19,0.78,0.78,0.78,0.78,70000.0,0.0
00505.HK,2013-07-22,0.76,0.76,0.75,0.76,60000.0,0.0
00505.HK,2013-07-23,0.75,0.8,0.75,0.78,77000.0,0.0
00505.HK,2013-07-24,0.78,0.78,0.78,0.78,0.0,0.0
00505.HK,2013-07-25,0.79,0.81,0.79,0.81,660000.0,0.0
00505.HK,2013-07-26,0.8,0.8,0.79,0.8,125000.0,0.0
00505.HK,2013-07-29,0.78,0.8,0.78,0.8,192000.0,0.0
00505.HK,2013-07-30,0.8,0.8,0.78,0.8,449000.0,0.0
00505.HK,2013-07-31,0.8,0.8,0.8,0.8,54000.0,0.0
00505.HK,2013-08-01,0.79,0.79,0.79,0.79,53000.0,0.0
00505.HK,2013-08-02,0.79,0.81,0.79,0.81,167000.0,0.0
00505.HK,2013-08-05,0.78,0.8,0.78,0.79,75000.0,0.0
00505.HK,2013-08-06,0.78,0.79,0.78,0.78,149000.0,0.0
00505.HK,2013-08-07,0.78,0.78,0.78,0.78,67000.0,0.0
00505.HK,2013-08-08,0.79,0.81,0.78,0.8,359000.0,0.0
00505.HK,2013-08-09,0.81,0.82,0.81,0.82,222000.0,0.0
00505.HK,2013-08-12,0.81,0.81,0.81,0.81,207000.0,0.0
00505.HK,2013-08-13,0.82,0.83,0.81,0.83,389000.0,0.0
00505.HK,2013-08-15,0.82,0.88,0.82,0.86,748000.0,0.0
00505.HK,2013-08-16,0.81,0.83,0.81,0.83,5000.0,0.0
00505.HK,2013-08-19,0.82,0.84,0.82,0.84,75000.0,0.0
00505.HK,2013-08-20,0.82,0.83,0.79,0.8,162000.0,0.0
00505.HK,2013-08-21,0.8,0.8,0.8,0.8,91800.0,0.0
00505.HK,2013-08-22,0.84,0.85,0.8,0.81,81000.0,0.0
00505.HK,2013-08-23,0.81,0.81,0.81,0.81,19000.0,0.0
00505.HK,2013-08-26,0.82,0.83,0.81,0.83,191000.0,0.0
00505.HK,2013-08-27,0.81,0.82,0.8,0.81,116000.0,0.0
00505.HK,2013-08-28,0.82,0.82,0.79,0.8,190000.0,0.0
00505.HK,2013-08-29,0.81,0.83,0.8,0.83,200000.0,0.0
00505.HK,2013-08-30,0.8,0.8,0.8,0.8,34000.0,0.0
00505.HK,2013-09-02,0.82,0.88,0.8,0.82,913000.0,0.0
00505.HK,2013-09-03,0.82,0.83,0.8,0.83,98100.0,0.0
00505.HK,2013-09-04,0.83,0.83,0.8,0.82,220000.0,0.0
00505.HK,2013-09-05,0.8,0.86,0.8,0.82,294000.0,0.0
00505.HK,2013-09-06,0.86,0.86,0.81,0.83,59000.0,0.0
00505.HK,2013-09-09,0.82,0.82,0.8,0.81,445000.0,0.0
00505.HK,2013-09-10,0.85,0.85,0.82,0.83,206000.0,0.0
00505.HK,2013-09-11,0.83,0.83,0.82,0.82,72000.0,0.0
00505.HK,2013-09-12,0.83,0.83,0.82,0.82,246000.0,0.0
00505.HK,2013-09-13,0.81,0.82,0.81,0.82,36000.0,0.0
00505.HK,2013-09-16,0.81,0.82,0.8,0.82,472000.0,0.0
00505.HK,2013-09-17,0.81,0.82,0.8,0.8,265000.0,0.0
00505.HK,2013-09-18,0.8,0.81,0.8,0.8,221000.0,0.0
00505.HK,2013-09-19,0.8,0.81,0.79,0.81,343000.0,0.0
00505.HK,2013-09-23,0.81,0.84,0.81,0.83,177000.0,0.0
00505.HK,2013-09-24,0.81,0.82,0.81,0.82,35000.0,0.0
00505.HK,2013-09-25,0.81,0.81,0.81,0.81,10000.0,0.0
00505.HK,2013-09-26,0.81,0.81,0.8,0.81,19000.0,0.0
00505.HK,2013-09-27,0.81,0.81,0.81,0.81,0.0,0.0
00505.HK,2013-09-30,0.8,0.81,0.8,0.81,35000.0,0.0
00505.HK,2013-10-02,0.8,0.8,0.8,0.8,15000.0,0.0
00505.HK,2013-10-03,0.8,0.8,0.8,0.8,44000.0,0.0
00505.HK,2013-10-04,0.81,0.81,0.81,0.81,2000.0,0.0
00505.HK,2013-10-07,0.81,0.81,0.8,0.81,173000.0,0.0
00505.HK,2013-10-08,0.8,0.82,0.8,0.8,129000.0,0.0
00505.HK,2013-10-09,0.8,0.81,0.8,0.8,65000.0,0.0
00505.HK,2013-10-10,0.8,0.8,0.8,0.8,57000.0,0.0
00505.HK,2013-10-11,0.81,0.82,0.8,0.8,212000.0,0.0
00505.HK,2013-10-15,0.8,0.81,0.8,0.8,342000.0,0.0
00505.HK,2013-10-16,0.8,0.8,0.78,0.8,106000.0,0.0
00505.HK,2013-10-17,0.8,0.81,0.8,0.81,123000.0,0.0
00505.HK,2013-10-18,0.8,0.8,0.79,0.8,44000.0,0.0
00505.HK,2013-10-21,0.8,0.81,0.8,0.81,345000.0,0.0
00505.HK,2013-10-22,0.81,0.81,0.78,0.8,222000.0,0.0
00505.HK,2013-10-23,0.8,0.8,0.79,0.79,78000.0,0.0
00505.HK,2013-10-24,0.79,0.8,0.78,0.8,235000.0,0.0
00505.HK,2013-10-25,0.79,0.8,0.79,0.8,88000.0,0.0
00505.HK,2013-10-28,0.8,0.8,0.79,0.79,70000.0,0.0
00505.HK,2013-10-29,0.79,0.8,0.78,0.79,285000.0,0.0
00505.HK,2013-10-30,0.78,0.8,0.78,0.78,236000.0,0.0
00505.HK,2013-10-31,0.77,0.78,0.77,0.78,27000.0,0.0
00505.HK,2013-11-01,0.81,0.82,0.81,0.81,416000.0,0.0
00505.HK,2013-11-04,0.78,0.8,0.78,0.79,578000.0,0.0
00505.HK,2013-11-05,0.79,0.8,0.79,0.8,83000.0,0.0
00505.HK,2013-11-06,0.8,0.81,0.8,0.81,141000.0,0.0
00505.HK,2013-11-07,0.81,0.81,0.79,0.79,322000.0,0.0
00505.HK,2013-11-08,0.79,0.8,0.79,0.79,122000.0,0.0
00505.HK,2013-11-11,0.79,0.79,0.79,0.79,75000.0,0.0
00505.HK,2013-11-12,0.79,0.8,0.79,0.8,75000.0,0.0
00505.HK,2013-11-13,0.79,0.8,0.78,0.78,247000.0,0.0
00505.HK,2013-11-14,0.79,0.79,0.78,0.79,230000.0,0.0
00505.HK,2013-11-15,0.79,0.8,0.79,0.8,82000.0,0.0
00505.HK,2013-11-18,0.8,0.8,0.79,0.8,250000.0,0.0
00505.HK,2013-11-19,0.79,0.8,0.79,0.79,280000.0,0.0
00505.HK,2013-11-20,0.79,0.8,0.79,0.79,322700.0,0.0
00505.HK,2013-11-21,0.79,0.8,0.79,0.79,151000.0,0.0
00505.HK,2013-11-22,0.79,0.81,0.79,0.8,799000.0,0.0
00505.HK,2013-11-25,0.8,0.81,0.79,0.81,462000.0,0.0
00505.HK,2013-11-26,0.81,0.82,0.8,0.82,325000.0,0.0
00505.HK,2013-11-27,0.8,0.82,0.8,0.8,520200.0,0.0
00505.HK,2013-11-28,0.79,0.81,0.79,0.81,352000.0,0.0
00505.HK,2013-11-29,0.81,0.82,0.8,0.81,581000.0,0.0
00505.HK,2013-12-02,0.8,0.8,0.79,0.79,488000.0,0.0
00505.HK,2013-12-03,0.79,0.8,0.79,0.8,118000.0,0.0
00505.HK,2013-12-04,0.8,0.8,0.79,0.8,191000.0,0.0
00505.HK,2013-12-05,0.8,0.8,0.8,0.8,50000.0,0.0
00505.HK,2013-12-06,0.8,0.81,0.79,0.81,458000.0,0.0
00505.HK,2013-12-09,0.82,0.82,0.8,0.81,2211000.0,0.0
00505.HK,2013-12-10,0.81,0.85,0.81,0.85,2168000.0,0.0
00505.HK,2013-12-11,0.86,0.87,0.82,0.83,1051000.0,0.0
00505.HK,2013-12-12,0.82,0.82,0.81,0.81,567000.0,0.0
00505.HK,2013-12-13,0.81,0.84,0.8,0.84,207000.0,0.0
00505.HK,2013-12-16,0.82,0.82,0.81,0.81,225000.0,0.0
00505.HK,2013-12-17,0.8,0.82,0.8,0.8,128000.0,0.0
00505.HK,2013-12-18,0.82,0.82,0.79,0.79,543000.0,0.0
00505.HK,2013-12-19,0.8,0.81,0.79,0.79,725000.0,0.0
00505.HK,2013-12-20,0.79,0.79,0.79,0.79,256000.0,0.0
00505.HK,2013-12-23,0.8,0.8,0.8,0.8,226000.0,0.0
00505.HK,2013-12-24,0.79,0.8,0.79,0.8,139000.0,0.0
00505.HK,2013-12-27,0.81,0.81,0.8,0.8,137000.0,0.0
00505.HK,2013-12-30,0.8,0.8,0.8,0.8,80000.0,0.0
00505.HK,2013-12-31,0.79,0.8,0.79,0.79,212600.0,0.0
00505.HK,2014-01-02,0.8,0.81,0.79,0.81,963000.0,0.0
00505.HK,2014-01-03,0.81,0.82,0.8,0.82,813000.0,0.0
00505.HK,2014-01-06,0.82,0.82,0.8,0.8,206000.0,0.0
00505.HK,2014-01-07,0.79,0.8,0.79,0.79,55300.0,0.0
00505.HK,2014-01-08,0.79,0.8,0.79,0.8,246000.0,0.0
00505.HK,2014-01-09,0.79,0.8,0.79,0.79,376000.0,0.0
00505.HK,2014-01-10,0.79,0.8,0.79,0.8,471000.0,0.0
00505.HK,2014-01-13,0.79,0.79,0.79,0.79,294000.0,0.0
00505.HK,2014-01-14,0.79,0.81,0.78,0.81,322000.0,0.0
00505.HK,2014-01-15,0.81,0.81,0.79,0.79,126500.0,0.0
00505.HK,2014-01-16,0.8,0.81,0.78,0.78,387000.0,0.0
00505.HK,2014-01-17,0.79,0.8,0.79,0.79,354000.0,0.0
00505.HK,2014-01-20,0.79,0.79,0.79,0.79,164000.0,0.0
00505.HK,2014-01-21,0.79,0.8,0.79,0.8,163000.0,0.0
00505.HK,2014-01-22,0.79,0.79,0.78,0.79,240000.0,0.0
00505.HK,2014-01-23,0.79,0.8,0.79,0.8,192000.0,0.0
00505.HK,2014-01-24,0.79,0.8,0.78,0.78,991000.0,0.0
00505.HK,2014-01-27,0.78,0.78,0.75,0.77,298000.0,0.0
00505.HK,2014-01-28,0.78,0.78,0.72,0.74,222000.0,0.0
00505.HK,2014-01-29,0.77,0.77,0.76,0.77,125000.0,0.0
00505.HK,2014-01-30,0.76,0.76,0.73,0.74,165000.0,0.0
00505.HK,2014-02-04,0.74,0.75,0.73,0.75,64000.0,0.0
00505.HK,2014-02-05,0.74,0.75,0.72,0.75,71000.0,0.0
00505.HK,2014-02-06,0.75,0.75,0.73,0.74,17000.0,0.0
00505.HK,2014-02-07,0.73,0.75,0.73,0.75,177000.0,0.0
00505.HK,2014-02-10,0.75,0.76,0.75,0.76,327000.0,0.0
00505.HK,2014-02-11,0.77,0.77,0.76,0.76,95000.0,0.0
00505.HK,2014-02-12,0.75,0.75,0.74,0.74,157000.0,0.0
00505.HK,2014-02-13,0.73,0.74,0.72,0.74,300000.0,0.0
00505.HK,2014-02-14,0.73,0.74,0.73,0.73,495000.0,0.0
00505.HK,2014-02-17,0.72,0.73,0.71,0.72,387000.0,0.0
00505.HK,2014-02-18,0.71,0.72,0.71,0.71,115000.0,0.0
00505.HK,2014-02-19,0.72,0.72,0.7,0.72,973000.0,0.0
00505.HK,2014-02-20,0.74,0.74,0.72,0.74,136000.0,0.0
00505.HK,2014-02-21,0.73,0.73,0.71,0.71,104000.0,0.0
00505.HK,2014-02-24,0.72,0.72,0.71,0.71,87500.0,0.0
00505.HK,2014-02-25,0.71,0.72,0.71,0.71,106000.0,0.0
00505.HK,2014-02-26,0.71,0.72,0.7,0.71,59000.0,0.0
00505.HK,2014-02-27,0.7,0.72,0.7,0.72,398000.0,0.0
00505.HK,2014-02-28,0.7,0.71,0.7,0.7,53000.0,0.0
00505.HK,2014-03-03,0.7,0.72,0.7,0.72,72000.0,0.0
00505.HK,2014-03-04,0.7,0.7,0.68,0.69,110000.0,0.0
00505.HK,2014-03-05,0.69,0.7,0.69,0.7,111000.0,0.0
00505.HK,2014-03-06,0.69,0.72,0.69,0.7,163000.0,0.0
00505.HK,2014-03-07,0.69,0.7,0.69,0.7,37000.0,0.0
00505.HK,2014-03-10,0.7,0.7,0.68,0.7,202000.0,0.0
00505.HK,2014-03-11,0.7,0.7,0.7,0.7,10000.0,0.0
00505.HK,2014-03-12,0.63,0.7,0.63,0.7,63000.0,0.0
00505.HK,2014-03-13,0.68,0.68,0.68,0.68,9000.0,0.0
00505.HK,2014-03-14,0.66,0.68,0.66,0.67,139000.0,0.0
00505.HK,2014-03-17,0.67,0.69,0.66,0.67,240000.0,0.0
00505.HK,2014-03-18,0.67,0.67,0.66,0.66,35000.0,0.0
00505.HK,2014-03-19,0.66,0.68,0.66,0.67,160000.0,0.0
00505.HK,2014-03-20,0.69,0.69,0.67,0.67,30000.0,0.0
00505.HK,2014-03-21,0.67,0.69,0.67,0.67,29000.0,0.0
00505.HK,2014-03-24,0.68,0.68,0.63,0.66,216000.0,0.0
00505.HK,2014-03-25,0.69,0.69,0.68,0.68,6000.0,0.0
00505.HK,2014-03-26,0.65,0.68,0.65,0.66,98000.0,0.0
00505.HK,2014-03-27,0.66,0.66,0.62,0.65,87000.0,0.0
00505.HK,2014-03-28,0.63,0.66,0.62,0.66,133000.0,0.0
00505.HK,2014-03-31,0.64,0.64,0.57,0.6,374000.0,0.0
00505.HK,2014-04-01,0.61,0.61,0.59,0.6,256000.0,0.0
00505.HK,2014-04-02,0.6,0.62,0.6,0.62,102000.0,0.0
00505.HK,2014-04-03,0.63,0.63,0.61,0.61,59000.0,0.0
00505.HK,2014-04-04,0.61,0.61,0.58,0.6,288000.0,0.0
00505.HK,2014-04-07,0.6,0.61,0.6,0.61,70000.0,0.0
00505.HK,2014-04-08,0.6,0.61,0.6,0.6,162000.0,0.0
00505.HK,2014-04-09,0.6,0.61,0.6,0.6,204000.0,0.0
00505.HK,2014-04-10,0.6,0.63,0.59,0.63,179000.0,0.0
00505.HK,2014-04-11,0.62,0.62,0.6,0.6,175000.0,0.0
00505.HK,2014-04-14,0.61,0.61,0.61,0.61,7000.0,0.0
00505.HK,2014-04-15,0.61,0.61,0.6,0.61,117200.0,0.0
00505.HK,2014-04-16,0.6,0.6,0.59,0.59,38000.0,0.0
00505.HK,2014-04-17,0.59,0.59,0.58,0.58,64000.0,0.0
00505.HK,2014-04-22,0.6,0.6,0.58,0.58,187000.0,0.0
00505.HK,2014-04-23,0.59,0.59,0.59,0.59,48000.0,0.0
00505.HK,2014-04-24,0.58,0.59,0.58,0.59,403000.0,0.0
00505.HK,2014-04-25,0.59,0.59,0.59,0.59,49000.0,0.0
00505.HK,2014-04-28,0.6,0.6,0.56,0.56,96000.0,0.0
00505.HK,2014-04-29,0.58,0.6,0.57,0.57,297000.0,0.0
00505.HK,2014-04-30,0.56,0.58,0.55,0.57,323000.0,0.0
00505.HK,2014-05-02,0.55,0.58,0.55,0.57,250000.0,0.0
00505.HK,2014-05-05,0.57,0.57,0.57,0.57,74000.0,0.0
00505.HK,2014-05-07,0.57,0.57,0.56,0.56,10000.0,0.0
00505.HK,2014-05-08,0.56,0.56,0.55,0.55,191000.0,0.0
00505.HK,2014-05-09,0.55,0.55,0.55,0.55,407000.0,0.0
00505.HK,2014-05-12,0.54,0.54,0.51,0.54,252000.0,0.0
00505.HK,2014-05-13,0.53,0.55,0.53,0.54,48000.0,0.0
00505.HK,2014-05-14,0.54,0.54,0.54,0.54,25000.0,0.0
00505.HK,2014-05-15,0.53,0.54,0.52,0.54,176000.0,0.0
00505.HK,2014-05-16,0.53,0.53,0.53,0.53,99000.0,0.0
00505.HK,2014-05-19,0.52,0.57,0.51,0.54,216000.0,0.0
00505.HK,2014-05-20,0.52,0.53,0.52,0.53,90000.0,0.0
00505.HK,2014-05-21,0.53,0.54,0.53,0.54,74000.0,0.0
00505.HK,2014-05-22,0.54,0.54,0.53,0.53,292000.0,0.0
00505.HK,2014-05-23,0.51,0.54,0.51,0.52,75000.0,0.0
00505.HK,2014-05-26,0.51,0.53,0.51,0.53,14710000.0,0.0
00505.HK,2014-05-27,0.52,0.53,0.52,0.53,3711200.0,0.0
00505.HK,2014-05-28,0.53,0.54,0.52,0.54,40000.0,0.0
00505.HK,2014-05-29,0.52,0.52,0.52,0.52,62000.0,0.0
00505.HK,2014-05-30,0.53,0.53,0.52,0.53,187000.0,0.0
00505.HK,2014-06-03,0.55,0.55,0.52,0.52,352000.0,0.0
00505.HK,2014-06-04,0.53,0.55,0.53,0.53,314000.0,0.0
00505.HK,2014-06-05,0.52,0.53,0.52,0.53,50000.0,0.0
00505.HK,2014-06-06,0.54,0.56,0.54,0.54,194000.0,0.0
00505.HK,2014-06-09,0.52,0.58,0.52,0.54,418000.0,0.0
00505.HK,2014-06-10,0.54,0.54,0.54,0.54,0.0,0.0
00505.HK,2014-06-11,0.55,0.55,0.53,0.53,119000.0,0.0
00505.HK,2014-06-12,0.54,0.61,0.54,0.61,1559000.0,0.0
00505.HK,2014-06-13,0.6,0.6,0.57,0.59,1613000.0,0.0
00505.HK,2014-06-16,0.55,0.57,0.55,0.56,381000.0,0.0
00505.HK,2014-06-17,0.58,0.63,0.58,0.58,791000.0,0.0
00505.HK,2014-06-18,0.58,0.58,0.57,0.58,62000.0,0.0
00505.HK,2014-06-19,0.57,0.57,0.55,0.56,438000.0,0.0
00505.HK,2014-06-20,0.56,0.58,0.56,0.56,351000.0,0.0
00505.HK,2014-06-23,0.56,0.59,0.56,0.57,52000.0,0.0
00505.HK,2014-06-24,0.55,0.56,0.55,0.55,124000.0,0.0
00505.HK,2014-06-25,0.55,0.55,0.55,0.55,20000.0,0.0
00505.HK,2014-06-26,0.55,0.57,0.55,0.57,82300.0,0.0
00505.HK,2014-06-27,0.58,0.58,0.55,0.56,191000.0,0.0
00505.HK,2014-06-30,0.56,0.56,0.56,0.56,0.0,0.0
00505.HK,2014-07-02,0.56,0.58,0.55,0.58,555000.0,0.0
00505.HK,2014-07-03,0.58,0.6,0.58,0.6,178000.0,0.0
00505.HK,2014-07-04,0.58,0.58,0.56,0.57,94000.0,0.0
00505.HK,2014-07-07,0.57,0.58,0.57,0.58,229300.0,0.0
00505.HK,2014-07-08,0.58,0.58,0.58,0.58,50000.0,0.0
00505.HK,2014-07-09,0.56,0.57,0.56,0.57,33000.0,0.0
00505.HK,2014-07-10,0.57,0.57,0.57,0.57,0.0,0.0
00505.HK,2014-07-11,0.56,0.59,0.56,0.59,296000.0,0.0
00505.HK,2014-07-14,0.57,0.58,0.57,0.58,83000.0,0.0
00505.HK,2014-07-15,0.6,0.6,0.57,0.59,102000.0,0.0
00505.HK,2014-07-16,0.58,0.59,0.58,0.59,80000.0,0.0
00505.HK,2014-07-17,0.6,0.6,0.59,0.59,65000.0,0.0
00505.HK,2014-07-18,0.58,0.6,0.58,0.58,164000.0,0.0
00505.HK,2014-07-21,0.58,0.58,0.58,0.58,20000.0,0.0
00505.HK,2014-07-22,0.58,0.59,0.58,0.59,74000.0,0.0
00505.HK,2014-07-23,0.58,0.59,0.57,0.59,252000.0,0.0
00505.HK,2014-07-24,0.59,0.62,0.59,0.62,271000.0,0.0
00505.HK,2014-07-25,0.61,0.68,0.61,0.67,2516000.0,0.0
00505.HK,2014-07-28,0.67,0.67,0.63,0.65,412000.0,0.0
00505.HK,2014-07-29,0.65,0.68,0.64,0.66,833000.0,0.0
00505.HK,2014-07-30,0.65,0.65,0.6,0.64,356000.0,0.0
00505.HK,2014-07-31,0.64,0.64,0.64,0.64,134000.0,0.0
00505.HK,2014-08-01,0.6,0.62,0.6,0.61,151700.0,0.0
00505.HK,2014-08-04,0.61,0.65,0.6,0.65,531000.0,0.0
00505.HK,2014-08-05,0.62,0.62,0.61,0.62,48000.0,0.0
00505.HK,2014-08-06,0.62,0.64,0.61,0.64,222000.0,0.0
00505.HK,2014-08-07,0.64,0.66,0.64,0.65,275000.0,0.0
00505.HK,2014-08-08,0.65,0.65,0.62,0.62,55000.0,0.0
00505.HK,2014-08-11,0.63,0.65,0.63,0.65,81000.0,0.0
00505.HK,2014-08-12,0.64,0.65,0.62,0.62,269000.0,0.0
00505.HK,2014-08-13,0.63,0.65,0.62,0.64,377000.0,0.0
00505.HK,2014-08-14,0.64,0.66,0.64,0.65,302000.0,0.0
00505.HK,2014-08-15,0.65,0.68,0.65,0.67,890000.0,0.0
00505.HK,2014-08-18,0.68,0.84,0.67,0.81,8189200.0,0.0
00505.HK,2014-08-19,0.79,0.79,0.69,0.71,4164000.0,0.0
00505.HK,2014-08-20,0.71,0.73,0.65,0.7,1208000.0,0.0
00505.HK,2014-08-21,0.7,0.71,0.68,0.71,288000.0,0.0
00505.HK,2014-08-22,0.69,0.72,0.68,0.72,596000.0,0.0
00505.HK,2014-08-25,0.66,0.72,0.66,0.71,524000.0,0.0
00505.HK,2014-08-26,0.68,0.7,0.68,0.7,182000.0,0.0
00505.HK,2014-08-27,0.7,0.72,0.7,0.71,393000.0,0.0
00505.HK,2014-08-28,0.68,0.69,0.67,0.69,298000.0,0.0
00505.HK,2014-08-29,0.67,0.72,0.66,0.71,238000.0,0.0
00505.HK,2014-09-01,0.73,0.73,0.66,0.68,373000.0,0.0
00505.HK,2014-09-02,0.67,0.68,0.67,0.68,303300.0,0.0
00505.HK,2014-09-03,0.68,0.68,0.67,0.67,207000.0,0.0
00505.HK,2014-09-04,0.67,0.68,0.66,0.68,108000.0,0.0
00505.HK,2014-09-05,0.67,0.68,0.67,0.68,297000.0,0.0
00505.HK,2014-09-08,0.66,0.67,0.65,0.66,330000.0,0.0
00505.HK,2014-09-10,0.66,0.68,0.66,0.67,633000.0,0.0
00505.HK,2014-09-11,0.68,0.7,0.68,0.68,363000.0,0.0
00505.HK,2014-09-12,0.68,0.71,0.68,0.69,135000.0,0.0
00505.HK,2014-09-15,0.7,0.7,0.69,0.69,431000.0,0.0
00505.HK,2014-09-16,0.68,0.68,0.68,0.68,11000.0,0.0
00505.HK,2014-09-17,0.68,0.69,0.65,0.66,848000.0,0.0
00505.HK,2014-09-18,0.66,0.69,0.66,0.67,270000.0,0.0
00505.HK,2014-09-19,0.68,0.68,0.67,0.67,70000.0,0.0
00505.HK,2014-09-22,0.66,0.66,0.64,0.66,433000.0,0.0
00505.HK,2014-09-23,0.67,0.7,0.66,0.66,61000.0,0.0
00505.HK,2014-09-24,0.66,0.66,0.66,0.66,66000.0,0.0
00505.HK,2014-09-25,0.67,0.7,0.66,0.67,384000.0,0.0
00505.HK,2014-09-26,0.66,0.69,0.66,0.66,95000.0,0.0
00505.HK,2014-09-29,0.64,0.66,0.64,0.66,278000.0,0.0
00505.HK,2014-09-30,0.65,0.65,0.61,0.63,334000.0,0.0
00505.HK,2014-10-03,0.61,0.63,0.61,0.62,487000.0,0.0
00505.HK,2014-10-06,0.62,0.68,0.62,0.67,18000.0,0.0
00505.HK,2014-10-07,0.68,0.68,0.67,0.67,3747000.0,0.0
00505.HK,2014-10-08,0.65,0.65,0.65,0.65,85000.0,0.0
00505.HK,2014-10-09,0.65,0.67,0.64,0.64,227000.0,0.0
00505.HK,2014-10-10,0.66,0.66,0.63,0.63,75000.0,0.0
00505.HK,2014-10-13,0.62,0.66,0.62,0.63,214000.0,0.0
00505.HK,2014-10-14,0.67,0.67,0.67,0.67,1000.0,0.0
00505.HK,2014-10-15,0.64,0.64,0.63,0.64,205800.0,0.0
00505.HK,2014-10-16,0.63,0.65,0.63,0.65,43000.0,0.0
00505.HK,2014-10-17,0.64,0.64,0.63,0.63,65000.0,0.0
00505.HK,2014-10-20,0.63,0.64,0.63,0.63,225000.0,0.0
00505.HK,2014-10-21,0.64,0.64,0.62,0.62,183000.0,0.0
00505.HK,2014-10-22,0.63,0.63,0.62,0.62,796000.0,0.0
00505.HK,2014-10-23,0.62,0.62,0.62,0.62,141000.0,0.0
00505.HK,2014-10-24,0.62,0.62,0.61,0.62,250000.0,0.0
00505.HK,2014-10-27,0.62,0.62,0.61,0.61,140000.0,0.0
00505.HK,2014-10-28,0.61,0.61,0.6,0.6,98000.0,0.0
00505.HK,2014-10-29,0.61,0.66,0.61,0.63,363000.0,0.0
00505.HK,2014-10-30,0.65,0.65,0.59,0.61,370000.0,0.0
00505.HK,2014-10-31,0.6,0.61,0.58,0.59,826000.0,0.0
00505.HK,2014-11-03,0.58,0.58,0.58,0.58,35000.0,0.0
00505.HK,2014-11-04,0.58,0.58,0.58,0.58,0.0,0.0
00505.HK,2014-11-05,0.58,0.59,0.58,0.59,83000.0,0.0
00505.HK,2014-11-06,0.59,0.61,0.59,0.61,154000.0,0.0
00505.HK,2014-11-07,0.6,0.6,0.6,0.6,185000.0,0.0
00505.HK,2014-11-10,0.61,0.63,0.6,0.63,621000.0,0.0
00505.HK,2014-11-11,0.62,0.62,0.6,0.6,140000.0,0.0
00505.HK,2014-11-12,0.64,0.68,0.64,0.64,1075000.0,0.0
00505.HK,2014-11-13,0.62,0.63,0.61,0.61,344000.0,0.0
00505.HK,2014-11-14,0.61,0.63,0.61,0.61,243000.0,0.0
00505.HK,2014-11-17,0.63,0.63,0.61,0.61,92000.0,0.0
00505.HK,2014-11-18,0.61,0.62,0.59,0.6,180000.0,0.0
00505.HK,2014-11-19,0.59,0.61,0.59,0.61,62000.0,0.0
00505.HK,2014-11-20,0.63,0.63,0.6,0.6,42000.0,0.0
00505.HK,2014-11-21,0.61,0.61,0.59,0.6,137000.0,0.0
00505.HK,2014-11-24,0.62,0.62,0.62,0.62,143000.0,0.0
00505.HK,2014-11-25,0.6,0.61,0.6,0.6,189000.0,0.0
00505.HK,2014-11-26,0.61,0.62,0.6,0.62,610000.0,0.0
00505.HK,2014-11-27,0.62,0.62,0.61,0.61,205000.0,0.0
00505.HK,2014-11-28,0.61,0.61,0.6,0.61,134000.0,0.0
00505.HK,2014-12-01,0.61,0.61,0.61,0.61,219000.0,0.0
00505.HK,2014-12-02,0.61,0.61,0.61,0.61,107000.0,0.0
00505.HK,2014-12-03,0.61,0.62,0.61,0.61,177000.0,0.0
00505.HK,2014-12-04,0.61,0.71,0.6,0.61,966000.0,0.0
00505.HK,2014-12-05,0.63,0.71,0.63,0.71,4809600.0,0.0
00505.HK,2014-12-08,0.75,0.76,0.69,0.71,7554000.0,0.0
00505.HK,2014-12-09,0.71,0.74,0.64,0.68,1144000.0,0.0
00505.HK,2014-12-10,0.66,0.66,0.66,0.66,252000.0,0.0
00505.HK,2014-12-11,0.72,0.72,0.66,0.7,335000.0,0.0
00505.HK,2014-12-12,0.71,0.71,0.68,0.68,298000.0,0.0
00505.HK,2014-12-15,0.68,0.69,0.68,0.68,90000.0,0.0
00505.HK,2014-12-16,0.64,0.65,0.61,0.64,1383000.0,0.0
00505.HK,2014-12-17,0.64,0.64,0.63,0.63,120000.0,0.0
00505.HK,2014-12-18,0.63,0.63,0.6,0.61,741000.0,0.0
00505.HK,2014-12-19,0.61,0.64,0.6,0.6,494000.0,0.0
00505.HK,2014-12-22,0.6,0.64,0.6,0.6,259000.0,0.0
00505.HK,2014-12-23,0.6,0.63,0.6,0.6,108000.0,0.0
00505.HK,2014-12-24,0.6,0.6,0.58,0.6,103000.0,0.0
00505.HK,2014-12-29,0.6,0.61,0.6,0.61,358000.0,0.0
00505.HK,2014-12-30,0.61,0.62,0.61,0.62,100000.0,0.0
00505.HK,2014-12-31,0.62,0.62,0.62,0.62,0.0,0.0
00505.HK,2015-01-02,0.6,0.61,0.59,0.6,358000.0,0.0
00505.HK,2015-01-05,0.6,0.62,0.6,0.61,1322000.0,0.0
00505.HK,2015-01-06,0.61,0.62,0.61,0.62,231000.0,0.0
00505.HK,2015-01-07,0.62,0.63,0.62,0.62,314000.0,0.0
00505.HK,2015-01-08,0.62,0.62,0.62,0.62,99000.0,0.0
00505.HK,2015-01-09,0.61,0.62,0.61,0.61,685000.0,0.0
00505.HK,2015-01-12,0.6,0.61,0.6,0.6,584000.0,0.0
00505.HK,2015-01-13,0.6,0.62,0.6,0.6,376500.0,0.0
00505.HK,2015-01-14,0.6,0.6,0.59,0.6,638000.0,0.0
00505.HK,2015-01-15,0.6,0.6,0.59,0.59,356000.0,0.0
00505.HK,2015-01-16,0.59,0.59,0.59,0.59,72000.0,0.0
00505.HK,2015-01-19,0.59,0.59,0.58,0.58,301000.0,0.0
00505.HK,2015-01-20,0.59,0.6,0.59,0.6,71000.0,0.0
00505.HK,2015-01-21,0.59,0.6,0.58,0.6,370000.0,0.0
00505.HK,2015-01-22,0.59,0.6,0.58,0.59,392000.0,0.0
00505.HK,2015-01-23,0.59,0.59,0.58,0.58,192000.0,0.0
00505.HK,2015-01-26,0.58,0.58,0.58,0.58,0.0,0.0
00505.HK,2015-01-27,0.58,0.58,0.57,0.57,193000.0,0.0
00505.HK,2015-01-28,0.58,0.58,0.58,0.58,50500.0,0.0
00505.HK,2015-01-29,0.58,0.58,0.58,0.58,74000.0,0.0
00505.HK,2015-01-30,0.57,0.58,0.57,0.58,56000.0,0.0
00505.HK,2015-02-02,0.56,0.56,0.55,0.56,80000.0,0.0
00505.HK,2015-02-03,0.57,0.59,0.56,0.59,174000.0,0.0
00505.HK,2015-02-04,0.56,0.58,0.56,0.57,99000.0,0.0
00505.HK,2015-02-05,0.56,0.57,0.56,0.57,78000.0,0.0
00505.HK,2015-02-06,0.56,0.57,0.56,0.57,154000.0,0.0
00505.HK,2015-02-09,0.56,0.57,0.55,0.57,122000.0,0.0
00505.HK,2015-02-10,0.57,0.57,0.55,0.57,215000.0,0.0
00505.HK,2015-02-11,0.57,0.57,0.57,0.57,0.0,0.0
00505.HK,2015-02-12,0.55,0.57,0.55,0.57,15000.0,0.0
00505.HK,2015-02-13,0.57,0.59,0.56,0.58,174000.0,0.0
00505.HK,2015-02-16,0.59,0.59,0.56,0.56,230000.0,0.0
00505.HK,2015-02-17,0.57,0.58,0.57,0.58,116000.0,0.0
00505.HK,2015-02-18,0.58,0.58,0.58,0.58,0.0,0.0
00505.HK,2015-02-23,0.58,0.58,0.58,0.58,102000.0,0.0
00505.HK,2015-02-24,0.57,0.57,0.57,0.57,50000.0,0.0
00505.HK,2015-02-25,0.57,0.57,0.56,0.57,123000.0,0.0
00505.HK,2015-02-26,0.57,0.57,0.57,0.57,70000.0,0.0
00505.HK,2015-02-27,0.62,0.62,0.58,0.6,237000.0,0.0
00505.HK,2015-03-02,0.58,0.59,0.57,0.59,107000.0,0.0
00505.HK,2015-03-03,0.59,0.59,0.58,0.59,114000.0,0.0
00505.HK,2015-03-04,0.59,0.59,0.57,0.57,58000.0,0.0
00505.HK,2015-03-05,0.57,0.59,0.57,0.58,582000.0,0.0
00505.HK,2015-03-06,0.58,0.59,0.58,0.59,102000.0,0.0
00505.HK,2015-03-09,0.59,0.6,0.58,0.59,442000.0,0.0
00505.HK,2015-03-10,0.6,0.61,0.59,0.59,505000.0,0.0
00505.HK,2015-03-11,0.59,0.59,0.58,0.58,289000.0,0.0
00505.HK,2015-03-12,0.58,0.58,0.58,0.58,312000.0,0.0
00505.HK,2015-03-13,0.58,0.58,0.57,0.57,40000.0,0.0
00505.HK,2015-03-16,0.59,0.6,0.57,0.58,260000.0,0.0
00505.HK,2015-03-17,0.57,0.58,0.57,0.58,513000.0,0.0
00505.HK,2015-03-18,0.65,0.7,0.62,0.63,4918000.0,0.0
00505.HK,2015-03-19,0.64,0.65,0.62,0.63,935000.0,0.0
00505.HK,2015-03-20,0.63,0.64,0.62,0.62,144000.0,0.0
00505.HK,2015-03-23,0.61,0.62,0.61,0.62,384000.0,0.0
00505.HK,2015-03-24,0.62,0.64,0.62,0.64,627000.0,0.0
00505.HK,2015-03-25,0.64,0.64,0.63,0.63,184000.0,0.0
00505.HK,2015-03-26,0.63,0.63,0.61,0.61,749000.0,0.0
00505.HK,2015-03-27,0.61,0.63,0.61,0.63,559000.0,0.0
00505.HK,2015-03-30,0.63,0.63,0.6,0.62,842000.0,0.0
00505.HK,2015-03-31,0.62,0.62,0.6,0.6,84000.0,0.0
00505.HK,2015-04-01,0.6,0.62,0.6,0.62,465000.0,0.0
00505.HK,2015-04-02,0.61,0.61,0.6,0.61,538000.0,0.0
00505.HK,2015-04-08,0.62,0.64,0.62,0.64,1682000.0,0.0
00505.HK,2015-04-09,0.65,0.69,0.63,0.63,2262000.0,0.0
00505.HK,2015-04-10,0.63,0.65,0.62,0.65,2780000.0,0.0
00505.HK,2015-04-13,0.65,0.73,0.65,0.71,4292000.0,0.0
00505.HK,2015-04-14,0.73,0.73,0.67,0.68,1493400.0,0.0
00505.HK,2015-04-15,0.68,0.72,0.67,0.67,976000.0,0.0
00505.HK,2015-04-16,0.67,0.71,0.67,0.71,1466000.0,0.0
00505.HK,2015-04-17,0.71,0.72,0.69,0.69,1628000.0,0.0
00505.HK,2015-04-20,0.68,0.7,0.67,0.67,1219000.0,0.0
00505.HK,2015-04-21,0.68,0.7,0.68,0.7,1521000.0,0.0
00505.HK,2015-04-22,0.71,0.74,0.71,0.73,2898500.0,0.0
00505.HK,2015-04-23,0.73,0.75,0.72,0.73,3058000.0,0.0
00505.HK,2015-04-24,0.73,0.74,0.71,0.73,1682000.0,0.0
00505.HK,2015-04-27,0.74,0.75,0.72,0.72,1294000.0,0.0
00505.HK,2015-04-28,0.73,0.76,0.72,0.75,1723000.0,0.0
00505.HK,2015-04-29,0.75,0.75,0.73,0.74,865000.0,0.0
00505.HK,2015-04-30,0.74,0.8,0.73,0.77,5352000.0,0.0
00505.HK,2015-05-04,0.76,0.86,0.76,0.82,3828000.0,0.0
00505.HK,2015-05-05,0.82,0.86,0.76,0.79,8836000.0,0.0
00505.HK,2015-05-06,0.79,0.82,0.78,0.79,1119000.0,0.0
00505.HK,2015-05-07,0.79,0.81,0.77,0.77,1274000.0,0.0
00505.HK,2015-05-08,0.78,0.79,0.77,0.78,497000.0,0.0
00505.HK,2015-05-11,0.78,0.78,0.77,0.78,1454300.0,0.0
00505.HK,2015-05-12,0.77,0.78,0.77,0.78,822000.0,0.0
00505.HK,2015-05-13,0.78,0.82,0.78,0.8,2076500.0,0.0
00505.HK,2015-05-14,0.8,0.83,0.8,0.82,881000.0,0.0
00505.HK,2015-05-15,0.81,0.81,0.8,0.8,1132000.0,0.0
00505.HK,2015-05-18,0.82,0.82,0.8,0.8,297000.0,0.0
00505.HK,2015-05-19,0.8,0.81,0.78,0.8,1694000.0,0.0
00505.HK,2015-05-20,0.78,0.81,0.78,0.8,822700.0,0.0
00505.HK,2015-05-21,0.8,0.8,0.79,0.8,314000.0,0.0
00505.HK,2015-05-22,0.8,0.8,0.79,0.79,752000.0,0.0
00505.HK,2015-05-26,0.8,0.83,0.79,0.82,2320000.0,0.0
00505.HK,2015-05-27,0.84,0.85,0.8,0.84,2507000.0,0.0
00505.HK,2015-05-28,0.86,0.99,0.84,0.94,13289000.0,0.0
00505.HK,2015-05-29,0.95,0.97,0.87,0.95,4168000.0,0.0
00505.HK,2015-06-01,0.95,0.97,0.94,0.97,1546000.0,0.0
00505.HK,2015-06-02,0.97,0.97,0.94,0.95,3904000.0,0.0
00505.HK,2015-06-03,0.96,0.96,0.91,0.93,2547800.0,0.0
00505.HK,2015-06-04,0.92,0.94,0.87,0.9,2777000.0,0.0
00505.HK,2015-06-05,0.9,0.94,0.85,0.92,2410000.0,0.0
00505.HK,2015-06-08,0.92,0.94,0.9,0.93,1548100.0,0.0
00505.HK,2015-06-09,0.94,0.96,0.9,0.93,4107000.0,0.0
00505.HK,2015-06-10,0.94,1.16,0.94,1.11,20020000.0,0.0
00505.HK,2015-06-11,1.16,1.16,1.0,1.01,4420000.0,0.0
00505.HK,2015-06-12,1.03,1.1,1.02,1.05,4531000.0,0.0
00505.HK,2015-06-15,1.05,1.15,1.05,1.06,4127000.0,0.0
00505.HK,2015-06-16,1.03,1.09,1.0,1.02,2356000.0,0.0
00505.HK,2015-06-17,1.06,1.1,1.02,1.07,2915000.0,0.0
00505.HK,2015-06-18,1.08,1.11,1.06,1.06,1905000.0,0.0
00505.HK,2015-06-19,1.06,1.07,1.05,1.05,767900.0,0.0
00505.HK,2015-06-22,1.05,1.09,1.05,1.08,1689000.0,0.0
00505.HK,2015-06-23,1.13,1.18,1.0,1.05,6965900.0,0.0
00505.HK,2015-06-24,1.05,1.08,1.04,1.06,2373000.0,0.0
00505.HK,2015-06-25,1.07,1.11,1.04,1.07,4037000.0,0.0
00505.HK,2015-06-26,1.06,1.06,1.02,1.02,2182000.0,0.0
00505.HK,2015-06-29,1.03,1.03,0.94,0.99,2450900.0,0.0
00505.HK,2015-06-30,0.99,0.99,0.91,0.95,2225000.0,0.0
00505.HK,2015-07-02,0.93,1.05,0.92,1.02,3913000.0,0.0
00505.HK,2015-07-03,1.04,1.04,0.97,1.0,2612000.0,0.0
00505.HK,2015-07-06,1.01,1.01,0.85,0.88,6190000.0,0.0
00505.HK,2015-07-07,0.88,0.88,0.8,0.8,3586000.0,0.0
00505.HK,2015-07-08,0.75,0.88,0.71,0.8,5672000.0,0.0
00505.HK,2015-07-09,0.8,0.92,0.8,0.86,1526200.0,0.0
00505.HK,2015-07-10,0.92,1.02,0.9,0.94,1919200.0,0.0
00505.HK,2015-07-13,0.9,1.0,0.9,0.97,1290000.0,0.0
00505.HK,2015-07-14,0.98,1.0,0.96,0.99,1295000.0,0.0
00505.HK,2015-07-15,1.0,1.0,0.94,0.96,10831400.0,0.0
00505.HK,2015-07-16,0.95,0.98,0.92,0.97,1306000.0,0.0
00505.HK,2015-07-17,0.97,1.0,0.95,0.96,1781000.0,0.0
00505.HK,2015-07-20,0.96,0.96,0.93,0.96,750000.0,0.0
00505.HK,2015-07-21,0.98,1.04,0.97,1.01,1219000.0,0.0
00505.HK,2015-07-22,1.0,1.0,0.97,0.97,904000.0,0.0
00505.HK,2015-07-23,0.98,1.02,0.95,0.98,1035000.0,0.0
00505.HK,2015-07-24,0.97,1.0,0.96,0.97,8855000.0,0.0
00505.HK,2015-07-27,0.97,1.0,0.93,0.93,810400.0,0.0
00505.HK,2015-07-28,0.93,0.98,0.93,0.96,335000.0,0.0
00505.HK,2015-07-29,0.96,1.0,0.96,0.97,115000.0,0.0
00505.HK,2015-07-30,1.0,1.05,0.97,0.97,649300.0,0.0
00505.HK,2015-07-31,1.0,1.0,0.97,0.97,588000.0,0.0
00505.HK,2015-08-03,1.0,1.0,0.96,0.96,1014000.0,0.0
00505.HK,2015-08-04,0.95,0.98,0.95,0.98,151000.0,0.0
00505.HK,2015-08-05,0.99,0.99,0.97,0.99,231000.0,0.0
00505.HK,2015-08-06,0.98,1.0,0.98,0.98,627000.0,0.0
00505.HK,2015-08-07,1.01,1.02,0.99,1.0,597000.0,0.0
00505.HK,2015-08-10,1.0,1.04,0.99,1.03,1046000.0,0.0
00505.HK,2015-08-11,1.03,1.05,1.03,1.04,959000.0,0.0
00505.HK,2015-08-12,1.03,1.03,1.02,1.03,931000.0,0.0
00505.HK,2015-08-13,1.02,1.03,1.0,1.01,485000.0,0.0
00505.HK,2015-08-14,1.0,1.0,0.97,0.97,42000.0,0.0
00505.HK,2015-08-17,0.98,0.99,0.98,0.99,42000.0,0.0
00505.HK,2015-08-18,0.99,0.99,0.98,0.99,72000.0,0.0
00505.HK,2015-08-19,0.99,1.0,0.98,0.98,187000.0,0.0
00505.HK,2015-08-20,0.96,0.97,0.95,0.95,461000.0,0.0
00505.HK,2015-08-21,0.92,0.94,0.92,0.92,1204000.0,0.0
00505.HK,2015-08-24,0.88,0.88,0.82,0.87,311000.0,0.0
00505.HK,2015-08-25,0.87,0.87,0.83,0.84,351000.0,0.0
00505.HK,2015-08-26,0.84,0.89,0.84,0.88,757000.0,0.0
00505.HK,2015-08-27,0.92,0.93,0.9,0.91,478000.0,0.0
00505.HK,2015-08-28,0.94,0.94,0.9,0.92,223000.0,0.0
00505.HK,2015-08-31,0.92,0.92,0.91,0.91,50000.0,0.0
00505.HK,2015-09-01,0.9,0.92,0.85,0.92,80000.0,0.0
00505.HK,2015-09-02,0.85,0.9,0.83,0.87,68000.0,0.0
00505.HK,2015-09-04,0.87,0.87,0.84,0.86,83000.0,0.0
00505.HK,2015-09-07,0.86,0.86,0.86,0.86,0.0,0.0
00505.HK,2015-09-08,0.86,0.89,0.83,0.86,154200.0,0.0
00505.HK,2015-09-09,0.9,0.94,0.88,0.89,104000.0,0.0
00505.HK,2015-09-10,0.93,1.01,0.91,0.94,500000.0,0.0
00505.HK,2015-09-11,0.99,0.99,0.9,0.94,86000.0,0.0
00505.HK,2015-09-14,0.9,0.94,0.9,0.94,142000.0,0.0
00505.HK,2015-09-15,0.9,0.93,0.9,0.93,62000.0,0.0
00505.HK,2015-09-16,0.85,0.99,0.85,0.92,84000.0,0.0
00505.HK,2015-09-17,0.95,0.95,0.89,0.94,121000.0,0.0
00505.HK,2015-09-18,0.95,0.95,0.91,0.91,63000.0,0.0
00505.HK,2015-09-21,0.97,0.97,0.93,0.93,1000.0,0.0
00505.HK,2015-09-22,0.93,0.93,0.93,0.93,1000.0,0.0
00505.HK,2015-09-23,0.95,0.95,0.88,0.9,51000.0,0.0
00505.HK,2015-09-24,0.9,0.9,0.84,0.84,705000.0,0.0
00505.HK,2015-09-25,0.88,0.88,0.86,0.86,275000.0,0.0
00505.HK,2015-09-29,0.92,0.92,0.84,0.84,175000.0,0.0
00505.HK,2015-09-30,0.88,0.88,0.88,0.88,100000.0,0.0
00505.HK,2015-10-02,0.84,0.9,0.83,0.9,107000.0,0.0
00505.HK,2015-10-05,0.84,0.87,0.8,0.81,875000.0,0.0
00505.HK,2015-10-06,0.82,0.84,0.79,0.8,500000.0,0.0
00505.HK,2015-10-07,0.83,0.83,0.8,0.83,206000.0,0.0
00505.HK,2015-10-08,0.83,0.85,0.81,0.85,318000.0,0.0
00505.HK,2015-10-09,0.85,0.89,0.82,0.85,297000.0,0.0
00505.HK,2015-10-12,0.82,0.87,0.82,0.87,86000.0,0.0
00505.HK,2015-10-13,0.87,0.87,0.87,0.87,120000.0,0.0
00505.HK,2015-10-14,0.88,0.88,0.87,0.88,320000.0,0.0
00505.HK,2015-10-15,0.85,0.88,0.85,0.88,22000.0,0.0
00505.HK,2015-10-16,0.88,0.92,0.8,0.86,5800000.0,0.0
00505.HK,2015-10-19,0.89,0.89,0.88,0.88,20000.0,0.0
00505.HK,2015-10-20,0.87,0.88,0.86,0.88,33000.0,0.0
00505.HK,2015-10-22,0.88,0.88,0.88,0.88,20000.0,0.0
00505.HK,2015-10-23,0.88,0.88,0.87,0.88,115000.0,0.0
00505.HK,2015-10-26,0.86,0.87,0.85,0.85,186000.0,0.0
00505.HK,2015-10-27,0.87,0.87,0.86,0.87,108000.0,0.0
00505.HK,2015-10-28,0.87,0.88,0.84,0.88,110000.0,0.0
00505.HK,2015-10-29,0.86,0.87,0.8,0.87,287000.0,0.0
00505.HK,2015-10-30,0.87,0.87,0.86,0.86,10000.0,0.0
00505.HK,2015-11-02,0.86,0.88,0.86,0.87,362000.0,0.0
00505.HK,2015-11-03,0.87,0.87,0.87,0.87,20000.0,0.0
00505.HK,2015-11-04,0.84,0.86,0.83,0.86,64000.0,0.0
00505.HK,2015-11-05,0.83,0.86,0.83,0.86,42000.0,0.0
00505.HK,2015-11-06,0.83,0.88,0.81,0.88,223000.0,0.0
00505.HK,2015-11-09,0.88,0.88,0.85,0.85,21000.0,0.0
00505.HK,2015-11-10,0.87,0.88,0.85,0.87,44000.0,0.0
00505.HK,2015-11-11,0.87,0.87,0.86,0.86,11000.0,0.0
00505.HK,2015-11-12,0.86,0.86,0.86,0.86,10000.0,0.0
00505.HK,2015-11-13,0.82,0.86,0.8,0.85,160000.0,0.0
00505.HK,2015-11-16,0.84,0.84,0.81,0.83,351000.0,0.0
00505.HK,2015-11-17,0.83,0.86,0.83,0.84,29000.0,0.0
00505.HK,2015-11-18,0.84,0.84,0.84,0.84,16000.0,0.0
00505.HK,2015-11-19,0.85,0.86,0.85,0.86,21000.0,0.0
00505.HK,2015-11-20,0.84,0.88,0.84,0.87,224000.0,0.0
00505.HK,2015-11-23,0.86,0.9,0.85,0.89,145000.0,0.0
00505.HK,2015-11-24,0.89,0.89,0.87,0.87,145000.0,0.0
00505.HK,2015-11-25,0.82,0.94,0.82,0.89,1096000.0,0.0
00505.HK,2015-11-26,0.89,0.89,0.89,0.89,0.0,0.0
00505.HK,2015-11-27,0.88,0.89,0.88,0.88,91000.0,0.0
00505.HK,2015-11-30,0.88,0.88,0.85,0.85,241000.0,0.0
00505.HK,2015-12-01,0.86,0.86,0.86,0.86,10000.0,0.0
00505.HK,2015-12-02,0.86,0.89,0.86,0.86,55000.0,0.0
00505.HK,2015-12-03,0.83,0.86,0.83,0.86,55400.0,0.0
00505.HK,2015-12-04,0.87,0.88,0.85,0.85,160000.0,0.0
00505.HK,2015-12-07,0.88,0.88,0.87,0.87,367000.0,0.0
00505.HK,2015-12-08,0.87,0.9,0.87,0.89,1917000.0,0.0
00505.HK,2015-12-09,0.9,0.92,0.88,0.88,582000.0,0.0
00505.HK,2015-12-10,0.85,0.9,0.85,0.9,340000.0,0.0
00505.HK,2015-12-11,0.9,0.9,0.89,0.89,144500.0,0.0
00505.HK,2015-12-14,0.84,0.93,0.84,0.93,444000.0,0.0
00505.HK,2015-12-15,0.93,0.94,0.88,0.88,374000.0,0.0
00505.HK,2015-12-16,0.94,0.94,0.89,0.9,791000.0,0.0
00505.HK,2015-12-17,0.9,0.98,0.9,0.95,1512000.0,0.0
00505.HK,2015-12-18,0.93,0.96,0.92,0.96,262000.0,0.0
00505.HK,2015-12-21,0.95,0.98,0.93,0.94,411000.0,0.0
00505.HK,2015-12-22,0.93,0.95,0.91,0.91,334200.0,0.0
00505.HK,2015-12-23,0.91,0.95,0.91,0.95,22000.0,0.0
00505.HK,2015-12-24,0.95,0.95,0.91,0.92,314000.0,0.0
00505.HK,2015-12-28,0.9,0.95,0.9,0.93,303000.0,0.0
00505.HK,2015-12-29,0.95,1.0,0.95,0.99,2188000.0,0.0
00505.HK,2015-12-30,0.99,1.1,0.98,1.1,4535000.0,0.0
00505.HK,2015-12-31,1.09,1.09,1.04,1.06,716400.0,0.0
00505.HK,2016-01-04,1.05,1.05,1.01,1.03,922000.0,0.0
00505.HK,2016-01-05,1.01,1.06,1.0,1.04,1599000.0,0.0
00505.HK,2016-01-06,1.06,1.1,1.05,1.07,1217900.0,0.0
00505.HK,2016-01-07,1.04,1.05,1.0,1.02,520000.0,0.0
00505.HK,2016-01-08,1.01,1.04,1.0,1.03,1053000.0,0.0
00505.HK,2016-01-11,1.0,1.05,0.98,1.0,676000.0,0.0
00505.HK,2016-01-12,1.02,1.03,1.0,1.02,542000.0,0.0
00505.HK,2016-01-13,1.02,1.03,1.0,1.0,154000.0,0.0
00505.HK,2016-01-14,1.0,1.0,0.98,1.0,472000.0,0.0
00505.HK,2016-01-15,1.0,1.0,0.97,0.98,337000.0,0.0
00505.HK,2016-01-18,0.96,0.96,0.88,0.9,1328000.0,0.0
00505.HK,2016-01-19,0.9,0.92,0.9,0.91,38000.0,0.0
00505.HK,2016-01-20,0.91,0.91,0.91,0.91,192000.0,0.0
00505.HK,2016-01-21,0.91,0.95,0.88,0.88,164000.0,0.0
00505.HK,2016-01-22,0.88,0.94,0.88,0.89,438000.0,0.0
00505.HK,2016-01-25,0.91,0.91,0.9,0.9,135000.0,0.0
00505.HK,2016-01-26,0.9,0.93,0.85,0.88,371000.0,0.0
00505.HK,2016-01-27,0.88,0.9,0.88,0.9,239000.0,0.0
00505.HK,2016-01-28,0.89,0.9,0.88,0.89,490000.0,0.0
00505.HK,2016-01-29,0.89,0.89,0.88,0.88,305000.0,0.0
00505.HK,2016-02-01,0.9,0.9,0.85,0.88,161000.0,0.0
00505.HK,2016-02-02,0.88,0.9,0.86,0.9,348000.0,0.0
00505.HK,2016-02-03,0.89,0.89,0.89,0.89,20000.0,0.0
00505.HK,2016-02-04,0.89,0.9,0.85,0.9,280000.0,0.0
00505.HK,2016-02-05,0.9,0.91,0.89,0.89,114000.0,0.0
00505.HK,2016-02-11,0.9,0.91,0.86,0.89,130000.0,0.0
00505.HK,2016-02-12,0.93,0.93,0.91,0.91,20000.0,0.0
00505.HK,2016-02-15,0.86,0.91,0.86,0.9,435000.0,0.0
00505.HK,2016-02-16,0.9,0.92,0.89,0.92,215000.0,0.0
00505.HK,2016-02-17,0.93,0.95,0.93,0.93,259000.0,0.0
00505.HK,2016-02-18,0.93,0.95,0.93,0.95,719000.0,0.0
00505.HK,2016-02-19,0.93,0.93,0.91,0.92,614000.0,0.0
00505.HK,2016-02-22,0.91,0.94,0.91,0.94,53000.0,0.0
00505.HK,2016-02-23,0.92,0.92,0.92,0.92,157000.0,0.0
00505.HK,2016-02-24,0.92,0.92,0.92,0.92,156000.0,0.0
00505.HK,2016-02-25,0.92,0.92,0.9,0.9,461000.0,0.0
00505.HK,2016-02-26,0.94,0.94,0.91,0.91,593000.0,0.0
00505.HK,2016-02-29,0.9,0.9,0.9,0.9,10000.0,0.0
00505.HK,2016-03-01,0.92,0.93,0.91,0.91,120000.0,0.0
00505.HK,2016-03-02,0.95,0.95,0.93,0.93,178000.0,0.0
00505.HK,2016-03-03,0.93,0.94,0.91,0.92,351000.0,0.0
00505.HK,2016-03-04,0.88,0.94,0.88,0.91,46000.0,0.0
00505.HK,2016-03-07,0.95,0.95,0.91,0.95,295000.0,0.0
00505.HK,2016-03-08,0.95,0.95,0.95,0.95,33000.0,0.0
00505.HK,2016-03-09,0.95,0.95,0.92,0.95,106000.0,0.0
00505.HK,2016-03-10,0.97,0.97,0.95,0.95,134000.0,0.0
00505.HK,2016-03-11,0.96,0.96,0.95,0.95,72000.0,0.0
00505.HK,2016-03-14,0.96,0.96,0.95,0.95,48000.0,0.0
00505.HK,2016-03-15,0.95,0.96,0.95,0.95,99000.0,0.0
00505.HK,2016-03-16,0.94,0.94,0.93,0.93,160000.0,0.0
00505.HK,2016-03-17,0.95,0.96,0.94,0.95,111000.0,0.0
00505.HK,2016-03-18,0.95,0.96,0.89,0.94,135000.0,0.0
00505.HK,2016-03-21,0.9,0.94,0.9,0.91,153000.0,0.0
00505.HK,2016-03-22,0.9,0.94,0.9,0.94,73000.0,0.0
00505.HK,2016-03-23,0.95,0.95,0.93,0.93,13000.0,0.0
00505.HK,2016-03-24,0.92,0.93,0.92,0.93,30000.0,0.0
00505.HK,2016-03-29,0.92,0.92,0.92,0.92,58000.0,0.0
00505.HK,2016-03-30,0.91,0.91,0.89,0.91,55000.0,0.0
00505.HK,2016-03-31,0.95,0.95,0.94,0.94,26000.0,0.0
00505.HK,2016-04-01,0.9,0.91,0.9,0.91,110000.0,0.0
00505.HK,2016-04-05,0.94,0.94,0.88,0.92,196000.0,0.0
00505.HK,2016-04-06,0.92,0.92,0.92,0.92,50000.0,0.0
00505.HK,2016-04-07,0.92,0.94,0.92,0.92,259000.0,0.0
00505.HK,2016-04-08,0.92,0.92,0.92,0.92,77000.0,0.0
00505.HK,2016-04-11,0.9,0.9,0.9,0.9,0.0,0.0
00505.HK,2016-04-12,0.89,0.94,0.87,0.94,400000.0,0.0
00505.HK,2016-04-13,0.9,0.9,0.89,0.9,82000.0,0.0
00505.HK,2016-04-14,0.9,0.91,0.9,0.91,100000.0,0.0
00505.HK,2016-04-15,0.91,0.91,0.89,0.89,166000.0,0.0
00505.HK,2016-04-18,0.91,0.92,0.91,0.92,64000.0,0.0
00505.HK,2016-04-19,0.9,0.93,0.9,0.93,16000.0,0.0
00505.HK,2016-04-20,0.93,0.93,0.91,0.91,61000.0,0.0
00505.HK,2016-04-21,0.93,0.93,0.9,0.93,9000.0,0.0
00505.HK,2016-04-22,0.92,0.92,0.9,0.91,100000.0,0.0
00505.HK,2016-04-25,0.9,0.94,0.9,0.94,269000.0,0.0
00505.HK,2016-04-26,0.9,0.93,0.9,0.91,133000.0,0.0
00505.HK,2016-04-27,0.91,0.91,0.91,0.91,0.0,0.0
00505.HK,2016-04-28,0.91,0.91,0.88,0.91,244000.0,0.0
00505.HK,2016-04-29,0.91,0.91,0.9,0.9,14000.0,0.0
00505.HK,2016-05-03,0.91,0.93,0.88,0.89,113000.0,0.0
00505.HK,2016-05-04,0.89,0.89,0.89,0.89,62000.0,0.0
00505.HK,2016-05-05,0.87,0.87,0.86,0.87,280000.0,0.0
00505.HK,2016-05-06,0.88,0.88,0.85,0.88,834000.0,0.0
00505.HK,2016-05-09,0.86,0.88,0.83,0.88,208000.0,0.0
00505.HK,2016-05-10,0.86,0.86,0.84,0.86,266000.0,0.0
00505.HK,2016-05-11,0.85,0.9,0.85,0.89,212000.0,0.0
00505.HK,2016-05-12,0.85,0.88,0.85,0.88,81000.0,0.0
00505.HK,2016-05-13,0.88,0.88,0.88,0.88,10000.0,0.0
00505.HK,2016-05-16,0.85,0.87,0.81,0.84,397000.0,0.0
00505.HK,2016-05-17,0.84,0.84,0.81,0.82,138000.0,0.0
00505.HK,2016-05-18,0.81,0.82,0.81,0.82,79000.0,0.0
00505.HK,2016-05-19,0.81,0.82,0.81,0.82,10000.0,0.0
00505.HK,2016-05-20,0.81,0.88,0.81,0.88,182000.0,0.0
00505.HK,2016-05-23,0.85,0.88,0.85,0.86,126000.0,0.0
00505.HK,2016-05-24,0.91,0.91,0.88,0.88,100000.0,0.0
00505.HK,2016-05-25,0.94,0.94,0.87,0.91,70000.0,0.0
00505.HK,2016-05-26,0.9,0.9,0.88,0.89,73000.0,0.0
00505.HK,2016-05-27,0.9,0.9,0.88,0.89,53000.0,0.0
00505.HK,2016-05-30,0.9,0.9,0.89,0.89,51000.0,0.0
00505.HK,2016-05-31,0.9,0.9,0.89,0.89,250000.0,0.0
00505.HK,2016-06-01,0.89,0.93,0.88,0.92,205000.0,0.0
00505.HK,2016-06-02,0.89,0.9,0.88,0.9,67000.0,0.0
00505.HK,2016-06-03,0.9,0.92,0.89,0.92,137000.0,0.0
00505.HK,2016-06-06,0.91,0.92,0.9,0.92,136000.0,0.0
00505.HK,2016-06-07,0.9,0.92,0.89,0.92,219000.0,0.0
00505.HK,2016-06-08,0.9,0.92,0.9,0.92,212000.0,0.0
00505.HK,2016-06-10,0.9,0.91,0.86,0.91,74000.0,0.0
00505.HK,2016-06-13,0.9,0.91,0.89,0.91,70000.0,0.0
00505.HK,2016-06-14,0.9,0.91,0.89,0.91,96000.0,0.0
00505.HK,2016-06-15,0.9,0.93,0.89,0.93,189990.0,0.0
00505.HK,2016-06-16,0.93,0.93,0.9,0.92,48400.0,0.0
00505.HK,2016-06-17,0.92,0.92,0.92,0.92,378000.0,0.0
00505.HK,2016-06-20,0.92,0.92,0.92,0.92,256000.0,0.0
00505.HK,2016-06-21,0.9,0.9,0.88,0.9,77000.0,0.0
00505.HK,2016-06-22,0.91,0.92,0.91,0.91,210000.0,0.0
00505.HK,2016-06-23,0.94,0.94,0.91,0.91,224000.0,0.0
00505.HK,2016-06-24,0.93,0.93,0.86,0.88,87000.0,0.0
00505.HK,2016-06-27,0.92,0.92,0.85,0.86,826000.0,0.0
00505.HK,2016-06-28,0.87,0.92,0.87,0.9,97000.0,0.0
00505.HK,2016-06-29,0.9,0.93,0.9,0.92,125000.0,0.0
00505.HK,2016-06-30,0.94,0.94,0.92,0.92,320000.0,0.0
00505.HK,2016-07-04,0.92,0.93,0.92,0.92,380000.0,0.0
00505.HK,2016-07-05,0.93,0.93,0.92,0.93,305000.0,0.0
00505.HK,2016-07-06,0.91,0.92,0.91,0.91,238000.0,0.0
00505.HK,2016-07-07,0.91,0.91,0.91,0.91,16000.0,0.0
00505.HK,2016-07-08,0.91,0.92,0.89,0.89,387000.0,0.0
00505.HK,2016-07-11,0.9,0.9,0.89,0.89,146000.0,0.0
00505.HK,2016-07-12,0.9,0.91,0.9,0.91,129000.0,0.0
00505.HK,2016-07-13,0.91,0.94,0.91,0.93,677000.0,0.0
00505.HK,2016-07-14,0.93,0.93,0.91,0.91,124000.0,0.0
00505.HK,2016-07-15,0.9,0.93,0.9,0.93,80000.0,0.0
00505.HK,2016-07-18,0.95,0.95,0.9,0.92,133000.0,0.0
00505.HK,2016-07-19,0.91,0.93,0.9,0.9,92000.0,0.0
00505.HK,2016-07-20,0.92,0.92,0.92,0.92,50000.0,0.0
00505.HK,2016-07-21,0.93,0.93,0.87,0.9,612000.0,0.0
00505.HK,2016-07-22,0.89,0.93,0.89,0.91,429000.0,0.0
00505.HK,2016-07-25,0.93,0.94,0.92,0.92,319000.0,0.0
00505.HK,2016-07-26,0.92,0.92,0.91,0.91,115000.0,0.0
00505.HK,2016-07-27,0.9,0.91,0.89,0.91,130000.0,0.0
00505.HK,2016-07-28,0.92,0.92,0.92,0.92,4000.0,0.0
00505.HK,2016-07-29,0.88,0.89,0.88,0.89,72000.0,0.0
00505.HK,2016-08-01,0.89,0.89,0.89,0.89,38000.0,0.0
00505.HK,2016-08-03,0.89,0.91,0.89,0.91,209000.0,0.0
00505.HK,2016-08-04,0.96,1.05,0.95,0.97,1830000.0,0.0
00505.HK,2016-08-05,0.97,0.97,0.95,0.95,191000.0,0.0
00505.HK,2016-08-08,0.93,0.97,0.93,0.96,374000.0,0.0
00505.HK,2016-08-09,0.96,0.96,0.95,0.96,571000.0,0.0
00505.HK,2016-08-10,0.96,0.97,0.95,0.95,328000.0,0.0
00505.HK,2016-08-11,0.95,0.96,0.95,0.95,86000.0,0.0
00505.HK,2016-08-12,0.95,0.96,0.95,0.95,180000.0,0.0
00505.HK,2016-08-15,0.96,0.96,0.95,0.96,815000.0,0.0
00505.HK,2016-08-16,0.95,0.97,0.95,0.97,1115000.0,0.0
00505.HK,2016-08-17,0.98,0.98,0.97,0.98,1331000.0,0.0
00505.HK,2016-08-18,0.98,1.0,0.98,0.99,1569000.0,0.0
00505.HK,2016-08-19,0.99,1.02,0.98,1.01,2605000.0,0.0
00505.HK,2016-08-22,1.02,1.04,1.02,1.03,2734000.0,0.0
00505.HK,2016-08-23,1.03,1.04,1.0,1.0,510000.0,0.0
00505.HK,2016-08-24,1.02,1.03,1.0,1.02,478000.0,0.0
00505.HK,2016-08-25,1.02,1.03,0.99,1.0,165000.0,0.0
00505.HK,2016-08-26,1.04,1.04,1.0,1.02,144000.0,0.0
00505.HK,2016-08-29,1.02,1.02,0.98,1.02,244000.0,0.0
00505.HK,2016-08-30,1.02,1.02,0.98,1.0,454000.0,0.0
00505.HK,2016-08-31,1.0,1.0,0.98,0.99,82000.0,0.0
00505.HK,2016-09-01,1.02,1.02,0.98,0.98,222000.0,0.0
00505.HK,2016-09-02,1.05,1.05,0.99,0.99,134000.0,0.0
00505.HK,2016-09-05,1.0,1.0,0.97,0.98,440000.0,0.0
00505.HK,2016-09-06,1.0,1.0,0.99,0.99,183000.0,0.0
00505.HK,2016-09-07,0.99,0.99,0.98,0.98,432000.0,0.0
00505.HK,2016-09-08,0.98,0.99,0.98,0.99,76000.0,0.0
00505.HK,2016-09-09,0.99,0.99,0.97,0.97,542000.0,0.0
00505.HK,2016-09-12,0.99,0.99,0.94,0.95,446000.0,0.0
00505.HK,2016-09-13,0.96,0.98,0.96,0.96,717000.0,0.0
00505.HK,2016-09-14,0.96,0.96,0.93,0.94,131000.0,0.0
00505.HK,2016-09-15,0.94,0.95,0.94,0.95,388000.0,0.0
00505.HK,2016-09-19,0.97,0.97,0.93,0.93,158000.0,0.0
00505.HK,2016-09-20,0.95,0.95,0.94,0.94,375000.0,0.0
00505.HK,2016-09-21,0.95,0.95,0.95,0.95,213000.0,0.0
00505.HK,2016-09-22,0.96,0.96,0.94,0.96,306100.0,0.0
00505.HK,2016-09-23,0.96,0.96,0.94,0.95,229000.0,0.0
00505.HK,2016-09-26,0.95,0.96,0.95,0.96,74200.0,0.0
00505.HK,2016-09-27,0.96,0.97,0.96,0.96,466000.0,0.0
00505.HK,2016-09-28,0.97,1.0,0.95,1.0,1009000.0,0.0
00505.HK,2016-09-29,1.01,1.04,0.99,1.0,2089000.0,0.0
00505.HK,2016-09-30,1.0,1.0,0.99,0.99,480000.0,0.0
00505.HK,2016-10-03,0.99,0.99,0.99,0.99,90000.0,0.0
00505.HK,2016-10-04,0.95,0.96,0.95,0.95,47000.0,0.0
00505.HK,2016-10-05,0.96,0.96,0.95,0.95,292000.0,0.0
00505.HK,2016-10-06,0.95,0.95,0.9,0.93,4329000.0,0.0
00505.HK,2016-10-07,0.92,0.98,0.92,0.96,818000.0,0.0
00505.HK,2016-10-11,0.96,0.97,0.96,0.96,735000.0,0.0
00505.HK,2016-10-12,0.96,0.97,0.96,0.96,918000.0,0.0
00505.HK,2016-10-13,0.95,0.97,0.94,0.97,336000.0,0.0
00505.HK,2016-10-14,0.97,0.97,0.96,0.97,550000.0,0.0
00505.HK,2016-10-17,0.97,0.99,0.97,0.99,662000.0,0.0
00505.HK,2016-10-18,0.99,1.0,0.99,0.99,1894000.0,0.0
00505.HK,2016-10-19,0.97,0.99,0.94,0.97,959000.0,0.0
00505.HK,2016-10-20,1.0,1.0,0.96,0.98,428000.0,0.0
00505.HK,2016-10-24,0.96,0.99,0.95,0.98,1254000.0,0.0
00505.HK,2016-10-25,0.96,0.98,0.95,0.96,673000.0,0.0
00505.HK,2016-10-26,0.95,0.95,0.94,0.95,222000.0,0.0
00505.HK,2016-10-27,0.95,0.95,0.95,0.95,0.0,0.0
00505.HK,2016-10-28,0.95,0.95,0.94,0.95,583100.0,0.0
00505.HK,2016-10-31,0.95,0.95,0.94,0.94,388000.0,0.0
00505.HK,2016-11-01,0.94,0.95,0.94,0.94,397000.0,0.0
00505.HK,2016-11-02,0.95,0.95,0.94,0.94,386000.0,0.0
00505.HK,2016-11-03,0.95,0.95,0.93,0.93,53000.0,0.0
00505.HK,2016-11-04,0.96,0.97,0.94,0.94,460000.0,0.0
00505.HK,2016-11-07,0.95,0.95,0.93,0.94,52000.0,0.0
00505.HK,2016-11-08,0.96,0.96,0.93,0.94,1031000.0,0.0
00505.HK,2016-11-09,0.97,0.97,0.92,0.92,1449000.0,0.0
00505.HK,2016-11-10,0.96,0.97,0.93,0.94,822000.0,0.0
00505.HK,2016-11-11,0.95,0.95,0.93,0.93,808000.0,0.0
00505.HK,2016-11-14,0.92,0.93,0.92,0.92,575000.0,0.0
00505.HK,2016-11-15,0.92,0.93,0.9,0.93,691000.0,0.0
00505.HK,2016-11-16,0.93,0.93,0.93,0.93,226000.0,0.0
00505.HK,2016-11-17,0.93,0.93,0.92,0.92,269000.0,0.0
00505.HK,2016-11-18,0.92,0.94,0.9,0.92,222000.0,0.0
00505.HK,2016-11-21,0.92,0.94,0.92,0.92,404000.0,0.0
00505.HK,2016-11-22,0.92,0.93,0.83,0.91,537000.0,0.0
00505.HK,2016-11-23,0.88,0.91,0.87,0.9,355100.0,0.0
00505.HK,2016-11-24,0.9,0.93,0.89,0.92,224000.0,0.0
00505.HK,2016-11-25,0.94,0.94,0.91,0.91,222000.0,0.0
00505.HK,2016-11-28,0.92,0.92,0.89,0.9,83000.0,0.0
00505.HK,2016-11-29,0.9,0.91,0.87,0.89,316000.0,0.0
00505.HK,2016-11-30,0.89,0.9,0.89,0.9,1576000.0,0.0
00505.HK,2016-12-01,0.9,0.9,0.9,0.9,133000.0,0.0
00505.HK,2016-12-02,0.91,0.91,0.9,0.9,32000.0,0.0
00505.HK,2016-12-05,0.9,0.93,0.9,0.9,96000.0,0.0
00505.HK,2016-12-06,0.9,0.92,0.9,0.9,212000.0,0.0
00505.HK,2016-12-07,0.91,0.91,0.87,0.9,305000.0,0.0
00505.HK,2016-12-08,0.9,0.91,0.9,0.91,78000.0,0.0
00505.HK,2016-12-09,0.87,0.89,0.87,0.89,62000.0,0.0
00505.HK,2016-12-12,0.9,0.91,0.87,0.87,355000.0,0.0
00505.HK,2016-12-13,0.88,0.91,0.87,0.88,390000.0,0.0
00505.HK,2016-12-14,0.87,0.9,0.87,0.87,214000.0,0.0
00505.HK,2016-12-15,0.87,0.89,0.87,0.89,78000.0,0.0
00505.HK,2016-12-16,0.89,0.89,0.86,0.86,91000.0,0.0
00505.HK,2016-12-19,0.87,0.89,0.87,0.89,59200.0,0.0
00505.HK,2016-12-20,0.87,0.9,0.86,0.86,73000.0,0.0
00505.HK,2016-12-21,0.87,0.87,0.87,0.87,50000.0,0.0
00505.HK,2016-12-22,0.87,0.87,0.87,0.87,0.0,0.0
00505.HK,2016-12-23,0.9,0.9,0.9,0.9,1212400.0,0.0
00505.HK,2016-12-28,0.9,0.91,0.9,0.9,223000.0,0.0
00505.HK,2016-12-29,0.91,0.93,0.91,0.91,510000.0,0.0
00505.HK,2016-12-30,0.91,0.91,0.91,0.91,70000.0,0.0
00505.HK,2017-01-03,0.91,0.92,0.89,0.91,1017000.0,0.0
00505.HK,2017-01-04,0.89,0.9,0.87,0.89,584000.0,0.0
00505.HK,2017-01-05,0.89,0.92,0.89,0.91,1714000.0,0.0
00505.HK,2017-01-06,0.92,0.92,0.91,0.91,551000.0,0.0
00505.HK,2017-01-09,0.92,0.92,0.88,0.9,628000.0,0.0
00505.HK,2017-01-10,0.9,0.91,0.89,0.89,318000.0,0.0
00505.HK,2017-01-11,0.87,0.89,0.87,0.89,140000.0,0.0
00505.HK,2017-01-12,0.87,0.89,0.87,0.88,105000.0,0.0
00505.HK,2017-01-13,0.87,0.87,0.85,0.86,200000.0,0.0
00505.HK,2017-01-16,0.86,0.87,0.86,0.86,124000.0,0.0
00505.HK,2017-01-17,0.86,0.86,0.86,0.86,0.0,0.0
00505.HK,2017-01-18,0.85,0.86,0.85,0.86,13000.0,0.0
00505.HK,2017-01-19,0.85,0.88,0.85,0.88,228000.0,0.0
00505.HK,2017-01-20,0.9,0.9,0.9,0.9,8000.0,0.0
00505.HK,2017-01-23,0.9,0.9,0.87,0.88,142000.0,0.0
00505.HK,2017-01-24,0.89,0.9,0.89,0.89,175000.0,0.0
00505.HK,2017-01-25,0.88,0.91,0.88,0.91,33000.0,0.0
00505.HK,2017-01-26,0.89,0.9,0.89,0.9,25000.0,0.0
00505.HK,2017-01-27,0.9,0.9,0.9,0.9,0.0,0.0
00505.HK,2017-02-01,0.9,0.9,0.9,0.9,0.0,0.0
00505.HK,2017-02-02,0.9,0.9,0.9,0.9,91000.0,0.0
00505.HK,2017-02-03,0.9,0.91,0.9,0.91,245000.0,0.0
00505.HK,2017-02-06,0.91,0.91,0.9,0.9,180000.0,0.0
00505.HK,2017-02-07,0.9,0.91,0.9,0.91,119000.0,0.0
00505.HK,2017-02-08,0.89,0.89,0.88,0.88,138000.0,0.0
00505.HK,2017-02-09,0.9,0.9,0.9,0.9,50000.0,0.0
00505.HK,2017-02-10,0.9,0.91,0.89,0.89,256000.0,0.0
00505.HK,2017-02-13,0.9,0.9,0.9,0.9,24000.0,0.0
00505.HK,2017-02-14,0.87,0.89,0.87,0.89,889000.0,0.0
00505.HK,2017-02-15,0.89,0.89,0.88,0.88,727000.0,0.0
00505.HK,2017-02-16,0.92,0.95,0.9,0.9,2099000.0,0.0
00505.HK,2017-02-17,0.9,0.9,0.89,0.89,100000.0,0.0
00505.HK,2017-02-20,0.9,0.9,0.88,0.88,275000.0,0.0
00505.HK,2017-02-21,0.88,0.89,0.88,0.89,532200.0,0.0
00505.HK,2017-02-22,0.9,0.9,0.89,0.9,156000.0,0.0
00505.HK,2017-02-23,0.89,0.9,0.88,0.89,111000.0,0.0
00505.HK,2017-02-24,0.88,0.88,0.88,0.88,12000.0,0.0
00505.HK,2017-02-27,0.88,0.89,0.88,0.88,240000.0,0.0
00505.HK,2017-02-28,0.86,0.88,0.86,0.87,113000.0,0.0
00505.HK,2017-03-01,0.87,0.87,0.87,0.87,95000.0,0.0
00505.HK,2017-03-02,0.87,0.87,0.86,0.86,115000.0,0.0
00505.HK,2017-03-03,0.87,0.87,0.87,0.87,329000.0,0.0
00505.HK,2017-03-06,0.85,0.87,0.85,0.87,404000.0,0.0
00505.HK,2017-03-07,0.85,0.87,0.84,0.87,126000.0,0.0
00505.HK,2017-03-08,0.87,0.87,0.85,0.86,476000.0,0.0
00505.HK,2017-03-09,0.86,0.89,0.86,0.89,361000.0,0.0
00505.HK,2017-03-10,0.86,0.88,0.86,0.87,451000.0,0.0
00505.HK,2017-03-13,0.85,0.87,0.85,0.87,17000.0,0.0
00505.HK,2017-03-14,0.86,0.87,0.86,0.87,254000.0,0.0
00505.HK,2017-03-15,0.87,0.87,0.85,0.87,283000.0,0.0
00505.HK,2017-03-16,0.85,0.87,0.83,0.85,255000.0,0.0
00505.HK,2017-03-17,0.85,0.87,0.85,0.86,310000.0,0.0
00505.HK,2017-03-20,0.85,0.88,0.85,0.88,828000.0,0.0
00505.HK,2017-03-21,0.86,0.87,0.86,0.87,74000.0,0.0
00505.HK,2017-03-22,0.86,0.86,0.85,0.85,100000.0,0.0
00505.HK,2017-03-23,0.86,0.86,0.85,0.86,491000.0,0.0
00505.HK,2017-03-24,0.85,0.87,0.85,0.86,107000.0,0.0
00505.HK,2017-03-27,0.86,0.86,0.84,0.84,600000.0,0.0
00505.HK,2017-03-28,0.86,0.88,0.84,0.86,404000.0,0.0
00505.HK,2017-03-29,0.86,0.86,0.85,0.85,140000.0,0.0
00505.HK,2017-03-30,0.85,0.85,0.84,0.85,57000.0,0.0
00505.HK,2017-03-31,0.85,0.85,0.85,0.85,50010.0,0.0
00505.HK,2017-04-03,0.85,0.85,0.82,0.83,195000.0,0.0
00505.HK,2017-04-05,0.83,0.83,0.83,0.83,120000.0,0.0
00505.HK,2017-04-06,0.83,0.83,0.8,0.82,340100.0,0.0
00505.HK,2017-04-07,0.83,0.83,0.8,0.81,291000.0,0.0
00505.HK,2017-04-10,0.82,0.85,0.81,0.83,469000.0,0.0
00505.HK,2017-04-11,0.82,0.83,0.81,0.82,797000.0,0.0
00505.HK,2017-04-12,0.82,0.82,0.81,0.81,125500.0,0.0
00505.HK,2017-04-13,0.81,0.81,0.81,0.81,82000.0,0.0
00505.HK,2017-04-18,0.81,0.81,0.81,0.81,39000.0,0.0
00505.HK,2017-04-19,0.79,0.81,0.79,0.81,10000.0,0.0
00505.HK,2017-04-20,0.79,0.83,0.79,0.8,32000.0,0.0
00505.HK,2017-04-21,0.81,0.81,0.78,0.79,246500.0,0.0
00505.HK,2017-04-24,0.8,0.81,0.78,0.78,176000.0,0.0
00505.HK,2017-04-25,0.79,0.82,0.79,0.8,162000.0,0.0
00505.HK,2017-04-26,0.8,0.8,0.79,0.79,122000.0,0.0
00505.HK,2017-04-27,0.79,0.8,0.76,0.78,514000.0,0.0
00505.HK,2017-04-28,0.8,0.8,0.79,0.8,388000.0,0.0
00505.HK,2017-05-02,0.8,0.8,0.75,0.76,688000.0,0.0
00505.HK,2017-05-04,0.76,0.78,0.76,0.78,369000.0,0.0
00505.HK,2017-05-05,0.78,0.78,0.78,0.78,10000.0,0.0
00505.HK,2017-05-08,0.8,0.8,0.76,0.77,178000.0,0.0
00505.HK,2017-05-09,0.77,0.79,0.77,0.78,134000.0,0.0
00505.HK,2017-05-10,0.78,0.81,0.77,0.78,163000.0,0.0
00505.HK,2017-05-11,0.78,0.78,0.78,0.78,60000.0,0.0
00505.HK,2017-05-12,0.77,0.78,0.7,0.76,346000.0,0.0
00505.HK,2017-05-15,0.76,0.77,0.75,0.77,372000.0,0.0
00505.HK,2017-05-16,0.77,0.77,0.75,0.75,300500.0,0.0
00505.HK,2017-05-17,0.75,0.75,0.73,0.73,497000.0,0.0
00505.HK,2017-05-18,0.73,0.73,0.62,0.68,1408000.0,0.0
00505.HK,2017-05-19,0.68,0.68,0.65,0.67,490000.0,0.0
00505.HK,2017-05-22,0.65,0.67,0.6,0.66,990000.0,0.0
00505.HK,2017-05-23,0.66,0.7,0.63,0.66,436000.0,0.0
00505.HK,2017-05-24,0.66,0.67,0.66,0.66,120000.0,0.0
00505.HK,2017-05-25,0.66,0.66,0.66,0.66,0.0,0.0
00505.HK,2017-05-26,0.67,0.7,0.67,0.7,72000.0,0.0
00505.HK,2017-05-29,0.7,0.7,0.67,0.69,142000.0,0.0
00505.HK,2017-05-31,0.69,0.73,0.69,0.69,125000.0,0.0
00505.HK,2017-06-01,0.68,0.68,0.67,0.67,201000.0,0.0
00505.HK,2017-06-02,0.68,0.7,0.67,0.68,390000.0,0.0
00505.HK,2017-06-05,0.68,0.69,0.68,0.68,174000.0,0.0
00505.HK,2017-06-06,0.7,0.73,0.69,0.69,645000.0,0.0
00505.HK,2017-06-07,0.69,0.69,0.68,0.68,102000.0,0.0
00505.HK,2017-06-08,0.69,0.69,0.68,0.68,290000.0,0.0
00505.HK,2017-06-09,0.67,0.68,0.67,0.68,219000.0,0.0
00505.HK,2017-06-12,0.67,0.68,0.63,0.68,515000.0,0.0
00505.HK,2017-06-13,0.7,0.73,0.66,0.66,183000.0,0.0
00505.HK,2017-06-14,0.71,0.71,0.66,0.67,82000.0,0.0
00505.HK,2017-06-15,0.66,0.69,0.66,0.69,2674000.0,0.0
00505.HK,2017-06-16,0.72,0.72,0.66,0.68,224000.0,0.0
00505.HK,2017-06-19,0.67,0.68,0.67,0.67,98000.0,0.0
00505.HK,2017-06-20,0.66,0.67,0.66,0.66,65000.0,0.0
00505.HK,2017-06-21,0.66,0.66,0.66,0.66,106000.0,0.0
00505.HK,2017-06-22,0.66,0.66,0.66,0.66,114000.0,0.0
00505.HK,2017-06-23,0.65,0.66,0.65,0.66,50000.0,0.0
00505.HK,2017-06-26,0.7,0.7,0.66,0.66,5000.0,0.0
00505.HK,2017-06-27,0.67,0.69,0.66,0.69,526000.0,0.0
00505.HK,2017-06-28,0.66,0.68,0.61,0.65,3210000.0,0.0
00505.HK,2017-06-29,0.64,0.68,0.64,0.64,38000.0,0.0
00505.HK,2017-06-30,0.64,0.64,0.63,0.63,323000.0,0.0
00505.HK,2017-07-03,0.63,0.68,0.63,0.68,11000.0,0.0
00505.HK,2017-07-04,0.68,0.68,0.62,0.68,24000.0,0.0
00505.HK,2017-07-05,0.63,0.64,0.62,0.64,52000.0,0.0
00505.HK,2017-07-06,0.67,0.67,0.64,0.66,60000.0,0.0
00505.HK,2017-07-07,0.64,0.64,0.64,0.64,35000.0,0.0
00505.HK,2017-07-10,0.64,0.65,0.64,0.64,1238000.0,0.0
00505.HK,2017-07-11,0.64,0.64,0.64,0.64,10000.0,0.0
00505.HK,2017-07-12,0.65,0.65,0.62,0.65,486000.0,0.0
00505.HK,2017-07-13,0.65,0.67,0.61,0.64,303000.0,0.0
00505.HK,2017-07-14,0.63,0.64,0.63,0.64,62000.0,0.0
00505.HK,2017-07-17,0.64,0.67,0.63,0.63,154000.0,0.0
00505.HK,2017-07-18,0.61,0.64,0.59,0.63,476700.0,0.0
00505.HK,2017-07-19,0.64,0.65,0.64,0.64,145000.0,0.0
00505.HK,2017-07-20,0.65,0.65,0.64,0.64,950490.0,0.0
00505.HK,2017-07-21,0.64,0.64,0.64,0.64,150000.0,0.0
00505.HK,2017-07-24,0.64,0.67,0.61,0.61,292200.0,0.0
00505.HK,2017-07-25,0.65,0.65,0.65,0.65,23000.0,0.0
00505.HK,2017-07-26,0.65,0.65,0.61,0.63,527000.0,0.0
00505.HK,2017-07-27,0.61,0.62,0.57,0.62,210000.0,0.0
00505.HK,2017-07-28,0.61,0.61,0.57,0.6,338000.0,0.0
00505.HK,2017-07-31,0.61,0.63,0.61,0.61,290000.0,0.0
00505.HK,2017-08-01,0.61,0.62,0.61,0.61,155000.0,0.0
00505.HK,2017-08-02,0.61,0.62,0.61,0.61,495010.0,0.0
00505.HK,2017-08-03,0.6,0.61,0.6,0.61,110000.0,0.0
00505.HK,2017-08-04,0.61,0.69,0.59,0.69,415100.0,0.0
00505.HK,2017-08-07,0.69,0.69,0.64,0.65,163500.0,0.0
00505.HK,2017-08-08,0.65,0.7,0.65,0.7,504200.0,0.0
00505.HK,2017-08-09,0.7,0.74,0.65,0.73,1598000.0,0.0
00505.HK,2017-08-10,0.75,0.79,0.72,0.79,1703000.0,0.0
00505.HK,2017-08-11,0.73,0.8,0.73,0.8,780000.0,0.0
00505.HK,2017-08-14,0.8,0.8,0.77,0.79,2112000.0,0.0
00505.HK,2017-08-15,0.79,0.8,0.78,0.79,1869000.0,0.0
00505.HK,2017-08-16,0.78,0.82,0.78,0.79,1146000.0,0.0
00505.HK,2017-08-17,0.8,0.84,0.78,0.8,5042000.0,0.0
00505.HK,2017-08-18,0.79,0.8,0.72,0.79,7345000.0,0.0
00505.HK,2017-08-21,0.79,0.79,0.72,0.72,381000.0,0.0
00505.HK,2017-08-22,0.73,0.78,0.72,0.77,806000.0,0.0
00505.HK,2017-08-24,0.74,0.8,0.74,0.8,687000.0,0.0
00505.HK,2017-08-25,0.78,0.8,0.78,0.8,312000.0,0.0
00505.HK,2017-08-28,0.83,0.83,0.73,0.79,270000.0,0.0
00505.HK,2017-08-29,0.77,0.8,0.75,0.8,245000.0,0.0
00505.HK,2017-08-30,0.79,0.8,0.76,0.79,553000.0,0.0
00505.HK,2017-08-31,0.79,0.79,0.76,0.77,941000.0,0.0
00505.HK,2017-09-01,0.78,0.79,0.76,0.79,579000.0,0.0
00505.HK,2017-09-04,0.77,0.79,0.77,0.79,399700.0,0.0
00505.HK,2017-09-05,0.78,0.79,0.77,0.79,191000.0,0.0
00505.HK,2017-09-06,0.77,0.79,0.76,0.79,369000.0,0.0
00505.HK,2017-09-07,0.79,0.8,0.79,0.79,829000.0,0.0
00505.HK,2017-09-08,0.79,0.8,0.79,0.8,257000.0,0.0
00505.HK,2017-09-11,0.77,0.79,0.77,0.79,172000.0,0.0
00505.HK,2017-09-12,0.78,0.8,0.77,0.8,288000.0,0.0
00505.HK,2017-09-13,0.8,0.81,0.79,0.81,532000.0,0.0
00505.HK,2017-09-14,0.82,0.86,0.82,0.85,2892000.0,0.0
00505.HK,2017-09-15,0.85,0.86,0.84,0.84,428000.0,0.0
00505.HK,2017-09-18,0.84,0.86,0.84,0.85,422000.0,0.0
00505.HK,2017-09-19,0.83,0.85,0.81,0.81,476000.0,0.0
00505.HK,2017-09-20,0.83,0.85,0.83,0.85,886300.0,0.0
00505.HK,2017-09-21,0.85,0.85,0.82,0.84,267000.0,0.0
00505.HK,2017-09-22,0.82,0.85,0.82,0.85,527000.0,0.0
00505.HK,2017-09-25,0.82,0.85,0.82,0.82,534000.0,0.0
00505.HK,2017-09-26,0.85,0.85,0.81,0.85,720000.0,0.0
00505.HK,2017-09-27,0.83,0.86,0.83,0.86,216000.0,0.0
00505.HK,2017-09-28,0.84,0.86,0.84,0.84,69000.0,0.0
00505.HK,2017-09-29,0.85,0.85,0.85,0.85,188000.0,0.0
00505.HK,2017-10-03,0.82,0.86,0.82,0.83,92000.0,0.0
00505.HK,2017-10-04,0.82,0.83,0.8,0.83,267300.0,0.0
00505.HK,2017-10-06,0.8,0.82,0.8,0.8,140000.0,0.0
00505.HK,2017-10-09,0.8,0.86,0.8,0.84,1533000.0,0.0
00505.HK,2017-10-10,0.84,0.85,0.82,0.85,123000.0,0.0
00505.HK,2017-10-11,0.82,0.86,0.82,0.82,377000.0,0.0
00505.HK,2017-10-12,0.85,0.86,0.84,0.86,401000.0,0.0
00505.HK,2017-10-13,0.84,0.85,0.83,0.83,174000.0,0.0
00505.HK,2017-10-16,0.83,0.86,0.83,0.85,413000.0,0.0
00505.HK,2017-10-17,0.83,0.85,0.83,0.85,624000.0,0.0
00505.HK,2017-10-18,0.83,0.86,0.83,0.85,129000.0,0.0
00505.HK,2017-10-19,0.83,0.85,0.83,0.85,712000.0,0.0
00505.HK,2017-10-20,0.85,0.86,0.83,0.85,251000.0,0.0
00505.HK,2017-10-23,0.84,0.86,0.83,0.85,526000.0,0.0
00505.HK,2017-10-24,0.85,0.86,0.83,0.85,550000.0,0.0
00505.HK,2017-10-25,0.84,0.85,0.84,0.85,336500.0,0.0
00505.HK,2017-10-26,0.84,0.86,0.84,0.85,37000.0,0.0
00505.HK,2017-10-27,0.86,0.86,0.83,0.86,432000.0,0.0
00505.HK,2017-10-30,0.85,0.85,0.84,0.85,325000.0,0.0
00505.HK,2017-10-31,0.85,0.85,0.85,0.85,420000.0,0.0
00505.HK,2017-11-01,0.83,0.85,0.8,0.83,1183000.0,0.0
00505.HK,2017-11-02,0.83,0.85,0.82,0.85,849000.0,0.0
00505.HK,2017-11-03,0.83,0.86,0.83,0.85,747000.0,0.0
00505.HK,2017-11-06,0.85,0.86,0.83,0.83,23000.0,0.0
00505.HK,2017-11-07,0.83,0.86,0.82,0.85,544000.0,0.0
00505.HK,2017-11-08,0.83,0.86,0.82,0.85,504000.0,0.0
00505.HK,2017-11-09,0.84,0.85,0.84,0.85,1223000.0,0.0
00505.HK,2017-11-10,0.83,0.86,0.83,0.85,897000.0,0.0
00505.HK,2017-11-13,0.85,0.86,0.85,0.86,40000.0,0.0
00505.HK,2017-11-14,0.86,0.86,0.83,0.85,155000.0,0.0
00505.HK,2017-11-15,0.85,0.86,0.83,0.83,119000.0,0.0
00505.HK,2017-11-16,0.83,0.85,0.83,0.83,736000.0,0.0
00505.HK,2017-11-17,0.83,0.86,0.83,0.85,504000.0,0.0
00505.HK,2017-11-20,0.85,0.86,0.84,0.86,116000.0,0.0
00505.HK,2017-11-21,0.85,0.86,0.84,0.85,272000.0,0.0
00505.HK,2017-11-22,0.85,0.85,0.84,0.85,268000.0,0.0
00505.HK,2017-11-23,0.85,0.85,0.85,0.85,168000.0,0.0
00505.HK,2017-11-24,0.85,0.85,0.84,0.84,286000.0,0.0
00505.HK,2017-11-27,0.85,0.87,0.82,0.86,1231000.0,0.0
00505.HK,2017-11-28,0.86,0.87,0.85,0.86,341000.0,0.0
00505.HK,2017-11-29,0.86,0.9,0.85,0.9,1735000.0,0.0
00505.HK,2017-11-30,0.9,0.92,0.88,0.9,1051400.0,0.0
00505.HK,2017-12-01,0.9,0.9,0.85,0.9,524000.0,0.0
00505.HK,2017-12-04,0.88,0.9,0.87,0.87,332000.0,0.0
00505.HK,2017-12-05,0.87,0.9,0.86,0.9,370900.0,0.0
00505.HK,2017-12-06,0.87,0.89,0.86,0.86,93000.0,0.0
00505.HK,2017-12-07,0.86,0.88,0.85,0.88,45000.0,0.0
00505.HK,2017-12-08,0.86,0.88,0.85,0.85,66000.0,0.0
00505.HK,2017-12-11,0.85,0.85,0.85,0.85,581000.0,0.0
00505.HK,2017-12-12,0.85,0.86,0.84,0.84,105000.0,0.0
00505.HK,2017-12-13,0.85,0.85,0.85,0.85,40000.0,0.0
00505.HK,2017-12-14,0.85,0.87,0.85,0.87,71000.0,0.0
00505.HK,2017-12-15,0.85,0.85,0.75,0.85,1852000.0,0.0
00505.HK,2017-12-18,0.86,0.87,0.83,0.87,223000.0,0.0
00505.HK,2017-12-19,0.87,0.87,0.85,0.87,27000.0,0.0
00505.HK,2017-12-20,0.85,0.87,0.85,0.87,4000.0,0.0
00505.HK,2017-12-21,0.85,0.87,0.84,0.87,670200.0,0.0
00505.HK,2017-12-22,0.86,0.86,0.81,0.85,581000.0,0.0
00505.HK,2017-12-27,0.85,0.86,0.85,0.85,142000.0,0.0
00505.HK,2017-12-28,0.86,0.87,0.86,0.87,821000.0,0.0
00505.HK,2017-12-29,0.87,0.88,0.87,0.88,265000.0,0.0
00505.HK,2018-01-02,0.87,0.87,0.86,0.86,584000.0,0.0
00505.HK,2018-01-03,0.85,0.87,0.84,0.84,863000.0,0.0
00505.HK,2018-01-04,0.84,0.85,0.84,0.85,576000.0,0.0
00505.HK,2018-01-05,0.85,0.85,0.83,0.85,181100.0,0.0
00505.HK,2018-01-08,0.83,0.86,0.83,0.84,151000.0,0.0
00505.HK,2018-01-09,0.84,0.85,0.84,0.85,384000.0,0.0
00505.HK,2018-01-10,0.85,0.86,0.85,0.86,247000.0,0.0
00505.HK,2018-01-11,0.85,0.85,0.85,0.85,6000.0,0.0
00505.HK,2018-01-12,0.84,0.85,0.84,0.85,53000.0,0.0
00505.HK,2018-01-15,0.85,0.86,0.83,0.86,686000.0,0.0
00505.HK,2018-01-16,0.83,0.84,0.83,0.83,129000.0,0.0
00505.HK,2018-01-17,0.82,0.83,0.82,0.83,135000.0,0.0
00505.HK,2018-01-18,0.83,0.84,0.82,0.82,295000.0,0.0
00505.HK,2018-01-19,0.82,0.82,0.8,0.8,265000.0,0.0
00505.HK,2018-01-22,0.8,0.82,0.79,0.8,194000.0,0.0
00505.HK,2018-01-23,0.81,0.84,0.8,0.83,472000.0,0.0
00505.HK,2018-01-24,0.81,0.83,0.81,0.82,513000.0,0.0
00505.HK,2018-01-25,0.81,0.82,0.8,0.81,415000.0,0.0
00505.HK,2018-01-26,0.81,0.81,0.8,0.8,400000.0,0.0
00505.HK,2018-01-29,0.8,0.82,0.8,0.81,372000.0,0.0
00505.HK,2018-01-30,0.8,0.8,0.79,0.8,190000.0,0.0
00505.HK,2018-01-31,0.79,0.79,0.78,0.78,1311000.0,0.0
00505.HK,2018-02-01,0.82,0.82,0.78,0.8,461000.0,0.0
00505.HK,2018-02-02,0.79,0.8,0.78,0.8,119000.0,0.0
00505.HK,2018-02-05,0.8,0.8,0.8,0.8,50000.0,0.0
00505.HK,2018-02-06,0.75,0.77,0.74,0.76,50000.0,0.0
00505.HK,2018-02-07,0.76,0.79,0.74,0.77,801000.0,0.0
00505.HK,2018-02-08,0.77,0.77,0.77,0.77,0.0,0.0
00505.HK,2018-02-09,0.7,0.74,0.69,0.74,228000.0,0.0
00505.HK,2018-02-12,0.7,0.74,0.7,0.74,112000.0,0.0
00505.HK,2018-02-13,0.74,0.79,0.7,0.72,105000.0,0.0
00505.HK,2018-02-14,0.75,0.75,0.65,0.72,243400.0,0.0
00505.HK,2018-02-15,0.78,0.78,0.76,0.76,1000.0,0.0
00505.HK,2018-02-20,0.81,0.81,0.73,0.76,313000.0,0.0
00505.HK,2018-02-21,0.73,0.74,0.73,0.74,3000.0,0.0
00505.HK,2018-02-22,0.77,0.77,0.77,0.77,0.0,0.0
00505.HK,2018-02-23,0.8,0.81,0.8,0.81,341000.0,0.0
00505.HK,2018-02-26,0.77,0.85,0.77,0.83,1930000.0,0.0
00505.HK,2018-02-27,0.81,0.85,0.81,0.85,759000.0,0.0
00505.HK,2018-02-28,0.85,0.86,0.82,0.83,918000.0,0.0
00505.HK,2018-03-01,0.85,0.86,0.83,0.85,266000.0,0.0
00505.HK,2018-03-02,0.84,0.85,0.83,0.84,794000.0,0.0
00505.HK,2018-03-05,0.85,0.85,0.84,0.84,430000.0,0.0
00505.HK,2018-03-06,0.85,0.87,0.82,0.84,401000.0,0.0
00505.HK,2018-03-07,0.84,0.87,0.84,0.85,62000.0,0.0
00505.HK,2018-03-08,0.84,0.86,0.82,0.86,232000.0,0.0
00505.HK,2018-03-09,0.85,0.85,0.85,0.85,24000.0,0.0
00505.HK,2018-03-12,0.83,0.85,0.81,0.85,473000.0,0.0
00505.HK,2018-03-13,0.85,0.85,0.81,0.85,272000.0,0.0
00505.HK,2018-03-14,0.82,0.85,0.82,0.85,246000.0,0.0
00505.HK,2018-03-15,0.83,0.85,0.82,0.82,229000.0,0.0
00505.HK,2018-03-16,0.82,0.85,0.82,0.85,132000.0,0.0
00505.HK,2018-03-19,0.82,0.86,0.82,0.83,358000.0,0.0
00505.HK,2018-03-20,0.84,0.85,0.84,0.84,104000.0,0.0
00505.HK,2018-03-21,0.82,0.86,0.81,0.85,771000.0,0.0
00505.HK,2018-03-22,0.85,0.85,0.83,0.84,155000.0,0.0
00505.HK,2018-03-23,0.85,0.85,0.84,0.85,615000.0,0.0
00505.HK,2018-03-26,0.83,0.87,0.82,0.87,22000.0,0.0
00505.HK,2018-03-27,0.87,0.87,0.86,0.86,11000.0,0.0
00505.HK,2018-03-28,0.84,0.85,0.84,0.85,241000.0,0.0
00505.HK,2018-03-29,0.82,0.85,0.79,0.85,53000.0,0.0
00505.HK,2018-04-03,0.86,0.86,0.82,0.84,166000.0,0.0
00505.HK,2018-04-04,0.85,0.85,0.85,0.85,111000.0,0.0
00505.HK,2018-04-06,0.84,0.84,0.84,0.84,400000.0,0.0
00505.HK,2018-04-09,0.84,0.85,0.84,0.84,258000.0,0.0
00505.HK,2018-04-10,0.85,0.85,0.81,0.85,1172000.0,0.0
00505.HK,2018-04-11,0.85,0.85,0.82,0.85,1430000.0,0.0
00505.HK,2018-04-12,0.85,0.85,0.83,0.85,955000.0,0.0
00505.HK,2018-04-13,0.85,0.86,0.85,0.86,664000.0,0.0
00505.HK,2018-04-16,0.86,0.86,0.83,0.85,1389000.0,0.0
00505.HK,2018-04-17,0.85,0.86,0.82,0.84,442000.0,0.0
00505.HK,2018-04-18,0.84,0.86,0.84,0.85,428500.0,0.0
00505.HK,2018-04-19,0.85,0.86,0.85,0.86,3142000.0,0.0
00505.HK,2018-04-20,0.86,0.86,0.85,0.85,1824000.0,0.0
00505.HK,2018-04-23,0.85,0.86,0.85,0.86,107000.0,0.0
00505.HK,2018-04-24,0.85,0.86,0.82,0.85,175000.0,0.0
00505.HK,2018-04-25,0.84,0.92,0.84,0.91,830000.0,0.0
00505.HK,2018-04-26,0.91,0.95,0.89,0.9,1049000.0,0.0
00505.HK,2018-04-27,0.9,0.92,0.89,0.9,218000.0,0.0
00505.HK,2018-04-30,0.9,0.91,0.89,0.89,5363000.0,0.0
00505.HK,2018-05-02,0.9,0.92,0.89,0.9,666000.0,0.0
00505.HK,2018-05-03,0.89,0.91,0.89,0.9,74000.0,0.0
00505.HK,2018-05-04,0.9,0.93,0.9,0.93,1019000.0,0.0
00505.HK,2018-05-07,0.93,0.95,0.91,0.95,946000.0,0.0
00505.HK,2018-05-08,0.92,0.96,0.91,0.95,738000.0,0.0
00505.HK,2018-05-09,0.95,0.96,0.93,0.95,1150000.0,0.0
00505.HK,2018-05-10,0.95,1.01,0.95,0.98,2459800.0,0.0
00505.HK,2018-05-11,1.0,1.02,0.99,0.99,2086000.0,0.0
00505.HK,2018-05-14,0.99,0.99,0.96,0.99,457000.0,0.0
00505.HK,2018-05-15,0.97,1.06,0.96,1.01,2576600.0,0.0
00505.HK,2018-05-16,1.02,1.06,1.02,1.03,442000.0,0.0
00505.HK,2018-05-17,1.03,1.05,1.01,1.04,971000.0,0.0
00505.HK,2018-05-18,1.03,1.03,1.02,1.03,223000.0,0.0
00505.HK,2018-05-21,1.03,1.03,1.01,1.01,133000.0,0.0
00505.HK,2018-05-23,0.96,1.0,0.96,1.0,32000.0,0.0
00505.HK,2018-05-24,0.97,1.0,0.97,1.0,128000.0,0.0
00505.HK,2018-05-25,1.0,1.0,1.0,1.0,124000.0,0.0
00505.HK,2018-05-28,0.97,0.97,0.94,0.95,238000.0,0.0
00505.HK,2018-05-29,0.95,0.95,0.92,0.93,188000.0,0.0
00505.HK,2018-05-30,0.91,0.91,0.91,0.91,57000.0,0.0
00505.HK,2018-05-31,0.92,0.93,0.91,0.91,32000.0,0.0
00505.HK,2018-06-01,0.89,0.89,0.89,0.89,5000.0,0.0
00505.HK,2018-06-04,0.88,0.91,0.87,0.91,43000.0,0.0
00505.HK,2018-06-05,0.88,0.9,0.88,0.9,65000.0,0.0
00505.HK,2018-06-06,0.9,0.92,0.88,0.92,192000.0,0.0
00505.HK,2018-06-07,0.89,0.95,0.89,0.92,120000.0,0.0
00505.HK,2018-06-08,0.95,0.95,0.92,0.95,298000.0,0.0
00505.HK,2018-06-11,0.95,0.95,0.95,0.95,0.0,0.0
00505.HK,2018-06-12,0.96,1.0,0.95,1.0,712500.0,0.0
00505.HK,2018-06-13,1.0,1.0,0.97,0.97,208500.0,0.0
00505.HK,2018-06-14,1.0,1.01,0.99,0.99,822300.0,0.0
00505.HK,2018-06-15,1.0,1.01,1.0,1.01,351000.0,0.0
00505.HK,2018-06-19,0.95,1.0,0.95,0.95,532200.0,0.0
00505.HK,2018-06-20,0.95,0.99,0.94,0.99,89000.0,0.0
00505.HK,2018-06-21,1.0,1.01,1.0,1.01,779100.0,0.0
00505.HK,2018-06-22,1.01,1.03,0.99,0.99,690000.0,0.0
00505.HK,2018-06-25,0.99,1.01,0.99,1.0,397000.0,0.0
00505.HK,2018-06-26,1.0,1.01,0.98,1.0,754000.0,0.0
00505.HK,2018-06-27,1.0,1.0,1.0,1.0,228000.0,0.0
00505.HK,2018-06-28,1.0,1.01,0.94,1.0,2712000.0,0.0
00505.HK,2018-06-29,1.0,1.05,1.0,1.01,1813000.0,0.0
00505.HK,2018-07-03,1.02,1.04,1.02,1.03,2235000.0,0.0
00505.HK,2018-07-04,1.03,1.03,1.02,1.03,2327200.0,0.0
00505.HK,2018-07-05,1.03,1.04,1.01,1.03,2857000.0,0.0
00505.HK,2018-07-06,1.03,1.06,1.01,1.03,3343000.0,0.0
00505.HK,2018-07-09,1.03,1.07,1.02,1.04,1553000.0,0.0
00505.HK,2018-07-10,1.04,1.06,1.04,1.05,382000.0,0.0
00505.HK,2018-07-11,1.05,1.06,1.05,1.05,1092000.0,0.0
00505.HK,2018-07-12,1.05,1.06,1.05,1.06,495000.0,0.0
00505.HK,2018-07-13,1.05,1.06,1.05,1.05,368000.0,0.0
00505.HK,2018-07-16,1.05,1.05,1.03,1.05,589000.0,0.0
00505.HK,2018-07-17,1.05,1.06,1.05,1.05,692000.0,0.0
00505.HK,2018-07-18,1.05,1.06,1.05,1.06,751400.0,0.0
00505.HK,2018-07-19,1.05,1.06,1.05,1.06,657000.0,0.0
00505.HK,2018-07-20,1.05,1.06,1.02,1.05,274000.0,0.0
00505.HK,2018-07-23,1.05,1.06,1.04,1.05,894000.0,0.0
00505.HK,2018-07-24,1.06,1.06,1.05,1.06,804000.0,0.0
00505.HK,2018-07-25,1.06,1.06,1.03,1.03,508000.0,0.0
00505.HK,2018-07-26,1.05,1.08,1.02,1.08,2887000.0,0.0
00505.HK,2018-07-27,1.08,1.23,1.07,1.13,2017000.0,0.0
00505.HK,2018-07-30,1.15,1.15,1.1,1.14,123000.0,0.0
00505.HK,2018-07-31,1.14,1.15,1.1,1.12,151000.0,0.0
00505.HK,2018-08-01,1.1,1.12,1.1,1.1,131000.0,0.0
00505.HK,2018-08-02,1.1,1.14,1.1,1.1,619000.0,0.0
00505.HK,2018-08-03,1.04,1.04,1.0,1.01,483000.0,0.0
00505.HK,2018-08-06,1.0,1.0,0.8,0.89,1028000.0,0.0
00505.HK,2018-08-07,0.81,0.92,0.8,0.91,1136000.0,0.0
00505.HK,2018-08-08,0.85,0.92,0.85,0.9,149000.0,0.0
00505.HK,2018-08-09,0.9,0.94,0.9,0.93,372000.0,0.0
00505.HK,2018-08-10,0.9,0.96,0.9,0.96,282000.0,0.0
00505.HK,2018-08-13,0.96,0.98,0.96,0.97,65000.0,0.0
00505.HK,2018-08-14,0.97,0.97,0.97,0.97,214000.0,0.0
00505.HK,2018-08-15,0.95,0.97,0.95,0.97,270000.0,0.0
00505.HK,2018-08-16,0.97,0.99,0.93,0.97,303000.0,0.0
00505.HK,2018-08-17,0.97,0.98,0.95,0.98,425000.0,0.0
00505.HK,2018-08-20,0.98,1.05,0.94,1.0,1663000.0,0.0
00505.HK,2018-08-21,1.0,1.09,1.0,1.09,1540000.0,0.0
00505.HK,2018-08-22,1.08,1.1,1.06,1.1,529000.0,0.0
00505.HK,2018-08-23,1.09,1.17,1.09,1.11,2341200.0,0.0
00505.HK,2018-08-24,1.13,1.18,1.12,1.12,2798700.0,0.0
00505.HK,2018-08-27,1.12,1.15,1.1,1.15,818300.0,0.0
00505.HK,2018-08-28,1.15,1.2,1.14,1.15,4866000.0,0.0
00505.HK,2018-08-29,1.15,1.16,1.11,1.16,444000.0,0.0
00505.HK,2018-08-30,1.15,1.16,1.12,1.16,242500.0,0.0
00505.HK,2018-08-31,1.15,1.16,1.15,1.15,64000.0,0.0
00505.HK,2018-09-03,1.16,1.24,1.16,1.23,2824000.0,0.0
00505.HK,2018-09-04,1.23,1.29,1.23,1.26,2254000.0,0.0
00505.HK,2018-09-05,1.26,1.35,1.22,1.28,6884000.0,0.0
00505.HK,2018-09-06,1.28,1.33,1.27,1.29,4889000.0,0.0
00505.HK,2018-09-07,1.29,1.32,1.25,1.26,2721500.0,0.0
00505.HK,2018-09-10,1.25,1.36,1.25,1.32,6927000.0,0.0
00505.HK,2018-09-11,1.33,1.36,1.32,1.34,1182000.0,0.0
00505.HK,2018-09-12,1.34,1.35,1.3,1.3,1142300.0,0.0
00505.HK,2018-09-13,1.32,1.37,1.28,1.31,1123000.0,0.0
00505.HK,2018-09-14,1.32,1.32,1.18,1.18,1788000.0,0.0
00505.HK,2018-09-17,1.19,1.19,1.09,1.11,666000.0,0.0
00505.HK,2018-09-18,1.11,1.12,1.11,1.12,115000.0,0.0
00505.HK,2018-09-19,1.09,1.17,1.09,1.17,428000.0,0.0
00505.HK,2018-09-20,1.17,1.2,1.13,1.17,196000.0,0.0
00505.HK,2018-09-21,1.13,1.17,1.13,1.17,421000.0,0.0
00505.HK,2018-09-24,1.17,1.17,1.17,1.17,0.0,0.0
00505.HK,2018-09-26,1.17,1.17,1.15,1.15,380000.0,0.0
00505.HK,2018-09-27,1.14,1.15,0.92,0.96,1073000.0,0.0
00505.HK,2018-09-28,1.0,1.01,1.0,1.0,1088000.0,0.0
00505.HK,2018-10-02,0.96,1.01,0.96,1.0,99000.0,0.0
00505.HK,2018-10-03,0.95,0.99,0.95,0.99,12000.0,0.0
00505.HK,2018-10-04,0.97,0.97,0.95,0.95,39000.0,0.0
00505.HK,2018-10-05,0.94,0.94,0.91,0.91,188000.0,0.0
00505.HK,2018-10-08,0.91,0.92,0.89,0.9,447000.0,0.0
00505.HK,2018-10-09,0.9,0.9,0.8,0.84,742000.0,0.0
00505.HK,2018-10-10,0.84,1.18,0.84,0.96,526000.0,0.0
00505.HK,2018-10-11,0.86,0.89,0.69,0.79,3600000.0,0.0
00505.HK,2018-10-12,0.81,0.81,0.78,0.79,400000.0,0.0
00505.HK,2018-10-15,0.79,0.81,0.78,0.79,312000.0,0.0
00505.HK,2018-10-16,0.78,0.8,0.78,0.8,456000.0,0.0
00505.HK,2018-10-18,0.8,0.82,0.8,0.82,38000.0,0.0
00505.HK,2018-10-19,0.81,0.83,0.79,0.79,16500.0,0.0
00505.HK,2018-10-22,0.78,0.8,0.78,0.8,28000.0,0.0
00505.HK,2018-10-23,0.8,0.82,0.79,0.81,315000.0,0.0
00505.HK,2018-10-24,0.78,0.8,0.78,0.8,71000.0,0.0
00505.HK,2018-10-25,0.79,0.79,0.78,0.79,23000.0,0.0
00505.HK,2018-10-26,0.78,0.79,0.78,0.78,75000.0,0.0
00505.HK,2018-10-29,0.79,0.79,0.79,0.79,0.0,0.0
00505.HK,2018-10-30,0.79,0.81,0.79,0.81,108000.0,0.0
00505.HK,2018-10-31,0.83,0.86,0.83,0.86,177000.0,0.0
00505.HK,2018-11-01,0.86,0.86,0.81,0.84,138000.0,0.0
00505.HK,2018-11-02,0.87,0.87,0.84,0.84,125000.0,0.0
00505.HK,2018-11-05,0.84,0.84,0.84,0.84,5000.0,0.0
00505.HK,2018-11-06,0.84,0.84,0.84,0.84,0.0,0.0
00505.HK,2018-11-07,0.84,0.84,0.8,0.8,16000.0,0.0
00505.HK,2018-11-08,0.81,0.84,0.81,0.83,83000.0,0.0
00505.HK,2018-11-09,0.79,0.79,0.78,0.79,56000.0,0.0
00505.HK,2018-11-12,0.8,0.8,0.8,0.8,0.0,0.0
00505.HK,2018-11-13,0.83,0.84,0.78,0.78,168000.0,0.0
00505.HK,2018-11-14,0.84,0.85,0.83,0.83,10000.0,0.0
00505.HK,2018-11-15,0.85,0.85,0.83,0.83,18000.0,0.0
00505.HK,2018-11-16,0.84,0.84,0.78,0.82,84000.0,0.0
00505.HK,2018-11-19,0.84,0.84,0.83,0.83,132000.0,0.0
00505.HK,2018-11-20,0.83,0.83,0.83,0.83,0.0,0.0
00505.HK,2018-11-21,0.8,0.82,0.79,0.81,330000.0,0.0
00505.HK,2018-11-22,0.81,0.81,0.79,0.8,65000.0,0.0
00505.HK,2018-11-23,0.81,0.81,0.78,0.81,21000.0,0.0
00505.HK,2018-11-26,0.81,0.82,0.79,0.81,55000.0,0.0
00505.HK,2018-11-27,0.8,0.84,0.78,0.78,87000.0,0.0
00505.HK,2018-11-28,0.78,0.8,0.73,0.79,108000.0,0.0
00505.HK,2018-11-29,0.79,0.79,0.75,0.78,53000.0,0.0
00505.HK,2018-11-30,0.78,0.78,0.76,0.76,129000.0,0.0
00505.HK,2018-12-03,0.76,0.83,0.76,0.8,139000.0,0.0
00505.HK,2018-12-04,0.79,0.8,0.75,0.77,173000.0,0.0
00505.HK,2018-12-05,0.76,0.83,0.72,0.77,107000.0,0.0
00505.HK,2018-12-06,0.76,0.83,0.76,0.77,147000.0,0.0
00505.HK,2018-12-07,0.77,0.79,0.77,0.78,35000.0,0.0
00505.HK,2018-12-10,0.77,0.78,0.75,0.75,47000.0,0.0
00505.HK,2018-12-11,0.76,0.76,0.72,0.73,124000.0,0.0
00505.HK,2018-12-12,0.74,0.74,0.74,0.74,0.0,0.0
00505.HK,2018-12-13,0.75,0.75,0.75,0.75,0.0,0.0
00505.HK,2018-12-14,0.75,0.8,0.72,0.8,28000.0,0.0
00505.HK,2018-12-17,0.79,0.79,0.73,0.73,15000.0,0.0
00505.HK,2018-12-18,0.73,0.78,0.72,0.73,51000.0,0.0
00505.HK,2018-12-19,0.73,0.73,0.71,0.71,61000.0,0.0
00505.HK,2018-12-20,0.72,0.72,0.7,0.7,210000.0,0.0
00505.HK,2018-12-21,0.7,0.7,0.7,0.7,0.0,0.0
00505.HK,2018-12-24,0.7,0.7,0.69,0.69,73000.0,0.0
00505.HK,2018-12-27,0.69,0.69,0.69,0.69,0.0,0.0
00505.HK,2018-12-28,0.69,0.69,0.69,0.69,0.0,0.0
00505.HK,2018-12-31,0.65,0.68,0.65,0.68,24000.0,0.0
00505.HK,2019-01-02,0.65,0.65,0.63,0.63,66000.0,0.0
00505.HK,2019-01-03,0.64,0.67,0.63,0.67,103000.0,0.0
00505.HK,2019-01-04,0.66,0.67,0.62,0.64,221000.0,0.0
00505.HK,2019-01-07,0.65,0.67,0.64,0.64,13000.0,0.0
00505.HK,2019-01-08,0.62,0.75,0.62,0.7,259000.0,0.0
00505.HK,2019-01-09,0.67,0.7,0.67,0.7,32000.0,0.0
00505.HK,2019-01-10,0.66,0.69,0.66,0.69,14000.0,0.0
00505.HK,2019-01-11,0.68,0.68,0.68,0.68,0.0,0.0
00505.HK,2019-01-14,0.65,0.68,0.65,0.65,37000.0,0.0
00505.HK,2019-01-15,0.65,0.65,0.65,0.65,0.0,0.0
00505.HK,2019-01-16,0.65,0.65,0.65,0.65,0.0,0.0
00505.HK,2019-01-17,0.65,0.65,0.65,0.65,0.0,0.0
00505.HK,2019-01-18,0.64,0.67,0.63,0.66,191000.0,0.0
00505.HK,2019-01-21,0.66,0.68,0.64,0.68,11000.0,0.0
00505.HK,2019-01-22,0.65,0.65,0.64,0.64,196000.0,0.0
00505.HK,2019-01-23,0.64,0.68,0.63,0.68,32000.0,0.0
00505.HK,2019-01-24,0.68,0.7,0.68,0.68,18000.0,0.0
00505.HK,2019-01-25,0.68,0.68,0.68,0.68,0.0,0.0
00505.HK,2019-01-28,0.65,0.66,0.62,0.65,355000.0,0.0
00505.HK,2019-01-29,0.65,0.65,0.65,0.65,0.0,0.0
00505.HK,2019-01-30,0.65,0.69,0.63,0.65,12000.0,0.0
00505.HK,2019-01-31,0.67,0.68,0.65,0.66,59000.0,0.0
00505.HK,2019-02-01,0.66,0.66,0.66,0.66,0.0,0.0
00505.HK,2019-02-04,0.66,0.66,0.66,0.66,0.0,0.0
00505.HK,2019-02-08,0.63,0.68,0.63,0.65,10000.0,0.0
00505.HK,2019-02-11,0.65,0.65,0.65,0.65,0.0,0.0
00505.HK,2019-02-12,0.67,0.68,0.65,0.68,62000.0,0.0
00505.HK,2019-02-13,0.67,0.72,0.67,0.7,104000.0,0.0
00505.HK,2019-02-14,0.73,0.74,0.7,0.71,126000.0,0.0
00505.HK,2019-02-15,0.69,0.69,0.68,0.68,53000.0,0.0
00505.HK,2019-02-18,0.68,0.68,0.68,0.68,0.0,0.0
00505.HK,2019-02-19,0.68,0.68,0.68,0.68,0.0,0.0
00505.HK,2019-02-20,0.68,0.68,0.68,0.68,666.0,0.0
00505.HK,2019-02-21,0.68,0.71,0.68,0.69,68000.0,0.0
00505.HK,2019-02-22,0.69,0.7,0.69,0.69,123000.0,0.0
00505.HK,2019-02-25,0.67,0.7,0.67,0.7,146000.0,0.0
00505.HK,2019-02-26,0.67,0.7,0.67,0.7,87000.0,0.0
00505.HK,2019-02-27,0.7,0.7,0.7,0.7,0.0,0.0
00505.HK,2019-02-28,0.68,0.7,0.68,0.69,43000.0,0.0
00505.HK,2019-03-01,0.68,0.7,0.68,0.7,4000.0,0.0
00505.HK,2019-03-04,0.68,0.68,0.66,0.67,92000.0,0.0
00505.HK,2019-03-05,0.68,0.69,0.68,0.69,32000.0,0.0
00505.HK,2019-03-06,0.67,0.69,0.67,0.69,24000.0,0.0
00505.HK,2019-03-07,0.69,0.69,0.69,0.69,0.0,0.0
00505.HK,2019-03-08,0.67,0.69,0.67,0.68,62000.0,0.0
00505.HK,2019-03-11,0.68,0.69,0.68,0.68,95000.0,0.0
00505.HK,2019-03-12,0.68,0.68,0.64,0.65,106000.0,0.0
00505.HK,2019-03-13,0.65,0.65,0.65,0.65,0.0,0.0
00505.HK,2019-03-14,0.64,0.73,0.64,0.67,296300.0,0.0
00505.HK,2019-03-15,0.66,0.7,0.66,0.7,23000.0,0.0
00505.HK,2019-03-18,0.66,0.7,0.66,0.7,35000.0,0.0
00505.HK,2019-03-19,0.7,0.7,0.7,0.7,7000.0,0.0
00505.HK,2019-03-20,0.69,0.69,0.69,0.69,0.0,0.0
00505.HK,2019-03-21,0.64,0.68,0.64,0.68,20000.0,0.0
00505.HK,2019-03-22,0.65,0.68,0.65,0.68,56000.0,0.0
00505.HK,2019-03-25,0.68,0.68,0.68,0.68,0.0,0.0
00505.HK,2019-03-26,0.68,0.68,0.68,0.68,0.0,0.0
00505.HK,2019-03-27,0.68,0.71,0.68,0.71,31000.0,0.0
00505.HK,2019-03-28,0.7,0.72,0.7,0.7,35000.0,0.0
00505.HK,2019-03-29,0.71,0.73,0.71,0.72,97000.0,0.0
00505.HK,2019-04-01,0.69,0.72,0.64,0.65,81000.0,0.0
00505.HK,2019-04-02,0.67,0.7,0.67,0.7,24000.0,0.0
00505.HK,2019-04-03,0.7,0.7,0.7,0.7,0.0,0.0
00505.HK,2019-04-04,0.69,0.69,0.68,0.68,41000.0,0.0
00505.HK,2019-04-08,0.65,0.69,0.65,0.67,52000.0,0.0
00505.HK,2019-04-09,0.68,0.7,0.65,0.67,187000.0,0.0
00505.HK,2019-04-10,0.67,0.68,0.65,0.68,67000.0,0.0
00505.HK,2019-04-11,0.66,0.68,0.66,0.68,6000.0,0.0
00505.HK,2019-04-12,0.67,0.67,0.66,0.67,44000.0,0.0
00505.HK,2019-04-15,0.66,0.66,0.65,0.66,44000.0,0.0
00505.HK,2019-04-16,0.66,0.67,0.66,0.67,30000.0,0.0
00505.HK,2019-04-17,0.66,0.66,0.64,0.64,213000.0,0.0
00505.HK,2019-04-18,0.64,0.7,0.64,0.67,516200.0,0.0
00505.HK,2019-04-23,0.67,0.7,0.66,0.68,87000.0,0.0
00505.HK,2019-04-24,0.68,0.68,0.68,0.68,0.0,0.0
00505.HK,2019-04-25,0.68,0.72,0.68,0.7,268000.0,0.0
00505.HK,2019-04-26,0.67,0.7,0.67,0.7,432000.0,0.0
00505.HK,2019-04-29,0.69,0.7,0.69,0.7,29000.0,0.0
00505.HK,2019-04-30,0.68,0.69,0.68,0.69,52000.0,0.0
00505.HK,2019-05-02,0.67,0.69,0.66,0.69,12300.0,0.0
00505.HK,2019-05-03,0.69,0.69,0.69,0.69,0.0,0.0
00505.HK,2019-05-06,0.66,0.66,0.65,0.65,27000.0,0.0
00505.HK,2019-05-07,0.65,0.68,0.64,0.65,190000.0,0.0
00505.HK,2019-05-08,0.65,0.68,0.65,0.68,4000.0,0.0
00505.HK,2019-05-09,0.67,0.67,0.67,0.67,0.0,0.0
00505.HK,2019-05-10,0.65,0.65,0.65,0.65,1000.0,0.0
00505.HK,2019-05-14,0.63,0.64,0.63,0.64,80000.0,0.0
00505.HK,2019-05-15,0.64,0.64,0.64,0.64,0.0,0.0
00505.HK,2019-05-16,0.64,0.64,0.64,0.64,0.0,0.0
00505.HK,2019-05-17,0.63,0.63,0.63,0.63,1000.0,0.0
00505.HK,2019-05-20,0.66,0.66,0.66,0.66,39000.0,0.0
00505.HK,2019-05-21,0.63,0.66,0.62,0.66,80000.0,0.0
00505.HK,2019-05-22,0.66,0.66,0.66,0.66,0.0,0.0
00505.HK,2019-05-23,0.66,0.66,0.66,0.66,0.0,0.0
00505.HK,2019-05-24,0.66,0.66,0.66,0.66,0.0,0.0
00505.HK,2019-05-27,0.66,0.66,0.66,0.66,0.0,0.0
00505.HK,2019-05-28,0.66,0.66,0.66,0.66,20000.0,0.0
00505.HK,2019-05-29,0.66,0.66,0.66,0.66,0.0,0.0
00505.HK,2019-05-30,0.66,0.66,0.66,0.66,0.0,0.0
00505.HK,2019-05-31,0.66,0.66,0.66,0.66,0.0,0.0
00505.HK,2019-06-03,0.66,0.69,0.66,0.68,142000.0,0.0
00505.HK,2019-06-04,0.68,0.68,0.68,0.68,0.0,0.0
00505.HK,2019-06-05,0.68,0.68,0.68,0.68,52000.0,0.0
00505.HK,2019-06-06,0.68,0.68,0.68,0.68,0.0,0.0
00505.HK,2019-06-10,0.63,0.68,0.58,0.67,102000.0,0.0
00505.HK,2019-06-11,0.67,0.67,0.67,0.67,0.0,0.0
00505.HK,2019-06-12,0.61,0.63,0.6,0.63,90200.0,0.0
00505.HK,2019-06-13,0.63,0.67,0.63,0.67,55000.0,0.0
00505.HK,2019-06-14,0.65,0.65,0.65,0.65,27000.0,0.0
00505.HK,2019-06-17,0.66,0.7,0.61,0.61,25000.0,0.0
00505.HK,2019-06-18,0.62,0.62,0.62,0.62,10000.0,0.0
00505.HK,2019-06-19,0.62,0.62,0.62,0.62,0.0,0.0
00505.HK,2019-06-20,0.62,0.63,0.62,0.63,30000.0,0.0
00505.HK,2019-06-21,0.63,0.63,0.63,0.63,0.0,0.0
00505.HK,2019-06-24,0.63,0.66,0.63,0.66,558000.0,0.0
00505.HK,2019-06-25,0.65,0.65,0.65,0.65,0.0,0.0
00505.HK,2019-06-26,0.68,0.68,0.67,0.67,3000.0,0.0
00505.HK,2019-06-27,0.67,0.67,0.67,0.67,0.0,0.0
00505.HK,2019-06-28,0.67,0.67,0.67,0.67,0.0,0.0
00505.HK,2019-07-02,0.67,0.67,0.67,0.67,0.0,0.0
00505.HK,2019-07-03,0.62,0.62,0.62,0.62,10000.0,0.0
00505.HK,2019-07-04,0.68,0.68,0.6,0.64,75000.0,0.0
00505.HK,2019-07-05,0.64,0.64,0.64,0.64,0.0,0.0
00505.HK,2019-07-08,0.6,0.62,0.6,0.62,5000.0,0.0
00505.HK,2019-07-09,0.61,0.66,0.58,0.61,180000.0,0.0
00505.HK,2019-07-10,0.61,0.61,0.61,0.61,0.0,0.0
00505.HK,2019-07-11,0.6,0.61,0.6,0.61,40000.0,0.0
00505.HK,2019-07-12,0.61,0.61,0.61,0.61,0.0,0.0
00505.HK,2019-07-15,0.61,0.61,0.61,0.61,0.0,0.0
00505.HK,2019-07-16,0.61,0.61,0.58,0.61,250000.0,0.0
00505.HK,2019-07-17,0.55,0.6,0.55,0.6,6000.0,0.0
00505.HK,2019-07-18,0.57,0.66,0.57,0.66,22000.0,0.0
00505.HK,2019-07-19,0.58,0.62,0.58,0.61,56000.0,0.0
00505.HK,2019-07-22,0.56,0.63,0.56,0.63,9000.0,0.0
00505.HK,2019-07-23,0.63,0.63,0.63,0.63,0.0,0.0
00505.HK,2019-07-24,0.63,0.63,0.63,0.63,11000.0,0.0
00505.HK,2019-07-25,0.57,0.62,0.57,0.61,80000.0,0.0
00505.HK,2019-07-26,0.56,0.61,0.56,0.6,7000.0,0.0
00505.HK,2019-07-29,0.6,0.6,0.6,0.6,0.0,0.0
00505.HK,2019-07-30,0.6,0.6,0.6,0.6,1019000.0,0.0
00505.HK,2019-07-31,0.6,0.6,0.6,0.6,0.0,0.0
00505.HK,2019-08-01,0.59,0.59,0.59,0.59,91000.0,0.0
00505.HK,2019-08-02,0.58,0.58,0.55,0.55,556000.0,0.0
00505.HK,2019-08-05,0.55,0.55,0.55,0.55,0.0,0.0
00505.HK,2019-08-06,0.6,0.6,0.57,0.57,23000.0,0.0
00505.HK,2019-08-07,0.57,0.57,0.57,0.57,20000.0,0.0
00505.HK,2019-08-08,0.47,0.56,0.47,0.52,33000.0,0.0
00505.HK,2019-08-09,0.53,0.54,0.5,0.54,28000.0,0.0
00505.HK,2019-08-12,0.54,0.54,0.54,0.54,0.0,0.0
00505.HK,2019-08-13,0.5,0.53,0.5,0.53,20000.0,0.0
00505.HK,2019-08-14,0.54,0.54,0.54,0.54,1251000.0,0.0
00505.HK,2019-08-15,0.54,0.54,0.54,0.54,0.0,0.0
00505.HK,2019-08-16,0.54,0.58,0.54,0.58,21000.0,0.0
00505.HK,2019-08-19,0.54,0.6,0.54,0.58,23100.0,0.0
00505.HK,2019-08-20,0.57,0.6,0.57,0.59,47000.0,0.0
00505.HK,2019-08-21,0.57,0.64,0.57,0.63,415000.0,0.0
00505.HK,2019-08-22,0.65,0.69,0.64,0.65,211000.0,0.0
00505.HK,2019-08-23,0.65,0.65,0.65,0.65,0.0,0.0
00505.HK,2019-08-26,0.65,0.67,0.63,0.63,92000.0,0.0
00505.HK,2019-08-27,0.63,0.64,0.57,0.57,38000.0,0.0
00505.HK,2019-08-28,0.58,0.58,0.58,0.58,20000.0,0.0
00505.HK,2019-08-29,0.57,0.58,0.57,0.58,16000.0,0.0
00505.HK,2019-08-30,0.58,0.58,0.58,0.58,65000.0,0.0
00505.HK,2019-09-02,0.5,0.53,0.5,0.5,1113000.0,0.0
00505.HK,2019-09-03,0.59,0.59,0.5,0.54,622000.0,0.0
00505.HK,2019-09-04,0.5,0.5,0.5,0.5,53000.0,0.0
00505.HK,2019-09-05,0.52,0.54,0.52,0.54,117000.0,0.0
00505.HK,2019-09-06,0.54,0.54,0.5,0.5,130000.0,0.0
00505.HK,2019-09-09,0.51,0.55,0.51,0.55,8000.0,0.0
00505.HK,2019-09-10,0.49,0.5,0.48,0.5,32000.0,0.0
00505.HK,2019-09-11,0.5,0.55,0.5,0.55,27000.0,0.0
00505.HK,2019-09-12,0.55,0.55,0.55,0.55,0.0,0.0
00505.HK,2019-09-13,0.47,0.52,0.47,0.52,12000.0,0.0
00505.HK,2019-09-16,0.49,0.5,0.48,0.5,180000.0,0.0
00505.HK,2019-09-17,0.49,0.5,0.49,0.5,110000.0,0.0
00505.HK,2019-09-18,0.53,0.53,0.53,0.53,58000.0,0.0
00505.HK,2019-09-19,0.46,0.5,0.46,0.5,13000.0,0.0
00505.HK,2019-09-20,0.49,0.49,0.47,0.48,48000.0,0.0
00505.HK,2019-09-23,0.49,0.51,0.48,0.48,76400.0,0.0
00505.HK,2019-09-24,0.47,0.51,0.47,0.51,32000.0,0.0
00505.HK,2019-09-25,0.51,0.51,0.51,0.51,0.0,0.0
00505.HK,2019-09-26,0.5,0.53,0.5,0.53,16000.0,0.0
00505.HK,2019-09-27,0.53,0.53,0.53,0.53,0.0,0.0
00505.HK,2019-09-30,0.5,0.5,0.5,0.5,4000.0,0.0
00505.HK,2019-10-02,0.5,0.5,0.5,0.5,0.0,0.0
00505.HK,2019-10-03,0.5,0.5,0.5,0.5,0.0,0.0
00505.HK,2019-10-04,0.5,0.5,0.5,0.5,0.0,0.0
00505.HK,2019-10-08,0.47,0.51,0.47,0.51,11000.0,0.0
00505.HK,2019-10-09,0.51,0.51,0.51,0.51,51000.0,0.0
00505.HK,2019-10-10,0.51,0.51,0.51,0.51,1000.0,0.0
00505.HK,2019-10-11,0.52,0.53,0.51,0.53,62000.0,0.0
00505.HK,2019-10-14,0.49,0.53,0.49,0.53,7000.0,0.0
00505.HK,2019-10-15,0.52,0.52,0.51,0.51,60000.0,0.0
00505.HK,2019-10-16,0.51,0.51,0.51,0.51,2000.0,0.0
00505.HK,2019-10-17,0.54,0.54,0.52,0.53,259000.0,0.0
00505.HK,2019-10-18,0.58,0.58,0.58,0.58,1000.0,0.0
00505.HK,2019-10-21,0.58,0.58,0.58,0.58,0.0,0.0
00505.HK,2019-10-22,0.57,0.57,0.57,0.57,0.0,0.0
00505.HK,2019-10-23,0.52,0.53,0.52,0.53,52000.0,0.0
00505.HK,2019-10-24,0.52,0.52,0.52,0.52,0.0,0.0
00505.HK,2019-10-25,0.52,0.52,0.52,0.52,0.0,0.0
00505.HK,2019-10-28,0.48,0.51,0.48,0.51,13000.0,0.0
00505.HK,2019-10-29,0.51,0.51,0.51,0.51,0.0,0.0
00505.HK,2019-10-30,0.51,0.51,0.51,0.51,13000.0,0.0
00505.HK,2019-10-31,0.48,0.51,0.48,0.51,22000.0,0.0
00505.HK,2019-11-01,0.51,0.52,0.51,0.51,23000.0,0.0
00505.HK,2019-11-04,0.52,0.52,0.51,0.51,55000.0,0.0
00505.HK,2019-11-05,0.5,0.52,0.5,0.5,51000.0,0.0
00505.HK,2019-11-06,0.48,0.52,0.47,0.52,25000.0,0.0
00505.HK,2019-11-07,0.52,0.52,0.52,0.52,0.0,0.0
00505.HK,2019-11-08,0.51,0.51,0.51,0.51,39000.0,0.0
00505.HK,2019-11-11,0.47,0.51,0.47,0.51,30000.0,0.0
00505.HK,2019-11-12,0.51,0.51,0.51,0.51,0.0,0.0
00505.HK,2019-11-13,0.47,0.59,0.47,0.56,58000.0,0.0
00505.HK,2019-11-14,0.51,0.51,0.48,0.49,31000.0,0.0
00505.HK,2019-11-15,0.5,0.53,0.5,0.53,21000.0,0.0
00505.HK,2019-11-18,0.55,0.55,0.51,0.51,67000.0,0.0
00505.HK,2019-11-19,0.54,0.54,0.54,0.54,1000.0,0.0
00505.HK,2019-11-20,0.54,0.54,0.51,0.51,65000.0,0.0
00505.HK,2019-11-21,0.5,0.53,0.5,0.53,10000.0,0.0
00505.HK,2019-11-22,0.53,0.53,0.53,0.53,0.0,0.0
00505.HK,2019-11-25,0.48,0.51,0.48,0.51,150000.0,0.0
00505.HK,2019-11-26,0.51,0.51,0.51,0.51,0.0,0.0
00505.HK,2019-11-27,0.51,0.51,0.51,0.51,0.0,0.0
00505.HK,2019-11-28,0.5,0.51,0.5,0.51,55000.0,0.0
00505.HK,2019-11-29,0.51,0.51,0.51,0.51,0.0,0.0
00505.HK,2019-12-02,0.48,0.48,0.44,0.48,46000.0,0.0
00505.HK,2019-12-03,0.47,0.53,0.47,0.53,58000.0,0.0
00505.HK,2019-12-04,0.53,0.58,0.53,0.58,50000.0,0.0
00505.HK,2019-12-05,0.51,0.58,0.5,0.57,118000.0,0.0
00505.HK,2019-12-06,0.57,0.57,0.57,0.57,0.0,0.0
00505.HK,2019-12-09,0.51,0.6,0.51,0.6,2000.0,0.0
00505.HK,2019-12-10,0.59,0.62,0.59,0.62,35000.0,0.0
00505.HK,2019-12-11,0.61,0.62,0.61,0.62,60000.0,0.0
00505.HK,2019-12-12,0.6,0.6,0.53,0.58,202000.0,0.0
00505.HK,2019-12-13,0.58,0.58,0.58,0.58,0.0,0.0
00505.HK,2019-12-16,0.52,0.58,0.52,0.58,7100.0,0.0
00505.HK,2019-12-17,0.54,0.54,0.53,0.53,57000.0,0.0
00505.HK,2019-12-18,0.6,0.65,0.6,0.65,87000.0,0.0
00505.HK,2019-12-19,0.55,0.62,0.55,0.62,272000.0,0.0
00505.HK,2019-12-20,0.62,0.62,0.62,0.62,0.0,0.0
00505.HK,2019-12-23,0.59,0.63,0.59,0.6,110000.0,0.0
00505.HK,2019-12-24,0.6,0.6,0.6,0.6,0.0,0.0
00505.HK,2019-12-27,0.68,0.68,0.6,0.61,338000.0,0.0
00505.HK,2019-12-30,0.61,0.65,0.61,0.61,96000.0,0.0
00505.HK,2019-12-31,0.58,0.63,0.58,0.63,21000.0,0.0
00505.HK,2020-01-02,0.65,0.66,0.63,0.63,12000.0,0.0
00505.HK,2020-01-03,0.63,0.63,0.63,0.63,0.0,0.0
00505.HK,2020-01-06,0.6,0.66,0.6,0.66,23000.0,0.0
00505.HK,2020-01-07,0.65,0.66,0.6,0.64,18000.0,0.0
00505.HK,2020-01-08,0.64,0.64,0.64,0.64,0.0,0.0
00505.HK,2020-01-09,0.62,0.65,0.61,0.61,49000.0,0.0
00505.HK,2020-01-10,0.59,0.59,0.59,0.59,6000.0,0.0
00505.HK,2020-01-13,0.57,0.57,0.56,0.56,24000.0,0.0
00505.HK,2020-01-14,0.57,0.57,0.54,0.57,95000.0,0.0
00505.HK,2020-01-15,0.53,0.56,0.53,0.56,12000.0,0.0
00505.HK,2020-01-16,0.53,0.58,0.53,0.58,286000.0,0.0
00505.HK,2020-01-17,0.59,0.62,0.59,0.59,232000.0,0.0
00505.HK,2020-01-20,0.6,0.63,0.6,0.61,22000.0,0.0
00505.HK,2020-01-21,0.64,0.65,0.64,0.64,62000.0,0.0
00505.HK,2020-01-22,0.64,0.64,0.64,0.64,28000.0,0.0
00505.HK,2020-01-23,0.64,0.64,0.64,0.64,0.0,0.0
00505.HK,2020-01-24,0.64,0.64,0.64,0.64,0.0,0.0
00505.HK,2020-01-29,0.63,0.64,0.63,0.64,30000.0,0.0
00505.HK,2020-01-30,0.64,0.65,0.64,0.64,102000.0,0.0
00505.HK,2020-01-31,0.65,0.65,0.65,0.65,160000.0,0.0
00505.HK,2020-02-03,0.64,0.66,0.64,0.66,40000.0,0.0
00505.HK,2020-02-04,0.65,0.65,0.65,0.65,0.0,0.0
00505.HK,2020-02-05,0.59,0.62,0.59,0.61,12000.0,0.0
00505.HK,2020-02-06,0.6,0.62,0.6,0.6,4000.0,0.0
00505.HK,2020-02-07,0.6,0.6,0.6,0.6,0.0,0.0
00505.HK,2020-02-10,0.58,0.59,0.57,0.59,7000.0,0.0
00505.HK,2020-02-11,0.58,0.58,0.57,0.57,16000.0,0.0
00505.HK,2020-02-12,0.55,0.6,0.55,0.59,218000.0,0.0
00505.HK,2020-02-13,0.58,0.65,0.58,0.64,387000.0,0.0
00505.HK,2020-02-14,0.64,0.64,0.64,0.64,167000.0,0.0
00505.HK,2020-02-17,0.64,0.65,0.64,0.64,53000.0,0.0
00505.HK,2020-02-18,0.65,0.7,0.65,0.7,1185000.0,0.0
00505.HK,2020-02-19,0.7,0.7,0.63,0.68,59500.0,0.0
00505.HK,2020-02-20,0.67,0.69,0.67,0.68,22000.0,0.0
00505.HK,2020-02-21,0.68,0.68,0.68,0.68,2000.0,0.0
00505.HK,2020-02-24,0.67,0.69,0.67,0.69,18000.0,0.0
00505.HK,2020-02-25,0.65,0.68,0.61,0.68,13000.0,0.0
00505.HK,2020-02-26,0.67,0.69,0.67,0.67,83000.0,0.0
00505.HK,2020-02-27,0.7,0.79,0.69,0.7,645000.0,0.0
00505.HK,2020-02-28,0.69,0.75,0.67,0.73,318000.0,0.0
00505.HK,2020-03-02,0.72,0.74,0.67,0.74,165000.0,0.0
00505.HK,2020-03-03,0.76,0.79,0.75,0.76,192000.0,0.0
00505.HK,2020-03-04,0.72,0.78,0.72,0.76,12000.0,0.0
00505.HK,2020-03-05,0.75,0.85,0.75,0.85,257000.0,0.0
00505.HK,2020-03-06,0.81,0.9,0.76,0.89,1394000.0,0.0
00505.HK,2020-03-09,0.82,0.83,0.65,0.65,1408000.0,0.0
00505.HK,2020-03-10,0.65,0.75,0.65,0.73,433000.0,0.0
00505.HK,2020-03-11,0.73,0.78,0.72,0.78,112000.0,0.0
00505.HK,2020-03-12,0.76,0.79,0.72,0.79,647000.0,0.0
00505.HK,2020-03-13,0.78,0.8,0.75,0.8,337000.0,0.0
00505.HK,2020-03-16,0.8,0.81,0.76,0.81,784000.0,0.0
00505.HK,2020-03-17,0.77,0.78,0.72,0.78,54000.0,0.0
00505.HK,2020-03-18,0.78,0.81,0.78,0.78,157000.0,0.0
00505.HK,2020-03-19,0.71,0.78,0.7,0.77,250300.0,0.0
00505.HK,2020-03-20,0.72,0.77,0.72,0.76,385000.0,0.0
00505.HK,2020-03-23,0.76,0.81,0.75,0.8,34000.0,0.0
00505.HK,2020-03-24,0.79,0.79,0.79,0.79,26000.0,0.0
00505.HK,2020-03-25,0.8,0.81,0.8,0.8,357000.0,0.0
00505.HK,2020-03-26,0.81,0.81,0.75,0.75,205000.0,0.0
00505.HK,2020-03-27,0.73,0.86,0.73,0.84,891000.0,0.0
00505.HK,2020-03-30,0.83,0.84,0.83,0.84,244000.0,0.0
00505.HK,2020-03-31,0.82,0.88,0.82,0.88,264000.0,0.0
00505.HK,2020-04-01,0.8,0.85,0.74,0.82,69000.0,0.0
00505.HK,2020-04-02,0.81,0.82,0.77,0.81,271000.0,0.0
00505.HK,2020-04-03,0.78,0.85,0.77,0.85,32000.0,0.0
00505.HK,2020-04-06,0.83,0.89,0.83,0.88,49000.0,0.0
00505.HK,2020-04-07,0.86,0.87,0.86,0.87,5000.0,0.0
00505.HK,2020-04-08,0.88,0.88,0.8,0.81,623000.0,0.0
00505.HK,2020-04-09,0.82,0.82,0.8,0.81,43000.0,0.0
00505.HK,2020-04-14,0.8,0.85,0.8,0.82,12000.0,0.0
00505.HK,2020-04-15,0.83,0.83,0.8,0.81,31000.0,0.0
00505.HK,2020-04-16,0.8,0.85,0.8,0.85,461000.0,0.0
00505.HK,2020-04-17,0.83,0.86,0.83,0.86,63000.0,0.0
00505.HK,2020-04-20,0.81,0.9,0.81,0.89,982000.0,0.0
00505.HK,2020-04-21,0.87,0.89,0.79,0.8,267000.0,0.0
00505.HK,2020-04-22,0.8,0.8,0.8,0.8,197000.0,0.0
00505.HK,2020-04-23,0.8,0.86,0.75,0.86,21000.0,0.0
00505.HK,2020-04-24,0.86,0.88,0.8,0.88,189000.0,0.0
00505.HK,2020-04-27,0.88,0.9,0.8,0.9,530000.0,0.0
00505.HK,2020-04-28,0.88,0.95,0.82,0.93,508000.0,0.0
00505.HK,2020-04-29,0.98,0.98,0.84,0.93,1387000.0,0.0
00505.HK,2020-05-04,0.88,0.97,0.88,0.95,7000.0,0.0
00505.HK,2020-05-05,0.95,0.95,0.95,0.95,0.0,0.0
00505.HK,2020-05-06,0.87,0.93,0.87,0.87,37000.0,0.0
00505.HK,2020-05-07,0.87,0.92,0.86,0.9,90000.0,0.0
00505.HK,2020-05-08,0.9,0.91,0.85,0.91,88000.0,0.0
00505.HK,2020-05-11,0.9,0.9,0.86,0.86,155000.0,0.0
00505.HK,2020-05-12,0.88,0.9,0.88,0.9,105000.0,0.0
00505.HK,2020-05-13,0.89,1.0,0.86,0.96,4306000.0,0.0
00505.HK,2020-05-14,0.99,1.0,0.93,0.93,1057000.0,0.0
00505.HK,2020-05-15,0.9,0.95,0.87,0.87,1132000.0,0.0
00505.HK,2020-05-18,0.87,0.97,0.85,0.97,898000.0,0.0
00505.HK,2020-05-19,1.0,1.04,0.95,0.96,1098000.0,0.0
00505.HK,2020-05-20,0.96,0.96,0.96,0.96,0.0,0.0
00505.HK,2020-05-21,0.96,0.96,0.96,0.96,0.0,0.0
00505.HK,2020-05-22,0.92,0.98,0.92,0.92,203000.0,0.0
00505.HK,2020-05-25,0.93,0.96,0.93,0.96,11000.0,0.0
00505.HK,2020-05-26,0.98,1.01,0.93,1.01,1742000.0,0.0
00505.HK,2020-05-27,0.95,0.99,0.95,0.97,174000.0,0.0
00505.HK,2020-05-28,0.94,0.98,0.94,0.97,260000.0,0.0
00505.HK,2020-05-29,0.97,1.01,0.94,0.98,187000.0,0.0
00505.HK,2020-06-01,1.0,1.0,0.97,0.98,308000.0,0.0
00505.HK,2020-06-02,0.97,1.0,0.97,0.99,193000.0,0.0
00505.HK,2020-06-03,0.98,1.0,0.96,0.97,306000.0,0.0
00505.HK,2020-06-04,0.97,1.05,0.96,1.03,1119000.0,0.0
00505.HK,2020-06-05,1.0,1.04,0.98,1.03,935000.0,0.0
00505.HK,2020-06-08,0.98,1.02,0.98,0.99,180000.0,0.0
00505.HK,2020-06-09,0.99,1.05,0.99,1.04,739000.0,0.0
00505.HK,2020-06-10,1.04,1.05,1.0,1.04,263000.0,0.0
00505.HK,2020-06-11,1.02,1.04,1.0,1.03,732000.0,0.0
00505.HK,2020-06-12,1.01,1.03,1.01,1.03,9000.0,0.0
00505.HK,2020-06-15,1.01,1.05,1.0,1.02,161000.0,0.0
00505.HK,2020-06-16,1.02,1.05,1.01,1.01,44000.0,0.0
00505.HK,2020-06-17,1.0,1.1,1.0,1.08,837000.0,0.0
00505.HK,2020-06-18,1.08,1.09,1.03,1.04,588000.0,0.0
00505.HK,2020-06-19,1.04,1.08,1.03,1.07,29000.0,0.0
00505.HK,2020-06-22,1.04,1.06,1.04,1.04,32000.0,0.0
00505.HK,2020-06-23,1.04,1.06,1.04,1.04,117000.0,0.0
00505.HK,2020-06-24,1.0,1.08,0.95,1.07,437000.0,0.0
00505.HK,2020-06-26,0.97,0.97,0.92,0.95,440300.0,0.0
00505.HK,2020-06-29,1.04,1.06,1.0,1.04,598000.0,0.0
00505.HK,2020-06-30,1.0,1.04,0.97,1.02,26000.0,0.0
00505.HK,2020-07-02,1.0,1.06,0.94,0.96,515000.0,0.0
00505.HK,2020-07-03,0.95,1.06,0.95,1.04,262000.0,0.0
00505.HK,2020-07-06,1.04,1.06,1.0,1.06,429000.0,0.0
00505.HK,2020-07-07,1.01,1.06,1.0,1.02,707000.0,0.0
00505.HK,2020-07-08,1.02,1.06,1.02,1.06,521500.0,0.0
00505.HK,2020-07-09,1.02,1.06,1.02,1.05,409000.0,0.0
00505.HK,2020-07-10,1.02,1.05,1.0,1.03,272000.0,0.0
00505.HK,2020-07-13,1.02,1.06,0.95,1.05,1385000.0,0.0
00505.HK,2020-07-14,1.05,1.05,0.96,1.05,1351000.0,0.0
00505.HK,2020-07-15,1.01,1.06,0.98,1.06,1328000.0,0.0
00505.HK,2020-07-16,1.04,1.05,1.02,1.05,1009000.0,0.0
00505.HK,2020-07-17,1.04,1.07,1.02,1.03,978000.0,0.0
00505.HK,2020-07-20,1.05,1.06,1.03,1.06,534000.0,0.0
00505.HK,2020-07-21,1.05,1.07,1.05,1.07,367000.0,0.0
00505.HK,2020-07-22,1.04,1.07,1.04,1.06,1250000.0,0.0
00505.HK,2020-07-23,1.06,1.12,1.05,1.08,1435300.0,0.0
00505.HK,2020-07-24,1.08,1.09,1.06,1.08,99000.0,0.0
00505.HK,2020-07-27,1.06,1.08,1.04,1.04,123000.0,0.0
00505.HK,2020-07-28,1.04,1.07,1.04,1.04,92000.0,0.0
00505.HK,2020-07-29,1.06,1.06,1.04,1.04,236000.0,0.0
00505.HK,2020-07-30,1.04,1.07,1.04,1.06,69000.0,0.0
00505.HK,2020-07-31,1.06,1.07,1.04,1.06,242000.0,0.0
00505.HK,2020-08-03,1.06,1.13,1.06,1.09,124000.0,0.0
00505.HK,2020-08-04,1.09,1.09,1.04,1.07,384000.0,0.0
00505.HK,2020-08-05,1.04,1.06,1.04,1.05,39000.0,0.0
00505.HK,2020-08-06,1.04,1.06,1.04,1.06,47000.0,0.0
00505.HK,2020-08-07,1.06,1.1,1.02,1.06,211000.0,0.0
00505.HK,2020-08-10,1.04,1.09,1.04,1.05,79000.0,0.0
00505.HK,2020-08-11,1.05,1.09,1.04,1.04,511000.0,0.0
00505.HK,2020-08-12,1.05,1.08,0.99,1.02,690000.0,0.0
00505.HK,2020-08-13,1.02,1.06,1.02,1.05,235000.0,0.0
00505.HK,2020-08-14,1.06,1.1,1.04,1.06,192000.0,0.0
00505.HK,2020-08-17,1.06,1.06,1.04,1.06,37000.0,0.0
00505.HK,2020-08-18,1.04,1.04,0.98,1.03,559000.0,0.0
00505.HK,2020-08-19,1.0,1.03,1.0,1.03,180000.0,0.0
00505.HK,2020-08-20,1.03,1.04,1.03,1.04,59000.0,0.0
00505.HK,2020-08-21,1.01,1.05,1.0,1.05,13000.0,0.0
00505.HK,2020-08-24,1.01,1.03,1.01,1.02,28000.0,0.0
00505.HK,2020-08-25,1.01,1.03,0.97,0.98,11000.0,0.0
00505.HK,2020-08-26,1.03,1.03,0.98,1.02,185000.0,0.0
00505.HK,2020-08-27,1.0,1.02,0.98,0.98,17000.0,0.0
00505.HK,2020-08-28,1.0,1.02,1.0,1.01,11000.0,0.0
00505.HK,2020-08-31,1.01,1.05,1.01,1.02,176000.0,0.0
00505.HK,2020-09-01,1.03,1.03,1.0,1.0,82000.0,0.0
00505.HK,2020-09-02,1.02,1.03,1.0,1.03,624000.0,0.0
00505.HK,2020-09-03,1.0,1.01,1.0,1.0,15000.0,0.0
00505.HK,2020-09-04,0.96,0.99,0.96,0.99,19000.0,0.0
00505.HK,2020-09-07,0.99,1.02,0.99,1.02,896000.0,0.0
00505.HK,2020-09-08,1.0,1.0,1.0,1.0,11000.0,0.0
00505.HK,2020-09-09,1.0,1.02,1.0,1.02,3000.0,0.0
00505.HK,2020-09-10,1.0,1.04,1.0,1.03,122000.0,0.0
00505.HK,2020-09-11,1.03,1.03,1.03,1.03,0.0,0.0
00505.HK,2020-09-14,1.03,1.03,1.0,1.0,31000.0,0.0
00505.HK,2020-09-15,1.0,1.02,1.0,1.02,54000.0,0.0
00505.HK,2020-09-16,1.0,1.02,1.0,1.02,23000.0,0.0
00505.HK,2020-09-17,1.02,1.02,1.02,1.02,54000.0,0.0
00505.HK,2020-09-18,1.02,1.02,1.02,1.02,0.0,0.0
00505.HK,2020-09-21,1.02,1.02,1.02,1.02,0.0,0.0
00505.HK,2020-09-22,1.02,1.02,1.02,1.02,0.0,0.0
00505.HK,2020-09-23,0.98,0.98,0.93,0.98,14000.0,0.0
00505.HK,2020-09-24,0.95,0.95,0.95,0.95,0.0,0.0
00505.HK,2020-09-25,0.94,0.94,0.94,0.94,0.0,0.0
00505.HK,2020-09-28,0.93,0.95,0.82,0.95,28000.0,0.0
00505.HK,2020-09-29,0.86,0.95,0.84,0.95,78000.0,0.0
00505.HK,2020-09-30,0.95,0.95,0.95,0.95,0.0,0.0
00505.HK,2020-10-05,0.9,0.95,0.86,0.91,26000.0,0.0
00505.HK,2020-10-06,0.91,0.91,0.84,0.88,58000.0,0.0
00505.HK,2020-10-07,0.89,0.9,0.89,0.9,38000.0,0.0
00505.HK,2020-10-08,0.9,0.9,0.9,0.9,0.0,0.0
00505.HK,2020-10-09,0.91,0.94,0.91,0.93,10000.0,0.0
00505.HK,2020-10-12,0.91,0.93,0.86,0.93,44000.0,0.0
00505.HK,2020-10-14,0.88,0.93,0.85,0.93,74000.0,0.0
00505.HK,2020-10-15,0.93,0.94,0.93,0.94,21000.0,0.0
00505.HK,2020-10-16,0.92,0.93,0.88,0.93,49000.0,0.0
00505.HK,2020-10-19,0.93,0.93,0.93,0.93,0.0,0.0
00505.HK,2020-10-20,0.9,0.93,0.88,0.93,43000.0,0.0
00505.HK,2020-10-21,0.92,0.99,0.88,0.99,60000.0,0.0
00505.HK,2020-10-22,0.99,0.99,0.99,0.99,0.0,0.0
00505.HK,2020-10-23,0.89,0.97,0.89,0.9,73000.0,0.0
00505.HK,2020-10-27,0.91,0.95,0.9,0.9,50000.0,0.0
00505.HK,2020-10-28,0.91,0.93,0.89,0.93,90000.0,0.0
00505.HK,2020-10-29,0.93,0.93,0.89,0.93,50000.0,0.0
00505.HK,2020-10-30,0.9,0.92,0.9,0.92,24000.0,0.0
00505.HK,2020-11-02,0.92,0.92,0.92,0.92,0.0,0.0
00505.HK,2020-11-03,0.9,0.91,0.88,0.89,64000.0,0.0
00505.HK,2020-11-04,0.91,0.91,0.91,0.91,46000.0,0.0
00505.HK,2020-11-05,0.91,0.91,0.91,0.91,5000.0,0.0
00505.HK,2020-11-06,0.93,0.95,0.93,0.95,139000.0,0.0
00505.HK,2020-11-09,0.95,0.95,0.95,0.95,0.0,0.0
00505.HK,2020-11-10,0.9,0.95,0.9,0.91,16000.0,0.0
00505.HK,2020-11-11,0.91,0.95,0.89,0.95,71000.0,0.0
00505.HK,2020-11-12,0.95,0.95,0.95,0.95,0.0,0.0
00505.HK,2020-11-13,0.91,0.91,0.91,0.91,16000.0,0.0
00505.HK,2020-11-16,0.91,0.99,0.91,0.96,67000.0,0.0
00505.HK,2020-11-17,0.96,0.96,0.96,0.96,0.0,0.0
00505.HK,2020-11-18,0.96,0.96,0.92,0.95,43000.0,0.0
00505.HK,2020-11-19,0.95,0.95,0.95,0.95,0.0,0.0
00505.HK,2020-11-20,0.95,0.95,0.95,0.95,0.0,0.0
00505.HK,2020-11-23,0.93,0.95,0.92,0.92,65000.0,0.0
00505.HK,2020-11-24,0.92,0.92,0.92,0.92,0.0,0.0
00505.HK,2020-11-25,0.92,0.92,0.91,0.91,19000.0,0.0
00505.HK,2020-11-26,0.88,1.0,0.88,0.92,1233000.0,0.0
00505.HK,2020-11-27,0.98,1.05,0.92,1.05,4130000.0,0.0
00505.HK,2020-11-30,1.05,1.07,0.96,1.01,353000.0,0.0
00505.HK,2020-12-01,1.04,1.09,0.94,1.03,1862000.0,0.0
00505.HK,2020-12-02,1.05,1.05,1.02,1.04,54000.0,0.0
00505.HK,2020-12-03,1.09,1.09,1.02,1.05,136000.0,0.0
00505.HK,2020-12-04,1.04,1.07,1.0,1.04,67000.0,0.0
00505.HK,2020-12-07,1.04,1.05,1.04,1.05,238000.0,0.0
00505.HK,2020-12-08,1.05,1.05,1.0,1.05,234400.0,0.0
00505.HK,2020-12-09,1.05,1.05,1.05,1.05,0.0,0.0
00505.HK,2020-12-10,1.01,1.06,1.01,1.06,591000.0,0.0
00505.HK,2020-12-11,1.03,1.07,1.03,1.06,39000.0,0.0
00505.HK,2020-12-14,1.03,1.07,1.03,1.07,11000.0,0.0
00505.HK,2020-12-15,1.03,1.11,1.03,1.06,906000.0,0.0
00505.HK,2020-12-16,1.05,1.08,1.05,1.07,59000.0,0.0
00505.HK,2020-12-17,1.07,1.07,1.07,1.07,0.0,0.0
00505.HK,2020-12-18,1.04,1.1,1.01,1.08,362000.0,0.0
00505.HK,2020-12-21,1.05,1.08,1.05,1.08,3000.0,0.0
00505.HK,2020-12-22,1.05,1.05,1.05,1.05,1000.0,0.0
00505.HK,2020-12-23,1.04,1.04,1.04,1.04,3000.0,0.0
00505.HK,2020-12-24,1.05,1.05,1.05,1.05,10000.0,0.0
00505.HK,2020-12-28,1.05,1.05,1.05,1.05,3000.0,0.0
00505.HK,2020-12-29,1.06,1.09,1.06,1.09,75000.0,0.0
00505.HK,2020-12-30,1.04,1.06,1.01,1.06,169000.0,0.0
00505.HK,2020-12-31,1.06,1.06,1.06,1.06,0.0,0.0
00505.HK,2021-01-04,1.08,1.08,1.03,1.06,205000.0,0.0
00505.HK,2021-01-05,1.05,1.08,1.05,1.08,508000.0,0.0
00505.HK,2021-01-06,1.05,1.1,1.05,1.06,120000.0,0.0
00505.HK,2021-01-07,1.08,1.09,1.08,1.09,865000.0,0.0
00505.HK,2021-01-08,1.06,1.09,1.06,1.09,41000.0,0.0
00505.HK,2021-01-11,1.06,1.09,1.05,1.09,123000.0,0.0
00505.HK,2021-01-12,1.08,1.12,1.06,1.1,115000.0,0.0
00505.HK,2021-01-13,1.1,1.11,1.02,1.1,225000.0,0.0
00505.HK,2021-01-14,1.06,1.1,1.01,1.1,222000.0,0.0
00505.HK,2021-01-15,1.08,1.12,1.07,1.07,494000.0,0.0
00505.HK,2021-01-18,1.06,1.09,1.04,1.04,139400.0,0.0
00505.HK,2021-01-19,1.04,1.08,1.04,1.07,75000.0,0.0
00505.HK,2021-01-20,1.07,1.07,1.07,1.07,0.0,0.0
00505.HK,2021-01-21,1.07,1.11,1.07,1.07,187000.0,0.0
00505.HK,2021-01-22,1.1,1.11,1.07,1.09,37000.0,0.0
00505.HK,2021-01-25,1.05,1.1,1.05,1.1,273000.0,0.0
00505.HK,2021-01-26,1.09,1.16,1.09,1.16,408000.0,0.0
00505.HK,2021-01-27,1.16,1.16,1.08,1.13,274000.0,0.0
00505.HK,2021-01-28,1.13,1.15,1.13,1.15,34000.0,0.0
00505.HK,2021-01-29,1.07,1.11,1.06,1.1,24000.0,0.0
00505.HK,2021-02-01,1.06,1.11,1.03,1.09,403000.0,0.0
00505.HK,2021-02-02,1.09,1.12,1.06,1.09,889000.0,0.0
00505.HK,2021-02-03,1.07,1.16,1.07,1.15,950000.0,0.0
00505.HK,2021-02-04,1.15,1.18,1.15,1.18,1987000.0,0.0
00505.HK,2021-02-05,1.18,1.18,1.18,1.18,10000.0,0.0
00505.HK,2021-02-08,1.17,1.17,1.13,1.16,79000.0,0.0
00505.HK,2021-02-09,1.12,1.18,1.05,1.18,1506000.0,0.0
00505.HK,2021-02-10,1.18,1.18,1.11,1.18,46000.0,0.0
00505.HK,2021-02-11,1.15,1.15,1.15,1.15,0.0,0.0
00505.HK,2021-02-16,1.08,1.17,1.08,1.15,23000.0,0.0
00505.HK,2021-02-17,1.11,1.14,1.11,1.11,47000.0,0.0
00505.HK,2021-02-18,1.13,1.15,1.07,1.12,461000.0,0.0
00505.HK,2021-02-19,1.12,1.16,1.12,1.15,91000.0,0.0
00505.HK,2021-02-22,1.15,1.18,1.11,1.16,172000.0,0.0
00505.HK,2021-02-23,1.16,1.16,1.16,1.16,0.0,0.0
00505.HK,2021-02-24,1.12,1.17,1.04,1.16,1906000.0,0.0
00505.HK,2021-02-25,1.12,1.18,1.12,1.13,714000.0,0.0
00505.HK,2021-02-26,1.12,1.15,1.12,1.13,80000.0,0.0
00505.HK,2021-03-01,1.13,1.15,1.13,1.15,27000.0,0.0
00505.HK,2021-03-02,1.2,1.39,1.15,1.21,1656000.0,0.0
00505.HK,2021-03-03,1.21,1.25,1.2,1.2,93000.0,0.0
00505.HK,2021-03-04,1.2,1.22,1.15,1.22,903000.0,0.0
00505.HK,2021-03-05,1.16,1.19,1.13,1.13,80000.0,0.0
00505.HK,2021-03-08,1.1,1.15,1.09,1.1,158000.0,0.0
00505.HK,2021-03-09,1.08,1.19,1.08,1.12,315000.0,0.0
00505.HK,2021-03-10,1.12,1.12,1.12,1.12,0.0,0.0
00505.HK,2021-03-11,1.12,1.18,1.11,1.17,103000.0,0.0
00505.HK,2021-03-12,1.12,1.18,1.12,1.16,73000.0,0.0
00505.HK,2021-03-15,1.13,1.17,1.13,1.13,80000.0,0.0
00505.HK,2021-03-16,1.15,1.17,1.15,1.17,111000.0,0.0
00505.HK,2021-03-17,1.16,1.18,1.14,1.18,150000.0,0.0
00505.HK,2021-03-18,1.14,1.15,1.13,1.15,14000.0,0.0
00505.HK,2021-03-19,1.15,1.17,1.12,1.13,142000.0,0.0
00505.HK,2021-03-22,1.13,1.2,1.13,1.2,415000.0,0.0
00505.HK,2021-03-23,1.15,1.19,1.15,1.15,6000.0,0.0
00505.HK,2021-03-24,1.15,1.18,1.14,1.14,24000.0,0.0
00505.HK,2021-03-25,1.14,1.16,1.14,1.16,6000.0,0.0
00505.HK,2021-03-26,1.16,1.18,1.16,1.18,6600.0,0.0
00505.HK,2021-03-29,1.14,1.17,1.13,1.17,158000.0,0.0
00505.HK,2021-03-30,1.16,1.16,1.13,1.15,194500.0,0.0
00505.HK,2021-03-31,1.15,1.18,1.13,1.13,87000.0,0.0
00505.HK,2021-04-01,1.14,1.16,1.13,1.14,19300.0,0.0
00505.HK,2021-04-07,1.16,1.16,1.14,1.14,13000.0,0.0
00505.HK,2021-04-08,1.15,1.16,1.15,1.16,385000.0,0.0
00505.HK,2021-04-09,1.14,1.22,1.14,1.15,127000.0,0.0
00505.HK,2021-04-12,1.14,1.16,1.13,1.14,268000.0,0.0
00505.HK,2021-04-13,1.14,1.16,1.14,1.14,30000.0,0.0
00505.HK,2021-04-14,1.16,1.22,1.16,1.19,12000.0,0.0
00505.HK,2021-04-15,1.19,1.19,1.19,1.19,0.0,0.0
00505.HK,2021-04-16,1.14,1.15,1.14,1.15,44000.0,0.0
00505.HK,2021-04-19,1.15,1.17,1.15,1.16,52000.0,0.0
00505.HK,2021-04-20,1.15,1.16,1.14,1.16,350000.0,0.0
00505.HK,2021-04-21,1.16,1.18,1.15,1.17,208000.0,0.0
00505.HK,2021-04-22,1.17,1.23,1.17,1.23,1070000.0,0.0
00505.HK,2021-04-23,1.16,1.18,1.15,1.18,33000.0,0.0
00505.HK,2021-04-26,1.18,1.25,1.15,1.2,449000.0,0.0
00505.HK,2021-04-27,1.22,1.25,1.19,1.2,263000.0,0.0
00505.HK,2021-04-28,1.16,1.25,1.16,1.22,174000.0,0.0
00505.HK,2021-04-29,1.19,1.21,1.15,1.18,312000.0,0.0
00505.HK,2021-04-30,1.18,1.19,1.15,1.19,57000.0,0.0
00505.HK,2021-05-03,1.16,1.18,1.16,1.17,8000.0,0.0
00505.HK,2021-05-04,1.13,1.22,1.13,1.2,333000.0,0.0
00505.HK,2021-05-05,1.17,1.2,1.17,1.2,109000.0,0.0
00505.HK,2021-05-06,1.2,1.22,1.18,1.2,94000.0,0.0
00505.HK,2021-05-07,1.2,1.25,1.17,1.2,500000.0,0.0
00505.HK,2021-05-10,1.2,1.27,1.2,1.24,699000.0,0.0
00505.HK,2021-05-11,1.24,1.24,1.18,1.22,106000.0,0.0
00505.HK,2021-05-12,1.19,1.22,1.16,1.22,394000.0,0.0
00505.HK,2021-05-13,1.22,1.22,1.22,1.22,104000.0,0.0
00505.HK,2021-05-14,1.29,1.29,1.19,1.26,47000.0,0.0
00505.HK,2021-05-17,1.21,1.22,1.17,1.22,64000.0,0.0
00505.HK,2021-05-18,1.19,1.21,1.18,1.21,166000.0,0.0
00505.HK,2021-05-20,1.19,1.21,1.18,1.21,117000.0,0.0
00505.HK,2021-05-21,1.19,1.19,1.17,1.19,215000.0,0.0
00505.HK,2021-05-24,1.2,1.22,1.2,1.22,136000.0,0.0
00505.HK,2021-05-25,1.18,1.2,1.18,1.2,96000.0,0.0
00505.HK,2021-05-26,1.18,1.2,1.17,1.18,403000.0,0.0
00505.HK,2021-05-27,1.17,1.19,1.16,1.19,486000.0,0.0
00505.HK,2021-05-28,1.18,1.2,1.18,1.2,283000.0,0.0
00505.HK,2021-05-31,1.17,1.2,1.17,1.18,16000.0,0.0
00505.HK,2021-06-01,1.18,1.19,1.18,1.19,8000.0,0.0
00505.HK,2021-06-02,1.19,1.19,1.19,1.19,0.0,0.0
00505.HK,2021-06-03,1.18,1.21,1.18,1.21,466000.0,0.0
00505.HK,2021-06-04,1.19,1.21,1.19,1.19,17000.0,0.0
00505.HK,2021-06-07,1.19,1.19,1.19,1.19,0.0,0.0
00505.HK,2021-06-08,1.18,1.2,1.17,1.18,39000.0,0.0
00505.HK,2021-06-09,1.18,1.18,1.18,1.18,0.0,0.0
00505.HK,2021-06-10,1.15,1.17,1.15,1.17,142000.0,0.0
00505.HK,2021-06-11,1.14,1.17,1.12,1.17,21000.0,0.0
00505.HK,2021-06-15,1.15,1.16,1.15,1.15,12000.0,0.0
00505.HK,2021-06-16,1.1,1.14,1.09,1.13,99000.0,0.0
00505.HK,2021-06-17,1.13,1.13,1.13,1.13,0.0,0.0
00505.HK,2021-06-18,1.11,1.12,1.08,1.08,11000.0,0.0
00505.HK,2021-06-21,1.1,1.1,1.09,1.09,4000.0,0.0
00505.HK,2021-06-22,1.09,1.18,1.05,1.18,220000.0,0.0
00505.HK,2021-06-23,1.12,1.17,1.12,1.16,17000.0,0.0
00505.HK,2021-06-24,1.12,1.15,1.12,1.15,50000.0,0.0
00505.HK,2021-06-25,1.17,1.17,1.12,1.17,36000.0,0.0
00505.HK,2021-06-28,1.16,1.16,1.08,1.15,38000.0,0.0
00505.HK,2021-06-29,1.1,1.14,1.1,1.14,5000.0,0.0
00505.HK,2021-06-30,1.14,1.14,1.14,1.14,0.0,0.0
00505.HK,2021-07-02,1.1,1.1,1.08,1.1,21000.0,0.0
00505.HK,2021-07-05,1.1,1.13,1.08,1.13,9000.0,0.0
00505.HK,2021-07-06,1.12,1.12,1.12,1.12,0.0,0.0
00505.HK,2021-07-07,1.12,1.12,1.12,1.12,20000.0,0.0
00505.HK,2021-07-08,1.13,1.15,1.09,1.12,23000.0,0.0
00505.HK,2021-07-09,1.14,1.14,1.12,1.14,125000.0,0.0
00505.HK,2021-07-12,1.14,1.15,1.13,1.15,54000.0,0.0
00505.HK,2021-07-13,1.14,1.14,1.14,1.14,0.0,0.0
00505.HK,2021-07-14,1.15,1.16,1.14,1.14,13000.0,0.0
00505.HK,2021-07-15,1.14,1.14,1.11,1.13,8000.0,0.0
00505.HK,2021-07-16,1.13,1.13,1.13,1.13,0.0,0.0
00505.HK,2021-07-19,1.16,1.17,1.1,1.12,173000.0,0.0
00505.HK,2021-07-20,1.12,1.12,1.07,1.11,46400.0,0.0
00505.HK,2021-07-21,1.1,1.11,1.08,1.11,414000.0,0.0
00505.HK,2021-07-22,1.11,1.11,1.11,1.11,0.0,0.0
00505.HK,2021-07-23,1.1,1.1,1.1,1.1,0.0,0.0
00505.HK,2021-07-26,1.06,1.09,1.04,1.04,12000.0,0.0
00505.HK,2021-07-27,1.04,1.05,1.03,1.03,36000.0,0.0
00505.HK,2021-07-28,1.02,1.02,0.95,0.97,83000.0,0.0
00505.HK,2021-07-29,0.96,1.05,0.96,1.04,9000.0,0.0
00505.HK,2021-07-30,1.04,1.04,1.04,1.04,0.0,0.0
00505.HK,2021-08-02,1.02,1.05,0.99,1.04,914000.0,0.0
00505.HK,2021-08-03,1.01,1.03,0.99,1.03,697000.0,0.0
00505.HK,2021-08-04,1.03,1.04,1.0,1.03,65000.0,0.0
00505.HK,2021-08-05,1.03,1.03,1.03,1.03,0.0,0.0
00505.HK,2021-08-06,1.03,1.03,1.0,1.02,223000.0,0.0
00505.HK,2021-08-09,1.1,1.1,1.0,1.0,782000.0,0.0
00505.HK,2021-08-10,1.0,1.11,0.99,1.02,1786000.0,0.0
00505.HK,2021-08-11,1.0,1.02,1.0,1.0,25000.0,0.0
00505.HK,2021-08-12,1.0,1.02,1.0,1.0,45000.0,0.0
00505.HK,2021-08-13,1.0,1.04,1.0,1.03,875000.0,0.0
00505.HK,2021-08-16,1.02,1.06,1.0,1.02,500000.0,0.0
00505.HK,2021-08-17,1.03,1.03,1.0,1.02,503000.0,0.0
00505.HK,2021-08-18,1.09,1.13,1.02,1.13,694000.0,0.0
00505.HK,2021-08-19,1.1,1.13,1.04,1.06,202000.0,0.0
00505.HK,2021-08-20,1.04,1.08,0.99,1.07,6096000.0,0.0
00505.HK,2021-08-23,1.1,1.1,1.03,1.09,861000.0,0.0
00505.HK,2021-08-24,1.11,1.11,1.02,1.05,1203000.0,0.0
00505.HK,2021-08-25,1.05,1.07,1.04,1.07,257000.0,0.0
00505.HK,2021-08-26,1.07,1.09,1.05,1.08,147000.0,0.0
00505.HK,2021-08-27,1.09,1.09,1.04,1.07,1370000.0,0.0
00505.HK,2021-08-30,1.08,1.13,1.08,1.11,367000.0,0.0
00505.HK,2021-08-31,1.1,1.13,1.09,1.13,118000.0,0.0
00505.HK,2021-09-01,1.13,1.13,1.08,1.12,1378000.0,0.0
00505.HK,2021-09-02,1.12,1.13,1.07,1.09,1008000.0,0.0
00505.HK,2021-09-03,1.11,1.12,1.1,1.1,52000.0,0.0
00505.HK,2021-09-06,1.1,1.1,1.1,1.1,6000.0,0.0
00505.HK,2021-09-07,1.12,1.13,1.09,1.13,304000.0,0.0
00505.HK,2021-09-08,1.12,1.14,1.11,1.13,113000.0,0.0
00505.HK,2021-09-09,1.14,1.14,1.08,1.12,1484000.0,0.0
00505.HK,2021-09-10,1.1,1.18,1.1,1.14,233000.0,0.0
00505.HK,2021-09-13,1.1,1.12,1.09,1.12,418000.0,0.0
00505.HK,2021-09-14,1.1,1.1,1.06,1.1,1246000.0,0.0
00505.HK,2021-09-15,1.09,1.1,1.04,1.1,733000.0,0.0
00505.HK,2021-09-16,1.07,1.1,1.01,1.07,2037000.0,0.0
00505.HK,2021-09-17,1.07,1.09,1.07,1.09,7000.0,0.0
00505.HK,2021-09-20,1.06,1.06,1.01,1.01,1600000.0,0.0
00505.HK,2021-09-21,1.03,1.06,1.0,1.05,1971000.0,0.0
00505.HK,2021-09-23,1.07,1.13,1.04,1.09,882000.0,0.0
00505.HK,2021-09-24,1.09,1.09,1.09,1.09,157000.0,0.0
00505.HK,2021-09-27,1.09,1.1,1.05,1.05,267000.0,0.0
00505.HK,2021-09-28,1.05,1.05,1.05,1.05,0.0,0.0
00505.HK,2021-09-29,1.06,1.07,1.02,1.05,1630000.0,0.0
00505.HK,2021-09-30,1.04,1.09,1.04,1.09,1034000.0,0.0
00505.HK,2021-10-04,1.06,1.08,1.06,1.07,1462000.0,0.0
00505.HK,2021-10-05,1.07,1.08,1.04,1.08,1846000.0,0.0
00505.HK,2021-10-06,1.06,1.12,1.06,1.08,1561000.0,0.0
00505.HK,2021-10-07,1.07,1.19,1.07,1.07,3221000.0,0.0
00505.HK,2021-10-08,1.12,1.12,1.08,1.09,718000.0,0.0
00505.HK,2021-10-11,1.09,1.09,1.09,1.09,0.0,0.0
00505.HK,2021-10-12,1.09,1.12,1.09,1.11,7000.0,0.0
00505.HK,2021-10-15,1.1,1.14,1.07,1.11,85000.0,0.0
00505.HK,2021-10-18,1.11,1.11,1.11,1.11,0.0,0.0
00505.HK,2021-10-19,1.07,1.15,1.07,1.14,122000.0,0.0
00505.HK,2021-10-20,1.14,1.14,1.11,1.13,177000.0,0.0
00505.HK,2021-10-21,1.11,1.16,1.08,1.1,177000.0,0.0
00505.HK,2021-10-22,1.1,1.1,1.1,1.1,0.0,0.0
00505.HK,2021-10-25,1.07,1.11,1.07,1.11,5000.0,0.0
00505.HK,2021-10-26,1.09,1.09,1.09,1.09,3000.0,0.0
00505.HK,2021-10-27,1.04,1.05,1.04,1.05,8000.0,0.0
00505.HK,2021-10-28,1.03,1.04,1.03,1.04,64000.0,0.0
00505.HK,2021-10-29,1.05,1.11,1.05,1.07,73000.0,0.0
00505.HK,2021-11-01,1.08,1.08,1.08,1.08,31000.0,0.0
00505.HK,2021-11-02,1.11,1.11,1.07,1.07,12000.0,0.0
00505.HK,2021-11-03,1.07,1.09,1.07,1.09,97000.0,0.0
00505.HK,2021-11-04,1.05,1.1,1.05,1.1,76000.0,0.0
00505.HK,2021-11-05,1.05,1.1,1.05,1.1,330000.0,0.0
00505.HK,2021-11-08,1.1,1.14,1.08,1.1,212000.0,0.0
00505.HK,2021-11-09,1.1,1.1,1.1,1.1,37000.0,0.0
00505.HK,2021-11-10,1.1,1.1,1.1,1.1,50000.0,0.0
00505.HK,2021-11-11,1.1,1.1,1.06,1.07,556000.0,0.0
00505.HK,2021-11-12,1.07,1.09,1.03,1.09,70000.0,0.0
00505.HK,2021-11-15,1.09,1.09,1.09,1.09,30000.0,0.0
00505.HK,2021-11-16,1.06,1.1,1.06,1.09,27000.0,0.0
00505.HK,2021-11-17,1.1,1.12,1.06,1.08,52000.0,0.0
00505.HK,2021-11-18,1.08,1.08,1.08,1.08,0.0,0.0
00505.HK,2021-11-19,1.11,1.11,1.06,1.08,85900.0,0.0
00505.HK,2021-11-22,1.1,1.12,1.1,1.12,179000.0,0.0
00505.HK,2021-11-23,1.1,1.1,1.07,1.08,206000.0,0.0
00505.HK,2021-11-24,1.08,1.13,1.07,1.1,1006000.0,0.0
00505.HK,2021-11-25,1.1,1.1,1.1,1.1,0.0,0.0
00505.HK,2021-11-26,1.08,1.08,1.06,1.07,129000.0,0.0
00505.HK,2021-11-29,1.08,1.09,1.07,1.09,37000.0,0.0
00505.HK,2021-11-30,1.09,1.1,1.05,1.1,288000.0,0.0
00505.HK,2021-12-01,1.09,1.1,1.07,1.1,1230000.0,0.0
00505.HK,2021-12-02,1.08,1.12,1.08,1.11,866000.0,0.0
00505.HK,2021-12-03,1.08,1.08,1.06,1.07,43000.0,0.0
00505.HK,2021-12-06,1.06,1.07,1.02,1.07,1711000.0,0.0
00505.HK,2021-12-07,1.04,1.1,1.04,1.09,1664000.0,0.0
00505.HK,2021-12-08,1.06,1.12,1.05,1.06,440000.0,0.0
00505.HK,2021-12-09,1.09,1.1,1.06,1.1,149000.0,0.0
00505.HK,2021-12-10,1.1,1.1,1.1,1.1,0.0,0.0
00505.HK,2021-12-13,1.11,1.15,1.06,1.07,383000.0,0.0
00505.HK,2021-12-14,1.07,1.13,1.06,1.13,102000.0,0.0
00505.HK,2021-12-15,1.13,1.15,1.12,1.13,633000.0,0.0
00505.HK,2021-12-16,1.13,1.15,1.13,1.15,23000.0,0.0
00505.HK,2021-12-17,1.15,1.15,1.15,1.15,0.0,0.0
00505.HK,2021-12-20,1.15,1.15,1.15,1.15,0.0,0.0
00505.HK,2021-12-21,1.15,1.15,1.15,1.15,0.0,0.0
00505.HK,2021-12-22,1.08,1.12,1.08,1.08,81000.0,0.0
00505.HK,2021-12-23,1.14,1.15,1.11,1.15,45000.0,0.0
00505.HK,2021-12-24,1.14,1.14,1.14,1.14,0.0,0.0
00505.HK,2021-12-28,1.09,1.14,1.09,1.14,60000.0,0.0
00505.HK,2021-12-29,1.12,1.14,1.12,1.14,32000.0,0.0
00505.HK,2021-12-30,1.13,1.13,1.13,1.13,0.0,0.0
00505.HK,2021-12-31,1.1,1.13,1.1,1.13,10000.0,0.0
00505.HK,2022-01-03,1.13,1.13,1.13,1.13,0.0,0.0
00505.HK,2022-01-04,1.15,1.15,1.09,1.1,85000.0,0.0
00505.HK,2022-01-05,1.14,1.15,1.12,1.12,103000.0,0.0
00505.HK,2022-01-06,1.1,1.14,1.08,1.14,130000.0,0.0
00505.HK,2022-01-07,1.1,1.15,1.1,1.15,149000.0,0.0
00505.HK,2022-01-10,1.12,1.15,1.11,1.15,12000.0,0.0
00505.HK,2022-01-11,1.15,1.15,1.15,1.15,26000.0,0.0
00505.HK,2022-01-12,1.14,1.15,1.1,1.15,562000.0,0.0
00505.HK,2022-01-13,1.15,1.15,1.15,1.15,0.0,0.0
00505.HK,2022-01-14,1.15,1.15,1.15,1.15,91000.0,0.0
00505.HK,2022-01-17,1.12,1.17,1.1,1.17,87000.0,0.0
00505.HK,2022-01-18,1.17,1.17,1.17,1.17,0.0,0.0
00505.HK,2022-01-19,1.18,1.18,1.13,1.13,58000.0,0.0
00505.HK,2022-01-20,1.13,1.15,1.11,1.15,58000.0,0.0
00505.HK,2022-01-21,1.13,1.18,1.13,1.18,101000.0,0.0
00505.HK,2022-01-24,1.13,1.15,1.13,1.13,9101000.0,0.0
00505.HK,2022-01-25,1.13,1.16,1.13,1.15,114000.0,0.0
00505.HK,2022-01-26,1.15,1.15,1.15,1.15,0.0,0.0
00505.HK,2022-01-27,1.15,1.15,1.15,1.15,0.0,0.0
00505.HK,2022-01-28,1.15,1.15,1.15,1.15,0.0,0.0
00505.HK,2022-01-31,1.11,1.12,1.11,1.12,30000.0,0.0
00505.HK,2022-02-04,1.12,1.12,1.12,1.12,0.0,0.0
00505.HK,2022-02-07,1.13,1.14,1.1,1.14,48000.0,0.0
00505.HK,2022-02-08,1.13,1.16,1.13,1.16,93000.0,0.0
00505.HK,2022-02-09,1.16,1.16,1.16,1.16,0.0,0.0
00505.HK,2022-02-10,1.15,1.15,1.15,1.15,1000.0,0.0
00505.HK,2022-02-11,1.12,1.17,1.1,1.17,52500.0,0.0
00505.HK,2022-02-14,1.15,1.15,1.15,1.15,100.0,0.0
00505.HK,2022-02-15,1.13,1.2,1.13,1.19,202000.0,0.0
00505.HK,2022-02-16,1.15,1.19,1.15,1.17,13000.0,0.0
00505.HK,2022-02-17,1.16,1.17,1.16,1.17,3000.0,0.0
00505.HK,2022-02-18,1.18,1.2,1.18,1.2,149000.0,0.0
00505.HK,2022-02-21,1.2,1.23,1.2,1.2,194000.0,0.0
00505.HK,2022-02-22,1.16,1.16,1.15,1.15,21000.0,0.0
00505.HK,2022-02-23,1.15,1.2,1.15,1.2,96000.0,0.0
00505.HK,2022-02-24,1.15,1.2,1.14,1.2,320000.0,0.0
00505.HK,2022-02-25,1.2,1.2,1.2,1.2,0.0,0.0
00505.HK,2022-02-28,1.16,1.16,1.14,1.14,66000.0,0.0
00505.HK,2022-03-01,1.17,1.18,1.15,1.18,194000.0,0.0
00505.HK,2022-03-02,1.18,1.2,1.08,1.16,590000.0,0.0
00505.HK,2022-03-03,1.13,1.18,1.12,1.18,405000.0,0.0
00505.HK,2022-03-04,1.14,1.17,1.13,1.15,404000.0,0.0
00505.HK,2022-03-07,1.13,1.15,1.1,1.15,328000.0,0.0
00505.HK,2022-03-08,1.13,1.13,1.11,1.11,338000.0,0.0
00505.HK,2022-03-09,1.13,1.2,1.11,1.18,216000.0,0.0
00505.HK,2022-03-10,1.19,1.19,1.14,1.15,273200.0,0.0
00505.HK,2022-03-11,1.12,1.15,1.12,1.14,103000.0,0.0
00505.HK,2022-03-14,1.13,1.13,1.11,1.12,250000.0,0.0
00505.HK,2022-03-15,1.1,1.12,1.06,1.06,720000.0,0.0
00505.HK,2022-03-16,1.06,1.17,1.02,1.1,876000.0,0.0
00505.HK,2022-03-17,1.1,1.15,1.08,1.15,1797000.0,0.0
00505.HK,2022-03-18,1.11,1.15,1.1,1.15,90000.0,0.0
00505.HK,2022-03-21,1.13,1.17,1.13,1.15,309000.0,0.0
00505.HK,2022-03-22,1.13,1.16,1.13,1.15,156000.0,0.0
00505.HK,2022-03-23,1.13,1.18,1.11,1.16,447000.0,0.0
00505.HK,2022-03-24,1.11,1.17,1.11,1.17,311000.0,0.0
00505.HK,2022-03-25,1.15,1.17,1.15,1.17,69000.0,0.0
00505.HK,2022-03-28,1.14,1.19,1.1,1.17,439000.0,0.0
00505.HK,2022-03-29,1.13,1.16,1.1,1.16,620000.0,0.0
00505.HK,2022-03-30,1.13,1.15,1.12,1.15,194000.0,0.0
00505.HK,2022-03-31,1.12,1.15,1.12,1.14,271000.0,0.0
00505.HK,2022-04-01,1.13,1.13,1.09,1.1,951000.0,0.0
00505.HK,2022-04-04,1.1,1.12,1.09,1.12,630000.0,0.0
00505.HK,2022-04-06,1.1,1.17,1.07,1.14,686000.0,0.0
00505.HK,2022-04-07,1.11,1.16,1.11,1.12,310000.0,0.0
00505.HK,2022-04-08,1.11,1.14,1.08,1.14,485000.0,0.0
00505.HK,2022-04-11,1.14,1.15,1.11,1.14,328000.0,0.0
00505.HK,2022-04-12,1.11,1.16,1.1,1.15,204000.0,0.0
00505.HK,2022-04-13,1.13,1.16,1.13,1.16,151000.0,0.0
00505.HK,2022-04-14,1.12,1.16,1.12,1.16,304000.0,0.0
00505.HK,2022-04-19,1.13,1.15,1.13,1.15,330000.0,0.0
00505.HK,2022-04-20,1.13,1.15,1.11,1.15,611000.0,0.0
00505.HK,2022-04-21,1.13,1.18,1.12,1.12,31000.0,0.0
00505.HK,2022-04-22,1.11,1.18,1.09,1.17,552000.0,0.0
00505.HK,2022-04-25,1.12,1.15,1.11,1.13,103000.0,0.0
00505.HK,2022-04-26,1.11,1.15,1.11,1.13,372000.0,0.0
00505.HK,2022-04-27,1.13,1.13,1.13,1.13,0.0,0.0
00505.HK,2022-04-28,1.13,1.17,1.11,1.15,60000.0,0.0
00505.HK,2022-04-29,1.13,1.17,1.13,1.15,21000.0,0.0
00505.HK,2022-05-03,1.15,1.15,1.09,1.11,498500.0,0.0
00505.HK,2022-05-04,1.1,1.15,1.07,1.13,612000.0,0.0
00505.HK,2022-05-05,1.11,1.15,1.11,1.11,128000.0,0.0
00505.HK,2022-05-06,1.1,1.17,1.09,1.13,375000.0,0.0
00505.HK,2022-05-10,1.13,1.15,1.1,1.15,363000.0,0.0
00505.HK,2022-05-11,1.12,1.16,1.1,1.14,565000.0,0.0
00505.HK,2022-05-12,1.15,1.15,1.11,1.15,477000.0,0.0
00505.HK,2022-05-13,1.16,1.16,1.12,1.14,348000.0,0.0
00505.HK,2022-05-16,1.13,1.18,1.1,1.15,684000.0,0.0
00505.HK,2022-05-17,1.14,1.18,1.14,1.14,30000.0,0.0
00505.HK,2022-05-18,1.13,1.15,1.11,1.13,523000.0,0.0
00505.HK,2022-05-19,1.12,1.18,1.12,1.16,136000.0,0.0
00505.HK,2022-05-20,1.15,1.17,1.15,1.16,24000.0,0.0
00505.HK,2022-05-23,1.13,1.15,1.12,1.13,1608000.0,0.0
00505.HK,2022-05-24,1.15,1.15,1.15,1.15,6000.0,0.0
00505.HK,2022-05-25,1.13,1.15,1.13,1.15,65000.0,0.0
00505.HK,2022-05-26,1.15,1.18,1.15,1.17,64000.0,0.0
00505.HK,2022-05-27,1.15,1.15,1.15,1.15,0.0,0.0
00505.HK,2022-05-30,1.14,1.15,1.14,1.14,218000.0,0.0
00505.HK,2022-05-31,1.15,1.18,1.14,1.16,332000.0,0.0
00505.HK,2022-06-01,1.16,1.16,1.16,1.16,0.0,0.0
00505.HK,2022-06-02,1.15,1.15,1.15,1.15,0.0,0.0
00505.HK,2022-06-06,1.15,1.16,1.15,1.16,15000.0,0.0
00505.HK,2022-06-07,1.16,1.16,1.16,1.16,0.0,0.0
00505.HK,2022-06-08,1.13,1.16,1.12,1.15,132000.0,0.0
00505.HK,2022-06-09,1.13,1.16,1.13,1.15,282000.0,0.0
00505.HK,2022-06-10,1.14,1.17,1.13,1.17,214000.0,0.0
00505.HK,2022-06-13,1.14,1.16,1.14,1.14,300000.0,0.0
00505.HK,2022-06-14,1.15,1.15,1.13,1.15,169000.0,0.0
00505.HK,2022-06-15,1.14,1.15,1.14,1.15,239000.0,0.0
00505.HK,2022-06-16,1.15,1.15,1.15,1.15,0.0,0.0
00505.HK,2022-06-17,1.13,1.16,1.13,1.15,267000.0,0.0
00505.HK,2022-06-20,1.15,1.16,1.14,1.15,65000.0,0.0
00505.HK,2022-06-21,1.14,1.16,1.13,1.16,81000.0,0.0
00505.HK,2022-06-22,1.14,1.15,1.13,1.13,49000.0,0.0
00505.HK,2022-06-23,1.13,1.15,1.13,1.15,11000.0,0.0
00505.HK,2022-06-24,1.13,1.15,1.13,1.15,52000.0,0.0
00505.HK,2022-06-27,1.13,1.15,1.13,1.15,125000.0,0.0
00505.HK,2022-06-28,1.14,1.15,1.14,1.15,60000.0,0.0
00505.HK,2022-06-29,1.15,1.16,1.13,1.15,432000.0,0.0
00505.HK,2022-06-30,1.15,1.15,1.15,1.15,50000.0,0.0
00505.HK,2022-07-04,1.14,1.15,1.14,1.14,10000.0,0.0
00505.HK,2022-07-05,1.13,1.15,1.13,1.14,10200.0,0.0
00505.HK,2022-07-06,1.13,1.15,1.13,1.15,88000.0,0.0
00505.HK,2022-07-07,1.13,1.15,1.13,1.14,215000.0,0.0
00505.HK,2022-07-08,1.14,1.14,1.14,1.14,0.0,0.0
00505.HK,2022-07-11,1.14,1.14,1.14,1.14,30000.0,0.0
00505.HK,2022-07-12,1.14,1.14,1.14,1.14,0.0,0.0
00505.HK,2022-07-13,1.13,1.15,1.13,1.15,76000.0,0.0
00505.HK,2022-07-14,1.13,1.15,1.13,1.15,106000.0,0.0
00505.HK,2022-07-15,1.13,1.15,1.13,1.15,215000.0,0.0
00505.HK,2022-07-18,1.15,1.16,1.13,1.15,125000.0,0.0
00505.HK,2022-07-19,1.13,1.15,1.13,1.15,39000.0,0.0
00505.HK,2022-07-20,1.14,1.16,1.14,1.14,31000.0,0.0
00505.HK,2022-07-21,1.14,1.17,1.13,1.17,287000.0,0.0
00505.HK,2022-07-22,1.17,1.17,1.17,1.17,0.0,0.0
00505.HK,2022-07-25,1.17,1.17,1.13,1.14,70000.0,0.0
00505.HK,2022-07-26,1.13,1.15,1.13,1.14,18000.0,0.0
00505.HK,2022-07-27,1.13,1.15,1.13,1.13,473000.0,0.0
00505.HK,2022-07-28,1.15,1.15,1.15,1.15,104000.0,0.0
00505.HK,2022-07-29,1.15,1.15,1.15,1.15,0.0,0.0
00505.HK,2022-08-01,1.13,1.15,1.13,1.15,178000.0,0.0
00505.HK,2022-08-02,1.15,1.15,1.13,1.15,290000.0,0.0
00505.HK,2022-08-03,1.15,1.15,1.15,1.15,0.0,0.0
00505.HK,2022-08-04,1.15,1.15,1.15,1.15,0.0,0.0
00505.HK,2022-08-05,1.15,1.17,1.14,1.15,122000.0,0.0
00505.HK,2022-08-08,1.15,1.15,1.15,1.15,0.0,0.0
00505.HK,2022-08-09,1.15,1.15,1.13,1.13,63000.0,0.0
00505.HK,2022-08-10,1.14,1.15,1.13,1.14,128000.0,0.0
00505.HK,2022-08-11,1.14,1.14,1.14,1.14,0.0,0.0
00505.HK,2022-08-12,1.14,1.15,1.13,1.13,104000.0,0.0
00505.HK,2022-08-15,1.13,1.15,1.13,1.14,86000.0,0.0
00505.HK,2022-08-16,1.15,1.15,1.13,1.15,83000.0,0.0
00505.HK,2022-08-17,1.15,1.15,1.13,1.13,33200.0,0.0
00505.HK,2022-08-18,1.14,1.14,1.13,1.13,14000.0,0.0
00505.HK,2022-08-19,1.13,1.15,1.13,1.14,118000.0,0.0
00505.HK,2022-08-22,1.13,1.15,1.13,1.15,75000.0,0.0
00505.HK,2022-08-23,1.15,1.15,1.14,1.15,111000.0,0.0
00505.HK,2022-08-24,1.15,1.15,1.14,1.15,101000.0,0.0
00505.HK,2022-08-25,1.15,1.15,1.15,1.15,0.0,0.0
00505.HK,2022-08-26,1.14,1.14,1.13,1.14,26000.0,0.0
00505.HK,2022-08-29,1.15,1.15,1.14,1.15,110000.0,0.0
00505.HK,2022-08-30,1.15,1.15,1.15,1.15,0.0,0.0
00505.HK,2022-08-31,1.13,1.15,1.13,1.15,43000.0,0.0
00505.HK,2022-09-01,1.13,1.15,1.13,1.13,67000.0,0.0
00505.HK,2022-09-02,1.14,1.14,1.13,1.13,2000.0,0.0
00505.HK,2022-09-05,1.13,1.15,1.13,1.14,515000.0,0.0
00505.HK,2022-09-06,1.15,1.15,1.15,1.15,385000.0,0.0
00505.HK,2022-09-07,1.15,1.15,1.14,1.14,261000.0,0.0
00505.HK,2022-09-08,1.15,1.17,1.14,1.15,425000.0,0.0
00505.HK,2022-09-09,1.15,1.16,1.15,1.16,23000.0,0.0
00505.HK,2022-09-13,1.15,1.17,1.15,1.16,128000.0,0.0
00505.HK,2022-09-14,1.16,1.16,1.16,1.16,0.0,0.0
00505.HK,2022-09-15,1.15,1.15,1.14,1.14,486000.0,0.0
00505.HK,2022-09-16,1.14,1.18,1.13,1.15,222000.0,0.0
00505.HK,2022-09-19,1.14,1.15,1.14,1.15,337000.0,0.0
00505.HK,2022-09-20,1.15,1.15,1.15,1.15,356000.0,0.0
00505.HK,2022-09-21,1.15,1.18,1.15,1.15,185000.0,0.0
00505.HK,2022-09-22,1.15,1.18,1.15,1.15,174000.0,0.0
00505.HK,2022-09-23,1.14,1.16,1.14,1.15,185000.0,0.0
00505.HK,2022-09-26,1.15,1.16,1.15,1.16,306000.0,0.0
00505.HK,2022-09-27,1.15,1.16,1.15,1.15,257000.0,0.0
00505.HK,2022-09-28,1.15,1.17,1.14,1.14,22880000.0,0.0
00505.HK,2022-09-29,1.14,1.17,1.13,1.13,26266000.0,0.0
00505.HK,2022-09-30,1.13,1.16,1.13,1.16,592000.0,0.0
00505.HK,2022-10-03,1.16,1.16,1.15,1.16,314000.0,0.0
00505.HK,2022-10-05,1.16,1.17,1.15,1.17,507000.0,0.0
00505.HK,2022-10-06,1.16,1.17,1.16,1.17,409000.0,0.0
00505.HK,2022-10-07,1.16,1.17,1.15,1.17,298000.0,0.0
00505.HK,2022-10-10,1.17,1.19,1.16,1.17,454000.0,0.0
00505.HK,2022-10-11,1.2,1.2,1.16,1.17,571000.0,0.0
00505.HK,2022-10-12,1.17,1.17,1.13,1.15,974000.0,0.0
00505.HK,2022-10-13,1.15,1.18,1.15,1.18,244000.0,0.0
00505.HK,2022-10-14,1.16,1.17,1.15,1.17,517000.0,0.0
00505.HK,2022-10-17,1.16,1.17,1.15,1.17,539000.0,0.0
00505.HK,2022-10-18,1.17,1.17,1.17,1.17,0.0,0.0
00505.HK,2022-10-19,1.17,1.17,1.17,1.17,0.0,0.0
00505.HK,2022-10-20,1.16,1.16,1.16,1.16,0.0,0.0
00505.HK,2022-10-21,1.17,1.17,1.15,1.17,96000.0,0.0
00505.HK,2022-10-24,1.17,1.17,1.17,1.17,0.0,0.0
00505.HK,2022-10-25,1.14,1.16,1.13,1.16,85000.0,0.0
00505.HK,2022-10-26,1.16,1.16,1.16,1.16,0.0,0.0
00505.HK,2022-10-27,1.14,1.16,1.13,1.14,48000.0,0.0
00505.HK,2022-10-28,1.14,1.14,1.14,1.14,0.0,0.0
00505.HK,2022-10-31,1.13,1.15,1.11,1.15,325000.0,0.0
00505.HK,2022-11-01,1.15,1.15,1.13,1.15,45000.0,0.0
00505.HK,2022-11-02,1.13,1.13,1.13,1.13,17000.0,0.0
00505.HK,2022-11-03,1.13,1.13,1.12,1.12,27000.0,0.0
00505.HK,2022-11-04,1.12,1.12,1.12,1.12,0.0,0.0
00505.HK,2022-11-07,1.1,1.13,1.07,1.08,101000.0,0.0
00505.HK,2022-11-08,1.07,1.09,1.07,1.07,22000.0,0.0
00505.HK,2022-11-09,1.06,1.06,1.0,1.02,172000.0,0.0
00505.HK,2022-11-10,1.04,1.04,1.01,1.01,12000.0,0.0
00505.HK,2022-11-11,1.02,1.04,1.0,1.04,22000.0,0.0
00505.HK,2022-11-14,1.01,1.05,1.0,1.0,29000.0,0.0
00505.HK,2022-11-15,1.0,1.06,1.0,1.06,64000.0,0.0
00505.HK,2022-11-16,1.07,1.07,1.07,1.07,4000.0,0.0
00505.HK,2022-11-17,1.07,1.07,1.05,1.05,29000.0,0.0
00505.HK,2022-11-18,1.05,1.05,1.05,1.05,0.0,0.0
00505.HK,2022-11-21,1.03,1.03,1.01,1.02,85000.0,0.0
00505.HK,2022-11-22,1.0,1.0,0.96,0.97,12000.0,0.0
00505.HK,2022-11-23,0.97,1.01,0.96,1.01,19000.0,0.0
00505.HK,2022-11-24,1.01,1.01,1.01,1.01,0.0,0.0
00505.HK,2022-11-25,1.01,1.01,1.01,1.01,0.0,0.0
00505.HK,2022-11-28,1.01,1.01,1.01,1.01,0.0,0.0
00505.HK,2022-11-29,1.05,1.05,1.05,1.05,6000.0,0.0
00505.HK,2022-11-30,1.05,1.05,1.05,1.05,5000.0,0.0
00505.HK,2022-12-01,1.05,1.05,0.97,1.01,44000.0,0.0
00505.HK,2022-12-02,1.1,1.1,1.02,1.02,92000.0,0.0
00505.HK,2022-12-05,1.02,1.02,1.02,1.02,0.0,0.0
00505.HK,2022-12-06,1.01,1.01,1.0,1.01,11000.0,0.0
00505.HK,2022-12-07,1.03,1.03,1.02,1.02,18000.0,0.0
00505.HK,2022-12-08,1.03,1.03,1.03,1.03,0.0,0.0
00505.HK,2022-12-09,1.08,1.08,1.07,1.07,10000.0,0.0
00505.HK,2022-12-12,1.07,1.07,1.07,1.07,0.0,0.0
00505.HK,2022-12-13,1.01,1.02,1.01,1.02,2000.0,0.0
00505.HK,2022-12-14,1.02,1.02,1.02,1.02,0.0,0.0
00505.HK,2022-12-15,1.02,1.02,1.02,1.02,0.0,0.0
00505.HK,2022-12-16,1.02,1.02,1.02,1.02,0.0,0.0
00505.HK,2022-12-19,1.02,1.02,1.02,1.02,0.0,0.0
00505.HK,2022-12-20,1.02,1.1,1.02,1.04,142000.0,0.0
00505.HK,2022-12-21,1.04,1.05,1.04,1.05,2000.0,0.0
00505.HK,2022-12-22,1.05,1.05,1.05,1.05,0.0,0.0
00505.HK,2022-12-23,1.05,1.05,1.05,1.05,0.0,0.0
00505.HK,2022-12-28,1.01,1.04,1.01,1.04,3000.0,0.0
00505.HK,2022-12-29,1.04,1.04,1.01,1.02,26000.0,0.0
00505.HK,2022-12-30,1.01,1.02,1.0,1.02,13000.0,0.0
00505.HK,2023-01-03,1.02,1.04,1.02,1.02,76000.0,0.0
00505.HK,2023-01-04,1.02,1.02,1.02,1.02,0.0,0.0
00505.HK,2023-01-05,1.05,1.06,1.05,1.06,167000.0,0.0
00505.HK,2023-01-06,1.07,1.07,1.0,1.06,105000.0,0.0
00505.HK,2023-01-09,1.08,1.08,1.05,1.05,101000.0,0.0
00505.HK,2023-01-10,1.08,1.09,1.05,1.05,122000.0,0.0
00505.HK,2023-01-11,1.05,1.05,1.05,1.05,0.0,0.0
00505.HK,2023-01-12,1.05,1.05,1.05,1.05,0.0,0.0
00505.HK,2023-01-13,1.05,1.05,1.05,1.05,0.0,0.0
00505.HK,2023-01-16,1.05,1.05,1.05,1.05,0.0,0.0
00505.HK,2023-01-17,1.05,1.05,1.05,1.05,0.0,0.0
00505.HK,2023-01-18,1.05,1.05,1.05,1.05,0.0,0.0
00505.HK,2023-01-19,1.03,1.05,1.03,1.05,15000.0,0.0
00505.HK,2023-01-20,1.03,1.03,1.03,1.03,11800.0,0.0
00505.HK,2023-01-26,1.09,1.1,1.03,1.07,333000.0,0.0
00505.HK,2023-01-27,1.1,1.1,1.02,1.1,246000.0,0.0
00505.HK,2023-01-30,1.1,1.1,1.1,1.1,0.0,0.0
00505.HK,2023-01-31,1.1,1.1,1.1,1.1,0.0,0.0
00505.HK,2023-02-01,1.1,1.1,1.1,1.1,0.0,0.0
00505.HK,2023-02-02,1.1,1.1,1.1,1.1,0.0,0.0
00505.HK,2023-02-03,1.09,1.09,1.09,1.09,0.0,0.0
00505.HK,2023-02-06,1.08,1.08,1.08,1.08,0.0,0.0
00505.HK,2023-02-07,1.07,1.07,1.07,1.07,0.0,0.0
00505.HK,2023-02-08,1.06,1.06,1.06,1.06,0.0,0.0
00505.HK,2023-02-09,1.05,1.07,1.03,1.07,10000.0,0.0
00505.HK,2023-02-10,1.03,1.05,1.02,1.05,17000.0,0.0
00505.HK,2023-02-13,1.05,1.05,1.01,1.05,12000.0,0.0
00505.HK,2023-02-14,1.01,1.05,1.01,1.05,6000.0,0.0
00505.HK,2023-02-15,1.05,1.1,1.02,1.05,141000.0,0.0
00505.HK,2023-02-16,1.05,1.05,1.05,1.05,0.0,0.0
00505.HK,2023-02-17,1.03,1.03,1.0,1.0,261000.0,0.0
00505.HK,2023-02-20,1.0,1.04,0.97,1.01,24000.0,0.0
00505.HK,2023-02-21,1.01,1.01,1.01,1.01,81000.0,0.0
00505.HK,2023-02-22,1.01,1.01,1.01,1.01,0.0,0.0
00505.HK,2023-02-23,1.01,1.01,1.01,1.01,0.0,0.0
00505.HK,2023-02-24,1.04,1.04,0.93,1.03,2000.0,0.0
00505.HK,2023-02-27,1.03,1.03,1.03,1.03,0.0,0.0
00505.HK,2023-02-28,0.97,1.01,0.91,0.98,67000.0,0.0
00505.HK,2023-03-01,0.99,1.03,0.94,1.01,5000.0,0.0
00505.HK,2023-03-02,1.03,1.05,0.95,1.04,6000.0,0.0
00505.HK,2023-03-03,0.96,1.0,0.94,1.0,73000.0,0.0
00505.HK,2023-03-06,0.95,1.0,0.95,1.0,26000.0,0.0
00505.HK,2023-03-07,1.0,1.0,1.0,1.0,0.0,0.0
00505.HK,2023-03-08,0.99,1.0,0.96,1.0,25000.0,0.0
00505.HK,2023-03-09,1.03,1.03,1.03,1.03,0.0,0.0
00505.HK,2023-03-10,1.0,1.0,0.98,1.0,13000.0,0.0
00505.HK,2023-03-13,0.96,1.0,0.96,1.0,63000.0,0.0
00505.HK,2023-03-14,0.97,1.0,0.97,1.0,36000.0,0.0
00505.HK,2023-03-15,1.0,1.0,0.98,1.0,14000.0,0.0
00505.HK,2023-03-16,1.0,1.0,1.0,1.0,11000.0,0.0
00505.HK,2023-03-17,1.0,1.0,1.0,1.0,0.0,0.0
00505.HK,2023-03-20,1.0,1.0,1.0,1.0,0.0,0.0
00505.HK,2023-03-21,1.0,1.0,1.0,1.0,0.0,0.0
00505.HK,2023-03-22,1.0,1.0,1.0,1.0,0.0,0.0
00505.HK,2023-03-23,1.0,1.0,1.0,1.0,0.0,0.0
00505.HK,2023-03-24,1.01,1.01,1.0,1.0,11000.0,0.0
00505.HK,2023-03-27,0.98,1.0,0.98,1.0,33000.0,0.0
00505.HK,2023-03-28,1.0,1.0,1.0,1.0,0.0,0.0
00505.HK,2023-03-29,1.02,1.02,0.99,1.0,30000.0,0.0
00505.HK,2023-03-30,1.01,1.01,0.96,0.98,139000.0,0.0
00505.HK,2023-03-31,0.97,1.0,0.97,0.99,170000.0,0.0
00505.HK,2023-04-03,1.06,1.06,1.03,1.06,164000.0,0.0
00505.HK,2023-04-04,1.0,1.07,0.97,1.06,339000.0,0.0
00505.HK,2023-04-06,1.06,1.1,1.04,1.06,221000.0,0.0
00505.HK,2023-04-11,1.03,1.1,1.02,1.09,358000.0,0.0
00505.HK,2023-04-12,1.06,1.11,1.0,1.1,488000.0,0.0
00505.HK,2023-04-13,1.05,1.11,1.05,1.06,334000.0,0.0
00505.HK,2023-04-14,1.08,1.11,1.08,1.08,201000.0,0.0
00505.HK,2023-04-17,1.04,1.11,1.03,1.11,459000.0,0.0
00505.HK,2023-04-18,1.1,1.1,1.1,1.1,0.0,0.0
00505.HK,2023-04-19,1.1,1.1,1.1,1.1,0.0,0.0
00505.HK,2023-04-20,1.1,1.1,1.1,1.1,0.0,0.0
00505.HK,2023-04-21,1.05,1.05,1.05,1.05,12000.0,0.0
00505.HK,2023-04-24,1.06,1.11,1.05,1.1,392000.0,0.0
00505.HK,2023-04-25,1.07,1.1,1.07,1.09,242000.0,0.0
00505.HK,2023-04-26,1.07,1.1,1.04,1.1,215000.0,0.0
00505.HK,2023-04-27,1.08,1.1,1.05,1.06,303000.0,0.0
00505.HK,2023-04-28,1.07,1.07,1.06,1.07,21000.0,0.0
00505.HK,2023-05-02,1.07,1.09,1.05,1.05,303000.0,0.0
00505.HK,2023-05-03,1.08,1.1,1.05,1.1,714000.0,0.0
00505.HK,2023-05-04,1.1,1.11,1.06,1.1,241000.0,0.0
00505.HK,2023-05-05,1.11,1.12,1.08,1.08,303000.0,0.0
00505.HK,2023-05-08,1.1,1.12,1.1,1.12,402000.0,0.0
00505.HK,2023-05-09,1.07,1.11,1.07,1.11,213000.0,0.0
00505.HK,2023-05-10,1.11,1.12,1.09,1.11,216100.0,0.0
00505.HK,2023-05-11,1.1,1.13,1.09,1.09,436000.0,0.0
00505.HK,2023-05-12,1.1,1.13,1.07,1.08,363000.0,0.0
00505.HK,2023-05-15,1.08,1.08,1.08,1.08,272000.0,0.0
00505.HK,2023-05-16,1.07,1.13,1.06,1.06,12000.0,0.0
00505.HK,2023-05-17,1.06,1.06,1.06,1.06,1000.0,0.0
00505.HK,2023-05-18,1.06,1.06,1.06,1.06,0.0,0.0
00505.HK,2023-05-19,1.07,1.09,1.04,1.09,4000.0,0.0
00505.HK,2023-05-22,1.08,1.12,1.06,1.07,231000.0,0.0
00505.HK,2023-05-23,1.09,1.12,1.09,1.1,211000.0,0.0
00505.HK,2023-05-24,1.09,1.12,1.03,1.06,258000.0,0.0
00505.HK,2023-05-25,1.06,1.07,1.02,1.07,38000.0,0.0
00505.HK,2023-05-29,1.09,1.12,1.07,1.12,215000.0,0.0
00505.HK,2023-05-30,1.12,1.12,1.12,1.12,302000.0,0.0
00505.HK,2023-05-31,1.12,1.12,1.07,1.12,206000.0,0.0
00505.HK,2023-06-01,1.12,1.12,1.12,1.12,0.0,0.0
00505.HK,2023-06-02,1.06,1.13,1.05,1.13,218000.0,0.0
00505.HK,2023-06-05,1.1,1.13,1.1,1.13,211000.0,0.0
00505.HK,2023-06-06,1.13,1.13,1.13,1.13,0.0,0.0
00505.HK,2023-06-07,1.13,1.13,1.13,1.13,100.0,0.0
00505.HK,2023-06-08,1.13,1.13,1.08,1.1,202000.0,0.0
00505.HK,2023-06-09,1.13,1.13,1.06,1.08,212000.0,0.0
00505.HK,2023-06-12,1.12,1.13,1.07,1.11,202000.0,0.0
00505.HK,2023-06-13,1.1,1.13,1.07,1.1,238000.0,0.0
00505.HK,2023-06-14,1.11,1.13,1.08,1.1,243000.0,0.0
00505.HK,2023-06-15,1.1,1.13,1.08,1.1,254000.0,0.0
00505.HK,2023-06-16,1.09,1.12,1.08,1.09,13000.0,0.0
00505.HK,2023-06-19,1.08,1.12,1.08,1.12,13000.0,0.0
00505.HK,2023-06-20,1.1,1.12,1.1,1.12,101000.0,0.0
00505.HK,2023-06-21,1.1,1.1,1.08,1.1,4000.0,0.0
00505.HK,2023-06-23,1.1,1.1,1.08,1.08,403000.0,0.0
00505.HK,2023-06-26,1.11,1.13,1.1,1.1,56000.0,0.0
00505.HK,2023-06-27,1.1,1.1,1.1,1.1,0.0,0.0
00505.HK,2023-06-28,1.1,1.1,1.08,1.1,26000.0,0.0
00505.HK,2023-06-29,1.08,1.13,1.07,1.13,252000.0,0.0
00505.HK,2023-06-30,1.13,1.13,1.13,1.13,0.0,0.0
00505.HK,2023-07-03,1.13,1.13,1.12,1.12,85000.0,0.0
00505.HK,2023-07-04,1.13,1.14,1.09,1.1,201000.0,0.0
00505.HK,2023-07-05,1.1,1.13,1.08,1.08,27000.0,0.0
00505.HK,2023-07-06,1.1,1.1,1.08,1.08,3000.0,0.0
00505.HK,2023-07-07,1.09,1.09,1.08,1.09,29000.0,0.0
00505.HK,2023-07-10,1.08,1.08,1.07,1.08,67100.0,0.0
00505.HK,2023-07-11,1.08,1.08,1.07,1.08,105000.0,0.0
00505.HK,2023-07-12,1.08,1.08,1.08,1.08,0.0,0.0
00505.HK,2023-07-13,1.07,1.08,1.03,1.07,134000.0,0.0
00505.HK,2023-07-14,1.05,1.06,1.05,1.06,31000.0,0.0
00505.HK,2023-07-17,1.06,1.06,1.06,1.06,0.0,0.0
00505.HK,2023-07-18,1.08,1.08,1.05,1.06,11000.0,0.0
00505.HK,2023-07-19,1.06,1.06,1.06,1.06,11000.0,0.0
00505.HK,2023-07-20,1.06,1.06,1.06,1.06,0.0,0.0
00505.HK,2023-07-21,1.05,1.06,1.04,1.05,16000.0,0.0
00505.HK,2023-07-24,1.04,1.05,1.04,1.05,13000.0,0.0
00505.HK,2023-07-25,1.05,1.05,1.04,1.05,65000.0,0.0
00505.HK,2023-07-26,1.05,1.06,1.04,1.05,27000.0,0.0
00505.HK,2023-07-27,1.05,1.05,1.05,1.05,0.0,0.0
00505.HK,2023-07-28,1.04,1.05,1.03,1.05,15000.0,0.0
00505.HK,2023-07-31,1.03,1.05,1.0,1.05,126000.0,0.0
00505.HK,2023-08-01,1.01,1.04,1.0,1.04,41000.0,0.0
00505.HK,2023-08-02,1.04,1.04,1.04,1.04,0.0,0.0
00505.HK,2023-08-03,1.04,1.04,1.04,1.04,0.0,0.0
00505.HK,2023-08-04,1.01,1.04,1.0,1.02,69000.0,0.0
00505.HK,2023-08-07,1.02,1.02,1.02,1.02,0.0,0.0
00505.HK,2023-08-08,1.04,1.05,1.01,1.02,43000.0,0.0
00505.HK,2023-08-09,1.04,1.04,1.0,1.03,6000.0,0.0
00505.HK,2023-08-10,1.03,1.03,1.0,1.01,28000.0,0.0
00505.HK,2023-08-11,1.01,1.01,1.0,1.0,176000.0,0.0
00505.HK,2023-08-14,1.01,1.02,1.0,1.02,7000.0,0.0
00505.HK,2023-08-15,1.02,1.02,1.02,1.02,0.0,0.0
00505.HK,2023-08-16,1.02,1.02,1.02,1.02,0.0,0.0
00505.HK,2023-08-17,1.04,1.05,1.0,1.03,6000.0,0.0
00505.HK,2023-08-18,1.0,1.02,1.0,1.02,2000.0,0.0
00505.HK,2023-08-21,1.0,1.02,0.99,1.02,7000.0,0.0
00505.HK,2023-08-22,1.0,1.0,0.99,1.0,23000.0,0.0
00505.HK,2023-08-23,1.02,1.02,1.01,1.01,2000.0,0.0
00505.HK,2023-08-24,1.03,1.03,0.98,1.01,4000.0,0.0
00505.HK,2023-08-25,1.08,1.08,1.08,1.08,1000.0,0.0
00505.HK,2023-08-28,1.05,1.05,1.05,1.05,0.0,0.0
00505.HK,2023-08-29,1.01,1.01,0.99,1.0,12000.0,0.0
00505.HK,2023-08-30,1.0,1.01,1.0,1.01,4000.0,0.0
00505.HK,2023-08-31,1.01,1.01,0.99,0.99,35000.0,0.0
00505.HK,2023-09-01,0.99,0.99,0.99,0.99,0.0,0.0
00505.HK,2023-09-04,1.01,1.01,1.01,1.01,10000.0,0.0
00505.HK,2023-09-05,1.0,1.02,0.99,1.02,45000.0,0.0
00505.HK,2023-09-06,1.02,1.02,1.02,1.02,0.0,0.0
00505.HK,2023-09-07,1.03,1.07,1.02,1.07,24000.0,0.0
00505.HK,2023-09-08,1.07,1.07,1.07,1.07,0.0,0.0
00505.HK,2023-09-11,1.05,1.05,1.03,1.03,201000.0,0.0
00505.HK,2023-09-12,1.03,1.05,1.01,1.05,202000.0,0.0
00505.HK,2023-09-13,1.04,1.04,1.0,1.04,403000.0,0.0
00505.HK,2023-09-14,1.04,1.07,1.03,1.03,125000.0,0.0
00505.HK,2023-09-15,1.03,1.03,1.03,1.03,0.0,0.0
00505.HK,2023-09-18,1.03,1.03,1.03,1.03,0.0,0.0
00505.HK,2023-09-19,1.03,1.03,1.03,1.03,0.0,0.0
00505.HK,2023-09-20,1.03,1.03,1.03,1.03,0.0,0.0
00505.HK,2023-09-21,1.03,1.03,1.03,1.03,0.0,0.0
00505.HK,2023-09-22,1.03,1.03,1.03,1.03,0.0,0.0
00505.HK,2023-09-25,1.02,1.04,1.02,1.04,201000.0,0.0
00505.HK,2023-09-26,1.04,1.04,1.04,1.04,0.0,0.0
00505.HK,2023-09-27,1.06,1.1,1.06,1.1,193000.0,0.0
00505.HK,2023-09-28,1.08,1.13,1.04,1.11,179000.0,0.0
00505.HK,2023-09-29,1.15,1.15,1.05,1.09,269000.0,0.0
00505.HK,2023-10-03,1.12,1.15,1.05,1.11,228000.0,0.0
00505.HK,2023-10-04,1.11,1.11,1.1,1.1,20000.0,0.0
00505.HK,2023-10-05,1.1,1.1,1.1,1.1,0.0,0.0
00505.HK,2023-10-06,1.1,1.15,1.05,1.1,219000.0,0.0
00505.HK,2023-10-09,1.1,1.1,1.1,1.1,0.0,0.0
00505.HK,2023-10-10,1.05,1.05,1.0,1.01,40000.0,0.0
00505.HK,2023-10-11,1.09,1.15,1.05,1.06,298000.0,0.0
00505.HK,2023-10-12,1.03,1.08,1.03,1.08,33000.0,0.0
00505.HK,2023-10-13,1.12,1.15,1.07,1.08,151000.0,0.0
00505.HK,2023-10-16,1.14,1.15,1.06,1.1,328000.0,0.0
00505.HK,2023-10-17,1.05,1.08,1.04,1.08,26000.0,0.0
00505.HK,2023-10-18,1.08,1.15,1.06,1.14,326000.0,0.0
00505.HK,2023-10-19,1.07,1.07,1.06,1.06,35000.0,0.0
00505.HK,2023-10-20,1.07,1.1,1.06,1.1,26000.0,0.0
00505.HK,2023-10-24,1.08,1.16,1.05,1.13,606000.0,0.0
00505.HK,2023-10-25,1.13,1.13,1.13,1.13,0.0,0.0
00505.HK,2023-10-26,1.14,1.16,1.09,1.09,251000.0,0.0
00505.HK,2023-10-27,1.14,1.14,1.08,1.08,41000.0,0.0
00505.HK,2023-10-30,1.08,1.08,1.08,1.08,0.0,0.0
00505.HK,2023-10-31,1.08,1.1,1.06,1.06,103000.0,0.0
00505.HK,2023-11-01,1.06,1.14,1.03,1.07,334000.0,0.0
00505.HK,2023-11-02,1.1,1.14,1.06,1.12,334000.0,0.0
00505.HK,2023-11-03,1.12,1.12,1.12,1.12,0.0,0.0
00505.HK,2023-11-06,1.12,1.13,1.08,1.11,249000.0,0.0
00505.HK,2023-11-07,1.09,1.11,1.09,1.11,5000.0,0.0
00505.HK,2023-11-08,1.07,1.07,1.07,1.07,2000.0,0.0
00505.HK,2023-11-09,1.07,1.07,1.06,1.06,52000.0,0.0
00505.HK,2023-11-10,1.06,1.06,1.06,1.06,0.0,0.0
00505.HK,2023-11-13,1.06,1.06,1.06,1.06,0.0,0.0
00505.HK,2023-11-14,1.13,1.15,1.06,1.06,217100.0,0.0
00505.HK,2023-11-15,1.08,1.08,1.08,1.08,12000.0,0.0
00505.HK,2023-11-16,1.06,1.08,1.06,1.06,43000.0,0.0
00505.HK,2023-11-17,1.11,1.14,1.07,1.07,381000.0,0.0
00505.HK,2023-11-20,1.07,1.07,1.07,1.07,0.0,0.0
00505.HK,2023-11-21,1.12,1.12,1.06,1.08,261000.0,0.0
00505.HK,2023-11-22,1.07,1.07,1.07,1.07,500.0,0.0
00505.HK,2023-11-23,1.07,1.07,1.07,1.07,0.0,0.0
00505.HK,2023-11-24,1.05,1.08,1.05,1.08,4400.0,0.0
00505.HK,2023-11-27,1.09,1.12,1.07,1.08,232000.0,0.0
00505.HK,2023-11-28,1.07,1.1,1.06,1.07,24000.0,0.0
00505.HK,2023-11-29,1.06,1.06,1.06,1.06,5000.0,0.0
00505.HK,2023-11-30,1.04,1.04,1.04,1.04,19000.0,0.0
00505.HK,2023-12-01,1.04,1.04,1.04,1.04,0.0,0.0
00505.HK,2023-12-04,1.01,1.04,1.01,1.04,19000.0,0.0
00505.HK,2023-12-05,1.03,1.03,1.01,1.01,307000.0,0.0
00505.HK,2023-12-06,1.03,1.05,1.02,1.05,257000.0,0.0
00505.HK,2023-12-07,1.03,1.06,1.03,1.06,281000.0,0.0
00505.HK,2023-12-08,1.06,1.06,1.06,1.06,0.0,0.0
00505.HK,2023-12-11,1.06,1.08,1.03,1.03,238000.0,0.0
00505.HK,2023-12-12,1.02,1.02,1.02,1.02,4000.0,0.0
00505.HK,2023-12-13,1.02,1.06,1.0,1.06,5000.0,0.0
00505.HK,2023-12-14,1.06,1.06,1.06,1.06,0.0,0.0
00505.HK,2023-12-15,1.06,1.06,1.06,1.06,0.0,0.0
00505.HK,2023-12-18,1.06,1.09,1.02,1.08,6000.0,0.0
00505.HK,2023-12-19,1.03,1.08,1.03,1.08,3000.0,0.0
00505.HK,2023-12-20,1.07,1.07,1.07,1.07,0.0,0.0
00505.HK,2023-12-21,1.07,1.07,1.07,1.07,0.0,0.0
00505.HK,2023-12-22,1.07,1.07,1.02,1.06,3000.0,0.0
00505.HK,2023-12-27,1.07,1.13,1.03,1.04,877000.0,0.0
00505.HK,2023-12-28,1.04,1.04,1.04,1.04,0.0,0.0
00505.HK,2023-12-29,1.05,1.05,1.05,1.05,2000.0,0.0
00505.HK,2024-01-02,1.05,1.1,1.03,1.05,351000.0,0.0
00505.HK,2024-01-03,1.04,1.04,1.04,1.04,12000.0,0.0
00505.HK,2024-01-04,1.04,1.04,1.04,1.04,0.0,0.0
00505.HK,2024-01-05,1.04,1.04,1.04,1.04,0.0,0.0
00505.HK,2024-01-08,1.03,1.05,1.03,1.05,262000.0,0.0
00505.HK,2024-01-09,1.04,1.09,1.04,1.04,201000.0,0.0
00505.HK,2024-01-10,1.05,1.08,1.05,1.08,201000.0,0.0
00505.HK,2024-01-11,1.07,1.09,1.07,1.09,200000.0,0.0
00505.HK,2024-01-12,1.09,1.11,1.03,1.04,210000.0,0.0
00505.HK,2024-01-15,1.04,1.07,1.04,1.07,32000.0,0.0
00505.HK,2024-01-16,1.04,1.09,1.03,1.09,252000.0,0.0
00505.HK,2024-01-17,1.04,1.08,1.04,1.08,213000.0,0.0
00505.HK,2024-01-18,1.08,1.1,1.08,1.1,201000.0,0.0
00505.HK,2024-01-19,1.1,1.11,1.08,1.08,208000.0,0.0
00505.HK,2024-01-22,1.08,1.08,1.08,1.08,0.0,0.0
00505.HK,2024-01-23,1.05,1.07,1.03,1.03,94000.0,0.0
00505.HK,2024-01-24,1.02,1.05,1.02,1.05,202000.0,0.0
00505.HK,2024-01-25,1.05,1.05,1.04,1.05,22000.0,0.0
00505.HK,2024-01-26,1.05,1.09,1.05,1.09,301000.0,0.0
00505.HK,2024-01-29,1.09,1.09,1.09,1.09,0.0,0.0
00505.HK,2024-01-30,1.04,1.06,1.04,1.06,14000.0,0.0
00505.HK,2024-01-31,1.06,1.06,1.06,1.06,0.0,0.0
00505.HK,2024-02-01,1.05,1.07,1.05,1.07,10000.0,0.0
00505.HK,2024-02-02,1.07,1.07,1.07,1.07,0.0,0.0
00505.HK,2024-02-05,1.07,1.07,1.07,1.07,0.0,0.0
00505.HK,2024-02-06,1.04,1.07,1.04,1.07,11000.0,0.0
00505.HK,2024-02-07,1.07,1.07,1.07,1.07,0.0,0.0
00505.HK,2024-02-08,1.07,1.07,1.07,1.07,0.0,0.0
00505.HK,2024-02-09,1.07,1.07,1.07,1.07,0.0,0.0
00505.HK,2024-02-14,1.04,1.04,1.04,1.04,2000.0,0.0
00505.HK,2024-02-15,1.03,1.03,1.03,1.03,16000.0,0.0
00505.HK,2024-02-16,1.03,1.03,1.03,1.03,14000.0,0.0
00505.HK,2024-02-19,1.02,1.03,1.02,1.03,6000.0,0.0
00505.HK,2024-02-20,1.03,1.03,1.0,1.03,143000.0,0.0
00505.HK,2024-02-21,1.03,1.03,1.03,1.03,71000.0,0.0
00505.HK,2024-02-22,1.02,1.02,1.0,1.02,60000.0,0.0
00505.HK,2024-02-23,1.02,1.02,1.02,1.02,0.0,0.0
00505.HK,2024-02-26,1.02,1.02,1.02,1.02,0.0,0.0
00505.HK,2024-02-27,1.01,1.02,1.0,1.0,45000.0,0.0
00505.HK,2024-02-28,1.0,1.0,1.0,1.0,0.0,0.0
00505.HK,2024-02-29,1.0,1.0,1.0,1.0,0.0,0.0
00505.HK,2024-03-01,1.0,1.0,1.0,1.0,0.0,0.0
00505.HK,2024-03-04,1.0,1.0,1.0,1.0,0.0,0.0
00505.HK,2024-03-05,1.0,1.0,1.0,1.0,0.0,0.0
00505.HK,2024-03-06,1.0,1.0,1.0,1.0,0.0,0.0
00505.HK,2024-03-07,1.0,1.0,1.0,1.0,0.0,0.0
00505.HK,2024-03-08,0.97,1.0,0.97,1.0,1000.0,0.0
00505.HK,2024-03-11,1.0,1.0,0.99,0.99,17000.0,0.0
00505.HK,2024-03-12,0.98,1.06,0.96,1.06,37000.0,0.0
00505.HK,2024-03-13,1.05,1.05,1.0,1.0,167000.0,0.0
00505.HK,2024-03-14,0.99,0.99,0.99,0.99,70000.0,0.0
00505.HK,2024-03-15,1.04,1.05,1.02,1.02,53000.0,0.0
00505.HK,2024-03-18,1.03,1.06,1.01,1.04,95000.0,0.0
00505.HK,2024-03-19,1.01,1.01,0.99,1.0,43000.0,0.0
00505.HK,2024-03-20,1.0,1.0,1.0,1.0,1000.0,0.0
00505.HK,2024-03-21,1.0,1.0,0.99,1.0,26000.0,0.0
00505.HK,2024-03-22,1.0,1.0,0.98,1.0,26000.0,0.0
00505.HK,2024-03-25,1.0,1.0,1.0,1.0,5000.0,0.0
00505.HK,2024-03-26,1.0,1.0,1.0,1.0,0.0,0.0
00505.HK,2024-03-27,1.0,1.0,0.98,1.0,30000.0,0.0
00505.HK,2024-03-28,1.0,1.0,1.0,1.0,0.0,0.0
00505.HK,2024-04-02,1.02,1.03,0.98,1.01,439000.0,0.0
00505.HK,2024-04-03,1.01,1.05,1.01,1.02,408000.0,0.0
00505.HK,2024-04-05,1.01,1.02,0.98,1.0,314000.0,0.0
00505.HK,2024-04-08,1.0,1.02,1.0,1.01,321016.0,0.0
00505.HK,2024-04-09,1.02,1.02,1.02,1.02,11000.0,0.0
00505.HK,2024-04-10,1.0,1.0,0.99,0.99,33016.0,0.0
00505.HK,2024-04-11,1.0,1.0,1.0,1.0,3000.0,0.0
00505.HK,2024-04-12,1.0,1.0,1.0,1.0,0.0,0.0
00505.HK,2024-04-15,1.0,1.0,1.0,1.0,0.0,0.0
00505.HK,2024-04-16,0.98,0.99,0.92,0.99,84000.0,0.0
00505.HK,2024-04-17,0.99,0.99,0.99,0.99,0.0,0.0
00505.HK,2024-04-18,1.02,1.02,1.02,1.02,26000.0,0.0
00505.HK,2024-04-19,1.0,1.0,1.0,1.0,10000.0,0.0
00505.HK,2024-04-22,1.02,1.04,1.02,1.02,364000.0,0.0
00505.HK,2024-04-23,1.02,1.02,1.02,1.02,0.0,0.0
00505.HK,2024-04-24,1.0,1.02,1.0,1.02,88000.0,0.0
00505.HK,2024-04-25,1.01,1.01,1.01,1.01,3000.0,0.0
00505.HK,2024-04-26,1.0,1.02,0.99,1.01,28500.0,0.0
00505.HK,2024-04-29,1.02,1.04,1.01,1.01,258000.0,0.0
00505.HK,2024-04-30,1.0,1.0,0.93,1.0,364000.0,0.0
00505.HK,2024-05-02,1.04,1.04,1.03,1.03,43000.0,0.0
00505.HK,2024-05-03,1.03,1.03,1.03,1.03,0.0,0.0
00505.HK,2024-05-06,0.98,1.05,0.98,1.04,210000.0,0.0
00505.HK,2024-05-07,1.04,1.04,1.04,1.04,1000.0,0.0
00505.HK,2024-05-08,1.03,1.03,1.03,1.03,0.0,0.0
00505.HK,2024-05-09,1.03,1.09,1.03,1.03,203000.0,0.0
00505.HK,2024-05-10,1.0,1.0,0.99,1.0,26000.0,0.0
00505.HK,2024-05-13,1.01,1.01,0.99,1.0,58000.0,0.0
00505.HK,2024-05-14,1.0,1.03,1.0,1.03,200000.0,0.0
00505.HK,2024-05-16,0.99,1.0,0.98,1.0,57000.0,0.0
00505.HK,2024-05-17,0.99,0.99,0.98,0.98,24000.0,0.0
00505.HK,2024-05-20,1.0,1.0,0.98,1.0,151000.0,0.0
00505.HK,2024-05-21,1.0,1.0,1.0,1.0,0.0,0.0
00505.HK,2024-05-22,0.98,0.98,0.98,0.98,13000.0,0.0
00505.HK,2024-05-23,0.95,1.01,0.94,1.01,26000.0,0.0
00505.HK,2024-05-24,0.99,1.0,0.93,0.98,187000.0,0.0
00505.HK,2024-05-27,0.99,0.99,0.99,0.99,15000.0,0.0
00505.HK,2024-05-28,0.99,0.99,0.99,0.99,0.0,0.0
00505.HK,2024-05-29,0.99,0.99,0.99,0.99,0.0,0.0
00505.HK,2024-05-30,0.99,0.99,0.99,0.99,0.0,0.0
00505.HK,2024-05-31,0.99,0.99,0.99,0.99,0.0,0.0
00505.HK,2024-06-03,1.0,1.0,0.99,1.0,41000.0,0.0
00505.HK,2024-06-04,0.99,1.0,0.99,1.0,30000.0,0.0
00505.HK,2024-06-05,0.99,0.99,0.99,0.99,1000.0,0.0
00505.HK,2024-06-06,0.99,0.99,0.99,0.99,0.0,0.0
00505.HK,2024-06-07,0.99,0.99,0.99,0.99,0.0,0.0
00505.HK,2024-06-11,0.99,1.0,0.99,1.0,40000.0,0.0
00505.HK,2024-06-12,1.0,1.0,1.0,1.0,0.0,0.0
00505.HK,2024-06-13,1.0,1.0,1.0,1.0,0.0,0.0
00505.HK,2024-06-14,1.0,1.0,1.0,1.0,80000.0,0.0
00505.HK,2024-06-17,1.0,1.0,1.0,1.0,0.0,0.0
00505.HK,2024-06-18,1.0,1.03,1.0,1.03,165000.0,0.0
00505.HK,2024-06-19,0.99,1.03,0.99,1.03,215000.0,0.0
00505.HK,2024-06-20,1.04,1.05,1.04,1.05,200000.0,0.0
00505.HK,2024-06-21,1.05,1.05,1.05,1.05,0.0,0.0
00505.HK,2024-06-24,1.01,1.01,0.98,1.01,505000.0,0.0
00505.HK,2024-06-25,1.01,1.01,1.01,1.01,210000.0,0.0
00505.HK,2024-06-26,1.01,1.02,1.01,1.02,200000.0,0.0
00505.HK,2024-06-27,1.01,1.02,1.01,1.02,300000.0,0.0
00505.HK,2024-06-28,1.02,1.02,1.02,1.02,194000.0,0.0
00505.HK,2024-07-02,1.02,1.02,1.02,1.02,0.0,0.0
00505.HK,2024-07-03,1.03,1.04,1.03,1.04,199000.0,0.0
00505.HK,2024-07-04,1.04,1.04,1.04,1.04,0.0,0.0
00505.HK,2024-07-05,1.03,1.03,1.03,1.03,0.0,0.0
00505.HK,2024-07-08,1.03,1.05,1.01,1.01,211000.0,0.0
00505.HK,2024-07-09,1.01,1.01,1.01,1.01,0.0,0.0
00505.HK,2024-07-10,1.01,1.01,1.01,1.01,0.0,0.0
00505.HK,2024-07-11,1.01,1.01,1.01,1.01,0.0,0.0
00505.HK,2024-07-12,1.0,1.0,0.99,0.99,20000.0,0.0
00505.HK,2024-07-15,1.0,1.0,1.0,1.0,0.0,0.0
00505.HK,2024-07-16,1.0,1.0,1.0,1.0,0.0,0.0
00505.HK,2024-07-17,0.99,1.0,0.99,1.0,16000.0,0.0
00505.HK,2024-07-18,1.04,1.05,0.98,0.98,261000.0,0.0
00505.HK,2024-07-19,1.02,1.06,1.0,1.05,431000.0,0.0
00505.HK,2024-07-22,1.05,1.05,1.05,1.05,0.0,0.0
00505.HK,2024-07-23,1.05,1.05,1.05,1.05,0.0,0.0
00505.HK,2024-07-24,1.0,1.05,0.99,1.05,122600.0,0.0
00505.HK,2024-07-25,1.05,1.05,1.05,1.05,0.0,0.0
00505.HK,2024-07-26,1.05,1.05,1.05,1.05,0.0,0.0
00505.HK,2024-07-29,1.05,1.06,1.05,1.06,200000.0,0.0
00505.HK,2024-07-30,1.06,1.06,1.06,1.06,100000.0,0.0
00505.HK,2024-07-31,1.06,1.06,1.06,1.06,0.0,0.0
00505.HK,2024-08-01,1.06,1.06,1.06,1.06,0.0,0.0
00505.HK,2024-08-02,1.06,1.06,1.06,1.06,0.0,0.0
00505.HK,2024-08-05,1.06,1.06,1.06,1.06,0.0,0.0
00505.HK,2024-08-06,1.0,1.03,1.0,1.03,6100.0,0.0
00505.HK,2024-08-07,1.03,1.03,1.03,1.03,0.0,0.0
00505.HK,2024-08-08,1.03,1.03,1.02,1.02,4000.0,0.0
00505.HK,2024-08-09,1.02,1.02,1.02,1.02,0.0,0.0
00505.HK,2024-08-12,1.02,1.02,1.02,1.02,0.0,0.0
00505.HK,2024-08-13,1.03,1.03,1.03,1.03,0.0,0.0
00505.HK,2024-08-14,1.02,1.03,1.0,1.03,34000.0,0.0
00505.HK,2024-08-15,1.03,1.03,1.03,1.03,0.0,0.0
00505.HK,2024-08-16,1.0,1.02,1.0,1.02,3000.0,0.0
00505.HK,2024-08-19,1.02,1.02,1.02,1.02,0.0,0.0
00505.HK,2024-08-20,1.02,1.02,1.02,1.02,0.0,0.0
00505.HK,2024-08-21,1.02,1.02,1.02,1.02,0.0,0.0
00505.HK,2024-08-22,1.02,1.02,1.02,1.02,0.0,0.0
00505.HK,2024-08-23,1.02,1.02,1.02,1.02,0.0,0.0
00505.HK,2024-08-26,1.0,1.03,1.0,1.03,4000.0,0.0
00505.HK,2024-08-27,1.03,1.03,1.03,1.03,0.0,0.0
00505.HK,2024-08-28,1.0,1.0,1.0,1.0,12000.0,0.0
00505.HK,2024-08-29,1.0,1.0,1.0,1.0,10000.0,0.0
00505.HK,2024-08-30,1.0,1.0,1.0,1.0,10000.0,0.0
00505.HK,2024-09-02,1.02,1.02,0.98,1.0,205000.0,0.0
00505.HK,2024-09-03,1.01,1.01,1.0,1.01,23000.0,0.0
00505.HK,2024-09-04,1.01,1.02,1.01,1.02,339000.0,0.0
00505.HK,2024-09-05,1.0,1.01,0.98,1.01,31000.0,0.0
00505.HK,2024-09-09,1.01,1.01,1.0,1.0,8000.0,0.0
00505.HK,2024-09-10,1.0,1.0,1.0,1.0,0.0,0.0
00505.HK,2024-09-11,1.0,1.0,1.0,1.0,0.0,0.0
00505.HK,2024-09-12,1.0,1.02,0.99,1.02,221000.0,0.0
00505.HK,2024-09-13,1.02,1.02,1.02,1.02,0.0,0.0
00505.HK,2024-09-16,1.02,1.02,1.02,1.02,0.0,0.0
00505.HK,2024-09-17,1.0,1.0,1.0,1.0,49000.0,0.0
00505.HK,2024-09-19,1.11,1.11,1.03,1.06,436000.0,0.0
00505.HK,2024-09-20,1.0,1.04,0.94,1.01,343000.0,0.0
00505.HK,2024-09-23,0.99,1.01,0.99,1.01,12000.0,0.0
00505.HK,2024-09-24,1.01,1.01,1.0,1.0,32000.0,0.0
00505.HK,2024-09-25,1.08,1.08,1.03,1.03,101000.0,0.0
00505.HK,2024-09-26,1.03,1.07,1.0,1.07,466000.0,0.0
00505.HK,2024-09-27,1.08,1.09,1.03,1.06,969000.0,0.0
00505.HK,2024-09-30,1.06,1.09,1.0,1.09,234000.0,0.0
00505.HK,2024-10-02,1.02,1.09,1.02,1.04,150000.0,0.0
00505.HK,2024-10-03,1.02,1.02,1.02,1.02,12000.0,0.0
00505.HK,2024-10-04,1.01,1.08,1.01,1.08,35000.0,0.0
00505.HK,2024-10-07,1.05,1.09,1.02,1.09,58000.0,0.0
00505.HK,2024-10-08,1.09,1.11,1.03,1.1,370000.0,0.0
00505.HK,2024-10-09,1.05,1.1,1.02,1.09,263000.0,0.0
00505.HK,2024-10-10,1.05,1.05,1.03,1.05,37000.0,0.0
00505.HK,2024-10-14,1.05,1.05,1.05,1.05,0.0,0.0
00505.HK,2024-10-15,1.02,1.02,1.01,1.01,15000.0,0.0
00505.HK,2024-10-16,1.04,1.04,1.0,1.02,27000.0,0.0
00505.HK,2024-10-17,1.02,1.02,1.02,1.02,0.0,0.0
00505.HK,2024-10-18,1.02,1.02,1.02,1.02,0.0,0.0
00505.HK,2024-10-21,1.02,1.02,1.02,1.02,0.0,0.0
00505.HK,2024-10-22,1.02,1.02,1.02,1.02,0.0,0.0
00505.HK,2024-10-23,1.0,1.01,0.99,1.01,44000.0,0.0
00505.HK,2024-10-24,1.0,1.0,1.0,1.0,5000.0,0.0
00505.HK,2024-10-25,1.0,1.0,1.0,1.0,7000.0,0.0
00505.HK,2024-10-28,1.0,1.0,1.0,1.0,0.0,0.0
00505.HK,2024-10-29,1.0,1.0,1.0,1.0,0.0,0.0
00505.HK,2024-10-30,1.0,1.0,1.0,1.0,101000.0,0.0
00505.HK,2024-10-31,1.0,1.0,1.0,1.0,0.0,0.0
00505.HK,2024-11-01,1.0,1.0,1.0,1.0,0.0,0.0
00505.HK,2024-11-04,1.0,1.0,1.0,1.0,0.0,0.0
00505.HK,2024-11-05,1.0,1.0,1.0,1.0,0.0,0.0
00505.HK,2024-11-06,1.0,1.0,0.99,0.99,12000.0,0.0
00505.HK,2024-11-07,1.0,1.01,0.98,1.0,301000.0,0.0
00505.HK,2024-11-08,1.0,1.0,1.0,1.0,100.0,0.0
00505.HK,2024-11-11,1.0,1.02,1.0,1.01,210000.0,0.0
00505.HK,2024-11-12,1.01,1.02,0.98,1.0,203000.0,0.0
00505.HK,2024-11-13,1.01,1.02,0.98,1.0,212000.0,0.0
00505.HK,2024-11-14,1.0,1.0,1.0,1.0,0.0,0.0
00505.HK,2024-11-15,1.0,1.0,0.98,0.99,33000.0,0.0
00505.HK,2024-11-18,1.01,1.01,0.98,1.0,41000.0,0.0
00505.HK,2024-11-19,1.0,1.0,0.98,1.0,18000.0,0.0
00505.HK,2024-11-20,0.98,1.02,0.98,1.01,214000.0,0.0
00505.HK,2024-11-21,1.01,1.03,0.99,0.99,203000.0,0.0
00505.HK,2024-11-22,1.01,1.01,0.99,0.99,13000.0,0.0
00505.HK,2024-11-25,1.0,1.01,0.99,1.01,215000.0,0.0
00505.HK,2024-11-26,1.01,1.01,1.01,1.01,0.0,0.0
00505.HK,2024-11-27,1.01,1.03,1.0,1.01,204000.0,0.0
00505.HK,2024-11-28,0.99,1.02,0.94,0.98,354000.0,0.0
00505.HK,2024-11-29,0.98,1.0,0.98,1.0,44000.0,0.0
00505.HK,2024-12-02,1.0,1.0,1.0,1.0,0.0,0.0
00505.HK,2024-12-03,0.99,1.0,0.98,1.0,22000.0,0.0
00505.HK,2024-12-04,1.0,1.02,1.0,1.0,232000.0,0.0
00505.HK,2024-12-05,1.0,1.0,1.0,1.0,0.0,0.0
00505.HK,2024-12-06,1.0,1.02,1.0,1.02,108000.0,0.0
00505.HK,2024-12-09,1.02,1.02,1.02,1.02,0.0,0.0
00505.HK,2024-12-10,1.02,1.02,1.0,1.02,91000.0,0.0
00505.HK,2024-12-11,1.02,1.02,1.02,1.02,0.0,0.0
00505.HK,2024-12-12,1.02,1.04,0.99,1.0,201000.0,0.0
00505.HK,2024-12-13,1.01,1.03,1.01,1.03,195000.0,0.0
00505.HK,2024-12-16,1.04,1.04,1.04,1.04,0.0,0.0
00505.HK,2024-12-17,1.04,1.04,1.04,1.04,0.0,0.0
00505.HK,2024-12-18,1.04,1.04,1.04,1.04,0.0,0.0
00505.HK,2024-12-19,0.99,1.02,0.99,1.02,32000.0,0.0
00505.HK,2024-12-20,1.02,1.02,1.02,1.02,0.0,0.0
00505.HK,2024-12-23,1.02,1.04,1.02,1.02,8000.0,0.0
00505.HK,2024-12-24,1.02,1.02,1.02,1.02,0.0,0.0
00505.HK,2024-12-27,1.0,1.04,0.98,1.04,56000.0,0.0
00505.HK,2024-12-30,1.02,1.05,1.02,1.04,104000.0,0.0
00505.HK,2024-12-31,1.04,1.04,1.04,1.04,0.0,0.0
00505.HK,2025-01-02,1.04,1.04,1.04,1.04,0.0,0.0
00505.HK,2025-01-03,1.04,1.04,1.04,1.04,0.0,0.0
00505.HK,2025-01-06,1.04,1.04,1.04,1.04,0.0,0.0
00505.HK,2025-01-07,1.0,1.02,1.0,1.02,62000.0,0.0
00505.HK,2025-01-08,1.02,1.04,1.0,1.0,211000.0,0.0
00505.HK,2025-01-09,1.03,1.05,1.01,1.01,121000.0,0.0
00505.HK,2025-01-10,1.0,1.0,1.0,1.0,2000.0,0.0
00505.HK,2025-01-13,1.03,1.05,1.0,1.01,202000.0,0.0
00505.HK,2025-01-14,1.01,1.01,1.0,1.0,101000.0,0.0
00505.HK,2025-01-15,1.02,1.02,1.0,1.0,301000.0,0.0
00505.HK,2025-01-16,1.0,1.02,1.0,1.0,423000.0,0.0
00505.HK,2025-01-17,1.0,1.01,0.98,1.01,511000.0,0.0
00505.HK,2025-01-20,1.01,1.04,1.0,1.0,401000.0,0.0
00505.HK,2025-01-21,1.0,1.02,1.0,1.0,410000.0,0.0
00505.HK,2025-01-22,1.03,1.04,1.01,1.01,401000.0,0.0
00505.HK,2025-01-23,1.0,1.04,1.0,1.02,412200.0,0.0
00505.HK,2025-01-24,1.03,1.07,1.03,1.03,811000.0,0.0
00505.HK,2025-01-27,1.0,1.04,1.0,1.04,564000.0,0.0
00505.HK,2025-01-28,1.04,1.04,1.04,1.04,300000.0,0.0
00505.HK,2025-02-03,1.0,1.01,1.0,1.01,21000.0,0.0
00505.HK,2025-02-04,1.0,1.01,1.0,1.0,146000.0,0.0
00505.HK,2025-02-05,0.99,0.99,0.99,0.99,21000.0,0.0
00505.HK,2025-02-06,0.99,0.99,0.99,0.99,0.0,0.0
00505.HK,2025-02-07,0.99,0.99,0.99,0.99,19000.0,0.0
00505.HK,2025-02-10,0.99,0.99,0.98,0.98,23000.0,0.0
00505.HK,2025-02-11,1.0,1.01,0.99,1.01,47000.0,0.0
00505.HK,2025-02-12,1.0,1.02,1.0,1.02,24000.0,0.0
00505.HK,2025-02-13,1.0,1.02,0.99,1.01,65000.0,0.0
00505.HK,2025-02-14,1.0,1.0,0.99,1.0,153000.0,0.0
00505.HK,2025-02-17,1.0,1.0,0.99,1.0,71000.0,0.0
00505.HK,2025-02-18,1.0,1.0,0.99,1.0,6000.0,0.0
00505.HK,2025-02-19,0.99,1.0,0.98,1.0,70000.0,0.0
00505.HK,2025-02-20,1.0,1.0,1.0,1.0,0.0,0.0
00505.HK,2025-02-21,0.99,1.0,0.99,1.0,66000.0,0.0
00505.HK,2025-02-24,1.0,1.0,1.0,1.0,0.0,0.0
00505.HK,2025-02-25,0.99,1.0,0.98,1.0,179000.0,0.0
00505.HK,2025-02-26,0.99,1.05,0.99,1.04,618000.0,0.0
00505.HK,2025-02-27,1.04,1.04,1.04,1.04,0.0,0.0
00505.HK,2025-02-28,1.03,1.04,1.03,1.04,159000.0,0.0
00505.HK,2025-03-03,1.04,1.04,1.01,1.01,52000.0,0.0
00505.HK,2025-03-04,1.03,1.03,1.02,1.02,21000.0,0.0
00505.HK,2025-03-05,1.0,1.0,1.0,1.0,10000.0,0.0
00505.HK,2025-03-06,1.0,1.0,1.0,1.0,100000.0,0.0
00505.HK,2025-03-07,0.98,1.0,0.98,0.99,37000.0,0.0
00505.HK,2025-03-10,0.99,0.99,0.97,0.99,801000.0,0.0
00505.HK,2025-03-11,0.99,0.99,0.98,0.99,56600.0,0.0
00505.HK,2025-03-12,0.98,1.01,0.98,0.98,74000.0,0.0
00505.HK,2025-03-13,0.98,0.98,0.98,0.98,10000.0,0.0
00505.HK,2025-03-14,0.98,0.98,0.97,0.97,7000.0,0.0
00505.HK,2025-03-17,0.98,1.0,0.98,1.0,48000.0,0.0
00505.HK,2025-03-18,0.98,1.0,0.98,1.0,74000.0,0.0
00505.HK,2025-03-19,0.98,0.99,0.98,0.99,8000.0,0.0
00505.HK,2025-03-20,0.99,0.99,0.98,0.99,31000.0,0.0
00505.HK,2025-03-21,0.99,1.02,0.98,1.01,198000.0,0.0
00505.HK,2025-03-24,1.01,1.01,1.01,1.01,0.0,0.0
00505.HK,2025-03-25,1.01,1.01,1.01,1.01,0.0,0.0
00505.HK,2025-03-26,1.01,1.01,1.01,1.01,12000.0,0.0
00505.HK,2025-03-27,1.01,1.02,1.01,1.01,71000.0,0.0
00505.HK,2025-03-28,1.0,1.02,1.0,1.02,79000.0,0.0
00505.HK,2025-03-31,1.02,1.02,1.01,1.01,31000.0,0.0
00505.HK,2025-04-01,1.03,1.03,1.0,1.0,813000.0,0.0
00505.HK,2025-04-02,1.03,1.03,1.01,1.01,402000.0,0.0
00505.HK,2025-04-03,1.01,1.01,1.01,1.01,0.0,0.0
00505.HK,2025-04-07,0.99,1.02,0.98,1.02,758000.0,0.0
00505.HK,2025-04-08,0.99,1.02,0.99,1.02,409000.0,0.0
00505.HK,2025-04-09,1.02,1.02,1.02,1.02,400000.0,0.0
00505.HK,2025-04-10,1.0,1.0,1.0,1.0,4000.0,0.0
00505.HK,2025-04-11,1.0,1.0,1.0,1.0,0.0,0.0
00505.HK,2025-04-14,0.99,1.02,0.93,1.02,535000.0,0.0
00505.HK,2025-04-15,0.98,1.02,0.98,1.0,577400.0,0.0
00505.HK,2025-04-16,1.0,1.0,1.0,1.0,0.0,0.0
00505.HK,2025-04-17,0.99,0.99,0.99,0.99,14000.0,0.0
00505.HK,2025-04-22,0.99,0.99,0.98,0.99,22000.0,0.0
00505.HK,2025-04-23,0.99,1.0,0.99,1.0,422000.0,0.0
00505.HK,2025-04-24,1.0,1.0,1.0,1.0,123000.0,0.0
00505.HK,2025-04-25,1.0,1.0,1.0,1.0,0.0,0.0
00505.HK,2025-04-28,1.0,1.0,0.99,1.0,369000.0,0.0
00505.HK,2025-04-29,0.99,0.99,0.98,0.99,5000.0,0.0
00505.HK,2025-04-30,0.99,0.99,0.99,0.99,0.0,0.0
00505.HK,2025-05-02,0.98,0.98,0.98,0.98,12000.0,0.0
00505.HK,2025-05-06,1.0,1.0,0.99,1.0,203000.0,0.0
00505.HK,2025-05-07,0.98,0.99,0.98,0.99,73000.0,0.0
00505.HK,2025-05-08,0.99,0.99,0.98,0.99,253000.0,0.0
00505.HK,2025-05-09,0.99,0.99,0.99,0.99,0.0,0.0
00505.HK,2025-05-12,0.98,0.99,0.96,0.98,257000.0,0.0
00505.HK,2025-05-13,0.99,0.99,0.98,0.99,11000.0,0.0
00505.HK,2025-05-14,0.99,0.99,0.98,0.98,207000.0,0.0
00505.HK,2025-05-15,0.98,0.98,0.98,0.98,0.0,0.0
00505.HK,2025-05-16,0.98,0.98,0.98,0.98,22000.0,0.0
00505.HK,2025-05-19,0.99,0.99,0.97,0.97,22000.0,0.0
00505.HK,2025-05-20,0.99,0.99,0.97,0.98,4000.0,0.0
00505.HK,2025-05-21,0.98,0.99,0.97,0.99,214000.0,0.0
00505.HK,2025-05-22,1.0,1.0,0.98,0.98,33000.0,0.0
00505.HK,2025-05-23,0.99,0.99,0.99,0.99,197000.0,0.0
00505.HK,2025-05-26,1.02,1.02,1.02,1.02,36000.0,0.0
00505.HK,2025-05-27,0.98,0.99,0.97,0.99,22000.0,0.0
00505.HK,2025-05-28,0.98,1.01,0.98,1.01,28000.0,0.0
00505.HK,2025-05-29,0.98,1.0,0.98,1.0,217000.0,0.0
00505.HK,2025-05-30,1.0,1.0,1.0,1.0,0.0,0.0
00505.HK,2025-06-02,1.0,1.0,1.0,1.0,0.0,0.0
00505.HK,2025-06-03,1.0,1.02,0.99,1.0,205000.0,0.0
00505.HK,2025-06-04,1.01,1.02,1.0,1.0,281000.0,0.0
00505.HK,2025-06-05,0.99,1.02,0.99,0.99,213500.0,0.0
00505.HK,2025-06-06,0.99,0.99,0.99,0.99,0.0,0.0
00505.HK,2025-06-09,0.99,0.99,0.98,0.99,111000.0,0.0
00505.HK,2025-06-10,0.99,0.99,0.97,0.99,81000.0,0.0
00505.HK,2025-06-11,0.99,0.99,0.98,0.99,108000.0,0.0
00505.HK,2025-06-12,0.98,0.98,0.98,0.98,4000.0,0.0
00505.HK,2025-06-13,0.98,0.98,0.97,0.97,7000.0,0.0
00505.HK,2025-06-16,0.97,0.98,0.96,0.96,63000.0,0.0
00505.HK,2025-06-17,0.96,0.98,0.95,0.98,48000.0,0.0
00505.HK,2025-06-18,0.98,0.98,0.98,0.98,0.0,0.0
00505.HK,2025-06-19,0.98,0.98,0.98,0.98,0.0,0.0
00505.HK,2025-06-20,0.98,0.98,0.98,0.98,11000.0,0.0
00505.HK,2025-06-23,0.98,0.98,0.97,0.98,210000.0,0.0
00505.HK,2025-06-24,0.96,1.0,0.96,1.0,198000.0,0.0
00505.HK,2025-06-25,1.0,1.02,1.0,1.02,115000.0,0.0
00505.HK,2025-06-26,1.02,1.02,1.02,1.02,0.0,0.0
00505.HK,2025-06-27,1.0,1.01,0.98,1.01,53000.0,0.0
00505.HK,2025-06-30,1.01,1.02,1.01,1.02,137000.0,0.0
00505.HK,2025-07-02,1.02,1.03,1.01,1.01,179000.0,0.0
00505.HK,2025-07-03,1.02,1.02,0.99,1.02,270000.0,0.0
00505.HK,2025-07-04,1.02,1.02,0.99,1.0,22000.0,0.0
00505.HK,2025-07-07,1.0,1.0,0.99,0.99,21000.0,0.0
00505.HK,2025-07-08,0.99,0.99,0.99,0.99,0.0,0.0
00505.HK,2025-07-09,1.01,1.01,0.98,0.98,38000.0,0.0
00505.HK,2025-07-10,1.02,1.12,0.99,1.09,514000.0,0.0
00505.HK,2025-07-11,1.09,1.09,1.02,1.08,125000.0,0.0
00505.HK,2025-07-14,1.07,1.07,1.02,1.05,113000.0,0.0
00505.HK,2025-07-15,0.99,1.1,0.99,1.04,38000.0,0.0
00505.HK,2025-07-16,1.04,1.04,0.98,1.0,186000.0,0.0
00505.HK,2025-07-17,1.02,1.02,0.99,1.01,28000.0,0.0
00505.HK,2025-07-18,1.01,1.02,0.99,1.02,104000.0,0.0
00505.HK,2025-07-21,1.02,1.03,1.0,1.01,237000.0,0.0
00505.HK,2025-07-22,1.01,1.04,1.01,1.04,212000.0,0.0
00505.HK,2025-07-23,1.04,1.04,1.02,1.02,162000.0,0.0
00505.HK,2025-07-24,1.02,1.04,1.02,1.03,244000.0,0.0
00505.HK,2025-07-25,1.04,1.04,1.04,1.04,9000.0,0.0
00505.HK,2025-07-28,1.02,1.03,1.0,1.03,625000.0,0.0
00505.HK,2025-07-29,1.0,1.03,1.0,1.02,73000.0,0.0
00505.HK,2025-07-30,1.02,1.02,1.02,1.02,0.0,0.0
00505.HK,2025-07-31,1.0,1.01,0.96,1.01,188000.0,0.0
00505.HK,2025-08-01,0.98,1.02,0.96,1.02,348000.0,0.0
00505.HK,2025-08-04,1.01,1.01,1.01,1.01,16000.0,0.0
00505.HK,2025-08-05,1.01,1.01,0.99,0.99,32000.0,0.0
00505.HK,2025-08-06,0.98,1.02,0.98,0.99,37000.0,0.0
00505.HK,2025-08-07,0.99,0.99,0.91,0.98,223000.0,0.0
00505.HK,2025-08-08,0.98,0.98,0.98,0.98,3000.0,0.0
00505.HK,2025-08-11,0.99,0.99,0.98,0.98,11000.0,0.0
00505.HK,2025-08-12,1.0,1.02,0.98,1.01,247000.0,0.0
00505.HK,2025-08-13,1.02,1.03,1.01,1.01,98000.0,0.0
00505.HK,2025-08-14,1.01,1.01,1.0,1.01,50000.0,0.0
00505.HK,2025-08-15,0.99,0.99,0.99,0.99,11000.0,0.0
00505.HK,2025-08-18,0.99,0.99,0.99,0.99,6000.0,0.0
00505.HK,2025-08-19,1.01,1.01,1.01,1.01,100000.0,0.0
00505.HK,2025-08-20,0.99,1.0,0.99,1.0,5000.0,0.0
00505.HK,2025-08-21,1.0,1.0,1.0,1.0,0.0,0.0
00505.HK,2025-08-22,1.0,1.0,0.98,0.98,86000.0,0.0
00505.HK,2025-08-25,1.01,1.01,0.99,0.99,48000.0,0.0
00505.HK,2025-08-26,0.99,0.99,0.98,0.99,71000.0,0.0
00505.HK,2025-08-27,1.0,1.0,0.99,0.99,23000.0,0.0
00505.HK,2025-08-28,0.98,0.99,0.97,0.97,108000.0,0.0
00505.HK,2025-08-29,0.99,0.99,0.96,0.97,134000.0,0.0
00505.HK,2025-09-01,0.95,0.98,0.94,0.97,284000.0,0.0
00505.HK,2025-09-02,0.98,1.0,0.98,1.0,200000.0,0.0
00505.HK,2025-09-03,1.0,1.0,1.0,1.0,0.0,0.0
00505.HK,2025-09-04,0.98,1.0,0.98,1.0,34000.0,0.0
00505.HK,2025-09-05,0.98,0.99,0.98,0.99,3000.0,0.0
00505.HK,2025-09-08,0.98,0.99,0.98,0.99,32000.0,0.0
00505.HK,2025-09-09,1.0,1.0,0.97,0.98,283000.0,0.0
00505.HK,2025-09-10,0.97,1.0,0.96,1.0,263000.0,0.0
00505.HK,2025-09-11,1.0,1.01,0.98,0.98,201000.0,0.0
00505.HK,2025-09-12,0.98,0.98,0.98,0.98,1000.0,0.0
00505.HK,2025-09-15,0.98,0.98,0.98,0.98,22000.0,0.0
00505.HK,2025-09-16,0.98,0.98,0.98,0.98,12000.0,0.0
00505.HK,2025-09-17,0.98,0.98,0.98,0.98,6000.0,0.0
00505.HK,2025-09-18,1.0,1.0,0.98,0.98,2000.0,0.0
00505.HK,2025-09-19,0.98,1.01,0.98,0.98,207000.0,0.0
00505.HK,2025-09-22,1.0,1.01,1.0,1.01,206000.0,0.0
00505.HK,2025-09-23,0.98,0.98,0.98,0.98,11000.0,0.0
00505.HK,2025-09-24,0.98,0.98,0.98,0.98,0.0,0.0
00505.HK,2025-09-25,0.98,0.98,0.98,0.98,0.0,0.0
00505.HK,2025-09-26,0.98,0.98,0.98,0.98,5000.0,0.0
00505.HK,2025-09-29,1.0,1.06,1.0,1.02,504000.0,0.0
00505.HK,2025-09-30,1.05,1.06,1.0,1.01,155000.0,0.0
00505.HK,2025-10-02,1.04,1.05,1.02,1.02,294000.0,0.0
00505.HK,2025-10-03,1.01,1.02,1.01,1.02,9000.0,0.0
00505.HK,2025-10-06,1.04,1.11,1.03,1.07,1049000.0,0.0
00505.HK,2025-10-08,1.07,1.17,1.07,1.13,609100.0,0.0
00505.HK,2025-10-09,1.13,1.13,1.07,1.07,581000.0,0.0
00505.HK,2025-10-10,1.09,1.09,1.02,1.03,241000.0,0.0
00505.HK,2025-10-13,1.0,1.02,0.97,1.0,367000.0,0.0
00505.HK,2025-10-14,1.02,1.04,1.0,1.0,72000.0,0.0
00505.HK,2025-10-15,1.0,1.0,0.98,0.98,32000.0,0.0
00505.HK,2025-10-16,0.98,0.99,0.97,0.99,25000.0,0.0
00505.HK,2025-10-17,1.0,1.0,0.98,0.98,27000.0,0.0
00505.HK,2025-10-20,0.99,0.99,0.99,0.99,36000.0,0.0
00505.HK,2025-10-21,0.99,1.02,0.98,0.98,32000.0,0.0
00505.HK,2025-10-22,0.98,0.98,0.98,0.98,0.0,0.0
00505.HK,2025-10-23,0.99,0.99,0.98,0.99,21000.0,0.0
00505.HK,2025-10-24,0.99,1.0,0.97,1.0,5000.0,0.0
00505.HK,2025-10-27,1.0,1.0,1.0,1.0,0.0,0.0
00505.HK,2025-10-28,1.0,1.0,1.0,1.0,0.0,0.0
00505.HK,2025-10-30,1.0,1.0,0.98,1.0,173000.0,0.0
00505.HK,2025-10-31,1.0,1.0,1.0,1.0,0.0,0.0
00505.HK,2025-11-03,0.99,0.99,0.99,0.99,5000.0,0.0
00505.HK,2025-11-04,0.99,0.99,0.98,0.99,12000.0,0.0
00505.HK,2025-11-05,0.99,0.99,0.99,0.99,64000.0,0.0
00505.HK,2025-11-06,0.99,1.0,0.99,1.0,24000.0,0.0
00505.HK,2025-11-07,0.99,1.0,0.99,1.0,206000.0,0.0
00505.HK,2025-11-10,1.0,1.15,1.0,1.05,494000.0,0.0
00505.HK,2025-11-11,1.05,1.06,1.05,1.05,138000.0,0.0
00505.HK,2025-11-12,1.03,1.03,1.02,1.03,18000.0,0.0
00505.HK,2025-11-13,1.05,1.05,1.01,1.01,45000.0,0.0
00505.HK,2025-11-14,1.01,1.04,1.0,1.02,41000.0,0.0
00505.HK,2025-11-17,1.02,1.02,1.0,1.0,13000.0,0.0
00505.HK,2025-11-18,1.0,1.0,1.0,1.0,0.0,0.0
00505.HK,2025-11-19,1.04,1.05,1.0,1.05,76000.0,0.0
00505.HK,2025-11-20,1.05,1.05,1.05,1.05,0.0,0.0
00505.HK,2025-11-21,1.0,1.0,0.97,0.97,60000.0,0.0
00505.HK,2025-11-24,1.0,1.02,0.99,0.99,66000.0,0.0
00505.HK,2025-11-25,1.0,1.0,0.98,0.99,208000.0,0.0
00505.HK,2025-11-26,1.01,1.01,0.99,0.99,404000.0,0.0
00505.HK,2025-11-27,1.0,1.0,0.99,0.99,85000.0,0.0
00505.HK,2025-11-28,0.99,1.0,0.98,1.0,6000.0,0.0
00505.HK,2025-12-01,0.99,1.01,0.99,1.0,560000.0,0.0
00505.HK,2025-12-02,1.0,1.0,0.97,0.98,118000.0,0.0
00505.HK,2025-12-03,0.98,0.99,0.97,0.99,42000.0,0.0
00505.HK,2025-12-04,0.99,1.0,0.99,0.99,26000.0,0.0
00505.HK,2025-12-05,0.97,0.97,0.95,0.95,53000.0,0.0
00505.HK,2025-12-08,0.95,0.98,0.95,0.98,74000.0,0.0
00505.HK,2025-12-09,0.98,0.98,0.98,0.98,0.0,0.0
00505.HK,2025-12-10,0.97,0.97,0.97,0.97,0.0,0.0
00505.HK,2025-12-11,0.95,0.95,0.95,0.95,18000.0,0.0
00505.HK,2025-12-12,0.95,0.95,0.95,0.95,0.0,0.0
00505.HK,2025-12-15,0.94,0.94,0.9,0.9,43000.0,0.0
00505.HK,2025-12-16,0.92,0.92,0.92,0.92,82000.0,0.0
00505.HK,2025-12-17,0.91,0.91,0.81,0.89,148000.0,0.0
00505.HK,2025-12-18,0.9,0.9,0.89,0.89,16000.0,0.0
00505.HK,2025-12-19,0.89,0.89,0.89,0.89,0.0,0.0
00505.HK,2025-12-22,0.85,0.89,0.85,0.89,9000.0,0.0
00505.HK,2025-12-23,0.89,0.89,0.89,0.89,0.0,0.0
00505.HK,2025-12-24,0.92,0.92,0.91,0.92,3000.0,0.0
00505.HK,2025-12-29,0.96,0.96,0.91,0.91,68000.0,0.0
00505.HK,2025-12-30,0.91,0.91,0.91,0.91,0.0,0.0
00505.HK,2025-12-31,0.91,0.91,0.91,0.91,2000.0,0.0
00505.HK,2026-01-02,0.98,0.98,0.92,0.92,33000.0,0.0
00505.HK,2026-01-05,0.9,0.9,0.9,0.9,21000.0,0.0
00505.HK,2026-01-06,0.9,0.9,0.9,0.9,10000.0,0.0
00505.HK,2026-01-07,0.92,0.93,0.9,0.9,24000.0,0.0
00505.HK,2026-01-08,0.9,0.93,0.9,0.93,34300.0,0.0
00505.HK,2026-01-09,0.93,0.93,0.91,0.91,25000.0,0.0
00505.HK,2026-01-12,0.91,0.91,0.9,0.91,43000.0,0.0
00505.HK,2026-01-13,0.91,0.96,0.9,0.96,144000.0,0.0
00505.HK,2026-01-14,0.96,1.0,0.92,1.0,190000.0,0.0
00505.HK,2026-01-15,1.02,1.03,0.99,1.03,207000.0,0.0
00505.HK,2026-01-16,1.03,1.03,1.03,1.03,188000.0,0.0
00505.HK,2026-01-19,1.05,1.05,0.94,1.0,104000.0,0.0
00505.HK,2026-01-20,1.01,1.02,0.98,1.02,111000.0,0.0
00505.HK,2026-01-21,0.98,1.04,0.98,1.04,213000.0,0.0
00505.HK,2026-01-22,0.99,1.04,0.97,1.04,176000.0,0.0
00505.HK,2026-01-23,1.04,1.06,0.99,1.04,298000.0,0.0
00505.HK,2026-01-26,1.0,1.01,1.0,1.01,26000.0,0.0
00505.HK,2026-01-27,1.01,1.01,1.01,1.01,0.0,0.0
00505.HK,2026-01-28,1.04,1.06,1.02,1.05,234000.0,0.0
00505.HK,2026-01-29,1.03,1.06,1.02,1.06,280100.0,0.0
00505.HK,2026-01-30,1.06,1.06,1.03,1.03,17000.0,0.0
00505.HK,2026-02-02,1.03,1.03,1.0,1.0,71000.0,0.0
00505.HK,2026-02-03,1.0,1.0,0.99,0.99,114000.0,0.0
00505.HK,2026-02-04,0.98,0.99,0.96,0.99,40000.0,0.0
00505.HK,2026-02-05,0.97,0.98,0.96,0.98,64000.0,0.0
00505.HK,2026-02-06,0.98,0.98,0.98,0.98,10000.0,0.0
00505.HK,2026-02-09,0.98,0.98,0.98,0.98,140000.0,0.0
00505.HK,2026-02-10,0.98,0.98,0.98,0.98,0.0,0.0
00505.HK,2026-02-11,0.98,0.98,0.97,0.97,23000.0,0.0
00505.HK,2026-02-12,0.97,0.97,0.97,0.97,20000.0,0.0
00505.HK,2026-02-13,0.97,0.97,0.97,0.97,29000.0,0.0
00505.HK,2026-02-16,0.97,0.98,0.97,0.98,10000.0,0.0
00505.HK,2026-02-20,0.98,0.98,0.98,0.98,0.0,0.0
00505.HK,2026-02-23,0.99,0.99,0.95,0.99,96000.0,0.0
00505.HK,2026-02-24,0.99,1.0,0.99,1.0,29000.0,0.0
00505.HK,2026-02-25,0.98,0.98,0.98,0.98,4000.0,0.0
00505.HK,2026-02-26,0.98,0.98,0.96,0.96,24000.0,0.0
00505.HK,2026-02-27,0.97,0.97,0.96,0.96,21000.0,0.0
00505.HK,2026-03-02,0.95,0.95,0.92,0.94,68000.0,0.0
00505.HK,2026-03-03,0.94,0.94,0.94,0.94,0.0,0.0
00505.HK,2026-03-04,0.94,0.94,0.91,0.91,15000.0,0.0
00505.HK,2026-03-05,0.94,0.95,0.94,0.95,23000.0,0.0
00505.HK,2026-03-06,0.95,0.95,0.95,0.95,0.0,0.0
00505.HK,2026-03-09,0.95,0.95,0.95,0.95,0.0,0.0
00505.HK,2026-03-10,0.95,0.98,0.95,0.95,53000.0,0.0
00505.HK,2026-03-11,0.95,0.95,0.95,0.95,11000.0,0.0
00505.HK,2026-03-12,0.95,0.95,0.95,0.95,0.0,0.0
00505.HK,2026-03-13,0.95,0.95,0.95,0.95,0.0,0.0
00505.HK,2026-03-16,0.93,0.95,0.93,0.93,28000.0,0.0
00505.HK,2026-03-17,0.93,0.93,0.93,0.93,0.0,0.0
00505.HK,2026-03-18,0.93,0.93,0.93,0.93,6000.0,0.0
00505.HK,2026-03-19,0.92,0.93,0.9,0.93,105500.0,0.0
00505.HK,2026-03-20,0.93,0.93,0.93,0.93,0.0,0.0
00505.HK,2026-03-23,0.93,0.93,0.93,0.93,0.0,0.0
00505.HK,2026-03-24,0.9,0.93,0.9,0.93,38000.0,0.0
00505.HK,2026-03-25,0.93,0.93,0.93,0.93,0.0,0.0
00505.HK,2026-03-26,0.93,0.93,0.91,0.92,15000.0,0.0
00505.HK,2026-03-27,0.91,0.92,0.86,0.92,58000.0,0.0
00505.HK,2026-03-30,0.92,0.92,0.92,0.92,0.0,0.0
00505.HK,2026-03-31,0.93,0.93,0.89,0.92,32000.0,0.0
00505.HK,2026-04-01,0.91,0.91,0.91,0.91,9000.0,0.0
00505.HK,2026-04-02,0.91,0.91,0.91,0.91,0.0,0.0
00505.HK,2026-04-08,0.93,0.96,0.93,0.96,96000.0,0.0
00505.HK,2026-04-09,0.97,0.97,0.93,0.97,5000.0,0.0
00505.HK,2026-04-10,0.96,0.99,0.96,0.99,200000.0,0.0
00505.HK,2026-04-13,1.0,1.02,1.0,1.02,118000.0,0.0
00505.HK,2026-04-14,1.02,1.02,0.97,1.01,5000.0,0.0
00505.HK,2026-04-15,0.99,1.0,0.96,1.0,36000.0,0.0
00505.HK,2026-04-16,1.0,1.0,1.0,1.0,0.0,0.0
00505.HK,2026-04-17,1.0,1.0,1.0,1.0,0.0,0.0
00505.HK,2026-04-20,0.99,0.99,0.99,0.99,0.0,0.0
00505.HK,2026-04-21,0.99,0.99,0.99,0.99,0.0,0.0
00505.HK,2026-04-22,0.95,0.95,0.95,0.95,15000.0,0.0
00505.HK,2026-04-23,0.95,0.95,0.93,0.94,41000.0,0.0
00505.HK,2026-04-24,0.94,0.94,0.93,0.94,51000.0,0.0
00505.HK,2026-04-27,0.93,0.93,0.9,0.91,65000.0,0.0
00505.HK,2026-04-28,0.91,0.91,0.91,0.91,14000.0,0.0
00505.HK,2026-04-29,0.91,0.91,0.91,0.91,0.0,0.0
00505.HK,2026-04-30,0.91,0.92,0.9,0.92,11000.0,0.0
00505.HK,2026-05-04,0.92,0.92,0.92,0.92,0.0,0.0
00505.HK,2026-05-05,0.9,0.92,0.88,0.92,65000.0,0.0
00505.HK,2026-05-06,0.93,0.94,0.92,0.94,10000.0,0.0
00505.HK,2026-05-07,0.96,0.96,0.91,0.94,64000.0,0.0
00505.HK,2026-05-08,0.94,0.94,0.94,0.94,0.0,0.0
00505.HK,2026-05-11,0.95,0.96,0.95,0.95,60000.0,0.0
00505.HK,2026-05-12,0.92,0.96,0.91,0.96,22000.0,0.0
00505.HK,2026-05-13,0.95,0.96,0.92,0.96,44000.0,0.0
00505.HK,2026-05-14,0.97,0.97,0.94,0.94,113000.0,0.0
00505.HK,2026-05-15,0.98,0.98,0.95,0.97,212000.0,0.0
00505.HK,2026-05-18,0.94,0.97,0.94,0.97,6000.0,0.0
00505.HK,2026-05-19,0.94,0.99,0.94,0.98,292000.0,0.0
00505.HK,2026-05-20,0.98,0.98,0.98,0.98,0.0,0.0
00505.HK,2026-05-21,0.98,0.99,0.96,0.99,370000.0,0.0
00505.HK,2026-05-22,0.99,0.99,0.96,0.99,213000.0,0.0
00505.HK,2026-05-26,0.98,0.99,0.95,0.99,203000.0,0.0
00505.HK,2026-05-27,0.99,0.99,0.99,0.99,0.0,0.0
00505.HK,2026-05-28,1.0,1.0,1.0,1.0,200000.0,0.0
00505.HK,2026-05-29,1.0,1.0,1.0,1.0,0.0,0.0
00505.HK,2026-06-01,1.0,1.0,1.0,1.0,0.0,0.0
00505.HK,2026-06-02,1.0,1.0,0.96,1.0,203000.0,0.0
00505.HK,2026-06-03,1.0,1.0,1.0,1.0,0.0,0.0
00505.HK,2026-06-05,1.0,1.0,1.0,1.0,1000.0,1000.0
00505.HK,2026-06-09,0.96,0.96,0.96,0.96,10000.0,9600.0
00505.HK,2026-06-10,0.95,1.0,0.94,1.0,214000.0,213030.0
00505.HK,2026-06-12,1.0,1.0,0.95,0.95,215000.0,208350.0
00505.HK,2026-06-15,0.97,0.98,0.95,0.95,37000.0,35970.0
00505.HK,2026-06-16,0.95,1.0,0.95,1.0,208000.0,206730.0
00505.HK,2026-06-18,0.96,0.96,0.95,0.95,10000.0,9560.0
00505.HK,2026-06-22,0.95,0.95,0.95,0.95,24200.0,22982.0
00505.HK,2026-06-23,0.95,0.95,0.94,0.94,31000.0,29440.0
00505.HK,2026-06-24,0.94,1.0,0.94,0.99,325000.0,319880.0
00505.HK,2026-06-25,0.95,0.95,0.94,0.94,86000.0,81130.0
00505.HK,2026-06-26,0.94,0.94,0.9,0.9,127000.0,117110.0
00505.HK,2026-06-30,0.86,0.92,0.86,0.91,129000.0,114650.0
00505.HK,2026-07-03,0.87,0.9,0.87,0.87,44000.0,38720.0
00505.HK,2026-07-06,0.9,0.94,0.9,0.9,24000.0,21990.0
00505.HK,2026-07-08,0.93,1.0,0.89,0.95,328000.0,316370.0
00505.HK,2026-07-09,0.95,1.0,0.93,0.93,247000.0,244040.0
00505.HK,2026-07-10,0.96,0.96,0.95,0.95,52000.0,49500.0
00505.HK,2026-07-13,0.95,0.95,0.95,0.95,68000.0,64600.0
00505.HK,2026-07-14,0.94,0.97,0.94,0.96,18000.0,17320.0
00505.HK,2026-07-15,0.95,1.0,0.95,1.0,223000.0,222290.0
00505.HK,2026-07-17,0.97,1.0,0.97,0.99,286000.0,284660.0
00505.HK,2026-07-22,0.99,0.99,0.97,0.97,16000.0,15800.0
00505.HK,2026-07-23,0.96,0.96,0.9,0.9,257000.0,241320.0
00505.HK,2026-07-24,0.92,0.92,0.77,0.85,1073000.0,905550.0
00505.HK,2026-07-27,0.85,0.9,0.84,0.9,179000.0,156290.0
00505.HK,2026-07-29,0.86,0.9,0.86,0.9,59000.0,50960.0
00505.HK,2026-07-30,0.9,0.9,0.87,0.87,19000.0,16980.0
00505.HK,2026-08-03,0.9,0.9,0.88,0.88,9000.0,8020.0
00505.HK,2026-08-04,0.87,0.87,0.86,0.88,3000.0,2585.0
00505.HK,2026-08-07,0.88,0.88,0.84,0.87,5000.0,4360.0
00505.HK,2026-08-10,0.94,0.94,0.9,0.93,44000.0,41090.0
00505.HK,2026-08-11,0.88,0.91,0.88,0.91,41000.0,36955.0
00505.HK,2026-08-12,0.91,0.91,0.91,0.91,21000.0,19005.0
00505.HK,2026-08-13,0.87,0.9,0.85,0.9,80000.0,70430.0
00505.HK,2026-08-14,0.9,0.9,0.9,0.9,19000.0,17100.0
00505.HK,2026-08-20,0.87,0.9,0.86,0.9,79000.0,69390.0
00505.HK,2026-08-24,0.9,0.9,0.87,0.9,24000.0,21570.0
00505.HK,2026-08-26,0.94,0.97,0.89,0.91,36000.0,33885.0
00505.HK,2026-08-27,0.92,0.92,0.88,0.88,41000.0,37675.0
00505.HK,2026-08-28,0.9,1.06,0.89,1.02,583000.0,601850.0
00505.HK,2026-08-31,1.04,1.06,1.0,1.0,202000.0,206300.0
00505.HK,2026-09-01,0.99,0.99,0.98,0.98,4000.0,3940.0
