symbol,datetime,open,high,low,close,volume,amount
00612.HK,2002-01-02,0.52,0.6,0.52,0.55,23052000.0,0.0
00612.HK,2002-01-03,0.54,0.57,0.54,0.55,13136000.0,0.0
00612.HK,2002-01-04,0.55,0.56,0.53,0.56,9972000.0,0.0
00612.HK,2002-01-07,0.55,0.55,0.54,0.55,1908000.0,0.0
00612.HK,2002-01-08,0.55,0.56,0.55,0.55,9528000.0,0.0
00612.HK,2002-01-09,0.55,0.56,0.54,0.55,4176000.0,0.0
00612.HK,2002-01-10,0.55,0.56,0.55,0.55,104000.0,0.0
00612.HK,2002-01-11,0.52,0.54,0.51,0.51,276000.0,0.0
00612.HK,2002-01-14,0.51,0.51,0.51,0.51,116000.0,0.0
00612.HK,2002-01-15,0.52,0.52,0.51,0.51,124000.0,0.0
00612.HK,2002-01-16,0.52,0.52,0.52,0.52,200000.0,0.0
00612.HK,2002-01-17,0.45,0.52,0.45,0.52,32000.0,0.0
00612.HK,2002-01-18,0.51,0.56,0.51,0.52,344000.0,0.0
00612.HK,2002-01-21,0.5,0.5,0.5,0.5,80000.0,0.0
00612.HK,2002-01-22,0.5,0.5,0.48,0.48,100000.0,0.0
00612.HK,2002-01-23,0.45,0.45,0.42,0.45,296000.0,0.0
00612.HK,2002-01-24,0.45,0.45,0.45,0.45,220000.0,0.0
00612.HK,2002-01-25,0.42,0.42,0.39,0.41,596000.0,0.0
00612.HK,2002-01-28,0.41,0.41,0.41,0.41,0.0,0.0
00612.HK,2002-01-29,0.4,0.43,0.39,0.43,224000.0,0.0
00612.HK,2002-01-30,0.42,0.42,0.42,0.42,0.0,0.0
00612.HK,2002-01-31,0.4,0.4,0.4,0.4,56000.0,0.0
00612.HK,2002-02-01,0.4,0.44,0.4,0.43,264000.0,0.0
00612.HK,2002-02-04,0.4,0.44,0.4,0.44,4000.0,0.0
00612.HK,2002-02-05,0.44,0.44,0.44,0.44,0.0,0.0
00612.HK,2002-02-06,0.46,0.46,0.44,0.45,68000.0,0.0
00612.HK,2002-02-07,0.45,0.45,0.45,0.45,0.0,0.0
00612.HK,2002-02-08,0.44,0.45,0.44,0.45,184000.0,0.0
00612.HK,2002-02-11,0.45,0.45,0.45,0.45,0.0,0.0
00612.HK,2002-02-15,0.45,0.45,0.45,0.45,20000.0,0.0
00612.HK,2002-02-18,0.45,0.45,0.45,0.45,20000.0,0.0
00612.HK,2002-02-19,0.45,0.45,0.45,0.45,0.0,0.0
00612.HK,2002-02-20,0.45,0.45,0.45,0.45,0.0,0.0
00612.HK,2002-02-21,0.45,0.45,0.45,0.45,72000.0,0.0
00612.HK,2002-02-22,0.47,0.5,0.47,0.5,100000.0,0.0
00612.HK,2002-02-25,0.5,0.5,0.5,0.5,0.0,0.0
00612.HK,2002-02-26,0.47,0.47,0.46,0.46,76000.0,0.0
00612.HK,2002-02-27,0.47,0.47,0.47,0.47,16000.0,0.0
00612.HK,2002-02-28,0.47,0.47,0.47,0.47,0.0,0.0
00612.HK,2002-03-01,0.47,0.47,0.47,0.47,0.0,0.0
00612.HK,2002-03-04,0.47,0.47,0.47,0.47,0.0,0.0
00612.HK,2002-03-05,0.47,0.47,0.47,0.47,0.0,0.0
00612.HK,2002-03-06,0.47,0.47,0.47,0.47,0.0,0.0
00612.HK,2002-03-07,0.47,0.47,0.47,0.47,0.0,0.0
00612.HK,2002-03-08,0.47,0.47,0.47,0.47,0.0,0.0
00612.HK,2002-03-11,0.47,0.47,0.47,0.47,0.0,0.0
00612.HK,2002-03-12,0.47,0.47,0.47,0.47,0.0,0.0
00612.HK,2002-03-13,0.47,0.47,0.47,0.47,0.0,0.0
00612.HK,2002-03-14,0.47,0.47,0.47,0.47,0.0,0.0
00612.HK,2002-03-15,0.47,0.47,0.47,0.47,0.0,0.0
00612.HK,2002-03-18,0.47,0.47,0.47,0.47,0.0,0.0
00612.HK,2002-03-19,0.45,0.45,0.45,0.45,52000.0,0.0
00612.HK,2002-03-20,0.45,0.45,0.45,0.45,0.0,0.0
00612.HK,2002-03-21,0.45,0.45,0.45,0.45,0.0,0.0
00612.HK,2002-03-22,0.45,0.45,0.45,0.45,0.0,0.0
00612.HK,2002-03-25,0.45,0.45,0.45,0.45,0.0,0.0
00612.HK,2002-03-26,0.45,0.45,0.45,0.45,40000.0,0.0
00612.HK,2002-03-27,0.43,0.43,0.41,0.42,84000.0,0.0
00612.HK,2002-03-28,0.42,0.42,0.42,0.42,0.0,0.0
00612.HK,2002-04-02,0.42,0.42,0.42,0.42,0.0,0.0
00612.HK,2002-04-03,0.42,0.42,0.42,0.42,0.0,0.0
00612.HK,2002-04-04,0.42,0.42,0.42,0.42,0.0,0.0
00612.HK,2002-04-08,0.42,0.42,0.42,0.42,0.0,0.0
00612.HK,2002-04-09,0.41,0.41,0.41,0.41,0.0,0.0
00612.HK,2002-04-10,0.41,0.41,0.41,0.41,0.0,0.0
00612.HK,2002-04-11,0.38,0.38,0.37,0.37,72000.0,0.0
00612.HK,2002-04-12,0.37,0.37,0.37,0.37,28000.0,0.0
00612.HK,2002-04-15,0.37,0.37,0.37,0.37,0.0,0.0
00612.HK,2002-04-16,0.37,0.37,0.37,0.37,0.0,0.0
00612.HK,2002-04-17,0.37,0.37,0.37,0.37,0.0,0.0
00612.HK,2002-04-18,0.37,0.37,0.37,0.37,0.0,0.0
00612.HK,2002-04-19,0.37,0.37,0.37,0.37,0.0,0.0
00612.HK,2002-04-22,0.37,0.37,0.37,0.37,0.0,0.0
00612.HK,2002-04-23,0.39,0.39,0.38,0.38,76000.0,0.0
00612.HK,2002-04-24,0.38,0.38,0.38,0.38,0.0,0.0
00612.HK,2002-04-25,0.38,0.38,0.38,0.38,0.0,0.0
00612.HK,2002-04-26,0.38,0.38,0.38,0.38,16000.0,0.0
00612.HK,2002-04-29,0.37,0.37,0.37,0.37,4000.0,0.0
00612.HK,2002-04-30,0.37,0.37,0.37,0.37,0.0,0.0
00612.HK,2002-05-02,0.37,0.37,0.37,0.37,0.0,0.0
00612.HK,2002-05-03,0.37,0.37,0.37,0.37,0.0,0.0
00612.HK,2002-05-06,0.37,0.37,0.37,0.37,0.0,0.0
00612.HK,2002-05-07,0.37,0.37,0.37,0.37,0.0,0.0
00612.HK,2002-05-08,0.37,0.37,0.37,0.37,0.0,0.0
00612.HK,2002-05-09,0.37,0.37,0.37,0.37,20000.0,0.0
00612.HK,2002-05-10,0.37,0.37,0.37,0.37,0.0,0.0
00612.HK,2002-05-13,0.37,0.37,0.37,0.37,0.0,0.0
00612.HK,2002-05-14,0.37,0.37,0.37,0.37,0.0,0.0
00612.HK,2002-05-15,0.37,0.37,0.37,0.37,0.0,0.0
00612.HK,2002-05-16,0.37,0.37,0.37,0.37,0.0,0.0
00612.HK,2002-05-17,0.37,0.37,0.37,0.37,0.0,0.0
00612.HK,2002-05-21,0.37,0.37,0.37,0.37,0.0,0.0
00612.HK,2002-05-22,0.37,0.37,0.37,0.37,0.0,0.0
00612.HK,2002-05-23,0.37,0.37,0.37,0.37,0.0,0.0
00612.HK,2002-05-24,0.37,0.37,0.37,0.37,0.0,0.0
00612.HK,2002-05-27,0.37,0.37,0.37,0.37,0.0,0.0
00612.HK,2002-05-28,0.37,0.37,0.37,0.37,0.0,0.0
00612.HK,2002-05-29,0.37,0.37,0.37,0.37,0.0,0.0
00612.HK,2002-05-30,0.37,0.37,0.37,0.37,0.0,0.0
00612.HK,2002-05-31,0.37,0.37,0.37,0.37,0.0,0.0
00612.HK,2002-06-03,0.37,0.37,0.37,0.37,0.0,0.0
00612.HK,2002-06-04,0.37,0.37,0.37,0.37,0.0,0.0
00612.HK,2002-06-05,0.37,0.37,0.37,0.37,0.0,0.0
00612.HK,2002-06-06,0.37,0.37,0.37,0.37,0.0,0.0
00612.HK,2002-06-07,0.41,0.41,0.41,0.41,20000.0,0.0
00612.HK,2002-06-10,0.41,0.41,0.41,0.41,0.0,0.0
00612.HK,2002-06-11,0.41,0.41,0.41,0.41,0.0,0.0
00612.HK,2002-06-12,0.41,0.41,0.41,0.41,0.0,0.0
00612.HK,2002-06-13,0.41,0.41,0.41,0.41,0.0,0.0
00612.HK,2002-06-14,0.4,0.4,0.4,0.4,0.0,0.0
00612.HK,2002-06-17,0.4,0.4,0.4,0.4,0.0,0.0
00612.HK,2002-06-18,0.4,0.4,0.4,0.4,0.0,0.0
00612.HK,2002-06-19,0.4,0.4,0.4,0.4,0.0,0.0
00612.HK,2002-06-20,0.4,0.4,0.4,0.4,0.0,0.0
00612.HK,2002-06-21,0.4,0.4,0.4,0.4,0.0,0.0
00612.HK,2002-06-24,0.4,0.4,0.4,0.4,0.0,0.0
00612.HK,2002-06-25,0.4,0.4,0.4,0.4,0.0,0.0
00612.HK,2002-06-26,0.4,0.4,0.4,0.4,0.0,0.0
00612.HK,2002-06-27,0.4,0.4,0.4,0.4,0.0,0.0
00612.HK,2002-06-28,0.4,0.4,0.4,0.4,0.0,0.0
00612.HK,2002-07-02,0.4,0.4,0.4,0.4,0.0,0.0
00612.HK,2002-07-03,0.4,0.4,0.4,0.4,0.0,0.0
00612.HK,2002-07-04,0.4,0.4,0.4,0.4,0.0,0.0
00612.HK,2002-07-05,0.4,0.4,0.4,0.4,0.0,0.0
00612.HK,2002-07-08,0.4,0.4,0.4,0.4,0.0,0.0
00612.HK,2002-07-09,0.4,0.4,0.4,0.4,0.0,0.0
00612.HK,2002-07-10,0.4,0.4,0.4,0.4,0.0,0.0
00612.HK,2002-07-11,0.4,0.4,0.4,0.4,0.0,0.0
00612.HK,2002-07-12,0.38,0.38,0.38,0.38,0.0,0.0
00612.HK,2002-07-15,0.35,0.35,0.35,0.35,0.0,0.0
00612.HK,2002-07-16,0.35,0.35,0.35,0.35,0.0,0.0
00612.HK,2002-07-17,0.35,0.35,0.35,0.35,0.0,0.0
00612.HK,2002-07-18,0.35,0.35,0.35,0.35,0.0,0.0
00612.HK,2002-07-19,0.35,0.35,0.35,0.35,0.0,0.0
00612.HK,2002-07-22,0.35,0.35,0.35,0.35,0.0,0.0
00612.HK,2002-07-23,0.35,0.35,0.35,0.35,0.0,0.0
00612.HK,2002-07-24,0.35,0.35,0.35,0.35,0.0,0.0
00612.HK,2002-07-25,0.35,0.35,0.35,0.35,0.0,0.0
00612.HK,2002-07-26,0.35,0.35,0.35,0.35,0.0,0.0
00612.HK,2002-07-29,0.34,0.34,0.34,0.34,0.0,0.0
00612.HK,2002-07-30,0.34,0.34,0.34,0.34,0.0,0.0
00612.HK,2002-07-31,0.34,0.34,0.34,0.34,0.0,0.0
00612.HK,2002-08-01,0.34,0.34,0.34,0.34,0.0,0.0
00612.HK,2002-08-02,0.34,0.34,0.34,0.34,0.0,0.0
00612.HK,2002-08-05,0.34,0.34,0.34,0.34,0.0,0.0
00612.HK,2002-08-06,0.34,0.34,0.34,0.34,0.0,0.0
00612.HK,2002-08-07,0.34,0.34,0.34,0.34,0.0,0.0
00612.HK,2002-08-08,0.34,0.34,0.34,0.34,0.0,0.0
00612.HK,2002-08-09,0.34,0.34,0.34,0.34,0.0,0.0
00612.HK,2002-08-12,0.34,0.34,0.34,0.34,0.0,0.0
00612.HK,2002-08-13,0.34,0.34,0.34,0.34,0.0,0.0
00612.HK,2002-08-14,0.34,0.34,0.34,0.34,0.0,0.0
00612.HK,2002-08-15,0.33,0.33,0.33,0.33,0.0,0.0
00612.HK,2002-08-16,0.33,0.33,0.33,0.33,0.0,0.0
00612.HK,2002-08-19,0.3,0.3,0.3,0.3,8000.0,0.0
00612.HK,2002-08-20,0.28,0.28,0.28,0.28,60000.0,0.0
00612.HK,2002-08-21,0.26,0.26,0.26,0.26,0.0,0.0
00612.HK,2002-08-22,0.25,0.25,0.25,0.25,0.0,0.0
00612.HK,2002-08-23,0.25,0.25,0.25,0.25,0.0,0.0
00612.HK,2002-08-26,0.24,0.24,0.24,0.24,0.0,0.0
00612.HK,2002-08-27,0.24,0.24,0.24,0.24,0.0,0.0
00612.HK,2002-08-28,0.24,0.24,0.24,0.24,0.0,0.0
00612.HK,2002-08-29,0.24,0.24,0.24,0.24,0.0,0.0
00612.HK,2002-08-30,0.24,0.24,0.24,0.24,0.0,0.0
00612.HK,2002-09-02,0.24,0.24,0.24,0.24,0.0,0.0
00612.HK,2002-09-03,0.24,0.24,0.24,0.24,0.0,0.0
00612.HK,2002-09-04,0.24,0.24,0.24,0.24,0.0,0.0
00612.HK,2002-09-05,0.24,0.24,0.24,0.24,0.0,0.0
00612.HK,2002-09-06,0.24,0.24,0.24,0.24,0.0,0.0
00612.HK,2002-09-09,0.24,0.24,0.24,0.24,0.0,0.0
00612.HK,2002-09-10,0.24,0.24,0.24,0.24,0.0,0.0
00612.HK,2002-09-11,0.24,0.24,0.24,0.24,0.0,0.0
00612.HK,2002-09-12,0.24,0.24,0.24,0.24,0.0,0.0
00612.HK,2002-09-13,0.24,0.24,0.24,0.24,0.0,0.0
00612.HK,2002-09-16,0.24,0.24,0.24,0.24,0.0,0.0
00612.HK,2002-09-17,0.23,0.23,0.23,0.23,0.0,0.0
00612.HK,2002-09-18,0.22,0.22,0.22,0.22,0.0,0.0
00612.HK,2002-09-19,0.2,0.2,0.2,0.2,0.0,0.0
00612.HK,2002-09-20,0.2,0.2,0.2,0.2,0.0,0.0
00612.HK,2002-09-23,0.2,0.2,0.2,0.2,0.0,0.0
00612.HK,2002-09-24,0.2,0.2,0.2,0.2,0.0,0.0
00612.HK,2002-09-25,0.2,0.2,0.2,0.2,0.0,0.0
00612.HK,2002-09-26,0.2,0.2,0.2,0.2,0.0,0.0
00612.HK,2002-09-27,0.2,0.2,0.2,0.2,0.0,0.0
00612.HK,2002-09-30,0.2,0.2,0.2,0.2,0.0,0.0
00612.HK,2002-10-02,0.2,0.2,0.2,0.2,0.0,0.0
00612.HK,2002-10-03,0.2,0.2,0.2,0.2,0.0,0.0
00612.HK,2002-10-04,0.2,0.2,0.2,0.2,0.0,0.0
00612.HK,2002-10-07,0.2,0.2,0.2,0.2,0.0,0.0
00612.HK,2002-10-08,0.2,0.2,0.2,0.2,0.0,0.0
00612.HK,2002-10-09,0.2,0.2,0.2,0.2,0.0,0.0
00612.HK,2002-10-10,0.2,0.2,0.2,0.2,0.0,0.0
00612.HK,2002-10-11,0.2,0.2,0.2,0.2,0.0,0.0
00612.HK,2002-10-15,0.2,0.2,0.2,0.2,0.0,0.0
00612.HK,2002-10-16,0.2,0.2,0.2,0.2,0.0,0.0
00612.HK,2002-10-17,0.2,0.2,0.2,0.2,0.0,0.0
00612.HK,2002-10-18,0.2,0.2,0.2,0.2,0.0,0.0
00612.HK,2002-10-21,0.2,0.2,0.2,0.2,0.0,0.0
00612.HK,2002-10-22,0.2,0.2,0.2,0.2,0.0,0.0
00612.HK,2002-10-23,0.2,0.2,0.2,0.2,0.0,0.0
00612.HK,2002-10-24,0.19,0.19,0.19,0.19,8000.0,0.0
00612.HK,2002-10-25,0.19,0.19,0.19,0.19,0.0,0.0
00612.HK,2002-10-28,0.19,0.19,0.19,0.19,0.0,0.0
00612.HK,2002-10-29,0.19,0.19,0.19,0.19,0.0,0.0
00612.HK,2002-10-30,0.19,0.19,0.19,0.19,0.0,0.0
00612.HK,2002-10-31,0.19,0.19,0.19,0.19,0.0,0.0
00612.HK,2002-11-01,0.19,0.19,0.19,0.19,0.0,0.0
00612.HK,2002-11-04,0.19,0.19,0.19,0.19,0.0,0.0
00612.HK,2002-11-05,0.2,0.2,0.19,0.2,128000.0,0.0
00612.HK,2002-11-06,0.2,0.2,0.2,0.2,20000.0,0.0
00612.HK,2002-11-07,0.2,0.2,0.2,0.2,0.0,0.0
00612.HK,2002-11-08,0.2,0.2,0.2,0.2,0.0,0.0
00612.HK,2002-11-11,0.2,0.2,0.2,0.2,0.0,0.0
00612.HK,2002-11-12,0.2,0.2,0.2,0.2,20000.0,0.0
00612.HK,2002-11-13,0.2,0.2,0.2,0.2,0.0,0.0
00612.HK,2002-11-14,0.2,0.2,0.2,0.2,0.0,0.0
00612.HK,2002-11-15,0.2,0.2,0.2,0.2,0.0,0.0
00612.HK,2002-11-18,0.2,0.2,0.2,0.2,0.0,0.0
00612.HK,2002-11-19,0.2,0.2,0.2,0.2,0.0,0.0
00612.HK,2002-11-20,0.2,0.2,0.2,0.2,0.0,0.0
00612.HK,2002-11-21,0.2,0.2,0.2,0.2,0.0,0.0
00612.HK,2002-11-22,0.2,0.2,0.2,0.2,0.0,0.0
00612.HK,2002-11-25,0.2,0.2,0.2,0.2,0.0,0.0
00612.HK,2002-11-26,0.2,0.2,0.2,0.2,0.0,0.0
00612.HK,2002-11-27,0.2,0.2,0.2,0.2,0.0,0.0
00612.HK,2002-11-28,0.2,0.2,0.2,0.2,0.0,0.0
00612.HK,2002-11-29,0.2,0.2,0.2,0.2,0.0,0.0
00612.HK,2002-12-02,0.2,0.2,0.2,0.2,0.0,0.0
00612.HK,2002-12-03,0.2,0.2,0.2,0.2,0.0,0.0
00612.HK,2002-12-04,0.2,0.2,0.2,0.2,0.0,0.0
00612.HK,2002-12-05,0.2,0.2,0.2,0.2,0.0,0.0
00612.HK,2002-12-06,0.2,0.2,0.2,0.2,28000.0,0.0
00612.HK,2002-12-09,0.2,0.2,0.2,0.2,0.0,0.0
00612.HK,2002-12-10,0.25,0.4,0.25,0.4,896000.0,0.0
00612.HK,2002-12-11,0.4,0.4,0.4,0.4,200000.0,0.0
00612.HK,2002-12-12,0.4,0.4,0.4,0.4,204000.0,0.0
00612.HK,2002-12-13,0.4,0.4,0.4,0.4,0.0,0.0
00612.HK,2002-12-16,0.4,0.4,0.4,0.4,1200000.0,0.0
00612.HK,2002-12-17,0.43,0.44,0.43,0.44,4640000.0,0.0
00612.HK,2002-12-18,0.44,0.44,0.44,0.44,560000.0,0.0
00612.HK,2002-12-19,0.44,0.46,0.44,0.44,3056000.0,0.0
00612.HK,2002-12-20,0.44,0.44,0.44,0.44,0.0,0.0
00612.HK,2002-12-23,0.44,0.44,0.44,0.44,0.0,0.0
00612.HK,2002-12-24,0.44,0.44,0.44,0.44,0.0,0.0
00612.HK,2002-12-27,0.45,0.45,0.45,0.45,20000.0,0.0
00612.HK,2002-12-30,0.45,0.45,0.45,0.45,0.0,0.0
00612.HK,2002-12-31,0.45,0.45,0.45,0.45,0.0,0.0
00612.HK,2003-01-02,0.45,0.45,0.45,0.45,0.0,0.0
00612.HK,2003-01-03,0.45,0.45,0.45,0.45,0.0,0.0
00612.HK,2003-01-06,0.45,0.45,0.45,0.45,0.0,0.0
00612.HK,2003-01-07,0.45,0.45,0.45,0.45,0.0,0.0
00612.HK,2003-01-08,0.45,0.45,0.45,0.45,0.0,0.0
00612.HK,2003-01-09,0.45,0.45,0.45,0.45,20000.0,0.0
00612.HK,2003-01-10,0.45,0.45,0.45,0.45,0.0,0.0
00612.HK,2003-01-13,0.45,0.45,0.45,0.45,0.0,0.0
00612.HK,2003-01-14,0.45,0.45,0.45,0.45,0.0,0.0
00612.HK,2003-01-15,0.43,0.43,0.43,0.43,0.0,0.0
00612.HK,2003-01-16,0.43,0.43,0.43,0.43,0.0,0.0
00612.HK,2003-01-17,0.43,0.43,0.43,0.43,0.0,0.0
00612.HK,2003-01-20,0.43,0.43,0.43,0.43,0.0,0.0
00612.HK,2003-01-21,0.43,0.43,0.43,0.43,0.0,0.0
00612.HK,2003-01-22,0.43,0.43,0.43,0.43,0.0,0.0
00612.HK,2003-01-23,0.43,0.43,0.43,0.43,0.0,0.0
00612.HK,2003-01-24,0.43,0.43,0.43,0.43,0.0,0.0
00612.HK,2003-01-27,0.43,0.43,0.43,0.43,0.0,0.0
00612.HK,2003-01-28,0.42,0.42,0.42,0.42,0.0,0.0
00612.HK,2003-01-29,0.42,0.42,0.42,0.42,0.0,0.0
00612.HK,2003-01-30,0.42,0.42,0.42,0.42,0.0,0.0
00612.HK,2003-02-04,0.41,0.41,0.41,0.41,0.0,0.0
00612.HK,2003-02-05,0.41,0.41,0.41,0.41,0.0,0.0
00612.HK,2003-02-06,0.41,0.41,0.41,0.41,0.0,0.0
00612.HK,2003-02-07,0.41,0.41,0.41,0.41,0.0,0.0
00612.HK,2003-02-10,0.41,0.41,0.41,0.41,0.0,0.0
00612.HK,2003-02-11,0.41,0.41,0.41,0.41,0.0,0.0
00612.HK,2003-02-12,0.41,0.41,0.41,0.41,0.0,0.0
00612.HK,2003-02-13,0.4,0.4,0.4,0.4,0.0,0.0
00612.HK,2003-02-14,0.4,0.4,0.4,0.4,0.0,0.0
00612.HK,2003-02-17,0.4,0.4,0.4,0.4,0.0,0.0
00612.HK,2003-02-18,0.4,0.4,0.4,0.4,0.0,0.0
00612.HK,2003-02-19,0.4,0.4,0.4,0.4,0.0,0.0
00612.HK,2003-02-20,0.4,0.4,0.4,0.4,0.0,0.0
00612.HK,2003-02-21,0.4,0.4,0.4,0.4,0.0,0.0
00612.HK,2003-02-24,0.4,0.4,0.4,0.4,0.0,0.0
00612.HK,2003-02-25,0.35,0.35,0.35,0.35,0.0,0.0
00612.HK,2003-02-26,0.35,0.41,0.35,0.35,96000.0,0.0
00612.HK,2003-02-27,0.39,0.39,0.39,0.39,4000.0,0.0
00612.HK,2003-02-28,0.39,0.39,0.39,0.39,0.0,0.0
00612.HK,2003-03-03,0.39,0.39,0.39,0.39,0.0,0.0
00612.HK,2003-03-04,0.39,0.39,0.39,0.39,0.0,0.0
00612.HK,2003-03-05,0.39,0.39,0.39,0.39,1000000.0,0.0
00612.HK,2003-03-06,0.36,0.36,0.36,0.36,0.0,0.0
00612.HK,2003-03-07,0.36,0.36,0.36,0.36,0.0,0.0
00612.HK,2003-03-10,0.36,0.36,0.36,0.36,0.0,0.0
00612.HK,2003-03-11,0.36,0.36,0.36,0.36,0.0,0.0
00612.HK,2003-03-12,0.36,0.36,0.36,0.36,0.0,0.0
00612.HK,2003-03-13,0.36,0.36,0.36,0.36,0.0,0.0
00612.HK,2003-03-14,0.36,0.36,0.36,0.36,0.0,0.0
00612.HK,2003-03-17,0.36,0.36,0.36,0.36,0.0,0.0
00612.HK,2003-03-18,0.35,0.35,0.35,0.35,0.0,0.0
00612.HK,2003-03-19,0.35,0.35,0.35,0.35,0.0,0.0
00612.HK,2003-03-20,0.35,0.35,0.35,0.35,0.0,0.0
00612.HK,2003-03-21,0.35,0.35,0.35,0.35,0.0,0.0
00612.HK,2003-03-24,0.35,0.35,0.35,0.35,308000.0,0.0
00612.HK,2003-03-25,0.35,0.35,0.35,0.35,0.0,0.0
00612.HK,2003-03-26,0.35,0.35,0.35,0.35,0.0,0.0
00612.HK,2003-03-27,0.35,0.35,0.35,0.35,0.0,0.0
00612.HK,2003-03-28,0.35,0.35,0.35,0.35,0.0,0.0
00612.HK,2003-03-31,0.35,0.35,0.35,0.35,0.0,0.0
00612.HK,2003-04-01,0.35,0.35,0.35,0.35,0.0,0.0
00612.HK,2003-04-02,0.35,0.35,0.35,0.35,0.0,0.0
00612.HK,2003-04-03,0.35,0.35,0.35,0.35,0.0,0.0
00612.HK,2003-04-04,0.35,0.35,0.35,0.35,0.0,0.0
00612.HK,2003-04-07,0.35,0.35,0.35,0.35,0.0,0.0
00612.HK,2003-04-08,0.35,0.35,0.35,0.35,0.0,0.0
00612.HK,2003-04-09,0.35,0.35,0.35,0.35,0.0,0.0
00612.HK,2003-04-10,0.35,0.35,0.35,0.35,0.0,0.0
00612.HK,2003-04-11,0.35,0.35,0.35,0.35,0.0,0.0
00612.HK,2003-04-14,0.35,0.35,0.35,0.35,0.0,0.0
00612.HK,2003-04-15,0.35,0.35,0.35,0.35,0.0,0.0
00612.HK,2003-04-16,0.35,0.35,0.35,0.35,0.0,0.0
00612.HK,2003-04-17,0.35,0.35,0.35,0.35,0.0,0.0
00612.HK,2003-04-22,0.35,0.35,0.35,0.35,0.0,0.0
00612.HK,2003-04-23,0.35,0.35,0.35,0.35,0.0,0.0
00612.HK,2003-04-24,0.35,0.35,0.35,0.35,0.0,0.0
00612.HK,2003-04-25,0.35,0.35,0.35,0.35,0.0,0.0
00612.HK,2003-04-28,0.35,0.35,0.35,0.35,0.0,0.0
00612.HK,2003-04-29,0.35,0.35,0.35,0.35,0.0,0.0
00612.HK,2003-04-30,0.35,0.35,0.35,0.35,0.0,0.0
00612.HK,2003-05-02,0.35,0.35,0.35,0.35,0.0,0.0
00612.HK,2003-05-05,0.32,0.32,0.32,0.32,0.0,0.0
00612.HK,2003-05-06,0.32,0.32,0.32,0.32,0.0,0.0
00612.HK,2003-05-07,0.32,0.32,0.32,0.32,0.0,0.0
00612.HK,2003-05-09,0.32,0.32,0.32,0.32,0.0,0.0
00612.HK,2003-05-12,0.32,0.32,0.32,0.32,0.0,0.0
00612.HK,2003-05-13,0.32,0.32,0.32,0.32,0.0,0.0
00612.HK,2003-05-14,0.32,0.32,0.32,0.32,0.0,0.0
00612.HK,2003-05-15,0.32,0.32,0.32,0.32,0.0,0.0
00612.HK,2003-05-16,0.32,0.32,0.32,0.32,0.0,0.0
00612.HK,2003-05-19,0.32,0.32,0.32,0.32,0.0,0.0
00612.HK,2003-05-20,0.32,0.32,0.32,0.32,0.0,0.0
00612.HK,2003-05-21,0.32,0.32,0.32,0.32,0.0,0.0
00612.HK,2003-05-22,0.32,0.32,0.32,0.32,0.0,0.0
00612.HK,2003-05-23,0.32,0.32,0.32,0.32,0.0,0.0
00612.HK,2003-05-26,0.32,0.32,0.32,0.32,0.0,0.0
00612.HK,2003-05-27,0.32,0.32,0.32,0.32,0.0,0.0
00612.HK,2003-05-28,0.32,0.32,0.32,0.32,0.0,0.0
00612.HK,2003-05-29,0.32,0.32,0.32,0.32,0.0,0.0
00612.HK,2003-05-30,0.32,0.32,0.32,0.32,0.0,0.0
00612.HK,2003-06-02,0.29,0.29,0.29,0.29,36000.0,0.0
00612.HK,2003-06-03,0.29,0.29,0.29,0.29,0.0,0.0
00612.HK,2003-06-05,0.29,0.29,0.29,0.29,0.0,0.0
00612.HK,2003-06-06,0.29,0.29,0.29,0.29,0.0,0.0
00612.HK,2003-06-09,0.29,0.29,0.29,0.29,0.0,0.0
00612.HK,2003-06-10,0.29,0.29,0.29,0.29,0.0,0.0
00612.HK,2003-06-11,0.29,0.29,0.29,0.29,0.0,0.0
00612.HK,2003-06-12,0.29,0.29,0.29,0.29,0.0,0.0
00612.HK,2003-06-13,0.29,0.29,0.29,0.29,0.0,0.0
00612.HK,2003-06-16,0.29,0.29,0.29,0.29,0.0,0.0
00612.HK,2003-06-17,0.29,0.29,0.29,0.29,0.0,0.0
00612.HK,2003-06-18,0.29,0.29,0.29,0.29,0.0,0.0
00612.HK,2003-06-19,0.29,0.29,0.29,0.29,0.0,0.0
00612.HK,2003-06-20,0.29,0.29,0.29,0.29,0.0,0.0
00612.HK,2003-06-23,0.29,0.29,0.29,0.29,0.0,0.0
00612.HK,2003-06-24,0.2,0.2,0.2,0.2,56000.0,0.0
00612.HK,2003-06-25,0.2,0.2,0.2,0.2,0.0,0.0
00612.HK,2003-06-26,0.2,0.2,0.2,0.2,0.0,0.0
00612.HK,2003-06-27,0.2,0.2,0.2,0.2,0.0,0.0
00612.HK,2003-06-30,0.2,0.2,0.2,0.2,0.0,0.0
00612.HK,2003-07-02,0.2,0.2,0.2,0.2,0.0,0.0
00612.HK,2003-07-03,0.2,0.2,0.2,0.2,0.0,0.0
00612.HK,2003-07-04,0.2,0.2,0.2,0.2,0.0,0.0
00612.HK,2003-07-07,0.2,0.2,0.2,0.2,0.0,0.0
00612.HK,2003-07-08,0.2,0.2,0.2,0.2,0.0,0.0
00612.HK,2003-07-09,0.2,0.2,0.2,0.2,0.0,0.0
00612.HK,2003-07-10,0.2,0.2,0.2,0.2,0.0,0.0
00612.HK,2003-07-11,0.2,0.2,0.2,0.2,0.0,0.0
00612.HK,2003-07-14,0.2,0.2,0.2,0.2,0.0,0.0
00612.HK,2003-07-15,0.2,0.2,0.2,0.2,0.0,0.0
00612.HK,2003-07-16,0.2,0.2,0.2,0.2,0.0,0.0
00612.HK,2003-07-17,0.2,0.2,0.2,0.2,0.0,0.0
00612.HK,2003-07-18,0.2,0.2,0.2,0.2,0.0,0.0
00612.HK,2003-07-21,0.2,0.2,0.2,0.2,0.0,0.0
00612.HK,2003-07-22,0.2,0.2,0.2,0.2,0.0,0.0
00612.HK,2003-07-23,0.2,0.2,0.2,0.2,0.0,0.0
00612.HK,2003-07-24,0.2,0.2,0.2,0.2,0.0,0.0
00612.HK,2003-07-25,0.2,0.2,0.2,0.2,0.0,0.0
00612.HK,2003-07-28,0.2,0.2,0.2,0.2,0.0,0.0
00612.HK,2003-07-29,0.2,0.2,0.2,0.2,0.0,0.0
00612.HK,2003-07-30,0.2,0.2,0.2,0.2,0.0,0.0
00612.HK,2003-07-31,0.2,0.2,0.2,0.2,0.0,0.0
00612.HK,2003-08-01,0.2,0.2,0.2,0.2,0.0,0.0
00612.HK,2003-08-04,0.2,0.2,0.2,0.2,0.0,0.0
00612.HK,2003-08-05,0.2,0.2,0.2,0.2,0.0,0.0
00612.HK,2003-08-06,0.2,0.2,0.2,0.2,0.0,0.0
00612.HK,2003-08-07,0.2,0.2,0.2,0.2,0.0,0.0
00612.HK,2003-08-08,0.2,0.2,0.2,0.2,0.0,0.0
00612.HK,2003-08-11,0.2,0.2,0.2,0.2,0.0,0.0
00612.HK,2003-08-12,0.2,0.2,0.2,0.2,0.0,0.0
00612.HK,2003-08-13,0.2,0.2,0.2,0.2,0.0,0.0
00612.HK,2003-08-14,0.2,0.2,0.2,0.2,0.0,0.0
00612.HK,2003-08-15,0.2,0.2,0.2,0.2,0.0,0.0
00612.HK,2003-08-18,0.2,0.2,0.2,0.2,0.0,0.0
00612.HK,2003-08-19,0.2,0.2,0.2,0.2,0.0,0.0
00612.HK,2003-08-20,0.2,0.2,0.2,0.2,0.0,0.0
00612.HK,2003-08-21,0.2,0.2,0.2,0.2,0.0,0.0
00612.HK,2003-08-22,0.2,0.2,0.2,0.2,4000.0,0.0
00612.HK,2003-08-25,0.2,0.2,0.2,0.2,0.0,0.0
00612.HK,2003-08-26,0.2,0.2,0.2,0.2,0.0,0.0
00612.HK,2003-08-27,0.21,0.21,0.21,0.21,36000.0,0.0
00612.HK,2003-08-28,0.21,0.21,0.21,0.21,0.0,0.0
00612.HK,2003-08-29,0.21,0.21,0.21,0.21,0.0,0.0
00612.HK,2003-09-01,0.21,0.21,0.21,0.21,0.0,0.0
00612.HK,2003-09-02,0.21,0.21,0.21,0.21,0.0,0.0
00612.HK,2003-09-03,0.21,0.21,0.21,0.21,0.0,0.0
00612.HK,2003-09-04,0.21,0.21,0.21,0.21,0.0,0.0
00612.HK,2003-09-05,0.21,0.21,0.21,0.21,0.0,0.0
00612.HK,2003-09-08,0.21,0.21,0.21,0.21,0.0,0.0
00612.HK,2003-09-09,0.21,0.21,0.21,0.21,876000.0,0.0
00612.HK,2003-09-10,0.21,0.21,0.21,0.21,0.0,0.0
00612.HK,2003-09-11,0.21,0.21,0.21,0.21,0.0,0.0
00612.HK,2003-09-15,0.21,0.21,0.21,0.21,0.0,0.0
00612.HK,2003-09-16,0.36,0.36,0.36,0.36,0.0,0.0
00612.HK,2003-09-17,0.36,0.36,0.34,0.35,8224000.0,0.0
00612.HK,2003-09-18,0.35,0.35,0.34,0.35,6124000.0,0.0
00612.HK,2003-09-19,0.32,0.33,0.32,0.32,5112000.0,0.0
00612.HK,2003-09-22,0.33,0.33,0.3,0.33,9712000.0,0.0
00612.HK,2003-09-23,0.33,0.33,0.3,0.3,304000.0,0.0
00612.HK,2003-09-24,0.31,0.33,0.28,0.33,2100000.0,0.0
00612.HK,2003-09-25,0.31,0.32,0.31,0.32,3000000.0,0.0
00612.HK,2003-09-26,0.32,0.32,0.32,0.32,0.0,0.0
00612.HK,2003-09-29,0.32,0.32,0.32,0.32,0.0,0.0
00612.HK,2003-09-30,0.32,0.32,0.32,0.32,0.0,0.0
00612.HK,2003-10-02,0.32,0.32,0.32,0.32,0.0,0.0
00612.HK,2003-10-03,0.32,0.32,0.32,0.32,0.0,0.0
00612.HK,2003-10-06,0.28,0.28,0.28,0.28,80000.0,0.0
00612.HK,2003-10-07,0.28,0.28,0.28,0.28,0.0,0.0
00612.HK,2003-10-08,0.28,0.28,0.28,0.28,0.0,0.0
00612.HK,2003-10-09,0.28,0.28,0.28,0.28,0.0,0.0
00612.HK,2003-10-10,0.28,0.28,0.28,0.28,0.0,0.0
00612.HK,2003-10-13,0.28,0.28,0.28,0.28,0.0,0.0
00612.HK,2003-10-14,0.28,0.28,0.28,0.28,0.0,0.0
00612.HK,2003-10-15,0.28,0.28,0.28,0.28,0.0,0.0
00612.HK,2003-10-16,0.28,0.28,0.28,0.28,0.0,0.0
00612.HK,2003-10-17,0.28,0.28,0.28,0.28,0.0,0.0
00612.HK,2003-10-20,0.28,0.28,0.28,0.28,0.0,0.0
00612.HK,2003-10-21,0.28,0.28,0.28,0.28,0.0,0.0
00612.HK,2003-10-22,0.28,0.28,0.28,0.28,0.0,0.0
00612.HK,2003-10-23,0.28,0.28,0.28,0.28,0.0,0.0
00612.HK,2003-10-24,0.28,0.28,0.28,0.28,0.0,0.0
00612.HK,2003-10-27,0.28,0.28,0.28,0.28,0.0,0.0
00612.HK,2003-10-28,0.28,0.28,0.28,0.28,0.0,0.0
00612.HK,2003-10-29,0.28,0.28,0.28,0.28,0.0,0.0
00612.HK,2003-10-30,0.28,0.28,0.28,0.28,0.0,0.0
00612.HK,2003-10-31,0.28,0.28,0.28,0.28,0.0,0.0
00612.HK,2003-11-03,0.28,0.28,0.28,0.28,0.0,0.0
00612.HK,2003-11-04,0.28,0.28,0.28,0.28,0.0,0.0
00612.HK,2003-11-05,0.28,0.28,0.28,0.28,0.0,0.0
00612.HK,2003-11-06,0.28,0.28,0.28,0.28,0.0,0.0
00612.HK,2003-11-07,0.28,0.28,0.28,0.28,0.0,0.0
00612.HK,2003-11-10,0.28,0.28,0.28,0.28,0.0,0.0
00612.HK,2003-11-11,0.28,0.28,0.28,0.28,0.0,0.0
00612.HK,2003-11-12,0.28,0.28,0.28,0.28,0.0,0.0
00612.HK,2003-11-13,0.28,0.28,0.28,0.28,0.0,0.0
00612.HK,2003-11-14,0.28,0.28,0.28,0.28,0.0,0.0
00612.HK,2003-11-17,0.28,0.28,0.28,0.28,0.0,0.0
00612.HK,2003-11-18,0.28,0.28,0.28,0.28,0.0,0.0
00612.HK,2003-11-19,0.28,0.28,0.28,0.28,0.0,0.0
00612.HK,2003-11-20,0.28,0.28,0.28,0.28,0.0,0.0
00612.HK,2003-11-21,0.28,0.28,0.28,0.28,0.0,0.0
00612.HK,2003-11-24,0.28,0.28,0.28,0.28,0.0,0.0
00612.HK,2003-11-25,0.28,0.28,0.28,0.28,0.0,0.0
00612.HK,2003-11-26,0.28,0.28,0.28,0.28,0.0,0.0
00612.HK,2003-11-27,0.28,0.28,0.28,0.28,0.0,0.0
00612.HK,2003-11-28,0.28,0.28,0.28,0.28,0.0,0.0
00612.HK,2003-12-01,0.28,0.28,0.28,0.28,0.0,0.0
00612.HK,2003-12-02,0.28,0.28,0.28,0.28,0.0,0.0
00612.HK,2003-12-03,0.28,0.28,0.28,0.28,0.0,0.0
00612.HK,2003-12-04,0.28,0.28,0.28,0.28,0.0,0.0
00612.HK,2003-12-05,0.28,0.28,0.28,0.28,0.0,0.0
00612.HK,2003-12-08,0.28,0.28,0.28,0.28,0.0,0.0
00612.HK,2003-12-09,0.28,0.28,0.28,0.28,0.0,0.0
00612.HK,2003-12-10,0.28,0.28,0.28,0.28,0.0,0.0
00612.HK,2003-12-11,0.28,0.28,0.28,0.28,0.0,0.0
00612.HK,2003-12-12,0.28,0.28,0.28,0.28,0.0,0.0
00612.HK,2003-12-15,0.28,0.28,0.28,0.28,0.0,0.0
00612.HK,2003-12-16,0.28,0.28,0.28,0.28,0.0,0.0
00612.HK,2003-12-17,0.28,0.28,0.28,0.28,0.0,0.0
00612.HK,2003-12-18,0.28,0.28,0.28,0.28,0.0,0.0
00612.HK,2003-12-19,0.28,0.28,0.28,0.28,0.0,0.0
00612.HK,2003-12-22,0.28,0.28,0.28,0.28,0.0,0.0
00612.HK,2003-12-23,0.28,0.28,0.28,0.28,0.0,0.0
00612.HK,2003-12-24,0.28,0.28,0.28,0.28,0.0,0.0
00612.HK,2003-12-29,0.28,0.28,0.28,0.28,0.0,0.0
00612.HK,2003-12-30,0.28,0.28,0.28,0.28,0.0,0.0
00612.HK,2003-12-31,0.28,0.28,0.28,0.28,0.0,0.0
00612.HK,2004-01-02,0.28,0.28,0.28,0.28,0.0,0.0
00612.HK,2004-01-05,0.18,0.23,0.18,0.23,76000.0,0.0
00612.HK,2004-01-06,0.16,0.22,0.16,0.22,12000.0,0.0
00612.HK,2004-01-07,0.21,0.21,0.2,0.21,28000.0,0.0
00612.HK,2004-01-08,0.21,0.21,0.21,0.21,0.0,0.0
00612.HK,2004-01-09,0.21,0.21,0.21,0.21,0.0,0.0
00612.HK,2004-01-12,0.21,0.21,0.21,0.21,0.0,0.0
00612.HK,2004-01-13,0.21,0.21,0.21,0.21,0.0,0.0
00612.HK,2004-01-14,0.21,0.21,0.21,0.21,0.0,0.0
00612.HK,2004-01-15,0.21,0.21,0.21,0.21,0.0,0.0
00612.HK,2004-01-16,0.21,0.21,0.21,0.21,0.0,0.0
00612.HK,2004-01-19,0.21,0.21,0.21,0.21,0.0,0.0
00612.HK,2004-01-20,0.21,0.21,0.21,0.21,0.0,0.0
00612.HK,2004-01-21,0.22,0.22,0.22,0.22,0.0,0.0
00612.HK,2004-01-26,0.22,0.22,0.22,0.22,0.0,0.0
00612.HK,2004-01-27,0.22,0.22,0.22,0.22,0.0,0.0
00612.HK,2004-01-28,0.22,0.22,0.22,0.22,0.0,0.0
00612.HK,2004-01-29,0.22,0.22,0.22,0.22,0.0,0.0
00612.HK,2004-01-30,0.22,0.22,0.22,0.22,0.0,0.0
00612.HK,2004-02-02,0.22,0.22,0.22,0.22,0.0,0.0
00612.HK,2004-02-03,0.22,0.22,0.22,0.22,0.0,0.0
00612.HK,2004-02-04,0.22,0.22,0.22,0.22,0.0,0.0
00612.HK,2004-02-05,0.22,0.22,0.22,0.22,0.0,0.0
00612.HK,2004-02-06,0.22,0.22,0.22,0.22,0.0,0.0
00612.HK,2004-02-09,0.22,0.22,0.22,0.22,0.0,0.0
00612.HK,2004-02-10,0.22,0.22,0.22,0.22,0.0,0.0
00612.HK,2004-02-11,0.22,0.22,0.22,0.22,0.0,0.0
00612.HK,2004-02-12,0.22,0.22,0.22,0.22,0.0,0.0
00612.HK,2004-02-13,0.22,0.22,0.22,0.22,0.0,0.0
00612.HK,2004-02-16,0.26,0.26,0.26,0.26,100000.0,0.0
00612.HK,2004-02-17,0.26,0.26,0.26,0.26,0.0,0.0
00612.HK,2004-02-18,0.25,0.25,0.25,0.25,108000.0,0.0
00612.HK,2004-02-19,0.25,0.25,0.25,0.25,0.0,0.0
00612.HK,2004-02-20,0.25,0.25,0.25,0.25,0.0,0.0
00612.HK,2004-02-23,0.25,0.25,0.25,0.25,0.0,0.0
00612.HK,2004-02-24,0.25,0.25,0.25,0.25,0.0,0.0
00612.HK,2004-02-25,0.25,0.25,0.25,0.25,0.0,0.0
00612.HK,2004-02-26,0.25,0.25,0.25,0.25,0.0,0.0
00612.HK,2004-02-27,0.25,0.25,0.25,0.25,0.0,0.0
00612.HK,2004-03-01,0.25,0.25,0.25,0.25,0.0,0.0
00612.HK,2004-03-02,0.25,0.25,0.25,0.25,0.0,0.0
00612.HK,2004-03-03,0.25,0.25,0.25,0.25,0.0,0.0
00612.HK,2004-03-04,0.25,0.25,0.25,0.25,0.0,0.0
00612.HK,2004-03-05,0.25,0.25,0.25,0.25,0.0,0.0
00612.HK,2004-03-08,0.25,0.25,0.25,0.25,0.0,0.0
00612.HK,2004-03-09,0.25,0.25,0.25,0.25,0.0,0.0
00612.HK,2004-03-10,0.25,0.25,0.25,0.25,0.0,0.0
00612.HK,2004-03-11,0.25,0.25,0.25,0.25,0.0,0.0
00612.HK,2004-03-12,0.25,0.25,0.25,0.25,0.0,0.0
00612.HK,2004-03-15,0.23,0.23,0.23,0.23,0.0,0.0
00612.HK,2004-03-16,0.23,0.23,0.23,0.23,0.0,0.0
00612.HK,2004-03-17,0.23,0.23,0.23,0.23,0.0,0.0
00612.HK,2004-03-18,0.23,0.23,0.23,0.23,0.0,0.0
00612.HK,2004-03-19,0.22,0.22,0.22,0.22,0.0,0.0
00612.HK,2004-03-22,0.22,0.22,0.22,0.22,0.0,0.0
00612.HK,2004-03-23,0.22,0.22,0.22,0.22,0.0,0.0
00612.HK,2004-03-24,0.22,0.22,0.22,0.22,0.0,0.0
00612.HK,2004-03-25,0.22,0.22,0.22,0.22,0.0,0.0
00612.HK,2004-03-26,0.22,0.22,0.22,0.22,0.0,0.0
00612.HK,2004-03-29,0.22,0.22,0.22,0.22,0.0,0.0
00612.HK,2004-03-30,0.19,0.19,0.19,0.19,8000.0,0.0
00612.HK,2004-03-31,0.18,0.18,0.18,0.18,0.0,0.0
00612.HK,2004-04-01,0.18,0.18,0.18,0.18,0.0,0.0
00612.HK,2004-04-02,0.16,0.16,0.16,0.16,20000.0,0.0
00612.HK,2004-04-06,0.13,0.13,0.13,0.13,0.0,0.0
00612.HK,2004-04-07,0.13,0.13,0.13,0.13,0.0,0.0
00612.HK,2004-04-08,0.13,0.13,0.13,0.13,92000.0,0.0
00612.HK,2004-04-13,0.13,0.13,0.13,0.13,0.0,0.0
00612.HK,2004-04-14,0.13,0.13,0.13,0.13,0.0,0.0
00612.HK,2004-04-15,0.13,0.13,0.13,0.13,0.0,0.0
00612.HK,2004-04-16,0.13,0.13,0.13,0.13,0.0,0.0
00612.HK,2004-04-19,0.13,0.13,0.13,0.13,0.0,0.0
00612.HK,2004-04-20,0.13,0.13,0.13,0.13,0.0,0.0
00612.HK,2004-04-21,0.13,0.13,0.13,0.13,0.0,0.0
00612.HK,2004-04-22,0.13,0.13,0.13,0.13,0.0,0.0
00612.HK,2004-04-23,0.13,0.13,0.13,0.13,0.0,0.0
00612.HK,2004-04-26,0.13,0.13,0.13,0.13,0.0,0.0
00612.HK,2004-04-27,0.13,0.13,0.13,0.13,0.0,0.0
00612.HK,2004-04-28,0.13,0.13,0.13,0.13,0.0,0.0
00612.HK,2004-04-29,0.13,0.13,0.13,0.13,0.0,0.0
00612.HK,2004-04-30,0.13,0.13,0.13,0.13,0.0,0.0
00612.HK,2004-05-03,0.08,0.08,0.08,0.08,60000.0,0.0
00612.HK,2004-05-04,0.09,0.1,0.09,0.1,60000.0,0.0
00612.HK,2004-05-05,0.1,0.1,0.1,0.1,0.0,0.0
00612.HK,2004-05-06,0.11,0.11,0.11,0.11,0.0,0.0
00612.HK,2004-05-07,0.11,0.11,0.11,0.11,0.0,0.0
00612.HK,2004-05-10,0.11,0.11,0.11,0.11,0.0,0.0
00612.HK,2004-05-11,0.12,0.12,0.12,0.12,0.0,0.0
00612.HK,2004-05-12,0.12,0.12,0.12,0.12,4000.0,0.0
00612.HK,2004-05-13,0.13,0.13,0.13,0.13,0.0,0.0
00612.HK,2004-05-14,0.13,0.13,0.13,0.13,0.0,0.0
00612.HK,2004-05-17,0.13,0.13,0.13,0.13,1860000.0,0.0
00612.HK,2004-05-18,0.12,0.13,0.12,0.13,9040000.0,0.0
00612.HK,2004-05-19,0.13,0.13,0.13,0.13,7800000.0,0.0
00612.HK,2004-05-20,0.13,0.13,0.13,0.13,0.0,0.0
00612.HK,2004-05-21,0.12,0.12,0.12,0.12,2000000.0,0.0
00612.HK,2004-05-24,0.12,0.12,0.12,0.12,0.0,0.0
00612.HK,2004-05-25,0.12,0.12,0.12,0.12,1500000.0,0.0
00612.HK,2004-05-27,0.12,0.12,0.12,0.12,1508000.0,0.0
00612.HK,2004-05-28,0.13,0.13,0.13,0.13,3000000.0,0.0
00612.HK,2004-05-31,0.13,0.13,0.13,0.13,3240000.0,0.0
00612.HK,2004-06-01,0.13,0.13,0.13,0.13,3000000.0,0.0
00612.HK,2004-06-02,0.13,0.13,0.13,0.13,4000000.0,0.0
00612.HK,2004-06-03,0.13,0.13,0.12,0.13,3068000.0,0.0
00612.HK,2004-06-04,0.13,0.13,0.13,0.13,8000000.0,0.0
00612.HK,2004-06-07,0.13,0.13,0.13,0.13,7996000.0,0.0
00612.HK,2004-06-08,0.13,0.13,0.13,0.13,5016000.0,0.0
00612.HK,2004-06-09,0.13,0.13,0.13,0.13,108000.0,0.0
00612.HK,2004-06-10,0.13,0.13,0.13,0.13,0.0,0.0
00612.HK,2004-06-11,0.13,0.13,0.13,0.13,0.0,0.0
00612.HK,2004-06-14,0.13,0.13,0.13,0.13,0.0,0.0
00612.HK,2004-06-15,0.13,0.13,0.13,0.13,0.0,0.0
00612.HK,2004-06-16,0.13,0.13,0.13,0.13,0.0,0.0
00612.HK,2004-06-17,0.13,0.13,0.13,0.13,0.0,0.0
00612.HK,2004-06-18,0.13,0.13,0.13,0.13,0.0,0.0
00612.HK,2004-06-21,0.13,0.13,0.13,0.13,0.0,0.0
00612.HK,2004-06-23,0.13,0.13,0.13,0.13,0.0,0.0
00612.HK,2004-06-24,0.13,0.13,0.13,0.13,0.0,0.0
00612.HK,2004-06-25,0.13,0.13,0.13,0.13,0.0,0.0
00612.HK,2004-06-28,0.13,0.13,0.13,0.13,0.0,0.0
00612.HK,2004-06-29,0.13,0.13,0.13,0.13,0.0,0.0
00612.HK,2004-06-30,0.13,0.13,0.13,0.13,0.0,0.0
00612.HK,2004-07-02,0.13,0.13,0.13,0.13,0.0,0.0
00612.HK,2004-07-05,0.13,0.13,0.13,0.13,0.0,0.0
00612.HK,2004-07-06,0.13,0.13,0.13,0.13,0.0,0.0
00612.HK,2004-07-07,0.13,0.13,0.13,0.13,20000.0,0.0
00612.HK,2004-07-08,0.13,0.13,0.13,0.13,0.0,0.0
00612.HK,2004-07-09,0.14,0.14,0.14,0.14,0.0,0.0
00612.HK,2004-07-12,0.14,0.14,0.14,0.14,0.0,0.0
00612.HK,2004-07-13,0.14,0.14,0.14,0.14,0.0,0.0
00612.HK,2004-07-14,0.15,0.15,0.15,0.15,0.0,0.0
00612.HK,2004-07-15,0.15,0.15,0.15,0.15,48000.0,0.0
00612.HK,2004-07-16,0.15,0.15,0.15,0.15,0.0,0.0
00612.HK,2004-07-19,0.15,0.15,0.15,0.15,0.0,0.0
00612.HK,2004-07-20,0.15,0.15,0.15,0.15,0.0,0.0
00612.HK,2004-07-21,0.15,0.15,0.15,0.15,0.0,0.0
00612.HK,2004-07-22,0.15,0.15,0.15,0.15,0.0,0.0
00612.HK,2004-07-23,0.15,0.15,0.15,0.15,0.0,0.0
00612.HK,2004-07-26,0.15,0.15,0.15,0.15,0.0,0.0
00612.HK,2004-07-27,0.15,0.15,0.15,0.15,0.0,0.0
00612.HK,2004-07-28,0.15,0.15,0.15,0.15,0.0,0.0
00612.HK,2004-07-29,0.15,0.15,0.15,0.15,0.0,0.0
00612.HK,2004-07-30,0.15,0.15,0.15,0.15,0.0,0.0
00612.HK,2004-08-02,0.15,0.15,0.15,0.15,0.0,0.0
00612.HK,2004-08-03,0.15,0.15,0.15,0.15,0.0,0.0
00612.HK,2004-08-04,0.15,0.15,0.15,0.15,0.0,0.0
00612.HK,2004-08-05,0.15,0.15,0.15,0.15,0.0,0.0
00612.HK,2004-08-06,0.15,0.15,0.15,0.15,0.0,0.0
00612.HK,2004-08-09,0.15,0.15,0.15,0.15,0.0,0.0
00612.HK,2004-08-10,0.15,0.15,0.15,0.15,0.0,0.0
00612.HK,2004-08-11,0.15,0.15,0.15,0.15,0.0,0.0
00612.HK,2004-08-12,0.15,0.15,0.15,0.15,0.0,0.0
00612.HK,2004-08-13,0.15,0.15,0.15,0.15,0.0,0.0
00612.HK,2004-08-16,0.15,0.15,0.15,0.15,0.0,0.0
00612.HK,2004-08-17,0.15,0.15,0.15,0.15,0.0,0.0
00612.HK,2004-08-18,0.15,0.15,0.15,0.15,0.0,0.0
00612.HK,2004-08-19,0.15,0.15,0.15,0.15,0.0,0.0
00612.HK,2004-08-20,0.15,0.15,0.15,0.15,0.0,0.0
00612.HK,2004-08-23,0.15,0.15,0.15,0.15,0.0,0.0
00612.HK,2004-08-24,0.15,0.15,0.15,0.15,0.0,0.0
00612.HK,2004-08-25,0.15,0.15,0.15,0.15,0.0,0.0
00612.HK,2004-08-26,0.15,0.15,0.15,0.15,0.0,0.0
00612.HK,2004-08-27,0.15,0.15,0.15,0.15,0.0,0.0
00612.HK,2004-08-30,0.15,0.15,0.15,0.15,0.0,0.0
00612.HK,2004-08-31,0.15,0.15,0.15,0.15,0.0,0.0
00612.HK,2004-09-01,0.15,0.15,0.15,0.15,0.0,0.0
00612.HK,2004-09-02,0.15,0.15,0.15,0.15,0.0,0.0
00612.HK,2004-09-03,0.15,0.15,0.15,0.15,0.0,0.0
00612.HK,2004-09-06,0.15,0.15,0.15,0.15,0.0,0.0
00612.HK,2004-09-07,0.15,0.15,0.15,0.15,0.0,0.0
00612.HK,2004-09-08,0.15,0.15,0.15,0.15,0.0,0.0
00612.HK,2004-09-09,0.15,0.15,0.15,0.15,0.0,0.0
00612.HK,2004-09-10,0.15,0.15,0.15,0.15,0.0,0.0
00612.HK,2004-09-13,0.15,0.15,0.15,0.15,0.0,0.0
00612.HK,2004-09-14,0.15,0.15,0.15,0.15,0.0,0.0
00612.HK,2004-09-15,0.15,0.15,0.15,0.15,0.0,0.0
00612.HK,2004-09-16,0.15,0.15,0.15,0.15,0.0,0.0
00612.HK,2004-09-17,0.15,0.15,0.15,0.15,0.0,0.0
00612.HK,2004-09-20,0.15,0.15,0.15,0.15,0.0,0.0
00612.HK,2004-09-21,0.15,0.15,0.15,0.15,0.0,0.0
00612.HK,2004-09-22,0.15,0.15,0.15,0.15,0.0,0.0
00612.HK,2004-09-23,0.15,0.15,0.15,0.15,0.0,0.0
00612.HK,2004-09-24,0.15,0.15,0.15,0.15,0.0,0.0
00612.HK,2004-09-27,0.15,0.15,0.15,0.15,0.0,0.0
00612.HK,2004-09-28,0.15,0.15,0.15,0.15,0.0,0.0
00612.HK,2004-09-30,0.15,0.15,0.15,0.15,0.0,0.0
00612.HK,2004-10-04,0.15,0.15,0.15,0.15,0.0,0.0
00612.HK,2004-10-05,0.15,0.15,0.15,0.15,0.0,0.0
00612.HK,2004-10-06,0.16,0.17,0.16,0.17,40000.0,0.0
00612.HK,2004-10-07,0.17,0.17,0.17,0.17,0.0,0.0
00612.HK,2004-10-08,0.17,0.17,0.17,0.17,0.0,0.0
00612.HK,2004-10-11,0.17,0.17,0.17,0.17,0.0,0.0
00612.HK,2004-10-12,0.17,0.17,0.17,0.17,0.0,0.0
00612.HK,2004-10-13,0.17,0.17,0.17,0.17,0.0,0.0
00612.HK,2004-10-14,0.17,0.17,0.17,0.17,0.0,0.0
00612.HK,2004-10-15,0.17,0.17,0.17,0.17,0.0,0.0
00612.HK,2004-10-18,0.17,0.17,0.17,0.17,0.0,0.0
00612.HK,2004-10-19,0.17,0.17,0.17,0.17,0.0,0.0
00612.HK,2004-10-20,0.17,0.17,0.17,0.17,0.0,0.0
00612.HK,2004-10-21,0.17,0.17,0.17,0.17,0.0,0.0
00612.HK,2004-10-25,0.17,0.17,0.17,0.17,0.0,0.0
00612.HK,2004-10-26,0.17,0.17,0.17,0.17,0.0,0.0
00612.HK,2004-10-27,0.17,0.17,0.17,0.17,0.0,0.0
00612.HK,2004-10-28,0.17,0.17,0.17,0.17,0.0,0.0
00612.HK,2004-10-29,0.17,0.17,0.17,0.17,0.0,0.0
00612.HK,2004-11-01,0.17,0.17,0.17,0.17,0.0,0.0
00612.HK,2004-11-02,0.17,0.17,0.17,0.17,0.0,0.0
00612.HK,2004-11-03,0.17,0.17,0.17,0.17,0.0,0.0
00612.HK,2004-11-04,0.17,0.17,0.17,0.17,0.0,0.0
00612.HK,2004-11-05,0.17,0.17,0.17,0.17,0.0,0.0
00612.HK,2004-11-08,0.17,0.17,0.17,0.17,0.0,0.0
00612.HK,2004-11-09,0.17,0.17,0.17,0.17,0.0,0.0
00612.HK,2004-11-10,0.17,0.17,0.17,0.17,0.0,0.0
00612.HK,2004-11-11,0.17,0.17,0.17,0.17,0.0,0.0
00612.HK,2004-11-12,0.17,0.17,0.17,0.17,0.0,0.0
00612.HK,2004-11-15,0.17,0.17,0.17,0.17,0.0,0.0
00612.HK,2004-11-16,0.17,0.17,0.17,0.17,0.0,0.0
00612.HK,2004-11-17,0.17,0.17,0.17,0.17,0.0,0.0
00612.HK,2004-11-18,0.17,0.17,0.17,0.17,0.0,0.0
00612.HK,2004-11-19,0.17,0.17,0.17,0.17,0.0,0.0
00612.HK,2004-11-22,0.17,0.17,0.17,0.17,0.0,0.0
00612.HK,2004-11-23,0.17,0.17,0.17,0.17,0.0,0.0
00612.HK,2004-11-24,0.17,0.17,0.17,0.17,0.0,0.0
00612.HK,2004-11-25,0.17,0.17,0.17,0.17,0.0,0.0
00612.HK,2004-11-26,0.17,0.17,0.17,0.17,0.0,0.0
00612.HK,2004-11-29,0.17,0.17,0.17,0.17,0.0,0.0
00612.HK,2004-11-30,0.17,0.17,0.17,0.17,0.0,0.0
00612.HK,2004-12-01,0.17,0.17,0.17,0.17,0.0,0.0
00612.HK,2004-12-02,0.17,0.17,0.17,0.17,0.0,0.0
00612.HK,2004-12-03,0.17,0.17,0.17,0.17,0.0,0.0
00612.HK,2004-12-06,0.17,0.17,0.17,0.17,0.0,0.0
00612.HK,2004-12-07,0.17,0.17,0.17,0.17,0.0,0.0
00612.HK,2004-12-08,0.17,0.17,0.17,0.17,0.0,0.0
00612.HK,2004-12-09,0.17,0.17,0.17,0.17,0.0,0.0
00612.HK,2004-12-10,0.17,0.17,0.17,0.17,0.0,0.0
00612.HK,2004-12-13,0.17,0.17,0.17,0.17,0.0,0.0
00612.HK,2004-12-14,0.17,0.17,0.17,0.17,0.0,0.0
00612.HK,2004-12-15,0.17,0.17,0.17,0.17,0.0,0.0
00612.HK,2004-12-16,0.17,0.17,0.17,0.17,0.0,0.0
00612.HK,2004-12-17,0.17,0.17,0.17,0.17,0.0,0.0
00612.HK,2004-12-20,0.17,0.17,0.17,0.17,0.0,0.0
00612.HK,2004-12-21,0.17,0.17,0.17,0.17,0.0,0.0
00612.HK,2004-12-22,0.17,0.17,0.17,0.17,0.0,0.0
00612.HK,2004-12-23,0.17,0.17,0.17,0.17,0.0,0.0
00612.HK,2004-12-24,0.17,0.17,0.17,0.17,0.0,0.0
00612.HK,2004-12-28,0.17,0.17,0.17,0.17,0.0,0.0
00612.HK,2004-12-29,0.17,0.17,0.17,0.17,0.0,0.0
00612.HK,2004-12-30,0.17,0.17,0.17,0.17,0.0,0.0
00612.HK,2004-12-31,0.17,0.17,0.17,0.17,0.0,0.0
00612.HK,2005-01-03,0.17,0.17,0.17,0.17,0.0,0.0
00612.HK,2005-01-04,0.17,0.17,0.17,0.17,0.0,0.0
00612.HK,2005-01-05,0.17,0.17,0.17,0.17,0.0,0.0
00612.HK,2005-01-06,0.16,0.16,0.16,0.16,0.0,0.0
00612.HK,2005-01-07,0.16,0.16,0.16,0.16,0.0,0.0
00612.HK,2005-01-10,0.16,0.16,0.16,0.16,0.0,0.0
00612.HK,2005-01-11,0.16,0.16,0.16,0.16,0.0,0.0
00612.HK,2005-01-12,0.16,0.16,0.16,0.16,0.0,0.0
00612.HK,2005-01-13,0.16,0.16,0.16,0.16,0.0,0.0
00612.HK,2005-01-14,0.16,0.16,0.16,0.16,0.0,0.0
00612.HK,2005-01-17,0.16,0.16,0.16,0.16,0.0,0.0
00612.HK,2005-01-18,0.16,0.16,0.16,0.16,0.0,0.0
00612.HK,2005-01-19,0.16,0.16,0.16,0.16,0.0,0.0
00612.HK,2005-01-20,0.16,0.16,0.16,0.16,0.0,0.0
00612.HK,2005-01-21,0.16,0.16,0.16,0.16,0.0,0.0
00612.HK,2005-01-24,0.16,0.16,0.16,0.16,0.0,0.0
00612.HK,2005-01-25,0.16,0.16,0.16,0.16,0.0,0.0
00612.HK,2005-01-26,0.16,0.16,0.16,0.16,0.0,0.0
00612.HK,2005-01-27,0.16,0.16,0.16,0.16,0.0,0.0
00612.HK,2005-01-28,0.16,0.16,0.16,0.16,0.0,0.0
00612.HK,2005-01-31,0.16,0.16,0.16,0.16,0.0,0.0
00612.HK,2005-02-01,0.16,0.16,0.16,0.16,0.0,0.0
00612.HK,2005-02-02,0.16,0.16,0.16,0.16,0.0,0.0
00612.HK,2005-02-03,0.16,0.16,0.16,0.16,0.0,0.0
00612.HK,2005-02-04,0.16,0.16,0.16,0.16,0.0,0.0
00612.HK,2005-02-07,0.16,0.16,0.16,0.16,0.0,0.0
00612.HK,2005-02-08,0.16,0.16,0.16,0.16,0.0,0.0
00612.HK,2005-02-14,0.16,0.16,0.16,0.16,0.0,0.0
00612.HK,2005-02-15,0.16,0.16,0.16,0.16,0.0,0.0
00612.HK,2005-02-16,0.16,0.16,0.16,0.16,0.0,0.0
00612.HK,2005-02-17,0.16,0.16,0.16,0.16,0.0,0.0
00612.HK,2005-02-18,0.16,0.16,0.16,0.16,0.0,0.0
00612.HK,2005-02-21,0.16,0.16,0.16,0.16,0.0,0.0
00612.HK,2005-02-22,0.16,0.16,0.16,0.16,0.0,0.0
00612.HK,2005-02-23,0.16,0.16,0.16,0.16,0.0,0.0
00612.HK,2005-02-24,0.16,0.16,0.16,0.16,0.0,0.0
00612.HK,2005-02-25,0.15,0.15,0.15,0.15,0.0,0.0
00612.HK,2005-02-28,0.15,0.15,0.15,0.15,0.0,0.0
00612.HK,2005-03-01,0.15,0.15,0.15,0.15,0.0,0.0
00612.HK,2005-03-02,0.15,0.15,0.15,0.15,0.0,0.0
00612.HK,2005-03-03,0.15,0.15,0.15,0.15,0.0,0.0
00612.HK,2005-03-04,0.15,0.15,0.15,0.15,0.0,0.0
00612.HK,2005-03-07,0.15,0.15,0.15,0.15,0.0,0.0
00612.HK,2005-03-08,0.15,0.15,0.15,0.15,0.0,0.0
00612.HK,2005-03-09,0.15,0.15,0.15,0.15,0.0,0.0
00612.HK,2005-03-10,0.15,0.15,0.15,0.15,0.0,0.0
00612.HK,2005-03-11,0.15,0.15,0.15,0.15,0.0,0.0
00612.HK,2005-03-14,0.15,0.15,0.15,0.15,0.0,0.0
00612.HK,2005-03-15,0.15,0.15,0.15,0.15,0.0,0.0
00612.HK,2005-03-16,0.15,0.15,0.15,0.15,0.0,0.0
00612.HK,2005-03-17,0.15,0.15,0.15,0.15,0.0,0.0
00612.HK,2005-03-18,0.15,0.15,0.15,0.15,0.0,0.0
00612.HK,2005-03-21,0.15,0.15,0.15,0.15,0.0,0.0
00612.HK,2005-03-22,0.15,0.15,0.15,0.15,0.0,0.0
00612.HK,2005-03-23,0.15,0.15,0.15,0.15,0.0,0.0
00612.HK,2005-03-24,0.15,0.15,0.15,0.15,0.0,0.0
00612.HK,2005-03-29,0.15,0.15,0.15,0.15,0.0,0.0
00612.HK,2005-03-30,0.15,0.15,0.15,0.15,0.0,0.0
00612.HK,2005-03-31,0.15,0.15,0.15,0.15,0.0,0.0
00612.HK,2005-04-01,0.15,0.15,0.15,0.15,0.0,0.0
00612.HK,2005-04-04,0.15,0.15,0.15,0.15,0.0,0.0
00612.HK,2005-04-06,0.15,0.15,0.15,0.15,0.0,0.0
00612.HK,2005-04-07,0.15,0.15,0.15,0.15,0.0,0.0
00612.HK,2005-04-08,0.15,0.15,0.15,0.15,0.0,0.0
00612.HK,2005-04-11,0.15,0.15,0.15,0.15,0.0,0.0
00612.HK,2005-04-12,0.15,0.15,0.15,0.15,0.0,0.0
00612.HK,2005-04-13,0.15,0.15,0.15,0.15,0.0,0.0
00612.HK,2005-04-14,0.15,0.15,0.15,0.15,0.0,0.0
00612.HK,2005-04-15,0.15,0.15,0.15,0.15,0.0,0.0
00612.HK,2005-04-18,0.15,0.15,0.15,0.15,0.0,0.0
00612.HK,2005-04-19,0.15,0.15,0.15,0.15,0.0,0.0
00612.HK,2005-04-20,0.15,0.15,0.15,0.15,0.0,0.0
00612.HK,2005-04-21,0.15,0.15,0.15,0.15,0.0,0.0
00612.HK,2005-04-22,0.15,0.15,0.15,0.15,0.0,0.0
00612.HK,2005-04-25,0.15,0.15,0.15,0.15,0.0,0.0
00612.HK,2005-04-26,0.15,0.15,0.15,0.15,0.0,0.0
00612.HK,2005-04-27,0.15,0.15,0.15,0.15,0.0,0.0
00612.HK,2005-04-28,0.15,0.15,0.15,0.15,0.0,0.0
00612.HK,2005-04-29,0.15,0.15,0.15,0.15,0.0,0.0
00612.HK,2005-05-03,0.15,0.15,0.15,0.15,0.0,0.0
00612.HK,2005-05-04,0.15,0.15,0.15,0.15,0.0,0.0
00612.HK,2005-05-05,0.15,0.15,0.15,0.15,0.0,0.0
00612.HK,2005-05-06,0.15,0.15,0.15,0.15,0.0,0.0
00612.HK,2005-05-09,0.15,0.15,0.15,0.15,0.0,0.0
00612.HK,2005-05-10,0.15,0.15,0.15,0.15,0.0,0.0
00612.HK,2005-05-11,0.15,0.15,0.15,0.15,0.0,0.0
00612.HK,2005-05-12,0.15,0.15,0.15,0.15,0.0,0.0
00612.HK,2005-05-13,0.15,0.15,0.15,0.15,0.0,0.0
00612.HK,2005-05-17,0.15,0.15,0.15,0.15,0.0,0.0
00612.HK,2005-05-18,0.15,0.15,0.15,0.15,0.0,0.0
00612.HK,2005-05-19,0.15,0.15,0.15,0.15,0.0,0.0
00612.HK,2005-05-20,0.15,0.15,0.15,0.15,0.0,0.0
00612.HK,2005-05-23,0.15,0.15,0.15,0.15,0.0,0.0
00612.HK,2005-05-24,0.15,0.15,0.15,0.15,0.0,0.0
00612.HK,2005-05-25,0.15,0.15,0.15,0.15,0.0,0.0
00612.HK,2005-05-26,0.15,0.15,0.15,0.15,0.0,0.0
00612.HK,2005-05-27,0.15,0.15,0.15,0.15,0.0,0.0
00612.HK,2005-05-30,0.15,0.15,0.15,0.15,0.0,0.0
00612.HK,2005-05-31,0.15,0.15,0.15,0.15,0.0,0.0
00612.HK,2005-06-01,0.15,0.15,0.15,0.15,0.0,0.0
00612.HK,2005-06-02,0.15,0.15,0.15,0.15,0.0,0.0
00612.HK,2005-06-03,0.15,0.15,0.15,0.15,0.0,0.0
00612.HK,2005-06-06,0.15,0.15,0.15,0.15,0.0,0.0
00612.HK,2005-06-07,0.15,0.15,0.15,0.15,0.0,0.0
00612.HK,2005-06-08,0.15,0.15,0.15,0.15,0.0,0.0
00612.HK,2005-06-09,0.15,0.15,0.15,0.15,0.0,0.0
00612.HK,2005-06-10,0.15,0.15,0.15,0.15,0.0,0.0
00612.HK,2005-06-13,0.15,0.15,0.15,0.15,0.0,0.0
00612.HK,2005-06-14,0.15,0.15,0.15,0.15,0.0,0.0
00612.HK,2005-06-15,0.15,0.15,0.15,0.15,0.0,0.0
00612.HK,2005-06-16,0.15,0.15,0.15,0.15,0.0,0.0
00612.HK,2005-06-17,0.15,0.15,0.15,0.15,0.0,0.0
00612.HK,2005-06-20,0.15,0.15,0.15,0.15,0.0,0.0
00612.HK,2005-06-21,0.15,0.15,0.15,0.15,0.0,0.0
00612.HK,2005-06-22,0.15,0.15,0.15,0.15,0.0,0.0
00612.HK,2005-06-23,0.15,0.15,0.15,0.15,0.0,0.0
00612.HK,2005-06-24,0.15,0.15,0.15,0.15,0.0,0.0
00612.HK,2005-06-27,0.15,0.15,0.15,0.15,0.0,0.0
00612.HK,2005-06-28,0.15,0.15,0.15,0.15,0.0,0.0
00612.HK,2005-06-29,0.15,0.15,0.15,0.15,0.0,0.0
00612.HK,2005-06-30,0.15,0.15,0.15,0.15,0.0,0.0
00612.HK,2005-07-04,0.15,0.15,0.15,0.15,0.0,0.0
00612.HK,2005-07-05,0.15,0.15,0.15,0.15,0.0,0.0
00612.HK,2005-07-06,0.15,0.15,0.15,0.15,0.0,0.0
00612.HK,2005-07-07,0.15,0.15,0.15,0.15,0.0,0.0
00612.HK,2005-07-08,0.15,0.15,0.15,0.15,0.0,0.0
00612.HK,2005-07-11,0.15,0.15,0.15,0.15,0.0,0.0
00612.HK,2005-07-12,0.15,0.15,0.15,0.15,0.0,0.0
00612.HK,2005-07-13,0.15,0.15,0.15,0.15,0.0,0.0
00612.HK,2005-07-14,0.15,0.15,0.15,0.15,0.0,0.0
00612.HK,2005-07-15,0.15,0.15,0.15,0.15,0.0,0.0
00612.HK,2005-07-18,0.15,0.15,0.15,0.15,0.0,0.0
00612.HK,2005-07-19,0.15,0.15,0.15,0.15,0.0,0.0
00612.HK,2005-07-20,0.15,0.15,0.15,0.15,0.0,0.0
00612.HK,2005-07-21,0.15,0.15,0.15,0.15,0.0,0.0
00612.HK,2005-07-22,0.15,0.15,0.15,0.15,0.0,0.0
00612.HK,2005-07-25,0.15,0.15,0.15,0.15,0.0,0.0
00612.HK,2005-07-26,0.15,0.15,0.15,0.15,0.0,0.0
00612.HK,2005-07-27,0.15,0.15,0.15,0.15,0.0,0.0
00612.HK,2005-07-28,0.15,0.15,0.15,0.15,0.0,0.0
00612.HK,2005-07-29,0.15,0.15,0.15,0.15,0.0,0.0
00612.HK,2005-08-01,0.15,0.15,0.15,0.15,0.0,0.0
00612.HK,2005-08-02,0.15,0.15,0.15,0.15,0.0,0.0
00612.HK,2005-08-03,0.15,0.15,0.15,0.15,0.0,0.0
00612.HK,2005-08-04,0.15,0.15,0.15,0.15,0.0,0.0
00612.HK,2005-08-05,0.15,0.15,0.15,0.15,0.0,0.0
00612.HK,2005-08-08,0.15,0.15,0.15,0.15,0.0,0.0
00612.HK,2005-08-09,0.15,0.15,0.15,0.15,0.0,0.0
00612.HK,2005-08-10,0.15,0.15,0.15,0.15,0.0,0.0
00612.HK,2005-08-11,0.15,0.15,0.15,0.15,0.0,0.0
00612.HK,2005-08-12,0.15,0.15,0.15,0.15,0.0,0.0
00612.HK,2005-08-15,0.15,0.15,0.15,0.15,0.0,0.0
00612.HK,2005-08-16,0.15,0.15,0.15,0.15,0.0,0.0
00612.HK,2005-08-17,0.15,0.15,0.15,0.15,0.0,0.0
00612.HK,2005-08-18,0.15,0.15,0.15,0.15,0.0,0.0
00612.HK,2005-08-19,0.15,0.15,0.15,0.15,0.0,0.0
00612.HK,2005-08-22,0.15,0.15,0.15,0.15,0.0,0.0
00612.HK,2005-08-23,0.15,0.15,0.15,0.15,0.0,0.0
00612.HK,2005-08-24,0.15,0.15,0.15,0.15,0.0,0.0
00612.HK,2005-08-25,0.15,0.15,0.15,0.15,0.0,0.0
00612.HK,2005-08-26,0.15,0.15,0.15,0.15,0.0,0.0
00612.HK,2005-08-29,0.15,0.15,0.15,0.15,0.0,0.0
00612.HK,2005-08-30,0.15,0.15,0.15,0.15,0.0,0.0
00612.HK,2005-08-31,0.15,0.15,0.15,0.15,0.0,0.0
00612.HK,2005-09-01,0.15,0.15,0.15,0.15,0.0,0.0
00612.HK,2005-09-02,0.15,0.15,0.15,0.15,0.0,0.0
00612.HK,2005-09-05,0.15,0.15,0.15,0.15,0.0,0.0
00612.HK,2005-09-06,0.15,0.15,0.15,0.15,0.0,0.0
00612.HK,2005-09-07,0.15,0.15,0.15,0.15,0.0,0.0
00612.HK,2005-09-08,0.15,0.15,0.15,0.15,0.0,0.0
00612.HK,2005-09-09,0.15,0.15,0.15,0.15,0.0,0.0
00612.HK,2005-09-12,0.15,0.15,0.15,0.15,0.0,0.0
00612.HK,2005-09-13,0.15,0.15,0.15,0.15,0.0,0.0
00612.HK,2005-09-14,0.15,0.15,0.15,0.15,0.0,0.0
00612.HK,2005-09-15,0.15,0.15,0.15,0.15,0.0,0.0
00612.HK,2005-09-16,0.15,0.15,0.15,0.15,0.0,0.0
00612.HK,2005-09-20,0.15,0.15,0.15,0.15,0.0,0.0
00612.HK,2005-09-21,0.15,0.15,0.15,0.15,0.0,0.0
00612.HK,2005-09-22,0.15,0.15,0.15,0.15,0.0,0.0
00612.HK,2005-09-23,0.15,0.15,0.15,0.15,0.0,0.0
00612.HK,2005-09-26,0.15,0.15,0.15,0.15,0.0,0.0
00612.HK,2005-09-27,0.15,0.15,0.15,0.15,0.0,0.0
00612.HK,2005-09-28,0.15,0.15,0.15,0.15,0.0,0.0
00612.HK,2005-09-29,0.15,0.15,0.15,0.15,0.0,0.0
00612.HK,2005-09-30,0.15,0.15,0.15,0.15,0.0,0.0
00612.HK,2005-10-03,0.15,0.15,0.15,0.15,0.0,0.0
00612.HK,2005-10-04,0.15,0.15,0.15,0.15,0.0,0.0
00612.HK,2005-10-05,0.15,0.15,0.15,0.15,0.0,0.0
00612.HK,2005-10-06,0.15,0.15,0.15,0.15,0.0,0.0
00612.HK,2005-10-07,0.15,0.15,0.15,0.15,0.0,0.0
00612.HK,2005-10-10,0.15,0.15,0.15,0.15,0.0,0.0
00612.HK,2005-10-12,0.15,0.15,0.15,0.15,0.0,0.0
00612.HK,2005-10-13,0.15,0.15,0.15,0.15,0.0,0.0
00612.HK,2005-10-14,0.15,0.15,0.15,0.15,0.0,0.0
00612.HK,2005-10-17,0.15,0.15,0.15,0.15,0.0,0.0
00612.HK,2005-10-18,0.15,0.15,0.15,0.15,0.0,0.0
00612.HK,2005-10-19,0.15,0.15,0.15,0.15,0.0,0.0
00612.HK,2005-10-20,0.15,0.15,0.15,0.15,0.0,0.0
00612.HK,2005-10-21,0.15,0.15,0.15,0.15,0.0,0.0
00612.HK,2005-10-24,0.15,0.15,0.15,0.15,0.0,0.0
00612.HK,2005-10-25,0.15,0.15,0.15,0.15,0.0,0.0
00612.HK,2005-10-26,0.15,0.15,0.15,0.15,0.0,0.0
00612.HK,2005-10-27,0.15,0.15,0.15,0.15,0.0,0.0
00612.HK,2005-10-28,0.15,0.15,0.15,0.15,0.0,0.0
00612.HK,2005-10-31,0.15,0.15,0.15,0.15,0.0,0.0
00612.HK,2005-11-01,0.15,0.15,0.15,0.15,0.0,0.0
00612.HK,2005-11-02,0.15,0.15,0.15,0.15,0.0,0.0
00612.HK,2005-11-03,0.15,0.15,0.15,0.15,0.0,0.0
00612.HK,2005-11-04,0.15,0.15,0.15,0.15,0.0,0.0
00612.HK,2005-11-07,0.15,0.15,0.15,0.15,0.0,0.0
00612.HK,2005-11-08,0.15,0.15,0.15,0.15,0.0,0.0
00612.HK,2005-11-09,0.15,0.15,0.15,0.15,0.0,0.0
00612.HK,2005-11-10,0.15,0.15,0.15,0.15,0.0,0.0
00612.HK,2005-11-11,0.15,0.15,0.15,0.15,0.0,0.0
00612.HK,2005-11-14,0.15,0.15,0.15,0.15,0.0,0.0
00612.HK,2005-11-15,0.15,0.15,0.15,0.15,0.0,0.0
00612.HK,2005-11-16,0.15,0.15,0.15,0.15,0.0,0.0
00612.HK,2005-11-17,0.15,0.15,0.15,0.15,0.0,0.0
00612.HK,2005-11-18,0.15,0.15,0.15,0.15,0.0,0.0
00612.HK,2005-11-21,0.15,0.15,0.15,0.15,0.0,0.0
00612.HK,2005-11-22,0.15,0.15,0.15,0.15,0.0,0.0
00612.HK,2005-11-23,0.15,0.15,0.15,0.15,0.0,0.0
00612.HK,2005-11-24,0.15,0.15,0.15,0.15,0.0,0.0
00612.HK,2005-11-25,0.15,0.15,0.15,0.15,0.0,0.0
00612.HK,2005-11-28,0.15,0.15,0.15,0.15,0.0,0.0
00612.HK,2005-11-29,0.15,0.15,0.15,0.15,0.0,0.0
00612.HK,2005-11-30,0.15,0.15,0.15,0.15,0.0,0.0
00612.HK,2005-12-01,0.15,0.15,0.15,0.15,0.0,0.0
00612.HK,2005-12-02,0.15,0.15,0.15,0.15,0.0,0.0
00612.HK,2005-12-05,0.15,0.15,0.15,0.15,0.0,0.0
00612.HK,2005-12-06,0.15,0.15,0.15,0.15,0.0,0.0
00612.HK,2005-12-07,0.15,0.15,0.15,0.15,0.0,0.0
00612.HK,2005-12-08,0.15,0.15,0.15,0.15,0.0,0.0
00612.HK,2005-12-09,0.15,0.15,0.15,0.15,0.0,0.0
00612.HK,2005-12-12,0.15,0.15,0.15,0.15,0.0,0.0
00612.HK,2005-12-13,0.15,0.15,0.15,0.15,0.0,0.0
00612.HK,2005-12-14,0.15,0.15,0.15,0.15,0.0,0.0
00612.HK,2005-12-15,0.15,0.15,0.15,0.15,0.0,0.0
00612.HK,2005-12-16,0.15,0.15,0.15,0.15,0.0,0.0
00612.HK,2005-12-19,0.15,0.15,0.15,0.15,0.0,0.0
00612.HK,2005-12-20,0.15,0.15,0.15,0.15,0.0,0.0
00612.HK,2005-12-21,0.15,0.15,0.15,0.15,0.0,0.0
00612.HK,2005-12-22,0.15,0.15,0.15,0.15,0.0,0.0
00612.HK,2005-12-23,0.15,0.15,0.15,0.15,0.0,0.0
00612.HK,2005-12-28,0.15,0.15,0.15,0.15,0.0,0.0
00612.HK,2005-12-29,0.15,0.15,0.15,0.15,0.0,0.0
00612.HK,2005-12-30,0.15,0.15,0.15,0.15,0.0,0.0
00612.HK,2006-01-03,0.15,0.15,0.15,0.15,0.0,0.0
00612.HK,2006-01-04,0.15,0.15,0.15,0.15,0.0,0.0
00612.HK,2006-01-05,0.15,0.15,0.15,0.15,0.0,0.0
00612.HK,2006-01-06,0.15,0.15,0.15,0.15,0.0,0.0
00612.HK,2006-01-09,0.15,0.15,0.15,0.15,0.0,0.0
00612.HK,2006-01-10,0.15,0.15,0.15,0.15,0.0,0.0
00612.HK,2006-01-11,0.15,0.15,0.15,0.15,0.0,0.0
00612.HK,2006-01-12,0.15,0.15,0.15,0.15,0.0,0.0
00612.HK,2006-01-13,0.15,0.15,0.15,0.15,0.0,0.0
00612.HK,2006-01-16,0.15,0.15,0.15,0.15,0.0,0.0
00612.HK,2006-01-17,0.15,0.15,0.15,0.15,0.0,0.0
00612.HK,2006-01-18,0.15,0.15,0.15,0.15,0.0,0.0
00612.HK,2006-01-19,0.15,0.15,0.15,0.15,0.0,0.0
00612.HK,2006-01-20,0.15,0.15,0.15,0.15,0.0,0.0
00612.HK,2006-01-23,0.15,0.15,0.15,0.15,0.0,0.0
00612.HK,2006-01-24,0.15,0.15,0.15,0.15,0.0,0.0
00612.HK,2006-01-25,0.15,0.15,0.15,0.15,0.0,0.0
00612.HK,2006-01-26,0.15,0.15,0.15,0.15,0.0,0.0
00612.HK,2006-01-27,0.15,0.15,0.15,0.15,0.0,0.0
00612.HK,2006-02-01,0.15,0.15,0.15,0.15,0.0,0.0
00612.HK,2006-02-02,0.15,0.15,0.15,0.15,0.0,0.0
00612.HK,2006-02-03,0.15,0.15,0.15,0.15,0.0,0.0
00612.HK,2006-02-06,0.15,0.15,0.15,0.15,0.0,0.0
00612.HK,2006-02-07,0.15,0.15,0.15,0.15,0.0,0.0
00612.HK,2006-02-08,0.15,0.15,0.15,0.15,0.0,0.0
00612.HK,2006-02-09,0.15,0.15,0.15,0.15,0.0,0.0
00612.HK,2006-02-10,0.15,0.15,0.15,0.15,0.0,0.0
00612.HK,2006-02-13,0.15,0.15,0.15,0.15,12000.0,0.0
00612.HK,2006-02-14,0.15,0.15,0.15,0.15,0.0,0.0
00612.HK,2006-02-15,0.15,0.15,0.15,0.15,0.0,0.0
00612.HK,2006-02-16,0.15,0.15,0.15,0.15,0.0,0.0
00612.HK,2006-02-17,0.15,0.15,0.15,0.15,0.0,0.0
00612.HK,2006-02-20,0.15,0.15,0.15,0.15,0.0,0.0
00612.HK,2006-02-21,0.15,0.15,0.15,0.15,0.0,0.0
00612.HK,2006-02-22,0.15,0.15,0.15,0.15,0.0,0.0
00612.HK,2006-02-23,0.15,0.15,0.15,0.15,0.0,0.0
00612.HK,2006-02-24,0.15,0.15,0.15,0.15,0.0,0.0
00612.HK,2006-02-27,0.15,0.15,0.15,0.15,0.0,0.0
00612.HK,2006-02-28,0.15,0.15,0.15,0.15,0.0,0.0
00612.HK,2006-03-01,0.15,0.15,0.15,0.15,0.0,0.0
00612.HK,2006-03-02,0.15,0.15,0.15,0.15,0.0,0.0
00612.HK,2006-03-03,0.15,0.15,0.15,0.15,0.0,0.0
00612.HK,2006-03-06,0.15,0.15,0.15,0.15,0.0,0.0
00612.HK,2006-03-07,0.15,0.15,0.15,0.15,0.0,0.0
00612.HK,2006-03-08,0.15,0.15,0.14,0.14,20000.0,0.0
00612.HK,2006-03-09,0.13,0.13,0.13,0.13,0.0,0.0
00612.HK,2006-03-10,0.13,0.13,0.13,0.13,0.0,0.0
00612.HK,2006-03-13,0.13,0.13,0.13,0.13,0.0,0.0
00612.HK,2006-03-14,0.13,0.13,0.13,0.13,0.0,0.0
00612.HK,2006-03-15,0.13,0.13,0.13,0.13,0.0,0.0
00612.HK,2006-03-16,0.13,0.13,0.13,0.13,0.0,0.0
00612.HK,2006-03-17,0.13,0.13,0.13,0.13,0.0,0.0
00612.HK,2006-03-20,0.13,0.13,0.13,0.13,0.0,0.0
00612.HK,2006-03-21,0.13,0.13,0.13,0.13,0.0,0.0
00612.HK,2006-03-22,0.13,0.13,0.13,0.13,0.0,0.0
00612.HK,2006-03-23,0.13,0.13,0.13,0.13,0.0,0.0
00612.HK,2006-03-24,0.13,0.13,0.13,0.13,0.0,0.0
00612.HK,2006-03-27,0.14,0.14,0.14,0.14,0.0,0.0
00612.HK,2006-03-28,0.14,0.14,0.14,0.14,0.0,0.0
00612.HK,2006-03-29,0.15,0.15,0.15,0.15,0.0,0.0
00612.HK,2006-03-30,0.15,0.15,0.15,0.15,0.0,0.0
00612.HK,2006-03-31,0.15,0.15,0.15,0.15,0.0,0.0
00612.HK,2006-04-03,0.15,0.15,0.15,0.15,0.0,0.0
00612.HK,2006-04-04,0.15,0.15,0.15,0.15,0.0,0.0
00612.HK,2006-04-06,0.15,0.15,0.15,0.15,0.0,0.0
00612.HK,2006-04-07,0.15,0.15,0.15,0.15,0.0,0.0
00612.HK,2006-04-10,0.15,0.15,0.15,0.15,0.0,0.0
00612.HK,2006-04-11,0.15,0.15,0.15,0.15,0.0,0.0
00612.HK,2006-04-12,0.15,0.15,0.15,0.15,0.0,0.0
00612.HK,2006-04-13,0.15,0.15,0.15,0.15,0.0,0.0
00612.HK,2006-04-18,0.15,0.15,0.15,0.15,0.0,0.0
00612.HK,2006-04-19,0.15,0.15,0.15,0.15,0.0,0.0
00612.HK,2006-04-20,0.15,0.15,0.15,0.15,0.0,0.0
00612.HK,2006-04-21,0.15,0.15,0.15,0.15,0.0,0.0
00612.HK,2006-04-24,0.15,0.15,0.15,0.15,0.0,0.0
00612.HK,2006-04-25,0.15,0.15,0.15,0.15,0.0,0.0
00612.HK,2006-04-26,0.15,0.15,0.15,0.15,0.0,0.0
00612.HK,2006-04-27,0.15,0.15,0.15,0.15,0.0,0.0
00612.HK,2006-04-28,0.15,0.15,0.15,0.15,0.0,0.0
00612.HK,2006-05-02,0.15,0.15,0.15,0.15,0.0,0.0
00612.HK,2006-05-03,0.15,0.15,0.15,0.15,12000.0,0.0
00612.HK,2006-05-04,0.15,0.15,0.15,0.15,0.0,0.0
00612.HK,2006-05-08,0.15,0.15,0.15,0.15,0.0,0.0
00612.HK,2006-05-09,0.15,0.15,0.15,0.15,0.0,0.0
00612.HK,2006-05-10,0.15,0.15,0.15,0.15,0.0,0.0
00612.HK,2006-05-11,0.15,0.15,0.15,0.15,0.0,0.0
00612.HK,2006-05-12,0.15,0.15,0.15,0.15,0.0,0.0
00612.HK,2006-05-15,0.15,0.15,0.15,0.15,0.0,0.0
00612.HK,2006-05-16,0.15,0.15,0.15,0.15,0.0,0.0
00612.HK,2006-05-17,0.15,0.15,0.15,0.15,0.0,0.0
00612.HK,2006-05-18,0.15,0.15,0.15,0.15,0.0,0.0
00612.HK,2006-05-19,0.15,0.15,0.15,0.15,0.0,0.0
00612.HK,2006-05-22,0.15,0.15,0.15,0.15,0.0,0.0
00612.HK,2006-05-23,0.15,0.15,0.15,0.15,0.0,0.0
00612.HK,2006-05-24,0.15,0.15,0.15,0.15,0.0,0.0
00612.HK,2006-05-25,0.15,0.15,0.15,0.15,0.0,0.0
00612.HK,2006-05-26,0.15,0.15,0.15,0.15,0.0,0.0
00612.HK,2006-05-29,0.15,0.15,0.15,0.15,0.0,0.0
00612.HK,2006-05-30,0.15,0.15,0.15,0.15,0.0,0.0
00612.HK,2006-06-01,0.15,0.15,0.15,0.15,0.0,0.0
00612.HK,2006-06-02,0.15,0.15,0.15,0.15,0.0,0.0
00612.HK,2006-06-05,0.15,0.15,0.15,0.15,0.0,0.0
00612.HK,2006-06-06,0.15,0.15,0.15,0.15,0.0,0.0
00612.HK,2006-06-07,0.15,0.15,0.15,0.15,0.0,0.0
00612.HK,2006-06-08,0.15,0.15,0.15,0.15,0.0,0.0
00612.HK,2006-06-09,0.15,0.15,0.15,0.15,0.0,0.0
00612.HK,2006-06-12,0.15,0.15,0.15,0.15,0.0,0.0
00612.HK,2006-06-13,0.15,0.15,0.15,0.15,0.0,0.0
00612.HK,2006-06-14,0.15,0.15,0.15,0.15,0.0,0.0
00612.HK,2006-06-15,0.15,0.15,0.15,0.15,0.0,0.0
00612.HK,2006-06-16,0.15,0.15,0.15,0.15,0.0,0.0
00612.HK,2006-06-19,0.12,0.14,0.12,0.14,8000.0,0.0
00612.HK,2006-06-20,0.14,0.14,0.14,0.14,0.0,0.0
00612.HK,2006-06-21,0.14,0.14,0.14,0.14,0.0,0.0
00612.HK,2006-06-22,0.14,0.14,0.14,0.14,0.0,0.0
00612.HK,2006-06-23,0.14,0.14,0.14,0.14,0.0,0.0
00612.HK,2006-06-26,0.14,0.14,0.14,0.14,0.0,0.0
00612.HK,2006-06-27,0.14,0.14,0.14,0.14,0.0,0.0
00612.HK,2006-06-28,0.14,0.14,0.14,0.14,0.0,0.0
00612.HK,2006-06-29,0.14,0.14,0.14,0.14,0.0,0.0
00612.HK,2006-06-30,0.14,0.14,0.14,0.14,0.0,0.0
00612.HK,2006-07-03,0.14,0.14,0.14,0.14,0.0,0.0
00612.HK,2006-07-04,0.14,0.14,0.14,0.14,0.0,0.0
00612.HK,2006-07-05,0.14,0.14,0.14,0.14,0.0,0.0
00612.HK,2006-07-06,0.14,0.14,0.14,0.14,0.0,0.0
00612.HK,2006-07-07,0.14,0.14,0.14,0.14,0.0,0.0
00612.HK,2006-07-10,0.14,0.14,0.14,0.14,0.0,0.0
00612.HK,2006-07-11,0.14,0.14,0.14,0.14,0.0,0.0
00612.HK,2006-07-12,0.14,0.14,0.14,0.14,0.0,0.0
00612.HK,2006-07-13,0.14,0.14,0.14,0.14,0.0,0.0
00612.HK,2006-07-14,0.14,0.14,0.14,0.14,0.0,0.0
00612.HK,2006-07-17,0.14,0.14,0.14,0.14,0.0,0.0
00612.HK,2006-07-18,0.14,0.14,0.14,0.14,0.0,0.0
00612.HK,2006-07-19,0.14,0.14,0.14,0.14,0.0,0.0
00612.HK,2006-07-20,0.14,0.14,0.14,0.14,0.0,0.0
00612.HK,2006-07-21,0.14,0.14,0.14,0.14,0.0,0.0
00612.HK,2006-07-24,0.14,0.14,0.14,0.14,0.0,0.0
00612.HK,2006-07-25,0.14,0.14,0.14,0.14,0.0,0.0
00612.HK,2006-07-26,0.14,0.14,0.14,0.14,0.0,0.0
00612.HK,2006-07-27,0.12,0.13,0.12,0.13,28000.0,0.0
00612.HK,2006-07-28,0.13,0.13,0.13,0.13,0.0,0.0
00612.HK,2006-07-31,0.13,0.13,0.13,0.13,0.0,0.0
00612.HK,2006-08-01,0.13,0.13,0.13,0.13,0.0,0.0
00612.HK,2006-08-02,0.13,0.13,0.13,0.13,0.0,0.0
00612.HK,2006-08-03,0.12,0.12,0.12,0.12,0.0,0.0
00612.HK,2006-08-04,0.12,0.12,0.12,0.12,0.0,0.0
00612.HK,2006-08-07,0.12,0.12,0.12,0.12,0.0,0.0
00612.HK,2006-08-08,0.12,0.12,0.12,0.12,0.0,0.0
00612.HK,2006-08-09,0.12,0.12,0.12,0.12,0.0,0.0
00612.HK,2006-08-10,0.12,0.12,0.12,0.12,0.0,0.0
00612.HK,2006-08-11,0.12,0.12,0.12,0.12,0.0,0.0
00612.HK,2006-08-14,0.12,0.12,0.12,0.12,0.0,0.0
00612.HK,2006-08-15,0.12,0.12,0.12,0.12,0.0,0.0
00612.HK,2006-08-16,0.13,0.13,0.13,0.13,0.0,0.0
00612.HK,2006-08-17,0.13,0.13,0.13,0.13,0.0,0.0
00612.HK,2006-08-18,0.14,0.14,0.14,0.14,0.0,0.0
00612.HK,2006-08-21,0.14,0.14,0.14,0.14,0.0,0.0
00612.HK,2006-08-22,0.14,0.14,0.14,0.14,0.0,0.0
00612.HK,2006-08-23,0.14,0.14,0.14,0.14,0.0,0.0
00612.HK,2006-08-24,0.14,0.14,0.14,0.14,0.0,0.0
00612.HK,2006-08-25,0.14,0.14,0.14,0.14,0.0,0.0
00612.HK,2006-08-28,0.14,0.14,0.14,0.14,0.0,0.0
00612.HK,2006-08-29,0.14,0.14,0.14,0.14,0.0,0.0
00612.HK,2006-08-30,0.14,0.14,0.14,0.14,0.0,0.0
00612.HK,2006-08-31,0.14,0.14,0.14,0.14,0.0,0.0
00612.HK,2006-09-01,0.14,0.14,0.14,0.14,0.0,0.0
00612.HK,2006-09-04,0.14,0.14,0.14,0.14,0.0,0.0
00612.HK,2006-09-05,0.14,0.14,0.14,0.14,0.0,0.0
00612.HK,2006-09-06,0.14,0.14,0.14,0.14,0.0,0.0
00612.HK,2006-09-07,0.14,0.14,0.14,0.14,0.0,0.0
00612.HK,2006-09-08,0.14,0.14,0.14,0.14,0.0,0.0
00612.HK,2006-09-11,0.14,0.14,0.14,0.14,0.0,0.0
00612.HK,2006-09-12,0.14,0.14,0.14,0.14,0.0,0.0
00612.HK,2006-09-13,0.14,0.14,0.14,0.14,0.0,0.0
00612.HK,2006-09-14,0.14,0.14,0.14,0.14,0.0,0.0
00612.HK,2006-09-15,0.14,0.14,0.14,0.14,0.0,0.0
00612.HK,2006-09-18,0.14,0.14,0.14,0.14,0.0,0.0
00612.HK,2006-09-19,0.14,0.14,0.14,0.14,0.0,0.0
00612.HK,2006-09-20,0.14,0.14,0.14,0.14,0.0,0.0
00612.HK,2006-09-21,0.14,0.14,0.14,0.14,0.0,0.0
00612.HK,2006-09-22,0.14,0.14,0.14,0.14,0.0,0.0
00612.HK,2006-09-25,0.14,0.14,0.14,0.14,0.0,0.0
00612.HK,2006-09-26,0.14,0.14,0.14,0.14,0.0,0.0
00612.HK,2006-09-27,0.14,0.14,0.14,0.14,0.0,0.0
00612.HK,2006-09-28,0.14,0.14,0.14,0.14,0.0,0.0
00612.HK,2006-09-29,0.14,0.14,0.14,0.14,0.0,0.0
00612.HK,2006-10-03,0.14,0.14,0.14,0.14,0.0,0.0
00612.HK,2006-10-04,0.14,0.14,0.14,0.14,0.0,0.0
00612.HK,2006-10-05,0.14,0.14,0.14,0.14,0.0,0.0
00612.HK,2006-10-06,0.14,0.14,0.14,0.14,0.0,0.0
00612.HK,2006-10-09,0.14,0.14,0.14,0.14,0.0,0.0
00612.HK,2006-10-10,0.14,0.14,0.14,0.14,0.0,0.0
00612.HK,2006-10-11,0.14,0.14,0.14,0.14,0.0,0.0
00612.HK,2006-10-12,0.14,0.14,0.14,0.14,0.0,0.0
00612.HK,2006-10-13,0.14,0.14,0.14,0.14,0.0,0.0
00612.HK,2006-10-16,0.14,0.14,0.14,0.14,0.0,0.0
00612.HK,2006-10-17,0.14,0.14,0.14,0.14,0.0,0.0
00612.HK,2006-10-18,0.14,0.14,0.14,0.14,0.0,0.0
00612.HK,2006-10-19,0.14,0.14,0.14,0.14,0.0,0.0
00612.HK,2006-10-20,0.14,0.14,0.14,0.14,0.0,0.0
00612.HK,2006-10-23,0.14,0.14,0.14,0.14,0.0,0.0
00612.HK,2006-10-24,0.14,0.14,0.14,0.14,0.0,0.0
00612.HK,2006-10-25,0.14,0.14,0.14,0.14,0.0,0.0
00612.HK,2006-10-26,0.14,0.14,0.14,0.14,0.0,0.0
00612.HK,2006-10-27,0.14,0.14,0.14,0.14,0.0,0.0
00612.HK,2006-10-31,0.14,0.14,0.14,0.14,0.0,0.0
00612.HK,2006-11-01,0.14,0.14,0.14,0.14,0.0,0.0
00612.HK,2006-11-02,0.14,0.14,0.14,0.14,0.0,0.0
00612.HK,2006-11-03,0.14,0.14,0.14,0.14,0.0,0.0
00612.HK,2006-11-06,0.15,0.16,0.15,0.16,40000.0,0.0
00612.HK,2006-11-07,0.2,0.2,0.2,0.2,100000.0,0.0
00612.HK,2006-11-08,0.2,0.2,0.2,0.2,0.0,0.0
00612.HK,2006-11-09,0.2,0.2,0.2,0.2,100000.0,0.0
00612.HK,2006-11-10,0.2,0.22,0.2,0.22,300000.0,0.0
00612.HK,2006-11-13,0.22,0.22,0.22,0.22,0.0,0.0
00612.HK,2006-11-14,0.24,0.24,0.24,0.24,0.0,0.0
00612.HK,2006-11-15,0.24,0.24,0.24,0.24,0.0,0.0
00612.HK,2006-11-16,0.26,0.26,0.26,0.26,48000.0,0.0
00612.HK,2006-11-17,0.27,0.33,0.27,0.33,140000.0,0.0
00612.HK,2006-11-20,0.33,0.34,0.33,0.33,412000.0,0.0
00612.HK,2006-11-21,0.33,0.34,0.33,0.33,392000.0,0.0
00612.HK,2006-11-22,0.33,0.43,0.33,0.39,704000.0,0.0
00612.HK,2006-11-23,0.39,0.9,0.39,0.5,5692857.0,0.0
00612.HK,2006-11-24,0.56,0.79,0.56,0.66,12835143.0,0.0
00612.HK,2006-11-27,0.61,0.73,0.54,0.61,5496000.0,0.0
00612.HK,2006-11-28,0.5,0.6,0.48,0.48,2072000.0,0.0
00612.HK,2006-11-29,0.55,0.6,0.5,0.51,9580000.0,0.0
00612.HK,2006-11-30,0.55,0.55,0.5,0.5,5304000.0,0.0
00612.HK,2006-12-01,0.52,0.52,0.45,0.46,4220000.0,0.0
00612.HK,2006-12-04,0.42,0.43,0.38,0.39,6748000.0,0.0
00612.HK,2006-12-05,0.39,0.39,0.33,0.33,5564000.0,0.0
00612.HK,2006-12-06,0.32,0.37,0.32,0.34,7592000.0,0.0
00612.HK,2006-12-07,0.35,0.35,0.32,0.33,3236000.0,0.0
00612.HK,2006-12-08,0.33,0.33,0.3,0.33,968000.0,0.0
00612.HK,2006-12-11,0.33,0.33,0.28,0.3,1948000.0,0.0
00612.HK,2006-12-12,0.3,0.33,0.25,0.26,11192000.0,0.0
00612.HK,2006-12-13,0.26,0.27,0.26,0.26,1328000.0,0.0
00612.HK,2006-12-14,0.27,0.31,0.26,0.3,5384000.0,0.0
00612.HK,2006-12-15,0.33,0.33,0.3,0.31,5268000.0,0.0
00612.HK,2006-12-18,0.31,0.31,0.3,0.31,196000.0,0.0
00612.HK,2006-12-19,0.28,0.3,0.28,0.28,1156000.0,0.0
00612.HK,2006-12-20,0.28,0.3,0.27,0.27,4116000.0,0.0
00612.HK,2006-12-21,0.27,0.27,0.25,0.25,3580000.0,0.0
00612.HK,2006-12-22,0.26,0.26,0.24,0.24,1480000.0,0.0
00612.HK,2006-12-27,0.24,0.24,0.22,0.22,1172000.0,0.0
00612.HK,2006-12-28,0.22,0.24,0.21,0.24,2416000.0,0.0
00612.HK,2006-12-29,0.25,0.25,0.24,0.25,1520000.0,0.0
00612.HK,2007-01-02,0.26,0.27,0.26,0.26,1388000.0,0.0
00612.HK,2007-01-03,0.26,0.27,0.25,0.25,2068000.0,0.0
00612.HK,2007-01-04,0.25,0.26,0.23,0.24,2264000.0,0.0
00612.HK,2007-01-05,0.24,0.24,0.23,0.24,988000.0,0.0
00612.HK,2007-01-08,0.23,0.23,0.23,0.23,128000.0,0.0
00612.HK,2007-01-09,0.23,0.23,0.21,0.22,1608000.0,0.0
00612.HK,2007-01-10,0.22,0.22,0.2,0.2,1284000.0,0.0
00612.HK,2007-01-11,0.2,0.21,0.2,0.2,1444000.0,0.0
00612.HK,2007-01-12,0.2,0.2,0.19,0.2,820000.0,0.0
00612.HK,2007-01-15,0.2,0.21,0.2,0.21,2436000.0,0.0
00612.HK,2007-01-16,0.21,0.22,0.21,0.21,1772000.0,0.0
00612.HK,2007-01-17,0.2,0.21,0.2,0.21,676000.0,0.0
00612.HK,2007-01-18,0.2,0.21,0.19,0.19,460000.0,0.0
00612.HK,2007-01-19,0.2,0.2,0.19,0.2,560000.0,0.0
00612.HK,2007-01-22,0.2,0.2,0.2,0.2,3376000.0,0.0
00612.HK,2007-01-23,0.19,0.19,0.19,0.19,712000.0,0.0
00612.HK,2007-01-24,0.19,0.19,0.19,0.19,744000.0,0.0
00612.HK,2007-01-25,0.19,0.2,0.19,0.19,2392000.0,0.0
00612.HK,2007-01-26,0.2,0.2,0.19,0.2,676000.0,0.0
00612.HK,2007-01-29,0.2,0.2,0.19,0.2,1948000.0,0.0
00612.HK,2007-01-30,0.2,0.2,0.2,0.2,4000.0,0.0
00612.HK,2007-01-31,0.19,0.19,0.19,0.19,668000.0,0.0
00612.HK,2007-02-01,0.18,0.18,0.18,0.18,820000.0,0.0
00612.HK,2007-02-02,0.17,0.19,0.17,0.19,436000.0,0.0
00612.HK,2007-02-05,0.19,0.22,0.19,0.21,4576000.0,0.0
00612.HK,2007-02-06,0.21,0.29,0.21,0.28,17240000.0,0.0
00612.HK,2007-02-07,0.31,0.58,0.3,0.48,156826000.0,0.0
00612.HK,2007-02-08,0.5,0.52,0.4,0.43,40724000.0,0.0
00612.HK,2007-02-09,0.43,0.44,0.38,0.41,15940000.0,0.0
00612.HK,2007-02-12,0.42,0.42,0.33,0.35,17660000.0,0.0
00612.HK,2007-02-13,0.33,0.35,0.3,0.32,10540000.0,0.0
00612.HK,2007-02-14,0.33,0.43,0.33,0.36,35308000.0,0.0
00612.HK,2007-02-15,0.38,0.39,0.34,0.36,10160000.0,0.0
00612.HK,2007-02-16,0.35,0.36,0.33,0.34,6424000.0,0.0
00612.HK,2007-02-21,0.38,0.42,0.35,0.4,22836000.0,0.0
00612.HK,2007-02-22,0.41,0.41,0.37,0.39,6752000.0,0.0
00612.HK,2007-02-23,0.4,0.4,0.36,0.38,7280000.0,0.0
00612.HK,2007-02-26,0.39,0.39,0.37,0.38,4736000.0,0.0
00612.HK,2007-02-27,0.37,0.39,0.37,0.38,6520000.0,0.0
00612.HK,2007-02-28,0.31,0.36,0.31,0.36,5216000.0,0.0
00612.HK,2007-03-01,0.36,0.36,0.34,0.35,2980000.0,0.0
00612.HK,2007-03-02,0.36,0.36,0.3,0.32,5328000.0,0.0
00612.HK,2007-03-05,0.31,0.31,0.24,0.25,4384000.0,0.0
00612.HK,2007-03-06,0.25,0.3,0.25,0.29,3604000.0,0.0
00612.HK,2007-03-07,0.29,0.3,0.27,0.28,3640000.0,0.0
00612.HK,2007-03-08,0.28,0.29,0.27,0.28,1548000.0,0.0
00612.HK,2007-03-09,0.3,0.3,0.27,0.27,4620000.0,0.0
00612.HK,2007-03-12,0.27,0.28,0.27,0.28,2952000.0,0.0
00612.HK,2007-03-13,0.3,0.33,0.28,0.31,24036000.0,0.0
00612.HK,2007-03-14,0.29,0.3,0.27,0.29,8904000.0,0.0
00612.HK,2007-03-15,0.3,0.31,0.3,0.3,11836000.0,0.0
00612.HK,2007-03-16,0.3,0.3,0.29,0.29,3652000.0,0.0
00612.HK,2007-03-19,0.29,0.3,0.28,0.29,3464000.0,0.0
00612.HK,2007-03-20,0.29,0.3,0.28,0.29,4688000.0,0.0
00612.HK,2007-03-21,0.29,0.29,0.28,0.29,6192000.0,0.0
00612.HK,2007-03-22,0.29,0.29,0.28,0.28,3096000.0,0.0
00612.HK,2007-03-23,0.28,0.28,0.27,0.28,3500000.0,0.0
00612.HK,2007-03-26,0.28,0.28,0.27,0.28,4668000.0,0.0
00612.HK,2007-03-27,0.27,0.27,0.27,0.27,1976000.0,0.0
00612.HK,2007-03-28,0.27,0.27,0.26,0.27,3524000.0,0.0
00612.HK,2007-03-29,0.27,0.31,0.27,0.3,23492000.0,0.0
00612.HK,2007-03-30,0.33,0.36,0.32,0.33,47148000.0,0.0
00612.HK,2007-04-02,0.33,0.34,0.29,0.31,13384000.0,0.0
00612.HK,2007-04-03,0.3,0.32,0.3,0.32,37364000.0,0.0
00612.HK,2007-04-04,0.32,0.33,0.31,0.31,6228000.0,0.0
00612.HK,2007-04-10,0.31,0.31,0.3,0.31,10004000.0,0.0
00612.HK,2007-04-11,0.32,0.32,0.31,0.32,5940000.0,0.0
00612.HK,2007-04-12,0.31,0.31,0.29,0.31,5020000.0,0.0
00612.HK,2007-04-13,0.3,0.31,0.3,0.3,5356000.0,0.0
00612.HK,2007-04-16,0.3,0.31,0.3,0.3,4440000.0,0.0
00612.HK,2007-04-17,0.3,0.32,0.3,0.31,44728000.0,0.0
00612.HK,2007-04-18,0.32,0.4,0.31,0.39,79384000.0,0.0
00612.HK,2007-04-19,0.4,0.4,0.33,0.35,66080000.0,0.0
00612.HK,2007-04-20,0.35,0.37,0.34,0.35,45432000.0,0.0
00612.HK,2007-04-23,0.36,0.36,0.32,0.33,19624000.0,0.0
00612.HK,2007-04-24,0.33,0.35,0.32,0.34,12420000.0,0.0
00612.HK,2007-04-25,0.33,0.34,0.31,0.32,16840000.0,0.0
00612.HK,2007-04-26,0.32,0.33,0.32,0.32,8180000.0,0.0
00612.HK,2007-04-27,0.31,0.32,0.3,0.31,6860000.0,0.0
00612.HK,2007-04-30,0.31,0.32,0.3,0.31,5320000.0,0.0
00612.HK,2007-05-02,0.31,0.32,0.31,0.31,5684000.0,0.0
00612.HK,2007-05-03,0.32,0.35,0.31,0.34,28576000.0,0.0
00612.HK,2007-05-04,0.34,0.34,0.32,0.32,7060000.0,0.0
00612.HK,2007-05-07,0.33,0.33,0.32,0.33,7016000.0,0.0
00612.HK,2007-05-08,0.33,0.33,0.32,0.32,7392000.0,0.0
00612.HK,2007-05-09,0.32,0.32,0.31,0.31,9748000.0,0.0
00612.HK,2007-05-10,0.31,0.33,0.31,0.32,6900000.0,0.0
00612.HK,2007-05-11,0.31,0.33,0.31,0.32,5316000.0,0.0
00612.HK,2007-05-14,0.32,0.33,0.32,0.33,11716000.0,0.0
00612.HK,2007-05-15,0.33,0.33,0.31,0.32,13380000.0,0.0
00612.HK,2007-05-16,0.32,0.34,0.31,0.33,24244000.0,0.0
00612.HK,2007-05-17,0.33,0.35,0.33,0.34,29684000.0,0.0
00612.HK,2007-05-18,0.34,0.34,0.33,0.33,17312000.0,0.0
00612.HK,2007-05-21,0.33,0.34,0.33,0.34,13520000.0,0.0
00612.HK,2007-05-22,0.33,0.34,0.33,0.33,15312000.0,0.0
00612.HK,2007-05-23,0.33,0.37,0.33,0.36,51004000.0,0.0
00612.HK,2007-05-25,0.36,0.36,0.36,0.36,0.0,0.0
00612.HK,2007-05-28,0.45,0.45,0.45,0.45,0.0,0.0
00612.HK,2007-05-29,0.48,0.5,0.41,0.46,87768000.0,0.0
00612.HK,2007-05-30,0.43,0.47,0.39,0.41,45146000.0,0.0
00612.HK,2007-05-31,0.43,0.45,0.42,0.44,27568000.0,0.0
00612.HK,2007-06-01,0.44,0.45,0.4,0.42,21624000.0,0.0
00612.HK,2007-06-04,0.42,0.42,0.39,0.4,17028000.0,0.0
00612.HK,2007-06-05,0.4,0.4,0.36,0.39,18452000.0,0.0
00612.HK,2007-06-06,0.38,0.41,0.38,0.4,13226000.0,0.0
00612.HK,2007-06-07,0.39,0.45,0.39,0.44,31772000.0,0.0
00612.HK,2007-06-08,0.42,0.44,0.42,0.43,19932000.0,0.0
00612.HK,2007-06-11,0.44,0.44,0.43,0.44,23470000.0,0.0
00612.HK,2007-06-12,0.44,0.44,0.44,0.44,0.0,0.0
00612.HK,2007-06-13,0.44,0.44,0.44,0.44,0.0,0.0
00612.HK,2007-06-14,0.45,0.45,0.45,0.45,0.0,0.0
00612.HK,2007-06-15,0.45,0.47,0.41,0.42,16760000.0,0.0
00612.HK,2007-06-18,0.42,0.43,0.33,0.4,18892000.0,0.0
00612.HK,2007-06-20,0.4,0.43,0.38,0.39,5612000.0,0.0
00612.HK,2007-06-21,0.39,0.4,0.39,0.39,5100000.0,0.0
00612.HK,2007-06-22,0.39,0.45,0.39,0.42,34188000.0,0.0
00612.HK,2007-06-25,0.42,0.45,0.42,0.44,24520000.0,0.0
00612.HK,2007-06-26,0.44,0.48,0.44,0.46,34488000.0,0.0
00612.HK,2007-06-27,0.46,0.46,0.43,0.43,15308000.0,0.0
00612.HK,2007-06-28,0.44,0.44,0.4,0.42,12700000.0,0.0
00612.HK,2007-06-29,0.41,0.44,0.4,0.43,15548000.0,0.0
00612.HK,2007-07-03,0.35,0.44,0.31,0.39,47864000.0,0.0
00612.HK,2007-07-04,0.39,0.4,0.36,0.39,13112000.0,0.0
00612.HK,2007-07-05,0.38,0.38,0.36,0.37,11192000.0,0.0
00612.HK,2007-07-06,0.38,0.38,0.36,0.37,6848000.0,0.0
00612.HK,2007-07-09,0.37,0.39,0.37,0.39,7892000.0,0.0
00612.HK,2007-07-10,0.38,0.39,0.38,0.38,5494000.0,0.0
00612.HK,2007-07-11,0.37,0.39,0.36,0.39,16124000.0,0.0
00612.HK,2007-07-12,0.4,0.4,0.38,0.38,7972000.0,0.0
00612.HK,2007-07-13,0.4,0.47,0.38,0.45,65408000.0,0.0
00612.HK,2007-07-16,0.46,0.86,0.45,0.66,370148000.0,0.0
00612.HK,2007-07-17,0.68,0.76,0.56,0.6,110846000.0,0.0
00612.HK,2007-07-18,0.6,0.6,0.52,0.53,31756000.0,0.0
00612.HK,2007-07-19,0.54,0.75,0.54,0.65,132682000.0,0.0
00612.HK,2007-07-20,0.67,0.7,0.59,0.61,41932000.0,0.0
00612.HK,2007-07-23,0.6,0.64,0.58,0.63,20652000.0,0.0
00612.HK,2007-07-24,0.64,0.65,0.58,0.62,30224000.0,0.0
00612.HK,2007-07-25,0.58,0.69,0.58,0.63,47560000.0,0.0
00612.HK,2007-07-26,0.65,0.65,0.61,0.62,16732000.0,0.0
00612.HK,2007-07-27,0.59,0.64,0.56,0.6,28028000.0,0.0
00612.HK,2007-07-30,0.6,0.6,0.57,0.58,9208000.0,0.0
00612.HK,2007-07-31,0.58,0.65,0.58,0.6,30602000.0,0.0
00612.HK,2007-08-01,0.6,0.61,0.5,0.51,42404000.0,0.0
00612.HK,2007-08-02,0.53,0.57,0.43,0.48,37692000.0,0.0
00612.HK,2007-08-03,0.5,0.51,0.43,0.47,14508000.0,0.0
00612.HK,2007-08-06,0.43,0.44,0.39,0.4,23126000.0,0.0
00612.HK,2007-08-07,0.42,0.42,0.28,0.3,30254000.0,0.0
00612.HK,2007-08-08,0.31,0.37,0.29,0.36,28988000.0,0.0
00612.HK,2007-08-09,0.37,0.42,0.37,0.39,36840000.0,0.0
00612.HK,2007-08-10,0.36,0.36,0.31,0.35,16650000.0,0.0
00612.HK,2007-08-13,0.36,0.38,0.35,0.36,14070800.0,0.0
00612.HK,2007-08-14,0.37,0.37,0.34,0.36,6880000.0,0.0
00612.HK,2007-08-15,0.33,0.35,0.33,0.35,8924000.0,0.0
00612.HK,2007-08-16,0.33,0.33,0.29,0.31,16622000.0,0.0
00612.HK,2007-08-17,0.31,0.36,0.29,0.34,33424000.0,0.0
00612.HK,2007-08-20,0.34,0.34,0.34,0.34,0.0,0.0
00612.HK,2007-08-21,0.34,0.34,0.34,0.34,0.0,0.0
00612.HK,2007-08-22,0.34,0.34,0.34,0.34,0.0,0.0
00612.HK,2007-08-23,0.34,0.34,0.34,0.34,0.0,0.0
00612.HK,2007-08-24,0.39,0.39,0.39,0.39,0.0,0.0
00612.HK,2007-08-27,0.41,0.46,0.4,0.45,50494000.0,0.0
00612.HK,2007-08-28,0.45,0.46,0.4,0.41,31360000.0,0.0
00612.HK,2007-08-29,0.4,0.42,0.38,0.42,19300000.0,0.0
00612.HK,2007-08-30,0.44,0.53,0.44,0.48,100362000.0,0.0
00612.HK,2007-08-31,0.5,0.5,0.45,0.46,25741485.0,0.0
00612.HK,2007-09-03,0.47,0.47,0.43,0.46,18360000.0,0.0
00612.HK,2007-09-04,0.48,0.48,0.44,0.44,9963000.0,0.0
00612.HK,2007-09-05,0.45,0.45,0.41,0.42,18014000.0,0.0
00612.HK,2007-09-06,0.42,0.43,0.41,0.42,7512000.0,0.0
00612.HK,2007-09-07,0.42,0.43,0.41,0.42,9292000.0,0.0
00612.HK,2007-09-10,0.4,0.42,0.4,0.41,14890000.0,0.0
00612.HK,2007-09-11,0.41,0.47,0.41,0.45,66630000.0,0.0
00612.HK,2007-09-12,0.46,0.47,0.43,0.44,24124000.0,0.0
00612.HK,2007-09-13,0.44,0.46,0.44,0.45,12442000.0,0.0
00612.HK,2007-09-14,0.44,0.45,0.43,0.43,8198000.0,0.0
00612.HK,2007-09-17,0.43,0.43,0.41,0.41,7666000.0,0.0
00612.HK,2007-09-18,0.42,0.43,0.41,0.42,4912000.0,0.0
00612.HK,2007-09-19,0.42,0.45,0.41,0.42,8446000.0,0.0
00612.HK,2007-09-20,0.42,0.42,0.39,0.39,18164000.0,0.0
00612.HK,2007-09-21,0.39,0.39,0.36,0.37,16686000.0,0.0
00612.HK,2007-09-24,0.36,0.37,0.34,0.34,11301000.0,0.0
00612.HK,2007-09-25,0.34,0.35,0.33,0.34,13386000.0,0.0
00612.HK,2007-09-27,0.34,0.39,0.34,0.37,13670000.0,0.0
00612.HK,2007-09-28,0.38,0.38,0.35,0.36,5782000.0,0.0
00612.HK,2007-10-02,0.37,0.37,0.34,0.35,4358000.0,0.0
00612.HK,2007-10-03,0.35,0.35,0.31,0.33,8452000.0,0.0
00612.HK,2007-10-04,0.33,0.36,0.32,0.34,5704000.0,0.0
00612.HK,2007-10-05,0.34,0.36,0.33,0.35,7212000.0,0.0
00612.HK,2007-10-08,0.37,0.37,0.33,0.33,6460000.0,0.0
00612.HK,2007-10-09,0.35,0.36,0.34,0.35,4904000.0,0.0
00612.HK,2007-10-10,0.35,0.35,0.33,0.34,8220000.0,0.0
00612.HK,2007-10-11,0.33,0.34,0.32,0.33,8328000.0,0.0
00612.HK,2007-10-12,0.33,0.34,0.31,0.32,12690000.0,0.0
00612.HK,2007-10-15,0.31,0.32,0.3,0.31,7134000.0,0.0
00612.HK,2007-10-16,0.28,0.31,0.28,0.29,12854000.0,0.0
00612.HK,2007-10-17,0.29,0.3,0.28,0.3,6498000.0,0.0
00612.HK,2007-10-18,0.3,0.3,0.28,0.29,3920000.0,0.0
00612.HK,2007-10-22,0.28,0.29,0.26,0.28,3884000.0,0.0
00612.HK,2007-10-23,0.28,0.32,0.27,0.3,15074000.0,0.0
00612.HK,2007-10-24,0.3,0.36,0.3,0.35,50037200.0,0.0
00612.HK,2007-10-25,0.35,0.38,0.33,0.35,30264000.0,0.0
00612.HK,2007-10-26,0.36,0.36,0.34,0.34,7778000.0,0.0
00612.HK,2007-10-29,0.35,0.35,0.33,0.34,10678000.0,0.0
00612.HK,2007-10-30,0.33,0.35,0.33,0.33,5076000.0,0.0
00612.HK,2007-10-31,0.32,0.33,0.31,0.32,7232000.0,0.0
00612.HK,2007-11-01,0.32,0.35,0.32,0.33,8440000.0,0.0
00612.HK,2007-11-02,0.3,0.32,0.3,0.32,8594000.0,0.0
00612.HK,2007-11-05,0.33,0.35,0.3,0.31,12118000.0,0.0
00612.HK,2007-11-06,0.31,0.32,0.3,0.31,4620000.0,0.0
00612.HK,2007-11-07,0.31,0.32,0.31,0.31,2596000.0,0.0
00612.HK,2007-11-08,0.3,0.31,0.29,0.31,5474000.0,0.0
00612.HK,2007-11-09,0.31,0.31,0.3,0.3,3626000.0,0.0
00612.HK,2007-11-12,0.3,0.3,0.28,0.29,5122000.0,0.0
00612.HK,2007-11-13,0.29,0.29,0.27,0.28,8098000.0,0.0
00612.HK,2007-11-14,0.29,0.29,0.28,0.28,5874000.0,0.0
00612.HK,2007-11-15,0.29,0.3,0.28,0.29,7666000.0,0.0
00612.HK,2007-11-16,0.29,0.29,0.27,0.28,7376000.0,0.0
00612.HK,2007-11-19,0.28,0.28,0.27,0.27,2008000.0,0.0
00612.HK,2007-11-20,0.27,0.28,0.27,0.28,3550000.0,0.0
00612.HK,2007-11-21,0.28,0.28,0.27,0.27,1452000.0,0.0
00612.HK,2007-11-22,0.27,0.27,0.26,0.26,4578000.0,0.0
00612.HK,2007-11-23,0.25,0.27,0.24,0.24,5588000.0,0.0
00612.HK,2007-11-26,0.25,0.25,0.24,0.25,1554000.0,0.0
00612.HK,2007-11-27,0.25,0.25,0.24,0.24,1792000.0,0.0
00612.HK,2007-11-28,0.25,0.25,0.25,0.25,612000.0,0.0
00612.HK,2007-11-29,0.25,0.27,0.24,0.27,4304000.0,0.0
00612.HK,2007-11-30,0.26,0.26,0.25,0.25,1330000.0,0.0
00612.HK,2007-12-03,0.27,0.28,0.26,0.27,2334000.0,0.0
00612.HK,2007-12-04,0.26,0.27,0.26,0.26,1932000.0,0.0
00612.HK,2007-12-05,0.26,0.27,0.26,0.26,560000.0,0.0
00612.HK,2007-12-06,0.26,0.27,0.26,0.26,2148000.0,0.0
00612.HK,2007-12-07,0.26,0.26,0.26,0.26,1140000.0,0.0
00612.HK,2007-12-10,0.25,0.26,0.25,0.26,830000.0,0.0
00612.HK,2007-12-11,0.26,0.28,0.26,0.27,2164000.0,0.0
00612.HK,2007-12-12,0.25,0.26,0.25,0.26,804000.0,0.0
00612.HK,2007-12-13,0.25,0.26,0.25,0.25,1900000.0,0.0
00612.HK,2007-12-14,0.25,0.25,0.24,0.24,1712000.0,0.0
00612.HK,2007-12-17,0.23,0.25,0.23,0.23,2356000.0,0.0
00612.HK,2007-12-18,0.21,0.22,0.21,0.22,1420000.0,0.0
00612.HK,2007-12-19,0.21,0.23,0.21,0.22,2442000.0,0.0
00612.HK,2007-12-20,0.2,0.21,0.2,0.2,3328000.0,0.0
00612.HK,2007-12-21,0.19,0.21,0.19,0.2,4576000.0,0.0
00612.HK,2007-12-24,0.2,0.21,0.2,0.2,1116000.0,0.0
00612.HK,2007-12-27,0.21,0.21,0.2,0.2,1742000.0,0.0
00612.HK,2007-12-28,0.2,0.21,0.19,0.2,2288000.0,0.0
00612.HK,2007-12-31,0.2,0.2,0.2,0.2,332000.0,0.0
00612.HK,2008-01-02,0.19,0.2,0.19,0.2,982000.0,0.0
00612.HK,2008-01-03,0.21,0.22,0.2,0.2,1332000.0,0.0
00612.HK,2008-01-04,0.2,0.21,0.2,0.21,366000.0,0.0
00612.HK,2008-01-07,0.19,0.21,0.19,0.2,814000.0,0.0
00612.HK,2008-01-08,0.2,0.21,0.2,0.2,937000.0,0.0
00612.HK,2008-01-09,0.19,0.2,0.19,0.2,1318000.0,0.0
00612.HK,2008-01-10,0.19,0.21,0.19,0.2,3592000.0,0.0
00612.HK,2008-01-11,0.19,0.2,0.19,0.19,1828000.0,0.0
00612.HK,2008-01-14,0.19,0.2,0.18,0.18,1664000.0,0.0
00612.HK,2008-01-15,0.18,0.19,0.18,0.18,2040000.0,0.0
00612.HK,2008-01-16,0.18,0.18,0.17,0.17,1912000.0,0.0
00612.HK,2008-01-17,0.16,0.18,0.16,0.18,1722000.0,0.0
00612.HK,2008-01-18,0.16,0.18,0.16,0.17,1308000.0,0.0
00612.HK,2008-01-21,0.19,0.19,0.16,0.17,1484000.0,0.0
00612.HK,2008-01-22,0.16,0.16,0.14,0.14,2002000.0,0.0
00612.HK,2008-01-23,0.15,0.15,0.13,0.13,2908000.0,0.0
00612.HK,2008-01-24,0.15,0.15,0.13,0.14,1890000.0,0.0
00612.HK,2008-01-25,0.14,0.15,0.13,0.13,1676000.0,0.0
00612.HK,2008-01-28,0.13,0.13,0.13,0.13,798000.0,0.0
00612.HK,2008-01-29,0.13,0.14,0.13,0.14,1388000.0,0.0
00612.HK,2008-01-30,0.14,0.14,0.14,0.14,0.0,0.0
00612.HK,2008-01-31,0.14,0.14,0.14,0.14,0.0,0.0
00612.HK,2008-02-01,0.14,0.14,0.14,0.14,0.0,0.0
00612.HK,2008-02-04,0.14,0.14,0.14,0.14,0.0,0.0
00612.HK,2008-02-05,0.15,0.15,0.15,0.15,0.0,0.0
00612.HK,2008-02-06,0.14,0.15,0.14,0.15,860000.0,0.0
00612.HK,2008-02-11,0.15,0.15,0.15,0.15,1080000.0,0.0
00612.HK,2008-02-12,0.15,0.15,0.15,0.15,1184000.0,0.0
00612.HK,2008-02-13,0.14,0.15,0.13,0.14,224000.0,0.0
00612.HK,2008-02-14,0.14,0.15,0.14,0.15,332000.0,0.0
00612.HK,2008-02-15,0.15,0.15,0.15,0.15,300000.0,0.0
00612.HK,2008-02-18,0.15,0.16,0.14,0.16,2380000.0,0.0
00612.HK,2008-02-19,0.18,0.21,0.17,0.2,11300000.0,0.0
00612.HK,2008-02-20,0.2,0.23,0.2,0.2,9134000.0,0.0
00612.HK,2008-02-21,0.2,0.2,0.19,0.2,2928000.0,0.0
00612.HK,2008-02-22,0.19,0.2,0.19,0.2,2310000.0,0.0
00612.HK,2008-02-25,0.2,0.2,0.18,0.2,620000.0,0.0
00612.HK,2008-02-26,0.2,0.2,0.18,0.2,6042000.0,0.0
00612.HK,2008-02-27,0.19,0.2,0.19,0.2,13288000.0,0.0
00612.HK,2008-02-28,0.2,0.2,0.19,0.19,4752000.0,0.0
00612.HK,2008-02-29,0.18,0.19,0.18,0.19,528000.0,0.0
00612.HK,2008-03-03,0.18,0.19,0.17,0.18,6804000.0,0.0
00612.HK,2008-03-04,0.19,0.19,0.17,0.18,2404000.0,0.0
00612.HK,2008-03-05,0.18,0.18,0.16,0.17,1424000.0,0.0
00612.HK,2008-03-06,0.17,0.17,0.16,0.17,1464000.0,0.0
00612.HK,2008-03-07,0.15,0.18,0.15,0.18,156000.0,0.0
00612.HK,2008-03-10,0.15,0.17,0.15,0.17,904000.0,0.0
00612.HK,2008-03-11,0.16,0.17,0.15,0.17,628000.0,0.0
00612.HK,2008-03-12,0.17,0.17,0.16,0.16,1086000.0,0.0
00612.HK,2008-03-13,0.15,0.16,0.15,0.15,2676000.0,0.0
00612.HK,2008-03-14,0.15,0.16,0.14,0.15,2096000.0,0.0
00612.HK,2008-03-17,0.15,0.15,0.13,0.13,1034000.0,0.0
00612.HK,2008-03-18,0.13,0.13,0.12,0.13,3460000.0,0.0
00612.HK,2008-03-19,0.14,0.14,0.13,0.13,910000.0,0.0
00612.HK,2008-03-20,0.13,0.13,0.12,0.13,576000.0,0.0
00612.HK,2008-03-25,0.13,0.13,0.13,0.13,1228000.0,0.0
00612.HK,2008-03-26,0.13,0.13,0.13,0.13,1308000.0,0.0
00612.HK,2008-03-27,0.13,0.14,0.13,0.14,2276000.0,0.0
00612.HK,2008-03-28,0.14,0.14,0.13,0.13,1320000.0,0.0
00612.HK,2008-03-31,0.13,0.13,0.13,0.13,1832000.0,0.0
00612.HK,2008-04-01,0.13,0.13,0.13,0.13,472000.0,0.0
00612.HK,2008-04-02,0.13,0.13,0.13,0.13,1616000.0,0.0
00612.HK,2008-04-03,0.13,0.14,0.13,0.14,936000.0,0.0
00612.HK,2008-04-07,0.15,0.15,0.14,0.14,2646000.0,0.0
00612.HK,2008-04-08,0.15,0.15,0.14,0.14,2276000.0,0.0
00612.HK,2008-04-09,0.14,0.15,0.13,0.13,1270000.0,0.0
00612.HK,2008-04-10,0.15,0.15,0.13,0.13,1412000.0,0.0
00612.HK,2008-04-11,0.14,0.14,0.13,0.14,2204000.0,0.0
00612.HK,2008-04-14,0.14,0.15,0.13,0.14,25308000.0,0.0
00612.HK,2008-04-15,0.14,0.15,0.14,0.14,880000.0,0.0
00612.HK,2008-04-16,0.14,0.14,0.14,0.14,212000.0,0.0
00612.HK,2008-04-17,0.14,0.14,0.14,0.14,1724000.0,0.0
00612.HK,2008-04-18,0.13,0.13,0.13,0.13,620000.0,0.0
00612.HK,2008-04-21,0.14,0.14,0.14,0.14,380000.0,0.0
00612.HK,2008-04-22,0.14,0.14,0.14,0.14,1016000.0,0.0
00612.HK,2008-04-23,0.14,0.15,0.14,0.14,768000.0,0.0
00612.HK,2008-04-24,0.15,0.15,0.14,0.14,3716000.0,0.0
00612.HK,2008-04-25,0.14,0.14,0.14,0.14,548000.0,0.0
00612.HK,2008-04-28,0.15,0.15,0.14,0.15,1468000.0,0.0
00612.HK,2008-04-29,0.15,0.15,0.14,0.14,1476000.0,0.0
00612.HK,2008-04-30,0.14,0.16,0.14,0.15,2888000.0,0.0
00612.HK,2008-05-02,0.16,0.16,0.15,0.16,3832000.0,0.0
00612.HK,2008-05-05,0.16,0.17,0.16,0.17,3914000.0,0.0
00612.HK,2008-05-06,0.17,0.18,0.17,0.17,4634000.0,0.0
00612.HK,2008-05-07,0.18,0.18,0.16,0.17,2412000.0,0.0
00612.HK,2008-05-08,0.17,0.18,0.17,0.17,578000.0,0.0
00612.HK,2008-05-09,0.17,0.17,0.16,0.17,660000.0,0.0
00612.HK,2008-05-13,0.17,0.17,0.16,0.17,668000.0,0.0
00612.HK,2008-05-14,0.16,0.16,0.16,0.16,0.0,0.0
00612.HK,2008-05-15,0.16,0.16,0.16,0.16,522000.0,0.0
00612.HK,2008-05-16,0.16,0.16,0.15,0.15,1200000.0,0.0
00612.HK,2008-05-19,0.15,0.15,0.15,0.15,300000.0,0.0
00612.HK,2008-05-20,0.15,0.15,0.15,0.15,736000.0,0.0
00612.HK,2008-05-21,0.16,0.16,0.15,0.16,2332000.0,0.0
00612.HK,2008-05-22,0.16,0.16,0.16,0.16,108000.0,0.0
00612.HK,2008-05-23,0.15,0.15,0.15,0.15,1240000.0,0.0
00612.HK,2008-05-26,0.15,0.15,0.14,0.14,1740000.0,0.0
00612.HK,2008-05-27,0.14,0.15,0.14,0.15,352000.0,0.0
00612.HK,2008-05-28,0.15,0.18,0.15,0.15,900000.0,0.0
00612.HK,2008-05-29,0.15,0.16,0.15,0.16,180000.0,0.0
00612.HK,2008-05-30,0.15,0.16,0.15,0.16,132000.0,0.0
00612.HK,2008-06-02,0.15,0.16,0.15,0.15,128000.0,0.0
00612.HK,2008-06-03,0.16,0.16,0.15,0.15,512000.0,0.0
00612.HK,2008-06-04,0.15,0.16,0.14,0.14,224000.0,0.0
00612.HK,2008-06-05,0.15,0.15,0.14,0.14,312000.0,0.0
00612.HK,2008-06-06,0.14,0.15,0.14,0.14,500000.0,0.0
00612.HK,2008-06-10,0.12,0.14,0.12,0.14,320000.0,0.0
00612.HK,2008-06-11,0.13,0.15,0.13,0.14,968000.0,0.0
00612.HK,2008-06-12,0.13,0.14,0.13,0.14,536000.0,0.0
00612.HK,2008-06-13,0.13,0.13,0.13,0.13,1240000.0,0.0
00612.HK,2008-06-16,0.13,0.13,0.13,0.13,220000.0,0.0
00612.HK,2008-06-17,0.13,0.13,0.12,0.13,1880000.0,0.0
00612.HK,2008-06-18,0.13,0.13,0.12,0.13,2804000.0,0.0
00612.HK,2008-06-19,0.13,0.13,0.12,0.12,1684000.0,0.0
00612.HK,2008-06-20,0.12,0.12,0.12,0.12,1812000.0,0.0
00612.HK,2008-06-23,0.12,0.12,0.12,0.12,332000.0,0.0
00612.HK,2008-06-24,0.12,0.12,0.12,0.12,600000.0,0.0
00612.HK,2008-06-25,0.13,0.13,0.13,0.13,200000.0,0.0
00612.HK,2008-06-26,0.12,0.12,0.12,0.12,1782000.0,0.0
00612.HK,2008-06-27,0.12,0.12,0.12,0.12,242000.0,0.0
00612.HK,2008-06-30,0.12,0.12,0.11,0.11,960000.0,0.0
00612.HK,2008-07-02,0.1,0.12,0.1,0.11,758000.0,0.0
00612.HK,2008-07-03,0.11,0.11,0.1,0.11,1212000.0,0.0
00612.HK,2008-07-04,0.11,0.11,0.1,0.11,808000.0,0.0
00612.HK,2008-07-07,0.11,0.12,0.1,0.11,2436000.0,0.0
00612.HK,2008-07-08,0.12,0.12,0.11,0.11,344000.0,0.0
00612.HK,2008-07-09,0.12,0.12,0.11,0.11,384000.0,0.0
00612.HK,2008-07-10,0.12,0.12,0.11,0.12,48000.0,0.0
00612.HK,2008-07-11,0.12,0.12,0.12,0.12,280000.0,0.0
00612.HK,2008-07-14,0.12,0.12,0.11,0.11,560000.0,0.0
00612.HK,2008-07-15,0.11,0.11,0.1,0.11,564000.0,0.0
00612.HK,2008-07-16,0.11,0.11,0.1,0.1,856000.0,0.0
00612.HK,2008-07-17,0.11,0.11,0.1,0.1,616000.0,0.0
00612.HK,2008-07-18,0.1,0.1,0.1,0.1,634000.0,0.0
00612.HK,2008-07-21,0.1,0.1,0.1,0.1,1972000.0,0.0
00612.HK,2008-07-22,0.11,0.11,0.1,0.1,1012000.0,0.0
00612.HK,2008-07-23,0.1,0.1,0.1,0.1,980000.0,0.0
00612.HK,2008-07-24,0.1,0.1,0.1,0.1,2044000.0,0.0
00612.HK,2008-07-25,0.1,0.1,0.09,0.1,1480000.0,0.0
00612.HK,2008-07-28,0.1,0.1,0.1,0.1,2628000.0,0.0
00612.HK,2008-07-29,0.1,0.1,0.1,0.1,1388000.0,0.0
00612.HK,2008-07-30,0.09,0.1,0.09,0.1,1968000.0,0.0
00612.HK,2008-07-31,0.1,0.1,0.1,0.1,1160000.0,0.0
00612.HK,2008-08-01,0.09,0.1,0.09,0.1,1620000.0,0.0
00612.HK,2008-08-04,0.1,0.1,0.1,0.1,584000.0,0.0
00612.HK,2008-08-05,0.1,0.1,0.1,0.1,320000.0,0.0
00612.HK,2008-08-07,0.1,0.1,0.1,0.1,596000.0,0.0
00612.HK,2008-08-08,0.09,0.1,0.09,0.1,834000.0,0.0
00612.HK,2008-08-11,0.09,0.1,0.09,0.09,360000.0,0.0
00612.HK,2008-08-12,0.09,0.09,0.08,0.08,702000.0,0.0
00612.HK,2008-08-13,0.07,0.08,0.07,0.07,1456000.0,0.0
00612.HK,2008-08-14,0.07,0.07,0.06,0.07,1876000.0,0.0
00612.HK,2008-08-15,0.07,0.08,0.07,0.08,1016000.0,0.0
00612.HK,2008-08-18,0.08,0.08,0.07,0.07,808000.0,0.0
00612.HK,2008-08-19,0.06,0.07,0.06,0.07,420000.0,0.0
00612.HK,2008-08-20,0.07,0.08,0.07,0.08,756000.0,0.0
00612.HK,2008-08-21,0.08,0.08,0.07,0.07,560000.0,0.0
00612.HK,2008-08-25,0.08,0.08,0.07,0.07,1568000.0,0.0
00612.HK,2008-08-26,0.06,0.08,0.06,0.07,3160000.0,0.0
00612.HK,2008-08-27,0.07,0.07,0.07,0.07,3060000.0,0.0
00612.HK,2008-08-28,0.07,0.07,0.07,0.07,1076000.0,0.0
00612.HK,2008-08-29,0.07,0.07,0.07,0.07,796000.0,0.0
00612.HK,2008-09-01,0.07,0.07,0.07,0.07,160000.0,0.0
00612.HK,2008-09-02,0.07,0.07,0.07,0.07,7044000.0,0.0
00612.HK,2008-09-03,0.07,0.07,0.07,0.07,188000.0,0.0
00612.HK,2008-09-04,0.07,0.07,0.07,0.07,0.0,0.0
00612.HK,2008-09-05,0.07,0.07,0.07,0.07,0.0,0.0
00612.HK,2008-09-08,0.07,0.07,0.07,0.07,0.0,0.0
00612.HK,2008-09-09,0.06,0.07,0.06,0.07,324000.0,0.0
00612.HK,2008-09-10,0.07,0.07,0.06,0.07,80000.0,0.0
00612.HK,2008-09-11,0.06,0.06,0.06,0.06,284000.0,0.0
00612.HK,2008-09-12,0.05,0.06,0.05,0.06,604000.0,0.0
00612.HK,2008-09-16,0.06,0.06,0.06,0.06,44000.0,0.0
00612.HK,2008-09-17,0.05,0.06,0.05,0.05,2662000.0,0.0
00612.HK,2008-09-18,0.05,0.05,0.04,0.05,1822000.0,0.0
00612.HK,2008-09-19,0.04,0.05,0.04,0.05,1860000.0,0.0
00612.HK,2008-09-22,0.05,0.07,0.05,0.05,6356000.0,0.0
00612.HK,2008-09-23,0.04,0.06,0.04,0.06,12000.0,0.0
00612.HK,2008-09-24,0.06,0.06,0.05,0.05,328000.0,0.0
00612.HK,2008-09-25,0.05,0.05,0.05,0.05,272000.0,0.0
00612.HK,2008-09-26,0.05,0.06,0.05,0.06,1112000.0,0.0
00612.HK,2008-09-29,0.05,0.05,0.05,0.05,1550000.0,0.0
00612.HK,2008-09-30,0.04,0.05,0.04,0.05,588000.0,0.0
00612.HK,2008-10-02,0.04,0.05,0.04,0.05,524000.0,0.0
00612.HK,2008-10-03,0.05,0.05,0.05,0.05,0.0,0.0
00612.HK,2008-10-06,0.04,0.04,0.04,0.04,264000.0,0.0
00612.HK,2008-10-08,0.05,0.05,0.04,0.04,560000.0,0.0
00612.HK,2008-10-09,0.04,0.04,0.04,0.04,100000.0,0.0
00612.HK,2008-10-10,0.04,0.04,0.04,0.04,300000.0,0.0
00612.HK,2008-10-13,0.04,0.04,0.04,0.04,864000.0,0.0
00612.HK,2008-10-14,0.05,0.05,0.05,0.05,4000.0,0.0
00612.HK,2008-10-15,0.04,0.04,0.04,0.04,240000.0,0.0
00612.HK,2008-10-16,0.04,0.04,0.04,0.04,10000.0,0.0
00612.HK,2008-10-17,0.03,0.04,0.03,0.04,152000.0,0.0
00612.HK,2008-10-20,0.03,0.04,0.03,0.04,47004000.0,0.0
00612.HK,2008-10-21,0.04,0.04,0.04,0.04,180000.0,0.0
00612.HK,2008-10-22,0.03,0.03,0.03,0.03,462000.0,0.0
00612.HK,2008-10-23,0.03,0.03,0.03,0.03,488000.0,0.0
00612.HK,2008-10-24,0.03,0.03,0.03,0.03,328000.0,0.0
00612.HK,2008-10-27,0.03,0.04,0.02,0.04,2444000.0,0.0
00612.HK,2008-10-28,0.03,0.03,0.03,0.03,68000.0,0.0
00612.HK,2008-10-29,0.03,0.04,0.03,0.03,1734000.0,0.0
00612.HK,2008-10-30,0.03,0.04,0.03,0.04,4624000.0,0.0
00612.HK,2008-10-31,0.04,0.04,0.03,0.04,720000.0,0.0
00612.HK,2008-11-03,0.04,0.04,0.04,0.04,572000.0,0.0
00612.HK,2008-11-04,0.04,0.04,0.04,0.04,980000.0,0.0
00612.HK,2008-11-05,0.04,0.04,0.04,0.04,3742000.0,0.0
00612.HK,2008-11-06,0.04,0.06,0.04,0.06,472000.0,0.0
00612.HK,2008-11-07,0.05,0.05,0.05,0.05,844000.0,0.0
00612.HK,2008-11-10,0.04,0.05,0.04,0.05,360000.0,0.0
00612.HK,2008-11-11,0.04,0.04,0.04,0.04,108000.0,0.0
00612.HK,2008-11-12,0.04,0.05,0.04,0.05,456000.0,0.0
00612.HK,2008-11-13,0.04,0.05,0.04,0.05,40000.0,0.0
00612.HK,2008-11-14,0.05,0.05,0.05,0.05,100000.0,0.0
00612.HK,2008-11-17,0.05,0.05,0.05,0.05,0.0,0.0
00612.HK,2008-11-18,0.04,0.05,0.04,0.04,548000.0,0.0
00612.HK,2008-11-19,0.04,0.04,0.04,0.04,476000.0,0.0
00612.HK,2008-11-20,0.04,0.05,0.03,0.05,460000.0,0.0
00612.HK,2008-11-21,0.05,0.05,0.04,0.04,4000.0,0.0
00612.HK,2008-11-24,0.04,0.05,0.04,0.05,360000.0,0.0
00612.HK,2008-11-25,0.05,0.05,0.03,0.04,1070000.0,0.0
00612.HK,2008-11-26,0.04,0.05,0.04,0.05,810000.0,0.0
00612.HK,2008-11-27,0.05,0.05,0.04,0.04,840000.0,0.0
00612.HK,2008-11-28,0.04,0.05,0.04,0.05,84000.0,0.0
00612.HK,2008-12-01,0.05,0.05,0.05,0.05,304000.0,0.0
00612.HK,2008-12-02,0.04,0.05,0.04,0.05,208000.0,0.0
00612.HK,2008-12-03,0.05,0.05,0.05,0.05,556000.0,0.0
00612.HK,2008-12-04,0.05,0.05,0.05,0.05,304000.0,0.0
00612.HK,2008-12-05,0.05,0.05,0.05,0.05,0.0,0.0
00612.HK,2008-12-08,0.05,0.05,0.05,0.05,1532000.0,0.0
00612.HK,2008-12-09,0.05,0.05,0.05,0.05,0.0,0.0
00612.HK,2008-12-10,0.04,0.05,0.04,0.05,2482000.0,0.0
00612.HK,2008-12-11,0.05,0.05,0.05,0.05,664000.0,0.0
00612.HK,2008-12-12,0.05,0.05,0.05,0.05,368000.0,0.0
00612.HK,2008-12-15,0.05,0.05,0.05,0.05,64000.0,0.0
00612.HK,2008-12-16,0.05,0.05,0.05,0.05,192000.0,0.0
00612.HK,2008-12-17,0.05,0.05,0.05,0.05,648000.0,0.0
00612.HK,2008-12-18,0.05,0.06,0.05,0.06,980000.0,0.0
00612.HK,2008-12-19,0.06,0.06,0.06,0.06,104000.0,0.0
00612.HK,2008-12-22,0.06,0.06,0.05,0.05,208000.0,0.0
00612.HK,2008-12-23,0.05,0.05,0.05,0.05,80000.0,0.0
00612.HK,2008-12-24,0.05,0.05,0.05,0.05,300000.0,0.0
00612.HK,2008-12-29,0.05,0.05,0.05,0.05,0.0,0.0
00612.HK,2008-12-30,0.04,0.06,0.04,0.06,452000.0,0.0
00612.HK,2008-12-31,0.06,0.06,0.05,0.05,120000.0,0.0
00612.HK,2009-01-02,0.05,0.05,0.05,0.05,0.0,0.0
00612.HK,2009-01-05,0.05,0.05,0.05,0.05,0.0,0.0
00612.HK,2009-01-06,0.05,0.07,0.05,0.05,148000.0,0.0
00612.HK,2009-01-07,0.06,0.06,0.06,0.06,80000.0,0.0
00612.HK,2009-01-08,0.05,0.06,0.05,0.06,1126000.0,0.0
00612.HK,2009-01-09,0.05,0.06,0.05,0.06,246000.0,0.0
00612.HK,2009-01-12,0.06,0.06,0.06,0.06,60000.0,0.0
00612.HK,2009-01-13,0.06,0.06,0.06,0.06,0.0,0.0
00612.HK,2009-01-14,0.05,0.05,0.05,0.05,40000.0,0.0
00612.HK,2009-01-15,0.04,0.05,0.04,0.05,108000.0,0.0
00612.HK,2009-01-16,0.05,0.05,0.05,0.05,392000.0,0.0
00612.HK,2009-01-19,0.05,0.05,0.05,0.05,104000.0,0.0
00612.HK,2009-01-20,0.05,0.05,0.05,0.05,92000.0,0.0
00612.HK,2009-01-21,0.05,0.05,0.05,0.05,400000.0,0.0
00612.HK,2009-01-22,0.05,0.05,0.05,0.05,628000.0,0.0
00612.HK,2009-01-23,0.05,0.05,0.05,0.05,100000.0,0.0
00612.HK,2009-01-29,0.06,0.06,0.06,0.06,60000.0,0.0
00612.HK,2009-01-30,0.06,0.06,0.06,0.06,4000.0,0.0
00612.HK,2009-02-02,0.05,0.05,0.05,0.05,1492000.0,0.0
00612.HK,2009-02-03,0.05,0.05,0.05,0.05,80000.0,0.0
00612.HK,2009-02-04,0.05,0.05,0.05,0.05,440000.0,0.0
00612.HK,2009-02-05,0.05,0.05,0.05,0.05,1052000.0,0.0
00612.HK,2009-02-06,0.05,0.05,0.05,0.05,1568000.0,0.0
00612.HK,2009-02-09,0.05,0.05,0.05,0.05,0.0,0.0
00612.HK,2009-02-10,0.04,0.05,0.04,0.05,232000.0,0.0
00612.HK,2009-02-11,0.05,0.05,0.05,0.05,344000.0,0.0
00612.HK,2009-02-12,0.05,0.05,0.05,0.05,160000.0,0.0
00612.HK,2009-02-13,0.05,0.05,0.05,0.05,216000.0,0.0
00612.HK,2009-02-16,0.05,0.06,0.05,0.06,752000.0,0.0
00612.HK,2009-02-17,0.06,0.07,0.05,0.05,6694000.0,0.0
00612.HK,2009-02-18,0.05,0.06,0.05,0.06,756000.0,0.0
00612.HK,2009-02-19,0.06,0.06,0.05,0.06,616000.0,0.0
00612.HK,2009-02-20,0.06,0.06,0.05,0.05,908000.0,0.0
00612.HK,2009-02-23,0.05,0.06,0.05,0.06,1288000.0,0.0
00612.HK,2009-02-24,0.06,0.06,0.06,0.06,100000.0,0.0
00612.HK,2009-02-25,0.05,0.05,0.05,0.05,12000.0,0.0
00612.HK,2009-02-26,0.05,0.06,0.05,0.06,1668000.0,0.0
00612.HK,2009-02-27,0.06,0.06,0.05,0.05,568000.0,0.0
00612.HK,2009-03-02,0.05,0.05,0.05,0.05,1018000.0,0.0
00612.HK,2009-03-03,0.05,0.05,0.05,0.05,1288000.0,0.0
00612.HK,2009-03-04,0.05,0.05,0.05,0.05,156000.0,0.0
00612.HK,2009-03-05,0.05,0.05,0.05,0.05,236000.0,0.0
00612.HK,2009-03-06,0.05,0.05,0.05,0.05,256000.0,0.0
00612.HK,2009-03-09,0.05,0.05,0.05,0.05,0.0,0.0
00612.HK,2009-03-10,0.05,0.05,0.05,0.05,200000.0,0.0
00612.HK,2009-03-11,0.05,0.05,0.05,0.05,40000.0,0.0
00612.HK,2009-03-12,0.05,0.05,0.05,0.05,0.0,0.0
00612.HK,2009-03-13,0.05,0.05,0.05,0.05,188000.0,0.0
00612.HK,2009-03-16,0.05,0.05,0.05,0.05,436000.0,0.0
00612.HK,2009-03-17,0.05,0.05,0.05,0.05,40000.0,0.0
00612.HK,2009-03-18,0.05,0.05,0.05,0.05,128000.0,0.0
00612.HK,2009-03-19,0.05,0.05,0.05,0.05,1060000.0,0.0
00612.HK,2009-03-20,0.05,0.05,0.05,0.05,860000.0,0.0
00612.HK,2009-03-23,0.05,0.05,0.05,0.05,100000.0,0.0
00612.HK,2009-03-24,0.04,0.05,0.04,0.05,468000.0,0.0
00612.HK,2009-03-25,0.05,0.05,0.05,0.05,112000.0,0.0
00612.HK,2009-03-26,0.04,0.05,0.04,0.05,282000.0,0.0
00612.HK,2009-03-27,0.05,0.05,0.05,0.05,52000.0,0.0
00612.HK,2009-03-30,0.05,0.05,0.05,0.05,100000.0,0.0
00612.HK,2009-03-31,0.05,0.05,0.05,0.05,360000.0,0.0
00612.HK,2009-04-01,0.05,0.05,0.05,0.05,900000.0,0.0
00612.HK,2009-04-02,0.05,0.06,0.05,0.05,1116000.0,0.0
00612.HK,2009-04-03,0.05,0.06,0.05,0.06,2268000.0,0.0
00612.HK,2009-04-06,0.06,0.06,0.06,0.06,752000.0,0.0
00612.HK,2009-04-07,0.05,0.05,0.05,0.05,396000.0,0.0
00612.HK,2009-04-08,0.05,0.06,0.05,0.06,420000.0,0.0
00612.HK,2009-04-09,0.06,0.06,0.06,0.06,200000.0,0.0
00612.HK,2009-04-14,0.05,0.05,0.05,0.05,6000.0,0.0
00612.HK,2009-04-15,0.06,0.06,0.06,0.06,2984000.0,0.0
00612.HK,2009-04-16,0.06,0.06,0.06,0.06,1512000.0,0.0
00612.HK,2009-04-17,0.06,0.06,0.06,0.06,1408000.0,0.0
00612.HK,2009-04-20,0.06,0.06,0.06,0.06,1816000.0,0.0
00612.HK,2009-04-21,0.06,0.06,0.05,0.06,600000.0,0.0
00612.HK,2009-04-22,0.06,0.06,0.05,0.06,572000.0,0.0
00612.HK,2009-04-23,0.06,0.06,0.06,0.06,36000.0,0.0
00612.HK,2009-04-24,0.06,0.06,0.06,0.06,1372000.0,0.0
00612.HK,2009-04-27,0.05,0.06,0.05,0.06,276000.0,0.0
00612.HK,2009-04-28,0.06,0.06,0.06,0.06,0.0,0.0
00612.HK,2009-04-29,0.06,0.06,0.05,0.06,2250000.0,0.0
00612.HK,2009-04-30,0.06,0.07,0.06,0.06,2402000.0,0.0
00612.HK,2009-05-04,0.06,0.08,0.06,0.08,11018000.0,0.0
00612.HK,2009-05-05,0.08,0.1,0.08,0.09,14366000.0,0.0
00612.HK,2009-05-06,0.09,0.09,0.07,0.08,4158000.0,0.0
00612.HK,2009-05-07,0.08,0.1,0.08,0.08,6976000.0,0.0
00612.HK,2009-05-08,0.08,0.14,0.08,0.12,29936000.0,0.0
00612.HK,2009-05-11,0.12,0.16,0.12,0.12,42054000.0,0.0
00612.HK,2009-05-12,0.12,0.14,0.12,0.13,11286000.0,0.0
00612.HK,2009-05-13,0.13,0.15,0.13,0.13,14884000.0,0.0
00612.HK,2009-05-14,0.13,0.14,0.12,0.14,5482000.0,0.0
00612.HK,2009-05-15,0.14,0.14,0.13,0.13,11408000.0,0.0
00612.HK,2009-05-18,0.13,0.14,0.13,0.13,7252000.0,0.0
00612.HK,2009-05-19,0.13,0.13,0.13,0.13,4078000.0,0.0
00612.HK,2009-05-20,0.12,0.14,0.12,0.13,5118000.0,0.0
00612.HK,2009-05-21,0.13,0.13,0.13,0.13,5508000.0,0.0
00612.HK,2009-05-22,0.11,0.13,0.1,0.12,6032000.0,0.0
00612.HK,2009-05-25,0.12,0.13,0.12,0.12,1136000.0,0.0
00612.HK,2009-05-26,0.12,0.14,0.12,0.13,16260000.0,0.0
00612.HK,2009-05-27,0.13,0.15,0.12,0.14,49412000.0,0.0
00612.HK,2009-05-29,0.15,0.15,0.14,0.14,13708000.0,0.0
00612.HK,2009-06-01,0.14,0.15,0.14,0.15,20432000.0,0.0
00612.HK,2009-06-02,0.15,0.15,0.13,0.14,14444000.0,0.0
00612.HK,2009-06-03,0.14,0.14,0.13,0.13,10308000.0,0.0
00612.HK,2009-06-04,0.13,0.14,0.13,0.13,6444000.0,0.0
00612.HK,2009-06-05,0.13,0.13,0.13,0.13,5816000.0,0.0
00612.HK,2009-06-08,0.14,0.14,0.13,0.14,6056000.0,0.0
00612.HK,2009-06-09,0.14,0.14,0.13,0.13,15762000.0,0.0
00612.HK,2009-06-10,0.13,0.15,0.12,0.14,23744000.0,0.0
00612.HK,2009-06-11,0.14,0.14,0.13,0.13,7540000.0,0.0
00612.HK,2009-06-12,0.13,0.14,0.13,0.13,6164000.0,0.0
00612.HK,2009-06-15,0.12,0.14,0.12,0.13,10370000.0,0.0
00612.HK,2009-06-16,0.13,0.13,0.11,0.12,10168000.0,0.0
00612.HK,2009-06-17,0.12,0.13,0.11,0.13,2444000.0,0.0
00612.HK,2009-06-18,0.13,0.13,0.12,0.12,3664000.0,0.0
00612.HK,2009-06-19,0.12,0.13,0.12,0.12,4952000.0,0.0
00612.HK,2009-06-22,0.12,0.12,0.12,0.12,1848000.0,0.0
00612.HK,2009-06-23,0.11,0.12,0.11,0.12,4776000.0,0.0
00612.HK,2009-06-24,0.13,0.13,0.11,0.11,1544000.0,0.0
00612.HK,2009-06-25,0.12,0.14,0.11,0.12,3296000.0,0.0
00612.HK,2009-06-26,0.12,0.13,0.12,0.12,1930000.0,0.0
00612.HK,2009-06-29,0.12,0.12,0.12,0.12,5124000.0,0.0
00612.HK,2009-06-30,0.12,0.12,0.11,0.11,2904000.0,0.0
00612.HK,2009-07-02,0.12,0.12,0.11,0.11,912000.0,0.0
00612.HK,2009-07-03,0.11,0.12,0.1,0.12,2232000.0,0.0
00612.HK,2009-07-06,0.12,0.12,0.11,0.12,1468000.0,0.0
00612.HK,2009-07-07,0.11,0.11,0.11,0.11,312000.0,0.0
00612.HK,2009-07-08,0.11,0.12,0.11,0.11,5896000.0,0.0
00612.HK,2009-07-09,0.11,0.12,0.11,0.11,3024000.0,0.0
00612.HK,2009-07-10,0.12,0.12,0.11,0.11,1768000.0,0.0
00612.HK,2009-07-13,0.11,0.11,0.11,0.11,1488000.0,0.0
00612.HK,2009-07-14,0.11,0.12,0.11,0.12,5020000.0,0.0
00612.HK,2009-07-15,0.12,0.12,0.12,0.12,788000.0,0.0
00612.HK,2009-07-16,0.13,0.13,0.12,0.12,2740000.0,0.0
00612.HK,2009-07-17,0.12,0.12,0.12,0.12,5532000.0,0.0
00612.HK,2009-07-20,0.12,0.13,0.12,0.12,1528000.0,0.0
00612.HK,2009-07-21,0.13,0.13,0.12,0.12,1070000.0,0.0
00612.HK,2009-07-22,0.12,0.12,0.12,0.12,2320000.0,0.0
00612.HK,2009-07-23,0.12,0.12,0.11,0.12,2074000.0,0.0
00612.HK,2009-07-24,0.12,0.12,0.12,0.12,1554000.0,0.0
00612.HK,2009-07-27,0.12,0.13,0.12,0.13,7908000.0,0.0
00612.HK,2009-07-28,0.13,0.13,0.12,0.12,2528000.0,0.0
00612.HK,2009-07-29,0.13,0.13,0.12,0.12,984000.0,0.0
00612.HK,2009-07-30,0.13,0.13,0.12,0.12,574000.0,0.0
00612.HK,2009-07-31,0.12,0.13,0.12,0.13,8236000.0,0.0
00612.HK,2009-08-03,0.14,0.14,0.13,0.14,5712000.0,0.0
00612.HK,2009-08-04,0.14,0.14,0.12,0.13,3688000.0,0.0
00612.HK,2009-08-05,0.12,0.14,0.12,0.13,1804000.0,0.0
00612.HK,2009-08-06,0.14,0.14,0.12,0.13,1512000.0,0.0
00612.HK,2009-08-07,0.12,0.13,0.12,0.12,836000.0,0.0
00612.HK,2009-08-10,0.12,0.13,0.12,0.13,2532000.0,0.0
00612.HK,2009-08-11,0.13,0.13,0.13,0.13,764000.0,0.0
00612.HK,2009-08-12,0.14,0.14,0.12,0.13,1792000.0,0.0
00612.HK,2009-08-13,0.13,0.13,0.12,0.12,484000.0,0.0
00612.HK,2009-08-14,0.12,0.12,0.12,0.12,718000.0,0.0
00612.HK,2009-08-17,0.12,0.12,0.11,0.11,2024000.0,0.0
00612.HK,2009-08-18,0.1,0.12,0.1,0.11,740000.0,0.0
00612.HK,2009-08-19,0.11,0.11,0.11,0.11,544000.0,0.0
00612.HK,2009-08-20,0.11,0.11,0.11,0.11,5116000.0,0.0
00612.HK,2009-08-21,0.11,0.11,0.11,0.11,2692000.0,0.0
00612.HK,2009-08-24,0.11,0.11,0.11,0.11,1492000.0,0.0
00612.HK,2009-08-25,0.11,0.11,0.1,0.1,1682000.0,0.0
00612.HK,2009-08-26,0.11,0.11,0.1,0.1,5194000.0,0.0
00612.HK,2009-08-27,0.1,0.1,0.1,0.1,1532000.0,0.0
00612.HK,2009-08-28,0.1,0.1,0.09,0.1,3832000.0,0.0
00612.HK,2009-08-31,0.1,0.1,0.08,0.09,928000.0,0.0
00612.HK,2009-09-01,0.09,0.11,0.09,0.1,1026000.0,0.0
00612.HK,2009-09-02,0.1,0.1,0.1,0.1,388000.0,0.0
00612.HK,2009-09-03,0.1,0.1,0.1,0.1,28000.0,0.0
00612.HK,2009-09-04,0.09,0.1,0.09,0.1,396000.0,0.0
00612.HK,2009-09-07,0.1,0.11,0.1,0.11,2016000.0,0.0
00612.HK,2009-09-08,0.11,0.11,0.1,0.1,1852000.0,0.0
00612.HK,2009-09-09,0.1,0.1,0.1,0.1,784000.0,0.0
00612.HK,2009-09-10,0.09,0.1,0.09,0.1,1908000.0,0.0
00612.HK,2009-09-11,0.1,0.1,0.1,0.1,436000.0,0.0
00612.HK,2009-09-14,0.12,0.12,0.11,0.11,4660000.0,0.0
00612.HK,2009-09-15,0.11,0.11,0.1,0.1,1564000.0,0.0
00612.HK,2009-09-16,0.1,0.11,0.1,0.11,2400000.0,0.0
00612.HK,2009-09-17,0.11,0.11,0.11,0.11,866000.0,0.0
00612.HK,2009-09-18,0.1,0.11,0.1,0.11,172000.0,0.0
00612.HK,2009-09-21,0.11,0.11,0.11,0.11,200000.0,0.0
00612.HK,2009-09-22,0.11,0.11,0.1,0.11,830000.0,0.0
00612.HK,2009-09-23,0.11,0.11,0.1,0.11,744000.0,0.0
00612.HK,2009-09-24,0.1,0.11,0.1,0.1,1360000.0,0.0
00612.HK,2009-09-25,0.1,0.1,0.1,0.1,540000.0,0.0
00612.HK,2009-09-28,0.1,0.11,0.1,0.11,1656000.0,0.0
00612.HK,2009-09-29,0.11,0.11,0.11,0.11,200000.0,0.0
00612.HK,2009-09-30,0.1,0.1,0.1,0.1,190000.0,0.0
00612.HK,2009-10-02,0.1,0.1,0.09,0.09,142435.0,0.0
00612.HK,2009-10-05,0.09,0.1,0.09,0.1,22000.0,0.0
00612.HK,2009-10-06,0.1,0.1,0.1,0.1,0.0,0.0
00612.HK,2009-10-07,0.1,0.1,0.1,0.1,100000.0,0.0
00612.HK,2009-10-08,0.1,0.1,0.1,0.1,148000.0,0.0
00612.HK,2009-10-09,0.1,0.1,0.1,0.1,126000.0,0.0
00612.HK,2009-10-12,0.1,0.1,0.1,0.1,668000.0,0.0
00612.HK,2009-10-13,0.1,0.1,0.1,0.1,248000.0,0.0
00612.HK,2009-10-14,0.1,0.1,0.1,0.1,1128000.0,0.0
00612.HK,2009-10-15,0.1,0.11,0.1,0.1,2256000.0,0.0
00612.HK,2009-10-16,0.1,0.1,0.1,0.1,440000.0,0.0
00612.HK,2009-10-19,0.1,0.1,0.1,0.1,684000.0,0.0
00612.HK,2009-10-20,0.1,0.1,0.1,0.1,576000.0,0.0
00612.HK,2009-10-21,0.1,0.1,0.1,0.1,100000.0,0.0
00612.HK,2009-10-22,0.1,0.11,0.09,0.11,3592000.0,0.0
00612.HK,2009-10-23,0.1,0.1,0.1,0.1,1160000.0,0.0
00612.HK,2009-10-27,0.1,0.11,0.09,0.1,14210000.0,0.0
00612.HK,2009-10-28,0.1,0.1,0.1,0.1,2132000.0,0.0
00612.HK,2009-10-29,0.1,0.1,0.1,0.1,1700000.0,0.0
00612.HK,2009-10-30,0.1,0.1,0.09,0.1,72000.0,0.0
00612.HK,2009-11-02,0.1,0.1,0.09,0.1,380000.0,0.0
00612.HK,2009-11-03,0.1,0.1,0.1,0.1,652000.0,0.0
00612.HK,2009-11-04,0.1,0.1,0.1,0.1,1648000.0,0.0
00612.HK,2009-11-05,0.1,0.1,0.1,0.1,814000.0,0.0
00612.HK,2009-11-06,0.1,0.11,0.1,0.1,2176000.0,0.0
00612.HK,2009-11-09,0.1,0.11,0.1,0.11,1004000.0,0.0
00612.HK,2009-11-10,0.1,0.11,0.1,0.1,1012000.0,0.0
00612.HK,2009-11-11,0.11,0.11,0.1,0.11,1904000.0,0.0
00612.HK,2009-11-12,0.11,0.11,0.11,0.11,1416000.0,0.0
00612.HK,2009-11-13,0.1,0.11,0.1,0.11,550000.0,0.0
00612.HK,2009-11-16,0.11,0.13,0.1,0.13,10716000.0,0.0
00612.HK,2009-11-17,0.14,0.14,0.12,0.13,5668000.0,0.0
00612.HK,2009-11-18,0.13,0.13,0.13,0.13,3412000.0,0.0
00612.HK,2009-11-19,0.13,0.13,0.12,0.12,1248000.0,0.0
00612.HK,2009-11-20,0.12,0.12,0.11,0.12,1108000.0,0.0
00612.HK,2009-11-23,0.12,0.13,0.12,0.12,1084000.0,0.0
00612.HK,2009-11-24,0.12,0.12,0.12,0.12,1484000.0,0.0
00612.HK,2009-11-25,0.12,0.12,0.12,0.12,576000.0,0.0
00612.HK,2009-11-26,0.13,0.13,0.12,0.12,1612000.0,0.0
00612.HK,2009-11-27,0.11,0.13,0.1,0.11,1752000.0,0.0
00612.HK,2009-11-30,0.12,0.12,0.11,0.12,988000.0,0.0
00612.HK,2009-12-01,0.12,0.13,0.12,0.13,3080000.0,0.0
00612.HK,2009-12-02,0.12,0.13,0.12,0.13,3460000.0,0.0
00612.HK,2009-12-03,0.13,0.13,0.12,0.13,18258000.0,0.0
00612.HK,2009-12-04,0.13,0.14,0.13,0.13,16344000.0,0.0
00612.HK,2009-12-07,0.14,0.14,0.13,0.13,12516000.0,0.0
00612.HK,2009-12-08,0.13,0.14,0.13,0.14,6748000.0,0.0
00612.HK,2009-12-09,0.14,0.19,0.13,0.18,36018000.0,0.0
00612.HK,2009-12-10,0.18,0.2,0.15,0.16,50632000.0,0.0
00612.HK,2009-12-11,0.16,0.19,0.16,0.17,24510000.0,0.0
00612.HK,2009-12-14,0.18,0.21,0.16,0.2,73518000.0,0.0
00612.HK,2009-12-15,0.2,0.22,0.18,0.2,66640000.0,0.0
00612.HK,2009-12-16,0.21,0.22,0.19,0.19,16450000.0,0.0
00612.HK,2009-12-17,0.19,0.2,0.17,0.17,24704000.0,0.0
00612.HK,2009-12-18,0.16,0.17,0.15,0.16,14948000.0,0.0
00612.HK,2009-12-21,0.17,0.17,0.15,0.16,5316000.0,0.0
00612.HK,2009-12-22,0.16,0.17,0.16,0.16,6796000.0,0.0
00612.HK,2009-12-23,0.17,0.17,0.16,0.17,3108000.0,0.0
00612.HK,2009-12-24,0.17,0.18,0.16,0.17,18448000.0,0.0
00612.HK,2009-12-28,0.17,0.18,0.17,0.17,4896000.0,0.0
00612.HK,2009-12-29,0.17,0.19,0.17,0.18,15356000.0,0.0
00612.HK,2009-12-30,0.17,0.18,0.17,0.17,7332000.0,0.0
00612.HK,2009-12-31,0.18,0.19,0.17,0.18,13084000.0,0.0
00612.HK,2010-11-17,0.14,0.15,0.13,0.13,6284000.0,0.0
00612.HK,2010-11-18,0.13,0.14,0.13,0.14,300000.0,0.0
00612.HK,2010-11-19,0.14,0.14,0.14,0.14,0.0,0.0
00612.HK,2010-11-22,0.13,0.13,0.13,0.13,1980000.0,0.0
00612.HK,2010-11-23,0.13,0.13,0.12,0.13,2508000.0,0.0
00612.HK,2010-11-24,0.12,0.12,0.12,0.12,11508000.0,0.0
00612.HK,2010-11-25,0.12,0.12,0.12,0.12,2230000.0,0.0
00612.HK,2010-11-26,0.12,0.13,0.12,0.12,992000.0,0.0
00612.HK,2010-11-29,0.12,0.13,0.12,0.12,6944000.0,0.0
00612.HK,2010-11-30,0.12,0.13,0.12,0.13,6222000.0,0.0
00612.HK,2010-12-01,0.12,0.13,0.12,0.13,7856000.0,0.0
00612.HK,2010-12-02,0.12,0.13,0.12,0.13,13006000.0,0.0
00612.HK,2010-12-03,0.13,0.13,0.13,0.13,0.0,0.0
00612.HK,2010-12-06,0.13,0.13,0.13,0.13,0.0,0.0
00612.HK,2010-12-07,0.13,0.13,0.13,0.13,0.0,0.0
00612.HK,2010-12-08,0.13,0.13,0.13,0.13,0.0,0.0
00612.HK,2010-12-09,0.13,0.13,0.13,0.13,0.0,0.0
00612.HK,2010-12-10,0.13,0.13,0.13,0.13,0.0,0.0
00612.HK,2010-12-13,0.13,0.13,0.13,0.13,0.0,0.0
00612.HK,2010-12-14,0.13,0.13,0.13,0.13,0.0,0.0
00612.HK,2010-12-15,0.13,0.13,0.13,0.13,0.0,0.0
00612.HK,2010-12-16,0.08,0.08,0.08,0.08,0.0,0.0
00612.HK,2010-12-17,0.08,0.09,0.08,0.08,13474000.0,0.0
00612.HK,2010-12-20,0.08,0.08,0.07,0.07,16384000.0,0.0
00612.HK,2010-12-21,0.07,0.09,0.07,0.08,25096000.0,0.0
00612.HK,2010-12-22,0.08,0.08,0.08,0.08,12382300.0,0.0
00612.HK,2010-12-23,0.08,0.08,0.08,0.08,2408000.0,0.0
00612.HK,2010-12-24,0.09,0.09,0.08,0.08,2164000.0,0.0
00612.HK,2010-12-28,0.09,0.09,0.08,0.08,3374000.0,0.0
00612.HK,2010-12-29,0.07,0.08,0.07,0.08,1602000.0,0.0
00612.HK,2010-12-30,0.08,0.08,0.08,0.08,1016000.0,0.0
00612.HK,2010-12-31,0.08,0.08,0.08,0.08,1288000.0,0.0
00612.HK,2011-01-03,0.08,0.09,0.07,0.08,7284000.0,0.0
00612.HK,2011-01-04,0.08,0.08,0.08,0.08,1572000.0,0.0
00612.HK,2011-01-05,0.08,0.08,0.08,0.08,3226000.0,0.0
00612.HK,2011-01-06,0.08,0.08,0.08,0.08,2746000.0,0.0
00612.HK,2011-01-07,0.08,0.08,0.07,0.08,15560000.0,0.0
00612.HK,2011-01-10,0.08,0.08,0.07,0.07,3156000.0,0.0
00612.HK,2011-01-11,0.07,0.08,0.07,0.07,4194000.0,0.0
00612.HK,2011-01-12,0.07,0.08,0.07,0.07,1400000.0,0.0
00612.HK,2011-01-13,0.07,0.07,0.07,0.07,1882000.0,0.0
00612.HK,2011-01-14,0.07,0.07,0.07,0.07,4274000.0,0.0
00612.HK,2011-01-17,0.07,0.07,0.07,0.07,2588000.0,0.0
00612.HK,2011-01-18,0.07,0.07,0.07,0.07,3332000.0,0.0
00612.HK,2011-01-19,0.07,0.07,0.04,0.06,6234000.0,0.0
00612.HK,2011-01-20,0.07,0.08,0.07,0.07,26944000.0,0.0
00612.HK,2011-01-21,0.08,0.09,0.08,0.08,29140000.0,0.0
00612.HK,2011-01-24,0.08,0.08,0.07,0.07,3128000.0,0.0
00612.HK,2011-01-25,0.08,0.08,0.07,0.08,2252000.0,0.0
00612.HK,2011-01-26,0.07,0.08,0.07,0.08,4298000.0,0.0
00612.HK,2011-01-27,0.08,0.08,0.07,0.07,2224000.0,0.0
00612.HK,2011-01-28,0.07,0.08,0.07,0.08,4458000.0,0.0
00612.HK,2011-01-31,0.06,0.08,0.06,0.07,55984000.0,0.0
00612.HK,2011-02-01,0.08,0.08,0.06,0.07,12456000.0,0.0
00612.HK,2011-02-02,0.07,0.07,0.07,0.07,2000000.0,0.0
00612.HK,2011-02-07,0.07,0.08,0.06,0.08,7896000.0,0.0
00612.HK,2011-02-08,0.08,0.08,0.07,0.07,1122000.0,0.0
00612.HK,2011-02-09,0.06,0.07,0.06,0.07,5440000.0,0.0
00612.HK,2011-02-10,0.07,0.07,0.06,0.06,6132000.0,0.0
00612.HK,2011-02-11,0.06,0.07,0.06,0.07,2748000.0,0.0
00612.HK,2011-02-14,0.07,0.07,0.06,0.06,5250000.0,0.0
00612.HK,2011-02-15,0.31,0.31,0.27,0.28,526800.0,0.0
00612.HK,2011-02-16,0.25,0.28,0.24,0.25,898000.0,0.0
00612.HK,2011-02-17,0.24,0.24,0.22,0.22,1161200.0,0.0
00612.HK,2011-02-18,0.22,0.22,0.2,0.21,1267600.0,0.0
00612.HK,2011-02-21,0.2,0.2,0.18,0.2,1548800.0,0.0
00612.HK,2011-02-22,0.19,0.21,0.19,0.21,10814400.0,0.0
00612.HK,2011-02-23,0.21,0.21,0.19,0.19,1223600.0,0.0
00612.HK,2011-02-24,0.19,0.19,0.18,0.18,2059200.0,0.0
00612.HK,2011-02-25,0.18,0.18,0.17,0.18,633200.0,0.0
00612.HK,2011-02-28,0.19,0.19,0.18,0.18,186400.0,0.0
00612.HK,2011-03-01,0.18,0.21,0.18,0.2,913600.0,0.0
00612.HK,2011-03-02,0.19,0.2,0.19,0.2,515200.0,0.0
00612.HK,2011-03-03,0.2,0.2,0.2,0.2,132000.0,0.0
00612.HK,2011-03-04,0.21,0.23,0.2,0.23,916000.0,0.0
00612.HK,2011-03-07,0.23,0.29,0.23,0.28,1776800.0,0.0
00612.HK,2011-03-08,0.28,0.28,0.26,0.26,368000.0,0.0
00612.HK,2011-03-09,0.26,0.26,0.24,0.24,134000.0,0.0
00612.HK,2011-03-10,0.24,0.25,0.23,0.24,889600.0,0.0
00612.HK,2011-03-11,0.23,0.28,0.23,0.25,1940000.0,0.0
00612.HK,2011-03-14,0.25,0.25,0.22,0.22,240000.0,0.0
00612.HK,2011-03-15,0.22,0.22,0.19,0.21,3590400.0,0.0
00612.HK,2011-03-16,0.2,0.21,0.2,0.21,1669200.0,0.0
00612.HK,2011-03-17,0.21,0.21,0.21,0.21,320000.0,0.0
00612.HK,2011-03-18,0.24,0.24,0.2,0.21,1965600.0,0.0
00612.HK,2011-03-21,0.21,0.25,0.21,0.24,3309380.0,0.0
00612.HK,2011-03-22,0.25,0.25,0.22,0.23,1303200.0,0.0
00612.HK,2011-03-23,0.22,0.23,0.22,0.23,2488000.0,0.0
00612.HK,2011-03-24,0.22,0.22,0.22,0.22,1590400.0,0.0
00612.HK,2011-03-25,0.21,0.23,0.21,0.22,1141000.0,0.0
00612.HK,2011-03-28,0.22,0.22,0.22,0.22,2396000.0,0.0
00612.HK,2011-03-29,0.22,0.22,0.21,0.21,904800.0,0.0
00612.HK,2011-03-30,0.21,0.22,0.21,0.22,640000.0,0.0
00612.HK,2011-03-31,0.21,0.22,0.21,0.22,995600.0,0.0
00612.HK,2011-04-01,0.22,0.23,0.22,0.23,1360800.0,0.0
00612.HK,2011-04-04,0.23,0.24,0.23,0.24,3082000.0,0.0
00612.HK,2011-04-06,0.24,0.25,0.23,0.24,3084800.0,0.0
00612.HK,2011-04-07,0.25,0.27,0.24,0.27,5530400.0,0.0
00612.HK,2011-04-08,0.28,0.29,0.26,0.28,6312000.0,0.0
00612.HK,2011-04-11,0.27,0.28,0.25,0.28,2729600.0,0.0
00612.HK,2011-04-12,0.28,0.31,0.27,0.3,7302800.0,0.0
00612.HK,2011-04-13,0.29,0.34,0.29,0.31,4187600.0,0.0
00612.HK,2011-04-14,0.31,0.32,0.31,0.32,558400.0,0.0
00612.HK,2011-04-15,0.3,0.33,0.3,0.33,869600.0,0.0
00612.HK,2011-04-18,0.32,0.33,0.32,0.33,1450800.0,0.0
00612.HK,2011-04-19,0.33,0.33,0.32,0.33,751200.0,0.0
00612.HK,2011-04-20,0.33,0.41,0.33,0.36,15644000.0,0.0
00612.HK,2011-04-21,0.38,0.45,0.37,0.37,18418000.0,0.0
00612.HK,2011-04-26,0.37,0.39,0.35,0.39,3937600.0,0.0
00612.HK,2011-04-27,0.38,0.4,0.38,0.39,3512200.0,0.0
00612.HK,2011-04-28,0.38,0.39,0.37,0.38,2404000.0,0.0
00612.HK,2011-04-29,0.36,0.38,0.36,0.38,892800.0,0.0
00612.HK,2011-05-03,0.36,0.39,0.36,0.39,736000.0,0.0
00612.HK,2011-05-04,0.38,0.38,0.36,0.38,601600.0,0.0
00612.HK,2011-05-05,0.38,0.38,0.36,0.37,1137600.0,0.0
00612.HK,2011-05-06,0.36,0.38,0.36,0.38,930400.0,0.0
00612.HK,2011-05-09,0.38,0.38,0.33,0.38,3821600.0,0.0
00612.HK,2011-05-11,0.37,0.37,0.36,0.37,1306400.0,0.0
00612.HK,2011-05-12,0.36,0.37,0.25,0.36,1952000.0,0.0
00612.HK,2011-05-13,0.35,0.36,0.35,0.36,736000.0,0.0
00612.HK,2011-05-16,0.36,0.36,0.34,0.35,980000.0,0.0
00612.HK,2011-05-17,0.33,0.36,0.33,0.36,2669600.0,0.0
00612.HK,2011-05-18,0.35,0.38,0.35,0.35,2148800.0,0.0
00612.HK,2011-05-19,0.35,0.37,0.35,0.35,1460000.0,0.0
00612.HK,2011-05-20,0.35,0.36,0.35,0.35,1384000.0,0.0
00612.HK,2011-05-23,0.37,0.38,0.36,0.38,2462400.0,0.0
00612.HK,2011-05-24,0.37,0.38,0.35,0.37,2117600.0,0.0
00612.HK,2011-05-25,0.37,0.37,0.36,0.37,332000.0,0.0
00612.HK,2011-05-26,0.37,0.38,0.37,0.38,589600.0,0.0
00612.HK,2011-05-27,0.38,0.38,0.38,0.38,282400.0,0.0
00612.HK,2011-05-30,0.38,0.44,0.37,0.39,4820000.0,0.0
00612.HK,2011-05-31,0.36,0.39,0.36,0.38,1895200.0,0.0
00612.HK,2011-06-01,0.36,0.37,0.36,0.37,59200.0,0.0
00612.HK,2011-06-02,0.36,0.36,0.36,0.36,184000.0,0.0
00612.HK,2011-06-03,0.36,0.4,0.36,0.4,31385600.0,0.0
00612.HK,2011-06-07,0.4,0.42,0.39,0.4,30407200.0,0.0
00612.HK,2011-06-08,0.41,0.43,0.4,0.41,31621600.0,0.0
00612.HK,2011-06-09,0.42,0.42,0.39,0.4,4781600.0,0.0
00612.HK,2011-06-10,0.4,0.4,0.36,0.39,1212000.0,0.0
00612.HK,2011-06-13,0.39,0.39,0.37,0.39,1360000.0,0.0
00612.HK,2011-06-14,0.38,0.39,0.38,0.38,624000.0,0.0
00612.HK,2011-06-15,0.41,0.41,0.38,0.39,16412000.0,0.0
00612.HK,2011-06-16,0.38,0.39,0.38,0.38,16572000.0,0.0
00612.HK,2011-06-17,0.38,0.38,0.38,0.38,402400.0,0.0
00612.HK,2011-06-20,0.38,0.4,0.38,0.38,934000.0,0.0
00612.HK,2011-06-21,0.38,0.38,0.35,0.37,712000.0,0.0
00612.HK,2011-06-22,0.4,0.4,0.37,0.37,83600.0,0.0
00612.HK,2011-06-23,0.37,0.37,0.37,0.37,982000.0,0.0
00612.HK,2011-06-24,0.35,0.37,0.35,0.37,333600.0,0.0
00612.HK,2011-06-27,0.37,0.38,0.37,0.37,412800.0,0.0
00612.HK,2011-06-28,0.39,0.39,0.37,0.38,1400000.0,0.0
00612.HK,2011-06-29,0.36,0.38,0.36,0.38,5504000.0,0.0
00612.HK,2011-06-30,0.36,0.38,0.36,0.38,151600.0,0.0
00612.HK,2011-07-04,0.37,0.37,0.37,0.37,732000.0,0.0
00612.HK,2011-07-05,0.36,0.38,0.36,0.38,152000.0,0.0
00612.HK,2011-07-06,0.36,0.38,0.36,0.38,48000.0,0.0
00612.HK,2011-07-07,0.39,0.39,0.36,0.39,7175200.0,0.0
00612.HK,2011-07-08,0.39,0.4,0.37,0.39,15233600.0,0.0
00612.HK,2011-07-11,0.39,0.39,0.38,0.39,30554400.0,0.0
00612.HK,2011-07-12,0.36,0.39,0.36,0.38,30688000.0,0.0
00612.HK,2011-07-13,0.36,0.38,0.36,0.38,216000.0,0.0
00612.HK,2011-07-14,0.39,0.39,0.35,0.37,21714000.0,0.0
00612.HK,2011-07-15,0.35,0.37,0.35,0.37,201600.0,0.0
00612.HK,2011-07-18,0.36,0.36,0.34,0.35,506000.0,0.0
00612.HK,2011-07-19,0.33,0.37,0.33,0.37,24000.0,0.0
00612.HK,2011-07-20,0.37,0.37,0.35,0.37,708000.0,0.0
00612.HK,2011-07-21,0.36,0.36,0.36,0.36,17600.0,0.0
00612.HK,2011-07-22,0.34,0.37,0.34,0.37,52000.0,0.0
00612.HK,2011-07-25,0.34,0.36,0.33,0.36,512000.0,0.0
00612.HK,2011-07-26,0.34,0.37,0.33,0.37,1554400.0,0.0
00612.HK,2011-07-27,0.33,0.37,0.33,0.37,1627200.0,0.0
00612.HK,2011-07-28,0.36,0.37,0.36,0.37,256000.0,0.0
00612.HK,2011-07-29,0.35,0.38,0.35,0.38,17392000.0,0.0
00612.HK,2011-08-01,0.38,0.38,0.38,0.38,18664000.0,0.0
00612.HK,2011-08-02,0.37,0.37,0.37,0.37,6400.0,0.0
00612.HK,2011-08-03,0.36,0.37,0.36,0.37,176000.0,0.0
00612.HK,2011-08-04,0.35,0.38,0.35,0.38,120800.0,0.0
00612.HK,2011-08-05,0.35,0.35,0.35,0.35,16000.0,0.0
00612.HK,2011-08-08,0.31,0.34,0.31,0.32,188000.0,0.0
00612.HK,2011-08-09,0.27,0.32,0.27,0.3,266400.0,0.0
00612.HK,2011-08-10,0.31,0.35,0.31,0.32,584400.0,0.0
00612.HK,2011-08-11,0.3,0.32,0.3,0.32,112000.0,0.0
00612.HK,2011-08-12,0.31,0.36,0.31,0.35,377600.0,0.0
00612.HK,2011-08-15,0.31,0.38,0.31,0.36,246400.0,0.0
00612.HK,2011-08-16,0.36,0.38,0.33,0.33,8272000.0,0.0
00612.HK,2011-08-17,0.34,0.35,0.34,0.34,72000.0,0.0
00612.HK,2011-08-18,0.38,0.38,0.34,0.34,57600.0,0.0
00612.HK,2011-08-19,0.33,0.33,0.33,0.33,284800.0,0.0
00612.HK,2011-08-22,0.31,0.33,0.31,0.31,490400.0,0.0
00612.HK,2011-08-23,0.3,0.33,0.3,0.32,198000.0,0.0
00612.HK,2011-08-24,0.32,0.32,0.32,0.32,8000.0,0.0
00612.HK,2011-08-25,0.34,0.34,0.3,0.33,1894400.0,0.0
00612.HK,2011-08-26,0.33,0.35,0.31,0.31,82440.0,0.0
00612.HK,2011-08-29,0.31,0.35,0.3,0.33,1304000.0,0.0
00612.HK,2011-08-30,0.31,0.32,0.31,0.32,524000.0,0.0
00612.HK,2011-08-31,0.29,0.31,0.29,0.31,132000.0,0.0
00612.HK,2011-09-01,0.29,0.31,0.29,0.3,144800.0,0.0
00612.HK,2011-09-02,0.3,0.3,0.3,0.3,144000.0,0.0
00612.HK,2011-09-05,0.3,0.3,0.3,0.3,0.0,0.0
00612.HK,2011-09-06,0.27,0.34,0.27,0.33,614400.0,0.0
00612.HK,2011-09-07,0.3,0.3,0.3,0.3,200000.0,0.0
00612.HK,2011-09-08,0.28,0.3,0.28,0.3,240000.0,0.0
00612.HK,2011-09-09,0.29,0.31,0.29,0.3,16000.0,0.0
00612.HK,2011-09-12,0.29,0.29,0.29,0.29,115200.0,0.0
00612.HK,2011-09-14,0.29,0.29,0.29,0.29,56000.0,0.0
00612.HK,2011-09-15,0.29,0.3,0.29,0.3,64000.0,0.0
00612.HK,2011-09-16,0.3,0.3,0.3,0.3,0.0,0.0
00612.HK,2011-09-19,0.25,0.3,0.25,0.26,200000.0,0.0
00612.HK,2011-09-20,0.25,0.25,0.25,0.25,16000.0,0.0
00612.HK,2011-09-21,0.23,0.23,0.23,0.23,8000.0,0.0
00612.HK,2011-09-22,0.26,0.26,0.21,0.21,372800.0,0.0
00612.HK,2011-09-23,0.21,0.28,0.21,0.28,512000.0,0.0
00612.HK,2011-09-26,0.23,0.28,0.23,0.24,737600.0,0.0
00612.HK,2011-09-27,0.24,0.24,0.22,0.22,56000.0,0.0
00612.HK,2011-09-28,0.28,0.28,0.2,0.26,401600.0,0.0
00612.HK,2011-09-30,0.25,0.27,0.25,0.26,10488000.0,0.0
00612.HK,2011-10-03,0.26,0.26,0.2,0.24,572000.0,0.0
00612.HK,2011-10-04,0.21,0.23,0.21,0.23,16000.0,0.0
00612.HK,2011-10-06,0.24,0.24,0.24,0.24,128000.0,0.0
00612.HK,2011-10-07,0.24,0.24,0.24,0.24,4000.0,0.0
00612.HK,2011-10-10,0.24,0.25,0.22,0.24,106400.0,0.0
00612.HK,2011-10-11,0.23,0.24,0.23,0.24,312000.0,0.0
00612.HK,2011-10-12,0.22,0.24,0.22,0.23,400000.0,0.0
00612.HK,2011-10-13,0.22,0.24,0.22,0.24,674800.0,0.0
00612.HK,2011-10-14,0.24,0.24,0.24,0.24,259200.0,0.0
00612.HK,2011-10-17,0.23,0.23,0.23,0.23,88000.0,0.0
00612.HK,2011-10-18,0.24,0.24,0.24,0.24,24000.0,0.0
00612.HK,2011-10-19,0.24,0.24,0.24,0.24,0.0,0.0
00612.HK,2011-10-20,0.24,0.24,0.24,0.24,0.0,0.0
00612.HK,2011-10-21,0.24,0.24,0.24,0.24,0.0,0.0
00612.HK,2011-10-24,0.22,0.22,0.22,0.22,656000.0,0.0
00612.HK,2011-10-25,0.22,0.22,0.21,0.22,280000.0,0.0
00612.HK,2011-10-26,0.22,0.22,0.22,0.22,8000.0,0.0
00612.HK,2011-10-27,0.23,0.23,0.23,0.23,64000.0,0.0
00612.HK,2011-10-28,0.23,0.23,0.23,0.23,0.0,0.0
00612.HK,2011-10-31,0.23,0.23,0.23,0.23,760000.0,0.0
00612.HK,2011-11-01,0.21,0.22,0.21,0.22,16800.0,0.0
00612.HK,2011-11-02,0.22,0.22,0.2,0.21,96000.0,0.0
00612.HK,2011-11-03,0.22,0.22,0.22,0.22,16800.0,0.0
00612.HK,2011-11-04,0.21,0.24,0.21,0.23,42736000.0,0.0
00612.HK,2011-11-07,0.23,0.23,0.23,0.23,0.0,0.0
00612.HK,2011-11-08,0.22,0.25,0.22,0.24,120000.0,0.0
00612.HK,2011-11-09,0.25,0.27,0.25,0.27,828000.0,0.0
00612.HK,2011-11-10,0.25,0.27,0.25,0.27,384000.0,0.0
00612.HK,2011-11-11,0.27,0.27,0.26,0.26,98000.0,0.0
00612.HK,2011-11-14,0.25,0.26,0.25,0.25,140000.0,0.0
00612.HK,2011-11-15,0.26,0.27,0.25,0.25,338400.0,0.0
00612.HK,2011-11-16,0.25,0.25,0.24,0.25,387200.0,0.0
00612.HK,2011-11-17,0.24,0.26,0.24,0.26,16000.0,0.0
00612.HK,2011-11-18,0.25,0.25,0.25,0.25,0.0,0.0
00612.HK,2011-11-21,0.25,0.25,0.25,0.25,0.0,0.0
00612.HK,2011-11-22,0.23,0.25,0.23,0.25,32000.0,0.0
00612.HK,2011-11-23,0.24,0.25,0.24,0.25,18400.0,0.0
00612.HK,2011-11-24,0.25,0.25,0.25,0.25,0.0,0.0
00612.HK,2011-11-25,0.23,0.25,0.23,0.25,16000.0,0.0
00612.HK,2011-11-28,0.23,0.25,0.23,0.25,89200.0,0.0
00612.HK,2011-11-29,0.25,0.26,0.25,0.26,2200000.0,0.0
00612.HK,2011-11-30,0.26,0.27,0.25,0.26,39815200.0,0.0
00612.HK,2011-12-01,0.27,0.29,0.26,0.29,3872000.0,0.0
00612.HK,2011-12-02,0.29,0.33,0.29,0.33,3899600.0,0.0
00612.HK,2011-12-05,0.31,0.33,0.31,0.32,20752253.0,0.0
00612.HK,2011-12-06,0.32,0.35,0.31,0.34,2056400.0,0.0
00612.HK,2011-12-07,0.33,0.33,0.33,0.33,43600.0,0.0
00612.HK,2011-12-08,0.34,0.4,0.33,0.38,2536400.0,0.0
00612.HK,2011-12-09,0.38,0.4,0.33,0.4,15044400.0,0.0
00612.HK,2011-12-12,0.36,0.39,0.36,0.39,342800.0,0.0
00612.HK,2011-12-13,0.37,0.39,0.37,0.38,20972000.0,0.0
00612.HK,2011-12-14,0.37,0.39,0.37,0.37,992000.0,0.0
00612.HK,2011-12-15,0.37,0.37,0.37,0.37,807200.0,0.0
00612.HK,2011-12-16,0.38,0.38,0.38,0.38,96000.0,0.0
00612.HK,2011-12-19,0.37,0.37,0.37,0.37,4000.0,0.0
00612.HK,2011-12-20,0.37,0.37,0.37,0.37,0.0,0.0
00612.HK,2011-12-21,0.38,0.38,0.34,0.34,32000.0,0.0
00612.HK,2011-12-22,0.3,0.37,0.3,0.37,120000.0,0.0
00612.HK,2011-12-23,0.34,0.34,0.34,0.34,72000.0,0.0
00612.HK,2011-12-28,0.34,0.34,0.34,0.34,2292000.0,0.0
00612.HK,2011-12-29,0.35,0.38,0.35,0.36,760000.0,0.0
00612.HK,2011-12-30,0.38,0.4,0.34,0.37,13388800.0,0.0
00612.HK,2012-01-03,0.34,0.37,0.34,0.36,323200.0,0.0
00612.HK,2012-01-04,0.35,0.36,0.34,0.36,452000.0,0.0
00612.HK,2012-01-05,0.36,0.36,0.36,0.36,0.0,0.0
00612.HK,2012-01-06,0.35,0.35,0.32,0.32,448000.0,0.0
00612.HK,2012-01-09,0.31,0.34,0.31,0.34,528000.0,0.0
00612.HK,2012-01-10,0.32,0.33,0.32,0.33,56000.0,0.0
00612.HK,2012-01-11,0.35,0.35,0.35,0.35,120000.0,0.0
00612.HK,2012-01-12,0.35,0.35,0.32,0.32,3143200.0,0.0
00612.HK,2012-01-13,0.32,0.33,0.32,0.33,608000.0,0.0
00612.HK,2012-01-16,0.33,0.33,0.33,0.33,0.0,0.0
00612.HK,2012-01-17,0.32,0.32,0.32,0.32,32000.0,0.0
00612.HK,2012-01-18,0.3,0.39,0.3,0.34,16000.0,0.0
00612.HK,2012-01-19,0.32,0.32,0.32,0.32,200000.0,0.0
00612.HK,2012-01-20,0.31,0.32,0.3,0.31,295200.0,0.0
00612.HK,2012-01-26,0.32,0.32,0.32,0.32,0.0,0.0
00612.HK,2012-01-27,0.32,0.32,0.32,0.32,0.0,0.0
00612.HK,2012-01-30,0.32,0.32,0.3,0.3,604000.0,0.0
00612.HK,2012-01-31,0.3,0.31,0.29,0.29,232400.0,0.0
00612.HK,2012-02-01,0.29,0.29,0.29,0.29,0.0,0.0
00612.HK,2012-02-02,0.29,0.29,0.29,0.29,0.0,0.0
00612.HK,2012-02-03,0.29,0.3,0.29,0.3,192000.0,0.0
00612.HK,2012-02-06,0.32,0.33,0.32,0.33,360000.0,0.0
00612.HK,2012-02-07,0.33,0.33,0.33,0.33,0.0,0.0
00612.HK,2012-02-08,0.33,0.33,0.33,0.33,212000.0,0.0
00612.HK,2012-02-09,0.3,0.3,0.3,0.3,10400.0,0.0
00612.HK,2012-02-10,0.3,0.31,0.3,0.31,496000.0,0.0
00612.HK,2012-02-13,0.32,0.32,0.32,0.32,2201600.0,0.0
00612.HK,2012-02-14,0.32,0.32,0.32,0.32,0.0,0.0
00612.HK,2012-02-15,0.3,0.3,0.3,0.3,320000.0,0.0
00612.HK,2012-02-16,0.33,0.33,0.33,0.33,16000.0,0.0
00612.HK,2012-02-17,0.32,0.35,0.31,0.31,11816000.0,0.0
00612.HK,2012-02-20,0.33,0.33,0.33,0.33,108000.0,0.0
00612.HK,2012-02-21,0.3,0.31,0.3,0.31,43200.0,0.0
00612.HK,2012-02-22,0.31,0.31,0.31,0.31,0.0,0.0
00612.HK,2012-02-23,0.3,0.3,0.3,0.3,10400.0,0.0
00612.HK,2012-02-24,0.31,0.31,0.3,0.3,270000.0,0.0
00612.HK,2012-02-27,0.3,0.3,0.3,0.3,0.0,0.0
00612.HK,2012-02-28,0.31,0.33,0.31,0.31,192000.0,0.0
00612.HK,2012-02-29,0.33,0.33,0.31,0.31,141200.0,0.0
00612.HK,2012-03-01,0.3,0.32,0.3,0.31,234000.0,0.0
00612.HK,2012-03-02,0.3,0.31,0.3,0.3,760000.0,0.0
00612.HK,2012-03-05,0.3,0.3,0.27,0.28,672000.0,0.0
00612.HK,2012-03-06,0.29,0.3,0.29,0.3,11046400.0,0.0
00612.HK,2012-03-07,0.3,0.3,0.3,0.3,3000000.0,0.0
00612.HK,2012-03-08,0.3,0.3,0.3,0.3,24000.0,0.0
00612.HK,2012-03-09,0.3,0.31,0.3,0.31,216000.0,0.0
00612.HK,2012-03-12,0.31,0.31,0.31,0.31,0.0,0.0
00612.HK,2012-03-13,0.3,0.33,0.3,0.32,1044000.0,0.0
00612.HK,2012-03-14,0.3,0.34,0.3,0.31,1209600.0,0.0
00612.HK,2012-03-15,0.31,0.33,0.31,0.31,42400.0,0.0
00612.HK,2012-03-16,0.31,0.31,0.3,0.3,320000.0,0.0
00612.HK,2012-03-19,0.3,0.3,0.3,0.3,5440000.0,0.0
00612.HK,2012-03-20,0.33,0.33,0.3,0.3,301200.0,0.0
00612.HK,2012-03-21,0.29,0.32,0.29,0.32,992000.0,0.0
00612.HK,2012-03-22,0.31,0.32,0.3,0.32,110400.0,0.0
00612.HK,2012-03-23,0.29,0.29,0.29,0.29,520000.0,0.0
00612.HK,2012-03-26,0.3,0.3,0.3,0.3,120000.0,0.0
00612.HK,2012-03-27,0.3,0.3,0.3,0.3,0.0,0.0
00612.HK,2012-03-28,0.3,0.3,0.3,0.3,0.0,0.0
00612.HK,2012-03-29,0.3,0.3,0.3,0.3,0.0,0.0
00612.HK,2012-03-30,0.3,0.3,0.3,0.3,0.0,0.0
00612.HK,2012-04-02,0.2,0.3,0.2,0.3,3016000.0,0.0
00612.HK,2012-04-03,0.3,0.3,0.3,0.3,0.0,0.0
00612.HK,2012-04-05,0.3,0.3,0.3,0.3,0.0,0.0
00612.HK,2012-04-10,0.3,0.3,0.3,0.3,0.0,0.0
00612.HK,2012-04-11,0.2,0.3,0.2,0.3,16000.0,0.0
00612.HK,2012-04-12,0.29,0.29,0.21,0.24,166400.0,0.0
00612.HK,2012-04-13,0.24,0.24,0.23,0.24,20000.0,0.0
00612.HK,2012-04-16,0.25,0.25,0.25,0.25,0.0,0.0
00612.HK,2012-04-17,0.25,0.25,0.25,0.25,8000.0,0.0
00612.HK,2012-04-18,0.25,0.25,0.25,0.25,0.0,0.0
00612.HK,2012-04-19,0.25,0.25,0.25,0.25,24000.0,0.0
00612.HK,2012-04-20,0.25,0.25,0.25,0.25,0.0,0.0
00612.HK,2012-04-23,0.27,0.27,0.27,0.27,184000.0,0.0
00612.HK,2012-04-24,0.27,0.27,0.27,0.27,38400.0,0.0
00612.HK,2012-04-25,0.27,0.27,0.27,0.27,1200.0,0.0
00612.HK,2012-04-26,0.27,0.27,0.27,0.27,56000.0,0.0
00612.HK,2012-04-27,0.27,0.27,0.27,0.27,0.0,0.0
00612.HK,2012-04-30,0.27,0.27,0.27,0.27,0.0,0.0
00612.HK,2012-05-02,0.28,0.29,0.28,0.29,170000.0,0.0
00612.HK,2012-05-03,0.29,0.29,0.29,0.29,82400.0,0.0
00612.HK,2012-05-04,0.29,0.29,0.27,0.28,276800.0,0.0
00612.HK,2012-05-07,0.27,0.27,0.27,0.27,80000.0,0.0
00612.HK,2012-05-08,0.27,0.27,0.27,0.27,64000.0,0.0
00612.HK,2012-05-09,0.28,0.28,0.28,0.28,10400.0,0.0
00612.HK,2012-05-10,0.28,0.28,0.28,0.28,0.0,0.0
00612.HK,2012-05-11,0.24,0.26,0.24,0.24,24000.0,0.0
00612.HK,2012-05-14,0.15,0.21,0.15,0.21,16000.0,0.0
00612.HK,2012-05-15,0.25,0.35,0.21,0.21,1776000.0,0.0
00612.HK,2012-05-16,0.21,0.22,0.21,0.22,224000.0,0.0
00612.HK,2012-05-17,0.23,0.23,0.22,0.22,448000.0,0.0
00612.HK,2012-05-18,0.2,0.21,0.2,0.21,240000.0,0.0
00612.HK,2012-05-21,0.23,0.23,0.23,0.23,8000.0,0.0
00612.HK,2012-05-22,0.23,0.23,0.23,0.23,180000.0,0.0
00612.HK,2012-05-23,0.23,0.23,0.23,0.23,0.0,0.0
00612.HK,2012-05-24,0.22,0.23,0.22,0.22,365600.0,0.0
00612.HK,2012-05-25,0.24,0.24,0.22,0.22,128000.0,0.0
00612.HK,2012-05-28,0.22,0.22,0.22,0.22,0.0,0.0
00612.HK,2012-05-29,0.22,0.22,0.22,0.22,1600.0,0.0
00612.HK,2012-05-30,0.22,0.22,0.22,0.22,34400.0,0.0
00612.HK,2012-05-31,0.22,0.22,0.22,0.22,4800.0,0.0
00612.HK,2012-06-01,0.21,0.21,0.21,0.21,8000.0,0.0
00612.HK,2012-06-04,0.21,0.21,0.21,0.21,32000.0,0.0
00612.HK,2012-06-05,0.21,0.21,0.21,0.21,0.0,0.0
00612.HK,2012-06-06,0.21,0.21,0.21,0.21,0.0,0.0
00612.HK,2012-06-07,0.21,0.21,0.21,0.21,0.0,0.0
00612.HK,2012-06-08,0.21,0.21,0.21,0.21,0.0,0.0
00612.HK,2012-06-11,0.21,0.21,0.21,0.21,0.0,0.0
00612.HK,2012-06-12,0.21,0.21,0.21,0.21,0.0,0.0
00612.HK,2012-06-13,0.28,0.28,0.2,0.2,136000.0,0.0
00612.HK,2012-06-14,0.22,0.25,0.21,0.21,137600.0,0.0
00612.HK,2012-06-15,0.2,0.2,0.19,0.19,104000.0,0.0
00612.HK,2012-06-18,0.19,0.21,0.19,0.21,128000.0,0.0
00612.HK,2012-06-19,0.19,0.19,0.18,0.18,336000.0,0.0
00612.HK,2012-06-20,0.19,0.19,0.19,0.19,376000.0,0.0
00612.HK,2012-06-21,0.2,0.2,0.19,0.19,120000.0,0.0
00612.HK,2012-06-22,0.19,0.19,0.19,0.19,240000.0,0.0
00612.HK,2012-06-25,0.19,0.19,0.19,0.19,80000.0,0.0
00612.HK,2012-06-26,0.19,0.19,0.19,0.19,0.0,0.0
00612.HK,2012-06-27,0.19,0.19,0.19,0.19,164000.0,0.0
00612.HK,2012-06-28,0.18,0.19,0.18,0.18,44000.0,0.0
00612.HK,2012-06-29,0.19,0.19,0.19,0.19,0.0,0.0
00612.HK,2012-07-03,0.19,0.19,0.19,0.19,0.0,0.0
00612.HK,2012-07-04,0.19,0.19,0.19,0.19,0.0,0.0
00612.HK,2012-07-05,0.17,0.17,0.17,0.17,8000.0,0.0
00612.HK,2012-07-06,0.17,0.2,0.17,0.2,208000.0,0.0
00612.HK,2012-07-09,0.2,0.2,0.2,0.2,0.0,0.0
00612.HK,2012-07-10,0.2,0.2,0.18,0.2,260000.0,0.0
00612.HK,2012-07-11,0.2,0.2,0.2,0.2,0.0,0.0
00612.HK,2012-07-12,0.2,0.2,0.2,0.2,0.0,0.0
00612.HK,2012-07-13,0.2,0.23,0.2,0.23,40000.0,0.0
00612.HK,2012-07-16,0.22,0.22,0.22,0.22,0.0,0.0
00612.HK,2012-07-17,0.22,0.22,0.22,0.22,0.0,0.0
00612.HK,2012-07-18,0.22,0.22,0.22,0.22,0.0,0.0
00612.HK,2012-07-19,0.2,0.2,0.2,0.2,36000.0,0.0
00612.HK,2012-07-20,0.2,0.2,0.2,0.2,16000.0,0.0
00612.HK,2012-07-23,0.22,0.22,0.22,0.22,18000.0,0.0
00612.HK,2012-07-24,0.22,0.22,0.22,0.22,0.0,0.0
00612.HK,2012-07-25,0.22,0.24,0.22,0.24,384000.0,0.0
00612.HK,2012-07-26,0.24,0.24,0.24,0.24,0.0,0.0
00612.HK,2012-07-27,0.24,0.24,0.24,0.24,1600.0,0.0
00612.HK,2012-07-30,0.24,0.24,0.24,0.24,0.0,0.0
00612.HK,2012-07-31,0.24,0.24,0.24,0.24,0.0,0.0
00612.HK,2012-08-01,0.24,0.24,0.24,0.24,12000.0,0.0
00612.HK,2012-08-02,0.24,0.24,0.24,0.24,0.0,0.0
00612.HK,2012-08-03,0.24,0.24,0.24,0.24,0.0,0.0
00612.HK,2012-08-06,0.24,0.24,0.24,0.24,0.0,0.0
00612.HK,2012-08-07,0.24,0.24,0.24,0.24,2400.0,0.0
00612.HK,2012-08-08,0.24,0.24,0.24,0.24,0.0,0.0
00612.HK,2012-08-09,0.24,0.24,0.24,0.24,0.0,0.0
00612.HK,2012-08-10,0.24,0.24,0.24,0.24,0.0,0.0
00612.HK,2012-08-13,0.24,0.24,0.24,0.24,0.0,0.0
00612.HK,2012-08-14,0.24,0.24,0.24,0.24,0.0,0.0
00612.HK,2012-08-15,0.24,0.24,0.24,0.24,0.0,0.0
00612.HK,2012-08-16,0.24,0.24,0.24,0.24,6400.0,0.0
00612.HK,2012-08-17,0.24,0.24,0.24,0.24,0.0,0.0
00612.HK,2012-08-20,0.24,0.24,0.24,0.24,0.0,0.0
00612.HK,2012-08-21,0.24,0.25,0.24,0.25,264000.0,0.0
00612.HK,2012-08-22,0.25,0.25,0.25,0.25,12000.0,0.0
00612.HK,2012-08-23,0.25,0.25,0.25,0.25,0.0,0.0
00612.HK,2012-08-24,0.25,0.25,0.25,0.25,0.0,0.0
00612.HK,2012-08-27,0.24,0.24,0.24,0.24,3200.0,0.0
00612.HK,2012-08-28,0.24,0.24,0.24,0.24,0.0,0.0
00612.HK,2012-08-29,0.24,0.24,0.24,0.24,0.0,0.0
00612.HK,2012-08-30,0.24,0.25,0.24,0.25,125200.0,0.0
00612.HK,2012-08-31,0.3,0.3,0.25,0.25,40000.0,0.0
00612.HK,2012-09-03,0.25,0.26,0.25,0.26,142000.0,0.0
00612.HK,2012-09-04,0.25,0.32,0.25,0.25,89600.0,0.0
00612.HK,2012-09-05,0.25,0.25,0.25,0.25,0.0,0.0
00612.HK,2012-09-06,0.25,0.25,0.25,0.25,0.0,0.0
00612.HK,2012-09-07,0.25,0.25,0.25,0.25,24000.0,0.0
00612.HK,2012-09-10,0.28,0.28,0.25,0.25,104000.0,0.0
00612.HK,2012-09-11,0.25,0.26,0.25,0.26,144000.0,0.0
00612.HK,2012-09-12,0.26,0.26,0.26,0.26,12800.0,0.0
00612.HK,2012-09-13,0.26,0.26,0.25,0.26,140000.0,0.0
00612.HK,2012-09-14,0.26,0.26,0.26,0.26,140000.0,0.0
00612.HK,2012-09-17,0.25,0.25,0.25,0.25,8000.0,0.0
00612.HK,2012-09-18,0.25,0.25,0.25,0.25,9600.0,0.0
00612.HK,2012-09-19,0.25,0.25,0.25,0.25,0.0,0.0
00612.HK,2012-09-20,0.25,0.25,0.25,0.25,0.0,0.0
00612.HK,2012-09-21,0.25,0.26,0.25,0.26,276000.0,0.0
00612.HK,2012-09-24,0.26,0.26,0.26,0.26,2000.0,0.0
00612.HK,2012-09-25,0.26,0.26,0.26,0.26,0.0,0.0
00612.HK,2012-09-26,0.25,0.26,0.25,0.26,440000.0,0.0
00612.HK,2012-09-27,0.25,0.25,0.25,0.25,212000.0,0.0
00612.HK,2012-09-28,0.25,0.26,0.25,0.26,88000.0,0.0
00612.HK,2012-10-03,0.26,0.26,0.26,0.26,0.0,0.0
00612.HK,2012-10-04,0.26,0.26,0.26,0.26,0.0,0.0
00612.HK,2012-10-05,0.25,0.25,0.25,0.25,8000.0,0.0
00612.HK,2012-10-08,0.25,0.27,0.25,0.27,388800.0,0.0
00612.HK,2012-10-09,0.26,0.26,0.25,0.25,140800.0,0.0
00612.HK,2012-10-10,0.26,0.26,0.25,0.25,92000.0,0.0
00612.HK,2012-10-11,0.25,0.26,0.25,0.26,38400.0,0.0
00612.HK,2012-10-12,0.26,0.26,0.26,0.26,0.0,0.0
00612.HK,2012-10-15,0.26,0.26,0.25,0.25,79200.0,0.0
00612.HK,2012-10-16,0.25,0.25,0.25,0.25,15200.0,0.0
00612.HK,2012-10-17,0.25,0.25,0.25,0.25,344000.0,0.0
00612.HK,2012-10-18,0.25,0.25,0.25,0.25,772000.0,0.0
00612.HK,2012-10-19,0.25,0.25,0.25,0.25,117600.0,0.0
00612.HK,2012-10-22,0.25,0.25,0.25,0.25,175200.0,0.0
00612.HK,2012-10-24,0.25,0.25,0.25,0.25,1316000.0,0.0
00612.HK,2012-10-25,0.25,0.25,0.25,0.25,248000.0,0.0
00612.HK,2012-10-26,0.25,0.25,0.25,0.25,24000.0,0.0
00612.HK,2012-10-29,0.25,0.25,0.25,0.25,296000.0,0.0
00612.HK,2012-10-30,0.25,0.25,0.25,0.25,0.0,0.0
00612.HK,2012-10-31,0.25,0.25,0.25,0.25,0.0,0.0
00612.HK,2012-11-01,0.25,0.25,0.25,0.25,401600.0,0.0
00612.HK,2012-11-02,0.25,0.25,0.25,0.25,208800.0,0.0
00612.HK,2012-11-05,0.25,0.26,0.25,0.25,2649600.0,0.0
00612.HK,2012-11-06,0.25,0.25,0.25,0.25,180000.0,0.0
00612.HK,2012-11-07,0.25,0.25,0.25,0.25,208000.0,0.0
00612.HK,2012-11-08,0.25,0.25,0.25,0.25,80000.0,0.0
00612.HK,2012-11-09,0.25,0.26,0.25,0.25,320000.0,0.0
00612.HK,2012-11-12,0.25,0.25,0.25,0.25,108400.0,0.0
00612.HK,2012-11-13,0.25,0.25,0.25,0.25,295600.0,0.0
00612.HK,2012-11-14,0.25,0.25,0.25,0.25,64000.0,0.0
00612.HK,2012-11-15,0.25,0.25,0.25,0.25,256000.0,0.0
00612.HK,2012-11-16,0.25,0.25,0.25,0.25,2400.0,0.0
00612.HK,2012-11-19,0.25,0.25,0.25,0.25,96000.0,0.0
00612.HK,2012-11-20,0.25,0.25,0.25,0.25,167200.0,0.0
00612.HK,2012-11-21,0.25,0.25,0.25,0.25,3600.0,0.0
00612.HK,2012-11-22,0.25,0.25,0.25,0.25,116000.0,0.0
00612.HK,2012-11-23,0.25,0.25,0.25,0.25,416000.0,0.0
00612.HK,2012-11-26,0.25,0.25,0.25,0.25,30400.0,0.0
00612.HK,2012-11-27,0.25,0.25,0.25,0.25,10400.0,0.0
00612.HK,2012-11-28,0.25,0.25,0.25,0.25,60000.0,0.0
00612.HK,2012-11-29,0.25,0.25,0.25,0.25,24000.0,0.0
00612.HK,2012-11-30,0.24,0.24,0.24,0.24,192000.0,0.0
00612.HK,2012-12-03,0.24,0.24,0.24,0.24,120000.0,0.0
00612.HK,2012-12-04,0.24,0.24,0.24,0.24,24000.0,0.0
00612.HK,2012-12-05,0.24,0.24,0.24,0.24,40000.0,0.0
00612.HK,2012-12-06,0.24,0.24,0.24,0.24,320000.0,0.0
00612.HK,2012-12-07,0.24,0.24,0.24,0.24,0.0,0.0
00612.HK,2012-12-10,0.24,0.25,0.24,0.25,916000.0,0.0
00612.HK,2012-12-11,0.25,0.25,0.25,0.25,48000.0,0.0
00612.HK,2012-12-12,0.25,0.25,0.25,0.25,0.0,0.0
00612.HK,2012-12-13,0.25,0.25,0.25,0.25,0.0,0.0
00612.HK,2012-12-14,0.25,0.25,0.25,0.25,108000.0,0.0
00612.HK,2012-12-17,0.25,0.25,0.25,0.25,0.0,0.0
00612.HK,2012-12-18,0.24,0.24,0.24,0.24,94400.0,0.0
00612.HK,2012-12-19,0.24,0.24,0.24,0.24,17600.0,0.0
00612.HK,2012-12-20,0.24,0.24,0.24,0.24,8000.0,0.0
00612.HK,2012-12-21,0.24,0.24,0.24,0.24,16000.0,0.0
00612.HK,2012-12-24,0.24,0.24,0.24,0.24,656000.0,0.0
00612.HK,2012-12-27,0.24,0.24,0.24,0.24,77600.0,0.0
00612.HK,2012-12-28,0.24,0.25,0.24,0.25,1112000.0,0.0
00612.HK,2012-12-31,0.25,0.25,0.25,0.25,800.0,0.0
00612.HK,2013-01-02,0.25,0.25,0.24,0.24,304000.0,0.0
00612.HK,2013-01-03,0.25,0.25,0.24,0.24,938400.0,0.0
00612.HK,2013-01-04,0.24,0.24,0.24,0.24,64000.0,0.0
00612.HK,2013-01-07,0.24,0.24,0.24,0.24,352000.0,0.0
00612.HK,2013-01-08,0.24,0.24,0.24,0.24,228800.0,0.0
00612.HK,2013-01-09,0.24,0.24,0.24,0.24,385600.0,0.0
00612.HK,2013-01-10,0.24,0.24,0.24,0.24,308000.0,0.0
00612.HK,2013-01-11,0.24,0.24,0.24,0.24,216000.0,0.0
00612.HK,2013-01-14,0.24,0.24,0.24,0.24,16000.0,0.0
00612.HK,2013-01-15,0.24,0.24,0.24,0.24,0.0,0.0
00612.HK,2013-01-16,0.24,0.24,0.24,0.24,8000.0,0.0
00612.HK,2013-01-17,0.24,0.24,0.24,0.24,0.0,0.0
00612.HK,2013-01-18,0.24,0.24,0.24,0.24,592000.0,0.0
00612.HK,2013-01-21,0.24,0.24,0.24,0.24,128000.0,0.0
00612.HK,2013-01-22,0.24,0.24,0.23,0.23,404400.0,0.0
00612.HK,2013-01-23,0.23,0.23,0.23,0.23,184000.0,0.0
00612.HK,2013-01-24,0.23,0.23,0.22,0.22,548000.0,0.0
00612.HK,2013-01-25,0.22,0.22,0.22,0.22,8000.0,0.0
00612.HK,2013-01-28,0.22,0.22,0.22,0.22,0.0,0.0
00612.HK,2013-01-29,0.22,0.22,0.22,0.22,72000.0,0.0
00612.HK,2013-01-30,0.23,0.23,0.23,0.23,320000.0,0.0
00612.HK,2013-01-31,0.23,0.23,0.23,0.23,32000.0,0.0
00612.HK,2013-02-01,0.23,0.23,0.23,0.23,0.0,0.0
00612.HK,2013-02-04,0.23,0.23,0.23,0.23,0.0,0.0
00612.HK,2013-02-05,0.23,0.23,0.23,0.23,0.0,0.0
00612.HK,2013-02-06,0.22,0.22,0.22,0.22,344000.0,0.0
00612.HK,2013-02-07,0.22,0.22,0.22,0.22,0.0,0.0
00612.HK,2013-02-08,0.22,0.22,0.22,0.22,0.0,0.0
00612.HK,2013-02-14,0.22,0.24,0.22,0.24,40000.0,0.0
00612.HK,2013-02-15,0.23,0.24,0.23,0.24,80000.0,0.0
00612.HK,2013-02-18,0.22,0.23,0.22,0.23,112000.0,0.0
00612.HK,2013-02-19,0.22,0.22,0.22,0.22,124000.0,0.0
00612.HK,2013-02-20,0.22,0.24,0.22,0.22,499200.0,0.0
00612.HK,2013-02-21,0.22,0.22,0.22,0.22,24000.0,0.0
00612.HK,2013-02-22,0.21,0.23,0.21,0.23,808000.0,0.0
00612.HK,2013-02-25,0.21,0.22,0.21,0.22,116000.0,0.0
00612.HK,2013-02-26,0.22,0.22,0.22,0.22,232000.0,0.0
00612.HK,2013-02-27,0.22,0.22,0.22,0.22,0.0,0.0
00612.HK,2013-02-28,0.22,0.22,0.22,0.22,0.0,0.0
00612.HK,2013-03-01,0.2,0.2,0.2,0.2,32000.0,0.0
00612.HK,2013-03-04,0.19,0.19,0.19,0.19,0.0,0.0
00612.HK,2013-03-05,0.19,0.19,0.19,0.19,43600.0,0.0
00612.HK,2013-03-06,0.2,0.2,0.18,0.18,32000.0,0.0
00612.HK,2013-03-07,0.21,0.21,0.21,0.21,16000.0,0.0
00612.HK,2013-03-08,0.24,0.24,0.2,0.2,75200.0,0.0
00612.HK,2013-03-11,0.2,0.2,0.2,0.2,385600.0,0.0
00612.HK,2013-03-12,0.2,0.2,0.19,0.19,164000.0,0.0
00612.HK,2013-03-13,0.19,0.19,0.19,0.19,80000.0,0.0
00612.HK,2013-03-14,0.19,0.19,0.19,0.19,0.0,0.0
00612.HK,2013-03-15,0.18,0.2,0.17,0.2,104000.0,0.0
00612.HK,2013-03-18,0.2,0.2,0.2,0.2,0.0,0.0
00612.HK,2013-03-19,0.17,0.19,0.16,0.19,296000.0,0.0
00612.HK,2013-03-20,0.19,0.19,0.19,0.19,48000.0,0.0
00612.HK,2013-03-21,0.19,0.19,0.19,0.19,48000.0,0.0
00612.HK,2013-03-22,0.19,0.19,0.19,0.19,2000.0,0.0
00612.HK,2013-03-25,0.2,0.2,0.19,0.2,1732000.0,0.0
00612.HK,2013-03-26,0.2,0.2,0.2,0.2,0.0,0.0
00612.HK,2013-03-27,0.19,0.19,0.19,0.19,8800.0,0.0
00612.HK,2013-03-28,0.21,0.21,0.21,0.21,616800.0,0.0
00612.HK,2013-04-02,0.21,0.21,0.21,0.21,0.0,0.0
00612.HK,2013-04-03,0.19,0.19,0.19,0.19,82400.0,0.0
00612.HK,2013-04-05,0.19,0.19,0.19,0.19,0.0,0.0
00612.HK,2013-04-08,0.19,0.19,0.19,0.19,0.0,0.0
00612.HK,2013-04-09,0.19,0.19,0.19,0.19,47200.0,0.0
00612.HK,2013-04-10,0.19,0.19,0.19,0.19,74600.0,0.0
00612.HK,2013-04-11,0.19,0.19,0.19,0.19,0.0,0.0
00612.HK,2013-04-12,0.19,0.19,0.19,0.19,0.0,0.0
00612.HK,2013-04-15,0.19,0.19,0.19,0.19,60000.0,0.0
00612.HK,2013-04-16,0.19,0.19,0.19,0.19,0.0,0.0
00612.HK,2013-04-17,0.19,0.19,0.19,0.19,0.0,0.0
00612.HK,2013-04-18,0.19,0.19,0.19,0.19,0.0,0.0
00612.HK,2013-04-19,0.19,0.19,0.19,0.19,0.0,0.0
00612.HK,2013-04-22,0.18,0.19,0.18,0.19,16000.0,0.0
00612.HK,2013-04-23,0.19,0.19,0.19,0.19,0.0,0.0
00612.HK,2013-04-24,0.19,0.19,0.19,0.19,0.0,0.0
00612.HK,2013-04-25,0.19,0.19,0.19,0.19,0.0,0.0
00612.HK,2013-04-26,0.19,0.19,0.19,0.19,200.0,0.0
00612.HK,2013-04-29,0.19,0.19,0.19,0.19,0.0,0.0
00612.HK,2013-04-30,0.19,0.19,0.19,0.19,0.0,0.0
00612.HK,2013-05-02,0.19,0.19,0.19,0.19,0.0,0.0
00612.HK,2013-05-03,0.19,0.19,0.19,0.19,0.0,0.0
00612.HK,2013-05-06,0.19,0.19,0.19,0.19,400.0,0.0
00612.HK,2013-05-07,0.19,0.19,0.19,0.19,0.0,0.0
00612.HK,2013-05-08,0.17,0.18,0.17,0.18,164000.0,0.0
00612.HK,2013-05-09,0.17,0.17,0.17,0.17,20000.0,0.0
00612.HK,2013-05-10,0.16,0.17,0.16,0.17,67600.0,0.0
00612.HK,2013-05-13,0.17,0.17,0.17,0.17,0.0,0.0
00612.HK,2013-05-14,0.17,0.17,0.17,0.17,0.0,0.0
00612.HK,2013-05-15,0.16,0.18,0.16,0.18,372000.0,0.0
00612.HK,2013-05-16,0.17,0.2,0.16,0.2,193600.0,0.0
00612.HK,2013-05-20,0.2,0.2,0.2,0.2,68000.0,0.0
00612.HK,2013-05-21,0.19,0.19,0.19,0.19,0.0,0.0
00612.HK,2013-05-22,0.19,0.19,0.19,0.19,2400.0,0.0
00612.HK,2013-05-23,0.18,0.18,0.18,0.18,9600.0,0.0
00612.HK,2013-05-24,0.18,0.18,0.18,0.18,0.0,0.0
00612.HK,2013-05-27,0.17,0.17,0.17,0.17,26400.0,0.0
00612.HK,2013-05-28,0.17,0.17,0.17,0.17,4800.0,0.0
00612.HK,2013-05-29,0.18,0.18,0.18,0.18,8000.0,0.0
00612.HK,2013-05-30,0.18,0.18,0.18,0.18,0.0,0.0
00612.HK,2013-05-31,0.18,0.18,0.18,0.18,0.0,0.0
00612.HK,2013-06-03,0.17,0.18,0.17,0.17,284800.0,0.0
00612.HK,2013-06-04,0.17,0.17,0.17,0.17,0.0,0.0
00612.HK,2013-06-05,0.17,0.17,0.17,0.17,4000.0,0.0
00612.HK,2013-06-06,0.17,0.17,0.17,0.17,0.0,0.0
00612.HK,2013-06-07,0.17,0.17,0.17,0.17,0.0,0.0
00612.HK,2013-06-10,0.17,0.17,0.17,0.17,0.0,0.0
00612.HK,2013-06-11,0.17,0.17,0.17,0.17,9600.0,0.0
00612.HK,2013-06-13,0.17,0.17,0.17,0.17,0.0,0.0
00612.HK,2013-06-14,0.17,0.17,0.17,0.17,0.0,0.0
00612.HK,2013-06-17,0.17,0.17,0.17,0.17,4000.0,0.0
00612.HK,2013-06-18,0.17,0.17,0.17,0.17,0.0,0.0
00612.HK,2013-06-19,0.17,0.17,0.17,0.17,0.0,0.0
00612.HK,2013-06-20,0.17,0.17,0.17,0.17,0.0,0.0
00612.HK,2013-06-21,0.15,0.15,0.15,0.15,12000.0,0.0
00612.HK,2013-06-24,0.15,0.15,0.15,0.15,0.0,0.0
00612.HK,2013-06-25,0.15,0.15,0.15,0.15,0.0,0.0
00612.HK,2013-06-26,0.16,0.16,0.16,0.16,24000.0,0.0
00612.HK,2013-06-27,0.16,0.16,0.16,0.16,0.0,0.0
00612.HK,2013-06-28,0.16,0.16,0.16,0.16,0.0,0.0
00612.HK,2013-07-02,0.2,0.2,0.19,0.19,8000.0,0.0
00612.HK,2013-07-03,0.19,0.19,0.19,0.19,0.0,0.0
00612.HK,2013-07-04,0.19,0.19,0.19,0.19,0.0,0.0
00612.HK,2013-07-05,0.19,0.19,0.19,0.19,0.0,0.0
00612.HK,2013-07-08,0.19,0.19,0.19,0.19,0.0,0.0
00612.HK,2013-07-09,0.19,0.19,0.19,0.19,0.0,0.0
00612.HK,2013-07-10,0.17,0.17,0.17,0.17,50000.0,0.0
00612.HK,2013-07-11,0.17,0.17,0.17,0.17,0.0,0.0
00612.HK,2013-07-12,0.15,0.16,0.15,0.16,63200.0,0.0
00612.HK,2013-07-15,0.16,0.16,0.16,0.16,0.0,0.0
00612.HK,2013-07-16,0.16,0.16,0.16,0.16,0.0,0.0
00612.HK,2013-07-17,0.15,0.16,0.15,0.16,52000.0,0.0
00612.HK,2013-07-18,0.16,0.16,0.16,0.16,0.0,0.0
00612.HK,2013-07-19,0.16,0.16,0.16,0.16,0.0,0.0
00612.HK,2013-07-22,0.16,0.16,0.16,0.16,0.0,0.0
00612.HK,2013-07-23,0.16,0.16,0.16,0.16,0.0,0.0
00612.HK,2013-07-24,0.16,0.16,0.16,0.16,0.0,0.0
00612.HK,2013-07-25,0.15,0.16,0.15,0.16,132000.0,0.0
00612.HK,2013-07-26,0.18,0.18,0.18,0.18,112000.0,0.0
00612.HK,2013-07-29,0.16,0.16,0.16,0.16,8000.0,0.0
00612.HK,2013-07-30,0.16,0.16,0.16,0.16,18400.0,0.0
00612.HK,2013-07-31,0.16,0.16,0.16,0.16,0.0,0.0
00612.HK,2013-08-01,0.16,0.16,0.16,0.16,0.0,0.0
00612.HK,2013-08-02,0.16,0.16,0.16,0.16,0.0,0.0
00612.HK,2013-08-05,0.15,0.16,0.15,0.16,44800.0,0.0
00612.HK,2013-08-06,0.16,0.16,0.16,0.16,0.0,0.0
00612.HK,2013-08-07,0.16,0.16,0.16,0.16,0.0,0.0
00612.HK,2013-08-08,0.16,0.23,0.16,0.21,476000.0,0.0
00612.HK,2013-08-09,0.18,0.18,0.18,0.18,40000.0,0.0
00612.HK,2013-08-12,0.2,0.22,0.2,0.2,239200.0,0.0
00612.HK,2013-08-13,0.2,0.2,0.18,0.18,712000.0,0.0
00612.HK,2013-08-15,0.18,0.18,0.18,0.18,0.0,0.0
00612.HK,2013-08-16,0.18,0.18,0.18,0.18,0.0,0.0
00612.HK,2013-08-19,0.18,0.18,0.18,0.18,0.0,0.0
00612.HK,2013-08-20,0.19,0.19,0.19,0.19,128000.0,0.0
00612.HK,2013-08-21,0.19,0.19,0.19,0.19,0.0,0.0
00612.HK,2013-08-22,0.19,0.19,0.19,0.19,0.0,0.0
00612.HK,2013-08-23,0.19,0.19,0.18,0.18,24000.0,0.0
00612.HK,2013-08-26,0.18,0.18,0.17,0.17,576000.0,0.0
00612.HK,2013-08-27,0.17,0.17,0.17,0.17,600000.0,0.0
00612.HK,2013-08-28,0.16,0.16,0.16,0.16,8000.0,0.0
00612.HK,2013-08-29,0.16,0.16,0.16,0.16,28000.0,0.0
00612.HK,2013-08-30,0.16,0.16,0.16,0.16,0.0,0.0
00612.HK,2013-09-02,0.18,0.18,0.17,0.18,728000.0,0.0
00612.HK,2013-09-03,0.18,0.18,0.18,0.18,400.0,0.0
00612.HK,2013-09-04,0.18,0.18,0.18,0.18,0.0,0.0
00612.HK,2013-09-05,0.16,0.17,0.16,0.17,24000.0,0.0
00612.HK,2013-09-06,0.17,0.17,0.17,0.17,125600.0,0.0
00612.HK,2013-09-09,0.17,0.17,0.17,0.17,480000.0,0.0
00612.HK,2013-09-10,0.17,0.19,0.17,0.19,602400.0,0.0
00612.HK,2013-09-11,0.2,0.2,0.17,0.17,749600.0,0.0
00612.HK,2013-09-12,0.18,0.18,0.17,0.17,106800.0,0.0
00612.HK,2013-09-13,0.17,0.17,0.17,0.17,0.0,0.0
00612.HK,2013-09-16,0.17,0.17,0.17,0.17,0.0,0.0
00612.HK,2013-09-17,0.16,0.17,0.16,0.17,46000.0,0.0
00612.HK,2013-09-18,0.17,0.18,0.17,0.18,968800.0,0.0
00612.HK,2013-09-19,0.19,0.19,0.18,0.18,100800.0,0.0
00612.HK,2013-09-23,0.18,0.18,0.18,0.18,0.0,0.0
00612.HK,2013-09-24,0.16,0.17,0.16,0.17,104000.0,0.0
00612.HK,2013-09-25,0.17,0.17,0.17,0.17,0.0,0.0
00612.HK,2013-09-26,0.17,0.17,0.17,0.17,104000.0,0.0
00612.HK,2013-09-27,0.17,0.17,0.17,0.17,357200.0,0.0
00612.HK,2013-09-30,0.18,0.18,0.18,0.18,80000.0,0.0
00612.HK,2013-10-02,0.19,0.19,0.19,0.19,56000.0,0.0
00612.HK,2013-10-03,0.18,0.18,0.18,0.18,0.0,0.0
00612.HK,2013-10-04,0.18,0.18,0.18,0.18,0.0,0.0
00612.HK,2013-10-07,0.18,0.18,0.18,0.18,4000.0,0.0
00612.HK,2013-10-08,0.17,0.19,0.17,0.17,500800.0,0.0
00612.HK,2013-10-09,0.17,0.17,0.17,0.17,19200.0,0.0
00612.HK,2013-10-10,0.17,0.17,0.17,0.17,11200.0,0.0
00612.HK,2013-10-11,0.17,0.17,0.17,0.17,8000.0,0.0
00612.HK,2013-10-15,0.17,0.17,0.17,0.17,0.0,0.0
00612.HK,2013-10-16,0.17,0.17,0.17,0.17,0.0,0.0
00612.HK,2013-10-17,0.15,0.17,0.15,0.17,312000.0,0.0
00612.HK,2013-10-18,0.17,0.17,0.17,0.17,300000.0,0.0
00612.HK,2013-10-21,0.17,0.17,0.17,0.17,72000.0,0.0
00612.HK,2013-10-22,0.17,0.17,0.17,0.17,0.0,0.0
00612.HK,2013-10-23,0.17,0.17,0.17,0.17,117600.0,0.0
00612.HK,2013-10-24,0.18,0.18,0.18,0.18,0.0,0.0
00612.HK,2013-10-25,0.2,0.21,0.19,0.2,2428000.0,0.0
00612.HK,2013-10-28,0.2,0.2,0.2,0.2,0.0,0.0
00612.HK,2013-10-29,0.19,0.2,0.19,0.19,328000.0,0.0
00612.HK,2013-10-30,0.2,0.21,0.2,0.21,1064000.0,0.0
00612.HK,2013-10-31,0.21,0.23,0.21,0.22,960000.0,0.0
00612.HK,2013-11-01,0.21,0.21,0.21,0.21,608000.0,0.0
00612.HK,2013-11-04,0.21,0.21,0.21,0.21,208000.0,0.0
00612.HK,2013-11-05,0.2,0.2,0.2,0.2,13600.0,0.0
00612.HK,2013-11-06,0.2,0.2,0.2,0.2,0.0,0.0
00612.HK,2013-11-07,0.2,0.2,0.2,0.2,0.0,0.0
00612.HK,2013-11-08,0.19,0.2,0.19,0.2,80000.0,0.0
00612.HK,2013-11-11,0.21,0.22,0.21,0.22,368000.0,0.0
00612.HK,2013-11-12,0.22,0.22,0.22,0.22,6400.0,0.0
00612.HK,2013-11-13,0.22,0.22,0.22,0.22,0.0,0.0
00612.HK,2013-11-14,0.22,0.25,0.22,0.23,5189200.0,0.0
00612.HK,2013-11-15,0.23,0.24,0.23,0.23,248800.0,0.0
00612.HK,2013-11-18,0.23,0.23,0.23,0.23,0.0,0.0
00612.HK,2013-11-19,0.23,0.23,0.21,0.22,174800.0,0.0
00612.HK,2013-11-20,0.23,0.23,0.21,0.21,77600.0,0.0
00612.HK,2013-11-21,0.21,0.21,0.21,0.21,80000.0,0.0
00612.HK,2013-11-22,0.2,0.22,0.2,0.22,120000.0,0.0
00612.HK,2013-11-25,0.22,0.22,0.22,0.22,40000.0,0.0
00612.HK,2013-11-26,0.22,0.22,0.22,0.22,0.0,0.0
00612.HK,2013-11-27,0.21,0.21,0.21,0.21,128000.0,0.0
00612.HK,2013-11-28,0.21,0.22,0.2,0.2,414000.0,0.0
00612.HK,2013-11-29,0.21,0.21,0.21,0.21,8000.0,0.0
00612.HK,2013-12-02,0.2,0.21,0.2,0.21,244800.0,0.0
00612.HK,2013-12-03,0.22,0.23,0.22,0.22,220000.0,0.0
00612.HK,2013-12-04,0.22,0.23,0.22,0.23,348000.0,0.0
00612.HK,2013-12-05,0.23,0.23,0.23,0.23,0.0,0.0
00612.HK,2013-12-06,0.23,0.23,0.23,0.23,0.0,0.0
00612.HK,2013-12-09,0.23,0.23,0.23,0.23,40800.0,0.0
00612.HK,2013-12-10,0.23,0.23,0.23,0.23,0.0,0.0
00612.HK,2013-12-11,0.24,0.26,0.23,0.23,932800.0,0.0
00612.HK,2013-12-12,0.23,0.25,0.22,0.25,1234400.0,0.0
00612.HK,2013-12-13,0.24,0.24,0.24,0.24,84000.0,0.0
00612.HK,2013-12-16,0.24,0.24,0.24,0.24,32000.0,0.0
00612.HK,2013-12-17,0.24,0.24,0.24,0.24,12000.0,0.0
00612.HK,2013-12-18,0.24,0.24,0.24,0.24,0.0,0.0
00612.HK,2013-12-19,0.24,0.24,0.24,0.24,4800.0,0.0
00612.HK,2013-12-20,0.25,0.25,0.23,0.23,172000.0,0.0
00612.HK,2013-12-23,0.23,0.23,0.21,0.23,319200.0,0.0
00612.HK,2013-12-24,0.23,0.23,0.23,0.23,8000.0,0.0
00612.HK,2013-12-27,0.23,0.23,0.23,0.23,0.0,0.0
00612.HK,2013-12-30,0.23,0.23,0.22,0.23,96000.0,0.0
00612.HK,2013-12-31,0.23,0.23,0.23,0.23,28000.0,0.0
00612.HK,2014-01-02,0.23,0.23,0.23,0.23,48000.0,0.0
00612.HK,2014-01-03,0.23,0.23,0.23,0.23,0.0,0.0
00612.HK,2014-01-06,0.22,0.22,0.22,0.22,12000.0,0.0
00612.HK,2014-01-07,0.22,0.22,0.22,0.22,0.0,0.0
00612.HK,2014-01-08,0.23,0.23,0.23,0.23,368000.0,0.0
00612.HK,2014-01-09,0.23,0.23,0.23,0.23,8000.0,0.0
00612.HK,2014-01-10,0.23,0.23,0.23,0.23,25600.0,0.0
00612.HK,2014-01-13,0.23,0.23,0.23,0.23,0.0,0.0
00612.HK,2014-01-14,0.23,0.23,0.23,0.23,0.0,0.0
00612.HK,2014-01-15,0.23,0.23,0.23,0.23,0.0,0.0
00612.HK,2014-01-16,0.24,0.25,0.23,0.23,896000.0,0.0
00612.HK,2014-01-17,0.24,0.24,0.23,0.23,1084000.0,0.0
00612.HK,2014-01-20,0.23,0.24,0.23,0.24,856400.0,0.0
00612.HK,2014-01-21,0.24,0.24,0.24,0.24,1600.0,0.0
00612.HK,2014-01-22,0.23,0.24,0.23,0.24,88000.0,0.0
00612.HK,2014-01-23,0.24,0.24,0.24,0.24,0.0,0.0
00612.HK,2014-01-24,0.24,0.24,0.24,0.24,0.0,0.0
00612.HK,2014-01-27,0.25,0.25,0.24,0.24,296000.0,0.0
00612.HK,2014-01-28,0.24,0.24,0.24,0.24,0.0,0.0
00612.HK,2014-01-29,0.25,0.25,0.25,0.25,0.0,0.0
00612.HK,2014-01-30,0.25,0.25,0.25,0.25,0.0,0.0
00612.HK,2014-02-04,0.25,0.26,0.25,0.26,512000.0,0.0
00612.HK,2014-02-05,0.26,0.26,0.26,0.26,0.0,0.0
00612.HK,2014-02-06,0.24,0.24,0.23,0.23,34400.0,0.0
00612.HK,2014-02-07,0.23,0.23,0.23,0.23,0.0,0.0
00612.HK,2014-02-10,0.24,0.24,0.24,0.24,8000.0,0.0
00612.HK,2014-02-11,0.25,0.25,0.24,0.24,533600.0,0.0
00612.HK,2014-02-12,0.24,0.25,0.24,0.25,768000.0,0.0
00612.HK,2014-02-13,0.27,0.27,0.24,0.24,728000.0,0.0
00612.HK,2014-02-14,0.26,0.27,0.26,0.26,1062000.0,0.0
00612.HK,2014-02-17,0.3,0.33,0.3,0.32,3321000.0,0.0
00612.HK,2014-02-18,0.32,0.32,0.26,0.3,770400.0,0.0
00612.HK,2014-02-19,0.27,0.3,0.27,0.29,902400.0,0.0
00612.HK,2014-02-20,0.31,0.34,0.3,0.32,2057600.0,0.0
00612.HK,2014-02-21,0.29,0.34,0.28,0.3,1736800.0,0.0
00612.HK,2014-02-24,0.32,0.32,0.29,0.3,340000.0,0.0
00612.HK,2014-02-25,0.29,0.32,0.29,0.3,140000.0,0.0
00612.HK,2014-02-26,0.3,0.32,0.3,0.32,53600.0,0.0
00612.HK,2014-02-27,0.3,0.31,0.3,0.31,52400.0,0.0
00612.HK,2014-02-28,0.3,0.31,0.3,0.3,214400.0,0.0
00612.HK,2014-03-03,0.31,0.31,0.29,0.29,477600.0,0.0
00612.HK,2014-03-04,0.3,0.3,0.3,0.3,0.0,0.0
00612.HK,2014-03-05,0.3,0.3,0.28,0.3,268000.0,0.0
00612.HK,2014-03-06,0.3,0.3,0.29,0.29,610000.0,0.0
00612.HK,2014-03-07,0.29,0.29,0.28,0.28,1276800.0,0.0
00612.HK,2014-03-10,0.28,0.29,0.28,0.28,404000.0,0.0
00612.HK,2014-03-11,0.28,0.28,0.28,0.28,360000.0,0.0
00612.HK,2014-03-12,0.28,0.28,0.28,0.28,0.0,0.0
00612.HK,2014-03-13,0.28,0.28,0.28,0.28,32000.0,0.0
00612.HK,2014-03-14,0.26,0.27,0.26,0.27,100000.0,0.0
00612.HK,2014-03-17,0.25,0.25,0.25,0.25,8000.0,0.0
00612.HK,2014-03-18,0.25,0.25,0.24,0.25,132000.0,0.0
00612.HK,2014-03-19,0.26,0.26,0.25,0.25,88000.0,0.0
00612.HK,2014-03-20,0.25,0.25,0.25,0.25,0.0,0.0
00612.HK,2014-03-21,0.23,0.24,0.23,0.24,576000.0,0.0
00612.HK,2014-03-24,0.26,0.26,0.24,0.25,296000.0,0.0
00612.HK,2014-03-25,0.25,0.25,0.25,0.25,0.0,0.0
00612.HK,2014-03-26,0.25,0.25,0.25,0.25,112000.0,0.0
00612.HK,2014-03-27,0.26,0.31,0.26,0.26,2528000.0,0.0
00612.HK,2014-03-28,0.26,0.26,0.26,0.26,0.0,0.0
00612.HK,2014-03-31,0.26,0.26,0.23,0.24,184000.0,0.0
00612.HK,2014-04-01,0.24,0.24,0.24,0.24,0.0,0.0
00612.HK,2014-04-02,0.24,0.24,0.24,0.24,188000.0,0.0
00612.HK,2014-04-03,0.24,0.24,0.24,0.24,0.0,0.0
00612.HK,2014-04-04,0.23,0.24,0.23,0.24,52000.0,0.0
00612.HK,2014-04-07,0.24,0.24,0.24,0.24,0.0,0.0
00612.HK,2014-04-08,0.24,0.27,0.24,0.26,677600.0,0.0
00612.HK,2014-04-09,0.25,0.25,0.25,0.25,167200.0,0.0
00612.HK,2014-04-10,0.26,0.26,0.26,0.26,136000.0,0.0
00612.HK,2014-04-11,0.24,0.24,0.24,0.24,24000.0,0.0
00612.HK,2014-04-14,0.24,0.24,0.24,0.24,800.0,0.0
00612.HK,2014-04-15,0.24,0.24,0.24,0.24,0.0,0.0
00612.HK,2014-04-16,0.23,0.23,0.23,0.23,72000.0,0.0
00612.HK,2014-04-17,0.24,0.25,0.24,0.25,72000.0,0.0
00612.HK,2014-04-22,0.25,0.25,0.25,0.25,0.0,0.0
00612.HK,2014-04-23,0.25,0.25,0.25,0.25,0.0,0.0
00612.HK,2014-04-24,0.24,0.24,0.23,0.24,592000.0,0.0
00612.HK,2014-04-25,0.23,0.23,0.23,0.23,808000.0,0.0
00612.HK,2014-04-28,0.23,0.23,0.23,0.23,16000.0,0.0
00612.HK,2014-04-29,0.24,0.24,0.23,0.24,336000.0,0.0
00612.HK,2014-04-30,0.23,0.24,0.23,0.24,512000.0,0.0
00612.HK,2014-05-02,0.24,0.25,0.24,0.25,296000.0,0.0
00612.HK,2014-05-05,0.23,0.23,0.23,0.23,248800.0,0.0
00612.HK,2014-05-07,0.24,0.25,0.24,0.24,610400.0,0.0
00612.HK,2014-05-08,0.24,0.24,0.23,0.23,120000.0,0.0
00612.HK,2014-05-09,0.23,0.24,0.23,0.24,260000.0,0.0
00612.HK,2014-05-12,0.24,0.25,0.23,0.24,392000.0,0.0
00612.HK,2014-05-13,0.24,0.24,0.24,0.24,120000.0,0.0
00612.HK,2014-05-14,0.22,0.22,0.2,0.22,1592000.0,0.0
00612.HK,2014-05-15,0.22,0.22,0.22,0.22,0.0,0.0
00612.HK,2014-05-16,0.21,0.23,0.21,0.22,589600.0,0.0
00612.HK,2014-05-19,0.22,0.22,0.21,0.22,296000.0,0.0
00612.HK,2014-05-20,0.25,0.25,0.24,0.24,384800.0,0.0
00612.HK,2014-05-21,0.22,0.23,0.22,0.23,464000.0,0.0
00612.HK,2014-05-22,0.23,0.23,0.23,0.23,1600.0,0.0
00612.HK,2014-05-23,0.23,0.23,0.23,0.23,0.0,0.0
00612.HK,2014-05-26,0.22,0.22,0.22,0.22,8000.0,0.0
00612.HK,2014-05-27,0.26,0.26,0.23,0.24,1364000.0,0.0
00612.HK,2014-05-28,0.25,0.26,0.25,0.26,76000.0,0.0
00612.HK,2014-05-29,0.25,0.26,0.25,0.25,403200.0,0.0
00612.HK,2014-05-30,0.25,0.25,0.25,0.25,0.0,0.0
00612.HK,2014-06-03,0.24,0.24,0.24,0.24,11200.0,0.0
00612.HK,2014-06-04,0.25,0.27,0.25,0.25,1536000.0,0.0
00612.HK,2014-06-05,0.25,0.25,0.25,0.25,276000.0,0.0
00612.HK,2014-06-06,0.25,0.25,0.25,0.25,192000.0,0.0
00612.HK,2014-06-09,0.25,0.25,0.25,0.25,0.0,0.0
00612.HK,2014-06-10,0.25,0.25,0.25,0.25,0.0,0.0
00612.HK,2014-06-11,0.24,0.24,0.24,0.24,34000.0,0.0
00612.HK,2014-06-12,0.24,0.25,0.24,0.25,64000.0,0.0
00612.HK,2014-06-13,0.25,0.25,0.25,0.25,120000.0,0.0
00612.HK,2014-06-16,0.24,0.25,0.24,0.25,92000.0,0.0
00612.HK,2014-06-17,0.23,0.25,0.23,0.25,40000.0,0.0
00612.HK,2014-06-18,0.25,0.26,0.25,0.25,16000.0,0.0
00612.HK,2014-06-19,0.25,0.25,0.25,0.25,40000.0,0.0
00612.HK,2014-06-20,0.25,0.25,0.25,0.25,456000.0,0.0
00612.HK,2014-06-23,0.25,0.25,0.25,0.25,200000.0,0.0
00612.HK,2014-06-24,0.25,0.25,0.25,0.25,200000.0,0.0
00612.HK,2014-06-25,0.25,0.25,0.25,0.25,336800.0,0.0
00612.HK,2014-06-26,0.25,0.25,0.25,0.25,8000.0,0.0
00612.HK,2014-06-27,0.26,0.26,0.25,0.25,264800.0,0.0
00612.HK,2014-06-30,0.25,0.26,0.25,0.26,32000.0,0.0
00612.HK,2014-07-02,0.26,0.26,0.26,0.26,424000.0,0.0
00612.HK,2014-07-03,0.26,0.26,0.26,0.26,144000.0,0.0
00612.HK,2014-07-04,0.26,0.26,0.26,0.26,9600.0,0.0
00612.HK,2014-07-07,0.26,0.26,0.26,0.26,16000.0,0.0
00612.HK,2014-07-08,0.26,0.26,0.26,0.26,0.0,0.0
00612.HK,2014-07-09,0.27,0.27,0.24,0.26,310400.0,0.0
00612.HK,2014-07-10,0.26,0.26,0.26,0.26,0.0,0.0
00612.HK,2014-07-11,0.25,0.26,0.25,0.26,104000.0,0.0
00612.HK,2014-07-14,0.26,0.26,0.26,0.26,40000.0,0.0
00612.HK,2014-07-15,0.24,0.26,0.24,0.25,2328000.0,0.0
00612.HK,2014-07-16,0.25,0.25,0.25,0.25,404000.0,0.0
00612.HK,2014-07-17,0.24,0.25,0.24,0.25,20000.0,0.0
00612.HK,2014-07-18,0.23,0.25,0.23,0.23,320000.0,0.0
00612.HK,2014-07-21,0.21,0.25,0.21,0.25,144000.0,0.0
00612.HK,2014-07-22,0.25,0.25,0.25,0.25,4000.0,0.0
00612.HK,2014-07-23,0.25,0.27,0.25,0.27,1202123.0,0.0
00612.HK,2014-07-24,0.27,0.28,0.26,0.27,1528000.0,0.0
00612.HK,2014-07-25,0.28,0.31,0.26,0.29,3190000.0,0.0
00612.HK,2014-07-28,0.29,0.29,0.28,0.29,1712000.0,0.0
00612.HK,2014-07-29,0.29,0.3,0.28,0.29,596000.0,0.0
00612.HK,2014-07-30,0.28,0.28,0.26,0.28,154000.0,0.0
00612.HK,2014-07-31,0.27,0.29,0.27,0.29,228000.0,0.0
00612.HK,2014-08-01,0.29,0.29,0.29,0.29,80000.0,0.0
00612.HK,2014-08-04,0.29,0.32,0.29,0.3,2139200.0,0.0
00612.HK,2014-08-05,0.3,0.31,0.29,0.31,164800.0,0.0
00612.HK,2014-08-06,0.3,0.42,0.3,0.37,19776400.0,0.0
00612.HK,2014-08-07,0.38,0.38,0.32,0.33,3668000.0,0.0
00612.HK,2014-08-08,0.34,0.4,0.34,0.35,11462400.0,0.0
00612.HK,2014-08-11,0.36,0.37,0.34,0.34,3184000.0,0.0
00612.HK,2014-08-12,0.34,0.36,0.31,0.32,2840000.0,0.0
00612.HK,2014-08-13,0.31,0.33,0.3,0.31,3166400.0,0.0
00612.HK,2014-08-14,0.3,0.31,0.27,0.29,4376000.0,0.0
00612.HK,2014-08-15,0.3,0.31,0.29,0.3,800000.0,0.0
00612.HK,2014-08-18,0.3,0.32,0.28,0.31,2880000.0,0.0
00612.HK,2014-08-19,0.29,0.32,0.29,0.3,2216000.0,0.0
00612.HK,2014-08-20,0.32,0.32,0.31,0.31,730000.0,0.0
00612.HK,2014-08-21,0.31,0.31,0.29,0.3,459600.0,0.0
00612.HK,2014-08-22,0.3,0.3,0.3,0.3,256000.0,0.0
00612.HK,2014-08-25,0.29,0.29,0.28,0.29,200000.0,0.0
00612.HK,2014-08-26,0.29,0.3,0.29,0.3,645600.0,0.0
00612.HK,2014-08-27,0.29,0.29,0.29,0.29,48000.0,0.0
00612.HK,2014-08-28,0.29,0.29,0.27,0.27,1059200.0,0.0
00612.HK,2014-08-29,0.27,0.27,0.27,0.27,296000.0,0.0
00612.HK,2014-09-01,0.29,0.29,0.29,0.29,96000.0,0.0
00612.HK,2014-09-02,0.29,0.33,0.29,0.3,1728000.0,0.0
00612.HK,2014-09-03,0.3,0.31,0.3,0.31,667200.0,0.0
00612.HK,2014-09-04,0.31,0.32,0.3,0.32,336400.0,0.0
00612.HK,2014-09-05,0.31,0.32,0.31,0.32,640000.0,0.0
00612.HK,2014-09-08,0.32,0.42,0.32,0.38,29474400.0,0.0
00612.HK,2014-09-10,0.38,0.4,0.36,0.39,8088000.0,0.0
00612.HK,2014-09-11,0.4,0.4,0.35,0.35,11834400.0,0.0
00612.HK,2014-09-12,0.35,0.35,0.34,0.35,1064000.0,0.0
00612.HK,2014-09-15,0.35,0.35,0.32,0.32,2472000.0,0.0
00612.HK,2014-09-16,0.32,0.33,0.32,0.33,744000.0,0.0
00612.HK,2014-09-17,0.33,0.36,0.33,0.34,2048000.0,0.0
00612.HK,2014-09-18,0.34,0.35,0.33,0.35,632000.0,0.0
00612.HK,2014-09-19,0.34,0.35,0.33,0.35,224000.0,0.0
00612.HK,2014-09-22,0.34,0.34,0.33,0.33,744400.0,0.0
00612.HK,2014-09-23,0.34,0.34,0.33,0.33,744000.0,0.0
00612.HK,2014-09-24,0.32,0.35,0.32,0.35,1240800.0,0.0
00612.HK,2014-09-25,0.34,0.35,0.33,0.35,1324000.0,0.0
00612.HK,2014-09-26,0.34,0.34,0.34,0.34,480000.0,0.0
00612.HK,2014-09-29,0.33,0.34,0.33,0.34,216000.0,0.0
00612.HK,2014-09-30,0.33,0.33,0.32,0.32,992000.0,0.0
00612.HK,2014-10-03,0.36,0.36,0.3,0.32,348000.0,0.0
00612.HK,2014-10-06,0.31,0.31,0.31,0.31,152000.0,0.0
00612.HK,2014-10-07,0.31,0.32,0.31,0.32,688000.0,0.0
00612.HK,2014-10-08,0.32,0.32,0.31,0.31,1224000.0,0.0
00612.HK,2014-10-09,0.32,0.32,0.31,0.31,784000.0,0.0
00612.HK,2014-10-10,0.3,0.3,0.29,0.29,1152000.0,0.0
00612.HK,2014-10-13,0.29,0.31,0.29,0.31,836800.0,0.0
00612.HK,2014-10-14,0.31,0.31,0.3,0.3,56000.0,0.0
00612.HK,2014-10-15,0.31,0.32,0.31,0.32,528000.0,0.0
00612.HK,2014-10-16,0.32,0.32,0.31,0.31,80000.0,0.0
00612.HK,2014-10-17,0.31,0.31,0.3,0.3,432000.0,0.0
00612.HK,2014-10-20,0.3,0.3,0.3,0.3,80000.0,0.0
00612.HK,2014-10-21,0.3,0.31,0.3,0.31,296000.0,0.0
00612.HK,2014-10-22,0.31,0.32,0.31,0.32,112000.0,0.0
00612.HK,2014-10-23,0.32,0.32,0.31,0.32,249600.0,0.0
00612.HK,2014-10-24,0.32,0.32,0.31,0.32,1272000.0,0.0
00612.HK,2014-10-27,0.33,0.36,0.32,0.36,18296000.0,0.0
00612.HK,2014-10-28,0.36,0.41,0.36,0.38,50042400.0,0.0
00612.HK,2014-10-29,0.38,0.39,0.35,0.36,5192000.0,0.0
00612.HK,2014-10-30,0.36,0.37,0.34,0.37,1272000.0,0.0
00612.HK,2014-10-31,0.35,0.38,0.35,0.36,2669600.0,0.0
00612.HK,2014-11-03,0.37,0.4,0.37,0.38,37082800.0,0.0
00612.HK,2014-11-04,0.38,0.4,0.37,0.4,5689200.0,0.0
00612.HK,2014-11-05,0.41,0.45,0.4,0.41,21433200.0,0.0
00612.HK,2014-11-06,0.42,0.42,0.4,0.41,4294400.0,0.0
00612.HK,2014-11-07,0.41,0.44,0.41,0.44,32440000.0,0.0
00612.HK,2014-11-10,0.44,0.47,0.42,0.46,239041105.0,0.0
00612.HK,2014-11-11,0.46,0.5,0.45,0.46,23530800.0,0.0
00612.HK,2014-11-12,0.47,0.47,0.44,0.44,6964400.0,0.0
00612.HK,2014-11-13,0.43,0.45,0.35,0.37,18048000.0,0.0
00612.HK,2014-11-14,0.36,0.39,0.35,0.37,10120000.0,0.0
00612.HK,2014-11-17,0.38,0.42,0.38,0.38,35176000.0,0.0
00612.HK,2014-11-18,0.39,0.4,0.36,0.39,53136000.0,0.0
00612.HK,2014-11-19,0.39,0.4,0.37,0.39,10984000.0,0.0
00612.HK,2014-11-20,0.39,0.39,0.37,0.38,11048000.0,0.0
00612.HK,2014-11-21,0.37,0.38,0.37,0.37,1336000.0,0.0
00612.HK,2014-11-24,0.37,0.42,0.37,0.38,37392000.0,0.0
00612.HK,2014-11-25,0.38,0.38,0.37,0.38,760000.0,0.0
00612.HK,2014-11-26,0.38,0.39,0.38,0.38,8812000.0,0.0
00612.HK,2014-11-27,0.39,0.39,0.37,0.38,12493600.0,0.0
00612.HK,2014-11-28,0.37,0.37,0.36,0.36,2500800.0,0.0
00612.HK,2014-12-01,0.37,0.37,0.31,0.32,18264000.0,0.0
00612.HK,2014-12-02,0.33,0.39,0.33,0.39,44793600.0,0.0
00612.HK,2014-12-03,0.37,0.4,0.33,0.37,48980000.0,0.0
00612.HK,2014-12-04,0.36,0.39,0.36,0.39,21032000.0,0.0
00612.HK,2014-12-05,0.39,0.39,0.36,0.37,13864000.0,0.0
00612.HK,2014-12-08,0.37,0.39,0.36,0.38,9901200.0,0.0
00612.HK,2014-12-09,0.38,0.39,0.36,0.37,5304000.0,0.0
00612.HK,2014-12-10,0.37,0.37,0.35,0.37,3432000.0,0.0
00612.HK,2014-12-11,0.36,0.37,0.36,0.37,3342400.0,0.0
00612.HK,2014-12-12,0.36,0.37,0.36,0.36,9712000.0,0.0
00612.HK,2014-12-15,0.35,0.43,0.34,0.42,20593200.0,0.0
00612.HK,2014-12-16,0.39,0.44,0.39,0.42,36488000.0,0.0
00612.HK,2014-12-17,0.42,0.43,0.41,0.43,12564000.0,0.0
00612.HK,2014-12-18,0.43,0.43,0.41,0.42,16517600.0,0.0
00612.HK,2014-12-19,0.41,0.43,0.41,0.42,9168000.0,0.0
00612.HK,2014-12-22,0.42,0.43,0.41,0.43,7267200.0,0.0
00612.HK,2014-12-23,0.42,0.47,0.42,0.47,21786000.0,0.0
00612.HK,2014-12-24,0.48,0.48,0.42,0.43,10216000.0,0.0
00612.HK,2014-12-29,0.41,0.43,0.4,0.42,7293600.0,0.0
00612.HK,2014-12-30,0.41,0.44,0.4,0.44,13472000.0,0.0
00612.HK,2014-12-31,0.44,0.44,0.43,0.43,400000.0,0.0
00612.HK,2015-01-02,0.43,0.45,0.43,0.45,6274800.0,0.0
00612.HK,2015-01-05,0.45,0.47,0.43,0.45,6086000.0,0.0
00612.HK,2015-01-06,0.44,0.46,0.44,0.45,5824000.0,0.0
00612.HK,2015-01-07,0.44,0.44,0.42,0.44,814400.0,0.0
00612.HK,2015-01-08,0.43,0.43,0.42,0.43,603600.0,0.0
00612.HK,2015-01-09,0.42,0.43,0.42,0.43,5107600.0,0.0
00612.HK,2015-01-12,0.43,0.43,0.41,0.43,994400.0,0.0
00612.HK,2015-01-13,0.42,0.42,0.4,0.41,1392000.0,0.0
00612.HK,2015-01-14,0.41,0.41,0.37,0.4,1788000.0,0.0
00612.HK,2015-01-15,0.4,0.41,0.39,0.41,496000.0,0.0
00612.HK,2015-01-16,0.41,0.41,0.38,0.39,8250000.0,0.0
00612.HK,2015-01-19,0.39,0.39,0.37,0.38,2888000.0,0.0
00612.HK,2015-01-20,0.38,0.4,0.37,0.37,13197600.0,0.0
00612.HK,2015-01-21,0.38,0.39,0.36,0.36,7224000.0,0.0
00612.HK,2015-01-22,0.37,0.37,0.28,0.3,30396800.0,0.0
00612.HK,2015-01-23,0.31,0.38,0.3,0.36,40946400.0,0.0
00612.HK,2015-01-26,0.33,0.36,0.32,0.35,9992000.0,0.0
00612.HK,2015-01-27,0.35,0.37,0.33,0.36,2864000.0,0.0
00612.HK,2015-01-28,0.36,0.38,0.36,0.36,35880000.0,0.0
00612.HK,2015-01-29,0.35,0.35,0.35,0.35,736000.0,0.0
00612.HK,2015-01-30,0.35,0.36,0.34,0.36,488000.0,0.0
00612.HK,2015-02-02,0.35,0.35,0.34,0.34,5424000.0,0.0
00612.HK,2015-02-03,0.34,0.37,0.34,0.36,5940000.0,0.0
00612.HK,2015-02-04,0.36,0.36,0.35,0.35,5888000.0,0.0
00612.HK,2015-02-05,0.37,0.37,0.34,0.35,5920000.0,0.0
00612.HK,2015-02-06,0.35,0.38,0.35,0.37,5512000.0,0.0
00612.HK,2015-02-09,0.35,0.37,0.35,0.36,8072000.0,0.0
00612.HK,2015-02-10,0.36,0.36,0.35,0.35,680000.0,0.0
00612.HK,2015-02-11,0.35,0.36,0.35,0.35,6104000.0,0.0
00612.HK,2015-02-12,0.36,0.38,0.34,0.36,13152000.0,0.0
00612.HK,2015-02-13,0.35,0.37,0.34,0.35,5648000.0,0.0
00612.HK,2015-02-16,0.35,0.37,0.35,0.37,51096000.0,0.0
00612.HK,2015-02-17,0.36,0.4,0.31,0.39,41832000.0,0.0
00612.HK,2015-02-18,0.37,0.41,0.35,0.4,4072000.0,0.0
00612.HK,2015-02-23,0.38,0.42,0.38,0.42,2168000.0,0.0
00612.HK,2015-02-24,0.42,0.44,0.4,0.43,5635600.0,0.0
00612.HK,2015-02-25,0.41,0.44,0.41,0.43,6632000.0,0.0
00612.HK,2015-02-26,0.42,0.42,0.41,0.42,5184000.0,0.0
00612.HK,2015-02-27,0.41,0.42,0.41,0.42,5127200.0,0.0
00612.HK,2015-03-02,0.42,0.42,0.4,0.4,1104000.0,0.0
00612.HK,2015-03-03,0.4,0.42,0.38,0.42,2360000.0,0.0
00612.HK,2015-03-04,0.39,0.42,0.39,0.41,2948000.0,0.0
00612.HK,2015-03-05,0.4,0.44,0.38,0.43,31472000.0,0.0
00612.HK,2015-03-06,0.41,0.43,0.41,0.43,17176000.0,0.0
00612.HK,2015-03-09,0.44,0.46,0.43,0.43,3980000.0,0.0
00612.HK,2015-03-10,0.43,0.44,0.42,0.44,3000000.0,0.0
00612.HK,2015-03-11,0.41,0.43,0.41,0.43,2868800.0,0.0
00612.HK,2015-03-12,0.42,0.45,0.42,0.44,4853600.0,0.0
00612.HK,2015-03-13,0.43,0.43,0.42,0.43,6344000.0,0.0
00612.HK,2015-03-16,0.42,0.42,0.38,0.38,1784000.0,0.0
00612.HK,2015-03-17,0.37,0.4,0.33,0.36,15143200.0,0.0
00612.HK,2015-03-18,0.37,0.4,0.36,0.4,5476000.0,0.0
00612.HK,2015-03-19,0.39,0.39,0.34,0.38,12940000.0,0.0
00612.HK,2015-03-20,0.36,0.38,0.36,0.37,539200.0,0.0
00612.HK,2015-03-23,0.36,0.39,0.36,0.37,1000000.0,0.0
00612.HK,2015-03-24,0.37,0.41,0.37,0.41,2931600.0,0.0
00612.HK,2015-03-25,0.39,0.39,0.39,0.39,600000.0,0.0
00612.HK,2015-03-26,0.39,0.39,0.38,0.38,576000.0,0.0
00612.HK,2015-03-27,0.38,0.39,0.38,0.39,216000.0,0.0
00612.HK,2015-03-30,0.39,0.4,0.36,0.4,6792000.0,0.0
00612.HK,2015-03-31,0.38,0.4,0.36,0.39,11847200.0,0.0
00612.HK,2015-04-01,0.4,0.41,0.4,0.41,1302400.0,0.0
00612.HK,2015-04-02,0.41,0.42,0.4,0.4,29340000.0,0.0
00612.HK,2015-04-08,0.41,0.43,0.38,0.42,15108400.0,0.0
00612.HK,2015-04-09,0.4,0.41,0.39,0.4,856400.0,0.0
00612.HK,2015-04-10,0.39,0.42,0.39,0.4,4064400.0,0.0
00612.HK,2015-04-13,0.4,0.42,0.38,0.42,16949600.0,0.0
00612.HK,2015-04-14,0.42,0.43,0.4,0.41,10134400.0,0.0
00612.HK,2015-04-15,0.41,0.42,0.4,0.4,29717600.0,0.0
00612.HK,2015-04-16,0.4,0.44,0.39,0.43,26983600.0,0.0
00612.HK,2015-04-17,0.43,0.68,0.43,0.52,162246400.0,0.0
00612.HK,2015-04-20,0.5,0.65,0.5,0.55,47297600.0,0.0
00612.HK,2015-04-21,0.57,0.64,0.55,0.59,37033200.0,0.0
00612.HK,2015-04-22,0.6,0.62,0.56,0.58,19882000.0,0.0
00612.HK,2015-04-23,0.6,0.6,0.56,0.59,18688000.0,0.0
00612.HK,2015-04-24,0.59,0.59,0.55,0.57,19088000.0,0.0
00612.HK,2015-04-27,0.58,0.62,0.57,0.59,26873600.0,0.0
00612.HK,2015-04-28,0.59,0.61,0.57,0.58,22290000.0,0.0
00612.HK,2015-04-29,0.59,0.62,0.58,0.58,21255200.0,0.0
00612.HK,2015-04-30,0.59,0.66,0.58,0.59,66827600.0,0.0
00612.HK,2015-05-04,0.6,0.62,0.58,0.58,41096000.0,0.0
00612.HK,2015-05-05,0.58,0.62,0.56,0.58,28904000.0,0.0
00612.HK,2015-05-06,0.57,0.59,0.56,0.57,10124000.0,0.0
00612.HK,2015-05-07,0.56,0.59,0.54,0.54,15383200.0,0.0
00612.HK,2015-05-08,0.56,0.64,0.54,0.62,34720000.0,0.0
00612.HK,2015-05-11,0.64,0.65,0.59,0.6,18824800.0,0.0
00612.HK,2015-05-12,0.59,0.62,0.59,0.61,14322400.0,0.0
00612.HK,2015-05-13,0.61,0.62,0.58,0.6,11585600.0,0.0
00612.HK,2015-05-14,0.6,0.6,0.58,0.59,5887200.0,0.0
00612.HK,2015-05-15,0.59,0.67,0.58,0.63,41994400.0,0.0
00612.HK,2015-05-18,0.63,0.69,0.63,0.68,31566000.0,0.0
00612.HK,2015-05-19,0.67,0.78,0.67,0.78,42879200.0,0.0
00612.HK,2015-05-20,0.8,0.8,0.7,0.75,51863000.0,0.0
00612.HK,2015-05-21,0.75,0.76,0.71,0.76,15665600.0,0.0
00612.HK,2015-05-22,0.75,0.77,0.69,0.73,32192800.0,0.0
00612.HK,2015-05-26,0.73,0.73,0.66,0.72,47436400.0,0.0
00612.HK,2015-05-27,0.7,0.72,0.62,0.7,42294400.0,0.0
00612.HK,2015-05-28,0.71,0.71,0.61,0.62,22952808.0,0.0
00612.HK,2015-05-29,0.63,0.65,0.61,0.64,19910400.0,0.0
00612.HK,2015-06-01,0.64,0.72,0.63,0.72,41882400.0,0.0
00612.HK,2015-06-02,0.72,0.74,0.69,0.72,53852000.0,0.0
00612.HK,2015-06-03,0.72,0.72,0.69,0.7,8056000.0,0.0
00612.HK,2015-06-04,0.7,0.71,0.67,0.69,9198500.0,0.0
00612.HK,2015-06-05,0.69,0.71,0.68,0.7,7215200.0,0.0
00612.HK,2015-06-08,0.68,0.76,0.68,0.74,18983600.0,0.0
00612.HK,2015-06-09,0.74,0.8,0.73,0.76,27704000.0,0.0
00612.HK,2015-06-10,0.75,0.77,0.72,0.73,6840400.0,0.0
00612.HK,2015-06-11,0.73,0.77,0.72,0.75,48792000.0,0.0
00612.HK,2015-06-12,0.77,0.77,0.72,0.75,14014000.0,0.0
00612.HK,2015-06-15,0.75,0.75,0.72,0.73,4480000.0,0.0
00612.HK,2015-06-16,0.74,0.75,0.71,0.74,20148000.0,0.0
00612.HK,2015-06-17,0.73,0.74,0.71,0.71,7208400.0,0.0
00612.HK,2015-06-18,0.73,0.73,0.68,0.71,20245600.0,0.0
00612.HK,2015-06-19,0.7,0.71,0.68,0.69,12072000.0,0.0
00612.HK,2015-06-22,0.69,0.69,0.69,0.69,0.0,0.0
00612.HK,2015-06-23,0.9,1.09,0.8,1.07,227892000.0,0.0
00612.HK,2015-06-24,1.07,1.47,0.93,1.34,214788800.0,0.0
00612.HK,2015-06-25,1.39,1.44,1.21,1.24,79041400.0,0.0
00612.HK,2015-06-26,1.26,1.29,1.15,1.27,38345600.0,0.0
00612.HK,2015-06-29,1.27,1.34,1.13,1.15,32672800.0,0.0
00612.HK,2015-06-30,1.15,1.28,1.12,1.24,47071200.0,0.0
00612.HK,2015-07-02,1.25,1.25,0.97,1.16,61752000.0,0.0
00612.HK,2015-07-03,1.11,1.14,0.91,0.92,33245200.0,0.0
00612.HK,2015-07-06,0.95,0.98,0.65,0.71,75134000.0,0.0
00612.HK,2015-07-07,0.74,0.75,0.59,0.61,34604000.0,0.0
00612.HK,2015-07-08,0.58,0.58,0.38,0.43,14976000.0,0.0
00612.HK,2015-07-09,0.5,0.69,0.41,0.68,52253400.0,0.0
00612.HK,2015-07-10,0.66,0.9,0.66,0.83,39703000.0,0.0
00612.HK,2015-07-13,0.83,0.87,0.66,0.67,56496800.0,0.0
00612.HK,2015-07-14,0.7,0.76,0.7,0.72,26580000.0,0.0
00612.HK,2015-07-15,0.72,0.72,0.66,0.69,9564000.0,0.0
00612.HK,2015-07-16,0.71,0.71,0.64,0.69,7328000.0,0.0
00612.HK,2015-07-17,0.69,0.82,0.67,0.75,39356000.0,0.0
00612.HK,2015-07-20,0.75,0.78,0.72,0.76,15028000.0,0.0
00612.HK,2015-07-21,0.78,0.81,0.75,0.77,25416000.0,0.0
00612.HK,2015-07-22,0.76,0.76,0.72,0.72,13706400.0,0.0
00612.HK,2015-07-23,0.72,0.73,0.7,0.72,10000000.0,0.0
00612.HK,2015-07-24,0.71,0.71,0.67,0.7,8240000.0,0.0
00612.HK,2015-07-27,0.69,0.69,0.64,0.65,8296000.0,0.0
00612.HK,2015-07-28,0.65,0.73,0.64,0.69,4706400.0,0.0
00612.HK,2015-07-29,0.72,0.72,0.68,0.69,2504000.0,0.0
00612.HK,2015-07-30,0.69,0.71,0.67,0.68,2072000.0,0.0
00612.HK,2015-07-31,0.69,0.71,0.63,0.64,6624000.0,0.0
00612.HK,2015-08-03,0.63,0.66,0.59,0.61,6816000.0,0.0
00612.HK,2015-08-04,0.61,0.62,0.59,0.6,3040000.0,0.0
00612.HK,2015-08-05,0.6,0.63,0.59,0.6,2113600.0,0.0
00612.HK,2015-08-06,0.59,0.6,0.48,0.51,32440000.0,0.0
00612.HK,2015-08-07,0.5,0.53,0.49,0.51,10496000.0,0.0
00612.HK,2015-08-10,0.51,0.54,0.5,0.5,9680000.0,0.0
00612.HK,2015-08-11,0.51,0.52,0.49,0.49,9313600.0,0.0
00612.HK,2015-08-12,0.49,0.49,0.46,0.46,11656000.0,0.0
00612.HK,2015-08-13,0.47,0.58,0.47,0.5,44076800.0,0.0
00612.HK,2015-08-14,0.5,0.5,0.5,0.5,0.0,0.0
00612.HK,2015-08-17,0.59,0.65,0.56,0.6,51332000.0,0.0
00612.HK,2015-08-18,0.61,0.65,0.59,0.64,26168000.0,0.0
00612.HK,2015-08-19,0.67,0.7,0.63,0.69,17692000.0,0.0
00612.HK,2015-08-20,0.68,0.71,0.64,0.71,13111600.0,0.0
00612.HK,2015-08-21,0.66,0.86,0.66,0.85,54452800.0,0.0
00612.HK,2015-08-24,0.79,0.8,0.67,0.77,50884000.0,0.0
00612.HK,2015-08-25,0.72,0.77,0.61,0.63,34928000.0,0.0
00612.HK,2015-08-26,0.64,0.67,0.6,0.64,14689600.0,0.0
00612.HK,2015-08-27,0.66,0.68,0.62,0.67,16752000.0,0.0
00612.HK,2015-08-28,0.69,0.7,0.64,0.68,19376000.0,0.0
00612.HK,2015-08-31,0.66,0.68,0.63,0.67,13736000.0,0.0
00612.HK,2015-09-01,0.66,0.66,0.54,0.59,14616000.0,0.0
00612.HK,2015-09-02,0.56,0.59,0.54,0.58,10032000.0,0.0
00612.HK,2015-09-04,0.58,0.59,0.55,0.58,10980000.0,0.0
00612.HK,2015-09-07,0.56,0.57,0.55,0.57,7640000.0,0.0
00612.HK,2015-09-08,0.57,0.59,0.56,0.58,3464000.0,0.0
00612.HK,2015-09-09,0.58,0.62,0.57,0.58,8936000.0,0.0
00612.HK,2015-09-10,0.58,0.61,0.54,0.6,46153600.0,0.0
00612.HK,2015-09-11,0.6,0.63,0.6,0.61,13732000.0,0.0
00612.HK,2015-09-14,0.61,0.61,0.59,0.6,9739200.0,0.0
00612.HK,2015-09-15,0.59,0.62,0.58,0.59,16624000.0,0.0
00612.HK,2015-09-16,0.59,0.6,0.58,0.6,1639200.0,0.0
00612.HK,2015-09-17,0.6,0.6,0.57,0.58,7968000.0,0.0
00612.HK,2015-09-18,0.57,0.59,0.56,0.59,3616000.0,0.0
00612.HK,2015-09-21,0.59,0.59,0.56,0.58,7424000.0,0.0
00612.HK,2015-09-22,0.58,0.59,0.57,0.58,8972000.0,0.0
00612.HK,2015-09-23,0.57,0.58,0.54,0.57,4728000.0,0.0
00612.HK,2015-09-24,0.56,0.56,0.54,0.55,9424000.0,0.0
00612.HK,2015-09-25,0.55,0.58,0.51,0.57,11240000.0,0.0
00612.HK,2015-09-29,0.57,0.58,0.54,0.55,5444000.0,0.0
00612.HK,2015-09-30,0.55,0.56,0.54,0.56,1656000.0,0.0
00612.HK,2015-10-02,0.56,0.56,0.53,0.55,7272800.0,0.0
00612.HK,2015-10-05,0.55,0.55,0.52,0.54,13376000.0,0.0
00612.HK,2015-10-06,0.54,0.57,0.53,0.56,10606000.0,0.0
00612.HK,2015-10-07,0.55,0.62,0.54,0.56,35152000.0,0.0
00612.HK,2015-10-08,0.56,0.58,0.53,0.54,28360000.0,0.0
00612.HK,2015-10-09,0.55,0.56,0.53,0.54,3584000.0,0.0
00612.HK,2015-10-12,0.54,0.58,0.53,0.53,18856000.0,0.0
00612.HK,2015-10-13,0.53,0.55,0.52,0.53,19008000.0,0.0
00612.HK,2015-10-14,0.52,0.54,0.52,0.52,8328000.0,0.0
00612.HK,2015-10-15,0.52,0.55,0.52,0.55,16328000.0,0.0
00612.HK,2015-10-16,0.55,0.55,0.54,0.55,26328000.0,0.0
00612.HK,2015-10-19,0.55,0.55,0.53,0.55,4872000.0,0.0
00612.HK,2015-10-20,0.54,0.57,0.53,0.57,14344000.0,0.0
00612.HK,2015-10-22,0.57,0.63,0.57,0.61,34552000.0,0.0
00612.HK,2015-10-23,0.62,0.63,0.6,0.63,29252000.0,0.0
00612.HK,2015-10-26,0.63,0.66,0.63,0.64,14090000.0,0.0
00612.HK,2015-10-27,0.64,0.65,0.61,0.62,18208000.0,0.0
00612.HK,2015-10-28,0.62,0.64,0.58,0.59,15288000.0,0.0
00612.HK,2015-10-29,0.6,0.6,0.57,0.6,8112000.0,0.0
00612.HK,2015-10-30,0.6,0.64,0.58,0.62,13176000.0,0.0
00612.HK,2015-11-02,0.62,0.62,0.59,0.6,6232000.0,0.0
00612.HK,2015-11-03,0.6,0.62,0.59,0.6,9256000.0,0.0
00612.HK,2015-11-04,0.6,0.6,0.57,0.6,10304000.0,0.0
00612.HK,2015-11-05,0.61,0.65,0.6,0.61,30968000.0,0.0
00612.HK,2015-11-06,0.62,0.62,0.59,0.61,3932000.0,0.0
00612.HK,2015-11-09,0.6,0.63,0.59,0.61,9153200.0,0.0
00612.HK,2015-11-10,0.61,0.61,0.59,0.6,2888000.0,0.0
00612.HK,2015-11-11,0.6,0.61,0.59,0.6,2840000.0,0.0
00612.HK,2015-11-12,0.6,0.62,0.6,0.62,8256000.0,0.0
00612.HK,2015-11-13,0.61,0.62,0.59,0.61,12848000.0,0.0
00612.HK,2015-11-16,0.6,0.65,0.58,0.59,47512000.0,0.0
00612.HK,2015-11-17,0.59,0.61,0.56,0.58,25784000.0,0.0
00612.HK,2015-11-18,0.58,0.58,0.57,0.58,2728000.0,0.0
00612.HK,2015-11-19,0.58,0.58,0.57,0.58,10312000.0,0.0
00612.HK,2015-11-20,0.58,0.58,0.55,0.58,11792000.0,0.0
00612.HK,2015-11-23,0.58,0.58,0.54,0.57,11128000.0,0.0
00612.HK,2015-11-24,0.57,0.57,0.55,0.55,9352000.0,0.0
00612.HK,2015-11-25,0.55,0.55,0.53,0.55,18728000.0,0.0
00612.HK,2015-11-26,0.55,0.57,0.54,0.57,19576000.0,0.0
00612.HK,2015-11-27,0.57,0.57,0.52,0.54,10000000.0,0.0
00612.HK,2015-11-30,0.53,0.53,0.52,0.53,8504000.0,0.0
00612.HK,2015-12-01,0.53,0.53,0.5,0.51,14296000.0,0.0
00612.HK,2015-12-02,0.52,0.52,0.47,0.47,19712000.0,0.0
00612.HK,2015-12-03,0.47,0.47,0.45,0.46,14808000.0,0.0
00612.HK,2015-12-04,0.46,0.46,0.42,0.42,16280000.0,0.0
00612.HK,2015-12-07,0.42,0.45,0.42,0.43,4296000.0,0.0
00612.HK,2015-12-08,0.42,0.42,0.38,0.4,9736000.0,0.0
00612.HK,2015-12-09,0.41,0.41,0.37,0.39,18728000.0,0.0
00612.HK,2015-12-10,0.39,0.39,0.38,0.38,6572000.0,0.0
00612.HK,2015-12-11,0.38,0.38,0.37,0.38,8464000.0,0.0
00612.HK,2015-12-14,0.37,0.39,0.37,0.38,6336000.0,0.0
00612.HK,2015-12-15,0.38,0.38,0.37,0.37,4764000.0,0.0
00612.HK,2015-12-16,0.37,0.4,0.37,0.39,8112000.0,0.0
00612.HK,2015-12-17,0.39,0.39,0.39,0.39,0.0,0.0
00612.HK,2015-12-18,0.39,0.39,0.39,0.39,0.0,0.0
00612.HK,2015-12-21,0.39,0.39,0.39,0.39,0.0,0.0
00612.HK,2015-12-22,0.39,0.39,0.39,0.39,0.0,0.0
00612.HK,2015-12-23,0.39,0.39,0.39,0.39,0.0,0.0
00612.HK,2015-12-24,0.39,0.39,0.39,0.39,0.0,0.0
00612.HK,2015-12-28,0.39,0.39,0.39,0.39,0.0,0.0
00612.HK,2015-12-29,0.39,0.39,0.39,0.39,0.0,0.0
00612.HK,2015-12-30,0.39,0.39,0.39,0.39,0.0,0.0
00612.HK,2015-12-31,0.39,0.39,0.39,0.39,0.0,0.0
00612.HK,2016-01-04,0.39,0.39,0.39,0.39,0.0,0.0
00612.HK,2016-01-05,0.39,0.39,0.39,0.39,0.0,0.0
00612.HK,2016-01-06,0.39,0.39,0.39,0.39,0.0,0.0
00612.HK,2016-01-07,0.39,0.39,0.39,0.39,0.0,0.0
00612.HK,2016-01-08,0.39,0.39,0.39,0.39,0.0,0.0
00612.HK,2016-01-11,0.39,0.39,0.39,0.39,0.0,0.0
00612.HK,2016-01-12,0.39,0.39,0.39,0.39,0.0,0.0
00612.HK,2016-01-13,0.21,0.35,0.2,0.32,23562400.0,0.0
00612.HK,2016-01-14,0.3,0.35,0.3,0.33,14184000.0,0.0
00612.HK,2016-01-15,0.33,0.33,0.31,0.32,2664000.0,0.0
00612.HK,2016-01-18,0.31,0.35,0.29,0.34,8856000.0,0.0
00612.HK,2016-01-19,0.35,0.35,0.32,0.33,2056000.0,0.0
00612.HK,2016-01-20,0.33,0.33,0.31,0.31,3776000.0,0.0
00612.HK,2016-01-21,0.31,0.31,0.29,0.29,2568000.0,0.0
00612.HK,2016-01-22,0.29,0.29,0.29,0.29,904000.0,0.0
00612.HK,2016-01-25,0.3,0.31,0.3,0.31,1368000.0,0.0
00612.HK,2016-01-26,0.3,0.3,0.28,0.28,1664000.0,0.0
00612.HK,2016-01-27,0.31,0.31,0.29,0.3,1272000.0,0.0
00612.HK,2016-01-28,0.29,0.3,0.29,0.3,2264000.0,0.0
00612.HK,2016-01-29,0.3,0.3,0.28,0.29,3336000.0,0.0
00612.HK,2016-02-01,0.26,0.33,0.25,0.33,6864000.0,0.0
00612.HK,2016-02-02,0.33,0.35,0.31,0.32,7849600.0,0.0
00612.HK,2016-02-03,0.3,0.32,0.29,0.31,1128000.0,0.0
00612.HK,2016-02-04,0.31,0.32,0.31,0.32,1592000.0,0.0
00612.HK,2016-02-05,0.31,0.32,0.3,0.32,2288000.0,0.0
00612.HK,2016-02-11,0.32,0.32,0.31,0.32,1856000.0,0.0
00612.HK,2016-02-12,0.3,0.33,0.3,0.31,1504000.0,0.0
00612.HK,2016-02-15,0.31,0.33,0.31,0.31,656000.0,0.0
00612.HK,2016-02-16,0.31,0.32,0.3,0.31,488000.0,0.0
00612.HK,2016-02-17,0.31,0.31,0.29,0.3,3080000.0,0.0
00612.HK,2016-02-18,0.3,0.32,0.3,0.31,936600.0,0.0
00612.HK,2016-02-19,0.32,0.32,0.3,0.31,952000.0,0.0
00612.HK,2016-02-22,0.31,0.31,0.31,0.31,276000.0,0.0
00612.HK,2016-02-23,0.3,0.31,0.3,0.3,1168000.0,0.0
00612.HK,2016-02-24,0.3,0.31,0.29,0.31,792000.0,0.0
00612.HK,2016-02-25,0.31,0.31,0.3,0.3,1496000.0,0.0
00612.HK,2016-02-26,0.3,0.3,0.3,0.3,1072000.0,0.0
00612.HK,2016-02-29,0.29,0.3,0.26,0.29,3752000.0,0.0
00612.HK,2016-03-01,0.27,0.3,0.27,0.3,4112000.0,0.0
00612.HK,2016-03-02,0.3,0.34,0.29,0.34,8104000.0,0.0
00612.HK,2016-03-03,0.34,0.47,0.32,0.43,11416000.0,0.0
00612.HK,2016-03-04,0.41,0.45,0.41,0.44,9697600.0,0.0
00612.HK,2016-03-07,0.42,0.43,0.37,0.37,5424000.0,0.0
00612.HK,2016-03-08,0.35,0.37,0.35,0.37,1008000.0,0.0
00612.HK,2016-03-09,0.36,0.41,0.36,0.4,1825600.0,0.0
00612.HK,2016-03-10,0.4,0.43,0.39,0.41,1073600.0,0.0
00612.HK,2016-03-11,0.41,0.41,0.4,0.4,112000.0,0.0
00612.HK,2016-03-14,0.4,0.42,0.39,0.41,4296000.0,0.0
00612.HK,2016-03-15,0.41,0.41,0.4,0.4,1264000.0,0.0
00612.HK,2016-03-16,0.4,0.41,0.4,0.4,26392000.0,0.0
00612.HK,2016-03-17,0.4,0.4,0.39,0.4,9000000.0,0.0
00612.HK,2016-03-18,0.38,0.4,0.38,0.4,2176000.0,0.0
00612.HK,2016-03-21,0.39,0.4,0.39,0.39,840000.0,0.0
00612.HK,2016-03-22,0.39,0.39,0.38,0.39,656000.0,0.0
00612.HK,2016-03-23,0.38,0.38,0.35,0.36,2968000.0,0.0
00612.HK,2016-03-24,0.36,0.37,0.36,0.36,464000.0,0.0
00612.HK,2016-03-29,0.36,0.37,0.32,0.34,2416000.0,0.0
00612.HK,2016-03-30,0.34,0.34,0.3,0.32,7792000.0,0.0
00612.HK,2016-03-31,0.32,0.35,0.3,0.3,18206400.0,0.0
00612.HK,2016-04-01,0.3,0.3,0.3,0.3,0.0,0.0
00612.HK,2016-04-05,0.3,0.3,0.3,0.3,0.0,0.0
00612.HK,2016-04-06,0.3,0.3,0.3,0.3,0.0,0.0
00612.HK,2016-04-07,0.3,0.3,0.3,0.3,0.0,0.0
00612.HK,2016-04-08,0.3,0.3,0.3,0.3,0.0,0.0
00612.HK,2016-04-11,0.3,0.3,0.3,0.3,0.0,0.0
00612.HK,2016-04-12,0.3,0.3,0.3,0.3,0.0,0.0
00612.HK,2016-04-13,0.3,0.3,0.3,0.3,0.0,0.0
00612.HK,2016-04-14,0.3,0.3,0.3,0.3,0.0,0.0
00612.HK,2016-04-15,0.3,0.3,0.3,0.3,0.0,0.0
00612.HK,2016-04-18,0.3,0.3,0.3,0.3,0.0,0.0
00612.HK,2016-04-19,0.3,0.3,0.3,0.3,0.0,0.0
00612.HK,2016-04-20,0.3,0.3,0.3,0.3,0.0,0.0
00612.HK,2016-04-21,0.3,0.3,0.3,0.3,0.0,0.0
00612.HK,2016-04-22,0.3,0.3,0.3,0.3,0.0,0.0
00612.HK,2016-04-25,0.3,0.3,0.3,0.3,0.0,0.0
00612.HK,2016-04-26,0.3,0.3,0.3,0.3,0.0,0.0
00612.HK,2016-04-27,0.3,0.3,0.3,0.3,0.0,0.0
00612.HK,2016-04-28,0.3,0.3,0.3,0.3,0.0,0.0
00612.HK,2016-04-29,0.3,0.3,0.3,0.3,0.0,0.0
00612.HK,2016-05-03,0.3,0.3,0.3,0.3,0.0,0.0
00612.HK,2016-05-04,0.3,0.3,0.3,0.3,0.0,0.0
00612.HK,2016-05-05,0.3,0.3,0.3,0.3,0.0,0.0
00612.HK,2016-05-06,0.3,0.3,0.3,0.3,0.0,0.0
00612.HK,2016-05-09,0.3,0.3,0.3,0.3,0.0,0.0
00612.HK,2016-05-10,0.3,0.3,0.3,0.3,0.0,0.0
00612.HK,2016-05-11,0.3,0.3,0.3,0.3,0.0,0.0
00612.HK,2016-05-12,0.3,0.3,0.3,0.3,0.0,0.0
00612.HK,2016-05-13,0.3,0.3,0.3,0.3,0.0,0.0
00612.HK,2016-05-16,0.3,0.3,0.3,0.3,0.0,0.0
00612.HK,2016-05-17,0.3,0.3,0.3,0.3,0.0,0.0
00612.HK,2016-05-18,0.3,0.3,0.3,0.3,0.0,0.0
00612.HK,2016-05-19,0.3,0.3,0.3,0.3,0.0,0.0
00612.HK,2016-05-20,0.3,0.3,0.3,0.3,0.0,0.0
00612.HK,2016-05-23,0.3,0.3,0.3,0.3,0.0,0.0
00612.HK,2016-05-24,0.3,0.3,0.3,0.3,0.0,0.0
00612.HK,2016-05-25,0.3,0.3,0.3,0.3,0.0,0.0
00612.HK,2016-05-26,0.3,0.3,0.3,0.3,0.0,0.0
00612.HK,2016-05-27,0.3,0.3,0.3,0.3,0.0,0.0
00612.HK,2016-05-30,0.3,0.3,0.3,0.3,0.0,0.0
00612.HK,2016-05-31,0.3,0.3,0.3,0.3,0.0,0.0
00612.HK,2016-06-01,0.3,0.3,0.3,0.3,0.0,0.0
00612.HK,2016-06-02,0.3,0.3,0.3,0.3,0.0,0.0
00612.HK,2016-06-03,0.3,0.3,0.3,0.3,0.0,0.0
00612.HK,2016-06-06,0.3,0.3,0.3,0.3,0.0,0.0
00612.HK,2016-06-07,0.3,0.3,0.3,0.3,0.0,0.0
00612.HK,2016-06-08,0.3,0.3,0.3,0.3,0.0,0.0
00612.HK,2016-06-10,0.3,0.3,0.3,0.3,0.0,0.0
00612.HK,2016-06-13,0.3,0.3,0.3,0.3,0.0,0.0
00612.HK,2016-06-14,0.3,0.3,0.3,0.3,0.0,0.0
00612.HK,2016-06-15,0.3,0.3,0.3,0.3,0.0,0.0
00612.HK,2016-06-16,0.3,0.3,0.3,0.3,0.0,0.0
00612.HK,2016-06-17,0.3,0.3,0.3,0.3,0.0,0.0
00612.HK,2016-06-20,0.3,0.3,0.3,0.3,0.0,0.0
00612.HK,2016-06-21,0.3,0.3,0.3,0.3,0.0,0.0
00612.HK,2016-06-22,0.3,0.3,0.3,0.3,0.0,0.0
00612.HK,2016-06-23,0.3,0.3,0.3,0.3,0.0,0.0
00612.HK,2016-06-24,0.3,0.3,0.3,0.3,0.0,0.0
00612.HK,2016-06-27,0.3,0.3,0.3,0.3,0.0,0.0
00612.HK,2016-06-28,0.3,0.3,0.3,0.3,0.0,0.0
00612.HK,2016-06-29,0.3,0.3,0.3,0.3,0.0,0.0
00612.HK,2016-06-30,0.3,0.3,0.3,0.3,0.0,0.0
00612.HK,2016-07-04,0.3,0.3,0.3,0.3,0.0,0.0
00612.HK,2016-07-05,0.3,0.3,0.3,0.3,0.0,0.0
00612.HK,2016-07-06,0.3,0.3,0.3,0.3,0.0,0.0
00612.HK,2016-07-07,0.3,0.3,0.3,0.3,0.0,0.0
00612.HK,2016-07-08,0.3,0.3,0.3,0.3,0.0,0.0
00612.HK,2016-07-11,0.3,0.3,0.3,0.3,0.0,0.0
00612.HK,2016-07-12,0.3,0.3,0.3,0.3,0.0,0.0
00612.HK,2016-07-13,0.3,0.3,0.3,0.3,0.0,0.0
00612.HK,2016-07-14,0.3,0.3,0.3,0.3,0.0,0.0
00612.HK,2016-07-15,0.3,0.3,0.3,0.3,0.0,0.0
00612.HK,2016-07-18,0.3,0.3,0.3,0.3,0.0,0.0
00612.HK,2016-07-19,0.3,0.3,0.3,0.3,0.0,0.0
00612.HK,2016-07-20,0.3,0.3,0.3,0.3,0.0,0.0
00612.HK,2016-07-21,0.3,0.3,0.3,0.3,0.0,0.0
00612.HK,2016-07-22,0.3,0.3,0.3,0.3,0.0,0.0
00612.HK,2016-07-25,0.32,0.4,0.28,0.36,11904000.0,0.0
00612.HK,2016-07-26,0.35,0.48,0.35,0.47,50000000.0,0.0
00612.HK,2016-07-27,0.47,0.55,0.4,0.42,72188800.0,0.0
00612.HK,2016-07-28,0.44,0.47,0.37,0.43,32240000.0,0.0
00612.HK,2016-07-29,0.43,0.43,0.36,0.39,22696000.0,0.0
00612.HK,2016-08-01,0.4,0.4,0.37,0.38,6736000.0,0.0
00612.HK,2016-08-03,0.37,0.38,0.36,0.37,5501227.0,0.0
00612.HK,2016-08-04,0.36,0.37,0.35,0.36,3996000.0,0.0
00612.HK,2016-08-05,0.36,0.4,0.36,0.38,9046400.0,0.0
00612.HK,2016-08-08,0.39,0.39,0.36,0.37,4442400.0,0.0
00612.HK,2016-08-09,0.37,0.37,0.36,0.37,2136000.0,0.0
00612.HK,2016-08-10,0.35,0.38,0.35,0.38,5864000.0,0.0
00612.HK,2016-08-11,0.36,0.4,0.36,0.4,16847200.0,0.0
00612.HK,2016-08-12,0.4,0.4,0.37,0.39,22568000.0,0.0
00612.HK,2016-08-15,0.37,0.41,0.37,0.39,12900000.0,0.0
00612.HK,2016-08-16,0.39,0.42,0.37,0.42,27316000.0,0.0
00612.HK,2016-08-17,0.41,0.44,0.39,0.44,68280000.0,0.0
00612.HK,2016-08-18,0.44,0.45,0.42,0.44,59440800.0,0.0
00612.HK,2016-08-19,0.44,0.44,0.41,0.41,5552000.0,0.0
00612.HK,2016-08-22,0.41,0.44,0.39,0.42,13600000.0,0.0
00612.HK,2016-08-23,0.41,0.45,0.41,0.44,14098400.0,0.0
00612.HK,2016-08-24,0.44,0.44,0.41,0.42,29976000.0,0.0
00612.HK,2016-08-25,0.41,0.42,0.41,0.42,1608000.0,0.0
00612.HK,2016-08-26,0.41,0.41,0.4,0.4,5408000.0,0.0
00612.HK,2016-08-29,0.4,0.45,0.39,0.45,13872800.0,0.0
00612.HK,2016-08-30,0.43,0.49,0.43,0.49,37116000.0,0.0
00612.HK,2016-08-31,0.48,0.53,0.47,0.52,37100000.0,0.0
00612.HK,2016-09-01,0.51,0.56,0.5,0.53,32816000.0,0.0
00612.HK,2016-09-02,0.53,0.56,0.51,0.55,22488000.0,0.0
00612.HK,2016-09-05,0.56,0.57,0.53,0.56,14921200.0,0.0
00612.HK,2016-09-06,0.58,0.6,0.55,0.6,35536000.0,0.0
00612.HK,2016-09-07,0.59,0.65,0.58,0.64,31160000.0,0.0
00612.HK,2016-09-08,0.64,0.7,0.63,0.7,26507200.0,0.0
00612.HK,2016-09-09,0.7,0.79,0.68,0.78,44108400.0,0.0
00612.HK,2016-09-12,0.74,0.8,0.65,0.74,76128000.0,0.0
00612.HK,2016-09-13,0.74,0.74,0.69,0.72,15944000.0,0.0
00612.HK,2016-09-14,0.7,0.7,0.64,0.68,18576000.0,0.0
00612.HK,2016-09-15,0.68,0.7,0.67,0.7,5848000.0,0.0
00612.HK,2016-09-19,0.72,0.74,0.7,0.72,21232000.0,0.0
00612.HK,2016-09-20,0.71,0.71,0.43,0.51,191360000.0,0.0
00612.HK,2016-09-21,0.51,0.62,0.47,0.62,56352000.0,0.0
00612.HK,2016-09-22,0.62,0.73,0.57,0.72,43960000.0,0.0
00612.HK,2016-09-23,0.69,0.71,0.59,0.69,39264000.0,0.0
00612.HK,2016-09-26,0.68,0.68,0.62,0.67,6272000.0,0.0
00612.HK,2016-09-27,0.65,0.69,0.63,0.68,15947200.0,0.0
00612.HK,2016-09-28,0.65,0.72,0.64,0.71,30438000.0,0.0
00612.HK,2016-09-29,0.7,0.73,0.69,0.72,10576000.0,0.0
00612.HK,2016-09-30,0.7,0.73,0.69,0.71,13144000.0,0.0
00612.HK,2016-10-03,0.71,0.71,0.66,0.69,1873600.0,0.0
00612.HK,2016-10-04,0.69,0.69,0.63,0.65,5016000.0,0.0
00612.HK,2016-10-05,0.63,0.65,0.61,0.65,4904000.0,0.0
00612.HK,2016-10-06,0.62,0.65,0.62,0.64,1472000.0,0.0
00612.HK,2016-10-07,0.64,0.64,0.61,0.63,3976457.0,0.0
00612.HK,2016-10-11,0.64,0.71,0.62,0.69,9576000.0,0.0
00612.HK,2016-10-12,0.69,0.74,0.67,0.72,19972000.0,0.0
00612.HK,2016-10-13,0.72,0.79,0.7,0.78,32264000.0,0.0
00612.HK,2016-10-14,0.77,0.81,0.76,0.81,22952000.0,0.0
00612.HK,2016-10-17,0.81,0.86,0.79,0.85,15550800.0,0.0
00612.HK,2016-10-18,0.84,0.85,0.79,0.8,10052000.0,0.0
00612.HK,2016-10-19,0.8,0.84,0.78,0.8,26212000.0,0.0
00612.HK,2016-10-20,0.81,0.81,0.77,0.81,7273600.0,0.0
00612.HK,2016-10-24,0.81,0.83,0.78,0.79,13284000.0,0.0
00612.HK,2016-10-25,0.78,0.79,0.76,0.77,4224000.0,0.0
00612.HK,2016-10-26,0.77,0.77,0.73,0.77,6488000.0,0.0
00612.HK,2016-10-27,0.75,0.79,0.75,0.78,1676000.0,0.0
00612.HK,2016-10-28,0.78,0.82,0.77,0.82,10464000.0,0.0
00612.HK,2016-10-31,0.82,0.86,0.81,0.86,11476600.0,0.0
00612.HK,2016-11-01,0.84,0.86,0.81,0.84,5912000.0,0.0
00612.HK,2016-11-02,0.82,0.84,0.81,0.84,1342000.0,0.0
00612.HK,2016-11-03,0.81,0.85,0.81,0.85,2616000.0,0.0
00612.HK,2016-11-04,0.83,0.85,0.82,0.83,816000.0,0.0
00612.HK,2016-11-07,0.81,0.83,0.8,0.82,696000.0,0.0
00612.HK,2016-11-08,0.81,0.82,0.8,0.81,1808000.0,0.0
00612.HK,2016-11-09,0.8,0.82,0.76,0.82,3544000.0,0.0
00612.HK,2016-11-10,0.83,0.83,0.81,0.82,536000.0,0.0
00612.HK,2016-11-11,0.8,0.84,0.75,0.84,8680000.0,0.0
00612.HK,2016-11-14,0.83,0.83,0.79,0.8,1678400.0,0.0
00612.HK,2016-11-15,0.77,0.79,0.69,0.77,6744000.0,0.0
00612.HK,2016-11-16,0.75,0.77,0.73,0.73,912000.0,0.0
00612.HK,2016-11-17,0.71,0.78,0.71,0.77,1128000.0,0.0
00612.HK,2016-11-18,0.74,0.79,0.71,0.77,3274000.0,0.0
00612.HK,2016-11-21,0.74,0.75,0.74,0.74,718400.0,0.0
00612.HK,2016-11-22,0.74,0.76,0.74,0.74,1160000.0,0.0
00612.HK,2016-11-23,0.75,0.76,0.73,0.76,3280000.0,0.0
00612.HK,2016-11-24,0.76,0.77,0.74,0.74,336000.0,0.0
00612.HK,2016-11-25,0.77,0.79,0.74,0.75,3240000.0,0.0
00612.HK,2016-11-28,0.74,0.76,0.74,0.74,667200.0,0.0
00612.HK,2016-11-29,0.74,0.76,0.73,0.74,490760.0,0.0
00612.HK,2016-11-30,0.74,0.74,0.73,0.73,464000.0,0.0
00612.HK,2016-12-01,0.72,0.78,0.69,0.74,5352000.0,0.0
00612.HK,2016-12-02,0.73,0.75,0.71,0.74,615600.0,0.0
00612.HK,2016-12-05,0.73,0.73,0.7,0.7,1720000.0,0.0
00612.HK,2016-12-06,0.71,0.71,0.68,0.69,1320000.0,0.0
00612.HK,2016-12-07,0.67,0.67,0.6,0.63,7344000.0,0.0
00612.HK,2016-12-08,0.62,0.65,0.62,0.64,1296000.0,0.0
00612.HK,2016-12-09,0.64,0.64,0.58,0.59,4992000.0,0.0
00612.HK,2016-12-12,0.6,0.6,0.54,0.57,2240000.0,0.0
00612.HK,2016-12-13,0.55,0.57,0.54,0.55,1616000.0,0.0
00612.HK,2016-12-14,0.57,0.71,0.57,0.68,7092000.0,0.0
00612.HK,2016-12-15,0.67,0.68,0.63,0.63,6624000.0,0.0
00612.HK,2016-12-16,0.62,0.62,0.58,0.6,2880000.0,0.0
00612.HK,2016-12-19,0.6,0.65,0.59,0.6,2424000.0,0.0
00612.HK,2016-12-20,0.6,0.6,0.58,0.6,649600.0,0.0
00612.HK,2016-12-21,0.61,0.62,0.6,0.6,1984000.0,0.0
00612.HK,2016-12-22,0.58,0.59,0.58,0.59,1029600.0,0.0
00612.HK,2016-12-23,0.58,0.66,0.58,0.6,2152000.0,0.0
00612.HK,2016-12-28,0.65,0.65,0.61,0.61,1304000.0,0.0
00612.HK,2016-12-29,0.6,0.61,0.6,0.61,912000.0,0.0
00612.HK,2016-12-30,0.64,0.64,0.61,0.62,72000.0,0.0
00612.HK,2017-01-03,0.62,0.66,0.61,0.63,2840000.0,0.0
00612.HK,2017-01-04,0.64,0.64,0.61,0.62,200000.0,0.0
00612.HK,2017-01-05,0.63,0.63,0.61,0.61,240000.0,0.0
00612.HK,2017-01-06,0.6,0.63,0.6,0.6,367200.0,0.0
00612.HK,2017-01-09,0.6,0.61,0.6,0.6,384000.0,0.0
00612.HK,2017-01-10,0.6,0.6,0.58,0.58,528000.0,0.0
00612.HK,2017-01-11,0.59,0.6,0.58,0.59,1144000.0,0.0
00612.HK,2017-01-12,0.58,0.6,0.57,0.58,424000.0,0.0
00612.HK,2017-01-13,0.58,0.58,0.57,0.58,232000.0,0.0
00612.HK,2017-01-16,0.58,0.58,0.55,0.56,304000.0,0.0
00612.HK,2017-01-17,0.54,0.54,0.49,0.54,3728000.0,0.0
00612.HK,2017-01-18,0.54,0.58,0.53,0.53,1080000.0,0.0
00612.HK,2017-01-19,0.51,0.53,0.51,0.52,1096000.0,0.0
00612.HK,2017-01-20,0.51,0.52,0.51,0.51,528000.0,0.0
00612.HK,2017-01-23,0.52,0.55,0.51,0.51,1456000.0,0.0
00612.HK,2017-01-24,0.52,0.53,0.51,0.53,368000.0,0.0
00612.HK,2017-01-25,0.54,0.55,0.53,0.53,672000.0,0.0
00612.HK,2017-01-26,0.53,0.53,0.53,0.53,56000.0,0.0
00612.HK,2017-01-27,0.53,0.53,0.53,0.53,6400.0,0.0
00612.HK,2017-02-01,0.51,0.53,0.51,0.53,1288000.0,0.0
00612.HK,2017-02-02,0.51,0.57,0.51,0.53,1288000.0,0.0
00612.HK,2017-02-03,0.52,0.53,0.52,0.52,56000.0,0.0
00612.HK,2017-02-06,0.52,0.54,0.52,0.53,280000.0,0.0
00612.HK,2017-02-07,0.56,0.63,0.53,0.59,10436000.0,0.0
00612.HK,2017-02-08,0.59,0.59,0.55,0.58,6424000.0,0.0
00612.HK,2017-02-09,0.6,0.6,0.56,0.57,4296000.0,0.0
00612.HK,2017-02-10,0.56,0.56,0.53,0.55,2016000.0,0.0
00612.HK,2017-02-13,0.54,0.58,0.54,0.56,892000.0,0.0
00612.HK,2017-02-14,0.56,0.61,0.55,0.59,6384000.0,0.0
00612.HK,2017-02-15,0.63,0.67,0.59,0.67,6747600.0,0.0
00612.HK,2017-02-16,0.67,0.76,0.67,0.76,15288000.0,0.0
00612.HK,2017-02-17,0.77,0.81,0.74,0.78,9313600.0,0.0
00612.HK,2017-02-20,0.78,0.84,0.78,0.78,8244000.0,0.0
00612.HK,2017-02-21,0.79,0.81,0.68,0.7,11856000.0,0.0
00612.HK,2017-02-22,0.71,0.72,0.64,0.64,4208125.0,0.0
00612.HK,2017-02-23,0.64,0.72,0.56,0.7,28837600.0,0.0
00612.HK,2017-02-24,0.68,0.72,0.66,0.69,2746400.0,0.0
00612.HK,2017-02-27,0.71,0.71,0.7,0.71,1544000.0,0.0
00612.HK,2017-02-28,0.71,0.73,0.71,0.73,1256000.0,0.0
00612.HK,2017-03-01,0.73,0.75,0.73,0.75,2453000.0,0.0
00612.HK,2017-03-02,0.75,0.75,0.73,0.75,8848000.0,0.0
00612.HK,2017-03-03,0.75,0.77,0.75,0.76,1464000.0,0.0
00612.HK,2017-03-06,0.76,0.78,0.75,0.78,2384800.0,0.0
00612.HK,2017-03-07,0.79,0.8,0.78,0.79,7723200.0,0.0
00612.HK,2017-03-08,0.79,0.8,0.79,0.8,5353200.0,0.0
00612.HK,2017-03-09,0.8,0.82,0.79,0.8,10216800.0,0.0
00612.HK,2017-03-10,0.81,0.82,0.72,0.74,8736000.0,0.0
00612.HK,2017-03-13,0.74,0.74,0.72,0.72,920000.0,0.0
00612.HK,2017-03-14,0.72,0.72,0.69,0.69,1664000.0,0.0
00612.HK,2017-03-15,0.71,0.71,0.69,0.7,1864000.0,0.0
00612.HK,2017-03-16,0.71,0.73,0.7,0.7,4216800.0,0.0
00612.HK,2017-03-17,0.7,0.7,0.66,0.66,1244000.0,0.0
00612.HK,2017-03-20,0.67,0.67,0.65,0.65,13464000.0,0.0
00612.HK,2017-03-21,0.65,0.7,0.65,0.68,3688000.0,0.0
00612.HK,2017-03-22,0.66,0.68,0.66,0.67,1016000.0,0.0
00612.HK,2017-03-23,0.68,0.71,0.68,0.7,3888000.0,0.0
00612.HK,2017-03-24,0.69,0.73,0.67,0.72,3752000.0,0.0
00612.HK,2017-03-27,0.72,0.75,0.72,0.73,337600.0,0.0
00612.HK,2017-03-28,0.73,0.73,0.7,0.7,1032000.0,0.0
00612.HK,2017-03-29,0.7,0.7,0.69,0.69,608000.0,0.0
00612.HK,2017-03-30,0.68,0.7,0.68,0.7,792000.0,0.0
00612.HK,2017-03-31,0.71,0.71,0.69,0.69,632000.0,0.0
00612.HK,2017-04-03,0.67,0.68,0.65,0.67,1343200.0,0.0
00612.HK,2017-04-05,0.65,0.7,0.65,0.69,1232800.0,0.0
00612.HK,2017-04-06,0.68,0.7,0.68,0.7,1773600.0,0.0
00612.HK,2017-04-07,0.7,0.72,0.68,0.7,1406400.0,0.0
00612.HK,2017-04-10,0.7,0.71,0.7,0.7,848000.0,0.0
00612.HK,2017-04-11,0.7,0.74,0.7,0.74,5064000.0,0.0
00612.HK,2017-04-12,0.74,0.75,0.72,0.72,4952800.0,0.0
00612.HK,2017-04-13,0.72,0.75,0.72,0.75,6039200.0,0.0
00612.HK,2017-04-18,0.72,0.75,0.72,0.72,2992000.0,0.0
00612.HK,2017-04-19,0.72,0.72,0.71,0.71,184000.0,0.0
00612.HK,2017-04-20,0.7,0.72,0.7,0.71,244000.0,0.0
00612.HK,2017-04-21,0.71,0.72,0.7,0.7,1280000.0,0.0
00612.HK,2017-04-24,0.69,0.69,0.68,0.68,680000.0,0.0
00612.HK,2017-04-25,0.7,0.7,0.67,0.68,884800.0,0.0
00612.HK,2017-04-26,0.69,0.7,0.69,0.7,360000.0,0.0
00612.HK,2017-04-27,0.69,0.69,0.66,0.67,2216110.0,0.0
00612.HK,2017-04-28,0.67,0.69,0.66,0.67,750600.0,0.0
00612.HK,2017-05-02,0.67,0.67,0.65,0.65,1520110.0,0.0
00612.HK,2017-05-04,0.64,0.67,0.63,0.65,1094800.0,0.0
00612.HK,2017-05-05,0.65,0.65,0.64,0.64,96010.0,0.0
00612.HK,2017-05-08,0.68,0.68,0.64,0.66,208120.0,0.0
00612.HK,2017-05-09,0.68,0.68,0.67,0.67,458010.0,0.0
00612.HK,2017-05-10,0.65,0.67,0.64,0.67,3140000.0,0.0
00612.HK,2017-05-11,0.67,0.7,0.64,0.68,2336000.0,0.0
00612.HK,2017-05-12,0.67,0.67,0.65,0.65,491600.0,0.0
00612.HK,2017-05-15,0.65,0.66,0.62,0.65,1048000.0,0.0
00612.HK,2017-05-16,0.63,0.65,0.62,0.64,832000.0,0.0
00612.HK,2017-05-17,0.63,0.64,0.63,0.63,1860800.0,0.0
00612.HK,2017-05-18,0.62,0.66,0.53,0.62,1824000.0,0.0
00612.HK,2017-05-19,0.61,0.7,0.58,0.7,3120000.0,0.0
00612.HK,2017-05-22,0.77,0.78,0.69,0.75,16818000.0,0.0
00612.HK,2017-05-23,0.72,0.72,0.65,0.65,2046400.0,0.0
00612.HK,2017-05-24,0.68,0.68,0.64,0.65,3300000.0,0.0
00612.HK,2017-05-25,0.65,0.67,0.64,0.66,4414800.0,0.0
00612.HK,2017-05-26,0.64,0.66,0.61,0.64,3488000.0,0.0
00612.HK,2017-05-29,0.62,0.63,0.62,0.62,660000.0,0.0
00612.HK,2017-05-31,0.62,0.64,0.6,0.62,2360800.0,0.0
00612.HK,2017-06-01,0.61,0.7,0.61,0.7,7067200.0,0.0
00612.HK,2017-06-02,0.69,0.7,0.62,0.66,10717400.0,0.0
00612.HK,2017-06-05,0.69,0.7,0.65,0.69,1728000.0,0.0
00612.HK,2017-06-06,0.69,0.71,0.67,0.69,1443000.0,0.0
00612.HK,2017-06-07,0.69,0.7,0.66,0.68,2810400.0,0.0
00612.HK,2017-06-08,0.69,0.73,0.68,0.73,3394400.0,0.0
00612.HK,2017-06-09,0.72,0.78,0.7,0.72,6016000.0,0.0
00612.HK,2017-06-12,0.75,0.77,0.71,0.75,4936000.0,0.0
00612.HK,2017-06-13,0.72,0.75,0.68,0.75,8610361.0,0.0
00612.HK,2017-06-14,0.71,0.75,0.67,0.74,21937815.0,0.0
00612.HK,2017-06-15,0.73,0.8,0.72,0.75,23576916.0,0.0
00612.HK,2017-06-16,0.75,0.8,0.74,0.79,12735366.0,0.0
00612.HK,2017-06-19,0.79,0.81,0.76,0.81,13423747.0,0.0
00612.HK,2017-06-20,0.8,0.81,0.79,0.79,1495136.0,0.0
00612.HK,2017-06-21,0.78,0.78,0.76,0.76,1829747.0,0.0
00612.HK,2017-06-22,0.74,0.82,0.73,0.82,5320202.0,0.0
00612.HK,2017-06-23,0.82,0.85,0.8,0.85,9301218.0,0.0
00612.HK,2017-06-26,0.84,0.87,0.8,0.86,6155787.0,0.0
00612.HK,2017-06-27,0.85,0.87,0.82,0.83,3590400.0,0.0
00612.HK,2017-06-28,0.82,0.82,0.79,0.8,3733861.0,0.0
00612.HK,2017-06-29,0.79,0.81,0.77,0.79,3632000.0,0.0
00612.HK,2017-06-30,0.79,0.81,0.79,0.79,2616000.0,0.0
00612.HK,2017-07-03,0.8,0.85,0.8,0.85,5046734.0,0.0
00612.HK,2017-07-04,0.85,0.9,0.83,0.83,5162378.0,0.0
00612.HK,2017-07-05,0.85,0.87,0.82,0.85,5258319.0,0.0
00612.HK,2017-07-06,0.84,0.89,0.84,0.86,6717600.0,0.0
00612.HK,2017-07-07,0.85,0.87,0.84,0.87,3428000.0,0.0
00612.HK,2017-07-10,0.88,0.89,0.85,0.85,2157574.0,0.0
00612.HK,2017-07-11,0.86,0.92,0.86,0.87,5725600.0,0.0
00612.HK,2017-07-12,0.87,0.88,0.83,0.83,2152000.0,0.0
00612.HK,2017-07-13,0.83,0.83,0.8,0.8,4752000.0,0.0
00612.HK,2017-07-14,0.8,0.83,0.78,0.79,5124000.0,0.0
00612.HK,2017-07-17,0.78,0.82,0.71,0.77,5168351.0,0.0
00612.HK,2017-07-18,0.77,0.78,0.74,0.76,3715600.0,0.0
00612.HK,2017-07-19,0.75,0.77,0.74,0.76,2550779.0,0.0
00612.HK,2017-07-20,0.75,0.77,0.74,0.74,3881600.0,0.0
00612.HK,2017-07-21,0.75,0.76,0.74,0.76,196000.0,0.0
00612.HK,2017-07-24,0.75,0.76,0.75,0.76,776000.0,0.0
00612.HK,2017-07-25,0.78,0.84,0.77,0.81,6660800.0,0.0
00612.HK,2017-07-26,0.82,0.89,0.78,0.88,13089600.0,0.0
00612.HK,2017-07-27,0.88,0.92,0.87,0.87,7175122.0,0.0
00612.HK,2017-07-28,0.91,1.05,0.84,1.04,23764203.0,0.0
00612.HK,2017-07-31,1.07,1.15,1.03,1.08,13147747.0,0.0
00612.HK,2017-08-01,1.09,1.15,1.08,1.13,6821006.0,0.0
00612.HK,2017-08-02,1.14,1.26,1.1,1.26,12333281.0,0.0
00612.HK,2017-08-03,1.27,1.4,1.27,1.39,9131323.0,0.0
00612.HK,2017-08-04,1.4,1.49,1.36,1.49,11300800.0,0.0
00612.HK,2017-08-07,1.49,1.7,1.49,1.66,11060642.0,0.0
00612.HK,2017-08-08,1.69,1.74,1.57,1.62,8728562.0,0.0
00612.HK,2017-08-09,1.59,1.73,1.58,1.7,13860436.0,0.0
00612.HK,2017-08-10,1.76,1.99,1.73,1.95,8738708.0,0.0
00612.HK,2017-08-11,1.96,1.96,1.7,1.91,9266734.0,0.0
00612.HK,2017-08-14,1.9,1.94,1.85,1.89,2218800.0,0.0
00612.HK,2017-08-15,1.89,1.91,1.83,1.83,3199600.0,0.0
00612.HK,2017-08-16,1.83,1.86,1.8,1.84,4805721.0,0.0
00612.HK,2017-08-17,1.84,2.0,1.84,1.99,3686461.0,0.0
00612.HK,2017-08-18,1.98,2.23,1.95,2.17,4957600.0,0.0
00612.HK,2017-08-21,2.17,2.3,2.02,2.12,10509200.0,0.0
00612.HK,2017-08-22,2.1,2.19,2.08,2.16,992000.0,0.0
00612.HK,2017-08-24,2.11,2.3,2.08,2.3,4570080.0,0.0
00612.HK,2017-08-25,2.3,2.39,2.2,2.39,6685200.0,0.0
00612.HK,2017-08-28,2.4,2.44,2.23,2.28,7348400.0,0.0
00612.HK,2017-08-29,2.42,2.42,2.15,2.17,2719200.0,0.0
00612.HK,2017-08-30,2.17,2.26,2.05,2.08,5992800.0,0.0
00612.HK,2017-08-31,2.08,2.08,1.99,2.04,9771200.0,0.0
00612.HK,2017-09-01,2.04,2.13,1.98,2.04,5322000.0,0.0
00612.HK,2017-09-04,2.01,2.12,2.0,2.09,2366800.0,0.0
00612.HK,2017-09-05,2.09,2.34,2.08,2.33,4361200.0,0.0
00612.HK,2017-09-06,2.29,2.41,2.28,2.4,2500200.0,0.0
00612.HK,2017-09-07,2.41,2.45,2.33,2.34,2681200.0,0.0
00612.HK,2017-09-08,2.37,2.4,2.33,2.4,1080000.0,0.0
00612.HK,2017-09-11,2.42,2.63,2.35,2.6,3328000.0,0.0
00612.HK,2017-09-12,2.65,2.9,2.62,2.75,4836810.0,0.0
00612.HK,2017-09-13,2.78,2.85,2.72,2.77,2439600.0,0.0
00612.HK,2017-09-14,2.78,2.83,2.53,2.83,2900880.0,0.0
00612.HK,2017-09-15,2.83,3.03,2.76,3.02,5129991.0,0.0
00612.HK,2017-09-18,3.16,3.16,2.95,3.08,9188575.0,0.0
00612.HK,2017-09-19,3.08,3.2,3.03,3.2,1260800.0,0.0
00612.HK,2017-09-20,3.21,3.49,3.2,3.47,3695400.0,0.0
00612.HK,2017-09-21,3.47,3.49,3.19,3.4,4842400.0,0.0
00612.HK,2017-09-22,3.48,3.71,3.44,3.7,3535000.0,0.0
00612.HK,2017-09-25,3.7,4.08,3.65,4.05,3628114.0,0.0
00612.HK,2017-09-26,4.07,4.39,4.05,4.37,6671200.0,0.0
00612.HK,2017-09-27,4.37,4.49,4.2,4.26,3283200.0,0.0
00612.HK,2017-09-28,4.25,4.29,3.74,4.24,8124081.0,0.0
00612.HK,2017-09-29,4.26,4.27,4.0,4.18,3136400.0,0.0
00612.HK,2017-10-03,4.29,4.3,4.08,4.18,2478800.0,0.0
00612.HK,2017-10-04,4.28,4.28,4.13,4.21,1359600.0,0.0
00612.HK,2017-10-06,4.25,4.25,4.03,4.17,2652600.0,0.0
00612.HK,2017-10-09,4.1,4.19,3.97,4.16,1966235.0,0.0
00612.HK,2017-10-10,4.16,4.17,4.04,4.15,1966000.0,0.0
00612.HK,2017-10-11,4.05,4.15,3.79,4.07,8305574.0,0.0
00612.HK,2017-10-12,3.98,4.2,3.93,4.13,3718400.0,0.0
00612.HK,2017-10-13,4.08,4.13,3.99,4.12,3107743.0,0.0
00612.HK,2017-10-16,4.06,4.06,3.85,3.93,10100800.0,0.0
00612.HK,2017-10-17,3.9,3.9,2.17,3.75,15216259.0,0.0
00612.HK,2017-10-18,3.49,3.56,3.25,3.46,7612884.0,0.0
00612.HK,2017-10-19,3.28,3.3,2.97,3.07,4908320.0,0.0
00612.HK,2017-10-20,2.9,3.82,2.62,3.82,10384948.0,0.0
00612.HK,2017-10-23,3.83,4.29,3.83,4.28,7025773.0,0.0
00612.HK,2017-10-24,4.3,5.5,4.3,5.28,10875422.0,0.0
00612.HK,2017-10-25,5.4,5.6,5.05,5.57,5544562.0,0.0
00612.HK,2017-10-26,5.66,5.8,5.4,5.65,4677000.0,0.0
00612.HK,2017-10-27,5.7,5.79,5.48,5.78,7412587.0,0.0
00612.HK,2017-10-30,5.75,5.75,5.49,5.64,3487906.0,0.0
00612.HK,2017-10-31,5.5,5.64,5.27,5.62,2865600.0,0.0
00612.HK,2017-11-01,5.61,5.68,5.44,5.63,2256000.0,0.0
00612.HK,2017-11-02,5.66,5.66,5.48,5.55,3051520.0,0.0
00612.HK,2017-11-03,5.54,5.61,5.43,5.6,3732400.0,0.0
00612.HK,2017-11-06,5.6,6.1,5.47,6.0,4186751.0,0.0
00612.HK,2017-11-07,6.1,6.55,6.01,6.53,4504773.0,0.0
00612.HK,2017-11-08,6.58,6.9,6.51,6.7,3510800.0,0.0
00612.HK,2017-11-09,6.8,6.85,6.63,6.79,1944800.0,0.0
00612.HK,2017-11-10,6.65,6.71,6.51,6.68,1927300.0,0.0
00612.HK,2017-11-13,6.63,7.1,6.45,7.0,2064000.0,0.0
00612.HK,2017-11-14,7.0,7.19,6.98,7.1,1606400.0,0.0
00612.HK,2017-11-15,7.24,7.24,7.01,7.15,2007400.0,0.0
00612.HK,2017-11-16,7.15,7.2,6.3,7.19,2269523.0,0.0
00612.HK,2017-11-17,7.35,8.25,7.08,8.01,3440000.0,0.0
00612.HK,2017-11-20,7.82,8.23,7.7,8.23,2922900.0,0.0
00612.HK,2017-11-21,8.3,8.5,8.21,8.35,3402702.0,0.0
00612.HK,2017-11-22,8.49,8.49,8.12,8.26,2505390.0,0.0
00612.HK,2017-11-23,8.27,8.28,8.16,8.24,1730400.0,0.0
00612.HK,2017-11-24,8.1,8.22,8.01,8.19,1712000.0,0.0
00612.HK,2017-11-27,8.19,8.39,8.1,8.23,2301200.0,0.0
00612.HK,2017-11-28,8.22,8.33,8.17,8.18,1829600.0,0.0
00612.HK,2017-11-29,8.26,8.26,8.0,8.13,1517600.0,0.0
00612.HK,2017-11-30,8.13,9.16,8.1,8.75,14838800.0,0.0
00612.HK,2017-12-01,8.9,8.92,8.63,8.9,3550625.0,0.0
00612.HK,2017-12-04,8.72,9.06,8.72,8.99,1925800.0,0.0
00612.HK,2017-12-05,8.97,9.22,8.85,9.19,2536000.0,0.0
00612.HK,2017-12-06,9.1,9.43,9.1,9.3,2138400.0,0.0
00612.HK,2017-12-07,9.3,9.46,9.25,9.41,1844800.0,0.0
00612.HK,2017-12-08,9.48,9.48,9.33,9.39,1832800.0,0.0
00612.HK,2017-12-11,9.38,9.47,9.13,9.42,2710400.0,0.0
00612.HK,2017-12-12,9.4,9.49,9.27,9.42,2242415.0,0.0
00612.HK,2017-12-13,9.42,9.42,9.04,9.08,1761600.0,0.0
00612.HK,2017-12-14,9.09,9.28,8.94,9.21,2517200.0,0.0
00612.HK,2017-12-15,9.3,9.31,8.95,9.08,2061600.0,0.0
00612.HK,2017-12-18,9.08,9.08,7.9,8.53,4709208.0,0.0
00612.HK,2017-12-19,8.88,8.88,7.8,8.19,2366400.0,0.0
00612.HK,2017-12-20,8.2,8.5,8.0,8.45,3186000.0,0.0
00612.HK,2017-12-21,8.49,8.88,8.27,8.83,1749200.0,0.0
00612.HK,2017-12-22,8.86,8.89,8.59,8.8,2024254.0,0.0
00612.HK,2017-12-27,8.8,9.0,8.62,8.94,2734400.0,0.0
00612.HK,2017-12-28,8.71,8.85,8.45,8.65,2696000.0,0.0
00612.HK,2017-12-29,8.55,8.72,8.35,8.57,1800000.0,0.0
00612.HK,2018-01-02,8.48,8.59,7.49,8.25,2916000.0,0.0
00612.HK,2018-01-03,8.25,8.25,7.28,7.46,2343124.0,0.0
00612.HK,2018-01-04,7.43,7.43,6.71,7.0,2795390.0,0.0
00612.HK,2018-01-05,7.05,7.44,7.0,7.11,3347932.0,0.0
00612.HK,2018-01-08,7.2,7.23,7.1,7.14,1691600.0,0.0
00612.HK,2018-01-09,7.29,7.3,6.81,6.88,2498400.0,0.0
00612.HK,2018-01-10,6.86,6.93,5.86,6.91,9897200.0,0.0
00612.HK,2018-01-11,7.03,7.34,6.87,7.27,2104800.0,0.0
00612.HK,2018-01-12,7.2,7.32,7.12,7.2,1664000.0,0.0
00612.HK,2018-01-15,7.25,7.28,7.0,7.14,1334400.0,0.0
00612.HK,2018-01-16,7.19,7.19,7.01,7.05,1368000.0,0.0
00612.HK,2018-01-17,7.04,7.06,6.8,7.0,1352000.0,0.0
00612.HK,2018-01-18,7.11,7.11,6.9,6.99,1444400.0,0.0
00612.HK,2018-01-19,6.9,7.0,6.69,6.98,2418061.0,0.0
00612.HK,2018-01-22,7.3,7.38,6.8,6.95,2075200.0,0.0
00612.HK,2018-01-23,6.95,6.95,6.72,6.9,1882400.0,0.0
00612.HK,2018-01-24,6.85,6.9,6.76,6.88,3744000.0,0.0
00612.HK,2018-01-25,6.9,6.9,6.81,6.88,1576000.0,0.0
00612.HK,2018-01-26,6.87,6.99,6.86,6.98,1456340.0,0.0
00612.HK,2018-01-29,6.98,6.98,6.86,6.89,1352000.0,0.0
00612.HK,2018-01-30,6.9,7.0,6.89,6.96,1498000.0,0.0
00612.HK,2018-01-31,7.08,7.08,6.94,7.0,1480800.0,0.0
00612.HK,2018-02-01,7.09,7.09,6.95,7.04,1368000.0,0.0
00612.HK,2018-02-02,7.0,7.12,7.0,7.08,1480000.0,0.0
00612.HK,2018-02-05,6.89,7.19,6.88,7.19,1797600.0,0.0
00612.HK,2018-02-06,7.18,7.18,6.88,7.05,1600010.0,0.0
00612.HK,2018-02-07,7.14,7.14,6.75,7.0,1622800.0,0.0
00612.HK,2018-02-08,6.97,7.13,6.86,7.0,1556000.0,0.0
00612.HK,2018-02-09,6.71,6.99,6.7,6.98,1592000.0,0.0
00612.HK,2018-02-12,6.97,7.09,6.81,7.09,1578000.0,0.0
00612.HK,2018-02-13,7.14,7.14,6.95,7.11,1616000.0,0.0
00612.HK,2018-02-14,7.15,7.15,7.08,7.14,1488000.0,0.0
00612.HK,2018-02-15,7.18,7.35,7.07,7.32,1601600.0,0.0
00612.HK,2018-02-20,7.48,8.1,7.43,8.04,1668000.0,0.0
00612.HK,2018-02-21,8.05,8.49,7.86,8.49,2244000.0,0.0
00612.HK,2018-02-22,8.48,8.48,8.19,8.35,1662000.0,0.0
00612.HK,2018-02-23,8.34,8.42,8.31,8.4,1372000.0,0.0
00612.HK,2018-02-26,8.52,8.6,8.4,8.49,1604000.0,0.0
00612.HK,2018-02-27,8.49,8.59,8.42,8.51,1358000.0,0.0
00612.HK,2018-02-28,8.47,8.99,8.4,8.7,2709600.0,0.0
00612.HK,2018-03-01,8.93,8.97,8.5,8.83,2096000.0,0.0
00612.HK,2018-03-02,8.65,8.86,8.65,8.82,1700800.0,0.0
00612.HK,2018-03-05,8.74,8.78,8.38,8.61,2046990.0,0.0
00612.HK,2018-03-06,8.7,8.74,8.58,8.69,1392000.0,0.0
00612.HK,2018-03-07,8.59,8.76,8.4,8.7,2025600.0,0.0
00612.HK,2018-03-08,8.79,8.88,8.68,8.79,1589600.0,0.0
00612.HK,2018-03-09,8.75,8.75,8.66,8.73,1464000.0,0.0
00612.HK,2018-03-12,8.79,8.82,8.64,8.75,1532293.0,0.0
00612.HK,2018-03-13,8.75,9.03,8.6,9.01,2297200.0,0.0
00612.HK,2018-03-14,8.95,9.06,8.86,9.04,1928000.0,0.0
00612.HK,2018-03-15,9.02,9.13,9.0,9.02,1388501.0,0.0
00612.HK,2018-03-16,9.07,9.08,9.0,9.05,1468000.0,0.0
00612.HK,2018-03-19,9.0,9.08,8.9,8.98,1350400.0,0.0
00612.HK,2018-03-20,8.94,8.98,8.59,8.96,1765199.0,0.0
00612.HK,2018-03-21,9.0,9.07,8.86,8.98,1473600.0,0.0
00612.HK,2018-03-22,8.86,8.86,8.67,8.82,1332000.0,0.0
00612.HK,2018-03-23,8.68,8.85,8.29,8.84,2082000.0,0.0
00612.HK,2018-03-26,8.7,8.92,8.7,8.7,1336000.0,0.0
00612.HK,2018-03-27,8.7,8.91,8.7,8.73,1443920.0,0.0
00612.HK,2018-03-28,8.57,8.88,8.51,8.76,1307800.0,0.0
00612.HK,2018-03-29,8.75,8.85,8.52,8.83,1665600.0,0.0
00612.HK,2018-04-03,8.83,8.86,8.69,8.69,1336000.0,0.0
00612.HK,2018-04-04,8.7,8.9,8.7,8.84,1545600.0,0.0
00612.HK,2018-04-06,8.79,8.83,8.58,8.72,1872000.0,0.0
00612.HK,2018-04-09,8.7,8.83,8.61,8.75,1373600.0,0.0
00612.HK,2018-04-10,8.8,8.8,8.47,8.73,1768810.0,0.0
00612.HK,2018-04-11,8.79,8.79,8.54,8.68,1520800.0,0.0
00612.HK,2018-04-12,8.68,8.68,8.45,8.54,1440000.0,0.0
00612.HK,2018-04-13,8.33,8.68,8.33,8.55,1400000.0,0.0
00612.HK,2018-04-16,8.22,8.58,8.22,8.53,1368000.0,0.0
00612.HK,2018-04-17,8.73,8.81,8.46,8.52,1337200.0,0.0
00612.HK,2018-04-18,8.31,8.77,8.31,8.5,1376000.0,0.0
00612.HK,2018-04-19,8.65,8.68,8.44,8.6,1418400.0,0.0
00612.HK,2018-04-20,8.6,8.61,8.4,8.44,1528000.0,0.0
00612.HK,2018-04-23,8.53,8.53,8.17,8.2,1672000.0,0.0
00612.HK,2018-04-24,8.2,8.2,7.54,8.0,1964000.0,0.0
00612.HK,2018-04-25,8.09,8.11,7.62,7.78,1708000.0,0.0
00612.HK,2018-04-26,7.89,7.89,7.37,7.51,1592000.0,0.0
00612.HK,2018-04-27,7.5,8.0,7.0,7.81,2704000.0,0.0
00612.HK,2018-04-30,7.86,8.33,7.75,8.26,2072800.0,0.0
00612.HK,2018-05-02,8.35,8.45,8.1,8.44,1832000.0,0.0
00612.HK,2018-05-03,8.47,8.49,8.11,8.48,2032000.0,0.0
00612.HK,2018-05-04,8.41,8.47,8.28,8.4,1932000.0,0.0
00612.HK,2018-05-07,8.38,8.38,8.04,8.09,1544000.0,0.0
00612.HK,2018-05-08,8.15,8.15,7.82,8.02,1736000.0,0.0
00612.HK,2018-05-09,7.87,8.06,7.87,8.05,1476000.0,0.0
00612.HK,2018-05-10,8.43,8.43,7.96,8.0,1412000.0,0.0
00612.HK,2018-05-11,8.0,8.09,7.85,7.97,1736000.0,0.0
00612.HK,2018-05-14,8.23,8.23,7.79,7.87,1616000.0,0.0
00612.HK,2018-05-15,7.97,7.97,7.47,7.58,1680000.0,0.0
00612.HK,2018-05-16,7.58,7.65,7.25,7.57,1776000.0,0.0
00612.HK,2018-05-17,7.52,7.85,7.31,7.64,1804800.0,0.0
00612.HK,2018-05-18,7.49,7.71,7.4,7.7,1760000.0,0.0
00612.HK,2018-05-21,7.7,7.89,7.69,7.79,1336000.0,0.0
00612.HK,2018-05-23,7.78,7.9,7.68,7.85,1512000.0,0.0
00612.HK,2018-05-24,7.88,7.93,7.8,7.85,1304000.0,0.0
00612.HK,2018-05-25,7.97,7.97,7.7,7.86,1336000.0,0.0
00612.HK,2018-05-28,7.82,7.85,7.58,7.69,1512000.0,0.0
00612.HK,2018-05-29,7.56,7.71,7.56,7.68,1336000.0,0.0
00612.HK,2018-05-30,7.69,7.69,7.6,7.67,1480000.0,0.0
00612.HK,2018-05-31,7.67,8.2,7.6,8.01,1672000.0,0.0
00612.HK,2018-06-01,8.02,8.24,7.9,8.11,1312000.0,0.0
00612.HK,2018-06-04,8.13,8.25,7.95,8.24,1696000.0,0.0
00612.HK,2018-06-05,8.3,8.33,8.18,8.29,1608000.0,0.0
00612.HK,2018-06-06,8.29,8.32,8.03,8.3,1976000.0,0.0
00612.HK,2018-06-07,8.29,8.29,8.07,8.22,1640800.0,0.0
00612.HK,2018-06-08,8.21,8.21,8.12,8.21,1524000.0,0.0
00612.HK,2018-06-11,8.19,8.2,8.06,8.13,1544000.0,0.0
00612.HK,2018-06-12,8.15,8.17,8.05,8.12,1392000.0,0.0
00612.HK,2018-06-13,8.14,8.17,8.09,8.11,1368000.0,0.0
00612.HK,2018-06-14,8.12,8.15,8.01,8.13,1392000.0,0.0
00612.HK,2018-06-15,8.13,8.15,7.98,8.15,1737600.0,0.0
00612.HK,2018-06-19,8.14,8.16,8.02,8.11,1378400.0,0.0
00612.HK,2018-06-20,8.11,8.13,7.95,8.05,1492305.0,0.0
00612.HK,2018-06-21,8.05,8.11,7.9,8.04,1392000.0,0.0
00612.HK,2018-06-22,8.04,8.09,7.93,8.05,1473000.0,0.0
00612.HK,2018-06-25,8.05,8.11,7.99,8.08,1408000.0,0.0
00612.HK,2018-06-26,8.01,8.09,7.95,7.99,1452334.0,0.0
00612.HK,2018-06-27,8.0,8.09,7.95,8.04,1392800.0,0.0
00612.HK,2018-06-28,8.03,8.05,7.86,8.0,1555200.0,0.0
00612.HK,2018-06-29,8.0,8.08,8.0,8.08,1410400.0,0.0
00612.HK,2018-07-03,8.08,8.09,7.87,8.01,1724000.0,0.0
00612.HK,2018-07-04,8.01,8.02,7.88,7.96,1424000.0,0.0
00612.HK,2018-07-05,7.96,7.99,7.86,7.98,1392000.0,0.0
00612.HK,2018-07-06,7.98,8.39,7.98,8.27,2113134.0,0.0
00612.HK,2018-07-09,8.41,8.5,8.32,8.41,1424000.0,0.0
00612.HK,2018-07-10,8.2,8.2,6.72,7.97,4811200.0,0.0
00612.HK,2018-07-11,7.89,7.9,7.05,7.74,2624000.0,0.0
00612.HK,2018-07-12,7.37,7.87,7.37,7.82,1544000.0,0.0
00612.HK,2018-07-13,7.82,8.2,7.8,8.19,1776000.0,0.0
00612.HK,2018-07-16,8.3,8.64,8.29,8.6,2324000.0,0.0
00612.HK,2018-07-17,8.68,9.52,8.6,9.48,4172000.0,0.0
00612.HK,2018-07-18,9.65,12.4,9.6,12.2,5646661.0,0.0
00612.HK,2018-07-19,12.6,13.74,11.24,11.86,5033400.0,0.0
00612.HK,2018-07-20,11.02,11.78,11.0,11.7,2016000.0,0.0
00612.HK,2018-07-23,12.0,12.5,12.0,12.08,1604000.0,0.0
00612.HK,2018-07-24,12.14,12.16,11.62,11.94,2014000.0,0.0
00612.HK,2018-07-25,11.94,12.1,11.7,11.8,1480000.0,0.0
00612.HK,2018-07-26,11.8,12.2,11.38,12.18,2177200.0,0.0
00612.HK,2018-07-27,12.1,12.38,12.0,12.22,1848000.0,0.0
00612.HK,2018-07-30,12.5,12.98,12.3,12.86,1883600.0,0.0
00612.HK,2018-07-31,12.9,13.1,12.74,13.08,1472000.0,0.0
00612.HK,2018-08-01,13.02,13.2,12.94,13.12,1569500.0,0.0
00612.HK,2018-08-02,13.1,13.58,13.1,13.48,1745000.0,0.0
00612.HK,2018-08-03,13.6,13.8,13.5,13.7,1431200.0,0.0
00612.HK,2018-08-06,13.7,14.2,13.7,13.96,1492400.0,0.0
00612.HK,2018-08-07,13.9,14.0,13.8,13.9,1420000.0,0.0
00612.HK,2018-08-08,14.14,14.14,13.26,13.54,1603000.0,0.0
00612.HK,2018-08-09,13.54,13.56,12.86,13.02,1443906.0,0.0
00612.HK,2018-08-10,13.2,14.06,13.1,13.54,1664000.0,0.0
00612.HK,2018-08-13,13.9,14.68,13.9,14.66,2208800.0,0.0
00612.HK,2018-08-14,15.02,16.38,14.84,16.12,2028140.0,0.0
00612.HK,2018-08-15,16.38,16.6,15.22,15.8,1643090.0,0.0
00612.HK,2018-08-16,15.7,15.7,14.8,15.54,1367880.0,0.0
00612.HK,2018-08-17,15.4,15.48,15.0,15.22,1422000.0,0.0
00612.HK,2018-08-20,15.22,15.32,15.18,15.26,1880000.0,0.0
00612.HK,2018-08-21,15.28,15.7,14.88,15.02,1728000.0,0.0
00612.HK,2018-08-22,15.28,15.5,14.9,15.0,1720000.0,0.0
00612.HK,2018-08-23,15.32,15.32,14.7,14.72,1552000.0,0.0
00612.HK,2018-08-24,15.0,15.0,14.04,14.5,1467600.0,0.0
00612.HK,2018-08-27,14.32,14.38,13.8,13.9,1736000.0,0.0
00612.HK,2018-08-28,13.98,14.2,13.78,13.8,1688000.0,0.0
00612.HK,2018-08-29,13.64,14.06,13.44,13.78,1457000.0,0.0
00612.HK,2018-08-30,13.76,13.86,13.46,13.46,1496000.0,0.0
00612.HK,2018-08-31,13.46,13.72,13.18,13.2,3192200.0,0.0
00612.HK,2018-09-03,13.1,13.66,12.96,12.98,2282000.0,0.0
00612.HK,2018-09-04,12.98,13.18,12.76,12.86,3496000.0,0.0
00612.HK,2018-09-05,12.86,12.86,12.66,12.84,2689600.0,0.0
00612.HK,2018-09-06,12.84,13.0,12.82,12.86,3296000.0,0.0
00612.HK,2018-09-07,13.0,13.0,12.8,12.9,2128000.0,0.0
00612.HK,2018-09-10,13.4,16.1,13.4,15.7,2795690.0,0.0
00612.HK,2018-09-11,15.92,16.48,15.74,16.44,2696000.0,0.0
00612.HK,2018-09-12,16.7,17.0,16.24,16.48,1727900.0,0.0
00612.HK,2018-09-13,16.58,16.58,15.8,15.98,1425600.0,0.0
00612.HK,2018-09-14,15.98,16.2,15.7,15.82,1432000.0,0.0
00612.HK,2018-09-17,15.82,15.82,14.6,15.12,1448000.0,0.0
00612.HK,2018-09-18,15.1,16.08,14.88,15.52,1720000.0,0.0
00612.HK,2018-09-19,15.6,15.72,15.12,15.72,1720000.0,0.0
00612.HK,2018-09-20,15.72,16.0,15.5,16.0,1624000.0,0.0
00612.HK,2018-09-21,15.68,16.56,15.68,16.56,1824000.0,0.0
00612.HK,2018-09-24,16.56,17.52,16.34,17.5,2464008.0,0.0
00612.HK,2018-09-26,17.22,19.18,17.22,19.16,3142090.0,0.0
00612.HK,2018-09-27,20.0,20.1,19.5,20.1,2961286.0,0.0
00612.HK,2018-09-28,20.0,20.25,18.68,19.58,3544000.0,0.0
00612.HK,2018-10-02,19.96,20.4,18.9,19.16,5073000.0,0.0
00612.HK,2018-10-03,19.16,19.4,18.26,18.92,3720400.0,0.0
00612.HK,2018-10-04,18.56,19.2,18.24,19.16,7072000.0,0.0
00612.HK,2018-10-05,18.78,21.75,18.52,21.7,4233600.0,0.0
00612.HK,2018-10-08,21.7,22.95,21.3,22.95,3092600.0,0.0
00612.HK,2018-10-09,22.95,23.5,22.7,23.2,3081000.0,0.0
00612.HK,2018-10-10,24.0,25.0,21.95,22.95,5328000.0,0.0
00612.HK,2018-10-11,22.95,22.95,21.1,22.95,6252380.0,0.0
00612.HK,2018-10-12,22.95,23.5,20.0,22.95,15664000.0,0.0
00612.HK,2018-10-15,22.9,23.9,22.5,23.75,3696004.0,0.0
00612.HK,2018-10-16,23.75,24.75,23.25,24.5,3496000.0,0.0
00612.HK,2018-10-18,25.45,25.5,24.4,25.5,4936200.0,0.0
00612.HK,2018-10-19,25.25,26.0,25.25,25.75,4872800.0,0.0
00612.HK,2018-10-22,25.75,26.35,25.3,26.25,6985600.0,0.0
00612.HK,2018-10-23,26.3,26.35,24.85,25.2,4736000.0,0.0
00612.HK,2018-10-24,25.2,25.3,23.95,24.15,4745609.0,0.0
00612.HK,2018-10-25,24.0,24.0,22.5,24.0,9073600.0,0.0
00612.HK,2018-10-26,24.0,24.6,23.45,23.95,3633000.0,0.0
00612.HK,2018-10-29,23.95,25.4,23.15,25.35,5282000.0,0.0
00612.HK,2018-10-30,25.35,25.85,24.55,25.65,3746647.0,0.0
00612.HK,2018-10-31,25.65,26.6,25.65,26.6,4005647.0,0.0
00612.HK,2018-11-01,26.6,27.25,26.45,27.15,4264200.0,0.0
00612.HK,2018-11-02,27.15,28.35,26.2,27.0,5416030.0,0.0
00612.HK,2018-11-05,27.0,27.0,23.55,25.0,6715200.0,0.0
00612.HK,2018-11-06,25.55,26.4,24.7,25.25,5178320.0,0.0
00612.HK,2018-11-07,25.9,25.9,23.7,23.75,4432000.0,0.0
00612.HK,2018-11-08,23.7,25.0,22.3,22.75,9066800.0,0.0
00612.HK,2018-11-09,22.75,22.95,21.15,21.25,5717600.0,0.0
00612.HK,2018-11-12,20.95,22.95,19.36,22.65,11115000.0,0.0
00612.HK,2018-11-13,22.8,23.6,22.35,23.6,5456000.0,0.0
00612.HK,2018-11-14,23.85,25.75,23.75,25.75,8451300.0,0.0
00612.HK,2018-11-15,25.85,26.0,24.5,25.9,7395105.0,0.0
00612.HK,2018-11-16,25.9,26.0,24.9,25.6,6767744.0,0.0
00612.HK,2018-11-19,25.6,25.9,25.45,25.65,4216000.0,0.0
00612.HK,2018-11-20,24.7,25.95,24.7,25.3,9337000.0,0.0
00612.HK,2018-11-21,25.3,25.6,24.95,25.05,4882549.0,0.0
00612.HK,2018-11-22,25.05,25.85,24.95,25.55,4656000.0,0.0
00612.HK,2018-11-23,25.55,27.3,24.9,27.15,8427000.0,0.0
00612.HK,2018-11-26,27.15,27.15,25.35,27.0,10012800.0,0.0
00612.HK,2018-11-27,27.0,27.25,26.4,27.1,8426480.0,0.0
00612.HK,2018-11-28,27.2,27.75,25.0,25.1,8584400.0,0.0
00612.HK,2018-11-29,25.1,25.2,23.1,24.9,6844000.0,0.0
00612.HK,2018-11-30,24.9,24.9,21.75,22.8,66921158.0,0.0
00612.HK,2018-12-03,23.0,24.3,22.8,23.0,18053083.0,0.0
00612.HK,2018-12-04,23.0,23.25,22.3,23.0,4711918.0,0.0
00612.HK,2018-12-05,23.0,23.5,22.1,23.5,2336000.0,0.0
00612.HK,2018-12-06,23.5,24.25,22.25,24.25,3149200.0,0.0
00612.HK,2018-12-07,24.25,24.25,23.65,24.0,2599358.0,0.0
00612.HK,2018-12-10,24.0,24.1,23.2,23.7,1675695.0,0.0
00612.HK,2018-12-11,23.7,23.8,22.45,23.2,5472000.0,0.0
00612.HK,2018-12-12,23.2,23.2,22.55,23.1,3082000.0,0.0
00612.HK,2018-12-13,23.05,23.1,22.55,22.7,3078187.0,0.0
00612.HK,2018-12-14,22.7,22.85,22.55,22.8,1728000.0,0.0
00612.HK,2018-12-17,22.8,22.85,22.3,22.35,1624000.0,0.0
00612.HK,2018-12-18,22.35,22.7,22.1,22.4,1498400.0,0.0
00612.HK,2018-12-19,22.4,22.6,21.65,21.95,1550453.0,0.0
00612.HK,2018-12-20,22.0,22.35,19.98,21.55,4318640.0,0.0
00612.HK,2018-12-21,21.55,21.55,20.85,21.1,5238615.0,0.0
00612.HK,2018-12-24,21.1,21.2,20.0,20.4,2108000.0,0.0
00612.HK,2018-12-27,20.4,21.1,19.82,20.1,1578819.0,0.0
00612.HK,2018-12-28,20.15,20.15,19.0,19.36,2485400.0,0.0
00612.HK,2018-12-31,19.36,21.1,18.86,21.0,13314489.0,0.0
00612.HK,2019-01-02,21.0,22.7,19.38,21.5,11560000.0,0.0
00612.HK,2019-01-03,21.5,21.9,21.0,21.75,4468000.0,0.0
00612.HK,2019-01-04,21.65,21.85,21.3,21.65,3672000.0,0.0
00612.HK,2019-01-07,21.75,22.15,21.65,22.0,3745000.0,0.0
00612.HK,2019-01-08,22.05,23.35,21.75,23.3,2210230.0,0.0
00612.HK,2019-01-09,23.4,24.95,22.5,24.85,9579104.0,0.0
00612.HK,2019-01-10,24.9,25.75,24.35,25.7,4045815.0,0.0
00612.HK,2019-01-11,25.75,26.55,25.6,26.55,2969594.0,0.0
00612.HK,2019-01-14,26.65,26.85,24.3,25.15,4254000.0,0.0
00612.HK,2019-01-15,25.15,25.25,23.6,24.45,12386800.0,0.0
00612.HK,2019-01-16,24.45,24.6,23.9,24.0,2444541.0,0.0
00612.HK,2019-01-17,24.0,24.65,23.85,24.4,1857803.0,0.0
00612.HK,2019-01-18,24.4,24.65,23.9,24.65,3133295.0,0.0
00612.HK,2019-01-21,24.65,25.2,24.65,24.8,2152679.0,0.0
00612.HK,2019-01-22,24.9,25.3,24.3,24.95,2630219.0,0.0
00612.HK,2019-01-23,24.95,25.2,24.65,25.2,1929605.0,0.0
00612.HK,2019-01-24,25.2,26.4,25.2,26.1,3476000.0,0.0
00612.HK,2019-01-25,26.1,26.5,25.8,26.45,2444470.0,0.0
00612.HK,2019-01-28,26.5,27.1,26.05,27.1,2937578.0,0.0
00612.HK,2019-01-29,27.15,27.8,26.95,27.25,2408300.0,0.0
00612.HK,2019-01-30,27.3,27.45,26.75,27.0,2450602.0,0.0
00612.HK,2019-01-31,27.45,27.6,26.25,27.55,1863500.0,0.0
00612.HK,2019-02-01,27.55,27.6,26.4,26.6,2370300.0,0.0
00612.HK,2019-02-04,26.6,27.1,26.1,26.25,1643592.0,0.0
00612.HK,2019-02-08,26.05,26.95,26.05,26.65,1544621.0,0.0
00612.HK,2019-02-11,26.7,27.2,26.5,26.9,1502327.0,0.0
00612.HK,2019-02-12,26.9,27.25,26.7,26.8,1373150.0,0.0
00612.HK,2019-02-13,26.8,27.1,25.4,25.7,1560000.0,0.0
00612.HK,2019-02-14,25.75,26.25,25.2,25.8,1456000.0,0.0
00612.HK,2019-02-15,25.8,26.5,25.6,26.2,1584000.0,0.0
00612.HK,2019-02-18,26.2,26.85,26.1,26.3,1640000.0,0.0
00612.HK,2019-02-19,26.3,26.55,25.85,25.95,1488000.0,0.0
00612.HK,2019-02-20,25.95,25.95,25.2,25.2,1542998.0,0.0
00612.HK,2019-02-21,25.2,25.8,25.0,25.6,1602794.0,0.0
00612.HK,2019-02-22,25.6,26.25,25.2,25.2,2138474.0,0.0
00612.HK,2019-02-25,25.35,25.5,24.95,25.1,2367200.0,0.0
00612.HK,2019-02-26,25.2,25.65,25.0,25.1,2007600.0,0.0
00612.HK,2019-02-27,25.3,25.5,25.1,25.3,1492909.0,0.0
00612.HK,2019-02-28,25.35,25.75,25.3,25.3,2241572.0,0.0
00612.HK,2019-03-01,25.35,25.8,24.75,25.0,1660385.0,0.0
00612.HK,2019-03-04,25.0,25.0,22.5,24.0,10743195.0,0.0
00612.HK,2019-03-05,24.0,24.0,23.05,23.05,1733000.0,0.0
00612.HK,2019-03-06,23.05,23.1,22.1,22.25,1592000.0,0.0
00612.HK,2019-03-07,22.25,23.45,22.15,23.1,3116702.0,0.0
00612.HK,2019-03-08,23.1,23.1,23.1,23.1,0.0,0.0
00612.HK,2019-03-11,23.1,23.1,23.1,23.1,0.0,0.0
00612.HK,2019-03-12,23.1,23.1,23.1,23.1,0.0,0.0
00612.HK,2019-03-13,23.1,23.1,23.1,23.1,0.0,0.0
00612.HK,2019-03-14,23.1,23.1,23.1,23.1,0.0,0.0
00612.HK,2019-03-15,23.1,23.1,23.1,23.1,0.0,0.0
00612.HK,2019-03-18,23.1,23.1,23.1,23.1,0.0,0.0
00612.HK,2019-03-19,23.1,23.1,23.1,23.1,0.0,0.0
00612.HK,2019-03-20,23.1,23.1,23.1,23.1,0.0,0.0
00612.HK,2019-03-21,23.1,23.1,23.1,23.1,0.0,0.0
00612.HK,2019-03-22,23.1,23.1,23.1,23.1,0.0,0.0
00612.HK,2019-03-25,23.1,23.1,23.1,23.1,0.0,0.0
00612.HK,2019-03-26,23.1,23.1,23.1,23.1,0.0,0.0
00612.HK,2019-03-27,23.1,23.1,23.1,23.1,0.0,0.0
00612.HK,2019-03-28,23.1,23.1,23.1,23.1,0.0,0.0
00612.HK,2019-03-29,23.1,23.1,23.1,23.1,0.0,0.0
00612.HK,2019-04-01,23.1,23.1,23.1,23.1,0.0,0.0
00612.HK,2019-04-02,23.1,23.1,23.1,23.1,0.0,0.0
00612.HK,2019-04-03,23.1,23.1,23.1,23.1,0.0,0.0
00612.HK,2019-04-04,23.1,23.1,23.1,23.1,0.0,0.0
00612.HK,2019-04-08,23.1,23.1,23.1,23.1,0.0,0.0
00612.HK,2019-04-09,23.1,23.1,23.1,23.1,0.0,0.0
00612.HK,2019-04-10,23.1,23.1,23.1,23.1,0.0,0.0
00612.HK,2019-04-11,23.1,23.1,23.1,23.1,0.0,0.0
00612.HK,2019-04-12,23.1,23.1,23.1,23.1,0.0,0.0
00612.HK,2019-04-15,23.1,23.1,23.1,23.1,0.0,0.0
00612.HK,2019-04-16,23.1,23.1,23.1,23.1,0.0,0.0
00612.HK,2019-04-17,23.1,23.1,23.1,23.1,0.0,0.0
00612.HK,2019-04-18,23.1,23.1,23.1,23.1,0.0,0.0
00612.HK,2019-04-23,23.1,23.1,23.1,23.1,0.0,0.0
00612.HK,2019-04-24,23.1,23.1,23.1,23.1,0.0,0.0
00612.HK,2019-04-25,23.1,23.1,23.1,23.1,0.0,0.0
00612.HK,2019-04-26,23.1,23.1,23.1,23.1,0.0,0.0
00612.HK,2019-04-29,23.1,23.1,23.1,23.1,0.0,0.0
00612.HK,2019-04-30,23.1,23.1,23.1,23.1,0.0,0.0
00612.HK,2019-05-02,23.1,23.1,23.1,23.1,0.0,0.0
00612.HK,2019-05-03,23.1,23.1,23.1,23.1,0.0,0.0
00612.HK,2019-05-06,23.1,23.1,23.1,23.1,0.0,0.0
00612.HK,2019-05-07,23.1,23.1,23.1,23.1,0.0,0.0
00612.HK,2019-05-08,23.1,23.1,23.1,23.1,0.0,0.0
00612.HK,2019-05-09,23.1,23.1,23.1,23.1,0.0,0.0
00612.HK,2019-05-10,23.1,23.1,23.1,23.1,0.0,0.0
00612.HK,2019-05-14,23.1,23.1,23.1,23.1,0.0,0.0
00612.HK,2019-05-15,23.1,23.1,23.1,23.1,0.0,0.0
00612.HK,2019-05-16,23.1,23.1,23.1,23.1,0.0,0.0
00612.HK,2019-05-17,23.08,23.08,23.08,23.08,0.0,0.0
00612.HK,2019-05-20,23.08,23.08,23.08,23.08,0.0,0.0
00612.HK,2019-05-21,23.08,23.08,23.08,23.08,0.0,0.0
00612.HK,2019-05-22,23.08,23.08,23.08,23.08,0.0,0.0
00612.HK,2019-05-23,23.08,23.08,23.08,23.08,0.0,0.0
00612.HK,2019-05-24,23.08,23.08,23.08,23.08,0.0,0.0
00612.HK,2019-05-27,23.08,23.08,23.08,23.08,0.0,0.0
00612.HK,2019-05-28,23.08,23.08,23.08,23.08,0.0,0.0
00612.HK,2019-05-29,23.08,23.08,23.08,23.08,0.0,0.0
00612.HK,2019-05-30,23.08,23.08,23.08,23.08,0.0,0.0
00612.HK,2019-05-31,23.08,23.08,23.08,23.08,0.0,0.0
00612.HK,2019-06-03,23.08,23.08,23.08,23.08,0.0,0.0
00612.HK,2019-06-04,23.08,23.08,23.08,23.08,0.0,0.0
00612.HK,2019-06-05,23.08,23.08,23.08,23.08,0.0,0.0
00612.HK,2019-06-06,23.08,23.08,23.08,23.08,0.0,0.0
00612.HK,2019-06-10,23.08,23.08,23.08,23.08,0.0,0.0
00612.HK,2019-06-11,23.08,23.08,23.08,23.08,0.0,0.0
00612.HK,2019-06-12,23.08,23.08,23.08,23.08,0.0,0.0
00612.HK,2019-06-13,23.08,23.08,23.08,23.08,0.0,0.0
00612.HK,2019-06-14,23.08,23.08,23.08,23.08,0.0,0.0
00612.HK,2019-06-17,23.08,23.08,23.08,23.08,0.0,0.0
00612.HK,2019-06-18,23.08,23.08,23.08,23.08,0.0,0.0
00612.HK,2019-06-19,23.08,23.08,23.08,23.08,0.0,0.0
00612.HK,2019-06-20,23.08,23.08,23.08,23.08,0.0,0.0
00612.HK,2019-06-21,23.08,23.08,23.08,23.08,0.0,0.0
00612.HK,2019-06-24,23.08,23.08,23.08,23.08,0.0,0.0
00612.HK,2019-06-25,23.08,23.08,23.08,23.08,0.0,0.0
00612.HK,2019-06-26,23.08,23.08,23.08,23.08,0.0,0.0
00612.HK,2019-06-27,23.08,23.08,23.08,23.08,0.0,0.0
00612.HK,2019-06-28,23.08,23.08,23.08,23.08,0.0,0.0
00612.HK,2019-07-02,23.08,23.08,23.08,23.08,0.0,0.0
00612.HK,2019-07-03,23.08,23.08,23.08,23.08,0.0,0.0
00612.HK,2019-07-04,23.08,23.08,23.08,23.08,0.0,0.0
00612.HK,2019-07-05,23.08,23.08,23.08,23.08,0.0,0.0
00612.HK,2019-07-08,23.08,23.08,23.08,23.08,0.0,0.0
00612.HK,2019-07-09,23.08,23.08,23.08,23.08,0.0,0.0
00612.HK,2019-07-10,23.08,23.08,23.08,23.08,0.0,0.0
00612.HK,2019-07-11,23.08,23.08,23.08,23.08,0.0,0.0
00612.HK,2019-07-12,23.08,23.08,23.08,23.08,0.0,0.0
00612.HK,2019-07-15,23.08,23.08,23.08,23.08,0.0,0.0
00612.HK,2019-07-16,23.08,23.08,23.08,23.08,0.0,0.0
00612.HK,2019-07-17,23.08,23.08,23.08,23.08,0.0,0.0
00612.HK,2019-07-18,23.08,23.08,23.08,23.08,0.0,0.0
00612.HK,2019-07-19,23.08,23.08,23.08,23.08,0.0,0.0
00612.HK,2019-07-22,23.08,23.08,23.08,23.08,0.0,0.0
00612.HK,2019-07-23,23.08,23.08,23.08,23.08,0.0,0.0
00612.HK,2019-07-24,23.08,23.08,23.08,23.08,0.0,0.0
00612.HK,2019-07-25,23.08,23.08,23.08,23.08,0.0,0.0
00612.HK,2019-07-26,23.08,23.08,23.08,23.08,0.0,0.0
00612.HK,2019-07-29,23.08,23.08,23.08,23.08,0.0,0.0
00612.HK,2019-07-30,23.08,23.08,23.08,23.08,0.0,0.0
00612.HK,2019-07-31,23.08,23.08,23.08,23.08,0.0,0.0
00612.HK,2019-08-01,23.08,23.08,23.08,23.08,0.0,0.0
00612.HK,2019-08-02,23.08,23.08,23.08,23.08,0.0,0.0
00612.HK,2019-08-05,23.08,23.08,23.08,23.08,0.0,0.0
00612.HK,2019-08-06,23.08,23.08,23.08,23.08,0.0,0.0
00612.HK,2019-08-07,23.08,23.08,23.08,23.08,0.0,0.0
00612.HK,2019-08-08,23.08,23.08,23.08,23.08,0.0,0.0
00612.HK,2019-08-09,23.08,23.08,23.08,23.08,0.0,0.0
00612.HK,2019-08-12,23.08,23.08,23.08,23.08,0.0,0.0
00612.HK,2019-08-13,23.08,23.08,23.08,23.08,0.0,0.0
00612.HK,2019-08-14,23.08,23.08,23.08,23.08,0.0,0.0
00612.HK,2019-08-15,23.08,23.08,23.08,23.08,0.0,0.0
00612.HK,2019-08-16,23.08,23.08,23.08,23.08,0.0,0.0
00612.HK,2019-08-19,23.08,23.08,23.08,23.08,0.0,0.0
00612.HK,2019-08-20,23.08,23.08,23.08,23.08,0.0,0.0
00612.HK,2019-08-21,23.08,23.08,23.08,23.08,0.0,0.0
00612.HK,2019-08-22,23.08,23.08,23.08,23.08,0.0,0.0
00612.HK,2019-08-23,23.08,23.08,23.08,23.08,0.0,0.0
00612.HK,2019-08-26,23.08,23.08,23.08,23.08,0.0,0.0
00612.HK,2019-08-27,23.08,23.08,23.08,23.08,0.0,0.0
00612.HK,2019-08-28,23.08,23.08,23.08,23.08,0.0,0.0
00612.HK,2019-08-29,23.08,23.08,23.08,23.08,0.0,0.0
00612.HK,2019-08-30,23.08,23.08,23.08,23.08,0.0,0.0
00612.HK,2019-09-02,23.08,23.08,23.08,23.08,0.0,0.0
00612.HK,2019-09-03,23.08,23.08,23.08,23.08,0.0,0.0
00612.HK,2019-09-04,23.08,23.08,23.08,23.08,0.0,0.0
00612.HK,2019-09-05,23.08,23.08,23.08,23.08,0.0,0.0
00612.HK,2019-09-06,23.08,23.08,23.08,23.08,0.0,0.0
00612.HK,2019-09-09,23.08,23.08,23.08,23.08,0.0,0.0
00612.HK,2019-09-10,23.08,23.08,23.08,23.08,0.0,0.0
00612.HK,2019-09-11,23.08,23.08,23.08,23.08,0.0,0.0
00612.HK,2019-09-12,23.08,23.08,23.08,23.08,0.0,0.0
00612.HK,2019-09-13,23.08,23.08,23.08,23.08,0.0,0.0
00612.HK,2019-09-16,23.08,23.08,23.08,23.08,0.0,0.0
00612.HK,2019-09-17,23.08,23.08,23.08,23.08,0.0,0.0
00612.HK,2019-09-18,23.08,23.08,23.08,23.08,0.0,0.0
00612.HK,2019-09-19,23.08,23.08,23.08,23.08,0.0,0.0
00612.HK,2019-09-20,23.08,23.08,23.08,23.08,0.0,0.0
00612.HK,2019-09-23,23.08,23.08,23.08,23.08,0.0,0.0
00612.HK,2019-09-24,23.08,23.08,23.08,23.08,0.0,0.0
00612.HK,2019-09-25,23.08,23.08,23.08,23.08,0.0,0.0
00612.HK,2019-09-26,23.08,23.08,23.08,23.08,0.0,0.0
00612.HK,2019-09-27,23.08,23.08,23.08,23.08,0.0,0.0
00612.HK,2019-09-30,23.08,23.08,23.08,23.08,0.0,0.0
00612.HK,2019-10-02,23.08,23.08,23.08,23.08,0.0,0.0
00612.HK,2019-10-03,23.08,23.08,23.08,23.08,0.0,0.0
00612.HK,2019-10-04,23.08,23.08,23.08,23.08,0.0,0.0
00612.HK,2019-10-08,23.08,23.08,23.08,23.08,0.0,0.0
00612.HK,2019-10-09,23.08,23.08,23.08,23.08,0.0,0.0
00612.HK,2019-10-10,23.08,23.08,23.08,23.08,0.0,0.0
00612.HK,2019-10-11,23.08,23.08,23.08,23.08,0.0,0.0
00612.HK,2019-10-14,23.08,23.08,23.08,23.08,0.0,0.0
00612.HK,2019-10-15,23.08,23.08,23.08,23.08,0.0,0.0
00612.HK,2019-10-16,23.08,23.08,23.08,23.08,0.0,0.0
00612.HK,2019-10-17,23.08,23.08,23.08,23.08,0.0,0.0
00612.HK,2019-10-18,23.08,23.08,23.08,23.08,0.0,0.0
00612.HK,2019-10-21,23.08,23.08,23.08,23.08,0.0,0.0
00612.HK,2019-10-22,23.08,23.08,23.08,23.08,0.0,0.0
00612.HK,2019-10-23,23.08,23.08,23.08,23.08,0.0,0.0
00612.HK,2019-10-24,23.08,23.08,23.08,23.08,0.0,0.0
00612.HK,2019-10-25,23.08,23.08,23.08,23.08,0.0,0.0
00612.HK,2019-10-28,23.08,23.08,23.08,23.08,0.0,0.0
00612.HK,2019-10-29,23.08,23.08,23.08,23.08,0.0,0.0
00612.HK,2019-10-30,23.08,23.08,23.08,23.08,0.0,0.0
00612.HK,2019-10-31,23.08,23.08,23.08,23.08,0.0,0.0
00612.HK,2019-11-01,23.08,23.08,23.08,23.08,0.0,0.0
00612.HK,2019-11-04,23.08,23.08,23.08,23.08,0.0,0.0
00612.HK,2019-11-05,23.08,23.08,23.08,23.08,0.0,0.0
00612.HK,2019-11-06,23.08,23.08,23.08,23.08,0.0,0.0
00612.HK,2019-11-07,23.08,23.08,23.08,23.08,0.0,0.0
00612.HK,2019-11-08,23.08,23.08,23.08,23.08,0.0,0.0
00612.HK,2019-11-11,23.08,23.08,23.08,23.08,0.0,0.0
00612.HK,2019-11-12,23.08,23.08,23.08,23.08,0.0,0.0
00612.HK,2019-11-13,23.08,23.08,23.08,23.08,0.0,0.0
00612.HK,2019-11-14,23.08,23.08,23.08,23.08,0.0,0.0
00612.HK,2019-11-15,23.08,23.08,23.08,23.08,0.0,0.0
00612.HK,2019-11-18,23.08,23.08,23.08,23.08,0.0,0.0
00612.HK,2019-11-19,23.08,23.08,23.08,23.08,0.0,0.0
00612.HK,2019-11-20,23.08,23.08,23.08,23.08,0.0,0.0
00612.HK,2019-11-21,23.08,23.08,23.08,23.08,0.0,0.0
00612.HK,2019-11-22,23.08,23.08,23.08,23.08,0.0,0.0
00612.HK,2019-11-25,23.08,23.08,23.08,23.08,0.0,0.0
00612.HK,2019-11-26,23.08,23.08,23.08,23.08,0.0,0.0
00612.HK,2019-11-27,23.08,23.08,23.08,23.08,0.0,0.0
00612.HK,2019-11-28,23.08,23.08,23.08,23.08,0.0,0.0
00612.HK,2019-11-29,23.08,23.08,23.08,23.08,0.0,0.0
00612.HK,2019-12-02,23.08,23.08,23.08,23.08,0.0,0.0
00612.HK,2019-12-03,23.08,23.08,23.08,23.08,0.0,0.0
00612.HK,2019-12-04,23.08,23.08,23.08,23.08,0.0,0.0
00612.HK,2019-12-05,23.08,23.08,23.08,23.08,0.0,0.0
00612.HK,2019-12-06,23.08,23.08,23.08,23.08,0.0,0.0
00612.HK,2019-12-09,23.08,23.08,23.08,23.08,0.0,0.0
00612.HK,2019-12-10,23.08,23.08,23.08,23.08,0.0,0.0
00612.HK,2019-12-11,23.08,23.08,23.08,23.08,0.0,0.0
00612.HK,2019-12-12,23.08,23.08,23.08,23.08,0.0,0.0
00612.HK,2019-12-13,23.08,23.08,23.08,23.08,0.0,0.0
00612.HK,2019-12-16,23.08,23.08,23.08,23.08,0.0,0.0
00612.HK,2019-12-17,23.08,23.08,23.08,23.08,0.0,0.0
00612.HK,2019-12-18,23.08,23.08,23.08,23.08,0.0,0.0
00612.HK,2019-12-19,23.08,23.08,23.08,23.08,0.0,0.0
00612.HK,2019-12-20,23.08,23.08,23.08,23.08,0.0,0.0
00612.HK,2019-12-23,23.08,23.08,23.08,23.08,0.0,0.0
00612.HK,2019-12-24,23.08,23.08,23.08,23.08,0.0,0.0
00612.HK,2019-12-27,23.08,23.08,23.08,23.08,0.0,0.0
00612.HK,2019-12-30,23.08,23.08,23.08,23.08,0.0,0.0
00612.HK,2019-12-31,23.08,23.08,23.08,23.08,0.0,0.0
00612.HK,2020-01-02,23.08,23.08,23.08,23.08,0.0,0.0
00612.HK,2020-01-03,23.08,23.08,23.08,23.08,0.0,0.0
00612.HK,2020-01-06,23.08,23.08,23.08,23.08,0.0,0.0
00612.HK,2020-01-07,23.08,23.08,23.08,23.08,0.0,0.0
00612.HK,2020-01-08,23.08,23.08,23.08,23.08,0.0,0.0
00612.HK,2020-01-09,23.08,23.08,23.08,23.08,0.0,0.0
00612.HK,2020-01-10,23.08,23.08,23.08,23.08,0.0,0.0
00612.HK,2020-01-13,23.08,23.08,23.08,23.08,0.0,0.0
00612.HK,2020-01-14,23.08,23.08,23.08,23.08,0.0,0.0
00612.HK,2020-01-15,23.08,23.08,23.08,23.08,0.0,0.0
00612.HK,2020-01-16,23.08,23.08,23.08,23.08,0.0,0.0
00612.HK,2020-01-17,23.08,23.08,23.08,23.08,0.0,0.0
00612.HK,2020-01-20,23.08,23.08,23.08,23.08,0.0,0.0
00612.HK,2020-01-21,23.08,23.08,23.08,23.08,0.0,0.0
00612.HK,2020-01-22,23.08,23.08,23.08,23.08,0.0,0.0
00612.HK,2020-01-23,7.45,7.45,1.6,2.1,63767560.0,0.0
00612.HK,2020-01-24,1.99,1.99,1.3,1.3,34898697.0,0.0
00612.HK,2020-01-29,1.26,1.26,0.91,0.93,27397779.0,0.0
00612.HK,2020-01-30,0.95,1.12,0.79,0.81,25423000.0,0.0
00612.HK,2020-01-31,0.85,0.89,0.68,0.71,16224000.0,0.0
00612.HK,2020-02-03,0.65,1.04,0.65,0.91,54072000.0,0.0
00612.HK,2020-02-04,1.02,3.8,0.96,3.46,193101694.0,0.0
00612.HK,2020-02-05,3.6,4.7,2.6,3.01,92885527.0,0.0
00612.HK,2020-02-06,3.17,3.69,2.95,3.3,15670201.0,0.0
00612.HK,2020-02-07,3.3,3.35,3.08,3.22,6228000.0,0.0
00612.HK,2020-02-10,3.22,3.46,3.05,3.32,8773807.0,0.0
00612.HK,2020-02-11,3.32,4.17,3.32,4.04,31732900.0,0.0
00612.HK,2020-02-12,4.2,4.55,4.18,4.2,18293689.0,0.0
00612.HK,2020-02-13,4.25,4.3,3.9,4.1,8488000.0,0.0
00612.HK,2020-02-14,4.12,4.27,4.12,4.12,3027614.0,0.0
00612.HK,2020-02-17,4.03,4.36,4.01,4.17,4642528.0,0.0
00612.HK,2020-02-18,4.11,4.26,4.02,4.09,2928000.0,0.0
00612.HK,2020-02-19,4.12,4.17,4.05,4.09,1775000.0,0.0
00612.HK,2020-02-20,4.08,4.09,3.48,3.52,10680000.0,0.0
00612.HK,2020-02-21,3.45,4.02,3.03,3.81,15558000.0,0.0
00612.HK,2020-02-24,3.85,4.07,3.8,3.8,3010000.0,0.0
00612.HK,2020-02-25,3.8,3.8,3.5,3.71,2224000.0,0.0
00612.HK,2020-02-26,3.71,3.8,3.71,3.74,1296000.0,0.0
00612.HK,2020-02-27,3.74,3.92,3.65,3.67,3304000.0,0.0
00612.HK,2020-02-28,3.6,3.84,3.56,3.6,2941036.0,0.0
00612.HK,2020-03-02,3.41,3.6,3.22,3.49,2424000.0,0.0
00612.HK,2020-03-03,3.5,3.7,3.48,3.48,2504000.0,0.0
00612.HK,2020-03-04,3.48,3.55,3.39,3.44,1688000.0,0.0
00612.HK,2020-03-05,3.45,3.5,3.36,3.36,1616000.0,0.0
00612.HK,2020-03-06,3.35,3.35,3.2,3.26,2869200.0,0.0
00612.HK,2020-03-09,3.26,3.28,3.0,3.1,3352000.0,0.0
00612.HK,2020-03-10,3.1,3.1,3.1,3.1,0.0,0.0
00612.HK,2020-03-11,3.25,3.98,3.25,3.83,13224000.0,0.0
00612.HK,2020-03-12,3.83,3.83,3.46,3.55,4392000.0,0.0
00612.HK,2020-03-13,3.45,3.5,3.2,3.44,2104000.0,0.0
00612.HK,2020-03-16,3.44,3.49,3.3,3.34,2208000.0,0.0
00612.HK,2020-03-17,3.28,3.3,3.02,3.15,4634000.0,0.0
00612.HK,2020-03-18,3.19,3.39,3.14,3.14,1680000.0,0.0
00612.HK,2020-03-19,3.14,3.2,3.01,3.08,2416000.0,0.0
00612.HK,2020-03-20,3.1,3.24,3.1,3.18,948000.0,0.0
00612.HK,2020-03-23,3.1,3.16,3.06,3.1,625600.0,0.0
00612.HK,2020-03-24,3.11,3.3,3.11,3.17,616000.0,0.0
00612.HK,2020-03-25,3.26,3.26,3.14,3.16,936000.0,0.0
00612.HK,2020-03-26,3.16,3.19,3.11,3.18,600000.0,0.0
00612.HK,2020-03-27,3.18,3.25,3.09,3.09,1176675.0,0.0
00612.HK,2020-03-30,2.77,3.09,2.71,3.0,4048000.0,0.0
00612.HK,2020-03-31,3.05,3.24,3.05,3.09,1560000.0,0.0
00612.HK,2020-04-01,3.01,3.09,3.01,3.02,1376000.0,0.0
00612.HK,2020-04-02,2.99,3.07,2.98,3.04,664000.0,0.0
00612.HK,2020-04-03,3.03,3.06,3.01,3.04,736800.0,0.0
00612.HK,2020-04-06,3.05,3.09,3.02,3.06,920000.0,0.0
00612.HK,2020-04-07,3.06,3.17,3.05,3.1,1187200.0,0.0
00612.HK,2020-04-08,3.04,3.11,3.0,3.07,536000.0,0.0
00612.HK,2020-04-09,3.14,3.15,3.07,3.08,432000.0,0.0
00612.HK,2020-04-14,3.1,3.13,3.06,3.09,1314200.0,0.0
00612.HK,2020-04-15,3.12,3.16,3.12,3.16,712000.0,0.0
00612.HK,2020-04-16,3.14,3.71,3.14,3.48,7736000.0,0.0
00612.HK,2020-04-17,3.5,3.69,3.47,3.49,2356400.0,0.0
00612.HK,2020-04-20,3.54,3.58,3.45,3.5,1040000.0,0.0
00612.HK,2020-04-21,3.5,3.59,3.35,3.39,2040000.0,0.0
00612.HK,2020-04-22,3.34,3.48,3.34,3.42,928000.0,0.0
00612.HK,2020-04-23,3.45,3.54,3.35,3.35,2296000.0,0.0
00612.HK,2020-04-24,3.3,3.33,3.2,3.33,896000.0,0.0
00612.HK,2020-04-27,3.33,3.45,3.33,3.44,880000.0,0.0
00612.HK,2020-04-28,3.44,3.52,3.4,3.45,1048000.0,0.0
00612.HK,2020-04-29,3.46,3.55,3.45,3.45,1848000.0,0.0
00612.HK,2020-05-04,3.5,3.58,3.5,3.5,968000.0,0.0
00612.HK,2020-05-05,3.5,3.6,3.46,3.49,728000.0,0.0
00612.HK,2020-05-06,3.49,3.51,3.42,3.48,656000.0,0.0
00612.HK,2020-05-07,3.48,3.55,3.41,3.45,480000.0,0.0
00612.HK,2020-05-08,3.45,3.5,3.45,3.5,448000.0,0.0
00612.HK,2020-05-11,3.51,3.65,3.51,3.57,1656000.0,0.0
00612.HK,2020-05-12,3.6,3.62,3.56,3.57,1105543.0,0.0
00612.HK,2020-05-13,3.62,3.62,3.5,3.58,912000.0,0.0
00612.HK,2020-05-14,3.58,3.7,3.58,3.68,1392000.0,0.0
00612.HK,2020-05-15,3.7,3.91,3.7,3.9,3530000.0,0.0
00612.HK,2020-05-18,4.02,4.29,3.27,3.95,5677600.0,0.0
00612.HK,2020-05-19,3.95,4.05,3.8,3.8,2528000.0,0.0
00612.HK,2020-05-20,3.81,3.93,3.72,3.91,1144000.0,0.0
00612.HK,2020-05-21,3.98,4.06,3.91,4.05,2168000.0,0.0
00612.HK,2020-05-22,3.99,4.06,3.9,3.96,3304000.0,0.0
00612.HK,2020-05-25,4.05,4.13,3.97,4.08,2345556.0,0.0
00612.HK,2020-05-26,4.2,4.64,4.2,4.4,5698000.0,0.0
00612.HK,2020-05-27,4.4,4.4,4.25,4.32,1736000.0,0.0
00612.HK,2020-05-28,4.28,4.28,4.12,4.12,1857600.0,0.0
00612.HK,2020-05-29,4.13,4.2,4.08,4.11,968000.0,0.0
00612.HK,2020-06-01,4.3,4.3,4.1,4.15,1408000.0,0.0
00612.HK,2020-06-02,4.13,4.18,4.07,4.13,752000.0,0.0
00612.HK,2020-06-03,4.13,4.16,4.09,4.12,544000.0,0.0
00612.HK,2020-06-04,4.1,4.15,4.0,4.14,408000.0,0.0
00612.HK,2020-06-05,4.08,4.26,4.0,4.13,1040000.0,0.0
00612.HK,2020-06-08,4.11,4.18,4.07,4.12,990000.0,0.0
00612.HK,2020-06-09,4.11,4.25,4.1,4.15,520000.0,0.0
00612.HK,2020-06-10,4.15,4.16,4.1,4.14,304000.0,0.0
00612.HK,2020-06-11,4.13,4.13,4.01,4.02,1392000.0,0.0
00612.HK,2020-06-12,4.02,4.02,3.8,3.95,1128000.0,0.0
00612.HK,2020-06-15,4.1,4.1,3.9,3.92,432000.0,0.0
00612.HK,2020-06-16,3.94,3.98,3.9,3.9,1016000.0,0.0
00612.HK,2020-06-17,3.85,3.9,3.77,3.77,928000.0,0.0
00612.HK,2020-06-18,3.94,3.94,3.77,3.77,408000.0,0.0
00612.HK,2020-06-19,3.77,3.85,3.7,3.75,504000.0,0.0
00612.HK,2020-06-22,3.8,3.8,3.65,3.66,684000.0,0.0
00612.HK,2020-06-23,3.63,3.73,3.52,3.55,776000.0,0.0
00612.HK,2020-06-24,3.52,3.59,3.52,3.59,376000.0,0.0
00612.HK,2020-06-26,3.54,3.59,3.54,3.59,112000.0,0.0
00612.HK,2020-06-29,3.55,3.58,3.36,3.39,768000.0,0.0
00612.HK,2020-06-30,3.48,3.48,3.37,3.39,440000.0,0.0
00612.HK,2020-07-02,3.4,3.45,3.21,3.23,1336000.0,0.0
00612.HK,2020-07-03,3.3,3.3,3.04,3.08,2224000.0,0.0
00612.HK,2020-07-06,3.21,3.21,2.97,2.98,2808000.0,0.0
00612.HK,2020-07-07,3.05,3.09,2.98,3.0,3072000.0,0.0
00612.HK,2020-07-08,3.0,3.04,2.86,2.87,1624000.0,0.0
00612.HK,2020-07-09,3.0,3.06,2.95,2.98,1824000.0,0.0
00612.HK,2020-07-10,2.96,3.3,2.87,3.18,3752000.0,0.0
00612.HK,2020-07-13,3.12,3.8,3.12,3.7,5840000.0,0.0
00612.HK,2020-07-14,3.63,3.99,3.45,3.9,3472000.0,0.0
00612.HK,2020-07-15,3.97,4.0,3.78,3.78,1992000.0,0.0
00612.HK,2020-07-16,3.88,3.9,3.46,3.48,1664000.0,0.0
00612.HK,2020-07-17,3.51,3.65,3.51,3.52,408000.0,0.0
00612.HK,2020-07-20,3.52,3.52,3.22,3.45,2098000.0,0.0
00612.HK,2020-07-21,3.46,3.57,3.29,3.32,726000.0,0.0
00612.HK,2020-07-22,3.42,3.5,3.25,3.45,872000.0,0.0
00612.HK,2020-07-23,3.34,3.44,3.25,3.43,872000.0,0.0
00612.HK,2020-07-24,3.35,3.35,3.27,3.29,536000.0,0.0
00612.HK,2020-07-27,3.3,3.52,3.22,3.5,784000.0,0.0
00612.HK,2020-07-28,3.35,3.38,3.3,3.3,408000.0,0.0
00612.HK,2020-07-29,3.3,3.34,3.27,3.28,416000.0,0.0
00612.HK,2020-07-30,3.27,3.29,3.22,3.25,312000.0,0.0
00612.HK,2020-07-31,3.2,3.24,3.19,3.2,728000.0,0.0
00612.HK,2020-08-03,3.21,3.21,3.14,3.14,808000.0,0.0
00612.HK,2020-08-04,3.12,3.18,3.08,3.12,416000.0,0.0
00612.HK,2020-08-05,3.12,3.12,2.96,3.0,3096000.0,0.0
00612.HK,2020-08-06,3.0,3.08,2.8,2.99,4488000.0,0.0
00612.HK,2020-08-07,2.95,3.0,2.81,2.94,1248000.0,0.0
00612.HK,2020-08-10,2.95,3.0,2.8,2.83,1832000.0,0.0
00612.HK,2020-08-11,2.84,2.9,2.73,2.83,1392000.0,0.0
00612.HK,2020-08-12,2.85,2.96,2.77,2.91,1080000.0,0.0
00612.HK,2020-08-13,2.93,3.15,2.93,3.15,1392000.0,0.0
00612.HK,2020-08-14,3.15,3.18,2.85,2.85,2200000.0,0.0
00612.HK,2020-08-17,2.86,2.9,2.7,2.84,2304000.0,0.0
00612.HK,2020-08-18,2.85,2.85,2.77,2.78,1181855.0,0.0
00612.HK,2020-08-19,2.79,2.87,2.75,2.75,616000.0,0.0
00612.HK,2020-08-20,2.7,2.75,2.65,2.7,1856000.0,0.0
00612.HK,2020-08-21,2.7,2.95,2.7,2.85,1952000.0,0.0
00612.HK,2020-08-24,2.94,2.95,2.82,2.88,728000.0,0.0
00612.HK,2020-08-25,2.87,2.95,2.86,2.92,656000.0,0.0
00612.HK,2020-08-26,2.91,2.99,2.91,2.95,896000.0,0.0
00612.HK,2020-08-27,2.92,2.95,2.88,2.9,864000.0,0.0
00612.HK,2020-08-28,2.89,2.89,2.75,2.85,1616000.0,0.0
00612.HK,2020-08-31,2.8,2.82,2.7,2.78,1016000.0,0.0
00612.HK,2020-09-01,2.78,2.84,2.74,2.79,652000.0,0.0
00612.HK,2020-09-02,2.77,2.81,2.74,2.77,1032000.0,0.0
00612.HK,2020-09-03,2.85,2.9,2.77,2.78,1225901.0,0.0
00612.HK,2020-09-04,2.75,2.8,2.68,2.76,720000.0,0.0
00612.HK,2020-09-07,2.8,2.8,2.7,2.72,664000.0,0.0
00612.HK,2020-09-08,2.72,2.77,2.72,2.72,608000.0,0.0
00612.HK,2020-09-09,2.72,2.75,2.71,2.71,488000.0,0.0
00612.HK,2020-09-10,2.73,2.73,2.71,2.71,168000.0,0.0
00612.HK,2020-09-11,2.71,2.72,2.7,2.71,304000.0,0.0
00612.HK,2020-09-14,2.7,2.72,2.69,2.69,592000.0,0.0
00612.HK,2020-09-15,2.7,2.74,2.65,2.67,584000.0,0.0
00612.HK,2020-09-16,2.71,2.72,2.69,2.69,384000.0,0.0
00612.HK,2020-09-17,2.7,2.7,2.67,2.67,344000.0,0.0
00612.HK,2020-09-18,2.67,2.99,2.67,2.99,3536000.0,0.0
00612.HK,2020-09-21,2.99,3.1,2.88,2.9,1300000.0,0.0
00612.HK,2020-09-22,2.85,2.9,2.71,2.77,400000.0,0.0
00612.HK,2020-09-23,2.86,2.86,2.73,2.73,904000.0,0.0
00612.HK,2020-09-24,2.65,2.76,2.65,2.74,384000.0,0.0
00612.HK,2020-09-25,2.74,2.74,2.5,2.6,2144000.0,0.0
00612.HK,2020-09-28,2.75,2.77,2.58,2.6,1666200.0,0.0
00612.HK,2020-09-29,2.55,2.6,2.55,2.57,296000.0,0.0
00612.HK,2020-09-30,2.58,2.66,2.58,2.63,232000.0,0.0
00612.HK,2020-10-05,2.63,2.68,2.63,2.64,200000.0,0.0
00612.HK,2020-10-06,2.72,2.72,2.6,2.65,368000.0,0.0
00612.HK,2020-10-07,2.65,2.66,2.58,2.58,224000.0,0.0
00612.HK,2020-10-08,2.6,2.6,2.5,2.55,520000.0,0.0
00612.HK,2020-10-09,2.54,2.57,2.4,2.42,768000.0,0.0
00612.HK,2020-10-12,2.42,2.58,2.42,2.53,768000.0,0.0
00612.HK,2020-10-14,2.53,2.58,2.5,2.51,304000.0,0.0
00612.HK,2020-10-15,2.5,2.53,2.49,2.5,184000.0,0.0
00612.HK,2020-10-16,2.5,2.51,2.48,2.48,416000.0,0.0
00612.HK,2020-10-19,2.47,2.5,2.46,2.5,464000.0,0.0
00612.HK,2020-10-20,2.45,2.47,2.22,2.34,944000.0,0.0
00612.HK,2020-10-21,2.39,2.47,2.37,2.43,432000.0,0.0
00612.HK,2020-10-22,2.43,2.45,2.41,2.45,128000.0,0.0
00612.HK,2020-10-23,2.4,2.4,2.28,2.32,688000.0,0.0
00612.HK,2020-10-27,2.31,2.31,2.18,2.19,704000.0,0.0
00612.HK,2020-10-28,2.2,2.2,2.02,2.04,1480000.0,0.0
00612.HK,2020-10-29,1.98,2.5,1.88,2.06,1600000.0,0.0
00612.HK,2020-10-30,2.09,2.09,2.02,2.08,592194.0,0.0
00612.HK,2020-11-02,2.21,2.21,1.98,2.02,2376000.0,0.0
00612.HK,2020-11-03,2.02,2.1,1.98,1.98,704000.0,0.0
00612.HK,2020-11-04,2.02,2.02,2.0,2.0,480000.0,0.0
00612.HK,2020-11-05,2.0,2.09,1.95,2.04,608000.0,0.0
00612.HK,2020-11-06,2.05,2.09,2.03,2.03,1304000.0,0.0
00612.HK,2020-11-09,2.0,2.01,1.81,1.87,1839200.0,0.0
00612.HK,2020-11-10,1.91,1.97,1.84,1.84,1088000.0,0.0
00612.HK,2020-11-11,1.8,1.9,1.8,1.84,904000.0,0.0
00612.HK,2020-11-12,1.84,1.88,1.8,1.86,784000.0,0.0
00612.HK,2020-11-13,1.88,1.88,1.84,1.84,232000.0,0.0
00612.HK,2020-11-16,1.83,1.86,1.82,1.83,205900.0,0.0
00612.HK,2020-11-17,1.82,1.84,1.8,1.83,408000.0,0.0
00612.HK,2020-11-18,1.85,1.85,1.8,1.84,216000.0,0.0
00612.HK,2020-11-19,1.84,1.84,1.8,1.81,320000.0,0.0
00612.HK,2020-11-20,1.88,1.88,1.84,1.84,152000.0,0.0
00612.HK,2020-11-23,1.84,1.85,1.8,1.82,512000.0,0.0
00612.HK,2020-11-24,1.82,1.87,1.8,1.8,688000.0,0.0
00612.HK,2020-11-25,1.8,1.86,1.8,1.81,800000.0,0.0
00612.HK,2020-11-26,1.81,1.9,1.81,1.87,680000.0,0.0
00612.HK,2020-11-27,1.87,2.5,1.87,2.3,4504000.0,0.0
00612.HK,2020-11-30,2.32,2.52,2.21,2.39,2768000.0,0.0
00612.HK,2020-12-01,2.4,2.5,2.22,2.22,1072000.0,0.0
00612.HK,2020-12-02,2.2,2.23,2.04,2.21,568000.0,0.0
00612.HK,2020-12-03,2.12,2.12,1.88,2.04,2628000.0,0.0
00612.HK,2020-12-04,2.04,2.07,1.99,1.99,928000.0,0.0
00612.HK,2020-12-07,1.92,1.99,1.89,1.97,416000.0,0.0
00612.HK,2020-12-08,1.87,2.06,1.87,2.05,368000.0,0.0
00612.HK,2020-12-09,2.05,2.1,1.9,1.99,1630000.0,0.0
00612.HK,2020-12-10,1.97,1.98,1.9,1.91,816000.0,0.0
00612.HK,2020-12-11,1.91,1.98,1.89,1.98,1008000.0,0.0
00612.HK,2020-12-14,1.91,2.02,1.9,1.95,1144000.0,0.0
00612.HK,2020-12-15,1.97,2.19,1.97,2.18,1496000.0,0.0
00612.HK,2020-12-16,2.25,2.38,2.22,2.27,1416000.0,0.0
00612.HK,2020-12-17,2.26,2.31,2.13,2.19,867300.0,0.0
00612.HK,2020-12-18,2.2,2.24,2.15,2.17,480000.0,0.0
00612.HK,2020-12-21,2.1,2.14,1.97,2.04,1256000.0,0.0
00612.HK,2020-12-22,2.01,2.15,2.0,2.12,464000.0,0.0
00612.HK,2020-12-23,2.13,2.27,2.07,2.2,1076000.0,0.0
00612.HK,2020-12-24,2.21,2.27,2.21,2.25,248000.0,0.0
00612.HK,2020-12-28,2.24,2.24,2.06,2.13,1120000.0,0.0
00612.HK,2020-12-29,2.13,2.13,2.06,2.08,640000.0,0.0
00612.HK,2020-12-30,2.09,2.18,2.09,2.16,376000.0,0.0
00612.HK,2020-12-31,2.17,2.22,2.12,2.15,184000.0,0.0
00612.HK,2021-01-04,2.15,2.2,2.06,2.07,1304000.0,0.0
00612.HK,2021-01-05,2.0,2.04,1.97,2.0,1272000.0,0.0
00612.HK,2021-01-06,1.96,2.03,1.96,1.99,288000.0,0.0
00612.HK,2021-01-07,1.99,2.07,1.99,2.0,339200.0,0.0
00612.HK,2021-01-08,1.99,2.05,1.99,2.03,368000.0,0.0
00612.HK,2021-01-11,1.99,2.08,1.99,2.01,435000.0,0.0
00612.HK,2021-01-12,2.02,2.04,2.0,2.03,168000.0,0.0
00612.HK,2021-01-13,2.0,2.02,1.97,1.99,1192000.0,0.0
00612.HK,2021-01-14,1.95,2.22,1.93,2.07,2792000.0,0.0
00612.HK,2021-01-15,2.08,2.19,2.08,2.14,1720000.0,0.0
00612.HK,2021-01-18,2.14,2.14,2.02,2.11,1664000.0,0.0
00612.HK,2021-01-19,2.11,2.16,2.07,2.12,1224000.0,0.0
00612.HK,2021-01-20,2.07,2.22,2.06,2.18,1328000.0,0.0
00612.HK,2021-01-21,2.17,2.25,2.14,2.18,624000.0,0.0
00612.HK,2021-01-22,2.12,2.12,2.05,2.09,1216000.0,0.0
00612.HK,2021-01-25,2.08,2.11,2.0,2.03,1944000.0,0.0
00612.HK,2021-01-26,2.02,2.05,2.02,2.02,1008000.0,0.0
00612.HK,2021-01-27,2.0,2.02,1.98,1.98,1105600.0,0.0
00612.HK,2021-01-28,1.99,1.99,1.86,1.94,1280000.0,0.0
00612.HK,2021-01-29,1.97,1.97,1.89,1.9,776000.0,0.0
00612.HK,2021-02-01,1.9,1.96,1.85,1.85,872000.0,0.0
00612.HK,2021-02-02,1.96,1.96,1.89,1.91,550000.0,0.0
00612.HK,2021-02-03,1.92,1.93,1.89,1.89,680000.0,0.0
00612.HK,2021-02-04,1.91,1.92,1.88,1.9,672000.0,0.0
00612.HK,2021-02-05,1.89,1.93,1.88,1.88,464000.0,0.0
00612.HK,2021-02-08,1.88,1.96,1.82,1.87,1313326.0,0.0
00612.HK,2021-02-09,1.87,1.93,1.84,1.89,520000.0,0.0
00612.HK,2021-02-10,1.86,1.89,1.84,1.85,1656000.0,0.0
00612.HK,2021-02-11,1.85,1.9,1.85,1.89,544000.0,0.0
00612.HK,2021-02-16,1.88,1.88,1.77,1.83,976000.0,0.0
00612.HK,2021-02-17,1.81,1.83,1.8,1.8,1064000.0,0.0
00612.HK,2021-02-18,1.81,1.87,1.79,1.86,1144400.0,0.0
00612.HK,2021-02-19,1.87,1.87,1.8,1.82,424000.0,0.0
00612.HK,2021-02-22,1.84,1.87,1.79,1.84,872000.0,0.0
00612.HK,2021-02-23,1.8,1.84,1.8,1.8,384000.0,0.0
00612.HK,2021-02-24,1.81,1.81,1.77,1.77,920000.0,0.0
00612.HK,2021-02-25,1.78,1.8,1.78,1.78,184000.0,0.0
00612.HK,2021-02-26,1.71,1.85,1.71,1.78,440000.0,0.0
00612.HK,2021-03-01,1.79,1.93,1.79,1.85,496000.0,0.0
00612.HK,2021-03-02,1.85,1.85,1.8,1.81,598000.0,0.0
00612.HK,2021-03-03,1.86,1.9,1.86,1.89,776000.0,0.0
00612.HK,2021-03-04,1.89,1.89,1.83,1.88,744000.0,0.0
00612.HK,2021-03-05,1.9,2.29,1.87,2.27,7298000.0,0.0
00612.HK,2021-03-08,2.39,2.74,2.26,2.36,12096000.0,0.0
00612.HK,2021-03-09,2.3,2.41,2.16,2.21,1736000.0,0.0
00612.HK,2021-03-10,2.36,2.72,2.2,2.25,5240000.0,0.0
00612.HK,2021-03-11,2.3,2.4,2.25,2.32,2200000.0,0.0
00612.HK,2021-03-12,2.33,2.5,2.31,2.49,3216000.0,0.0
00612.HK,2021-03-15,2.6,2.88,2.5,2.85,11165600.0,0.0
00612.HK,2021-03-16,2.96,3.05,2.66,2.9,8660000.0,0.0
00612.HK,2021-03-17,2.9,3.03,2.75,2.99,5592000.0,0.0
00612.HK,2021-03-18,3.0,3.0,2.85,2.87,3520000.0,0.0
00612.HK,2021-03-19,2.81,2.86,2.66,2.71,5348000.0,0.0
00612.HK,2021-03-22,2.72,2.72,2.46,2.54,4160000.0,0.0
00612.HK,2021-03-23,2.6,2.85,2.58,2.83,3993600.0,0.0
00612.HK,2021-03-24,2.72,2.85,2.62,2.85,4460000.0,0.0
00612.HK,2021-03-25,2.73,2.88,2.67,2.87,3432000.0,0.0
00612.HK,2021-03-26,2.89,2.93,2.78,2.89,3356000.0,0.0
00612.HK,2021-03-29,2.9,3.1,2.86,3.05,4624000.0,0.0
00612.HK,2021-03-30,3.1,3.1,2.77,2.84,3698400.0,0.0
00612.HK,2021-03-31,2.81,2.86,2.77,2.81,2088000.0,0.0
00612.HK,2021-04-01,2.81,2.81,2.73,2.76,2488000.0,0.0
00612.HK,2021-04-07,2.76,2.86,2.75,2.81,2864000.0,0.0
00612.HK,2021-04-08,2.79,2.98,2.79,2.88,2728000.0,0.0
00612.HK,2021-04-09,2.83,3.02,2.75,2.81,2432000.0,0.0
00612.HK,2021-04-12,2.76,2.82,2.76,2.79,1128000.0,0.0
00612.HK,2021-04-13,2.75,2.8,2.7,2.79,1232000.0,0.0
00612.HK,2021-04-14,2.71,2.97,2.71,2.89,2656000.0,0.0
00612.HK,2021-04-15,2.82,2.93,2.82,2.86,1912000.0,0.0
00612.HK,2021-04-16,2.8,2.89,2.8,2.84,2384000.0,0.0
00612.HK,2021-04-19,2.85,2.89,2.81,2.84,2592000.0,0.0
00612.HK,2021-04-20,2.9,2.9,2.8,2.82,776000.0,0.0
00612.HK,2021-04-21,2.83,2.85,2.8,2.85,776000.0,0.0
00612.HK,2021-04-22,2.95,2.95,2.84,2.85,1288000.0,0.0
00612.HK,2021-04-23,2.86,2.95,2.81,2.93,2032000.0,0.0
00612.HK,2021-04-26,2.93,2.95,2.88,2.9,696000.0,0.0
00612.HK,2021-04-27,2.95,2.95,2.85,2.88,768000.0,0.0
00612.HK,2021-04-28,2.94,2.94,2.86,2.89,488000.0,0.0
00612.HK,2021-04-29,2.92,2.92,2.76,2.86,3248000.0,0.0
00612.HK,2021-04-30,2.89,2.93,2.81,2.92,1120000.0,0.0
00612.HK,2021-05-03,2.85,2.9,2.85,2.86,192000.0,0.0
00612.HK,2021-05-04,2.84,2.85,2.77,2.79,912000.0,0.0
00612.HK,2021-05-05,2.75,2.76,2.62,2.64,2452000.0,0.0
00612.HK,2021-05-06,2.64,2.64,2.5,2.61,1632000.0,0.0
00612.HK,2021-05-07,2.7,2.72,2.61,2.62,1500000.0,0.0
00612.HK,2021-05-10,2.66,2.83,2.64,2.81,3502400.0,0.0
00612.HK,2021-05-11,2.69,2.85,2.69,2.79,3168000.0,0.0
00612.HK,2021-05-12,2.7,2.79,2.7,2.79,1184000.0,0.0
00612.HK,2021-05-13,2.66,2.75,2.65,2.75,1896000.0,0.0
00612.HK,2021-05-14,2.71,2.79,2.69,2.75,1608000.0,0.0
00612.HK,2021-05-17,2.75,2.78,2.73,2.78,784000.0,0.0
00612.HK,2021-05-18,2.78,2.84,2.76,2.77,2544000.0,0.0
00612.HK,2021-05-20,2.75,2.77,2.71,2.71,1288000.0,0.0
00612.HK,2021-05-21,2.76,2.76,2.71,2.72,440000.0,0.0
00612.HK,2021-05-24,2.73,2.76,2.71,2.72,256000.0,0.0
00612.HK,2021-05-25,2.74,2.76,2.73,2.76,312000.0,0.0
00612.HK,2021-05-26,2.76,2.83,2.76,2.78,600000.0,0.0
00612.HK,2021-05-27,2.81,2.81,2.7,2.74,920000.0,0.0
00612.HK,2021-05-28,2.78,2.78,2.72,2.75,1368000.0,0.0
00612.HK,2021-05-31,2.81,2.81,2.68,2.75,1080000.0,0.0
00612.HK,2021-06-01,2.81,2.81,2.72,2.8,1056000.0,0.0
00612.HK,2021-06-02,2.82,2.9,2.77,2.84,2248000.0,0.0
00612.HK,2021-06-03,2.84,2.95,2.8,2.8,3442000.0,0.0
00612.HK,2021-06-04,2.8,2.86,2.78,2.78,712000.0,0.0
00612.HK,2021-06-07,2.78,2.81,2.73,2.78,336000.0,0.0
00612.HK,2021-06-08,2.78,2.81,2.76,2.78,400000.0,0.0
00612.HK,2021-06-09,2.78,2.8,2.77,2.77,584000.0,0.0
00612.HK,2021-06-10,2.86,2.93,2.82,2.89,1352000.0,0.0
00612.HK,2021-06-11,2.93,2.93,2.84,2.9,1200000.0,0.0
00612.HK,2021-06-15,2.93,2.95,2.83,2.83,520000.0,0.0
00612.HK,2021-06-16,2.87,2.88,2.8,2.86,376000.0,0.0
00612.HK,2021-06-17,2.85,2.85,2.78,2.84,976000.0,0.0
00612.HK,2021-06-18,2.84,2.84,2.76,2.83,366000.0,0.0
00612.HK,2021-06-21,2.9,2.92,2.81,2.84,328000.0,0.0
00612.HK,2021-06-22,2.85,2.85,2.75,2.83,576000.0,0.0
00612.HK,2021-06-23,2.83,2.83,2.76,2.78,808000.0,0.0
00612.HK,2021-06-24,2.76,2.8,2.71,2.77,608000.0,0.0
00612.HK,2021-06-25,2.79,2.8,2.72,2.78,1168000.0,0.0
00612.HK,2021-06-28,2.75,2.79,2.73,2.73,712000.0,0.0
00612.HK,2021-06-29,2.74,2.81,2.73,2.8,1048716.0,0.0
00612.HK,2021-06-30,2.8,2.86,2.8,2.84,892000.0,0.0
00612.HK,2021-07-02,2.84,2.84,2.79,2.82,424000.0,0.0
00612.HK,2021-07-05,2.82,2.85,2.79,2.85,1432000.0,0.0
00612.HK,2021-07-06,2.84,2.85,2.83,2.85,528000.0,0.0
00612.HK,2021-07-07,2.85,2.85,2.81,2.85,264000.0,0.0
00612.HK,2021-07-08,2.8,2.8,2.78,2.79,176000.0,0.0
00612.HK,2021-07-09,2.84,2.84,2.78,2.8,698000.0,0.0
00612.HK,2021-07-12,2.82,2.83,2.81,2.83,448000.0,0.0
00612.HK,2021-07-13,2.83,2.86,2.81,2.84,1112000.0,0.0
00612.HK,2021-07-14,2.81,2.87,2.76,2.83,854000.0,0.0
00612.HK,2021-07-15,2.8,2.9,2.76,2.88,2208000.0,0.0
00612.HK,2021-07-16,2.85,2.9,2.83,2.89,712000.0,0.0
00612.HK,2021-07-19,2.76,2.92,2.76,2.85,1236000.0,0.0
00612.HK,2021-07-20,2.81,2.92,2.81,2.88,2136000.0,0.0
00612.HK,2021-07-21,2.84,2.98,2.81,2.93,2616000.0,0.0
00612.HK,2021-07-22,2.9,3.12,2.88,3.11,4120000.0,0.0
00612.HK,2021-07-23,3.25,3.27,3.15,3.18,2280000.0,0.0
00612.HK,2021-07-26,3.17,3.17,3.01,3.03,1800000.0,0.0
00612.HK,2021-07-27,3.02,3.19,3.02,3.17,2136000.0,0.0
00612.HK,2021-07-28,3.15,3.43,3.14,3.42,5208000.0,0.0
00612.HK,2021-07-29,3.43,3.59,3.43,3.52,3128000.0,0.0
00612.HK,2021-07-30,3.52,3.77,3.47,3.68,6396000.0,0.0
00612.HK,2021-08-02,3.69,3.77,3.53,3.55,2304000.0,0.0
00612.HK,2021-08-03,3.44,3.57,3.42,3.55,2552000.0,0.0
00612.HK,2021-08-04,3.48,4.04,3.48,4.0,5696000.0,0.0
00612.HK,2021-08-05,4.02,4.24,4.02,4.14,5672000.0,0.0
00612.HK,2021-08-06,4.29,4.29,3.94,4.0,3000000.0,0.0
00612.HK,2021-08-09,4.0,4.16,3.94,4.1,1392000.0,0.0
00612.HK,2021-08-10,4.1,4.33,4.1,4.27,2247479.0,0.0
00612.HK,2021-08-11,4.34,4.68,4.33,4.57,6200000.0,0.0
00612.HK,2021-08-12,4.57,4.86,4.46,4.73,4960000.0,0.0
00612.HK,2021-08-13,4.8,5.0,4.55,4.62,3872000.0,0.0
00612.HK,2021-08-16,4.6,4.87,4.6,4.69,3720000.0,0.0
00612.HK,2021-08-17,4.7,4.87,4.58,4.66,4428440.0,0.0
00612.HK,2021-08-18,4.74,4.74,4.43,4.66,4220000.0,0.0
00612.HK,2021-08-19,4.78,4.78,4.3,4.6,3616000.0,0.0
00612.HK,2021-08-20,4.64,4.67,4.45,4.53,1836000.0,0.0
00612.HK,2021-08-23,4.59,4.68,4.5,4.51,3488000.0,0.0
00612.HK,2021-08-24,4.62,4.62,4.33,4.37,3433600.0,0.0
00612.HK,2021-08-25,4.52,4.52,3.66,3.81,6272000.0,0.0
00612.HK,2021-08-26,3.74,3.93,3.7,3.77,2032000.0,0.0
00612.HK,2021-08-27,3.82,3.9,3.8,3.82,1744000.0,0.0
00612.HK,2021-08-30,3.92,3.96,3.8,3.89,2233780.0,0.0
00612.HK,2021-08-31,3.97,4.09,3.86,3.9,3204000.0,0.0
00612.HK,2021-09-01,4.0,4.0,3.89,3.95,728000.0,0.0
00612.HK,2021-09-02,3.99,4.06,3.94,3.98,1352000.0,0.0
00612.HK,2021-09-03,4.0,4.09,3.91,3.94,1352000.0,0.0
00612.HK,2021-09-06,4.05,4.05,3.74,3.89,1544000.0,0.0
00612.HK,2021-09-07,3.88,3.97,3.78,3.81,1576000.0,0.0
00612.HK,2021-09-08,3.8,3.87,3.72,3.78,1430000.0,0.0
00612.HK,2021-09-09,3.9,3.9,3.73,3.84,1436000.0,0.0
00612.HK,2021-09-10,3.87,4.0,3.84,3.88,2286000.0,0.0
00612.HK,2021-09-13,3.87,3.94,3.78,3.94,2008000.0,0.0
00612.HK,2021-09-14,3.97,3.97,3.86,3.89,1631000.0,0.0
00612.HK,2021-09-15,3.89,3.92,3.8,3.83,1448464.0,0.0
00612.HK,2021-09-16,3.91,4.22,3.81,4.07,5904200.0,0.0
00612.HK,2021-09-17,4.2,4.2,3.78,3.83,2328000.0,0.0
00612.HK,2021-09-20,3.82,3.89,3.72,3.81,1800000.0,0.0
00612.HK,2021-09-21,3.95,3.95,3.73,3.88,1360000.0,0.0
00612.HK,2021-09-23,3.87,3.87,3.72,3.78,1276000.0,0.0
00612.HK,2021-09-24,3.84,3.9,3.7,3.82,1773000.0,0.0
00612.HK,2021-09-27,3.82,3.93,3.67,3.75,1040000.0,0.0
00612.HK,2021-09-28,3.79,3.79,3.65,3.65,1152000.0,0.0
00612.HK,2021-09-29,3.66,3.74,3.43,3.62,3024000.0,0.0
00612.HK,2021-09-30,3.74,3.74,3.51,3.56,712000.0,0.0
00612.HK,2021-10-04,3.68,3.68,3.41,3.51,504000.0,0.0
00612.HK,2021-10-05,3.62,3.62,3.35,3.37,871072.0,0.0
00612.HK,2021-10-06,3.54,3.54,3.08,3.16,1752000.0,0.0
00612.HK,2021-10-07,3.28,3.28,3.02,3.22,1368000.0,0.0
00612.HK,2021-10-08,3.35,3.35,3.07,3.09,980000.0,0.0
00612.HK,2021-10-11,3.18,3.3,3.0,3.13,1672000.0,0.0
00612.HK,2021-10-12,3.13,3.13,3.0,3.09,1184000.0,0.0
00612.HK,2021-10-15,3.29,3.29,2.63,3.0,4272000.0,0.0
00612.HK,2021-10-18,3.0,3.05,2.84,2.88,1928000.0,0.0
00612.HK,2021-10-19,2.98,2.98,2.8,2.88,2696000.0,0.0
00612.HK,2021-10-20,2.95,2.95,2.75,2.84,1476400.0,0.0
00612.HK,2021-10-21,2.84,2.84,2.69,2.76,2453000.0,0.0
00612.HK,2021-10-22,2.77,2.95,2.73,2.82,3296000.0,0.0
00612.HK,2021-10-25,2.87,2.87,2.67,2.71,1928000.0,0.0
00612.HK,2021-10-26,2.71,2.71,2.52,2.64,2400000.0,0.0
00612.HK,2021-10-27,2.64,2.68,2.64,2.66,812000.0,0.0
00612.HK,2021-10-28,2.66,2.75,2.6,2.68,972919.0,0.0
00612.HK,2021-10-29,2.68,2.68,2.65,2.65,504000.0,0.0
00612.HK,2021-11-01,2.66,2.66,2.61,2.61,592000.0,0.0
00612.HK,2021-11-02,2.68,2.7,2.62,2.64,608000.0,0.0
00612.HK,2021-11-03,2.68,2.71,2.61,2.65,272000.0,0.0
00612.HK,2021-11-04,2.65,2.66,2.62,2.62,128009.0,0.0
00612.HK,2021-11-05,2.62,2.62,2.58,2.58,512000.0,0.0
00612.HK,2021-11-08,2.62,2.67,2.43,2.56,1464000.0,0.0
00612.HK,2021-11-09,2.56,2.56,2.52,2.52,219000.0,0.0
00612.HK,2021-11-10,2.53,2.66,2.5,2.57,832000.0,0.0
00612.HK,2021-11-11,2.52,2.64,2.51,2.55,1300000.0,0.0
00612.HK,2021-11-12,2.5,2.55,2.5,2.53,984000.0,0.0
00612.HK,2021-11-15,2.57,3.12,2.57,3.1,4794497.0,0.0
00612.HK,2021-11-16,3.02,3.35,2.98,3.08,5440000.0,0.0
00612.HK,2021-11-17,3.08,3.2,3.0,3.17,2032000.0,0.0
00612.HK,2021-11-18,3.18,3.22,3.11,3.15,990549.0,0.0
00612.HK,2021-11-19,3.15,3.15,3.06,3.09,1288000.0,0.0
00612.HK,2021-11-22,3.23,3.4,3.15,3.22,2670196.0,0.0
00612.HK,2021-11-23,3.17,3.3,3.15,3.26,928000.0,0.0
00612.HK,2021-11-24,3.39,3.4,3.21,3.25,792000.0,0.0
00612.HK,2021-11-25,3.26,3.28,3.19,3.2,946500.0,0.0
00612.HK,2021-11-26,3.15,3.18,2.94,3.01,1650353.0,0.0
00612.HK,2021-11-29,2.87,3.1,2.87,3.05,1416000.0,0.0
00612.HK,2021-11-30,3.05,3.11,3.05,3.11,1064000.0,0.0
00612.HK,2021-12-01,3.05,3.11,3.0,3.04,1104000.0,0.0
00612.HK,2021-12-02,2.95,3.11,2.95,3.06,728000.0,0.0
00612.HK,2021-12-03,3.02,3.1,3.02,3.05,656000.0,0.0
00612.HK,2021-12-06,3.05,3.05,2.93,2.98,1032000.0,0.0
00612.HK,2021-12-07,2.99,3.15,2.99,3.05,1312000.0,0.0
00612.HK,2021-12-08,3.04,3.15,3.04,3.13,1736000.0,0.0
00612.HK,2021-12-09,3.15,3.19,3.12,3.13,784000.0,0.0
00612.HK,2021-12-10,3.1,3.15,3.08,3.08,546000.0,0.0
00612.HK,2021-12-13,3.05,3.15,3.01,3.13,928000.0,0.0
00612.HK,2021-12-14,3.17,3.43,3.17,3.42,4008000.0,0.0
00612.HK,2021-12-15,3.42,3.53,3.15,3.23,2624000.0,0.0
00612.HK,2021-12-16,3.23,3.3,3.2,3.29,704000.0,0.0
00612.HK,2021-12-17,3.29,3.29,3.18,3.23,872000.0,0.0
00612.HK,2021-12-20,3.23,3.23,3.15,3.16,1728000.0,0.0
00612.HK,2021-12-21,3.14,3.16,3.14,3.15,288000.0,0.0
00612.HK,2021-12-22,3.15,3.17,3.13,3.13,744000.0,0.0
00612.HK,2021-12-23,3.14,3.22,3.14,3.2,736000.0,0.0
00612.HK,2021-12-24,3.16,3.24,3.16,3.21,219340.0,0.0
00612.HK,2021-12-28,3.25,3.39,3.22,3.27,2104000.0,0.0
00612.HK,2021-12-29,3.26,3.33,3.26,3.32,880000.0,0.0
00612.HK,2021-12-30,3.32,3.33,3.28,3.3,759425.0,0.0
00612.HK,2021-12-31,3.3,3.32,3.24,3.28,720000.0,0.0
00612.HK,2022-01-03,3.35,3.5,3.3,3.31,1816000.0,0.0
00612.HK,2022-01-04,3.35,3.36,3.25,3.25,1768000.0,0.0
00612.HK,2022-01-05,3.15,3.25,3.14,3.2,1056000.0,0.0
00612.HK,2022-01-06,3.2,3.26,3.16,3.16,1400000.0,0.0
00612.HK,2022-01-07,3.18,3.23,3.16,3.22,408000.0,0.0
00612.HK,2022-01-10,3.27,3.32,3.25,3.27,488000.0,0.0
00612.HK,2022-01-11,3.3,3.3,3.23,3.25,504000.0,0.0
00612.HK,2022-01-12,3.26,3.48,3.26,3.48,3096000.0,0.0
00612.HK,2022-01-13,3.48,3.56,3.32,3.37,2112000.0,0.0
00612.HK,2022-01-14,3.37,3.49,3.31,3.46,728000.0,0.0
00612.HK,2022-01-17,3.46,3.56,3.4,3.55,1562000.0,0.0
00612.HK,2022-01-18,3.55,3.79,3.55,3.72,1912000.0,0.0
00612.HK,2022-01-19,3.8,3.85,3.69,3.73,1088000.0,0.0
00612.HK,2022-01-20,3.9,3.9,3.68,3.69,1112000.0,0.0
00612.HK,2022-01-21,3.77,3.77,3.62,3.65,1080000.0,0.0
00612.HK,2022-01-24,3.72,3.72,3.43,3.44,1344000.0,0.0
00612.HK,2022-01-25,3.5,3.5,3.37,3.47,784000.0,0.0
00612.HK,2022-01-26,3.42,3.51,3.42,3.45,544000.0,0.0
00612.HK,2022-01-27,3.4,3.47,3.38,3.46,1096000.0,0.0
00612.HK,2022-01-28,3.47,3.52,3.4,3.46,752000.0,0.0
00612.HK,2022-01-31,3.57,3.57,3.47,3.51,216000.0,0.0
00612.HK,2022-02-04,3.59,3.61,3.44,3.6,888000.0,0.0
00612.HK,2022-02-07,3.6,3.66,3.45,3.5,1136000.0,0.0
00612.HK,2022-02-08,3.5,3.54,3.46,3.49,752000.0,0.0
00612.HK,2022-02-09,3.48,3.61,3.48,3.52,640000.0,0.0
00612.HK,2022-02-10,3.5,3.56,3.45,3.49,952000.0,0.0
00612.HK,2022-02-11,3.49,3.51,3.44,3.46,936000.0,0.0
00612.HK,2022-02-14,3.49,3.49,3.35,3.36,648000.0,0.0
00612.HK,2022-02-15,3.29,3.37,3.27,3.3,1512000.0,0.0
00612.HK,2022-02-16,3.35,3.41,3.32,3.37,624000.0,0.0
00612.HK,2022-02-17,3.37,3.52,3.35,3.48,1424000.0,0.0
00612.HK,2022-02-18,3.48,3.52,3.44,3.47,848000.0,0.0
00612.HK,2022-02-21,3.57,3.58,3.45,3.5,968000.0,0.0
00612.HK,2022-02-22,3.5,3.67,3.43,3.67,1136000.0,0.0
00612.HK,2022-02-23,3.67,3.67,3.54,3.59,768000.0,0.0
00612.HK,2022-02-24,3.6,3.61,3.47,3.5,1344000.0,0.0
00612.HK,2022-02-25,3.5,3.53,3.43,3.46,744000.0,0.0
00612.HK,2022-02-28,3.46,3.46,3.4,3.44,512000.0,0.0
00612.HK,2022-03-01,3.44,3.58,3.44,3.55,856000.0,0.0
00612.HK,2022-03-02,3.8,3.8,3.51,3.6,1288000.0,0.0
00612.HK,2022-03-03,3.6,3.6,3.54,3.59,600000.0,0.0
00612.HK,2022-03-04,3.59,3.65,3.51,3.57,1592000.0,0.0
00612.HK,2022-03-07,3.56,3.58,3.53,3.56,1328000.0,0.0
00612.HK,2022-03-08,3.56,3.66,3.56,3.61,1600000.0,0.0
00612.HK,2022-03-09,3.61,3.75,3.61,3.7,2480000.0,0.0
00612.HK,2022-03-10,3.7,3.88,3.7,3.84,3872000.0,0.0
00612.HK,2022-03-11,3.9,3.97,3.78,3.94,2264200.0,0.0
00612.HK,2022-03-14,3.94,4.0,3.84,3.9,2728000.0,0.0
00612.HK,2022-03-15,3.98,3.98,3.78,3.88,2568000.0,0.0
00612.HK,2022-03-16,3.88,3.97,3.84,3.94,2160000.0,0.0
00612.HK,2022-03-17,3.9,3.94,3.84,3.9,1768000.0,0.0
00612.HK,2022-03-18,3.9,3.95,3.87,3.9,1552000.0,0.0
00612.HK,2022-03-21,3.9,4.07,3.89,4.04,3539200.0,0.0
00612.HK,2022-03-22,4.09,4.15,4.03,4.1,3696000.0,0.0
00612.HK,2022-03-23,4.1,4.19,4.08,4.14,2936000.0,0.0
00612.HK,2022-03-24,4.15,4.18,4.1,4.12,2688546.0,0.0
00612.HK,2022-03-25,4.18,4.18,3.98,4.07,3288000.0,0.0
00612.HK,2022-03-28,4.14,4.16,3.93,3.94,3656000.0,0.0
00612.HK,2022-03-29,3.92,4.02,3.75,3.88,3595400.0,0.0
00612.HK,2022-03-30,3.93,3.96,3.83,3.95,1600000.0,0.0
00612.HK,2022-03-31,4.0,4.1,3.93,3.98,2896004.0,0.0
00612.HK,2022-04-01,4.09,4.09,3.9,3.95,2184000.0,0.0
00612.HK,2022-04-04,4.0,4.12,3.94,4.11,3364000.0,0.0
00612.HK,2022-04-06,4.19,4.23,4.04,4.1,4432000.0,0.0
00612.HK,2022-04-07,4.17,4.17,3.98,4.0,2000800.0,0.0
00612.HK,2022-04-08,4.0,4.1,4.0,4.1,1840000.0,0.0
00612.HK,2022-04-11,4.1,4.24,4.08,4.16,4073300.0,0.0
00612.HK,2022-04-12,4.16,4.22,4.04,4.15,2056000.0,0.0
00612.HK,2022-04-13,4.14,4.15,3.88,3.95,3312000.0,0.0
00612.HK,2022-04-14,3.95,4.05,3.94,4.04,2952000.0,0.0
00612.HK,2022-04-19,4.04,4.04,3.8,3.83,3568000.0,0.0
00612.HK,2022-04-20,3.92,3.92,3.7,3.8,3408000.0,0.0
00612.HK,2022-04-21,3.8,3.83,3.72,3.79,2456000.0,0.0
00612.HK,2022-04-22,3.79,3.92,3.79,3.85,2240000.0,0.0
00612.HK,2022-04-25,3.85,3.86,3.74,3.82,2736300.0,0.0
00612.HK,2022-04-26,3.84,3.84,3.7,3.8,2336000.0,0.0
00612.HK,2022-04-27,3.83,3.83,3.68,3.71,1888000.0,0.0
00612.HK,2022-04-28,3.72,3.73,3.58,3.72,3143347.0,0.0
00612.HK,2022-04-29,3.75,3.8,3.61,3.64,2568000.0,0.0
00612.HK,2022-05-03,3.64,3.77,3.58,3.77,1544000.0,0.0
00612.HK,2022-05-04,3.73,3.82,3.73,3.78,440000.0,0.0
00612.HK,2022-05-05,3.79,3.89,3.79,3.86,1577224.0,0.0
00612.HK,2022-05-06,3.7,3.95,3.7,3.81,2216000.0,0.0
00612.HK,2022-05-10,3.82,3.82,3.7,3.71,2088000.0,0.0
00612.HK,2022-05-11,3.72,3.79,3.61,3.65,3536000.0,0.0
00612.HK,2022-05-12,3.65,3.73,3.61,3.73,1336000.0,0.0
00612.HK,2022-05-13,3.73,3.94,3.7,3.79,7352000.0,0.0
00612.HK,2022-05-16,3.86,3.96,3.67,3.77,6520000.0,0.0
00612.HK,2022-05-17,3.82,4.21,3.82,4.18,5950000.0,0.0
00612.HK,2022-05-18,4.18,4.38,4.11,4.38,4784671.0,0.0
00612.HK,2022-05-19,4.39,4.5,4.31,4.5,4260000.0,0.0
00612.HK,2022-05-20,4.56,4.72,4.33,4.39,7368000.0,0.0
00612.HK,2022-05-23,4.42,4.49,4.32,4.33,4368000.0,0.0
00612.HK,2022-05-24,4.39,4.55,4.36,4.53,3970400.0,0.0
00612.HK,2022-05-25,4.56,4.76,4.53,4.61,4532000.0,0.0
00612.HK,2022-05-26,4.61,4.86,4.61,4.85,5129000.0,0.0
00612.HK,2022-05-27,4.88,4.93,4.73,4.89,5437764.0,0.0
00612.HK,2022-05-30,4.89,5.06,4.8,4.86,8120000.0,0.0
00612.HK,2022-05-31,4.98,5.01,4.76,5.01,12472000.0,0.0
00612.HK,2022-06-01,5.02,5.2,4.95,5.04,3457688.0,0.0
00612.HK,2022-06-02,5.12,5.12,5.03,5.06,1872000.0,0.0
00612.HK,2022-06-06,5.12,5.18,4.98,5.08,4001000.0,0.0
00612.HK,2022-06-07,5.08,5.09,4.92,4.98,3318000.0,0.0
00612.HK,2022-06-08,5.06,5.16,4.99,5.1,3414000.0,0.0
00612.HK,2022-06-09,5.18,5.18,4.97,5.09,2920000.0,0.0
00612.HK,2022-06-10,5.09,5.19,5.03,5.12,3240000.0,0.0
00612.HK,2022-06-13,5.11,5.11,4.83,4.89,4604000.0,0.0
00612.HK,2022-06-14,4.89,4.89,4.5,4.68,5960000.0,0.0
00612.HK,2022-06-15,4.75,4.79,4.58,4.79,2192000.0,0.0
00612.HK,2022-06-16,4.85,4.86,4.65,4.68,1840000.0,0.0
00612.HK,2022-06-17,4.7,4.79,4.66,4.77,1856000.0,0.0
00612.HK,2022-06-20,4.77,4.95,4.71,4.95,1848000.0,0.0
00612.HK,2022-06-21,5.01,5.14,4.95,5.05,3176000.0,0.0
00612.HK,2022-06-22,5.11,5.13,4.97,5.09,1808000.0,0.0
00612.HK,2022-06-23,5.09,5.13,4.92,5.09,1776000.0,0.0
00612.HK,2022-06-24,5.05,5.17,5.0,5.09,2896000.0,0.0
00612.HK,2022-06-27,5.15,5.22,4.88,4.99,3296000.0,0.0
00612.HK,2022-06-28,5.04,5.04,4.85,4.99,1816000.0,0.0
00612.HK,2022-06-29,4.95,4.98,4.86,4.92,560000.0,0.0
00612.HK,2022-06-30,4.92,4.98,4.87,4.95,640000.0,0.0
00612.HK,2022-07-04,4.95,5.04,4.89,4.98,648000.0,0.0
00612.HK,2022-07-05,5.06,5.06,4.92,4.99,644052.0,0.0
00612.HK,2022-07-06,4.9,5.01,4.88,4.92,1560000.0,0.0
00612.HK,2022-07-07,4.89,4.97,4.85,4.93,1544000.0,0.0
00612.HK,2022-07-08,4.93,4.93,4.86,4.89,400000.0,0.0
00612.HK,2022-07-11,4.85,4.97,4.82,4.9,968000.0,0.0
00612.HK,2022-07-12,4.89,5.02,4.88,4.94,2320000.0,0.0
00612.HK,2022-07-13,5.0,5.0,4.8,4.86,1152000.0,0.0
00612.HK,2022-07-14,4.86,4.94,4.82,4.91,1456000.0,0.0
00612.HK,2022-07-15,4.92,4.92,4.79,4.84,824000.0,0.0
00612.HK,2022-07-18,4.84,4.87,4.75,4.8,1232000.0,0.0
00612.HK,2022-07-19,4.77,4.87,4.75,4.8,712000.0,0.0
00612.HK,2022-07-20,4.8,4.84,4.71,4.81,800000.0,0.0
00612.HK,2022-07-21,4.81,4.81,4.75,4.8,648000.0,0.0
00612.HK,2022-07-22,4.8,5.03,4.8,4.88,2680000.0,0.0
00612.HK,2022-07-25,4.88,4.9,4.83,4.9,728000.0,0.0
00612.HK,2022-07-26,4.9,4.94,4.85,4.93,568000.0,0.0
00612.HK,2022-07-27,4.93,4.93,4.82,4.83,928000.0,0.0
00612.HK,2022-07-28,4.87,4.9,4.83,4.85,632000.0,0.0
00612.HK,2022-07-29,4.85,4.86,4.8,4.86,493000.0,0.0
00612.HK,2022-08-01,4.8,4.89,4.8,4.89,464000.0,0.0
00612.HK,2022-08-02,4.8,4.89,4.7,4.73,1592000.0,0.0
00612.HK,2022-08-03,4.73,4.86,4.71,4.78,968000.0,0.0
00612.HK,2022-08-04,4.78,4.85,4.67,4.67,3008000.0,0.0
00612.HK,2022-08-05,4.67,4.67,4.52,4.54,1240000.0,0.0
00612.HK,2022-08-08,4.54,4.68,4.54,4.64,912000.0,0.0
00612.HK,2022-08-09,4.64,4.85,4.64,4.66,1101000.0,0.0
00612.HK,2022-08-10,4.66,4.72,4.57,4.69,560000.0,0.0
00612.HK,2022-08-11,4.69,4.76,4.68,4.68,992000.0,0.0
00612.HK,2022-08-12,4.67,4.77,4.63,4.63,1120000.0,0.0
00612.HK,2022-08-15,4.75,4.75,4.55,4.65,1483000.0,0.0
00612.HK,2022-08-16,4.72,4.72,4.6,4.64,616000.0,0.0
00612.HK,2022-08-17,4.64,4.72,4.57,4.72,904000.0,0.0
00612.HK,2022-08-18,4.79,4.79,4.68,4.77,1512000.0,0.0
00612.HK,2022-08-19,4.79,4.79,4.7,4.74,1184000.0,0.0
00612.HK,2022-08-22,4.74,4.78,4.65,4.7,840000.0,0.0
00612.HK,2022-08-23,4.7,4.78,4.56,4.77,1928000.0,0.0
00612.HK,2022-08-24,4.67,4.84,4.59,4.59,2008000.0,0.0
00612.HK,2022-08-25,4.69,4.72,4.6,4.67,496000.0,0.0
00612.HK,2022-08-26,4.68,4.74,4.63,4.7,1096000.0,0.0
00612.HK,2022-08-29,4.7,4.7,4.57,4.64,424000.0,0.0
00612.HK,2022-08-30,4.7,4.7,4.6,4.62,312000.0,0.0
00612.HK,2022-08-31,4.67,4.67,4.37,4.37,1168000.0,0.0
00612.HK,2022-09-01,4.46,4.68,4.37,4.55,1160000.0,0.0
00612.HK,2022-09-02,4.55,4.59,4.43,4.43,668000.0,0.0
00612.HK,2022-09-05,4.56,4.56,4.25,4.38,2344000.0,0.0
00612.HK,2022-09-06,4.48,4.48,4.35,4.39,496000.0,0.0
00612.HK,2022-09-07,4.53,4.53,4.3,4.39,360000.0,0.0
00612.HK,2022-09-08,4.39,4.43,4.32,4.4,576000.0,0.0
00612.HK,2022-09-09,4.39,4.49,4.34,4.42,424000.0,0.0
00612.HK,2022-09-13,4.42,4.47,4.39,4.45,980800.0,0.0
00612.HK,2022-09-14,4.5,4.5,4.38,4.4,656000.0,0.0
00612.HK,2022-09-15,4.42,4.44,4.36,4.36,584000.0,0.0
00612.HK,2022-09-16,4.42,4.42,4.17,4.17,1080000.0,0.0
00612.HK,2022-09-19,4.3,4.32,4.07,4.19,944000.0,0.0
00612.HK,2022-09-20,4.19,4.19,4.1,4.12,336000.0,0.0
00612.HK,2022-09-21,4.12,4.12,3.91,3.91,696000.0,0.0
00612.HK,2022-09-22,3.82,4.1,3.76,4.1,1376000.0,0.0
00612.HK,2022-09-23,4.1,4.29,4.1,4.19,768000.0,0.0
00612.HK,2022-09-26,4.19,4.3,3.95,4.09,2320000.0,0.0
00612.HK,2022-09-27,4.15,4.15,3.92,4.03,1008000.0,0.0
00612.HK,2022-09-28,4.03,4.03,3.87,3.91,416000.0,0.0
00612.HK,2022-09-29,3.91,4.05,3.91,3.91,280000.0,0.0
00612.HK,2022-09-30,3.91,3.98,3.9,3.95,256000.0,0.0
00612.HK,2022-10-03,3.8,3.88,3.8,3.87,160000.0,0.0
00612.HK,2022-10-05,3.91,4.06,3.9,4.03,504000.0,0.0
00612.HK,2022-10-06,4.11,4.11,4.02,4.05,416000.0,0.0
00612.HK,2022-10-07,4.05,4.14,3.99,4.01,816000.0,0.0
00612.HK,2022-10-10,4.01,4.09,3.97,4.0,472000.0,0.0
00612.HK,2022-10-11,4.06,4.06,3.88,4.0,512000.0,0.0
00612.HK,2022-10-12,4.0,4.06,3.9,4.02,1472000.0,0.0
00612.HK,2022-10-13,4.07,4.07,3.91,3.95,592000.0,0.0
00612.HK,2022-10-14,3.95,4.04,3.94,3.99,600000.0,0.0
00612.HK,2022-10-17,4.0,4.05,3.99,4.01,1192000.0,0.0
00612.HK,2022-10-18,3.98,4.05,3.94,4.0,568000.0,0.0
00612.HK,2022-10-19,4.05,4.07,3.99,4.04,1848000.0,0.0
00612.HK,2022-10-20,4.04,4.08,4.0,4.02,832000.0,0.0
00612.HK,2022-10-21,4.08,4.08,4.02,4.03,104000.0,0.0
00612.HK,2022-10-24,4.03,4.1,4.0,4.07,840000.0,0.0
00612.HK,2022-10-25,4.07,4.46,4.02,4.4,4760000.0,0.0
00612.HK,2022-10-26,4.44,4.78,4.33,4.41,5952000.0,0.0
00612.HK,2022-10-27,4.42,4.54,4.31,4.4,1816000.0,0.0
00612.HK,2022-10-28,4.54,4.54,4.15,4.4,3408000.0,0.0
00612.HK,2022-10-31,4.42,4.49,4.31,4.34,2632000.0,0.0
00612.HK,2022-11-01,4.34,4.39,3.97,3.99,3696000.0,0.0
00612.HK,2022-11-02,3.99,4.13,3.99,4.07,400000.0,0.0
00612.HK,2022-11-03,4.12,4.12,4.0,4.03,832000.0,0.0
00612.HK,2022-11-04,4.03,4.29,4.03,4.23,1360000.0,0.0
00612.HK,2022-11-07,4.18,4.26,4.13,4.17,752000.0,0.0
00612.HK,2022-11-08,4.27,4.27,4.05,4.05,640000.0,0.0
00612.HK,2022-11-09,4.05,4.14,3.96,3.96,960000.0,0.0
00612.HK,2022-11-10,3.97,4.01,3.93,3.94,688000.0,0.0
00612.HK,2022-11-11,3.95,4.07,3.86,3.94,2056000.0,0.0
00612.HK,2022-11-14,3.94,4.12,3.93,3.93,1120000.0,0.0
00612.HK,2022-11-15,3.89,4.27,3.89,4.26,2760000.0,0.0
00612.HK,2022-11-16,4.12,4.19,4.01,4.06,1656000.0,0.0
00612.HK,2022-11-17,4.12,4.17,3.94,3.94,1848000.0,0.0
00612.HK,2022-11-18,3.98,4.06,3.88,4.04,1448000.0,0.0
00612.HK,2022-11-21,4.11,4.11,3.91,3.91,800000.0,0.0
00612.HK,2022-11-22,3.91,3.93,3.81,3.81,1264000.0,0.0
00612.HK,2022-11-23,3.82,3.84,3.77,3.77,1272000.0,0.0
00612.HK,2022-11-24,3.85,3.91,3.68,3.69,1552000.0,0.0
00612.HK,2022-11-25,3.71,3.79,3.7,3.7,376000.0,0.0
00612.HK,2022-11-28,3.7,3.77,3.63,3.63,1512000.0,0.0
00612.HK,2022-11-29,3.64,3.95,3.64,3.82,1296000.0,0.0
00612.HK,2022-11-30,3.81,3.95,3.81,3.89,1200000.0,0.0
00612.HK,2022-12-01,3.86,3.96,3.66,3.72,2248000.0,0.0
00612.HK,2022-12-02,3.72,3.73,3.62,3.63,872000.0,0.0
00612.HK,2022-12-05,3.63,3.7,3.55,3.61,1848000.0,0.0
00612.HK,2022-12-06,3.56,3.7,3.53,3.7,576000.0,0.0
00612.HK,2022-12-07,3.72,3.73,3.56,3.6,984000.0,0.0
00612.HK,2022-12-08,3.6,3.61,3.53,3.57,624000.0,0.0
00612.HK,2022-12-09,3.57,3.57,3.45,3.5,632000.0,0.0
00612.HK,2022-12-12,3.5,3.64,3.45,3.58,520000.0,0.0
00612.HK,2022-12-13,3.55,3.65,3.49,3.59,832000.0,0.0
00612.HK,2022-12-14,3.68,3.68,3.5,3.53,1168000.0,0.0
00612.HK,2022-12-15,3.51,3.51,3.4,3.44,392000.0,0.0
00612.HK,2022-12-16,3.42,3.43,3.37,3.39,432000.0,0.0
00612.HK,2022-12-19,3.42,3.42,3.34,3.35,376000.0,0.0
00612.HK,2022-12-20,3.35,3.4,3.3,3.33,496000.0,0.0
00612.HK,2022-12-21,3.33,3.42,3.3,3.33,400000.0,0.0
00612.HK,2022-12-22,3.33,3.4,3.33,3.34,232000.0,0.0
00612.HK,2022-12-23,3.34,3.46,3.26,3.45,240000.0,0.0
00612.HK,2022-12-28,3.45,3.45,3.31,3.31,344000.0,0.0
00612.HK,2022-12-29,3.31,3.4,3.25,3.33,536000.0,0.0
00612.HK,2022-12-30,3.3,3.41,3.24,3.4,589000.0,0.0
00612.HK,2023-01-03,3.44,3.45,3.35,3.42,240000.0,0.0
00612.HK,2023-01-04,3.43,3.48,3.31,3.39,600000.0,0.0
00612.HK,2023-01-05,3.29,3.3,3.27,3.27,528000.0,0.0
00612.HK,2023-01-06,3.29,3.44,3.01,3.3,1224000.0,0.0
00612.HK,2023-01-09,3.2,3.25,3.16,3.17,248000.0,0.0
00612.HK,2023-01-10,3.17,3.23,3.13,3.19,312000.0,0.0
00612.HK,2023-01-11,3.19,3.44,3.09,3.43,976000.0,0.0
00612.HK,2023-01-12,3.38,3.46,3.11,3.11,968000.0,0.0
00612.HK,2023-01-13,3.12,3.12,3.06,3.1,696000.0,0.0
00612.HK,2023-01-16,3.15,3.21,3.11,3.11,680000.0,0.0
00612.HK,2023-01-17,3.11,3.2,3.1,3.16,288000.0,0.0
00612.HK,2023-01-18,3.23,3.23,3.11,3.12,400000.0,0.0
00612.HK,2023-01-19,3.25,3.26,3.14,3.16,672000.0,0.0
00612.HK,2023-01-20,3.15,3.42,3.15,3.39,744000.0,0.0
00612.HK,2023-01-26,3.33,3.5,3.29,3.42,640000.0,0.0
00612.HK,2023-01-27,3.4,3.4,3.26,3.3,520000.0,0.0
00612.HK,2023-01-30,3.28,3.32,3.2,3.21,880000.0,0.0
00612.HK,2023-01-31,3.24,3.27,3.11,3.16,448000.0,0.0
00612.HK,2023-02-01,3.2,3.2,3.13,3.19,192000.0,0.0
00612.HK,2023-02-02,3.2,3.24,3.14,3.2,288000.0,0.0
00612.HK,2023-02-03,3.21,3.21,3.07,3.2,1118400.0,0.0
00612.HK,2023-02-06,3.19,3.19,3.08,3.08,690000.0,0.0
00612.HK,2023-02-07,3.08,3.1,3.07,3.08,320000.0,0.0
00612.HK,2023-02-08,3.08,3.17,3.08,3.16,280000.0,0.0
00612.HK,2023-02-09,3.2,3.27,3.18,3.26,288000.0,0.0
00612.HK,2023-02-10,3.24,3.34,3.24,3.24,552000.0,0.0
00612.HK,2023-02-13,3.24,3.24,3.14,3.14,328000.0,0.0
00612.HK,2023-02-14,3.14,3.14,3.08,3.12,456000.0,0.0
00612.HK,2023-02-15,3.13,3.17,3.08,3.11,855999.0,0.0
00612.HK,2023-02-16,3.12,3.17,3.08,3.09,1024000.0,0.0
00612.HK,2023-02-17,3.1,3.17,3.05,3.05,792000.0,0.0
00612.HK,2023-02-20,3.05,3.05,1.9,2.59,10824000.0,0.0
00612.HK,2023-02-21,2.48,2.48,1.95,2.21,8296000.0,0.0
00612.HK,2023-02-22,2.21,2.35,2.09,2.18,6320000.0,0.0
00612.HK,2023-02-23,2.18,2.18,1.76,1.76,6720000.0,0.0
00612.HK,2023-02-24,1.9,2.08,1.45,1.59,16120000.0,0.0
00612.HK,2023-02-27,1.62,1.96,1.62,1.92,6056000.0,0.0
00612.HK,2023-02-28,1.92,2.6,1.92,2.51,9336000.0,0.0
00612.HK,2023-03-01,2.6,2.8,2.3,2.36,6184000.0,0.0
00612.HK,2023-03-02,2.39,2.51,2.32,2.33,1280000.0,0.0
00612.HK,2023-03-03,2.33,2.36,2.23,2.33,2556000.0,0.0
00612.HK,2023-03-06,2.32,2.4,2.1,2.13,3011200.0,0.0
00612.HK,2023-03-07,2.13,2.35,2.06,2.19,1204800.0,0.0
00612.HK,2023-03-08,2.24,2.27,2.19,2.21,464000.0,0.0
00612.HK,2023-03-09,2.21,2.34,2.18,2.18,1032000.0,0.0
00612.HK,2023-03-10,2.18,2.26,2.03,2.1,2592000.0,0.0
00612.HK,2023-03-13,2.21,2.21,2.07,2.13,504000.0,0.0
00612.HK,2023-03-14,2.14,2.21,2.14,2.15,640000.0,0.0
00612.HK,2023-03-15,2.13,2.24,2.1,2.13,976000.0,0.0
00612.HK,2023-03-16,2.1,2.16,2.09,2.13,936000.0,0.0
00612.HK,2023-03-17,2.13,2.39,2.13,2.37,1824000.0,0.0
00612.HK,2023-03-20,2.37,2.37,2.25,2.34,520000.0,0.0
00612.HK,2023-03-21,2.34,2.4,2.34,2.37,952000.0,0.0
00612.HK,2023-03-22,2.33,2.46,2.33,2.4,1136000.0,0.0
00612.HK,2023-03-23,2.41,2.51,2.4,2.45,1360000.0,0.0
00612.HK,2023-03-24,2.45,2.45,2.22,2.25,2480000.0,0.0
00612.HK,2023-03-27,2.25,2.28,2.11,2.2,2976000.0,0.0
00612.HK,2023-03-28,2.2,2.3,2.1,2.13,2560000.0,0.0
00612.HK,2023-03-29,2.16,2.18,2.01,2.02,3264000.0,0.0
00612.HK,2023-03-30,2.14,2.14,1.96,1.98,4008000.0,0.0
00612.HK,2023-03-31,2.02,2.1,1.92,1.96,2480000.0,0.0
00612.HK,2023-04-03,1.97,2.22,1.97,2.07,3920000.0,0.0
00612.HK,2023-04-04,2.09,2.13,2.01,2.03,5120000.0,0.0
00612.HK,2023-04-06,2.04,2.29,2.04,2.25,4232800.0,0.0
00612.HK,2023-04-11,2.25,2.43,2.25,2.32,4168000.0,0.0
00612.HK,2023-04-12,2.38,2.61,2.38,2.45,6120000.0,0.0
00612.HK,2023-04-13,2.48,2.85,2.46,2.82,9379000.0,0.0
00612.HK,2023-04-14,2.85,2.89,2.63,2.75,3553900.0,0.0
00612.HK,2023-04-17,2.75,2.78,2.59,2.6,1840000.0,0.0
00612.HK,2023-04-18,2.7,2.83,2.64,2.74,3296000.0,0.0
00612.HK,2023-04-19,2.74,2.89,2.67,2.83,2416000.0,0.0
00612.HK,2023-04-20,2.83,2.89,2.61,2.78,3752000.0,0.0
00612.HK,2023-04-21,2.78,2.78,2.58,2.72,1416000.0,0.0
00612.HK,2023-04-24,2.78,2.78,2.56,2.6,2584000.0,0.0
00612.HK,2023-04-25,2.6,2.71,2.26,2.35,7576000.0,0.0
00612.HK,2023-04-26,2.35,2.65,2.31,2.35,5376000.0,0.0
00612.HK,2023-04-27,2.35,2.35,2.18,2.24,6208000.0,0.0
00612.HK,2023-04-28,2.24,2.32,2.1,2.1,4552000.0,0.0
00612.HK,2023-05-02,2.1,2.16,2.1,2.1,672000.0,0.0
00612.HK,2023-05-03,2.09,2.09,1.95,2.0,2176000.0,0.0
00612.HK,2023-05-04,2.0,2.05,1.99,2.01,1696000.0,0.0
00612.HK,2023-05-05,2.03,2.06,1.99,1.99,1904000.0,0.0
00612.HK,2023-05-08,2.0,2.16,2.0,2.14,2088000.0,0.0
00612.HK,2023-05-09,2.15,2.22,2.15,2.16,1104000.0,0.0
00612.HK,2023-05-10,2.16,2.3,2.12,2.23,1608000.0,0.0
00612.HK,2023-05-11,2.25,2.42,2.25,2.37,1600000.0,0.0
00612.HK,2023-05-12,2.37,2.38,2.15,2.23,3248000.0,0.0
00612.HK,2023-05-15,2.23,2.44,2.23,2.38,1552000.0,0.0
00612.HK,2023-05-16,2.4,2.49,2.33,2.38,1824000.0,0.0
00612.HK,2023-05-17,2.36,2.4,2.3,2.4,1050000.0,0.0
00612.HK,2023-05-18,2.4,2.53,2.31,2.47,3168000.0,0.0
00612.HK,2023-05-19,2.47,2.55,2.39,2.44,2440000.0,0.0
00612.HK,2023-05-22,2.46,2.47,2.35,2.43,1224000.0,0.0
00612.HK,2023-05-23,2.44,2.55,2.36,2.45,4076000.0,0.0
00612.HK,2023-05-24,2.48,2.48,2.23,2.34,2048000.0,0.0
00612.HK,2023-05-25,2.4,2.4,2.18,2.18,3072000.0,0.0
00612.HK,2023-05-29,2.21,2.32,2.2,2.25,2216000.0,0.0
00612.HK,2023-05-30,2.25,2.31,2.03,2.08,4904000.0,0.0
00612.HK,2023-05-31,2.08,2.13,2.08,2.08,929000.0,0.0
00612.HK,2023-06-01,2.08,2.11,2.06,2.1,400000.0,0.0
00612.HK,2023-06-02,2.13,2.2,2.1,2.12,1656000.0,0.0
00612.HK,2023-06-05,2.12,2.17,2.1,2.13,2008000.0,0.0
00612.HK,2023-06-06,2.12,2.29,2.12,2.27,1872000.0,0.0
00612.HK,2023-06-07,2.37,2.37,2.24,2.3,1112000.0,0.0
00612.HK,2023-06-08,2.3,2.4,2.26,2.38,784000.0,0.0
00612.HK,2023-06-09,2.37,2.38,2.25,2.26,936000.0,0.0
00612.HK,2023-06-12,2.26,2.34,2.23,2.29,840000.0,0.0
00612.HK,2023-06-13,2.31,2.38,2.28,2.36,928000.0,0.0
00612.HK,2023-06-14,2.38,2.44,2.32,2.38,1544000.0,0.0
00612.HK,2023-06-15,2.37,2.48,2.34,2.44,3008000.0,0.0
00612.HK,2023-06-16,2.44,2.47,2.37,2.45,1192000.0,0.0
00612.HK,2023-06-19,2.44,2.6,2.4,2.55,3960000.0,0.0
00612.HK,2023-06-20,2.6,2.6,2.32,2.46,4280000.0,0.0
00612.HK,2023-06-21,2.46,2.49,2.39,2.46,544000.0,0.0
00612.HK,2023-06-23,2.46,2.58,2.42,2.56,464000.0,0.0
00612.HK,2023-06-26,2.52,2.59,2.34,2.41,3624000.0,0.0
00612.HK,2023-06-27,2.41,2.49,2.37,2.46,1904000.0,0.0
00612.HK,2023-06-28,2.44,2.47,2.39,2.39,808800.0,0.0
00612.HK,2023-06-29,2.37,2.44,2.29,2.3,1600000.0,0.0
00612.HK,2023-06-30,2.28,2.37,2.2,2.34,2936000.0,0.0
00612.HK,2023-07-03,2.48,2.48,2.33,2.36,776000.0,0.0
00612.HK,2023-07-04,2.37,2.37,2.28,2.34,1264000.0,0.0
00612.HK,2023-07-05,2.33,2.33,2.22,2.22,872000.0,0.0
00612.HK,2023-07-06,2.32,2.32,2.19,2.25,1176000.0,0.0
00612.HK,2023-07-07,2.25,2.35,2.25,2.32,2416000.0,0.0
00612.HK,2023-07-10,2.32,2.38,2.21,2.21,2072000.0,0.0
00612.HK,2023-07-11,2.21,2.26,2.21,2.26,816000.0,0.0
00612.HK,2023-07-12,2.31,2.35,2.24,2.27,3056000.0,0.0
00612.HK,2023-07-13,2.27,2.33,2.27,2.29,2424000.0,0.0
00612.HK,2023-07-14,2.28,2.45,2.28,2.45,6200000.0,0.0
00612.HK,2023-07-17,2.45,2.45,2.45,2.45,0.0,0.0
00612.HK,2023-07-18,2.45,2.54,2.3,2.31,4696000.0,0.0
00612.HK,2023-07-19,2.31,2.38,2.3,2.34,608000.0,0.0
00612.HK,2023-07-20,2.29,2.32,2.23,2.32,1712000.0,0.0
00612.HK,2023-07-21,2.32,2.33,2.24,2.25,2760000.0,0.0
00612.HK,2023-07-24,2.25,2.28,2.22,2.27,2120000.0,0.0
00612.HK,2023-07-25,2.26,2.34,2.19,2.19,2592000.0,0.0
00612.HK,2023-07-26,2.2,2.25,2.15,2.19,1056000.0,0.0
00612.HK,2023-07-27,2.13,2.16,1.99,2.13,4856000.0,0.0
00612.HK,2023-07-28,2.13,2.3,2.03,2.13,1272000.0,0.0
00612.HK,2023-07-31,2.23,2.26,2.08,2.08,1024500.0,0.0
00612.HK,2023-08-01,2.15,2.16,2.06,2.08,592000.0,0.0
00612.HK,2023-08-02,2.08,2.12,2.08,2.09,432000.0,0.0
00612.HK,2023-08-03,2.16,2.16,2.08,2.13,792000.0,0.0
00612.HK,2023-08-04,2.13,2.16,2.09,2.11,736200.0,0.0
00612.HK,2023-08-07,2.11,2.15,2.09,2.12,584000.0,0.0
00612.HK,2023-08-08,2.12,2.12,2.0,2.01,1520000.0,0.0
00612.HK,2023-08-09,2.0,2.05,1.99,2.01,616000.0,0.0
00612.HK,2023-08-10,2.02,2.06,2.02,2.05,488000.0,0.0
00612.HK,2023-08-11,2.09,2.1,2.04,2.08,208000.0,0.0
00612.HK,2023-08-14,2.08,2.08,2.02,2.03,376000.0,0.0
00612.HK,2023-08-15,2.04,2.04,2.01,2.01,224000.0,0.0
00612.HK,2023-08-16,2.01,2.03,1.98,2.01,448000.0,0.0
00612.HK,2023-08-17,2.01,2.06,1.98,2.04,424000.0,0.0
00612.HK,2023-08-18,2.02,2.05,2.01,2.01,440000.0,0.0
00612.HK,2023-08-21,2.01,2.05,2.0,2.02,1136000.0,0.0
00612.HK,2023-08-22,2.0,2.19,2.0,2.04,1104000.0,0.0
00612.HK,2023-08-23,2.04,2.04,1.98,1.98,1328000.0,0.0
00612.HK,2023-08-24,1.98,2.0,1.76,1.89,2056000.0,0.0
00612.HK,2023-08-25,2.05,2.06,1.87,1.9,392000.0,0.0
00612.HK,2023-08-28,2.0,2.09,1.86,1.89,728000.0,0.0
00612.HK,2023-08-29,1.89,1.96,1.83,1.89,1168000.0,0.0
00612.HK,2023-08-30,1.91,1.97,1.78,1.78,1176000.0,0.0
00612.HK,2023-08-31,1.77,1.87,1.75,1.75,624000.0,0.0
00612.HK,2023-09-01,1.75,1.75,1.75,1.75,0.0,0.0
00612.HK,2023-09-04,1.73,1.85,1.4,1.75,5276000.0,0.0
00612.HK,2023-09-05,1.61,1.67,1.55,1.56,2064596.0,0.0
00612.HK,2023-09-06,1.6,1.64,1.37,1.43,4928000.0,0.0
00612.HK,2023-09-07,1.43,1.73,1.43,1.69,3984000.0,0.0
00612.HK,2023-09-08,1.69,1.69,1.69,1.69,0.0,0.0
00612.HK,2023-09-11,1.69,1.83,1.6,1.64,8624000.0,0.0
00612.HK,2023-09-12,1.63,1.68,1.49,1.57,6960000.0,0.0
00612.HK,2023-09-13,1.55,1.67,1.53,1.53,3656000.0,0.0
00612.HK,2023-09-14,1.53,1.58,1.5,1.53,1072000.0,0.0
00612.HK,2023-09-15,1.51,1.53,1.5,1.52,1504000.0,0.0
00612.HK,2023-09-18,1.52,1.53,1.46,1.48,720000.0,0.0
00612.HK,2023-09-19,1.48,1.5,1.45,1.48,328000.0,0.0
00612.HK,2023-09-20,1.48,1.48,1.44,1.46,752000.0,0.0
00612.HK,2023-09-21,1.45,1.45,1.3,1.42,960000.0,0.0
00612.HK,2023-09-22,1.42,1.42,1.36,1.39,1248000.0,0.0
00612.HK,2023-09-25,1.39,1.52,1.39,1.43,512000.0,0.0
00612.HK,2023-09-26,1.43,1.45,1.39,1.39,776000.0,0.0
00612.HK,2023-09-27,1.39,1.43,1.39,1.4,344000.0,0.0
00612.HK,2023-09-28,1.39,1.4,1.35,1.37,464000.0,0.0
00612.HK,2023-09-29,1.37,1.49,1.32,1.49,480000.0,0.0
00612.HK,2023-10-03,1.36,1.63,1.36,1.58,664000.0,0.0
00612.HK,2023-10-04,1.53,1.59,1.47,1.58,648000.0,0.0
00612.HK,2023-10-05,1.58,1.58,1.48,1.48,88000.0,0.0
00612.HK,2023-10-06,1.57,1.57,1.49,1.49,224000.0,0.0
00612.HK,2023-10-09,1.51,1.65,1.44,1.64,360000.0,0.0
00612.HK,2023-10-10,1.63,1.63,1.5,1.5,1448000.0,0.0
00612.HK,2023-10-11,1.51,1.53,1.49,1.51,376000.0,0.0
00612.HK,2023-10-12,1.51,1.56,1.51,1.54,152000.0,0.0
00612.HK,2023-10-13,1.41,1.52,1.4,1.48,176000.0,0.0
00612.HK,2023-10-16,1.48,1.51,1.46,1.46,224000.0,0.0
00612.HK,2023-10-17,1.5,1.5,1.46,1.46,168000.0,0.0
00612.HK,2023-10-18,1.46,1.51,1.45,1.45,288000.0,0.0
00612.HK,2023-10-19,1.44,1.44,1.35,1.38,464000.0,0.0
00612.HK,2023-10-20,1.43,1.55,1.4,1.5,944000.0,0.0
00612.HK,2023-10-24,1.5,1.8,1.42,1.42,968000.0,0.0
00612.HK,2023-10-25,1.42,1.42,1.41,1.41,104000.0,0.0
00612.HK,2023-10-26,1.41,1.49,1.4,1.41,400000.0,0.0
00612.HK,2023-10-27,1.4,1.43,1.4,1.4,192000.0,0.0
00612.HK,2023-10-30,1.4,1.4,1.2,1.26,1776000.0,0.0
00612.HK,2023-10-31,1.26,1.35,1.15,1.16,2040000.0,0.0
00612.HK,2023-11-01,1.25,1.3,1.0,1.22,3176000.0,0.0
00612.HK,2023-11-02,1.23,1.26,1.2,1.26,384000.0,0.0
00612.HK,2023-11-03,1.26,1.32,1.26,1.3,312000.0,0.0
00612.HK,2023-11-06,1.32,1.32,1.21,1.29,1880000.0,0.0
00612.HK,2023-11-07,1.28,1.28,1.17,1.24,880000.0,0.0
00612.HK,2023-11-08,1.24,1.24,1.16,1.17,1976000.0,0.0
00612.HK,2023-11-09,1.17,1.22,1.17,1.21,944000.0,0.0
00612.HK,2023-11-10,1.21,1.22,1.18,1.19,352000.0,0.0
00612.HK,2023-11-13,1.22,1.25,1.19,1.2,369000.0,0.0
00612.HK,2023-11-14,1.19,1.21,1.16,1.17,1312000.0,0.0
00612.HK,2023-11-15,1.2,1.2,1.14,1.17,432000.0,0.0
00612.HK,2023-11-16,1.17,1.19,1.17,1.17,448000.0,0.0
00612.HK,2023-11-17,1.2,1.23,1.19,1.21,560000.0,0.0
00612.HK,2023-11-20,1.2,1.3,1.2,1.27,784000.0,0.0
00612.HK,2023-11-21,1.27,1.27,1.2,1.24,200000.0,0.0
00612.HK,2023-11-22,1.23,1.23,1.2,1.22,352000.0,0.0
00612.HK,2023-11-23,1.22,1.29,1.19,1.2,704000.0,0.0
00612.HK,2023-11-24,1.2,1.26,1.2,1.26,552000.0,0.0
00612.HK,2023-11-27,1.25,1.25,1.15,1.18,856000.0,0.0
00612.HK,2023-11-28,1.18,1.18,1.0,1.13,1888000.0,0.0
00612.HK,2023-11-29,1.13,1.13,1.05,1.06,712000.0,0.0
00612.HK,2023-11-30,1.07,1.11,1.05,1.06,480000.0,0.0
00612.HK,2023-12-01,1.06,1.06,0.99,0.99,1744000.0,0.0
00612.HK,2023-12-04,1.0,1.06,0.91,0.91,1552000.0,0.0
00612.HK,2023-12-05,0.91,0.91,0.59,0.73,7301600.0,0.0
00612.HK,2023-12-06,0.74,0.88,0.6,0.75,17192000.0,0.0
00612.HK,2023-12-07,0.75,0.96,0.72,0.95,7584000.0,0.0
00612.HK,2023-12-08,0.95,1.08,0.94,0.98,2448000.0,0.0
00612.HK,2023-12-11,0.98,1.03,0.93,0.94,1320000.0,0.0
00612.HK,2023-12-12,0.94,1.01,0.94,0.96,1402800.0,0.0
00612.HK,2023-12-13,0.96,0.98,0.94,0.96,256000.0,0.0
00612.HK,2023-12-14,0.96,1.01,0.96,0.97,468000.0,0.0
00612.HK,2023-12-15,0.97,1.01,0.97,0.99,520001.0,0.0
00612.HK,2023-12-18,0.99,1.03,0.87,0.88,1642000.0,0.0
00612.HK,2023-12-19,0.88,0.89,0.84,0.87,1816000.0,0.0
00612.HK,2023-12-20,0.97,1.2,0.96,1.18,5160000.0,0.0
00612.HK,2023-12-21,1.18,1.58,1.18,1.39,8312000.0,0.0
00612.HK,2023-12-22,1.48,1.48,1.26,1.35,2512000.0,0.0
00612.HK,2023-12-27,1.35,1.4,1.35,1.37,1640000.0,0.0
00612.HK,2023-12-28,1.36,1.63,1.36,1.59,6192000.0,0.0
00612.HK,2023-12-29,1.63,1.76,1.59,1.69,7072000.0,0.0
00612.HK,2024-01-02,1.7,1.92,1.62,1.64,6216000.0,0.0
00612.HK,2024-01-03,1.65,1.72,1.47,1.49,3464000.0,0.0
00612.HK,2024-01-04,1.49,1.67,1.49,1.66,2184000.0,0.0
00612.HK,2024-01-05,1.66,1.77,1.66,1.68,2704000.0,0.0
00612.HK,2024-01-08,1.68,1.78,1.68,1.71,1496000.0,0.0
00612.HK,2024-01-09,1.73,1.78,1.71,1.75,992000.0,0.0
00612.HK,2024-01-10,1.75,1.78,1.54,1.61,3152000.0,0.0
00612.HK,2024-01-11,1.58,1.59,1.4,1.43,3200000.0,0.0
00612.HK,2024-01-12,1.42,1.42,1.28,1.33,3144000.0,0.0
00612.HK,2024-01-15,1.3,1.45,1.27,1.34,5728001.0,0.0
00612.HK,2024-01-16,1.33,1.33,0.85,0.9,13974000.0,0.0
00612.HK,2024-01-17,0.9,1.07,0.65,1.03,21880464.0,0.0
00612.HK,2024-01-18,1.0,1.2,0.96,1.19,9248000.0,0.0
00612.HK,2024-01-19,1.23,1.33,1.0,1.0,7952000.0,0.0
00612.HK,2024-01-22,1.02,1.14,1.0,1.07,3600000.0,0.0
00612.HK,2024-01-23,1.07,1.14,1.04,1.11,4040000.0,0.0
00612.HK,2024-01-24,1.11,1.23,1.09,1.19,2704000.0,0.0
00612.HK,2024-01-25,1.19,1.19,1.11,1.12,1944000.0,0.0
00612.HK,2024-01-26,1.12,1.13,1.08,1.1,3048000.0,0.0
00612.HK,2024-01-29,1.1,1.19,1.08,1.17,2200000.0,0.0
00612.HK,2024-01-30,1.17,1.23,1.0,1.06,5160000.0,0.0
00612.HK,2024-01-31,1.05,1.1,1.04,1.09,1640000.0,0.0
00612.HK,2024-02-01,1.12,1.2,1.12,1.18,2688000.0,0.0
00612.HK,2024-02-02,1.18,1.38,1.16,1.36,6664000.0,0.0
00612.HK,2024-02-05,1.38,1.69,1.36,1.39,11368000.0,0.0
00612.HK,2024-02-06,1.39,1.49,1.26,1.27,3816000.0,0.0
00612.HK,2024-02-07,1.3,1.34,1.24,1.34,1488000.0,0.0
00612.HK,2024-02-08,1.34,1.41,1.32,1.39,1360000.0,0.0
00612.HK,2024-02-09,1.37,1.41,1.37,1.41,304000.0,0.0
00612.HK,2024-02-14,1.39,1.47,1.37,1.42,1016000.0,0.0
00612.HK,2024-02-15,1.42,1.45,1.37,1.37,1248000.0,0.0
00612.HK,2024-02-16,1.38,1.4,1.3,1.32,1192000.0,0.0
00612.HK,2024-02-19,1.39,1.41,1.32,1.37,1392000.0,0.0
00612.HK,2024-02-20,1.4,1.43,1.35,1.37,1880000.0,0.0
00612.HK,2024-02-21,1.37,1.41,1.33,1.36,1360000.0,0.0
00612.HK,2024-02-22,1.36,1.41,1.35,1.35,1400000.0,0.0
00612.HK,2024-02-23,1.36,1.38,1.34,1.36,1032000.0,0.0
00612.HK,2024-02-26,1.4,1.49,1.4,1.44,2848000.0,0.0
00612.HK,2024-02-27,1.29,1.29,0.8,1.1,19264000.0,0.0
00612.HK,2024-02-28,1.1,1.18,1.03,1.04,2200000.0,0.0
00612.HK,2024-02-29,0.98,1.07,0.98,1.02,2576000.0,0.0
00612.HK,2024-03-01,1.02,1.06,0.98,1.05,1704000.0,0.0
00612.HK,2024-03-04,1.1,1.15,1.05,1.07,1472000.0,0.0
00612.HK,2024-03-05,1.08,1.09,1.04,1.06,648000.0,0.0
00612.HK,2024-03-06,1.12,1.13,0.99,1.03,4248000.0,0.0
00612.HK,2024-03-07,1.03,1.04,1.0,1.02,1048000.0,0.0
00612.HK,2024-03-08,1.02,1.04,1.0,1.04,664000.0,0.0
00612.HK,2024-03-11,1.03,1.06,1.0,1.04,824000.0,0.0
00612.HK,2024-03-12,1.04,1.05,0.96,0.98,3792000.0,0.0
00612.HK,2024-03-13,0.98,0.99,0.9,0.97,936000.0,0.0
00612.HK,2024-03-14,0.97,0.97,0.92,0.94,840000.0,0.0
00612.HK,2024-03-15,0.95,0.99,0.94,0.94,824000.0,0.0
00612.HK,2024-03-18,0.95,0.95,0.84,0.84,3496000.0,0.0
00612.HK,2024-03-19,0.85,0.92,0.83,0.88,5888000.0,0.0
00612.HK,2024-03-20,0.88,0.89,0.81,0.85,2248000.0,0.0
00612.HK,2024-03-21,0.84,0.86,0.83,0.85,1128000.0,0.0
00612.HK,2024-03-22,0.8,0.81,0.75,0.79,3232000.0,0.0
00612.HK,2024-03-25,0.79,0.85,0.75,0.8,3533000.0,0.0
00612.HK,2024-03-26,0.8,0.85,0.74,0.8,4776000.0,0.0
00612.HK,2024-03-27,0.8,0.82,0.76,0.76,2098400.0,0.0
00612.HK,2024-03-28,0.76,0.78,0.74,0.76,920000.0,0.0
00612.HK,2024-04-02,0.75,0.75,0.65,0.7,5696000.0,0.0
00612.HK,2024-04-03,0.7,0.7,0.65,0.65,744000.0,0.0
00612.HK,2024-04-05,0.65,0.65,0.61,0.64,1168000.0,0.0
00612.HK,2024-04-08,0.63,0.73,0.57,0.7,9696000.0,0.0
00612.HK,2024-04-09,0.7,0.79,0.68,0.69,2640000.0,0.0
00612.HK,2024-04-10,0.73,0.74,0.57,0.61,4120000.0,0.0
00612.HK,2024-04-11,0.61,0.63,0.55,0.57,4936000.0,0.0
00612.HK,2024-04-12,0.57,0.61,0.54,0.56,2368000.0,0.0
00612.HK,2024-04-15,0.56,0.57,0.49,0.52,3120000.0,0.0
00612.HK,2024-04-16,0.5,0.52,0.46,0.5,2096000.0,0.0
00612.HK,2024-04-17,0.5,0.54,0.5,0.5,824000.0,0.0
00612.HK,2024-04-18,0.5,0.51,0.49,0.5,940000.0,0.0
00612.HK,2024-04-19,0.5,0.5,0.44,0.45,2688000.0,0.0
00612.HK,2024-04-22,0.44,0.48,0.41,0.48,3040000.0,0.0
00612.HK,2024-04-23,0.46,0.47,0.45,0.45,376000.0,0.0
00612.HK,2024-04-24,0.45,0.49,0.4,0.41,5041000.0,0.0
00612.HK,2024-04-25,0.41,0.46,0.41,0.43,3096000.0,0.0
00612.HK,2024-04-26,0.43,0.44,0.41,0.43,1600000.0,0.0
00612.HK,2024-04-29,0.43,0.46,0.43,0.46,2156000.0,0.0
00612.HK,2024-04-30,0.46,0.46,0.42,0.42,1424000.0,0.0
00612.HK,2024-05-02,0.41,0.44,0.4,0.44,1192000.0,0.0
00612.HK,2024-05-03,0.44,0.44,0.39,0.39,5016000.0,0.0
00612.HK,2024-05-06,0.39,0.4,0.35,0.36,6920000.0,0.0
00612.HK,2024-05-07,0.36,0.36,0.29,0.32,14944000.0,0.0
00612.HK,2024-05-08,0.32,0.37,0.31,0.33,3696000.0,0.0
00612.HK,2024-05-09,0.33,0.43,0.31,0.36,12224000.0,0.0
00612.HK,2024-05-10,0.36,0.38,0.33,0.36,3080000.0,0.0
00612.HK,2024-05-13,0.36,0.42,0.36,0.42,3824000.0,0.0
00612.HK,2024-05-14,0.42,0.51,0.42,0.47,13160000.0,0.0
00612.HK,2024-05-16,0.49,0.7,0.49,0.68,23624000.0,0.0
00612.HK,2024-05-17,0.74,0.77,0.62,0.68,12280000.0,0.0
00612.HK,2024-05-20,0.69,1.0,0.69,0.84,19445000.0,0.0
00612.HK,2024-05-21,0.85,0.85,0.76,0.8,8184000.0,0.0
00612.HK,2024-05-22,0.81,0.81,0.59,0.64,15648000.0,0.0
00612.HK,2024-05-23,0.63,0.71,0.6,0.63,11760000.0,0.0
00612.HK,2024-05-24,0.63,0.68,0.61,0.68,6464000.0,0.0
00612.HK,2024-05-27,0.69,0.73,0.65,0.68,3672000.0,0.0
00612.HK,2024-05-28,0.68,0.75,0.65,0.67,3648000.0,0.0
00612.HK,2024-05-29,0.65,0.65,0.58,0.61,3584000.0,0.0
00612.HK,2024-05-30,0.59,0.59,0.52,0.53,1968000.0,0.0
00612.HK,2024-05-31,0.53,0.57,0.51,0.51,1930000.0,0.0
00612.HK,2024-06-03,0.51,0.56,0.49,0.5,1272000.0,0.0
00612.HK,2024-06-04,0.5,0.5,0.46,0.49,1728000.0,0.0
00612.HK,2024-06-05,0.47,0.48,0.45,0.46,2005600.0,0.0
00612.HK,2024-06-06,0.46,0.52,0.45,0.47,1320000.0,0.0
00612.HK,2024-06-07,0.5,0.56,0.5,0.56,2680000.0,0.0
00612.HK,2024-06-11,0.58,0.58,0.5,0.52,2112000.0,0.0
00612.HK,2024-06-12,0.5,0.53,0.5,0.53,536000.0,0.0
00612.HK,2024-06-13,0.54,0.54,0.51,0.53,712000.0,0.0
00612.HK,2024-06-14,0.53,0.53,0.5,0.51,816000.0,0.0
00612.HK,2024-06-17,0.51,0.51,0.45,0.48,1416000.0,0.0
00612.HK,2024-06-18,0.48,0.52,0.42,0.43,6928000.0,0.0
00612.HK,2024-06-19,0.43,0.43,0.37,0.38,8808000.0,0.0
00612.HK,2024-06-20,0.38,0.39,0.36,0.37,3736000.0,0.0
00612.HK,2024-06-21,0.37,0.38,0.36,0.37,1408000.0,0.0
00612.HK,2024-06-24,0.38,0.38,0.35,0.38,1384000.0,0.0
00612.HK,2024-06-25,0.38,0.42,0.35,0.38,4128000.0,0.0
00612.HK,2024-06-26,0.37,0.37,0.35,0.37,2816000.0,0.0
00612.HK,2024-06-27,0.37,0.37,0.34,0.36,2200000.0,0.0
00612.HK,2024-06-28,0.36,0.36,0.34,0.34,1608000.0,0.0
00612.HK,2024-07-02,0.34,0.36,0.32,0.33,3752000.0,0.0
00612.HK,2024-07-03,0.32,0.34,0.3,0.34,1968000.0,0.0
00612.HK,2024-07-04,0.34,0.36,0.33,0.35,976000.0,0.0
00612.HK,2024-07-05,0.34,0.35,0.33,0.34,624000.0,0.0
00612.HK,2024-07-08,0.33,0.36,0.33,0.34,848000.0,0.0
00612.HK,2024-07-09,0.35,0.36,0.35,0.35,216000.0,0.0
00612.HK,2024-07-10,0.36,0.38,0.35,0.35,1376000.0,0.0
00612.HK,2024-07-11,0.36,0.36,0.33,0.34,944000.0,0.0
00612.HK,2024-07-12,0.33,0.36,0.33,0.35,808000.0,0.0
00612.HK,2024-07-15,0.35,0.35,0.35,0.35,208000.0,0.0
00612.HK,2024-07-16,0.35,0.35,0.34,0.34,360000.0,0.0
00612.HK,2024-07-17,0.35,0.37,0.34,0.35,776000.0,0.0
00612.HK,2024-07-18,0.34,0.35,0.34,0.35,320000.0,0.0
00612.HK,2024-07-19,0.35,0.35,0.34,0.34,424000.0,0.0
00612.HK,2024-07-22,0.34,0.35,0.34,0.34,464000.0,0.0
00612.HK,2024-07-23,0.34,0.34,0.33,0.33,152000.0,0.0
00612.HK,2024-07-24,0.33,0.33,0.31,0.32,696000.0,0.0
00612.HK,2024-07-25,0.33,0.33,0.32,0.32,1264000.0,0.0
00612.HK,2024-07-26,0.32,0.32,0.32,0.32,136000.0,0.0
00612.HK,2024-07-29,0.32,0.32,0.31,0.32,888000.0,0.0
00612.HK,2024-07-30,0.34,0.34,0.31,0.32,664000.0,0.0
00612.HK,2024-07-31,0.32,0.33,0.31,0.32,768000.0,0.0
00612.HK,2024-08-01,0.34,0.35,0.32,0.32,472000.0,0.0
00612.HK,2024-08-02,0.32,0.32,0.32,0.32,184000.0,0.0
00612.HK,2024-08-05,0.32,0.32,0.3,0.31,904000.0,0.0
00612.HK,2024-08-06,0.31,0.31,0.31,0.31,176000.0,0.0
00612.HK,2024-08-07,0.31,0.31,0.3,0.3,192000.0,0.0
00612.HK,2024-08-08,0.3,0.33,0.3,0.31,326000.0,0.0
00612.HK,2024-08-09,0.31,0.31,0.3,0.31,216000.0,0.0
00612.HK,2024-08-12,0.3,0.3,0.3,0.3,344000.0,0.0
00612.HK,2024-08-13,0.3,0.32,0.28,0.29,232000.0,0.0
00612.HK,2024-08-14,0.29,0.3,0.29,0.29,192000.0,0.0
00612.HK,2024-08-15,0.27,0.31,0.27,0.28,1512000.0,0.0
00612.HK,2024-08-16,0.28,0.28,0.24,0.25,3984000.0,0.0
00612.HK,2024-08-19,0.25,0.28,0.24,0.27,1152000.0,0.0
00612.HK,2024-08-20,0.27,0.27,0.24,0.24,1688000.0,0.0
00612.HK,2024-08-21,0.24,0.24,0.19,0.21,2720000.0,0.0
00612.HK,2024-08-22,0.21,0.21,0.21,0.21,424000.0,0.0
00612.HK,2024-08-23,0.21,0.23,0.21,0.22,384000.0,0.0
00612.HK,2024-08-26,0.23,0.23,0.23,0.23,296000.0,0.0
00612.HK,2024-08-27,0.23,0.25,0.23,0.24,1608000.0,0.0
00612.HK,2024-08-28,0.26,0.26,0.23,0.24,608000.0,0.0
00612.HK,2024-08-29,0.24,0.24,0.22,0.24,640000.0,0.0
00612.HK,2024-08-30,0.24,0.24,0.23,0.23,216000.0,0.0
00612.HK,2024-09-02,0.23,0.23,0.23,0.23,320000.0,0.0
00612.HK,2024-09-03,0.23,0.23,0.21,0.21,1240000.0,0.0
00612.HK,2024-09-04,0.21,0.22,0.2,0.22,704000.0,0.0
00612.HK,2024-09-05,0.23,0.23,0.21,0.22,304000.0,0.0
00612.HK,2024-09-09,0.22,0.22,0.21,0.21,776000.0,0.0
00612.HK,2024-09-10,0.21,0.22,0.2,0.2,352000.0,0.0
00612.HK,2024-09-11,0.21,0.21,0.19,0.19,704000.0,0.0
00612.HK,2024-09-12,0.19,0.2,0.19,0.19,576000.0,0.0
00612.HK,2024-09-13,0.19,0.19,0.19,0.19,96000.0,0.0
00612.HK,2024-09-16,0.19,0.19,0.18,0.19,312000.0,0.0
00612.HK,2024-09-17,0.19,0.2,0.19,0.2,136000.0,0.0
00612.HK,2024-09-19,0.2,0.33,0.2,0.33,6296000.0,0.0
00612.HK,2024-09-20,0.33,0.42,0.32,0.34,5968000.0,0.0
00612.HK,2024-09-23,0.35,0.37,0.33,0.34,2152000.0,0.0
00612.HK,2024-09-24,0.35,0.35,0.28,0.29,1744000.0,0.0
00612.HK,2024-09-25,0.29,0.32,0.29,0.32,1568000.0,0.0
00612.HK,2024-09-26,0.33,0.33,0.31,0.33,656000.0,0.0
00612.HK,2024-09-27,0.33,0.35,0.3,0.34,1424000.0,0.0
00612.HK,2024-09-30,0.36,0.36,0.3,0.34,2975420.0,0.0
00612.HK,2024-10-02,0.34,0.34,0.31,0.34,2648000.0,0.0
00612.HK,2024-10-03,0.33,0.34,0.31,0.32,2216000.0,0.0
00612.HK,2024-10-04,0.32,0.39,0.32,0.39,6368000.0,0.0
00612.HK,2024-10-07,0.39,0.45,0.39,0.41,4328000.0,0.0
00612.HK,2024-10-08,0.42,0.43,0.36,0.36,3997000.0,0.0
00612.HK,2024-10-09,0.36,0.36,0.33,0.33,899000.0,0.0
00612.HK,2024-10-10,0.33,0.36,0.33,0.33,1672000.0,0.0
00612.HK,2024-10-14,0.34,0.35,0.29,0.29,2776000.0,0.0
00612.HK,2024-10-15,0.29,0.3,0.29,0.3,440000.0,0.0
00612.HK,2024-10-16,0.3,0.3,0.28,0.29,648000.0,0.0
00612.HK,2024-10-17,0.28,0.28,0.27,0.27,2384000.0,0.0
00612.HK,2024-10-18,0.27,0.31,0.26,0.29,1048000.0,0.0
00612.HK,2024-10-21,0.27,0.27,0.25,0.27,1952000.0,0.0
00612.HK,2024-10-22,0.27,0.29,0.27,0.27,608000.0,0.0
00612.HK,2024-10-23,0.27,0.29,0.26,0.28,672000.0,0.0
00612.HK,2024-10-24,0.28,0.3,0.25,0.26,824000.0,0.0
00612.HK,2024-10-25,0.28,0.28,0.26,0.27,376000.0,0.0
00612.HK,2024-10-28,0.25,0.25,0.2,0.22,6400000.0,0.0
00612.HK,2024-10-29,0.22,0.22,0.2,0.21,1536000.0,0.0
00612.HK,2024-10-30,0.21,0.24,0.21,0.22,1192000.0,0.0
00612.HK,2024-10-31,0.22,0.22,0.2,0.22,1816000.0,0.0
00612.HK,2024-11-01,0.22,0.24,0.21,0.21,944000.0,0.0
00612.HK,2024-11-04,0.21,0.21,0.21,0.21,232000.0,0.0
00612.HK,2024-11-05,0.21,0.22,0.21,0.21,400000.0,0.0
00612.HK,2024-11-06,0.19,0.19,0.11,0.13,27912000.0,0.0
00612.HK,2024-11-07,0.13,0.13,0.11,0.12,7213000.0,0.0
00612.HK,2024-11-08,0.12,0.12,0.11,0.12,6336000.0,0.0
00612.HK,2024-11-11,0.12,0.17,0.12,0.15,23208000.0,0.0
00612.HK,2024-11-12,0.15,0.15,0.14,0.14,1920000.0,0.0
00612.HK,2024-11-13,0.14,0.14,0.13,0.13,1912000.0,0.0
00612.HK,2024-11-14,0.13,0.13,0.13,0.13,1192000.0,0.0
00612.HK,2024-11-15,0.12,0.13,0.12,0.13,1552000.0,0.0
00612.HK,2024-11-18,0.13,0.14,0.13,0.13,1064000.0,0.0
00612.HK,2024-11-19,0.13,0.14,0.13,0.14,728000.0,0.0
00612.HK,2024-11-20,0.14,0.14,0.13,0.13,432000.0,0.0
00612.HK,2024-11-21,0.13,0.14,0.12,0.13,1120000.0,0.0
00612.HK,2024-11-22,0.13,0.14,0.13,0.13,392000.0,0.0
00612.HK,2024-11-25,0.12,0.13,0.12,0.13,1688000.0,0.0
00612.HK,2024-11-26,0.12,0.12,0.12,0.12,240000.0,0.0
00612.HK,2024-11-27,0.12,0.12,0.12,0.12,264000.0,0.0
00612.HK,2024-11-28,0.12,0.12,0.12,0.12,136000.0,0.0
00612.HK,2024-11-29,0.11,0.13,0.11,0.13,424000.0,0.0
00612.HK,2024-12-02,0.12,0.15,0.12,0.14,824000.0,0.0
00612.HK,2024-12-03,0.14,0.14,0.14,0.14,560000.0,0.0
00612.HK,2024-12-04,0.13,0.14,0.12,0.12,768000.0,0.0
00612.HK,2024-12-05,0.13,0.13,0.12,0.12,944000.0,0.0
00612.HK,2024-12-06,0.13,0.14,0.13,0.14,584000.0,0.0
00612.HK,2024-12-09,0.14,0.15,0.14,0.14,2648000.0,0.0
00612.HK,2024-12-10,0.14,0.15,0.14,0.15,2384000.0,0.0
00612.HK,2024-12-11,0.15,0.15,0.14,0.14,312000.0,0.0
00612.HK,2024-12-12,0.14,0.14,0.14,0.14,280000.0,0.0
00612.HK,2024-12-13,0.14,0.14,0.14,0.14,152000.0,0.0
00612.HK,2024-12-16,0.14,0.14,0.14,0.14,344000.0,0.0
00612.HK,2024-12-17,0.14,0.14,0.13,0.13,576000.0,0.0
00612.HK,2024-12-18,0.13,0.13,0.13,0.13,160000.0,0.0
00612.HK,2024-12-19,0.13,0.13,0.13,0.13,24000.0,0.0
00612.HK,2024-12-20,0.13,0.14,0.13,0.13,272000.0,0.0
00612.HK,2024-12-23,0.13,0.13,0.13,0.13,296000.0,0.0
00612.HK,2024-12-24,0.13,0.13,0.13,0.13,40000.0,0.0
00612.HK,2024-12-27,0.13,0.13,0.13,0.13,168000.0,0.0
00612.HK,2024-12-30,0.13,0.13,0.12,0.12,208000.0,0.0
00612.HK,2024-12-31,0.12,0.13,0.12,0.12,160000.0,0.0
00612.HK,2025-01-02,0.12,0.13,0.12,0.12,1096000.0,0.0
00612.HK,2025-01-03,0.12,0.12,0.12,0.12,312000.0,0.0
00612.HK,2025-01-06,0.12,0.12,0.12,0.12,448000.0,0.0
00612.HK,2025-01-07,0.12,0.12,0.11,0.11,672000.0,0.0
00612.HK,2025-01-08,0.11,0.11,0.11,0.11,216000.0,0.0
00612.HK,2025-01-09,0.11,0.11,0.11,0.11,56000.0,0.0
00612.HK,2025-01-10,0.11,0.11,0.1,0.1,2120000.0,0.0
00612.HK,2025-01-13,0.11,0.12,0.11,0.11,432000.0,0.0
00612.HK,2025-01-14,0.12,0.22,0.12,0.22,24944000.0,0.0
00612.HK,2025-01-15,0.25,0.27,0.19,0.19,32298118.0,0.0
00612.HK,2025-01-16,0.2,0.2,0.17,0.18,4672000.0,0.0
00612.HK,2025-01-17,0.18,0.24,0.17,0.23,9928000.0,0.0
00612.HK,2025-01-20,0.23,0.27,0.21,0.23,3896000.0,0.0
00612.HK,2025-01-21,0.24,0.26,0.24,0.25,3960000.0,0.0
00612.HK,2025-01-22,0.25,0.26,0.24,0.25,2336000.0,0.0
00612.HK,2025-01-23,0.25,0.26,0.24,0.24,696000.0,0.0
00612.HK,2025-01-24,0.25,0.25,0.24,0.24,664000.0,0.0
00612.HK,2025-01-27,0.24,0.24,0.23,0.23,784000.0,0.0
00612.HK,2025-01-28,0.25,0.25,0.23,0.24,96000.0,0.0
00612.HK,2025-02-03,0.24,0.24,0.23,0.24,400000.0,0.0
00612.HK,2025-02-04,0.23,0.24,0.23,0.23,216000.0,0.0
00612.HK,2025-02-05,0.23,0.24,0.22,0.23,681900.0,0.0
00612.HK,2025-02-06,0.23,0.23,0.21,0.22,880000.0,0.0
00612.HK,2025-02-07,0.22,0.22,0.19,0.19,864000.0,0.0
00612.HK,2025-02-10,0.19,0.19,0.17,0.18,1976000.0,0.0
00612.HK,2025-02-11,0.18,0.18,0.17,0.18,712000.0,0.0
00612.HK,2025-02-12,0.18,0.18,0.17,0.18,144000.0,0.0
00612.HK,2025-02-13,0.18,0.19,0.18,0.19,576000.0,0.0
00612.HK,2025-02-14,0.19,0.19,0.18,0.18,496000.0,0.0
00612.HK,2025-02-17,0.19,0.19,0.18,0.18,360000.0,0.0
00612.HK,2025-02-18,0.17,0.18,0.17,0.18,216000.0,0.0
00612.HK,2025-02-19,0.18,0.18,0.18,0.18,273600.0,0.0
00612.HK,2025-02-20,0.18,0.19,0.18,0.18,720000.0,0.0
00612.HK,2025-02-21,0.18,0.18,0.17,0.18,296000.0,0.0
00612.HK,2025-02-24,0.19,0.19,0.17,0.17,632000.0,0.0
00612.HK,2025-02-25,0.17,0.17,0.17,0.17,368000.0,0.0
00612.HK,2025-02-26,0.17,0.17,0.17,0.17,672000.0,0.0
00612.HK,2025-02-27,0.16,0.17,0.16,0.17,872000.0,0.0
00612.HK,2025-02-28,0.17,0.17,0.17,0.17,392000.0,0.0
00612.HK,2025-03-03,0.17,0.17,0.15,0.16,1016000.0,0.0
00612.HK,2025-03-04,0.16,0.18,0.16,0.17,152000.0,0.0
00612.HK,2025-03-05,0.17,0.18,0.17,0.18,456000.0,0.0
00612.HK,2025-03-06,0.18,0.18,0.18,0.18,248000.0,0.0
00612.HK,2025-03-07,0.18,0.18,0.18,0.18,296000.0,0.0
00612.HK,2025-03-10,0.18,0.19,0.17,0.19,904000.0,0.0
00612.HK,2025-03-11,0.19,0.21,0.19,0.21,2392000.0,0.0
00612.HK,2025-03-12,0.21,0.25,0.21,0.24,5464000.0,0.0
00612.HK,2025-03-13,0.24,0.25,0.19,0.2,1736000.0,0.0
00612.HK,2025-03-14,0.2,0.21,0.19,0.2,1304000.0,0.0
00612.HK,2025-03-17,0.2,0.2,0.2,0.2,476000.0,0.0
00612.HK,2025-03-18,0.2,0.21,0.2,0.21,632000.0,0.0
00612.HK,2025-03-19,0.21,0.21,0.2,0.21,808000.0,0.0
00612.HK,2025-03-20,0.21,0.21,0.19,0.19,616000.0,0.0
00612.HK,2025-03-21,0.19,0.21,0.19,0.2,112000.0,0.0
00612.HK,2025-03-24,0.2,0.22,0.2,0.21,1216000.0,0.0
00612.HK,2025-03-25,0.21,0.21,0.21,0.21,672000.0,0.0
00612.HK,2025-03-26,0.2,0.2,0.2,0.2,104000.0,0.0
00612.HK,2025-03-27,0.2,0.2,0.2,0.2,208000.0,0.0
00612.HK,2025-03-28,0.2,0.2,0.2,0.2,112000.0,0.0
00612.HK,2025-03-31,0.2,0.21,0.19,0.21,720000.0,0.0
00612.HK,2025-04-01,0.21,0.22,0.2,0.22,416000.0,0.0
00612.HK,2025-04-02,0.22,0.22,0.2,0.2,376000.0,0.0
00612.HK,2025-04-03,0.21,0.21,0.21,0.21,368000.0,0.0
00612.HK,2025-04-07,0.21,0.21,0.19,0.19,1888000.0,0.0
00612.HK,2025-04-08,0.2,0.2,0.2,0.2,328000.0,0.0
00612.HK,2025-04-09,0.2,0.2,0.2,0.2,944000.0,0.0
00612.HK,2025-04-10,0.2,0.21,0.2,0.21,648000.0,0.0
00612.HK,2025-04-11,0.21,0.21,0.2,0.21,576000.0,0.0
00612.HK,2025-04-14,0.21,0.25,0.21,0.24,3512000.0,0.0
00612.HK,2025-04-15,0.24,0.24,0.23,0.24,840000.0,0.0
00612.HK,2025-04-16,0.24,0.24,0.22,0.23,724000.0,0.0
00612.HK,2025-04-17,0.22,0.24,0.22,0.23,696000.0,0.0
00612.HK,2025-04-22,0.23,0.23,0.23,0.23,696000.0,0.0
00612.HK,2025-04-23,0.23,0.23,0.23,0.23,392000.0,0.0
00612.HK,2025-04-24,0.22,0.23,0.22,0.23,232000.0,0.0
00612.HK,2025-04-25,0.23,0.23,0.23,0.23,320000.0,0.0
00612.HK,2025-04-28,0.23,0.23,0.23,0.23,272000.0,0.0
00612.HK,2025-04-29,0.23,0.24,0.23,0.24,1056000.0,0.0
00612.HK,2025-04-30,0.24,0.24,0.23,0.23,200000.0,0.0
00612.HK,2025-05-02,0.24,0.24,0.23,0.23,1320000.0,0.0
00612.HK,2025-05-06,0.24,0.24,0.23,0.23,608000.0,0.0
00612.HK,2025-05-07,0.23,0.23,0.23,0.23,208000.0,0.0
00612.HK,2025-05-08,0.23,0.23,0.23,0.23,72000.0,0.0
00612.HK,2025-05-09,0.23,0.23,0.23,0.23,96000.0,0.0
00612.HK,2025-05-12,0.22,0.23,0.22,0.23,176000.0,0.0
00612.HK,2025-05-13,0.23,0.23,0.22,0.22,80000.0,0.0
00612.HK,2025-05-14,0.22,0.23,0.22,0.23,384000.0,0.0
00612.HK,2025-05-15,0.2,0.23,0.2,0.22,1240000.0,0.0
00612.HK,2025-05-16,0.22,0.22,0.22,0.22,208000.0,0.0
00612.HK,2025-05-19,0.22,0.22,0.22,0.22,720000.0,0.0
00612.HK,2025-05-20,0.22,0.25,0.22,0.22,464000.0,0.0
00612.HK,2025-05-21,0.22,0.22,0.22,0.22,400000.0,0.0
00612.HK,2025-05-22,0.22,0.24,0.22,0.23,1260000.0,0.0
00612.HK,2025-05-23,0.23,0.25,0.23,0.24,1712000.0,0.0
00612.HK,2025-05-26,0.25,0.27,0.25,0.26,2824000.0,0.0
00612.HK,2025-05-27,0.28,0.3,0.27,0.29,2304000.0,0.0
00612.HK,2025-05-28,0.29,0.37,0.29,0.37,10088000.0,0.0
00612.HK,2025-05-29,0.37,0.48,0.37,0.44,18396449.0,0.0
00612.HK,2025-05-30,0.45,0.47,0.4,0.41,6616000.0,0.0
00612.HK,2025-06-02,0.42,0.46,0.42,0.44,2912000.0,0.0
00612.HK,2025-06-03,0.44,0.8,0.44,0.77,39704000.0,0.0
00612.HK,2025-06-04,0.8,0.9,0.61,0.65,21328400.0,0.0
00612.HK,2025-06-05,0.65,0.69,0.56,0.6,7128000.0,0.0
00612.HK,2025-06-06,0.6,0.66,0.59,0.59,3528000.0,0.0
00612.HK,2025-06-09,0.6,0.68,0.5,0.53,6400000.0,0.0
00612.HK,2025-06-10,0.53,0.53,0.46,0.46,4060000.0,0.0
00612.HK,2025-06-11,0.49,0.51,0.47,0.49,2208000.0,0.0
00612.HK,2025-06-12,0.49,0.49,0.44,0.48,3392000.0,0.0
00612.HK,2025-06-13,0.47,0.47,0.44,0.46,1488000.0,0.0
00612.HK,2025-06-16,0.46,0.59,0.46,0.52,4016000.0,0.0
00612.HK,2025-06-17,0.52,0.56,0.5,0.51,1512000.0,0.0
00612.HK,2025-06-18,0.53,0.54,0.5,0.51,784000.0,0.0
00612.HK,2025-06-19,0.51,0.51,0.49,0.49,1288000.0,0.0
00612.HK,2025-06-20,0.49,0.54,0.49,0.49,984000.0,0.0
00612.HK,2025-06-23,0.48,0.48,0.4,0.41,4184000.0,0.0
00612.HK,2025-06-24,0.35,0.35,0.24,0.24,23680000.0,0.0
00612.HK,2025-06-25,0.24,0.28,0.19,0.27,12112000.0,0.0
00612.HK,2025-06-26,0.27,0.27,0.24,0.27,4976000.0,0.0
00612.HK,2025-06-27,0.25,0.34,0.25,0.34,8152000.0,0.0
