symbol,datetime,open,high,low,close,volume,amount
00932.HK,2015-11-20,2.0,2.09,1.73,1.84,2932000.0,0.0
00932.HK,2015-11-23,1.87,1.93,1.67,1.78,1408000.0,0.0
00932.HK,2015-11-24,1.76,1.76,1.71,1.75,408000.0,0.0
00932.HK,2015-11-25,1.8,1.8,1.76,1.79,644000.0,0.0
00932.HK,2015-11-26,1.79,1.83,1.72,1.79,568000.0,0.0
00932.HK,2015-11-27,1.8,1.8,1.7,1.74,936000.0,0.0
00932.HK,2015-11-30,1.76,1.79,1.72,1.77,324000.0,0.0
00932.HK,2015-12-01,1.78,1.83,1.74,1.8,556000.0,0.0
00932.HK,2015-12-02,1.79,1.79,1.71,1.75,428000.0,0.0
00932.HK,2015-12-03,1.73,1.77,1.67,1.74,652000.0,0.0
00932.HK,2015-12-04,1.71,1.71,1.71,1.71,0.0,0.0
00932.HK,2015-12-07,1.71,1.71,1.62,1.69,184000.0,0.0
00932.HK,2015-12-08,1.67,1.67,1.59,1.59,564000.0,0.0
00932.HK,2015-12-09,1.6,1.62,1.6,1.62,140000.0,0.0
00932.HK,2015-12-10,1.61,1.7,1.61,1.64,72000.0,0.0
00932.HK,2015-12-11,1.65,1.65,1.54,1.6,384000.0,0.0
00932.HK,2015-12-14,1.55,1.63,1.55,1.63,196000.0,0.0
00932.HK,2015-12-15,1.65,1.65,1.55,1.62,340000.0,0.0
00932.HK,2015-12-16,1.7,1.7,1.63,1.66,488000.0,0.0
00932.HK,2015-12-17,1.65,1.67,1.65,1.66,528000.0,0.0
00932.HK,2015-12-18,1.66,1.79,1.63,1.67,536000.0,0.0
00932.HK,2015-12-21,1.68,1.68,1.66,1.66,4000.0,0.0
00932.HK,2015-12-22,1.64,1.67,1.6,1.62,128000.0,0.0
00932.HK,2015-12-23,1.61,1.61,1.55,1.57,328000.0,0.0
00932.HK,2015-12-24,1.58,1.58,1.58,1.58,648000.0,0.0
00932.HK,2015-12-28,1.59,1.59,1.57,1.57,16000.0,0.0
00932.HK,2015-12-29,1.54,1.58,1.54,1.57,788000.0,0.0
00932.HK,2015-12-30,1.59,1.59,1.55,1.57,96000.0,0.0
00932.HK,2015-12-31,1.57,1.58,1.56,1.58,52000.0,0.0
00932.HK,2016-01-04,1.56,1.56,1.47,1.55,160000.0,0.0
00932.HK,2016-01-05,1.54,1.55,1.46,1.55,672000.0,0.0
00932.HK,2016-01-06,1.54,1.54,1.54,1.54,4000.0,0.0
00932.HK,2016-01-07,1.54,1.57,1.4,1.47,512000.0,0.0
00932.HK,2016-01-08,1.47,1.5,1.35,1.49,336000.0,0.0
00932.HK,2016-01-11,1.47,1.49,1.25,1.43,316000.0,0.0
00932.HK,2016-01-12,1.39,1.4,1.35,1.4,108000.0,0.0
00932.HK,2016-01-13,1.4,1.4,1.3,1.35,324000.0,0.0
00932.HK,2016-01-14,1.38,1.38,1.3,1.32,176000.0,0.0
00932.HK,2016-01-15,1.3,1.4,1.3,1.38,532000.0,0.0
00932.HK,2016-01-18,1.35,1.4,1.35,1.37,212000.0,0.0
00932.HK,2016-01-19,1.4,1.46,1.3,1.36,448000.0,0.0
00932.HK,2016-01-20,1.5,1.5,1.25,1.35,340000.0,0.0
00932.HK,2016-01-21,1.33,1.33,1.33,1.33,0.0,0.0
00932.HK,2016-01-22,1.34,1.35,1.26,1.34,444000.0,0.0
00932.HK,2016-01-25,1.35,1.47,1.35,1.4,224000.0,0.0
00932.HK,2016-01-26,1.44,1.45,1.25,1.33,580000.0,0.0
00932.HK,2016-01-27,1.46,1.46,1.31,1.37,36000.0,0.0
00932.HK,2016-01-28,1.4,1.43,1.37,1.4,428000.0,0.0
00932.HK,2016-01-29,1.34,1.43,1.32,1.42,248000.0,0.0
00932.HK,2016-02-01,1.44,1.46,1.24,1.34,2244000.0,0.0
00932.HK,2016-02-02,1.29,1.38,1.29,1.36,64000.0,0.0
00932.HK,2016-02-03,1.33,1.36,1.24,1.29,680000.0,0.0
00932.HK,2016-02-04,1.29,1.29,1.05,1.12,3324000.0,0.0
00932.HK,2016-02-05,1.12,1.15,1.08,1.13,6828000.0,0.0
00932.HK,2016-02-11,1.13,1.16,1.07,1.15,5380000.0,0.0
00932.HK,2016-02-12,1.1,1.18,1.1,1.18,544000.0,0.0
00932.HK,2016-02-15,1.17,1.19,1.14,1.19,288000.0,0.0
00932.HK,2016-02-16,1.18,1.18,1.18,1.18,16000.0,0.0
00932.HK,2016-02-17,1.11,1.15,1.1,1.15,108000.0,0.0
00932.HK,2016-02-18,1.15,1.16,1.1,1.13,84000.0,0.0
00932.HK,2016-02-19,1.12,1.13,1.12,1.13,72000.0,0.0
00932.HK,2016-02-22,1.14,1.16,1.13,1.16,2444000.0,0.0
00932.HK,2016-02-23,1.16,1.18,1.16,1.18,876000.0,0.0
00932.HK,2016-02-24,1.17,1.17,1.12,1.16,68000.0,0.0
00932.HK,2016-02-25,1.16,1.16,1.16,1.16,0.0,0.0
00932.HK,2016-02-26,1.13,1.13,1.09,1.13,28000.0,0.0
00932.HK,2016-02-29,1.13,1.13,1.13,1.13,4000.0,0.0
00932.HK,2016-03-01,1.08,1.1,1.05,1.08,154000.0,0.0
00932.HK,2016-03-02,1.1,1.2,1.06,1.19,440000.0,0.0
00932.HK,2016-03-03,1.19,1.19,1.11,1.11,36000.0,0.0
00932.HK,2016-03-04,1.1,1.1,1.08,1.1,272000.0,0.0
00932.HK,2016-03-07,1.1,1.14,1.07,1.1,868000.0,0.0
00932.HK,2016-03-08,1.1,1.1,1.07,1.1,56000.0,0.0
00932.HK,2016-03-09,1.11,1.12,1.11,1.12,196000.0,0.0
00932.HK,2016-03-10,1.12,1.12,1.11,1.12,16000.0,0.0
00932.HK,2016-03-11,1.08,1.11,1.08,1.1,532000.0,0.0
00932.HK,2016-03-14,1.1,1.1,1.1,1.1,28000.0,0.0
00932.HK,2016-03-15,1.1,1.1,1.1,1.1,0.0,0.0
00932.HK,2016-03-16,1.08,1.11,1.0,1.11,1340000.0,0.0
00932.HK,2016-03-17,1.06,1.06,1.03,1.06,258000.0,0.0
00932.HK,2016-03-18,1.04,1.09,1.02,1.09,412000.0,0.0
00932.HK,2016-03-21,1.09,1.09,1.08,1.08,12000.0,0.0
00932.HK,2016-03-22,1.05,1.09,1.0,1.09,160000.0,0.0
00932.HK,2016-03-23,1.05,1.05,1.05,1.05,20000.0,0.0
00932.HK,2016-03-24,1.02,1.06,1.0,1.04,200000.0,0.0
00932.HK,2016-03-29,1.1,1.1,1.09,1.09,4000.0,0.0
00932.HK,2016-03-30,1.1,1.1,1.08,1.08,80000.0,0.0
00932.HK,2016-03-31,1.1,1.1,1.0,1.02,576000.0,0.0
00932.HK,2016-04-01,1.01,1.06,1.0,1.06,172000.0,0.0
00932.HK,2016-04-05,1.02,1.12,1.02,1.12,672000.0,0.0
00932.HK,2016-04-06,1.09,1.11,1.07,1.11,524000.0,0.0
00932.HK,2016-04-07,1.05,1.11,1.05,1.11,300000.0,0.0
00932.HK,2016-04-08,1.08,1.11,1.07,1.11,172000.0,0.0
00932.HK,2016-04-11,1.11,1.29,1.11,1.25,1820000.0,0.0
00932.HK,2016-04-12,1.24,1.25,1.2,1.25,128000.0,0.0
00932.HK,2016-04-13,1.3,1.4,1.24,1.29,436000.0,0.0
00932.HK,2016-04-14,1.29,1.32,1.27,1.32,476000.0,0.0
00932.HK,2016-04-15,1.29,1.31,1.17,1.26,420000.0,0.0
00932.HK,2016-04-18,1.26,1.3,1.2,1.29,452000.0,0.0
00932.HK,2016-04-19,1.31,1.37,1.3,1.3,1592000.0,0.0
00932.HK,2016-04-20,1.3,1.3,1.3,1.3,40000.0,0.0
00932.HK,2016-04-21,1.35,1.35,1.28,1.28,484000.0,0.0
00932.HK,2016-04-22,1.32,1.32,1.32,1.32,0.0,0.0
00932.HK,2016-04-25,1.3,1.3,1.22,1.29,168000.0,0.0
00932.HK,2016-04-26,1.25,1.25,1.17,1.2,420000.0,0.0
00932.HK,2016-04-27,1.15,1.18,1.15,1.18,264000.0,0.0
00932.HK,2016-04-28,1.07,1.32,1.07,1.18,144000.0,0.0
00932.HK,2016-04-29,1.18,1.18,1.15,1.15,144000.0,0.0
00932.HK,2016-05-03,1.2,1.31,1.2,1.25,252000.0,0.0
00932.HK,2016-05-04,1.24,1.25,1.24,1.25,92000.0,0.0
00932.HK,2016-05-05,1.25,1.25,1.25,1.25,12000.0,0.0
00932.HK,2016-05-06,1.19,1.19,1.19,1.19,24000.0,0.0
00932.HK,2016-05-09,1.19,1.19,1.19,1.19,32000.0,0.0
00932.HK,2016-05-10,1.2,1.5,1.17,1.45,22224000.0,0.0
00932.HK,2016-05-11,1.45,1.64,1.43,1.61,7496000.0,0.0
00932.HK,2016-05-12,1.61,1.66,1.54,1.62,9076000.0,0.0
00932.HK,2016-05-13,1.65,1.65,1.57,1.59,7012000.0,0.0
00932.HK,2016-05-16,1.6,1.6,1.53,1.54,4096000.0,0.0
00932.HK,2016-05-17,1.54,1.62,1.54,1.6,7852000.0,0.0
00932.HK,2016-05-18,1.57,1.59,1.56,1.57,7736000.0,0.0
00932.HK,2016-05-19,1.58,1.6,1.53,1.57,8148000.0,0.0
00932.HK,2016-05-20,1.58,1.6,1.55,1.58,9524000.0,0.0
00932.HK,2016-05-23,1.59,1.63,1.57,1.57,468000.0,0.0
00932.HK,2016-05-24,1.57,1.61,1.57,1.6,1096000.0,0.0
00932.HK,2016-05-25,1.6,1.6,1.57,1.59,648000.0,0.0
00932.HK,2016-05-26,1.6,1.6,1.52,1.56,1252000.0,0.0
00932.HK,2016-05-27,1.57,1.57,1.5,1.5,1120000.0,0.0
00932.HK,2016-05-30,1.5,1.51,1.42,1.46,1012000.0,0.0
00932.HK,2016-05-31,1.47,1.47,1.46,1.46,692000.0,0.0
00932.HK,2016-06-01,1.48,1.48,1.47,1.47,716000.0,0.0
00932.HK,2016-06-02,1.47,1.47,1.4,1.44,716000.0,0.0
00932.HK,2016-06-03,1.46,1.47,1.41,1.43,736000.0,0.0
00932.HK,2016-06-06,1.49,1.49,1.43,1.46,752000.0,0.0
00932.HK,2016-06-07,1.48,1.48,1.42,1.44,948000.0,0.0
00932.HK,2016-06-08,1.42,1.43,1.41,1.41,768000.0,0.0
00932.HK,2016-06-10,1.41,1.41,1.37,1.37,824000.0,0.0
00932.HK,2016-06-13,1.4,1.4,1.35,1.35,868000.0,0.0
00932.HK,2016-06-14,1.37,1.39,1.36,1.39,2296000.0,0.0
00932.HK,2016-06-15,1.4,1.41,1.36,1.4,4836000.0,0.0
00932.HK,2016-06-16,1.42,1.42,1.26,1.27,1264000.0,0.0
00932.HK,2016-06-17,1.4,1.41,1.35,1.37,724000.0,0.0
00932.HK,2016-06-20,1.38,1.38,1.35,1.37,1660000.0,0.0
00932.HK,2016-06-21,1.38,1.38,1.34,1.34,2092000.0,0.0
00932.HK,2016-06-22,1.38,1.39,1.34,1.35,1196000.0,0.0
00932.HK,2016-06-23,1.37,1.38,1.35,1.38,1656000.0,0.0
00932.HK,2016-06-24,1.4,1.4,1.33,1.37,1828000.0,0.0
00932.HK,2016-06-27,1.39,1.4,1.34,1.38,1140000.0,0.0
00932.HK,2016-06-28,1.4,1.41,1.36,1.36,1176000.0,0.0
00932.HK,2016-06-29,1.39,1.41,1.37,1.39,1180000.0,0.0
00932.HK,2016-06-30,1.4,1.41,1.37,1.41,1728000.0,0.0
00932.HK,2016-07-04,1.42,1.44,1.38,1.41,1628000.0,0.0
00932.HK,2016-07-05,1.41,1.41,1.36,1.39,1212000.0,0.0
00932.HK,2016-07-06,1.44,1.44,1.39,1.4,516000.0,0.0
00932.HK,2016-07-07,1.4,1.5,1.37,1.5,2740000.0,0.0
00932.HK,2016-07-08,1.51,1.59,1.51,1.52,1268000.0,0.0
00932.HK,2016-07-11,1.57,1.63,1.53,1.62,2556000.0,0.0
00932.HK,2016-07-12,1.64,1.75,1.6,1.74,2956000.0,0.0
00932.HK,2016-07-13,1.74,1.83,1.67,1.82,4988000.0,0.0
00932.HK,2016-07-14,1.81,1.81,1.67,1.75,2032000.0,0.0
00932.HK,2016-07-15,1.72,1.75,1.66,1.69,1572000.0,0.0
00932.HK,2016-07-18,1.74,1.74,1.62,1.64,680000.0,0.0
00932.HK,2016-07-19,1.6,1.63,1.54,1.63,1904000.0,0.0
00932.HK,2016-07-20,1.66,1.66,1.6,1.62,656000.0,0.0
00932.HK,2016-07-21,1.65,1.66,1.62,1.66,752000.0,0.0
00932.HK,2016-07-22,1.66,1.78,1.62,1.74,1804000.0,0.0
00932.HK,2016-07-25,1.75,1.78,1.74,1.75,1432000.0,0.0
00932.HK,2016-07-26,1.77,1.78,1.75,1.75,1044000.0,0.0
00932.HK,2016-07-27,1.76,1.76,1.7,1.71,972000.0,0.0
00932.HK,2016-07-28,1.69,1.7,1.18,1.64,2816000.0,0.0
00932.HK,2016-07-29,1.54,1.6,1.28,1.6,7884008.0,0.0
00932.HK,2016-08-01,1.6,1.65,1.55,1.61,340000.0,0.0
00932.HK,2016-08-03,1.51,1.66,1.51,1.65,1268000.0,0.0
00932.HK,2016-08-04,1.7,1.73,1.65,1.69,1200000.0,0.0
00932.HK,2016-08-05,1.7,1.72,1.69,1.72,496000.0,0.0
00932.HK,2016-08-08,1.73,1.74,1.7,1.74,540000.0,0.0
00932.HK,2016-08-09,1.7,1.8,1.7,1.8,2720000.0,0.0
00932.HK,2016-08-10,1.8,1.81,1.73,1.79,3560000.0,0.0
00932.HK,2016-08-11,1.76,1.8,1.74,1.8,12408000.0,0.0
00932.HK,2016-08-12,1.8,1.8,1.73,1.73,26776000.0,0.0
00932.HK,2016-08-15,1.69,1.69,1.67,1.67,100000.0,0.0
00932.HK,2016-08-16,1.66,1.66,1.6,1.63,3172000.0,0.0
00932.HK,2016-08-17,1.6,1.62,1.51,1.56,760000.0,0.0
00932.HK,2016-08-18,1.56,1.6,1.48,1.57,1524000.0,0.0
00932.HK,2016-08-19,1.57,1.62,1.5,1.62,2540000.0,0.0
00932.HK,2016-08-22,1.6,1.6,1.6,1.6,44000.0,0.0
00932.HK,2016-08-23,1.65,1.65,1.6,1.6,392000.0,0.0
00932.HK,2016-08-24,1.62,1.65,1.62,1.64,452000.0,0.0
00932.HK,2016-08-25,1.58,1.6,1.53,1.57,516000.0,0.0
00932.HK,2016-08-26,1.57,1.6,1.55,1.6,280000.0,0.0
00932.HK,2016-08-29,1.59,1.59,1.59,1.59,0.0,0.0
00932.HK,2016-08-30,1.54,1.54,1.53,1.54,88000.0,0.0
00932.HK,2016-08-31,1.54,1.55,1.54,1.54,100000.0,0.0
00932.HK,2016-09-01,1.54,1.59,1.52,1.58,152000.0,0.0
00932.HK,2016-09-02,1.52,1.56,1.48,1.53,128000.0,0.0
00932.HK,2016-09-05,1.55,1.55,1.5,1.5,100000.0,0.0
00932.HK,2016-09-06,1.5,1.53,1.5,1.53,192000.0,0.0
00932.HK,2016-09-07,1.52,1.53,1.52,1.52,464000.0,0.0
00932.HK,2016-09-08,1.5,1.5,1.49,1.5,308000.0,0.0
00932.HK,2016-09-09,1.5,1.52,1.48,1.52,172000.0,0.0
00932.HK,2016-09-12,1.49,1.49,1.45,1.47,40000.0,0.0
00932.HK,2016-09-13,1.45,1.55,1.45,1.54,268000.0,0.0
00932.HK,2016-09-14,1.54,1.54,1.54,1.54,0.0,0.0
00932.HK,2016-09-15,1.49,1.57,1.49,1.56,40000.0,0.0
00932.HK,2016-09-19,1.57,1.57,1.55,1.55,8000.0,0.0
00932.HK,2016-09-20,1.44,1.56,1.44,1.56,304000.0,0.0
00932.HK,2016-09-21,1.56,1.56,1.56,1.56,0.0,0.0
00932.HK,2016-09-22,1.53,1.53,1.48,1.5,72000.0,0.0
00932.HK,2016-09-23,1.46,1.48,1.46,1.48,4000.0,0.0
00932.HK,2016-09-26,1.48,1.53,1.42,1.53,196000.0,0.0
00932.HK,2016-09-27,1.53,1.54,1.46,1.5,336000.0,0.0
00932.HK,2016-09-28,1.51,1.55,1.51,1.53,84000.0,0.0
00932.HK,2016-09-29,1.53,1.55,1.53,1.55,180000.0,0.0
00932.HK,2016-09-30,1.53,1.6,1.53,1.58,168000.0,0.0
00932.HK,2016-10-03,1.58,1.58,1.58,1.58,80000.0,0.0
00932.HK,2016-10-04,1.58,1.6,1.58,1.6,68000.0,0.0
00932.HK,2016-10-05,1.51,1.6,1.51,1.58,176000.0,0.0
00932.HK,2016-10-06,1.58,1.6,1.53,1.6,104000.0,0.0
00932.HK,2016-10-07,1.6,1.6,1.54,1.54,120000.0,0.0
00932.HK,2016-10-11,1.53,1.53,1.51,1.53,76000.0,0.0
00932.HK,2016-10-12,1.52,1.56,1.5,1.56,220000.0,0.0
00932.HK,2016-10-13,1.56,1.6,1.53,1.53,444000.0,0.0
00932.HK,2016-10-14,1.6,1.6,1.58,1.58,68000.0,0.0
00932.HK,2016-10-17,1.58,1.6,1.56,1.6,48000.0,0.0
00932.HK,2016-10-18,1.57,1.57,1.56,1.56,92000.0,0.0
00932.HK,2016-10-19,1.59,1.6,1.55,1.56,224000.0,0.0
00932.HK,2016-10-20,1.56,1.65,1.56,1.63,476000.0,0.0
00932.HK,2016-10-24,1.63,1.67,1.63,1.67,436000.0,0.0
00932.HK,2016-10-25,1.63,1.7,1.63,1.7,684000.0,0.0
00932.HK,2016-10-26,1.73,1.75,1.7,1.72,240000.0,0.0
00932.HK,2016-10-27,1.72,1.74,1.68,1.68,272000.0,0.0
00932.HK,2016-10-28,1.68,1.7,1.66,1.7,548000.0,0.0
00932.HK,2016-10-31,1.7,1.7,1.7,1.7,92000.0,0.0
00932.HK,2016-11-01,1.67,1.7,1.67,1.69,224000.0,0.0
00932.HK,2016-11-02,1.61,1.68,1.61,1.68,400000.0,0.0
00932.HK,2016-11-03,1.75,1.75,1.7,1.72,276000.0,0.0
00932.HK,2016-11-04,1.72,1.72,1.72,1.72,32000.0,0.0
00932.HK,2016-11-07,1.64,1.71,1.64,1.68,144000.0,0.0
00932.HK,2016-11-08,1.66,1.66,1.65,1.65,52000.0,0.0
00932.HK,2016-11-09,1.66,1.66,1.63,1.66,220000.0,0.0
00932.HK,2016-11-10,1.76,1.8,1.75,1.8,1228000.0,0.0
00932.HK,2016-11-11,1.8,2.0,1.8,1.98,16976000.0,0.0
00932.HK,2016-11-14,2.0,2.25,1.9,2.06,23704000.0,0.0
00932.HK,2016-11-15,2.09,2.17,2.06,2.13,12398000.0,0.0
00932.HK,2016-11-16,2.13,2.24,2.12,2.23,19550000.0,0.0
00932.HK,2016-11-17,2.22,2.32,2.2,2.29,20308280.0,0.0
00932.HK,2016-11-18,2.3,2.4,2.25,2.32,41066000.0,0.0
00932.HK,2016-11-21,2.34,2.56,2.33,2.55,48000000.0,0.0
00932.HK,2016-11-22,2.65,2.98,2.64,2.94,70279900.0,0.0
00932.HK,2016-11-23,2.99,3.08,2.5,2.96,65500400.0,0.0
00932.HK,2016-11-24,2.98,3.06,2.95,2.96,41326000.0,0.0
00932.HK,2016-11-25,2.97,3.08,2.9,2.93,37608000.0,0.0
00932.HK,2016-11-28,2.92,3.02,2.9,2.98,77180000.0,0.0
00932.HK,2016-11-29,2.98,3.07,2.93,3.0,43024000.0,0.0
00932.HK,2016-11-30,2.99,3.03,2.97,3.0,41140000.0,0.0
00932.HK,2016-12-01,3.0,3.04,2.94,2.98,35064000.0,0.0
00932.HK,2016-12-02,2.97,3.43,2.96,3.42,101290400.0,0.0
00932.HK,2016-12-05,3.46,3.6,2.26,3.37,99752000.0,0.0
00932.HK,2016-12-06,3.36,3.63,3.15,3.27,21310000.0,0.0
00932.HK,2016-12-07,3.27,3.38,3.27,3.29,24696000.0,0.0
00932.HK,2016-12-08,3.3,3.37,3.18,3.22,27948000.0,0.0
00932.HK,2016-12-09,3.21,3.4,3.21,3.28,28864000.0,0.0
00932.HK,2016-12-12,3.29,3.38,3.22,3.25,27600000.0,0.0
00932.HK,2016-12-13,3.25,3.3,3.22,3.24,25516000.0,0.0
00932.HK,2016-12-14,3.24,3.37,3.24,3.34,32080000.0,0.0
00932.HK,2016-12-15,3.34,3.5,3.14,3.35,67454000.0,0.0
00932.HK,2016-12-16,3.37,3.43,3.29,3.32,43298000.0,0.0
00932.HK,2016-12-19,3.31,3.34,3.28,3.3,25368000.0,0.0
00932.HK,2016-12-20,3.3,3.32,3.17,3.21,29410000.0,0.0
00932.HK,2016-12-21,3.22,3.31,3.22,3.29,47080000.0,0.0
00932.HK,2016-12-22,3.3,3.4,3.27,3.36,50048000.0,0.0
00932.HK,2016-12-23,3.35,3.37,3.33,3.37,27412000.0,0.0
00932.HK,2016-12-28,3.35,3.55,3.34,3.53,72676000.0,0.0
00932.HK,2016-12-29,3.53,3.64,3.2,3.53,77004000.0,0.0
00932.HK,2016-12-30,3.52,3.56,3.45,3.49,24328000.0,0.0
00932.HK,2017-01-03,3.5,3.5,3.39,3.44,37676000.0,0.0
00932.HK,2017-01-04,3.44,3.48,3.42,3.46,75596000.0,0.0
00932.HK,2017-01-05,3.45,3.47,3.42,3.43,53704000.0,0.0
00932.HK,2017-01-06,3.43,3.45,3.32,3.35,27044000.0,0.0
00932.HK,2017-01-09,3.36,3.43,3.36,3.38,47684000.0,0.0
00932.HK,2017-01-10,3.4,3.4,3.34,3.35,34416000.0,0.0
00932.HK,2017-01-11,3.34,3.36,3.09,3.12,43154000.0,0.0
00932.HK,2017-01-12,3.07,3.15,3.03,3.08,55784000.0,0.0
00932.HK,2017-01-13,3.08,3.15,3.06,3.09,43904000.0,0.0
00932.HK,2017-01-16,3.1,3.13,2.8,3.02,49592000.0,0.0
00932.HK,2017-01-17,3.05,3.25,3.01,3.17,55632000.0,0.0
00932.HK,2017-01-18,3.18,3.24,3.16,3.2,75552000.0,0.0
00932.HK,2017-01-19,3.22,3.33,3.21,3.29,62720000.0,0.0
00932.HK,2017-01-20,3.28,3.33,3.18,3.23,60684000.0,0.0
00932.HK,2017-01-23,3.23,3.3,3.18,3.25,56936000.0,0.0
00932.HK,2017-01-24,3.24,3.27,3.16,3.2,51436000.0,0.0
00932.HK,2017-01-25,3.2,3.24,3.17,3.2,29784000.0,0.0
00932.HK,2017-01-26,3.21,3.23,3.18,3.2,25188000.0,0.0
00932.HK,2017-01-27,3.19,3.21,3.17,3.2,7304000.0,0.0
00932.HK,2017-02-01,3.2,3.21,3.15,3.18,27333492.0,0.0
00932.HK,2017-02-02,3.19,3.23,3.18,3.22,56796000.0,0.0
00932.HK,2017-02-03,3.22,3.29,3.21,3.28,63720000.0,0.0
00932.HK,2017-02-06,3.29,3.33,3.2,3.24,35288000.0,0.0
00932.HK,2017-02-07,3.24,3.27,3.19,3.23,53624000.0,0.0
00932.HK,2017-02-08,3.23,3.25,3.21,3.24,54376000.0,0.0
00932.HK,2017-02-09,3.24,3.26,3.18,3.23,51064000.0,0.0
00932.HK,2017-02-10,3.22,3.26,3.22,3.25,51204000.0,0.0
00932.HK,2017-02-13,3.25,3.38,3.24,3.37,79946000.0,0.0
00932.HK,2017-02-14,3.38,3.55,3.38,3.54,112196000.0,0.0
00932.HK,2017-02-15,3.54,3.78,3.54,3.72,116992000.0,0.0
00932.HK,2017-02-16,3.72,3.82,3.65,3.73,123788010.0,0.0
00932.HK,2017-02-17,3.71,3.8,3.66,3.7,101304000.0,0.0
00932.HK,2017-02-20,3.71,3.78,3.46,3.52,81280000.0,0.0
00932.HK,2017-02-21,3.55,3.69,3.44,3.63,66624000.0,0.0
00932.HK,2017-02-22,3.63,3.73,3.58,3.63,97344000.0,0.0
00932.HK,2017-02-23,3.63,3.67,3.56,3.59,55784000.0,0.0
00932.HK,2017-02-24,3.59,3.62,3.53,3.59,48896000.0,0.0
00932.HK,2017-02-27,3.59,3.62,3.37,3.38,45440000.0,0.0
00932.HK,2017-02-28,3.4,3.5,3.25,3.4,79136000.0,0.0
00932.HK,2017-03-01,3.41,3.42,3.24,3.29,44256000.0,0.0
00932.HK,2017-03-02,3.3,3.32,3.22,3.23,56780000.0,0.0
00932.HK,2017-03-03,3.24,3.31,3.21,3.24,57700000.0,0.0
00932.HK,2017-03-06,3.24,3.27,3.11,3.13,41668000.0,0.0
00932.HK,2017-03-07,3.13,3.29,3.13,3.27,93172000.0,0.0
00932.HK,2017-03-08,3.28,3.4,3.27,3.38,71329200.0,0.0
00932.HK,2017-03-09,3.38,3.41,3.28,3.32,41924000.0,0.0
00932.HK,2017-03-10,3.31,3.4,3.31,3.36,65372000.0,0.0
00932.HK,2017-03-13,3.35,3.41,3.35,3.37,67136000.0,0.0
00932.HK,2017-03-14,3.38,3.67,3.37,3.66,55972000.0,0.0
00932.HK,2017-03-15,3.7,4.06,3.7,3.92,98372000.0,0.0
00932.HK,2017-03-16,3.93,3.99,3.92,3.97,71623500.0,0.0
00932.HK,2017-03-17,4.01,4.29,4.0,4.28,90205500.0,0.0
00932.HK,2017-03-20,4.32,4.46,4.27,4.36,76383213.0,0.0
00932.HK,2017-03-21,4.37,4.44,4.0,4.36,56384000.0,0.0
00932.HK,2017-03-22,4.36,4.63,4.35,4.49,61144000.0,0.0
00932.HK,2017-03-23,4.5,4.58,4.43,4.43,32656000.0,0.0
00932.HK,2017-03-24,4.44,4.53,4.39,4.4,50184000.0,0.0
00932.HK,2017-03-27,4.4,4.48,4.28,4.36,45264000.0,0.0
00932.HK,2017-03-28,4.38,4.65,4.38,4.62,87334000.0,0.0
00932.HK,2017-03-29,4.67,4.67,4.46,4.5,37898000.0,0.0
00932.HK,2017-03-30,4.51,4.59,4.4,4.45,42952000.0,0.0
00932.HK,2017-03-31,4.46,4.49,4.38,4.49,44768000.0,0.0
00932.HK,2017-04-03,4.5,4.69,4.5,4.55,50596000.0,0.0
00932.HK,2017-04-05,4.55,4.61,4.43,4.48,34624000.0,0.0
00932.HK,2017-04-06,4.5,4.51,4.37,4.41,34072000.0,0.0
00932.HK,2017-04-07,4.41,4.42,4.23,4.33,29676000.0,0.0
00932.HK,2017-04-10,4.33,4.38,4.33,4.36,45900000.0,0.0
00932.HK,2017-04-11,4.37,4.44,4.37,4.4,44924000.0,0.0
00932.HK,2017-04-12,4.43,4.46,3.96,4.29,35376000.0,0.0
00932.HK,2017-04-13,4.32,4.48,4.32,4.47,50272000.0,0.0
00932.HK,2017-04-18,4.48,4.55,4.48,4.5,51204000.0,0.0
00932.HK,2017-04-19,4.5,4.55,4.46,4.48,34952000.0,0.0
00932.HK,2017-04-20,4.49,4.52,4.32,4.36,31740000.0,0.0
00932.HK,2017-04-21,4.37,4.46,4.37,4.44,56008000.0,0.0
00932.HK,2017-04-24,4.43,4.44,4.21,4.33,35464000.0,0.0
00932.HK,2017-04-25,4.35,4.38,4.2,4.32,38812000.0,0.0
00932.HK,2017-04-26,4.33,4.34,4.24,4.31,40724000.0,0.0
00932.HK,2017-04-27,4.32,4.34,4.29,4.31,37124000.0,0.0
00932.HK,2017-04-28,4.31,4.41,4.27,4.3,42484000.0,0.0
00932.HK,2017-05-02,4.29,4.36,4.29,4.35,37764000.0,0.0
00932.HK,2017-05-04,4.35,4.4,4.34,4.38,43454000.0,0.0
00932.HK,2017-05-05,4.38,4.4,4.36,4.39,35210000.0,0.0
00932.HK,2017-05-08,4.39,4.45,4.27,4.3,31048500.0,0.0
00932.HK,2017-05-09,4.3,4.37,4.26,4.37,36016000.0,0.0
00932.HK,2017-05-10,4.37,4.4,4.35,4.37,42336000.0,0.0
00932.HK,2017-05-11,4.38,4.39,4.32,4.36,29000000.0,0.0
00932.HK,2017-05-12,4.36,4.74,4.34,4.66,58768500.0,0.0
00932.HK,2017-05-15,4.67,4.83,4.65,4.74,42058000.0,0.0
00932.HK,2017-05-16,4.74,4.81,4.64,4.76,27932000.0,0.0
00932.HK,2017-05-17,4.77,4.78,4.68,4.72,22752000.0,0.0
00932.HK,2017-05-18,4.7,4.74,4.61,4.67,20156000.0,0.0
00932.HK,2017-05-19,4.69,4.79,4.68,4.72,31052000.0,0.0
00932.HK,2017-05-22,4.72,4.75,4.68,4.7,18484000.0,0.0
00932.HK,2017-05-23,4.7,4.73,4.48,4.51,23804000.0,0.0
00932.HK,2017-05-24,4.52,4.57,4.5,4.56,33708000.0,0.0
00932.HK,2017-05-25,4.56,4.58,4.45,4.48,25672000.0,0.0
00932.HK,2017-05-26,4.48,4.5,4.45,4.49,21588000.0,0.0
00932.HK,2017-05-29,4.49,4.51,4.33,4.35,19140000.0,0.0
00932.HK,2017-05-31,4.35,4.38,4.09,4.15,16532000.0,0.0
00932.HK,2017-06-01,4.15,4.29,4.14,4.24,26488000.0,0.0
00932.HK,2017-06-02,4.25,4.25,4.09,4.14,21512000.0,0.0
00932.HK,2017-06-05,4.16,4.2,3.84,4.01,26662000.0,0.0
00932.HK,2017-06-06,4.0,4.11,3.98,4.0,20648000.0,0.0
00932.HK,2017-06-07,4.02,4.1,3.98,4.01,29148000.0,0.0
00932.HK,2017-06-08,4.0,4.3,4.0,4.18,27956000.0,0.0
00932.HK,2017-06-09,4.2,4.23,4.04,4.1,22212000.0,0.0
00932.HK,2017-06-12,4.11,4.51,4.11,4.51,42116000.0,0.0
00932.HK,2017-06-13,4.51,4.62,4.47,4.55,32428000.0,0.0
00932.HK,2017-06-14,4.55,4.59,4.42,4.49,22252000.0,0.0
00932.HK,2017-06-15,4.49,4.5,4.42,4.48,24916000.0,0.0
00932.HK,2017-06-16,4.49,4.58,4.49,4.52,32952000.0,0.0
00932.HK,2017-06-19,4.51,4.55,4.45,4.55,24046000.0,0.0
00932.HK,2017-06-20,4.55,4.58,4.53,4.57,24360000.0,0.0
00932.HK,2017-06-21,4.55,4.57,4.49,4.53,21572000.0,0.0
00932.HK,2017-06-22,4.53,4.56,4.46,4.55,30300000.0,0.0
00932.HK,2017-06-23,4.55,4.87,4.54,4.81,31714000.0,0.0
00932.HK,2017-06-26,4.81,5.25,4.78,5.24,26536000.0,0.0
00932.HK,2017-06-27,5.33,5.42,4.95,5.09,27108000.0,0.0
00932.HK,2017-06-28,5.09,5.22,4.9,5.04,16616000.0,0.0
00932.HK,2017-06-29,5.0,5.18,5.0,5.08,18296000.0,0.0
00932.HK,2017-06-30,5.17,5.44,5.08,5.32,25696000.0,0.0
00932.HK,2017-07-03,5.45,6.14,5.45,6.05,33634000.0,0.0
00932.HK,2017-07-04,6.1,6.17,5.7,5.94,16932000.0,0.0
00932.HK,2017-07-05,5.95,6.42,5.95,6.41,41820000.0,0.0
00932.HK,2017-07-06,6.41,6.91,6.38,6.9,30288374.0,0.0
00932.HK,2017-07-07,6.97,7.09,6.61,7.08,32351408.0,0.0
00932.HK,2017-07-10,7.05,7.08,6.8,6.94,25121997.0,0.0
00932.HK,2017-07-11,6.96,7.0,6.78,6.92,22092000.0,0.0
00932.HK,2017-07-12,6.91,7.0,6.81,6.85,16540000.0,0.0
00932.HK,2017-07-13,6.86,7.18,6.85,7.15,28580000.0,0.0
00932.HK,2017-07-14,7.17,7.2,6.88,7.15,23572000.0,0.0
00932.HK,2017-07-17,7.15,7.19,7.06,7.09,16944000.0,0.0
00932.HK,2017-07-18,7.09,7.12,6.98,7.08,14468000.0,0.0
00932.HK,2017-07-19,7.08,7.08,6.98,7.05,16984000.0,0.0
00932.HK,2017-07-20,7.05,7.11,6.9,7.02,15560000.0,0.0
00932.HK,2017-07-21,7.02,7.06,6.6,6.73,14180000.0,0.0
00932.HK,2017-07-24,6.72,6.92,6.62,6.87,19756000.0,0.0
00932.HK,2017-07-25,6.91,6.92,6.65,6.78,17688000.0,0.0
00932.HK,2017-07-26,6.77,6.91,6.76,6.86,17988000.0,0.0
00932.HK,2017-07-27,6.87,7.02,6.76,7.02,27748000.0,0.0
00932.HK,2017-07-28,7.03,7.09,6.93,7.0,14528000.0,0.0
00932.HK,2017-07-31,7.0,7.28,6.99,7.28,25796000.0,0.0
00932.HK,2017-08-01,7.29,7.36,7.27,7.36,27584000.0,0.0
00932.HK,2017-08-02,7.35,7.43,7.19,7.22,16588000.0,0.0
00932.HK,2017-08-03,7.23,7.35,7.12,7.22,17932000.0,0.0
00932.HK,2017-08-04,7.22,7.33,7.17,7.2,27328000.0,0.0
00932.HK,2017-08-07,7.2,7.33,7.19,7.33,22096000.0,0.0
00932.HK,2017-08-08,7.32,7.48,7.32,7.41,27866000.0,0.0
00932.HK,2017-08-09,7.41,7.46,7.27,7.3,14436000.0,0.0
00932.HK,2017-08-10,7.31,7.45,7.1,7.44,26172000.0,0.0
00932.HK,2017-08-11,7.43,7.43,7.12,7.19,15068000.0,0.0
00932.HK,2017-08-14,7.21,7.34,7.13,7.31,26052221.0,0.0
00932.HK,2017-08-15,7.3,7.42,7.3,7.41,14188000.0,0.0
00932.HK,2017-08-16,7.41,7.49,7.4,7.43,14076000.0,0.0
00932.HK,2017-08-17,7.43,7.78,7.43,7.77,38500000.0,0.0
00932.HK,2017-08-18,7.75,7.77,7.57,7.65,13316000.0,0.0
00932.HK,2017-08-21,7.66,7.88,7.59,7.8,23190000.0,0.0
00932.HK,2017-08-22,7.81,7.84,7.41,7.55,22672000.0,0.0
00932.HK,2017-08-24,7.53,7.56,7.35,7.55,20808003.0,0.0
00932.HK,2017-08-25,7.55,7.63,7.45,7.54,11960000.0,0.0
00932.HK,2017-08-28,7.52,7.54,7.3,7.32,18688000.0,0.0
00932.HK,2017-08-29,7.33,7.47,6.96,7.38,21016000.0,0.0
00932.HK,2017-08-30,7.37,7.39,7.21,7.29,15188000.0,0.0
00932.HK,2017-08-31,7.29,7.35,7.23,7.27,15116000.0,0.0
00932.HK,2017-09-01,7.27,7.37,7.27,7.35,14624000.0,0.0
00932.HK,2017-09-04,7.35,7.37,7.2,7.31,31806000.0,0.0
00932.HK,2017-09-05,7.31,7.34,7.24,7.29,14004000.0,0.0
00932.HK,2017-09-06,7.27,7.31,7.17,7.21,14660000.0,0.0
00932.HK,2017-09-07,7.23,7.39,7.13,7.31,20628000.0,0.0
00932.HK,2017-09-08,7.3,7.35,7.26,7.31,21272000.0,0.0
00932.HK,2017-09-11,7.3,7.35,7.24,7.26,14988013.0,0.0
00932.HK,2017-09-12,7.26,7.27,7.05,7.13,15816000.0,0.0
00932.HK,2017-09-13,7.22,7.36,7.12,7.31,26572000.0,0.0
00932.HK,2017-09-14,7.3,7.42,7.3,7.39,20148000.0,0.0
00932.HK,2017-09-15,7.4,7.45,7.33,7.42,14680000.0,0.0
00932.HK,2017-09-18,7.41,7.43,7.3,7.33,14268000.0,0.0
00932.HK,2017-09-19,7.33,7.38,7.24,7.33,19832000.0,0.0
00932.HK,2017-09-20,7.34,7.36,7.25,7.32,14114000.0,0.0
00932.HK,2017-09-21,7.3,7.33,7.23,7.28,8520000.0,0.0
00932.HK,2017-09-22,7.28,7.42,7.16,7.38,22640000.0,0.0
00932.HK,2017-09-25,7.4,7.49,7.38,7.42,21280000.0,0.0
00932.HK,2017-09-26,7.4,7.44,7.33,7.4,17138000.0,0.0
00932.HK,2017-09-27,7.4,7.46,7.39,7.41,21072000.0,0.0
00932.HK,2017-09-28,7.4,7.45,7.4,7.44,16020000.0,0.0
00932.HK,2017-09-29,7.43,7.48,7.42,7.48,21260000.0,0.0
00932.HK,2017-10-03,7.48,7.58,7.48,7.57,15036000.0,0.0
00932.HK,2017-10-04,7.56,7.63,7.56,7.61,16805000.0,0.0
00932.HK,2017-10-06,7.6,7.66,7.45,7.63,24320000.0,0.0
00932.HK,2017-10-09,7.62,7.63,7.4,7.5,13064000.0,0.0
00932.HK,2017-10-10,7.49,7.6,7.12,7.33,37464000.0,0.0
00932.HK,2017-10-11,7.33,7.35,6.95,7.04,26956000.0,0.0
00932.HK,2017-10-12,7.05,7.17,6.91,7.0,21720000.0,0.0
00932.HK,2017-10-13,7.0,7.08,6.94,7.07,26032000.0,0.0
00932.HK,2017-10-16,7.08,7.15,6.91,7.14,25932000.0,0.0
00932.HK,2017-10-17,7.14,7.22,6.88,6.92,14452000.0,0.0
00932.HK,2017-10-18,6.9,6.98,6.86,6.94,19636000.0,0.0
00932.HK,2017-10-19,6.94,6.99,6.93,6.98,16356000.0,0.0
00932.HK,2017-10-20,7.0,7.0,6.9,6.94,13264000.0,0.0
00932.HK,2017-10-23,6.92,6.98,6.5,6.95,42750000.0,0.0
00932.HK,2017-10-24,6.94,6.95,6.47,6.57,16760000.0,0.0
00932.HK,2017-10-25,6.57,6.62,6.21,6.32,14292000.0,0.0
00932.HK,2017-10-26,6.32,6.65,6.1,6.64,20830000.0,0.0
00932.HK,2017-10-27,6.62,6.69,6.61,6.66,17120000.0,0.0
00932.HK,2017-10-30,6.67,6.81,6.67,6.8,24988000.0,0.0
00932.HK,2017-10-31,6.8,6.8,6.53,6.7,16436000.0,0.0
00932.HK,2017-11-01,6.69,6.77,6.58,6.76,20576000.0,0.0
00932.HK,2017-11-02,6.77,6.86,6.76,6.84,18266000.0,0.0
00932.HK,2017-11-03,6.84,6.88,6.84,6.87,15472000.0,0.0
00932.HK,2017-11-06,6.88,6.9,6.84,6.87,13772000.0,0.0
00932.HK,2017-11-07,6.87,6.98,6.86,6.9,20412000.0,0.0
00932.HK,2017-11-08,6.9,6.95,6.88,6.9,14024000.0,0.0
00932.HK,2017-11-09,6.9,6.94,6.85,6.93,15864000.0,0.0
00932.HK,2017-11-10,6.93,6.97,6.93,6.95,14205000.0,0.0
00932.HK,2017-11-13,6.93,7.06,6.93,7.05,19768000.0,0.0
00932.HK,2017-11-14,7.05,7.08,7.03,7.08,12184000.0,0.0
00932.HK,2017-11-15,7.09,7.15,7.08,7.12,25087000.0,0.0
00932.HK,2017-11-16,7.12,7.21,7.12,7.2,39748000.0,0.0
00932.HK,2017-11-17,7.2,7.27,7.19,7.26,24224000.0,0.0
00932.HK,2017-11-20,7.26,7.34,7.25,7.33,29468013.0,0.0
00932.HK,2017-11-21,7.33,7.37,7.33,7.35,22868000.0,0.0
00932.HK,2017-11-22,7.35,7.36,7.0,7.22,19320000.0,0.0
00932.HK,2017-11-23,7.22,7.26,7.16,7.18,15288000.0,0.0
00932.HK,2017-11-24,7.17,7.33,7.17,7.3,29400000.0,0.0
00932.HK,2017-11-27,7.31,7.43,7.3,7.36,37672000.0,0.0
00932.HK,2017-11-28,7.36,7.38,7.07,7.13,20420000.0,0.0
00932.HK,2017-11-29,7.13,7.24,7.07,7.17,19832000.0,0.0
00932.HK,2017-11-30,7.2,7.2,6.87,7.09,18768000.0,0.0
00932.HK,2017-12-01,7.09,7.1,6.59,6.83,19288000.0,0.0
00932.HK,2017-12-04,6.81,6.89,6.57,6.62,15856000.0,0.0
00932.HK,2017-12-05,1.66,1.68,1.63,1.64,30128000.0,0.0
00932.HK,2017-12-06,1.64,1.76,1.64,1.66,62016000.0,0.0
00932.HK,2017-12-07,1.67,1.7,1.56,1.68,52448000.0,0.0
00932.HK,2017-12-08,1.68,1.68,1.59,1.62,43520000.0,0.0
00932.HK,2017-12-11,1.61,1.62,1.56,1.58,48752000.0,0.0
00932.HK,2017-12-12,1.6,1.64,1.49,1.61,43744000.0,0.0
00932.HK,2017-12-13,1.6,1.62,1.54,1.6,27564000.0,0.0
00932.HK,2017-12-14,1.59,1.62,1.55,1.61,28490000.0,0.0
00932.HK,2017-12-15,1.6,1.68,1.54,1.6,89024000.0,0.0
00932.HK,2017-12-18,1.62,1.64,1.59,1.61,37668000.0,0.0
00932.HK,2017-12-19,1.61,1.62,1.53,1.59,17112000.0,0.0
00932.HK,2017-12-20,1.61,1.62,1.54,1.61,40364000.0,0.0
00932.HK,2017-12-21,1.6,1.6,1.38,1.41,59816000.0,0.0
00932.HK,2017-12-22,1.4,1.4,1.06,1.22,173504000.0,0.0
00932.HK,2017-12-27,1.22,1.22,1.14,1.15,46924000.0,0.0
00932.HK,2017-12-28,1.15,1.16,1.12,1.13,53396000.0,0.0
00932.HK,2017-12-29,1.15,1.18,1.15,1.16,71564000.0,0.0
00932.HK,2018-01-02,1.16,1.21,1.13,1.16,81496000.0,0.0
00932.HK,2018-01-03,1.16,1.18,1.14,1.16,41240000.0,0.0
00932.HK,2018-01-04,1.16,1.19,1.15,1.19,83960000.0,0.0
00932.HK,2018-01-05,1.2,1.21,1.15,1.17,78756000.0,0.0
00932.HK,2018-01-08,1.17,1.18,1.14,1.16,13532000.0,0.0
00932.HK,2018-01-09,1.16,1.17,1.11,1.12,19304000.0,0.0
00932.HK,2018-01-10,1.12,1.16,1.12,1.15,78228000.0,0.0
00932.HK,2018-01-11,1.16,1.16,1.13,1.15,46440000.0,0.0
00932.HK,2018-01-12,1.15,1.17,1.14,1.17,65620000.0,0.0
00932.HK,2018-01-15,1.17,1.19,1.16,1.18,99195415.0,0.0
00932.HK,2018-01-16,1.18,1.19,1.15,1.17,79656000.0,0.0
00932.HK,2018-01-17,1.17,1.18,1.16,1.18,69476000.0,0.0
00932.HK,2018-01-18,1.18,1.18,1.15,1.17,55088000.0,0.0
00932.HK,2018-01-19,1.17,1.18,1.16,1.17,58112000.0,0.0
00932.HK,2018-01-22,1.17,1.18,1.15,1.17,50684000.0,0.0
00932.HK,2018-01-23,1.17,1.25,1.17,1.21,147324512.0,0.0
00932.HK,2018-01-24,1.21,1.25,1.21,1.24,159032000.0,0.0
00932.HK,2018-01-25,1.24,1.31,1.24,1.3,151084000.0,0.0
00932.HK,2018-01-26,1.3,1.31,1.22,1.25,122940000.0,0.0
00932.HK,2018-01-29,1.26,1.27,1.24,1.26,97169000.0,0.0
00932.HK,2018-01-30,1.26,1.32,1.25,1.32,149320000.0,0.0
00932.HK,2018-01-31,1.32,1.36,1.31,1.33,151760000.0,0.0
00932.HK,2018-02-01,1.34,1.36,1.32,1.34,89772000.0,0.0
00932.HK,2018-02-02,1.34,1.35,1.32,1.34,81624000.0,0.0
00932.HK,2018-02-05,1.32,1.32,1.25,1.28,57028000.0,0.0
00932.HK,2018-02-06,1.24,1.24,1.1,1.17,69032000.0,0.0
00932.HK,2018-02-07,1.19,1.22,1.17,1.19,119204000.0,0.0
00932.HK,2018-02-08,1.19,1.21,1.17,1.19,148152000.0,0.0
00932.HK,2018-02-09,1.17,1.17,1.11,1.15,76936000.0,0.0
00932.HK,2018-02-12,1.15,1.17,1.11,1.13,70932000.0,0.0
00932.HK,2018-02-13,1.13,1.15,1.09,1.13,102396000.0,0.0
00932.HK,2018-02-14,1.13,1.15,1.1,1.12,91048000.0,0.0
00932.HK,2018-02-15,1.12,1.13,1.11,1.13,36304000.0,0.0
00932.HK,2018-02-20,1.14,1.16,1.13,1.15,87304000.0,0.0
00932.HK,2018-02-21,1.15,1.16,1.13,1.15,71640000.0,0.0
00932.HK,2018-02-22,1.15,1.18,1.15,1.17,115436000.0,0.0
00932.HK,2018-02-23,1.17,1.21,1.17,1.2,129372000.0,0.0
00932.HK,2018-02-26,1.2,1.26,1.2,1.24,125008000.0,0.0
00932.HK,2018-02-27,1.25,1.26,1.19,1.22,131092000.0,0.0
00932.HK,2018-02-28,1.22,1.23,1.19,1.2,45156000.0,0.0
00932.HK,2018-03-01,1.2,1.23,1.19,1.21,126420000.0,0.0
00932.HK,2018-03-02,1.2,1.21,1.16,1.19,60332000.0,0.0
00932.HK,2018-03-05,1.19,1.2,1.16,1.17,70124000.0,0.0
00932.HK,2018-03-06,1.17,1.2,1.17,1.18,87880000.0,0.0
00932.HK,2018-03-07,1.18,1.21,1.17,1.19,73504000.0,0.0
00932.HK,2018-03-08,1.18,1.23,1.15,1.16,88260000.0,0.0
00932.HK,2018-03-09,1.16,1.2,1.14,1.17,100400000.0,0.0
00932.HK,2018-03-12,1.17,1.19,1.14,1.16,81872000.0,0.0
00932.HK,2018-03-13,1.15,1.2,1.15,1.17,106508000.0,0.0
00932.HK,2018-03-14,1.17,1.18,1.15,1.16,73156000.0,0.0
00932.HK,2018-03-15,1.16,1.17,1.14,1.16,69160000.0,0.0
00932.HK,2018-03-16,1.16,1.16,1.14,1.16,60960000.0,0.0
00932.HK,2018-03-19,1.16,1.21,1.16,1.2,84112000.0,0.0
00932.HK,2018-03-20,1.2,1.22,1.18,1.2,93108000.0,0.0
00932.HK,2018-03-21,1.2,1.22,1.18,1.19,91388000.0,0.0
00932.HK,2018-03-22,1.19,1.2,1.17,1.18,73228000.0,0.0
00932.HK,2018-03-23,1.17,1.17,1.15,1.16,65780000.0,0.0
00932.HK,2018-03-26,1.16,1.17,1.14,1.15,110940000.0,0.0
00932.HK,2018-03-27,1.15,1.18,1.14,1.16,117140000.0,0.0
00932.HK,2018-03-28,1.16,1.17,1.13,1.15,77596000.0,0.0
00932.HK,2018-03-29,1.14,1.16,1.13,1.15,54056000.0,0.0
00932.HK,2018-04-03,1.14,1.15,1.12,1.13,39488000.0,0.0
00932.HK,2018-04-04,1.13,1.14,1.05,1.11,52424000.0,0.0
00932.HK,2018-04-06,1.11,1.14,1.11,1.12,52344000.0,0.0
00932.HK,2018-04-09,1.13,1.14,1.11,1.13,55528000.0,0.0
00932.HK,2018-04-10,1.12,1.13,1.09,1.1,42796000.0,0.0
00932.HK,2018-04-11,1.1,1.12,1.08,1.1,78932000.0,0.0
00932.HK,2018-04-12,1.1,1.12,1.09,1.1,37880000.0,0.0
00932.HK,2018-04-13,1.1,1.12,1.09,1.1,50012000.0,0.0
00932.HK,2018-04-16,1.1,1.11,1.07,1.11,38680000.0,0.0
00932.HK,2018-04-17,1.11,1.21,1.1,1.17,94126000.0,0.0
00932.HK,2018-04-18,1.17,1.23,1.17,1.18,107292000.0,0.0
00932.HK,2018-04-19,1.18,1.2,1.14,1.16,61536000.0,0.0
00932.HK,2018-04-20,1.16,1.17,1.13,1.15,42644000.0,0.0
00932.HK,2018-04-23,1.16,1.17,1.12,1.14,49276000.0,0.0
00932.HK,2018-04-24,1.14,1.15,1.12,1.14,36680000.0,0.0
00932.HK,2018-04-25,1.13,1.13,1.11,1.12,33508000.0,0.0
00932.HK,2018-04-26,1.12,1.13,1.1,1.12,37356000.0,0.0
00932.HK,2018-04-27,1.13,1.14,1.11,1.13,43868000.0,0.0
00932.HK,2018-04-30,1.12,1.13,1.1,1.11,42756000.0,0.0
00932.HK,2018-05-02,1.11,1.11,1.09,1.1,44696000.0,0.0
00932.HK,2018-05-03,1.1,1.1,1.06,1.08,46016000.0,0.0
00932.HK,2018-05-04,1.09,1.09,1.06,1.08,43800000.0,0.0
00932.HK,2018-05-07,1.08,1.08,1.03,1.05,53580000.0,0.0
00932.HK,2018-05-08,1.04,1.09,1.03,1.09,87100000.0,0.0
00932.HK,2018-05-09,1.09,1.11,1.03,1.05,41140000.0,0.0
00932.HK,2018-05-10,1.05,1.06,1.04,1.05,35600000.0,0.0
00932.HK,2018-05-11,1.05,1.06,1.04,1.05,23780000.0,0.0
00932.HK,2018-05-14,1.05,1.07,1.04,1.05,41304000.0,0.0
00932.HK,2018-05-15,1.05,1.06,1.03,1.05,32368000.0,0.0
00932.HK,2018-05-16,1.05,1.05,1.02,1.04,33304000.0,0.0
00932.HK,2018-05-17,1.03,1.04,0.97,0.98,44604000.0,0.0
00932.HK,2018-05-18,0.99,1.08,0.95,1.04,91156000.0,0.0
00932.HK,2018-05-21,1.06,1.11,1.02,1.04,42616000.0,0.0
00932.HK,2018-05-23,1.04,1.09,1.03,1.08,42084000.0,0.0
00932.HK,2018-05-24,1.07,1.07,1.03,1.04,21892000.0,0.0
00932.HK,2018-05-25,1.03,1.05,1.01,1.05,12044000.0,0.0
00932.HK,2018-05-28,1.04,1.06,1.02,1.03,25580000.0,0.0
00932.HK,2018-05-29,1.03,1.04,1.01,1.03,38744000.0,0.0
00932.HK,2018-05-30,1.03,1.03,1.0,1.01,28912000.0,0.0
00932.HK,2018-05-31,1.01,1.04,0.99,1.0,32068000.0,0.0
00932.HK,2018-06-01,1.0,1.02,1.0,1.01,32104000.0,0.0
00932.HK,2018-06-04,1.01,1.03,1.01,1.02,25004000.0,0.0
00932.HK,2018-06-05,1.02,1.06,1.02,1.05,65684000.0,0.0
00932.HK,2018-06-06,1.05,1.06,1.04,1.06,26660000.0,0.0
00932.HK,2018-06-07,1.06,1.07,1.04,1.05,22464000.0,0.0
00932.HK,2018-06-08,1.06,1.11,1.04,1.05,34820000.0,0.0
00932.HK,2018-06-11,1.05,1.06,1.02,1.04,30592000.0,0.0
00932.HK,2018-06-12,1.04,1.05,1.02,1.02,29652000.0,0.0
00932.HK,2018-06-13,1.02,1.03,1.0,1.01,16052001.0,0.0
00932.HK,2018-06-14,1.01,1.02,0.99,1.0,28416000.0,0.0
00932.HK,2018-06-15,1.0,1.01,0.99,1.0,8048000.0,0.0
00932.HK,2018-06-19,1.0,1.01,0.93,0.98,34320000.0,0.0
00932.HK,2018-06-20,0.98,1.0,0.96,0.97,26736000.0,0.0
00932.HK,2018-06-21,0.97,0.98,0.95,0.96,24008000.0,0.0
00932.HK,2018-06-22,0.96,0.96,0.94,0.96,24732000.0,0.0
00932.HK,2018-06-25,0.96,0.98,0.93,0.94,7724000.0,0.0
00932.HK,2018-06-26,0.95,0.95,0.64,0.7,72552000.0,0.0
00932.HK,2018-06-27,0.7,0.71,0.33,0.335,248858000.0,0.0
00932.HK,2018-06-28,0.345,0.405,0.3,0.32,144524000.0,0.0
00932.HK,2018-06-29,0.33,0.34,0.31,0.325,55036000.0,0.0
00932.HK,2018-07-03,0.33,0.36,0.32,0.325,38164000.0,0.0
00932.HK,2018-07-04,0.33,0.335,0.28,0.3,34087184.0,0.0
00932.HK,2018-07-05,0.3,0.3,0.275,0.295,29344000.0,0.0
00932.HK,2018-07-06,0.295,0.31,0.275,0.3,24984000.0,0.0
00932.HK,2018-07-09,0.295,0.315,0.295,0.31,13936000.0,0.0
00932.HK,2018-07-10,0.305,0.31,0.3,0.305,5860000.0,0.0
00932.HK,2018-07-11,0.305,0.305,0.29,0.305,10508000.0,0.0
00932.HK,2018-07-12,0.3,0.31,0.295,0.305,12004000.0,0.0
00932.HK,2018-07-13,0.305,0.31,0.3,0.305,10920000.0,0.0
00932.HK,2018-07-16,0.305,0.31,0.3,0.305,11852000.0,0.0
00932.HK,2018-07-17,0.305,0.31,0.3,0.31,10204000.0,0.0
00932.HK,2018-07-18,0.305,0.31,0.3,0.31,9468000.0,0.0
00932.HK,2018-07-19,0.305,0.315,0.305,0.315,8656000.0,0.0
00932.HK,2018-07-20,0.31,0.315,0.295,0.305,9600000.0,0.0
00932.HK,2018-07-23,0.3,0.305,0.295,0.3,11436000.0,0.0
00932.HK,2018-07-24,0.3,0.305,0.295,0.305,8124000.0,0.0
00932.HK,2018-07-25,0.305,0.375,0.305,0.36,51592000.0,0.0
00932.HK,2018-07-26,0.36,0.36,0.325,0.33,14140000.0,0.0
00932.HK,2018-07-27,0.33,0.335,0.305,0.315,10720000.0,0.0
00932.HK,2018-07-30,0.315,0.32,0.31,0.315,4884000.0,0.0
00932.HK,2018-07-31,0.315,0.32,0.29,0.305,14848000.0,0.0
00932.HK,2018-08-01,0.305,0.305,0.29,0.3,10568000.0,0.0
00932.HK,2018-08-02,0.295,0.3,0.28,0.295,10780000.0,0.0
00932.HK,2018-08-03,0.3,0.31,0.295,0.3,14016000.0,0.0
00932.HK,2018-08-06,0.3,0.3,0.295,0.3,7352000.0,0.0
00932.HK,2018-08-07,0.295,0.31,0.29,0.3,18016000.0,0.0
00932.HK,2018-08-08,0.3,0.3,0.29,0.3,10768000.0,0.0
00932.HK,2018-08-09,0.295,0.3,0.295,0.3,12748000.0,0.0
00932.HK,2018-08-10,0.295,0.3,0.29,0.3,7800000.0,0.0
00932.HK,2018-08-13,0.3,0.3,0.29,0.3,11836000.0,0.0
00932.HK,2018-08-14,0.3,0.3,0.29,0.3,13392000.0,0.0
00932.HK,2018-08-15,0.3,0.3,0.285,0.29,12516000.0,0.0
00932.HK,2018-08-16,0.29,0.3,0.285,0.3,11072000.0,0.0
00932.HK,2018-08-17,0.3,0.3,0.285,0.295,14964000.0,0.0
00932.HK,2018-08-20,0.29,0.3,0.29,0.3,8560000.0,0.0
00932.HK,2018-08-21,0.295,0.3,0.295,0.3,13624000.0,0.0
00932.HK,2018-08-22,0.295,0.3,0.285,0.29,7364000.0,0.0
00932.HK,2018-08-23,0.285,0.295,0.28,0.29,8540000.0,0.0
00932.HK,2018-08-24,0.29,0.29,0.28,0.285,12832000.0,0.0
00932.HK,2018-08-27,0.28,0.29,0.28,0.285,1408000.0,0.0
00932.HK,2018-08-28,0.285,0.285,0.27,0.275,11812000.0,0.0
00932.HK,2018-08-29,0.275,0.28,0.26,0.275,5984000.0,0.0
00932.HK,2018-08-30,0.275,0.275,0.26,0.265,5816000.0,0.0
00932.HK,2018-08-31,0.265,0.275,0.25,0.26,8148000.0,0.0
00932.HK,2018-09-03,0.26,0.265,0.25,0.265,9504000.0,0.0
00932.HK,2018-09-04,0.26,0.26,0.255,0.26,440000.0,0.0
00932.HK,2018-09-05,0.26,0.26,0.241,0.241,27608000.0,0.0
00932.HK,2018-09-06,0.241,0.255,0.239,0.247,24924000.0,0.0
00932.HK,2018-09-07,0.25,0.265,0.246,0.25,26924000.0,0.0
00932.HK,2018-09-10,0.25,0.26,0.249,0.26,20488000.0,0.0
00932.HK,2018-09-11,0.26,0.27,0.255,0.265,18920000.0,0.0
00932.HK,2018-09-12,0.265,0.275,0.26,0.27,25404000.0,0.0
00932.HK,2018-09-13,0.27,0.275,0.26,0.27,21324000.0,0.0
00932.HK,2018-09-14,0.265,0.27,0.26,0.265,18796000.0,0.0
00932.HK,2018-09-17,0.26,0.27,0.26,0.27,19276000.0,0.0
00932.HK,2018-09-18,0.27,0.275,0.27,0.27,17592000.0,0.0
00932.HK,2018-09-19,0.27,0.27,0.26,0.265,16392000.0,0.0
00932.HK,2018-09-20,0.265,0.27,0.26,0.27,23400000.0,0.0
00932.HK,2018-09-21,0.265,0.27,0.255,0.255,26084000.0,0.0
00932.HK,2018-09-24,0.255,0.26,0.255,0.26,17284000.0,0.0
00932.HK,2018-09-26,0.26,0.265,0.255,0.26,19404000.0,0.0
00932.HK,2018-09-27,0.26,0.265,0.249,0.255,17628000.0,0.0
00932.HK,2018-09-28,0.25,0.255,0.246,0.255,8912000.0,0.0
00932.HK,2018-10-02,0.255,0.26,0.25,0.255,20608000.0,0.0
00932.HK,2018-10-03,0.26,0.26,0.25,0.26,18732000.0,0.0
00932.HK,2018-10-04,0.255,0.26,0.255,0.26,21744000.0,0.0
00932.HK,2018-10-05,0.255,0.26,0.25,0.26,24396000.0,0.0
00932.HK,2018-10-08,0.26,0.28,0.255,0.26,24124000.0,0.0
00932.HK,2018-10-09,0.26,0.26,0.249,0.255,16224000.0,0.0
00932.HK,2018-10-10,0.255,0.255,0.248,0.25,18084000.0,0.0
00932.HK,2018-10-11,0.25,0.255,0.242,0.248,6864000.0,0.0
00932.HK,2018-10-12,0.25,0.25,0.24,0.245,38636000.0,0.0
00932.HK,2018-10-15,0.245,0.246,0.24,0.246,17392000.0,0.0
00932.HK,2018-10-16,0.246,0.247,0.241,0.244,17284000.0,0.0
00932.HK,2018-10-18,0.244,0.246,0.239,0.244,14980000.0,0.0
00932.HK,2018-10-19,0.244,0.246,0.242,0.244,13112000.0,0.0
00932.HK,2018-10-22,0.244,0.244,0.24,0.244,23900000.0,0.0
00932.HK,2018-10-23,0.244,0.245,0.24,0.241,23048000.0,0.0
00932.HK,2018-10-24,0.242,0.243,0.238,0.24,14920000.0,0.0
00932.HK,2018-10-25,0.239,0.24,0.234,0.24,10820000.0,0.0
00932.HK,2018-10-26,0.241,0.241,0.23,0.236,11452000.0,0.0
00932.HK,2018-10-29,0.236,0.236,0.213,0.219,32408000.0,0.0
00932.HK,2018-10-30,0.22,0.222,0.208,0.214,13040000.0,0.0
00932.HK,2018-10-31,0.214,0.223,0.208,0.214,13896000.0,0.0
00932.HK,2018-11-01,0.215,0.215,0.207,0.21,12284000.0,0.0
00932.HK,2018-11-02,0.21,0.212,0.208,0.21,14980000.0,0.0
00932.HK,2018-11-05,0.211,0.213,0.207,0.21,12880000.0,0.0
00932.HK,2018-11-06,0.212,0.217,0.207,0.217,22592000.0,0.0
00932.HK,2018-11-07,0.216,0.232,0.216,0.228,27012000.0,0.0
00932.HK,2018-11-08,0.228,0.23,0.226,0.228,15952000.0,0.0
00932.HK,2018-11-09,0.227,0.229,0.22,0.221,22616000.0,0.0
00932.HK,2018-11-12,0.221,0.229,0.219,0.222,21416000.0,0.0
00932.HK,2018-11-13,0.224,0.224,0.217,0.22,17284000.0,0.0
00932.HK,2018-11-14,0.219,0.225,0.219,0.223,18320000.0,0.0
00932.HK,2018-11-15,0.223,0.227,0.222,0.226,10480000.0,0.0
00932.HK,2018-11-16,0.227,0.244,0.225,0.243,13080000.0,0.0
00932.HK,2018-11-19,0.24,0.24,0.225,0.235,4560000.0,0.0
00932.HK,2018-11-20,0.237,0.3,0.231,0.255,55148000.0,0.0
00932.HK,2018-11-21,0.255,0.275,0.25,0.26,21648000.0,0.0
00932.HK,2018-11-22,0.265,0.27,0.255,0.265,7404000.0,0.0
00932.HK,2018-11-23,0.265,0.29,0.26,0.265,13836000.0,0.0
00932.HK,2018-11-26,0.27,0.28,0.265,0.265,10824000.0,0.0
00932.HK,2018-11-27,0.27,0.27,0.26,0.26,5336000.0,0.0
00932.HK,2018-11-28,0.26,0.265,0.255,0.255,2132000.0,0.0
00932.HK,2018-11-29,0.26,0.28,0.26,0.27,9632000.0,0.0
00932.HK,2018-11-30,0.27,0.275,0.26,0.265,4440000.0,0.0
00932.HK,2018-12-03,0.265,0.275,0.265,0.265,2628000.0,0.0
00932.HK,2018-12-04,0.265,0.265,0.255,0.255,8508000.0,0.0
00932.HK,2018-12-05,0.255,0.255,0.25,0.255,7848000.0,0.0
00932.HK,2018-12-06,0.25,0.265,0.248,0.26,4620000.0,0.0
00932.HK,2018-12-07,0.26,0.265,0.26,0.26,1728000.0,0.0
00932.HK,2018-12-10,0.26,0.265,0.25,0.265,4340000.0,0.0
00932.HK,2018-12-11,0.265,0.27,0.26,0.26,2228000.0,0.0
00932.HK,2018-12-12,0.26,0.265,0.255,0.255,1032000.0,0.0
00932.HK,2018-12-13,0.26,0.265,0.255,0.255,2084000.0,0.0
00932.HK,2018-12-14,0.255,0.26,0.25,0.255,3276000.0,0.0
00932.HK,2018-12-17,0.255,0.275,0.255,0.27,9888000.0,0.0
00932.HK,2018-12-18,0.265,0.265,0.255,0.265,3400000.0,0.0
00932.HK,2018-12-19,0.26,0.265,0.255,0.265,3824000.0,0.0
00932.HK,2018-12-20,0.26,0.265,0.26,0.265,3152000.0,0.0
00932.HK,2018-12-21,0.26,0.265,0.26,0.265,2088000.0,0.0
00932.HK,2018-12-24,0.26,0.26,0.255,0.26,1100000.0,0.0
00932.HK,2018-12-27,0.26,0.26,0.26,0.26,912000.0,0.0
00932.HK,2018-12-28,0.255,0.265,0.255,0.26,1764000.0,0.0
00932.HK,2018-12-31,0.26,0.26,0.26,0.26,228000.0,0.0
00932.HK,2019-01-02,0.26,0.26,0.243,0.26,5156000.0,0.0
00932.HK,2019-01-03,0.255,0.255,0.25,0.25,1960000.0,0.0
00932.HK,2019-01-04,0.25,0.255,0.247,0.248,1388000.0,0.0
00932.HK,2019-01-07,0.25,0.255,0.248,0.255,2300000.0,0.0
00932.HK,2019-01-08,0.25,0.255,0.245,0.255,2016000.0,0.0
00932.HK,2019-01-09,0.25,0.255,0.245,0.245,2208000.0,0.0
00932.HK,2019-01-10,0.244,0.25,0.242,0.246,5796000.0,0.0
00932.HK,2019-01-11,0.246,0.25,0.246,0.249,1712000.0,0.0
00932.HK,2019-01-14,0.248,0.255,0.245,0.247,4912000.0,0.0
00932.HK,2019-01-15,0.246,0.25,0.246,0.248,3796000.0,0.0
00932.HK,2019-01-16,0.248,0.25,0.247,0.247,800000.0,0.0
00932.HK,2019-01-17,0.247,0.255,0.247,0.255,596000.0,0.0
00932.HK,2019-01-18,0.25,0.26,0.25,0.25,2240000.0,0.0
00932.HK,2019-01-21,0.25,0.26,0.249,0.249,2288000.0,0.0
00932.HK,2019-01-22,0.25,0.25,0.238,0.24,2032000.0,0.0
00932.HK,2019-01-23,0.245,0.26,0.245,0.25,4364000.0,0.0
00932.HK,2019-01-24,0.255,0.265,0.255,0.265,7072000.0,0.0
00932.HK,2019-01-25,0.26,0.275,0.255,0.27,3716000.0,0.0
00932.HK,2019-01-28,0.265,0.29,0.265,0.29,10480000.0,0.0
00932.HK,2019-01-29,0.295,0.37,0.295,0.35,28008000.0,0.0
00932.HK,2019-01-30,0.36,0.365,0.33,0.345,8084000.0,0.0
00932.HK,2019-01-31,0.345,0.4,0.345,0.4,14236000.0,0.0
00932.HK,2019-02-01,0.41,0.53,0.4,0.52,59534000.0,0.0
00932.HK,2019-02-04,0.55,0.7,0.53,0.55,66094000.0,0.0
00932.HK,2019-02-08,0.56,0.6,0.51,0.57,12620000.0,0.0
00932.HK,2019-02-11,0.58,0.65,0.57,0.64,22180000.0,0.0
00932.HK,2019-02-12,0.66,0.68,0.59,0.6,28314000.0,0.0
00932.HK,2019-02-13,0.6,0.62,0.51,0.53,21500000.0,0.0
00932.HK,2019-02-14,0.54,0.54,0.44,0.5,29036000.0,0.0
00932.HK,2019-02-15,0.495,0.52,0.475,0.51,6624000.0,0.0
00932.HK,2019-02-18,0.51,0.54,0.5,0.5,8276000.0,0.0
00932.HK,2019-02-19,0.5,0.51,0.49,0.5,2068000.0,0.0
00932.HK,2019-02-20,0.5,0.5,0.48,0.48,2660000.0,0.0
00932.HK,2019-02-21,0.475,0.5,0.455,0.49,5184000.0,0.0
00932.HK,2019-02-22,0.49,0.51,0.485,0.5,2636000.0,0.0
00932.HK,2019-02-25,0.5,0.51,0.495,0.495,1500000.0,0.0
00932.HK,2019-02-26,0.495,0.495,0.475,0.475,2108000.0,0.0
00932.HK,2019-02-27,0.47,0.5,0.47,0.495,2468000.0,0.0
00932.HK,2019-02-28,0.49,0.51,0.49,0.5,1952000.0,0.0
00932.HK,2019-03-01,0.51,0.51,0.49,0.5,2172000.0,0.0
00932.HK,2019-03-04,0.49,0.57,0.49,0.56,10164000.0,0.0
00932.HK,2019-03-05,0.58,0.59,0.53,0.55,6316000.0,0.0
00932.HK,2019-03-06,0.55,0.55,0.53,0.53,1728000.0,0.0
00932.HK,2019-03-07,0.54,0.54,0.52,0.53,2384000.0,0.0
00932.HK,2019-03-08,0.52,0.53,0.51,0.51,1860000.0,0.0
00932.HK,2019-03-11,0.51,0.54,0.51,0.53,6424000.0,0.0
00932.HK,2019-03-12,0.53,0.54,0.53,0.53,972000.0,0.0
00932.HK,2019-03-13,0.53,0.56,0.53,0.53,2520000.0,0.0
00932.HK,2019-03-14,0.53,0.56,0.53,0.53,2552000.0,0.0
00932.HK,2019-03-15,0.54,0.55,0.53,0.53,4900000.0,0.0
00932.HK,2019-03-18,0.53,0.56,0.53,0.53,7204000.0,0.0
00932.HK,2019-03-19,0.54,0.55,0.52,0.52,2876000.0,0.0
00932.HK,2019-03-20,0.53,0.53,0.52,0.53,1236000.0,0.0
00932.HK,2019-03-21,0.52,0.53,0.52,0.52,1096000.0,0.0
00932.HK,2019-03-22,0.53,0.53,0.48,0.51,6292000.0,0.0
00932.HK,2019-03-25,0.49,0.51,0.49,0.49,1064000.0,0.0
00932.HK,2019-03-26,0.5,0.5,0.485,0.49,392000.0,0.0
00932.HK,2019-03-27,0.49,0.5,0.485,0.495,2296000.0,0.0
00932.HK,2019-03-28,0.49,0.495,0.485,0.495,864000.0,0.0
00932.HK,2019-03-29,0.485,0.495,0.48,0.49,3148000.0,0.0
00932.HK,2019-04-01,0.495,0.495,0.485,0.49,1032000.0,0.0
00932.HK,2019-04-02,0.485,0.49,0.48,0.485,3296000.0,0.0
00932.HK,2019-04-03,0.48,0.49,0.48,0.49,768000.0,0.0
00932.HK,2019-04-04,0.48,0.485,0.475,0.485,2068000.0,0.0
00932.HK,2019-04-08,0.485,0.495,0.48,0.495,1216000.0,0.0
00932.HK,2019-04-09,0.495,0.495,0.47,0.475,1824000.0,0.0
00932.HK,2019-04-10,0.48,0.485,0.47,0.48,2164000.0,0.0
00932.HK,2019-04-11,0.475,0.48,0.475,0.48,1512000.0,0.0
00932.HK,2019-04-12,0.48,0.485,0.47,0.475,3140000.0,0.0
00932.HK,2019-04-15,0.47,0.47,0.45,0.46,2416000.0,0.0
00932.HK,2019-04-16,0.455,0.485,0.45,0.485,1976000.0,0.0
00932.HK,2019-04-17,0.485,0.485,0.47,0.475,2560000.0,0.0
00932.HK,2019-04-18,0.47,0.475,0.47,0.475,676000.0,0.0
00932.HK,2019-04-23,0.47,0.485,0.47,0.47,660000.0,0.0
00932.HK,2019-04-24,0.47,0.475,0.465,0.475,1020000.0,0.0
00932.HK,2019-04-25,0.475,0.475,0.475,0.475,372000.0,0.0
00932.HK,2019-04-26,0.465,0.48,0.465,0.475,1296000.0,0.0
00932.HK,2019-04-29,0.47,0.475,0.465,0.465,1228000.0,0.0
00932.HK,2019-04-30,0.465,0.475,0.455,0.465,2448000.0,0.0
00932.HK,2019-05-02,0.465,0.465,0.45,0.455,2040000.0,0.0
00932.HK,2019-05-03,0.445,0.455,0.445,0.455,648000.0,0.0
00932.HK,2019-05-06,0.445,0.445,0.35,0.395,7336000.0,0.0
00932.HK,2019-05-07,0.39,0.405,0.375,0.385,1392000.0,0.0
00932.HK,2019-05-08,0.385,0.4,0.37,0.4,1764000.0,0.0
00932.HK,2019-05-09,0.4,0.4,0.385,0.395,712000.0,0.0
00932.HK,2019-05-10,0.4,0.465,0.4,0.44,3316000.0,0.0
00932.HK,2019-05-14,0.43,0.495,0.42,0.47,3304000.0,0.0
00932.HK,2019-05-15,0.485,0.51,0.465,0.5,6104512.0,0.0
00932.HK,2019-05-16,0.5,0.5,0.485,0.49,2528000.0,0.0
00932.HK,2019-05-17,0.48,0.49,0.475,0.49,2316000.0,0.0
00932.HK,2019-05-20,0.485,0.52,0.485,0.52,3892000.0,0.0
00932.HK,2019-05-21,0.52,0.52,0.49,0.495,5528000.0,0.0
00932.HK,2019-05-22,0.495,0.51,0.495,0.5,3212000.0,0.0
00932.HK,2019-05-23,0.5,0.5,0.49,0.495,3452000.0,0.0
00932.HK,2019-05-24,0.495,0.54,0.495,0.52,12677000.0,0.0
00932.HK,2019-05-27,0.52,0.53,0.51,0.53,11944000.0,0.0
00932.HK,2019-05-28,0.53,0.53,0.51,0.52,3512000.0,0.0
00932.HK,2019-05-29,0.5,0.51,0.485,0.51,2412000.0,0.0
00932.HK,2019-05-30,0.5,0.53,0.49,0.53,4316000.0,0.0
00932.HK,2019-05-31,0.53,0.53,0.51,0.53,5200000.0,0.0
00932.HK,2019-06-03,0.52,0.53,0.51,0.52,2300000.0,0.0
00932.HK,2019-06-04,0.52,0.53,0.51,0.52,460000.0,0.0
00932.HK,2019-06-05,0.51,0.52,0.5,0.52,5012000.0,0.0
00932.HK,2019-06-06,0.51,0.52,0.5,0.51,5484000.0,0.0
00932.HK,2019-06-10,0.51,0.53,0.5,0.52,11268000.0,0.0
00932.HK,2019-06-11,0.52,0.54,0.52,0.54,17476000.0,0.0
00932.HK,2019-06-12,0.53,0.55,0.52,0.53,8068000.0,0.0
00932.HK,2019-06-13,0.53,0.53,0.51,0.52,7516000.0,0.0
00932.HK,2019-06-14,0.52,0.53,0.51,0.52,8764000.0,0.0
00932.HK,2019-06-17,0.52,0.53,0.51,0.52,4640000.0,0.0
00932.HK,2019-06-18,0.52,0.54,0.52,0.54,17628000.0,0.0
00932.HK,2019-06-19,0.54,0.55,0.53,0.55,14463000.0,0.0
00932.HK,2019-06-20,0.54,0.55,0.53,0.54,12640000.0,0.0
00932.HK,2019-06-21,0.54,0.68,0.54,0.64,124611000.0,0.0
00932.HK,2019-06-24,0.64,0.67,0.61,0.62,33690000.0,0.0
00932.HK,2019-06-25,0.62,0.7,0.62,0.67,91000000.0,0.0
00932.HK,2019-06-26,0.65,0.68,0.65,0.67,44607813.0,0.0
00932.HK,2019-06-27,0.66,0.66,0.61,0.65,60916000.0,0.0
00932.HK,2019-06-28,0.64,0.66,0.61,0.63,41400000.0,0.0
00932.HK,2019-07-02,0.63,0.67,0.63,0.67,81212000.0,0.0
00932.HK,2019-07-03,0.67,0.69,0.64,0.67,83696000.0,0.0
00932.HK,2019-07-04,0.67,0.68,0.63,0.65,36368000.0,0.0
00932.HK,2019-07-05,0.64,0.65,0.62,0.65,37288000.0,0.0
00932.HK,2019-07-08,0.65,0.67,0.63,0.65,34124000.0,0.0
00932.HK,2019-07-09,0.65,0.66,0.63,0.65,34996000.0,0.0
00932.HK,2019-07-10,0.65,0.66,0.62,0.64,48700000.0,0.0
00932.HK,2019-07-11,0.64,0.65,0.62,0.64,31956000.0,0.0
00932.HK,2019-07-12,0.64,0.64,0.62,0.64,32448000.0,0.0
00932.HK,2019-07-15,0.64,0.65,0.61,0.63,24216000.0,0.0
00932.HK,2019-07-16,0.63,0.65,0.61,0.63,36884000.0,0.0
00932.HK,2019-07-17,0.62,0.67,0.59,0.62,93448000.0,0.0
00932.HK,2019-07-18,0.62,0.63,0.6,0.61,56454000.0,0.0
00932.HK,2019-07-19,0.61,0.61,0.58,0.6,34626000.0,0.0
00932.HK,2019-07-22,0.59,0.6,0.53,0.54,38556000.0,0.0
00932.HK,2019-07-23,0.54,0.56,0.52,0.54,26896000.0,0.0
00932.HK,2019-07-24,0.53,0.55,0.52,0.55,27028000.0,0.0
00932.HK,2019-07-25,0.54,0.55,0.53,0.54,20944000.0,0.0
00932.HK,2019-07-26,0.54,0.56,0.54,0.55,40696000.0,0.0
00932.HK,2019-07-29,0.55,0.56,0.54,0.55,20844000.0,0.0
00932.HK,2019-07-30,0.55,0.57,0.54,0.55,23316000.0,0.0
00932.HK,2019-07-31,0.55,0.56,0.53,0.54,16540000.0,0.0
00932.HK,2019-08-01,0.53,0.54,0.51,0.52,18492000.0,0.0
00932.HK,2019-08-02,0.51,0.51,0.475,0.51,18748000.0,0.0
00932.HK,2019-08-05,0.5,0.5,0.475,0.49,9916000.0,0.0
00932.HK,2019-08-06,0.48,0.495,0.46,0.49,15516000.0,0.0
00932.HK,2019-08-07,0.49,0.5,0.485,0.495,10432000.0,0.0
00932.HK,2019-08-08,0.49,0.5,0.49,0.5,16588000.0,0.0
00932.HK,2019-08-09,0.5,0.51,0.49,0.495,16356000.0,0.0
00932.HK,2019-08-12,0.49,0.495,0.47,0.475,9356000.0,0.0
00932.HK,2019-08-13,0.475,0.48,0.455,0.46,13916000.0,0.0
00932.HK,2019-08-14,0.46,0.465,0.44,0.455,14316000.0,0.0
00932.HK,2019-08-15,0.45,0.45,0.405,0.43,28144000.0,0.0
00932.HK,2019-08-16,0.43,0.5,0.415,0.47,34092000.0,0.0
00932.HK,2019-08-19,0.47,0.5,0.47,0.49,13940000.0,0.0
00932.HK,2019-08-20,0.49,0.495,0.475,0.48,6244000.0,0.0
00932.HK,2019-08-21,0.48,0.48,0.465,0.48,8424000.0,0.0
00932.HK,2019-08-22,0.48,0.485,0.46,0.47,4420000.0,0.0
00932.HK,2019-08-23,0.465,0.475,0.455,0.46,4904000.0,0.0
00932.HK,2019-08-26,0.455,0.46,0.43,0.46,9472000.0,0.0
00932.HK,2019-08-27,0.46,0.485,0.455,0.465,14048000.0,0.0
00932.HK,2019-08-28,0.465,0.47,0.45,0.465,9124000.0,0.0
00932.HK,2019-08-29,0.46,0.465,0.45,0.465,6420000.0,0.0
00932.HK,2019-08-30,0.46,0.465,0.445,0.455,3416000.0,0.0
00932.HK,2019-09-02,0.455,0.455,0.435,0.455,12036000.0,0.0
00932.HK,2019-09-03,0.45,0.45,0.44,0.445,4485282.0,0.0
00932.HK,2019-09-04,0.445,0.45,0.435,0.445,8020000.0,0.0
00932.HK,2019-09-05,0.445,0.445,0.435,0.445,3004000.0,0.0
00932.HK,2019-09-06,0.44,0.44,0.425,0.435,3396000.0,0.0
00932.HK,2019-09-09,0.435,0.45,0.425,0.43,8928000.0,0.0
00932.HK,2019-09-10,0.43,0.455,0.43,0.45,18884000.0,0.0
00932.HK,2019-09-11,0.45,0.455,0.425,0.43,11432000.0,0.0
00932.HK,2019-09-12,0.43,0.435,0.42,0.43,1812000.0,0.0
00932.HK,2019-09-13,0.43,0.43,0.42,0.42,6644000.0,0.0
00932.HK,2019-09-16,0.425,0.43,0.41,0.42,6772000.0,0.0
00932.HK,2019-09-17,0.41,0.45,0.41,0.445,3164000.0,0.0
00932.HK,2019-09-18,0.445,0.485,0.445,0.485,15256000.0,0.0
00932.HK,2019-09-19,0.485,0.52,0.485,0.51,27034000.0,0.0
00932.HK,2019-09-20,0.51,0.52,0.495,0.51,19968000.0,0.0
00932.HK,2019-09-23,0.51,0.52,0.495,0.51,16472000.0,0.0
00932.HK,2019-09-24,0.51,0.52,0.5,0.51,11108000.0,0.0
00932.HK,2019-09-25,0.51,0.52,0.495,0.52,11264000.0,0.0
00932.HK,2019-09-26,0.52,0.55,0.52,0.54,56388000.0,0.0
00932.HK,2019-09-27,0.54,0.55,0.54,0.55,25188000.0,0.0
00932.HK,2019-09-30,0.55,0.55,0.5,0.5,28096000.0,0.0
00932.HK,2019-10-02,0.5,0.51,0.485,0.5,21036000.0,0.0
00932.HK,2019-10-03,0.5,0.51,0.495,0.51,15976000.0,0.0
00932.HK,2019-10-04,0.5,0.5,0.485,0.49,9820000.0,0.0
00932.HK,2019-10-08,0.49,0.495,0.48,0.485,12964000.0,0.0
00932.HK,2019-10-09,0.49,0.49,0.465,0.475,4284000.0,0.0
00932.HK,2019-10-10,0.47,0.475,0.435,0.45,9252000.0,0.0
00932.HK,2019-10-11,0.45,0.455,0.44,0.45,5604000.0,0.0
00932.HK,2019-10-14,0.45,0.455,0.44,0.445,8280000.0,0.0
00932.HK,2019-10-15,0.445,0.45,0.44,0.45,7864000.0,0.0
00932.HK,2019-10-16,0.45,0.46,0.445,0.45,20960000.0,0.0
00932.HK,2019-10-17,0.45,0.46,0.445,0.445,22012000.0,0.0
00932.HK,2019-10-18,0.445,0.45,0.42,0.44,29388000.0,0.0
00932.HK,2019-10-21,0.44,0.465,0.43,0.46,16512000.0,0.0
00932.HK,2019-10-22,0.46,0.475,0.445,0.47,37036000.0,0.0
00932.HK,2019-10-23,0.47,0.475,0.46,0.465,17964000.0,0.0
00932.HK,2019-10-24,0.465,0.47,0.445,0.455,23824000.0,0.0
00932.HK,2019-10-25,0.455,0.46,0.445,0.455,10216000.0,0.0
00932.HK,2019-10-28,0.455,0.46,0.45,0.455,1108000.0,0.0
00932.HK,2019-10-29,0.455,0.455,0.445,0.45,1304000.0,0.0
00932.HK,2019-10-30,0.45,0.455,0.44,0.445,5092000.0,0.0
00932.HK,2019-10-31,0.445,0.445,0.415,0.44,26412000.0,0.0
00932.HK,2019-11-01,0.44,0.44,0.43,0.435,5500000.0,0.0
00932.HK,2019-11-04,0.435,0.44,0.425,0.44,7020000.0,0.0
00932.HK,2019-11-05,0.435,0.44,0.435,0.44,4156000.0,0.0
00932.HK,2019-11-06,0.435,0.44,0.43,0.435,5308000.0,0.0
00932.HK,2019-11-07,0.435,0.44,0.43,0.44,5768000.0,0.0
00932.HK,2019-11-08,0.435,0.44,0.43,0.44,3228000.0,0.0
00932.HK,2019-11-11,0.44,0.44,0.43,0.44,6280000.0,0.0
00932.HK,2019-11-12,0.435,0.44,0.43,0.44,3464000.0,0.0
00932.HK,2019-11-13,0.435,0.44,0.43,0.435,5420000.0,0.0
00932.HK,2019-11-14,0.435,0.44,0.43,0.43,7836000.0,0.0
00932.HK,2019-11-15,0.43,0.435,0.425,0.435,5324000.0,0.0
00932.HK,2019-11-18,0.435,0.44,0.43,0.435,3340000.0,0.0
00932.HK,2019-11-19,0.435,0.445,0.435,0.44,7476000.0,0.0
00932.HK,2019-11-20,0.44,0.445,0.435,0.44,856000.0,0.0
00932.HK,2019-11-21,0.44,0.44,0.43,0.43,1656000.0,0.0
00932.HK,2019-11-22,0.43,0.435,0.425,0.425,2236000.0,0.0
00932.HK,2019-11-25,0.425,0.43,0.415,0.42,2656000.0,0.0
00932.HK,2019-11-26,0.41,0.42,0.395,0.405,5696000.0,0.0
00932.HK,2019-11-27,0.405,0.415,0.4,0.415,2960000.0,0.0
00932.HK,2019-11-28,0.415,0.415,0.4,0.41,784000.0,0.0
00932.HK,2019-11-29,0.41,0.41,0.395,0.4,2344000.0,0.0
00932.HK,2019-12-02,0.4,0.4,0.385,0.4,4064000.0,0.0
00932.HK,2019-12-03,0.395,0.395,0.39,0.39,824000.0,0.0
00932.HK,2019-12-04,0.39,0.39,0.36,0.375,4380000.0,0.0
00932.HK,2019-12-05,0.375,0.385,0.37,0.38,10616000.0,0.0
00932.HK,2019-12-06,0.38,0.38,0.37,0.38,3412000.0,0.0
00932.HK,2019-12-09,0.375,0.38,0.37,0.38,708000.0,0.0
00932.HK,2019-12-10,0.375,0.375,0.37,0.375,2464000.0,0.0
00932.HK,2019-12-11,0.375,0.375,0.365,0.375,1720000.0,0.0
00932.HK,2019-12-12,0.37,0.37,0.35,0.35,1828000.0,0.0
00932.HK,2019-12-13,0.36,0.375,0.36,0.37,5692000.0,0.0
00932.HK,2019-12-16,0.37,0.375,0.36,0.375,2224000.0,0.0
00932.HK,2019-12-17,0.375,0.375,0.365,0.37,1528000.0,0.0
00932.HK,2019-12-18,0.365,0.365,0.36,0.365,2624000.0,0.0
00932.HK,2019-12-19,0.36,0.365,0.36,0.36,1316000.0,0.0
00932.HK,2019-12-20,0.36,0.37,0.355,0.365,960000.0,0.0
00932.HK,2019-12-23,0.365,0.365,0.36,0.36,184000.0,0.0
00932.HK,2019-12-24,0.36,0.36,0.36,0.36,0.0,0.0
00932.HK,2019-12-27,0.36,0.36,0.36,0.36,168000.0,0.0
00932.HK,2019-12-30,0.355,0.355,0.35,0.355,392000.0,0.0
00932.HK,2019-12-31,0.35,0.35,0.335,0.335,324000.0,0.0
00932.HK,2020-01-02,0.335,0.345,0.33,0.335,1036000.0,0.0
00932.HK,2020-01-03,0.335,0.36,0.33,0.345,3144000.0,0.0
00932.HK,2020-01-06,0.34,0.34,0.335,0.335,532000.0,0.0
00932.HK,2020-01-07,0.33,0.335,0.33,0.335,516000.0,0.0
00932.HK,2020-01-08,0.325,0.335,0.325,0.335,284000.0,0.0
00932.HK,2020-01-09,0.33,0.335,0.315,0.335,2872000.0,0.0
00932.HK,2020-01-10,0.335,0.35,0.33,0.35,2132000.0,0.0
00932.HK,2020-01-13,0.34,0.345,0.34,0.345,672000.0,0.0
00932.HK,2020-01-14,0.34,0.34,0.335,0.34,344000.0,0.0
00932.HK,2020-01-15,0.33,0.35,0.33,0.35,1680000.0,0.0
00932.HK,2020-01-16,0.345,0.35,0.335,0.345,1252000.0,0.0
00932.HK,2020-01-17,0.34,0.34,0.33,0.335,1852000.0,0.0
00932.HK,2020-01-20,0.335,0.35,0.335,0.345,2868000.0,0.0
00932.HK,2020-01-21,0.345,0.38,0.345,0.36,8104000.0,0.0
00932.HK,2020-01-22,0.365,0.44,0.365,0.43,10560000.0,0.0
00932.HK,2020-01-23,0.43,0.445,0.42,0.43,8034000.0,0.0
00932.HK,2020-01-24,0.435,0.46,0.425,0.46,3464000.0,0.0
00932.HK,2020-01-29,0.45,0.475,0.42,0.46,5832000.0,0.0
00932.HK,2020-01-30,0.455,0.46,0.44,0.44,2432000.0,0.0
00932.HK,2020-01-31,0.45,0.455,0.43,0.44,2160000.0,0.0
00932.HK,2020-02-03,0.425,0.435,0.425,0.43,544000.0,0.0
00932.HK,2020-02-04,0.43,0.435,0.43,0.43,572000.0,0.0
00932.HK,2020-02-05,0.435,0.45,0.435,0.44,1264000.0,0.0
00932.HK,2020-02-06,0.43,0.435,0.43,0.435,368000.0,0.0
00932.HK,2020-02-07,0.425,0.435,0.42,0.435,1196000.0,0.0
00932.HK,2020-02-10,0.43,0.44,0.43,0.435,6724000.0,0.0
00932.HK,2020-02-11,0.43,0.48,0.425,0.48,3488000.0,0.0
00932.HK,2020-02-12,0.465,0.53,0.465,0.485,13476000.0,0.0
00932.HK,2020-02-13,0.48,0.485,0.465,0.465,6636000.0,0.0
00932.HK,2020-02-14,0.47,0.47,0.455,0.455,4376000.0,0.0
00932.HK,2020-02-17,0.45,0.46,0.45,0.46,456000.0,0.0
00932.HK,2020-02-18,0.45,0.455,0.45,0.45,1860000.0,0.0
00932.HK,2020-02-19,0.45,0.455,0.445,0.45,804000.0,0.0
00932.HK,2020-02-20,0.445,0.45,0.445,0.45,260000.0,0.0
00932.HK,2020-02-21,0.44,0.445,0.44,0.445,280000.0,0.0
00932.HK,2020-02-24,0.44,0.475,0.44,0.46,2240000.0,0.0
00932.HK,2020-02-25,0.47,0.47,0.45,0.47,1392000.0,0.0
00932.HK,2020-02-26,0.47,0.51,0.47,0.5,9376000.0,0.0
00932.HK,2020-02-27,0.5,0.53,0.5,0.52,6900000.0,0.0
00932.HK,2020-02-28,0.51,0.51,0.495,0.51,4060000.0,0.0
00932.HK,2020-03-02,0.51,0.52,0.495,0.51,2256000.0,0.0
00932.HK,2020-03-03,0.51,0.51,0.485,0.5,2224000.0,0.0
00932.HK,2020-03-04,0.5,0.5,0.49,0.495,3640000.0,0.0
00932.HK,2020-03-05,0.495,0.5,0.475,0.485,4532000.0,0.0
00932.HK,2020-03-06,0.485,0.485,0.47,0.48,6764000.0,0.0
00932.HK,2020-03-09,0.475,0.475,0.45,0.465,1440000.0,0.0
00932.HK,2020-03-10,0.455,0.47,0.45,0.47,1992000.0,0.0
00932.HK,2020-03-11,0.465,0.47,0.46,0.47,7344000.0,0.0
00932.HK,2020-03-12,0.465,0.465,0.44,0.465,4652000.0,0.0
00932.HK,2020-03-13,0.455,0.46,0.44,0.45,1828000.0,0.0
00932.HK,2020-03-16,0.455,0.46,0.425,0.435,1608000.0,0.0
00932.HK,2020-03-17,0.43,0.435,0.415,0.425,1176000.0,0.0
00932.HK,2020-03-18,0.42,0.43,0.365,0.415,2708000.0,0.0
00932.HK,2020-03-19,0.42,0.42,0.36,0.385,2444000.0,0.0
00932.HK,2020-03-20,0.39,0.49,0.365,0.48,10516000.0,0.0
00932.HK,2020-03-23,0.51,0.53,0.44,0.455,30696000.0,0.0
00932.HK,2020-03-24,0.46,0.48,0.44,0.455,12324000.0,0.0
00932.HK,2020-03-25,0.455,0.47,0.38,0.38,21236000.0,0.0
00932.HK,2020-03-26,0.4,0.42,0.39,0.4,21956000.0,0.0
00932.HK,2020-03-27,0.405,0.405,0.385,0.395,13776000.0,0.0
00932.HK,2020-03-30,0.405,0.405,0.375,0.375,7888000.0,0.0
00932.HK,2020-03-31,0.38,0.385,0.375,0.385,492000.0,0.0
00932.HK,2020-04-01,0.385,0.385,0.38,0.38,812000.0,0.0
00932.HK,2020-04-02,0.385,0.385,0.385,0.385,748000.0,0.0
00932.HK,2020-04-03,0.385,0.39,0.375,0.375,1784000.0,0.0
00932.HK,2020-04-06,0.38,0.385,0.37,0.37,848000.0,0.0
00932.HK,2020-04-07,0.37,0.385,0.37,0.375,2256000.0,0.0
00932.HK,2020-04-08,0.38,0.38,0.375,0.375,1100000.0,0.0
00932.HK,2020-04-09,0.375,0.41,0.375,0.395,12696000.0,0.0
00932.HK,2020-04-14,0.39,0.4,0.37,0.37,2620000.0,0.0
00932.HK,2020-04-15,0.37,0.37,0.335,0.345,4856000.0,0.0
00932.HK,2020-04-16,0.34,0.36,0.34,0.36,868000.0,0.0
00932.HK,2020-04-17,0.36,0.36,0.355,0.355,4536000.0,0.0
00932.HK,2020-04-20,0.35,0.35,0.34,0.345,1084000.0,0.0
00932.HK,2020-04-21,0.34,0.34,0.325,0.325,896000.0,0.0
00932.HK,2020-04-22,0.33,0.33,0.315,0.32,1504000.0,0.0
00932.HK,2020-04-23,0.325,0.33,0.315,0.32,1976000.0,0.0
00932.HK,2020-04-24,0.32,0.32,0.305,0.305,1700000.0,0.0
00932.HK,2020-04-27,0.305,0.325,0.305,0.325,2428000.0,0.0
00932.HK,2020-04-28,0.33,0.33,0.315,0.32,1068000.0,0.0
00932.HK,2020-04-29,0.315,0.33,0.315,0.325,1340000.0,0.0
00932.HK,2020-05-04,0.315,0.315,0.305,0.305,1932000.0,0.0
00932.HK,2020-05-05,0.305,0.305,0.3,0.305,1308000.0,0.0
00932.HK,2020-05-06,0.3,0.3,0.3,0.3,816000.0,0.0
00932.HK,2020-05-07,0.3,0.305,0.295,0.3,3216000.0,0.0
00932.HK,2020-05-08,0.305,0.31,0.295,0.3,6124000.0,0.0
00932.HK,2020-05-11,0.3,0.305,0.29,0.29,2944000.0,0.0
00932.HK,2020-05-12,0.295,0.3,0.295,0.3,196000.0,0.0
00932.HK,2020-05-13,0.295,0.305,0.295,0.3,928000.0,0.0
00932.HK,2020-05-14,0.3,0.3,0.295,0.295,204000.0,0.0
00932.HK,2020-05-15,0.29,0.295,0.275,0.275,1688000.0,0.0
00932.HK,2020-05-18,0.28,0.285,0.27,0.28,1248000.0,0.0
00932.HK,2020-05-19,0.28,0.285,0.275,0.285,1252000.0,0.0
00932.HK,2020-05-20,0.285,0.285,0.275,0.285,428000.0,0.0
00932.HK,2020-05-21,0.28,0.285,0.27,0.27,1788000.0,0.0
00932.HK,2020-05-22,0.265,0.265,0.247,0.247,9768000.0,0.0
00932.HK,2020-05-25,0.255,0.285,0.255,0.26,1868000.0,0.0
00932.HK,2020-05-26,0.26,0.26,0.25,0.255,1200000.0,0.0
00932.HK,2020-05-27,0.255,0.255,0.235,0.244,5640000.0,0.0
00932.HK,2020-05-28,0.244,0.255,0.242,0.249,572000.0,0.0
00932.HK,2020-05-29,0.25,0.25,0.241,0.249,7680000.0,0.0
00932.HK,2020-06-01,0.25,0.26,0.246,0.255,3636000.0,0.0
00932.HK,2020-06-02,0.255,0.265,0.243,0.244,1560000.0,0.0
00932.HK,2020-06-03,0.249,0.249,0.234,0.245,360000.0,0.0
00932.HK,2020-06-04,0.245,0.245,0.235,0.235,228000.0,0.0
00932.HK,2020-06-05,0.245,0.245,0.231,0.231,168000.0,0.0
00932.HK,2020-06-08,0.24,0.24,0.23,0.235,484000.0,0.0
00932.HK,2020-06-09,0.239,0.239,0.232,0.239,228000.0,0.0
00932.HK,2020-06-10,0.244,0.244,0.236,0.241,3196000.0,0.0
00932.HK,2020-06-11,0.243,0.244,0.24,0.24,1228000.0,0.0
00932.HK,2020-06-12,0.239,0.24,0.239,0.24,1008000.0,0.0
00932.HK,2020-06-15,0.239,0.239,0.23,0.237,1408000.0,0.0
00932.HK,2020-06-16,0.245,0.245,0.23,0.242,1096000.0,0.0
00932.HK,2020-06-17,0.241,0.241,0.234,0.238,860000.0,0.0
00932.HK,2020-06-18,0.238,0.238,0.23,0.235,2332000.0,0.0
00932.HK,2020-06-19,0.233,0.237,0.226,0.237,848000.0,0.0
00932.HK,2020-06-22,0.23,0.232,0.226,0.232,2356000.0,0.0
00932.HK,2020-06-23,0.236,0.24,0.231,0.235,1064000.0,0.0
00932.HK,2020-06-24,0.234,0.235,0.22,0.229,1592000.0,0.0
00932.HK,2020-06-26,0.225,0.229,0.218,0.229,1080000.0,0.0
00932.HK,2020-06-29,0.234,0.234,0.218,0.226,984000.0,0.0
00932.HK,2020-06-30,0.223,0.227,0.214,0.226,5800000.0,0.0
00932.HK,2020-07-02,0.226,0.234,0.219,0.231,1168000.0,0.0
00932.HK,2020-07-03,0.231,0.231,0.203,0.221,4844000.0,0.0
00932.HK,2020-07-06,0.216,0.219,0.208,0.21,1864000.0,0.0
00932.HK,2020-07-07,0.224,0.224,0.207,0.209,560000.0,0.0
00932.HK,2020-07-08,0.224,0.224,0.206,0.207,1424000.0,0.0
00932.HK,2020-07-09,0.206,0.217,0.206,0.213,2880000.0,0.0
00932.HK,2020-07-10,0.21,0.217,0.204,0.217,848000.0,0.0
00932.HK,2020-07-13,0.213,0.213,0.213,0.213,0.0,0.0
00932.HK,2020-07-14,0.212,0.212,0.212,0.212,0.0,0.0
00932.HK,2020-07-15,0.207,0.207,0.2,0.204,1072000.0,0.0
00932.HK,2020-07-16,0.201,0.219,0.193,0.215,3868000.0,0.0
00932.HK,2020-07-17,0.2,0.202,0.2,0.202,480000.0,0.0
00932.HK,2020-07-20,0.212,0.212,0.207,0.209,536000.0,0.0
00932.HK,2020-07-21,0.204,0.208,0.201,0.208,1284000.0,0.0
00932.HK,2020-07-22,0.201,0.208,0.2,0.208,384000.0,0.0
00932.HK,2020-07-23,0.206,0.206,0.2,0.203,236000.0,0.0
00932.HK,2020-07-24,0.2,0.208,0.193,0.208,888000.0,0.0
00932.HK,2020-07-27,0.2,0.205,0.195,0.204,220000.0,0.0
00932.HK,2020-07-28,0.197,0.213,0.197,0.206,8000.0,0.0
00932.HK,2020-07-29,0.2,0.205,0.2,0.205,8000.0,0.0
00932.HK,2020-07-30,0.2,0.211,0.196,0.205,72000.0,0.0
00932.HK,2020-07-31,0.201,0.205,0.198,0.205,2860000.0,0.0
00932.HK,2020-08-03,0.202,0.205,0.199,0.204,1684000.0,0.0
00932.HK,2020-08-04,0.22,0.22,0.196,0.202,1304000.0,0.0
00932.HK,2020-08-05,0.202,0.202,0.197,0.197,316000.0,0.0
00932.HK,2020-08-06,0.199,0.2,0.199,0.2,140000.0,0.0
00932.HK,2020-08-07,0.2,0.2,0.2,0.2,100000.0,0.0
00932.HK,2020-08-10,0.2,0.2,0.194,0.195,7008000.0,0.0
00932.HK,2020-08-11,0.195,0.197,0.193,0.195,632000.0,0.0
00932.HK,2020-08-12,0.191,0.209,0.191,0.204,660000.0,0.0
00932.HK,2020-08-13,0.2,0.2,0.197,0.197,432000.0,0.0
00932.HK,2020-08-14,0.198,0.198,0.198,0.198,0.0,0.0
00932.HK,2020-08-17,0.201,0.21,0.196,0.204,1200000.0,0.0
00932.HK,2020-08-18,0.2,0.2,0.2,0.2,4000.0,0.0
00932.HK,2020-08-19,0.2,0.2,0.2,0.2,0.0,0.0
00932.HK,2020-08-20,0.2,0.2,0.187,0.199,172000.0,0.0
00932.HK,2020-08-21,0.209,0.209,0.191,0.198,192000.0,0.0
00932.HK,2020-08-24,0.198,0.198,0.198,0.198,684000.0,0.0
00932.HK,2020-08-25,0.198,0.198,0.196,0.196,464000.0,0.0
00932.HK,2020-08-26,0.195,0.195,0.195,0.195,200000.0,0.0
00932.HK,2020-08-27,0.195,0.195,0.192,0.193,124000.0,0.0
00932.HK,2020-08-28,0.19,0.195,0.19,0.195,84000.0,0.0
00932.HK,2020-08-31,0.195,0.2,0.189,0.195,2020000.0,0.0
00932.HK,2020-09-01,0.199,0.199,0.18,0.182,1724000.0,0.0
00932.HK,2020-09-02,0.19,0.19,0.176,0.182,2360000.0,0.0
00932.HK,2020-09-03,0.194,0.202,0.184,0.199,3004000.0,0.0
00932.HK,2020-09-04,0.197,0.2,0.19,0.2,576000.0,0.0
00932.HK,2020-09-07,0.194,0.194,0.192,0.192,52000.0,0.0
00932.HK,2020-09-08,0.189,0.199,0.182,0.19,548000.0,0.0
00932.HK,2020-09-09,0.187,0.195,0.185,0.194,3552000.0,0.0
00932.HK,2020-09-10,0.188,0.188,0.185,0.187,36000.0,0.0
00932.HK,2020-09-11,0.187,0.187,0.183,0.184,516000.0,0.0
00932.HK,2020-09-14,0.18,0.181,0.18,0.18,176000.0,0.0
00932.HK,2020-09-15,0.199,0.199,0.176,0.176,220000.0,0.0
00932.HK,2020-09-16,0.179,0.182,0.179,0.182,48000.0,0.0
00932.HK,2020-09-17,0.182,0.182,0.182,0.182,0.0,0.0
00932.HK,2020-09-18,0.181,0.181,0.181,0.181,0.0,0.0
00932.HK,2020-09-21,0.177,0.18,0.172,0.179,820000.0,0.0
00932.HK,2020-09-22,0.179,0.188,0.15,0.169,1792000.0,0.0
00932.HK,2020-09-23,0.169,0.17,0.169,0.17,596000.0,0.0
00932.HK,2020-09-24,0.165,0.165,0.16,0.161,180000.0,0.0
00932.HK,2020-09-25,0.172,0.172,0.167,0.167,10256000.0,0.0
00932.HK,2020-09-28,0.166,0.168,0.165,0.168,936000.0,0.0
00932.HK,2020-09-29,0.161,0.166,0.158,0.163,452000.0,0.0
00932.HK,2020-09-30,0.163,0.165,0.15,0.165,792000.0,0.0
00932.HK,2020-10-05,0.165,0.165,0.158,0.165,192000.0,0.0
00932.HK,2020-10-06,0.165,0.165,0.164,0.164,40000.0,0.0
00932.HK,2020-10-07,0.16,0.16,0.16,0.16,0.0,0.0
00932.HK,2020-10-08,0.152,0.155,0.15,0.155,384000.0,0.0
00932.HK,2020-10-09,0.16,0.16,0.154,0.16,92000.0,0.0
00932.HK,2020-10-12,0.161,0.165,0.161,0.165,360000.0,0.0
00932.HK,2020-10-14,0.165,0.165,0.165,0.165,0.0,0.0
00932.HK,2020-10-15,0.159,0.16,0.158,0.16,158000.0,0.0
00932.HK,2020-10-16,0.16,0.16,0.16,0.16,40000.0,0.0
00932.HK,2020-10-19,0.159,0.159,0.159,0.159,0.0,0.0
00932.HK,2020-10-20,0.157,0.158,0.156,0.158,268000.0,0.0
00932.HK,2020-10-21,0.156,0.158,0.15,0.158,942000.0,0.0
00932.HK,2020-10-22,0.16,0.164,0.15,0.16,532000.0,0.0
00932.HK,2020-10-23,0.16,0.178,0.158,0.163,18252000.0,0.0
00932.HK,2020-10-27,0.16,0.168,0.16,0.163,22300000.0,0.0
00932.HK,2020-10-28,0.163,0.194,0.16,0.192,18640000.0,0.0
00932.HK,2020-10-29,0.189,0.255,0.182,0.191,64548000.0,0.0
00932.HK,2020-10-30,0.198,0.207,0.155,0.17,47356000.0,0.0
00932.HK,2020-11-02,0.17,0.201,0.146,0.15,46288000.0,0.0
00932.HK,2020-11-03,0.156,0.165,0.151,0.158,10552000.0,0.0
00932.HK,2020-11-04,0.155,0.157,0.148,0.151,3320000.0,0.0
00932.HK,2020-11-05,0.152,0.158,0.151,0.153,2416000.0,0.0
00932.HK,2020-11-06,0.159,0.159,0.15,0.153,2800000.0,0.0
00932.HK,2020-11-09,0.153,0.153,0.15,0.152,3080000.0,0.0
00932.HK,2020-11-10,0.152,0.153,0.15,0.153,780000.0,0.0
00932.HK,2020-11-11,0.147,0.152,0.146,0.152,1644000.0,0.0
00932.HK,2020-11-12,0.152,0.152,0.152,0.152,0.0,0.0
00932.HK,2020-11-13,0.148,0.15,0.148,0.15,104000.0,0.0
00932.HK,2020-11-16,0.151,0.152,0.151,0.152,212000.0,0.0
00932.HK,2020-11-17,0.152,0.152,0.146,0.151,6516000.0,0.0
00932.HK,2020-11-18,0.148,0.15,0.148,0.15,616000.0,0.0
00932.HK,2020-11-19,0.149,0.15,0.146,0.15,954000.0,0.0
00932.HK,2020-11-20,0.146,0.15,0.145,0.15,3396816.0,0.0
00932.HK,2020-11-23,0.145,0.148,0.145,0.148,668000.0,0.0
00932.HK,2020-11-24,0.148,0.148,0.147,0.147,320000.0,0.0
00932.HK,2020-11-25,0.146,0.162,0.143,0.155,2268000.0,0.0
00932.HK,2020-11-26,0.149,0.152,0.145,0.15,7096000.0,0.0
00932.HK,2020-11-27,0.15,0.15,0.15,0.15,0.0,0.0
00932.HK,2020-11-30,0.147,0.153,0.146,0.15,156000.0,0.0
00932.HK,2020-12-01,0.146,0.153,0.145,0.152,700000.0,0.0
00932.HK,2020-12-02,0.148,0.149,0.148,0.149,6252000.0,0.0
00932.HK,2020-12-03,0.15,0.153,0.15,0.15,176000.0,0.0
00932.HK,2020-12-04,0.15,0.15,0.15,0.15,0.0,0.0
00932.HK,2020-12-07,0.15,0.152,0.148,0.152,224000.0,0.0
00932.HK,2020-12-08,0.149,0.152,0.149,0.152,204000.0,0.0
00932.HK,2020-12-09,0.147,0.15,0.145,0.15,796000.0,0.0
00932.HK,2020-12-10,0.145,0.15,0.145,0.149,304000.0,0.0
00932.HK,2020-12-11,0.147,0.148,0.146,0.147,636000.0,0.0
00932.HK,2020-12-14,0.146,0.149,0.138,0.149,1024000.0,0.0
00932.HK,2020-12-15,0.149,0.15,0.146,0.15,464000.0,0.0
00932.HK,2020-12-16,0.145,0.15,0.145,0.15,944000.0,0.0
00932.HK,2020-12-17,0.146,0.147,0.146,0.146,488000.0,0.0
00932.HK,2020-12-18,0.145,0.15,0.142,0.149,420000.0,0.0
00932.HK,2020-12-21,0.15,0.165,0.148,0.153,664000.0,0.0
00932.HK,2020-12-22,0.155,0.155,0.15,0.15,876000.0,0.0
00932.HK,2020-12-23,0.149,0.154,0.149,0.154,248000.0,0.0
00932.HK,2020-12-24,0.15,0.153,0.15,0.153,9836000.0,0.0
00932.HK,2020-12-28,0.153,0.153,0.145,0.149,112000.0,0.0
00932.HK,2020-12-29,0.149,0.151,0.136,0.148,236000.0,0.0
00932.HK,2020-12-30,0.15,0.15,0.149,0.149,4000.0,0.0
00932.HK,2020-12-31,0.144,0.149,0.144,0.149,1736000.0,0.0
00932.HK,2021-01-04,0.145,0.155,0.145,0.149,756000.0,0.0
00932.HK,2021-01-05,0.151,0.152,0.149,0.15,892000.0,0.0
00932.HK,2021-01-06,0.149,0.149,0.149,0.149,0.0,0.0
00932.HK,2021-01-07,0.144,0.149,0.144,0.149,212000.0,0.0
00932.HK,2021-01-08,0.144,0.148,0.144,0.148,412000.0,0.0
00932.HK,2021-01-11,0.143,0.144,0.135,0.144,596000.0,0.0
00932.HK,2021-01-12,0.138,0.154,0.138,0.148,2368000.0,0.0
00932.HK,2021-01-13,0.145,0.148,0.145,0.148,212000.0,0.0
00932.HK,2021-01-14,0.144,0.15,0.144,0.15,484000.0,0.0
00932.HK,2021-01-15,0.144,0.15,0.143,0.15,380000.0,0.0
00932.HK,2021-01-18,0.145,0.147,0.143,0.144,412000.0,0.0
00932.HK,2021-01-19,0.144,0.146,0.143,0.146,648000.0,0.0
00932.HK,2021-01-20,0.148,0.148,0.14,0.142,1736000.0,0.0
00932.HK,2021-01-21,0.14,0.144,0.139,0.143,524000.0,0.0
00932.HK,2021-01-22,0.14,0.143,0.14,0.143,140000.0,0.0
00932.HK,2021-01-25,0.143,0.143,0.139,0.143,1616000.0,0.0
00932.HK,2021-01-26,0.14,0.149,0.139,0.146,632000.0,0.0
00932.HK,2021-01-27,0.144,0.144,0.144,0.144,0.0,0.0
00932.HK,2021-01-28,0.145,0.145,0.143,0.143,460000.0,0.0
00932.HK,2021-01-29,0.143,0.143,0.143,0.143,0.0,0.0
00932.HK,2021-02-01,0.143,0.143,0.143,0.143,0.0,0.0
00932.HK,2021-02-02,0.145,0.145,0.142,0.143,840000.0,0.0
00932.HK,2021-02-03,0.142,0.142,0.125,0.141,1244000.0,0.0
00932.HK,2021-02-04,0.131,0.143,0.131,0.14,440000.0,0.0
00932.HK,2021-02-05,0.139,0.139,0.139,0.139,0.0,0.0
00932.HK,2021-02-08,0.138,0.143,0.132,0.132,1508000.0,0.0
00932.HK,2021-02-09,0.13,0.135,0.13,0.131,372000.0,0.0
00932.HK,2021-02-10,0.13,0.142,0.129,0.139,1240000.0,0.0
00932.HK,2021-02-11,0.139,0.139,0.139,0.139,0.0,0.0
00932.HK,2021-02-16,0.131,0.145,0.126,0.139,2228000.0,0.0
00932.HK,2021-02-17,0.139,0.147,0.137,0.143,1016000.0,0.0
00932.HK,2021-02-18,0.136,0.155,0.136,0.151,3940000.0,0.0
00932.HK,2021-02-19,0.151,0.151,0.149,0.15,292000.0,0.0
00932.HK,2021-02-22,0.149,0.149,0.14,0.145,1068000.0,0.0
00932.HK,2021-02-23,0.145,0.145,0.143,0.143,80000.0,0.0
00932.HK,2021-02-24,0.143,0.143,0.136,0.143,468000.0,0.0
00932.HK,2021-02-25,0.145,0.146,0.14,0.144,292000.0,0.0
00932.HK,2021-02-26,0.138,0.142,0.138,0.138,320000.0,0.0
00932.HK,2021-03-01,0.138,0.143,0.137,0.141,88000.0,0.0
00932.HK,2021-03-02,0.148,0.148,0.133,0.144,20000.0,0.0
00932.HK,2021-03-03,0.142,0.143,0.134,0.14,676000.0,0.0
00932.HK,2021-03-04,0.138,0.147,0.138,0.145,64000.0,0.0
00932.HK,2021-03-05,0.138,0.141,0.138,0.141,124000.0,0.0
00932.HK,2021-03-08,0.135,0.138,0.132,0.138,300000.0,0.0
00932.HK,2021-03-09,0.138,0.139,0.133,0.137,372000.0,0.0
00932.HK,2021-03-10,0.133,0.136,0.13,0.136,156000.0,0.0
00932.HK,2021-03-11,0.134,0.137,0.134,0.137,300000.0,0.0
00932.HK,2021-03-12,0.129,0.137,0.129,0.136,484000.0,0.0
00932.HK,2021-03-15,0.135,0.135,0.135,0.135,0.0,0.0
00932.HK,2021-03-16,0.134,0.134,0.126,0.133,2120000.0,0.0
00932.HK,2021-03-17,0.127,0.137,0.127,0.137,3132000.0,0.0
00932.HK,2021-03-18,0.13,0.143,0.13,0.133,5156000.0,0.0
00932.HK,2021-03-19,0.134,0.136,0.13,0.135,676000.0,0.0
00932.HK,2021-03-22,0.134,0.134,0.134,0.134,0.0,0.0
00932.HK,2021-03-23,0.13,0.13,0.126,0.129,344000.0,0.0
00932.HK,2021-03-24,0.126,0.128,0.122,0.122,1068000.0,0.0
00932.HK,2021-03-25,0.121,0.132,0.121,0.131,2420000.0,0.0
00932.HK,2021-03-26,0.131,0.138,0.13,0.138,2488000.0,0.0
00932.HK,2021-03-29,0.135,0.143,0.135,0.14,844000.0,0.0
00932.HK,2021-03-30,0.141,0.155,0.14,0.148,15344000.0,0.0
00932.HK,2021-03-31,0.149,0.149,0.148,0.148,4852000.0,0.0
00932.HK,2021-04-01,0.15,0.15,0.133,0.144,560000.0,0.0
00932.HK,2021-04-07,0.146,0.146,0.144,0.145,1820000.0,0.0
00932.HK,2021-04-08,0.148,0.15,0.142,0.149,2568000.0,0.0
00932.HK,2021-04-09,0.149,0.15,0.144,0.144,2400000.0,0.0
00932.HK,2021-04-12,0.141,0.148,0.14,0.14,168000.0,0.0
00932.HK,2021-04-13,0.148,0.148,0.146,0.146,40000.0,0.0
00932.HK,2021-04-14,0.14,0.15,0.14,0.145,2480000.0,0.0
00932.HK,2021-04-15,0.145,0.145,0.145,0.145,0.0,0.0
00932.HK,2021-04-16,0.145,0.149,0.144,0.149,4044000.0,0.0
00932.HK,2021-04-19,0.142,0.149,0.142,0.146,2224000.0,0.0
00932.HK,2021-04-20,0.145,0.145,0.135,0.145,496000.0,0.0
00932.HK,2021-04-21,0.138,0.143,0.13,0.141,4176000.0,0.0
00932.HK,2021-04-22,0.14,0.14,0.136,0.137,240000.0,0.0
00932.HK,2021-04-23,0.144,0.145,0.14,0.145,2128000.0,0.0
00932.HK,2021-04-26,0.145,0.145,0.145,0.145,0.0,0.0
00932.HK,2021-04-27,0.144,0.144,0.144,0.144,1044000.0,0.0
00932.HK,2021-04-28,0.143,0.143,0.139,0.14,1272000.0,0.0
00932.HK,2021-04-29,0.132,0.135,0.132,0.135,400000.0,0.0
00932.HK,2021-04-30,0.14,0.14,0.135,0.138,2628000.0,0.0
00932.HK,2021-05-03,0.14,0.14,0.139,0.139,80000.0,0.0
00932.HK,2021-05-04,0.131,0.136,0.131,0.133,536000.0,0.0
00932.HK,2021-05-05,0.136,0.136,0.136,0.136,1000000.0,0.0
00932.HK,2021-05-06,0.136,0.136,0.131,0.136,2052000.0,0.0
00932.HK,2021-05-07,0.139,0.139,0.137,0.138,1700000.0,0.0
00932.HK,2021-05-10,0.139,0.139,0.131,0.133,164000.0,0.0
00932.HK,2021-05-11,0.133,0.134,0.131,0.131,580000.0,0.0
00932.HK,2021-05-12,0.136,0.147,0.134,0.14,2952000.0,0.0
00932.HK,2021-05-13,0.138,0.138,0.138,0.138,0.0,0.0
00932.HK,2021-05-14,0.134,0.149,0.133,0.144,3232000.0,0.0
00932.HK,2021-05-17,0.136,0.136,0.132,0.134,1716000.0,0.0
00932.HK,2021-05-18,0.137,0.138,0.137,0.137,2588000.0,0.0
00932.HK,2021-05-20,0.137,0.137,0.128,0.13,1048000.0,0.0
00932.HK,2021-05-21,0.128,0.135,0.128,0.134,1392000.0,0.0
00932.HK,2021-05-24,0.133,0.146,0.128,0.139,424000.0,0.0
00932.HK,2021-05-25,0.132,0.132,0.123,0.13,5012000.0,0.0
00932.HK,2021-05-26,0.124,0.129,0.12,0.126,3744000.0,0.0
00932.HK,2021-05-27,0.124,0.126,0.124,0.126,248000.0,0.0
00932.HK,2021-05-28,0.137,0.138,0.121,0.128,8136000.0,0.0
00932.HK,2021-05-31,0.122,0.123,0.122,0.123,380000.0,0.0
00932.HK,2021-06-01,0.123,0.123,0.123,0.123,316000.0,0.0
00932.HK,2021-06-02,0.123,0.123,0.123,0.123,0.0,0.0
00932.HK,2021-06-03,0.122,0.122,0.12,0.12,84000.0,0.0
00932.HK,2021-06-04,0.126,0.127,0.121,0.121,6004000.0,0.0
00932.HK,2021-06-07,0.122,0.126,0.122,0.126,568000.0,0.0
00932.HK,2021-06-08,0.127,0.128,0.127,0.127,172000.0,0.0
00932.HK,2021-06-09,0.127,0.127,0.127,0.127,424000.0,0.0
00932.HK,2021-06-10,0.124,0.129,0.123,0.128,1404000.0,0.0
00932.HK,2021-06-11,0.128,0.13,0.123,0.124,1740000.0,0.0
00932.HK,2021-06-15,0.124,0.128,0.123,0.125,1348000.0,0.0
00932.HK,2021-06-16,0.123,0.123,0.111,0.113,2676000.0,0.0
00932.HK,2021-06-17,0.114,0.123,0.114,0.121,204000.0,0.0
00932.HK,2021-06-18,0.113,0.114,0.11,0.114,3128000.0,0.0
00932.HK,2021-06-21,0.12,0.16,0.107,0.135,3400000.0,0.0
00932.HK,2021-06-22,0.118,0.138,0.117,0.13,1348000.0,0.0
00932.HK,2021-06-23,0.13,0.135,0.115,0.121,4112000.0,0.0
00932.HK,2021-06-24,0.121,0.124,0.121,0.124,436000.0,0.0
00932.HK,2021-06-25,0.124,0.135,0.122,0.135,1588000.0,0.0
00932.HK,2021-06-28,0.141,0.141,0.135,0.135,412000.0,0.0
00932.HK,2021-06-29,0.138,0.14,0.135,0.137,900000.0,0.0
00932.HK,2021-06-30,0.137,0.137,0.136,0.136,5000000.0,0.0
00932.HK,2021-07-02,0.135,0.135,0.125,0.126,1004000.0,0.0
00932.HK,2021-07-05,0.127,0.127,0.126,0.126,152000.0,0.0
00932.HK,2021-07-06,0.126,0.126,0.126,0.126,0.0,0.0
00932.HK,2021-07-07,0.128,0.129,0.128,0.129,1040000.0,0.0
00932.HK,2021-07-08,0.122,0.128,0.12,0.12,1964000.0,0.0
00932.HK,2021-07-09,0.12,0.12,0.114,0.12,200000.0,0.0
00932.HK,2021-07-12,0.13,0.143,0.13,0.135,4132000.0,0.0
00932.HK,2021-07-13,0.132,0.14,0.124,0.139,608000.0,0.0
00932.HK,2021-07-14,0.139,0.139,0.136,0.137,1124000.0,0.0
00932.HK,2021-07-15,0.136,0.136,0.136,0.136,0.0,0.0
00932.HK,2021-07-16,0.13,0.13,0.12,0.122,3968000.0,0.0
00932.HK,2021-07-19,0.123,0.123,0.123,0.123,4000.0,0.0
00932.HK,2021-07-20,0.123,0.123,0.122,0.122,204000.0,0.0
00932.HK,2021-07-21,0.122,0.122,0.122,0.122,80000.0,0.0
00932.HK,2021-07-22,0.122,0.122,0.12,0.122,1036000.0,0.0
00932.HK,2021-07-23,0.122,0.122,0.122,0.122,4000.0,0.0
00932.HK,2021-07-26,0.122,0.123,0.11,0.11,2928000.0,0.0
00932.HK,2021-07-27,0.112,0.129,0.112,0.119,1824000.0,0.0
00932.HK,2021-07-28,0.119,0.119,0.119,0.119,0.0,0.0
00932.HK,2021-07-29,0.119,0.119,0.119,0.119,20000.0,0.0
00932.HK,2021-07-30,0.114,0.125,0.114,0.125,684000.0,0.0
00932.HK,2021-08-02,0.134,0.136,0.118,0.118,1832000.0,0.0
00932.HK,2021-08-03,0.119,0.122,0.119,0.121,1464000.0,0.0
00932.HK,2021-08-04,0.126,0.13,0.126,0.127,200000.0,0.0
00932.HK,2021-08-05,0.127,0.127,0.126,0.126,100000.0,0.0
00932.HK,2021-08-06,0.117,0.136,0.117,0.13,2564000.0,0.0
00932.HK,2021-08-09,0.121,0.135,0.121,0.13,476000.0,0.0
00932.HK,2021-08-10,0.131,0.139,0.13,0.138,3980000.0,0.0
00932.HK,2021-08-11,0.14,0.204,0.13,0.146,116276000.0,0.0
00932.HK,2021-08-12,0.166,0.175,0.146,0.15,47676000.0,0.0
00932.HK,2021-08-13,0.163,0.176,0.157,0.175,25900000.0,0.0
00932.HK,2021-08-16,0.184,0.24,0.178,0.228,102100000.0,0.0
00932.HK,2021-08-17,0.245,0.275,0.213,0.26,64608000.0,0.0
00932.HK,2021-08-18,0.27,0.285,0.238,0.248,30060000.0,0.0
00932.HK,2021-08-19,0.255,0.265,0.236,0.25,15428000.0,0.0
00932.HK,2021-08-20,0.25,0.255,0.238,0.25,20196000.0,0.0
00932.HK,2021-08-23,0.25,0.255,0.242,0.25,17756000.0,0.0
00932.HK,2021-08-24,0.25,0.25,0.225,0.232,21092000.0,0.0
00932.HK,2021-08-25,0.231,0.231,0.217,0.217,11128000.0,0.0
00932.HK,2021-08-26,0.217,0.25,0.217,0.231,18800000.0,0.0
00932.HK,2021-08-27,0.24,0.245,0.228,0.231,10272000.0,0.0
00932.HK,2021-08-30,0.238,0.238,0.227,0.238,10272000.0,0.0
00932.HK,2021-08-31,0.24,0.243,0.231,0.238,11092000.0,0.0
00932.HK,2021-09-01,0.237,0.237,0.227,0.235,10540000.0,0.0
00932.HK,2021-09-02,0.235,0.235,0.227,0.23,10052000.0,0.0
00932.HK,2021-09-03,0.231,0.233,0.229,0.229,10300000.0,0.0
00932.HK,2021-09-06,0.234,0.235,0.227,0.23,10660000.0,0.0
00932.HK,2021-09-07,0.233,0.234,0.228,0.233,11800000.0,0.0
00932.HK,2021-09-08,0.233,0.234,0.23,0.232,10052000.0,0.0
00932.HK,2021-09-09,0.234,0.275,0.233,0.265,28588000.0,0.0
00932.HK,2021-09-10,0.265,0.27,0.25,0.26,5032000.0,0.0
00932.HK,2021-09-13,0.265,0.265,0.25,0.255,3356000.0,0.0
00932.HK,2021-09-14,0.26,0.265,0.248,0.248,6912000.0,0.0
00932.HK,2021-09-15,0.237,0.25,0.237,0.247,5392000.0,0.0
00932.HK,2021-09-16,0.25,0.325,0.25,0.31,53342000.0,0.0
00932.HK,2021-09-17,0.315,0.4,0.31,0.385,60000000.0,0.0
00932.HK,2021-09-20,0.385,0.425,0.33,0.365,40284000.0,0.0
00932.HK,2021-09-21,0.36,0.405,0.34,0.405,17980000.0,0.0
00932.HK,2021-09-23,0.415,0.42,0.385,0.39,10112000.0,0.0
00932.HK,2021-09-24,0.39,0.4,0.36,0.365,9496000.0,0.0
00932.HK,2021-09-27,0.36,0.365,0.32,0.33,15632000.0,0.0
00932.HK,2021-09-28,0.32,0.37,0.3,0.355,138404000.0,0.0
00932.HK,2021-09-29,0.365,0.39,0.365,0.37,26276000.0,0.0
00932.HK,2021-09-30,0.37,0.405,0.37,0.395,28736000.0,0.0
00932.HK,2021-10-04,0.405,0.41,0.365,0.39,21744000.0,0.0
00932.HK,2021-10-05,0.39,0.395,0.38,0.39,35036000.0,0.0
00932.HK,2021-10-06,0.4,0.405,0.38,0.39,31144000.0,0.0
00932.HK,2021-10-07,0.39,0.39,0.375,0.38,25304000.0,0.0
00932.HK,2021-10-08,0.38,0.405,0.375,0.38,27716000.0,0.0
00932.HK,2021-10-11,0.39,0.395,0.375,0.38,27080000.0,0.0
00932.HK,2021-10-12,0.385,0.395,0.38,0.385,68548000.0,0.0
00932.HK,2021-10-15,0.385,0.395,0.38,0.385,24336000.0,0.0
00932.HK,2021-10-18,0.385,0.405,0.385,0.39,24220000.0,0.0
00932.HK,2021-10-19,0.39,0.395,0.385,0.39,26964000.0,0.0
00932.HK,2021-10-20,0.39,0.42,0.385,0.41,110584000.0,0.0
00932.HK,2021-10-21,0.415,0.44,0.385,0.395,160720000.0,0.0
00932.HK,2021-10-22,0.4,0.405,0.38,0.395,30492000.0,0.0
00932.HK,2021-10-25,0.4,0.41,0.385,0.385,19596000.0,0.0
00932.HK,2021-10-26,0.385,0.39,0.375,0.39,38156000.0,0.0
00932.HK,2021-10-27,0.39,0.395,0.38,0.39,17880000.0,0.0
00932.HK,2021-10-28,0.39,0.415,0.385,0.405,73730000.0,0.0
00932.HK,2021-10-29,0.405,0.41,0.395,0.405,54028000.0,0.0
00932.HK,2021-11-01,0.4,0.405,0.375,0.385,55952000.0,0.0
00932.HK,2021-11-02,0.385,0.395,0.38,0.39,21060000.0,0.0
00932.HK,2021-11-03,0.39,0.4,0.38,0.385,39164000.0,0.0
00932.HK,2021-11-04,0.385,0.385,0.365,0.38,26436000.0,0.0
00932.HK,2021-11-05,0.38,0.38,0.355,0.355,17036000.0,0.0
00932.HK,2021-11-08,0.355,0.365,0.295,0.32,35664000.0,0.0
00932.HK,2021-11-09,0.32,0.345,0.295,0.335,46544000.0,0.0
00932.HK,2021-11-10,0.335,0.34,0.31,0.325,10220000.0,0.0
00932.HK,2021-11-11,0.325,0.33,0.31,0.325,9104000.0,0.0
00932.HK,2021-11-12,0.32,0.34,0.32,0.33,21120000.0,0.0
00932.HK,2021-11-15,0.33,0.34,0.32,0.335,47904000.0,0.0
00932.HK,2021-11-16,0.335,0.37,0.335,0.355,68392000.0,0.0
00932.HK,2021-11-17,0.36,0.375,0.33,0.335,41852000.0,0.0
00932.HK,2021-11-18,0.335,0.34,0.325,0.335,15492000.0,0.0
00932.HK,2021-11-19,0.335,0.345,0.31,0.32,27984000.0,0.0
00932.HK,2021-11-22,0.32,0.33,0.295,0.325,51764000.0,0.0
00932.HK,2021-11-23,0.325,0.34,0.31,0.34,48552000.0,0.0
00932.HK,2021-11-24,0.34,0.35,0.315,0.33,28224000.0,0.0
00932.HK,2021-11-25,0.33,0.34,0.31,0.32,19172000.0,0.0
00932.HK,2021-11-26,0.315,0.325,0.295,0.305,15040000.0,0.0
00932.HK,2021-11-29,0.305,0.315,0.29,0.3,17340000.0,0.0
00932.HK,2021-11-30,0.305,0.305,0.29,0.305,9760000.0,0.0
00932.HK,2021-12-01,0.305,0.32,0.305,0.315,23448000.0,0.0
00932.HK,2021-12-02,0.31,0.32,0.305,0.315,7876000.0,0.0
00932.HK,2021-12-03,0.315,0.32,0.3,0.3,6668000.0,0.0
00932.HK,2021-12-06,0.3,0.31,0.295,0.305,8148000.0,0.0
00932.HK,2021-12-07,0.305,0.31,0.295,0.3,7512000.0,0.0
00932.HK,2021-12-08,0.3,0.31,0.29,0.3,11652000.0,0.0
00932.HK,2021-12-09,0.3,0.305,0.29,0.3,4116000.0,0.0
00932.HK,2021-12-10,0.295,0.3,0.29,0.295,2760000.0,0.0
00932.HK,2021-12-13,0.3,0.315,0.295,0.3,19344000.0,0.0
00932.HK,2021-12-14,0.3,0.3,0.29,0.295,3232000.0,0.0
00932.HK,2021-12-15,0.295,0.31,0.285,0.295,22804000.0,0.0
00932.HK,2021-12-16,0.295,0.3,0.29,0.3,10916000.0,0.0
00932.HK,2021-12-17,0.295,0.305,0.295,0.295,20452000.0,0.0
00932.HK,2021-12-20,0.3,0.3,0.29,0.29,3624000.0,0.0
00932.HK,2021-12-21,0.29,0.295,0.285,0.295,3320000.0,0.0
00932.HK,2021-12-22,0.295,0.295,0.29,0.29,5244000.0,0.0
00932.HK,2021-12-23,0.29,0.295,0.265,0.27,16824000.0,0.0
00932.HK,2021-12-24,0.27,0.275,0.265,0.27,1456000.0,0.0
00932.HK,2021-12-28,0.27,0.285,0.27,0.27,16784000.0,0.0
00932.HK,2021-12-29,0.27,0.28,0.27,0.275,6648000.0,0.0
00932.HK,2021-12-30,0.275,0.29,0.27,0.285,15132000.0,0.0
00932.HK,2021-12-31,0.285,0.3,0.28,0.295,15748000.0,0.0
00932.HK,2022-01-03,0.295,0.3,0.28,0.285,9808000.0,0.0
00932.HK,2022-01-04,0.285,0.29,0.275,0.28,7400000.0,0.0
00932.HK,2022-01-05,0.28,0.285,0.255,0.265,5716000.0,0.0
00932.HK,2022-01-06,0.26,0.26,0.242,0.255,8388000.0,0.0
00932.HK,2022-01-07,0.255,0.265,0.248,0.255,3744000.0,0.0
00932.HK,2022-01-10,0.25,0.265,0.245,0.247,13984000.0,0.0
00932.HK,2022-01-11,0.247,0.255,0.234,0.238,5156000.0,0.0
00932.HK,2022-01-12,0.24,0.24,0.224,0.232,5636000.0,0.0
00932.HK,2022-01-13,0.233,0.233,0.207,0.217,5624000.0,0.0
00932.HK,2022-01-14,0.217,0.226,0.209,0.225,6044000.0,0.0
00932.HK,2022-01-17,0.226,0.26,0.22,0.244,4004000.0,0.0
00932.HK,2022-01-18,0.244,0.28,0.244,0.275,19548000.0,0.0
00932.HK,2022-01-19,0.275,0.285,0.26,0.27,6344000.0,0.0
00932.HK,2022-01-20,0.26,0.275,0.23,0.235,10676000.0,0.0
00932.HK,2022-01-21,0.24,0.243,0.229,0.23,2068000.0,0.0
00932.HK,2022-01-24,0.233,0.239,0.213,0.215,8760000.0,0.0
00932.HK,2022-01-25,0.217,0.224,0.189,0.204,10232000.0,0.0
00932.HK,2022-01-26,0.198,0.201,0.167,0.182,18060000.0,0.0
00932.HK,2022-01-27,0.182,0.199,0.179,0.186,2824000.0,0.0
00932.HK,2022-01-28,0.186,0.197,0.186,0.186,1608000.0,0.0
00932.HK,2022-01-31,0.195,0.195,0.189,0.189,444000.0,0.0
00932.HK,2022-02-04,0.189,0.195,0.188,0.19,1512000.0,0.0
00932.HK,2022-02-07,0.19,0.195,0.19,0.19,1368000.0,0.0
00932.HK,2022-02-08,0.19,0.195,0.185,0.188,3560000.0,0.0
00932.HK,2022-02-09,0.188,0.197,0.186,0.189,3728000.0,0.0
00932.HK,2022-02-10,0.193,0.193,0.189,0.19,1452000.0,0.0
00932.HK,2022-02-11,0.19,0.19,0.189,0.189,1016000.0,0.0
00932.HK,2022-02-14,0.189,0.217,0.189,0.212,31476000.0,0.0
00932.HK,2022-02-15,0.21,0.23,0.203,0.213,19984000.0,0.0
00932.HK,2022-02-16,0.212,0.228,0.21,0.21,7948000.0,0.0
00932.HK,2022-02-17,0.217,0.22,0.199,0.2,11068000.0,0.0
00932.HK,2022-02-18,0.2,0.206,0.2,0.204,1068000.0,0.0
00932.HK,2022-02-21,0.203,0.203,0.201,0.203,544000.0,0.0
00932.HK,2022-02-22,0.203,0.205,0.2,0.2,768000.0,0.0
00932.HK,2022-02-23,0.206,0.206,0.204,0.204,164000.0,0.0
00932.HK,2022-02-24,0.204,0.228,0.201,0.206,9740000.0,0.0
00932.HK,2022-02-25,0.208,0.211,0.19,0.2,1452000.0,0.0
00932.HK,2022-02-28,0.199,0.199,0.199,0.199,8000.0,0.0
00932.HK,2022-03-01,0.196,0.217,0.195,0.197,4600000.0,0.0
00932.HK,2022-03-02,0.203,0.215,0.198,0.198,5916000.0,0.0
00932.HK,2022-03-03,0.197,0.207,0.196,0.198,224000.0,0.0
00932.HK,2022-03-04,0.197,0.198,0.192,0.197,216000.0,0.0
00932.HK,2022-03-07,0.196,0.196,0.196,0.196,284000.0,0.0
00932.HK,2022-03-08,0.196,0.196,0.188,0.188,848000.0,0.0
00932.HK,2022-03-09,0.195,0.195,0.185,0.185,380000.0,0.0
00932.HK,2022-03-10,0.188,0.188,0.187,0.187,136000.0,0.0
00932.HK,2022-03-11,0.187,0.187,0.179,0.184,7896000.0,0.0
00932.HK,2022-03-14,0.182,0.182,0.17,0.178,1192000.0,0.0
00932.HK,2022-03-15,0.175,0.175,0.161,0.171,580000.0,0.0
00932.HK,2022-03-16,0.18,0.18,0.178,0.178,72000.0,0.0
00932.HK,2022-03-17,0.178,0.18,0.178,0.18,24000.0,0.0
00932.HK,2022-03-18,0.178,0.18,0.171,0.18,1780000.0,0.0
00932.HK,2022-03-21,0.18,0.18,0.17,0.18,52000.0,0.0
00932.HK,2022-03-22,0.175,0.179,0.175,0.178,664000.0,0.0
00932.HK,2022-03-23,0.18,0.218,0.174,0.187,6612000.0,0.0
00932.HK,2022-03-24,0.181,0.188,0.18,0.188,400000.0,0.0
00932.HK,2022-03-25,0.19,0.19,0.182,0.182,536000.0,0.0
00932.HK,2022-03-28,0.176,0.176,0.174,0.174,148000.0,0.0
00932.HK,2022-03-29,0.172,0.187,0.162,0.175,17616000.0,0.0
00932.HK,2022-03-30,0.171,0.179,0.163,0.17,280000.0,0.0
00932.HK,2022-03-31,0.17,0.17,0.156,0.168,7332000.0,0.0
00932.HK,2022-04-01,0.163,0.167,0.158,0.167,1132000.0,0.0
00932.HK,2022-04-04,0.17,0.171,0.168,0.168,372000.0,0.0
00932.HK,2022-04-06,0.162,0.171,0.16,0.167,1768000.0,0.0
00932.HK,2022-04-07,0.161,0.167,0.158,0.165,152000.0,0.0
00932.HK,2022-04-08,0.168,0.168,0.154,0.167,76000.0,0.0
00932.HK,2022-04-11,0.16,0.17,0.155,0.159,176000.0,0.0
00932.HK,2022-04-12,0.159,0.16,0.154,0.16,492000.0,0.0
00932.HK,2022-04-13,0.16,0.168,0.158,0.167,56000.0,0.0
00932.HK,2022-04-14,0.16,0.162,0.156,0.16,1188000.0,0.0
00932.HK,2022-04-19,0.16,0.164,0.155,0.161,820000.0,0.0
00932.HK,2022-04-20,0.159,0.165,0.158,0.162,36000.0,0.0
00932.HK,2022-04-21,0.16,0.169,0.155,0.162,120000.0,0.0
00932.HK,2022-04-22,0.17,0.17,0.157,0.166,1328000.0,0.0
00932.HK,2022-04-25,0.164,0.164,0.164,0.164,0.0,0.0
00932.HK,2022-04-26,0.164,0.167,0.159,0.167,64000.0,0.0
00932.HK,2022-04-27,0.16,0.168,0.16,0.168,104000.0,0.0
00932.HK,2022-04-28,0.16,0.168,0.16,0.168,108000.0,0.0
00932.HK,2022-04-29,0.164,0.173,0.158,0.17,1172000.0,0.0
00932.HK,2022-05-03,0.16,0.161,0.151,0.158,1496000.0,0.0
00932.HK,2022-05-04,0.165,0.17,0.154,0.16,860000.0,0.0
00932.HK,2022-05-05,0.16,0.16,0.16,0.16,1136000.0,0.0
00932.HK,2022-05-06,0.158,0.16,0.155,0.16,300000.0,0.0
00932.HK,2022-05-10,0.16,0.16,0.141,0.148,1072000.0,0.0
00932.HK,2022-05-11,0.15,0.152,0.145,0.147,1152000.0,0.0
00932.HK,2022-05-12,0.149,0.149,0.137,0.139,776000.0,0.0
00932.HK,2022-05-13,0.14,0.141,0.138,0.141,256000.0,0.0
00932.HK,2022-05-16,0.141,0.142,0.136,0.141,312000.0,0.0
00932.HK,2022-05-17,0.141,0.141,0.134,0.138,1724000.0,0.0
00932.HK,2022-05-18,0.138,0.148,0.137,0.139,2000000.0,0.0
00932.HK,2022-05-19,0.138,0.138,0.131,0.137,1392000.0,0.0
00932.HK,2022-05-20,0.137,0.139,0.128,0.139,444000.0,0.0
00932.HK,2022-05-23,0.14,0.14,0.134,0.136,3332000.0,0.0
00932.HK,2022-05-24,0.137,0.137,0.121,0.133,16736000.0,0.0
00932.HK,2022-05-25,0.14,0.145,0.133,0.138,5172000.0,0.0
00932.HK,2022-05-26,0.137,0.142,0.132,0.135,8188000.0,0.0
00932.HK,2022-05-27,0.134,0.135,0.129,0.135,10188000.0,0.0
00932.HK,2022-05-30,0.13,0.13,0.122,0.127,5364000.0,0.0
00932.HK,2022-05-31,0.129,0.129,0.125,0.127,684000.0,0.0
00932.HK,2022-06-01,0.127,0.139,0.127,0.137,4432000.0,0.0
00932.HK,2022-06-02,0.137,0.137,0.136,0.136,40000.0,0.0
00932.HK,2022-06-06,0.136,0.136,0.136,0.136,0.0,0.0
00932.HK,2022-06-07,0.128,0.136,0.128,0.136,1204000.0,0.0
00932.HK,2022-06-08,0.128,0.136,0.128,0.136,312000.0,0.0
00932.HK,2022-06-09,0.138,0.138,0.136,0.136,348000.0,0.0
00932.HK,2022-06-10,0.135,0.135,0.135,0.135,0.0,0.0
00932.HK,2022-06-13,0.135,0.136,0.131,0.136,2448000.0,0.0
00932.HK,2022-06-14,0.131,0.131,0.128,0.129,1792000.0,0.0
00932.HK,2022-06-15,0.13,0.137,0.13,0.135,1028000.0,0.0
00932.HK,2022-06-16,0.133,0.133,0.133,0.133,0.0,0.0
00932.HK,2022-06-17,0.134,0.136,0.133,0.136,192000.0,0.0
00932.HK,2022-06-20,0.136,0.136,0.136,0.136,0.0,0.0
00932.HK,2022-06-21,0.136,0.136,0.136,0.136,32000.0,0.0
00932.HK,2022-06-22,0.136,0.136,0.134,0.134,156000.0,0.0
00932.HK,2022-06-23,0.131,0.134,0.124,0.127,160000.0,0.0
00932.HK,2022-06-24,0.13,0.13,0.13,0.13,0.0,0.0
00932.HK,2022-06-27,0.131,0.133,0.131,0.132,1116000.0,0.0
00932.HK,2022-06-28,0.135,0.135,0.135,0.135,40000.0,0.0
00932.HK,2022-06-29,0.138,0.138,0.138,0.138,184000.0,0.0
00932.HK,2022-06-30,0.142,0.142,0.139,0.139,132000.0,0.0
00932.HK,2022-07-04,0.14,0.14,0.14,0.14,52000.0,0.0
00932.HK,2022-07-05,0.14,0.14,0.14,0.14,0.0,0.0
00932.HK,2022-07-06,0.14,0.14,0.14,0.14,0.0,0.0
00932.HK,2022-07-07,0.13,0.139,0.125,0.133,456000.0,0.0
00932.HK,2022-07-08,0.133,0.133,0.133,0.133,0.0,0.0
00932.HK,2022-07-11,0.132,0.133,0.121,0.124,560000.0,0.0
00932.HK,2022-07-12,0.122,0.124,0.122,0.124,180000.0,0.0
00932.HK,2022-07-13,0.124,0.127,0.121,0.127,1384000.0,0.0
00932.HK,2022-07-14,0.127,0.127,0.127,0.127,0.0,0.0
00932.HK,2022-07-15,0.135,0.17,0.131,0.136,1608000.0,0.0
00932.HK,2022-07-18,0.128,0.136,0.125,0.136,64000.0,0.0
00932.HK,2022-07-19,0.13,0.13,0.13,0.13,0.0,0.0
00932.HK,2022-07-20,0.13,0.13,0.13,0.13,0.0,0.0
00932.HK,2022-07-21,0.13,0.13,0.13,0.13,0.0,0.0
00932.HK,2022-07-22,0.122,0.131,0.122,0.123,324000.0,0.0
00932.HK,2022-07-25,0.123,0.123,0.123,0.123,0.0,0.0
00932.HK,2022-07-26,0.13,0.13,0.13,0.13,208000.0,0.0
00932.HK,2022-07-27,0.13,0.13,0.13,0.13,0.0,0.0
00932.HK,2022-07-28,0.125,0.129,0.12,0.129,208000.0,0.0
00932.HK,2022-07-29,0.131,0.131,0.124,0.124,252000.0,0.0
00932.HK,2022-08-01,0.121,0.155,0.121,0.132,1220000.0,0.0
00932.HK,2022-08-02,0.13,0.178,0.128,0.15,7868000.0,0.0
00932.HK,2022-08-03,0.137,0.191,0.137,0.187,15508000.0,0.0
00932.HK,2022-08-04,0.187,0.187,0.175,0.175,4760000.0,0.0
00932.HK,2022-08-05,0.175,0.176,0.175,0.176,856000.0,0.0
00932.HK,2022-08-08,0.175,0.175,0.154,0.155,1692000.0,0.0
00932.HK,2022-08-09,0.169,0.169,0.158,0.16,304000.0,0.0
00932.HK,2022-08-10,0.158,0.159,0.158,0.159,1332000.0,0.0
00932.HK,2022-08-11,0.164,0.167,0.164,0.166,460000.0,0.0
00932.HK,2022-08-12,0.155,0.165,0.152,0.165,800000.0,0.0
00932.HK,2022-08-15,0.159,0.159,0.159,0.159,0.0,0.0
00932.HK,2022-08-16,0.157,0.157,0.157,0.157,80000.0,0.0
00932.HK,2022-08-17,0.156,0.156,0.156,0.156,456000.0,0.0
00932.HK,2022-08-18,0.143,0.15,0.142,0.15,168000.0,0.0
00932.HK,2022-08-19,0.15,0.166,0.123,0.148,7288000.0,0.0
00932.HK,2022-08-22,0.138,0.148,0.131,0.148,196000.0,0.0
00932.HK,2022-08-23,0.148,0.148,0.147,0.147,20000.0,0.0
00932.HK,2022-08-24,0.146,0.146,0.145,0.146,72000.0,0.0
00932.HK,2022-08-25,0.136,0.146,0.135,0.146,236000.0,0.0
00932.HK,2022-08-26,0.15,0.16,0.142,0.142,1460000.0,0.0
00932.HK,2022-08-29,0.139,0.139,0.139,0.139,100000.0,0.0
00932.HK,2022-08-30,0.14,0.14,0.136,0.136,616000.0,0.0
00932.HK,2022-08-31,0.142,0.142,0.14,0.14,8000.0,0.0
00932.HK,2022-09-01,0.14,0.14,0.14,0.14,0.0,0.0
00932.HK,2022-09-02,0.14,0.14,0.14,0.14,0.0,0.0
00932.HK,2022-09-05,0.13,0.14,0.125,0.134,128000.0,0.0
00932.HK,2022-09-06,0.129,0.134,0.129,0.134,20000.0,0.0
00932.HK,2022-09-07,0.134,0.157,0.134,0.15,112000.0,0.0
00932.HK,2022-09-08,0.148,0.148,0.148,0.148,0.0,0.0
00932.HK,2022-09-09,0.143,0.144,0.13,0.132,324000.0,0.0
00932.HK,2022-09-13,0.129,0.149,0.129,0.145,140000.0,0.0
00932.HK,2022-09-14,0.131,0.131,0.131,0.131,8000.0,0.0
00932.HK,2022-09-15,0.131,0.131,0.131,0.131,0.0,0.0
00932.HK,2022-09-16,0.131,0.131,0.131,0.131,0.0,0.0
00932.HK,2022-09-19,0.131,0.131,0.131,0.131,0.0,0.0
00932.HK,2022-09-20,0.131,0.131,0.131,0.131,0.0,0.0
00932.HK,2022-09-21,0.137,0.137,0.136,0.136,340000.0,0.0
00932.HK,2022-09-22,0.128,0.134,0.128,0.134,28000.0,0.0
00932.HK,2022-09-23,0.128,0.129,0.127,0.127,96000.0,0.0
00932.HK,2022-09-26,0.122,0.122,0.117,0.121,1436000.0,0.0
00932.HK,2022-09-27,0.129,0.129,0.118,0.118,272000.0,0.0
00932.HK,2022-09-28,0.113,0.115,0.09,0.112,244000.0,0.0
00932.HK,2022-09-29,0.118,0.118,0.112,0.112,256000.0,0.0
00932.HK,2022-09-30,0.108,0.11,0.1,0.103,796000.0,0.0
00932.HK,2022-10-03,0.103,0.103,0.096,0.096,136000.0,0.0
00932.HK,2022-10-05,0.106,0.116,0.106,0.114,96000.0,0.0
00932.HK,2022-10-06,0.114,0.114,0.114,0.114,4000.0,0.0
00932.HK,2022-10-07,0.113,0.113,0.113,0.113,0.0,0.0
00932.HK,2022-10-10,0.113,0.113,0.113,0.113,0.0,0.0
00932.HK,2022-10-11,0.1,0.108,0.094,0.094,1240000.0,0.0
00932.HK,2022-10-12,0.096,0.096,0.088,0.088,52936000.0,0.0
00932.HK,2022-10-13,0.088,0.092,0.082,0.082,808000.0,0.0
00932.HK,2022-10-14,0.088,0.088,0.075,0.075,1412000.0,0.0
00932.HK,2022-10-17,0.081,0.081,0.07,0.077,68841516.0,0.0
00932.HK,2022-10-18,0.077,0.086,0.077,0.08,856000.0,0.0
00932.HK,2022-10-19,0.1,0.1,0.08,0.08,992000.0,0.0
00932.HK,2022-10-20,0.081,0.081,0.08,0.08,308000.0,0.0
00932.HK,2022-10-21,0.081,0.088,0.08,0.088,1356000.0,0.0
00932.HK,2022-10-24,0.08,0.093,0.08,0.093,204000.0,0.0
00932.HK,2022-10-25,0.092,0.092,0.076,0.076,728000.0,0.0
00932.HK,2022-10-26,0.085,0.086,0.077,0.085,1124000.0,0.0
00932.HK,2022-10-27,0.084,0.084,0.08,0.08,756000.0,0.0
00932.HK,2022-10-28,0.089,0.094,0.077,0.08,884000.0,0.0
00932.HK,2022-10-31,0.076,0.076,0.076,0.076,200000.0,0.0
00932.HK,2022-11-01,0.077,0.077,0.073,0.076,732000.0,0.0
00932.HK,2022-11-02,0.076,0.082,0.076,0.082,348000.0,0.0
00932.HK,2022-11-03,0.076,0.082,0.076,0.082,48000.0,0.0
00932.HK,2022-11-04,0.082,0.082,0.079,0.079,180000.0,0.0
00932.HK,2022-11-07,0.08,0.088,0.08,0.08,512000.0,0.0
00932.HK,2022-11-08,0.081,0.085,0.081,0.085,520000.0,0.0
00932.HK,2022-11-09,0.085,0.085,0.085,0.085,0.0,0.0
00932.HK,2022-11-10,0.08,0.084,0.078,0.084,340000.0,0.0
00932.HK,2022-11-11,0.084,0.088,0.08,0.08,152000.0,0.0
00932.HK,2022-11-14,0.077,0.087,0.075,0.085,1168000.0,0.0
00932.HK,2022-11-15,0.085,0.089,0.085,0.089,88000.0,0.0
00932.HK,2022-11-16,0.089,0.089,0.08,0.089,196000.0,0.0
00932.HK,2022-11-17,0.082,0.086,0.081,0.086,1000000.0,0.0
00932.HK,2022-11-18,0.09,0.09,0.083,0.088,496000.0,0.0
00932.HK,2022-11-21,0.088,0.127,0.088,0.102,3496000.0,0.0
00932.HK,2022-11-22,0.091,0.096,0.087,0.088,772000.0,0.0
00932.HK,2022-11-23,0.09,0.09,0.09,0.09,0.0,0.0
00932.HK,2022-11-24,0.098,0.098,0.093,0.093,80000.0,0.0
00932.HK,2022-11-25,0.093,0.093,0.093,0.093,44000.0,0.0
00932.HK,2022-11-28,0.083,0.093,0.083,0.086,136000.0,0.0
00932.HK,2022-11-29,0.082,0.099,0.08,0.099,1440000.0,0.0
00932.HK,2022-11-30,0.096,0.096,0.084,0.091,1588000.0,0.0
00932.HK,2022-12-01,0.086,0.094,0.086,0.094,264000.0,0.0
00932.HK,2022-12-02,0.09,0.09,0.085,0.086,2848000.0,0.0
00932.HK,2022-12-05,0.081,0.09,0.081,0.088,304000.0,0.0
00932.HK,2022-12-06,0.083,0.086,0.081,0.086,696000.0,0.0
00932.HK,2022-12-07,0.086,0.089,0.086,0.089,524000.0,0.0
00932.HK,2022-12-08,0.086,0.089,0.086,0.089,1788000.0,0.0
00932.HK,2022-12-09,0.089,0.09,0.089,0.09,384000.0,0.0
00932.HK,2022-12-12,0.09,0.09,0.086,0.089,864000.0,0.0
00932.HK,2022-12-13,0.087,0.087,0.087,0.087,460000.0,0.0
00932.HK,2022-12-14,0.087,0.09,0.083,0.083,1084000.0,0.0
00932.HK,2022-12-15,0.081,0.088,0.081,0.088,140000.0,0.0
00932.HK,2022-12-16,0.087,0.087,0.087,0.087,100000.0,0.0
00932.HK,2022-12-19,0.09,0.09,0.081,0.085,592000.0,0.0
00932.HK,2022-12-20,0.083,0.088,0.082,0.088,472000.0,0.0
00932.HK,2022-12-21,0.082,0.089,0.078,0.086,112000.0,0.0
00932.HK,2022-12-22,0.086,0.086,0.086,0.086,0.0,0.0
00932.HK,2022-12-23,0.085,0.086,0.085,0.086,2828000.0,0.0
00932.HK,2022-12-28,0.083,0.086,0.083,0.085,284000.0,0.0
00932.HK,2022-12-29,0.082,0.085,0.082,0.084,184000.0,0.0
00932.HK,2022-12-30,0.083,0.083,0.083,0.083,20000.0,0.0
00932.HK,2023-01-03,0.083,0.083,0.081,0.081,272000.0,0.0
00932.HK,2023-01-04,0.081,0.09,0.081,0.081,648000.0,0.0
00932.HK,2023-01-05,0.078,0.085,0.078,0.081,808000.0,0.0
00932.HK,2023-01-06,0.081,0.081,0.081,0.081,260000.0,0.0
00932.HK,2023-01-09,0.081,0.087,0.081,0.081,504000.0,0.0
00932.HK,2023-01-10,0.081,0.081,0.081,0.081,328000.0,0.0
00932.HK,2023-01-11,0.081,0.081,0.081,0.081,3208000.0,0.0
00932.HK,2023-01-12,0.081,0.082,0.08,0.082,704000.0,0.0
00932.HK,2023-01-13,0.082,0.082,0.082,0.082,0.0,0.0
00932.HK,2023-01-16,0.085,0.085,0.077,0.081,364000.0,0.0
00932.HK,2023-01-17,0.08,0.081,0.08,0.081,408000.0,0.0
00932.HK,2023-01-18,0.084,0.084,0.078,0.082,1320000.0,0.0
00932.HK,2023-01-19,0.083,0.083,0.083,0.083,1036000.0,0.0
00932.HK,2023-01-20,0.083,0.083,0.083,0.083,0.0,0.0
00932.HK,2023-01-26,0.097,0.097,0.093,0.093,68000.0,0.0
00932.HK,2023-01-27,0.092,0.092,0.092,0.092,0.0,0.0
00932.HK,2023-01-30,0.085,0.092,0.077,0.082,1896000.0,0.0
00932.HK,2023-01-31,0.082,0.082,0.082,0.082,120000.0,0.0
00932.HK,2023-02-01,0.077,0.082,0.077,0.082,100000.0,0.0
00932.HK,2023-02-02,0.082,0.082,0.077,0.078,588000.0,0.0
00932.HK,2023-02-03,0.082,0.082,0.076,0.077,652000.0,0.0
00932.HK,2023-02-06,0.079,0.13,0.078,0.086,40940000.0,0.0
00932.HK,2023-02-07,0.098,0.18,0.098,0.123,174252000.0,0.0
00932.HK,2023-02-08,0.13,0.138,0.1,0.105,29656000.0,0.0
00932.HK,2023-02-09,0.105,0.129,0.101,0.109,25396000.0,0.0
00932.HK,2023-02-10,0.109,0.112,0.104,0.106,6596000.0,0.0
00932.HK,2023-02-13,0.106,0.115,0.102,0.107,7540000.0,0.0
00932.HK,2023-02-14,0.103,0.106,0.1,0.104,1580000.0,0.0
00932.HK,2023-02-15,0.104,0.105,0.097,0.1,8264000.0,0.0
00932.HK,2023-02-16,0.1,0.101,0.092,0.094,1536000.0,0.0
00932.HK,2023-02-17,0.094,0.094,0.091,0.093,384000.0,0.0
00932.HK,2023-02-20,0.093,0.095,0.087,0.095,1252000.0,0.0
00932.HK,2023-02-21,0.095,0.097,0.085,0.089,1208000.0,0.0
00932.HK,2023-02-22,0.09,0.09,0.087,0.088,5268000.0,0.0
00932.HK,2023-02-23,0.088,0.088,0.087,0.087,1140000.0,0.0
00932.HK,2023-02-24,0.086,0.086,0.084,0.085,580000.0,0.0
00932.HK,2023-02-27,0.085,0.087,0.085,0.087,572000.0,0.0
00932.HK,2023-02-28,0.087,0.09,0.087,0.09,1040000.0,0.0
00932.HK,2023-03-01,0.089,0.089,0.083,0.088,184000.0,0.0
00932.HK,2023-03-02,0.083,0.087,0.083,0.087,232000.0,0.0
00932.HK,2023-03-03,0.087,0.087,0.087,0.087,200000.0,0.0
00932.HK,2023-03-06,0.087,0.087,0.085,0.085,740000.0,0.0
00932.HK,2023-03-07,0.085,0.085,0.08,0.081,1140000.0,0.0
00932.HK,2023-03-08,0.081,0.081,0.076,0.08,3620000.0,0.0
00932.HK,2023-03-09,0.079,0.08,0.079,0.08,8028000.0,0.0
00932.HK,2023-03-10,0.077,0.079,0.075,0.079,1084000.0,0.0
00932.HK,2023-03-13,0.076,0.076,0.074,0.075,2280000.0,0.0
00932.HK,2023-03-14,0.074,0.074,0.071,0.073,1680000.0,0.0
00932.HK,2023-03-15,0.078,0.078,0.071,0.072,464000.0,0.0
00932.HK,2023-03-16,0.074,0.076,0.071,0.071,484000.0,0.0
00932.HK,2023-03-17,0.072,0.072,0.071,0.072,720000.0,0.0
00932.HK,2023-03-20,0.072,0.075,0.067,0.073,1400000.0,0.0
00932.HK,2023-03-21,0.072,0.072,0.068,0.072,1752000.0,0.0
00932.HK,2023-03-22,0.068,0.073,0.068,0.072,296000.0,0.0
00932.HK,2023-03-23,0.068,0.072,0.068,0.072,1184000.0,0.0
00932.HK,2023-03-24,0.068,0.072,0.068,0.072,12000.0,0.0
00932.HK,2023-03-27,0.074,0.074,0.069,0.074,1908000.0,0.0
00932.HK,2023-03-28,0.085,0.114,0.08,0.087,90148000.0,0.0
00932.HK,2023-03-29,0.093,0.093,0.076,0.081,11208000.0,0.0
00932.HK,2023-03-30,0.08,0.086,0.075,0.078,2008000.0,0.0
00932.HK,2023-03-31,0.083,0.083,0.076,0.077,1524000.0,0.0
00932.HK,2023-04-03,0.079,0.086,0.075,0.079,4208000.0,0.0
00932.HK,2023-04-04,0.078,0.078,0.074,0.078,824000.0,0.0
00932.HK,2023-04-06,0.073,0.084,0.073,0.076,188000.0,0.0
00932.HK,2023-04-11,0.075,0.083,0.075,0.08,3056000.0,0.0
00932.HK,2023-04-12,0.082,0.082,0.077,0.08,1496000.0,0.0
00932.HK,2023-04-13,0.08,0.082,0.075,0.079,508000.0,0.0
00932.HK,2023-04-14,0.079,0.08,0.075,0.08,1940000.0,0.0
00932.HK,2023-04-17,0.076,0.08,0.076,0.079,2336000.0,0.0
00932.HK,2023-04-18,0.079,0.079,0.079,0.079,0.0,0.0
00932.HK,2023-04-19,0.076,0.079,0.076,0.079,848000.0,0.0
00932.HK,2023-04-20,0.076,0.078,0.076,0.078,316000.0,0.0
00932.HK,2023-04-21,0.076,0.077,0.076,0.077,868000.0,0.0
00932.HK,2023-04-24,0.079,0.079,0.076,0.076,672000.0,0.0
00932.HK,2023-04-25,0.076,0.076,0.075,0.075,272000.0,0.0
00932.HK,2023-04-26,0.075,0.08,0.075,0.08,2296000.0,0.0
00932.HK,2023-04-27,0.077,0.078,0.076,0.076,5376000.0,0.0
00932.HK,2023-04-28,0.079,0.103,0.079,0.093,27124000.0,0.0
00932.HK,2023-05-02,0.095,0.107,0.088,0.089,12088000.0,0.0
00932.HK,2023-05-03,0.098,0.098,0.084,0.086,2208000.0,0.0
00932.HK,2023-05-04,0.086,0.09,0.086,0.09,428000.0,0.0
00932.HK,2023-05-05,0.086,0.09,0.084,0.09,3928000.0,0.0
00932.HK,2023-05-08,0.09,0.09,0.085,0.089,8192000.0,0.0
00932.HK,2023-05-09,0.084,0.085,0.08,0.082,2516000.0,0.0
00932.HK,2023-05-10,0.081,0.081,0.081,0.081,172000.0,0.0
00932.HK,2023-05-11,0.081,0.081,0.081,0.081,332000.0,0.0
00932.HK,2023-05-12,0.08,0.086,0.08,0.086,532000.0,0.0
00932.HK,2023-05-15,0.086,0.09,0.081,0.086,3740000.0,0.0
00932.HK,2023-05-16,0.086,0.086,0.081,0.085,232000.0,0.0
00932.HK,2023-05-17,0.081,0.085,0.08,0.083,780000.0,0.0
00932.HK,2023-05-18,0.083,0.087,0.08,0.08,308000.0,0.0
00932.HK,2023-05-19,0.08,0.085,0.08,0.085,504000.0,0.0
00932.HK,2023-05-22,0.083,0.083,0.083,0.083,0.0,0.0
00932.HK,2023-05-23,0.078,0.083,0.077,0.08,2496000.0,0.0
00932.HK,2023-05-24,0.076,0.078,0.076,0.078,152000.0,0.0
00932.HK,2023-05-25,0.078,0.082,0.078,0.08,6244000.0,0.0
00932.HK,2023-05-29,0.075,0.081,0.075,0.079,204000.0,0.0
00932.HK,2023-05-30,0.079,0.079,0.074,0.079,164000.0,0.0
00932.HK,2023-05-31,0.075,0.078,0.074,0.075,164000.0,0.0
00932.HK,2023-06-01,0.076,0.076,0.074,0.075,548000.0,0.0
00932.HK,2023-06-02,0.076,0.082,0.076,0.082,596000.0,0.0
00932.HK,2023-06-05,0.088,0.088,0.08,0.081,948000.0,0.0
00932.HK,2023-06-06,0.081,0.081,0.081,0.081,0.0,0.0
00932.HK,2023-06-07,0.077,0.084,0.077,0.084,104000.0,0.0
00932.HK,2023-06-08,0.078,0.079,0.071,0.078,1072000.0,0.0
00932.HK,2023-06-09,0.076,0.081,0.074,0.081,6256000.0,0.0
00932.HK,2023-06-12,0.075,0.078,0.073,0.078,452000.0,0.0
00932.HK,2023-06-13,0.078,0.078,0.077,0.078,328000.0,0.0
00932.HK,2023-06-14,0.077,0.078,0.077,0.078,10756000.0,0.0
00932.HK,2023-06-15,0.075,0.08,0.075,0.08,676000.0,0.0
00932.HK,2023-06-16,0.077,0.077,0.077,0.077,4000.0,0.0
00932.HK,2023-06-19,0.077,0.077,0.074,0.077,156000.0,0.0
00932.HK,2023-06-20,0.08,0.082,0.08,0.082,404000.0,0.0
00932.HK,2023-06-21,0.079,0.08,0.079,0.079,104000.0,0.0
00932.HK,2023-06-23,0.082,0.082,0.082,0.082,100000.0,0.0
00932.HK,2023-06-26,0.082,0.082,0.082,0.082,0.0,0.0
00932.HK,2023-06-27,0.082,0.082,0.082,0.082,160000.0,0.0
00932.HK,2023-06-28,0.079,0.083,0.079,0.083,148000.0,0.0
00932.HK,2023-06-29,0.081,0.081,0.081,0.081,212000.0,0.0
00932.HK,2023-06-30,0.073,0.075,0.073,0.075,384000.0,0.0
00932.HK,2023-07-03,0.075,0.076,0.074,0.074,852000.0,0.0
00932.HK,2023-07-04,0.076,0.086,0.076,0.086,24000.0,0.0
00932.HK,2023-07-05,0.076,0.079,0.076,0.078,1644000.0,0.0
00932.HK,2023-07-06,0.078,0.078,0.078,0.078,0.0,0.0
00932.HK,2023-07-07,0.074,0.076,0.074,0.076,204000.0,0.0
00932.HK,2023-07-10,0.075,0.075,0.075,0.075,0.0,0.0
00932.HK,2023-07-11,0.076,0.079,0.076,0.076,104000.0,0.0
00932.HK,2023-07-12,0.076,0.079,0.076,0.079,48000.0,0.0
00932.HK,2023-07-13,0.079,0.079,0.076,0.079,844000.0,0.0
00932.HK,2023-07-14,0.079,0.079,0.077,0.077,152000.0,0.0
00932.HK,2023-07-17,0.077,0.077,0.077,0.077,0.0,0.0
00932.HK,2023-07-18,0.077,0.077,0.077,0.077,0.0,0.0
00932.HK,2023-07-19,0.077,0.077,0.077,0.077,0.0,0.0
00932.HK,2023-07-20,0.077,0.077,0.077,0.077,0.0,0.0
00932.HK,2023-07-21,0.077,0.077,0.077,0.077,0.0,0.0
00932.HK,2023-07-24,0.077,0.077,0.077,0.077,0.0,0.0
00932.HK,2023-07-25,0.077,0.077,0.077,0.077,0.0,0.0
00932.HK,2023-07-26,0.077,0.077,0.077,0.077,0.0,0.0
00932.HK,2023-07-27,0.077,0.077,0.077,0.077,0.0,0.0
00932.HK,2023-07-28,0.077,0.077,0.077,0.077,0.0,0.0
00932.HK,2023-07-31,0.077,0.077,0.074,0.075,1320000.0,0.0
00932.HK,2023-08-01,0.078,0.078,0.078,0.078,44000.0,0.0
00932.HK,2023-08-02,0.073,0.076,0.068,0.074,880000.0,0.0
00932.HK,2023-08-03,0.074,0.074,0.074,0.074,0.0,0.0
00932.HK,2023-08-04,0.074,0.074,0.074,0.074,100000.0,0.0
00932.HK,2023-08-07,0.074,0.074,0.07,0.07,632000.0,0.0
00932.HK,2023-08-08,0.07,0.07,0.07,0.07,184000.0,0.0
00932.HK,2023-08-09,0.07,0.075,0.07,0.071,252000.0,0.0
00932.HK,2023-08-10,0.074,0.074,0.074,0.074,140000.0,0.0
00932.HK,2023-08-11,0.074,0.074,0.074,0.074,120000.0,0.0
00932.HK,2023-08-14,0.074,0.074,0.073,0.073,104000.0,0.0
00932.HK,2023-08-15,0.07,0.07,0.068,0.07,240000.0,0.0
00932.HK,2023-08-16,0.069,0.069,0.069,0.069,408000.0,0.0
00932.HK,2023-08-17,0.069,0.072,0.066,0.072,240000.0,0.0
00932.HK,2023-08-18,0.068,0.07,0.066,0.07,452000.0,0.0
00932.HK,2023-08-21,0.069,0.069,0.061,0.065,4396000.0,0.0
00932.HK,2023-08-22,0.064,0.068,0.063,0.066,480000.0,0.0
00932.HK,2023-08-23,0.064,0.066,0.064,0.065,100000.0,0.0
00932.HK,2023-08-24,0.064,0.07,0.064,0.07,2556000.0,0.0
00932.HK,2023-08-25,0.068,0.068,0.064,0.065,24000.0,0.0
00932.HK,2023-08-28,0.068,0.07,0.067,0.067,2640000.0,0.0
00932.HK,2023-08-29,0.065,0.067,0.064,0.064,160000.0,0.0
00932.HK,2023-08-30,0.065,0.066,0.063,0.066,308000.0,0.0
00932.HK,2023-08-31,0.066,0.069,0.066,0.069,580000.0,0.0
00932.HK,2023-09-01,0.069,0.069,0.069,0.069,0.0,0.0
00932.HK,2023-09-04,0.069,0.07,0.069,0.069,60000.0,0.0
00932.HK,2023-09-05,0.069,0.069,0.069,0.069,0.0,0.0
00932.HK,2023-09-06,0.069,0.076,0.069,0.076,316000.0,0.0
00932.HK,2023-09-07,0.074,0.075,0.072,0.072,704000.0,0.0
00932.HK,2023-09-08,0.072,0.072,0.072,0.072,0.0,0.0
00932.HK,2023-09-11,0.074,0.075,0.072,0.072,640000.0,0.0
00932.HK,2023-09-12,0.067,0.068,0.064,0.068,1000000.0,0.0
00932.HK,2023-09-13,0.067,0.067,0.067,0.067,124000.0,0.0
00932.HK,2023-09-14,0.063,0.066,0.059,0.059,72000.0,0.0
00932.HK,2023-09-15,0.065,0.076,0.064,0.07,304000.0,0.0
00932.HK,2023-09-18,0.07,0.07,0.057,0.065,2544000.0,0.0
00932.HK,2023-09-19,0.065,0.07,0.062,0.065,916000.0,0.0
00932.HK,2023-09-20,0.062,0.07,0.062,0.07,84000.0,0.0
00932.HK,2023-09-21,0.07,0.07,0.07,0.07,0.0,0.0
00932.HK,2023-09-22,0.063,0.069,0.063,0.069,24000.0,0.0
00932.HK,2023-09-25,0.069,0.069,0.069,0.069,0.0,0.0
00932.HK,2023-09-26,0.063,0.065,0.063,0.064,724000.0,0.0
00932.HK,2023-09-27,0.061,0.064,0.061,0.064,336000.0,0.0
00932.HK,2023-09-28,0.061,0.064,0.057,0.064,792000.0,0.0
00932.HK,2023-09-29,0.064,0.064,0.064,0.064,60000.0,0.0
00932.HK,2023-10-03,0.059,0.059,0.059,0.059,24000.0,0.0
00932.HK,2023-10-04,0.062,0.062,0.062,0.062,300000.0,0.0
00932.HK,2023-10-05,0.062,0.063,0.062,0.062,192000.0,0.0
00932.HK,2023-10-06,0.062,0.063,0.062,0.063,1012000.0,0.0
00932.HK,2023-10-09,0.063,0.063,0.062,0.063,296000.0,0.0
00932.HK,2023-10-10,0.062,0.065,0.062,0.065,10580000.0,0.0
00932.HK,2023-10-11,0.068,0.068,0.068,0.068,12000.0,0.0
00932.HK,2023-10-12,0.068,0.068,0.068,0.068,0.0,0.0
00932.HK,2023-10-13,0.068,0.068,0.068,0.068,0.0,0.0
00932.HK,2023-10-16,0.068,0.068,0.061,0.062,380000.0,0.0
00932.HK,2023-10-17,0.06,0.061,0.06,0.061,300000.0,0.0
00932.HK,2023-10-18,0.06,0.061,0.06,0.061,88000.0,0.0
00932.HK,2023-10-19,0.06,0.065,0.06,0.065,408000.0,0.0
00932.HK,2023-10-20,0.06,0.065,0.06,0.065,108000.0,0.0
00932.HK,2023-10-24,0.064,0.064,0.064,0.064,120000.0,0.0
00932.HK,2023-10-25,0.064,0.064,0.064,0.064,20000.0,0.0
00932.HK,2023-10-26,0.06,0.067,0.059,0.067,436000.0,0.0
00932.HK,2023-10-27,0.066,0.066,0.066,0.066,0.0,0.0
00932.HK,2023-10-30,0.064,0.064,0.064,0.064,0.0,0.0
00932.HK,2023-10-31,0.061,0.062,0.056,0.06,120000.0,0.0
00932.HK,2023-11-01,0.054,0.059,0.054,0.059,2200000.0,0.0
00932.HK,2023-11-02,0.06,0.06,0.06,0.06,16000.0,0.0
00932.HK,2023-11-03,0.054,0.059,0.052,0.055,904000.0,0.0
00932.HK,2023-11-06,0.056,0.06,0.056,0.058,884000.0,0.0
00932.HK,2023-11-07,0.058,0.058,0.058,0.058,4000.0,0.0
00932.HK,2023-11-08,0.054,0.059,0.054,0.059,44000.0,0.0
00932.HK,2023-11-09,0.059,0.062,0.059,0.062,460000.0,0.0
00932.HK,2023-11-10,0.062,0.062,0.062,0.062,0.0,0.0
00932.HK,2023-11-13,0.061,0.061,0.061,0.061,0.0,0.0
00932.HK,2023-11-14,0.061,0.062,0.061,0.062,60000.0,0.0
00932.HK,2023-11-15,0.061,0.062,0.053,0.054,140000.0,0.0
00932.HK,2023-11-16,0.06,0.06,0.056,0.06,224000.0,0.0
00932.HK,2023-11-17,0.056,0.059,0.055,0.059,108000.0,0.0
00932.HK,2023-11-20,0.059,0.059,0.059,0.059,28000.0,0.0
00932.HK,2023-11-21,0.055,0.06,0.055,0.059,380000.0,0.0
00932.HK,2023-11-22,0.058,0.06,0.058,0.06,92000.0,0.0
00932.HK,2023-11-23,0.056,0.057,0.056,0.057,232000.0,0.0
00932.HK,2023-11-24,0.057,0.057,0.057,0.057,0.0,0.0
00932.HK,2023-11-27,0.059,0.059,0.055,0.056,488000.0,0.0
00932.HK,2023-11-28,0.056,0.056,0.056,0.056,0.0,0.0
00932.HK,2023-11-29,0.056,0.059,0.056,0.059,56000.0,0.0
00932.HK,2023-11-30,0.059,0.059,0.059,0.059,0.0,0.0
00932.HK,2023-12-01,0.059,0.059,0.059,0.059,0.0,0.0
00932.HK,2023-12-04,0.059,0.061,0.059,0.061,1028000.0,0.0
00932.HK,2023-12-05,0.056,0.062,0.056,0.062,480000.0,0.0
00932.HK,2023-12-06,0.062,0.062,0.062,0.062,44000.0,0.0
00932.HK,2023-12-07,0.062,0.062,0.062,0.062,0.0,0.0
00932.HK,2023-12-08,0.056,0.056,0.056,0.056,196000.0,0.0
00932.HK,2023-12-11,0.054,0.056,0.054,0.056,896000.0,0.0
00932.HK,2023-12-12,0.056,0.056,0.052,0.055,1404000.0,0.0
00932.HK,2023-12-13,0.055,0.059,0.053,0.054,348000.0,0.0
00932.HK,2023-12-14,0.054,0.054,0.054,0.054,228000.0,0.0
00932.HK,2023-12-15,0.054,0.054,0.053,0.053,552000.0,0.0
00932.HK,2023-12-18,0.054,0.054,0.054,0.054,804000.0,0.0
00932.HK,2023-12-19,0.054,0.054,0.054,0.054,0.0,0.0
00932.HK,2023-12-20,0.054,0.054,0.054,0.054,0.0,0.0
00932.HK,2023-12-21,0.052,0.054,0.052,0.054,364000.0,0.0
00932.HK,2023-12-22,0.054,0.054,0.054,0.054,0.0,0.0
00932.HK,2023-12-27,0.054,0.054,0.054,0.054,704000.0,0.0
00932.HK,2023-12-28,0.056,0.06,0.056,0.059,144000.0,0.0
00932.HK,2023-12-29,0.06,0.06,0.056,0.056,32000.0,0.0
00932.HK,2024-01-02,0.055,0.055,0.055,0.055,52000.0,0.0
00932.HK,2024-01-03,0.054,0.061,0.052,0.059,1280000.0,0.0
00932.HK,2024-01-04,0.058,0.059,0.057,0.059,10176000.0,0.0
00932.HK,2024-01-05,0.06,0.06,0.058,0.06,96000.0,0.0
00932.HK,2024-01-08,0.057,0.057,0.057,0.057,204000.0,0.0
00932.HK,2024-01-09,0.057,0.057,0.055,0.055,32000.0,0.0
00932.HK,2024-01-10,0.054,0.06,0.054,0.06,604000.0,0.0
00932.HK,2024-01-11,0.055,0.058,0.055,0.055,1140000.0,0.0
00932.HK,2024-01-12,0.055,0.055,0.055,0.055,0.0,0.0
00932.HK,2024-01-15,0.053,0.057,0.053,0.056,604000.0,0.0
00932.HK,2024-01-16,0.055,0.055,0.055,0.055,52000.0,0.0
00932.HK,2024-01-17,0.053,0.055,0.053,0.055,116000.0,0.0
00932.HK,2024-01-18,0.055,0.055,0.055,0.055,0.0,0.0
00932.HK,2024-01-19,0.055,0.055,0.055,0.055,0.0,0.0
00932.HK,2024-01-22,0.052,0.052,0.051,0.052,1000000.0,0.0
00932.HK,2024-01-23,0.05,0.051,0.05,0.051,6780000.0,0.0
00932.HK,2024-01-24,0.055,0.056,0.047,0.052,460000.0,0.0
00932.HK,2024-01-25,0.056,0.056,0.047,0.05,440000.0,0.0
00932.HK,2024-01-26,0.05,0.05,0.047,0.05,520000.0,0.0
00932.HK,2024-01-29,0.048,0.052,0.048,0.052,244000.0,0.0
00932.HK,2024-01-30,0.048,0.048,0.047,0.048,1292000.0,0.0
00932.HK,2024-01-31,0.047,0.047,0.042,0.045,220000.0,0.0
00932.HK,2024-02-01,0.045,0.045,0.045,0.045,0.0,0.0
00932.HK,2024-02-02,0.045,0.045,0.045,0.045,0.0,0.0
00932.HK,2024-02-05,0.041,0.047,0.041,0.046,756000.0,0.0
00932.HK,2024-02-06,0.043,0.043,0.042,0.042,76000.0,0.0
00932.HK,2024-02-07,0.045,0.045,0.045,0.045,0.0,0.0
00932.HK,2024-02-08,0.044,0.049,0.042,0.049,412000.0,0.0
00932.HK,2024-02-09,0.049,0.049,0.049,0.049,0.0,0.0
00932.HK,2024-02-14,0.039,0.046,0.039,0.045,236000.0,0.0
00932.HK,2024-02-15,0.045,0.045,0.044,0.044,112000.0,0.0
00932.HK,2024-02-16,0.044,0.05,0.044,0.05,320000.0,0.0
00932.HK,2024-02-19,0.048,0.048,0.048,0.048,92000.0,0.0
00932.HK,2024-02-20,0.051,0.051,0.051,0.051,32000.0,0.0
00932.HK,2024-02-21,0.045,0.045,0.044,0.045,964000.0,0.0
00932.HK,2024-02-22,0.05,0.05,0.05,0.05,8000.0,0.0
00932.HK,2024-02-23,0.044,0.05,0.042,0.048,252000.0,0.0
00932.HK,2024-02-26,0.043,0.048,0.042,0.048,1800000.0,0.0
00932.HK,2024-02-27,0.05,0.055,0.049,0.049,13036000.0,0.0
00932.HK,2024-02-28,0.049,0.05,0.049,0.05,216000.0,0.0
00932.HK,2024-02-29,0.049,0.052,0.049,0.052,4472000.0,0.0
00932.HK,2024-03-01,0.054,0.057,0.054,0.054,11136000.0,0.0
00932.HK,2024-03-04,0.057,0.057,0.054,0.054,164000.0,0.0
00932.HK,2024-03-05,0.048,0.05,0.048,0.05,200000.0,0.0
00932.HK,2024-03-06,0.05,0.05,0.045,0.05,124000.0,0.0
00932.HK,2024-03-07,0.047,0.05,0.046,0.05,536000.0,0.0
00932.HK,2024-03-08,0.05,0.05,0.05,0.05,0.0,0.0
00932.HK,2024-03-11,0.049,0.049,0.049,0.049,0.0,0.0
00932.HK,2024-03-12,0.045,0.052,0.045,0.051,240000.0,0.0
00932.HK,2024-03-13,0.048,0.055,0.047,0.055,1036000.0,0.0
00932.HK,2024-03-14,0.049,0.054,0.049,0.053,1372000.0,0.0
00932.HK,2024-03-15,0.047,0.05,0.046,0.05,712000.0,0.0
00932.HK,2024-03-18,0.046,0.051,0.046,0.051,832000.0,0.0
00932.HK,2024-03-19,0.049,0.056,0.049,0.056,1524000.0,0.0
00932.HK,2024-03-20,0.056,0.056,0.046,0.053,292000.0,0.0
00932.HK,2024-03-21,0.05,0.05,0.048,0.05,1220000.0,0.0
00932.HK,2024-03-22,0.047,0.05,0.047,0.048,1400000.0,0.0
00932.HK,2024-03-25,0.045,0.047,0.045,0.047,380000.0,0.0
00932.HK,2024-03-26,0.047,0.047,0.047,0.047,0.0,0.0
00932.HK,2024-03-27,0.044,0.045,0.044,0.044,1244000.0,0.0
00932.HK,2024-03-28,0.044,0.06,0.043,0.058,2848000.0,0.0
00932.HK,2024-04-02,0.056,0.056,0.055,0.056,80000.0,0.0
00932.HK,2024-04-03,0.046,0.05,0.046,0.05,12000.0,0.0
00932.HK,2024-04-05,0.048,0.048,0.045,0.048,560000.0,0.0
00932.HK,2024-04-08,0.046,0.048,0.045,0.048,120000.0,0.0
00932.HK,2024-04-09,0.048,0.048,0.048,0.048,20000.0,0.0
00932.HK,2024-04-10,0.046,0.048,0.046,0.048,400000.0,0.0
00932.HK,2024-04-11,0.045,0.048,0.045,0.048,12000.0,0.0
00932.HK,2024-04-12,0.046,0.047,0.046,0.047,200000.0,0.0
00932.HK,2024-04-15,0.047,0.047,0.047,0.047,0.0,0.0
00932.HK,2024-04-16,0.046,0.046,0.044,0.046,644000.0,0.0
00932.HK,2024-04-17,0.043,0.047,0.042,0.047,196000.0,0.0
00932.HK,2024-04-18,0.047,0.047,0.047,0.047,0.0,0.0
00932.HK,2024-04-19,0.042,0.046,0.042,0.046,336000.0,0.0
00932.HK,2024-04-22,0.043,0.045,0.042,0.045,292000.0,0.0
00932.HK,2024-04-23,0.044,0.044,0.044,0.044,4000000.0,0.0
00932.HK,2024-04-24,0.043,0.043,0.043,0.043,60000.0,0.0
00932.HK,2024-04-25,0.043,0.045,0.043,0.045,36000.0,0.0
00932.HK,2024-04-26,0.045,0.045,0.044,0.044,184000.0,0.0
00932.HK,2024-04-29,0.044,0.047,0.038,0.043,1784000.0,0.0
00932.HK,2024-04-30,0.043,0.043,0.043,0.043,0.0,0.0
00932.HK,2024-05-02,0.042,0.046,0.042,0.046,1148000.0,0.0
00932.HK,2024-05-03,0.042,0.046,0.042,0.046,76000.0,0.0
00932.HK,2024-05-06,0.042,0.043,0.038,0.039,5088000.0,0.0
00932.HK,2024-05-07,0.041,0.042,0.041,0.042,468000.0,0.0
00932.HK,2024-05-08,0.041,0.041,0.041,0.041,200000.0,0.0
00932.HK,2024-05-09,0.04,0.043,0.038,0.043,376000.0,0.0
00932.HK,2024-05-10,0.04,0.042,0.04,0.04,1624000.0,0.0
00932.HK,2024-05-13,0.04,0.04,0.036,0.036,2388000.0,0.0
00932.HK,2024-05-14,0.038,0.038,0.036,0.036,2760000.0,0.0
00932.HK,2024-05-16,0.036,0.038,0.035,0.037,452000.0,0.0
00932.HK,2024-05-17,0.037,0.037,0.037,0.037,504000.0,0.0
00932.HK,2024-05-20,0.037,0.039,0.037,0.038,1400000.0,0.0
00932.HK,2024-05-21,0.036,0.037,0.036,0.037,140000.0,0.0
00932.HK,2024-05-22,0.038,0.038,0.036,0.036,100000.0,0.0
00932.HK,2024-05-23,0.036,0.04,0.036,0.036,2312000.0,0.0
00932.HK,2024-05-24,0.039,0.045,0.037,0.043,2508000.0,0.0
00932.HK,2024-05-27,0.046,0.053,0.04,0.042,1064000.0,0.0
00932.HK,2024-05-28,0.042,0.046,0.039,0.039,10848000.0,0.0
00932.HK,2024-05-29,0.041,0.041,0.039,0.041,9312551.0,0.0
00932.HK,2024-05-30,0.042,0.042,0.04,0.04,528000.0,0.0
00932.HK,2024-05-31,0.038,0.038,0.037,0.038,600000.0,0.0
00932.HK,2024-06-03,0.039,0.04,0.039,0.04,484000.0,0.0
00932.HK,2024-06-04,0.036,0.039,0.036,0.039,16000.0,0.0
00932.HK,2024-06-05,0.037,0.038,0.036,0.038,720000.0,0.0
00932.HK,2024-06-06,0.038,0.039,0.038,0.039,88000.0,0.0
00932.HK,2024-06-07,0.042,0.045,0.038,0.039,1816000.0,0.0
00932.HK,2024-06-11,0.04,0.04,0.04,0.04,40000.0,0.0
00932.HK,2024-06-12,0.04,0.04,0.04,0.04,0.0,0.0
00932.HK,2024-06-13,0.04,0.04,0.04,0.04,20000.0,0.0
00932.HK,2024-06-14,0.039,0.039,0.039,0.039,0.0,0.0
00932.HK,2024-06-17,0.037,0.037,0.036,0.036,916000.0,0.0
00932.HK,2024-06-18,0.034,0.034,0.034,0.034,4000.0,0.0
00932.HK,2024-06-19,0.034,0.036,0.034,0.036,148000.0,0.0
00932.HK,2024-06-20,0.035,0.035,0.033,0.035,1180000.0,0.0
00932.HK,2024-06-21,0.035,0.035,0.035,0.035,44000.0,0.0
00932.HK,2024-06-24,0.034,0.037,0.034,0.036,176000.0,0.0
00932.HK,2024-06-25,0.036,0.036,0.036,0.036,0.0,0.0
00932.HK,2024-06-26,0.034,0.034,0.034,0.034,9944000.0,0.0
00932.HK,2024-06-27,0.034,0.034,0.034,0.034,0.0,0.0
00932.HK,2024-06-28,0.034,0.044,0.034,0.037,2208000.0,0.0
00932.HK,2024-07-02,0.037,0.037,0.037,0.037,0.0,0.0
00932.HK,2024-07-03,0.037,0.037,0.037,0.037,0.0,0.0
00932.HK,2024-07-04,0.037,0.037,0.037,0.037,0.0,0.0
00932.HK,2024-07-05,0.034,0.036,0.034,0.035,252000.0,0.0
00932.HK,2024-07-08,0.035,0.035,0.035,0.035,0.0,0.0
00932.HK,2024-07-09,0.035,0.035,0.035,0.035,0.0,0.0
00932.HK,2024-07-10,0.034,0.04,0.034,0.034,1936000.0,0.0
00932.HK,2024-07-11,0.034,0.041,0.034,0.041,2276000.0,0.0
00932.HK,2024-07-12,0.043,0.043,0.035,0.037,3312000.0,0.0
00932.HK,2024-07-15,0.036,0.036,0.036,0.036,44000.0,0.0
00932.HK,2024-07-16,0.034,0.035,0.034,0.034,652000.0,0.0
00932.HK,2024-07-17,0.036,0.036,0.034,0.036,480000.0,0.0
00932.HK,2024-07-18,0.035,0.035,0.035,0.035,116000.0,0.0
00932.HK,2024-07-19,0.034,0.035,0.034,0.034,3108000.0,0.0
00932.HK,2024-07-22,0.035,0.035,0.035,0.035,0.0,0.0
00932.HK,2024-07-23,0.034,0.035,0.034,0.034,316000.0,0.0
00932.HK,2024-07-24,0.034,0.034,0.034,0.034,304000.0,0.0
00932.HK,2024-07-25,0.032,0.032,0.029,0.03,5552000.0,0.0
00932.HK,2024-07-26,0.03,0.03,0.03,0.03,0.0,0.0
00932.HK,2024-07-29,0.03,0.032,0.029,0.029,8220000.0,0.0
00932.HK,2024-07-30,0.029,0.031,0.028,0.031,53544000.0,0.0
00932.HK,2024-07-31,0.031,0.031,0.026,0.027,60660000.0,0.0
00932.HK,2024-08-01,0.026,0.032,0.026,0.027,4888000.0,0.0
00932.HK,2024-08-02,0.027,0.028,0.027,0.028,172000.0,0.0
00932.HK,2024-08-05,0.025,0.029,0.025,0.029,968000.0,0.0
00932.HK,2024-08-06,0.029,0.029,0.026,0.028,412000.0,0.0
00932.HK,2024-08-07,0.026,0.026,0.02,0.021,1868000.0,0.0
00932.HK,2024-08-08,0.023,0.024,0.021,0.024,1044000.0,0.0
00932.HK,2024-08-09,0.024,0.025,0.023,0.024,572000.0,0.0
00932.HK,2024-08-12,0.024,0.024,0.02,0.02,2924000.0,0.0
00932.HK,2024-08-13,0.02,0.022,0.02,0.022,516000.0,0.0
00932.HK,2024-08-14,0.022,0.022,0.022,0.022,0.0,0.0
00932.HK,2024-08-15,0.022,0.022,0.022,0.022,24000.0,0.0
00932.HK,2024-08-16,0.021,0.021,0.021,0.021,420000.0,0.0
00932.HK,2024-08-19,0.021,0.021,0.021,0.021,0.0,0.0
00932.HK,2024-08-20,0.021,0.025,0.021,0.024,3668000.0,0.0
00932.HK,2024-08-21,0.022,0.023,0.021,0.023,1240000.0,0.0
00932.HK,2024-08-22,0.021,0.021,0.021,0.021,1692000.0,0.0
00932.HK,2024-08-23,0.021,0.021,0.021,0.021,0.0,0.0
00932.HK,2024-08-26,0.02,0.021,0.019,0.02,1280000.0,0.0
00932.HK,2024-08-27,0.021,0.021,0.021,0.021,460000.0,0.0
00932.HK,2024-08-28,0.023,0.026,0.023,0.026,1900000.0,0.0
00932.HK,2024-08-29,0.028,0.029,0.028,0.028,1148000.0,0.0
00932.HK,2024-08-30,0.028,0.028,0.024,0.024,1048000.0,0.0
00932.HK,2024-09-02,0.024,0.031,0.024,0.026,372000.0,0.0
00932.HK,2024-09-03,0.026,0.027,0.026,0.027,336000.0,0.0
00932.HK,2024-09-04,0.025,0.025,0.023,0.024,192000.0,0.0
00932.HK,2024-09-05,0.024,0.024,0.024,0.024,0.0,0.0
00932.HK,2024-09-09,0.021,0.024,0.021,0.022,368000.0,0.0
00932.HK,2024-09-10,0.022,0.026,0.015,0.025,36984000.0,0.0
00932.HK,2024-09-11,0.025,0.038,0.025,0.036,8144000.0,0.0
00932.HK,2024-09-12,0.037,0.038,0.032,0.037,2188000.0,0.0
00932.HK,2024-09-13,0.038,0.043,0.035,0.038,6576000.0,0.0
00932.HK,2024-09-16,0.033,0.04,0.03,0.04,7144000.0,0.0
00932.HK,2024-09-17,0.042,0.043,0.041,0.043,1304000.0,0.0
00932.HK,2024-09-19,0.037,0.038,0.037,0.038,20000.0,0.0
00932.HK,2024-09-20,0.041,0.042,0.039,0.039,504000.0,0.0
00932.HK,2024-09-23,0.038,0.038,0.038,0.038,148000.0,0.0
00932.HK,2024-09-24,0.033,0.036,0.033,0.036,472000.0,0.0
00932.HK,2024-09-25,0.036,0.036,0.036,0.036,0.0,0.0
00932.HK,2024-09-26,0.036,0.036,0.035,0.035,2004000.0,0.0
00932.HK,2024-09-27,0.038,0.038,0.036,0.036,348000.0,0.0
00932.HK,2024-09-30,0.035,0.036,0.03,0.03,2640000.0,0.0
00932.HK,2024-10-02,0.032,0.039,0.031,0.038,1604000.0,0.0
00932.HK,2024-10-03,0.036,0.039,0.033,0.039,2512000.0,0.0
00932.HK,2024-10-04,0.039,0.043,0.037,0.041,3140000.0,0.0
00932.HK,2024-10-07,0.042,0.047,0.035,0.04,4860000.0,0.0
00932.HK,2024-10-08,0.041,0.044,0.041,0.041,2644000.0,0.0
00932.HK,2024-10-09,0.041,0.041,0.041,0.041,56000.0,0.0
00932.HK,2024-10-10,0.044,0.046,0.038,0.041,3108000.0,0.0
00932.HK,2024-10-14,0.041,0.041,0.041,0.041,72000.0,0.0
00932.HK,2024-10-15,0.04,0.041,0.04,0.041,104000.0,0.0
00932.HK,2024-10-16,0.036,0.04,0.036,0.04,284000.0,0.0
00932.HK,2024-10-17,0.039,0.039,0.039,0.039,0.0,0.0
00932.HK,2024-10-18,0.035,0.036,0.034,0.036,3188000.0,0.0
00932.HK,2024-10-21,0.036,0.04,0.036,0.04,228000.0,0.0
00932.HK,2024-10-22,0.04,0.04,0.04,0.04,4000.0,0.0
00932.HK,2024-10-23,0.041,0.041,0.041,0.041,80000.0,0.0
00932.HK,2024-10-24,0.041,0.041,0.041,0.041,0.0,0.0
00932.HK,2024-10-25,0.034,0.04,0.034,0.038,172000.0,0.0
00932.HK,2024-10-28,0.038,0.038,0.038,0.038,0.0,0.0
00932.HK,2024-10-29,0.038,0.038,0.032,0.037,552000.0,0.0
00932.HK,2024-10-30,0.037,0.037,0.037,0.037,0.0,0.0
00932.HK,2024-10-31,0.041,0.041,0.027,0.027,1160000.0,0.0
00932.HK,2024-11-01,0.03,0.054,0.03,0.036,19860000.0,0.0
00932.HK,2024-11-04,0.037,0.037,0.028,0.03,19916000.0,0.0
00932.HK,2024-11-05,0.028,0.029,0.025,0.028,3300000.0,0.0
00932.HK,2024-11-06,0.029,0.03,0.028,0.028,2536000.0,0.0
00932.HK,2024-11-07,0.028,0.029,0.026,0.028,2252000.0,0.0
00932.HK,2024-11-08,0.028,0.028,0.027,0.028,180000.0,0.0
00932.HK,2024-11-11,0.027,0.029,0.026,0.026,1420000.0,0.0
00932.HK,2024-11-12,0.026,0.027,0.025,0.025,1364000.0,0.0
00932.HK,2024-11-13,0.027,0.027,0.025,0.025,60000.0,0.0
00932.HK,2024-11-14,0.025,0.025,0.025,0.025,28000.0,0.0
00932.HK,2024-11-15,0.026,0.026,0.022,0.025,1020000.0,0.0
00932.HK,2024-11-18,0.023,0.025,0.023,0.025,152000.0,0.0
00932.HK,2024-11-19,0.023,0.024,0.022,0.024,1088000.0,0.0
00932.HK,2024-11-20,0.023,0.024,0.022,0.024,1140000.0,0.0
00932.HK,2024-11-21,0.023,0.023,0.023,0.023,144000.0,0.0
00932.HK,2024-11-22,0.022,0.023,0.022,0.023,88000.0,0.0
00932.HK,2024-11-25,0.023,0.026,0.023,0.026,648000.0,0.0
00932.HK,2024-11-26,0.023,0.023,0.023,0.023,248000.0,0.0
00932.HK,2024-11-27,0.025,0.03,0.025,0.029,1492000.0,0.0
00932.HK,2024-11-28,0.028,0.035,0.028,0.031,720000.0,0.0
00932.HK,2024-11-29,0.033,0.034,0.032,0.032,1272000.0,0.0
00932.HK,2024-12-02,0.03,0.03,0.03,0.03,0.0,0.0
00932.HK,2024-12-03,0.03,0.03,0.03,0.03,0.0,0.0
00932.HK,2024-12-04,0.03,0.03,0.03,0.03,0.0,0.0
00932.HK,2024-12-05,0.028,0.028,0.028,0.028,60000.0,0.0
00932.HK,2024-12-06,0.028,0.031,0.028,0.029,132000.0,0.0
00932.HK,2024-12-09,0.028,0.028,0.027,0.028,1600000.0,0.0
00932.HK,2024-12-10,0.028,0.028,0.028,0.028,40000.0,0.0
00932.HK,2024-12-11,0.027,0.027,0.025,0.027,1260000.0,0.0
00932.HK,2024-12-12,0.027,0.027,0.027,0.027,80000.0,0.0
00932.HK,2024-12-13,0.026,0.028,0.025,0.028,404000.0,0.0
00932.HK,2024-12-16,0.024,0.027,0.024,0.027,296000.0,0.0
00932.HK,2024-12-17,0.026,0.028,0.025,0.028,344000.0,0.0
00932.HK,2024-12-18,0.028,0.029,0.025,0.029,2308000.0,0.0
00932.HK,2024-12-19,0.029,0.029,0.029,0.029,880000.0,0.0
00932.HK,2024-12-20,0.029,0.029,0.029,0.029,0.0,0.0
00932.HK,2024-12-23,0.03,0.03,0.028,0.03,180000.0,0.0
00932.HK,2024-12-24,0.03,0.032,0.028,0.031,2348000.0,0.0
00932.HK,2024-12-27,0.031,0.033,0.031,0.032,1124000.0,0.0
00932.HK,2024-12-30,0.029,0.03,0.029,0.03,1000000.0,0.0
00932.HK,2024-12-31,0.031,0.031,0.031,0.031,12000.0,0.0
00932.HK,2025-01-02,0.031,0.031,0.031,0.031,164000.0,0.0
00932.HK,2025-01-03,0.027,0.032,0.027,0.032,2108000.0,0.0
00932.HK,2025-01-06,0.032,0.032,0.032,0.032,0.0,0.0
00932.HK,2025-01-07,0.032,0.032,0.032,0.032,0.0,0.0
00932.HK,2025-01-08,0.032,0.032,0.032,0.032,0.0,0.0
00932.HK,2025-01-09,0.031,0.031,0.028,0.031,644000.0,0.0
00932.HK,2025-01-10,0.028,0.03,0.028,0.029,192000.0,0.0
00932.HK,2025-01-13,0.028,0.029,0.028,0.029,312000.0,0.0
00932.HK,2025-01-14,0.028,0.028,0.028,0.028,360000.0,0.0
00932.HK,2025-01-15,0.027,0.028,0.027,0.028,2540000.0,0.0
00932.HK,2025-01-16,0.028,0.028,0.028,0.028,248000.0,0.0
00932.HK,2025-01-17,0.028,0.028,0.026,0.028,224000.0,0.0
00932.HK,2025-01-20,0.028,0.028,0.028,0.028,0.0,0.0
00932.HK,2025-01-21,0.028,0.028,0.028,0.028,8000.0,0.0
00932.HK,2025-01-22,0.028,0.028,0.028,0.028,0.0,0.0
00932.HK,2025-01-23,0.026,0.06,0.025,0.034,32088000.0,0.0
00932.HK,2025-01-24,0.039,0.043,0.031,0.031,7092000.0,0.0
00932.HK,2025-01-27,0.029,0.03,0.02,0.027,16688000.0,0.0
00932.HK,2025-01-28,0.028,0.031,0.028,0.03,2044000.0,0.0
00932.HK,2025-02-03,0.029,0.029,0.026,0.029,688000.0,0.0
00932.HK,2025-02-04,0.028,0.032,0.027,0.032,1512000.0,0.0
00932.HK,2025-02-05,0.032,0.032,0.031,0.031,112000.0,0.0
00932.HK,2025-02-06,0.032,0.038,0.03,0.03,4456000.0,0.0
00932.HK,2025-02-07,0.03,0.031,0.03,0.03,872000.0,0.0
00932.HK,2025-02-10,0.029,0.029,0.027,0.028,1384000.0,0.0
00932.HK,2025-02-11,0.028,0.03,0.025,0.029,1832000.0,0.0
00932.HK,2025-02-12,0.029,0.031,0.026,0.029,2904000.0,0.0
00932.HK,2025-02-13,0.027,0.031,0.026,0.029,2093075.0,0.0
00932.HK,2025-02-14,0.028,0.028,0.027,0.027,428000.0,0.0
00932.HK,2025-02-17,0.027,0.031,0.027,0.027,652000.0,0.0
00932.HK,2025-02-18,0.027,0.028,0.025,0.026,7972000.0,0.0
00932.HK,2025-02-19,0.023,0.024,0.018,0.02,98440000.0,0.0
00932.HK,2025-02-20,0.021,0.021,0.019,0.021,2840000.0,0.0
00932.HK,2025-02-21,0.021,0.021,0.018,0.021,10916000.0,0.0
00932.HK,2025-02-24,0.02,0.022,0.02,0.022,7804000.0,0.0
00932.HK,2025-02-25,0.021,0.022,0.021,0.022,124000.0,0.0
00932.HK,2025-02-26,0.023,0.024,0.022,0.023,7096000.0,0.0
00932.HK,2025-02-27,0.021,0.024,0.021,0.024,812000.0,0.0
00932.HK,2025-02-28,0.023,0.026,0.022,0.024,13140000.0,0.0
00932.HK,2025-03-03,0.025,0.026,0.024,0.026,1576000.0,0.0
00932.HK,2025-03-04,0.025,0.027,0.023,0.025,1468000.0,0.0
00932.HK,2025-03-05,0.024,0.028,0.024,0.026,1660000.0,0.0
00932.HK,2025-03-06,0.024,0.025,0.021,0.025,4336000.0,0.0
00932.HK,2025-03-07,0.023,0.025,0.023,0.025,452000.0,0.0
00932.HK,2025-03-10,0.024,0.025,0.024,0.025,10412000.0,0.0
00932.HK,2025-03-11,0.024,0.025,0.023,0.025,2040000.0,0.0
00932.HK,2025-03-12,0.025,0.025,0.024,0.025,2040000.0,0.0
00932.HK,2025-03-13,0.024,0.025,0.024,0.024,2200000.0,0.0
00932.HK,2025-03-14,0.025,0.026,0.024,0.025,4176000.0,0.0
00932.HK,2025-03-17,0.025,0.025,0.025,0.025,0.0,0.0
00932.HK,2025-03-18,0.026,0.026,0.024,0.025,1504000.0,0.0
00932.HK,2025-03-19,0.024,0.025,0.024,0.025,1968000.0,0.0
00932.HK,2025-03-20,0.024,0.025,0.023,0.025,4180000.0,0.0
00932.HK,2025-03-21,0.025,0.025,0.024,0.025,8500000.0,0.0
00932.HK,2025-03-24,0.024,0.025,0.024,0.025,2168000.0,0.0
00932.HK,2025-03-25,0.024,0.024,0.024,0.024,2024000.0,0.0
00932.HK,2025-03-26,0.024,0.025,0.024,0.024,8900000.0,0.0
00932.HK,2025-03-27,0.025,0.025,0.024,0.025,11384000.0,0.0
00932.HK,2025-03-28,0.025,0.027,0.024,0.025,5108000.0,0.0
00932.HK,2025-03-31,0.027,0.027,0.024,0.024,3892000.0,0.0
00932.HK,2025-04-01,0.025,0.026,0.024,0.025,2928000.0,0.0
00932.HK,2025-04-02,0.025,0.025,0.025,0.025,276000.0,0.0
00932.HK,2025-04-03,0.025,0.026,0.024,0.026,3928000.0,0.0
00932.HK,2025-04-07,0.026,0.026,0.016,0.022,16048000.0,0.0
00932.HK,2025-04-08,0.022,0.023,0.022,0.023,2452000.0,0.0
00932.HK,2025-04-09,0.022,0.024,0.022,0.024,1192000.0,0.0
00932.HK,2025-04-10,0.023,0.024,0.023,0.024,4608000.0,0.0
00932.HK,2025-04-11,0.023,0.024,0.023,0.024,2576000.0,0.0
00932.HK,2025-04-14,0.023,0.025,0.023,0.024,296000.0,0.0
00932.HK,2025-04-15,0.024,0.024,0.024,0.024,0.0,0.0
00932.HK,2025-04-16,0.023,0.025,0.023,0.025,1076000.0,0.0
00932.HK,2025-04-17,0.023,0.024,0.023,0.024,192000.0,0.0
00932.HK,2025-04-22,0.024,0.024,0.024,0.024,76000.0,0.0
00932.HK,2025-04-23,0.023,0.024,0.023,0.024,152000.0,0.0
00932.HK,2025-04-24,0.022,0.023,0.022,0.023,980000.0,0.0
00932.HK,2025-04-25,0.023,0.025,0.023,0.024,2776000.0,0.0
00932.HK,2025-04-28,0.024,0.024,0.023,0.024,2168000.0,0.0
00932.HK,2025-04-29,0.024,0.025,0.024,0.024,1744000.0,0.0
00932.HK,2025-04-30,0.024,0.024,0.024,0.024,3660000.0,0.0
00932.HK,2025-05-02,0.024,0.024,0.024,0.024,2000000.0,0.0
00932.HK,2025-05-06,0.024,0.025,0.024,0.025,3908000.0,0.0
00932.HK,2025-05-07,0.024,0.024,0.024,0.024,84000.0,0.0
00932.HK,2025-05-08,0.024,0.024,0.024,0.024,1240000.0,0.0
00932.HK,2025-05-09,0.024,0.024,0.024,0.024,0.0,0.0
00932.HK,2025-05-12,0.023,0.023,0.023,0.023,104000.0,0.0
00932.HK,2025-05-13,0.023,0.023,0.023,0.023,2500000.0,0.0
00932.HK,2025-05-14,0.023,0.023,0.023,0.023,1796000.0,0.0
00932.HK,2025-05-15,0.023,0.023,0.023,0.023,276000.0,0.0
00932.HK,2025-05-16,0.023,0.033,0.023,0.026,10372000.0,0.0
00932.HK,2025-05-19,0.026,0.026,0.024,0.024,4436000.0,0.0
00932.HK,2025-05-20,0.025,0.025,0.023,0.025,2796000.0,0.0
00932.HK,2025-05-21,0.024,0.025,0.024,0.024,4988000.0,0.0
00932.HK,2025-05-22,0.024,0.024,0.024,0.024,4212000.0,0.0
00932.HK,2025-05-23,0.024,0.024,0.024,0.024,4092000.0,0.0
00932.HK,2025-05-26,0.023,0.025,0.023,0.023,504000.0,0.0
00932.HK,2025-05-27,0.023,0.024,0.023,0.024,2616000.0,0.0
00932.HK,2025-05-28,0.024,0.024,0.024,0.024,1152000.0,0.0
00932.HK,2025-05-29,0.024,0.027,0.024,0.027,864000.0,0.0
00932.HK,2025-05-30,0.025,0.026,0.024,0.026,864000.0,0.0
00932.HK,2025-06-02,0.024,0.024,0.024,0.024,20000.0,0.0
00932.HK,2025-06-03,0.027,0.027,0.026,0.026,144000.0,0.0
00932.HK,2025-06-04,0.026,0.026,0.026,0.026,0.0,0.0
00932.HK,2025-06-05,0.024,0.025,0.024,0.025,100000.0,0.0
00932.HK,2025-06-06,0.025,0.025,0.025,0.025,388000.0,0.0
00932.HK,2025-06-09,0.024,0.026,0.024,0.026,264000.0,0.0
00932.HK,2025-06-10,0.025,0.025,0.025,0.025,16000.0,0.0
00932.HK,2025-06-11,0.025,0.026,0.025,0.025,700000.0,0.0
00932.HK,2025-06-12,0.025,0.025,0.024,0.025,4452000.0,0.0
00932.HK,2025-06-13,0.027,0.032,0.027,0.03,6032000.0,0.0
00932.HK,2025-06-16,0.028,0.032,0.027,0.031,4952000.0,0.0
00932.HK,2025-06-17,0.033,0.033,0.028,0.031,548000.0,0.0
00932.HK,2025-06-18,0.03,0.03,0.027,0.03,1208000.0,0.0
00932.HK,2025-06-19,0.03,0.033,0.029,0.031,7160000.0,0.0
00932.HK,2025-06-20,0.031,0.031,0.03,0.03,1644000.0,0.0
00932.HK,2025-06-23,0.029,0.031,0.029,0.031,2072000.0,0.0
00932.HK,2025-06-24,0.03,0.03,0.03,0.03,3548000.0,0.0
00932.HK,2025-06-25,0.031,0.032,0.031,0.032,212000.0,0.0
00932.HK,2025-06-26,0.03,0.032,0.03,0.031,828000.0,0.0
00932.HK,2025-06-27,0.032,0.032,0.032,0.032,224000.0,0.0
00932.HK,2025-06-30,0.032,0.032,0.03,0.032,48000.0,0.0
00932.HK,2025-07-02,0.03,0.03,0.03,0.03,644000.0,0.0
00932.HK,2025-07-03,0.031,0.038,0.031,0.033,3328000.0,0.0
00932.HK,2025-07-04,0.035,0.035,0.033,0.033,4008000.0,0.0
00932.HK,2025-07-07,0.034,0.037,0.033,0.037,5764000.0,0.0
00932.HK,2025-07-08,0.037,0.04,0.034,0.036,3504000.0,0.0
00932.HK,2025-07-09,0.035,0.039,0.035,0.038,1624000.0,0.0
00932.HK,2025-07-10,0.039,0.039,0.035,0.038,468000.0,0.0
00932.HK,2025-07-11,0.034,0.038,0.034,0.034,2504000.0,0.0
00932.HK,2025-07-14,0.036,0.036,0.033,0.035,1240000.0,0.0
00932.HK,2025-07-15,0.034,0.034,0.034,0.034,48000.0,0.0
00932.HK,2025-07-16,0.034,0.036,0.034,0.036,888000.0,0.0
00932.HK,2025-07-17,0.038,0.039,0.035,0.035,3084000.0,0.0
00932.HK,2025-07-18,0.033,0.035,0.033,0.035,252000.0,0.0
00932.HK,2025-07-21,0.033,0.035,0.033,0.035,1152000.0,0.0
00932.HK,2025-07-22,0.035,0.035,0.035,0.035,0.0,0.0
00932.HK,2025-07-23,0.035,0.035,0.035,0.035,0.0,0.0
00932.HK,2025-07-24,0.033,0.033,0.031,0.031,2036000.0,0.0
00932.HK,2025-07-25,0.032,0.032,0.029,0.029,544000.0,0.0
00932.HK,2025-07-28,0.029,0.032,0.029,0.032,732000.0,0.0
00932.HK,2025-07-29,0.029,0.035,0.028,0.033,1476000.0,0.0
00932.HK,2025-07-30,0.029,0.03,0.029,0.03,240000.0,0.0
00932.HK,2025-07-31,0.03,0.03,0.029,0.029,96000.0,0.0
00932.HK,2025-08-01,0.029,0.029,0.029,0.029,24000.0,0.0
00932.HK,2025-08-04,0.029,0.029,0.029,0.029,0.0,0.0
00932.HK,2025-08-05,0.031,0.031,0.031,0.031,12000.0,0.0
00932.HK,2025-08-06,0.031,0.031,0.031,0.031,12000.0,0.0
00932.HK,2025-08-07,0.031,0.031,0.028,0.031,1412000.0,0.0
00932.HK,2025-08-08,0.028,0.03,0.027,0.027,1400000.0,0.0
00932.HK,2025-08-11,0.026,0.029,0.026,0.029,2300000.0,0.0
00932.HK,2025-08-12,0.03,0.033,0.029,0.029,2424000.0,0.0
00932.HK,2025-08-13,0.028,0.028,0.027,0.028,5340000.0,0.0
00932.HK,2025-08-14,0.027,0.027,0.027,0.027,1064000.0,0.0
00932.HK,2025-08-15,0.027,0.027,0.027,0.027,196000.0,0.0
00932.HK,2025-08-18,0.028,0.03,0.028,0.03,1052000.0,0.0
00932.HK,2025-08-19,0.03,0.03,0.027,0.029,492000.0,0.0
00932.HK,2025-08-20,0.029,0.031,0.027,0.03,2476000.0,0.0
00932.HK,2025-08-21,0.03,0.035,0.03,0.031,3880000.0,0.0
00932.HK,2025-08-22,0.031,0.031,0.03,0.03,3900000.0,0.0
00932.HK,2025-08-25,0.03,0.033,0.03,0.033,1372000.0,0.0
00932.HK,2025-08-26,0.034,0.036,0.032,0.032,2160000.0,0.0
00932.HK,2025-08-27,0.033,0.033,0.032,0.033,908000.0,0.0
00932.HK,2025-08-28,0.032,0.034,0.032,0.033,576000.0,0.0
00932.HK,2025-08-29,0.032,0.033,0.032,0.033,60000.0,0.0
00932.HK,2025-09-01,0.033,0.033,0.033,0.033,0.0,0.0
00932.HK,2025-09-02,0.032,0.032,0.031,0.031,184000.0,0.0
00932.HK,2025-09-03,0.03,0.03,0.03,0.03,32000.0,0.0
00932.HK,2025-09-04,0.031,0.033,0.03,0.033,1548000.0,0.0
00932.HK,2025-09-05,0.03,0.033,0.03,0.033,2712000.0,0.0
00932.HK,2025-09-08,0.033,0.033,0.033,0.033,0.0,0.0
00932.HK,2025-09-09,0.031,0.031,0.029,0.03,1376000.0,0.0
00932.HK,2025-09-10,0.03,0.031,0.029,0.031,900000.0,0.0
00932.HK,2025-09-11,0.03,0.036,0.03,0.031,6884000.0,0.0
00932.HK,2025-09-12,0.032,0.032,0.03,0.03,976000.0,0.0
00932.HK,2025-09-15,0.034,0.056,0.034,0.042,180740000.0,0.0
00932.HK,2025-09-16,0.039,0.044,0.036,0.042,42504000.0,0.0
00932.HK,2025-09-17,0.041,0.041,0.036,0.037,15324000.0,0.0
00932.HK,2025-09-18,0.037,0.037,0.032,0.033,21896000.0,0.0
00932.HK,2025-09-19,0.033,0.035,0.031,0.034,16504000.0,0.0
00932.HK,2025-09-22,0.035,0.035,0.032,0.032,4620000.0,0.0
00932.HK,2025-09-23,0.032,0.037,0.032,0.032,15836000.0,0.0
00932.HK,2025-09-24,0.032,0.034,0.031,0.031,5976000.0,0.0
00932.HK,2025-09-25,0.031,0.033,0.03,0.031,10480000.0,0.0
00932.HK,2025-09-26,0.031,0.032,0.03,0.031,2828000.0,0.0
00932.HK,2025-09-29,0.031,0.033,0.03,0.032,7820000.0,0.0
00932.HK,2025-09-30,0.032,0.033,0.031,0.033,3792000.0,0.0
00932.HK,2025-10-02,0.033,0.035,0.031,0.033,22220000.0,0.0
00932.HK,2025-10-03,0.032,0.04,0.032,0.034,61308000.0,0.0
00932.HK,2025-10-06,0.034,0.035,0.032,0.034,22928000.0,0.0
00932.HK,2025-10-08,0.033,0.042,0.032,0.041,65700000.0,0.0
00932.HK,2025-10-09,0.041,0.044,0.037,0.038,24596000.0,0.0
00932.HK,2025-10-10,0.038,0.039,0.035,0.036,14036000.0,0.0
00932.HK,2025-10-13,0.034,0.036,0.033,0.034,19436000.0,0.0
00932.HK,2025-10-14,0.034,0.036,0.032,0.032,18436000.0,0.0
00932.HK,2025-10-15,0.032,0.033,0.031,0.033,3408000.0,0.0
00932.HK,2025-10-16,0.032,0.033,0.031,0.033,11040000.0,0.0
00932.HK,2025-10-17,0.033,0.033,0.031,0.032,10564000.0,0.0
00932.HK,2025-10-20,0.031,0.031,0.03,0.031,7748000.0,0.0
00932.HK,2025-10-21,0.031,0.031,0.029,0.03,24764000.0,0.0
00932.HK,2025-10-22,0.03,0.038,0.029,0.038,33892000.0,0.0
00932.HK,2025-10-23,0.037,0.047,0.036,0.042,66068000.0,0.0
00932.HK,2025-10-24,0.041,0.043,0.035,0.037,27756000.0,0.0
00932.HK,2025-10-27,0.037,0.038,0.036,0.038,6060000.0,0.0
00932.HK,2025-10-28,0.036,0.037,0.035,0.037,8400000.0,0.0
00932.HK,2025-10-30,0.035,0.038,0.034,0.035,15044000.0,0.0
00932.HK,2025-10-31,0.035,0.036,0.034,0.036,9968000.0,0.0
00932.HK,2025-11-03,0.036,0.044,0.034,0.043,17112000.0,0.0
00932.HK,2025-11-04,0.043,0.048,0.04,0.048,34516000.0,0.0
00932.HK,2025-11-05,0.05,0.05,0.041,0.043,25012000.0,0.0
00932.HK,2025-11-06,0.043,0.044,0.04,0.041,9184000.0,0.0
00932.HK,2025-11-07,0.041,0.042,0.039,0.039,4740000.0,0.0
00932.HK,2025-11-10,0.039,0.039,0.037,0.039,5564000.0,0.0
00932.HK,2025-11-11,0.038,0.041,0.038,0.04,4604000.0,0.0
00932.HK,2025-11-12,0.04,0.06,0.04,0.055,172692000.0,0.0
00932.HK,2025-11-13,0.054,0.054,0.049,0.052,32960000.0,0.0
00932.HK,2025-11-14,0.05,0.05,0.046,0.049,12240000.0,0.0
00932.HK,2025-11-17,0.048,0.059,0.044,0.053,57220000.0,0.0
00932.HK,2025-11-18,0.053,0.057,0.046,0.049,29664000.0,0.0
00932.HK,2025-11-19,0.049,0.049,0.046,0.049,2992000.0,0.0
00932.HK,2025-11-20,0.049,0.05,0.047,0.049,4328000.0,0.0
00932.HK,2025-11-21,0.049,0.049,0.047,0.049,3028000.0,0.0
00932.HK,2025-11-24,0.049,0.054,0.049,0.053,11924000.0,0.0
00932.HK,2025-11-25,0.052,0.054,0.05,0.052,13876000.0,0.0
00932.HK,2025-11-26,0.053,0.053,0.048,0.05,7504000.0,0.0
00932.HK,2025-11-27,0.049,0.05,0.048,0.05,4704000.0,0.0
00932.HK,2025-11-28,0.049,0.049,0.046,0.048,7888000.0,0.0
00932.HK,2025-12-01,0.048,0.048,0.046,0.048,5036000.0,0.0
00932.HK,2025-12-02,0.048,0.048,0.046,0.048,4040000.0,0.0
00932.HK,2025-12-03,0.046,0.046,0.044,0.044,6396000.0,0.0
00932.HK,2025-12-04,0.044,0.044,0.036,0.038,10452000.0,0.0
00932.HK,2025-12-05,0.04,0.04,0.036,0.039,4752000.0,0.0
00932.HK,2025-12-08,0.039,0.039,0.036,0.036,6572000.0,0.0
00932.HK,2025-12-09,0.038,0.038,0.038,0.038,1848000.0,0.0
00932.HK,2025-12-10,0.038,0.04,0.036,0.037,6424000.0,0.0
00932.HK,2025-12-11,0.037,0.037,0.036,0.037,2180000.0,0.0
00932.HK,2025-12-12,0.037,0.038,0.037,0.037,1480000.0,0.0
00932.HK,2025-12-15,0.038,0.038,0.034,0.037,2432000.0,0.0
00932.HK,2025-12-16,0.035,0.036,0.034,0.035,1052000.0,0.0
00932.HK,2025-12-17,0.038,0.038,0.035,0.036,448000.0,0.0
00932.HK,2025-12-18,0.036,0.039,0.036,0.037,380000.0,0.0
00932.HK,2025-12-19,0.037,0.039,0.037,0.039,5476000.0,0.0
00932.HK,2025-12-22,0.037,0.042,0.037,0.041,4560000.0,0.0
00932.HK,2025-12-23,0.041,0.042,0.039,0.04,2028000.0,0.0
00932.HK,2025-12-24,0.037,0.041,0.037,0.041,702861.0,0.0
00932.HK,2025-12-29,0.041,0.041,0.038,0.039,4540000.0,0.0
00932.HK,2025-12-30,0.038,0.04,0.038,0.04,1212000.0,0.0
00932.HK,2025-12-31,0.038,0.04,0.038,0.04,904000.0,0.0
00932.HK,2026-01-02,0.039,0.039,0.037,0.038,4104000.0,0.0
00932.HK,2026-01-05,0.036,0.038,0.035,0.036,7596000.0,0.0
00932.HK,2026-01-06,0.036,0.04,0.036,0.036,6088000.0,0.0
00932.HK,2026-01-07,0.037,0.039,0.036,0.038,3996000.0,0.0
00932.HK,2026-01-08,0.036,0.036,0.031,0.033,22912000.0,0.0
00932.HK,2026-01-09,0.031,0.034,0.03,0.034,14012000.0,0.0
00932.HK,2026-01-12,0.034,0.038,0.033,0.035,11860000.0,0.0
00932.HK,2026-01-13,0.035,0.038,0.034,0.037,7532000.0,0.0
00932.HK,2026-01-14,0.037,0.037,0.034,0.036,5268000.0,0.0
00932.HK,2026-01-15,0.035,0.037,0.034,0.036,4260000.0,0.0
00932.HK,2026-01-16,0.036,0.036,0.033,0.036,6640000.0,0.0
00932.HK,2026-01-19,0.034,0.037,0.034,0.036,2760000.0,0.0
00932.HK,2026-01-20,0.034,0.037,0.034,0.036,1980000.0,0.0
00932.HK,2026-01-21,0.036,0.037,0.035,0.036,940000.0,0.0
00932.HK,2026-01-22,0.036,0.037,0.034,0.037,3584000.0,0.0
00932.HK,2026-01-23,0.035,0.037,0.034,0.037,6024000.0,0.0
00932.HK,2026-01-26,0.035,0.037,0.034,0.035,6760000.0,0.0
00932.HK,2026-01-27,0.034,0.035,0.034,0.035,3708000.0,0.0
00932.HK,2026-01-28,0.034,0.035,0.033,0.035,4204000.0,0.0
00932.HK,2026-01-29,0.035,0.035,0.033,0.033,4256000.0,0.0
00932.HK,2026-01-30,0.033,0.033,0.031,0.033,8872000.0,0.0
00932.HK,2026-02-02,0.032,0.033,0.031,0.033,3776000.0,0.0
00932.HK,2026-02-03,0.033,0.034,0.032,0.034,4720000.0,0.0
00932.HK,2026-02-04,0.032,0.033,0.032,0.032,2492000.0,0.0
00932.HK,2026-02-05,0.032,0.037,0.032,0.036,12524000.0,0.0
00932.HK,2026-02-06,0.034,0.036,0.033,0.034,2068000.0,0.0
00932.HK,2026-02-09,0.033,0.036,0.032,0.034,4344000.0,0.0
00932.HK,2026-02-10,0.035,0.035,0.032,0.035,7300000.0,0.0
00932.HK,2026-02-11,0.033,0.035,0.033,0.034,452000.0,0.0
00932.HK,2026-02-12,0.034,0.035,0.033,0.033,7420000.0,0.0
00932.HK,2026-02-13,0.034,0.038,0.034,0.037,14860000.0,0.0
00932.HK,2026-02-16,0.037,0.039,0.037,0.038,2868000.0,0.0
00932.HK,2026-02-20,0.038,0.039,0.036,0.036,372000.0,0.0
00932.HK,2026-02-23,0.038,0.038,0.036,0.036,248000.0,0.0
00932.HK,2026-02-24,0.037,0.037,0.036,0.037,908000.0,0.0
00932.HK,2026-02-25,0.036,0.036,0.035,0.036,740000.0,0.0
00932.HK,2026-02-26,0.036,0.037,0.036,0.036,944000.0,0.0
00932.HK,2026-02-27,0.035,0.035,0.034,0.035,1940000.0,0.0
00932.HK,2026-03-02,0.035,0.035,0.034,0.034,1388000.0,0.0
00932.HK,2026-03-03,0.033,0.034,0.03,0.03,20668000.0,0.0
00932.HK,2026-03-04,0.03,0.03,0.029,0.03,3480000.0,0.0
00932.HK,2026-03-05,0.031,0.032,0.031,0.031,3560000.0,0.0
00932.HK,2026-03-06,0.03,0.032,0.03,0.032,796000.0,0.0
00932.HK,2026-03-09,0.032,0.032,0.031,0.031,16000.0,0.0
00932.HK,2026-03-10,0.031,0.031,0.031,0.031,0.0,0.0
00932.HK,2026-03-11,0.032,0.032,0.032,0.032,1000000.0,0.0
00932.HK,2026-03-12,0.032,0.037,0.032,0.035,8660000.0,0.0
00932.HK,2026-03-13,0.033,0.035,0.033,0.034,552000.0,0.0
00932.HK,2026-03-16,0.033,0.034,0.033,0.033,640000.0,0.0
00932.HK,2026-03-17,0.033,0.033,0.032,0.033,1760000.0,0.0
00932.HK,2026-03-18,0.031,0.033,0.031,0.031,4144000.0,0.0
00932.HK,2026-03-19,0.031,0.032,0.03,0.032,6288000.0,0.0
00932.HK,2026-03-20,0.033,0.033,0.031,0.032,3260000.0,0.0
00932.HK,2026-03-23,0.03,0.03,0.026,0.026,52584000.0,0.0
00932.HK,2026-03-24,0.028,0.029,0.027,0.028,7824000.0,0.0
00932.HK,2026-03-25,0.029,0.03,0.028,0.029,1504000.0,0.0
00932.HK,2026-03-26,0.027,0.031,0.027,0.031,2984000.0,0.0
00932.HK,2026-03-27,0.03,0.034,0.03,0.032,34224000.0,0.0
00932.HK,2026-03-30,0.032,0.032,0.03,0.031,2712000.0,0.0
00932.HK,2026-03-31,0.031,0.031,0.029,0.031,1104000.0,0.0
00932.HK,2026-04-01,0.029,0.031,0.029,0.029,1116000.0,0.0
00932.HK,2026-04-02,0.03,0.031,0.029,0.031,3720000.0,0.0
00932.HK,2026-04-08,0.031,0.033,0.028,0.03,5900000.0,0.0
00932.HK,2026-04-09,0.031,0.031,0.031,0.031,44000.0,0.0
00932.HK,2026-04-10,0.029,0.031,0.029,0.031,92000.0,0.0
00932.HK,2026-04-13,0.029,0.031,0.029,0.029,776000.0,0.0
00932.HK,2026-04-14,0.03,0.03,0.029,0.03,3124000.0,0.0
00932.HK,2026-04-15,0.029,0.03,0.028,0.029,11008000.0,0.0
00932.HK,2026-04-16,0.029,0.029,0.028,0.029,2828000.0,0.0
00932.HK,2026-04-17,0.028,0.029,0.028,0.029,5072000.0,0.0
00932.HK,2026-04-20,0.029,0.029,0.028,0.029,1408000.0,0.0
00932.HK,2026-04-21,0.029,0.03,0.029,0.03,228000.0,0.0
00932.HK,2026-04-22,0.028,0.029,0.028,0.028,1908000.0,0.0
00932.HK,2026-04-23,0.029,0.029,0.029,0.029,600000.0,0.0
00932.HK,2026-04-24,0.029,0.029,0.029,0.029,2220000.0,0.0
00932.HK,2026-04-27,0.029,0.029,0.028,0.028,320000.0,0.0
00932.HK,2026-04-28,0.028,0.029,0.028,0.029,164000.0,0.0
00932.HK,2026-04-29,0.028,0.029,0.028,0.028,7392000.0,0.0
00932.HK,2026-04-30,0.028,0.028,0.025,0.028,14088000.0,0.0
00932.HK,2026-05-04,0.028,0.029,0.027,0.028,6124000.0,0.0
00932.HK,2026-05-05,0.028,0.03,0.028,0.029,7488000.0,0.0
00932.HK,2026-05-06,0.029,0.03,0.029,0.03,148000.0,0.0
00932.HK,2026-05-07,0.029,0.029,0.029,0.029,200000.0,0.0
00932.HK,2026-05-08,0.029,0.029,0.029,0.029,0.0,0.0
00932.HK,2026-05-11,0.028,0.029,0.027,0.028,3652000.0,0.0
00932.HK,2026-05-12,0.028,0.028,0.028,0.028,1264000.0,0.0
00932.HK,2026-05-13,0.028,0.028,0.026,0.027,9336000.0,0.0
00932.HK,2026-05-14,0.028,0.028,0.027,0.027,152000.0,0.0
00932.HK,2026-05-15,0.027,0.027,0.026,0.026,12544000.0,0.0
00932.HK,2026-05-18,0.026,0.028,0.026,0.027,12460000.0,0.0
00932.HK,2026-05-19,0.028,0.028,0.027,0.028,7064000.0,0.0
00932.HK,2026-05-20,0.028,0.028,0.028,0.028,20000.0,560.0
00932.HK,2026-05-21,0.028,0.029,0.028,0.028,4028000.0,0.0
00932.HK,2026-05-22,0.027,0.028,0.027,0.028,4708000.0,0.0
00932.HK,2026-05-26,0.027,0.028,0.026,0.028,4056000.0,0.0
00932.HK,2026-05-27,0.027,0.028,0.027,0.028,2656000.0,0.0
00932.HK,2026-05-28,0.026,0.027,0.026,0.027,2324000.0,0.0
00932.HK,2026-05-29,0.028,0.028,0.027,0.028,1428000.0,39016.0
00932.HK,2026-06-01,0.028,0.028,0.027,0.028,1228000.0,0.0
00932.HK,2026-06-02,0.027,0.028,0.027,0.028,968000.0,0.0
00932.HK,2026-06-03,0.028,0.028,0.027,0.027,580000.0,0.0
