symbol,datetime,open,high,low,close,volume,amount
01235.HK,2011-09-30,0.47,0.57,0.46,0.47,40585000.0,0.0
01235.HK,2011-10-03,0.4,0.45,0.4,0.4,7370000.0,0.0
01235.HK,2011-10-04,0.415,0.425,0.38,0.415,2960000.0,0.0
01235.HK,2011-10-06,0.43,0.435,0.39,0.43,2130000.0,0.0
01235.HK,2011-10-07,0.445,0.445,0.42,0.445,2720000.0,0.0
01235.HK,2011-10-10,0.45,0.46,0.42,0.45,1785000.0,0.0
01235.HK,2011-10-11,0.475,0.475,0.44,0.475,1065000.0,0.0
01235.HK,2011-10-12,0.485,0.49,0.47,0.485,1425000.0,0.0
01235.HK,2011-10-13,0.48,0.495,0.455,0.48,2015000.0,0.0
01235.HK,2011-10-14,0.465,0.47,0.465,0.465,430000.0,0.0
01235.HK,2011-10-17,0.475,0.475,0.45,0.475,450000.0,0.0
01235.HK,2011-10-18,0.465,0.475,0.45,0.465,1430000.0,0.0
01235.HK,2011-10-19,0.455,0.465,0.455,0.455,140000.0,0.0
01235.HK,2011-10-20,0.45,0.46,0.45,0.45,100000.0,0.0
01235.HK,2011-10-21,0.46,0.46,0.46,0.46,40000.0,0.0
01235.HK,2011-10-24,0.445,0.45,0.435,0.445,175000.0,0.0
01235.HK,2011-10-25,0.45,0.45,0.425,0.45,85000.0,0.0
01235.HK,2011-10-26,0.43,0.455,0.43,0.43,260000.0,0.0
01235.HK,2011-10-27,0.455,0.455,0.44,0.455,535000.0,0.0
01235.HK,2011-10-28,0.44,0.445,0.435,0.44,355000.0,0.0
01235.HK,2011-10-31,0.465,0.47,0.425,0.465,480000.0,0.0
01235.HK,2011-11-01,0.45,0.455,0.45,0.45,120000.0,0.0
01235.HK,2011-11-02,0.465,0.495,0.46,0.465,295000.0,0.0
01235.HK,2011-11-03,0.44,0.44,0.435,0.44,5000.0,0.0
01235.HK,2011-11-04,0.445,0.445,0.44,0.445,10000.0,0.0
01235.HK,2011-11-07,0.45,0.45,0.45,0.45,5000.0,0.0
01235.HK,2011-11-08,0.45,0.45,0.435,0.45,60000.0,0.0
01235.HK,2011-11-09,0.45,0.45,0.45,0.45,0.0,0.0
01235.HK,2011-11-10,0.435,0.435,0.425,0.435,220000.0,0.0
01235.HK,2011-11-11,0.44,0.44,0.44,0.44,0.0,0.0
01235.HK,2011-11-14,0.445,0.445,0.435,0.445,80000.0,0.0
01235.HK,2011-11-15,0.44,0.44,0.43,0.44,20000.0,0.0
01235.HK,2011-11-16,0.425,0.43,0.425,0.43,55000.0,0.0
01235.HK,2011-11-17,0.43,0.43,0.42,0.43,150000.0,0.0
01235.HK,2011-11-18,0.42,0.42,0.415,0.42,100000.0,0.0
01235.HK,2011-11-21,0.41,0.41,0.41,0.41,110000.0,0.0
01235.HK,2011-11-22,0.41,0.41,0.41,0.41,0.0,0.0
01235.HK,2011-11-23,0.44,0.45,0.42,0.44,370000.0,0.0
01235.HK,2011-11-24,0.44,0.44,0.44,0.44,0.0,0.0
01235.HK,2011-11-25,0.42,0.42,0.41,0.42,65000.0,0.0
01235.HK,2011-11-28,0.45,0.455,0.435,0.45,130000.0,0.0
01235.HK,2011-11-29,0.435,0.445,0.425,0.435,275000.0,0.0
01235.HK,2011-11-30,0.41,0.41,0.41,0.41,20000.0,0.0
01235.HK,2011-12-01,0.415,0.415,0.41,0.415,30000.0,0.0
01235.HK,2011-12-02,0.435,0.45,0.415,0.435,255000.0,0.0
01235.HK,2011-12-05,0.43,0.455,0.43,0.43,12825000.0,0.0
01235.HK,2011-12-06,0.445,0.445,0.43,0.445,15000.0,0.0
01235.HK,2011-12-07,0.44,0.44,0.435,0.44,70000.0,0.0
01235.HK,2011-12-08,0.44,0.44,0.44,0.44,0.0,0.0
01235.HK,2011-12-09,0.42,0.42,0.41,0.42,115000.0,0.0
01235.HK,2011-12-12,0.42,0.42,0.42,0.42,220000.0,0.0
01235.HK,2011-12-13,0.41,0.41,0.41,0.41,35000.0,0.0
01235.HK,2011-12-14,0.42,0.42,0.42,0.42,5000.0,0.0
01235.HK,2011-12-15,0.455,0.46,0.39,0.455,70000.0,0.0
01235.HK,2011-12-16,0.445,0.445,0.42,0.445,65000.0,0.0
01235.HK,2011-12-19,0.435,0.435,0.43,0.435,10000.0,0.0
01235.HK,2011-12-20,0.43,0.435,0.43,0.43,20000.0,0.0
01235.HK,2011-12-21,0.445,0.445,0.43,0.445,40000.0,0.0
01235.HK,2011-12-22,0.435,0.435,0.435,0.435,0.0,0.0
01235.HK,2011-12-23,0.42,0.42,0.41,0.42,10000.0,0.0
01235.HK,2011-12-28,0.42,0.42,0.42,0.42,0.0,0.0
01235.HK,2011-12-29,0.45,0.47,0.375,0.45,380000.0,0.0
01235.HK,2011-12-30,0.45,0.45,0.45,0.45,0.0,0.0
01235.HK,2012-01-03,0.45,0.46,0.425,0.45,105000.0,0.0
01235.HK,2012-01-04,0.455,0.455,0.44,0.455,555000.0,0.0
01235.HK,2012-01-05,0.455,0.455,0.435,0.455,15000.0,0.0
01235.HK,2012-01-06,0.45,0.45,0.445,0.45,90000.0,0.0
01235.HK,2012-01-09,0.44,0.44,0.44,0.44,400000.0,0.0
01235.HK,2012-01-10,0.43,0.43,0.43,0.43,25000.0,0.0
01235.HK,2012-01-11,0.42,0.42,0.4,0.42,15000.0,0.0
01235.HK,2012-01-12,0.42,0.42,0.41,0.42,25000.0,0.0
01235.HK,2012-01-13,0.46,0.46,0.44,0.46,30000.0,0.0
01235.HK,2012-01-16,0.475,0.475,0.44,0.475,450000.0,0.0
01235.HK,2012-01-17,0.48,0.48,0.45,0.48,215000.0,0.0
01235.HK,2012-01-18,0.47,0.47,0.47,0.47,0.0,0.0
01235.HK,2012-01-19,0.47,0.47,0.47,0.47,0.0,0.0
01235.HK,2012-01-20,0.47,0.47,0.47,0.47,0.0,0.0
01235.HK,2012-01-26,0.46,0.47,0.46,0.46,105000.0,0.0
01235.HK,2012-01-27,0.46,0.46,0.46,0.46,0.0,0.0
01235.HK,2012-01-30,0.46,0.46,0.46,0.46,0.0,0.0
01235.HK,2012-01-31,0.46,0.46,0.46,0.46,0.0,0.0
01235.HK,2012-02-01,0.45,0.475,0.45,0.45,30000.0,0.0
01235.HK,2012-02-02,0.445,0.45,0.445,0.445,60000.0,0.0
01235.HK,2012-02-03,0.45,0.45,0.44,0.45,70000.0,0.0
01235.HK,2012-02-06,0.45,0.45,0.45,0.45,0.0,0.0
01235.HK,2012-02-07,0.465,0.465,0.45,0.465,75000.0,0.0
01235.HK,2012-02-08,0.485,0.49,0.44,0.485,105000.0,0.0
01235.HK,2012-02-09,0.47,0.47,0.47,0.47,0.0,0.0
01235.HK,2012-02-10,0.47,0.47,0.47,0.47,0.0,0.0
01235.HK,2012-02-13,0.42,0.42,0.42,0.42,50000.0,0.0
01235.HK,2012-02-14,0.46,0.46,0.46,0.46,25000.0,0.0
01235.HK,2012-02-15,0.435,0.435,0.435,0.435,100000.0,0.0
01235.HK,2012-02-16,0.445,0.445,0.435,0.445,790000.0,0.0
01235.HK,2012-02-17,0.445,0.445,0.445,0.445,0.0,0.0
01235.HK,2012-02-20,0.445,0.445,0.445,0.445,5000.0,0.0
01235.HK,2012-02-21,0.475,0.48,0.47,0.475,110000.0,0.0
01235.HK,2012-02-22,0.475,0.475,0.475,0.475,0.0,0.0
01235.HK,2012-02-23,0.475,0.475,0.475,0.475,0.0,0.0
01235.HK,2012-02-24,0.445,0.45,0.445,0.445,100000.0,0.0
01235.HK,2012-02-27,0.445,0.445,0.445,0.445,0.0,0.0
01235.HK,2012-02-28,0.445,0.445,0.445,0.445,0.0,0.0
01235.HK,2012-02-29,0.445,0.445,0.445,0.445,0.0,0.0
01235.HK,2012-03-01,0.44,0.45,0.44,0.44,310000.0,0.0
01235.HK,2012-03-02,0.44,0.48,0.44,0.44,175000.0,0.0
01235.HK,2012-03-05,0.44,0.44,0.44,0.44,0.0,0.0
01235.HK,2012-03-06,0.44,0.44,0.44,0.44,0.0,0.0
01235.HK,2012-03-07,0.45,0.45,0.45,0.45,50000.0,0.0
01235.HK,2012-03-08,0.45,0.45,0.45,0.45,110000.0,0.0
01235.HK,2012-03-09,0.45,0.45,0.45,0.45,20000.0,0.0
01235.HK,2012-03-12,0.46,0.46,0.455,0.46,85000.0,0.0
01235.HK,2012-03-13,0.475,0.48,0.44,0.475,455000.0,0.0
01235.HK,2012-03-14,0.475,0.475,0.475,0.475,15000.0,0.0
01235.HK,2012-03-15,0.475,0.475,0.475,0.475,0.0,0.0
01235.HK,2012-03-16,0.47,0.47,0.47,0.47,0.0,0.0
01235.HK,2012-03-19,0.43,0.46,0.43,0.43,40000.0,0.0
01235.HK,2012-03-20,0.47,0.475,0.43,0.47,100000.0,0.0
01235.HK,2012-03-21,0.47,0.47,0.47,0.47,0.0,0.0
01235.HK,2012-03-22,0.465,0.465,0.465,0.465,65000.0,0.0
01235.HK,2012-03-23,0.44,0.44,0.44,0.44,50000.0,0.0
01235.HK,2012-03-26,0.44,0.44,0.44,0.44,0.0,0.0
01235.HK,2012-03-27,0.44,0.44,0.44,0.44,0.0,0.0
01235.HK,2012-03-28,0.44,0.44,0.44,0.44,210000.0,0.0
01235.HK,2012-03-29,0.44,0.44,0.44,0.44,0.0,0.0
01235.HK,2012-03-30,0.44,0.44,0.44,0.44,20000.0,0.0
01235.HK,2012-04-02,0.44,0.44,0.44,0.44,0.0,0.0
01235.HK,2012-04-03,0.425,0.425,0.425,0.425,120000.0,0.0
01235.HK,2012-04-05,0.45,0.45,0.45,0.45,195000.0,0.0
01235.HK,2012-04-10,0.45,0.45,0.45,0.45,0.0,0.0
01235.HK,2012-04-11,0.45,0.45,0.45,0.45,0.0,0.0
01235.HK,2012-04-12,0.45,0.45,0.45,0.45,0.0,0.0
01235.HK,2012-04-13,0.45,0.45,0.45,0.45,0.0,0.0
01235.HK,2012-04-16,0.43,0.43,0.43,0.43,10000.0,0.0
01235.HK,2012-04-17,0.43,0.43,0.43,0.43,100000.0,0.0
01235.HK,2012-04-18,0.45,0.45,0.45,0.45,100000.0,0.0
01235.HK,2012-04-19,0.45,0.45,0.45,0.45,0.0,0.0
01235.HK,2012-04-20,0.45,0.45,0.45,0.45,0.0,0.0
01235.HK,2012-04-23,0.45,0.45,0.45,0.45,0.0,0.0
01235.HK,2012-04-24,0.45,0.45,0.45,0.45,0.0,0.0
01235.HK,2012-04-25,0.45,0.45,0.45,0.45,85000.0,0.0
01235.HK,2012-04-26,0.45,0.45,0.45,0.45,0.0,0.0
01235.HK,2012-04-27,0.45,0.45,0.45,0.45,0.0,0.0
01235.HK,2012-04-30,0.45,0.45,0.45,0.45,0.0,0.0
01235.HK,2012-05-02,0.45,0.45,0.45,0.45,0.0,0.0
01235.HK,2012-05-03,0.45,0.45,0.45,0.45,0.0,0.0
01235.HK,2012-05-04,0.45,0.45,0.45,0.45,0.0,0.0
01235.HK,2012-05-07,0.45,0.45,0.43,0.45,40000.0,0.0
01235.HK,2012-05-08,0.45,0.45,0.45,0.45,0.0,0.0
01235.HK,2012-05-09,0.45,0.45,0.45,0.45,140000.0,0.0
01235.HK,2012-05-10,0.45,0.45,0.45,0.45,0.0,0.0
01235.HK,2012-05-11,0.425,0.425,0.425,0.425,20000.0,0.0
01235.HK,2012-05-14,0.435,0.435,0.435,0.435,0.0,0.0
01235.HK,2012-05-15,0.435,0.435,0.435,0.435,0.0,0.0
01235.HK,2012-05-16,0.435,0.435,0.435,0.435,0.0,0.0
01235.HK,2012-05-17,0.435,0.435,0.435,0.435,0.0,0.0
01235.HK,2012-05-18,0.435,0.435,0.435,0.435,0.0,0.0
01235.HK,2012-05-21,0.435,0.435,0.435,0.435,0.0,0.0
01235.HK,2012-05-22,0.435,0.435,0.435,0.435,5000.0,0.0
01235.HK,2012-05-23,0.435,0.435,0.43,0.435,10000.0,0.0
01235.HK,2012-05-24,0.435,0.435,0.435,0.435,5000.0,0.0
01235.HK,2012-05-25,0.45,0.45,0.435,0.45,20000.0,0.0
01235.HK,2012-05-28,0.45,0.45,0.45,0.45,0.0,0.0
01235.HK,2012-05-29,0.45,0.45,0.45,0.45,0.0,0.0
01235.HK,2012-05-30,0.45,0.45,0.45,0.45,0.0,0.0
01235.HK,2012-05-31,0.45,0.45,0.45,0.45,30000.0,0.0
01235.HK,2012-06-01,0.45,0.45,0.45,0.45,0.0,0.0
01235.HK,2012-06-04,0.435,0.435,0.435,0.435,20000.0,0.0
01235.HK,2012-06-05,0.435,0.435,0.435,0.435,10000.0,0.0
01235.HK,2012-06-06,0.43,0.44,0.43,0.43,70000.0,0.0
01235.HK,2012-06-07,0.435,0.435,0.435,0.435,25000.0,0.0
01235.HK,2012-06-08,0.44,0.44,0.435,0.44,20000.0,0.0
01235.HK,2012-06-11,0.435,0.435,0.435,0.435,10000.0,0.0
01235.HK,2012-06-12,0.42,0.42,0.42,0.42,10000.0,0.0
01235.HK,2012-06-13,0.42,0.42,0.42,0.42,0.0,0.0
01235.HK,2012-06-14,0.42,0.42,0.42,0.42,0.0,0.0
01235.HK,2012-06-15,0.425,0.425,0.425,0.425,0.0,0.0
01235.HK,2012-06-18,0.425,0.425,0.425,0.425,0.0,0.0
01235.HK,2012-06-19,0.425,0.425,0.425,0.425,0.0,0.0
01235.HK,2012-06-20,0.43,0.43,0.43,0.43,20000.0,0.0
01235.HK,2012-06-21,0.43,0.43,0.43,0.43,5000.0,0.0
01235.HK,2012-06-22,0.43,0.43,0.43,0.43,20000.0,0.0
01235.HK,2012-06-25,0.43,0.43,0.43,0.43,0.0,0.0
01235.HK,2012-06-26,0.43,0.43,0.43,0.43,5000.0,0.0
01235.HK,2012-06-27,0.43,0.43,0.43,0.43,0.0,0.0
01235.HK,2012-06-28,0.43,0.43,0.43,0.43,0.0,0.0
01235.HK,2012-06-29,0.43,0.43,0.42,0.43,105000.0,0.0
01235.HK,2012-07-03,0.445,0.445,0.435,0.445,140000.0,0.0
01235.HK,2012-07-04,0.47,0.47,0.435,0.47,55000.0,0.0
01235.HK,2012-07-05,0.47,0.47,0.45,0.47,45000.0,0.0
01235.HK,2012-07-06,0.47,0.47,0.465,0.47,30000.0,0.0
01235.HK,2012-07-09,0.46,0.46,0.46,0.46,10000.0,0.0
01235.HK,2012-07-10,0.475,0.475,0.46,0.475,75000.0,0.0
01235.HK,2012-07-11,0.475,0.475,0.475,0.475,0.0,0.0
01235.HK,2012-07-12,0.475,0.475,0.46,0.475,215000.0,0.0
01235.HK,2012-07-13,0.475,0.475,0.465,0.475,10000.0,0.0
01235.HK,2012-07-16,0.475,0.475,0.475,0.475,0.0,0.0
01235.HK,2012-07-17,0.47,0.47,0.47,0.47,0.0,0.0
01235.HK,2012-07-18,0.475,0.475,0.475,0.475,170000.0,0.0
01235.HK,2012-07-19,0.475,0.475,0.475,0.475,0.0,0.0
01235.HK,2012-07-20,0.475,0.475,0.475,0.475,0.0,0.0
01235.HK,2012-07-23,0.475,0.475,0.475,0.475,5000.0,0.0
01235.HK,2012-07-24,0.475,0.475,0.475,0.475,0.0,0.0
01235.HK,2012-07-25,0.475,0.475,0.475,0.475,0.0,0.0
01235.HK,2012-07-26,0.475,0.475,0.475,0.475,110000.0,0.0
01235.HK,2012-07-27,0.47,0.48,0.46,0.47,20000.0,0.0
01235.HK,2012-07-30,0.47,0.47,0.47,0.47,0.0,0.0
01235.HK,2012-07-31,0.455,0.455,0.455,0.455,20000.0,0.0
01235.HK,2012-08-01,0.455,0.455,0.455,0.455,0.0,0.0
01235.HK,2012-08-02,0.46,0.46,0.46,0.46,5000.0,0.0
01235.HK,2012-08-03,0.46,0.46,0.46,0.46,0.0,0.0
01235.HK,2012-08-06,0.46,0.46,0.46,0.46,0.0,0.0
01235.HK,2012-08-07,0.46,0.46,0.46,0.46,35000.0,0.0
01235.HK,2012-08-08,0.43,0.44,0.39,0.43,80000.0,0.0
01235.HK,2012-08-09,0.43,0.43,0.43,0.43,0.0,0.0
01235.HK,2012-08-10,0.45,0.45,0.43,0.45,30000.0,0.0
01235.HK,2012-08-13,0.45,0.45,0.45,0.45,0.0,0.0
01235.HK,2012-08-14,0.48,0.48,0.45,0.48,25000.0,0.0
01235.HK,2012-08-15,0.46,0.46,0.46,0.46,40000.0,0.0
01235.HK,2012-08-16,0.46,0.46,0.46,0.46,0.0,0.0
01235.HK,2012-08-17,0.47,0.48,0.47,0.47,155000.0,0.0
01235.HK,2012-08-20,0.47,0.47,0.47,0.47,0.0,0.0
01235.HK,2012-08-21,0.48,0.48,0.465,0.48,460000.0,0.0
01235.HK,2012-08-22,0.435,0.455,0.43,0.435,115000.0,0.0
01235.HK,2012-08-23,0.435,0.435,0.435,0.435,75000.0,0.0
01235.HK,2012-08-24,0.455,0.455,0.455,0.455,95000.0,0.0
01235.HK,2012-08-27,0.44,0.44,0.43,0.44,5000.0,0.0
01235.HK,2012-08-28,0.45,0.45,0.445,0.45,100000.0,0.0
01235.HK,2012-08-29,0.455,0.455,0.455,0.455,10000.0,0.0
01235.HK,2012-08-30,0.435,0.445,0.435,0.435,250000.0,0.0
01235.HK,2012-08-31,0.435,0.455,0.435,0.435,95000.0,0.0
01235.HK,2012-09-03,0.435,0.435,0.435,0.435,0.0,0.0
01235.HK,2012-09-04,0.435,0.435,0.435,0.435,0.0,0.0
01235.HK,2012-09-05,0.435,0.435,0.435,0.435,0.0,0.0
01235.HK,2012-09-06,0.425,0.425,0.425,0.425,5000.0,0.0
01235.HK,2012-09-07,0.425,0.425,0.425,0.425,0.0,0.0
01235.HK,2012-09-10,0.425,0.425,0.425,0.425,0.0,0.0
01235.HK,2012-09-11,0.425,0.425,0.425,0.425,0.0,0.0
01235.HK,2012-09-12,0.43,0.43,0.43,0.43,85000.0,0.0
01235.HK,2012-09-13,0.43,0.43,0.43,0.43,0.0,0.0
01235.HK,2012-09-14,0.43,0.43,0.43,0.43,0.0,0.0
01235.HK,2012-09-17,0.43,0.435,0.43,0.43,50000.0,0.0
01235.HK,2012-09-18,0.435,0.435,0.435,0.435,35000.0,0.0
01235.HK,2012-09-19,0.435,0.435,0.435,0.435,0.0,0.0
01235.HK,2012-09-20,0.435,0.435,0.435,0.435,0.0,0.0
01235.HK,2012-09-21,0.43,0.43,0.43,0.43,0.0,0.0
01235.HK,2012-09-24,0.43,0.43,0.43,0.43,0.0,0.0
01235.HK,2012-09-25,0.43,0.43,0.43,0.43,0.0,0.0
01235.HK,2012-09-26,0.43,0.43,0.43,0.43,0.0,0.0
01235.HK,2012-09-27,0.43,0.43,0.43,0.43,0.0,0.0
01235.HK,2012-09-28,0.435,0.435,0.43,0.435,40000.0,0.0
01235.HK,2012-10-03,0.435,0.435,0.435,0.435,0.0,0.0
01235.HK,2012-10-04,0.435,0.435,0.435,0.435,0.0,0.0
01235.HK,2012-10-05,0.435,0.435,0.435,0.435,0.0,0.0
01235.HK,2012-10-08,0.435,0.435,0.435,0.435,0.0,0.0
01235.HK,2012-10-09,0.425,0.425,0.425,0.425,10000.0,0.0
01235.HK,2012-10-10,0.425,0.425,0.425,0.425,0.0,0.0
01235.HK,2012-10-11,0.42,0.42,0.42,0.42,5000.0,0.0
01235.HK,2012-10-12,0.42,0.42,0.42,0.42,35000.0,0.0
01235.HK,2012-10-15,0.42,0.42,0.42,0.42,0.0,0.0
01235.HK,2012-10-16,0.42,0.42,0.42,0.42,60000.0,0.0
01235.HK,2012-10-17,0.455,0.455,0.455,0.455,35000.0,0.0
01235.HK,2012-10-18,0.435,0.435,0.425,0.435,55000.0,0.0
01235.HK,2012-10-19,0.435,0.435,0.435,0.435,20000.0,0.0
01235.HK,2012-10-22,0.44,0.44,0.44,0.44,10000.0,0.0
01235.HK,2012-10-24,0.435,0.435,0.435,0.435,0.0,0.0
01235.HK,2012-10-25,0.435,0.435,0.43,0.435,50000.0,0.0
01235.HK,2012-10-26,0.44,0.445,0.44,0.44,40000.0,0.0
01235.HK,2012-10-29,0.44,0.44,0.44,0.44,0.0,0.0
01235.HK,2012-10-30,0.44,0.44,0.44,0.44,35000.0,0.0
01235.HK,2012-10-31,0.44,0.44,0.44,0.44,0.0,0.0
01235.HK,2012-11-01,0.44,0.44,0.44,0.44,0.0,0.0
01235.HK,2012-11-02,0.41,0.42,0.41,0.42,90000.0,0.0
01235.HK,2012-11-05,0.425,0.425,0.425,0.425,10000.0,0.0
01235.HK,2012-11-06,0.425,0.43,0.425,0.43,20000.0,0.0
01235.HK,2012-11-07,0.43,0.43,0.42,0.42,100000.0,0.0
01235.HK,2012-11-08,0.42,0.42,0.42,0.42,0.0,0.0
01235.HK,2012-11-09,0.42,0.42,0.42,0.42,0.0,0.0
01235.HK,2012-11-12,0.415,0.415,0.415,0.415,0.0,0.0
01235.HK,2012-11-13,0.425,0.425,0.425,0.425,30000.0,0.0
01235.HK,2012-11-14,0.42,0.42,0.42,0.42,30000.0,0.0
01235.HK,2012-11-15,0.42,0.42,0.42,0.42,0.0,0.0
01235.HK,2012-11-16,0.42,0.42,0.42,0.42,0.0,0.0
01235.HK,2012-11-19,0.42,0.42,0.42,0.42,0.0,0.0
01235.HK,2012-11-20,0.42,0.42,0.42,0.42,0.0,0.0
01235.HK,2012-11-21,0.42,0.42,0.42,0.42,0.0,0.0
01235.HK,2012-11-22,0.42,0.42,0.42,0.42,0.0,0.0
01235.HK,2012-11-23,0.42,0.42,0.42,0.42,0.0,0.0
01235.HK,2012-11-26,0.42,0.42,0.42,0.42,0.0,0.0
01235.HK,2012-11-27,0.42,0.42,0.42,0.42,0.0,0.0
01235.HK,2012-11-28,0.42,0.42,0.42,0.42,10000.0,0.0
01235.HK,2012-11-29,0.43,0.435,0.43,0.43,95000.0,0.0
01235.HK,2012-11-30,0.42,0.42,0.42,0.42,5000.0,0.0
01235.HK,2012-12-03,0.42,0.42,0.42,0.42,0.0,0.0
01235.HK,2012-12-04,0.42,0.42,0.42,0.42,0.0,0.0
01235.HK,2012-12-05,0.445,0.445,0.445,0.445,150000.0,0.0
01235.HK,2012-12-06,0.445,0.445,0.445,0.445,0.0,0.0
01235.HK,2012-12-07,0.445,0.445,0.445,0.445,0.0,0.0
01235.HK,2012-12-10,0.43,0.43,0.43,0.43,10000.0,0.0
01235.HK,2012-12-11,0.45,0.45,0.44,0.445,30000.0,0.0
01235.HK,2012-12-12,0.45,0.45,0.45,0.45,20000.0,0.0
01235.HK,2012-12-13,0.43,0.43,0.43,0.43,15000.0,0.0
01235.HK,2012-12-14,0.43,0.43,0.43,0.43,0.0,0.0
01235.HK,2012-12-17,0.43,0.43,0.43,0.43,0.0,0.0
01235.HK,2012-12-18,0.43,0.43,0.43,0.43,0.0,0.0
01235.HK,2012-12-19,0.445,0.455,0.44,0.455,65000.0,0.0
01235.HK,2012-12-20,0.455,0.455,0.455,0.455,0.0,0.0
01235.HK,2012-12-21,0.455,0.455,0.455,0.455,0.0,0.0
01235.HK,2012-12-24,0.455,0.455,0.455,0.455,0.0,0.0
01235.HK,2012-12-27,0.46,0.46,0.45,0.45,210000.0,0.0
01235.HK,2012-12-28,0.45,0.45,0.45,0.45,40000.0,0.0
01235.HK,2012-12-31,0.45,0.45,0.45,0.45,0.0,0.0
01235.HK,2013-01-02,0.45,0.45,0.45,0.45,0.0,0.0
01235.HK,2013-01-03,0.445,0.45,0.445,0.45,40000.0,0.0
01235.HK,2013-01-04,0.45,0.45,0.45,0.45,60000.0,0.0
01235.HK,2013-01-07,0.45,0.46,0.45,0.46,125000.0,0.0
01235.HK,2013-01-08,0.46,0.46,0.46,0.46,0.0,0.0
01235.HK,2013-01-09,0.46,0.46,0.46,0.46,250000.0,0.0
01235.HK,2013-01-10,0.46,0.46,0.46,0.46,50000.0,0.0
01235.HK,2013-01-11,0.46,0.46,0.44,0.46,120000.0,0.0
01235.HK,2013-01-14,0.46,0.46,0.46,0.46,20000.0,0.0
01235.HK,2013-01-15,0.46,0.46,0.46,0.46,0.0,0.0
01235.HK,2013-01-16,0.46,0.46,0.46,0.46,30000.0,0.0
01235.HK,2013-01-17,0.46,0.46,0.46,0.46,0.0,0.0
01235.HK,2013-01-18,0.46,0.46,0.46,0.46,0.0,0.0
01235.HK,2013-01-21,0.46,0.46,0.46,0.46,0.0,0.0
01235.HK,2013-01-22,0.46,0.46,0.46,0.46,0.0,0.0
01235.HK,2013-01-23,0.45,0.45,0.45,0.45,5000.0,0.0
01235.HK,2013-01-24,0.45,0.45,0.45,0.45,45000.0,0.0
01235.HK,2013-01-25,0.45,0.45,0.45,0.45,0.0,0.0
01235.HK,2013-01-28,0.415,0.42,0.415,0.42,5000.0,0.0
01235.HK,2013-01-29,0.445,0.445,0.435,0.445,10000.0,0.0
01235.HK,2013-01-30,0.46,0.48,0.455,0.475,355000.0,0.0
01235.HK,2013-01-31,0.475,0.475,0.475,0.475,0.0,0.0
01235.HK,2013-02-01,0.475,0.475,0.475,0.475,0.0,0.0
01235.HK,2013-02-04,0.48,0.485,0.48,0.48,170000.0,0.0
01235.HK,2013-02-05,0.48,0.48,0.48,0.48,0.0,0.0
01235.HK,2013-02-06,0.48,0.48,0.48,0.48,0.0,0.0
01235.HK,2013-02-07,0.48,0.48,0.48,0.48,0.0,0.0
01235.HK,2013-02-08,0.495,0.495,0.48,0.48,30000.0,0.0
01235.HK,2013-02-14,0.5,0.5,0.485,0.485,95000.0,0.0
01235.HK,2013-02-15,0.485,0.485,0.485,0.485,0.0,0.0
01235.HK,2013-02-18,0.47,0.485,0.47,0.485,175000.0,0.0
01235.HK,2013-02-19,0.49,0.49,0.49,0.49,100000.0,0.0
01235.HK,2013-02-20,0.49,0.49,0.49,0.49,100000.0,0.0
01235.HK,2013-02-21,0.5,0.9,0.5,0.78,15305000.0,0.0
01235.HK,2013-02-22,0.78,0.83,0.65,0.69,5465000.0,0.0
01235.HK,2013-02-25,0.68,0.74,0.65,0.7,2020000.0,0.0
01235.HK,2013-02-26,0.69,0.69,0.63,0.63,1260000.0,0.0
01235.HK,2013-02-27,0.63,0.74,0.63,0.68,1760000.0,0.0
01235.HK,2013-02-28,0.68,0.78,0.66,0.69,2730000.0,0.0
01235.HK,2013-03-01,0.68,0.68,0.64,0.66,475000.0,0.0
01235.HK,2013-03-04,0.64,0.65,0.58,0.63,895000.0,0.0
01235.HK,2013-03-05,0.63,0.67,0.63,0.63,340000.0,0.0
01235.HK,2013-03-06,0.63,0.65,0.63,0.65,295000.0,0.0
01235.HK,2013-03-07,0.64,0.7,0.63,0.64,425000.0,0.0
01235.HK,2013-03-08,0.64,0.64,0.61,0.62,365000.0,0.0
01235.HK,2013-03-11,0.63,0.64,0.61,0.61,215000.0,0.0
01235.HK,2013-03-12,0.61,0.61,0.61,0.61,0.0,0.0
01235.HK,2013-03-13,0.59,0.6,0.56,0.57,735000.0,0.0
01235.HK,2013-03-14,0.54,0.59,0.54,0.56,200000.0,0.0
01235.HK,2013-03-15,0.61,0.78,0.61,0.67,6080000.0,0.0
01235.HK,2013-03-18,0.67,0.68,0.6,0.61,795000.0,0.0
01235.HK,2013-03-19,0.63,0.7,0.61,0.67,650000.0,0.0
01235.HK,2013-03-20,0.67,0.67,0.64,0.65,60000.0,0.0
01235.HK,2013-03-21,0.64,0.64,0.61,0.63,265000.0,0.0
01235.HK,2013-03-22,0.63,0.63,0.6,0.63,655000.0,0.0
01235.HK,2013-03-25,0.63,0.63,0.62,0.62,90000.0,0.0
01235.HK,2013-03-26,0.62,0.62,0.62,0.62,95000.0,0.0
01235.HK,2013-03-27,0.61,0.62,0.61,0.62,180000.0,0.0
01235.HK,2013-03-28,0.61,0.62,0.61,0.62,45000.0,0.0
01235.HK,2013-04-02,0.61,0.61,0.61,0.61,55000.0,0.0
01235.HK,2013-04-03,0.61,0.64,0.6,0.64,250000.0,0.0
01235.HK,2013-04-05,0.65,0.65,0.58,0.58,355000.0,0.0
01235.HK,2013-04-08,0.58,0.6,0.57,0.6,145000.0,0.0
01235.HK,2013-04-09,0.61,0.62,0.61,0.62,200000.0,0.0
01235.HK,2013-04-10,0.61,0.61,0.61,0.61,0.0,0.0
01235.HK,2013-04-11,0.6,0.6,0.58,0.59,155000.0,0.0
01235.HK,2013-04-12,0.58,0.6,0.56,0.6,275000.0,0.0
01235.HK,2013-04-15,0.6,0.6,0.58,0.58,185000.0,0.0
01235.HK,2013-04-16,0.58,0.6,0.58,0.6,45000.0,0.0
01235.HK,2013-04-17,0.6,0.6,0.55,0.55,30000.0,0.0
01235.HK,2013-04-18,0.57,0.57,0.57,0.57,60000.0,0.0
01235.HK,2013-04-19,0.55,0.58,0.55,0.58,40000.0,0.0
01235.HK,2013-04-22,0.58,0.58,0.58,0.58,0.0,0.0
01235.HK,2013-04-23,0.58,0.58,0.58,0.58,0.0,0.0
01235.HK,2013-04-24,0.6,0.6,0.6,0.6,5000.0,0.0
01235.HK,2013-04-25,0.59,0.59,0.58,0.58,30000.0,0.0
01235.HK,2013-04-26,0.58,0.6,0.57,0.59,105000.0,0.0
01235.HK,2013-04-29,0.59,0.59,0.59,0.59,0.0,0.0
01235.HK,2013-04-30,0.56,0.57,0.56,0.57,75000.0,0.0
01235.HK,2013-05-02,0.56,0.56,0.55,0.55,60000.0,0.0
01235.HK,2013-05-03,0.55,0.58,0.54,0.58,110000.0,0.0
01235.HK,2013-05-06,0.56,0.56,0.56,0.56,25000.0,0.0
01235.HK,2013-05-07,0.55,0.55,0.55,0.55,45000.0,0.0
01235.HK,2013-05-08,0.58,0.58,0.58,0.58,65000.0,0.0
01235.HK,2013-05-09,0.58,0.58,0.58,0.58,0.0,0.0
01235.HK,2013-05-10,0.58,0.58,0.58,0.58,0.0,0.0
01235.HK,2013-05-13,0.56,0.6,0.56,0.6,75000.0,0.0
01235.HK,2013-05-14,0.57,0.57,0.57,0.57,80000.0,0.0
01235.HK,2013-05-15,0.58,0.58,0.58,0.58,10000.0,0.0
01235.HK,2013-05-16,0.58,0.58,0.58,0.58,0.0,0.0
01235.HK,2013-05-20,0.6,0.6,0.6,0.6,60000.0,0.0
01235.HK,2013-05-21,0.6,0.6,0.6,0.6,90000.0,0.0
01235.HK,2013-05-22,0.6,0.6,0.6,0.6,0.0,0.0
01235.HK,2013-05-23,0.6,0.6,0.6,0.6,0.0,0.0
01235.HK,2013-05-24,0.6,0.6,0.6,0.6,0.0,0.0
01235.HK,2013-05-27,0.6,0.6,0.6,0.6,0.0,0.0
01235.HK,2013-05-28,0.59,0.59,0.59,0.59,0.0,0.0
01235.HK,2013-05-29,0.59,0.59,0.59,0.59,0.0,0.0
01235.HK,2013-05-30,0.59,0.59,0.59,0.59,0.0,0.0
01235.HK,2013-05-31,0.54,0.57,0.53,0.57,395000.0,0.0
01235.HK,2013-06-03,0.54,0.56,0.54,0.56,100000.0,0.0
01235.HK,2013-06-04,0.56,0.56,0.56,0.56,0.0,0.0
01235.HK,2013-06-05,0.56,0.56,0.56,0.56,0.0,0.0
01235.HK,2013-06-06,0.63,0.75,0.63,0.63,7190000.0,0.0
01235.HK,2013-06-07,0.66,0.66,0.61,0.63,810000.0,0.0
01235.HK,2013-06-10,0.62,0.63,0.61,0.61,405000.0,0.0
01235.HK,2013-06-11,0.58,0.62,0.58,0.62,200000.0,0.0
01235.HK,2013-06-13,0.6,0.6,0.58,0.59,305000.0,0.0
01235.HK,2013-06-14,0.58,0.6,0.58,0.6,130000.0,0.0
01235.HK,2013-06-17,0.56,0.6,0.56,0.59,305000.0,0.0
01235.HK,2013-06-18,0.59,0.61,0.59,0.61,85000.0,0.0
01235.HK,2013-06-19,0.61,0.62,0.61,0.62,325000.0,0.0
01235.HK,2013-06-20,0.61,0.62,0.61,0.62,30000.0,0.0
01235.HK,2013-06-21,0.6,0.62,0.6,0.62,105000.0,0.0
01235.HK,2013-06-24,0.59,0.59,0.57,0.57,100000.0,0.0
01235.HK,2013-06-25,0.57,0.58,0.56,0.57,400000.0,0.0
01235.HK,2013-06-26,0.62,0.62,0.61,0.61,430000.0,0.0
01235.HK,2013-06-27,0.61,0.68,0.61,0.63,825000.0,0.0
01235.HK,2013-06-28,0.63,0.66,0.61,0.65,385000.0,0.0
01235.HK,2013-07-02,0.65,0.67,0.55,0.62,645000.0,0.0
01235.HK,2013-07-03,0.6,0.6,0.6,0.6,5000.0,0.0
01235.HK,2013-07-04,0.6,0.6,0.58,0.59,75000.0,0.0
01235.HK,2013-07-05,0.59,0.62,0.59,0.62,440000.0,0.0
01235.HK,2013-07-08,0.6,0.6,0.59,0.59,120000.0,0.0
01235.HK,2013-07-09,0.59,0.59,0.59,0.59,35000.0,0.0
01235.HK,2013-07-10,0.62,0.62,0.58,0.59,140000.0,0.0
01235.HK,2013-07-11,0.58,0.6,0.58,0.59,280000.0,0.0
01235.HK,2013-07-12,0.59,0.59,0.59,0.59,0.0,0.0
01235.HK,2013-07-15,0.59,0.59,0.59,0.59,0.0,0.0
01235.HK,2013-07-16,0.59,0.59,0.58,0.58,115000.0,0.0
01235.HK,2013-07-17,0.59,0.59,0.58,0.58,45000.0,0.0
01235.HK,2013-07-18,0.6,0.6,0.58,0.58,230000.0,0.0
01235.HK,2013-07-19,0.57,0.59,0.51,0.58,185000.0,0.0
01235.HK,2013-07-22,0.58,0.58,0.58,0.58,0.0,0.0
01235.HK,2013-07-23,0.58,0.58,0.58,0.58,45000.0,0.0
01235.HK,2013-07-24,0.59,0.59,0.59,0.59,10000.0,0.0
01235.HK,2013-07-25,0.59,0.59,0.59,0.59,60000.0,0.0
01235.HK,2013-07-26,0.59,0.59,0.59,0.59,5000.0,0.0
01235.HK,2013-07-29,0.59,0.59,0.54,0.57,70000.0,0.0
01235.HK,2013-07-30,0.59,0.61,0.58,0.61,140000.0,0.0
01235.HK,2013-07-31,0.6,0.63,0.59,0.62,115000.0,0.0
01235.HK,2013-08-01,0.62,0.62,0.62,0.62,0.0,0.0
01235.HK,2013-08-02,0.62,0.62,0.62,0.62,80000.0,0.0
01235.HK,2013-08-05,0.58,0.58,0.55,0.56,105000.0,0.0
01235.HK,2013-08-06,0.59,0.6,0.59,0.59,15000.0,0.0
01235.HK,2013-08-07,0.59,0.64,0.59,0.6,1000000.0,0.0
01235.HK,2013-08-08,0.62,0.64,0.62,0.63,495000.0,0.0
01235.HK,2013-08-09,0.63,0.63,0.63,0.63,30000.0,0.0
01235.HK,2013-08-12,0.61,0.65,0.61,0.63,520000.0,0.0
01235.HK,2013-08-13,0.63,0.64,0.63,0.63,275000.0,0.0
01235.HK,2013-08-15,0.63,0.63,0.61,0.61,145000.0,0.0
01235.HK,2013-08-16,0.61,0.64,0.61,0.64,445000.0,0.0
01235.HK,2013-08-19,0.66,0.66,0.64,0.64,350000.0,0.0
01235.HK,2013-08-20,0.66,0.66,0.66,0.66,115000.0,0.0
01235.HK,2013-08-21,0.65,0.66,0.62,0.66,180000.0,0.0
01235.HK,2013-08-22,0.66,0.69,0.66,0.68,1525000.0,0.0
01235.HK,2013-08-23,0.63,0.65,0.63,0.63,220000.0,0.0
01235.HK,2013-08-26,0.6,0.65,0.6,0.65,20000.0,0.0
01235.HK,2013-08-27,0.65,0.65,0.65,0.65,0.0,0.0
01235.HK,2013-08-28,0.62,0.62,0.61,0.62,130000.0,0.0
01235.HK,2013-08-29,0.63,0.64,0.63,0.64,30000.0,0.0
01235.HK,2013-08-30,0.64,0.64,0.64,0.64,0.0,0.0
01235.HK,2013-09-02,0.64,0.64,0.64,0.64,0.0,0.0
01235.HK,2013-09-03,0.62,0.63,0.62,0.63,70000.0,0.0
01235.HK,2013-09-04,0.63,0.63,0.62,0.62,20000.0,0.0
01235.HK,2013-09-05,0.62,0.62,0.62,0.62,10000.0,0.0
01235.HK,2013-09-06,0.62,0.62,0.6,0.62,180000.0,0.0
01235.HK,2013-09-09,0.62,0.62,0.61,0.62,155000.0,0.0
01235.HK,2013-09-10,0.63,0.63,0.62,0.62,50000.0,0.0
01235.HK,2013-09-11,0.62,0.62,0.62,0.62,0.0,0.0
01235.HK,2013-09-12,0.6,0.61,0.6,0.61,15000.0,0.0
01235.HK,2013-09-13,0.6,0.63,0.6,0.63,210000.0,0.0
01235.HK,2013-09-16,0.65,0.67,0.65,0.65,595000.0,0.0
01235.HK,2013-09-17,0.65,0.65,0.64,0.64,15000.0,0.0
01235.HK,2013-09-18,0.64,0.64,0.64,0.64,0.0,0.0
01235.HK,2013-09-19,0.61,0.63,0.61,0.62,60000.0,0.0
01235.HK,2013-09-23,0.61,0.61,0.61,0.61,60000.0,0.0
01235.HK,2013-09-24,0.62,0.62,0.61,0.61,45000.0,0.0
01235.HK,2013-09-25,0.61,0.62,0.6,0.62,75000.0,0.0
01235.HK,2013-09-26,0.62,0.62,0.62,0.62,0.0,0.0
01235.HK,2013-09-27,0.62,0.62,0.62,0.62,0.0,0.0
01235.HK,2013-09-30,0.62,0.65,0.61,0.65,335000.0,0.0
01235.HK,2013-10-02,0.62,0.62,0.61,0.62,65000.0,0.0
01235.HK,2013-10-03,0.61,0.65,0.61,0.62,110000.0,0.0
01235.HK,2013-10-04,0.62,0.64,0.62,0.64,25000.0,0.0
01235.HK,2013-10-07,0.64,0.65,0.61,0.64,80000.0,0.0
01235.HK,2013-10-08,0.64,0.66,0.62,0.66,445000.0,0.0
01235.HK,2013-10-09,0.66,0.71,0.63,0.68,935000.0,0.0
01235.HK,2013-10-10,0.67,0.74,0.67,0.71,1780000.0,0.0
01235.HK,2013-10-11,0.7,0.74,0.67,0.68,515000.0,0.0
01235.HK,2013-10-15,0.67,0.68,0.66,0.68,190000.0,0.0
01235.HK,2013-10-16,0.68,0.7,0.68,0.68,255000.0,0.0
01235.HK,2013-10-17,0.68,0.68,0.64,0.65,100000.0,0.0
01235.HK,2013-10-18,0.65,0.66,0.63,0.66,125000.0,0.0
01235.HK,2013-10-21,0.65,0.65,0.64,0.65,175000.0,0.0
01235.HK,2013-10-22,0.65,0.65,0.65,0.65,0.0,0.0
01235.HK,2013-10-23,0.65,0.65,0.65,0.65,30000.0,0.0
01235.HK,2013-10-24,0.65,0.65,0.65,0.65,0.0,0.0
01235.HK,2013-10-25,0.62,0.63,0.62,0.63,20000.0,0.0
01235.HK,2013-10-28,0.61,0.63,0.61,0.63,30000.0,0.0
01235.HK,2013-10-29,0.62,0.63,0.61,0.63,15000.0,0.0
01235.HK,2013-10-30,0.63,0.63,0.63,0.63,0.0,0.0
01235.HK,2013-10-31,0.63,0.63,0.63,0.63,0.0,0.0
01235.HK,2013-11-01,0.63,0.63,0.61,0.61,155000.0,0.0
01235.HK,2013-11-04,0.64,0.7,0.63,0.66,325000.0,0.0
01235.HK,2013-11-05,0.63,0.66,0.62,0.66,125000.0,0.0
01235.HK,2013-11-06,0.66,0.66,0.63,0.65,165000.0,0.0
01235.HK,2013-11-07,0.65,0.65,0.64,0.64,25000.0,0.0
01235.HK,2013-11-08,0.64,0.65,0.63,0.65,105000.0,0.0
01235.HK,2013-11-11,0.66,0.7,0.66,0.66,980000.0,0.0
01235.HK,2013-11-12,0.66,0.66,0.66,0.66,0.0,0.0
01235.HK,2013-11-13,0.66,0.67,0.66,0.67,84000.0,0.0
01235.HK,2013-11-14,0.68,0.68,0.66,0.66,250000.0,0.0
01235.HK,2013-11-15,0.66,0.66,0.64,0.64,75000.0,0.0
01235.HK,2013-11-18,0.64,0.7,0.63,0.7,320000.0,0.0
01235.HK,2013-11-19,0.69,0.69,0.67,0.67,170000.0,0.0
01235.HK,2013-11-20,0.68,0.72,0.68,0.69,530000.0,0.0
01235.HK,2013-11-21,0.69,0.72,0.69,0.72,315000.0,0.0
01235.HK,2013-11-22,0.72,0.76,0.7,0.76,870000.0,0.0
01235.HK,2013-11-25,0.78,0.78,0.73,0.74,525000.0,0.0
01235.HK,2013-11-26,0.74,0.85,0.74,0.84,3804000.0,0.0
01235.HK,2013-11-27,0.86,0.96,0.86,0.89,4800000.0,0.0
01235.HK,2013-11-28,0.9,0.92,0.86,0.86,1755000.0,0.0
01235.HK,2013-11-29,0.87,0.97,0.86,0.9,3070000.0,0.0
01235.HK,2013-12-02,0.91,0.95,0.88,0.91,2770000.0,0.0
01235.HK,2013-12-03,0.91,1.04,0.89,1.04,10795000.0,0.0
01235.HK,2013-12-04,1.1,1.45,1.04,1.36,22575000.0,0.0
01235.HK,2013-12-05,1.36,1.47,1.26,1.3,8970000.0,0.0
01235.HK,2013-12-06,1.3,1.37,1.21,1.25,6895000.0,0.0
01235.HK,2013-12-09,1.32,1.32,1.1,1.16,5020000.0,0.0
01235.HK,2013-12-10,1.11,1.17,1.07,1.11,4590000.0,0.0
01235.HK,2013-12-11,1.09,1.16,1.02,1.1,5230000.0,0.0
01235.HK,2013-12-12,1.07,1.2,1.04,1.06,7395000.0,0.0
01235.HK,2013-12-13,1.08,1.11,1.05,1.08,1150000.0,0.0
01235.HK,2013-12-16,1.07,1.07,1.05,1.06,653000.0,0.0
01235.HK,2013-12-17,1.06,1.17,1.06,1.11,2295000.0,0.0
01235.HK,2013-12-18,1.12,1.12,1.1,1.1,475000.0,0.0
01235.HK,2013-12-19,1.12,1.12,1.06,1.07,865000.0,0.0
01235.HK,2013-12-20,1.03,1.08,1.02,1.02,1215000.0,0.0
01235.HK,2013-12-23,1.03,1.09,1.03,1.09,620000.0,0.0
01235.HK,2013-12-24,1.05,1.06,1.01,1.06,160000.0,0.0
01235.HK,2013-12-27,1.06,1.06,1.03,1.06,260000.0,0.0
01235.HK,2013-12-30,1.05,1.05,1.03,1.05,250000.0,0.0
01235.HK,2013-12-31,1.08,1.08,1.06,1.07,60000.0,0.0
01235.HK,2014-01-02,1.05,1.06,1.05,1.06,275000.0,0.0
01235.HK,2014-01-03,1.03,1.05,1.02,1.04,485000.0,0.0
01235.HK,2014-01-06,1.04,1.06,1.01,1.05,355000.0,0.0
01235.HK,2014-01-07,1.02,1.03,1.0,1.01,440000.0,0.0
01235.HK,2014-01-08,1.01,1.05,1.01,1.04,830000.0,0.0
01235.HK,2014-01-09,1.06,1.06,1.03,1.04,160000.0,0.0
01235.HK,2014-01-10,1.05,1.05,1.02,1.04,320000.0,0.0
01235.HK,2014-01-13,1.02,1.05,1.0,1.03,1155000.0,0.0
01235.HK,2014-01-14,1.04,1.04,1.0,1.01,330000.0,0.0
01235.HK,2014-01-15,1.0,1.0,0.94,0.95,1070000.0,0.0
01235.HK,2014-01-16,0.95,1.02,0.95,1.0,275000.0,0.0
01235.HK,2014-01-17,1.0,1.0,0.99,0.99,355000.0,0.0
01235.HK,2014-01-20,0.99,1.0,0.96,0.99,460000.0,0.0
01235.HK,2014-01-21,0.99,0.99,0.97,0.98,245000.0,0.0
01235.HK,2014-01-22,0.95,1.03,0.95,1.03,680000.0,0.0
01235.HK,2014-01-23,1.0,1.01,0.99,1.01,245000.0,0.0
01235.HK,2014-01-24,1.0,1.01,0.99,0.99,325000.0,0.0
01235.HK,2014-01-27,0.96,1.03,0.96,1.03,820000.0,0.0
01235.HK,2014-01-28,1.02,1.02,1.0,1.0,75000.0,0.0
01235.HK,2014-01-29,0.98,1.03,0.98,1.03,65000.0,0.0
01235.HK,2014-01-30,1.03,1.03,1.02,1.02,100000.0,0.0
01235.HK,2014-02-04,1.03,1.04,1.02,1.04,230000.0,0.0
01235.HK,2014-02-05,1.05,1.28,1.04,1.27,6095000.0,0.0
01235.HK,2014-02-06,1.27,1.27,1.12,1.17,2765000.0,0.0
01235.HK,2014-02-07,1.2,1.21,1.11,1.14,1370000.0,0.0
01235.HK,2014-02-10,1.12,1.15,1.11,1.13,760000.0,0.0
01235.HK,2014-02-11,1.11,1.16,1.11,1.15,500000.0,0.0
01235.HK,2014-02-12,1.16,1.18,1.13,1.17,720000.0,0.0
01235.HK,2014-02-13,1.17,1.17,1.14,1.15,405000.0,0.0
01235.HK,2014-02-14,1.15,1.22,1.15,1.2,980000.0,0.0
01235.HK,2014-02-17,1.27,1.34,1.21,1.23,3630000.0,0.0
01235.HK,2014-02-18,1.23,1.23,1.21,1.23,295000.0,0.0
01235.HK,2014-02-19,1.2,1.22,1.19,1.2,520000.0,0.0
01235.HK,2014-02-20,1.2,1.23,1.2,1.23,785000.0,0.0
01235.HK,2014-02-21,1.24,1.25,1.21,1.23,910000.0,0.0
01235.HK,2014-02-24,1.23,1.24,1.21,1.22,340000.0,0.0
01235.HK,2014-02-25,1.25,1.32,1.21,1.21,2415000.0,0.0
01235.HK,2014-02-26,1.2,1.21,1.16,1.18,710000.0,0.0
01235.HK,2014-02-27,1.22,1.25,1.18,1.2,290000.0,0.0
01235.HK,2014-02-28,1.2,1.2,1.07,1.08,3365000.0,0.0
01235.HK,2014-03-03,1.09,1.11,1.05,1.05,645000.0,0.0
01235.HK,2014-03-04,1.07,1.1,1.05,1.09,420000.0,0.0
01235.HK,2014-03-05,1.15,1.15,1.06,1.06,415000.0,0.0
01235.HK,2014-03-06,1.06,1.09,1.05,1.06,155000.0,0.0
01235.HK,2014-03-07,1.06,1.07,1.05,1.06,360000.0,0.0
01235.HK,2014-03-10,1.04,1.05,1.03,1.05,410000.0,0.0
01235.HK,2014-03-11,1.03,1.04,1.03,1.04,125000.0,0.0
01235.HK,2014-03-12,1.04,1.05,1.01,1.03,170000.0,0.0
01235.HK,2014-03-13,1.01,1.03,0.97,1.03,635000.0,0.0
01235.HK,2014-03-14,1.0,1.07,1.0,1.05,780000.0,0.0
01235.HK,2014-03-17,1.05,1.05,1.05,1.05,105000.0,0.0
01235.HK,2014-03-18,1.05,1.06,1.03,1.06,155000.0,0.0
01235.HK,2014-03-19,1.05,1.05,1.05,1.05,10000.0,0.0
01235.HK,2014-03-20,1.0,1.01,1.0,1.01,140000.0,0.0
01235.HK,2014-03-21,1.0,1.04,1.0,1.03,100000.0,0.0
01235.HK,2014-03-24,1.08,1.08,1.02,1.06,30000.0,0.0
01235.HK,2014-03-25,1.02,1.02,1.01,1.01,45000.0,0.0
01235.HK,2014-03-26,1.01,1.01,1.01,1.01,65000.0,0.0
01235.HK,2014-03-27,1.02,1.02,1.01,1.02,290000.0,0.0
01235.HK,2014-03-28,1.02,1.02,1.02,1.02,5000.0,0.0
01235.HK,2014-03-31,1.01,1.02,1.0,1.02,215000.0,0.0
01235.HK,2014-04-01,1.07,1.07,1.02,1.02,80000.0,0.0
01235.HK,2014-04-02,1.05,1.05,1.02,1.05,220000.0,0.0
01235.HK,2014-04-03,1.05,1.05,1.02,1.05,300000.0,0.0
01235.HK,2014-04-04,1.05,1.05,1.05,1.05,290000.0,0.0
01235.HK,2014-04-07,1.02,1.03,1.01,1.03,50000.0,0.0
01235.HK,2014-04-08,1.0,1.03,1.0,1.03,395000.0,0.0
01235.HK,2014-04-09,1.06,1.06,1.05,1.06,150000.0,0.0
01235.HK,2014-04-10,1.05,1.05,1.05,1.05,120000.0,0.0
01235.HK,2014-04-11,1.05,1.05,1.03,1.03,305000.0,0.0
01235.HK,2014-04-14,1.0,1.02,1.0,1.02,20000.0,0.0
01235.HK,2014-04-15,1.01,1.02,1.01,1.02,115000.0,0.0
01235.HK,2014-04-16,1.0,1.0,1.0,1.0,90000.0,0.0
01235.HK,2014-04-17,1.0,1.04,1.0,1.04,85000.0,0.0
01235.HK,2014-04-22,1.03,1.03,1.03,1.03,0.0,0.0
01235.HK,2014-04-23,1.0,1.0,1.0,1.0,60000.0,0.0
01235.HK,2014-04-24,0.99,1.01,0.95,1.0,135000.0,0.0
01235.HK,2014-04-25,1.03,1.07,1.02,1.02,250000.0,0.0
01235.HK,2014-04-28,1.0,1.0,1.0,1.0,130000.0,0.0
01235.HK,2014-04-29,1.0,1.0,0.99,1.0,205000.0,0.0
01235.HK,2014-04-30,0.99,0.99,0.99,0.99,0.0,0.0
01235.HK,2014-05-02,0.99,0.99,0.98,0.98,90000.0,0.0
01235.HK,2014-05-05,1.0,1.0,1.0,1.0,10000.0,0.0
01235.HK,2014-05-07,0.99,0.99,0.99,0.99,25000.0,0.0
01235.HK,2014-05-08,0.99,0.99,0.98,0.99,40000.0,0.0
01235.HK,2014-05-09,0.98,0.99,0.98,0.99,60000.0,0.0
01235.HK,2014-05-12,0.98,0.98,0.97,0.97,210000.0,0.0
01235.HK,2014-05-13,0.95,0.98,0.95,0.98,31000.0,0.0
01235.HK,2014-05-14,0.98,0.98,0.98,0.98,0.0,0.0
01235.HK,2014-05-15,0.98,0.99,0.98,0.99,115000.0,0.0
01235.HK,2014-05-16,0.98,0.98,0.98,0.98,0.0,0.0
01235.HK,2014-05-19,0.98,0.98,0.98,0.98,0.0,0.0
01235.HK,2014-05-20,0.97,0.99,0.96,0.98,295000.0,0.0
01235.HK,2014-05-21,0.97,0.98,0.97,0.98,65000.0,0.0
01235.HK,2014-05-22,0.95,0.97,0.95,0.97,105000.0,0.0
01235.HK,2014-05-23,0.94,0.97,0.94,0.97,35000.0,0.0
01235.HK,2014-05-26,0.97,0.97,0.97,0.97,60000.0,0.0
01235.HK,2014-05-27,0.97,0.97,0.97,0.97,5000.0,0.0
01235.HK,2014-05-28,0.97,0.98,0.97,0.98,270000.0,0.0
01235.HK,2014-05-29,0.97,0.97,0.97,0.97,0.0,0.0
01235.HK,2014-05-30,0.98,0.98,0.97,0.97,360000.0,0.0
01235.HK,2014-06-03,0.97,0.97,0.95,0.97,150000.0,0.0
01235.HK,2014-06-04,0.95,0.96,0.95,0.96,25000.0,0.0
01235.HK,2014-06-05,0.96,0.96,0.96,0.96,50000.0,0.0
01235.HK,2014-06-06,0.98,0.99,0.97,0.98,505000.0,0.0
01235.HK,2014-06-09,0.98,0.98,0.96,0.96,290000.0,0.0
01235.HK,2014-06-10,0.99,0.99,0.99,0.99,100000.0,0.0
01235.HK,2014-06-11,0.99,0.99,0.99,0.99,50000.0,0.0
01235.HK,2014-06-12,1.05,1.05,1.02,1.02,50000.0,0.0
01235.HK,2014-06-13,1.02,1.02,1.02,1.02,0.0,0.0
01235.HK,2014-06-16,1.01,1.05,1.01,1.05,285000.0,0.0
01235.HK,2014-06-17,1.0,1.0,1.0,1.0,25000.0,0.0
01235.HK,2014-06-18,0.98,1.0,0.98,1.0,145000.0,0.0
01235.HK,2014-06-19,1.02,1.04,1.02,1.02,110000.0,0.0
01235.HK,2014-06-20,1.03,1.03,1.03,1.03,50000.0,0.0
01235.HK,2014-06-23,1.03,1.03,1.0,1.0,130000.0,0.0
01235.HK,2014-06-24,1.0,1.04,1.0,1.04,380000.0,0.0
01235.HK,2014-06-25,1.04,1.08,1.0,1.0,115000.0,0.0
01235.HK,2014-06-26,1.0,1.0,0.98,0.99,170000.0,0.0
01235.HK,2014-06-27,0.98,0.99,0.98,0.99,100000.0,0.0
01235.HK,2014-06-30,0.99,0.99,0.99,0.99,0.0,0.0
01235.HK,2014-07-02,0.98,1.0,0.97,1.0,120000.0,0.0
01235.HK,2014-07-03,1.0,1.0,0.97,0.97,130000.0,0.0
01235.HK,2014-07-04,0.95,0.97,0.95,0.97,25000.0,0.0
01235.HK,2014-07-07,0.95,0.97,0.95,0.97,30000.0,0.0
01235.HK,2014-07-08,0.97,0.97,0.97,0.97,0.0,0.0
01235.HK,2014-07-09,0.97,0.97,0.97,0.97,0.0,0.0
01235.HK,2014-07-10,0.97,0.97,0.97,0.97,0.0,0.0
01235.HK,2014-07-11,0.97,0.97,0.97,0.97,145000.0,0.0
01235.HK,2014-07-14,0.97,0.97,0.97,0.97,0.0,0.0
01235.HK,2014-07-15,0.97,0.97,0.97,0.97,4000.0,0.0
01235.HK,2014-07-16,0.97,0.97,0.97,0.97,0.0,0.0
01235.HK,2014-07-17,0.97,0.97,0.97,0.97,15000.0,0.0
01235.HK,2014-07-18,0.97,0.97,0.97,0.97,50000.0,0.0
01235.HK,2014-07-21,0.97,0.97,0.97,0.97,0.0,0.0
01235.HK,2014-07-22,0.97,0.97,0.97,0.97,0.0,0.0
01235.HK,2014-07-23,0.92,0.96,0.92,0.95,385000.0,0.0
01235.HK,2014-07-24,0.95,0.95,0.92,0.95,420000.0,0.0
01235.HK,2014-07-25,0.95,0.95,0.95,0.95,0.0,0.0
01235.HK,2014-07-28,0.95,0.95,0.9,0.95,80000.0,0.0
01235.HK,2014-07-29,0.94,0.95,0.93,0.95,105000.0,0.0
01235.HK,2014-07-30,0.93,1.1,0.93,1.06,1225000.0,0.0
01235.HK,2014-07-31,1.02,1.02,1.02,1.02,10000.0,0.0
01235.HK,2014-08-01,1.02,1.02,1.0,1.0,40000.0,0.0
01235.HK,2014-08-04,0.96,0.96,0.95,0.96,100000.0,0.0
01235.HK,2014-08-05,0.96,0.97,0.95,0.97,115000.0,0.0
01235.HK,2014-08-06,0.97,0.97,0.97,0.97,85000.0,0.0
01235.HK,2014-08-07,0.97,1.0,0.97,0.97,20000.0,0.0
01235.HK,2014-08-08,1.0,1.01,1.0,1.0,190000.0,0.0
01235.HK,2014-08-11,1.0,1.0,1.0,1.0,0.0,0.0
01235.HK,2014-08-12,1.0,1.0,1.0,1.0,155000.0,0.0
01235.HK,2014-08-13,1.0,1.0,1.0,1.0,60000.0,0.0
01235.HK,2014-08-14,1.0,1.0,1.0,1.0,0.0,0.0
01235.HK,2014-08-15,1.0,1.0,1.0,1.0,0.0,0.0
01235.HK,2014-08-18,0.97,1.0,0.97,1.0,25000.0,0.0
01235.HK,2014-08-19,0.98,1.0,0.98,1.0,10000.0,0.0
01235.HK,2014-08-20,1.0,1.0,1.0,1.0,0.0,0.0
01235.HK,2014-08-21,1.0,1.05,1.0,1.01,70000.0,0.0
01235.HK,2014-08-22,1.04,1.05,1.04,1.05,245000.0,0.0
01235.HK,2014-08-25,1.04,1.05,1.04,1.05,180000.0,0.0
01235.HK,2014-08-26,1.06,1.07,1.05,1.05,40000.0,0.0
01235.HK,2014-08-27,1.01,1.05,1.01,1.05,60000.0,0.0
01235.HK,2014-08-28,1.03,1.04,1.02,1.04,205000.0,0.0
01235.HK,2014-08-29,1.01,1.04,1.01,1.04,40000.0,0.0
01235.HK,2014-09-01,1.04,1.04,1.04,1.04,0.0,0.0
01235.HK,2014-09-02,1.02,1.02,1.02,1.02,30000.0,0.0
01235.HK,2014-09-03,1.03,1.03,1.03,1.03,0.0,0.0
01235.HK,2014-09-04,1.03,1.03,1.03,1.03,0.0,0.0
01235.HK,2014-09-05,1.03,1.03,1.03,1.03,0.0,0.0
01235.HK,2014-09-08,1.0,1.02,1.0,1.02,15000.0,0.0
01235.HK,2014-09-10,1.01,1.02,1.01,1.02,5000.0,0.0
01235.HK,2014-09-11,1.02,1.02,1.02,1.02,110000.0,0.0
01235.HK,2014-09-12,1.03,1.04,1.02,1.03,800000.0,0.0
01235.HK,2014-09-15,1.02,1.02,0.98,1.02,145000.0,0.0
01235.HK,2014-09-16,1.02,1.02,1.02,1.02,0.0,0.0
01235.HK,2014-09-17,1.02,1.02,1.02,1.02,0.0,0.0
01235.HK,2014-09-18,1.02,1.02,1.02,1.02,0.0,0.0
01235.HK,2014-09-19,0.99,1.02,0.99,1.02,25000.0,0.0
01235.HK,2014-09-22,1.02,1.02,1.02,1.02,10000.0,0.0
01235.HK,2014-09-23,1.02,1.02,1.01,1.02,185000.0,0.0
01235.HK,2014-09-24,1.0,1.0,0.96,0.98,320000.0,0.0
01235.HK,2014-09-25,0.98,0.98,0.98,0.98,0.0,0.0
01235.HK,2014-09-26,0.96,0.96,0.96,0.96,5000.0,0.0
01235.HK,2014-09-29,0.92,0.94,0.92,0.94,150000.0,0.0
01235.HK,2014-09-30,0.93,0.94,0.93,0.94,80000.0,0.0
01235.HK,2014-10-03,0.94,0.94,0.94,0.94,90000.0,0.0
01235.HK,2014-10-06,0.95,0.95,0.95,0.95,135000.0,0.0
01235.HK,2014-10-07,0.97,0.97,0.97,0.97,0.0,0.0
01235.HK,2014-10-08,0.97,0.97,0.97,0.97,0.0,0.0
01235.HK,2014-10-09,1.0,1.0,1.0,1.0,10000.0,0.0
01235.HK,2014-10-10,1.0,1.0,1.0,1.0,0.0,0.0
01235.HK,2014-10-13,0.98,0.98,0.98,0.98,0.0,0.0
01235.HK,2014-10-14,0.98,0.98,0.98,0.98,0.0,0.0
01235.HK,2014-10-15,0.98,0.98,0.98,0.98,0.0,0.0
01235.HK,2014-10-16,0.97,0.97,0.97,0.97,0.0,0.0
01235.HK,2014-10-17,0.97,0.97,0.97,0.97,0.0,0.0
01235.HK,2014-10-20,0.97,0.97,0.97,0.97,0.0,0.0
01235.HK,2014-10-21,0.99,1.0,0.99,0.99,15000.0,0.0
01235.HK,2014-10-22,0.98,0.98,0.98,0.98,0.0,0.0
01235.HK,2014-10-23,0.9,0.98,0.9,0.98,45000.0,0.0
01235.HK,2014-10-24,0.96,0.96,0.96,0.96,0.0,0.0
01235.HK,2014-10-27,0.96,0.96,0.96,0.96,0.0,0.0
01235.HK,2014-10-28,0.96,0.96,0.96,0.96,0.0,0.0
01235.HK,2014-10-29,0.97,0.97,0.95,0.97,40000.0,0.0
01235.HK,2014-10-30,0.97,0.97,0.97,0.97,0.0,0.0
01235.HK,2014-10-31,0.98,1.06,0.98,1.03,1140000.0,0.0
01235.HK,2014-11-03,1.06,1.07,0.97,1.0,1380000.0,0.0
01235.HK,2014-11-04,0.99,1.0,0.96,1.0,340000.0,0.0
01235.HK,2014-11-05,1.0,1.0,0.96,1.0,65000.0,0.0
01235.HK,2014-11-06,1.0,1.0,1.0,1.0,0.0,0.0
01235.HK,2014-11-07,0.99,0.99,0.98,0.99,90000.0,0.0
01235.HK,2014-11-10,0.99,1.03,0.99,1.03,270000.0,0.0
01235.HK,2014-11-11,1.0,1.02,1.0,1.01,110000.0,0.0
01235.HK,2014-11-12,1.02,1.13,1.02,1.12,3630000.0,0.0
01235.HK,2014-11-13,1.16,1.16,1.05,1.09,4750000.0,0.0
01235.HK,2014-11-14,1.08,1.08,1.03,1.06,1805000.0,0.0
01235.HK,2014-11-17,1.09,1.23,1.09,1.19,14505000.0,0.0
01235.HK,2014-11-18,1.19,1.19,1.09,1.17,5360000.0,0.0
01235.HK,2014-11-19,1.15,1.17,1.09,1.13,1930000.0,0.0
01235.HK,2014-11-20,1.1,1.14,1.09,1.09,1095000.0,0.0
01235.HK,2014-11-21,1.13,1.14,1.04,1.1,1700000.0,0.0
01235.HK,2014-11-24,1.13,1.13,1.07,1.08,580000.0,0.0
01235.HK,2014-11-25,1.11,1.13,1.08,1.1,710000.0,0.0
01235.HK,2014-11-26,1.1,1.1,0.97,0.99,3415000.0,0.0
01235.HK,2014-11-27,0.99,0.99,0.93,0.97,1935000.0,0.0
01235.HK,2014-11-28,0.97,0.98,0.95,0.95,1275000.0,0.0
01235.HK,2014-12-01,0.94,0.97,0.93,0.95,555000.0,0.0
01235.HK,2014-12-02,0.95,0.95,0.94,0.95,255000.0,0.0
01235.HK,2014-12-03,0.94,0.96,0.94,0.94,315000.0,0.0
01235.HK,2014-12-04,0.93,0.95,0.92,0.92,365000.0,0.0
01235.HK,2014-12-05,0.92,0.92,0.87,0.9,1370000.0,0.0
01235.HK,2014-12-08,0.88,0.9,0.88,0.89,180000.0,0.0
01235.HK,2014-12-09,0.88,0.88,0.83,0.85,1550000.0,0.0
01235.HK,2014-12-10,0.88,0.88,0.87,0.87,160000.0,0.0
01235.HK,2014-12-11,0.87,0.87,0.87,0.87,0.0,0.0
01235.HK,2014-12-12,0.87,0.87,0.87,0.87,0.0,0.0
01235.HK,2014-12-15,0.85,0.85,0.84,0.84,120000.0,0.0
01235.HK,2014-12-16,0.83,0.83,0.83,0.83,100000.0,0.0
01235.HK,2014-12-17,0.83,0.83,0.8,0.8,160000.0,0.0
01235.HK,2014-12-18,0.82,0.86,0.82,0.82,160000.0,0.0
01235.HK,2014-12-19,0.82,0.82,0.82,0.82,15000.0,0.0
01235.HK,2014-12-22,0.82,0.82,0.8,0.8,130000.0,0.0
01235.HK,2014-12-23,0.8,0.8,0.79,0.79,265000.0,0.0
01235.HK,2014-12-24,0.79,0.79,0.79,0.79,0.0,0.0
01235.HK,2014-12-29,0.82,0.84,0.76,0.8,570000.0,0.0
01235.HK,2014-12-30,0.84,0.9,0.83,0.88,350000.0,0.0
01235.HK,2014-12-31,0.88,0.88,0.88,0.88,0.0,0.0
01235.HK,2015-01-02,0.9,0.9,0.9,0.9,40000.0,0.0
01235.HK,2015-01-05,0.9,0.9,0.9,0.9,0.0,0.0
01235.HK,2015-01-06,0.89,0.89,0.89,0.89,0.0,0.0
01235.HK,2015-01-07,0.87,0.87,0.87,0.87,10000.0,0.0
01235.HK,2015-01-08,0.84,0.85,0.83,0.85,165000.0,0.0
01235.HK,2015-01-09,0.8,0.85,0.8,0.85,70000.0,0.0
01235.HK,2015-01-12,0.82,0.82,0.82,0.82,20000.0,0.0
01235.HK,2015-01-13,0.83,0.83,0.83,0.83,0.0,0.0
01235.HK,2015-01-14,0.83,0.83,0.82,0.83,200000.0,0.0
01235.HK,2015-01-15,0.84,0.84,0.84,0.84,10000.0,0.0
01235.HK,2015-01-16,0.85,0.85,0.82,0.82,65000.0,0.0
01235.HK,2015-01-19,0.82,0.82,0.82,0.82,0.0,0.0
01235.HK,2015-01-20,0.82,0.82,0.81,0.81,180000.0,0.0
01235.HK,2015-01-21,0.81,0.81,0.81,0.81,0.0,0.0
01235.HK,2015-01-22,0.81,0.81,0.81,0.81,0.0,0.0
01235.HK,2015-01-23,0.81,0.81,0.81,0.81,0.0,0.0
01235.HK,2015-01-26,0.8,0.81,0.78,0.8,370000.0,0.0
01235.HK,2015-01-27,0.8,0.81,0.8,0.81,5000.0,0.0
01235.HK,2015-01-28,0.81,0.81,0.81,0.81,0.0,0.0
01235.HK,2015-01-29,0.81,0.81,0.81,0.81,0.0,0.0
01235.HK,2015-01-30,0.8,0.8,0.8,0.8,20000.0,0.0
01235.HK,2015-02-02,0.83,0.86,0.8,0.8,480000.0,0.0
01235.HK,2015-02-03,0.85,0.85,0.8,0.8,520000.0,0.0
01235.HK,2015-02-04,0.8,0.81,0.8,0.8,320000.0,0.0
01235.HK,2015-02-05,0.77,0.78,0.77,0.78,65000.0,0.0
01235.HK,2015-02-06,0.78,0.79,0.77,0.79,160000.0,0.0
01235.HK,2015-02-09,0.79,0.79,0.79,0.79,0.0,0.0
01235.HK,2015-02-10,0.79,0.79,0.79,0.79,0.0,0.0
01235.HK,2015-02-11,0.8,0.89,0.8,0.87,650000.0,0.0
01235.HK,2015-02-12,0.92,0.92,0.82,0.85,1775000.0,0.0
01235.HK,2015-02-13,0.87,0.89,0.86,0.87,635000.0,0.0
01235.HK,2015-02-16,0.86,0.88,0.85,0.85,75000.0,0.0
01235.HK,2015-02-17,0.88,0.96,0.88,0.96,1880000.0,0.0
01235.HK,2015-02-18,0.95,0.95,0.92,0.94,445000.0,0.0
01235.HK,2015-02-23,0.95,0.95,0.91,0.91,525000.0,0.0
01235.HK,2015-02-24,0.9,0.92,0.88,0.89,460000.0,0.0
01235.HK,2015-02-25,0.88,0.91,0.88,0.9,250000.0,0.0
01235.HK,2015-02-26,0.9,0.9,0.86,0.87,125000.0,0.0
01235.HK,2015-02-27,0.87,0.9,0.87,0.9,200000.0,0.0
01235.HK,2015-03-02,0.88,0.88,0.88,0.88,60000.0,0.0
01235.HK,2015-03-03,0.87,0.87,0.84,0.85,565000.0,0.0
01235.HK,2015-03-04,0.85,0.85,0.83,0.83,320000.0,0.0
01235.HK,2015-03-05,0.82,0.82,0.81,0.81,240000.0,0.0
01235.HK,2015-03-06,0.82,0.84,0.82,0.82,130000.0,0.0
01235.HK,2015-03-09,0.82,0.82,0.81,0.81,70000.0,0.0
01235.HK,2015-03-10,0.81,0.81,0.8,0.8,110000.0,0.0
01235.HK,2015-03-11,0.8,0.82,0.8,0.8,285000.0,0.0
01235.HK,2015-03-12,0.82,0.82,0.81,0.81,85000.0,0.0
01235.HK,2015-03-13,0.81,0.81,0.81,0.81,10000.0,0.0
01235.HK,2015-03-16,0.8,0.8,0.8,0.8,175000.0,0.0
01235.HK,2015-03-17,0.78,0.79,0.78,0.79,115000.0,0.0
01235.HK,2015-03-18,0.79,0.79,0.79,0.79,60000.0,0.0
01235.HK,2015-03-19,0.79,0.79,0.78,0.78,190000.0,0.0
01235.HK,2015-03-20,0.8,0.82,0.8,0.82,80000.0,0.0
01235.HK,2015-03-23,0.82,0.85,0.82,0.84,365000.0,0.0
01235.HK,2015-03-24,0.83,0.83,0.81,0.82,275000.0,0.0
01235.HK,2015-03-25,0.81,0.82,0.81,0.81,90000.0,0.0
01235.HK,2015-03-26,0.81,0.84,0.81,0.82,200000.0,0.0
01235.HK,2015-03-27,0.83,0.83,0.81,0.81,95000.0,0.0
01235.HK,2015-03-30,0.81,0.84,0.81,0.82,320000.0,0.0
01235.HK,2015-03-31,0.81,0.83,0.8,0.8,420000.0,0.0
01235.HK,2015-04-01,0.8,0.82,0.8,0.8,270000.0,0.0
01235.HK,2015-04-02,0.81,0.81,0.8,0.8,350000.0,0.0
01235.HK,2015-04-08,0.8,0.81,0.8,0.81,365000.0,0.0
01235.HK,2015-04-09,0.81,0.83,0.81,0.81,245000.0,0.0
01235.HK,2015-04-10,0.8,0.81,0.8,0.81,75000.0,0.0
01235.HK,2015-04-13,0.8,0.86,0.8,0.84,1650000.0,0.0
01235.HK,2015-04-14,0.83,0.9,0.83,0.84,1715000.0,0.0
01235.HK,2015-04-15,0.84,0.85,0.82,0.85,715000.0,0.0
01235.HK,2015-04-16,0.85,0.85,0.83,0.83,355000.0,0.0
01235.HK,2015-04-17,0.83,0.85,0.82,0.83,1005000.0,0.0
01235.HK,2015-04-20,0.84,0.87,0.83,0.83,555000.0,0.0
01235.HK,2015-04-21,0.85,0.94,0.84,0.87,2860000.0,0.0
01235.HK,2015-04-22,0.88,0.89,0.88,0.88,870000.0,0.0
01235.HK,2015-04-23,0.89,0.92,0.86,0.92,1440000.0,0.0
01235.HK,2015-04-24,0.92,1.09,0.92,1.07,10140000.0,0.0
01235.HK,2015-04-27,1.06,1.09,0.99,1.02,3310000.0,0.0
01235.HK,2015-04-28,1.02,1.02,0.98,1.02,1620000.0,0.0
01235.HK,2015-04-29,0.98,1.01,0.95,0.98,740000.0,0.0
01235.HK,2015-04-30,0.98,1.03,0.97,0.99,675000.0,0.0
01235.HK,2015-05-04,0.99,0.99,0.95,0.97,575000.0,0.0
01235.HK,2015-05-05,0.97,0.97,0.93,0.94,670000.0,0.0
01235.HK,2015-05-06,0.92,0.93,0.91,0.92,395000.0,0.0
01235.HK,2015-05-07,0.9,0.9,0.88,0.88,270000.0,0.0
01235.HK,2015-05-08,0.89,0.93,0.87,0.9,235000.0,0.0
01235.HK,2015-05-11,0.91,0.94,0.91,0.93,720000.0,0.0
01235.HK,2015-05-12,0.94,0.98,0.93,0.94,385000.0,0.0
01235.HK,2015-05-13,0.93,0.94,0.93,0.93,85000.0,0.0
01235.HK,2015-05-14,0.92,0.93,0.9,0.9,640000.0,0.0
01235.HK,2015-05-15,0.89,0.94,0.89,0.92,110000.0,0.0
01235.HK,2015-05-18,0.92,0.94,0.9,0.94,695000.0,0.0
01235.HK,2015-05-19,0.95,0.95,0.92,0.94,460000.0,0.0
01235.HK,2015-05-20,0.94,1.08,0.94,1.0,3060000.0,0.0
01235.HK,2015-05-21,1.0,1.04,0.98,0.98,425000.0,0.0
01235.HK,2015-05-22,1.02,1.02,0.99,1.01,560000.0,0.0
01235.HK,2015-05-26,1.03,1.03,0.97,0.99,530000.0,0.0
01235.HK,2015-05-27,1.01,1.1,1.01,1.08,2625000.0,0.0
01235.HK,2015-05-28,1.09,1.13,1.02,1.02,1515000.0,0.0
01235.HK,2015-05-29,1.03,1.21,1.03,1.12,5325000.0,0.0
01235.HK,2015-06-01,1.16,1.16,1.09,1.11,1455000.0,0.0
01235.HK,2015-06-02,1.11,1.12,1.06,1.1,990000.0,0.0
01235.HK,2015-06-03,1.09,1.1,1.08,1.09,235000.0,0.0
01235.HK,2015-06-04,1.1,1.11,1.06,1.07,580000.0,0.0
01235.HK,2015-06-05,1.07,1.07,1.04,1.06,495000.0,0.0
01235.HK,2015-06-08,1.07,1.15,1.07,1.1,1100000.0,0.0
01235.HK,2015-06-09,1.08,1.1,1.03,1.05,670000.0,0.0
01235.HK,2015-06-10,1.04,1.04,0.95,0.97,1360000.0,0.0
01235.HK,2015-06-11,0.99,0.99,0.98,0.99,210000.0,0.0
01235.HK,2015-06-12,0.99,0.99,0.99,0.99,20000.0,0.0
01235.HK,2015-06-15,0.99,1.02,0.99,1.02,60000.0,0.0
01235.HK,2015-06-16,1.01,1.01,1.01,1.01,50000.0,0.0
01235.HK,2015-06-17,1.0,1.0,0.96,0.97,670000.0,0.0
01235.HK,2015-06-18,0.98,0.98,0.98,0.98,0.0,0.0
01235.HK,2015-06-19,1.01,1.01,0.97,0.99,310000.0,0.0
01235.HK,2015-06-22,0.99,0.99,0.99,0.99,100000.0,0.0
01235.HK,2015-06-23,1.0,1.0,1.0,1.0,70000.0,0.0
01235.HK,2015-06-24,1.02,1.12,1.02,1.1,1610000.0,0.0
01235.HK,2015-06-25,1.1,1.16,1.08,1.1,1720000.0,0.0
01235.HK,2015-06-26,1.08,1.08,1.03,1.03,490000.0,0.0
01235.HK,2015-06-29,1.03,1.03,0.95,1.0,615000.0,0.0
01235.HK,2015-06-30,1.0,1.0,0.98,1.0,250000.0,0.0
01235.HK,2015-07-02,1.05,1.05,1.02,1.02,135000.0,0.0
01235.HK,2015-07-03,1.05,1.05,0.9,0.97,1160000.0,0.0
01235.HK,2015-07-06,0.97,0.99,0.82,0.87,2895000.0,0.0
01235.HK,2015-07-07,0.88,0.89,0.83,0.83,915000.0,0.0
01235.HK,2015-07-08,0.78,0.81,0.72,0.72,2010000.0,0.0
01235.HK,2015-07-09,0.73,0.86,0.73,0.83,965000.0,0.0
01235.HK,2015-07-10,0.87,0.87,0.85,0.87,265000.0,0.0
01235.HK,2015-07-13,0.88,0.92,0.85,0.92,885000.0,0.0
01235.HK,2015-07-14,0.92,0.92,0.89,0.89,230000.0,0.0
01235.HK,2015-07-15,0.86,0.86,0.86,0.86,300000.0,0.0
01235.HK,2015-07-16,0.86,0.86,0.83,0.86,340000.0,0.0
01235.HK,2015-07-17,0.89,0.9,0.88,0.9,245000.0,0.0
01235.HK,2015-07-20,0.9,0.9,0.88,0.9,125000.0,0.0
01235.HK,2015-07-21,0.91,0.92,0.91,0.92,200000.0,0.0
01235.HK,2015-07-22,0.92,0.92,0.89,0.92,420000.0,0.0
01235.HK,2015-07-23,0.93,0.93,0.92,0.92,140000.0,0.0
01235.HK,2015-07-24,0.9,0.94,0.9,0.94,280000.0,0.0
01235.HK,2015-07-27,0.91,0.91,0.9,0.9,300000.0,0.0
01235.HK,2015-07-28,0.89,0.9,0.84,0.9,115000.0,0.0
01235.HK,2015-07-29,0.92,0.92,0.9,0.9,330000.0,0.0
01235.HK,2015-07-30,0.91,0.91,0.91,0.91,5000.0,0.0
01235.HK,2015-07-31,0.93,0.93,0.93,0.93,170000.0,0.0
01235.HK,2015-08-03,0.92,0.92,0.92,0.92,45000.0,0.0
01235.HK,2015-08-04,0.9,0.92,0.86,0.92,170000.0,0.0
01235.HK,2015-08-05,0.9,0.9,0.9,0.9,20000.0,0.0
01235.HK,2015-08-06,0.9,0.91,0.9,0.9,125000.0,0.0
01235.HK,2015-08-07,0.94,0.94,0.94,0.94,10000.0,0.0
01235.HK,2015-08-10,0.94,0.95,0.94,0.95,80000.0,0.0
01235.HK,2015-08-11,0.95,0.97,0.94,0.96,355000.0,0.0
01235.HK,2015-08-12,0.91,0.94,0.91,0.94,115000.0,0.0
01235.HK,2015-08-13,0.94,0.95,0.91,0.95,75000.0,0.0
01235.HK,2015-08-14,0.94,0.94,0.94,0.94,0.0,0.0
01235.HK,2015-08-17,0.92,0.92,0.91,0.92,180000.0,0.0
01235.HK,2015-08-18,0.9,0.91,0.9,0.9,145000.0,0.0
01235.HK,2015-08-19,0.9,0.9,0.89,0.9,545000.0,0.0
01235.HK,2015-08-20,0.89,0.9,0.89,0.89,310000.0,0.0
01235.HK,2015-08-21,0.86,0.89,0.86,0.88,200000.0,0.0
01235.HK,2015-08-24,0.86,0.87,0.83,0.87,625000.0,0.0
01235.HK,2015-08-25,0.79,0.84,0.79,0.84,50000.0,0.0
01235.HK,2015-08-26,0.84,0.84,0.84,0.84,0.0,0.0
01235.HK,2015-08-27,0.82,0.82,0.82,0.82,15000.0,0.0
01235.HK,2015-08-28,0.88,0.88,0.84,0.84,50000.0,0.0
01235.HK,2015-08-31,0.84,0.84,0.84,0.84,0.0,0.0
01235.HK,2015-09-01,0.81,0.82,0.81,0.82,15000.0,0.0
01235.HK,2015-09-02,0.8,0.8,0.79,0.8,10000.0,0.0
01235.HK,2015-09-04,0.8,0.8,0.8,0.8,0.0,0.0
01235.HK,2015-09-07,0.8,0.8,0.8,0.8,0.0,0.0
01235.HK,2015-09-08,0.8,0.8,0.8,0.8,0.0,0.0
01235.HK,2015-09-09,0.79,0.82,0.79,0.82,90000.0,0.0
01235.HK,2015-09-10,0.8,0.81,0.8,0.8,85000.0,0.0
01235.HK,2015-09-11,0.81,0.81,0.81,0.81,0.0,0.0
01235.HK,2015-09-14,0.81,0.81,0.81,0.81,0.0,0.0
01235.HK,2015-09-15,0.82,0.82,0.81,0.81,40000.0,0.0
01235.HK,2015-09-16,0.8,0.8,0.8,0.8,5000.0,0.0
01235.HK,2015-09-17,0.81,0.81,0.81,0.81,0.0,0.0
01235.HK,2015-09-18,0.81,0.81,0.81,0.81,10000.0,0.0
01235.HK,2015-09-21,0.81,0.81,0.81,0.81,0.0,0.0
01235.HK,2015-09-22,0.81,0.81,0.81,0.81,0.0,0.0
01235.HK,2015-09-23,0.81,0.81,0.81,0.81,0.0,0.0
01235.HK,2015-09-24,0.81,0.81,0.81,0.81,0.0,0.0
01235.HK,2015-09-25,0.81,0.86,0.81,0.86,45000.0,0.0
01235.HK,2015-09-29,0.85,0.85,0.85,0.85,0.0,0.0
01235.HK,2015-09-30,0.85,0.85,0.85,0.85,0.0,0.0
01235.HK,2015-10-02,0.8,0.82,0.8,0.82,175000.0,0.0
01235.HK,2015-10-05,0.81,0.84,0.81,0.84,230000.0,0.0
01235.HK,2015-10-06,0.84,0.84,0.84,0.84,30000.0,0.0
01235.HK,2015-10-07,0.84,0.84,0.84,0.84,0.0,0.0
01235.HK,2015-10-08,0.84,0.84,0.84,0.84,0.0,0.0
01235.HK,2015-10-09,0.84,0.84,0.84,0.84,0.0,0.0
01235.HK,2015-10-12,0.84,0.97,0.84,0.92,1145000.0,0.0
01235.HK,2015-10-13,0.88,0.92,0.85,0.92,355000.0,0.0
01235.HK,2015-10-14,0.92,0.92,0.91,0.91,115000.0,0.0
01235.HK,2015-10-15,0.9,0.9,0.9,0.9,90000.0,0.0
01235.HK,2015-10-16,0.91,0.91,0.9,0.9,100000.0,0.0
01235.HK,2015-10-19,0.9,0.9,0.9,0.9,0.0,0.0
01235.HK,2015-10-20,0.9,0.9,0.9,0.9,20000.0,0.0
01235.HK,2015-10-22,0.92,0.92,0.9,0.9,50000.0,0.0
01235.HK,2015-10-23,0.94,0.95,0.91,0.91,175000.0,0.0
01235.HK,2015-10-26,0.92,0.92,0.91,0.91,35000.0,0.0
01235.HK,2015-10-27,0.91,0.91,0.91,0.91,0.0,0.0
01235.HK,2015-10-28,0.91,0.91,0.91,0.91,0.0,0.0
01235.HK,2015-10-29,0.9,0.91,0.9,0.91,20000.0,0.0
01235.HK,2015-10-30,0.9,0.9,0.9,0.9,15000.0,0.0
01235.HK,2015-11-02,0.88,0.88,0.88,0.88,50000.0,0.0
01235.HK,2015-11-03,0.88,0.89,0.88,0.89,80000.0,0.0
01235.HK,2015-11-04,0.88,0.88,0.88,0.88,30000.0,0.0
01235.HK,2015-11-05,0.88,0.88,0.88,0.88,175000.0,0.0
01235.HK,2015-11-06,0.88,0.88,0.88,0.88,0.0,0.0
01235.HK,2015-11-09,0.88,0.88,0.88,0.88,0.0,0.0
01235.HK,2015-11-10,0.88,0.88,0.88,0.88,100000.0,0.0
01235.HK,2015-11-11,0.9,0.9,0.9,0.9,5000.0,0.0
01235.HK,2015-11-12,0.9,0.9,0.9,0.9,0.0,0.0
01235.HK,2015-11-13,0.9,0.9,0.9,0.9,0.0,0.0
01235.HK,2015-11-16,0.88,0.88,0.88,0.88,20000.0,0.0
01235.HK,2015-11-17,0.88,0.88,0.88,0.88,0.0,0.0
01235.HK,2015-11-18,0.9,0.9,0.9,0.9,150000.0,0.0
01235.HK,2015-11-19,0.9,0.9,0.9,0.9,0.0,0.0
01235.HK,2015-11-20,0.91,0.92,0.91,0.92,100000.0,0.0
01235.HK,2015-11-23,0.92,0.92,0.88,0.9,170000.0,0.0
01235.HK,2015-11-24,0.92,0.92,0.92,0.92,10000.0,0.0
01235.HK,2015-11-25,0.9,0.9,0.9,0.9,360000.0,0.0
01235.HK,2015-11-26,0.91,1.05,0.89,0.99,4715000.0,0.0
01235.HK,2015-11-27,1.01,1.02,0.94,0.96,1590000.0,0.0
01235.HK,2015-11-30,0.94,0.94,0.93,0.94,340000.0,0.0
01235.HK,2015-12-01,0.95,0.95,0.93,0.94,410000.0,0.0
01235.HK,2015-12-02,0.94,0.94,0.93,0.93,165000.0,0.0
01235.HK,2015-12-03,0.92,0.92,0.92,0.92,255000.0,0.0
01235.HK,2015-12-04,0.91,0.92,0.9,0.92,175000.0,0.0
01235.HK,2015-12-07,0.9,0.91,0.9,0.9,360000.0,0.0
01235.HK,2015-12-08,0.9,0.9,0.9,0.9,15000.0,0.0
01235.HK,2015-12-09,0.92,0.92,0.89,0.9,50000.0,0.0
01235.HK,2015-12-10,0.89,0.89,0.88,0.88,265000.0,0.0
01235.HK,2015-12-11,0.86,0.88,0.85,0.86,55000.0,0.0
01235.HK,2015-12-14,0.86,0.86,0.85,0.85,165000.0,0.0
01235.HK,2015-12-15,0.85,0.86,0.83,0.85,150000.0,0.0
01235.HK,2015-12-16,0.86,0.86,0.86,0.86,30000.0,0.0
01235.HK,2015-12-17,0.86,0.86,0.85,0.86,285000.0,0.0
01235.HK,2015-12-18,0.86,0.86,0.86,0.86,50000.0,0.0
01235.HK,2015-12-21,0.88,0.88,0.88,0.88,10000.0,0.0
01235.HK,2015-12-22,0.88,0.89,0.88,0.89,55000.0,0.0
01235.HK,2015-12-23,0.89,0.89,0.89,0.89,5000.0,0.0
01235.HK,2015-12-24,0.86,0.88,0.85,0.88,155000.0,0.0
01235.HK,2015-12-28,0.88,0.88,0.88,0.88,0.0,0.0
01235.HK,2015-12-29,0.89,0.94,0.89,0.92,495000.0,0.0
01235.HK,2015-12-30,0.92,0.93,0.9,0.9,170000.0,0.0
01235.HK,2015-12-31,0.93,0.93,0.93,0.93,25000.0,0.0
01235.HK,2016-01-04,0.88,0.89,0.88,0.89,20000.0,0.0
01235.HK,2016-01-05,0.89,0.89,0.88,0.88,110000.0,0.0
01235.HK,2016-01-06,0.85,0.87,0.85,0.87,110000.0,0.0
01235.HK,2016-01-07,0.85,0.85,0.83,0.84,100000.0,0.0
01235.HK,2016-01-08,0.84,0.84,0.83,0.83,110000.0,0.0
01235.HK,2016-01-11,0.83,0.83,0.83,0.83,0.0,0.0
01235.HK,2016-01-12,0.83,0.83,0.82,0.82,10000.0,0.0
01235.HK,2016-01-13,0.83,0.83,0.83,0.83,20000.0,0.0
01235.HK,2016-01-14,0.81,0.81,0.8,0.8,340000.0,0.0
01235.HK,2016-01-15,0.8,0.8,0.79,0.79,90000.0,0.0
01235.HK,2016-01-18,0.78,0.79,0.78,0.79,60000.0,0.0
01235.HK,2016-01-19,0.79,0.85,0.79,0.85,215000.0,0.0
01235.HK,2016-01-20,0.88,0.88,0.77,0.83,745000.0,0.0
01235.HK,2016-01-21,0.81,0.81,0.75,0.79,505000.0,0.0
01235.HK,2016-01-22,0.78,0.78,0.76,0.76,820000.0,0.0
01235.HK,2016-01-25,0.78,0.78,0.77,0.78,160000.0,0.0
01235.HK,2016-01-26,0.78,0.78,0.78,0.78,0.0,0.0
01235.HK,2016-01-27,0.75,0.75,0.75,0.75,35000.0,0.0
01235.HK,2016-01-28,0.75,0.76,0.75,0.76,80000.0,0.0
01235.HK,2016-01-29,0.76,0.78,0.76,0.77,145000.0,0.0
01235.HK,2016-02-01,0.77,0.77,0.77,0.77,0.0,0.0
01235.HK,2016-02-02,0.77,0.77,0.77,0.77,0.0,0.0
01235.HK,2016-02-03,0.75,0.77,0.75,0.77,420000.0,0.0
01235.HK,2016-02-04,0.77,0.77,0.77,0.77,0.0,0.0
01235.HK,2016-02-05,0.78,0.78,0.78,0.78,0.0,0.0
01235.HK,2016-02-11,0.78,0.78,0.78,0.78,0.0,0.0
01235.HK,2016-02-12,0.78,0.78,0.78,0.78,0.0,0.0
01235.HK,2016-02-15,0.78,0.78,0.78,0.78,0.0,0.0
01235.HK,2016-02-16,0.8,0.8,0.8,0.8,50000.0,0.0
01235.HK,2016-02-17,0.79,0.8,0.78,0.8,380000.0,0.0
01235.HK,2016-02-18,0.82,0.83,0.8,0.8,240000.0,0.0
01235.HK,2016-02-19,0.83,0.83,0.82,0.82,50000.0,0.0
01235.HK,2016-02-22,0.83,0.83,0.82,0.82,225000.0,0.0
01235.HK,2016-02-23,0.82,0.82,0.82,0.82,0.0,0.0
01235.HK,2016-02-24,0.82,0.84,0.82,0.82,75000.0,0.0
01235.HK,2016-02-25,0.82,0.82,0.81,0.81,130000.0,0.0
01235.HK,2016-02-26,0.82,0.82,0.81,0.81,80000.0,0.0
01235.HK,2016-02-29,0.81,0.81,0.81,0.81,35000.0,0.0
01235.HK,2016-03-01,0.81,0.81,0.81,0.81,0.0,0.0
01235.HK,2016-03-02,0.8,0.84,0.8,0.84,95000.0,0.0
01235.HK,2016-03-03,0.84,0.84,0.84,0.84,0.0,0.0
01235.HK,2016-03-04,0.83,0.83,0.83,0.83,50000.0,0.0
01235.HK,2016-03-07,0.83,0.83,0.83,0.83,60000.0,0.0
01235.HK,2016-03-08,0.83,0.83,0.83,0.83,22500.0,0.0
01235.HK,2016-03-09,0.83,0.83,0.83,0.83,350000.0,0.0
01235.HK,2016-03-10,0.82,0.82,0.82,0.82,5000.0,0.0
01235.HK,2016-03-11,0.81,0.82,0.81,0.82,105000.0,0.0
01235.HK,2016-03-14,0.82,0.83,0.82,0.82,100000.0,0.0
01235.HK,2016-03-15,0.83,0.83,0.83,0.83,5000.0,0.0
01235.HK,2016-03-16,0.83,0.83,0.83,0.83,0.0,0.0
01235.HK,2016-03-17,0.85,0.86,0.84,0.84,70000.0,0.0
01235.HK,2016-03-18,0.84,0.85,0.84,0.84,375000.0,0.0
01235.HK,2016-03-21,0.84,0.84,0.84,0.84,270000.0,0.0
01235.HK,2016-03-22,0.84,0.85,0.84,0.84,80000.0,0.0
01235.HK,2016-03-23,0.84,0.84,0.84,0.84,0.0,0.0
01235.HK,2016-03-24,0.84,0.84,0.84,0.84,205000.0,0.0
01235.HK,2016-03-29,0.84,0.84,0.84,0.84,0.0,0.0
01235.HK,2016-03-30,0.84,0.84,0.84,0.84,0.0,0.0
01235.HK,2016-03-31,0.84,0.84,0.84,0.84,50000.0,0.0
01235.HK,2016-04-01,0.84,0.84,0.84,0.84,370000.0,0.0
01235.HK,2016-04-05,0.84,0.84,0.84,0.84,5000.0,0.0
01235.HK,2016-04-06,0.84,0.85,0.84,0.85,10000.0,0.0
01235.HK,2016-04-07,0.84,0.84,0.84,0.84,65000.0,0.0
01235.HK,2016-04-08,0.83,0.83,0.83,0.83,90000.0,0.0
01235.HK,2016-04-11,0.81,0.81,0.81,0.81,30000.0,0.0
01235.HK,2016-04-12,0.81,0.83,0.81,0.83,275000.0,0.0
01235.HK,2016-04-13,0.83,0.83,0.83,0.83,0.0,0.0
01235.HK,2016-04-14,0.83,0.84,0.83,0.83,130000.0,0.0
01235.HK,2016-04-15,0.83,0.83,0.82,0.82,55000.0,0.0
01235.HK,2016-04-18,0.82,0.83,0.82,0.83,195000.0,0.0
01235.HK,2016-04-19,0.83,0.83,0.81,0.82,150000.0,0.0
01235.HK,2016-04-20,0.82,0.82,0.82,0.82,0.0,0.0
01235.HK,2016-04-21,0.82,0.82,0.82,0.82,0.0,0.0
01235.HK,2016-04-22,0.82,0.82,0.82,0.82,0.0,0.0
01235.HK,2016-04-25,0.83,0.83,0.83,0.83,25000.0,0.0
01235.HK,2016-04-26,0.82,0.82,0.82,0.82,10000.0,0.0
01235.HK,2016-04-27,0.82,0.82,0.82,0.82,0.0,0.0
01235.HK,2016-04-28,0.82,0.82,0.82,0.82,0.0,0.0
01235.HK,2016-04-29,0.82,0.82,0.82,0.82,0.0,0.0
01235.HK,2016-05-03,0.81,0.82,0.81,0.82,100000.0,0.0
01235.HK,2016-05-04,0.82,0.82,0.82,0.82,145000.0,0.0
01235.HK,2016-05-05,0.81,0.81,0.81,0.81,50000.0,0.0
01235.HK,2016-05-06,0.8,0.8,0.8,0.8,30000.0,0.0
01235.HK,2016-05-09,0.8,0.8,0.8,0.8,5000.0,0.0
01235.HK,2016-05-10,0.8,0.8,0.8,0.8,55000.0,0.0
01235.HK,2016-05-11,0.81,0.83,0.8,0.8,165000.0,0.0
01235.HK,2016-05-12,0.8,0.8,0.8,0.8,0.0,0.0
01235.HK,2016-05-13,0.8,0.8,0.8,0.8,0.0,0.0
01235.HK,2016-05-16,0.8,0.8,0.8,0.8,0.0,0.0
01235.HK,2016-05-17,0.79,0.81,0.79,0.81,80000.0,0.0
01235.HK,2016-05-18,0.81,0.81,0.81,0.81,0.0,0.0
01235.HK,2016-05-19,0.81,0.81,0.81,0.81,0.0,0.0
01235.HK,2016-05-20,0.81,0.81,0.81,0.81,0.0,0.0
01235.HK,2016-05-23,0.81,0.82,0.8,0.8,110000.0,0.0
01235.HK,2016-05-24,0.81,0.81,0.81,0.81,35000.0,0.0
01235.HK,2016-05-25,0.81,0.81,0.81,0.81,30000.0,0.0
01235.HK,2016-05-26,0.81,0.81,0.81,0.81,0.0,0.0
01235.HK,2016-05-27,0.81,0.81,0.81,0.81,0.0,0.0
01235.HK,2016-05-30,0.81,0.81,0.81,0.81,0.0,0.0
01235.HK,2016-05-31,0.79,0.79,0.78,0.79,70000.0,0.0
01235.HK,2016-06-01,0.8,0.8,0.8,0.8,40000.0,0.0
01235.HK,2016-06-02,0.79,0.8,0.79,0.8,85000.0,0.0
01235.HK,2016-06-03,0.8,0.8,0.79,0.79,115000.0,0.0
01235.HK,2016-06-06,0.8,0.8,0.78,0.78,455000.0,0.0
01235.HK,2016-06-07,0.79,0.8,0.79,0.79,395000.0,0.0
01235.HK,2016-06-08,0.8,0.8,0.8,0.8,50000.0,0.0
01235.HK,2016-06-10,0.79,0.8,0.79,0.8,155000.0,0.0
01235.HK,2016-06-13,0.78,0.78,0.76,0.77,85000.0,0.0
01235.HK,2016-06-14,0.77,0.77,0.77,0.77,55000.0,0.0
01235.HK,2016-06-15,0.77,0.77,0.77,0.77,0.0,0.0
01235.HK,2016-06-16,0.77,0.77,0.77,0.77,0.0,0.0
01235.HK,2016-06-17,0.78,0.78,0.78,0.78,0.0,0.0
01235.HK,2016-06-20,0.78,0.78,0.78,0.78,0.0,0.0
01235.HK,2016-06-21,0.78,0.78,0.78,0.78,0.0,0.0
01235.HK,2016-06-22,0.78,0.78,0.78,0.78,0.0,0.0
01235.HK,2016-06-23,0.75,0.77,0.75,0.76,510000.0,0.0
01235.HK,2016-06-24,0.75,0.76,0.72,0.76,70000.0,0.0
01235.HK,2016-06-27,0.75,0.75,0.75,0.75,0.0,0.0
01235.HK,2016-06-28,0.72,0.76,0.72,0.76,65000.0,0.0
01235.HK,2016-06-29,0.76,0.76,0.76,0.76,100000.0,0.0
01235.HK,2016-06-30,0.75,0.75,0.73,0.74,115000.0,0.0
01235.HK,2016-07-04,0.72,0.75,0.67,0.75,170000.0,0.0
01235.HK,2016-07-05,0.76,0.76,0.76,0.76,320000.0,0.0
01235.HK,2016-07-06,0.74,0.77,0.74,0.77,205000.0,0.0
01235.HK,2016-07-07,0.77,0.77,0.77,0.77,0.0,0.0
01235.HK,2016-07-08,0.77,0.77,0.77,0.77,0.0,0.0
01235.HK,2016-07-11,0.77,0.77,0.77,0.77,0.0,0.0
01235.HK,2016-07-12,0.77,0.77,0.77,0.77,0.0,0.0
01235.HK,2016-07-13,0.77,0.77,0.77,0.77,5000.0,0.0
01235.HK,2016-07-14,0.75,0.75,0.75,0.75,210000.0,0.0
01235.HK,2016-07-15,0.75,0.75,0.75,0.75,35000.0,0.0
01235.HK,2016-07-18,0.75,0.75,0.75,0.75,20000.0,0.0
01235.HK,2016-07-19,0.76,0.8,0.76,0.79,120000.0,0.0
01235.HK,2016-07-20,0.77,0.77,0.77,0.77,5000.0,0.0
01235.HK,2016-07-21,0.77,0.77,0.77,0.77,15000.0,0.0
01235.HK,2016-07-22,0.77,0.77,0.77,0.77,0.0,0.0
01235.HK,2016-07-25,0.76,0.76,0.76,0.76,20000.0,0.0
01235.HK,2016-07-26,0.76,0.76,0.76,0.76,0.0,0.0
01235.HK,2016-07-27,0.76,0.76,0.74,0.76,320000.0,0.0
01235.HK,2016-07-28,0.76,0.79,0.75,0.77,180000.0,0.0
01235.HK,2016-07-29,0.77,0.77,0.77,0.77,0.0,0.0
01235.HK,2016-08-01,0.77,0.77,0.77,0.77,0.0,0.0
01235.HK,2016-08-03,0.77,0.77,0.77,0.77,5000.0,0.0
01235.HK,2016-08-04,0.77,0.77,0.77,0.77,0.0,0.0
01235.HK,2016-08-05,0.77,0.78,0.77,0.77,75000.0,0.0
01235.HK,2016-08-08,0.76,0.77,0.76,0.77,195000.0,0.0
01235.HK,2016-08-09,0.75,0.77,0.75,0.76,130000.0,0.0
01235.HK,2016-08-10,0.76,0.76,0.76,0.76,0.0,0.0
01235.HK,2016-08-11,0.76,0.76,0.76,0.76,20000.0,0.0
01235.HK,2016-08-12,0.75,0.76,0.75,0.76,95000.0,0.0
01235.HK,2016-08-15,0.75,0.75,0.75,0.75,20000.0,0.0
01235.HK,2016-08-16,0.76,0.77,0.76,0.77,55000.0,0.0
01235.HK,2016-08-17,0.77,0.77,0.77,0.77,100000.0,0.0
01235.HK,2016-08-18,0.77,0.77,0.77,0.77,0.0,0.0
01235.HK,2016-08-19,0.76,0.76,0.76,0.76,60000.0,0.0
01235.HK,2016-08-22,0.76,0.76,0.76,0.76,110000.0,0.0
01235.HK,2016-08-23,0.75,0.75,0.75,0.75,10000.0,0.0
01235.HK,2016-08-24,0.73,0.73,0.72,0.73,55000.0,0.0
01235.HK,2016-08-25,0.74,0.74,0.72,0.72,370000.0,0.0
01235.HK,2016-08-26,0.72,0.73,0.72,0.73,40000.0,0.0
01235.HK,2016-08-29,0.73,0.76,0.73,0.76,40000.0,0.0
01235.HK,2016-08-30,0.74,0.74,0.73,0.74,200000.0,0.0
01235.HK,2016-08-31,0.74,0.74,0.74,0.74,65000.0,0.0
01235.HK,2016-09-01,0.75,0.75,0.74,0.74,50000.0,0.0
01235.HK,2016-09-02,0.74,0.78,0.74,0.77,1170000.0,0.0
01235.HK,2016-09-05,0.77,0.78,0.77,0.78,10000.0,0.0
01235.HK,2016-09-06,0.78,0.8,0.77,0.8,350000.0,0.0
01235.HK,2016-09-07,0.8,0.8,0.77,0.8,240000.0,0.0
01235.HK,2016-09-08,0.8,0.8,0.79,0.79,100000.0,0.0
01235.HK,2016-09-09,0.79,0.79,0.79,0.79,0.0,0.0
01235.HK,2016-09-12,0.8,0.8,0.79,0.79,230000.0,0.0
01235.HK,2016-09-13,0.79,0.79,0.79,0.79,100000.0,0.0
01235.HK,2016-09-14,0.79,0.79,0.79,0.79,50000.0,0.0
01235.HK,2016-09-15,0.79,0.79,0.79,0.79,0.0,0.0
01235.HK,2016-09-19,0.79,0.79,0.79,0.79,0.0,0.0
01235.HK,2016-09-20,0.78,0.78,0.78,0.78,100000.0,0.0
01235.HK,2016-09-21,0.78,0.78,0.78,0.78,0.0,0.0
01235.HK,2016-09-22,0.78,0.78,0.78,0.78,55000.0,0.0
01235.HK,2016-09-23,0.78,0.78,0.77,0.78,75000.0,0.0
01235.HK,2016-09-26,0.78,0.78,0.78,0.78,10000.0,0.0
01235.HK,2016-09-27,0.78,0.78,0.78,0.78,0.0,0.0
01235.HK,2016-09-28,0.76,0.76,0.76,0.76,40000.0,0.0
01235.HK,2016-09-29,0.75,0.76,0.73,0.73,895000.0,0.0
01235.HK,2016-09-30,0.73,0.73,0.73,0.73,45000.0,0.0
01235.HK,2016-10-03,0.73,0.73,0.72,0.72,85000.0,0.0
01235.HK,2016-10-04,0.73,0.78,0.73,0.77,210000.0,0.0
01235.HK,2016-10-05,0.78,0.79,0.78,0.78,140000.0,0.0
01235.HK,2016-10-06,0.75,0.75,0.75,0.75,10000.0,0.0
01235.HK,2016-10-07,0.75,0.75,0.75,0.75,0.0,0.0
01235.HK,2016-10-11,0.75,0.75,0.75,0.75,0.0,0.0
01235.HK,2016-10-12,0.74,0.74,0.73,0.73,70000.0,0.0
01235.HK,2016-10-13,0.73,0.73,0.73,0.73,60000.0,0.0
01235.HK,2016-10-14,0.73,0.73,0.73,0.73,10000.0,0.0
01235.HK,2016-10-17,0.73,0.73,0.73,0.73,75000.0,0.0
01235.HK,2016-10-18,0.78,0.78,0.77,0.77,85000.0,0.0
01235.HK,2016-10-19,0.75,0.75,0.75,0.75,0.0,0.0
01235.HK,2016-10-20,0.73,0.74,0.73,0.74,60000.0,0.0
01235.HK,2016-10-24,0.74,0.74,0.74,0.74,0.0,0.0
01235.HK,2016-10-25,0.74,0.74,0.74,0.74,30000.0,0.0
01235.HK,2016-10-26,0.75,0.75,0.74,0.74,20000.0,0.0
01235.HK,2016-10-27,0.72,0.74,0.72,0.74,165000.0,0.0
01235.HK,2016-10-28,0.74,0.74,0.74,0.74,220000.0,0.0
01235.HK,2016-10-31,0.74,0.74,0.73,0.74,25000.0,0.0
01235.HK,2016-11-01,0.74,0.75,0.74,0.75,60000.0,0.0
01235.HK,2016-11-02,0.72,0.74,0.72,0.74,75000.0,0.0
01235.HK,2016-11-03,0.74,0.74,0.74,0.74,0.0,0.0
01235.HK,2016-11-04,0.74,0.74,0.74,0.74,55000.0,0.0
01235.HK,2016-11-07,0.74,0.74,0.74,0.74,25000.0,0.0
01235.HK,2016-11-08,0.75,0.75,0.75,0.75,175000.0,0.0
01235.HK,2016-11-09,0.73,0.73,0.72,0.72,50000.0,0.0
01235.HK,2016-11-10,0.73,0.74,0.73,0.74,15000.0,0.0
01235.HK,2016-11-11,0.74,0.74,0.74,0.74,0.0,0.0
01235.HK,2016-11-14,0.74,0.74,0.74,0.74,0.0,0.0
01235.HK,2016-11-15,0.72,0.74,0.71,0.74,25000.0,0.0
01235.HK,2016-11-16,0.76,0.78,0.76,0.77,135000.0,0.0
01235.HK,2016-11-17,0.77,0.78,0.76,0.76,285000.0,0.0
01235.HK,2016-11-18,0.76,0.76,0.76,0.76,0.0,0.0
01235.HK,2016-11-21,0.77,0.77,0.77,0.77,85000.0,0.0
01235.HK,2016-11-22,0.77,0.77,0.76,0.77,150000.0,0.0
01235.HK,2016-11-23,0.77,0.77,0.77,0.77,95000.0,0.0
01235.HK,2016-11-24,0.75,0.75,0.75,0.75,60000.0,0.0
01235.HK,2016-11-25,0.77,0.79,0.77,0.79,475000.0,0.0
01235.HK,2016-11-28,0.76,0.78,0.76,0.78,50000.0,0.0
01235.HK,2016-11-29,0.78,0.78,0.78,0.78,110000.0,0.0
01235.HK,2016-11-30,0.78,0.78,0.78,0.78,0.0,0.0
01235.HK,2016-12-01,0.76,0.76,0.76,0.76,50000.0,0.0
01235.HK,2016-12-02,0.76,0.76,0.76,0.76,0.0,0.0
01235.HK,2016-12-05,0.76,0.76,0.76,0.76,0.0,0.0
01235.HK,2016-12-06,0.75,0.76,0.75,0.76,100000.0,0.0
01235.HK,2016-12-07,0.76,0.76,0.76,0.76,50000.0,0.0
01235.HK,2016-12-08,0.76,0.76,0.76,0.76,5000.0,0.0
01235.HK,2016-12-09,0.76,0.76,0.75,0.76,250000.0,0.0
01235.HK,2016-12-12,0.75,0.75,0.75,0.75,40000.0,0.0
01235.HK,2016-12-13,0.76,0.76,0.76,0.76,260000.0,0.0
01235.HK,2016-12-14,0.76,0.76,0.76,0.76,0.0,0.0
01235.HK,2016-12-15,0.76,0.76,0.76,0.76,0.0,0.0
01235.HK,2016-12-16,0.75,0.75,0.75,0.75,20000.0,0.0
01235.HK,2016-12-19,0.76,0.76,0.76,0.76,55000.0,0.0
01235.HK,2016-12-20,0.74,0.76,0.74,0.76,45000.0,0.0
01235.HK,2016-12-21,0.76,0.76,0.76,0.76,0.0,0.0
01235.HK,2016-12-22,0.76,0.76,0.76,0.76,0.0,0.0
01235.HK,2016-12-23,0.76,0.76,0.76,0.76,0.0,0.0
01235.HK,2016-12-28,0.74,0.75,0.74,0.75,70000.0,0.0
01235.HK,2016-12-29,0.75,0.75,0.75,0.75,45000.0,0.0
01235.HK,2016-12-30,0.75,0.75,0.75,0.75,0.0,0.0
01235.HK,2017-01-03,0.75,0.75,0.75,0.75,20000.0,0.0
01235.HK,2017-01-04,0.75,0.75,0.75,0.75,60000.0,0.0
01235.HK,2017-01-05,0.75,0.75,0.75,0.75,90000.0,0.0
01235.HK,2017-01-06,0.75,0.75,0.73,0.75,130000.0,0.0
01235.HK,2017-01-09,0.73,0.75,0.73,0.75,35000.0,0.0
01235.HK,2017-01-10,0.74,0.74,0.74,0.74,180000.0,0.0
01235.HK,2017-01-11,0.75,0.75,0.75,0.75,60000.0,0.0
01235.HK,2017-01-12,0.75,0.75,0.75,0.75,0.0,0.0
01235.HK,2017-01-13,0.78,0.8,0.76,0.77,230000.0,0.0
01235.HK,2017-01-16,0.76,0.76,0.76,0.76,10000.0,0.0
01235.HK,2017-01-17,0.78,0.78,0.77,0.77,50000.0,0.0
01235.HK,2017-01-18,0.77,0.77,0.77,0.77,120000.0,0.0
01235.HK,2017-01-19,0.78,0.78,0.78,0.78,70000.0,0.0
01235.HK,2017-01-20,0.78,0.78,0.76,0.77,220000.0,0.0
01235.HK,2017-01-23,0.77,0.77,0.77,0.77,0.0,0.0
01235.HK,2017-01-24,0.75,0.78,0.75,0.78,40000.0,0.0
01235.HK,2017-01-25,0.79,0.79,0.77,0.77,135000.0,0.0
01235.HK,2017-01-26,0.76,0.76,0.76,0.76,20000.0,0.0
01235.HK,2017-01-27,0.77,0.77,0.77,0.77,5000.0,0.0
01235.HK,2017-02-01,0.77,0.77,0.77,0.77,0.0,0.0
01235.HK,2017-02-02,0.77,0.77,0.77,0.77,1500.0,0.0
01235.HK,2017-02-03,0.77,0.77,0.77,0.77,0.0,0.0
01235.HK,2017-02-06,0.77,0.77,0.77,0.77,0.0,0.0
01235.HK,2017-02-07,0.77,0.77,0.77,0.77,0.0,0.0
01235.HK,2017-02-08,0.78,0.78,0.76,0.76,150000.0,0.0
01235.HK,2017-02-09,0.76,0.76,0.76,0.76,25000.0,0.0
01235.HK,2017-02-10,0.78,0.78,0.77,0.78,150000.0,0.0
01235.HK,2017-02-13,0.78,0.78,0.78,0.78,0.0,0.0
01235.HK,2017-02-14,0.79,0.79,0.77,0.77,105000.0,0.0
01235.HK,2017-02-15,0.76,0.81,0.76,0.8,540000.0,0.0
01235.HK,2017-02-16,0.8,0.8,0.77,0.8,395000.0,0.0
01235.HK,2017-02-17,0.79,0.8,0.79,0.8,170000.0,0.0
01235.HK,2017-02-20,0.8,0.8,0.8,0.8,100000.0,0.0
01235.HK,2017-02-21,0.81,0.81,0.78,0.8,345000.0,0.0
01235.HK,2017-02-22,0.81,0.81,0.81,0.81,275000.0,0.0
01235.HK,2017-02-23,0.81,0.81,0.81,0.81,0.0,0.0
01235.HK,2017-02-24,0.81,0.81,0.81,0.81,160000.0,0.0
01235.HK,2017-02-27,0.81,0.81,0.81,0.81,0.0,0.0
01235.HK,2017-02-28,0.81,0.85,0.81,0.85,1060000.0,0.0
01235.HK,2017-03-01,0.85,0.86,0.84,0.85,475000.0,0.0
01235.HK,2017-03-02,0.84,0.84,0.82,0.82,275000.0,0.0
01235.HK,2017-03-03,0.81,0.81,0.81,0.81,110000.0,0.0
01235.HK,2017-03-06,0.82,0.82,0.81,0.81,225000.0,0.0
01235.HK,2017-03-07,0.82,0.83,0.82,0.82,405000.0,0.0
01235.HK,2017-03-08,0.81,0.82,0.8,0.82,310000.0,0.0
01235.HK,2017-03-09,0.8,0.8,0.8,0.8,205000.0,0.0
01235.HK,2017-03-10,0.8,0.8,0.79,0.8,15000.0,0.0
01235.HK,2017-03-13,0.8,0.8,0.8,0.8,20000.0,0.0
01235.HK,2017-03-14,0.8,0.8,0.8,0.8,100000.0,0.0
01235.HK,2017-03-15,0.8,0.8,0.8,0.8,130000.0,0.0
01235.HK,2017-03-16,0.8,0.8,0.8,0.8,15000.0,0.0
01235.HK,2017-03-17,0.81,0.81,0.81,0.81,0.0,0.0
01235.HK,2017-03-20,0.81,0.81,0.81,0.81,2500000.0,0.0
01235.HK,2017-03-21,0.81,0.81,0.8,0.8,75000.0,0.0
01235.HK,2017-03-22,0.79,0.79,0.79,0.79,45000.0,0.0
01235.HK,2017-03-23,0.79,0.81,0.78,0.81,75000.0,0.0
01235.HK,2017-03-24,0.81,0.81,0.81,0.81,0.0,0.0
01235.HK,2017-03-27,0.81,0.81,0.79,0.8,820000.0,0.0
01235.HK,2017-03-28,0.81,0.81,0.81,0.81,40000.0,0.0
01235.HK,2017-03-29,0.81,0.81,0.81,0.81,400000.0,0.0
01235.HK,2017-03-30,0.8,0.8,0.8,0.8,120000.0,0.0
01235.HK,2017-03-31,0.79,0.79,0.79,0.79,0.0,0.0
01235.HK,2017-04-03,0.79,0.8,0.79,0.8,360000.0,0.0
01235.HK,2017-04-05,0.78,0.78,0.76,0.76,20000.0,0.0
01235.HK,2017-04-06,0.75,0.76,0.73,0.73,210000.0,0.0
01235.HK,2017-04-07,0.74,0.76,0.74,0.75,130000.0,0.0
01235.HK,2017-04-10,0.74,0.75,0.65,0.75,915000.0,0.0
01235.HK,2017-04-11,0.75,0.75,0.75,0.75,0.0,0.0
01235.HK,2017-04-12,0.75,0.75,0.75,0.75,155000.0,0.0
01235.HK,2017-04-13,0.75,0.75,0.75,0.75,55000.0,0.0
01235.HK,2017-04-18,0.75,0.75,0.74,0.75,165000.0,0.0
01235.HK,2017-04-19,0.74,0.79,0.74,0.78,250000.0,0.0
01235.HK,2017-04-20,0.82,0.82,0.78,0.78,5000.0,0.0
01235.HK,2017-04-21,0.77,0.83,0.76,0.8,155000.0,0.0
01235.HK,2017-04-24,0.79,0.79,0.79,0.79,0.0,0.0
01235.HK,2017-04-25,0.77,0.77,0.77,0.77,305000.0,0.0
01235.HK,2017-04-26,0.75,0.76,0.75,0.76,10000.0,0.0
01235.HK,2017-04-27,0.76,0.76,0.76,0.76,0.0,0.0
01235.HK,2017-04-28,0.76,0.76,0.76,0.76,0.0,0.0
01235.HK,2017-05-02,0.74,0.76,0.74,0.76,25000.0,0.0
01235.HK,2017-05-04,0.76,0.76,0.76,0.76,0.0,0.0
01235.HK,2017-05-05,0.76,0.76,0.76,0.76,0.0,0.0
01235.HK,2017-05-08,0.77,0.77,0.77,0.77,0.0,0.0
01235.HK,2017-05-09,0.77,0.77,0.77,0.77,0.0,0.0
01235.HK,2017-05-10,0.76,0.76,0.76,0.76,100000.0,0.0
01235.HK,2017-05-11,0.75,0.75,0.75,0.75,5000.0,0.0
01235.HK,2017-05-12,0.75,0.75,0.74,0.75,80000.0,0.0
01235.HK,2017-05-15,0.74,0.74,0.74,0.74,85000.0,0.0
01235.HK,2017-05-16,0.75,0.75,0.75,0.75,50000.0,0.0
01235.HK,2017-05-17,0.74,0.74,0.74,0.74,105000.0,0.0
01235.HK,2017-05-18,0.74,0.75,0.74,0.75,60000.0,0.0
01235.HK,2017-05-19,0.75,0.75,0.75,0.75,0.0,0.0
01235.HK,2017-05-22,0.75,0.75,0.75,0.75,0.0,0.0
01235.HK,2017-05-23,0.75,0.75,0.74,0.74,85000.0,0.0
01235.HK,2017-05-24,0.73,0.74,0.73,0.74,100000.0,0.0
01235.HK,2017-05-25,0.74,0.75,0.73,0.73,260000.0,0.0
01235.HK,2017-05-26,0.73,0.73,0.73,0.73,260000.0,0.0
01235.HK,2017-05-29,0.72,0.73,0.72,0.73,55000.0,0.0
01235.HK,2017-05-31,0.73,0.73,0.73,0.73,0.0,0.0
01235.HK,2017-06-01,0.73,0.73,0.73,0.73,110000.0,0.0
01235.HK,2017-06-02,0.78,0.78,0.73,0.73,360000.0,0.0
01235.HK,2017-06-05,0.73,0.73,0.73,0.73,0.0,0.0
01235.HK,2017-06-06,0.73,0.73,0.73,0.73,100000.0,0.0
01235.HK,2017-06-07,0.73,0.74,0.72,0.74,105000.0,0.0
01235.HK,2017-06-08,0.73,0.73,0.73,0.73,50000.0,0.0
01235.HK,2017-06-09,0.73,0.73,0.73,0.73,0.0,0.0
01235.HK,2017-06-12,0.73,0.73,0.73,0.73,0.0,0.0
01235.HK,2017-06-13,0.77,0.77,0.72,0.73,80000.0,0.0
01235.HK,2017-06-14,0.73,0.74,0.73,0.74,85000.0,0.0
01235.HK,2017-06-15,0.73,0.74,0.73,0.73,80000.0,0.0
01235.HK,2017-06-16,0.73,0.73,0.73,0.73,0.0,0.0
01235.HK,2017-06-19,0.74,0.74,0.72,0.73,260000.0,0.0
01235.HK,2017-06-20,0.74,0.83,0.74,0.75,1215000.0,0.0
01235.HK,2017-06-21,0.73,0.74,0.66,0.72,1150000.0,0.0
01235.HK,2017-06-22,0.74,0.74,0.72,0.72,60000.0,0.0
01235.HK,2017-06-23,0.73,0.73,0.73,0.73,50000.0,0.0
01235.HK,2017-06-26,0.73,0.73,0.73,0.73,50000.0,0.0
01235.HK,2017-06-27,0.73,0.73,0.73,0.73,0.0,0.0
01235.HK,2017-06-28,0.72,0.72,0.72,0.72,220000.0,0.0
01235.HK,2017-06-29,0.71,0.72,0.71,0.72,50000.0,0.0
01235.HK,2017-06-30,0.72,0.72,0.72,0.72,0.0,0.0
01235.HK,2017-07-03,0.71,0.71,0.7,0.71,155000.0,0.0
01235.HK,2017-07-04,0.71,0.71,0.71,0.71,0.0,0.0
01235.HK,2017-07-05,0.71,0.71,0.71,0.71,70000.0,0.0
01235.HK,2017-07-06,0.73,0.74,0.73,0.74,35000.0,0.0
01235.HK,2017-07-07,0.74,0.74,0.74,0.74,0.0,0.0
01235.HK,2017-07-10,0.72,0.74,0.71,0.71,225000.0,0.0
01235.HK,2017-07-11,0.7,0.71,0.67,0.71,170000.0,0.0
01235.HK,2017-07-12,0.71,0.71,0.71,0.71,0.0,0.0
01235.HK,2017-07-13,0.71,0.71,0.71,0.71,0.0,0.0
01235.HK,2017-07-14,0.71,0.71,0.71,0.71,0.0,0.0
01235.HK,2017-07-17,0.7,0.7,0.69,0.69,265000.0,0.0
01235.HK,2017-07-18,0.71,0.71,0.69,0.69,60000.0,0.0
01235.HK,2017-07-19,0.69,0.69,0.69,0.69,0.0,0.0
01235.HK,2017-07-20,0.69,0.69,0.69,0.69,80000.0,0.0
01235.HK,2017-07-21,0.7,0.7,0.7,0.7,0.0,0.0
01235.HK,2017-07-24,0.7,0.7,0.7,0.7,35000.0,0.0
01235.HK,2017-07-25,0.7,0.7,0.7,0.7,30000.0,0.0
01235.HK,2017-07-26,0.7,0.7,0.69,0.7,40000.0,0.0
01235.HK,2017-07-27,0.7,0.7,0.7,0.7,50000.0,0.0
01235.HK,2017-07-28,0.7,0.7,0.7,0.7,50000.0,0.0
01235.HK,2017-07-31,0.69,0.69,0.69,0.69,40000.0,0.0
01235.HK,2017-08-01,0.69,0.69,0.69,0.69,265000.0,0.0
01235.HK,2017-08-02,0.69,0.69,0.69,0.69,0.0,0.0
01235.HK,2017-08-03,0.69,0.69,0.69,0.69,0.0,0.0
01235.HK,2017-08-04,0.69,0.69,0.69,0.69,10000.0,0.0
01235.HK,2017-08-07,0.66,0.68,0.66,0.68,40000.0,0.0
01235.HK,2017-08-08,0.68,0.68,0.68,0.68,0.0,0.0
01235.HK,2017-08-09,0.68,0.68,0.68,0.68,0.0,0.0
01235.HK,2017-08-10,0.68,0.68,0.68,0.68,0.0,0.0
01235.HK,2017-08-11,0.64,0.66,0.64,0.66,65000.0,0.0
01235.HK,2017-08-14,0.66,0.66,0.66,0.66,0.0,0.0
01235.HK,2017-08-15,0.66,0.66,0.66,0.66,0.0,0.0
01235.HK,2017-08-16,0.66,0.66,0.66,0.66,0.0,0.0
01235.HK,2017-08-17,0.66,0.66,0.66,0.66,0.0,0.0
01235.HK,2017-08-18,0.67,0.67,0.67,0.67,0.0,0.0
01235.HK,2017-08-21,0.67,0.67,0.67,0.67,30000.0,0.0
01235.HK,2017-08-22,0.66,0.69,0.66,0.67,250000.0,0.0
01235.HK,2017-08-24,0.67,0.67,0.67,0.67,0.0,0.0
01235.HK,2017-08-25,0.67,0.67,0.67,0.67,0.0,0.0
01235.HK,2017-08-28,0.66,0.72,0.64,0.71,705000.0,0.0
01235.HK,2017-08-29,0.67,0.7,0.65,0.7,2315000.0,0.0
01235.HK,2017-08-30,0.69,0.7,0.69,0.7,155000.0,0.0
01235.HK,2017-08-31,0.7,0.73,0.7,0.73,350000.0,0.0
01235.HK,2017-09-01,0.71,0.71,0.71,0.71,20000.0,0.0
01235.HK,2017-09-04,0.71,0.71,0.71,0.71,0.0,0.0
01235.HK,2017-09-05,0.71,0.71,0.71,0.71,0.0,0.0
01235.HK,2017-09-06,0.71,0.71,0.71,0.71,0.0,0.0
01235.HK,2017-09-07,0.69,0.69,0.69,0.69,10000.0,0.0
01235.HK,2017-09-08,0.69,0.69,0.69,0.69,0.0,0.0
01235.HK,2017-09-11,0.69,0.69,0.69,0.69,0.0,0.0
01235.HK,2017-09-12,0.69,0.69,0.69,0.69,0.0,0.0
01235.HK,2017-09-13,0.69,0.69,0.69,0.69,0.0,0.0
01235.HK,2017-09-14,0.69,0.69,0.69,0.69,0.0,0.0
01235.HK,2017-09-15,0.69,0.69,0.69,0.69,25000.0,0.0
01235.HK,2017-09-18,0.69,0.69,0.69,0.69,0.0,0.0
01235.HK,2017-09-19,0.69,0.69,0.69,0.69,0.0,0.0
01235.HK,2017-09-20,0.69,0.69,0.69,0.69,0.0,0.0
01235.HK,2017-09-21,0.69,0.69,0.69,0.69,50000.0,0.0
01235.HK,2017-09-22,0.68,0.68,0.68,0.68,0.0,0.0
01235.HK,2017-09-25,0.68,0.68,0.68,0.68,180000.0,0.0
01235.HK,2017-09-26,0.68,0.68,0.68,0.68,0.0,0.0
01235.HK,2017-09-27,0.68,0.68,0.68,0.68,0.0,0.0
01235.HK,2017-09-28,0.67,0.67,0.67,0.67,10000.0,0.0
01235.HK,2017-09-29,0.67,0.67,0.67,0.67,0.0,0.0
01235.HK,2017-10-03,0.68,0.68,0.67,0.67,50000.0,0.0
01235.HK,2017-10-04,0.67,0.68,0.67,0.67,50000.0,0.0
01235.HK,2017-10-06,0.67,0.67,0.67,0.67,0.0,0.0
01235.HK,2017-10-09,0.67,0.68,0.67,0.68,60000.0,0.0
01235.HK,2017-10-10,0.68,0.68,0.68,0.68,0.0,0.0
01235.HK,2017-10-11,0.7,0.7,0.7,0.7,50000.0,0.0
01235.HK,2017-10-12,0.7,0.7,0.7,0.7,0.0,0.0
01235.HK,2017-10-13,0.7,0.7,0.7,0.7,0.0,0.0
01235.HK,2017-10-16,0.69,0.69,0.68,0.68,35000.0,0.0
01235.HK,2017-10-17,0.7,0.7,0.68,0.68,400000.0,0.0
01235.HK,2017-10-18,0.68,0.68,0.68,0.68,0.0,0.0
01235.HK,2017-10-19,0.7,0.7,0.68,0.68,55000.0,0.0
01235.HK,2017-10-20,0.68,0.68,0.68,0.68,0.0,0.0
01235.HK,2017-10-23,0.68,0.7,0.68,0.7,155000.0,0.0
01235.HK,2017-10-24,0.7,0.7,0.7,0.7,0.0,0.0
01235.HK,2017-10-25,0.7,0.7,0.7,0.7,0.0,0.0
01235.HK,2017-10-26,0.7,0.7,0.7,0.7,0.0,0.0
01235.HK,2017-10-27,0.7,0.7,0.7,0.7,0.0,0.0
01235.HK,2017-10-30,0.7,0.7,0.7,0.7,0.0,0.0
01235.HK,2017-10-31,0.66,0.67,0.66,0.67,25000.0,0.0
01235.HK,2017-11-01,0.67,0.67,0.67,0.67,25000.0,0.0
01235.HK,2017-11-02,0.67,0.67,0.67,0.67,0.0,0.0
01235.HK,2017-11-03,0.67,0.68,0.67,0.68,75000.0,0.0
01235.HK,2017-11-06,0.67,0.68,0.67,0.68,125000.0,0.0
01235.HK,2017-11-07,0.68,0.68,0.68,0.68,0.0,0.0
01235.HK,2017-11-08,0.67,0.67,0.66,0.67,95000.0,0.0
01235.HK,2017-11-09,0.69,0.7,0.69,0.69,200000.0,0.0
01235.HK,2017-11-10,0.69,0.69,0.69,0.69,0.0,0.0
01235.HK,2017-11-13,0.68,0.69,0.68,0.69,25000.0,0.0
01235.HK,2017-11-14,0.68,0.68,0.68,0.68,25000.0,0.0
01235.HK,2017-11-15,0.68,0.68,0.68,0.68,80000.0,0.0
01235.HK,2017-11-16,0.68,0.68,0.68,0.68,0.0,0.0
01235.HK,2017-11-17,0.68,0.68,0.68,0.68,0.0,0.0
01235.HK,2017-11-20,0.68,0.68,0.68,0.68,0.0,0.0
01235.HK,2017-11-21,0.66,0.66,0.66,0.66,0.0,0.0
01235.HK,2017-11-22,0.66,0.66,0.66,0.66,0.0,0.0
01235.HK,2017-11-23,0.66,0.66,0.66,0.66,0.0,0.0
01235.HK,2017-11-24,0.65,0.65,0.65,0.65,0.0,0.0
01235.HK,2017-11-27,0.65,0.65,0.65,0.65,0.0,0.0
01235.HK,2017-11-28,0.66,0.66,0.66,0.66,25000.0,0.0
01235.HK,2017-11-29,0.66,0.66,0.66,0.66,30000.0,0.0
01235.HK,2017-11-30,0.64,0.64,0.62,0.63,135000.0,0.0
01235.HK,2017-12-01,0.65,0.65,0.65,0.65,30000.0,0.0
01235.HK,2017-12-04,0.62,0.64,0.61,0.64,170000.0,0.0
01235.HK,2017-12-05,0.63,0.63,0.63,0.63,45000.0,0.0
01235.HK,2017-12-06,0.61,0.62,0.61,0.61,445000.0,0.0
01235.HK,2017-12-07,0.61,0.61,0.61,0.61,0.0,0.0
01235.HK,2017-12-08,0.61,0.61,0.61,0.61,0.0,0.0
01235.HK,2017-12-11,0.61,0.61,0.61,0.61,0.0,0.0
01235.HK,2017-12-12,0.62,0.62,0.62,0.62,0.0,0.0
01235.HK,2017-12-13,0.66,0.66,0.66,0.66,5000.0,0.0
01235.HK,2017-12-14,0.62,0.63,0.62,0.63,15000.0,0.0
01235.HK,2017-12-15,0.63,0.63,0.63,0.63,0.0,0.0
01235.HK,2017-12-18,0.63,0.63,0.63,0.63,0.0,0.0
01235.HK,2017-12-19,0.62,0.62,0.62,0.62,50000.0,0.0
01235.HK,2017-12-20,0.6,0.6,0.6,0.6,20000.0,0.0
01235.HK,2017-12-21,0.6,0.6,0.6,0.6,0.0,0.0
01235.HK,2017-12-22,0.6,0.6,0.6,0.6,0.0,0.0
01235.HK,2017-12-27,0.6,0.6,0.6,0.6,0.0,0.0
01235.HK,2017-12-28,0.6,0.6,0.6,0.6,0.0,0.0
01235.HK,2017-12-29,0.6,0.6,0.6,0.6,0.0,0.0
01235.HK,2018-01-02,0.56,0.62,0.56,0.62,60000.0,0.0
01235.HK,2018-01-03,0.6,0.6,0.6,0.6,20000.0,0.0
01235.HK,2018-01-04,0.6,0.6,0.6,0.6,50000.0,0.0
01235.HK,2018-01-05,0.65,0.65,0.65,0.65,160000.0,0.0
01235.HK,2018-01-08,0.63,0.66,0.63,0.66,150000.0,0.0
01235.HK,2018-01-09,0.61,0.63,0.61,0.63,350000.0,0.0
01235.HK,2018-01-10,0.63,0.63,0.63,0.63,0.0,0.0
01235.HK,2018-01-11,0.63,0.63,0.63,0.63,0.0,0.0
01235.HK,2018-01-12,0.63,0.63,0.63,0.63,0.0,0.0
01235.HK,2018-01-15,0.63,0.63,0.63,0.63,0.0,0.0
01235.HK,2018-01-16,0.63,0.63,0.63,0.63,0.0,0.0
01235.HK,2018-01-17,0.62,0.62,0.62,0.62,0.0,0.0
01235.HK,2018-01-18,0.59,0.61,0.59,0.61,25000.0,0.0
01235.HK,2018-01-19,0.58,0.59,0.58,0.59,10000.0,0.0
01235.HK,2018-01-22,0.59,0.59,0.59,0.59,0.0,0.0
01235.HK,2018-01-23,0.59,0.59,0.59,0.59,0.0,0.0
01235.HK,2018-01-24,0.6,0.6,0.6,0.6,20000.0,0.0
01235.HK,2018-01-25,0.6,0.6,0.6,0.6,0.0,0.0
01235.HK,2018-01-26,0.59,0.62,0.59,0.62,55000.0,0.0
01235.HK,2018-01-29,0.62,0.62,0.62,0.62,0.0,0.0
01235.HK,2018-01-30,0.59,0.61,0.52,0.61,265000.0,0.0
01235.HK,2018-01-31,0.61,0.61,0.61,0.61,0.0,0.0
01235.HK,2018-02-01,0.62,0.64,0.62,0.62,10000.0,0.0
01235.HK,2018-02-02,0.62,0.62,0.62,0.62,0.0,0.0
01235.HK,2018-02-05,0.6,0.6,0.6,0.6,30000.0,0.0
01235.HK,2018-02-06,0.59,0.59,0.59,0.59,65000.0,0.0
01235.HK,2018-02-07,0.61,0.61,0.6,0.6,10000.0,0.0
01235.HK,2018-02-08,0.6,0.6,0.6,0.6,0.0,0.0
01235.HK,2018-02-09,0.6,0.6,0.6,0.6,0.0,0.0
01235.HK,2018-02-12,0.6,0.6,0.6,0.6,0.0,0.0
01235.HK,2018-02-13,0.6,0.6,0.6,0.6,0.0,0.0
01235.HK,2018-02-14,0.6,0.6,0.6,0.6,0.0,0.0
01235.HK,2018-02-15,0.6,0.6,0.6,0.6,0.0,0.0
01235.HK,2018-02-20,0.6,0.67,0.6,0.65,10000.0,0.0
01235.HK,2018-02-21,0.64,0.64,0.64,0.64,15000.0,0.0
01235.HK,2018-02-22,0.64,0.64,0.64,0.64,0.0,0.0
01235.HK,2018-02-23,0.6,0.65,0.6,0.65,35000.0,0.0
01235.HK,2018-02-26,0.64,0.64,0.64,0.64,0.0,0.0
01235.HK,2018-02-27,0.61,0.71,0.61,0.68,620000.0,0.0
01235.HK,2018-02-28,0.65,0.65,0.65,0.65,50000.0,0.0
01235.HK,2018-03-01,0.65,0.65,0.65,0.65,0.0,0.0
01235.HK,2018-03-02,0.65,0.65,0.65,0.65,0.0,0.0
01235.HK,2018-03-05,0.65,0.65,0.65,0.65,110000.0,0.0
01235.HK,2018-03-06,0.65,0.65,0.65,0.65,0.0,0.0
01235.HK,2018-03-07,0.65,0.65,0.65,0.65,0.0,0.0
01235.HK,2018-03-08,0.65,0.65,0.65,0.65,0.0,0.0
01235.HK,2018-03-09,0.65,0.65,0.65,0.65,0.0,0.0
01235.HK,2018-03-12,0.62,0.63,0.6,0.61,220000.0,0.0
01235.HK,2018-03-13,0.63,0.64,0.62,0.63,135000.0,0.0
01235.HK,2018-03-14,0.63,0.63,0.61,0.61,300000.0,0.0
01235.HK,2018-03-15,0.63,0.65,0.61,0.61,1200000.0,0.0
01235.HK,2018-03-16,0.61,0.61,0.61,0.61,0.0,0.0
01235.HK,2018-03-19,0.61,0.62,0.61,0.61,200000.0,0.0
01235.HK,2018-03-20,0.61,0.61,0.59,0.59,300000.0,0.0
01235.HK,2018-03-21,0.61,0.61,0.61,0.61,80000.0,0.0
01235.HK,2018-03-22,0.61,0.61,0.61,0.61,0.0,0.0
01235.HK,2018-03-23,0.61,0.61,0.61,0.61,0.0,0.0
01235.HK,2018-03-26,0.62,0.62,0.62,0.62,80000.0,0.0
01235.HK,2018-03-27,0.62,0.62,0.62,0.62,100000.0,0.0
01235.HK,2018-03-28,0.62,0.62,0.62,0.62,0.0,0.0
01235.HK,2018-03-29,0.61,0.61,0.61,0.61,0.0,0.0
01235.HK,2018-04-03,0.61,0.61,0.61,0.61,0.0,0.0
01235.HK,2018-04-04,0.61,0.61,0.61,0.61,0.0,0.0
01235.HK,2018-04-06,0.61,0.61,0.61,0.61,0.0,0.0
01235.HK,2018-04-09,0.58,0.58,0.58,0.58,150000.0,0.0
01235.HK,2018-04-10,0.58,0.58,0.58,0.58,0.0,0.0
01235.HK,2018-04-11,0.58,0.58,0.56,0.56,455000.0,0.0
01235.HK,2018-04-12,0.56,0.56,0.56,0.56,100000.0,0.0
01235.HK,2018-04-13,0.56,0.56,0.56,0.56,0.0,0.0
01235.HK,2018-04-16,0.56,0.56,0.56,0.56,100000.0,0.0
01235.HK,2018-04-17,0.56,0.56,0.56,0.56,0.0,0.0
01235.HK,2018-04-18,0.56,0.56,0.56,0.56,0.0,0.0
01235.HK,2018-04-19,0.56,0.56,0.56,0.56,0.0,0.0
01235.HK,2018-04-20,0.56,0.56,0.56,0.56,0.0,0.0
01235.HK,2018-04-23,0.55,0.55,0.55,0.55,300000.0,0.0
01235.HK,2018-04-24,0.55,0.55,0.55,0.55,600000.0,0.0
01235.HK,2018-04-25,0.55,0.55,0.55,0.55,0.0,0.0
01235.HK,2018-04-26,0.55,0.55,0.55,0.55,0.0,0.0
01235.HK,2018-04-27,0.55,0.55,0.55,0.55,0.0,0.0
01235.HK,2018-04-30,0.55,0.55,0.55,0.55,0.0,0.0
01235.HK,2018-05-02,0.56,0.56,0.56,0.56,0.0,0.0
01235.HK,2018-05-03,0.55,0.55,0.55,0.55,5000.0,0.0
01235.HK,2018-05-04,0.55,0.55,0.55,0.55,0.0,0.0
01235.HK,2018-05-07,0.55,0.55,0.55,0.55,0.0,0.0
01235.HK,2018-05-08,0.58,0.58,0.55,0.58,135000.0,0.0
01235.HK,2018-05-09,0.59,0.59,0.59,0.59,35000.0,0.0
01235.HK,2018-05-10,0.59,0.59,0.59,0.59,0.0,0.0
01235.HK,2018-05-11,0.59,0.59,0.59,0.59,0.0,0.0
01235.HK,2018-05-14,0.59,0.59,0.59,0.59,104000.0,0.0
01235.HK,2018-05-15,0.59,0.69,0.59,0.63,665000.0,0.0
01235.HK,2018-05-16,0.65,0.65,0.65,0.65,450000.0,0.0
01235.HK,2018-05-17,0.65,0.65,0.65,0.65,50000.0,0.0
01235.HK,2018-05-18,0.62,0.65,0.62,0.65,110000.0,0.0
01235.HK,2018-05-21,0.65,0.65,0.65,0.65,0.0,0.0
01235.HK,2018-05-23,0.64,0.64,0.64,0.64,10000.0,0.0
01235.HK,2018-05-24,0.65,0.65,0.65,0.65,250000.0,0.0
01235.HK,2018-05-25,0.65,0.65,0.65,0.65,80000.0,0.0
01235.HK,2018-05-28,0.65,0.65,0.65,0.65,0.0,0.0
01235.HK,2018-05-29,0.65,0.65,0.65,0.65,0.0,0.0
01235.HK,2018-05-30,0.62,0.62,0.62,0.62,10000.0,0.0
01235.HK,2018-05-31,0.62,0.62,0.62,0.62,0.0,0.0
01235.HK,2018-06-01,0.62,0.62,0.62,0.62,0.0,0.0
01235.HK,2018-06-04,0.62,0.62,0.62,0.62,0.0,0.0
01235.HK,2018-06-05,0.62,0.62,0.62,0.62,0.0,0.0
01235.HK,2018-06-06,0.62,0.62,0.62,0.62,0.0,0.0
01235.HK,2018-06-07,0.62,0.62,0.62,0.62,0.0,0.0
01235.HK,2018-06-08,0.62,0.62,0.62,0.62,0.0,0.0
01235.HK,2018-06-11,0.62,0.62,0.62,0.62,0.0,0.0
01235.HK,2018-06-12,0.62,0.62,0.62,0.62,0.0,0.0
01235.HK,2018-06-13,0.62,0.62,0.62,0.62,0.0,0.0
01235.HK,2018-06-14,0.62,0.62,0.62,0.62,0.0,0.0
01235.HK,2018-06-15,0.59,0.62,0.59,0.62,105000.0,0.0
01235.HK,2018-06-19,0.62,0.62,0.62,0.62,0.0,0.0
01235.HK,2018-06-20,0.61,0.66,0.55,0.59,140000.0,0.0
01235.HK,2018-06-21,0.59,0.59,0.59,0.59,0.0,0.0
01235.HK,2018-06-22,0.59,0.59,0.59,0.59,0.0,0.0
01235.HK,2018-06-25,0.59,0.59,0.59,0.59,0.0,0.0
01235.HK,2018-06-26,0.59,0.59,0.59,0.59,0.0,0.0
01235.HK,2018-06-27,0.59,0.59,0.59,0.59,0.0,0.0
01235.HK,2018-06-28,0.59,0.59,0.59,0.59,0.0,0.0
01235.HK,2018-06-29,0.58,0.58,0.58,0.58,0.0,0.0
01235.HK,2018-07-03,0.58,0.58,0.58,0.58,0.0,0.0
01235.HK,2018-07-04,0.58,0.58,0.58,0.58,0.0,0.0
01235.HK,2018-07-05,0.58,0.58,0.58,0.58,0.0,0.0
01235.HK,2018-07-06,0.58,0.58,0.58,0.58,0.0,0.0
01235.HK,2018-07-09,0.58,0.58,0.58,0.58,0.0,0.0
01235.HK,2018-07-10,0.58,0.58,0.58,0.58,0.0,0.0
01235.HK,2018-07-11,0.58,0.58,0.58,0.58,0.0,0.0
01235.HK,2018-07-12,0.58,0.58,0.58,0.58,0.0,0.0
01235.HK,2018-07-13,0.58,0.58,0.58,0.58,0.0,0.0
01235.HK,2018-07-16,0.58,0.58,0.58,0.58,0.0,0.0
01235.HK,2018-07-17,0.52,0.59,0.52,0.59,15000.0,0.0
01235.HK,2018-07-18,0.59,0.59,0.59,0.59,0.0,0.0
01235.HK,2018-07-19,0.6,0.6,0.59,0.59,10000.0,0.0
01235.HK,2018-07-20,0.59,0.6,0.59,0.6,120000.0,0.0
01235.HK,2018-07-23,0.61,0.62,0.61,0.62,120000.0,0.0
01235.HK,2018-07-24,0.61,0.65,0.61,0.65,245000.0,0.0
01235.HK,2018-07-25,0.64,0.64,0.6,0.64,265000.0,0.0
01235.HK,2018-07-26,0.63,0.63,0.63,0.63,40000.0,0.0
01235.HK,2018-07-27,0.63,0.63,0.62,0.62,175000.0,0.0
01235.HK,2018-07-30,0.62,0.63,0.6,0.6,980700.0,0.0
01235.HK,2018-07-31,0.61,0.61,0.6,0.6,100000.0,0.0
01235.HK,2018-08-01,0.63,0.63,0.61,0.61,150000.0,0.0
01235.HK,2018-08-02,0.61,0.61,0.59,0.59,20000.0,0.0
01235.HK,2018-08-03,0.6,0.6,0.6,0.6,155000.0,0.0
01235.HK,2018-08-06,0.61,0.61,0.61,0.61,125000.0,0.0
01235.HK,2018-08-07,0.61,0.61,0.61,0.61,95000.0,0.0
01235.HK,2018-08-08,0.61,0.61,0.61,0.61,115000.0,0.0
01235.HK,2018-08-09,0.61,0.61,0.61,0.61,0.0,0.0
01235.HK,2018-08-10,0.61,0.61,0.61,0.61,0.0,0.0
01235.HK,2018-08-13,0.6,0.6,0.6,0.6,0.0,0.0
01235.HK,2018-08-14,0.6,0.6,0.6,0.6,0.0,0.0
01235.HK,2018-08-15,0.6,0.6,0.6,0.6,0.0,0.0
01235.HK,2018-08-16,0.6,0.6,0.6,0.6,0.0,0.0
01235.HK,2018-08-17,0.6,0.6,0.6,0.6,0.0,0.0
01235.HK,2018-08-20,0.6,0.6,0.6,0.6,0.0,0.0
01235.HK,2018-08-21,0.6,0.6,0.6,0.6,0.0,0.0
01235.HK,2018-08-22,0.6,0.6,0.6,0.6,0.0,0.0
01235.HK,2018-08-23,0.58,0.58,0.58,0.58,25000.0,0.0
01235.HK,2018-08-24,0.58,0.58,0.58,0.58,0.0,0.0
01235.HK,2018-08-27,0.57,0.57,0.57,0.57,0.0,0.0
01235.HK,2018-08-28,0.57,0.59,0.57,0.58,160000.0,0.0
01235.HK,2018-08-29,0.59,0.59,0.57,0.57,160000.0,0.0
01235.HK,2018-08-30,0.56,0.56,0.56,0.56,20000.0,0.0
01235.HK,2018-08-31,0.57,0.58,0.57,0.57,250000.0,0.0
01235.HK,2018-09-03,0.56,0.57,0.55,0.56,295000.0,0.0
01235.HK,2018-09-04,0.56,0.58,0.55,0.58,310000.0,0.0
01235.HK,2018-09-05,0.57,0.58,0.54,0.55,255000.0,0.0
01235.HK,2018-09-06,0.55,0.55,0.54,0.55,380000.0,0.0
01235.HK,2018-09-07,0.54,0.54,0.53,0.53,125000.0,0.0
01235.HK,2018-09-10,0.53,0.53,0.53,0.53,190000.0,0.0
01235.HK,2018-09-11,0.53,0.53,0.53,0.53,200000.0,0.0
01235.HK,2018-09-12,0.52,0.52,0.52,0.52,200000.0,0.0
01235.HK,2018-09-13,0.52,0.53,0.52,0.53,280000.0,0.0
01235.HK,2018-09-14,0.53,0.53,0.53,0.53,0.0,0.0
01235.HK,2018-09-17,0.53,0.53,0.53,0.53,0.0,0.0
01235.HK,2018-09-18,0.53,0.53,0.52,0.52,460000.0,0.0
01235.HK,2018-09-19,0.51,0.51,0.51,0.51,330000.0,0.0
01235.HK,2018-09-20,0.53,0.54,0.51,0.51,330000.0,0.0
01235.HK,2018-09-21,0.52,0.52,0.51,0.51,310000.0,0.0
01235.HK,2018-09-24,0.5,0.55,0.48,0.54,865000.0,0.0
01235.HK,2018-09-26,0.53,0.53,0.53,0.53,0.0,0.0
01235.HK,2018-09-27,0.52,0.52,0.52,0.52,0.0,0.0
01235.HK,2018-09-28,0.52,0.52,0.52,0.52,0.0,0.0
01235.HK,2018-10-02,0.52,0.53,0.52,0.52,200000.0,0.0
01235.HK,2018-10-03,0.52,0.52,0.5,0.5,100000.0,0.0
01235.HK,2018-10-04,0.5,0.5,0.495,0.495,130000.0,0.0
01235.HK,2018-10-05,0.49,0.49,0.49,0.49,25000.0,0.0
01235.HK,2018-10-08,0.59,0.59,0.485,0.485,290000.0,0.0
01235.HK,2018-10-09,0.485,0.485,0.485,0.485,0.0,0.0
01235.HK,2018-10-10,0.51,0.51,0.51,0.51,10000.0,0.0
01235.HK,2018-10-11,0.51,0.51,0.51,0.51,0.0,0.0
01235.HK,2018-10-12,0.51,0.51,0.51,0.51,0.0,0.0
01235.HK,2018-10-15,0.51,0.51,0.51,0.51,0.0,0.0
01235.HK,2018-10-16,0.51,0.51,0.51,0.51,0.0,0.0
01235.HK,2018-10-18,0.51,0.51,0.51,0.51,0.0,0.0
01235.HK,2018-10-19,0.5,0.5,0.5,0.5,0.0,0.0
01235.HK,2018-10-22,0.48,0.48,0.48,0.48,50000.0,0.0
01235.HK,2018-10-23,0.47,0.47,0.47,0.47,50000.0,0.0
01235.HK,2018-10-24,0.48,0.48,0.475,0.475,80000.0,0.0
01235.HK,2018-10-25,0.475,0.475,0.475,0.475,0.0,0.0
01235.HK,2018-10-26,0.475,0.475,0.475,0.475,0.0,0.0
01235.HK,2018-10-29,0.46,0.46,0.46,0.46,5000.0,0.0
01235.HK,2018-10-30,0.46,0.46,0.46,0.46,190000.0,0.0
01235.HK,2018-10-31,0.46,0.46,0.46,0.46,0.0,0.0
01235.HK,2018-11-01,0.47,0.47,0.47,0.47,50000.0,0.0
01235.HK,2018-11-02,0.5,0.5,0.5,0.5,0.0,0.0
01235.HK,2018-11-05,0.49,0.49,0.49,0.49,0.0,0.0
01235.HK,2018-11-06,0.485,0.485,0.485,0.485,0.0,0.0
01235.HK,2018-11-07,0.47,0.47,0.47,0.47,10000.0,0.0
01235.HK,2018-11-08,0.47,0.47,0.47,0.47,0.0,0.0
01235.HK,2018-11-09,0.47,0.47,0.47,0.47,0.0,0.0
01235.HK,2018-11-12,0.46,0.46,0.46,0.46,100000.0,0.0
01235.HK,2018-11-13,0.475,0.475,0.475,0.475,10000.0,0.0
01235.HK,2018-11-14,0.475,0.475,0.475,0.475,0.0,0.0
01235.HK,2018-11-15,0.475,0.475,0.475,0.475,0.0,0.0
01235.HK,2018-11-16,0.475,0.475,0.475,0.475,0.0,0.0
01235.HK,2018-11-19,0.475,0.475,0.475,0.475,0.0,0.0
01235.HK,2018-11-20,0.41,0.46,0.395,0.42,350000.0,0.0
01235.HK,2018-11-21,0.43,0.44,0.43,0.44,100000.0,0.0
01235.HK,2018-11-22,0.44,0.44,0.44,0.44,15000.0,0.0
01235.HK,2018-11-23,0.44,0.44,0.44,0.44,0.0,0.0
01235.HK,2018-11-26,0.435,0.435,0.435,0.435,0.0,0.0
01235.HK,2018-11-27,0.435,0.435,0.435,0.435,20000.0,0.0
01235.HK,2018-11-28,0.435,0.435,0.435,0.435,20000.0,0.0
01235.HK,2018-11-29,0.435,0.435,0.435,0.435,0.0,0.0
01235.HK,2018-11-30,0.445,0.445,0.445,0.445,0.0,0.0
01235.HK,2018-12-03,0.445,0.445,0.445,0.445,0.0,0.0
01235.HK,2018-12-04,0.44,0.44,0.435,0.435,130000.0,0.0
01235.HK,2018-12-05,0.435,0.435,0.435,0.435,0.0,0.0
01235.HK,2018-12-06,0.435,0.435,0.435,0.435,0.0,0.0
01235.HK,2018-12-07,0.42,0.42,0.42,0.42,160000.0,0.0
01235.HK,2018-12-10,0.42,0.42,0.42,0.42,0.0,0.0
01235.HK,2018-12-11,0.415,0.415,0.415,0.415,50000.0,0.0
01235.HK,2018-12-12,0.415,0.415,0.415,0.415,0.0,0.0
01235.HK,2018-12-13,0.415,0.415,0.415,0.415,0.0,0.0
01235.HK,2018-12-14,0.415,0.415,0.415,0.415,0.0,0.0
01235.HK,2018-12-17,0.415,0.415,0.415,0.415,0.0,0.0
01235.HK,2018-12-18,0.41,0.41,0.41,0.41,0.0,0.0
01235.HK,2018-12-19,0.41,0.41,0.41,0.41,0.0,0.0
01235.HK,2018-12-20,0.41,0.41,0.41,0.41,0.0,0.0
01235.HK,2018-12-21,0.41,0.41,0.41,0.41,0.0,0.0
01235.HK,2018-12-24,0.41,0.41,0.41,0.41,0.0,0.0
01235.HK,2018-12-27,0.405,0.405,0.405,0.405,0.0,0.0
01235.HK,2018-12-28,0.405,0.405,0.405,0.405,50000.0,0.0
01235.HK,2018-12-31,0.405,0.405,0.405,0.405,0.0,0.0
01235.HK,2019-01-02,0.4,0.4,0.4,0.4,0.0,0.0
01235.HK,2019-01-03,0.4,0.4,0.4,0.4,55000.0,0.0
01235.HK,2019-01-04,0.4,0.4,0.4,0.4,0.0,0.0
01235.HK,2019-01-07,0.4,0.4,0.4,0.4,15000.0,0.0
01235.HK,2019-01-08,0.395,0.395,0.395,0.395,10000.0,0.0
01235.HK,2019-01-09,0.395,0.395,0.395,0.395,0.0,0.0
01235.HK,2019-01-10,0.395,0.395,0.395,0.395,0.0,0.0
01235.HK,2019-01-11,0.385,0.385,0.385,0.385,5000.0,0.0
01235.HK,2019-01-14,0.385,0.385,0.385,0.385,10000.0,0.0
01235.HK,2019-01-15,0.385,0.385,0.385,0.385,0.0,0.0
01235.HK,2019-01-16,0.385,0.385,0.385,0.385,0.0,0.0
01235.HK,2019-01-17,0.385,0.385,0.385,0.385,0.0,0.0
01235.HK,2019-01-18,0.385,0.385,0.385,0.385,0.0,0.0
01235.HK,2019-01-21,0.385,0.385,0.385,0.385,80000.0,0.0
01235.HK,2019-01-22,0.385,0.385,0.385,0.385,0.0,0.0
01235.HK,2019-01-23,0.385,0.385,0.385,0.385,0.0,0.0
01235.HK,2019-01-24,0.385,0.385,0.385,0.385,0.0,0.0
01235.HK,2019-01-25,0.38,0.385,0.38,0.385,100000.0,0.0
01235.HK,2019-01-28,0.385,0.385,0.385,0.385,0.0,0.0
01235.HK,2019-01-29,0.42,0.42,0.42,0.42,5000.0,0.0
01235.HK,2019-01-30,0.42,0.44,0.42,0.44,155000.0,0.0
01235.HK,2019-01-31,0.44,0.44,0.44,0.44,0.0,0.0
01235.HK,2019-02-01,0.43,0.43,0.43,0.43,5000.0,0.0
01235.HK,2019-02-04,0.43,0.43,0.43,0.43,0.0,0.0
01235.HK,2019-02-08,0.43,0.43,0.43,0.43,0.0,0.0
01235.HK,2019-02-11,0.43,0.43,0.43,0.43,0.0,0.0
01235.HK,2019-02-12,0.43,0.43,0.43,0.43,0.0,0.0
01235.HK,2019-02-13,0.43,0.43,0.43,0.43,0.0,0.0
01235.HK,2019-02-14,0.43,0.43,0.43,0.43,0.0,0.0
01235.HK,2019-02-15,0.43,0.43,0.43,0.43,0.0,0.0
01235.HK,2019-02-18,0.43,0.43,0.43,0.43,0.0,0.0
01235.HK,2019-02-19,0.43,0.43,0.43,0.43,0.0,0.0
01235.HK,2019-02-20,0.43,0.43,0.43,0.43,0.0,0.0
01235.HK,2019-02-21,0.43,0.43,0.43,0.43,0.0,0.0
01235.HK,2019-02-22,0.43,0.43,0.43,0.43,0.0,0.0
01235.HK,2019-02-25,0.42,0.42,0.42,0.42,0.0,0.0
01235.HK,2019-02-26,0.42,0.42,0.42,0.42,0.0,0.0
01235.HK,2019-02-27,0.42,0.42,0.42,0.42,0.0,0.0
01235.HK,2019-02-28,0.42,0.42,0.42,0.42,0.0,0.0
01235.HK,2019-03-01,0.42,0.42,0.42,0.42,0.0,0.0
01235.HK,2019-03-04,0.4,0.455,0.4,0.455,680000.0,0.0
01235.HK,2019-03-05,0.45,0.53,0.45,0.455,670000.0,0.0
01235.HK,2019-03-06,0.48,0.48,0.45,0.45,130000.0,0.0
01235.HK,2019-03-07,0.45,0.45,0.45,0.45,0.0,0.0
01235.HK,2019-03-08,0.45,0.45,0.45,0.45,0.0,0.0
01235.HK,2019-03-11,0.45,0.45,0.45,0.45,0.0,0.0
01235.HK,2019-03-12,0.45,0.45,0.45,0.45,0.0,0.0
01235.HK,2019-03-13,0.45,0.45,0.45,0.45,0.0,0.0
01235.HK,2019-03-14,0.42,0.425,0.42,0.425,5000.0,0.0
01235.HK,2019-03-15,0.425,0.425,0.425,0.425,0.0,0.0
01235.HK,2019-03-18,0.425,0.425,0.425,0.425,0.0,0.0
01235.HK,2019-03-19,0.425,0.425,0.425,0.425,0.0,0.0
01235.HK,2019-03-20,0.425,0.425,0.425,0.425,0.0,0.0
01235.HK,2019-03-21,0.425,0.425,0.425,0.425,0.0,0.0
01235.HK,2019-03-22,0.425,0.425,0.425,0.425,0.0,0.0
01235.HK,2019-03-25,0.425,0.425,0.425,0.425,0.0,0.0
01235.HK,2019-03-26,0.425,0.425,0.425,0.425,0.0,0.0
01235.HK,2019-03-27,0.425,0.425,0.425,0.425,0.0,0.0
01235.HK,2019-03-28,0.425,0.425,0.425,0.425,0.0,0.0
01235.HK,2019-03-29,0.425,0.425,0.425,0.425,0.0,0.0
01235.HK,2019-04-01,0.425,0.425,0.425,0.425,0.0,0.0
01235.HK,2019-04-02,0.425,0.425,0.425,0.425,0.0,0.0
01235.HK,2019-04-03,0.425,0.425,0.425,0.425,0.0,0.0
01235.HK,2019-04-04,0.43,0.43,0.43,0.43,0.0,0.0
01235.HK,2019-04-08,0.43,0.43,0.43,0.43,0.0,0.0
01235.HK,2019-04-09,0.43,0.43,0.43,0.43,0.0,0.0
01235.HK,2019-04-10,0.43,0.43,0.43,0.43,0.0,0.0
01235.HK,2019-04-11,0.43,0.43,0.43,0.43,0.0,0.0
01235.HK,2019-04-12,0.43,0.43,0.43,0.43,0.0,0.0
01235.HK,2019-04-15,0.43,0.43,0.43,0.43,0.0,0.0
01235.HK,2019-04-16,0.43,0.43,0.43,0.43,0.0,0.0
01235.HK,2019-04-17,0.43,0.43,0.43,0.43,0.0,0.0
01235.HK,2019-04-18,0.43,0.43,0.43,0.43,0.0,0.0
01235.HK,2019-04-23,0.43,0.43,0.43,0.43,0.0,0.0
01235.HK,2019-04-24,0.43,0.43,0.43,0.43,0.0,0.0
01235.HK,2019-04-25,0.43,0.43,0.43,0.43,0.0,0.0
01235.HK,2019-04-26,0.43,0.43,0.43,0.43,0.0,0.0
01235.HK,2019-04-29,0.43,0.43,0.43,0.43,0.0,0.0
01235.HK,2019-04-30,0.43,0.43,0.43,0.43,0.0,0.0
01235.HK,2019-05-02,0.43,0.43,0.43,0.43,0.0,0.0
01235.HK,2019-05-03,0.43,0.43,0.43,0.43,0.0,0.0
01235.HK,2019-05-06,0.385,0.43,0.385,0.43,75000.0,0.0
01235.HK,2019-05-07,0.39,0.39,0.365,0.38,590000.0,0.0
01235.HK,2019-05-08,0.36,0.37,0.36,0.365,350000.0,0.0
01235.HK,2019-05-09,0.365,0.365,0.365,0.365,0.0,0.0
01235.HK,2019-05-10,0.365,0.365,0.365,0.365,0.0,0.0
01235.HK,2019-05-14,0.365,0.365,0.365,0.365,0.0,0.0
01235.HK,2019-05-15,0.365,0.365,0.365,0.365,50000.0,0.0
01235.HK,2019-05-16,0.365,0.365,0.365,0.365,0.0,0.0
01235.HK,2019-05-17,0.365,0.365,0.365,0.365,0.0,0.0
01235.HK,2019-05-20,0.365,0.365,0.365,0.365,0.0,0.0
01235.HK,2019-05-21,0.365,0.365,0.365,0.365,0.0,0.0
01235.HK,2019-05-22,0.365,0.365,0.365,0.365,0.0,0.0
01235.HK,2019-05-23,0.365,0.365,0.365,0.365,0.0,0.0
01235.HK,2019-05-24,0.37,0.37,0.37,0.37,0.0,0.0
01235.HK,2019-05-27,0.37,0.37,0.37,0.37,0.0,0.0
01235.HK,2019-05-28,0.37,0.37,0.37,0.37,0.0,0.0
01235.HK,2019-05-29,0.37,0.37,0.37,0.37,0.0,0.0
01235.HK,2019-05-30,0.37,0.37,0.37,0.37,0.0,0.0
01235.HK,2019-05-31,0.37,0.37,0.37,0.37,0.0,0.0
01235.HK,2019-06-03,0.37,0.37,0.37,0.37,0.0,0.0
01235.HK,2019-06-04,0.365,0.365,0.365,0.365,0.0,0.0
01235.HK,2019-06-05,0.375,0.375,0.375,0.375,5000.0,0.0
01235.HK,2019-06-06,0.37,0.37,0.37,0.37,50000.0,0.0
01235.HK,2019-06-10,0.37,0.37,0.37,0.37,0.0,0.0
01235.HK,2019-06-11,0.37,0.37,0.37,0.37,0.0,0.0
01235.HK,2019-06-12,0.37,0.37,0.37,0.37,0.0,0.0
01235.HK,2019-06-13,0.35,0.35,0.35,0.35,20000.0,0.0
01235.HK,2019-06-14,0.35,0.35,0.35,0.35,0.0,0.0
01235.HK,2019-06-17,0.375,0.375,0.355,0.355,75000.0,0.0
01235.HK,2019-06-18,0.36,0.36,0.355,0.355,25000.0,0.0
01235.HK,2019-06-19,0.355,0.355,0.355,0.355,20000.0,0.0
01235.HK,2019-06-20,0.355,0.355,0.355,0.355,0.0,0.0
01235.HK,2019-06-21,0.38,0.48,0.38,0.48,235000.0,0.0
01235.HK,2019-06-24,0.46,0.46,0.46,0.46,0.0,0.0
01235.HK,2019-06-25,0.46,0.46,0.46,0.46,0.0,0.0
01235.HK,2019-06-26,0.37,0.395,0.37,0.395,255000.0,0.0
01235.HK,2019-06-27,0.395,0.395,0.395,0.395,0.0,0.0
01235.HK,2019-06-28,0.38,0.38,0.35,0.37,60000.0,0.0
01235.HK,2019-07-02,0.37,0.375,0.36,0.37,165000.0,0.0
01235.HK,2019-07-03,0.36,0.36,0.36,0.36,5000.0,0.0
01235.HK,2019-07-04,0.36,0.36,0.36,0.36,0.0,0.0
01235.HK,2019-07-05,0.36,0.36,0.36,0.36,0.0,0.0
01235.HK,2019-07-08,0.36,0.36,0.36,0.36,0.0,0.0
01235.HK,2019-07-09,0.36,0.36,0.36,0.36,0.0,0.0
01235.HK,2019-07-10,0.36,0.36,0.36,0.36,0.0,0.0
01235.HK,2019-07-11,0.35,0.35,0.35,0.35,95000.0,0.0
01235.HK,2019-07-12,0.35,0.35,0.35,0.35,0.0,0.0
01235.HK,2019-07-15,0.35,0.35,0.35,0.35,0.0,0.0
01235.HK,2019-07-16,0.34,0.345,0.33,0.345,395000.0,0.0
01235.HK,2019-07-17,0.345,0.345,0.345,0.345,25000.0,0.0
01235.HK,2019-07-18,0.345,0.345,0.345,0.345,135000.0,0.0
01235.HK,2019-07-19,0.345,0.345,0.345,0.345,0.0,0.0
01235.HK,2019-07-22,0.32,0.355,0.32,0.355,30000.0,0.0
01235.HK,2019-07-23,0.355,0.355,0.355,0.355,0.0,0.0
01235.HK,2019-07-24,0.355,0.355,0.355,0.355,0.0,0.0
01235.HK,2019-07-25,0.355,0.355,0.355,0.355,0.0,0.0
01235.HK,2019-07-26,0.355,0.355,0.355,0.355,0.0,0.0
01235.HK,2019-07-29,0.355,0.355,0.355,0.355,0.0,0.0
01235.HK,2019-07-30,0.355,0.355,0.355,0.355,0.0,0.0
01235.HK,2019-07-31,0.355,0.355,0.355,0.355,0.0,0.0
01235.HK,2019-08-01,0.355,0.355,0.355,0.355,0.0,0.0
01235.HK,2019-08-02,0.355,0.355,0.355,0.355,0.0,0.0
01235.HK,2019-08-05,0.355,0.355,0.355,0.355,0.0,0.0
01235.HK,2019-08-06,0.355,0.355,0.355,0.355,0.0,0.0
01235.HK,2019-08-07,0.355,0.355,0.355,0.355,0.0,0.0
01235.HK,2019-08-08,0.355,0.355,0.355,0.355,0.0,0.0
01235.HK,2019-08-09,0.355,0.355,0.355,0.355,0.0,0.0
01235.HK,2019-08-12,0.345,0.345,0.345,0.345,0.0,0.0
01235.HK,2019-08-13,0.345,0.345,0.345,0.345,0.0,0.0
01235.HK,2019-08-14,0.34,0.34,0.34,0.34,100000.0,0.0
01235.HK,2019-08-15,0.34,0.34,0.34,0.34,0.0,0.0
01235.HK,2019-08-16,0.31,0.31,0.31,0.31,100000.0,0.0
01235.HK,2019-08-19,0.31,0.31,0.31,0.31,140000.0,0.0
01235.HK,2019-08-20,0.305,0.305,0.305,0.305,80000.0,0.0
01235.HK,2019-08-21,0.305,0.305,0.305,0.305,0.0,0.0
01235.HK,2019-08-22,0.3,0.3,0.3,0.3,65000.0,0.0
01235.HK,2019-08-23,0.3,0.3,0.3,0.3,35000.0,0.0
01235.HK,2019-08-26,0.3,0.3,0.3,0.3,0.0,0.0
01235.HK,2019-08-27,0.3,0.3,0.3,0.3,0.0,0.0
01235.HK,2019-08-28,0.3,0.3,0.28,0.28,70000.0,0.0
01235.HK,2019-08-29,0.255,0.255,0.25,0.255,100000.0,0.0
01235.HK,2019-08-30,0.26,0.265,0.26,0.265,100000.0,0.0
01235.HK,2019-09-02,0.27,0.27,0.27,0.27,0.0,0.0
01235.HK,2019-09-03,0.27,0.27,0.27,0.27,200000.0,0.0
01235.HK,2019-09-04,0.27,0.27,0.27,0.27,0.0,0.0
01235.HK,2019-09-05,0.27,0.27,0.27,0.27,0.0,0.0
01235.HK,2019-09-06,0.27,0.27,0.27,0.27,0.0,0.0
01235.HK,2019-09-09,0.27,0.27,0.27,0.27,0.0,0.0
01235.HK,2019-09-10,0.27,0.27,0.27,0.27,0.0,0.0
01235.HK,2019-09-11,0.27,0.27,0.27,0.27,0.0,0.0
01235.HK,2019-09-12,0.27,0.27,0.27,0.27,0.0,0.0
01235.HK,2019-09-13,0.26,0.275,0.25,0.275,410000.0,0.0
01235.HK,2019-09-16,0.275,0.275,0.275,0.275,0.0,0.0
01235.HK,2019-09-17,0.275,0.275,0.275,0.275,0.0,0.0
01235.HK,2019-09-18,0.275,0.275,0.275,0.275,0.0,0.0
01235.HK,2019-09-19,0.275,0.275,0.275,0.275,0.0,0.0
01235.HK,2019-09-20,0.275,0.275,0.275,0.275,0.0,0.0
01235.HK,2019-09-23,0.275,0.275,0.275,0.275,0.0,0.0
01235.HK,2019-09-24,0.275,0.275,0.275,0.275,0.0,0.0
01235.HK,2019-09-25,0.275,0.275,0.275,0.275,0.0,0.0
01235.HK,2019-09-26,0.27,0.27,0.27,0.27,10000.0,0.0
01235.HK,2019-09-27,0.27,0.27,0.27,0.27,0.0,0.0
01235.HK,2019-09-30,0.265,0.265,0.265,0.265,60000.0,0.0
01235.HK,2019-10-02,0.265,0.265,0.265,0.265,0.0,0.0
01235.HK,2019-10-03,0.265,0.265,0.265,0.265,0.0,0.0
01235.HK,2019-10-04,0.265,0.265,0.265,0.265,0.0,0.0
01235.HK,2019-10-08,0.265,0.265,0.265,0.265,0.0,0.0
01235.HK,2019-10-09,0.26,0.26,0.26,0.26,70000.0,0.0
01235.HK,2019-10-10,0.26,0.26,0.26,0.26,0.0,0.0
01235.HK,2019-10-11,0.26,0.26,0.26,0.26,0.0,0.0
01235.HK,2019-10-14,0.265,0.265,0.265,0.265,0.0,0.0
01235.HK,2019-10-15,0.26,0.26,0.25,0.25,50000.0,0.0
01235.HK,2019-10-16,0.26,0.26,0.26,0.26,50000.0,0.0
01235.HK,2019-10-17,0.26,0.26,0.26,0.26,0.0,0.0
01235.HK,2019-10-18,0.26,0.26,0.26,0.26,0.0,0.0
01235.HK,2019-10-21,0.26,0.26,0.26,0.26,0.0,0.0
01235.HK,2019-10-22,0.26,0.26,0.26,0.26,0.0,0.0
01235.HK,2019-10-23,0.26,0.26,0.26,0.26,0.0,0.0
01235.HK,2019-10-24,0.26,0.26,0.26,0.26,0.0,0.0
01235.HK,2019-10-25,0.26,0.26,0.26,0.26,0.0,0.0
01235.HK,2019-10-28,0.26,0.26,0.26,0.26,0.0,0.0
01235.HK,2019-10-29,0.26,0.26,0.26,0.26,0.0,0.0
01235.HK,2019-10-30,0.26,0.26,0.26,0.26,0.0,0.0
01235.HK,2019-10-31,0.26,0.26,0.26,0.26,0.0,0.0
01235.HK,2019-11-01,0.26,0.26,0.26,0.26,0.0,0.0
01235.HK,2019-11-04,0.26,0.26,0.26,0.26,0.0,0.0
01235.HK,2019-11-05,0.26,0.26,0.26,0.26,80000.0,0.0
01235.HK,2019-11-06,0.25,0.25,0.246,0.25,140000.0,0.0
01235.HK,2019-11-07,0.255,0.255,0.25,0.255,25000.0,0.0
01235.HK,2019-11-08,0.248,0.255,0.248,0.255,25000.0,0.0
01235.HK,2019-11-11,0.255,0.255,0.255,0.255,0.0,0.0
01235.HK,2019-11-12,0.255,0.255,0.255,0.255,0.0,0.0
01235.HK,2019-11-13,0.255,0.255,0.255,0.255,0.0,0.0
01235.HK,2019-11-14,0.248,0.255,0.248,0.255,15000.0,0.0
01235.HK,2019-11-15,0.255,0.255,0.255,0.255,0.0,0.0
01235.HK,2019-11-18,0.255,0.255,0.255,0.255,0.0,0.0
01235.HK,2019-11-19,0.255,0.255,0.255,0.255,0.0,0.0
01235.HK,2019-11-20,0.255,0.255,0.255,0.255,0.0,0.0
01235.HK,2019-11-21,0.255,0.255,0.255,0.255,0.0,0.0
01235.HK,2019-11-22,0.255,0.255,0.255,0.255,0.0,0.0
01235.HK,2019-11-25,0.255,0.255,0.255,0.255,0.0,0.0
01235.HK,2019-11-26,0.255,0.255,0.25,0.25,40000.0,0.0
01235.HK,2019-11-27,0.26,0.26,0.26,0.26,0.0,0.0
01235.HK,2019-11-28,0.26,0.26,0.26,0.26,0.0,0.0
01235.HK,2019-11-29,0.26,0.26,0.26,0.26,0.0,0.0
01235.HK,2019-12-02,0.26,0.26,0.26,0.26,0.0,0.0
01235.HK,2019-12-03,0.26,0.26,0.26,0.26,0.0,0.0
01235.HK,2019-12-04,0.26,0.26,0.26,0.26,0.0,0.0
01235.HK,2019-12-05,0.26,0.26,0.26,0.26,0.0,0.0
01235.HK,2019-12-06,0.27,0.27,0.27,0.27,0.0,0.0
01235.HK,2019-12-09,0.236,0.236,0.236,0.236,5000.0,0.0
01235.HK,2019-12-10,0.236,0.236,0.236,0.236,0.0,0.0
01235.HK,2019-12-11,0.236,0.236,0.236,0.236,0.0,0.0
01235.HK,2019-12-12,0.24,0.24,0.24,0.24,0.0,0.0
01235.HK,2019-12-13,0.25,0.25,0.25,0.25,5000.0,0.0
01235.HK,2019-12-16,0.25,0.25,0.25,0.25,0.0,0.0
01235.HK,2019-12-17,0.25,0.25,0.25,0.25,0.0,0.0
01235.HK,2019-12-18,0.25,0.35,0.25,0.28,145000.0,0.0
01235.HK,2019-12-19,0.26,0.335,0.249,0.3,1905000.0,0.0
01235.HK,2019-12-20,0.3,0.3,0.3,0.3,0.0,0.0
01235.HK,2019-12-23,0.3,0.3,0.3,0.3,0.0,0.0
01235.HK,2019-12-24,0.3,0.3,0.3,0.3,0.0,0.0
01235.HK,2019-12-27,0.295,0.3,0.295,0.3,50000.0,0.0
01235.HK,2019-12-30,0.3,0.3,0.3,0.3,0.0,0.0
01235.HK,2019-12-31,0.3,0.3,0.3,0.3,0.0,0.0
01235.HK,2020-01-02,0.3,0.3,0.3,0.3,0.0,0.0
01235.HK,2020-01-03,0.275,0.275,0.275,0.275,10000.0,0.0
01235.HK,2020-01-06,0.255,0.255,0.255,0.255,295000.0,0.0
01235.HK,2020-01-07,0.25,0.25,0.245,0.245,175000.0,0.0
01235.HK,2020-01-08,0.25,0.25,0.236,0.25,450000.0,0.0
01235.HK,2020-01-09,0.25,0.25,0.24,0.24,220000.0,0.0
01235.HK,2020-01-10,0.232,0.24,0.232,0.24,205000.0,0.0
01235.HK,2020-01-13,0.24,0.24,0.24,0.24,0.0,0.0
01235.HK,2020-01-14,0.24,0.24,0.24,0.24,0.0,0.0
01235.HK,2020-01-15,0.231,0.231,0.23,0.23,70000.0,0.0
01235.HK,2020-01-16,0.23,0.23,0.23,0.23,0.0,0.0
01235.HK,2020-01-17,0.24,0.24,0.24,0.24,0.0,0.0
01235.HK,2020-01-20,0.24,0.24,0.24,0.24,0.0,0.0
01235.HK,2020-01-21,0.24,0.24,0.24,0.24,0.0,0.0
01235.HK,2020-01-22,0.24,0.24,0.24,0.24,0.0,0.0
01235.HK,2020-01-23,0.24,0.24,0.24,0.24,0.0,0.0
01235.HK,2020-01-24,0.24,0.24,0.24,0.24,0.0,0.0
01235.HK,2020-01-29,0.22,0.465,0.22,0.435,105000.0,0.0
01235.HK,2020-01-30,0.345,0.345,0.255,0.265,760000.0,0.0
01235.HK,2020-01-31,0.265,0.265,0.265,0.265,0.0,0.0
01235.HK,2020-02-03,0.265,0.265,0.265,0.265,0.0,0.0
01235.HK,2020-02-04,0.265,0.265,0.265,0.265,0.0,0.0
01235.HK,2020-02-05,0.265,0.265,0.265,0.265,0.0,0.0
01235.HK,2020-02-06,0.265,0.265,0.265,0.265,0.0,0.0
01235.HK,2020-02-07,0.265,0.265,0.265,0.265,0.0,0.0
01235.HK,2020-02-10,0.265,0.265,0.265,0.265,0.0,0.0
01235.HK,2020-02-11,0.25,0.25,0.25,0.25,35000.0,0.0
01235.HK,2020-02-12,0.25,0.25,0.25,0.25,0.0,0.0
01235.HK,2020-02-13,0.234,0.234,0.234,0.234,40000.0,0.0
01235.HK,2020-02-14,0.234,0.234,0.234,0.234,0.0,0.0
01235.HK,2020-02-17,0.236,0.27,0.234,0.27,160000.0,0.0
01235.HK,2020-02-18,0.255,0.32,0.246,0.27,570000.0,0.0
01235.HK,2020-02-19,0.27,0.27,0.27,0.27,0.0,0.0
01235.HK,2020-02-20,0.27,0.27,0.27,0.27,0.0,0.0
01235.HK,2020-02-21,0.275,0.28,0.275,0.275,325000.0,0.0
01235.HK,2020-02-24,0.275,0.275,0.275,0.275,0.0,0.0
01235.HK,2020-02-25,0.221,0.245,0.22,0.245,80000.0,0.0
01235.HK,2020-02-26,0.245,0.26,0.225,0.24,1020000.0,0.0
01235.HK,2020-02-27,0.24,0.24,0.24,0.24,0.0,0.0
01235.HK,2020-02-28,0.24,0.24,0.24,0.24,0.0,0.0
01235.HK,2020-03-02,0.23,0.24,0.23,0.24,260000.0,0.0
01235.HK,2020-03-03,0.24,0.24,0.24,0.24,0.0,0.0
01235.HK,2020-03-04,0.24,0.24,0.24,0.24,0.0,0.0
01235.HK,2020-03-05,0.24,0.24,0.24,0.24,0.0,0.0
01235.HK,2020-03-06,0.24,0.24,0.24,0.24,0.0,0.0
01235.HK,2020-03-09,0.24,0.24,0.24,0.24,0.0,0.0
01235.HK,2020-03-10,0.24,0.24,0.24,0.24,0.0,0.0
01235.HK,2020-03-11,0.24,0.24,0.24,0.24,0.0,0.0
01235.HK,2020-03-12,0.24,0.24,0.24,0.24,0.0,0.0
01235.HK,2020-03-13,0.222,0.222,0.215,0.22,220000.0,0.0
01235.HK,2020-03-16,0.215,0.215,0.2,0.2,185000.0,0.0
01235.HK,2020-03-17,0.195,0.196,0.195,0.196,25000.0,0.0
01235.HK,2020-03-18,0.196,0.196,0.196,0.196,0.0,0.0
01235.HK,2020-03-19,0.18,0.18,0.165,0.17,85000.0,0.0
01235.HK,2020-03-20,0.188,0.188,0.188,0.188,5000.0,0.0
01235.HK,2020-03-23,0.189,0.21,0.189,0.189,150000.0,0.0
01235.HK,2020-03-24,0.17,0.18,0.17,0.18,495000.0,0.0
01235.HK,2020-03-25,0.18,0.18,0.18,0.18,0.0,0.0
01235.HK,2020-03-26,0.209,0.209,0.208,0.208,10000.0,0.0
01235.HK,2020-03-27,0.166,0.181,0.166,0.181,15000.0,0.0
01235.HK,2020-03-30,0.181,0.181,0.181,0.181,0.0,0.0
01235.HK,2020-03-31,0.181,0.181,0.181,0.181,0.0,0.0
01235.HK,2020-04-01,0.181,0.181,0.181,0.181,0.0,0.0
01235.HK,2020-04-02,0.181,0.181,0.181,0.181,0.0,0.0
01235.HK,2020-04-03,0.165,0.18,0.16,0.18,100000.0,0.0
01235.HK,2020-04-06,0.18,0.18,0.18,0.18,0.0,0.0
01235.HK,2020-04-07,0.18,0.18,0.18,0.18,0.0,0.0
01235.HK,2020-04-08,0.16,0.18,0.16,0.18,50000.0,0.0
01235.HK,2020-04-09,0.171,0.19,0.17,0.19,60000.0,0.0
01235.HK,2020-04-14,0.19,0.19,0.19,0.19,0.0,0.0
01235.HK,2020-04-15,0.19,0.19,0.19,0.19,0.0,0.0
01235.HK,2020-04-16,0.19,0.19,0.19,0.19,0.0,0.0
01235.HK,2020-04-17,0.204,0.222,0.195,0.195,475000.0,0.0
01235.HK,2020-04-20,0.195,0.195,0.195,0.195,0.0,0.0
01235.HK,2020-04-21,0.185,0.185,0.185,0.185,100000.0,0.0
01235.HK,2020-04-22,0.191,0.191,0.191,0.191,0.0,0.0
01235.HK,2020-04-23,0.184,0.184,0.183,0.184,300000.0,0.0
01235.HK,2020-04-24,0.184,0.184,0.184,0.184,0.0,0.0
01235.HK,2020-04-27,0.183,0.183,0.182,0.182,115000.0,0.0
01235.HK,2020-04-28,0.182,0.182,0.182,0.182,0.0,0.0
01235.HK,2020-04-29,0.182,0.182,0.182,0.182,30000.0,0.0
01235.HK,2020-05-04,0.182,0.182,0.182,0.182,0.0,0.0
01235.HK,2020-05-05,0.182,0.182,0.182,0.182,0.0,0.0
01235.HK,2020-05-06,0.182,0.182,0.182,0.182,0.0,0.0
01235.HK,2020-05-07,0.182,0.182,0.182,0.182,0.0,0.0
01235.HK,2020-05-08,0.182,0.182,0.182,0.182,0.0,0.0
01235.HK,2020-05-11,0.182,0.182,0.182,0.182,0.0,0.0
01235.HK,2020-05-12,0.182,0.182,0.182,0.182,0.0,0.0
01235.HK,2020-05-13,0.182,0.182,0.182,0.182,0.0,0.0
01235.HK,2020-05-14,0.182,0.182,0.182,0.182,0.0,0.0
01235.HK,2020-05-15,0.182,0.182,0.182,0.182,0.0,0.0
01235.HK,2020-05-18,0.182,0.182,0.182,0.182,0.0,0.0
01235.HK,2020-05-19,0.175,0.188,0.175,0.188,20000.0,0.0
01235.HK,2020-05-20,0.188,0.188,0.188,0.188,0.0,0.0
01235.HK,2020-05-21,0.188,0.188,0.188,0.188,0.0,0.0
01235.HK,2020-05-22,0.188,0.188,0.188,0.188,0.0,0.0
01235.HK,2020-05-25,0.172,0.18,0.17,0.18,155000.0,0.0
01235.HK,2020-05-26,0.171,0.185,0.171,0.185,40000.0,0.0
01235.HK,2020-05-27,0.185,0.185,0.185,0.185,0.0,0.0
01235.HK,2020-05-28,0.185,0.185,0.185,0.185,0.0,0.0
01235.HK,2020-05-29,0.185,0.185,0.185,0.185,0.0,0.0
01235.HK,2020-06-01,0.18,0.18,0.18,0.18,100000.0,0.0
01235.HK,2020-06-02,0.18,0.18,0.18,0.18,0.0,0.0
01235.HK,2020-06-03,0.18,0.18,0.18,0.18,0.0,0.0
01235.HK,2020-06-04,0.18,0.18,0.18,0.18,0.0,0.0
01235.HK,2020-06-05,0.18,0.18,0.18,0.18,0.0,0.0
01235.HK,2020-06-08,0.18,0.18,0.18,0.18,0.0,0.0
01235.HK,2020-06-09,0.19,0.19,0.18,0.189,120000.0,0.0
01235.HK,2020-06-10,0.175,0.18,0.175,0.18,50000.0,0.0
01235.HK,2020-06-11,0.183,0.183,0.183,0.183,0.0,0.0
01235.HK,2020-06-12,0.183,0.183,0.183,0.183,0.0,0.0
01235.HK,2020-06-15,0.18,0.18,0.176,0.176,90000.0,0.0
01235.HK,2020-06-16,0.176,0.176,0.176,0.176,0.0,0.0
01235.HK,2020-06-17,0.174,0.184,0.17,0.184,215000.0,0.0
01235.HK,2020-06-18,0.184,0.184,0.184,0.184,0.0,0.0
01235.HK,2020-06-19,0.181,0.181,0.181,0.181,0.0,0.0
01235.HK,2020-06-22,0.181,0.181,0.181,0.181,0.0,0.0
01235.HK,2020-06-23,0.181,0.181,0.181,0.181,0.0,0.0
01235.HK,2020-06-24,0.176,0.176,0.176,0.176,0.0,0.0
01235.HK,2020-06-26,0.176,0.176,0.176,0.176,0.0,0.0
01235.HK,2020-06-29,0.176,0.176,0.176,0.176,0.0,0.0
01235.HK,2020-06-30,0.172,0.172,0.172,0.172,0.0,0.0
01235.HK,2020-07-02,0.172,0.172,0.172,0.172,0.0,0.0
01235.HK,2020-07-03,0.172,0.172,0.172,0.172,0.0,0.0
01235.HK,2020-07-06,0.172,0.172,0.172,0.172,305000.0,0.0
01235.HK,2020-07-07,0.172,0.172,0.172,0.172,0.0,0.0
01235.HK,2020-07-08,0.172,0.172,0.172,0.172,0.0,0.0
01235.HK,2020-07-09,0.172,0.172,0.172,0.172,0.0,0.0
01235.HK,2020-07-10,0.172,0.172,0.172,0.172,0.0,0.0
01235.HK,2020-07-13,0.172,0.172,0.172,0.172,0.0,0.0
01235.HK,2020-07-14,0.17,0.17,0.17,0.17,0.0,0.0
01235.HK,2020-07-15,0.17,0.17,0.17,0.17,0.0,0.0
01235.HK,2020-07-16,0.17,0.17,0.17,0.17,0.0,0.0
01235.HK,2020-07-17,0.17,0.17,0.17,0.17,0.0,0.0
01235.HK,2020-07-20,0.17,0.17,0.17,0.17,0.0,0.0
01235.HK,2020-07-21,0.17,0.17,0.17,0.17,0.0,0.0
01235.HK,2020-07-22,0.17,0.17,0.17,0.17,0.0,0.0
01235.HK,2020-07-23,0.17,0.17,0.17,0.17,0.0,0.0
01235.HK,2020-07-24,0.168,0.168,0.162,0.162,710000.0,0.0
01235.HK,2020-07-27,0.167,0.167,0.165,0.165,200000.0,0.0
01235.HK,2020-07-28,0.165,0.165,0.165,0.165,5000.0,0.0
01235.HK,2020-07-29,0.165,0.165,0.165,0.165,0.0,0.0
01235.HK,2020-07-30,0.165,0.165,0.165,0.165,0.0,0.0
01235.HK,2020-07-31,0.158,0.159,0.157,0.159,30000.0,0.0
01235.HK,2020-08-03,0.159,0.159,0.159,0.159,0.0,0.0
01235.HK,2020-08-04,0.159,0.159,0.159,0.159,0.0,0.0
01235.HK,2020-08-05,0.155,0.155,0.155,0.155,80000.0,0.0
01235.HK,2020-08-06,0.155,0.155,0.155,0.155,0.0,0.0
01235.HK,2020-08-07,0.155,0.155,0.155,0.155,0.0,0.0
01235.HK,2020-08-10,0.155,0.155,0.155,0.155,0.0,0.0
01235.HK,2020-08-11,0.155,0.155,0.155,0.155,0.0,0.0
01235.HK,2020-08-12,0.153,0.153,0.153,0.153,5000.0,0.0
01235.HK,2020-08-13,0.175,0.3,0.175,0.227,1415000.0,0.0
01235.HK,2020-08-14,0.195,0.195,0.171,0.182,310000.0,0.0
01235.HK,2020-08-17,0.175,0.201,0.175,0.197,700000.0,0.0
01235.HK,2020-08-18,0.197,0.197,0.197,0.197,0.0,0.0
01235.HK,2020-08-19,0.197,0.197,0.197,0.197,0.0,0.0
01235.HK,2020-08-20,0.18,0.18,0.178,0.178,180000.0,0.0
01235.HK,2020-08-21,0.178,0.178,0.176,0.176,35000.0,0.0
01235.HK,2020-08-24,0.172,0.21,0.172,0.21,25000.0,0.0
01235.HK,2020-08-25,0.2,0.2,0.18,0.186,155000.0,0.0
01235.HK,2020-08-26,0.21,0.21,0.209,0.209,60000.0,0.0
01235.HK,2020-08-27,0.207,0.207,0.207,0.207,0.0,0.0
01235.HK,2020-08-28,0.206,0.206,0.206,0.206,0.0,0.0
01235.HK,2020-08-31,0.207,0.207,0.189,0.195,125000.0,0.0
01235.HK,2020-09-01,0.195,0.195,0.195,0.195,0.0,0.0
01235.HK,2020-09-02,0.195,0.195,0.195,0.195,0.0,0.0
01235.HK,2020-09-03,0.195,0.195,0.195,0.195,0.0,0.0
01235.HK,2020-09-04,0.195,0.195,0.195,0.195,0.0,0.0
01235.HK,2020-09-07,0.195,0.195,0.195,0.195,0.0,0.0
01235.HK,2020-09-08,0.195,0.195,0.195,0.195,0.0,0.0
01235.HK,2020-09-09,0.2,0.26,0.2,0.255,3050000.0,0.0
01235.HK,2020-09-10,0.255,0.255,0.213,0.223,1255000.0,0.0
01235.HK,2020-09-11,0.22,0.22,0.21,0.21,320000.0,0.0
01235.HK,2020-09-14,0.19,0.19,0.19,0.19,45000.0,0.0
01235.HK,2020-09-15,0.19,0.19,0.19,0.19,30000.0,0.0
01235.HK,2020-09-16,0.205,0.208,0.205,0.208,315000.0,0.0
01235.HK,2020-09-17,0.208,0.208,0.208,0.208,30000.0,0.0
01235.HK,2020-09-18,0.206,0.206,0.205,0.205,95000.0,0.0
01235.HK,2020-09-21,0.2,0.2,0.2,0.2,0.0,0.0
01235.HK,2020-09-22,0.2,0.2,0.2,0.2,0.0,0.0
01235.HK,2020-09-23,0.2,0.2,0.2,0.2,0.0,0.0
01235.HK,2020-09-24,0.181,0.182,0.18,0.182,820000.0,0.0
01235.HK,2020-09-25,0.182,0.182,0.182,0.182,0.0,0.0
01235.HK,2020-09-28,0.184,0.184,0.184,0.184,0.0,0.0
01235.HK,2020-09-29,0.182,0.182,0.18,0.18,240000.0,0.0
01235.HK,2020-09-30,0.17,0.188,0.161,0.18,1260000.0,0.0
01235.HK,2020-10-05,0.18,0.18,0.18,0.18,0.0,0.0
01235.HK,2020-10-06,0.18,0.2,0.18,0.19,1240000.0,0.0
01235.HK,2020-10-07,0.19,0.19,0.19,0.19,0.0,0.0
01235.HK,2020-10-08,0.19,0.19,0.19,0.19,0.0,0.0
01235.HK,2020-10-09,0.19,0.19,0.19,0.19,0.0,0.0
01235.HK,2020-10-12,0.19,0.19,0.19,0.19,0.0,0.0
01235.HK,2020-10-14,0.189,0.189,0.189,0.189,0.0,0.0
01235.HK,2020-10-15,0.189,0.207,0.185,0.185,305000.0,0.0
01235.HK,2020-10-16,0.208,0.208,0.207,0.207,50000.0,0.0
01235.HK,2020-10-19,0.21,0.21,0.209,0.209,150000.0,0.0
01235.HK,2020-10-20,0.209,0.214,0.209,0.214,430000.0,0.0
01235.HK,2020-10-21,0.21,0.21,0.21,0.21,0.0,0.0
01235.HK,2020-10-22,0.21,0.21,0.21,0.21,0.0,0.0
01235.HK,2020-10-23,0.185,0.199,0.185,0.195,550000.0,0.0
01235.HK,2020-10-27,0.18,0.181,0.18,0.181,315000.0,0.0
01235.HK,2020-10-28,0.181,0.182,0.181,0.182,10000.0,0.0
01235.HK,2020-10-29,0.182,0.182,0.176,0.176,270000.0,0.0
01235.HK,2020-10-30,0.175,0.176,0.175,0.175,885000.0,0.0
01235.HK,2020-11-02,0.177,0.177,0.177,0.177,0.0,0.0
01235.HK,2020-11-03,0.18,0.18,0.18,0.18,0.0,0.0
01235.HK,2020-11-04,0.179,0.18,0.179,0.18,50000.0,0.0
01235.HK,2020-11-05,0.18,0.18,0.18,0.18,0.0,0.0
01235.HK,2020-11-06,0.18,0.18,0.18,0.18,0.0,0.0
01235.HK,2020-11-09,0.18,0.18,0.18,0.18,0.0,0.0
01235.HK,2020-11-10,0.182,0.235,0.182,0.19,1840000.0,0.0
01235.HK,2020-11-11,0.19,0.19,0.19,0.19,0.0,0.0
01235.HK,2020-11-12,0.174,0.177,0.174,0.177,20000.0,0.0
01235.HK,2020-11-13,0.2,0.2,0.19,0.19,105000.0,0.0
01235.HK,2020-11-16,0.198,0.198,0.195,0.195,305000.0,0.0
01235.HK,2020-11-17,0.18,0.18,0.18,0.18,15000.0,0.0
01235.HK,2020-11-18,0.194,0.2,0.194,0.199,75000.0,0.0
01235.HK,2020-11-19,0.199,0.199,0.197,0.197,5000.0,0.0
01235.HK,2020-11-20,0.199,0.199,0.197,0.198,355000.0,0.0
01235.HK,2020-11-23,0.197,0.197,0.196,0.196,35000.0,0.0
01235.HK,2020-11-24,0.196,0.196,0.196,0.196,0.0,0.0
01235.HK,2020-11-25,0.183,0.183,0.183,0.183,20000.0,0.0
01235.HK,2020-11-26,0.183,0.183,0.183,0.183,0.0,0.0
01235.HK,2020-11-27,0.18,0.18,0.18,0.18,40000.0,0.0
01235.HK,2020-11-30,0.18,0.18,0.18,0.18,0.0,0.0
01235.HK,2020-12-01,0.185,0.185,0.185,0.185,0.0,0.0
01235.HK,2020-12-02,0.179,0.192,0.178,0.192,505000.0,0.0
01235.HK,2020-12-03,0.192,0.192,0.192,0.192,0.0,0.0
01235.HK,2020-12-04,0.192,0.192,0.192,0.192,0.0,0.0
01235.HK,2020-12-07,0.192,0.192,0.192,0.192,0.0,0.0
01235.HK,2020-12-08,0.192,0.192,0.192,0.192,0.0,0.0
01235.HK,2020-12-09,0.192,0.192,0.192,0.192,0.0,0.0
01235.HK,2020-12-10,0.192,0.192,0.192,0.192,0.0,0.0
01235.HK,2020-12-11,0.176,0.178,0.176,0.178,15000.0,0.0
01235.HK,2020-12-14,0.178,0.198,0.178,0.198,40000.0,0.0
01235.HK,2020-12-15,0.196,0.196,0.196,0.196,0.0,0.0
01235.HK,2020-12-16,0.196,0.196,0.196,0.196,0.0,0.0
01235.HK,2020-12-17,0.175,0.18,0.175,0.175,620000.0,0.0
01235.HK,2020-12-18,0.175,0.175,0.175,0.175,0.0,0.0
01235.HK,2020-12-21,0.175,0.175,0.175,0.175,0.0,0.0
01235.HK,2020-12-22,0.175,0.175,0.175,0.175,0.0,0.0
01235.HK,2020-12-23,0.175,0.175,0.17,0.17,30000.0,0.0
01235.HK,2020-12-24,0.19,0.19,0.19,0.19,35000.0,0.0
01235.HK,2020-12-28,0.187,0.187,0.187,0.187,0.0,0.0
01235.HK,2020-12-29,0.187,0.187,0.187,0.187,0.0,0.0
01235.HK,2020-12-30,0.175,0.178,0.175,0.178,1050000.0,0.0
01235.HK,2020-12-31,0.174,0.178,0.174,0.177,55000.0,0.0
01235.HK,2021-01-04,0.173,0.174,0.173,0.174,65000.0,0.0
01235.HK,2021-01-05,0.178,0.178,0.176,0.178,305000.0,0.0
01235.HK,2021-01-06,0.178,0.179,0.177,0.177,250000.0,0.0
01235.HK,2021-01-07,0.176,0.176,0.176,0.176,0.0,0.0
01235.HK,2021-01-08,0.176,0.176,0.176,0.176,0.0,0.0
01235.HK,2021-01-11,0.176,0.195,0.176,0.192,185000.0,0.0
01235.HK,2021-01-12,0.189,0.189,0.189,0.189,70000.0,0.0
01235.HK,2021-01-13,0.189,0.189,0.189,0.189,0.0,0.0
01235.HK,2021-01-14,0.188,0.188,0.188,0.188,100000.0,0.0
01235.HK,2021-01-15,0.188,0.188,0.188,0.188,0.0,0.0
01235.HK,2021-01-18,0.188,0.188,0.188,0.188,0.0,0.0
01235.HK,2021-01-19,0.188,0.188,0.188,0.188,0.0,0.0
01235.HK,2021-01-20,0.188,0.188,0.188,0.188,0.0,0.0
01235.HK,2021-01-21,0.188,0.188,0.188,0.188,0.0,0.0
01235.HK,2021-01-22,0.188,0.188,0.188,0.188,0.0,0.0
01235.HK,2021-01-25,0.188,0.188,0.188,0.188,0.0,0.0
01235.HK,2021-01-26,0.176,0.176,0.176,0.176,5000.0,0.0
01235.HK,2021-01-27,0.177,0.177,0.177,0.177,0.0,0.0
01235.HK,2021-01-28,0.177,0.177,0.177,0.177,0.0,0.0
01235.HK,2021-01-29,0.177,0.177,0.177,0.177,30000.0,0.0
01235.HK,2021-02-01,0.177,0.177,0.177,0.177,210000.0,0.0
01235.HK,2021-02-02,0.177,0.177,0.177,0.177,0.0,0.0
01235.HK,2021-02-03,0.177,0.177,0.177,0.177,0.0,0.0
01235.HK,2021-02-04,0.177,0.177,0.177,0.177,0.0,0.0
01235.HK,2021-02-05,0.177,0.177,0.177,0.177,0.0,0.0
01235.HK,2021-02-08,0.18,0.19,0.18,0.19,250000.0,0.0
01235.HK,2021-02-09,0.193,0.202,0.193,0.202,330000.0,0.0
01235.HK,2021-02-10,0.23,0.233,0.21,0.21,680000.0,0.0
01235.HK,2021-02-11,0.205,0.208,0.203,0.208,45000.0,0.0
01235.HK,2021-02-16,0.215,0.222,0.213,0.22,915000.0,0.0
01235.HK,2021-02-17,0.22,0.35,0.22,0.305,6445000.0,0.0
01235.HK,2021-02-18,0.315,0.37,0.26,0.295,3980000.0,0.0
01235.HK,2021-02-19,0.275,0.285,0.27,0.285,210000.0,0.0
01235.HK,2021-02-22,0.31,0.31,0.27,0.28,600000.0,0.0
01235.HK,2021-02-23,0.28,0.31,0.265,0.29,1860000.0,0.0
01235.HK,2021-02-24,0.3,0.3,0.29,0.29,1030000.0,0.0
01235.HK,2021-02-25,0.29,0.29,0.275,0.285,430000.0,0.0
01235.HK,2021-02-26,0.29,0.29,0.275,0.275,115000.0,0.0
01235.HK,2021-03-01,0.27,0.28,0.27,0.28,200000.0,0.0
01235.HK,2021-03-02,0.28,0.28,0.28,0.28,0.0,0.0
01235.HK,2021-03-03,0.275,0.275,0.275,0.275,15000.0,0.0
01235.HK,2021-03-04,0.27,0.27,0.255,0.255,155000.0,0.0
01235.HK,2021-03-05,0.249,0.255,0.249,0.25,250000.0,0.0
01235.HK,2021-03-08,0.25,0.25,0.225,0.225,1435000.0,0.0
01235.HK,2021-03-09,0.21,0.22,0.21,0.22,350000.0,0.0
01235.HK,2021-03-10,0.215,0.23,0.215,0.23,150000.0,0.0
01235.HK,2021-03-11,0.215,0.22,0.215,0.22,40000.0,0.0
01235.HK,2021-03-12,0.222,0.222,0.222,0.222,100000.0,0.0
01235.HK,2021-03-15,0.231,0.231,0.231,0.231,240000.0,0.0
01235.HK,2021-03-16,0.23,0.23,0.23,0.23,10000.0,0.0
01235.HK,2021-03-17,0.23,0.23,0.23,0.23,0.0,0.0
01235.HK,2021-03-18,0.226,0.23,0.226,0.23,495000.0,0.0
01235.HK,2021-03-19,0.231,0.232,0.231,0.232,35000.0,0.0
01235.HK,2021-03-22,0.232,0.232,0.232,0.232,0.0,0.0
01235.HK,2021-03-23,0.232,0.232,0.232,0.232,990000.0,0.0
01235.HK,2021-03-24,0.231,0.231,0.231,0.231,0.0,0.0
01235.HK,2021-03-25,0.227,0.228,0.227,0.227,280000.0,0.0
01235.HK,2021-03-26,0.227,0.227,0.227,0.227,0.0,0.0
01235.HK,2021-03-29,0.232,0.232,0.232,0.232,20000.0,0.0
01235.HK,2021-03-30,0.25,0.28,0.225,0.23,605000.0,0.0
01235.HK,2021-03-31,0.23,0.23,0.23,0.23,0.0,0.0
01235.HK,2021-04-01,0.231,0.231,0.23,0.23,235000.0,0.0
01235.HK,2021-04-07,0.226,0.245,0.226,0.238,2210000.0,0.0
01235.HK,2021-04-08,0.242,0.295,0.242,0.27,1530000.0,0.0
01235.HK,2021-04-09,0.285,0.285,0.28,0.28,380000.0,0.0
01235.HK,2021-04-12,0.28,0.28,0.28,0.28,40000.0,0.0
01235.HK,2021-04-13,0.28,0.28,0.28,0.28,5000.0,0.0
01235.HK,2021-04-14,0.255,0.255,0.255,0.255,160000.0,0.0
01235.HK,2021-04-15,0.24,0.243,0.24,0.243,15000.0,0.0
01235.HK,2021-04-16,0.25,0.25,0.25,0.25,25000.0,0.0
01235.HK,2021-04-19,0.236,0.237,0.236,0.237,65000.0,0.0
01235.HK,2021-04-20,0.23,0.242,0.23,0.242,10000.0,0.0
01235.HK,2021-04-21,0.231,0.233,0.231,0.233,10000.0,0.0
01235.HK,2021-04-22,0.265,0.28,0.25,0.27,1850000.0,0.0
01235.HK,2021-04-23,0.27,0.275,0.26,0.275,170000.0,0.0
01235.HK,2021-04-26,0.28,0.3,0.27,0.275,1070000.0,0.0
01235.HK,2021-04-27,0.275,0.275,0.26,0.26,70000.0,0.0
01235.HK,2021-04-28,0.265,0.265,0.265,0.265,10000.0,0.0
01235.HK,2021-04-29,0.255,0.255,0.25,0.255,185000.0,0.0
01235.HK,2021-04-30,0.255,0.255,0.255,0.255,0.0,0.0
01235.HK,2021-05-03,0.25,0.25,0.25,0.25,360000.0,0.0
01235.HK,2021-05-04,0.249,0.25,0.249,0.25,215000.0,0.0
01235.HK,2021-05-05,0.25,0.25,0.25,0.25,40000.0,0.0
01235.HK,2021-05-06,0.25,0.25,0.25,0.25,0.0,0.0
01235.HK,2021-05-07,0.25,0.25,0.25,0.25,35000.0,0.0
01235.HK,2021-05-10,0.25,0.25,0.25,0.25,0.0,0.0
01235.HK,2021-05-11,0.25,0.25,0.25,0.25,70000.0,0.0
01235.HK,2021-05-12,0.25,0.25,0.25,0.25,0.0,0.0
01235.HK,2021-05-13,0.25,0.25,0.25,0.25,0.0,0.0
01235.HK,2021-05-14,0.248,0.248,0.248,0.248,100000.0,0.0
01235.HK,2021-05-17,0.248,0.248,0.248,0.248,0.0,0.0
01235.HK,2021-05-18,0.248,0.248,0.248,0.248,0.0,0.0
01235.HK,2021-05-20,0.27,0.27,0.255,0.255,545000.0,0.0
01235.HK,2021-05-21,0.255,0.255,0.255,0.255,0.0,0.0
01235.HK,2021-05-24,0.255,0.255,0.255,0.255,0.0,0.0
01235.HK,2021-05-25,0.236,0.24,0.236,0.24,5000.0,0.0
01235.HK,2021-05-26,0.242,0.3,0.242,0.28,65000.0,0.0
01235.HK,2021-05-27,0.28,0.28,0.28,0.28,0.0,0.0
01235.HK,2021-05-28,0.275,0.275,0.275,0.275,0.0,0.0
01235.HK,2021-05-31,0.275,0.275,0.275,0.275,0.0,0.0
01235.HK,2021-06-01,0.275,0.275,0.275,0.275,0.0,0.0
01235.HK,2021-06-02,0.275,0.275,0.275,0.275,0.0,0.0
01235.HK,2021-06-03,0.275,0.275,0.275,0.275,5000.0,0.0
01235.HK,2021-06-04,0.275,0.275,0.27,0.27,100000.0,0.0
01235.HK,2021-06-07,0.265,0.265,0.265,0.265,0.0,0.0
01235.HK,2021-06-08,0.24,0.25,0.232,0.25,390000.0,0.0
01235.HK,2021-06-09,0.25,0.25,0.25,0.25,0.0,0.0
01235.HK,2021-06-10,0.25,0.25,0.25,0.25,0.0,0.0
01235.HK,2021-06-11,0.25,0.25,0.25,0.25,0.0,0.0
01235.HK,2021-06-15,0.235,0.24,0.235,0.24,50000.0,0.0
01235.HK,2021-06-16,0.24,0.24,0.24,0.24,0.0,0.0
01235.HK,2021-06-17,0.24,0.24,0.24,0.24,0.0,0.0
01235.HK,2021-06-18,0.255,0.255,0.255,0.255,100000.0,0.0
01235.HK,2021-06-21,0.255,0.255,0.255,0.255,0.0,0.0
01235.HK,2021-06-22,0.255,0.255,0.255,0.255,0.0,0.0
01235.HK,2021-06-23,0.255,0.255,0.255,0.255,0.0,0.0
01235.HK,2021-06-24,0.255,0.255,0.255,0.255,0.0,0.0
01235.HK,2021-06-25,0.25,0.25,0.25,0.25,10000.0,0.0
01235.HK,2021-06-28,0.25,0.25,0.25,0.25,0.0,0.0
01235.HK,2021-06-29,0.24,0.24,0.24,0.24,40000.0,0.0
01235.HK,2021-06-30,0.24,0.24,0.24,0.24,0.0,0.0
01235.HK,2021-07-02,0.24,0.24,0.24,0.24,0.0,0.0
01235.HK,2021-07-05,0.24,0.24,0.24,0.24,0.0,0.0
01235.HK,2021-07-06,0.224,0.238,0.224,0.238,305000.0,0.0
01235.HK,2021-07-07,0.238,0.238,0.238,0.238,0.0,0.0
01235.HK,2021-07-08,0.238,0.238,0.238,0.238,0.0,0.0
01235.HK,2021-07-09,0.249,0.27,0.249,0.25,80000.0,0.0
01235.HK,2021-07-12,0.25,0.25,0.25,0.25,0.0,0.0
01235.HK,2021-07-13,0.25,0.25,0.25,0.25,0.0,0.0
01235.HK,2021-07-14,0.25,0.25,0.25,0.25,0.0,0.0
01235.HK,2021-07-15,0.25,0.25,0.25,0.25,0.0,0.0
01235.HK,2021-07-16,0.25,0.25,0.25,0.25,0.0,0.0
01235.HK,2021-07-19,0.245,0.245,0.245,0.245,0.0,0.0
01235.HK,2021-07-20,0.24,0.24,0.24,0.24,0.0,0.0
01235.HK,2021-07-21,0.225,0.225,0.221,0.221,65000.0,0.0
01235.HK,2021-07-22,0.23,0.23,0.221,0.221,15000.0,0.0
01235.HK,2021-07-23,0.221,0.221,0.221,0.221,0.0,0.0
01235.HK,2021-07-26,0.201,0.205,0.201,0.203,265000.0,0.0
01235.HK,2021-07-27,0.202,0.202,0.201,0.201,85000.0,0.0
01235.HK,2021-07-28,0.2,0.2,0.2,0.2,155000.0,0.0
01235.HK,2021-07-29,0.205,0.215,0.205,0.215,45000.0,0.0
01235.HK,2021-07-30,0.215,0.215,0.215,0.215,5000.0,0.0
01235.HK,2021-08-02,0.215,0.215,0.215,0.215,0.0,0.0
01235.HK,2021-08-03,0.221,0.221,0.221,0.221,0.0,0.0
01235.HK,2021-08-04,0.221,0.221,0.221,0.221,0.0,0.0
01235.HK,2021-08-05,0.221,0.221,0.221,0.221,0.0,0.0
01235.HK,2021-08-06,0.221,0.221,0.221,0.221,0.0,0.0
01235.HK,2021-08-09,0.221,0.221,0.221,0.221,0.0,0.0
01235.HK,2021-08-10,0.23,0.23,0.227,0.227,5000.0,0.0
01235.HK,2021-08-11,0.227,0.227,0.227,0.227,0.0,0.0
01235.HK,2021-08-12,0.227,0.227,0.227,0.227,0.0,0.0
01235.HK,2021-08-13,0.227,0.227,0.227,0.227,0.0,0.0
01235.HK,2021-08-16,0.226,0.226,0.226,0.226,0.0,0.0
01235.HK,2021-08-17,0.226,0.226,0.226,0.226,0.0,0.0
01235.HK,2021-08-18,0.226,0.226,0.226,0.226,0.0,0.0
01235.HK,2021-08-19,0.203,0.206,0.202,0.206,140000.0,0.0
01235.HK,2021-08-20,0.206,0.206,0.206,0.206,0.0,0.0
01235.HK,2021-08-23,0.206,0.206,0.206,0.206,0.0,0.0
01235.HK,2021-08-24,0.206,0.212,0.202,0.212,80000.0,0.0
01235.HK,2021-08-25,0.208,0.208,0.208,0.208,5000.0,0.0
01235.HK,2021-08-26,0.208,0.208,0.208,0.208,0.0,0.0
01235.HK,2021-08-27,0.208,0.208,0.208,0.208,0.0,0.0
01235.HK,2021-08-30,0.208,0.208,0.208,0.208,0.0,0.0
01235.HK,2021-08-31,0.208,0.208,0.208,0.208,0.0,0.0
01235.HK,2021-09-01,0.208,0.208,0.208,0.208,0.0,0.0
01235.HK,2021-09-02,0.208,0.208,0.208,0.208,0.0,0.0
01235.HK,2021-09-03,0.208,0.208,0.208,0.208,0.0,0.0
01235.HK,2021-09-06,0.202,0.208,0.191,0.208,80000.0,0.0
01235.HK,2021-09-07,0.204,0.204,0.204,0.204,10000.0,0.0
01235.HK,2021-09-08,0.205,0.22,0.205,0.22,80000.0,0.0
01235.HK,2021-09-09,0.22,0.22,0.22,0.22,0.0,0.0
01235.HK,2021-09-10,0.22,0.22,0.22,0.22,0.0,0.0
01235.HK,2021-09-13,0.22,0.22,0.22,0.22,0.0,0.0
01235.HK,2021-09-14,0.201,0.202,0.201,0.202,10000.0,0.0
01235.HK,2021-09-15,0.202,0.202,0.202,0.202,50000.0,0.0
01235.HK,2021-09-16,0.202,0.202,0.201,0.201,140000.0,0.0
01235.HK,2021-09-17,0.194,0.194,0.194,0.194,105000.0,0.0
01235.HK,2021-09-20,0.194,0.194,0.191,0.194,130000.0,0.0
01235.HK,2021-09-21,0.194,0.194,0.194,0.194,0.0,0.0
01235.HK,2021-09-23,0.194,0.194,0.194,0.194,0.0,0.0
01235.HK,2021-09-24,0.194,0.194,0.194,0.194,0.0,0.0
01235.HK,2021-09-27,0.194,0.194,0.194,0.194,0.0,0.0
01235.HK,2021-09-28,0.194,0.205,0.194,0.2,120000.0,0.0
01235.HK,2021-09-29,0.21,0.21,0.21,0.21,5000.0,0.0
01235.HK,2021-09-30,0.21,0.23,0.21,0.23,30000.0,0.0
01235.HK,2021-10-04,0.23,0.23,0.23,0.23,0.0,0.0
01235.HK,2021-10-05,0.23,0.23,0.23,0.23,0.0,0.0
01235.HK,2021-10-06,0.23,0.23,0.23,0.23,0.0,0.0
01235.HK,2021-10-07,0.225,0.23,0.22,0.23,75000.0,0.0
01235.HK,2021-10-08,0.23,0.23,0.23,0.23,0.0,0.0
01235.HK,2021-10-11,0.23,0.23,0.23,0.23,0.0,0.0
01235.HK,2021-10-12,0.235,0.248,0.235,0.245,45000.0,0.0
01235.HK,2021-10-15,0.245,0.245,0.245,0.245,0.0,0.0
01235.HK,2021-10-18,0.245,0.245,0.245,0.245,0.0,0.0
01235.HK,2021-10-19,0.245,0.245,0.245,0.245,5000.0,0.0
01235.HK,2021-10-20,0.248,0.248,0.226,0.246,145000.0,0.0
01235.HK,2021-10-21,0.248,0.248,0.246,0.246,200000.0,0.0
01235.HK,2021-10-22,0.24,0.246,0.238,0.246,50000.0,0.0
01235.HK,2021-10-25,0.25,0.25,0.25,0.25,5000.0,0.0
01235.HK,2021-10-26,0.25,0.25,0.25,0.25,0.0,0.0
01235.HK,2021-10-27,0.236,0.236,0.236,0.236,20000.0,0.0
01235.HK,2021-10-28,0.24,0.24,0.24,0.24,20000.0,0.0
01235.HK,2021-10-29,0.24,0.24,0.24,0.24,0.0,0.0
01235.HK,2021-11-01,0.239,0.239,0.239,0.239,0.0,0.0
01235.HK,2021-11-02,0.226,0.226,0.215,0.215,285000.0,0.0
01235.HK,2021-11-03,0.215,0.215,0.215,0.215,0.0,0.0
01235.HK,2021-11-04,0.215,0.215,0.215,0.215,0.0,0.0
01235.HK,2021-11-05,0.212,0.215,0.21,0.21,65000.0,0.0
01235.HK,2021-11-08,0.225,0.225,0.225,0.225,220000.0,0.0
01235.HK,2021-11-09,0.225,0.225,0.225,0.225,0.0,0.0
01235.HK,2021-11-10,0.225,0.225,0.225,0.225,0.0,0.0
01235.HK,2021-11-11,0.225,0.225,0.225,0.225,0.0,0.0
01235.HK,2021-11-12,0.225,0.225,0.225,0.225,0.0,0.0
01235.HK,2021-11-15,0.225,0.225,0.225,0.225,0.0,0.0
01235.HK,2021-11-16,0.225,0.225,0.225,0.225,25000.0,0.0
01235.HK,2021-11-17,0.226,0.226,0.225,0.225,115000.0,0.0
01235.HK,2021-11-18,0.225,0.225,0.225,0.225,0.0,0.0
01235.HK,2021-11-19,0.225,0.225,0.225,0.225,0.0,0.0
01235.HK,2021-11-22,0.225,0.225,0.225,0.225,0.0,0.0
01235.HK,2021-11-23,0.225,0.225,0.225,0.225,0.0,0.0
01235.HK,2021-11-24,0.225,0.225,0.225,0.225,0.0,0.0
01235.HK,2021-11-25,0.225,0.225,0.225,0.225,0.0,0.0
01235.HK,2021-11-26,0.22,0.234,0.22,0.234,205000.0,0.0
01235.HK,2021-11-29,0.231,0.231,0.231,0.231,0.0,0.0
01235.HK,2021-11-30,0.231,0.231,0.231,0.231,390000.0,0.0
01235.HK,2021-12-01,0.23,0.23,0.23,0.23,195000.0,0.0
01235.HK,2021-12-02,0.225,0.225,0.225,0.225,0.0,0.0
01235.HK,2021-12-03,0.245,0.249,0.218,0.23,605000.0,0.0
01235.HK,2021-12-06,0.218,0.238,0.218,0.22,260000.0,0.0
01235.HK,2021-12-07,0.22,0.235,0.216,0.229,1190000.0,0.0
01235.HK,2021-12-08,0.226,0.24,0.218,0.225,855000.0,0.0
01235.HK,2021-12-09,0.227,0.235,0.227,0.235,155000.0,0.0
01235.HK,2021-12-10,0.235,0.235,0.235,0.235,0.0,0.0
01235.HK,2021-12-13,0.234,0.235,0.234,0.235,90000.0,0.0
01235.HK,2021-12-14,0.255,0.255,0.225,0.225,335000.0,0.0
01235.HK,2021-12-15,0.243,0.243,0.239,0.239,160000.0,0.0
01235.HK,2021-12-16,0.222,0.225,0.22,0.221,540000.0,0.0
01235.HK,2021-12-17,0.218,0.218,0.208,0.208,120000.0,0.0
01235.HK,2021-12-20,0.208,0.208,0.208,0.208,0.0,0.0
01235.HK,2021-12-21,0.199,0.203,0.199,0.203,85000.0,0.0
01235.HK,2021-12-22,0.203,0.203,0.203,0.203,5000.0,0.0
01235.HK,2021-12-23,0.183,0.21,0.175,0.203,325000.0,0.0
01235.HK,2021-12-24,0.202,0.202,0.202,0.202,10000.0,0.0
01235.HK,2021-12-28,0.202,0.202,0.202,0.202,0.0,0.0
01235.HK,2021-12-29,0.201,0.201,0.201,0.201,0.0,0.0
01235.HK,2021-12-30,0.196,0.202,0.196,0.202,145000.0,0.0
01235.HK,2021-12-31,0.2,0.2,0.193,0.195,210000.0,0.0
01235.HK,2022-01-03,0.186,0.191,0.186,0.191,15000.0,0.0
01235.HK,2022-01-04,0.194,0.195,0.194,0.195,50000.0,0.0
01235.HK,2022-01-05,0.195,0.195,0.195,0.195,10000.0,0.0
01235.HK,2022-01-06,0.195,0.195,0.195,0.195,0.0,0.0
01235.HK,2022-01-07,0.188,0.188,0.188,0.188,40000.0,0.0
01235.HK,2022-01-10,0.189,0.189,0.189,0.189,5000.0,0.0
01235.HK,2022-01-11,0.189,0.19,0.189,0.19,15000.0,0.0
01235.HK,2022-01-12,0.19,0.19,0.19,0.19,0.0,0.0
01235.HK,2022-01-13,0.19,0.19,0.19,0.19,0.0,0.0
01235.HK,2022-01-14,0.19,0.19,0.19,0.19,0.0,0.0
01235.HK,2022-01-17,0.19,0.19,0.19,0.19,0.0,0.0
01235.HK,2022-01-18,0.19,0.19,0.19,0.19,95000.0,0.0
01235.HK,2022-01-19,0.19,0.19,0.19,0.19,0.0,0.0
01235.HK,2022-01-20,0.19,0.19,0.19,0.19,0.0,0.0
01235.HK,2022-01-21,0.19,0.191,0.19,0.191,80000.0,0.0
01235.HK,2022-01-24,0.191,0.191,0.191,0.191,0.0,0.0
01235.HK,2022-01-25,0.191,0.191,0.191,0.191,0.0,0.0
01235.HK,2022-01-26,0.191,0.191,0.191,0.191,0.0,0.0
01235.HK,2022-01-27,0.191,0.191,0.191,0.191,0.0,0.0
01235.HK,2022-01-28,0.191,0.191,0.191,0.191,0.0,0.0
01235.HK,2022-01-31,0.191,0.191,0.191,0.191,0.0,0.0
01235.HK,2022-02-04,0.188,0.19,0.188,0.19,5000.0,0.0
01235.HK,2022-02-07,0.201,0.201,0.201,0.201,0.0,0.0
01235.HK,2022-02-08,0.209,0.21,0.205,0.205,220000.0,0.0
01235.HK,2022-02-09,0.205,0.205,0.205,0.205,0.0,0.0
01235.HK,2022-02-10,0.205,0.205,0.205,0.205,0.0,0.0
01235.HK,2022-02-11,0.205,0.205,0.205,0.205,0.0,0.0
01235.HK,2022-02-14,0.21,0.22,0.21,0.22,25000.0,0.0
01235.HK,2022-02-15,0.22,0.22,0.211,0.211,265000.0,0.0
01235.HK,2022-02-16,0.211,0.211,0.211,0.211,0.0,0.0
01235.HK,2022-02-17,0.211,0.211,0.211,0.211,0.0,0.0
01235.HK,2022-02-18,0.211,0.211,0.211,0.211,0.0,0.0
01235.HK,2022-02-21,0.211,0.211,0.211,0.211,0.0,0.0
01235.HK,2022-02-22,0.211,0.211,0.211,0.211,0.0,0.0
01235.HK,2022-02-23,0.198,0.198,0.198,0.198,15000.0,0.0
01235.HK,2022-02-24,0.19,0.19,0.186,0.19,140000.0,0.0
01235.HK,2022-02-25,0.18,0.182,0.18,0.182,40000.0,0.0
01235.HK,2022-02-28,0.182,0.182,0.182,0.182,0.0,0.0
01235.HK,2022-03-01,0.182,0.182,0.182,0.182,0.0,0.0
01235.HK,2022-03-02,0.176,0.176,0.171,0.173,105000.0,0.0
01235.HK,2022-03-03,0.199,0.199,0.199,0.199,15000.0,0.0
01235.HK,2022-03-04,0.219,0.219,0.21,0.21,5000.0,0.0
01235.HK,2022-03-07,0.178,0.228,0.173,0.211,40000.0,0.0
01235.HK,2022-03-08,0.209,0.209,0.209,0.209,0.0,0.0
01235.HK,2022-03-09,0.2,0.2,0.2,0.2,0.0,0.0
01235.HK,2022-03-10,0.229,0.229,0.217,0.217,5000.0,0.0
01235.HK,2022-03-11,0.217,0.217,0.217,0.217,0.0,0.0
01235.HK,2022-03-14,0.229,0.229,0.175,0.175,315000.0,0.0
01235.HK,2022-03-15,0.199,0.199,0.185,0.185,15000.0,0.0
01235.HK,2022-03-16,0.181,0.181,0.181,0.181,0.0,0.0
01235.HK,2022-03-17,0.17,0.18,0.17,0.18,455000.0,0.0
01235.HK,2022-03-18,0.18,0.189,0.18,0.188,940000.0,0.0
01235.HK,2022-03-21,0.175,0.188,0.175,0.188,135000.0,0.0
01235.HK,2022-03-22,0.177,0.178,0.171,0.171,510000.0,0.0
01235.HK,2022-03-23,0.17,0.179,0.165,0.174,315000.0,0.0
01235.HK,2022-03-24,0.174,0.174,0.173,0.173,65000.0,0.0
01235.HK,2022-03-25,0.173,0.184,0.173,0.184,520000.0,0.0
01235.HK,2022-03-28,0.184,0.184,0.172,0.177,745000.0,0.0
01235.HK,2022-03-29,0.18,0.18,0.18,0.18,0.0,0.0
01235.HK,2022-03-30,0.175,0.18,0.175,0.18,125000.0,0.0
01235.HK,2022-03-31,0.18,0.18,0.18,0.18,0.0,0.0
01235.HK,2022-04-01,0.18,0.18,0.18,0.18,0.0,0.0
01235.HK,2022-04-04,0.178,0.178,0.178,0.178,10000.0,0.0
01235.HK,2022-04-06,0.18,0.18,0.18,0.18,100000.0,0.0
01235.HK,2022-04-07,0.178,0.178,0.178,0.178,10000.0,0.0
01235.HK,2022-04-08,0.178,0.178,0.178,0.178,0.0,0.0
01235.HK,2022-04-11,0.165,0.168,0.165,0.168,40000.0,0.0
01235.HK,2022-04-12,0.168,0.168,0.168,0.168,0.0,0.0
01235.HK,2022-04-13,0.169,0.169,0.169,0.169,0.0,0.0
01235.HK,2022-04-14,0.17,0.17,0.17,0.17,5000.0,0.0
01235.HK,2022-04-19,0.17,0.17,0.17,0.17,0.0,0.0
01235.HK,2022-04-20,0.17,0.17,0.17,0.17,0.0,0.0
01235.HK,2022-04-21,0.17,0.17,0.17,0.17,0.0,0.0
01235.HK,2022-04-22,0.17,0.17,0.17,0.17,0.0,0.0
01235.HK,2022-04-25,0.17,0.17,0.17,0.17,0.0,0.0
01235.HK,2022-04-26,0.17,0.17,0.17,0.17,0.0,0.0
01235.HK,2022-04-27,0.17,0.17,0.17,0.17,0.0,0.0
01235.HK,2022-04-28,0.17,0.17,0.17,0.17,0.0,0.0
01235.HK,2022-04-29,0.17,0.17,0.17,0.17,0.0,0.0
01235.HK,2022-05-03,0.195,0.195,0.195,0.195,0.0,0.0
01235.HK,2022-05-04,0.2,0.215,0.198,0.215,50000.0,0.0
01235.HK,2022-05-05,0.215,0.215,0.215,0.215,0.0,0.0
01235.HK,2022-05-06,0.23,0.232,0.23,0.23,420000.0,0.0
01235.HK,2022-05-10,0.23,0.23,0.23,0.23,0.0,0.0
01235.HK,2022-05-11,0.23,0.23,0.23,0.23,0.0,0.0
01235.HK,2022-05-12,0.23,0.23,0.23,0.23,0.0,0.0
01235.HK,2022-05-13,0.202,0.205,0.202,0.205,50000.0,0.0
01235.HK,2022-05-16,0.205,0.205,0.205,0.205,0.0,0.0
01235.HK,2022-05-17,0.206,0.206,0.206,0.206,0.0,0.0
01235.HK,2022-05-18,0.208,0.208,0.208,0.208,30000.0,0.0
01235.HK,2022-05-19,0.208,0.208,0.208,0.208,0.0,0.0
01235.HK,2022-05-20,0.208,0.208,0.208,0.208,0.0,0.0
01235.HK,2022-05-23,0.208,0.208,0.208,0.208,0.0,0.0
01235.HK,2022-05-24,0.208,0.208,0.208,0.208,0.0,0.0
01235.HK,2022-05-25,0.208,0.208,0.208,0.208,0.0,0.0
01235.HK,2022-05-26,0.208,0.208,0.208,0.208,0.0,0.0
01235.HK,2022-05-27,0.208,0.208,0.208,0.208,0.0,0.0
01235.HK,2022-05-30,0.208,0.208,0.208,0.208,60000.0,0.0
01235.HK,2022-05-31,0.208,0.208,0.208,0.208,0.0,0.0
01235.HK,2022-06-01,0.208,0.208,0.208,0.208,0.0,0.0
01235.HK,2022-06-02,0.2,0.205,0.2,0.205,110000.0,0.0
01235.HK,2022-06-06,0.205,0.205,0.205,0.205,0.0,0.0
01235.HK,2022-06-07,0.2,0.2,0.198,0.2,155000.0,0.0
01235.HK,2022-06-08,0.2,0.2,0.2,0.2,130000.0,0.0
01235.HK,2022-06-09,0.2,0.2,0.2,0.2,0.0,0.0
01235.HK,2022-06-10,0.2,0.205,0.2,0.205,70000.0,0.0
01235.HK,2022-06-13,0.205,0.205,0.205,0.205,0.0,0.0
01235.HK,2022-06-14,0.205,0.205,0.205,0.205,0.0,0.0
01235.HK,2022-06-15,0.2,0.2,0.2,0.2,10000.0,0.0
01235.HK,2022-06-16,0.2,0.2,0.2,0.2,0.0,0.0
01235.HK,2022-06-17,0.2,0.2,0.2,0.2,0.0,0.0
01235.HK,2022-06-20,0.2,0.2,0.2,0.2,0.0,0.0
01235.HK,2022-06-21,0.2,0.2,0.2,0.2,0.0,0.0
01235.HK,2022-06-22,0.2,0.2,0.2,0.2,0.0,0.0
01235.HK,2022-06-23,0.2,0.2,0.2,0.2,0.0,0.0
01235.HK,2022-06-24,0.194,0.194,0.194,0.194,25000.0,0.0
01235.HK,2022-06-27,0.185,0.191,0.185,0.191,30000.0,0.0
01235.HK,2022-06-28,0.191,0.191,0.191,0.191,0.0,0.0
01235.HK,2022-06-29,0.191,0.191,0.191,0.191,0.0,0.0
01235.HK,2022-06-30,0.192,0.192,0.19,0.19,155000.0,0.0
01235.HK,2022-07-04,0.19,0.19,0.19,0.19,0.0,0.0
01235.HK,2022-07-05,0.19,0.19,0.19,0.19,0.0,0.0
01235.HK,2022-07-06,0.19,0.19,0.19,0.19,0.0,0.0
01235.HK,2022-07-07,0.19,0.19,0.19,0.19,0.0,0.0
01235.HK,2022-07-08,0.19,0.19,0.19,0.19,0.0,0.0
01235.HK,2022-07-11,0.19,0.19,0.19,0.19,10000.0,0.0
01235.HK,2022-07-12,0.19,0.19,0.19,0.19,0.0,0.0
01235.HK,2022-07-13,0.19,0.19,0.19,0.19,85000.0,0.0
01235.HK,2022-07-14,0.188,0.188,0.188,0.188,0.0,0.0
01235.HK,2022-07-15,0.188,0.188,0.188,0.188,0.0,0.0
01235.HK,2022-07-18,0.188,0.188,0.188,0.188,0.0,0.0
01235.HK,2022-07-19,0.188,0.188,0.188,0.188,0.0,0.0
01235.HK,2022-07-20,0.187,0.187,0.187,0.187,0.0,0.0
01235.HK,2022-07-21,0.187,0.187,0.187,0.187,0.0,0.0
01235.HK,2022-07-22,0.187,0.187,0.187,0.187,0.0,0.0
01235.HK,2022-07-25,0.187,0.187,0.187,0.187,0.0,0.0
01235.HK,2022-07-26,0.187,0.187,0.187,0.187,0.0,0.0
01235.HK,2022-07-27,0.187,0.187,0.187,0.187,0.0,0.0
01235.HK,2022-07-28,0.187,0.187,0.187,0.187,0.0,0.0
01235.HK,2022-07-29,0.187,0.187,0.187,0.187,0.0,0.0
01235.HK,2022-08-01,0.187,0.187,0.187,0.187,0.0,0.0
01235.HK,2022-08-02,0.187,0.187,0.187,0.187,0.0,0.0
01235.HK,2022-08-03,0.187,0.187,0.187,0.187,0.0,0.0
01235.HK,2022-08-04,0.187,0.187,0.187,0.187,0.0,0.0
01235.HK,2022-08-05,0.19,0.19,0.19,0.19,70000.0,0.0
01235.HK,2022-08-08,0.19,0.19,0.19,0.19,0.0,0.0
01235.HK,2022-08-09,0.19,0.19,0.19,0.19,0.0,0.0
01235.HK,2022-08-10,0.19,0.19,0.19,0.19,0.0,0.0
01235.HK,2022-08-11,0.19,0.19,0.19,0.19,0.0,0.0
01235.HK,2022-08-12,0.19,0.19,0.19,0.19,0.0,0.0
01235.HK,2022-08-15,0.19,0.19,0.19,0.19,0.0,0.0
01235.HK,2022-08-16,0.19,0.19,0.19,0.19,0.0,0.0
01235.HK,2022-08-17,0.19,0.19,0.19,0.19,0.0,0.0
01235.HK,2022-08-18,0.19,0.19,0.19,0.19,0.0,0.0
01235.HK,2022-08-19,0.19,0.19,0.19,0.19,0.0,0.0
01235.HK,2022-08-22,0.19,0.19,0.19,0.19,0.0,0.0
01235.HK,2022-08-23,0.19,0.19,0.19,0.19,0.0,0.0
01235.HK,2022-08-24,0.19,0.19,0.19,0.19,0.0,0.0
01235.HK,2022-08-25,0.19,0.19,0.19,0.19,0.0,0.0
01235.HK,2022-08-26,0.19,0.19,0.19,0.19,0.0,0.0
01235.HK,2022-08-29,0.19,0.19,0.19,0.19,0.0,0.0
01235.HK,2022-08-30,0.19,0.19,0.19,0.19,0.0,0.0
01235.HK,2022-08-31,0.19,0.198,0.19,0.198,70000.0,0.0
01235.HK,2022-09-01,0.198,0.198,0.198,0.198,0.0,0.0
01235.HK,2022-09-02,0.198,0.198,0.198,0.198,0.0,0.0
01235.HK,2022-09-05,0.198,0.198,0.198,0.198,0.0,0.0
01235.HK,2022-09-06,0.198,0.198,0.198,0.198,0.0,0.0
01235.HK,2022-09-07,0.198,0.198,0.198,0.198,0.0,0.0
01235.HK,2022-09-08,0.198,0.198,0.198,0.198,0.0,0.0
01235.HK,2022-09-09,0.198,0.198,0.198,0.198,0.0,0.0
01235.HK,2022-09-13,0.198,0.198,0.198,0.198,0.0,0.0
01235.HK,2022-09-14,0.198,0.198,0.198,0.198,0.0,0.0
01235.HK,2022-09-15,0.198,0.198,0.198,0.198,0.0,0.0
01235.HK,2022-09-16,0.198,0.198,0.198,0.198,0.0,0.0
01235.HK,2022-09-19,0.198,0.198,0.198,0.198,0.0,0.0
01235.HK,2022-09-20,0.22,0.243,0.22,0.24,870000.0,0.0
01235.HK,2022-09-21,0.238,0.29,0.22,0.27,595000.0,0.0
01235.HK,2022-09-22,0.25,0.25,0.25,0.25,105000.0,0.0
01235.HK,2022-09-23,0.28,0.295,0.222,0.275,7875000.0,0.0
01235.HK,2022-09-26,0.285,0.355,0.285,0.315,13950000.0,0.0
01235.HK,2022-09-27,0.315,0.315,0.25,0.265,2445000.0,0.0
01235.HK,2022-09-28,0.29,0.29,0.245,0.255,1430000.0,0.0
01235.HK,2022-09-29,0.265,0.275,0.25,0.255,775000.0,0.0
01235.HK,2022-09-30,0.24,0.244,0.24,0.242,280000.0,0.0
01235.HK,2022-10-03,0.225,0.239,0.225,0.237,50000.0,0.0
01235.HK,2022-10-05,0.265,0.27,0.25,0.25,245000.0,0.0
01235.HK,2022-10-06,0.245,0.255,0.245,0.255,370000.0,0.0
01235.HK,2022-10-07,0.255,0.255,0.255,0.255,0.0,0.0
01235.HK,2022-10-10,0.255,0.255,0.21,0.225,420000.0,0.0
01235.HK,2022-10-11,0.215,0.242,0.215,0.239,70000.0,0.0
01235.HK,2022-10-12,0.225,0.225,0.22,0.22,280000.0,0.0
01235.HK,2022-10-13,0.202,0.203,0.202,0.203,65000.0,0.0
01235.HK,2022-10-14,0.203,0.203,0.203,0.203,0.0,0.0
01235.HK,2022-10-17,0.203,0.203,0.203,0.203,0.0,0.0
01235.HK,2022-10-18,0.202,0.219,0.202,0.219,40000.0,0.0
01235.HK,2022-10-19,0.215,0.215,0.215,0.215,10000.0,0.0
01235.HK,2022-10-20,0.217,0.217,0.215,0.215,175000.0,0.0
01235.HK,2022-10-21,0.215,0.215,0.215,0.215,0.0,0.0
01235.HK,2022-10-24,0.198,0.198,0.185,0.187,85000.0,0.0
01235.HK,2022-10-25,0.187,0.187,0.187,0.187,0.0,0.0
01235.HK,2022-10-26,0.187,0.192,0.187,0.192,25000.0,0.0
01235.HK,2022-10-27,0.192,0.192,0.192,0.192,30000.0,0.0
01235.HK,2022-10-28,0.178,0.178,0.156,0.156,650000.0,0.0
01235.HK,2022-10-31,0.16,0.185,0.153,0.175,340000.0,0.0
01235.HK,2022-11-01,0.174,0.174,0.174,0.174,0.0,0.0
01235.HK,2022-11-02,0.174,0.174,0.174,0.174,0.0,0.0
01235.HK,2022-11-03,0.174,0.174,0.174,0.174,0.0,0.0
01235.HK,2022-11-04,0.173,0.182,0.173,0.182,130000.0,0.0
01235.HK,2022-11-07,0.175,0.176,0.175,0.176,150000.0,0.0
01235.HK,2022-11-08,0.177,0.177,0.177,0.177,5000.0,0.0
01235.HK,2022-11-09,0.177,0.177,0.177,0.177,0.0,0.0
01235.HK,2022-11-10,0.177,0.177,0.177,0.177,0.0,0.0
01235.HK,2022-11-11,0.177,0.177,0.177,0.177,5000.0,0.0
01235.HK,2022-11-14,0.175,0.176,0.175,0.176,25000.0,0.0
01235.HK,2022-11-15,0.176,0.176,0.176,0.176,0.0,0.0
01235.HK,2022-11-16,0.176,0.176,0.176,0.176,0.0,0.0
01235.HK,2022-11-17,0.176,0.176,0.176,0.176,0.0,0.0
01235.HK,2022-11-18,0.176,0.176,0.176,0.176,0.0,0.0
01235.HK,2022-11-21,0.171,0.171,0.171,0.171,320000.0,0.0
01235.HK,2022-11-22,0.171,0.171,0.171,0.171,0.0,0.0
01235.HK,2022-11-23,0.171,0.171,0.171,0.171,5000.0,0.0
01235.HK,2022-11-24,0.171,0.171,0.171,0.171,100000.0,0.0
01235.HK,2022-11-25,0.165,0.166,0.165,0.166,50000.0,0.0
01235.HK,2022-11-28,0.166,0.166,0.166,0.166,0.0,0.0
01235.HK,2022-11-29,0.166,0.166,0.166,0.166,0.0,0.0
01235.HK,2022-11-30,0.166,0.166,0.166,0.166,15000.0,0.0
01235.HK,2022-12-01,0.166,0.166,0.16,0.165,180000.0,0.0
01235.HK,2022-12-02,0.168,0.168,0.168,0.168,0.0,0.0
01235.HK,2022-12-05,0.168,0.178,0.168,0.178,140000.0,0.0
01235.HK,2022-12-06,0.179,0.179,0.175,0.175,270000.0,0.0
01235.HK,2022-12-07,0.175,0.175,0.175,0.175,70000.0,0.0
01235.HK,2022-12-08,0.192,0.203,0.192,0.203,95000.0,0.0
01235.HK,2022-12-09,0.225,0.23,0.22,0.225,140000.0,0.0
01235.HK,2022-12-12,0.25,0.25,0.24,0.24,270000.0,0.0
01235.HK,2022-12-13,0.239,0.285,0.238,0.26,910000.0,0.0
01235.HK,2022-12-14,0.25,0.25,0.229,0.23,510000.0,0.0
01235.HK,2022-12-15,0.234,0.234,0.234,0.234,15000.0,0.0
01235.HK,2022-12-16,0.22,0.228,0.22,0.226,235000.0,0.0
01235.HK,2022-12-19,0.211,0.214,0.211,0.214,75000.0,0.0
01235.HK,2022-12-20,0.21,0.22,0.21,0.22,40000.0,0.0
01235.HK,2022-12-21,0.22,0.22,0.22,0.22,0.0,0.0
01235.HK,2022-12-22,0.22,0.22,0.22,0.22,0.0,0.0
01235.HK,2022-12-23,0.213,0.22,0.213,0.22,10000.0,0.0
01235.HK,2022-12-28,0.23,0.255,0.23,0.255,685000.0,0.0
01235.HK,2022-12-29,0.255,0.255,0.244,0.25,80000.0,0.0
01235.HK,2022-12-30,0.25,0.25,0.25,0.25,100000.0,0.0
01235.HK,2023-01-03,0.25,0.255,0.24,0.24,225000.0,0.0
01235.HK,2023-01-04,0.24,0.24,0.24,0.24,170000.0,0.0
01235.HK,2023-01-05,0.24,0.24,0.23,0.23,115000.0,0.0
01235.HK,2023-01-06,0.25,0.25,0.25,0.25,175000.0,0.0
01235.HK,2023-01-09,0.231,0.26,0.231,0.255,50000.0,0.0
01235.HK,2023-01-10,0.227,0.233,0.227,0.233,80000.0,0.0
01235.HK,2023-01-11,0.238,0.238,0.238,0.238,0.0,0.0
01235.HK,2023-01-12,0.238,0.238,0.238,0.238,0.0,0.0
01235.HK,2023-01-13,0.229,0.24,0.229,0.24,320000.0,0.0
01235.HK,2023-01-16,0.238,0.238,0.238,0.238,0.0,0.0
01235.HK,2023-01-17,0.238,0.238,0.238,0.238,0.0,0.0
01235.HK,2023-01-18,0.238,0.238,0.238,0.238,0.0,0.0
01235.HK,2023-01-19,0.238,0.238,0.238,0.238,0.0,0.0
01235.HK,2023-01-20,0.24,0.24,0.238,0.238,10000.0,0.0
01235.HK,2023-01-26,0.232,0.232,0.232,0.232,40000.0,0.0
01235.HK,2023-01-27,0.232,0.232,0.232,0.232,0.0,0.0
01235.HK,2023-01-30,0.232,0.232,0.232,0.232,0.0,0.0
01235.HK,2023-01-31,0.232,0.232,0.23,0.232,105000.0,0.0
01235.HK,2023-02-01,0.232,0.232,0.232,0.232,0.0,0.0
01235.HK,2023-02-02,0.233,0.233,0.233,0.233,5000.0,0.0
01235.HK,2023-02-03,0.235,0.235,0.235,0.235,0.0,0.0
01235.HK,2023-02-06,0.239,0.239,0.238,0.238,5000.0,0.0
01235.HK,2023-02-07,0.236,0.236,0.236,0.236,15000.0,0.0
01235.HK,2023-02-08,0.228,0.228,0.228,0.228,30000.0,0.0
01235.HK,2023-02-09,0.228,0.228,0.227,0.227,15000.0,0.0
01235.HK,2023-02-10,0.229,0.229,0.219,0.219,85000.0,0.0
01235.HK,2023-02-13,0.219,0.219,0.219,0.219,45000.0,0.0
01235.HK,2023-02-14,0.219,0.219,0.219,0.219,10000.0,0.0
01235.HK,2023-02-15,0.219,0.219,0.219,0.219,0.0,0.0
01235.HK,2023-02-16,0.219,0.219,0.219,0.219,0.0,0.0
01235.HK,2023-02-17,0.21,0.21,0.2,0.2,95000.0,0.0
01235.HK,2023-02-20,0.199,0.2,0.188,0.188,175000.0,0.0
01235.HK,2023-02-21,0.188,0.191,0.188,0.188,265000.0,0.0
01235.HK,2023-02-22,0.182,0.182,0.182,0.182,130000.0,0.0
01235.HK,2023-02-23,0.182,0.182,0.182,0.182,0.0,0.0
01235.HK,2023-02-24,0.181,0.195,0.175,0.175,55000.0,0.0
01235.HK,2023-02-27,0.165,0.165,0.16,0.16,1690000.0,0.0
01235.HK,2023-02-28,0.175,0.19,0.175,0.175,70000.0,0.0
01235.HK,2023-03-01,0.162,0.165,0.162,0.164,175000.0,0.0
01235.HK,2023-03-02,0.164,0.164,0.164,0.164,0.0,0.0
01235.HK,2023-03-03,0.164,0.164,0.164,0.164,0.0,0.0
01235.HK,2023-03-06,0.174,0.174,0.161,0.161,245000.0,0.0
01235.HK,2023-03-07,0.162,0.162,0.155,0.155,105000.0,0.0
01235.HK,2023-03-08,0.151,0.175,0.151,0.175,270000.0,0.0
01235.HK,2023-03-09,0.186,0.188,0.168,0.173,225000.0,0.0
01235.HK,2023-03-10,0.173,0.173,0.165,0.165,160000.0,0.0
01235.HK,2023-03-13,0.165,0.165,0.165,0.165,0.0,0.0
01235.HK,2023-03-14,0.175,0.175,0.175,0.175,5000.0,0.0
01235.HK,2023-03-15,0.16,0.17,0.16,0.17,135000.0,0.0
01235.HK,2023-03-16,0.162,0.179,0.162,0.178,10000.0,0.0
01235.HK,2023-03-17,0.178,0.178,0.178,0.178,0.0,0.0
01235.HK,2023-03-20,0.162,0.179,0.162,0.17,65000.0,0.0
01235.HK,2023-03-21,0.166,0.166,0.166,0.166,0.0,0.0
01235.HK,2023-03-22,0.166,0.166,0.166,0.166,100000.0,0.0
01235.HK,2023-03-23,0.166,0.166,0.166,0.166,0.0,0.0
01235.HK,2023-03-24,0.167,0.167,0.167,0.167,15000.0,0.0
01235.HK,2023-03-27,0.172,0.172,0.172,0.172,350000.0,0.0
01235.HK,2023-03-28,0.172,0.172,0.172,0.172,0.0,0.0
01235.HK,2023-03-29,0.172,0.172,0.172,0.172,0.0,0.0
01235.HK,2023-03-30,0.172,0.172,0.172,0.172,30000.0,0.0
01235.HK,2023-03-31,0.18,0.18,0.18,0.18,85000.0,0.0
01235.HK,2023-04-03,0.182,0.188,0.182,0.188,40000.0,0.0
01235.HK,2023-04-04,0.183,0.19,0.166,0.173,540000.0,0.0
01235.HK,2023-04-06,0.175,0.175,0.175,0.175,85000.0,0.0
01235.HK,2023-04-11,0.175,0.175,0.175,0.175,5000.0,0.0
01235.HK,2023-04-12,0.173,0.175,0.173,0.175,205000.0,0.0
01235.HK,2023-04-13,0.175,0.177,0.175,0.175,305000.0,0.0
01235.HK,2023-04-14,0.175,0.175,0.175,0.175,55000.0,0.0
01235.HK,2023-04-17,0.175,0.175,0.175,0.175,0.0,0.0
01235.HK,2023-04-18,0.175,0.175,0.175,0.175,0.0,0.0
01235.HK,2023-04-19,0.175,0.176,0.175,0.176,270000.0,0.0
01235.HK,2023-04-20,0.175,0.175,0.175,0.175,50000.0,0.0
01235.HK,2023-04-21,0.162,0.164,0.162,0.164,45000.0,0.0
01235.HK,2023-04-24,0.164,0.18,0.164,0.18,15000.0,0.0
01235.HK,2023-04-25,0.18,0.18,0.18,0.18,0.0,0.0
01235.HK,2023-04-26,0.18,0.18,0.18,0.18,0.0,0.0
01235.HK,2023-04-27,0.18,0.18,0.18,0.18,0.0,0.0
01235.HK,2023-04-28,0.18,0.18,0.18,0.18,0.0,0.0
01235.HK,2023-05-02,0.18,0.18,0.18,0.18,0.0,0.0
01235.HK,2023-05-03,0.18,0.18,0.18,0.18,0.0,0.0
01235.HK,2023-05-04,0.18,0.18,0.18,0.18,0.0,0.0
01235.HK,2023-05-05,0.18,0.18,0.18,0.18,0.0,0.0
01235.HK,2023-05-08,0.18,0.18,0.18,0.18,0.0,0.0
01235.HK,2023-05-09,0.18,0.18,0.18,0.18,0.0,0.0
01235.HK,2023-05-10,0.18,0.18,0.18,0.18,0.0,0.0
01235.HK,2023-05-11,0.18,0.18,0.18,0.18,0.0,0.0
01235.HK,2023-05-12,0.18,0.18,0.18,0.18,0.0,0.0
01235.HK,2023-05-15,0.18,0.18,0.18,0.18,0.0,0.0
01235.HK,2023-05-16,0.18,0.18,0.18,0.18,0.0,0.0
01235.HK,2023-05-17,0.18,0.18,0.18,0.18,0.0,0.0
01235.HK,2023-05-18,0.18,0.18,0.18,0.18,0.0,0.0
01235.HK,2023-05-19,0.18,0.18,0.18,0.18,0.0,0.0
01235.HK,2023-05-22,0.18,0.18,0.18,0.18,0.0,0.0
01235.HK,2023-05-23,0.18,0.18,0.18,0.18,0.0,0.0
01235.HK,2023-05-24,0.163,0.175,0.163,0.175,125000.0,0.0
01235.HK,2023-05-25,0.173,0.173,0.173,0.173,0.0,0.0
01235.HK,2023-05-29,0.173,0.173,0.173,0.173,0.0,0.0
01235.HK,2023-05-30,0.173,0.173,0.173,0.173,0.0,0.0
01235.HK,2023-05-31,0.173,0.173,0.173,0.173,0.0,0.0
01235.HK,2023-06-01,0.173,0.173,0.173,0.173,0.0,0.0
01235.HK,2023-06-02,0.173,0.173,0.173,0.173,0.0,0.0
01235.HK,2023-06-05,0.173,0.173,0.173,0.173,0.0,0.0
01235.HK,2023-06-06,0.173,0.173,0.173,0.173,0.0,0.0
01235.HK,2023-06-07,0.173,0.173,0.173,0.173,0.0,0.0
01235.HK,2023-06-08,0.173,0.173,0.173,0.173,0.0,0.0
01235.HK,2023-06-09,0.173,0.173,0.173,0.173,0.0,0.0
01235.HK,2023-06-12,0.173,0.173,0.173,0.173,0.0,0.0
01235.HK,2023-06-13,0.173,0.173,0.173,0.173,0.0,0.0
01235.HK,2023-06-14,0.173,0.173,0.173,0.173,0.0,0.0
01235.HK,2023-06-15,0.173,0.173,0.173,0.173,0.0,0.0
01235.HK,2023-06-16,0.181,0.181,0.181,0.181,50000.0,0.0
01235.HK,2023-06-19,0.181,0.181,0.181,0.181,0.0,0.0
01235.HK,2023-06-20,0.181,0.181,0.181,0.181,0.0,0.0
01235.HK,2023-06-21,0.163,0.171,0.161,0.162,520000.0,0.0
01235.HK,2023-06-23,0.16,0.17,0.16,0.169,245000.0,0.0
01235.HK,2023-06-26,0.163,0.163,0.163,0.163,100000.0,0.0
01235.HK,2023-06-27,0.163,0.163,0.163,0.163,0.0,0.0
01235.HK,2023-06-28,0.163,0.164,0.163,0.164,45000.0,0.0
01235.HK,2023-06-29,0.164,0.164,0.164,0.164,0.0,0.0
01235.HK,2023-06-30,0.17,0.17,0.17,0.17,5000.0,0.0
01235.HK,2023-07-03,0.17,0.17,0.17,0.17,0.0,0.0
01235.HK,2023-07-04,0.153,0.153,0.153,0.153,30000.0,0.0
01235.HK,2023-07-05,0.17,0.17,0.169,0.169,5000.0,0.0
01235.HK,2023-07-06,0.169,0.169,0.169,0.169,0.0,0.0
01235.HK,2023-07-07,0.169,0.169,0.169,0.169,0.0,0.0
01235.HK,2023-07-10,0.169,0.169,0.169,0.169,0.0,0.0
01235.HK,2023-07-11,0.169,0.169,0.169,0.169,0.0,0.0
01235.HK,2023-07-12,0.169,0.169,0.169,0.169,0.0,0.0
01235.HK,2023-07-13,0.169,0.169,0.169,0.169,0.0,0.0
01235.HK,2023-07-14,0.169,0.169,0.169,0.169,0.0,0.0
01235.HK,2023-07-17,0.169,0.169,0.169,0.169,0.0,0.0
01235.HK,2023-07-18,0.169,0.169,0.169,0.169,0.0,0.0
01235.HK,2023-07-19,0.169,0.169,0.169,0.169,0.0,0.0
01235.HK,2023-07-20,0.169,0.169,0.169,0.169,0.0,0.0
01235.HK,2023-07-21,0.169,0.169,0.169,0.169,0.0,0.0
01235.HK,2023-07-24,0.165,0.165,0.165,0.165,0.0,0.0
01235.HK,2023-07-25,0.165,0.165,0.165,0.165,50000.0,0.0
01235.HK,2023-07-26,0.165,0.171,0.165,0.171,85000.0,0.0
01235.HK,2023-07-27,0.17,0.174,0.17,0.174,5000.0,0.0
01235.HK,2023-07-28,0.165,0.165,0.165,0.165,30000.0,0.0
01235.HK,2023-07-31,0.166,0.166,0.166,0.166,45000.0,0.0
01235.HK,2023-08-01,0.166,0.166,0.166,0.166,0.0,0.0
01235.HK,2023-08-02,0.166,0.166,0.166,0.166,40000.0,0.0
01235.HK,2023-08-03,0.167,0.167,0.167,0.167,20000.0,0.0
01235.HK,2023-08-04,0.167,0.167,0.167,0.167,0.0,0.0
01235.HK,2023-08-07,0.167,0.167,0.167,0.167,0.0,0.0
01235.HK,2023-08-08,0.169,0.169,0.169,0.169,0.0,0.0
01235.HK,2023-08-09,0.169,0.169,0.169,0.169,0.0,0.0
01235.HK,2023-08-10,0.169,0.169,0.169,0.169,0.0,0.0
01235.HK,2023-08-11,0.169,0.169,0.169,0.169,0.0,0.0
01235.HK,2023-08-14,0.169,0.169,0.169,0.169,0.0,0.0
01235.HK,2023-08-15,0.169,0.169,0.169,0.169,0.0,0.0
01235.HK,2023-08-16,0.169,0.169,0.169,0.169,0.0,0.0
01235.HK,2023-08-17,0.169,0.169,0.169,0.169,0.0,0.0
01235.HK,2023-08-18,0.169,0.169,0.169,0.169,20000.0,0.0
01235.HK,2023-08-21,0.153,0.17,0.151,0.152,530000.0,0.0
01235.HK,2023-08-22,0.152,0.155,0.152,0.155,15000.0,0.0
01235.HK,2023-08-23,0.155,0.155,0.155,0.155,0.0,0.0
01235.HK,2023-08-24,0.145,0.152,0.137,0.152,270000.0,0.0
01235.HK,2023-08-25,0.141,0.146,0.134,0.146,210000.0,0.0
01235.HK,2023-08-28,0.146,0.146,0.146,0.146,455000.0,0.0
01235.HK,2023-08-29,0.146,0.146,0.146,0.146,0.0,0.0
01235.HK,2023-08-30,0.146,0.146,0.146,0.146,0.0,0.0
01235.HK,2023-08-31,0.146,0.146,0.146,0.146,0.0,0.0
01235.HK,2023-09-01,0.146,0.146,0.146,0.146,0.0,0.0
01235.HK,2023-09-04,0.146,0.146,0.146,0.146,0.0,0.0
01235.HK,2023-09-05,0.146,0.146,0.146,0.146,0.0,0.0
01235.HK,2023-09-06,0.146,0.146,0.146,0.146,5000.0,0.0
01235.HK,2023-09-07,0.146,0.146,0.146,0.146,0.0,0.0
01235.HK,2023-09-08,0.146,0.146,0.146,0.146,0.0,0.0
01235.HK,2023-09-11,0.146,0.146,0.146,0.146,0.0,0.0
01235.HK,2023-09-12,0.146,0.146,0.13,0.14,290000.0,0.0
01235.HK,2023-09-13,0.155,0.155,0.155,0.155,50000.0,0.0
01235.HK,2023-09-14,0.156,0.156,0.156,0.156,0.0,0.0
01235.HK,2023-09-15,0.156,0.156,0.156,0.156,10000.0,0.0
01235.HK,2023-09-18,0.156,0.156,0.156,0.156,0.0,0.0
01235.HK,2023-09-19,0.156,0.156,0.156,0.156,0.0,0.0
01235.HK,2023-09-20,0.156,0.156,0.156,0.156,0.0,0.0
01235.HK,2023-09-21,0.15,0.15,0.148,0.148,45000.0,0.0
01235.HK,2023-09-22,0.162,0.162,0.161,0.161,5000.0,0.0
01235.HK,2023-09-25,0.162,0.162,0.161,0.161,45000.0,0.0
01235.HK,2023-09-26,0.161,0.161,0.161,0.161,0.0,0.0
01235.HK,2023-09-27,0.161,0.161,0.161,0.161,0.0,0.0
01235.HK,2023-09-28,0.161,0.161,0.161,0.161,0.0,0.0
01235.HK,2023-09-29,0.161,0.161,0.161,0.161,0.0,0.0
01235.HK,2023-10-03,0.16,0.16,0.16,0.16,0.0,0.0
01235.HK,2023-10-04,0.16,0.16,0.16,0.16,0.0,0.0
01235.HK,2023-10-05,0.16,0.16,0.16,0.16,0.0,0.0
01235.HK,2023-10-06,0.16,0.16,0.16,0.16,0.0,0.0
01235.HK,2023-10-09,0.16,0.16,0.16,0.16,0.0,0.0
01235.HK,2023-10-10,0.16,0.16,0.16,0.16,0.0,0.0
01235.HK,2023-10-11,0.16,0.16,0.16,0.16,0.0,0.0
01235.HK,2023-10-12,0.155,0.155,0.14,0.153,290000.0,0.0
01235.HK,2023-10-13,0.153,0.153,0.153,0.153,0.0,0.0
01235.HK,2023-10-16,0.153,0.153,0.153,0.153,0.0,0.0
01235.HK,2023-10-17,0.153,0.153,0.153,0.153,0.0,0.0
01235.HK,2023-10-18,0.154,0.154,0.154,0.154,30000.0,0.0
01235.HK,2023-10-19,0.153,0.153,0.151,0.151,50000.0,0.0
01235.HK,2023-10-20,0.151,0.151,0.151,0.151,40000.0,0.0
01235.HK,2023-10-24,0.151,0.151,0.151,0.151,0.0,0.0
01235.HK,2023-10-25,0.148,0.148,0.148,0.148,120000.0,0.0
01235.HK,2023-10-26,0.148,0.148,0.148,0.148,10000.0,0.0
01235.HK,2023-10-27,0.148,0.148,0.148,0.148,10000.0,0.0
01235.HK,2023-10-30,0.143,0.143,0.143,0.143,40000.0,0.0
01235.HK,2023-10-31,0.143,0.143,0.142,0.143,115000.0,0.0
01235.HK,2023-11-01,0.138,0.138,0.138,0.138,10000.0,0.0
01235.HK,2023-11-02,0.138,0.138,0.138,0.138,30000.0,0.0
01235.HK,2023-11-03,0.134,0.145,0.134,0.145,30000.0,0.0
01235.HK,2023-11-06,0.144,0.144,0.144,0.144,5000.0,0.0
01235.HK,2023-11-07,0.143,0.143,0.143,0.143,5000.0,0.0
01235.HK,2023-11-08,0.143,0.143,0.143,0.143,0.0,0.0
01235.HK,2023-11-09,0.143,0.143,0.143,0.143,0.0,0.0
01235.HK,2023-11-10,0.141,0.141,0.141,0.141,0.0,0.0
01235.HK,2023-11-13,0.141,0.141,0.141,0.141,0.0,0.0
01235.HK,2023-11-14,0.141,0.141,0.141,0.141,0.0,0.0
01235.HK,2023-11-15,0.141,0.141,0.141,0.141,0.0,0.0
01235.HK,2023-11-16,0.141,0.141,0.141,0.141,0.0,0.0
01235.HK,2023-11-17,0.141,0.141,0.141,0.141,0.0,0.0
01235.HK,2023-11-20,0.151,0.151,0.149,0.149,5000.0,0.0
01235.HK,2023-11-21,0.149,0.149,0.149,0.149,0.0,0.0
01235.HK,2023-11-22,0.149,0.149,0.149,0.149,0.0,0.0
01235.HK,2023-11-23,0.149,0.149,0.149,0.149,0.0,0.0
01235.HK,2023-11-24,0.149,0.149,0.149,0.149,0.0,0.0
01235.HK,2023-11-27,0.15,0.15,0.15,0.15,25000.0,0.0
01235.HK,2023-11-28,0.15,0.15,0.15,0.15,0.0,0.0
01235.HK,2023-11-29,0.15,0.15,0.15,0.15,0.0,0.0
01235.HK,2023-11-30,0.15,0.15,0.15,0.15,0.0,0.0
01235.HK,2023-12-01,0.15,0.15,0.15,0.15,0.0,0.0
01235.HK,2023-12-04,0.15,0.15,0.15,0.15,0.0,0.0
01235.HK,2023-12-05,0.15,0.15,0.15,0.15,0.0,0.0
01235.HK,2023-12-06,0.15,0.15,0.15,0.15,0.0,0.0
01235.HK,2023-12-07,0.15,0.15,0.15,0.15,10000.0,0.0
01235.HK,2023-12-08,0.15,0.15,0.15,0.15,0.0,0.0
01235.HK,2023-12-11,0.15,0.15,0.15,0.15,0.0,0.0
01235.HK,2023-12-12,0.134,0.134,0.128,0.132,465000.0,0.0
01235.HK,2023-12-13,0.132,0.132,0.132,0.132,30000.0,0.0
01235.HK,2023-12-14,0.132,0.132,0.12,0.12,1115000.0,0.0
01235.HK,2023-12-15,0.124,0.13,0.124,0.126,110000.0,0.0
01235.HK,2023-12-18,0.126,0.126,0.126,0.126,0.0,0.0
01235.HK,2023-12-19,0.126,0.126,0.126,0.126,0.0,0.0
01235.HK,2023-12-20,0.126,0.128,0.126,0.128,30000.0,0.0
01235.HK,2023-12-21,0.126,0.126,0.126,0.126,35000.0,0.0
01235.HK,2023-12-22,0.126,0.126,0.126,0.126,15000.0,0.0
01235.HK,2023-12-27,0.126,0.126,0.126,0.126,0.0,0.0
01235.HK,2023-12-28,0.126,0.126,0.126,0.126,0.0,0.0
01235.HK,2023-12-29,0.126,0.126,0.126,0.126,0.0,0.0
01235.HK,2024-01-02,0.126,0.126,0.126,0.126,0.0,0.0
01235.HK,2024-01-03,0.126,0.126,0.126,0.126,0.0,0.0
01235.HK,2024-01-04,0.126,0.126,0.126,0.126,0.0,0.0
01235.HK,2024-01-05,0.127,0.127,0.127,0.127,45000.0,0.0
01235.HK,2024-01-08,0.125,0.125,0.125,0.125,5000.0,0.0
01235.HK,2024-01-09,0.114,0.115,0.113,0.115,45000.0,0.0
01235.HK,2024-01-10,0.121,0.121,0.121,0.121,0.0,0.0
01235.HK,2024-01-11,0.121,0.121,0.121,0.121,0.0,0.0
01235.HK,2024-01-12,0.121,0.121,0.121,0.121,0.0,0.0
01235.HK,2024-01-15,0.125,0.128,0.125,0.128,405000.0,0.0
01235.HK,2024-01-16,0.134,0.134,0.134,0.134,165000.0,0.0
01235.HK,2024-01-17,0.136,0.145,0.136,0.145,360000.0,0.0
01235.HK,2024-01-18,0.152,0.165,0.15,0.158,2615000.0,0.0
01235.HK,2024-01-19,0.163,0.163,0.15,0.15,920000.0,0.0
01235.HK,2024-01-22,0.151,0.155,0.138,0.139,95000.0,0.0
01235.HK,2024-01-23,0.139,0.139,0.128,0.132,625000.0,0.0
01235.HK,2024-01-24,0.148,0.148,0.134,0.135,145000.0,0.0
01235.HK,2024-01-25,0.136,0.136,0.135,0.135,140000.0,0.0
01235.HK,2024-01-26,0.134,0.134,0.134,0.134,50000.0,0.0
01235.HK,2024-01-29,0.133,0.134,0.133,0.133,70000.0,0.0
01235.HK,2024-01-30,0.132,0.132,0.132,0.132,100000.0,0.0
01235.HK,2024-01-31,0.132,0.132,0.132,0.132,0.0,0.0
01235.HK,2024-02-01,0.128,0.128,0.128,0.128,10000.0,0.0
01235.HK,2024-02-02,0.128,0.128,0.128,0.128,10000.0,0.0
01235.HK,2024-02-05,0.133,0.136,0.132,0.136,225000.0,0.0
01235.HK,2024-02-06,0.135,0.135,0.135,0.135,0.0,0.0
01235.HK,2024-02-07,0.135,0.135,0.135,0.135,0.0,0.0
01235.HK,2024-02-08,0.127,0.133,0.127,0.133,100000.0,0.0
01235.HK,2024-02-09,0.122,0.122,0.118,0.12,175000.0,0.0
01235.HK,2024-02-14,0.121,0.127,0.112,0.117,200000.0,0.0
01235.HK,2024-02-15,0.12,0.125,0.12,0.125,60000.0,0.0
01235.HK,2024-02-16,0.131,0.131,0.131,0.131,40000.0,0.0
01235.HK,2024-02-19,0.128,0.132,0.127,0.127,65000.0,0.0
01235.HK,2024-02-20,0.119,0.134,0.119,0.134,935000.0,0.0
01235.HK,2024-02-21,0.135,0.135,0.132,0.132,190000.0,0.0
01235.HK,2024-02-22,0.144,0.144,0.144,0.144,5000.0,0.0
01235.HK,2024-02-23,0.144,0.144,0.144,0.144,0.0,0.0
01235.HK,2024-02-26,0.138,0.138,0.138,0.138,0.0,0.0
01235.HK,2024-02-27,0.127,0.136,0.127,0.136,285000.0,0.0
01235.HK,2024-02-28,0.133,0.135,0.128,0.128,260000.0,0.0
01235.HK,2024-02-29,0.127,0.128,0.127,0.128,30000.0,0.0
01235.HK,2024-03-01,0.128,0.128,0.128,0.128,125000.0,0.0
01235.HK,2024-03-04,0.128,0.128,0.128,0.128,0.0,0.0
01235.HK,2024-03-05,0.123,0.123,0.114,0.12,215000.0,0.0
01235.HK,2024-03-06,0.12,0.124,0.12,0.124,65000.0,0.0
01235.HK,2024-03-07,0.121,0.121,0.112,0.116,95000.0,0.0
01235.HK,2024-03-08,0.116,0.118,0.116,0.118,30000.0,0.0
01235.HK,2024-03-11,0.119,0.119,0.118,0.118,70000.0,0.0
01235.HK,2024-03-12,0.118,0.118,0.118,0.118,35000.0,0.0
01235.HK,2024-03-13,0.119,0.119,0.119,0.119,0.0,0.0
01235.HK,2024-03-14,0.119,0.119,0.119,0.119,0.0,0.0
01235.HK,2024-03-15,0.119,0.119,0.119,0.119,0.0,0.0
01235.HK,2024-03-18,0.119,0.119,0.119,0.119,0.0,0.0
01235.HK,2024-03-19,0.119,0.119,0.119,0.119,0.0,0.0
01235.HK,2024-03-20,0.119,0.119,0.119,0.119,5000.0,0.0
01235.HK,2024-03-21,0.119,0.119,0.119,0.119,0.0,0.0
01235.HK,2024-03-22,0.119,0.119,0.119,0.119,0.0,0.0
01235.HK,2024-03-25,0.13,0.13,0.13,0.13,5000.0,0.0
01235.HK,2024-03-26,0.13,0.13,0.13,0.13,0.0,0.0
01235.HK,2024-03-27,0.13,0.13,0.13,0.13,0.0,0.0
01235.HK,2024-03-28,0.125,0.134,0.125,0.134,100000.0,0.0
01235.HK,2024-04-02,0.13,0.13,0.13,0.13,40000.0,0.0
01235.HK,2024-04-03,0.132,0.132,0.132,0.132,5000.0,0.0
01235.HK,2024-04-05,0.132,0.132,0.132,0.132,0.0,0.0
01235.HK,2024-04-08,0.132,0.132,0.132,0.132,0.0,0.0
01235.HK,2024-04-09,0.13,0.13,0.13,0.13,0.0,0.0
01235.HK,2024-04-10,0.125,0.125,0.125,0.125,45000.0,0.0
01235.HK,2024-04-11,0.125,0.125,0.125,0.125,0.0,0.0
01235.HK,2024-04-12,0.125,0.125,0.125,0.125,0.0,0.0
01235.HK,2024-04-15,0.125,0.125,0.125,0.125,0.0,0.0
01235.HK,2024-04-16,0.125,0.125,0.125,0.125,0.0,0.0
01235.HK,2024-04-17,0.125,0.125,0.125,0.125,0.0,0.0
01235.HK,2024-04-18,0.125,0.125,0.125,0.125,0.0,0.0
01235.HK,2024-04-19,0.125,0.125,0.125,0.125,0.0,0.0
01235.HK,2024-04-22,0.112,0.119,0.112,0.119,115000.0,0.0
01235.HK,2024-04-23,0.119,0.119,0.119,0.119,0.0,0.0
01235.HK,2024-04-24,0.119,0.119,0.119,0.119,0.0,0.0
01235.HK,2024-04-25,0.119,0.119,0.119,0.119,0.0,0.0
01235.HK,2024-04-26,0.128,0.128,0.128,0.128,5000.0,0.0
01235.HK,2024-04-29,0.128,0.128,0.128,0.128,0.0,0.0
01235.HK,2024-04-30,0.128,0.128,0.128,0.128,0.0,0.0
01235.HK,2024-05-02,0.128,0.128,0.128,0.128,0.0,0.0
01235.HK,2024-05-03,0.13,0.13,0.13,0.13,150000.0,0.0
01235.HK,2024-05-06,0.13,0.13,0.13,0.13,0.0,0.0
01235.HK,2024-05-07,0.13,0.14,0.13,0.139,145000.0,0.0
01235.HK,2024-05-08,0.128,0.138,0.128,0.138,25000.0,0.0
01235.HK,2024-05-09,0.138,0.138,0.138,0.138,0.0,0.0
01235.HK,2024-05-10,0.137,0.14,0.137,0.139,165000.0,0.0
01235.HK,2024-05-13,0.139,0.144,0.139,0.14,350000.0,0.0
01235.HK,2024-05-14,0.135,0.139,0.135,0.135,340000.0,0.0
01235.HK,2024-05-16,0.135,0.135,0.135,0.135,0.0,0.0
01235.HK,2024-05-17,0.135,0.136,0.135,0.136,200000.0,0.0
01235.HK,2024-05-20,0.145,0.152,0.13,0.13,250000.0,0.0
01235.HK,2024-05-21,0.125,0.125,0.125,0.125,0.0,0.0
01235.HK,2024-05-22,0.135,0.152,0.122,0.152,160000.0,0.0
01235.HK,2024-05-23,0.155,0.155,0.14,0.145,265000.0,0.0
01235.HK,2024-05-24,0.145,0.145,0.145,0.145,0.0,0.0
01235.HK,2024-05-27,0.145,0.145,0.145,0.145,0.0,0.0
01235.HK,2024-05-28,0.13,0.132,0.13,0.132,100000.0,0.0
01235.HK,2024-05-29,0.121,0.14,0.121,0.14,30000.0,0.0
01235.HK,2024-05-30,0.14,0.14,0.14,0.14,0.0,0.0
01235.HK,2024-05-31,0.14,0.14,0.14,0.14,0.0,0.0
01235.HK,2024-06-03,0.14,0.14,0.14,0.14,0.0,0.0
01235.HK,2024-06-04,0.127,0.127,0.126,0.126,140000.0,0.0
01235.HK,2024-06-05,0.126,0.126,0.126,0.126,5000.0,0.0
01235.HK,2024-06-06,0.126,0.126,0.126,0.126,0.0,0.0
01235.HK,2024-06-07,0.126,0.126,0.126,0.126,0.0,0.0
01235.HK,2024-06-11,0.126,0.126,0.126,0.126,0.0,0.0
01235.HK,2024-06-12,0.126,0.126,0.126,0.126,0.0,0.0
01235.HK,2024-06-13,0.116,0.116,0.108,0.114,920000.0,0.0
01235.HK,2024-06-14,0.115,0.115,0.115,0.115,0.0,0.0
01235.HK,2024-06-17,0.115,0.115,0.115,0.115,0.0,0.0
01235.HK,2024-06-18,0.115,0.115,0.115,0.115,0.0,0.0
01235.HK,2024-06-19,0.115,0.115,0.115,0.115,0.0,0.0
01235.HK,2024-06-20,0.12,0.12,0.119,0.119,40000.0,0.0
01235.HK,2024-06-21,0.131,0.213,0.13,0.133,13590000.0,0.0
01235.HK,2024-06-24,0.135,0.149,0.128,0.145,585000.0,0.0
01235.HK,2024-06-25,0.138,0.148,0.138,0.148,1380000.0,0.0
01235.HK,2024-06-26,0.148,0.148,0.148,0.148,0.0,0.0
01235.HK,2024-06-27,0.138,0.15,0.138,0.142,130000.0,0.0
01235.HK,2024-06-28,0.147,0.15,0.143,0.146,700000.0,0.0
01235.HK,2024-07-02,0.144,0.144,0.144,0.144,160000.0,0.0
01235.HK,2024-07-03,0.148,0.148,0.141,0.147,440000.0,0.0
01235.HK,2024-07-04,0.147,0.147,0.147,0.147,0.0,0.0
01235.HK,2024-07-05,0.14,0.141,0.131,0.141,200000.0,0.0
01235.HK,2024-07-08,0.143,0.143,0.14,0.14,105000.0,0.0
01235.HK,2024-07-09,0.14,0.14,0.14,0.14,0.0,0.0
01235.HK,2024-07-10,0.14,0.14,0.14,0.14,0.0,0.0
01235.HK,2024-07-11,0.139,0.139,0.139,0.139,80000.0,0.0
01235.HK,2024-07-12,0.135,0.141,0.127,0.141,345000.0,0.0
01235.HK,2024-07-15,0.141,0.141,0.141,0.141,0.0,0.0
01235.HK,2024-07-16,0.141,0.141,0.141,0.141,0.0,0.0
01235.HK,2024-07-17,0.14,0.151,0.14,0.149,205000.0,0.0
01235.HK,2024-07-18,0.149,0.149,0.149,0.149,0.0,0.0
01235.HK,2024-07-19,0.149,0.149,0.146,0.146,50000.0,0.0
01235.HK,2024-07-22,0.146,0.146,0.146,0.146,0.0,0.0
01235.HK,2024-07-23,0.146,0.146,0.146,0.146,0.0,0.0
01235.HK,2024-07-24,0.141,0.148,0.135,0.148,245000.0,0.0
01235.HK,2024-07-25,0.148,0.148,0.148,0.148,0.0,0.0
01235.HK,2024-07-26,0.148,0.148,0.148,0.148,0.0,0.0
01235.HK,2024-07-29,0.148,0.148,0.145,0.148,70000.0,0.0
01235.HK,2024-07-30,0.148,0.148,0.148,0.148,0.0,0.0
01235.HK,2024-07-31,0.147,0.147,0.147,0.147,0.0,0.0
01235.HK,2024-08-01,0.147,0.147,0.146,0.146,10000.0,0.0
01235.HK,2024-08-02,0.148,0.148,0.148,0.148,10000.0,0.0
01235.HK,2024-08-05,0.148,0.148,0.148,0.148,0.0,0.0
01235.HK,2024-08-06,0.137,0.146,0.136,0.146,85000.0,0.0
01235.HK,2024-08-07,0.146,0.146,0.146,0.146,0.0,0.0
01235.HK,2024-08-08,0.145,0.145,0.145,0.145,0.0,0.0
01235.HK,2024-08-09,0.144,0.144,0.144,0.144,0.0,0.0
01235.HK,2024-08-12,0.144,0.144,0.144,0.144,120000.0,0.0
01235.HK,2024-08-13,0.14,0.142,0.14,0.142,5000.0,0.0
01235.HK,2024-08-14,0.142,0.142,0.142,0.142,125000.0,0.0
01235.HK,2024-08-15,0.142,0.142,0.142,0.142,0.0,0.0
01235.HK,2024-08-16,0.142,0.142,0.142,0.142,0.0,0.0
01235.HK,2024-08-19,0.149,0.149,0.148,0.148,20000.0,0.0
01235.HK,2024-08-20,0.146,0.146,0.146,0.146,0.0,0.0
01235.HK,2024-08-21,0.138,0.139,0.138,0.139,5000.0,0.0
01235.HK,2024-08-22,0.143,0.145,0.143,0.145,350000.0,0.0
01235.HK,2024-08-23,0.144,0.145,0.144,0.145,65000.0,0.0
01235.HK,2024-08-26,0.144,0.144,0.144,0.144,80000.0,0.0
01235.HK,2024-08-27,0.144,0.144,0.144,0.144,80000.0,0.0
01235.HK,2024-08-28,0.144,0.144,0.144,0.144,0.0,0.0
01235.HK,2024-08-29,0.14,0.144,0.14,0.14,195000.0,0.0
01235.HK,2024-08-30,0.14,0.14,0.14,0.14,0.0,0.0
01235.HK,2024-09-02,0.14,0.14,0.14,0.14,0.0,0.0
01235.HK,2024-09-03,0.14,0.14,0.14,0.14,0.0,0.0
01235.HK,2024-09-04,0.14,0.14,0.14,0.14,0.0,0.0
01235.HK,2024-09-05,0.14,0.14,0.14,0.14,0.0,0.0
01235.HK,2024-09-09,0.139,0.139,0.124,0.124,35000.0,0.0
01235.HK,2024-09-10,0.138,0.138,0.138,0.138,5000.0,0.0
01235.HK,2024-09-11,0.138,0.138,0.138,0.138,0.0,0.0
01235.HK,2024-09-12,0.138,0.138,0.138,0.138,0.0,0.0
01235.HK,2024-09-13,0.138,0.138,0.138,0.138,0.0,0.0
01235.HK,2024-09-16,0.138,0.138,0.138,0.138,0.0,0.0
01235.HK,2024-09-17,0.138,0.138,0.138,0.138,0.0,0.0
01235.HK,2024-09-19,0.138,0.138,0.138,0.138,0.0,0.0
01235.HK,2024-09-20,0.127,0.128,0.127,0.127,50000.0,0.0
01235.HK,2024-09-23,0.124,0.132,0.124,0.131,85000.0,0.0
01235.HK,2024-09-24,0.131,0.131,0.131,0.131,0.0,0.0
01235.HK,2024-09-25,0.131,0.131,0.125,0.125,140000.0,0.0
01235.HK,2024-09-26,0.129,0.13,0.129,0.13,450000.0,0.0
01235.HK,2024-09-27,0.134,0.134,0.134,0.134,5000.0,0.0
01235.HK,2024-09-30,0.137,0.137,0.135,0.135,5000.0,0.0
01235.HK,2024-10-02,0.137,0.154,0.137,0.14,450000.0,0.0
01235.HK,2024-10-03,0.15,0.158,0.149,0.15,1050000.0,0.0
01235.HK,2024-10-04,0.168,0.168,0.149,0.15,220000.0,0.0
01235.HK,2024-10-07,0.155,0.179,0.155,0.17,1055000.0,0.0
01235.HK,2024-10-08,0.17,0.175,0.169,0.175,210000.0,0.0
01235.HK,2024-10-09,0.169,0.169,0.16,0.16,10000.0,0.0
01235.HK,2024-10-10,0.17,0.17,0.17,0.17,10000.0,0.0
01235.HK,2024-10-14,0.17,0.17,0.17,0.17,0.0,0.0
01235.HK,2024-10-15,0.156,0.156,0.154,0.154,195000.0,0.0
01235.HK,2024-10-16,0.148,0.161,0.148,0.161,175000.0,0.0
01235.HK,2024-10-17,0.16,0.163,0.159,0.159,410000.0,0.0
01235.HK,2024-10-18,0.159,0.159,0.159,0.159,0.0,0.0
01235.HK,2024-10-21,0.158,0.158,0.158,0.158,50000.0,0.0
01235.HK,2024-10-22,0.158,0.158,0.158,0.158,0.0,0.0
01235.HK,2024-10-23,0.153,0.177,0.153,0.169,320000.0,0.0
01235.HK,2024-10-24,0.161,0.161,0.161,0.161,20000.0,0.0
01235.HK,2024-10-25,0.169,0.169,0.162,0.162,150000.0,0.0
01235.HK,2024-10-28,0.164,0.164,0.164,0.164,10000.0,0.0
01235.HK,2024-10-29,0.164,0.164,0.164,0.164,0.0,0.0
01235.HK,2024-10-30,0.161,0.176,0.161,0.169,240000.0,0.0
01235.HK,2024-10-31,0.171,0.195,0.17,0.19,1050000.0,0.0
01235.HK,2024-11-01,0.19,0.19,0.177,0.18,875000.0,0.0
01235.HK,2024-11-04,0.18,0.18,0.18,0.18,5000.0,0.0
01235.HK,2024-11-05,0.19,0.19,0.181,0.19,350000.0,0.0
01235.HK,2024-11-06,0.19,0.19,0.19,0.19,0.0,0.0
01235.HK,2024-11-07,0.188,0.188,0.188,0.188,0.0,0.0
01235.HK,2024-11-08,0.188,0.188,0.188,0.188,0.0,0.0
01235.HK,2024-11-11,0.186,0.186,0.186,0.186,0.0,0.0
01235.HK,2024-11-12,0.184,0.184,0.184,0.184,100000.0,0.0
01235.HK,2024-11-13,0.183,0.183,0.183,0.183,0.0,0.0
01235.HK,2024-11-14,0.171,0.182,0.171,0.181,160000.0,0.0
01235.HK,2024-11-15,0.181,0.181,0.181,0.181,0.0,0.0
01235.HK,2024-11-18,0.181,0.181,0.181,0.181,0.0,0.0
01235.HK,2024-11-19,0.181,0.181,0.181,0.181,0.0,0.0
01235.HK,2024-11-20,0.181,0.181,0.181,0.181,0.0,0.0
01235.HK,2024-11-21,0.181,0.181,0.181,0.181,0.0,0.0
01235.HK,2024-11-22,0.181,0.181,0.181,0.181,0.0,0.0
01235.HK,2024-11-25,0.181,0.181,0.181,0.181,0.0,0.0
01235.HK,2024-11-26,0.175,0.175,0.175,0.175,65000.0,0.0
01235.HK,2024-11-27,0.171,0.171,0.17,0.171,100000.0,0.0
01235.HK,2024-11-28,0.172,0.172,0.171,0.171,55000.0,0.0
01235.HK,2024-11-29,0.171,0.171,0.171,0.171,0.0,0.0
01235.HK,2024-12-02,0.171,0.184,0.162,0.179,75000.0,0.0
01235.HK,2024-12-03,0.17,0.17,0.17,0.17,200000.0,0.0
01235.HK,2024-12-04,0.17,0.17,0.17,0.17,0.0,0.0
01235.HK,2024-12-05,0.169,0.169,0.169,0.169,0.0,0.0
01235.HK,2024-12-06,0.168,0.168,0.168,0.168,50000.0,0.0
01235.HK,2024-12-09,0.168,0.168,0.168,0.168,0.0,0.0
01235.HK,2024-12-10,0.16,0.16,0.16,0.16,15000.0,0.0
01235.HK,2024-12-11,0.16,0.16,0.16,0.16,0.0,0.0
01235.HK,2024-12-12,0.16,0.16,0.16,0.16,0.0,0.0
01235.HK,2024-12-13,0.16,0.16,0.16,0.16,0.0,0.0
01235.HK,2024-12-16,0.16,0.16,0.16,0.16,0.0,0.0
01235.HK,2024-12-17,0.16,0.16,0.16,0.16,0.0,0.0
01235.HK,2024-12-18,0.16,0.16,0.16,0.16,40000.0,0.0
01235.HK,2024-12-19,0.16,0.16,0.16,0.16,0.0,0.0
01235.HK,2024-12-20,0.16,0.16,0.16,0.16,0.0,0.0
01235.HK,2024-12-23,0.16,0.16,0.16,0.16,0.0,0.0
01235.HK,2024-12-24,0.16,0.16,0.16,0.16,0.0,0.0
01235.HK,2024-12-27,0.16,0.16,0.16,0.16,0.0,0.0
01235.HK,2024-12-30,0.16,0.16,0.16,0.16,0.0,0.0
01235.HK,2024-12-31,0.159,0.159,0.155,0.155,150000.0,0.0
01235.HK,2025-01-02,0.143,0.158,0.142,0.158,530000.0,0.0
01235.HK,2025-01-03,0.144,0.154,0.142,0.147,185000.0,0.0
01235.HK,2025-01-06,0.14,0.14,0.14,0.14,15000.0,0.0
01235.HK,2025-01-07,0.14,0.14,0.14,0.14,25000.0,0.0
01235.HK,2025-01-08,0.126,0.143,0.126,0.143,240000.0,0.0
01235.HK,2025-01-09,0.143,0.143,0.143,0.143,0.0,0.0
01235.HK,2025-01-10,0.143,0.143,0.143,0.143,0.0,0.0
01235.HK,2025-01-13,0.143,0.143,0.143,0.143,0.0,0.0
01235.HK,2025-01-14,0.143,0.143,0.143,0.143,0.0,0.0
01235.HK,2025-01-15,0.143,0.143,0.143,0.143,0.0,0.0
01235.HK,2025-01-16,0.143,0.143,0.143,0.143,30000.0,0.0
01235.HK,2025-01-17,0.143,0.143,0.143,0.143,0.0,0.0
01235.HK,2025-01-20,0.143,0.143,0.143,0.143,0.0,0.0
01235.HK,2025-01-21,0.143,0.143,0.143,0.143,0.0,0.0
01235.HK,2025-01-22,0.131,0.154,0.131,0.147,240000.0,0.0
01235.HK,2025-01-23,0.13,0.132,0.13,0.132,20000.0,0.0
01235.HK,2025-01-24,0.132,0.132,0.132,0.132,0.0,0.0
01235.HK,2025-01-27,0.15,0.15,0.15,0.15,5000.0,0.0
01235.HK,2025-01-28,0.15,0.15,0.15,0.15,0.0,0.0
01235.HK,2025-02-03,0.132,0.14,0.131,0.14,160000.0,0.0
01235.HK,2025-02-04,0.139,0.139,0.139,0.139,40000.0,0.0
01235.HK,2025-02-05,0.139,0.139,0.139,0.139,0.0,0.0
01235.HK,2025-02-06,0.139,0.139,0.139,0.139,0.0,0.0
01235.HK,2025-02-07,0.139,0.139,0.139,0.139,0.0,0.0
01235.HK,2025-02-10,0.139,0.139,0.139,0.139,0.0,0.0
01235.HK,2025-02-11,0.149,0.149,0.149,0.149,20000.0,0.0
01235.HK,2025-02-12,0.132,0.145,0.131,0.141,75000.0,0.0
01235.HK,2025-02-13,0.134,0.136,0.134,0.136,55000.0,0.0
01235.HK,2025-02-14,0.15,0.15,0.148,0.148,5000.0,0.0
01235.HK,2025-02-17,0.148,0.148,0.148,0.148,0.0,0.0
01235.HK,2025-02-18,0.148,0.158,0.148,0.156,25000.0,0.0
01235.HK,2025-02-19,0.168,0.168,0.167,0.167,10000.0,0.0
01235.HK,2025-02-20,0.152,0.198,0.148,0.156,3365000.0,0.0
01235.HK,2025-02-21,0.153,0.153,0.14,0.141,1115000.0,0.0
01235.HK,2025-02-24,0.143,0.157,0.143,0.15,140000.0,0.0
01235.HK,2025-02-25,0.147,0.147,0.147,0.147,0.0,0.0
01235.HK,2025-02-26,0.15,0.15,0.15,0.15,10000.0,0.0
01235.HK,2025-02-27,0.145,0.145,0.145,0.145,150000.0,0.0
01235.HK,2025-02-28,0.145,0.145,0.145,0.145,50000.0,0.0
01235.HK,2025-03-03,0.145,0.145,0.145,0.145,0.0,0.0
01235.HK,2025-03-04,0.14,0.144,0.137,0.144,325000.0,0.0
01235.HK,2025-03-05,0.146,0.146,0.146,0.146,65000.0,0.0
01235.HK,2025-03-06,0.153,0.153,0.153,0.153,60000.0,0.0
01235.HK,2025-03-07,0.148,0.148,0.148,0.148,0.0,0.0
01235.HK,2025-03-10,0.148,0.148,0.148,0.148,0.0,0.0
01235.HK,2025-03-11,0.145,0.145,0.145,0.145,0.0,0.0
01235.HK,2025-03-12,0.143,0.143,0.143,0.143,80000.0,0.0
01235.HK,2025-03-13,0.145,0.145,0.145,0.145,20000.0,0.0
01235.HK,2025-03-14,0.147,0.255,0.147,0.16,1735000.0,0.0
01235.HK,2025-03-17,0.156,0.156,0.156,0.156,80000.0,0.0
01235.HK,2025-03-18,0.164,0.164,0.144,0.148,820000.0,0.0
01235.HK,2025-03-19,0.164,0.164,0.162,0.162,50000.0,0.0
01235.HK,2025-03-20,0.158,0.158,0.158,0.158,0.0,0.0
01235.HK,2025-03-21,0.155,0.155,0.15,0.15,50000.0,0.0
01235.HK,2025-03-24,0.147,0.157,0.147,0.156,175000.0,0.0
01235.HK,2025-03-25,0.156,0.156,0.156,0.156,0.0,0.0
01235.HK,2025-03-26,0.156,0.156,0.156,0.156,0.0,0.0
01235.HK,2025-03-27,0.145,0.153,0.144,0.153,95000.0,0.0
01235.HK,2025-03-28,0.153,0.153,0.153,0.153,0.0,0.0
01235.HK,2025-03-31,0.153,0.155,0.153,0.155,20000.0,0.0
01235.HK,2025-04-01,0.146,0.146,0.146,0.146,25000.0,0.0
01235.HK,2025-04-02,0.159,0.159,0.155,0.155,5000.0,0.0
01235.HK,2025-04-03,0.147,0.154,0.147,0.151,330000.0,0.0
01235.HK,2025-04-07,0.149,0.149,0.149,0.149,20000.0,0.0
01235.HK,2025-04-08,0.14,0.14,0.138,0.138,350000.0,0.0
01235.HK,2025-04-09,0.138,0.138,0.138,0.138,0.0,0.0
01235.HK,2025-04-10,0.138,0.138,0.138,0.138,0.0,0.0
01235.HK,2025-04-11,0.138,0.138,0.138,0.138,0.0,0.0
01235.HK,2025-04-14,0.131,0.139,0.131,0.139,160000.0,0.0
01235.HK,2025-04-15,0.139,0.139,0.139,0.139,0.0,0.0
01235.HK,2025-04-16,0.139,0.139,0.139,0.139,0.0,0.0
01235.HK,2025-04-17,0.139,0.139,0.139,0.139,0.0,0.0
01235.HK,2025-04-22,0.139,0.139,0.139,0.139,0.0,0.0
01235.HK,2025-04-23,0.141,0.141,0.141,0.141,10000.0,0.0
01235.HK,2025-04-24,0.139,0.14,0.139,0.14,40000.0,0.0
01235.HK,2025-04-25,0.147,0.147,0.14,0.14,90000.0,0.0
01235.HK,2025-04-28,0.141,0.141,0.141,0.141,245000.0,0.0
01235.HK,2025-04-29,0.141,0.147,0.141,0.147,265000.0,0.0
01235.HK,2025-04-30,0.148,0.148,0.148,0.148,55000.0,0.0
01235.HK,2025-05-02,0.15,0.15,0.139,0.139,255000.0,0.0
01235.HK,2025-05-06,0.158,0.158,0.156,0.156,5000.0,0.0
01235.HK,2025-05-07,0.159,0.159,0.155,0.156,255000.0,0.0
01235.HK,2025-05-08,0.156,0.156,0.156,0.156,0.0,0.0
01235.HK,2025-05-09,0.156,0.156,0.156,0.156,0.0,0.0
01235.HK,2025-05-12,0.156,0.156,0.156,0.156,0.0,0.0
01235.HK,2025-05-13,0.156,0.156,0.156,0.156,0.0,0.0
01235.HK,2025-05-14,0.143,0.16,0.143,0.144,25000.0,0.0
01235.HK,2025-05-15,0.144,0.144,0.144,0.144,0.0,0.0
01235.HK,2025-05-16,0.143,0.154,0.143,0.154,10000.0,0.0
01235.HK,2025-05-19,0.154,0.154,0.154,0.154,0.0,0.0
01235.HK,2025-05-20,0.156,0.16,0.156,0.16,380000.0,0.0
01235.HK,2025-05-21,0.16,0.16,0.16,0.16,0.0,0.0
01235.HK,2025-05-22,0.149,0.16,0.149,0.159,230000.0,0.0
01235.HK,2025-05-23,0.159,0.159,0.159,0.159,0.0,0.0
01235.HK,2025-05-26,0.159,0.159,0.159,0.159,0.0,0.0
01235.HK,2025-05-27,0.159,0.159,0.159,0.159,0.0,0.0
01235.HK,2025-05-28,0.159,0.159,0.159,0.159,0.0,0.0
01235.HK,2025-05-29,0.159,0.159,0.159,0.159,0.0,0.0
01235.HK,2025-05-30,0.159,0.159,0.159,0.159,0.0,0.0
01235.HK,2025-06-02,0.159,0.159,0.159,0.159,0.0,0.0
01235.HK,2025-06-03,0.157,0.157,0.157,0.157,0.0,0.0
01235.HK,2025-06-04,0.153,0.153,0.153,0.153,0.0,0.0
01235.HK,2025-06-05,0.148,0.153,0.147,0.153,110000.0,0.0
01235.HK,2025-06-06,0.149,0.149,0.149,0.149,0.0,0.0
01235.HK,2025-06-09,0.146,0.146,0.145,0.145,85000.0,0.0
01235.HK,2025-06-10,0.146,0.146,0.145,0.145,35000.0,0.0
01235.HK,2025-06-11,0.145,0.145,0.145,0.145,0.0,0.0
01235.HK,2025-06-12,0.146,0.146,0.146,0.146,0.0,0.0
01235.HK,2025-06-13,0.152,0.152,0.152,0.152,5000.0,0.0
01235.HK,2025-06-16,0.152,0.152,0.152,0.152,20000.0,0.0
01235.HK,2025-06-17,0.152,0.152,0.152,0.152,0.0,0.0
01235.HK,2025-06-18,0.152,0.152,0.152,0.152,0.0,0.0
01235.HK,2025-06-19,0.152,0.152,0.141,0.141,525000.0,0.0
01235.HK,2025-06-20,0.144,0.144,0.144,0.144,0.0,0.0
01235.HK,2025-06-23,0.144,0.144,0.144,0.144,0.0,0.0
01235.HK,2025-06-24,0.151,0.154,0.151,0.154,100000.0,0.0
01235.HK,2025-06-25,0.154,0.154,0.154,0.154,0.0,0.0
01235.HK,2025-06-26,0.166,0.28,0.166,0.173,7050000.0,0.0
01235.HK,2025-06-27,0.173,0.179,0.162,0.162,915000.0,0.0
01235.HK,2025-06-30,0.171,0.173,0.162,0.162,530000.0,0.0
01235.HK,2025-07-02,0.162,0.162,0.16,0.16,55000.0,0.0
01235.HK,2025-07-03,0.158,0.173,0.157,0.169,110000.0,0.0
01235.HK,2025-07-04,0.169,0.169,0.169,0.169,20000.0,0.0
01235.HK,2025-07-07,0.169,0.169,0.169,0.169,0.0,0.0
01235.HK,2025-07-08,0.167,0.167,0.155,0.155,260000.0,0.0
01235.HK,2025-07-09,0.156,0.156,0.156,0.156,20000.0,0.0
01235.HK,2025-07-10,0.156,0.156,0.156,0.156,110000.0,0.0
01235.HK,2025-07-11,0.157,0.157,0.157,0.157,30000.0,0.0
01235.HK,2025-07-14,0.16,0.16,0.16,0.16,85000.0,0.0
01235.HK,2025-07-15,0.171,0.171,0.157,0.157,65000.0,0.0
01235.HK,2025-07-16,0.157,0.157,0.157,0.157,0.0,0.0
01235.HK,2025-07-17,0.157,0.157,0.157,0.157,5000.0,0.0
01235.HK,2025-07-18,0.156,0.157,0.155,0.155,115000.0,0.0
01235.HK,2025-07-21,0.155,0.155,0.155,0.155,15000.0,0.0
01235.HK,2025-07-22,0.151,0.165,0.151,0.153,85000.0,0.0
01235.HK,2025-07-23,0.152,0.157,0.152,0.157,50000.0,0.0
01235.HK,2025-07-24,0.157,0.157,0.157,0.157,0.0,0.0
01235.HK,2025-07-25,0.158,0.16,0.158,0.158,380000.0,0.0
01235.HK,2025-07-28,0.16,0.16,0.158,0.158,660000.0,0.0
01235.HK,2025-07-29,0.158,0.158,0.158,0.158,0.0,0.0
01235.HK,2025-07-30,0.156,0.156,0.156,0.156,40000.0,0.0
01235.HK,2025-07-31,0.165,0.165,0.165,0.165,5000.0,0.0
01235.HK,2025-08-01,0.164,0.164,0.164,0.164,0.0,0.0
01235.HK,2025-08-04,0.16,0.16,0.16,0.16,0.0,0.0
01235.HK,2025-08-05,0.158,0.158,0.158,0.158,25000.0,0.0
01235.HK,2025-08-06,0.154,0.161,0.15,0.161,260000.0,0.0
01235.HK,2025-08-07,0.151,0.152,0.151,0.152,160000.0,0.0
01235.HK,2025-08-08,0.154,0.154,0.154,0.154,30000.0,0.0
01235.HK,2025-08-11,0.154,0.154,0.154,0.154,1000000.0,0.0
01235.HK,2025-08-12,0.154,0.154,0.154,0.154,0.0,0.0
01235.HK,2025-08-13,0.159,0.17,0.159,0.165,235000.0,0.0
01235.HK,2025-08-14,0.165,0.165,0.165,0.165,0.0,0.0
01235.HK,2025-08-15,0.165,0.165,0.164,0.164,65000.0,0.0
01235.HK,2025-08-18,0.164,0.164,0.164,0.164,0.0,0.0
01235.HK,2025-08-19,0.164,0.164,0.164,0.164,0.0,0.0
01235.HK,2025-08-20,0.164,0.164,0.164,0.164,0.0,0.0
01235.HK,2025-08-21,0.164,0.164,0.164,0.164,0.0,0.0
01235.HK,2025-08-22,0.16,0.16,0.158,0.158,65000.0,0.0
01235.HK,2025-08-25,0.16,0.16,0.159,0.159,270000.0,0.0
01235.HK,2025-08-26,0.16,0.16,0.159,0.159,205000.0,0.0
01235.HK,2025-08-27,0.16,0.175,0.16,0.175,70000.0,0.0
01235.HK,2025-08-28,0.175,0.175,0.175,0.175,0.0,0.0
01235.HK,2025-08-29,0.175,0.175,0.175,0.175,0.0,0.0
01235.HK,2025-09-01,0.172,0.172,0.172,0.172,0.0,0.0
01235.HK,2025-09-02,0.172,0.172,0.172,0.172,0.0,0.0
01235.HK,2025-09-03,0.172,0.172,0.172,0.172,0.0,0.0
01235.HK,2025-09-04,0.168,0.168,0.168,0.168,60000.0,0.0
01235.HK,2025-09-05,0.169,0.169,0.168,0.168,160000.0,0.0
01235.HK,2025-09-08,0.167,0.19,0.167,0.175,1410000.0,0.0
01235.HK,2025-09-09,0.184,0.184,0.172,0.176,110000.0,0.0
01235.HK,2025-09-10,0.17,0.171,0.17,0.171,10000.0,0.0
01235.HK,2025-09-11,0.176,0.179,0.162,0.162,1075000.0,0.0
01235.HK,2025-09-12,0.163,0.165,0.163,0.165,25000.0,0.0
01235.HK,2025-09-15,0.165,0.165,0.165,0.165,60000.0,0.0
01235.HK,2025-09-16,0.165,0.165,0.165,0.165,0.0,0.0
01235.HK,2025-09-17,0.173,0.183,0.173,0.182,205000.0,0.0
01235.HK,2025-09-18,0.179,0.18,0.179,0.18,30000.0,0.0
01235.HK,2025-09-19,0.17,0.18,0.17,0.178,110000.0,0.0
01235.HK,2025-09-22,0.177,0.184,0.177,0.177,435000.0,0.0
01235.HK,2025-09-23,0.177,0.177,0.171,0.172,420000.0,0.0
01235.HK,2025-09-24,0.173,0.187,0.172,0.182,695000.0,0.0
01235.HK,2025-09-25,0.179,0.187,0.173,0.175,320000.0,0.0
01235.HK,2025-09-26,0.174,0.174,0.174,0.174,0.0,0.0
01235.HK,2025-09-29,0.173,0.176,0.173,0.176,125000.0,0.0
01235.HK,2025-09-30,0.18,0.18,0.18,0.18,0.0,0.0
01235.HK,2025-10-02,0.18,0.18,0.18,0.18,0.0,0.0
01235.HK,2025-10-03,0.18,0.18,0.177,0.177,140000.0,0.0
01235.HK,2025-10-06,0.177,0.177,0.177,0.177,0.0,0.0
01235.HK,2025-10-08,0.176,0.176,0.176,0.176,0.0,0.0
01235.HK,2025-10-09,0.173,0.173,0.173,0.173,10000.0,0.0
01235.HK,2025-10-10,0.187,0.187,0.175,0.176,70000.0,0.0
01235.HK,2025-10-13,0.175,0.176,0.175,0.176,40000.0,0.0
01235.HK,2025-10-14,0.169,0.173,0.169,0.173,145000.0,0.0
01235.HK,2025-10-15,0.173,0.173,0.173,0.173,0.0,0.0
01235.HK,2025-10-16,0.168,0.178,0.168,0.178,240000.0,0.0
01235.HK,2025-10-17,0.178,0.178,0.178,0.178,0.0,0.0
01235.HK,2025-10-20,0.178,0.178,0.178,0.178,0.0,0.0
01235.HK,2025-10-21,0.178,0.178,0.178,0.178,0.0,0.0
01235.HK,2025-10-22,0.178,0.178,0.178,0.178,0.0,0.0
01235.HK,2025-10-23,0.175,0.175,0.165,0.165,240000.0,0.0
01235.HK,2025-10-24,0.181,0.181,0.175,0.175,70000.0,0.0
01235.HK,2025-10-27,0.175,0.175,0.175,0.175,0.0,0.0
01235.HK,2025-10-28,0.175,0.175,0.175,0.175,0.0,0.0
01235.HK,2025-10-30,0.175,0.175,0.175,0.175,0.0,0.0
01235.HK,2025-10-31,0.175,0.175,0.175,0.175,0.0,0.0
01235.HK,2025-11-03,0.175,0.175,0.175,0.175,0.0,0.0
01235.HK,2025-11-04,0.175,0.175,0.175,0.175,0.0,0.0
01235.HK,2025-11-05,0.171,0.171,0.171,0.171,35000.0,0.0
01235.HK,2025-11-06,0.171,0.171,0.171,0.171,0.0,0.0
01235.HK,2025-11-07,0.171,0.171,0.171,0.171,0.0,0.0
01235.HK,2025-11-10,0.171,0.171,0.171,0.171,0.0,0.0
01235.HK,2025-11-11,0.171,0.171,0.171,0.171,0.0,0.0
01235.HK,2025-11-12,0.171,0.175,0.164,0.173,215000.0,0.0
01235.HK,2025-11-13,0.173,0.173,0.173,0.173,0.0,0.0
01235.HK,2025-11-14,0.17,0.17,0.17,0.17,0.0,0.0
01235.HK,2025-11-17,0.169,0.17,0.169,0.17,40000.0,0.0
01235.HK,2025-11-18,0.168,0.168,0.165,0.165,50000.0,0.0
01235.HK,2025-11-19,0.165,0.165,0.165,0.165,0.0,0.0
01235.HK,2025-11-20,0.164,0.165,0.164,0.165,10000.0,0.0
01235.HK,2025-11-21,0.165,0.165,0.165,0.165,0.0,0.0
01235.HK,2025-11-24,0.165,0.165,0.165,0.165,0.0,0.0
01235.HK,2025-11-25,0.165,0.165,0.165,0.165,0.0,0.0
01235.HK,2025-11-26,0.165,0.165,0.165,0.165,0.0,0.0
01235.HK,2025-11-27,0.165,0.17,0.165,0.17,20000.0,0.0
01235.HK,2025-11-28,0.17,0.17,0.17,0.17,5000.0,0.0
01235.HK,2025-12-01,0.17,0.17,0.17,0.17,0.0,0.0
01235.HK,2025-12-02,0.17,0.17,0.17,0.17,0.0,0.0
01235.HK,2025-12-03,0.172,0.172,0.172,0.172,5000.0,0.0
01235.HK,2025-12-04,0.159,0.164,0.159,0.164,80000.0,0.0
01235.HK,2025-12-05,0.172,0.172,0.172,0.172,0.0,0.0
01235.HK,2025-12-08,0.172,0.172,0.172,0.172,0.0,0.0
01235.HK,2025-12-09,0.166,0.178,0.166,0.175,165000.0,0.0
01235.HK,2025-12-10,0.175,0.175,0.175,0.175,45000.0,0.0
01235.HK,2025-12-11,0.175,0.175,0.175,0.175,10000.0,0.0
01235.HK,2025-12-12,0.175,0.175,0.175,0.175,0.0,0.0
01235.HK,2025-12-15,0.175,0.175,0.175,0.175,0.0,0.0
01235.HK,2025-12-16,0.175,0.175,0.175,0.175,0.0,0.0
01235.HK,2025-12-17,0.175,0.175,0.175,0.175,0.0,0.0
01235.HK,2025-12-18,0.175,0.175,0.175,0.175,0.0,0.0
01235.HK,2025-12-19,0.176,0.176,0.176,0.176,0.0,0.0
01235.HK,2025-12-22,0.176,0.176,0.176,0.176,0.0,0.0
01235.HK,2025-12-23,0.176,0.176,0.176,0.176,0.0,0.0
01235.HK,2025-12-24,0.179,0.182,0.179,0.179,305000.0,0.0
01235.HK,2025-12-29,0.18,0.18,0.18,0.18,55000.0,0.0
01235.HK,2025-12-30,0.18,0.18,0.18,0.18,20000.0,0.0
01235.HK,2025-12-31,0.18,0.18,0.18,0.18,0.0,0.0
01235.HK,2026-01-02,0.18,0.18,0.18,0.18,0.0,0.0
01235.HK,2026-01-05,0.18,0.18,0.18,0.18,0.0,0.0
01235.HK,2026-01-06,0.18,0.18,0.18,0.18,0.0,0.0
01235.HK,2026-01-07,0.18,0.18,0.18,0.18,0.0,0.0
01235.HK,2026-01-08,0.163,0.174,0.163,0.164,705000.0,0.0
01235.HK,2026-01-09,0.168,0.168,0.165,0.165,150000.0,0.0
01235.HK,2026-01-12,0.166,0.166,0.166,0.166,0.0,0.0
01235.HK,2026-01-13,0.166,0.166,0.166,0.166,0.0,0.0
01235.HK,2026-01-14,0.166,0.166,0.166,0.166,10000.0,0.0
01235.HK,2026-01-15,0.167,0.167,0.167,0.167,5000.0,0.0
01235.HK,2026-01-16,0.167,0.167,0.165,0.166,285000.0,0.0
01235.HK,2026-01-19,0.166,0.166,0.166,0.166,0.0,0.0
01235.HK,2026-01-20,0.184,0.184,0.179,0.179,5000.0,0.0
01235.HK,2026-01-21,0.179,0.179,0.179,0.179,0.0,0.0
01235.HK,2026-01-22,0.179,0.179,0.179,0.179,0.0,0.0
01235.HK,2026-01-23,0.179,0.179,0.175,0.175,15000.0,0.0
01235.HK,2026-01-26,0.17,0.17,0.17,0.17,40000.0,0.0
01235.HK,2026-01-27,0.17,0.17,0.17,0.17,5000.0,0.0
01235.HK,2026-01-28,0.17,0.17,0.17,0.17,0.0,0.0
01235.HK,2026-01-29,0.17,0.17,0.17,0.17,0.0,0.0
01235.HK,2026-01-30,0.17,0.17,0.17,0.17,10000.0,0.0
01235.HK,2026-02-02,0.17,0.17,0.17,0.17,0.0,0.0
01235.HK,2026-02-03,0.17,0.17,0.17,0.17,0.0,0.0
01235.HK,2026-02-04,0.17,0.172,0.17,0.17,70000.0,0.0
01235.HK,2026-02-05,0.171,0.171,0.166,0.17,80000.0,0.0
01235.HK,2026-02-06,0.171,0.171,0.171,0.171,240000.0,0.0
01235.HK,2026-02-09,0.171,0.171,0.171,0.171,0.0,0.0
01235.HK,2026-02-10,0.173,0.173,0.173,0.173,45000.0,0.0
01235.HK,2026-02-11,0.173,0.173,0.173,0.173,0.0,0.0
01235.HK,2026-02-12,0.165,0.165,0.165,0.165,10000.0,0.0
01235.HK,2026-02-13,0.168,0.168,0.168,0.168,0.0,0.0
01235.HK,2026-02-16,0.168,0.168,0.168,0.168,0.0,0.0
01235.HK,2026-02-20,0.168,0.168,0.168,0.168,185000.0,0.0
01235.HK,2026-02-23,0.165,0.168,0.165,0.168,10000.0,0.0
01235.HK,2026-02-24,0.168,0.171,0.168,0.171,5000.0,0.0
01235.HK,2026-02-25,0.171,0.171,0.171,0.171,0.0,0.0
01235.HK,2026-02-26,0.174,0.174,0.174,0.174,20000.0,0.0
01235.HK,2026-02-27,0.177,0.178,0.177,0.178,115000.0,0.0
01235.HK,2026-03-02,0.178,0.178,0.177,0.177,165000.0,0.0
01235.HK,2026-03-03,0.18,0.18,0.18,0.18,115000.0,0.0
01235.HK,2026-03-04,0.17,0.173,0.169,0.169,500000.0,0.0
01235.HK,2026-03-05,0.17,0.17,0.17,0.17,0.0,0.0
01235.HK,2026-03-06,0.17,0.17,0.17,0.17,0.0,0.0
01235.HK,2026-03-09,0.169,0.17,0.169,0.17,40000.0,0.0
01235.HK,2026-03-10,0.17,0.17,0.17,0.17,0.0,0.0
01235.HK,2026-03-11,0.172,0.172,0.172,0.172,0.0,0.0
01235.HK,2026-03-12,0.172,0.172,0.172,0.172,0.0,0.0
01235.HK,2026-03-13,0.172,0.172,0.172,0.172,30000.0,0.0
01235.HK,2026-03-16,0.172,0.172,0.172,0.172,0.0,0.0
01235.HK,2026-03-17,0.172,0.172,0.172,0.172,0.0,0.0
01235.HK,2026-03-18,0.171,0.171,0.171,0.171,5000.0,0.0
01235.HK,2026-03-19,0.177,0.177,0.177,0.177,60000.0,0.0
01235.HK,2026-03-20,0.177,0.177,0.177,0.177,0.0,0.0
01235.HK,2026-03-23,0.177,0.177,0.177,0.177,0.0,0.0
01235.HK,2026-03-24,0.177,0.177,0.177,0.177,0.0,0.0
01235.HK,2026-03-25,0.179,0.179,0.179,0.179,100000.0,0.0
01235.HK,2026-03-26,0.179,0.179,0.179,0.179,0.0,0.0
01235.HK,2026-03-27,0.179,0.179,0.179,0.179,0.0,0.0
01235.HK,2026-03-30,0.179,0.179,0.179,0.179,0.0,0.0
01235.HK,2026-03-31,0.176,0.176,0.173,0.173,125000.0,0.0
01235.HK,2026-04-01,0.172,0.173,0.172,0.173,15000.0,0.0
01235.HK,2026-04-02,0.173,0.173,0.173,0.173,5000.0,0.0
01235.HK,2026-04-08,0.173,0.173,0.173,0.173,0.0,0.0
01235.HK,2026-04-09,0.172,0.173,0.172,0.173,25000.0,0.0
01235.HK,2026-04-10,0.184,0.184,0.183,0.183,210000.0,0.0
01235.HK,2026-04-13,0.187,0.187,0.187,0.187,570000.0,0.0
01235.HK,2026-04-14,0.187,0.187,0.187,0.187,0.0,0.0
01235.HK,2026-04-15,0.174,0.184,0.173,0.176,100000.0,0.0
01235.HK,2026-04-16,0.173,0.177,0.172,0.177,50000.0,0.0
01235.HK,2026-04-17,0.177,0.177,0.177,0.177,0.0,0.0
01235.HK,2026-04-20,0.177,0.177,0.177,0.177,0.0,0.0
01235.HK,2026-04-21,0.181,0.181,0.178,0.178,220000.0,0.0
01235.HK,2026-04-22,0.178,0.178,0.178,0.178,10000.0,0.0
01235.HK,2026-04-23,0.182,0.182,0.182,0.182,20000.0,0.0
01235.HK,2026-04-24,0.182,0.182,0.182,0.182,0.0,0.0
01235.HK,2026-04-27,0.182,0.182,0.182,0.182,0.0,0.0
01235.HK,2026-04-28,0.183,0.183,0.183,0.183,500000.0,0.0
01235.HK,2026-04-29,0.183,0.183,0.183,0.183,0.0,0.0
01235.HK,2026-04-30,0.183,0.183,0.183,0.183,0.0,0.0
01235.HK,2026-05-04,0.173,0.177,0.173,0.177,10000.0,0.0
01235.HK,2026-05-05,0.188,0.209,0.182,0.182,145000.0,0.0
01235.HK,2026-05-06,0.188,0.188,0.188,0.188,100000.0,0.0
01235.HK,2026-05-07,0.188,0.199,0.181,0.199,305000.0,0.0
01235.HK,2026-05-08,0.185,0.192,0.183,0.183,315000.0,0.0
01235.HK,2026-05-11,0.188,0.198,0.185,0.189,815000.0,0.0
01235.HK,2026-05-12,0.192,0.192,0.186,0.188,150000.0,0.0
01235.HK,2026-05-13,0.189,0.2,0.189,0.2,255000.0,0.0
01235.HK,2026-05-14,0.2,0.2,0.189,0.2,135000.0,0.0
01235.HK,2026-05-15,0.2,0.2,0.2,0.2,0.0,0.0
01235.HK,2026-05-18,0.196,0.202,0.196,0.202,10000.0,0.0
01235.HK,2026-05-19,0.202,0.202,0.202,0.202,5000.0,0.0
01235.HK,2026-05-20,0.202,0.202,0.202,0.202,10000.0,2020.0
01235.HK,2026-05-21,0.202,0.202,0.202,0.202,0.0,0.0
01235.HK,2026-05-22,0.202,0.202,0.202,0.202,20000.0,0.0
01235.HK,2026-05-26,0.202,0.202,0.202,0.202,0.0,0.0
01235.HK,2026-05-27,0.198,0.198,0.196,0.196,100000.0,0.0
01235.HK,2026-05-28,0.196,0.196,0.196,0.196,60000.0,0.0
01235.HK,2026-05-29,0.196,0.196,0.196,0.196,0.0,0.0
01235.HK,2026-06-01,0.196,0.196,0.196,0.196,0.0,0.0
01235.HK,2026-06-02,0.196,0.196,0.196,0.196,0.0,0.0
01235.HK,2026-06-03,0.196,0.196,0.196,0.196,0.0,0.0
