symbol,datetime,open,high,low,close,volume,amount
08446.HK,2017-06-14,0.52,0.88,0.52,0.59,106740000.0,0.0
08446.HK,2017-06-15,0.6,0.67,0.405,0.59,124830000.0,0.0
08446.HK,2017-06-16,0.55,0.59,0.48,0.53,10850000.0,0.0
08446.HK,2017-06-19,0.51,0.67,0.495,0.65,23640000.0,0.0
08446.HK,2017-06-20,0.65,1.14,0.61,0.99,58730000.0,0.0
08446.HK,2017-06-21,1.02,1.33,0.99,1.23,51788500.0,0.0
08446.HK,2017-06-22,1.4,1.4,1.0,1.16,39220000.0,0.0
08446.HK,2017-06-23,1.17,1.35,0.81,0.84,69730000.0,0.0
08446.HK,2017-06-26,0.84,0.94,0.74,0.93,17430000.0,0.0
08446.HK,2017-06-27,0.95,0.98,0.82,0.9,12350000.0,0.0
08446.HK,2017-06-28,0.9,0.9,0.83,0.87,3660000.0,0.0
08446.HK,2017-06-29,0.84,0.92,0.77,0.91,18800000.0,0.0
08446.HK,2017-06-30,0.87,1.22,0.85,1.14,24030000.0,0.0
08446.HK,2017-07-03,1.15,1.3,1.05,1.22,8170000.0,0.0
08446.HK,2017-07-04,1.25,1.85,1.22,1.84,18810000.0,0.0
08446.HK,2017-07-05,1.9,2.3,1.61,1.97,23270000.0,0.0
08446.HK,2017-07-06,2.09,2.38,1.97,2.2,15040000.0,0.0
08446.HK,2017-07-07,2.2,2.23,1.95,2.22,11290000.0,0.0
08446.HK,2017-07-10,2.23,2.5,2.23,2.38,13460000.0,0.0
08446.HK,2017-07-11,2.38,2.61,2.31,2.42,9210000.0,0.0
08446.HK,2017-07-12,2.5,2.53,2.35,2.41,7060000.0,0.0
08446.HK,2017-07-13,2.44,2.44,1.91,2.18,3840000.0,0.0
08446.HK,2017-07-14,2.25,2.25,1.82,2.15,3030000.0,0.0
08446.HK,2017-07-17,2.2,2.28,2.03,2.19,2970000.0,0.0
08446.HK,2017-07-18,2.3,2.46,2.17,2.25,1950000.0,0.0
08446.HK,2017-07-19,2.25,2.3,2.13,2.14,1760000.0,0.0
08446.HK,2017-07-20,2.29,2.3,2.1,2.29,1420000.0,0.0
08446.HK,2017-07-21,2.15,2.25,2.14,2.14,730000.0,0.0
08446.HK,2017-07-24,2.14,2.21,2.04,2.18,1950000.0,0.0
08446.HK,2017-07-25,2.17,2.2,2.01,2.2,1360000.0,0.0
08446.HK,2017-07-26,2.27,2.4,2.16,2.22,7900000.0,0.0
08446.HK,2017-07-27,2.17,2.26,2.16,2.23,930000.0,0.0
08446.HK,2017-07-28,2.1,2.23,2.02,2.17,310000.0,0.0
08446.HK,2017-07-31,2.1,2.19,2.04,2.18,1290000.0,0.0
08446.HK,2017-08-01,2.11,2.21,2.0,2.18,2060000.0,0.0
08446.HK,2017-08-02,2.18,2.29,2.12,2.21,1790000.0,0.0
08446.HK,2017-08-03,2.2,2.22,2.1,2.22,1170000.0,0.0
08446.HK,2017-08-04,2.14,2.18,2.14,2.15,370000.0,0.0
08446.HK,2017-08-07,2.18,2.24,2.1,2.19,1010000.0,0.0
08446.HK,2017-08-08,2.17,2.22,2.13,2.22,470000.0,0.0
08446.HK,2017-08-09,2.15,2.21,2.14,2.21,380000.0,0.0
08446.HK,2017-08-10,2.29,2.29,2.14,2.2,1710000.0,0.0
08446.HK,2017-08-11,2.14,2.31,2.07,2.17,1700000.0,0.0
08446.HK,2017-08-14,2.3,2.3,2.13,2.16,380000.0,0.0
08446.HK,2017-08-15,2.23,2.3,2.14,2.22,1210000.0,0.0
08446.HK,2017-08-16,2.22,2.6,2.2,2.34,2470000.0,0.0
08446.HK,2017-08-17,2.34,2.39,2.31,2.32,610000.0,0.0
08446.HK,2017-08-18,2.21,2.3,2.11,2.18,2150000.0,0.0
08446.HK,2017-08-21,2.18,2.24,2.18,2.19,190000.0,0.0
08446.HK,2017-08-22,2.2,3.23,2.2,3.22,3810000.0,0.0
08446.HK,2017-08-24,3.08,3.28,2.61,2.93,1391000.0,0.0
08446.HK,2017-08-25,2.84,2.84,2.75,2.84,240000.0,0.0
08446.HK,2017-08-28,2.69,2.69,2.4,2.56,1240000.0,0.0
08446.HK,2017-08-29,2.69,3.89,2.69,3.65,3210000.0,0.0
08446.HK,2017-08-30,3.94,3.99,3.67,3.86,1690000.0,0.0
08446.HK,2017-08-31,3.9,5.4,3.9,5.0,3211000.0,0.0
08446.HK,2017-09-01,5.18,5.8,5.18,5.75,2481000.0,0.0
08446.HK,2017-09-04,5.82,6.51,5.5,6.3,2060000.0,0.0
08446.HK,2017-09-05,6.49,6.85,6.49,6.8,1581000.0,0.0
08446.HK,2017-09-06,6.8,7.32,6.79,7.05,1000000.0,0.0
08446.HK,2017-09-07,7.39,7.4,7.1,7.15,670000.0,0.0
08446.HK,2017-09-08,7.29,7.29,5.95,6.7,940000.0,0.0
08446.HK,2017-09-11,6.7,6.9,5.2,5.2,680000.0,0.0
08446.HK,2017-09-12,5.2,6.29,5.2,5.9,6040000.0,0.0
08446.HK,2017-09-13,5.98,6.2,5.88,5.95,4500070.0,0.0
08446.HK,2017-09-14,6.3,6.3,5.95,6.03,4330000.0,0.0
08446.HK,2017-09-15,6.23,6.23,5.54,5.73,4510000.0,0.0
08446.HK,2017-09-18,5.55,5.9,5.54,5.79,380000.0,0.0
08446.HK,2017-09-19,5.98,5.99,5.56,5.79,3330000.0,0.0
08446.HK,2017-09-20,5.97,5.99,5.6,5.75,260000.0,0.0
08446.HK,2017-09-21,5.79,5.89,5.4,5.89,440000.0,0.0
08446.HK,2017-09-22,5.87,5.87,5.79,5.79,1920000.0,0.0
08446.HK,2017-09-25,5.88,5.88,5.6,5.6,1060000.0,0.0
08446.HK,2017-09-26,5.8,5.8,5.58,5.76,90000.0,0.0
08446.HK,2017-09-27,5.52,5.75,5.4,5.7,1260000.0,0.0
08446.HK,2017-09-28,5.69,5.69,5.64,5.64,120000.0,0.0
08446.HK,2017-09-29,5.5,5.62,5.41,5.58,180000.0,0.0
08446.HK,2017-10-03,5.53,5.58,5.19,5.51,210000.0,0.0
08446.HK,2017-10-04,5.45,5.45,5.2,5.43,160000.0,0.0
08446.HK,2017-10-06,5.59,5.59,5.46,5.47,90000.0,0.0
08446.HK,2017-10-09,5.48,5.59,5.48,5.51,100000.0,0.0
08446.HK,2017-10-10,5.57,5.75,5.53,5.61,120000.0,0.0
08446.HK,2017-10-11,5.64,5.75,5.53,5.73,230000.0,0.0
08446.HK,2017-10-12,5.86,5.88,5.75,5.75,70000.0,0.0
08446.HK,2017-10-13,5.84,5.84,5.59,5.76,90000.0,0.0
08446.HK,2017-10-16,5.76,5.82,5.56,5.82,170000.0,0.0
08446.HK,2017-10-17,5.74,5.79,5.62,5.62,40000.0,0.0
08446.HK,2017-10-18,5.51,5.51,5.4,5.4,180000.0,0.0
08446.HK,2017-10-19,5.21,5.8,5.2,5.7,330000.0,0.0
08446.HK,2017-10-20,5.8,5.8,5.57,5.57,90000.0,0.0
08446.HK,2017-10-23,5.99,5.99,5.33,5.78,140000.0,0.0
08446.HK,2017-10-24,5.78,5.78,5.75,5.75,40000.0,0.0
08446.HK,2017-10-25,5.79,5.79,5.5,5.77,80000.0,0.0
08446.HK,2017-10-26,5.65,5.75,5.4,5.67,170000.0,0.0
08446.HK,2017-10-27,5.68,6.0,5.42,6.0,430000.0,0.0
08446.HK,2017-10-30,5.65,6.85,5.6,6.8,590000.0,0.0
08446.HK,2017-10-31,6.51,6.7,6.38,6.62,240000.0,0.0
08446.HK,2017-11-01,6.5,6.65,6.22,6.4,1170000.0,0.0
08446.HK,2017-11-02,5.91,6.56,5.91,6.17,910000.0,0.0
08446.HK,2017-11-03,6.26,6.42,6.2,6.28,1360000.0,0.0
08446.HK,2017-11-06,5.89,6.9,5.89,6.7,690000.0,0.0
08446.HK,2017-11-07,6.55,6.55,6.07,6.4,1400000.0,0.0
08446.HK,2017-11-08,6.08,6.26,5.91,6.09,270000.0,0.0
08446.HK,2017-11-09,6.17,6.17,5.81,5.96,60000.0,0.0
08446.HK,2017-11-10,6.04,6.27,5.78,5.79,910000.0,0.0
08446.HK,2017-11-13,5.94,5.94,5.8,5.87,50000.0,0.0
08446.HK,2017-11-14,5.99,6.39,5.59,6.19,730000.0,0.0
08446.HK,2017-11-15,6.01,6.16,5.79,5.79,230000.0,0.0
08446.HK,2017-11-16,5.79,5.88,5.59,5.8,110000.0,0.0
08446.HK,2017-11-17,5.9,6.2,5.9,5.9,160000.0,0.0
08446.HK,2017-11-20,5.49,5.79,5.45,5.6,230000.0,0.0
08446.HK,2017-11-21,5.79,5.79,5.7,5.7,10000.0,0.0
08446.HK,2017-11-22,5.23,5.67,5.03,5.19,290000.0,0.0
08446.HK,2017-11-23,5.5,5.79,5.0,5.15,1180000.0,0.0
08446.HK,2017-11-24,5.62,5.62,4.91,5.13,160000.0,0.0
08446.HK,2017-11-27,5.01,5.29,5.01,5.08,80000.0,0.0
08446.HK,2017-11-28,4.83,5.55,4.83,5.55,1110000.0,0.0
08446.HK,2017-11-29,5.93,5.93,5.1,5.62,450000.0,0.0
08446.HK,2017-11-30,5.69,5.69,5.15,5.5,1600000.0,0.0
08446.HK,2017-12-01,5.5,5.9,5.1,5.4,910000.0,0.0
08446.HK,2017-12-04,5.51,5.51,5.21,5.37,120000.0,0.0
08446.HK,2017-12-05,5.56,5.56,5.51,5.51,10000.0,0.0
08446.HK,2017-12-06,5.05,5.38,4.9,5.27,300000.0,0.0
08446.HK,2017-12-07,5.5,6.3,5.5,5.8,340000.0,0.0
08446.HK,2017-12-08,5.8,6.0,5.8,5.85,50000.0,0.0
08446.HK,2017-12-11,5.99,5.99,5.38,5.87,50000.0,0.0
08446.HK,2017-12-12,6.0,6.49,5.59,5.98,110000.0,0.0
08446.HK,2017-12-13,6.0,6.0,5.8,5.9,60000.0,0.0
08446.HK,2017-12-14,5.99,6.0,5.85,6.0,150000.0,0.0
08446.HK,2017-12-15,6.08,6.08,5.9,6.0,40000.0,0.0
08446.HK,2017-12-18,6.1,6.3,6.0,6.0,20000.0,0.0
08446.HK,2017-12-19,6.1,6.48,6.0,6.0,260000.0,0.0
08446.HK,2017-12-20,6.1,6.18,6.0,6.18,210000.0,0.0
08446.HK,2017-12-21,6.25,6.25,6.2,6.2,10000.0,0.0
08446.HK,2017-12-22,6.0,6.25,5.8,6.13,2130000.0,0.0
08446.HK,2017-12-27,6.12,6.38,6.1,6.18,100000.0,0.0
08446.HK,2017-12-28,6.15,6.29,6.1,6.1,110000.0,0.0
08446.HK,2017-12-29,6.1,6.1,6.1,6.1,0.0,0.0
08446.HK,2018-01-02,6.29,6.29,6.0,6.0,1990000.0,0.0
08446.HK,2018-01-03,6.0,6.2,6.0,6.1,170000.0,0.0
08446.HK,2018-01-04,6.0,6.15,6.0,6.14,30000.0,0.0
08446.HK,2018-01-05,6.1,6.19,5.8,5.96,6190000.0,0.0
08446.HK,2018-01-08,5.89,5.89,5.89,5.89,0.0,0.0
08446.HK,2018-01-09,5.99,5.99,5.16,5.8,710000.0,0.0
08446.HK,2018-01-10,5.64,6.09,5.64,5.91,240000.0,0.0
08446.HK,2018-01-11,5.83,5.83,5.83,5.83,0.0,0.0
08446.HK,2018-01-12,5.99,5.99,5.84,5.84,30000.0,0.0
08446.HK,2018-01-15,6.01,6.01,5.39,5.55,2510000.0,0.0
08446.HK,2018-01-16,5.72,5.95,5.7,5.7,290000.0,0.0
08446.HK,2018-01-17,5.67,5.7,5.5,5.67,1110000.0,0.0
08446.HK,2018-01-18,5.47,5.75,5.46,5.73,230000.0,0.0
08446.HK,2018-01-19,5.71,6.05,5.71,5.86,380000.0,0.0
08446.HK,2018-01-22,5.85,5.85,5.41,5.85,540000.0,0.0
08446.HK,2018-01-23,5.46,5.7,5.31,5.47,390000.0,0.0
08446.HK,2018-01-24,5.64,5.64,5.26,5.42,140000.0,0.0
08446.HK,2018-01-25,5.55,5.55,5.21,5.29,120000.0,0.0
08446.HK,2018-01-26,5.42,5.95,5.0,5.31,320000.0,0.0
08446.HK,2018-01-29,5.29,5.75,5.12,5.15,140000.0,0.0
08446.HK,2018-01-30,5.18,5.18,5.0,5.17,80000.0,0.0
08446.HK,2018-01-31,5.62,5.62,4.93,5.1,2990000.0,0.0
08446.HK,2018-02-01,5.1,5.32,5.0,5.1,230000.0,0.0
08446.HK,2018-02-02,5.1,5.1,4.82,5.02,1510000.0,0.0
08446.HK,2018-02-05,4.8,4.8,4.5,4.78,120000.0,0.0
08446.HK,2018-02-06,4.8,4.8,4.18,4.34,60000.0,0.0
08446.HK,2018-02-07,4.41,4.41,4.2,4.2,370000.0,0.0
08446.HK,2018-02-08,4.2,4.2,4.2,4.2,0.0,0.0
08446.HK,2018-02-09,3.5,4.18,2.99,3.0,160000.0,0.0
08446.HK,2018-02-12,3.13,5.5,3.13,4.5,330000.0,0.0
08446.HK,2018-02-13,5.25,5.25,5.12,5.12,160000.0,0.0
08446.HK,2018-02-14,4.87,4.89,4.48,4.49,100000.0,0.0
08446.HK,2018-02-15,5.1,5.38,4.97,4.97,740000.0,0.0
08446.HK,2018-02-20,4.84,4.84,4.84,4.84,0.0,0.0
08446.HK,2018-02-21,4.84,4.84,4.84,4.84,0.0,0.0
08446.HK,2018-02-22,4.6,4.6,4.6,4.6,0.0,0.0
08446.HK,2018-02-23,4.45,4.45,4.45,4.45,0.0,0.0
08446.HK,2018-02-26,4.3,4.3,4.3,4.3,0.0,0.0
08446.HK,2018-02-27,4.0,4.02,3.59,3.87,350000.0,0.0
08446.HK,2018-02-28,4.49,4.49,4.3,4.3,260000.0,0.0
08446.HK,2018-03-01,4.44,4.46,4.0,4.0,3260000.0,0.0
08446.HK,2018-03-02,3.82,3.82,3.82,3.82,0.0,0.0
08446.HK,2018-03-05,3.8,3.8,3.8,3.8,20000.0,0.0
08446.HK,2018-03-06,3.8,3.8,3.8,3.8,0.0,0.0
08446.HK,2018-03-07,3.65,3.65,3.65,3.65,0.0,0.0
08446.HK,2018-03-08,3.6,3.6,3.6,3.6,0.0,0.0
08446.HK,2018-03-09,3.8,4.0,3.8,3.89,110000.0,0.0
08446.HK,2018-03-12,3.94,3.99,3.89,3.89,40000.0,0.0
08446.HK,2018-03-13,3.69,3.69,3.69,3.69,900000.0,0.0
08446.HK,2018-03-14,3.89,4.3,3.79,4.0,620000.0,0.0
08446.HK,2018-03-15,3.8,4.1,3.2,3.79,140000.0,0.0
08446.HK,2018-03-16,3.55,3.55,3.4,3.4,230000.0,0.0
08446.HK,2018-03-19,3.41,3.41,3.08,3.29,110000.0,0.0
08446.HK,2018-03-20,3.01,3.3,3.01,3.13,160000.0,0.0
08446.HK,2018-03-21,3.15,3.15,2.93,2.93,30000.0,0.0
08446.HK,2018-03-22,2.93,3.1,2.93,3.09,520000.0,0.0
08446.HK,2018-03-23,3.09,3.09,3.09,3.09,0.0,0.0
08446.HK,2018-03-26,3.13,3.38,3.11,3.2,420000.0,0.0
08446.HK,2018-03-27,3.2,3.2,3.0,3.17,210000.0,0.0
08446.HK,2018-03-28,3.15,3.15,2.97,3.09,1160000.0,0.0
08446.HK,2018-03-29,3.09,3.18,2.7,3.12,1270000.0,0.0
08446.HK,2018-04-03,2.99,2.99,2.49,2.71,3420000.0,0.0
08446.HK,2018-04-04,2.71,2.71,2.56,2.64,3580000.0,0.0
08446.HK,2018-04-06,2.75,3.02,2.42,2.43,3780000.0,0.0
08446.HK,2018-04-09,2.55,2.55,1.99,2.28,1720000.0,0.0
08446.HK,2018-04-10,2.28,2.65,2.09,2.35,3260001.0,0.0
08446.HK,2018-04-11,2.6,2.63,2.28,2.36,1280000.0,0.0
08446.HK,2018-04-12,2.26,2.44,2.2,2.32,1390001.0,0.0
08446.HK,2018-04-13,2.15,2.3,2.11,2.25,520000.0,0.0
08446.HK,2018-04-16,2.35,2.35,2.1,2.14,90000.0,0.0
08446.HK,2018-04-17,2.24,2.58,2.24,2.34,10370000.0,0.0
08446.HK,2018-04-18,2.39,2.48,2.25,2.36,3460000.0,0.0
08446.HK,2018-04-19,2.36,2.36,2.09,2.24,3030000.0,0.0
08446.HK,2018-04-20,2.29,2.32,2.15,2.25,3180000.0,0.0
08446.HK,2018-04-23,2.24,2.44,2.18,2.44,2780000.0,0.0
08446.HK,2018-04-24,2.44,2.59,2.27,2.59,3120000.0,0.0
08446.HK,2018-04-25,2.56,2.6,2.29,2.6,5140000.0,0.0
08446.HK,2018-04-26,2.42,2.46,2.15,2.31,5220000.0,0.0
08446.HK,2018-04-27,2.18,2.31,1.9,1.98,7770000.0,0.0
08446.HK,2018-04-30,2.05,2.1,1.9,1.98,1470000.0,0.0
08446.HK,2018-05-02,2.1,2.1,1.42,1.56,1650000.0,0.0
08446.HK,2018-05-03,1.51,1.79,1.49,1.6,620000.0,0.0
08446.HK,2018-05-04,1.71,1.71,1.5,1.67,2720000.0,0.0
08446.HK,2018-05-07,1.79,1.8,1.49,1.57,3650000.0,0.0
08446.HK,2018-05-08,1.64,1.64,1.47,1.49,500000.0,0.0
08446.HK,2018-05-09,1.5,1.61,1.23,1.29,16160000.0,0.0
08446.HK,2018-05-10,1.32,1.34,0.63,0.8,23670002.0,0.0
08446.HK,2018-05-11,0.83,1.04,0.78,0.88,8150000.0,0.0
08446.HK,2018-05-14,0.88,1.05,0.88,0.94,3300000.0,0.0
08446.HK,2018-05-15,0.97,1.02,0.9,0.92,1470000.0,0.0
08446.HK,2018-05-16,0.9,0.91,0.82,0.82,1370000.0,0.0
08446.HK,2018-05-17,0.92,0.92,0.85,0.86,1120000.0,0.0
08446.HK,2018-05-18,0.88,0.88,0.83,0.83,500000.0,0.0
08446.HK,2018-05-21,0.86,0.86,0.82,0.84,810000.0,0.0
08446.HK,2018-05-23,0.83,0.84,0.74,0.77,490000.0,0.0
08446.HK,2018-05-24,0.78,0.78,0.7,0.77,270000.0,0.0
08446.HK,2018-05-25,0.74,0.74,0.7,0.72,630000.0,0.0
08446.HK,2018-05-28,0.67,0.69,0.63,0.67,1330000.0,0.0
08446.HK,2018-05-29,0.65,0.71,0.63,0.67,2540000.0,0.0
08446.HK,2018-05-30,0.66,0.66,0.58,0.62,1650000.0,0.0
08446.HK,2018-05-31,0.59,0.59,0.55,0.59,1010000.0,0.0
08446.HK,2018-06-01,0.59,0.59,0.54,0.56,570000.0,0.0
08446.HK,2018-06-04,0.56,0.6,0.53,0.6,1680000.0,0.0
08446.HK,2018-06-05,0.65,0.79,0.6,0.75,7870000.0,0.0
08446.HK,2018-06-06,0.78,0.92,0.75,0.83,5990000.0,0.0
08446.HK,2018-06-07,0.87,0.87,0.78,0.79,1760000.0,0.0
08446.HK,2018-06-08,0.84,0.84,0.79,0.83,2550000.0,0.0
08446.HK,2018-06-11,0.9,0.9,0.8,0.82,690000.0,0.0
08446.HK,2018-06-12,0.82,0.83,0.75,0.8,1440000.0,0.0
08446.HK,2018-06-13,0.83,0.83,0.77,0.8,740000.0,0.0
08446.HK,2018-06-14,0.81,0.83,0.78,0.81,740000.0,0.0
08446.HK,2018-06-15,0.81,0.81,0.79,0.8,350000.0,0.0
08446.HK,2018-06-19,0.87,0.87,0.77,0.84,4820000.0,0.0
08446.HK,2018-06-20,0.86,0.88,0.83,0.88,12610000.0,0.0
08446.HK,2018-06-21,0.91,1.04,0.89,0.9,23530000.0,0.0
08446.HK,2018-06-22,0.98,0.98,0.74,0.82,9780000.0,0.0
08446.HK,2018-06-25,0.84,0.84,0.7,0.75,7860000.0,0.0
08446.HK,2018-06-26,0.75,0.78,0.64,0.7,4370000.0,0.0
08446.HK,2018-06-27,0.66,0.7,0.58,0.6,3750000.0,0.0
08446.HK,2018-06-28,0.59,0.68,0.59,0.65,3030000.0,0.0
08446.HK,2018-06-29,0.69,0.69,0.64,0.65,780000.0,0.0
08446.HK,2018-07-03,0.65,0.67,0.62,0.63,1150000.0,0.0
08446.HK,2018-07-04,0.66,0.66,0.6,0.65,1010000.0,0.0
08446.HK,2018-07-05,0.65,0.74,0.62,0.65,2780000.0,0.0
08446.HK,2018-07-06,0.66,0.66,0.61,0.63,1040000.0,0.0
08446.HK,2018-07-09,0.67,0.67,0.59,0.62,570000.0,0.0
08446.HK,2018-07-10,0.65,0.65,0.6,0.62,1800000.0,0.0
08446.HK,2018-07-11,0.6,0.63,0.53,0.6,1300000.0,0.0
08446.HK,2018-07-12,0.62,0.7,0.58,0.7,2040000.0,0.0
08446.HK,2018-07-13,0.7,1.01,0.52,0.73,80020498.0,0.0
08446.HK,2018-07-16,0.72,0.72,0.183,0.218,221740000.0,0.0
08446.HK,2018-07-17,0.22,0.25,0.205,0.21,57920000.0,0.0
08446.HK,2018-07-18,0.22,0.22,0.205,0.209,9660000.0,0.0
08446.HK,2018-07-19,0.208,0.214,0.2,0.203,6240000.0,0.0
08446.HK,2018-07-20,0.214,0.214,0.201,0.208,5890000.0,0.0
08446.HK,2018-07-23,0.215,0.215,0.204,0.209,3620009.0,0.0
08446.HK,2018-07-24,0.209,0.209,0.202,0.205,5630000.0,0.0
08446.HK,2018-07-25,0.204,0.205,0.191,0.201,5460000.0,0.0
08446.HK,2018-07-26,0.21,0.212,0.199,0.204,3900000.0,0.0
08446.HK,2018-07-27,0.209,0.209,0.201,0.203,2440000.0,0.0
08446.HK,2018-07-30,0.201,0.203,0.198,0.199,3380000.0,0.0
08446.HK,2018-07-31,0.198,0.201,0.193,0.2,10050000.0,0.0
08446.HK,2018-08-01,0.2,0.203,0.195,0.199,3020100.0,0.0
08446.HK,2018-08-02,0.199,0.199,0.19,0.195,2680000.0,0.0
08446.HK,2018-08-03,0.195,0.196,0.19,0.193,1360000.0,0.0
08446.HK,2018-08-06,0.193,0.197,0.188,0.189,2980000.0,0.0
08446.HK,2018-08-07,0.186,0.188,0.18,0.187,1790000.0,0.0
08446.HK,2018-08-08,0.182,0.196,0.181,0.195,3520000.0,0.0
08446.HK,2018-08-09,0.195,0.207,0.195,0.2,2280000.0,0.0
08446.HK,2018-08-10,0.2,0.205,0.195,0.204,1360000.0,0.0
08446.HK,2018-08-13,0.204,0.205,0.202,0.203,410000.0,0.0
08446.HK,2018-08-14,0.205,0.205,0.198,0.2,2230000.0,0.0
08446.HK,2018-08-15,0.2,0.2,0.193,0.196,720000.0,0.0
08446.HK,2018-08-16,0.181,0.194,0.181,0.193,530000.0,0.0
08446.HK,2018-08-17,0.192,0.205,0.192,0.204,1940000.0,0.0
08446.HK,2018-08-20,0.204,0.204,0.199,0.199,620000.0,0.0
08446.HK,2018-08-21,0.196,0.202,0.196,0.202,730000.0,0.0
08446.HK,2018-08-22,0.197,0.204,0.197,0.202,920000.0,0.0
08446.HK,2018-08-23,0.202,0.37,0.202,0.31,88400000.0,0.0
08446.HK,2018-08-24,0.325,0.415,0.265,0.295,61440000.0,0.0
08446.HK,2018-08-27,0.305,0.35,0.3,0.325,17630000.0,0.0
08446.HK,2018-08-28,0.335,0.375,0.335,0.36,32560000.0,0.0
08446.HK,2018-08-29,0.36,0.36,0.32,0.325,11000000.0,0.0
08446.HK,2018-08-30,0.33,0.33,0.3,0.315,5810000.0,0.0
08446.HK,2018-08-31,0.305,0.325,0.3,0.325,3160000.0,0.0
08446.HK,2018-09-03,0.32,0.32,0.305,0.315,2890000.0,0.0
08446.HK,2018-09-04,0.315,0.315,0.305,0.305,2740000.0,0.0
08446.HK,2018-09-05,0.305,0.345,0.305,0.32,4240000.0,0.0
08446.HK,2018-09-06,0.32,0.32,0.305,0.31,1880000.0,0.0
08446.HK,2018-09-07,0.31,0.315,0.305,0.305,2050000.0,0.0
08446.HK,2018-09-10,0.305,0.305,0.275,0.285,3110000.0,0.0
08446.HK,2018-09-11,0.3,0.33,0.3,0.305,3760000.0,0.0
08446.HK,2018-09-12,0.305,0.32,0.305,0.31,470000.0,0.0
08446.HK,2018-09-13,0.3,0.305,0.3,0.3,1300000.0,0.0
08446.HK,2018-09-14,0.3,0.3,0.28,0.285,1630000.0,0.0
08446.HK,2018-09-17,0.275,0.295,0.275,0.295,1220000.0,0.0
08446.HK,2018-09-18,0.29,0.29,0.285,0.285,840000.0,0.0
08446.HK,2018-09-19,0.285,0.29,0.28,0.29,490000.0,0.0
08446.HK,2018-09-20,0.29,0.29,0.275,0.28,970000.0,0.0
08446.HK,2018-09-21,0.27,0.28,0.265,0.28,1290000.0,0.0
08446.HK,2018-09-24,0.27,0.27,0.265,0.265,390000.0,0.0
08446.HK,2018-09-26,0.265,0.265,0.25,0.25,1390000.0,0.0
08446.HK,2018-09-27,0.25,0.25,0.23,0.246,2870000.0,0.0
08446.HK,2018-09-28,0.246,0.26,0.236,0.255,3170000.0,0.0
08446.HK,2018-10-02,0.255,0.3,0.255,0.3,2790000.0,0.0
08446.HK,2018-10-03,0.3,0.345,0.3,0.33,6590000.0,0.0
08446.HK,2018-10-04,0.325,0.325,0.3,0.3,2080000.0,0.0
08446.HK,2018-10-05,0.3,0.325,0.3,0.31,1780000.0,0.0
08446.HK,2018-10-08,0.31,0.335,0.305,0.32,2350000.0,0.0
08446.HK,2018-10-09,0.32,0.335,0.32,0.325,1090000.0,0.0
08446.HK,2018-10-10,0.325,0.34,0.3,0.305,2590000.0,0.0
08446.HK,2018-10-11,0.29,0.31,0.243,0.285,4200000.0,0.0
08446.HK,2018-10-12,0.285,0.3,0.26,0.295,1270000.0,0.0
08446.HK,2018-10-15,0.29,0.31,0.29,0.29,570000.0,0.0
08446.HK,2018-10-16,0.285,0.3,0.285,0.29,980000.0,0.0
08446.HK,2018-10-18,0.29,0.29,0.28,0.28,300000.0,0.0
08446.HK,2018-10-19,0.27,0.275,0.27,0.27,250000.0,0.0
08446.HK,2018-10-22,0.27,0.285,0.27,0.285,120000.0,0.0
08446.HK,2018-10-23,0.28,0.28,0.28,0.28,180000.0,0.0
08446.HK,2018-10-24,0.265,0.275,0.265,0.27,480000.0,0.0
08446.HK,2018-10-25,0.265,0.27,0.265,0.27,220000.0,0.0
08446.HK,2018-10-26,0.27,0.27,0.27,0.27,30000.0,0.0
08446.HK,2018-10-29,0.265,0.27,0.26,0.27,370000.0,0.0
08446.HK,2018-10-30,0.255,0.26,0.25,0.255,430000.0,0.0
08446.HK,2018-10-31,0.26,0.26,0.25,0.25,430000.0,0.0
08446.HK,2018-11-01,0.28,0.28,0.27,0.275,930000.0,0.0
08446.HK,2018-11-02,0.275,0.28,0.27,0.27,600000.0,0.0
08446.HK,2018-11-05,0.265,0.29,0.265,0.285,260000.0,0.0
08446.HK,2018-11-06,0.275,0.28,0.275,0.28,260000.0,0.0
08446.HK,2018-11-07,0.29,0.29,0.26,0.265,1280000.0,0.0
08446.HK,2018-11-08,0.275,0.275,0.27,0.275,1640000.0,0.0
08446.HK,2018-11-09,0.275,0.28,0.275,0.275,570000.0,0.0
08446.HK,2018-11-12,0.28,0.285,0.275,0.275,200000.0,0.0
08446.HK,2018-11-13,0.265,0.275,0.265,0.27,490000.0,0.0
08446.HK,2018-11-14,0.26,0.27,0.26,0.27,70000.0,0.0
08446.HK,2018-11-15,0.27,0.27,0.255,0.27,650000.0,0.0
08446.HK,2018-11-16,0.265,0.265,0.265,0.265,90000.0,0.0
08446.HK,2018-11-19,0.265,0.27,0.255,0.27,650000.0,0.0
08446.HK,2018-11-20,0.27,0.27,0.27,0.27,0.0,0.0
08446.HK,2018-11-21,0.255,0.26,0.249,0.255,580000.0,0.0
08446.HK,2018-11-22,0.255,0.255,0.255,0.255,250000.0,0.0
08446.HK,2018-11-23,0.25,0.255,0.243,0.255,900000.0,0.0
08446.HK,2018-11-26,0.26,0.29,0.25,0.255,1270000.0,0.0
08446.HK,2018-11-27,0.26,0.3,0.26,0.3,4880000.0,0.0
08446.HK,2018-11-28,0.32,0.33,0.285,0.295,3440000.0,0.0
08446.HK,2018-11-29,0.295,0.295,0.28,0.28,580000.0,0.0
08446.HK,2018-11-30,0.285,0.285,0.275,0.285,540000.0,0.0
08446.HK,2018-12-03,0.32,0.32,0.28,0.285,850000.0,0.0
08446.HK,2018-12-04,0.285,0.285,0.28,0.28,320000.0,0.0
08446.HK,2018-12-05,0.265,0.275,0.265,0.275,340000.0,0.0
08446.HK,2018-12-06,0.27,0.27,0.26,0.265,320000.0,0.0
08446.HK,2018-12-07,0.26,0.26,0.26,0.26,230000.0,0.0
08446.HK,2018-12-10,0.26,0.265,0.26,0.265,90000.0,0.0
08446.HK,2018-12-11,0.265,0.265,0.26,0.26,40000.0,0.0
08446.HK,2018-12-12,0.29,0.29,0.28,0.28,120000.0,0.0
08446.HK,2018-12-13,0.27,0.27,0.26,0.26,120000.0,0.0
08446.HK,2018-12-14,0.3,0.3,0.27,0.285,1510000.0,0.0
08446.HK,2018-12-17,0.29,0.29,0.27,0.275,350000.0,0.0
08446.HK,2018-12-18,0.27,0.27,0.27,0.27,330000.0,0.0
08446.HK,2018-12-19,0.265,0.27,0.265,0.265,150000.0,0.0
08446.HK,2018-12-20,0.265,0.265,0.265,0.265,140000.0,0.0
08446.HK,2018-12-21,0.265,0.265,0.26,0.26,340000.0,0.0
08446.HK,2018-12-24,0.26,0.26,0.26,0.26,10000.0,0.0
08446.HK,2018-12-27,0.255,0.265,0.255,0.26,280000.0,0.0
08446.HK,2018-12-28,0.265,0.275,0.265,0.275,60000.0,0.0
08446.HK,2018-12-31,0.265,0.265,0.265,0.265,140000.0,0.0
08446.HK,2019-01-02,0.27,0.27,0.26,0.26,570000.0,0.0
08446.HK,2019-01-03,0.26,0.265,0.26,0.26,240000.0,0.0
08446.HK,2019-01-04,0.26,0.265,0.255,0.265,240000.0,0.0
08446.HK,2019-01-07,0.265,0.265,0.265,0.265,50000.0,0.0
08446.HK,2019-01-08,0.265,0.265,0.255,0.265,470000.0,0.0
08446.HK,2019-01-09,0.255,0.27,0.25,0.265,280000.0,0.0
08446.HK,2019-01-10,0.255,0.26,0.25,0.26,1230000.0,0.0
08446.HK,2019-01-11,0.25,0.26,0.25,0.26,880000.0,0.0
08446.HK,2019-01-14,0.25,0.27,0.25,0.27,340000.0,0.0
08446.HK,2019-01-15,0.255,0.27,0.255,0.26,340000.0,0.0
08446.HK,2019-01-16,0.26,0.26,0.255,0.255,50000.0,0.0
08446.HK,2019-01-17,0.255,0.265,0.255,0.265,150000.0,0.0
08446.HK,2019-01-18,0.26,0.26,0.26,0.26,200000.0,0.0
08446.HK,2019-01-21,0.255,0.26,0.255,0.26,280000.0,0.0
08446.HK,2019-01-22,0.26,0.26,0.26,0.26,50000.0,0.0
08446.HK,2019-01-23,0.25,0.255,0.25,0.25,90000.0,0.0
08446.HK,2019-01-24,0.25,0.25,0.25,0.25,140000.0,0.0
08446.HK,2019-01-25,0.245,0.26,0.245,0.255,110000.0,0.0
08446.HK,2019-01-28,0.25,0.25,0.25,0.25,350000.0,0.0
08446.HK,2019-01-29,0.25,0.25,0.25,0.25,0.0,0.0
08446.HK,2019-01-30,0.25,0.255,0.25,0.255,180000.0,0.0
08446.HK,2019-01-31,0.25,0.265,0.25,0.265,480000.0,0.0
08446.HK,2019-02-01,0.26,0.26,0.26,0.26,30000.0,0.0
08446.HK,2019-02-04,0.26,0.26,0.26,0.26,0.0,0.0
08446.HK,2019-02-08,0.25,0.255,0.25,0.255,400000.0,0.0
08446.HK,2019-02-11,0.25,0.265,0.25,0.25,610000.0,0.0
08446.HK,2019-02-12,0.255,0.255,0.255,0.255,320000.0,0.0
08446.HK,2019-02-13,0.25,0.27,0.25,0.255,510000.0,0.0
08446.HK,2019-02-14,0.255,0.26,0.255,0.26,120000.0,0.0
08446.HK,2019-02-15,0.26,0.26,0.255,0.255,50000.0,0.0
08446.HK,2019-02-18,0.25,0.26,0.25,0.255,150000.0,0.0
08446.HK,2019-02-19,0.26,0.26,0.243,0.248,580000.0,0.0
08446.HK,2019-02-20,0.245,0.245,0.22,0.236,440000.0,0.0
08446.HK,2019-02-21,0.243,0.243,0.241,0.243,130000.0,0.0
08446.HK,2019-02-22,0.243,0.26,0.243,0.26,80000.0,0.0
08446.HK,2019-02-25,0.25,0.25,0.243,0.243,290000.0,0.0
08446.HK,2019-02-26,0.242,0.242,0.241,0.242,360000.0,0.0
08446.HK,2019-02-27,0.26,0.26,0.25,0.25,290000.0,0.0
08446.HK,2019-02-28,0.26,0.26,0.255,0.255,140000.0,0.0
08446.HK,2019-03-01,0.255,0.26,0.247,0.255,100005.0,0.0
08446.HK,2019-03-04,0.255,0.255,0.248,0.255,90000.0,0.0
08446.HK,2019-03-05,0.25,0.25,0.25,0.25,280000.0,0.0
08446.HK,2019-03-06,0.247,0.25,0.245,0.25,840000.0,0.0
08446.HK,2019-03-07,0.255,0.255,0.25,0.25,260000.0,0.0
08446.HK,2019-03-08,0.248,0.248,0.244,0.244,80000.0,0.0
08446.HK,2019-03-11,0.25,0.25,0.245,0.245,210000.0,0.0
08446.HK,2019-03-12,0.245,0.25,0.237,0.239,1070000.0,0.0
08446.HK,2019-03-13,0.239,0.239,0.228,0.23,1760000.0,0.0
08446.HK,2019-03-14,0.23,0.23,0.23,0.23,0.0,0.0
08446.HK,2019-03-15,0.235,0.235,0.235,0.235,0.0,0.0
08446.HK,2019-03-18,0.25,0.27,0.25,0.25,960000.0,0.0
08446.HK,2019-03-19,0.25,0.26,0.25,0.26,210000.0,0.0
08446.HK,2019-03-20,0.26,0.26,0.255,0.255,160000.0,0.0
08446.HK,2019-03-21,0.26,0.265,0.25,0.25,60000.0,0.0
08446.HK,2019-03-22,0.25,0.255,0.25,0.255,80000.0,0.0
08446.HK,2019-03-25,0.248,0.255,0.248,0.25,180000.0,0.0
08446.HK,2019-03-26,0.25,0.25,0.248,0.248,250000.0,0.0
08446.HK,2019-03-27,0.248,0.255,0.24,0.243,240000.0,0.0
08446.HK,2019-03-28,0.243,0.25,0.24,0.25,450000.0,0.0
08446.HK,2019-03-29,0.25,0.25,0.25,0.25,0.0,0.0
08446.HK,2019-04-01,0.24,0.24,0.236,0.236,520000.0,0.0
08446.HK,2019-04-02,0.25,0.25,0.245,0.245,20000.0,0.0
08446.HK,2019-04-03,0.245,0.245,0.245,0.245,30000.0,0.0
08446.HK,2019-04-04,0.245,0.245,0.245,0.245,0.0,0.0
08446.HK,2019-04-08,0.245,0.25,0.245,0.25,490000.0,0.0
08446.HK,2019-04-09,0.24,0.25,0.232,0.25,300000.0,0.0
08446.HK,2019-04-10,0.236,0.237,0.235,0.237,890000.0,0.0
08446.HK,2019-04-11,0.231,0.239,0.23,0.239,160000.0,0.0
08446.HK,2019-04-12,0.235,0.235,0.234,0.235,50000.0,0.0
08446.HK,2019-04-15,0.235,0.235,0.235,0.235,0.0,0.0
08446.HK,2019-04-16,0.235,0.237,0.235,0.236,320000.0,0.0
08446.HK,2019-04-17,0.23,0.232,0.23,0.232,400000.0,0.0
08446.HK,2019-04-18,0.23,0.24,0.23,0.24,180000.0,0.0
08446.HK,2019-04-23,0.23,0.24,0.23,0.24,130000.0,0.0
08446.HK,2019-04-24,0.24,0.24,0.24,0.24,110000.0,0.0
08446.HK,2019-04-25,0.242,0.242,0.24,0.24,190000.0,0.0
08446.HK,2019-04-26,0.24,0.24,0.24,0.24,280000.0,0.0
08446.HK,2019-04-29,0.242,0.242,0.231,0.239,420000.0,0.0
08446.HK,2019-04-30,0.235,0.239,0.235,0.235,480000.0,0.0
08446.HK,2019-05-02,0.245,0.248,0.245,0.245,260000.0,0.0
08446.HK,2019-05-03,0.245,0.245,0.245,0.245,130000.0,0.0
08446.HK,2019-05-06,0.243,0.243,0.238,0.243,210000.0,0.0
08446.HK,2019-05-07,0.235,0.25,0.235,0.246,390000.0,0.0
08446.HK,2019-05-08,0.245,0.245,0.238,0.238,250000.0,0.0
08446.HK,2019-05-09,0.238,0.238,0.238,0.238,100000.0,0.0
08446.HK,2019-05-10,0.244,0.245,0.244,0.245,220000.0,0.0
08446.HK,2019-05-14,0.236,0.236,0.23,0.236,90000.0,0.0
08446.HK,2019-05-15,0.237,0.237,0.237,0.237,200000.0,0.0
08446.HK,2019-05-16,0.237,0.237,0.237,0.237,120000.0,0.0
08446.HK,2019-05-17,0.222,0.238,0.222,0.238,220000.0,0.0
08446.HK,2019-05-20,0.238,0.238,0.238,0.238,0.0,0.0
08446.HK,2019-05-21,0.235,0.235,0.235,0.235,470000.0,0.0
08446.HK,2019-05-22,0.214,0.234,0.214,0.225,410000.0,0.0
08446.HK,2019-05-23,0.229,0.229,0.218,0.218,290000.0,0.0
08446.HK,2019-05-24,0.218,0.218,0.218,0.218,610000.0,0.0
08446.HK,2019-05-27,0.22,0.22,0.22,0.22,10000.0,0.0
08446.HK,2019-05-28,0.211,0.225,0.21,0.225,260000.0,0.0
08446.HK,2019-05-29,0.232,0.232,0.228,0.23,200000.0,0.0
08446.HK,2019-05-30,0.231,0.231,0.228,0.228,220000.0,0.0
08446.HK,2019-05-31,0.228,0.231,0.228,0.231,250000.0,0.0
08446.HK,2019-06-03,0.231,0.244,0.231,0.243,780000.0,0.0
08446.HK,2019-06-04,0.243,0.243,0.231,0.231,40000.0,0.0
08446.HK,2019-06-05,0.232,0.234,0.231,0.234,360000.0,0.0
08446.HK,2019-06-06,0.234,0.238,0.234,0.238,340000.0,0.0
08446.HK,2019-06-10,0.242,0.243,0.238,0.239,680000.0,0.0
08446.HK,2019-06-11,0.235,0.235,0.231,0.235,570000.0,0.0
08446.HK,2019-06-12,0.232,0.24,0.232,0.235,550000.0,0.0
08446.HK,2019-06-13,0.231,0.232,0.23,0.23,470000.0,0.0
08446.HK,2019-06-14,0.235,0.25,0.235,0.245,780000.0,0.0
08446.HK,2019-06-17,0.244,0.255,0.237,0.243,760000.0,0.0
08446.HK,2019-06-18,0.243,0.243,0.243,0.243,60000.0,0.0
08446.HK,2019-06-19,0.243,0.243,0.243,0.243,0.0,0.0
08446.HK,2019-06-20,0.243,0.243,0.243,0.243,0.0,0.0
08446.HK,2019-06-21,0.25,0.255,0.239,0.239,1760000.0,0.0
08446.HK,2019-06-24,0.236,0.236,0.23,0.236,1140000.0,0.0
08446.HK,2019-06-25,0.233,0.233,0.226,0.226,970000.0,0.0
08446.HK,2019-06-26,0.226,0.228,0.225,0.226,350000.0,0.0
08446.HK,2019-06-27,0.226,0.239,0.226,0.239,170000.0,0.0
08446.HK,2019-06-28,0.239,0.239,0.239,0.239,0.0,0.0
08446.HK,2019-07-02,0.239,0.24,0.239,0.24,160000.0,0.0
08446.HK,2019-07-03,0.24,0.243,0.229,0.233,1410000.0,0.0
08446.HK,2019-07-04,0.243,0.243,0.241,0.241,20000.0,0.0
08446.HK,2019-07-05,0.23,0.232,0.23,0.232,60000.0,0.0
08446.HK,2019-07-08,0.243,0.27,0.243,0.255,3780000.0,0.0
08446.HK,2019-07-09,0.249,0.249,0.249,0.249,100000.0,0.0
08446.HK,2019-07-10,0.245,0.246,0.245,0.246,280000.0,0.0
08446.HK,2019-07-11,0.245,0.25,0.245,0.25,370000.0,0.0
08446.HK,2019-07-12,0.25,0.25,0.245,0.245,870000.0,0.0
08446.HK,2019-07-15,0.246,0.25,0.246,0.25,430000.0,0.0
08446.HK,2019-07-16,0.26,0.26,0.246,0.246,760000.0,0.0
08446.HK,2019-07-17,0.246,0.246,0.246,0.246,0.0,0.0
08446.HK,2019-07-18,0.235,0.236,0.232,0.236,170000.0,0.0
08446.HK,2019-07-19,0.25,0.25,0.241,0.241,270000.0,0.0
08446.HK,2019-07-22,0.25,0.25,0.246,0.246,270000.0,0.0
08446.HK,2019-07-23,0.247,0.25,0.247,0.25,180000.0,0.0
08446.HK,2019-07-24,0.249,0.249,0.246,0.246,210000.0,0.0
08446.HK,2019-07-25,0.245,0.245,0.245,0.245,400000.0,0.0
08446.HK,2019-07-26,0.246,0.26,0.246,0.26,170000.0,0.0
08446.HK,2019-07-29,0.255,0.255,0.255,0.255,300000.0,0.0
08446.HK,2019-07-30,0.255,0.255,0.255,0.255,120000.0,0.0
08446.HK,2019-07-31,0.25,0.25,0.25,0.25,100000.0,0.0
08446.HK,2019-08-01,0.255,0.26,0.255,0.26,420000.0,0.0
08446.HK,2019-08-02,0.25,0.25,0.25,0.25,40000.0,0.0
08446.HK,2019-08-05,0.25,0.25,0.25,0.25,860000.0,0.0
08446.HK,2019-08-06,0.234,0.24,0.234,0.24,50000.0,0.0
08446.HK,2019-08-07,0.249,0.26,0.249,0.249,350000.0,0.0
08446.HK,2019-08-08,0.249,0.249,0.249,0.249,30000.0,0.0
08446.HK,2019-08-09,0.249,0.249,0.249,0.249,0.0,0.0
08446.HK,2019-08-12,0.26,0.27,0.25,0.25,1000000.0,0.0
08446.HK,2019-08-13,0.25,0.25,0.244,0.244,280000.0,0.0
08446.HK,2019-08-14,0.244,0.244,0.244,0.244,10000.0,0.0
08446.HK,2019-08-15,0.238,0.238,0.238,0.238,100000.0,0.0
08446.HK,2019-08-16,0.241,0.26,0.241,0.26,460000.0,0.0
08446.HK,2019-08-19,0.242,0.25,0.242,0.25,120000.0,0.0
08446.HK,2019-08-20,0.25,0.25,0.246,0.246,350000.0,0.0
08446.HK,2019-08-21,0.255,0.255,0.255,0.255,50000.0,0.0
08446.HK,2019-08-22,0.255,0.265,0.255,0.265,840000.0,0.0
08446.HK,2019-08-23,0.265,0.265,0.265,0.265,0.0,0.0
08446.HK,2019-08-26,0.26,0.26,0.26,0.26,0.0,0.0
08446.HK,2019-08-27,0.26,0.265,0.26,0.265,250000.0,0.0
08446.HK,2019-08-28,0.26,0.265,0.26,0.26,60000.0,0.0
08446.HK,2019-08-29,0.26,0.265,0.26,0.26,100000.0,0.0
08446.HK,2019-08-30,0.26,0.26,0.26,0.26,0.0,0.0
08446.HK,2019-09-02,0.26,0.26,0.26,0.26,500000.0,0.0
08446.HK,2019-09-03,0.24,0.26,0.24,0.26,1000.0,0.0
08446.HK,2019-09-04,0.26,0.26,0.26,0.26,250000.0,0.0
08446.HK,2019-09-05,0.26,0.26,0.26,0.26,0.0,0.0
08446.HK,2019-09-06,0.241,0.26,0.24,0.26,60000.0,0.0
08446.HK,2019-09-09,0.255,0.255,0.255,0.255,20000.0,0.0
08446.HK,2019-09-10,0.249,0.25,0.248,0.25,230000.0,0.0
08446.HK,2019-09-11,0.25,0.25,0.25,0.25,0.0,0.0
08446.HK,2019-09-12,0.25,0.25,0.25,0.25,0.0,0.0
08446.HK,2019-09-13,0.25,0.25,0.25,0.25,40000.0,0.0
08446.HK,2019-09-16,0.25,0.25,0.25,0.25,0.0,0.0
08446.HK,2019-09-17,0.25,0.25,0.25,0.25,0.0,0.0
08446.HK,2019-09-18,0.24,0.255,0.24,0.255,100000.0,0.0
08446.HK,2019-09-19,0.248,0.248,0.248,0.248,120000.0,0.0
08446.HK,2019-09-20,0.25,0.25,0.25,0.25,0.0,0.0
08446.HK,2019-09-23,0.25,0.25,0.25,0.25,0.0,0.0
08446.HK,2019-09-24,0.248,0.25,0.248,0.25,50000.0,0.0
08446.HK,2019-09-25,0.25,0.25,0.25,0.25,0.0,0.0
08446.HK,2019-09-26,0.25,0.25,0.25,0.25,20000.0,0.0
08446.HK,2019-09-27,0.242,0.25,0.242,0.25,70000.0,0.0
08446.HK,2019-09-30,0.25,0.25,0.25,0.25,0.0,0.0
08446.HK,2019-10-02,0.25,0.25,0.25,0.25,0.0,0.0
08446.HK,2019-10-03,0.25,0.25,0.24,0.24,70000.0,0.0
08446.HK,2019-10-04,0.25,0.265,0.245,0.245,120000.0,0.0
08446.HK,2019-10-08,0.25,0.25,0.241,0.241,50000.0,0.0
08446.HK,2019-10-09,0.244,0.25,0.244,0.25,40000.0,0.0
08446.HK,2019-10-10,0.25,0.25,0.25,0.25,0.0,0.0
08446.HK,2019-10-11,0.25,0.25,0.25,0.25,0.0,0.0
08446.HK,2019-10-14,0.25,0.25,0.25,0.25,0.0,0.0
08446.HK,2019-10-15,0.25,0.25,0.25,0.25,0.0,0.0
08446.HK,2019-10-16,0.247,0.25,0.247,0.25,130000.0,0.0
08446.HK,2019-10-17,0.245,0.245,0.245,0.245,0.0,0.0
08446.HK,2019-10-18,0.24,0.24,0.24,0.24,20000.0,0.0
08446.HK,2019-10-21,0.24,0.24,0.24,0.24,0.0,0.0
08446.HK,2019-10-22,0.24,0.24,0.24,0.24,230000.0,0.0
08446.HK,2019-10-23,0.233,0.24,0.232,0.24,470000.0,0.0
08446.HK,2019-10-24,0.235,0.25,0.235,0.25,240000.0,0.0
08446.HK,2019-10-25,0.234,0.248,0.23,0.248,300000.0,0.0
08446.HK,2019-10-28,0.245,0.245,0.245,0.245,0.0,0.0
08446.HK,2019-10-29,0.232,0.243,0.232,0.243,30000.0,0.0
08446.HK,2019-10-30,0.236,0.237,0.236,0.237,50000.0,0.0
08446.HK,2019-10-31,0.237,0.237,0.237,0.237,0.0,0.0
08446.HK,2019-11-01,0.237,0.237,0.237,0.237,0.0,0.0
08446.HK,2019-11-04,0.235,0.244,0.235,0.244,220000.0,0.0
08446.HK,2019-11-05,0.244,0.244,0.244,0.244,0.0,0.0
08446.HK,2019-11-06,0.244,0.244,0.244,0.244,0.0,0.0
08446.HK,2019-11-07,0.244,0.244,0.244,0.244,0.0,0.0
08446.HK,2019-11-08,0.244,0.244,0.244,0.244,0.0,0.0
08446.HK,2019-11-11,0.231,0.231,0.23,0.23,180000.0,0.0
08446.HK,2019-11-12,0.23,0.23,0.23,0.23,20000.0,0.0
08446.HK,2019-11-13,0.226,0.237,0.226,0.237,140000.0,0.0
08446.HK,2019-11-14,0.24,0.24,0.24,0.24,50000.0,0.0
08446.HK,2019-11-15,0.239,0.239,0.239,0.239,0.0,0.0
08446.HK,2019-11-18,0.238,0.238,0.238,0.238,0.0,0.0
08446.HK,2019-11-19,0.234,0.234,0.234,0.234,0.0,0.0
08446.HK,2019-11-20,0.234,0.234,0.234,0.234,0.0,0.0
08446.HK,2019-11-21,0.23,0.23,0.23,0.23,10000.0,0.0
08446.HK,2019-11-22,0.23,0.23,0.23,0.23,0.0,0.0
08446.HK,2019-11-25,0.23,0.23,0.23,0.23,0.0,0.0
08446.HK,2019-11-26,0.225,0.225,0.225,0.225,190000.0,0.0
08446.HK,2019-11-27,0.215,0.215,0.215,0.215,70000.0,0.0
08446.HK,2019-11-28,0.217,0.217,0.215,0.215,750000.0,0.0
08446.HK,2019-11-29,0.205,0.21,0.205,0.21,140000.0,0.0
08446.HK,2019-12-02,0.21,0.21,0.21,0.21,0.0,0.0
08446.HK,2019-12-03,0.21,0.21,0.21,0.21,0.0,0.0
08446.HK,2019-12-04,0.209,0.209,0.209,0.209,60000.0,0.0
08446.HK,2019-12-05,0.205,0.209,0.201,0.209,170000.0,0.0
08446.HK,2019-12-06,0.209,0.209,0.209,0.209,0.0,0.0
08446.HK,2019-12-09,0.21,0.21,0.21,0.21,0.0,0.0
08446.HK,2019-12-10,0.22,0.22,0.209,0.209,70000.0,0.0
08446.HK,2019-12-11,0.209,0.209,0.209,0.209,0.0,0.0
08446.HK,2019-12-12,0.209,0.209,0.209,0.209,0.0,0.0
08446.HK,2019-12-13,0.208,0.208,0.202,0.202,190000.0,0.0
08446.HK,2019-12-16,0.202,0.202,0.202,0.202,100000.0,0.0
08446.HK,2019-12-17,0.202,0.202,0.202,0.202,100000.0,0.0
08446.HK,2019-12-18,0.208,0.208,0.202,0.202,30000.0,0.0
08446.HK,2019-12-19,0.202,0.202,0.202,0.202,0.0,0.0
08446.HK,2019-12-20,0.201,0.201,0.201,0.201,0.0,0.0
08446.HK,2019-12-23,0.19,0.19,0.175,0.185,300000.0,0.0
08446.HK,2019-12-24,0.185,0.2,0.185,0.2,40000.0,0.0
08446.HK,2019-12-27,0.2,0.2,0.2,0.2,0.0,0.0
08446.HK,2019-12-30,0.2,0.2,0.2,0.2,0.0,0.0
08446.HK,2019-12-31,0.199,0.199,0.199,0.199,0.0,0.0
08446.HK,2020-01-02,0.199,0.199,0.199,0.199,0.0,0.0
08446.HK,2020-01-03,0.177,0.179,0.175,0.175,100000.0,0.0
08446.HK,2020-01-06,0.175,0.175,0.175,0.175,160000.0,0.0
08446.HK,2020-01-07,0.18,0.18,0.175,0.18,210000.0,0.0
08446.HK,2020-01-08,0.179,0.18,0.179,0.18,90000.0,0.0
08446.HK,2020-01-09,0.18,0.18,0.18,0.18,0.0,0.0
08446.HK,2020-01-10,0.18,0.18,0.18,0.18,0.0,0.0
08446.HK,2020-01-13,0.181,0.181,0.181,0.181,10000.0,0.0
08446.HK,2020-01-14,0.18,0.18,0.18,0.18,0.0,0.0
08446.HK,2020-01-15,0.179,0.179,0.179,0.179,0.0,0.0
08446.HK,2020-01-16,0.179,0.179,0.179,0.179,0.0,0.0
08446.HK,2020-01-17,0.177,0.177,0.165,0.177,570000.0,0.0
08446.HK,2020-01-20,0.17,0.171,0.166,0.17,570000.0,0.0
08446.HK,2020-01-21,0.17,0.17,0.17,0.17,10000.0,0.0
08446.HK,2020-01-22,0.172,0.172,0.172,0.172,0.0,0.0
08446.HK,2020-01-23,0.173,0.173,0.173,0.173,190000.0,0.0
08446.HK,2020-01-24,0.173,0.173,0.173,0.173,0.0,0.0
08446.HK,2020-01-29,0.173,0.173,0.173,0.173,0.0,0.0
08446.HK,2020-01-30,0.17,0.17,0.129,0.144,360000.0,0.0
08446.HK,2020-01-31,0.131,0.131,0.108,0.11,2410000.0,0.0
08446.HK,2020-02-03,0.106,0.108,0.106,0.108,40000.0,0.0
08446.HK,2020-02-04,0.111,0.111,0.11,0.11,60000.0,0.0
08446.HK,2020-02-05,0.11,0.11,0.11,0.11,0.0,0.0
08446.HK,2020-02-06,0.111,0.123,0.111,0.123,250000.0,0.0
08446.HK,2020-02-07,0.124,0.126,0.124,0.126,830000.0,0.0
08446.HK,2020-02-10,0.125,0.125,0.125,0.125,250000.0,0.0
08446.HK,2020-02-11,0.125,0.125,0.125,0.125,50000.0,0.0
08446.HK,2020-02-12,0.125,0.125,0.125,0.125,0.0,0.0
08446.HK,2020-02-13,0.125,0.125,0.125,0.125,0.0,0.0
08446.HK,2020-02-14,0.129,0.22,0.129,0.16,190000.0,0.0
08446.HK,2020-02-17,0.17,0.17,0.17,0.17,110000.0,0.0
08446.HK,2020-02-18,0.166,0.166,0.166,0.166,0.0,0.0
08446.HK,2020-02-19,0.159,0.159,0.159,0.159,0.0,0.0
08446.HK,2020-02-20,0.159,0.159,0.159,0.159,0.0,0.0
08446.HK,2020-02-21,0.15,0.15,0.15,0.15,0.0,0.0
08446.HK,2020-02-24,0.14,0.149,0.124,0.146,390000.0,0.0
08446.HK,2020-02-25,0.14,0.14,0.14,0.14,160000.0,0.0
08446.HK,2020-02-26,0.124,0.144,0.123,0.143,270000.0,0.0
08446.HK,2020-02-27,0.119,0.129,0.118,0.129,310000.0,0.0
08446.HK,2020-02-28,0.123,0.124,0.123,0.124,20000.0,0.0
08446.HK,2020-03-02,0.14,0.14,0.123,0.123,250000.0,0.0
08446.HK,2020-03-03,0.123,0.123,0.123,0.123,0.0,0.0
08446.HK,2020-03-04,0.123,0.123,0.123,0.123,0.0,0.0
08446.HK,2020-03-05,0.143,0.16,0.143,0.145,80000.0,0.0
08446.HK,2020-03-06,0.141,0.141,0.141,0.141,0.0,0.0
08446.HK,2020-03-09,0.13,0.13,0.13,0.13,40000.0,0.0
08446.HK,2020-03-10,0.115,0.118,0.115,0.118,20000.0,0.0
08446.HK,2020-03-11,0.12,0.13,0.12,0.13,110000.0,0.0
08446.HK,2020-03-12,0.12,0.12,0.118,0.118,700000.0,0.0
08446.HK,2020-03-13,0.118,0.118,0.113,0.113,1450000.0,0.0
08446.HK,2020-03-16,0.114,0.115,0.113,0.113,270000.0,0.0
08446.HK,2020-03-17,0.108,0.109,0.1,0.101,1010000.0,0.0
08446.HK,2020-03-18,0.1,0.1,0.1,0.1,100000.0,0.0
08446.HK,2020-03-19,0.11,0.11,0.1,0.1,40000.0,0.0
08446.HK,2020-03-20,0.1,0.1,0.1,0.1,0.0,0.0
08446.HK,2020-03-23,0.1,0.1,0.1,0.1,0.0,0.0
08446.HK,2020-03-24,0.1,0.1,0.1,0.1,0.0,0.0
08446.HK,2020-03-25,0.099,0.099,0.07,0.088,1690000.0,0.0
08446.HK,2020-03-26,0.09,0.092,0.09,0.092,40000.0,0.0
08446.HK,2020-03-27,0.095,0.12,0.095,0.12,460000.0,0.0
08446.HK,2020-03-30,0.12,0.12,0.12,0.12,0.0,0.0
08446.HK,2020-03-31,0.1,0.1,0.1,0.1,10000.0,0.0
08446.HK,2020-04-01,0.1,0.1,0.1,0.1,0.0,0.0
08446.HK,2020-04-02,0.127,0.127,0.125,0.125,120000.0,0.0
08446.HK,2020-04-03,0.102,0.102,0.102,0.102,20000.0,0.0
08446.HK,2020-04-06,0.102,0.102,0.102,0.102,0.0,0.0
08446.HK,2020-04-07,0.102,0.102,0.102,0.102,20000.0,0.0
08446.HK,2020-04-08,0.102,0.102,0.102,0.102,0.0,0.0
08446.HK,2020-04-09,0.1,0.1,0.1,0.1,0.0,0.0
08446.HK,2020-04-14,0.099,0.099,0.099,0.099,300000.0,0.0
08446.HK,2020-04-15,0.1,0.1,0.1,0.1,60000.0,0.0
08446.HK,2020-04-16,0.1,0.1,0.1,0.1,0.0,0.0
08446.HK,2020-04-17,0.105,0.105,0.105,0.105,30000.0,0.0
08446.HK,2020-04-20,0.1,0.1,0.1,0.1,0.0,0.0
08446.HK,2020-04-21,0.097,0.097,0.097,0.097,80000.0,0.0
08446.HK,2020-04-22,0.091,0.091,0.09,0.09,60000.0,0.0
08446.HK,2020-04-23,0.09,0.09,0.09,0.09,10000.0,0.0
08446.HK,2020-04-24,0.09,0.09,0.09,0.09,100000.0,0.0
08446.HK,2020-04-27,0.09,0.09,0.09,0.09,0.0,0.0
08446.HK,2020-04-28,0.089,0.09,0.089,0.09,20000.0,0.0
08446.HK,2020-04-29,0.09,0.09,0.09,0.09,30000.0,0.0
08446.HK,2020-05-04,0.09,0.09,0.09,0.09,0.0,0.0
08446.HK,2020-05-05,0.09,0.09,0.088,0.088,130000.0,0.0
08446.HK,2020-05-06,0.089,0.089,0.088,0.088,230000.0,0.0
08446.HK,2020-05-07,0.088,0.091,0.076,0.091,70000.0,0.0
08446.HK,2020-05-08,0.091,0.091,0.091,0.091,0.0,0.0
08446.HK,2020-05-11,0.091,0.091,0.091,0.091,0.0,0.0
08446.HK,2020-05-12,0.09,0.09,0.09,0.09,0.0,0.0
08446.HK,2020-05-13,0.09,0.09,0.09,0.09,0.0,0.0
08446.HK,2020-05-14,0.09,0.09,0.09,0.09,0.0,0.0
08446.HK,2020-05-15,0.076,0.079,0.076,0.079,90000.0,0.0
08446.HK,2020-05-18,0.079,0.079,0.079,0.079,510000.0,0.0
08446.HK,2020-05-19,0.079,0.079,0.079,0.079,20000.0,0.0
08446.HK,2020-05-20,0.079,0.079,0.078,0.078,220000.0,0.0
08446.HK,2020-05-21,0.085,0.085,0.085,0.085,60000.0,0.0
08446.HK,2020-05-22,0.08,0.08,0.08,0.08,140000.0,0.0
08446.HK,2020-05-25,0.08,0.08,0.08,0.08,0.0,0.0
08446.HK,2020-05-26,0.08,0.08,0.08,0.08,0.0,0.0
08446.HK,2020-05-27,0.08,0.08,0.08,0.08,0.0,0.0
08446.HK,2020-05-28,0.08,0.08,0.08,0.08,0.0,0.0
08446.HK,2020-05-29,0.08,0.08,0.08,0.08,0.0,0.0
08446.HK,2020-06-01,0.08,0.08,0.08,0.08,20000.0,0.0
08446.HK,2020-06-02,0.075,0.075,0.075,0.075,40000.0,0.0
08446.HK,2020-06-03,0.073,0.073,0.07,0.072,70000.0,0.0
08446.HK,2020-06-04,0.072,0.072,0.072,0.072,20000.0,0.0
08446.HK,2020-06-05,0.072,0.072,0.072,0.072,0.0,0.0
08446.HK,2020-06-08,0.072,0.072,0.072,0.072,0.0,0.0
08446.HK,2020-06-09,0.072,0.072,0.072,0.072,20000.0,0.0
08446.HK,2020-06-10,0.071,0.071,0.071,0.071,100000.0,0.0
08446.HK,2020-06-11,0.071,0.071,0.071,0.071,0.0,0.0
08446.HK,2020-06-12,0.07,0.07,0.07,0.07,10000.0,0.0
08446.HK,2020-06-15,0.07,0.07,0.07,0.07,0.0,0.0
08446.HK,2020-06-16,0.068,0.068,0.068,0.068,50000.0,0.0
08446.HK,2020-06-17,0.068,0.068,0.068,0.068,0.0,0.0
08446.HK,2020-06-18,0.069,0.071,0.069,0.071,210000.0,0.0
08446.HK,2020-06-19,0.071,0.071,0.071,0.071,0.0,0.0
08446.HK,2020-06-22,0.071,0.071,0.071,0.071,10000.0,0.0
08446.HK,2020-06-23,0.068,0.069,0.068,0.069,100000.0,0.0
08446.HK,2020-06-24,0.07,0.07,0.07,0.07,20000.0,0.0
08446.HK,2020-06-26,0.068,0.071,0.068,0.071,300000.0,0.0
08446.HK,2020-06-29,0.09,0.124,0.09,0.121,160000.0,0.0
08446.HK,2020-06-30,0.121,0.121,0.121,0.121,40000.0,0.0
08446.HK,2020-07-02,0.121,0.121,0.119,0.119,10000.0,0.0
08446.HK,2020-07-03,0.119,0.119,0.119,0.119,0.0,0.0
08446.HK,2020-07-06,0.118,0.118,0.11,0.11,90000.0,0.0
08446.HK,2020-07-07,0.085,0.099,0.085,0.099,60000.0,0.0
08446.HK,2020-07-08,0.098,0.098,0.098,0.098,180000.0,0.0
08446.HK,2020-07-09,0.078,0.081,0.078,0.08,662000.0,0.0
08446.HK,2020-07-10,0.079,0.079,0.078,0.078,120000.0,0.0
08446.HK,2020-07-13,0.079,0.079,0.069,0.07,1290000.0,0.0
08446.HK,2020-07-14,0.069,0.07,0.063,0.07,240000.0,0.0
08446.HK,2020-07-15,0.069,0.069,0.069,0.069,80000.0,0.0
08446.HK,2020-07-16,0.069,0.069,0.069,0.069,0.0,0.0
08446.HK,2020-07-17,0.069,0.069,0.069,0.069,0.0,0.0
08446.HK,2020-07-20,0.069,0.069,0.069,0.069,50000.0,0.0
08446.HK,2020-07-21,0.069,0.069,0.069,0.069,0.0,0.0
08446.HK,2020-07-22,0.069,0.07,0.069,0.07,80000.0,0.0
08446.HK,2020-07-23,0.07,0.07,0.07,0.07,110000.0,0.0
08446.HK,2020-07-24,0.07,0.07,0.07,0.07,0.0,0.0
08446.HK,2020-07-27,0.069,0.069,0.069,0.069,0.0,0.0
08446.HK,2020-07-28,0.069,0.069,0.069,0.069,0.0,0.0
08446.HK,2020-07-29,0.069,0.069,0.069,0.069,0.0,0.0
08446.HK,2020-07-30,0.069,0.069,0.069,0.069,0.0,0.0
08446.HK,2020-07-31,0.066,0.066,0.065,0.065,100000.0,0.0
08446.HK,2020-08-03,0.066,0.066,0.066,0.066,0.0,0.0
08446.HK,2020-08-04,0.066,0.066,0.066,0.066,0.0,0.0
08446.HK,2020-08-05,0.065,0.065,0.065,0.065,0.0,0.0
08446.HK,2020-08-06,0.067,0.067,0.067,0.067,20000.0,0.0
08446.HK,2020-08-07,0.067,0.067,0.067,0.067,10000.0,0.0
08446.HK,2020-08-10,0.067,0.067,0.065,0.065,90000.0,0.0
08446.HK,2020-08-11,0.064,0.065,0.064,0.064,310000.0,0.0
08446.HK,2020-08-12,0.062,0.07,0.062,0.07,600000.0,0.0
08446.HK,2020-08-13,0.069,0.073,0.069,0.073,250000.0,0.0
08446.HK,2020-08-14,0.074,0.078,0.074,0.075,170000.0,0.0
08446.HK,2020-08-17,0.08,0.086,0.08,0.086,530000.0,0.0
08446.HK,2020-08-18,0.09,0.09,0.09,0.09,170000.0,0.0
08446.HK,2020-08-19,0.09,0.09,0.09,0.09,0.0,0.0
08446.HK,2020-08-20,0.09,0.095,0.09,0.09,420000.0,0.0
08446.HK,2020-08-21,0.09,0.093,0.09,0.092,80000.0,0.0
08446.HK,2020-08-24,0.092,0.092,0.092,0.092,170000.0,0.0
08446.HK,2020-08-25,0.1,0.12,0.1,0.12,2050000.0,0.0
08446.HK,2020-08-26,0.144,0.22,0.144,0.182,8890000.0,0.0
08446.HK,2020-08-27,0.198,0.32,0.198,0.26,22490000.0,0.0
08446.HK,2020-08-28,0.26,0.285,0.196,0.196,11270000.0,0.0
08446.HK,2020-08-31,0.196,0.28,0.196,0.244,5390000.0,0.0
08446.HK,2020-09-01,0.244,0.245,0.244,0.245,1400000.0,0.0
08446.HK,2020-09-02,0.24,0.25,0.24,0.25,1660000.0,0.0
08446.HK,2020-09-03,0.25,0.27,0.25,0.27,2960000.0,0.0
08446.HK,2020-09-04,0.27,0.285,0.27,0.275,3540000.0,0.0
08446.HK,2020-09-07,0.29,0.33,0.29,0.29,4810000.0,0.0
08446.HK,2020-09-08,0.29,0.29,0.29,0.29,330000.0,0.0
08446.HK,2020-09-09,0.29,0.29,0.265,0.29,1260000.0,0.0
08446.HK,2020-09-10,0.285,0.29,0.285,0.285,1400000.0,0.0
08446.HK,2020-09-11,0.3,0.3,0.29,0.29,150000.0,0.0
08446.HK,2020-09-14,0.265,0.27,0.265,0.27,280000.0,0.0
08446.HK,2020-09-15,0.27,0.27,0.25,0.25,1400000.0,0.0
08446.HK,2020-09-16,0.249,0.25,0.249,0.249,340000.0,0.0
08446.HK,2020-09-17,0.249,0.249,0.249,0.249,30000.0,0.0
08446.HK,2020-09-18,0.248,0.248,0.247,0.247,250000.0,0.0
08446.HK,2020-09-21,0.245,0.245,0.245,0.245,0.0,0.0
08446.HK,2020-09-22,0.245,0.245,0.245,0.245,0.0,0.0
08446.HK,2020-09-23,0.245,0.245,0.245,0.245,90000.0,0.0
08446.HK,2020-09-24,0.239,0.239,0.229,0.229,30000.0,0.0
08446.HK,2020-09-25,0.203,0.203,0.189,0.189,630000.0,0.0
08446.HK,2020-09-28,0.153,0.172,0.153,0.172,740000.0,0.0
08446.HK,2020-09-29,0.19,0.208,0.19,0.208,50000.0,0.0
08446.HK,2020-09-30,0.228,0.228,0.21,0.215,320000.0,0.0
08446.HK,2020-10-05,0.214,0.214,0.214,0.214,0.0,0.0
08446.HK,2020-10-06,0.162,0.191,0.162,0.191,340000.0,0.0
08446.HK,2020-10-07,0.191,0.191,0.191,0.191,0.0,0.0
08446.HK,2020-10-08,0.163,0.17,0.163,0.166,90000.0,0.0
08446.HK,2020-10-09,0.167,0.19,0.167,0.19,800000.0,0.0
08446.HK,2020-10-12,0.19,0.248,0.19,0.233,160000.0,0.0
08446.HK,2020-10-14,0.23,0.23,0.23,0.23,0.0,0.0
08446.HK,2020-10-15,0.229,0.229,0.229,0.229,0.0,0.0
08446.HK,2020-10-16,0.218,0.218,0.218,0.218,10000.0,0.0
08446.HK,2020-10-19,0.198,0.198,0.198,0.198,80000.0,0.0
08446.HK,2020-10-20,0.222,0.222,0.198,0.198,40000.0,0.0
08446.HK,2020-10-21,0.198,0.198,0.198,0.198,0.0,0.0
08446.HK,2020-10-22,0.194,0.194,0.194,0.194,0.0,0.0
08446.HK,2020-10-23,0.17,0.17,0.17,0.17,210000.0,0.0
08446.HK,2020-10-27,0.17,0.17,0.17,0.17,0.0,0.0
08446.HK,2020-10-28,0.17,0.17,0.17,0.17,120000.0,0.0
08446.HK,2020-10-29,0.17,0.17,0.17,0.17,0.0,0.0
08446.HK,2020-10-30,0.17,0.17,0.17,0.17,0.0,0.0
08446.HK,2020-11-02,0.17,0.17,0.17,0.17,320000.0,0.0
08446.HK,2020-11-03,0.17,0.17,0.17,0.17,40000.0,0.0
08446.HK,2020-11-04,0.17,0.17,0.17,0.17,0.0,0.0
08446.HK,2020-11-05,0.17,0.17,0.17,0.17,30000.0,0.0
08446.HK,2020-11-06,0.17,0.17,0.17,0.17,0.0,0.0
08446.HK,2020-11-09,0.17,0.17,0.17,0.17,0.0,0.0
08446.HK,2020-11-10,0.165,0.165,0.165,0.165,10000.0,0.0
08446.HK,2020-11-11,0.165,0.166,0.165,0.166,10000.0,0.0
08446.HK,2020-11-12,0.18,0.21,0.177,0.21,280000.0,0.0
08446.HK,2020-11-13,0.2,0.2,0.2,0.2,0.0,0.0
08446.HK,2020-11-16,0.2,0.2,0.2,0.2,0.0,0.0
08446.HK,2020-11-17,0.2,0.2,0.2,0.2,0.0,0.0
08446.HK,2020-11-18,0.2,0.2,0.2,0.2,0.0,0.0
08446.HK,2020-11-19,0.199,0.199,0.199,0.199,0.0,0.0
08446.HK,2020-11-20,0.199,0.199,0.199,0.199,30000.0,0.0
08446.HK,2020-11-23,0.2,0.2,0.2,0.2,10000.0,0.0
08446.HK,2020-11-24,0.2,0.2,0.2,0.2,50000.0,0.0
08446.HK,2020-11-25,0.2,0.2,0.2,0.2,0.0,0.0
08446.HK,2020-11-26,0.2,0.2,0.2,0.2,0.0,0.0
08446.HK,2020-11-27,0.2,0.2,0.2,0.2,200000.0,0.0
08446.HK,2020-11-30,0.19,0.19,0.19,0.19,0.0,0.0
08446.HK,2020-12-01,0.209,0.24,0.209,0.234,1040000.0,0.0
08446.HK,2020-12-02,0.234,0.285,0.234,0.255,570000.0,0.0
08446.HK,2020-12-03,0.249,0.249,0.249,0.249,320000.0,0.0
08446.HK,2020-12-04,0.255,0.255,0.245,0.245,1110000.0,0.0
08446.HK,2020-12-07,0.239,0.24,0.239,0.24,190000.0,0.0
08446.HK,2020-12-08,0.24,0.244,0.24,0.243,960000.0,0.0
08446.HK,2020-12-09,0.249,0.26,0.249,0.25,1440000.0,0.0
08446.HK,2020-12-10,0.248,0.248,0.248,0.248,70000.0,0.0
08446.HK,2020-12-11,0.248,0.248,0.248,0.248,0.0,0.0
08446.HK,2020-12-14,0.248,0.248,0.248,0.248,0.0,0.0
08446.HK,2020-12-15,0.248,0.248,0.248,0.248,0.0,0.0
08446.HK,2020-12-16,0.248,0.248,0.248,0.248,200000.0,0.0
08446.HK,2020-12-17,0.247,0.247,0.247,0.247,0.0,0.0
08446.HK,2020-12-18,0.235,0.235,0.235,0.235,20000.0,0.0
08446.HK,2020-12-21,0.235,0.235,0.235,0.235,0.0,0.0
08446.HK,2020-12-22,0.235,0.235,0.235,0.235,0.0,0.0
08446.HK,2020-12-23,0.235,0.235,0.235,0.235,0.0,0.0
08446.HK,2020-12-24,0.22,0.22,0.22,0.22,0.0,0.0
08446.HK,2020-12-28,0.2,0.218,0.2,0.218,260000.0,0.0
08446.HK,2020-12-29,0.218,0.218,0.218,0.218,0.0,0.0
08446.HK,2020-12-30,0.193,0.195,0.193,0.195,310000.0,0.0
08446.HK,2020-12-31,0.195,0.195,0.195,0.195,20000.0,0.0
08446.HK,2021-01-04,0.195,0.195,0.195,0.195,0.0,0.0
08446.HK,2021-01-05,0.195,0.195,0.195,0.195,20000.0,0.0
08446.HK,2021-01-06,0.186,0.188,0.186,0.188,190000.0,0.0
08446.HK,2021-01-07,0.188,0.188,0.188,0.188,0.0,0.0
08446.HK,2021-01-08,0.188,0.188,0.18,0.18,260000.0,0.0
08446.HK,2021-01-11,0.18,0.18,0.18,0.18,0.0,0.0
08446.HK,2021-01-12,0.18,0.18,0.18,0.18,0.0,0.0
08446.HK,2021-01-13,0.171,0.18,0.171,0.18,240000.0,0.0
08446.HK,2021-01-14,0.171,0.172,0.171,0.172,230000.0,0.0
08446.HK,2021-01-15,0.172,0.172,0.172,0.172,40000.0,0.0
08446.HK,2021-01-18,0.171,0.172,0.171,0.172,390000.0,0.0
08446.HK,2021-01-19,0.172,0.172,0.172,0.172,0.0,0.0
08446.HK,2021-01-20,0.172,0.172,0.172,0.172,0.0,0.0
08446.HK,2021-01-21,0.172,0.172,0.172,0.172,0.0,0.0
08446.HK,2021-01-22,0.18,0.18,0.18,0.18,40000.0,0.0
08446.HK,2021-01-25,0.18,0.18,0.178,0.178,100000.0,0.0
08446.HK,2021-01-26,0.17,0.17,0.155,0.155,2670000.0,0.0
08446.HK,2021-01-27,0.155,0.155,0.155,0.155,0.0,0.0
08446.HK,2021-01-28,0.155,0.155,0.153,0.153,150000.0,0.0
08446.HK,2021-01-29,0.146,0.15,0.145,0.145,210000.0,0.0
08446.HK,2021-02-01,0.145,0.145,0.145,0.145,270000.0,0.0
08446.HK,2021-02-02,0.146,0.146,0.146,0.146,40000.0,0.0
08446.HK,2021-02-03,0.148,0.148,0.148,0.148,0.0,0.0
08446.HK,2021-02-04,0.148,0.148,0.148,0.148,350000.0,0.0
08446.HK,2021-02-05,0.131,0.16,0.13,0.16,100000.0,0.0
08446.HK,2021-02-08,0.16,0.16,0.16,0.16,0.0,0.0
08446.HK,2021-02-09,0.16,0.16,0.16,0.16,0.0,0.0
08446.HK,2021-02-10,0.16,0.16,0.16,0.16,20000.0,0.0
08446.HK,2021-02-11,0.16,0.16,0.16,0.16,0.0,0.0
08446.HK,2021-02-16,0.16,0.175,0.16,0.175,200000.0,0.0
08446.HK,2021-02-17,0.15,0.154,0.15,0.154,550000.0,0.0
08446.HK,2021-02-18,0.154,0.154,0.154,0.154,0.0,0.0
08446.HK,2021-02-19,0.154,0.154,0.154,0.154,0.0,0.0
08446.HK,2021-02-22,0.154,0.165,0.154,0.165,60000.0,0.0
08446.HK,2021-02-23,0.165,0.165,0.165,0.165,20000.0,0.0
08446.HK,2021-02-24,0.165,0.175,0.165,0.175,100000.0,0.0
08446.HK,2021-02-25,0.175,0.199,0.175,0.194,440000.0,0.0
08446.HK,2021-02-26,0.193,0.194,0.19,0.194,190000.0,0.0
08446.HK,2021-03-01,0.19,0.191,0.19,0.191,200000.0,0.0
08446.HK,2021-03-02,0.196,0.218,0.196,0.21,720000.0,0.0
08446.HK,2021-03-03,0.2,0.2,0.2,0.2,0.0,0.0
08446.HK,2021-03-04,0.2,0.2,0.2,0.2,0.0,0.0
08446.HK,2021-03-05,0.2,0.2,0.2,0.2,0.0,0.0
08446.HK,2021-03-08,0.18,0.18,0.18,0.18,200000.0,0.0
08446.HK,2021-03-09,0.18,0.18,0.18,0.18,0.0,0.0
08446.HK,2021-03-10,0.178,0.178,0.178,0.178,0.0,0.0
08446.HK,2021-03-11,0.156,0.161,0.155,0.161,140000.0,0.0
08446.HK,2021-03-12,0.161,0.161,0.161,0.161,0.0,0.0
08446.HK,2021-03-15,0.161,0.161,0.161,0.161,0.0,0.0
08446.HK,2021-03-16,0.162,0.163,0.162,0.163,40000.0,0.0
08446.HK,2021-03-17,0.199,0.22,0.199,0.199,1010000.0,0.0
08446.HK,2021-03-18,0.199,0.2,0.161,0.199,450000.0,0.0
08446.HK,2021-03-19,0.214,0.214,0.214,0.214,10000.0,0.0
08446.HK,2021-03-22,0.214,0.214,0.214,0.214,100000.0,0.0
08446.HK,2021-03-23,0.212,0.212,0.212,0.212,0.0,0.0
08446.HK,2021-03-24,0.206,0.206,0.205,0.205,240000.0,0.0
08446.HK,2021-03-25,0.199,0.199,0.199,0.199,0.0,0.0
08446.HK,2021-03-26,0.199,0.199,0.199,0.199,0.0,0.0
08446.HK,2021-03-29,0.2,0.2,0.167,0.173,260000.0,0.0
08446.HK,2021-03-30,0.173,0.174,0.173,0.173,480000.0,0.0
08446.HK,2021-03-31,0.173,0.173,0.173,0.173,0.0,0.0
08446.HK,2021-04-01,0.173,0.174,0.173,0.174,10000.0,0.0
08446.HK,2021-04-07,0.199,0.22,0.199,0.22,720000.0,0.0
08446.HK,2021-04-08,0.228,0.228,0.218,0.219,200000.0,0.0
08446.HK,2021-04-09,0.22,0.225,0.181,0.189,830000.0,0.0
08446.HK,2021-04-12,0.21,0.222,0.21,0.21,570000.0,0.0
08446.HK,2021-04-13,0.21,0.21,0.21,0.21,10000.0,0.0
08446.HK,2021-04-14,0.195,0.195,0.195,0.195,90000.0,0.0
08446.HK,2021-04-15,0.2,0.22,0.2,0.22,460000.0,0.0
08446.HK,2021-04-16,0.22,0.22,0.22,0.22,0.0,0.0
08446.HK,2021-04-19,0.22,0.22,0.22,0.22,0.0,0.0
08446.HK,2021-04-20,0.22,0.22,0.22,0.22,600000.0,0.0
08446.HK,2021-04-21,0.22,0.22,0.22,0.22,330000.0,0.0
08446.HK,2021-04-22,0.22,0.22,0.22,0.22,230000.0,0.0
08446.HK,2021-04-23,0.225,0.225,0.225,0.225,170000.0,0.0
08446.HK,2021-04-26,0.238,0.238,0.238,0.238,1060000.0,0.0
08446.HK,2021-04-27,0.192,0.195,0.191,0.195,90000.0,0.0
08446.HK,2021-04-28,0.195,0.195,0.195,0.195,0.0,0.0
08446.HK,2021-04-29,0.195,0.195,0.195,0.195,0.0,0.0
08446.HK,2021-04-30,0.213,0.213,0.213,0.213,10000.0,0.0
08446.HK,2021-05-03,0.213,0.213,0.213,0.213,10000.0,0.0
08446.HK,2021-05-04,0.213,0.213,0.213,0.213,0.0,0.0
08446.HK,2021-05-05,0.238,0.238,0.21,0.213,220000.0,0.0
08446.HK,2021-05-06,0.213,0.213,0.213,0.213,0.0,0.0
08446.HK,2021-05-07,0.213,0.213,0.213,0.213,150000.0,0.0
08446.HK,2021-05-10,0.2,0.2,0.2,0.2,100000.0,0.0
08446.HK,2021-05-11,0.195,0.197,0.195,0.197,180000.0,0.0
08446.HK,2021-05-12,0.197,0.198,0.197,0.198,30000.0,0.0
08446.HK,2021-05-13,0.198,0.198,0.198,0.198,0.0,0.0
08446.HK,2021-05-14,0.198,0.198,0.198,0.198,50000.0,0.0
08446.HK,2021-05-17,0.198,0.198,0.198,0.198,410000.0,0.0
08446.HK,2021-05-18,0.2,0.2,0.2,0.2,580000.0,0.0
08446.HK,2021-05-20,0.2,0.2,0.2,0.2,0.0,0.0
08446.HK,2021-05-21,0.2,0.2,0.2,0.2,100000.0,0.0
08446.HK,2021-05-24,0.2,0.2,0.2,0.2,0.0,0.0
08446.HK,2021-05-25,0.2,0.2,0.2,0.2,150000.0,0.0
08446.HK,2021-05-26,0.2,0.2,0.2,0.2,30000.0,0.0
08446.HK,2021-05-27,0.2,0.2,0.2,0.2,0.0,0.0
08446.HK,2021-05-28,0.2,0.2,0.2,0.2,30000.0,0.0
08446.HK,2021-05-31,0.201,0.201,0.195,0.195,70000.0,0.0
08446.HK,2021-06-01,0.195,0.195,0.195,0.195,0.0,0.0
08446.HK,2021-06-02,0.195,0.195,0.195,0.195,0.0,0.0
08446.HK,2021-06-03,0.195,0.195,0.195,0.195,30000.0,0.0
08446.HK,2021-06-04,0.195,0.195,0.195,0.195,30000.0,0.0
08446.HK,2021-06-07,0.2,0.2,0.195,0.195,150000.0,0.0
08446.HK,2021-06-08,0.197,0.197,0.197,0.197,0.0,0.0
08446.HK,2021-06-09,0.2,0.2,0.2,0.2,280000.0,0.0
08446.HK,2021-06-10,0.184,0.184,0.183,0.183,280000.0,0.0
08446.HK,2021-06-11,0.184,0.184,0.184,0.184,0.0,0.0
08446.HK,2021-06-15,0.183,0.183,0.182,0.182,140000.0,0.0
08446.HK,2021-06-16,0.182,0.182,0.182,0.182,0.0,0.0
08446.HK,2021-06-17,0.182,0.182,0.182,0.182,0.0,0.0
08446.HK,2021-06-18,0.199,0.199,0.199,0.199,30000.0,0.0
08446.HK,2021-06-21,0.199,0.199,0.199,0.199,0.0,0.0
08446.HK,2021-06-22,0.198,0.198,0.198,0.198,0.0,0.0
08446.HK,2021-06-23,0.198,0.198,0.198,0.198,0.0,0.0
08446.HK,2021-06-24,0.198,0.198,0.198,0.198,620000.0,0.0
08446.HK,2021-06-25,0.198,0.198,0.198,0.198,20000.0,0.0
08446.HK,2021-06-28,0.198,0.198,0.198,0.198,0.0,0.0
08446.HK,2021-06-29,0.198,0.198,0.198,0.198,0.0,0.0
08446.HK,2021-06-30,0.185,0.189,0.181,0.181,180000.0,0.0
08446.HK,2021-07-02,0.178,0.178,0.178,0.178,20000.0,0.0
08446.HK,2021-07-05,0.178,0.178,0.178,0.178,0.0,0.0
08446.HK,2021-07-06,0.178,0.178,0.178,0.178,0.0,0.0
08446.HK,2021-07-07,0.178,0.178,0.178,0.178,0.0,0.0
08446.HK,2021-07-08,0.178,0.178,0.178,0.178,0.0,0.0
08446.HK,2021-07-09,0.178,0.178,0.178,0.178,0.0,0.0
08446.HK,2021-07-12,0.178,0.178,0.178,0.178,0.0,0.0
08446.HK,2021-07-13,0.178,0.178,0.178,0.178,0.0,0.0
08446.HK,2021-07-14,0.178,0.178,0.178,0.178,0.0,0.0
08446.HK,2021-07-15,0.178,0.178,0.178,0.178,0.0,0.0
08446.HK,2021-07-16,0.178,0.178,0.178,0.178,0.0,0.0
08446.HK,2021-07-19,0.178,0.178,0.178,0.178,0.0,0.0
08446.HK,2021-07-20,0.178,0.178,0.178,0.178,0.0,0.0
08446.HK,2021-07-21,0.178,0.178,0.178,0.178,0.0,0.0
08446.HK,2021-07-22,0.178,0.178,0.178,0.178,0.0,0.0
08446.HK,2021-07-23,0.178,0.178,0.178,0.178,0.0,0.0
08446.HK,2021-07-26,0.178,0.178,0.178,0.178,0.0,0.0
08446.HK,2021-07-27,0.165,0.166,0.165,0.165,140000.0,0.0
08446.HK,2021-07-28,0.165,0.165,0.165,0.165,20000.0,0.0
08446.HK,2021-07-29,0.165,0.165,0.165,0.165,0.0,0.0
08446.HK,2021-07-30,0.165,0.165,0.165,0.165,40000.0,0.0
08446.HK,2021-08-02,0.165,0.165,0.165,0.165,0.0,0.0
08446.HK,2021-08-03,0.165,0.165,0.165,0.165,0.0,0.0
08446.HK,2021-08-04,0.165,0.165,0.165,0.165,0.0,0.0
08446.HK,2021-08-05,0.165,0.165,0.165,0.165,0.0,0.0
08446.HK,2021-08-06,0.165,0.165,0.165,0.165,30000.0,0.0
08446.HK,2021-08-09,0.165,0.165,0.165,0.165,80000.0,0.0
08446.HK,2021-08-10,0.165,0.165,0.165,0.165,0.0,0.0
08446.HK,2021-08-11,0.165,0.165,0.165,0.165,0.0,0.0
08446.HK,2021-08-12,0.165,0.165,0.165,0.165,0.0,0.0
08446.HK,2021-08-13,0.164,0.164,0.164,0.164,10000.0,0.0
08446.HK,2021-08-16,0.164,0.164,0.164,0.164,0.0,0.0
08446.HK,2021-08-17,0.164,0.164,0.164,0.164,0.0,0.0
08446.HK,2021-08-18,0.165,0.165,0.165,0.165,30000.0,0.0
08446.HK,2021-08-19,0.165,0.165,0.165,0.165,0.0,0.0
08446.HK,2021-08-20,0.165,0.165,0.165,0.165,100000.0,0.0
08446.HK,2021-08-23,0.165,0.165,0.165,0.165,0.0,0.0
08446.HK,2021-08-24,0.16,0.16,0.16,0.16,0.0,0.0
08446.HK,2021-08-25,0.16,0.16,0.16,0.16,0.0,0.0
08446.HK,2021-08-26,0.16,0.16,0.16,0.16,10000.0,0.0
08446.HK,2021-08-27,0.133,0.137,0.133,0.137,240000.0,0.0
08446.HK,2021-08-30,0.137,0.137,0.137,0.137,0.0,0.0
08446.HK,2021-08-31,0.13,0.13,0.13,0.13,10000.0,0.0
08446.HK,2021-09-01,0.13,0.13,0.129,0.129,560000.0,0.0
08446.HK,2021-09-02,0.13,0.137,0.12,0.12,600000.0,0.0
08446.HK,2021-09-03,0.12,0.12,0.12,0.12,180000.0,0.0
08446.HK,2021-09-06,0.12,0.12,0.12,0.12,0.0,0.0
08446.HK,2021-09-07,0.12,0.12,0.12,0.12,640000.0,0.0
08446.HK,2021-09-08,0.12,0.12,0.12,0.12,0.0,0.0
08446.HK,2021-09-09,0.12,0.12,0.12,0.12,0.0,0.0
08446.HK,2021-09-10,0.12,0.12,0.12,0.12,140000.0,0.0
08446.HK,2021-09-13,0.12,0.12,0.12,0.12,0.0,0.0
08446.HK,2021-09-14,0.12,0.12,0.12,0.12,0.0,0.0
08446.HK,2021-09-15,0.12,0.12,0.12,0.12,0.0,0.0
08446.HK,2021-09-16,0.11,0.111,0.11,0.111,90000.0,0.0
08446.HK,2021-09-17,0.11,0.11,0.11,0.11,140000.0,0.0
08446.HK,2021-09-20,0.11,0.11,0.11,0.11,0.0,0.0
08446.HK,2021-09-21,0.11,0.11,0.11,0.11,0.0,0.0
08446.HK,2021-09-23,0.115,0.115,0.113,0.113,50000.0,0.0
08446.HK,2021-09-24,0.12,0.12,0.12,0.12,0.0,0.0
08446.HK,2021-09-27,0.12,0.12,0.12,0.12,0.0,0.0
08446.HK,2021-09-28,0.123,0.123,0.123,0.123,0.0,0.0
08446.HK,2021-09-29,0.15,0.15,0.15,0.15,20000.0,0.0
08446.HK,2021-09-30,0.15,0.19,0.15,0.19,430000.0,0.0
08446.HK,2021-10-04,0.2,0.24,0.2,0.239,2150000.0,0.0
08446.HK,2021-10-05,0.244,0.245,0.24,0.24,260000.0,0.0
08446.HK,2021-10-06,0.244,0.25,0.244,0.249,1280000.0,0.0
08446.HK,2021-10-07,0.255,0.255,0.25,0.25,490000.0,0.0
08446.HK,2021-10-08,0.25,0.25,0.25,0.25,0.0,0.0
08446.HK,2021-10-11,0.24,0.255,0.203,0.206,480000.0,0.0
08446.HK,2021-10-12,0.25,0.25,0.25,0.25,90000.0,0.0
08446.HK,2021-10-15,0.255,0.255,0.21,0.24,1620000.0,0.0
08446.HK,2021-10-18,0.21,0.23,0.21,0.23,110000.0,0.0
08446.HK,2021-10-19,0.23,0.255,0.226,0.255,1850000.0,0.0
08446.HK,2021-10-20,0.255,0.255,0.255,0.255,10000.0,0.0
08446.HK,2021-10-21,0.255,0.255,0.255,0.255,0.0,0.0
08446.HK,2021-10-22,0.255,0.255,0.255,0.255,0.0,0.0
08446.HK,2021-10-25,0.255,0.255,0.255,0.255,300000.0,0.0
08446.HK,2021-10-26,0.255,0.255,0.255,0.255,320000.0,0.0
08446.HK,2021-10-27,0.25,0.25,0.25,0.25,0.0,0.0
08446.HK,2021-10-28,0.25,0.25,0.25,0.25,0.0,0.0
08446.HK,2021-10-29,0.25,0.25,0.25,0.25,0.0,0.0
08446.HK,2021-11-01,0.25,0.25,0.25,0.25,0.0,0.0
08446.HK,2021-11-02,0.25,0.285,0.25,0.25,4550000.0,0.0
08446.HK,2021-11-03,0.25,0.25,0.25,0.25,0.0,0.0
08446.HK,2021-11-04,0.25,0.25,0.25,0.25,30000.0,0.0
08446.HK,2021-11-05,0.25,0.25,0.25,0.25,10000.0,0.0
08446.HK,2021-11-08,0.255,0.27,0.255,0.265,320000.0,0.0
08446.HK,2021-11-09,0.265,0.265,0.265,0.265,0.0,0.0
08446.HK,2021-11-10,0.26,0.26,0.26,0.26,120000.0,0.0
08446.HK,2021-11-11,0.26,0.26,0.26,0.26,0.0,0.0
08446.HK,2021-11-12,0.255,0.255,0.255,0.255,0.0,0.0
08446.HK,2021-11-15,0.25,0.25,0.25,0.25,50000.0,0.0
08446.HK,2021-11-16,0.25,0.25,0.25,0.25,0.0,0.0
08446.HK,2021-11-17,0.223,0.225,0.223,0.225,60000.0,0.0
08446.HK,2021-11-18,0.227,0.275,0.227,0.275,620000.0,0.0
08446.HK,2021-11-19,0.24,0.26,0.24,0.26,260000.0,0.0
08446.HK,2021-11-22,0.26,0.27,0.255,0.27,1770000.0,0.0
08446.HK,2021-11-23,0.265,0.265,0.255,0.255,150000.0,0.0
08446.HK,2021-11-24,0.26,0.26,0.26,0.26,4260000.0,0.0
08446.HK,2021-11-25,0.26,0.26,0.26,0.26,1000000.0,0.0
08446.HK,2021-11-26,0.26,0.26,0.25,0.255,1460000.0,0.0
08446.HK,2021-11-29,0.255,0.255,0.255,0.255,40000.0,0.0
08446.HK,2021-11-30,0.255,0.255,0.255,0.255,0.0,0.0
08446.HK,2021-12-01,0.255,0.255,0.255,0.255,0.0,0.0
08446.HK,2021-12-02,0.255,0.255,0.255,0.255,0.0,0.0
08446.HK,2021-12-03,0.26,0.26,0.25,0.25,2510000.0,0.0
08446.HK,2021-12-06,0.255,0.255,0.24,0.24,50000.0,0.0
08446.HK,2021-12-07,0.24,0.24,0.24,0.24,0.0,0.0
08446.HK,2021-12-08,0.24,0.24,0.24,0.24,0.0,0.0
08446.HK,2021-12-09,0.24,0.25,0.24,0.25,30000.0,0.0
08446.HK,2021-12-10,0.25,0.25,0.25,0.25,370000.0,0.0
08446.HK,2021-12-13,0.25,0.25,0.25,0.25,500000.0,0.0
08446.HK,2021-12-14,0.25,0.25,0.25,0.25,20000.0,0.0
08446.HK,2021-12-15,0.26,0.26,0.26,0.26,160000.0,0.0
08446.HK,2021-12-16,0.26,0.265,0.26,0.265,1290000.0,0.0
08446.HK,2021-12-17,0.265,0.275,0.248,0.248,810000.0,0.0
08446.HK,2021-12-20,0.27,0.27,0.242,0.26,530000.0,0.0
08446.HK,2021-12-21,0.28,0.3,0.242,0.25,1230000.0,0.0
08446.HK,2021-12-22,0.26,0.26,0.26,0.26,300000.0,0.0
08446.HK,2021-12-23,0.25,0.26,0.233,0.245,870000.0,0.0
08446.HK,2021-12-24,0.241,0.241,0.241,0.241,20000.0,0.0
08446.HK,2021-12-28,0.275,0.33,0.275,0.31,3630005.0,0.0
08446.HK,2021-12-29,0.315,0.315,0.275,0.315,1520000.0,0.0
08446.HK,2021-12-30,0.32,0.33,0.31,0.31,1120000.0,0.0
08446.HK,2021-12-31,0.34,0.34,0.32,0.32,330000.0,0.0
08446.HK,2022-01-03,0.32,0.32,0.32,0.32,830000.0,0.0
08446.HK,2022-01-04,0.34,0.375,0.33,0.355,3640000.0,0.0
08446.HK,2022-01-05,0.355,0.365,0.35,0.355,1050000.0,0.0
08446.HK,2022-01-06,0.33,0.375,0.325,0.365,1470000.0,0.0
08446.HK,2022-01-07,0.365,0.38,0.31,0.335,3150000.0,0.0
08446.HK,2022-01-10,0.35,0.5,0.315,0.37,1300000.0,0.0
08446.HK,2022-01-11,0.345,0.44,0.34,0.41,1270000.0,0.0
08446.HK,2022-01-12,0.45,0.455,0.41,0.43,1270000.0,0.0
08446.HK,2022-01-13,0.435,0.495,0.43,0.48,4910000.0,0.0
08446.HK,2022-01-14,0.485,0.63,0.485,0.6,15040000.0,0.0
08446.HK,2022-01-17,0.64,0.69,0.51,0.55,12450000.0,0.0
08446.HK,2022-01-18,0.52,0.62,0.51,0.6,5470000.0,0.0
08446.HK,2022-01-19,0.6,0.74,0.6,0.68,10370000.0,0.0
08446.HK,2022-01-20,0.71,0.85,0.69,0.85,7820000.0,0.0
08446.HK,2022-01-21,0.88,1.01,0.88,0.95,5800000.0,0.0
08446.HK,2022-01-24,0.96,1.04,0.86,0.94,6950000.0,0.0
08446.HK,2022-01-25,0.95,1.0,0.94,1.0,5180000.0,0.0
08446.HK,2022-01-26,1.03,1.11,0.97,1.07,3750000.0,0.0
08446.HK,2022-01-27,1.07,1.07,0.92,1.03,2860000.0,0.0
08446.HK,2022-01-28,1.06,1.1,1.06,1.09,2490000.0,0.0
08446.HK,2022-01-31,1.07,1.09,1.07,1.07,330000.0,0.0
08446.HK,2022-02-04,1.07,1.09,1.0,1.08,2180000.0,0.0
08446.HK,2022-02-07,1.08,1.09,1.05,1.07,850000.0,0.0
08446.HK,2022-02-08,1.07,1.08,0.98,1.01,4120000.0,0.0
08446.HK,2022-02-09,1.0,1.03,0.74,0.81,2120000.0,0.0
08446.HK,2022-02-10,0.81,0.81,0.45,0.72,5530000.0,0.0
08446.HK,2022-02-11,0.7,0.95,0.7,0.85,3090000.0,0.0
08446.HK,2022-02-14,0.96,0.96,0.87,0.9,1230000.0,0.0
08446.HK,2022-02-15,0.9,0.92,0.81,0.92,940000.0,0.0
08446.HK,2022-02-16,0.86,0.92,0.86,0.92,350000.0,0.0
08446.HK,2022-02-17,0.9,0.92,0.9,0.9,690000.0,0.0
08446.HK,2022-02-18,0.9,0.94,0.9,0.92,1480000.0,0.0
08446.HK,2022-02-21,0.92,0.92,0.85,0.89,510000.0,0.0
08446.HK,2022-02-22,0.89,1.01,0.88,1.0,2170000.0,0.0
08446.HK,2022-02-23,1.0,1.06,0.97,1.02,2110000.0,0.0
08446.HK,2022-02-24,1.02,1.1,1.02,1.03,5610000.0,0.0
08446.HK,2022-02-25,1.09,1.39,1.09,1.33,17120000.0,0.0
08446.HK,2022-03-02,2.0,2.5,1.5,1.83,23610000.0,0.0
08446.HK,2022-03-03,1.83,2.03,1.68,1.95,13680000.0,0.0
08446.HK,2022-03-04,2.19,2.19,1.89,2.1,10310000.0,0.0
08446.HK,2022-03-07,2.1,2.17,1.88,2.08,13948200.0,0.0
08446.HK,2022-03-15,2.13,2.14,1.51,1.79,18370000.0,0.0
08446.HK,2022-03-16,1.79,1.79,1.27,1.27,14060000.0,0.0
08446.HK,2022-03-17,1.27,1.49,1.23,1.48,6540000.0,0.0
08446.HK,2022-03-18,1.39,1.77,1.39,1.76,10000000.0,0.0
08446.HK,2022-03-21,1.7,1.87,1.61,1.78,4350000.0,0.0
08446.HK,2022-03-22,1.78,1.79,1.65,1.78,3220000.0,0.0
08446.HK,2022-03-23,1.83,1.83,1.68,1.77,3640000.0,0.0
08446.HK,2022-03-24,1.59,1.81,1.59,1.73,2440000.0,0.0
08446.HK,2022-03-25,1.77,1.77,1.72,1.74,1070000.0,0.0
08446.HK,2022-03-28,1.74,2.05,1.73,1.99,9940000.0,0.0
08446.HK,2022-03-29,2.01,2.03,1.92,1.98,5100000.0,0.0
08446.HK,2022-03-30,1.97,1.97,1.87,1.93,3340000.0,0.0
08446.HK,2022-03-31,1.94,1.95,1.91,1.94,740000.0,0.0
08446.HK,2022-04-01,1.94,1.96,1.9,1.96,930000.0,0.0
08446.HK,2022-04-04,1.98,2.09,1.96,2.0,3680000.0,0.0
08446.HK,2022-04-06,2.0,2.0,1.6,1.81,8590000.0,0.0
08446.HK,2022-04-07,1.81,1.98,1.76,1.85,2870000.0,0.0
08446.HK,2022-04-08,1.94,1.94,1.81,1.84,2090000.0,0.0
08446.HK,2022-04-11,1.86,1.87,1.68,1.84,2340000.0,0.0
08446.HK,2022-04-12,1.78,1.91,1.77,1.86,2360000.0,0.0
08446.HK,2022-04-13,1.82,1.89,1.76,1.89,3290000.0,0.0
08446.HK,2022-04-14,1.86,1.94,1.83,1.89,4080000.0,0.0
08446.HK,2022-04-19,1.88,1.92,1.84,1.9,5440000.0,0.0
08446.HK,2022-04-20,1.9,1.91,1.84,1.9,4740000.0,0.0
08446.HK,2022-04-21,1.9,1.9,1.82,1.9,3300000.0,0.0
08446.HK,2022-04-22,1.9,1.9,1.86,1.9,4070000.0,0.0
08446.HK,2022-04-25,1.9,1.9,1.87,1.89,2390000.0,0.0
08446.HK,2022-04-26,1.88,1.9,1.84,1.84,2510000.0,0.0
08446.HK,2022-04-27,1.86,1.86,1.82,1.84,2730000.0,0.0
08446.HK,2022-04-28,1.84,1.89,1.84,1.86,2940000.0,0.0
08446.HK,2022-04-29,1.84,2.05,1.65,1.95,16780000.0,0.0
08446.HK,2022-05-03,1.95,2.05,1.85,1.96,8420000.0,0.0
08446.HK,2022-05-04,1.99,1.99,1.92,1.98,7880000.0,0.0
08446.HK,2022-05-05,1.99,1.99,1.93,1.95,2770000.0,0.0
08446.HK,2022-05-06,1.93,2.05,1.9,2.05,6770000.0,0.0
08446.HK,2022-05-10,1.98,2.01,1.97,2.0,5580000.0,0.0
08446.HK,2022-05-11,1.97,1.99,1.95,1.99,5080000.0,0.0
08446.HK,2022-05-12,1.99,1.99,1.96,1.98,5200000.0,0.0
08446.HK,2022-05-13,1.98,2.0,1.96,1.97,5090000.0,0.0
08446.HK,2022-05-16,1.98,2.04,1.97,1.98,5600000.0,0.0
08446.HK,2022-05-17,2.0,2.04,1.91,2.01,4670000.0,0.0
08446.HK,2022-05-18,2.0,2.02,1.99,1.99,3910000.0,0.0
08446.HK,2022-05-19,1.99,2.0,1.98,1.99,1030000.0,0.0
08446.HK,2022-05-20,2.0,2.0,1.89,1.99,840000.0,0.0
08446.HK,2022-05-23,1.91,2.14,1.91,2.09,8930000.0,0.0
08446.HK,2022-05-24,2.1,2.1,2.05,2.08,700000.0,0.0
08446.HK,2022-05-25,1.97,2.1,1.97,2.07,1820000.0,0.0
08446.HK,2022-05-26,2.06,2.15,2.05,2.1,4650000.0,0.0
08446.HK,2022-05-27,2.15,2.4,2.07,2.34,20780000.0,0.0
08446.HK,2022-05-30,2.35,2.59,2.35,2.47,16100000.0,0.0
08446.HK,2022-05-31,2.42,2.46,2.36,2.42,6430000.0,0.0
08446.HK,2022-06-01,2.46,2.48,2.34,2.36,4400000.0,0.0
08446.HK,2022-06-02,2.4,2.47,2.23,2.46,7180000.0,0.0
08446.HK,2022-06-06,2.49,2.49,2.4,2.42,5190000.0,0.0
08446.HK,2022-06-07,2.41,2.46,2.39,2.45,6530000.0,0.0
08446.HK,2022-06-08,2.45,2.47,2.44,2.45,4750000.0,0.0
08446.HK,2022-06-09,2.46,2.47,2.42,2.46,5600000.0,0.0
08446.HK,2022-06-10,2.48,2.57,2.42,2.56,9768446.0,0.0
08446.HK,2022-06-13,2.56,2.85,2.56,2.84,8190000.0,0.0
08446.HK,2022-06-14,2.87,2.93,2.82,2.84,7150000.0,0.0
08446.HK,2022-06-15,2.98,2.98,2.85,2.9,4780000.0,0.0
08446.HK,2022-06-16,2.92,3.19,2.84,3.18,9500000.0,0.0
08446.HK,2022-06-17,3.25,3.66,3.18,3.6,20850000.0,0.0
08446.HK,2022-06-20,3.65,3.72,3.38,3.67,18170000.0,0.0
08446.HK,2022-06-21,3.61,4.19,3.61,4.1,17480000.0,0.0
08446.HK,2022-06-22,4.13,4.71,4.1,4.67,12718000.0,0.0
08446.HK,2022-06-23,4.83,5.3,4.83,5.28,18640000.0,0.0
08446.HK,2022-06-24,5.35,5.7,4.92,5.44,16750000.0,0.0
08446.HK,2022-06-27,5.44,5.6,4.3,4.67,21489000.0,0.0
08446.HK,2022-06-28,4.55,5.0,4.55,4.78,6100000.0,0.0
08446.HK,2022-06-29,4.75,4.82,4.63,4.78,3188000.0,0.0
08446.HK,2022-06-30,4.78,4.89,4.78,4.88,2585000.0,0.0
08446.HK,2022-07-04,4.92,6.28,4.92,6.21,12300340.0,0.0
08446.HK,2022-07-05,6.25,7.2,6.25,6.96,10051000.0,0.0
08446.HK,2022-07-06,7.06,7.3,6.9,7.18,7125000.0,0.0
08446.HK,2022-07-07,7.28,7.44,6.83,7.06,8540000.0,0.0
08446.HK,2022-07-08,7.06,7.2,6.3,7.0,12390000.0,0.0
08446.HK,2022-07-11,7.1,7.17,7.0,7.03,4510000.0,0.0
08446.HK,2022-07-12,6.98,7.24,6.98,7.15,3450000.0,0.0
08446.HK,2022-07-13,7.15,7.5,7.15,7.37,3860000.0,0.0
08446.HK,2022-07-14,7.32,7.5,7.28,7.39,2920000.0,0.0
08446.HK,2022-07-15,7.35,7.47,7.35,7.47,3610000.0,0.0
08446.HK,2022-07-18,7.48,8.1,7.48,8.06,9470000.0,0.0
08446.HK,2022-07-19,8.01,9.19,8.01,9.09,13970000.0,0.0
08446.HK,2022-07-20,8.99,9.23,8.85,9.05,4785000.0,0.0
08446.HK,2022-07-21,8.99,9.34,8.99,9.22,4680000.0,0.0
08446.HK,2022-07-22,9.21,9.85,9.2,9.84,5450000.0,0.0
08446.HK,2022-07-25,9.83,10.68,9.83,10.54,6450000.0,0.0
08446.HK,2022-07-26,10.46,11.36,10.46,11.34,4612000.0,0.0
08446.HK,2022-07-27,11.32,11.5,10.9,11.14,4780000.0,0.0
08446.HK,2022-07-28,11.0,11.5,11.0,11.28,3420000.0,0.0
08446.HK,2022-07-29,11.28,11.86,10.12,10.74,9067128.0,0.0
08446.HK,2022-08-01,10.68,11.38,10.08,10.42,6920000.0,0.0
08446.HK,2022-08-02,10.44,10.48,2.5,9.46,28130000.0,0.0
08446.HK,2022-08-03,9.38,9.69,7.75,9.0,13570000.0,0.0
08446.HK,2022-08-04,9.0,9.41,9.0,9.24,6540000.0,0.0
08446.HK,2022-08-05,9.16,10.3,9.16,10.2,6380000.0,0.0
08446.HK,2022-08-08,10.62,12.0,10.62,10.96,9090000.0,0.0
08446.HK,2022-08-09,10.88,11.16,10.88,11.02,4920000.0,0.0
08446.HK,2022-08-10,11.02,11.32,10.5,10.98,4880000.0,0.0
08446.HK,2022-08-11,11.24,11.24,9.7,9.91,3890000.0,0.0
08446.HK,2022-08-12,10.4,10.4,9.0,9.57,9158000.0,0.0
08446.HK,2022-08-15,9.57,9.8,8.5,8.92,8094000.0,0.0
08446.HK,2022-08-16,8.75,9.36,8.72,9.09,4286000.0,0.0
08446.HK,2022-08-17,9.02,9.28,7.85,8.02,7700000.0,0.0
08446.HK,2022-08-18,7.9,8.39,7.0,8.07,10240000.0,0.0
08446.HK,2022-08-19,8.2,8.31,7.66,8.27,4316000.0,0.0
08446.HK,2022-08-22,8.5,10.28,8.5,10.28,8892000.0,0.0
08446.HK,2022-08-23,10.4,10.9,9.56,10.04,5320000.0,0.0
08446.HK,2022-08-24,10.4,10.4,9.27,9.61,4264000.0,0.0
08446.HK,2022-08-25,9.6,9.86,9.19,9.46,2145000.0,0.0
08446.HK,2022-08-26,9.47,9.74,9.3,9.67,4120000.0,0.0
08446.HK,2022-08-29,9.55,9.98,9.3,9.69,3696000.0,0.0
08446.HK,2022-08-30,9.69,9.8,9.26,9.48,2986000.0,0.0
08446.HK,2022-08-31,9.59,9.68,9.25,9.3,2736000.0,0.0
08446.HK,2022-09-01,9.3,9.5,8.63,8.87,2910000.0,0.0
08446.HK,2022-09-02,8.87,9.1,8.0,9.07,10027000.0,0.0
08446.HK,2022-09-05,9.04,9.09,8.35,8.51,4526000.0,0.0
08446.HK,2022-09-06,8.77,8.78,7.42,8.25,7218000.0,0.0
08446.HK,2022-09-07,8.26,8.29,7.68,7.68,3360000.0,0.0
08446.HK,2022-09-08,7.68,8.09,7.48,8.01,5158000.0,0.0
08446.HK,2022-09-09,8.1,8.76,8.01,8.34,4568000.0,0.0
08446.HK,2022-09-13,8.6,8.67,8.1,8.51,4086000.0,0.0
08446.HK,2022-09-14,8.04,8.54,8.04,8.46,6010000.0,0.0
08446.HK,2022-09-15,8.46,8.46,7.96,8.18,4208000.0,0.0
08446.HK,2022-09-16,8.3,8.39,7.7,8.11,3968000.0,0.0
08446.HK,2022-09-19,8.11,8.46,8.05,8.14,2486000.0,0.0
08446.HK,2022-09-20,8.09,8.3,8.09,8.16,2642000.0,0.0
08446.HK,2022-09-21,8.22,8.33,8.05,8.31,3880000.0,0.0
08446.HK,2022-09-22,8.2,8.47,8.2,8.29,5598000.0,0.0
08446.HK,2022-09-23,8.23,9.42,8.05,9.16,8556000.0,0.0
08446.HK,2022-09-26,9.16,9.31,8.86,9.19,4350000.0,0.0
08446.HK,2022-09-27,9.3,9.33,9.06,9.1,3568000.0,0.0
08446.HK,2022-09-28,9.19,9.2,8.85,8.93,2284000.0,0.0
08446.HK,2022-09-29,9.1,9.29,8.02,8.95,1494000.0,0.0
08446.HK,2022-09-30,9.09,9.17,8.69,8.8,2264000.0,0.0
08446.HK,2022-10-03,9.08,9.2,8.8,8.92,2096000.0,0.0
08446.HK,2022-10-05,9.18,9.18,8.65,8.7,2196000.0,0.0
08446.HK,2022-10-06,8.79,8.79,8.1,8.3,2804000.0,0.0
08446.HK,2022-10-07,8.4,8.49,8.0,8.12,5628000.0,0.0
08446.HK,2022-10-10,8.12,8.9,7.52,8.87,6026000.0,0.0
08446.HK,2022-10-11,8.92,9.1,8.21,8.32,4858000.0,0.0
08446.HK,2022-10-12,8.3,8.48,8.0,8.13,5600000.0,0.0
08446.HK,2022-10-13,8.14,8.49,8.13,8.19,4998000.0,0.0
08446.HK,2022-10-14,8.18,8.47,8.17,8.22,4898000.0,0.0
08446.HK,2022-10-17,8.22,8.3,7.8,7.96,5204000.0,0.0
08446.HK,2022-10-18,8.07,8.23,7.85,7.94,5052000.0,0.0
08446.HK,2022-10-19,8.04,8.04,7.8,7.97,5108000.0,0.0
08446.HK,2022-10-20,8.01,8.01,7.8,7.9,5100000.0,0.0
08446.HK,2022-10-21,8.0,8.0,7.79,7.91,5164000.0,0.0
08446.HK,2022-10-24,7.9,8.1,7.8,7.93,5091000.0,0.0
08446.HK,2022-10-25,7.92,8.0,7.65,7.8,5176000.0,0.0
08446.HK,2022-10-26,7.85,7.96,7.6,7.82,5164000.0,0.0
08446.HK,2022-10-27,7.85,7.89,7.77,7.84,5186000.0,0.0
08446.HK,2022-10-28,7.88,7.9,7.72,7.8,5178000.0,0.0
08446.HK,2022-10-31,7.72,7.86,7.72,7.8,5178000.0,0.0
08446.HK,2022-11-01,7.8,7.95,7.79,7.84,5192000.0,0.0
08446.HK,2022-11-02,7.88,7.88,7.73,7.82,3110000.0,0.0
08446.HK,2022-11-03,7.87,7.87,7.63,7.73,5250000.0,0.0
08446.HK,2022-11-04,7.63,7.89,7.48,7.88,3006000.0,0.0
08446.HK,2022-11-07,7.88,7.94,7.7,7.77,5194000.0,0.0
08446.HK,2022-11-08,7.91,7.91,7.6,7.66,5150000.0,0.0
08446.HK,2022-11-09,7.77,7.77,7.51,7.61,5026000.0,0.0
08446.HK,2022-11-10,7.64,7.76,7.36,7.46,3038000.0,0.0
08446.HK,2022-11-11,7.64,7.64,7.19,7.49,2502000.0,0.0
08446.HK,2022-11-14,7.49,7.88,7.16,7.8,3366000.0,0.0
08446.HK,2022-11-15,7.83,7.85,7.42,7.63,2544000.0,0.0
08446.HK,2022-11-16,7.65,7.69,7.5,7.68,2052000.0,0.0
08446.HK,2022-11-17,7.67,7.67,7.48,7.63,1606000.0,0.0
08446.HK,2022-11-18,7.62,7.7,7.42,7.64,1974000.0,0.0
08446.HK,2022-11-21,7.62,7.66,7.46,7.6,1924000.0,0.0
08446.HK,2022-11-22,7.63,7.64,7.46,7.55,2930000.0,0.0
08446.HK,2022-11-23,7.47,7.6,7.43,7.59,2502000.0,0.0
08446.HK,2022-11-24,7.57,7.58,7.45,7.53,2518000.0,0.0
08446.HK,2022-11-25,7.55,7.88,7.43,7.55,1996000.0,0.0
08446.HK,2022-11-28,7.62,7.62,7.5,7.56,1642000.0,0.0
08446.HK,2022-11-29,7.44,7.55,7.44,7.53,1412000.0,0.0
08446.HK,2022-11-30,7.52,7.63,7.5,7.52,1348000.0,0.0
08446.HK,2022-12-01,7.5,7.56,7.45,7.53,1874000.0,0.0
08446.HK,2022-12-02,7.53,7.86,7.53,7.57,1386000.0,0.0
08446.HK,2022-12-05,7.62,7.88,7.46,7.65,2620000.0,0.0
08446.HK,2022-12-06,7.68,8.2,7.55,8.06,2879120.0,0.0
08446.HK,2022-12-07,8.06,9.2,8.06,8.96,5288000.0,0.0
08446.HK,2022-12-08,8.96,9.09,8.85,8.96,4506000.0,0.0
08446.HK,2022-12-09,8.9,9.0,8.63,8.99,4930000.0,0.0
08446.HK,2022-12-12,8.93,9.38,8.93,9.15,4568000.0,0.0
08446.HK,2022-12-13,9.14,9.2,8.62,8.79,2428000.0,0.0
08446.HK,2022-12-14,9.0,9.0,8.68,8.72,1598200.0,0.0
08446.HK,2022-12-15,8.72,9.19,8.59,8.66,1624000.0,0.0
08446.HK,2022-12-16,8.68,9.06,8.57,8.58,1572000.0,0.0
08446.HK,2022-12-19,8.57,8.81,8.39,8.64,2590000.0,0.0
08446.HK,2022-12-20,8.64,8.69,8.39,8.51,2308000.0,0.0
08446.HK,2022-12-21,8.51,8.8,8.38,8.43,1434000.0,0.0
08446.HK,2022-12-22,8.44,8.68,8.28,8.57,3842000.0,0.0
08446.HK,2022-12-23,8.57,8.65,8.37,8.58,4236000.0,0.0
08446.HK,2022-12-28,8.6,8.79,8.51,8.7,4686000.0,0.0
08446.HK,2022-12-29,8.7,9.11,8.68,9.01,4498000.0,0.0
08446.HK,2022-12-30,9.0,9.0,8.66,8.8,3564000.0,0.0
08446.HK,2023-01-03,8.71,8.95,8.13,8.25,5704000.0,0.0
08446.HK,2023-01-04,8.31,8.37,7.9,8.08,2962000.0,0.0
08446.HK,2023-01-05,8.1,8.41,7.79,7.87,2138000.0,0.0
08446.HK,2023-01-06,7.93,8.1,7.6,8.09,3010000.0,0.0
08446.HK,2023-01-09,8.04,8.23,7.72,8.08,2380000.0,0.0
08446.HK,2023-01-10,8.02,8.14,7.88,7.99,1338000.0,0.0
08446.HK,2023-01-11,7.93,8.03,7.82,7.96,1496000.0,0.0
08446.HK,2023-01-12,7.9,7.99,7.77,7.92,1467800.0,0.0
08446.HK,2023-01-13,7.86,7.94,7.72,7.84,2840000.0,0.0
08446.HK,2023-01-16,7.79,7.92,7.55,7.82,4086000.0,0.0
08446.HK,2023-01-17,7.78,7.81,7.6,7.75,2158000.0,0.0
08446.HK,2023-01-18,7.75,7.75,7.61,7.68,1376000.0,0.0
08446.HK,2023-01-19,7.6,7.66,7.53,7.59,1362000.0,0.0
08446.HK,2023-01-20,7.56,8.48,7.4,8.34,1762000.0,0.0
08446.HK,2023-01-26,8.34,8.34,7.94,7.98,1306000.0,0.0
08446.HK,2023-01-27,7.92,8.24,7.67,8.08,2342000.0,0.0
08446.HK,2023-01-30,7.71,8.19,7.71,8.08,1814000.0,0.0
08446.HK,2023-01-31,7.88,8.15,7.62,7.94,1590000.0,0.0
08446.HK,2023-02-01,7.83,8.07,7.75,7.93,1612000.0,0.0
08446.HK,2023-02-02,7.9,7.93,7.74,7.89,1380000.0,0.0
08446.HK,2023-02-03,7.89,7.97,7.67,7.82,3050000.0,0.0
08446.HK,2023-02-06,7.88,7.88,7.7,7.8,898000.0,0.0
08446.HK,2023-02-07,7.9,8.19,7.74,7.95,1924000.0,0.0
08446.HK,2023-02-08,7.99,8.07,7.83,8.0,2299000.0,0.0
08446.HK,2023-02-09,8.0,8.0,7.84,7.9,1468000.0,0.0
08446.HK,2023-02-10,7.89,7.97,7.74,7.87,1982000.0,0.0
08446.HK,2023-02-13,7.87,8.06,7.75,7.78,1692000.0,0.0
08446.HK,2023-02-14,7.85,7.98,7.68,7.78,1740000.0,0.0
08446.HK,2023-02-15,7.78,7.83,7.6,7.71,1356000.0,0.0
08446.HK,2023-02-16,7.76,7.77,7.59,7.66,1336000.0,0.0
08446.HK,2023-02-17,7.7,7.83,7.54,7.65,1302000.0,0.0
08446.HK,2023-02-20,7.68,7.85,7.52,7.6,1602000.0,0.0
08446.HK,2023-02-21,7.6,7.78,7.5,7.73,1528000.0,0.0
08446.HK,2023-02-22,7.73,7.79,7.54,7.62,1746000.0,0.0
08446.HK,2023-02-23,7.65,7.67,7.5,7.64,1802000.0,0.0
08446.HK,2023-02-24,7.64,7.74,7.54,7.64,1378000.0,0.0
08446.HK,2023-02-27,7.66,7.68,7.44,7.65,2318000.0,0.0
08446.HK,2023-02-28,7.65,7.92,7.65,7.73,1600000.0,0.0
08446.HK,2023-03-01,7.73,7.74,7.64,7.68,1234000.0,0.0
08446.HK,2023-03-02,7.7,8.04,7.68,7.85,2858000.0,0.0
08446.HK,2023-03-03,7.99,8.79,7.86,8.79,5876000.0,0.0
08446.HK,2023-03-06,9.0,9.34,8.76,9.0,8518000.0,0.0
08446.HK,2023-03-07,9.02,9.99,9.02,9.88,13330000.0,0.0
08446.HK,2023-03-08,10.0,10.16,9.8,9.92,6598000.0,0.0
08446.HK,2023-03-09,9.92,10.06,9.56,9.95,5126000.0,0.0
08446.HK,2023-03-10,9.95,10.0,9.74,9.77,5750000.0,0.0
08446.HK,2023-03-13,9.77,9.97,8.9,9.61,11536000.0,0.0
08446.HK,2023-03-14,9.7,9.77,9.2,9.21,3586000.0,0.0
08446.HK,2023-03-15,9.3,9.3,8.37,8.39,6580000.0,0.0
08446.HK,2023-03-16,8.39,9.22,8.39,8.52,3304000.0,0.0
08446.HK,2023-03-17,8.62,8.9,8.3,8.73,3108000.0,0.0
08446.HK,2023-03-20,8.9,8.9,8.33,8.5,2026000.0,0.0
08446.HK,2023-03-21,8.3,8.89,8.3,8.42,2216000.0,0.0
08446.HK,2023-03-22,8.42,8.53,8.36,8.46,1376000.0,0.0
08446.HK,2023-03-23,8.51,8.51,8.33,8.38,1301000.0,0.0
08446.HK,2023-03-24,8.41,8.43,8.04,8.26,3498000.0,0.0
08446.HK,2023-03-27,8.27,8.39,7.84,8.0,3836000.0,0.0
08446.HK,2023-03-28,8.05,8.06,7.66,7.73,3274100.0,0.0
08446.HK,2023-03-29,7.81,7.99,7.7,7.73,3574000.0,0.0
08446.HK,2023-03-30,7.72,7.88,7.3,7.74,6350000.0,0.0
08446.HK,2023-03-31,7.77,8.0,7.61,7.85,2470000.0,0.0
08446.HK,2023-04-03,7.88,8.1,7.67,7.71,3394000.0,0.0
08446.HK,2023-04-04,7.75,7.87,7.42,7.72,2384000.0,0.0
08446.HK,2023-04-06,7.73,7.78,7.54,7.74,1428000.0,0.0
08446.HK,2023-04-11,7.74,7.74,7.41,7.64,2834000.0,0.0
08446.HK,2023-04-12,7.62,7.62,7.41,7.5,1592000.0,0.0
08446.HK,2023-04-18,7.88,7.88,6.35,6.85,4449500.0,0.0
08446.HK,2023-04-24,7.03,8.38,7.03,7.73,3511000.0,0.0
08446.HK,2023-04-25,7.91,8.33,7.7,7.78,3186000.0,0.0
08446.HK,2023-04-26,7.78,7.95,7.7,7.77,1019000.0,0.0
08446.HK,2023-04-27,7.8,7.96,7.56,7.61,730000.0,0.0
08446.HK,2023-04-28,7.61,7.68,7.27,7.41,2079200.0,0.0
08446.HK,2023-05-02,7.5,7.5,7.05,7.23,780000.0,0.0
08446.HK,2023-05-03,7.28,7.44,7.0,7.13,430000.0,0.0
08446.HK,2023-05-04,7.13,7.13,6.96,7.04,624100.0,0.0
08446.HK,2023-05-05,7.18,7.18,6.78,6.91,872000.0,0.0
08446.HK,2023-05-08,6.91,6.99,6.4,6.95,2330000.0,0.0
08446.HK,2023-05-09,6.95,6.99,6.81,6.99,700000.0,0.0
08446.HK,2023-05-10,6.99,6.99,6.77,6.92,1246000.0,0.0
08446.HK,2023-05-11,6.89,6.93,6.72,6.93,696000.0,0.0
08446.HK,2023-05-12,6.88,6.89,6.66,6.66,966000.0,0.0
08446.HK,2023-05-15,6.67,6.8,6.61,6.76,470000.0,0.0
08446.HK,2023-05-16,6.76,6.98,6.73,6.83,1376000.0,0.0
08446.HK,2023-05-17,6.83,6.9,6.64,6.84,674000.0,0.0
08446.HK,2023-05-18,6.87,6.87,6.66,6.79,634000.0,0.0
08446.HK,2023-05-19,6.79,6.79,6.48,6.79,894000.0,0.0
08446.HK,2023-05-22,6.92,6.92,6.64,6.82,2904000.0,0.0
08446.HK,2023-05-23,6.8,6.89,6.63,6.78,960000.0,0.0
08446.HK,2023-05-24,6.71,6.78,6.58,6.63,754000.0,0.0
08446.HK,2023-05-25,6.62,6.62,6.29,6.45,1954000.0,0.0
08446.HK,2023-05-29,6.45,6.5,5.57,5.74,3340000.0,0.0
08446.HK,2023-05-30,5.74,6.0,3.6,5.01,7680000.0,0.0
08446.HK,2023-05-31,5.08,5.25,4.36,5.09,3138660.0,0.0
08446.HK,2023-06-01,5.08,5.6,4.82,5.37,2666000.0,0.0
08446.HK,2023-06-02,5.02,5.8,5.02,5.44,2552000.0,0.0
08446.HK,2023-06-05,5.44,5.57,5.32,5.34,1066000.0,0.0
08446.HK,2023-06-06,5.37,5.38,5.1,5.16,976000.0,0.0
08446.HK,2023-06-07,5.16,5.29,4.68,4.87,2004000.0,0.0
08446.HK,2023-06-08,4.94,4.94,4.38,4.58,2214000.0,0.0
08446.HK,2023-06-09,4.4,4.56,3.8,4.45,7340000.0,0.0
08446.HK,2023-06-12,4.31,4.63,4.2,4.44,3136000.0,0.0
08446.HK,2023-06-13,4.44,4.52,4.26,4.39,1770000.0,0.0
08446.HK,2023-06-14,4.39,4.45,4.27,4.4,3366000.0,0.0
08446.HK,2023-06-15,4.46,4.59,4.37,4.41,1532000.0,0.0
08446.HK,2023-06-16,4.43,4.46,4.3,4.4,1576000.0,0.0
08446.HK,2023-06-19,4.3,4.38,3.92,4.08,2608000.0,0.0
08446.HK,2023-06-20,4.07,4.07,2.7,2.7,5826000.0,0.0
08446.HK,2023-06-21,2.71,2.73,1.81,2.08,6104000.0,0.0
08446.HK,2023-06-26,2.08,3.9,2.08,3.77,8850000.0,0.0
08446.HK,2023-06-27,3.94,4.8,3.76,3.96,8746000.0,0.0
08446.HK,2023-06-28,3.96,4.0,3.11,3.2,4346000.0,0.0
08446.HK,2023-06-29,3.2,3.28,2.83,3.08,4760000.0,0.0
08446.HK,2023-06-30,3.08,3.48,2.87,3.2,2420000.0,0.0
08446.HK,2023-07-03,3.2,3.39,2.93,3.01,4022000.0,0.0
08446.HK,2023-07-04,2.95,3.1,2.75,2.8,2158000.0,0.0
08446.HK,2023-07-05,2.89,2.99,2.77,2.84,1440000.0,0.0
08446.HK,2023-07-06,2.84,2.96,2.75,2.93,1488000.0,0.0
08446.HK,2023-07-07,2.93,2.99,2.77,2.8,1828000.0,0.0
08446.HK,2023-07-10,2.86,2.86,2.58,2.7,1528000.0,0.0
08446.HK,2023-07-11,2.72,2.72,2.5,2.54,1042000.0,0.0
08446.HK,2023-07-12,2.53,2.94,2.42,2.58,1392000.0,0.0
08446.HK,2023-07-13,2.62,2.64,2.53,2.57,688000.0,0.0
08446.HK,2023-07-14,2.54,2.57,2.46,2.48,724000.0,0.0
08446.HK,2023-07-18,2.48,2.54,2.43,2.49,750000.0,0.0
08446.HK,2023-07-19,2.49,2.52,2.4,2.47,728000.0,0.0
08446.HK,2023-07-20,2.48,2.52,2.4,2.49,1106000.0,0.0
08446.HK,2023-07-21,2.54,2.54,2.33,2.35,986000.0,0.0
08446.HK,2023-07-24,2.39,2.39,2.18,2.26,692000.0,0.0
08446.HK,2023-07-25,2.26,2.54,2.25,2.38,1688000.0,0.0
08446.HK,2023-07-26,2.42,2.53,2.38,2.5,1538000.0,0.0
08446.HK,2023-07-27,2.53,3.48,2.44,2.9,4440000.0,0.0
08446.HK,2023-07-28,2.92,3.3,2.86,3.0,3068000.0,0.0
08446.HK,2023-07-31,3.14,3.28,3.0,3.05,1796000.0,0.0
08446.HK,2023-08-01,3.11,3.2,2.72,3.03,4016000.0,0.0
08446.HK,2023-08-02,2.86,3.02,2.75,2.84,1874000.0,0.0
08446.HK,2023-08-03,2.76,2.85,2.56,2.62,1722000.0,0.0
08446.HK,2023-08-04,2.62,2.65,2.34,2.5,2156000.0,0.0
08446.HK,2023-08-07,2.49,2.5,2.32,2.36,2058000.0,0.0
08446.HK,2023-08-08,2.41,2.46,1.99,2.12,4256000.0,0.0
08446.HK,2023-08-09,2.06,2.2,1.92,2.07,5116000.0,0.0
08446.HK,2023-08-10,2.07,2.16,1.9,2.0,2696000.0,0.0
08446.HK,2023-08-11,2.0,2.05,1.82,1.98,3884000.0,0.0
08446.HK,2023-08-14,1.99,1.99,1.81,1.84,1932000.0,0.0
08446.HK,2023-08-15,1.79,1.91,1.37,1.62,7472000.0,0.0
08446.HK,2023-08-16,1.62,1.63,1.38,1.49,2720000.0,0.0
08446.HK,2023-08-17,1.44,1.48,1.25,1.37,4496000.0,0.0
08446.HK,2023-08-18,1.37,1.7,1.31,1.62,3132000.0,0.0
08446.HK,2023-08-21,1.63,1.63,1.39,1.44,3470000.0,0.0
08446.HK,2023-08-22,1.44,1.48,1.2,1.26,6026000.0,0.0
08446.HK,2023-08-23,1.24,1.6,1.18,1.52,6786000.0,0.0
08446.HK,2023-08-24,1.52,1.84,1.5,1.53,9866000.0,0.0
08446.HK,2023-08-25,1.52,1.69,1.45,1.59,2002000.0,0.0
08446.HK,2023-08-28,1.67,1.77,1.63,1.68,2376000.0,0.0
08446.HK,2023-08-29,1.67,1.8,1.64,1.75,1708000.0,0.0
08446.HK,2023-08-30,1.73,1.8,1.67,1.69,1014000.0,0.0
08446.HK,2023-08-31,1.7,1.88,1.69,1.83,3480000.0,0.0
08446.HK,2023-09-04,1.88,2.14,1.83,2.06,4438000.0,0.0
08446.HK,2023-09-05,2.06,2.54,2.05,2.41,7600220.0,0.0
08446.HK,2023-09-06,2.56,2.83,2.48,2.68,11390000.0,0.0
08446.HK,2023-09-07,2.68,2.79,2.48,2.54,4818000.0,0.0
08446.HK,2023-09-11,2.48,2.8,2.21,2.63,6980000.0,0.0
08446.HK,2023-09-12,2.64,2.75,2.57,2.61,2616000.0,0.0
08446.HK,2023-09-13,2.58,2.68,2.53,2.56,2628000.0,0.0
08446.HK,2023-09-14,2.52,2.61,2.49,2.55,2070000.0,0.0
08446.HK,2023-09-15,2.55,2.57,2.48,2.53,2452000.0,0.0
08446.HK,2023-09-18,2.53,2.65,2.46,2.5,3232000.0,0.0
08446.HK,2023-09-19,2.55,2.59,2.45,2.48,1024000.0,0.0
08446.HK,2023-09-20,2.45,2.53,2.35,2.36,1316000.0,0.0
08446.HK,2023-09-21,2.31,2.49,2.12,2.36,3002000.0,0.0
08446.HK,2023-09-22,2.36,2.57,2.35,2.48,3104000.0,0.0
08446.HK,2023-09-25,2.52,2.64,2.49,2.49,3556000.0,0.0
08446.HK,2023-09-26,2.5,2.59,2.47,2.47,2212000.0,0.0
08446.HK,2023-09-27,2.48,2.58,2.46,2.56,2538000.0,0.0
08446.HK,2023-09-28,2.64,2.69,2.57,2.63,1710000.0,0.0
08446.HK,2023-09-29,2.66,2.9,2.52,2.66,10388000.0,0.0
08446.HK,2023-10-03,2.67,2.8,2.62,2.77,2405400.0,0.0
08446.HK,2023-10-04,2.77,3.06,2.74,3.0,5026000.0,0.0
08446.HK,2023-10-05,3.01,3.04,2.84,2.97,4038000.0,0.0
08446.HK,2023-10-06,2.83,3.01,2.69,2.69,8712000.0,0.0
08446.HK,2023-10-09,2.69,2.82,2.47,2.47,2892000.0,0.0
08446.HK,2023-10-10,2.47,2.6,2.42,2.56,3430000.0,0.0
08446.HK,2023-10-11,2.59,2.79,2.52,2.52,1586000.0,0.0
08446.HK,2023-10-12,2.64,2.64,2.46,2.47,2128000.0,0.0
08446.HK,2023-10-13,2.52,2.54,2.39,2.47,3514000.0,0.0
08446.HK,2023-10-16,2.5,2.5,2.17,2.26,4616000.0,0.0
08446.HK,2023-10-17,2.26,2.46,2.11,2.3,5938000.0,0.0
08446.HK,2023-10-18,2.37,2.37,2.2,2.22,1778000.0,0.0
08446.HK,2023-10-19,2.22,2.35,2.16,2.22,1898000.0,0.0
08446.HK,2023-10-20,2.27,2.28,1.85,1.96,6260000.0,0.0
08446.HK,2023-10-24,1.96,1.96,1.6,1.65,5646000.0,0.0
08446.HK,2023-10-25,1.65,1.65,1.25,1.38,5956000.0,0.0
08446.HK,2023-10-26,1.38,1.68,1.38,1.46,2598000.0,0.0
08446.HK,2023-10-27,1.45,1.45,1.37,1.44,1954000.0,0.0
08446.HK,2023-10-30,1.44,1.48,1.37,1.4,1348000.0,0.0
08446.HK,2023-10-31,1.44,1.52,1.36,1.37,1830000.0,0.0
08446.HK,2023-11-01,1.4,1.41,1.35,1.39,486000.0,0.0
08446.HK,2023-11-02,1.42,1.42,1.34,1.37,454000.0,0.0
08446.HK,2023-11-03,1.41,1.47,1.33,1.42,2472000.0,0.0
08446.HK,2023-11-06,1.46,1.46,1.3,1.3,2472000.0,0.0
08446.HK,2023-11-07,1.3,1.36,1.2,1.32,2728000.0,0.0
08446.HK,2023-11-08,1.29,1.35,1.24,1.3,662000.0,0.0
08446.HK,2023-11-09,1.3,1.39,1.18,1.2,2212000.0,0.0
08446.HK,2023-11-10,1.25,1.25,1.12,1.16,2500000.0,0.0
08446.HK,2023-11-13,1.16,1.16,0.95,1.04,4880000.0,0.0
08446.HK,2023-11-14,1.05,1.25,1.02,1.17,5027000.0,0.0
08446.HK,2023-11-15,1.22,1.22,1.11,1.17,7008000.0,0.0
08446.HK,2023-11-16,1.15,1.25,1.14,1.2,2186000.0,0.0
08446.HK,2023-11-17,1.21,1.29,1.19,1.25,1526000.0,0.0
08446.HK,2023-11-20,1.22,1.33,1.21,1.26,5466000.0,0.0
08446.HK,2023-11-21,1.3,1.3,1.18,1.25,1908000.0,0.0
08446.HK,2023-11-22,1.26,1.26,1.12,1.24,1446000.0,0.0
08446.HK,2023-11-23,1.24,1.25,1.17,1.19,1170000.0,0.0
08446.HK,2023-11-24,1.19,1.3,1.15,1.24,1948000.0,0.0
08446.HK,2023-11-27,1.2,1.23,1.11,1.19,1190000.0,0.0
08446.HK,2023-11-28,1.13,1.17,1.09,1.14,2214000.0,0.0
08446.HK,2023-11-29,1.14,1.17,1.05,1.09,1240000.0,0.0
08446.HK,2023-11-30,1.09,1.14,1.0,1.1,4490000.0,0.0
08446.HK,2023-12-01,1.03,1.11,0.92,1.07,4248000.0,0.0
08446.HK,2023-12-04,1.05,1.06,0.98,1.0,2010000.0,0.0
08446.HK,2023-12-05,1.0,1.03,0.9,1.0,3746000.0,0.0
08446.HK,2023-12-06,1.0,1.08,0.95,1.06,3814000.0,0.0
08446.HK,2023-12-07,1.07,1.13,1.03,1.12,4154000.0,0.0
08446.HK,2023-12-08,1.15,1.22,1.05,1.07,5720000.0,0.0
08446.HK,2023-12-11,1.03,1.07,0.84,0.91,8486000.0,0.0
08446.HK,2023-12-12,0.9,1.0,0.81,0.94,12036000.0,0.0
08446.HK,2023-12-13,0.95,0.98,0.89,0.91,5212000.0,0.0
08446.HK,2023-12-14,0.95,0.96,0.86,0.9,12232000.0,0.0
08446.HK,2023-12-15,0.9,1.19,0.9,1.17,14916000.0,0.0
08446.HK,2023-12-18,1.19,1.46,1.18,1.24,13276000.0,0.0
08446.HK,2023-12-19,1.24,1.33,1.19,1.25,3442000.0,0.0
08446.HK,2023-12-20,1.29,1.31,1.21,1.27,4984000.0,0.0
08446.HK,2023-12-21,1.27,1.33,1.25,1.31,4638000.0,0.0
08446.HK,2023-12-22,1.25,1.37,1.23,1.36,8660000.0,0.0
08446.HK,2023-12-27,1.31,1.39,1.22,1.23,8664000.0,0.0
08446.HK,2023-12-28,1.23,1.27,1.16,1.17,5470000.0,0.0
08446.HK,2023-12-29,1.18,1.18,1.11,1.18,4076000.0,0.0
08446.HK,2024-01-02,1.2,1.22,1.1,1.13,2554000.0,0.0
08446.HK,2024-01-03,1.06,1.13,1.02,1.02,2942000.0,0.0
08446.HK,2024-01-04,1.05,1.1,0.98,1.05,4208000.0,0.0
08446.HK,2024-01-05,1.08,1.09,1.01,1.06,890000.0,0.0
08446.HK,2024-01-08,1.05,1.05,1.0,1.0,1476000.0,0.0
08446.HK,2024-01-09,1.05,1.06,1.0,1.02,3002000.0,0.0
08446.HK,2024-01-10,1.02,1.03,0.96,0.96,3744000.0,0.0
08446.HK,2024-01-11,1.0,1.0,0.89,0.89,2274000.0,0.0
08446.HK,2024-01-12,0.89,0.98,0.7,0.82,9354000.0,0.0
08446.HK,2024-01-15,0.82,0.88,0.6,0.6,10536000.0,0.0
08446.HK,2024-01-16,0.51,0.51,0.3,0.42,31918000.0,0.0
08446.HK,2024-01-17,0.415,0.56,0.38,0.46,21248000.0,0.0
08446.HK,2024-01-18,0.46,0.48,0.38,0.465,15588000.0,0.0
08446.HK,2024-01-19,0.465,0.48,0.405,0.445,13124000.0,0.0
08446.HK,2024-01-22,0.445,0.46,0.4,0.42,7436000.0,0.0
08446.HK,2024-01-23,0.425,0.43,0.395,0.4,5942000.0,0.0
08446.HK,2024-01-24,0.415,0.415,0.355,0.355,8104000.0,0.0
08446.HK,2024-01-25,0.355,0.365,0.32,0.365,6970000.0,0.0
08446.HK,2024-01-26,0.345,0.425,0.335,0.38,19368000.0,0.0
08446.HK,2024-01-29,0.41,0.45,0.38,0.41,9898000.0,0.0
08446.HK,2024-01-30,0.405,0.45,0.39,0.41,4928000.0,0.0
08446.HK,2024-01-31,0.435,0.435,0.39,0.41,5838000.0,0.0
08446.HK,2024-02-01,0.41,0.42,0.37,0.375,4840000.0,0.0
08446.HK,2024-02-02,0.385,0.385,0.36,0.37,4852000.0,0.0
08446.HK,2024-02-05,0.37,0.39,0.34,0.345,2368000.0,0.0
08446.HK,2024-02-06,0.345,0.355,0.31,0.32,3858000.0,0.0
08446.HK,2024-02-07,0.32,0.32,0.27,0.28,3514000.0,0.0
08446.HK,2024-02-08,0.255,0.38,0.255,0.3,7368000.0,0.0
08446.HK,2024-02-09,0.295,0.345,0.295,0.32,2226000.0,0.0
08446.HK,2024-02-14,0.305,0.345,0.295,0.325,2900000.0,0.0
08446.HK,2024-02-15,0.32,0.335,0.295,0.32,2444000.0,0.0
08446.HK,2024-02-16,0.3,0.305,0.285,0.29,2464000.0,0.0
08446.HK,2024-02-19,0.29,0.305,0.25,0.285,8310000.0,0.0
08446.HK,2024-02-20,0.295,0.3,0.265,0.275,6426000.0,0.0
08446.HK,2024-02-21,0.29,0.29,0.265,0.275,2796000.0,0.0
08446.HK,2024-02-22,0.28,0.28,0.26,0.275,1212000.0,0.0
08446.HK,2024-02-23,0.27,0.27,0.243,0.27,4152000.0,0.0
08446.HK,2024-02-26,0.27,0.28,0.255,0.265,2348000.0,0.0
08446.HK,2024-02-27,0.265,0.265,0.255,0.26,548000.0,0.0
08446.HK,2024-02-28,0.275,0.275,0.25,0.255,2198000.0,0.0
08446.HK,2024-02-29,0.255,0.275,0.246,0.25,4726000.0,0.0
08446.HK,2024-03-01,0.255,0.26,0.245,0.25,10912000.0,0.0
08446.HK,2024-03-04,0.25,0.255,0.248,0.255,1582000.0,0.0
08446.HK,2024-03-05,0.255,0.255,0.232,0.247,4878000.0,0.0
08446.HK,2024-03-06,0.248,0.25,0.236,0.24,1346000.0,0.0
08446.HK,2024-03-07,0.243,0.247,0.231,0.236,3082000.0,0.0
08446.HK,2024-03-08,0.241,0.248,0.235,0.24,12638000.0,0.0
08446.HK,2024-03-11,0.24,0.24,0.227,0.233,6806000.0,0.0
08446.HK,2024-03-12,0.233,0.238,0.227,0.231,2718000.0,0.0
08446.HK,2024-03-13,0.23,0.23,0.198,0.201,6842000.0,0.0
08446.HK,2024-03-14,0.201,0.201,0.19,0.2,1770000.0,0.0
08446.HK,2024-03-15,0.197,0.21,0.193,0.203,4116000.0,0.0
08446.HK,2024-03-18,0.207,0.255,0.192,0.22,5650000.0,0.0
08446.HK,2024-03-19,0.221,0.239,0.215,0.224,3184000.0,0.0
08446.HK,2024-03-20,0.22,0.223,0.207,0.213,2204000.0,0.0
08446.HK,2024-03-21,0.213,0.22,0.201,0.207,2114000.0,0.0
08446.HK,2024-03-22,0.207,0.21,0.197,0.205,1652000.0,0.0
08446.HK,2024-03-25,0.2,0.2,0.191,0.198,616000.0,0.0
08446.HK,2024-03-26,0.2,0.215,0.19,0.212,452000.0,0.0
08446.HK,2024-03-27,0.2,0.21,0.195,0.207,466000.0,0.0
08446.HK,2024-03-28,0.206,0.21,0.196,0.202,784000.0,0.0
08446.HK,2024-04-02,0.202,0.202,0.191,0.195,1394000.0,0.0
08446.HK,2024-04-03,0.195,0.198,0.194,0.197,464000.0,0.0
08446.HK,2024-04-05,0.209,0.209,0.191,0.203,304000.0,0.0
08446.HK,2024-04-08,0.203,0.206,0.195,0.2,686000.0,0.0
08446.HK,2024-04-09,0.201,0.201,0.193,0.199,260000.0,0.0
08446.HK,2024-04-10,0.199,0.2,0.192,0.2,1448000.0,0.0
08446.HK,2024-04-11,0.193,0.2,0.188,0.189,1052000.0,0.0
08446.HK,2024-04-12,0.198,0.203,0.19,0.191,1526000.0,0.0
08446.HK,2024-04-15,0.199,0.199,0.158,0.165,4484000.0,0.0
08446.HK,2024-04-16,0.163,0.177,0.151,0.159,4246000.0,0.0
08446.HK,2024-04-17,0.173,0.173,0.152,0.152,2046000.0,0.0
08446.HK,2024-04-18,0.159,0.159,0.151,0.156,1000000.0,0.0
08446.HK,2024-04-19,0.168,0.168,0.152,0.155,712000.0,0.0
08446.HK,2024-04-22,0.154,0.164,0.154,0.164,1332000.0,0.0
08446.HK,2024-04-23,0.17,0.17,0.16,0.165,606000.0,0.0
08446.HK,2024-04-24,0.169,0.169,0.157,0.167,1516000.0,0.0
08446.HK,2024-04-25,0.168,0.168,0.161,0.164,488000.0,0.0
08446.HK,2024-04-26,0.167,0.167,0.161,0.164,1048000.0,0.0
08446.HK,2024-04-29,0.163,0.17,0.16,0.17,1888000.0,0.0
08446.HK,2024-04-30,0.169,0.169,0.164,0.166,576000.0,0.0
08446.HK,2024-05-02,0.166,0.169,0.166,0.166,260000.0,0.0
08446.HK,2024-05-03,0.18,0.195,0.168,0.191,3002000.0,0.0
08446.HK,2024-05-06,0.2,0.25,0.198,0.239,11472000.0,0.0
08446.HK,2024-05-07,0.25,0.385,0.235,0.375,36848000.0,0.0
08446.HK,2024-05-08,0.385,0.485,0.36,0.455,47914000.0,0.0
08446.HK,2024-05-09,0.46,0.495,0.33,0.38,22014000.0,0.0
08446.HK,2024-05-10,0.41,0.415,0.325,0.35,7150000.0,0.0
08446.HK,2024-05-13,0.36,0.36,0.26,0.26,7888000.0,0.0
08446.HK,2024-05-14,0.25,0.35,0.25,0.335,11554000.0,0.0
08446.HK,2024-05-16,0.34,0.375,0.3,0.31,6066000.0,0.0
08446.HK,2024-05-17,0.3,0.31,0.285,0.295,2608000.0,0.0
08446.HK,2024-05-20,0.315,0.315,0.285,0.3,1330000.0,0.0
08446.HK,2024-05-21,0.32,0.345,0.29,0.315,2782000.0,0.0
08446.HK,2024-05-22,0.315,0.33,0.295,0.305,1906000.0,0.0
08446.HK,2024-05-23,0.3,0.315,0.29,0.295,788000.0,0.0
08446.HK,2024-05-24,0.29,0.305,0.285,0.305,570000.0,0.0
08446.HK,2024-05-27,0.305,0.305,0.29,0.3,516000.0,0.0
08446.HK,2024-05-28,0.305,0.305,0.29,0.29,452000.0,0.0
08446.HK,2024-05-29,0.28,0.3,0.28,0.29,426000.0,0.0
08446.HK,2024-05-30,0.29,0.305,0.29,0.3,526000.0,0.0
08446.HK,2024-05-31,0.3,0.305,0.29,0.3,346000.0,0.0
08446.HK,2024-06-03,0.3,0.3,0.29,0.295,628000.0,0.0
08446.HK,2024-06-04,0.305,0.305,0.29,0.3,538000.0,0.0
08446.HK,2024-06-05,0.285,0.305,0.285,0.3,300000.0,0.0
08446.HK,2024-06-06,0.295,0.295,0.28,0.28,1138000.0,0.0
08446.HK,2024-06-07,0.28,0.295,0.28,0.295,390000.0,0.0
08446.HK,2024-06-11,0.28,0.3,0.275,0.28,772000.0,0.0
08446.HK,2024-06-12,0.28,0.28,0.26,0.265,614000.0,0.0
08446.HK,2024-06-13,0.29,0.29,0.255,0.275,668000.0,0.0
08446.HK,2024-06-14,0.275,0.275,0.26,0.275,452000.0,0.0
08446.HK,2024-06-17,0.275,0.275,0.25,0.26,580000.0,0.0
08446.HK,2024-06-18,0.265,0.265,0.24,0.24,506000.0,0.0
08446.HK,2024-06-19,0.225,0.229,0.225,0.225,706000.0,0.0
08446.HK,2024-06-20,0.22,0.22,0.196,0.198,2744000.0,0.0
08446.HK,2024-06-21,0.198,0.229,0.198,0.201,688000.0,0.0
08446.HK,2024-06-24,0.201,0.229,0.201,0.204,332000.0,0.0
08446.HK,2024-06-25,0.217,0.217,0.204,0.205,160000.0,0.0
08446.HK,2024-06-26,0.211,0.211,0.196,0.196,728000.0,0.0
08446.HK,2024-06-27,0.197,0.201,0.186,0.186,604000.0,0.0
08446.HK,2024-06-28,0.199,0.199,0.184,0.184,1020000.0,0.0
08446.HK,2024-07-02,0.184,0.198,0.184,0.186,1074000.0,0.0
08446.HK,2024-07-03,0.19,0.191,0.184,0.186,638000.0,0.0
08446.HK,2024-07-04,0.184,0.24,0.184,0.224,3132000.0,0.0
08446.HK,2024-07-05,0.224,0.238,0.209,0.218,1336000.0,0.0
08446.HK,2024-07-08,0.215,0.218,0.209,0.209,300000.0,0.0
08446.HK,2024-07-09,0.219,0.22,0.204,0.205,1782000.0,0.0
08446.HK,2024-07-10,0.205,0.219,0.2,0.217,364000.0,0.0
08446.HK,2024-07-11,0.227,0.25,0.217,0.25,4840000.0,0.0
08446.HK,2024-07-12,0.275,0.275,0.238,0.238,900000.0,0.0
08446.HK,2024-07-15,0.238,0.247,0.22,0.234,1368000.0,0.0
08446.HK,2024-07-16,0.234,0.243,0.224,0.23,8172000.0,0.0
08446.HK,2024-07-17,0.238,0.238,0.231,0.233,2670000.0,0.0
08446.HK,2024-07-18,0.247,0.247,0.225,0.237,1040000.0,0.0
08446.HK,2024-07-19,0.234,0.234,0.205,0.209,3720000.0,0.0
08446.HK,2024-07-22,0.209,0.233,0.202,0.223,1806000.0,0.0
08446.HK,2024-07-23,0.225,0.238,0.216,0.222,3304000.0,0.0
08446.HK,2024-07-24,0.22,0.227,0.209,0.217,5174000.0,0.0
08446.HK,2024-07-25,0.211,0.216,0.199,0.206,6246000.0,0.0
08446.HK,2024-07-26,0.207,0.207,0.19,0.193,3852000.0,0.0
08446.HK,2024-07-29,0.242,0.242,0.204,0.204,206000.0,0.0
08446.HK,2024-07-30,0.229,0.229,0.199,0.204,698000.0,0.0
08446.HK,2024-07-31,0.203,0.21,0.193,0.201,4310000.0,0.0
08446.HK,2024-08-01,0.215,0.215,0.191,0.204,1636000.0,0.0
08446.HK,2024-08-02,0.193,0.204,0.18,0.189,4054000.0,0.0
08446.HK,2024-08-05,0.189,0.192,0.171,0.18,1496000.0,0.0
08446.HK,2024-08-06,0.171,0.191,0.163,0.176,2506000.0,0.0
08446.HK,2024-08-07,0.176,0.179,0.163,0.164,3560000.0,0.0
08446.HK,2024-08-08,0.163,0.174,0.16,0.171,1758000.0,0.0
08446.HK,2024-08-09,0.173,0.184,0.164,0.171,662000.0,0.0
08446.HK,2024-08-12,0.171,0.171,0.171,0.171,114000.0,0.0
08446.HK,2024-08-13,0.172,0.172,0.164,0.165,788000.0,0.0
08446.HK,2024-08-14,0.166,0.171,0.164,0.169,3102000.0,0.0
08446.HK,2024-08-15,0.169,0.169,0.167,0.169,202000.0,0.0
08446.HK,2024-08-16,0.168,0.172,0.164,0.171,1224000.0,0.0
08446.HK,2024-08-19,0.171,0.174,0.168,0.168,2684000.0,0.0
08446.HK,2024-08-20,0.168,0.172,0.166,0.166,2526000.0,0.0
08446.HK,2024-08-21,0.171,0.171,0.162,0.167,856000.0,0.0
08446.HK,2024-08-22,0.166,0.17,0.162,0.165,694000.0,0.0
08446.HK,2024-08-23,0.167,0.169,0.162,0.164,1008000.0,0.0
08446.HK,2024-08-26,0.164,0.17,0.163,0.163,1216000.0,0.0
08446.HK,2024-08-27,0.165,0.166,0.16,0.165,810000.0,0.0
08446.HK,2024-08-28,0.163,0.166,0.163,0.164,650000.0,0.0
08446.HK,2024-08-29,0.164,0.165,0.16,0.165,936000.0,0.0
08446.HK,2024-08-30,0.16,0.163,0.122,0.15,2904000.0,0.0
08446.HK,2024-09-02,0.15,0.157,0.145,0.149,1442000.0,0.0
08446.HK,2024-09-03,0.149,0.15,0.148,0.149,374000.0,0.0
08446.HK,2024-09-04,0.149,0.149,0.14,0.147,1052000.0,0.0
08446.HK,2024-09-05,0.147,0.15,0.141,0.15,632000.0,0.0
08446.HK,2024-09-09,0.15,0.15,0.137,0.145,1442000.0,0.0
08446.HK,2024-09-10,0.141,0.141,0.135,0.138,1850000.0,0.0
08446.HK,2024-09-11,0.139,0.148,0.139,0.148,4372000.0,0.0
08446.HK,2024-09-12,0.147,0.154,0.147,0.151,1420000.0,0.0
08446.HK,2024-09-13,0.151,0.16,0.134,0.144,2638000.0,0.0
08446.HK,2024-09-16,0.142,0.144,0.14,0.144,1370000.0,0.0
08446.HK,2024-09-17,0.148,0.15,0.147,0.149,510000.0,0.0
08446.HK,2024-09-19,0.143,0.15,0.131,0.139,3748000.0,0.0
08446.HK,2024-09-20,0.139,0.14,0.132,0.139,592000.0,0.0
08446.HK,2024-09-23,0.132,0.14,0.13,0.133,3340000.0,0.0
08446.HK,2024-09-24,0.133,0.14,0.13,0.135,4638000.0,0.0
08446.HK,2024-09-25,0.136,0.139,0.135,0.135,954000.0,0.0
08446.HK,2024-09-26,0.135,0.18,0.135,0.176,8466000.0,0.0
08446.HK,2024-09-27,0.192,0.26,0.184,0.26,21400000.0,0.0
08446.HK,2024-09-30,0.27,0.3,0.223,0.228,11900000.0,0.0
08446.HK,2024-10-02,0.23,0.255,0.215,0.22,6380000.0,0.0
08446.HK,2024-10-03,0.216,0.233,0.195,0.195,4293000.0,0.0
08446.HK,2024-10-04,0.194,0.216,0.185,0.214,10356000.0,0.0
08446.HK,2024-10-07,0.222,0.23,0.202,0.205,3038000.0,0.0
08446.HK,2024-10-08,0.205,0.213,0.191,0.196,2056000.0,0.0
08446.HK,2024-10-09,0.199,0.199,0.173,0.188,1314000.0,0.0
08446.HK,2024-10-10,0.186,0.194,0.186,0.188,898000.0,0.0
08446.HK,2024-10-14,0.188,0.197,0.17,0.177,2324000.0,0.0
08446.HK,2024-10-15,0.177,0.18,0.165,0.169,1344000.0,0.0
08446.HK,2024-10-16,0.167,0.167,0.16,0.165,676000.0,0.0
08446.HK,2024-10-17,0.169,0.169,0.145,0.16,1740000.0,0.0
08446.HK,2024-10-18,0.159,0.165,0.156,0.16,486000.0,0.0
08446.HK,2024-10-21,0.158,0.166,0.155,0.165,1730000.0,0.0
08446.HK,2024-10-22,0.169,0.169,0.165,0.167,426000.0,0.0
08446.HK,2024-10-23,0.169,0.169,0.159,0.169,1012000.0,0.0
08446.HK,2024-10-24,0.168,0.191,0.164,0.19,1642000.0,0.0
08446.HK,2024-10-25,0.19,0.2,0.176,0.186,1384000.0,0.0
08446.HK,2024-10-28,0.182,0.185,0.175,0.177,296000.0,0.0
08446.HK,2024-10-29,0.171,0.177,0.167,0.177,2166000.0,0.0
08446.HK,2024-10-30,0.18,0.18,0.169,0.177,298000.0,0.0
08446.HK,2024-10-31,0.177,0.178,0.171,0.178,850000.0,0.0
08446.HK,2024-11-01,0.177,0.178,0.17,0.176,630000.0,0.0
08446.HK,2024-11-04,0.181,0.19,0.171,0.181,2460000.0,0.0
08446.HK,2024-11-05,0.176,0.185,0.175,0.185,786000.0,0.0
08446.HK,2024-11-06,0.188,0.188,0.176,0.181,1450000.0,0.0
08446.HK,2024-11-07,0.183,0.183,0.175,0.18,520000.0,0.0
08446.HK,2024-11-08,0.179,0.181,0.177,0.181,758000.0,0.0
08446.HK,2024-11-11,0.181,0.186,0.178,0.183,970000.0,0.0
08446.HK,2024-11-12,0.183,0.19,0.18,0.184,1262000.0,0.0
08446.HK,2024-11-13,0.184,0.184,0.175,0.179,290000.0,0.0
08446.HK,2024-11-14,0.183,0.183,0.177,0.181,364000.0,0.0
08446.HK,2024-11-15,0.181,0.182,0.175,0.18,342000.0,0.0
08446.HK,2024-11-18,0.182,0.182,0.167,0.178,398000.0,0.0
08446.HK,2024-11-19,0.183,0.183,0.175,0.178,234000.0,0.0
08446.HK,2024-11-20,0.181,0.181,0.174,0.18,510000.0,0.0
08446.HK,2024-11-21,0.179,0.179,0.169,0.169,550000.0,0.0
08446.HK,2024-11-22,0.179,0.179,0.165,0.17,834000.0,0.0
08446.HK,2024-11-25,0.17,0.17,0.16,0.164,1286000.0,0.0
08446.HK,2024-11-26,0.153,0.163,0.152,0.161,608000.0,0.0
08446.HK,2024-11-27,0.165,0.166,0.155,0.161,1090000.0,0.0
08446.HK,2024-11-28,0.159,0.159,0.157,0.158,214000.0,0.0
08446.HK,2024-11-29,0.158,0.158,0.155,0.158,180000.0,0.0
08446.HK,2024-12-02,0.167,0.167,0.157,0.16,376000.0,0.0
08446.HK,2024-12-03,0.159,0.159,0.148,0.151,1888000.0,0.0
08446.HK,2024-12-04,0.151,0.151,0.145,0.146,490000.0,0.0
08446.HK,2024-12-05,0.146,0.146,0.132,0.144,1370000.0,0.0
08446.HK,2024-12-06,0.151,0.151,0.135,0.14,1222000.0,0.0
08446.HK,2024-12-09,0.15,0.15,0.121,0.137,4684000.0,0.0
08446.HK,2024-12-10,0.129,0.138,0.126,0.134,5890000.0,0.0
08446.HK,2024-12-11,0.127,0.133,0.125,0.13,3516000.0,0.0
08446.HK,2024-12-12,0.132,0.137,0.127,0.13,1314000.0,0.0
08446.HK,2024-12-13,0.129,0.145,0.129,0.143,1456000.0,0.0
08446.HK,2024-12-16,0.14,0.149,0.134,0.144,2566000.0,0.0
08446.HK,2024-12-17,0.148,0.148,0.12,0.134,2716000.0,0.0
08446.HK,2024-12-18,0.134,0.134,0.128,0.133,302000.0,0.0
08446.HK,2024-12-19,0.133,0.141,0.132,0.135,658000.0,0.0
08446.HK,2024-12-20,0.141,0.141,0.14,0.14,688000.0,0.0
08446.HK,2024-12-23,0.14,0.159,0.14,0.147,1292000.0,0.0
08446.HK,2024-12-24,0.148,0.155,0.147,0.153,2048000.0,0.0
08446.HK,2024-12-27,0.155,0.155,0.145,0.145,1140000.0,0.0
08446.HK,2024-12-30,0.148,0.15,0.145,0.148,956000.0,0.0
08446.HK,2024-12-31,0.153,0.153,0.14,0.15,460000.0,0.0
08446.HK,2025-01-02,0.147,0.15,0.139,0.15,1084000.0,0.0
08446.HK,2025-01-03,0.156,0.156,0.152,0.155,2432000.0,0.0
08446.HK,2025-01-06,0.159,0.159,0.141,0.15,1268000.0,0.0
08446.HK,2025-01-07,0.145,0.155,0.145,0.151,442000.0,0.0
08446.HK,2025-01-08,0.151,0.153,0.142,0.149,512000.0,0.0
08446.HK,2025-01-09,0.151,0.151,0.149,0.15,218000.0,0.0
08446.HK,2025-01-10,0.149,0.151,0.147,0.149,166000.0,0.0
08446.HK,2025-01-13,0.148,0.149,0.14,0.14,608000.0,0.0
08446.HK,2025-01-14,0.146,0.146,0.138,0.143,964000.0,0.0
08446.HK,2025-01-15,0.143,0.148,0.14,0.142,322000.0,0.0
08446.HK,2025-01-16,0.131,0.143,0.131,0.139,274000.0,0.0
08446.HK,2025-01-17,0.141,0.141,0.133,0.141,532000.0,0.0
08446.HK,2025-01-20,0.142,0.145,0.142,0.144,310000.0,0.0
08446.HK,2025-01-21,0.143,0.143,0.12,0.127,1568000.0,0.0
08446.HK,2025-01-22,0.127,0.136,0.119,0.133,2584000.0,0.0
08446.HK,2025-01-23,0.133,0.134,0.127,0.127,648000.0,0.0
08446.HK,2025-01-24,0.128,0.133,0.112,0.131,2024000.0,0.0
08446.HK,2025-01-27,0.129,0.129,0.124,0.128,1158000.0,0.0
08446.HK,2025-01-28,0.128,0.13,0.123,0.13,232000.0,0.0
08446.HK,2025-02-03,0.13,0.13,0.126,0.129,402000.0,0.0
08446.HK,2025-02-04,0.129,0.138,0.129,0.138,636000.0,0.0
08446.HK,2025-02-05,0.139,0.139,0.135,0.137,258000.0,0.0
08446.HK,2025-02-06,0.138,0.139,0.132,0.132,516000.0,0.0
08446.HK,2025-02-07,0.138,0.138,0.122,0.132,674000.0,0.0
08446.HK,2025-02-10,0.126,0.132,0.12,0.129,1578000.0,0.0
08446.HK,2025-02-11,0.122,0.128,0.118,0.127,2478000.0,0.0
08446.HK,2025-02-12,0.128,0.128,0.12,0.126,982000.0,0.0
08446.HK,2025-02-13,0.125,0.125,0.12,0.122,1208000.0,0.0
08446.HK,2025-02-14,0.121,0.125,0.121,0.125,530000.0,0.0
08446.HK,2025-02-17,0.125,0.126,0.124,0.126,834000.0,0.0
08446.HK,2025-02-18,0.127,0.127,0.126,0.126,206000.0,0.0
08446.HK,2025-02-19,0.128,0.128,0.123,0.127,300000.0,0.0
08446.HK,2025-02-20,0.126,0.126,0.122,0.126,312000.0,0.0
08446.HK,2025-02-21,0.125,0.126,0.122,0.126,500000.0,0.0
08446.HK,2025-02-24,0.127,0.144,0.124,0.134,1816000.0,0.0
08446.HK,2025-02-25,0.134,0.148,0.132,0.14,1024000.0,0.0
08446.HK,2025-02-26,0.145,0.145,0.138,0.142,814000.0,0.0
08446.HK,2025-02-27,0.145,0.145,0.14,0.142,160000.0,0.0
08446.HK,2025-02-28,0.144,0.144,0.137,0.14,456000.0,0.0
08446.HK,2025-03-03,0.144,0.145,0.133,0.137,466000.0,0.0
08446.HK,2025-03-04,0.139,0.14,0.136,0.136,190000.0,0.0
08446.HK,2025-03-05,0.136,0.14,0.136,0.137,148000.0,0.0
08446.HK,2025-03-06,0.139,0.14,0.139,0.139,204000.0,0.0
08446.HK,2025-03-07,0.139,0.143,0.136,0.137,122000.0,0.0
08446.HK,2025-03-10,0.14,0.141,0.127,0.132,514000.0,0.0
08446.HK,2025-03-11,0.136,0.136,0.134,0.135,214000.0,0.0
08446.HK,2025-03-12,0.137,0.137,0.131,0.137,714000.0,0.0
08446.HK,2025-03-13,0.138,0.138,0.135,0.136,162000.0,0.0
08446.HK,2025-03-14,0.136,0.137,0.135,0.137,206000.0,0.0
08446.HK,2025-03-17,0.137,0.137,0.132,0.136,412000.0,0.0
08446.HK,2025-03-18,0.136,0.138,0.135,0.138,486000.0,0.0
08446.HK,2025-03-19,0.138,0.138,0.137,0.138,160000.0,0.0
08446.HK,2025-03-20,0.137,0.137,0.136,0.136,154000.0,0.0
08446.HK,2025-03-21,0.13,0.14,0.13,0.137,184000.0,0.0
08446.HK,2025-03-24,0.14,0.141,0.137,0.137,928000.0,0.0
08446.HK,2025-03-25,0.135,0.136,0.127,0.136,936000.0,0.0
08446.HK,2025-03-26,0.13,0.138,0.13,0.132,410000.0,0.0
08446.HK,2025-03-27,0.136,0.136,0.132,0.136,370000.0,0.0
08446.HK,2025-03-28,0.138,0.14,0.136,0.137,610000.0,0.0
08446.HK,2025-03-31,0.13,0.135,0.13,0.135,232000.0,0.0
08446.HK,2025-04-01,0.137,0.137,0.132,0.136,250000.0,0.0
08446.HK,2025-04-02,0.138,0.139,0.135,0.135,156000.0,0.0
08446.HK,2025-04-03,0.139,0.154,0.139,0.145,2976000.0,0.0
08446.HK,2025-04-07,0.145,0.146,0.134,0.142,1374000.0,0.0
08446.HK,2025-04-08,0.142,0.144,0.138,0.138,782000.0,0.0
08446.HK,2025-04-09,0.138,0.139,0.133,0.138,466000.0,0.0
08446.HK,2025-04-10,0.139,0.139,0.138,0.138,164000.0,0.0
08446.HK,2025-04-11,0.137,0.137,0.13,0.135,634000.0,0.0
08446.HK,2025-04-14,0.135,0.141,0.134,0.141,744000.0,0.0
08446.HK,2025-04-15,0.14,0.14,0.134,0.134,184000.0,0.0
08446.HK,2025-04-16,0.138,0.138,0.13,0.132,422000.0,0.0
08446.HK,2025-04-17,0.134,0.134,0.125,0.132,1184000.0,0.0
08446.HK,2025-04-22,0.132,0.134,0.132,0.134,372000.0,0.0
08446.HK,2025-04-23,0.134,0.134,0.133,0.134,200000.0,0.0
08446.HK,2025-04-24,0.134,0.138,0.134,0.136,660000.0,0.0
08446.HK,2025-04-25,0.138,0.141,0.134,0.134,178000.0,0.0
08446.HK,2025-04-28,0.134,0.137,0.133,0.137,148000.0,0.0
08446.HK,2025-04-29,0.135,0.135,0.133,0.133,150000.0,0.0
08446.HK,2025-04-30,0.133,0.134,0.13,0.134,404000.0,0.0
08446.HK,2025-05-02,0.129,0.138,0.129,0.137,100000.0,0.0
08446.HK,2025-05-06,0.137,0.137,0.122,0.128,2288000.0,0.0
08446.HK,2025-05-07,0.129,0.129,0.123,0.123,1494000.0,0.0
08446.HK,2025-05-08,0.124,0.125,0.124,0.125,174000.0,0.0
08446.HK,2025-05-09,0.125,0.125,0.123,0.123,1096000.0,0.0
08446.HK,2025-05-12,0.123,0.123,0.12,0.12,2902000.0,0.0
08446.HK,2025-05-13,0.12,0.127,0.115,0.123,3140000.0,0.0
08446.HK,2025-05-14,0.135,0.141,0.128,0.14,5008000.0,0.0
08446.HK,2025-05-15,0.131,0.145,0.131,0.144,2296000.0,0.0
08446.HK,2025-05-16,0.144,0.144,0.132,0.143,962690.0,0.0
08446.HK,2025-05-19,0.136,0.141,0.131,0.137,1466000.0,0.0
08446.HK,2025-05-20,0.131,0.135,0.128,0.128,1872000.0,0.0
08446.HK,2025-05-21,0.128,0.129,0.124,0.126,912000.0,0.0
08446.HK,2025-05-22,0.13,0.13,0.125,0.125,410000.0,0.0
08446.HK,2025-05-23,0.126,0.136,0.125,0.129,1352000.0,0.0
08446.HK,2025-05-26,0.131,0.14,0.13,0.135,1117310.0,0.0
08446.HK,2025-05-27,0.135,0.135,0.13,0.134,376000.0,0.0
08446.HK,2025-05-28,0.133,0.135,0.133,0.134,402000.0,0.0
08446.HK,2025-05-29,0.131,0.135,0.131,0.134,222000.0,0.0
08446.HK,2025-05-30,0.132,0.132,0.13,0.131,186000.0,0.0
08446.HK,2025-06-02,0.132,0.132,0.118,0.12,5982000.0,0.0
08446.HK,2025-06-03,0.12,0.12,0.113,0.117,5850000.0,0.0
08446.HK,2025-06-04,0.12,0.122,0.119,0.12,4484000.0,0.0
08446.HK,2025-06-05,0.12,0.12,0.115,0.116,4030000.0,0.0
08446.HK,2025-06-06,0.119,0.119,0.113,0.118,2282000.0,0.0
08446.HK,2025-06-09,0.118,0.122,0.118,0.12,736000.0,0.0
08446.HK,2025-06-10,0.119,0.129,0.118,0.126,4252000.0,0.0
08446.HK,2025-06-11,0.124,0.131,0.12,0.128,5132000.0,0.0
08446.HK,2025-06-12,0.128,0.128,0.123,0.124,642000.0,0.0
08446.HK,2025-06-13,0.124,0.124,0.119,0.121,2328000.0,0.0
08446.HK,2025-06-16,0.122,0.125,0.119,0.12,3398000.0,0.0
08446.HK,2025-06-17,0.12,0.12,0.108,0.111,14066000.0,0.0
08446.HK,2025-06-18,0.115,0.115,0.107,0.107,6570000.0,0.0
08446.HK,2025-06-19,0.11,0.114,0.108,0.113,1900000.0,0.0
08446.HK,2025-06-20,0.113,0.116,0.109,0.115,1170000.0,0.0
08446.HK,2025-06-23,0.117,0.117,0.114,0.114,256000.0,0.0
08446.HK,2025-06-24,0.117,0.117,0.109,0.109,2506000.0,0.0
08446.HK,2025-06-25,0.109,0.114,0.107,0.114,1536000.0,0.0
08446.HK,2025-06-26,0.114,0.114,0.112,0.114,522000.0,0.0
08446.HK,2025-06-27,0.109,0.114,0.108,0.111,2688000.0,0.0
08446.HK,2025-06-30,0.113,0.123,0.113,0.113,4908000.0,0.0
08446.HK,2025-07-02,0.113,0.117,0.113,0.116,792000.0,0.0
08446.HK,2025-07-03,0.116,0.116,0.115,0.115,208000.0,0.0
08446.HK,2025-07-04,0.115,0.12,0.114,0.116,2154000.0,0.0
08446.HK,2025-07-07,0.116,0.118,0.115,0.115,572000.0,0.0
08446.HK,2025-07-08,0.116,0.119,0.116,0.117,2874000.0,0.0
08446.HK,2025-07-09,0.118,0.119,0.113,0.118,2666000.0,0.0
08446.HK,2025-07-10,0.118,0.118,0.116,0.117,352000.0,0.0
08446.HK,2025-07-11,0.118,0.12,0.115,0.117,1220000.0,0.0
08446.HK,2025-07-14,0.116,0.118,0.115,0.118,1338000.0,0.0
08446.HK,2025-07-15,0.12,0.12,0.116,0.118,976000.0,0.0
08446.HK,2025-07-16,0.118,0.118,0.116,0.116,962000.0,0.0
08446.HK,2025-07-17,0.116,0.117,0.115,0.116,466000.0,0.0
08446.HK,2025-07-18,0.116,0.116,0.114,0.116,2812000.0,0.0
08446.HK,2025-07-21,0.117,0.117,0.114,0.115,2518000.0,0.0
08446.HK,2025-07-22,0.114,0.118,0.114,0.118,840000.0,0.0
08446.HK,2025-07-23,0.117,0.119,0.114,0.119,1202000.0,0.0
08446.HK,2025-07-24,0.119,0.12,0.119,0.119,750000.0,0.0
08446.HK,2025-07-25,0.117,0.122,0.117,0.119,492000.0,0.0
08446.HK,2025-07-28,0.119,0.123,0.119,0.119,530000.0,0.0
08446.HK,2025-07-29,0.119,0.122,0.119,0.122,150000.0,0.0
08446.HK,2025-07-30,0.123,0.16,0.123,0.16,24876000.0,0.0
08446.HK,2025-07-31,0.168,0.248,0.168,0.236,76794000.0,0.0
08446.HK,2025-08-01,0.236,0.29,0.234,0.255,49482000.0,0.0
08446.HK,2025-08-04,0.255,0.27,0.232,0.233,11608000.0,0.0
08446.HK,2025-08-05,0.23,0.23,0.165,0.193,28026000.0,0.0
08446.HK,2025-08-06,0.186,0.199,0.178,0.185,3298000.0,0.0
08446.HK,2025-08-07,0.185,0.244,0.185,0.21,18114000.0,0.0
08446.HK,2025-08-08,0.21,0.215,0.2,0.2,2178000.0,0.0
08446.HK,2025-08-11,0.201,0.226,0.201,0.212,6272000.0,0.0
08446.HK,2025-08-12,0.217,0.219,0.199,0.202,2760000.0,0.0
08446.HK,2025-08-13,0.215,0.22,0.189,0.199,5064000.0,0.0
08446.HK,2025-08-14,0.2,0.205,0.189,0.195,1862000.0,0.0
08446.HK,2025-08-15,0.195,0.195,0.167,0.176,9370000.0,0.0
08446.HK,2025-08-18,0.176,0.183,0.169,0.176,3716000.0,0.0
08446.HK,2025-08-19,0.175,0.176,0.17,0.171,1046000.0,0.0
08446.HK,2025-08-20,0.171,0.177,0.17,0.177,1512000.0,0.0
08446.HK,2025-08-21,0.177,0.184,0.174,0.175,1188000.0,0.0
08446.HK,2025-08-22,0.17,0.181,0.17,0.174,806000.0,0.0
08446.HK,2025-08-25,0.174,0.177,0.17,0.175,896000.0,0.0
08446.HK,2025-08-26,0.174,0.193,0.172,0.188,5934000.0,0.0
08446.HK,2025-08-27,0.181,0.195,0.179,0.185,2910000.0,0.0
08446.HK,2025-08-28,0.181,0.185,0.181,0.183,1000000.0,0.0
08446.HK,2025-08-29,0.183,0.187,0.181,0.181,1168000.0,0.0
08446.HK,2025-09-01,0.175,0.175,0.161,0.166,6184000.0,0.0
08446.HK,2025-09-02,0.16,0.171,0.16,0.161,1314000.0,0.0
08446.HK,2025-09-03,0.164,0.169,0.161,0.164,1128000.0,0.0
08446.HK,2025-09-04,0.168,0.168,0.163,0.166,204000.0,0.0
08446.HK,2025-09-05,0.164,0.166,0.16,0.161,1266000.0,0.0
08446.HK,2025-09-08,0.161,0.168,0.161,0.163,1786000.0,0.0
08446.HK,2025-09-09,0.168,0.168,0.161,0.167,1016000.0,0.0
08446.HK,2025-09-10,0.168,0.169,0.163,0.169,1626000.0,0.0
08446.HK,2025-09-11,0.17,0.17,0.158,0.163,1642000.0,0.0
08446.HK,2025-09-12,0.162,0.168,0.162,0.163,2404000.0,0.0
08446.HK,2025-09-15,0.168,0.17,0.164,0.167,548000.0,0.0
08446.HK,2025-09-16,0.166,0.168,0.165,0.168,128000.0,0.0
08446.HK,2025-09-17,0.167,0.17,0.167,0.167,1114000.0,0.0
08446.HK,2025-09-18,0.168,0.17,0.165,0.167,2124000.0,0.0
08446.HK,2025-09-19,0.16,0.174,0.16,0.166,1850000.0,0.0
08446.HK,2025-09-22,0.166,0.172,0.166,0.168,1006000.0,0.0
08446.HK,2025-09-23,0.168,0.168,0.164,0.164,1648000.0,0.0
08446.HK,2025-09-24,0.164,0.164,0.16,0.16,1058000.0,0.0
08446.HK,2025-09-25,0.16,0.164,0.159,0.16,3392000.0,0.0
08446.HK,2025-09-26,0.163,0.163,0.16,0.162,1488000.0,0.0
08446.HK,2025-09-29,0.162,0.165,0.16,0.165,1194000.0,0.0
08446.HK,2025-09-30,0.167,0.167,0.155,0.162,1098000.0,0.0
08446.HK,2025-10-02,0.162,0.164,0.155,0.16,2758000.0,0.0
08446.HK,2025-10-03,0.161,0.165,0.159,0.162,1252000.0,0.0
08446.HK,2025-10-06,0.162,0.165,0.159,0.162,1056000.0,0.0
08446.HK,2025-10-08,0.159,0.162,0.15,0.157,2390000.0,0.0
08446.HK,2025-10-09,0.159,0.161,0.155,0.155,662000.0,0.0
08446.HK,2025-10-10,0.155,0.157,0.151,0.155,1114000.0,0.0
08446.HK,2025-10-13,0.16,0.16,0.15,0.152,1092000.0,0.0
08446.HK,2025-10-14,0.152,0.153,0.15,0.151,674000.0,0.0
08446.HK,2025-10-15,0.151,0.152,0.148,0.15,822000.0,0.0
08446.HK,2025-10-16,0.153,0.153,0.15,0.152,256000.0,0.0
08446.HK,2025-10-17,0.152,0.153,0.148,0.153,928000.0,0.0
08446.HK,2025-10-20,0.151,0.153,0.151,0.153,178000.0,0.0
08446.HK,2025-10-21,0.153,0.153,0.151,0.152,218000.0,0.0
08446.HK,2025-10-22,0.151,0.151,0.149,0.151,384000.0,0.0
08446.HK,2025-10-23,0.151,0.151,0.145,0.15,282000.0,0.0
08446.HK,2025-10-24,0.15,0.15,0.148,0.149,272000.0,0.0
08446.HK,2025-10-27,0.149,0.149,0.147,0.149,304000.0,0.0
08446.HK,2025-10-28,0.149,0.15,0.131,0.138,1134000.0,0.0
08446.HK,2025-10-30,0.155,0.155,0.132,0.138,958000.0,0.0
08446.HK,2025-10-31,0.155,0.155,0.136,0.15,1470000.0,0.0
08446.HK,2025-11-03,0.147,0.162,0.146,0.146,1746000.0,0.0
08446.HK,2025-11-04,0.155,0.155,0.146,0.151,254000.0,0.0
08446.HK,2025-11-05,0.154,0.154,0.148,0.148,98000.0,0.0
08446.HK,2025-11-06,0.151,0.151,0.145,0.148,110000.0,0.0
08446.HK,2025-11-07,0.151,0.151,0.146,0.146,180000.0,0.0
08446.HK,2025-11-10,0.145,0.146,0.14,0.146,328000.0,0.0
08446.HK,2025-11-11,0.146,0.146,0.137,0.138,920000.0,0.0
08446.HK,2025-11-12,0.138,0.144,0.138,0.139,32000.0,0.0
08446.HK,2025-11-13,0.137,0.142,0.135,0.139,1156000.0,0.0
08446.HK,2025-11-14,0.135,0.142,0.132,0.139,628000.0,0.0
08446.HK,2025-11-17,0.136,0.136,0.131,0.136,244000.0,0.0
08446.HK,2025-11-18,0.132,0.14,0.132,0.14,202000.0,0.0
08446.HK,2025-11-19,0.137,0.142,0.133,0.138,606000.0,0.0
08446.HK,2025-11-20,0.138,0.138,0.132,0.132,660000.0,0.0
08446.HK,2025-11-21,0.132,0.136,0.132,0.134,1200000.0,0.0
08446.HK,2025-11-24,0.132,0.138,0.125,0.126,1116000.0,0.0
08446.HK,2025-11-25,0.128,0.136,0.128,0.134,1228000.0,0.0
08446.HK,2025-11-26,0.136,0.14,0.132,0.134,706000.0,0.0
08446.HK,2025-11-27,0.134,0.135,0.131,0.135,358000.0,0.0
08446.HK,2025-11-28,0.133,0.143,0.133,0.143,1310000.0,0.0
08446.HK,2025-12-01,0.15,0.15,0.137,0.138,1524000.0,0.0
08446.HK,2025-12-02,0.138,0.142,0.134,0.141,620000.0,0.0
08446.HK,2025-12-03,0.141,0.141,0.136,0.137,302000.0,0.0
08446.HK,2025-12-04,0.137,0.14,0.131,0.137,436000.0,0.0
08446.HK,2025-12-05,0.135,0.137,0.132,0.137,338000.0,0.0
08446.HK,2025-12-08,0.131,0.135,0.131,0.134,332000.0,0.0
08446.HK,2025-12-09,0.132,0.133,0.132,0.132,212000.0,0.0
08446.HK,2025-12-10,0.133,0.135,0.133,0.135,496000.0,0.0
08446.HK,2025-12-11,0.136,0.136,0.135,0.135,108000.0,0.0
08446.HK,2025-12-12,0.134,0.134,0.134,0.134,4000.0,0.0
08446.HK,2025-12-15,0.13,0.131,0.128,0.13,710000.0,0.0
08446.HK,2025-12-16,0.13,0.13,0.125,0.128,520000.0,0.0
08446.HK,2025-12-17,0.128,0.128,0.118,0.122,6404000.0,0.0
08446.HK,2025-12-18,0.122,0.122,0.12,0.12,738000.0,0.0
08446.HK,2025-12-19,0.119,0.121,0.119,0.119,542000.0,0.0
08446.HK,2025-12-22,0.121,0.121,0.119,0.119,138000.0,0.0
08446.HK,2025-12-23,0.119,0.121,0.106,0.117,1896000.0,0.0
08446.HK,2025-12-24,0.116,0.117,0.115,0.115,116000.0,0.0
08446.HK,2025-12-29,0.115,0.128,0.108,0.127,2124000.0,0.0
08446.HK,2025-12-30,0.124,0.128,0.11,0.118,906000.0,0.0
08446.HK,2025-12-31,0.117,0.117,0.117,0.117,6000.0,0.0
08446.HK,2026-01-02,0.117,0.117,0.114,0.114,24000.0,0.0
08446.HK,2026-01-05,0.117,0.118,0.114,0.117,428000.0,0.0
08446.HK,2026-01-06,0.119,0.119,0.119,0.119,96000.0,0.0
08446.HK,2026-01-07,0.118,0.119,0.118,0.118,42000.0,0.0
08446.HK,2026-01-08,0.118,0.118,0.112,0.114,540000.0,0.0
08446.HK,2026-01-09,0.114,0.116,0.112,0.112,246000.0,0.0
08446.HK,2026-01-12,0.111,0.115,0.111,0.115,482000.0,0.0
08446.HK,2026-01-13,0.117,0.118,0.117,0.118,182000.0,0.0
08446.HK,2026-01-14,0.121,0.121,0.12,0.12,62000.0,0.0
08446.HK,2026-01-15,0.118,0.118,0.116,0.116,98000.0,0.0
08446.HK,2026-01-16,0.116,0.118,0.114,0.116,218000.0,0.0
08446.HK,2026-01-19,0.117,0.117,0.116,0.116,78000.0,0.0
08446.HK,2026-01-20,0.117,0.124,0.117,0.124,1662000.0,0.0
08446.HK,2026-01-21,0.126,0.14,0.126,0.138,2030000.0,0.0
08446.HK,2026-01-22,0.137,0.139,0.131,0.135,1822000.0,0.0
08446.HK,2026-01-23,0.134,0.134,0.134,0.134,2000.0,0.0
08446.HK,2026-01-26,0.126,0.129,0.118,0.119,1028000.0,0.0
08446.HK,2026-01-27,0.12,0.127,0.12,0.126,208000.0,0.0
08446.HK,2026-01-28,0.126,0.126,0.125,0.125,6000.0,0.0
08446.HK,2026-01-29,0.123,0.123,0.121,0.123,652000.0,0.0
08446.HK,2026-01-30,0.129,0.129,0.127,0.127,42000.0,0.0
08446.HK,2026-02-02,0.123,0.127,0.123,0.126,136000.0,0.0
08446.HK,2026-02-03,0.126,0.13,0.126,0.13,1096000.0,0.0
08446.HK,2026-02-04,0.125,0.129,0.125,0.129,10000.0,0.0
08446.HK,2026-02-05,0.129,0.13,0.129,0.13,4000.0,0.0
08446.HK,2026-02-06,0.13,0.13,0.129,0.129,108000.0,0.0
08446.HK,2026-02-09,0.129,0.13,0.129,0.13,156000.0,0.0
08446.HK,2026-02-10,0.129,0.129,0.128,0.128,6000.0,0.0
08446.HK,2026-02-11,0.13,0.13,0.129,0.129,22000.0,0.0
08446.HK,2026-02-12,0.129,0.13,0.12,0.12,520000.0,0.0
08446.HK,2026-02-13,0.12,0.13,0.12,0.127,212000.0,0.0
08446.HK,2026-02-16,0.123,0.13,0.123,0.13,106000.0,0.0
08446.HK,2026-02-20,0.13,0.132,0.13,0.132,8000.0,0.0
08446.HK,2026-02-23,0.132,0.132,0.126,0.131,66000.0,0.0
08446.HK,2026-02-24,0.131,0.131,0.131,0.131,50000.0,0.0
08446.HK,2026-02-25,0.128,0.128,0.127,0.128,10000.0,0.0
08446.HK,2026-02-26,0.132,0.133,0.125,0.125,188000.0,0.0
08446.HK,2026-02-27,0.121,0.13,0.121,0.13,188000.0,0.0
08446.HK,2026-03-02,0.126,0.127,0.126,0.127,676000.0,0.0
08446.HK,2026-03-03,0.121,0.125,0.12,0.122,206000.0,0.0
08446.HK,2026-03-04,0.118,0.121,0.115,0.118,268000.0,0.0
08446.HK,2026-03-05,0.115,0.118,0.113,0.113,744000.0,0.0
08446.HK,2026-03-06,0.114,0.118,0.114,0.118,386000.0,0.0
08446.HK,2026-03-09,0.114,0.115,0.113,0.113,362000.0,0.0
08446.HK,2026-03-10,0.114,0.114,0.109,0.114,868000.0,0.0
08446.HK,2026-03-11,0.114,0.12,0.114,0.115,386000.0,0.0
08446.HK,2026-03-12,0.114,0.114,0.113,0.113,202000.0,0.0
08446.HK,2026-03-13,0.112,0.114,0.112,0.114,54000.0,0.0
08446.HK,2026-03-16,0.112,0.12,0.11,0.119,86000.0,0.0
08446.HK,2026-03-17,0.118,0.118,0.108,0.112,964000.0,0.0
08446.HK,2026-03-18,0.111,0.111,0.108,0.11,1654000.0,0.0
08446.HK,2026-03-19,0.11,0.11,0.108,0.109,336000.0,0.0
08446.HK,2026-03-20,0.109,0.111,0.109,0.11,306000.0,0.0
08446.HK,2026-03-23,0.11,0.11,0.106,0.108,246000.0,0.0
08446.HK,2026-03-24,0.108,0.112,0.108,0.111,286000.0,0.0
08446.HK,2026-03-25,0.111,0.114,0.108,0.111,290000.0,0.0
08446.HK,2026-03-26,0.112,0.112,0.108,0.108,136000.0,0.0
08446.HK,2026-03-27,0.108,0.108,0.108,0.108,0.0,0.0
08446.HK,2026-03-30,0.106,0.106,0.106,0.106,208000.0,0.0
08446.HK,2026-03-31,0.105,0.109,0.103,0.103,1118000.0,0.0
08446.HK,2026-04-01,0.103,0.106,0.101,0.104,378000.0,0.0
08446.HK,2026-04-02,0.104,0.104,0.102,0.103,1096000.0,0.0
08446.HK,2026-04-08,0.103,0.103,0.1,0.103,696000.0,0.0
08446.HK,2026-04-09,0.104,0.104,0.103,0.103,158000.0,0.0
08446.HK,2026-04-10,0.103,0.103,0.103,0.103,196000.0,0.0
08446.HK,2026-04-13,0.103,0.103,0.103,0.103,0.0,0.0
08446.HK,2026-04-14,0.101,0.102,0.101,0.101,646000.0,0.0
08446.HK,2026-04-15,0.101,0.104,0.101,0.104,202000.0,0.0
08446.HK,2026-04-16,0.105,0.106,0.101,0.106,312000.0,0.0
08446.HK,2026-04-17,0.105,0.105,0.105,0.105,2000.0,0.0
08446.HK,2026-04-20,0.105,0.105,0.104,0.104,4000.0,0.0
08446.HK,2026-04-21,0.104,0.104,0.103,0.103,70000.0,0.0
08446.HK,2026-04-22,0.103,0.103,0.101,0.102,2052000.0,0.0
08446.HK,2026-04-23,0.101,0.101,0.1,0.1,194000.0,0.0
08446.HK,2026-04-24,0.1,0.101,0.1,0.101,280000.0,0.0
08446.HK,2026-04-27,0.099,0.099,0.099,0.099,90000.0,0.0
08446.HK,2026-04-28,0.099,0.104,0.098,0.102,698000.0,0.0
08446.HK,2026-04-29,0.101,0.101,0.101,0.101,80000.0,0.0
08446.HK,2026-04-30,0.098,0.098,0.09,0.093,876000.0,0.0
08446.HK,2026-05-04,0.093,0.094,0.092,0.094,146000.0,0.0
08446.HK,2026-05-05,0.095,0.1,0.095,0.097,406000.0,0.0
08446.HK,2026-05-06,0.096,0.105,0.096,0.105,432000.0,0.0
08446.HK,2026-05-07,0.103,0.126,0.099,0.121,1874000.0,0.0
08446.HK,2026-05-08,0.121,0.125,0.111,0.12,1170000.0,0.0
08446.HK,2026-05-11,0.12,0.125,0.12,0.125,1354000.0,0.0
08446.HK,2026-05-12,0.128,0.129,0.124,0.124,488000.0,0.0
08446.HK,2026-05-13,0.123,0.123,0.116,0.119,296000.0,0.0
08446.HK,2026-05-14,0.118,0.118,0.116,0.118,462000.0,0.0
08446.HK,2026-05-15,0.108,0.11,0.1,0.108,3408000.0,0.0
08446.HK,2026-05-18,0.108,0.118,0.108,0.11,1070000.0,0.0
08446.HK,2026-05-19,0.11,0.118,0.11,0.117,2884000.0,0.0
08446.HK,2026-05-20,0.117,0.117,0.113,0.115,718000.0,82302.0
08446.HK,2026-05-21,0.11,0.12,0.108,0.111,1502000.0,0.0
08446.HK,2026-05-22,0.113,0.113,0.108,0.11,68000.0,0.0
08446.HK,2026-05-26,0.11,0.11,0.108,0.11,226000.0,0.0
08446.HK,2026-05-27,0.11,0.111,0.11,0.11,302000.0,0.0
08446.HK,2026-05-28,0.112,0.112,0.112,0.112,116000.0,0.0
08446.HK,2026-05-29,0.112,0.113,0.112,0.113,80000.0,9026.0
08446.HK,2026-06-01,0.108,0.113,0.108,0.113,454000.0,0.0
08446.HK,2026-06-02,0.113,0.113,0.113,0.113,174000.0,0.0
08446.HK,2026-06-03,0.113,0.113,0.108,0.109,594000.0,0.0
