symbol,datetime,open,high,low,close,volume,amount
300197.SZ,2011-03-29,78.03,81.3,75.16,77.65,104257.6,825112.91
300197.SZ,2011-03-30,78.0,78.0,71.35,72.0,35266.59,261082.43
300197.SZ,2011-03-31,72.99,77.77,72.01,75.97,18085.61,135463.24
300197.SZ,2011-04-01,74.9,75.67,72.28,74.0,13848.59,101941.68
300197.SZ,2011-04-06,73.5,75.54,72.3,74.5,10175.73,74935.48
300197.SZ,2011-04-07,73.5,74.6,71.51,72.1,8225.43,59877.24
300197.SZ,2011-04-08,71.85,72.86,70.3,72.16,5934.35,42483.94
300197.SZ,2011-04-11,71.66,73.19,71.0,71.0,5596.87,40308.12
300197.SZ,2011-04-12,70.22,70.6,68.76,69.09,9978.38,69450.6
300197.SZ,2011-04-13,69.1,70.69,68.4,70.23,4156.48,28995.89
300197.SZ,2011-04-14,69.98,70.17,66.33,67.0,13357.52,90953.28
300197.SZ,2011-04-15,67.0,67.67,66.28,67.18,5935.4,39656.45
300197.SZ,2011-04-18,67.15,71.7,66.63,70.4,14854.79,102370.35
300197.SZ,2011-04-19,70.0,74.49,69.55,73.72,13648.78,98948.66
300197.SZ,2011-04-20,73.13,75.4,73.0,73.3,16018.58,118453.01
300197.SZ,2011-04-21,73.05,75.25,71.78,74.7,5653.64,41796.14
300197.SZ,2011-04-22,74.55,75.1,72.99,73.65,4801.27,35627.02
300197.SZ,2011-04-25,73.23,76.87,72.61,76.0,6580.15,49354.54
300197.SZ,2011-04-26,75.79,77.2,74.53,74.99,3926.27,29732.15
300197.SZ,2011-04-27,74.9,74.9,72.01,73.0,3875.93,28388.2
300197.SZ,2011-04-28,72.11,74.2,72.1,72.5,3631.19,26451.32
300197.SZ,2011-04-29,72.3,73.97,72.22,72.98,1735.64,12667.36
300197.SZ,2011-05-03,72.95,75.77,72.8,75.15,2876.73,21476.42
300197.SZ,2011-05-04,75.5,75.5,69.5,69.81,3725.5,26952.43
300197.SZ,2011-05-05,69.0,70.7,68.39,70.27,2530.91,17650.51
300197.SZ,2011-05-06,70.28,70.28,68.45,69.4,2041.07,14144.91
300197.SZ,2011-05-09,69.39,71.49,69.35,69.99,2078.84,14687.8
300197.SZ,2011-05-10,70.1,70.1,68.7,69.42,944.82,6557.83
300197.SZ,2011-05-11,68.75,69.56,67.65,69.56,1871.46,12830.39
300197.SZ,2011-05-12,67.78,70.45,67.78,69.0,3105.3,21538.26
300197.SZ,2011-05-13,68.99,70.0,68.61,70.0,1590.12,11076.74
300197.SZ,2011-05-16,69.65,70.32,68.0,70.0,1826.55,12665.95
300197.SZ,2011-05-17,70.03,71.6,69.65,70.11,1707.03,12084.02
300197.SZ,2011-05-18,69.2,69.9,69.0,69.33,1514.12,10497.3
300197.SZ,2011-05-19,69.48,71.2,68.56,69.33,1431.61,10014.6
300197.SZ,2011-05-20,69.02,69.25,66.2,66.8,8066.65,54352.59
300197.SZ,2011-05-24,64.03,67.12,62.14,65.88,5074.63,32536.81
300197.SZ,2011-05-25,65.2,66.88,64.56,66.7,1566.59,10330.61
300197.SZ,2011-05-26,66.02,66.69,65.03,65.03,751.52,4956.91
300197.SZ,2011-05-27,65.2,65.2,63.0,63.59,1143.66,7340.22
300197.SZ,2011-05-30,63.0,64.35,62.8,63.68,950.74,6052.37
300197.SZ,2011-05-31,63.8,64.5,63.16,64.2,483.19,3079.43
300197.SZ,2011-06-01,64.0,64.98,63.2,64.29,1955.34,12553.5
300197.SZ,2011-06-02,63.98,63.98,62.31,62.71,1455.65,9170.78
300197.SZ,2011-06-03,63.1,64.3,63.0,63.65,1509.35,9646.89
300197.SZ,2011-06-07,63.2,63.9,63.2,63.69,1937.21,12338.0
300197.SZ,2011-06-08,63.24,63.82,63.24,63.7,919.0,5841.34
300197.SZ,2011-06-09,63.7,63.8,62.35,62.4,1861.5,11755.61
300197.SZ,2011-06-10,62.4,62.75,59.8,61.61,6716.45,40591.62
300197.SZ,2011-06-13,60.52,60.55,58.8,60.0,3187.18,18936.54
300197.SZ,2011-06-14,60.0,62.97,59.58,60.3,2600.2,15870.7
300197.SZ,2011-06-15,60.12,61.47,59.8,61.0,1725.27,10508.61
300197.SZ,2011-06-16,60.12,60.69,59.21,60.19,626.58,3770.2
300197.SZ,2011-06-17,60.12,61.46,60.12,60.6,742.17,4521.96
300197.SZ,2011-06-20,60.55,62.48,60.55,61.98,1373.73,8500.29
300197.SZ,2011-06-21,62.43,62.43,61.11,62.01,695.36,4297.42
300197.SZ,2011-06-22,62.08,62.35,61.5,61.5,1155.78,7125.93
300197.SZ,2011-06-23,61.9,63.3,61.0,63.02,972.67,6062.32
300197.SZ,2011-06-24,62.52,64.01,62.3,63.99,1145.42,7280.32
300197.SZ,2011-06-27,64.7,69.84,64.7,67.98,3475.26,23523.69
300197.SZ,2011-06-28,67.69,68.48,67.02,68.0,1511.66,10248.31
300197.SZ,2011-06-29,67.98,68.2,66.13,66.26,6883.0,46648.84
300197.SZ,2011-06-30,66.2,67.39,65.32,66.5,1887.42,12479.47
300197.SZ,2011-07-01,66.2,68.97,66.2,67.0,1939.43,13127.45
300197.SZ,2011-07-04,67.98,71.0,67.7,70.0,4993.21,34330.98
300197.SZ,2011-07-05,69.55,77.0,69.55,74.49,5839.93,43225.05
300197.SZ,2011-07-06,73.5,75.99,73.5,75.5,2965.86,22234.1
300197.SZ,2011-07-07,75.51,83.05,75.5,81.8,10619.31,85982.01
300197.SZ,2011-07-08,81.01,84.5,79.02,83.57,5913.13,48169.34
300197.SZ,2011-07-12,83.0,84.8,82.14,82.58,5259.94,43956.51
300197.SZ,2011-07-13,81.81,87.78,81.65,87.65,5852.65,49679.35
300197.SZ,2011-07-14,88.0,94.95,87.6,94.58,8308.42,76719.03
300197.SZ,2011-07-15,94.5,96.33,91.76,94.0,6293.51,59346.58
300197.SZ,2011-07-18,93.69,95.0,91.55,92.73,4514.23,41816.49
300197.SZ,2011-07-19,92.67,93.39,90.11,91.0,6484.76,59220.19
300197.SZ,2011-07-20,91.46,92.0,88.5,90.4,5460.61,49011.32
300197.SZ,2011-07-21,90.0,97.97,89.82,93.96,10085.4,94804.46
300197.SZ,2011-07-22,92.37,97.5,92.3,92.98,6921.64,65510.64
300197.SZ,2011-07-25,91.68,97.4,90.4,96.0,7583.09,71463.64
300197.SZ,2011-07-26,95.28,105.6,94.98,105.6,10118.33,104607.26
300197.SZ,2011-07-27,106.0,114.9,103.88,110.42,10846.19,117739.76
300197.SZ,2011-07-28,109.1,110.68,104.12,108.5,8609.09,91956.51
300197.SZ,2011-07-29,109.98,115.5,108.0,108.2,7552.38,84488.05
300197.SZ,2011-08-01,105.04,114.3,105.04,112.51,5282.01,58604.34
300197.SZ,2011-08-02,111.5,115.58,111.25,113.41,3732.8,42313.7
300197.SZ,2011-08-03,110.1,116.0,106.6,108.88,5832.53,64890.9
300197.SZ,2011-08-04,107.24,119.77,107.24,119.77,6273.97,71595.46
300197.SZ,2011-08-05,117.02,127.3,116.01,119.8,10768.38,130413.02
300197.SZ,2011-08-09,107.82,119.27,107.82,116.65,11752.94,129699.28
300197.SZ,2011-08-10,116.98,122.0,115.01,116.01,6660.82,78825.7
300197.SZ,2011-08-11,114.58,116.8,109.15,113.5,6704.32,75827.28
300197.SZ,2011-08-12,113.28,115.99,111.59,113.51,4394.54,49943.38
300197.SZ,2011-08-15,115.6,118.5,113.7,114.97,6579.15,76247.94
300197.SZ,2011-08-16,114.97,114.97,111.0,113.35,4750.34,53622.63
300197.SZ,2011-08-17,112.89,115.71,112.86,115.0,4702.29,53799.07
300197.SZ,2011-08-18,115.0,115.78,110.97,111.0,3620.87,40701.75
300197.SZ,2011-08-19,109.06,109.95,105.13,108.79,3843.41,41406.8
300197.SZ,2011-08-22,107.99,109.79,103.81,104.38,5521.21,58838.55
300197.SZ,2011-08-23,105.0,106.66,103.3,106.66,6084.13,64005.32
300197.SZ,2011-08-24,107.0,115.96,106.77,114.44,7482.47,82580.06
300197.SZ,2011-08-25,113.4,116.39,110.01,113.99,6459.45,73150.83
300197.SZ,2011-08-26,113.5,118.97,113.0,117.58,4522.19,52755.1
300197.SZ,2011-08-29,118.01,118.88,113.75,115.3,3756.61,43459.36
300197.SZ,2011-08-30,115.78,116.57,113.29,113.3,2378.3,27312.87
300197.SZ,2011-08-31,112.36,113.39,107.0,109.05,4728.0,51655.53
300197.SZ,2011-09-01,109.8,114.49,108.0,109.9,3151.32,35178.52
300197.SZ,2011-09-02,110.18,110.24,108.0,108.98,3004.41,32769.35
300197.SZ,2011-09-05,107.46,113.0,106.0,108.5,1836.33,19934.88
300197.SZ,2011-09-06,107.98,108.99,106.35,107.79,2493.08,26708.69
300197.SZ,2011-09-07,107.78,109.98,107.2,109.98,2212.08,24006.3
300197.SZ,2011-09-08,110.01,113.0,110.0,110.0,3306.23,36835.88
300197.SZ,2011-09-09,109.0,109.5,105.0,105.0,2362.6,25392.52
300197.SZ,2011-09-13,103.0,109.0,99.94,103.6,3662.05,37837.0
300197.SZ,2011-09-14,102.89,104.69,101.5,104.3,1018.03,10519.18
300197.SZ,2011-09-15,103.6,106.3,103.0,103.57,1522.35,15937.73
300197.SZ,2011-09-16,103.03,108.55,103.0,106.11,2180.93,23203.94
300197.SZ,2011-09-20,105.0,105.0,99.86,100.0,3577.65,36453.34
300197.SZ,2011-09-21,100.73,104.2,99.01,103.3,3697.29,37611.72
300197.SZ,2011-09-22,102.5,107.88,102.03,103.3,5785.79,60933.2
300197.SZ,2011-09-23,102.07,110.1,100.72,110.03,10904.72,117010.86
300197.SZ,2011-09-26,56.8,56.96,53.36,54.66,11771.78,64541.55
300197.SZ,2011-09-27,54.1,59.99,54.1,55.45,18393.01,104925.13
300197.SZ,2011-09-28,54.1,55.74,52.21,52.4,10740.2,57246.15
300197.SZ,2011-09-29,51.06,51.9,47.17,47.5,14676.24,71527.73
300197.SZ,2011-09-30,47.55,48.68,47.0,48.12,9717.16,46587.72
300197.SZ,2011-10-10,47.5,48.95,45.8,46.0,5832.42,27360.77
300197.SZ,2011-10-11,46.53,49.0,44.29,49.0,13027.81,60752.1
300197.SZ,2011-10-13,50.0,53.18,49.99,53.1,14736.02,75350.55
300197.SZ,2011-10-14,52.51,53.78,50.98,53.02,8121.14,42392.14
300197.SZ,2011-10-17,52.97,55.6,52.0,55.3,8029.04,43669.59
300197.SZ,2011-10-18,54.34,55.29,52.0,52.39,7577.16,40585.26
300197.SZ,2011-10-19,52.4,55.6,52.4,54.0,7734.44,41890.31
300197.SZ,2011-10-20,53.99,54.33,51.2,53.0,5698.77,29859.99
300197.SZ,2011-10-21,52.3,54.62,52.18,52.4,5359.44,28610.49
300197.SZ,2011-10-24,52.5,52.8,49.0,52.7,7460.07,38210.9
300197.SZ,2011-10-25,52.03,54.77,52.02,53.39,7712.96,41324.23
300197.SZ,2011-10-26,52.5,54.2,52.5,52.68,6845.01,36414.44
300197.SZ,2011-10-27,52.6,55.33,52.6,53.51,8608.09,46563.9
300197.SZ,2011-10-28,54.99,55.5,53.09,55.1,12050.58,65941.51
300197.SZ,2011-10-31,55.06,57.75,54.96,56.99,11305.81,64034.12
300197.SZ,2011-11-01,56.0,58.48,55.8,57.52,10242.75,58401.9
300197.SZ,2011-11-02,56.76,58.52,55.5,58.45,11271.46,64810.21
300197.SZ,2011-11-03,58.45,59.17,56.65,56.65,15486.21,89665.34
300197.SZ,2011-11-04,56.5,60.0,56.5,58.92,16274.94,95698.15
300197.SZ,2011-11-07,58.22,61.6,58.22,59.0,12531.81,75147.14
300197.SZ,2011-11-08,58.6,61.2,58.52,59.32,8497.42,50874.55
300197.SZ,2011-11-09,59.08,60.65,57.6,59.68,10383.71,61147.09
300197.SZ,2011-11-10,58.7,60.6,58.22,58.59,10717.16,63654.17
300197.SZ,2011-11-11,58.3,59.29,57.15,57.32,7931.17,46022.49
300197.SZ,2011-11-14,57.51,59.98,57.51,59.98,11034.51,64954.1
300197.SZ,2011-11-15,59.79,60.79,58.89,59.88,6699.13,39968.82
300197.SZ,2011-11-16,59.78,60.2,57.78,58.19,7188.34,42164.68
300197.SZ,2011-11-17,58.4,59.79,58.0,58.51,6373.83,37594.03
300197.SZ,2011-11-18,58.3,58.8,56.01,57.3,7540.88,43110.92
300197.SZ,2011-11-21,56.6,57.27,54.8,55.45,5407.06,30055.54
300197.SZ,2011-11-22,55.39,55.45,53.5,54.68,5352.96,29067.93
300197.SZ,2011-11-23,54.7,55.83,54.21,54.31,3375.22,18560.27
300197.SZ,2011-11-24,54.0,56.68,53.4,56.5,4919.57,27036.49
300197.SZ,2011-11-25,55.9,56.91,55.21,55.31,3926.55,21954.13
300197.SZ,2011-11-28,55.06,56.38,54.6,55.2,2691.11,14854.11
300197.SZ,2011-11-29,56.14,56.4,55.0,56.0,3973.93,22169.57
300197.SZ,2011-11-30,56.3,56.3,50.66,52.3,7561.57,39756.67
300197.SZ,2011-12-01,53.93,55.38,52.42,53.67,6835.88,36995.24
300197.SZ,2011-12-02,53.1,53.58,51.7,52.0,3871.7,20307.03
300197.SZ,2011-12-05,51.89,52.0,48.8,48.82,5160.1,25683.82
300197.SZ,2011-12-06,48.82,49.63,47.61,49.36,2064.76,10109.42
300197.SZ,2011-12-07,48.98,49.95,48.7,49.25,2016.29,9945.37
300197.SZ,2011-12-08,49.3,49.9,48.36,49.45,3724.8,18384.7
300197.SZ,2011-12-09,48.6,51.0,48.6,50.0,6446.02,32291.31
300197.SZ,2011-12-12,50.3,50.5,49.3,49.4,2166.09,10787.94
300197.SZ,2011-12-13,49.3,49.3,46.77,47.9,3674.11,17474.83
300197.SZ,2011-12-14,47.08,48.58,46.01,46.08,3183.48,14910.12
300197.SZ,2011-12-15,45.97,47.18,45.01,45.1,2648.65,12165.97
300197.SZ,2011-12-16,45.0,47.1,44.8,46.68,3569.31,16372.95
300197.SZ,2011-12-19,46.52,46.76,45.21,46.06,4323.93,19800.95
300197.SZ,2011-12-20,46.3,46.8,45.88,46.05,2825.47,13070.94
300197.SZ,2011-12-21,46.22,49.5,46.09,48.25,10536.05,50994.07
300197.SZ,2011-12-22,47.84,48.78,46.1,47.99,7415.89,35210.82
300197.SZ,2011-12-23,47.33,49.48,47.3,48.54,5452.56,26625.06
300197.SZ,2011-12-26,50.0,50.0,46.29,47.0,7804.64,37652.22
300197.SZ,2011-12-27,46.5,46.5,45.0,45.5,3987.66,18238.33
300197.SZ,2011-12-28,45.0,45.58,43.02,43.78,4484.27,19665.35
300197.SZ,2011-12-29,43.76,43.76,41.47,41.48,7300.94,31024.69
300197.SZ,2011-12-30,41.6,42.28,41.2,41.6,5731.7,23856.24
300197.SZ,2012-01-04,41.8,43.1,41.69,41.69,4836.06,20418.43
300197.SZ,2012-01-05,40.01,40.79,37.8,38.0,6346.19,24659.05
300197.SZ,2012-01-06,38.3,39.49,36.39,38.83,4152.37,15728.01
300197.SZ,2012-01-09,38.81,40.45,37.52,40.45,3665.05,14437.85
300197.SZ,2012-01-10,40.45,42.44,40.0,41.9,4160.42,17307.98
300197.SZ,2012-01-11,42.33,43.0,41.2,41.89,3688.47,15527.45
300197.SZ,2012-01-12,41.9,42.5,40.89,41.0,3472.62,14410.55
300197.SZ,2012-01-13,41.5,41.5,39.0,39.38,4425.97,17509.76
300197.SZ,2012-01-17,37.66,41.0,36.5,39.88,7704.44,29983.64
300197.SZ,2012-01-18,40.85,41.0,37.69,37.7,6252.57,24353.15
300197.SZ,2012-01-19,37.05,38.6,37.02,37.7,3689.28,13937.1
300197.SZ,2012-01-20,38.0,38.78,38.0,38.56,5967.7,22878.38
300197.SZ,2012-01-30,38.7,39.02,38.26,38.26,5411.31,20923.02
300197.SZ,2012-01-31,37.98,38.6,37.51,37.98,3233.27,12255.08
300197.SZ,2012-02-01,38.0,38.88,37.71,38.08,5283.69,20282.46
300197.SZ,2012-02-02,38.31,38.69,38.05,38.58,5833.45,22421.62
300197.SZ,2012-02-03,38.6,40.5,38.3,40.1,10237.45,40480.11
300197.SZ,2012-02-06,40.29,41.49,39.8,40.83,11921.15,48718.76
300197.SZ,2012-02-07,40.78,40.83,39.38,39.43,8959.54,35727.38
300197.SZ,2012-02-08,38.84,40.99,38.84,40.52,10095.92,40668.69
300197.SZ,2012-02-09,40.31,41.8,40.12,41.4,11392.18,46979.21
300197.SZ,2012-02-10,41.36,42.85,40.52,42.16,8774.92,36728.96
300197.SZ,2012-02-13,41.69,43.38,41.4,43.0,7855.49,33423.9
300197.SZ,2012-02-14,43.44,43.84,42.6,43.05,5299.81,22836.86
300197.SZ,2012-02-15,42.75,43.56,42.21,43.29,7526.53,32424.65
300197.SZ,2012-02-16,43.29,44.5,42.64,42.96,4874.09,21132.29
300197.SZ,2012-02-17,43.39,43.39,42.1,42.6,3971.02,16908.94
300197.SZ,2012-02-20,43.0,43.99,42.6,43.28,6825.2,29412.58
300197.SZ,2012-02-21,43.22,43.9,42.75,43.9,6358.7,27592.38
300197.SZ,2012-02-22,43.9,46.98,43.07,46.45,12388.62,56433.59
300197.SZ,2012-02-23,46.88,49.52,46.05,47.9,13865.03,66539.36
300197.SZ,2012-02-24,47.9,48.98,47.31,47.9,14718.44,70844.81
300197.SZ,2012-02-27,47.9,48.77,46.88,46.95,13926.17,66129.47
300197.SZ,2012-02-28,46.5,47.6,46.12,47.0,9792.83,46055.58
300197.SZ,2012-02-29,46.85,47.5,46.5,46.69,7091.03,33323.34
300197.SZ,2012-03-01,46.6,47.83,46.0,47.01,7258.09,34334.4
300197.SZ,2012-03-02,47.48,47.79,47.16,47.6,8335.76,39595.3
300197.SZ,2012-03-05,48.05,49.25,48.05,48.58,11131.28,54011.61
300197.SZ,2012-03-06,48.58,48.58,46.75,47.0,9617.94,45500.77
300197.SZ,2012-03-07,47.5,48.48,46.9,47.0,10633.73,50763.9
300197.SZ,2012-03-08,47.2,47.8,46.58,47.06,8375.44,39658.61
300197.SZ,2012-03-09,47.28,48.28,47.07,47.97,8694.12,41437.52
300197.SZ,2012-03-12,47.97,49.52,47.6,49.13,15540.39,75994.07
300197.SZ,2012-03-13,49.09,49.13,47.6,48.58,14843.39,71533.81
300197.SZ,2012-03-14,48.51,49.93,44.0,46.13,19833.55,96019.68
300197.SZ,2012-03-15,45.9,46.75,43.77,44.6,11797.37,53168.39
300197.SZ,2012-03-16,44.3,45.68,43.89,45.15,11079.65,49570.67
300197.SZ,2012-03-19,45.2,45.62,44.78,45.58,7672.69,34649.54
300197.SZ,2012-03-20,45.58,45.58,44.0,44.0,6480.68,28735.15
300197.SZ,2012-03-21,44.1,44.65,42.5,43.4,7858.02,34168.43
300197.SZ,2012-03-22,43.5,43.85,42.5,43.41,5917.38,25525.38
300197.SZ,2012-03-23,43.1,43.3,41.8,41.91,6352.27,26963.13
300197.SZ,2012-03-26,41.8,42.7,41.7,41.89,5137.14,21689.03
300197.SZ,2012-03-27,42.3,42.95,42.1,42.3,5281.79,22481.46
300197.SZ,2012-03-28,42.3,43.35,41.13,41.15,7736.17,32708.49
300197.SZ,2012-03-29,41.0,41.39,40.01,40.81,6688.91,27241.07
300197.SZ,2012-03-30,40.5,41.19,40.2,40.9,5958.18,24267.39
300197.SZ,2012-04-05,40.45,42.24,40.45,42.17,5840.49,24460.37
300197.SZ,2012-04-06,42.0,43.1,41.88,42.63,6189.44,26329.16
300197.SZ,2012-04-10,41.99,42.39,40.45,41.99,7234.98,29869.46
300197.SZ,2012-04-11,41.98,42.7,41.3,41.55,11282.23,47316.35
300197.SZ,2012-04-12,41.7,41.97,41.0,41.62,8879.77,36920.49
300197.SZ,2012-04-13,41.65,43.06,41.65,42.9,9644.08,41039.8
300197.SZ,2012-04-16,42.65,44.2,42.2,43.68,7782.65,33848.96
300197.SZ,2012-04-17,43.7,43.89,43.09,43.09,4988.34,21694.02
300197.SZ,2012-04-18,43.2,44.26,43.16,43.9,8909.07,39100.02
300197.SZ,2012-04-19,43.7,44.68,43.69,43.9,3651.13,16125.87
300197.SZ,2012-04-20,43.61,44.09,43.5,43.85,3421.47,14961.0
300197.SZ,2012-04-23,43.5,43.79,42.01,42.15,9065.16,38848.13
300197.SZ,2012-04-24,42.17,42.8,40.3,41.39,6049.35,24997.34
300197.SZ,2012-04-25,41.0,41.84,40.46,41.5,5448.52,22252.35
300197.SZ,2012-04-26,41.39,42.23,41.0,41.68,4211.43,17576.32
300197.SZ,2012-04-27,41.68,42.15,41.3,41.8,3764.68,15724.98
300197.SZ,2012-05-02,42.2,43.42,42.02,43.11,5684.68,24488.25
300197.SZ,2012-05-03,23.58,23.99,23.3,23.52,9295.41,21991.18
300197.SZ,2012-05-04,23.41,24.45,23.3,23.9,10589.0,25433.65
300197.SZ,2012-05-07,23.6,26.29,23.5,25.9,29051.55,73570.48
300197.SZ,2012-05-08,25.5,27.14,25.48,25.75,39423.91,104521.91
300197.SZ,2012-05-09,25.39,26.34,24.88,25.22,21110.8,53705.52
300197.SZ,2012-05-10,25.22,25.49,24.7,24.88,12708.85,31850.2
300197.SZ,2012-05-11,24.88,25.52,24.8,24.8,11307.89,28358.04
300197.SZ,2012-05-14,24.9,25.18,24.55,24.8,12879.57,32033.53
300197.SZ,2012-05-15,24.78,25.48,24.61,25.18,12055.16,30292.17
300197.SZ,2012-05-16,25.12,25.35,24.28,24.3,12925.48,31866.89
300197.SZ,2012-05-17,24.16,24.34,23.36,23.95,13663.45,32509.03
300197.SZ,2012-05-18,23.83,24.05,23.52,23.61,6970.84,16551.03
300197.SZ,2012-05-21,23.61,23.96,23.21,23.67,6174.93,14632.53
300197.SZ,2012-05-22,23.67,24.23,23.67,24.06,6446.65,15506.21
300197.SZ,2012-05-23,23.82,24.29,23.82,24.03,5915.7,14240.46
300197.SZ,2012-05-24,23.85,24.46,23.85,24.11,8511.97,20598.65
300197.SZ,2012-05-25,24.17,24.73,24.01,24.24,10179.86,24749.75
300197.SZ,2012-05-28,24.32,25.87,24.2,25.59,30341.02,76475.09
300197.SZ,2012-05-29,25.5,26.94,25.46,26.22,31467.87,82683.37
300197.SZ,2012-05-30,26.5,28.5,26.41,27.74,49339.58,134944.26
300197.SZ,2012-05-31,27.59,28.1,27.22,27.53,22327.85,61608.69
300197.SZ,2012-06-01,28.0,29.0,26.99,27.23,36985.08,104148.39
300197.SZ,2012-06-04,26.8,28.59,26.11,27.45,31716.97,87812.09
300197.SZ,2012-06-05,27.01,28.73,27.01,28.7,37493.28,106095.92
300197.SZ,2012-06-06,29.01,29.27,28.14,28.42,20455.07,58414.96
300197.SZ,2012-06-07,29.0,29.28,28.5,28.7,21768.46,62727.72
300197.SZ,2012-06-08,28.82,29.46,28.45,29.4,22741.17,66139.57
300197.SZ,2012-06-11,30.02,30.83,29.59,30.67,33678.78,102331.23
300197.SZ,2012-06-12,30.05,31.05,29.8,29.9,33590.49,102020.21
300197.SZ,2012-06-13,30.0,30.15,29.13,29.88,29074.0,86316.89
300197.SZ,2012-06-14,29.8,30.9,29.61,30.85,37567.53,114937.6
300197.SZ,2012-06-15,30.85,30.96,29.83,30.31,23705.5,71574.56
300197.SZ,2012-06-18,30.27,31.17,29.86,30.73,21952.66,67145.76
300197.SZ,2012-06-19,30.62,30.62,29.5,30.1,23196.31,69395.47
300197.SZ,2012-06-20,30.18,30.69,29.6,29.67,16458.72,49641.52
300197.SZ,2012-06-21,29.45,29.7,28.84,29.25,20593.89,60113.42
300197.SZ,2012-06-25,29.17,29.7,29.1,29.33,12756.64,37612.97
300197.SZ,2012-06-26,29.01,29.36,28.01,29.25,10534.19,30287.26
300197.SZ,2012-06-27,28.8,29.87,28.62,29.55,8944.13,26483.91
300197.SZ,2012-06-28,29.55,30.28,29.14,29.18,16206.63,48623.5
300197.SZ,2012-06-29,29.18,29.68,28.52,29.65,7415.2,21578.28
300197.SZ,2012-07-02,29.86,31.58,29.58,31.39,25021.94,76849.92
300197.SZ,2012-07-03,31.39,31.58,30.82,31.28,10182.13,31872.92
300197.SZ,2012-07-04,31.28,31.43,30.49,30.62,7299.8,22568.16
300197.SZ,2012-07-05,30.88,30.89,29.71,29.96,6792.61,20433.85
300197.SZ,2012-07-06,30.0,31.14,30.0,30.85,10307.18,31546.55
300197.SZ,2012-07-09,30.46,32.78,30.23,32.0,22356.93,71815.33
300197.SZ,2012-07-10,31.78,32.38,31.32,32.3,15864.72,50746.17
300197.SZ,2012-07-11,32.19,32.19,31.1,31.79,9214.48,29137.15
300197.SZ,2012-07-12,31.59,33.55,31.22,33.0,17681.77,58382.29
300197.SZ,2012-07-13,33.16,33.97,32.5,33.38,12192.51,40315.23
300197.SZ,2012-07-16,33.58,34.3,32.1,32.49,10281.79,34076.24
300197.SZ,2012-07-17,33.4,33.6,31.32,31.82,9056.72,29281.43
300197.SZ,2012-07-18,31.83,31.99,30.0,31.29,10199.22,31697.35
300197.SZ,2012-07-19,31.28,32.5,30.71,32.36,7196.77,22836.32
300197.SZ,2012-07-20,31.7,32.98,31.18,32.2,6002.6,19408.11
300197.SZ,2012-07-23,31.55,32.2,31.33,31.61,5769.21,18268.11
300197.SZ,2012-07-24,31.3,31.8,30.78,31.45,5690.77,17864.38
300197.SZ,2012-07-25,31.34,31.99,30.58,30.71,5747.36,18012.21
300197.SZ,2012-07-26,30.5,31.7,30.1,31.0,13362.66,41499.24
300197.SZ,2012-07-27,31.0,31.44,30.07,30.5,10940.02,33357.88
300197.SZ,2012-07-30,30.5,30.9,30.23,30.3,7449.65,22745.27
300197.SZ,2012-07-31,30.21,30.54,29.4,29.98,5770.21,17302.19
300197.SZ,2012-08-01,30.0,31.24,30.0,30.55,3281.02,10084.35
300197.SZ,2012-08-02,30.6,31.1,30.41,30.69,6005.81,18450.48
300197.SZ,2012-08-03,30.97,31.7,30.54,31.6,6372.9,19844.68
300197.SZ,2012-08-06,31.3,32.85,31.1,32.7,12456.25,40544.01
300197.SZ,2012-08-07,32.79,33.23,32.5,33.14,11945.03,39370.07
300197.SZ,2012-08-08,33.02,33.19,32.25,32.52,5365.08,17490.39
300197.SZ,2012-08-09,32.33,33.95,32.21,33.73,9052.18,30142.49
300197.SZ,2012-08-10,33.8,34.58,33.55,34.1,7823.24,26700.3
300197.SZ,2012-08-13,34.09,34.2,33.1,33.26,15609.6,52535.66
300197.SZ,2012-08-14,33.2,34.08,32.4,34.05,13595.23,45179.15
300197.SZ,2012-08-15,34.3,34.79,33.96,34.26,6395.79,21952.26
300197.SZ,2012-08-16,34.25,34.38,33.45,33.7,5056.1,17081.61
300197.SZ,2012-08-17,33.65,33.8,33.09,33.35,5126.02,17141.91
300197.SZ,2012-08-20,33.0,33.94,33.0,33.9,4329.9,14486.21
300197.SZ,2012-08-21,34.28,35.0,33.61,34.92,8256.41,28498.81
300197.SZ,2012-08-22,34.98,35.36,34.46,34.6,4048.06,14146.01
300197.SZ,2012-08-23,34.43,34.73,33.8,34.33,5987.56,20517.9
300197.SZ,2012-08-24,34.28,34.28,32.81,33.78,6476.06,21574.25
300197.SZ,2012-08-27,33.77,33.77,32.61,32.7,6926.53,22760.66
300197.SZ,2012-08-28,32.58,32.99,31.25,32.0,14372.07,45872.97
300197.SZ,2012-08-29,31.97,32.32,31.65,31.9,10489.26,33589.67
300197.SZ,2012-08-30,31.7,32.31,30.11,30.36,10657.62,32873.67
300197.SZ,2012-08-31,30.36,30.68,30.07,30.54,2511.19,7636.75
300197.SZ,2012-09-03,30.54,31.8,30.38,31.78,8812.16,27713.15
300197.SZ,2012-09-04,31.86,32.15,30.93,31.0,5051.34,15940.46
300197.SZ,2012-09-05,31.0,31.99,30.9,31.65,3165.04,9980.83
300197.SZ,2012-09-06,31.66,32.5,31.56,31.99,5010.07,16033.6
300197.SZ,2012-09-07,32.47,34.36,32.1,33.91,12000.67,40063.2
300197.SZ,2012-09-10,34.26,34.5,33.46,33.79,9105.01,30701.94
300197.SZ,2012-09-11,33.46,34.23,33.25,34.16,6954.8,23384.56
300197.SZ,2012-09-12,34.16,34.93,34.05,34.5,11704.0,40247.34
300197.SZ,2012-09-13,34.18,34.87,33.5,33.64,11160.69,38307.2
300197.SZ,2012-09-14,33.8,34.16,32.57,32.8,13598.68,44732.72
300197.SZ,2012-09-17,32.31,32.96,31.1,31.4,7111.59,22762.05
300197.SZ,2012-09-18,31.4,31.99,31.02,31.99,5148.2,16172.56
300197.SZ,2012-09-19,31.99,32.66,31.22,32.49,5334.8,17039.43
300197.SZ,2012-09-20,32.42,32.88,31.08,31.7,5698.96,18183.81
300197.SZ,2012-09-21,31.3,31.65,30.74,31.3,7277.21,22607.12
300197.SZ,2012-09-24,31.4,31.4,30.21,30.65,9158.38,28024.17
300197.SZ,2012-09-25,30.25,30.95,30.2,30.27,4679.51,14256.46
300197.SZ,2012-09-26,30.6,30.66,29.6,29.97,4591.37,13734.98
300197.SZ,2012-09-27,30.22,31.45,30.0,31.39,8051.38,24555.62
300197.SZ,2012-09-28,31.01,32.42,31.01,32.05,7471.16,23870.05
300197.SZ,2012-10-08,32.1,32.9,31.98,32.26,6081.4,19712.17
300197.SZ,2012-10-09,32.3,33.3,32.29,33.12,8538.07,28196.87
300197.SZ,2012-10-10,33.19,33.8,33.1,33.41,5676.38,18953.11
300197.SZ,2012-10-11,33.33,33.33,32.71,32.79,4147.99,13661.68
300197.SZ,2012-10-12,32.49,33.15,32.49,32.88,2430.05,7971.37
300197.SZ,2012-10-15,33.85,33.85,32.22,32.41,7758.99,25289.67
300197.SZ,2012-10-16,32.05,32.99,32.05,32.2,3365.0,10970.99
300197.SZ,2012-10-17,32.27,32.8,32.21,32.49,3812.83,12398.48
300197.SZ,2012-10-18,32.55,33.29,32.33,33.09,4715.22,15574.07
300197.SZ,2012-10-19,32.83,33.2,32.66,32.96,1504.07,4934.73
300197.SZ,2012-10-22,32.6,33.45,32.6,33.37,4678.26,15489.24
300197.SZ,2012-10-23,33.41,33.99,32.4,32.72,8296.38,27237.33
300197.SZ,2012-10-24,32.5,32.75,32.22,32.46,1971.77,6393.35
300197.SZ,2012-10-25,32.5,32.57,30.91,31.37,5167.78,16571.95
300197.SZ,2012-10-26,31.06,31.94,30.0,31.26,5021.48,15472.3
300197.SZ,2012-10-29,31.0,31.26,30.33,30.99,3336.6,10264.82
300197.SZ,2012-10-30,30.94,31.36,30.61,31.02,7321.39,22670.1
300197.SZ,2012-10-31,30.91,31.87,30.85,31.84,6542.23,20459.81
300197.SZ,2012-11-01,31.93,32.0,31.5,31.66,13520.22,42892.55
300197.SZ,2012-11-02,31.66,31.75,30.91,31.38,6748.0,21098.17
300197.SZ,2012-11-05,31.18,31.51,30.5,30.8,3579.43,11067.11
300197.SZ,2012-11-06,30.8,30.89,30.18,30.3,5367.94,16323.87
300197.SZ,2012-11-07,30.3,30.9,30.1,30.6,4345.24,13252.83
300197.SZ,2012-11-08,30.38,30.63,29.5,29.5,3497.0,10519.17
300197.SZ,2012-11-09,29.49,30.32,29.23,29.99,8126.8,24247.08
300197.SZ,2012-11-12,31.5,32.99,30.77,31.6,30800.18,97361.31
300197.SZ,2012-11-13,31.59,33.97,31.01,31.28,28861.71,93273.22
300197.SZ,2012-11-14,30.43,30.95,29.0,29.99,24446.43,73067.52
300197.SZ,2012-11-15,29.6,30.7,29.15,29.5,11780.65,35276.57
300197.SZ,2012-11-16,29.2,29.82,29.1,29.26,5593.21,16416.55
300197.SZ,2012-11-19,29.44,29.99,29.12,29.95,8766.04,26033.6
300197.SZ,2012-11-20,29.86,29.93,29.04,29.04,9692.48,28447.76
300197.SZ,2012-11-21,29.32,29.35,27.52,28.74,9731.46,27674.39
300197.SZ,2012-11-22,28.38,28.86,28.02,28.5,4336.34,12383.54
300197.SZ,2012-11-23,29.45,29.92,28.66,28.79,14935.45,43379.78
300197.SZ,2012-11-26,28.21,28.6,28.02,28.28,4516.23,12760.8
300197.SZ,2012-11-27,27.68,28.0,26.62,26.62,20141.72,54318.18
300197.SZ,2012-11-28,26.68,26.9,26.3,26.79,8098.16,21536.97
300197.SZ,2012-11-29,26.78,27.1,26.3,26.49,5663.25,15233.73
300197.SZ,2012-11-30,26.43,27.19,26.42,26.96,4593.36,12337.6
300197.SZ,2012-12-03,26.98,27.4,26.61,26.61,4976.21,13406.69
300197.SZ,2012-12-04,26.01,26.88,25.28,26.4,5971.75,15458.44
300197.SZ,2012-12-05,26.11,27.95,26.11,27.5,10876.0,29819.62
300197.SZ,2012-12-06,27.51,27.88,27.29,27.76,5557.79,15353.84
300197.SZ,2012-12-07,27.57,29.02,27.57,28.57,9321.59,26418.49
300197.SZ,2012-12-10,28.98,29.25,28.5,29.1,14659.51,42335.81
300197.SZ,2012-12-11,29.06,29.06,28.4,28.53,8121.82,23246.01
300197.SZ,2012-12-12,28.45,28.81,28.3,28.67,5244.79,15005.69
300197.SZ,2012-12-13,28.69,28.79,28.0,28.41,3625.61,10329.33
300197.SZ,2012-12-14,28.41,29.85,28.3,29.67,14711.73,43278.98
300197.SZ,2012-12-17,29.55,30.12,29.37,29.83,11417.26,34028.7
300197.SZ,2012-12-18,29.69,29.9,29.0,29.1,7349.84,21640.82
300197.SZ,2012-12-19,28.95,29.23,28.33,28.74,7122.85,20397.83
300197.SZ,2012-12-20,28.7,28.94,28.42,28.8,8748.78,25151.43
300197.SZ,2012-12-21,28.8,29.45,28.41,28.82,13200.16,38092.77
300197.SZ,2012-12-24,28.8,29.89,28.61,29.6,13594.34,40321.67
300197.SZ,2012-12-25,29.6,30.98,29.33,30.74,21738.79,66135.14
300197.SZ,2012-12-26,31.0,31.99,30.52,31.96,21497.14,67306.05
300197.SZ,2012-12-27,31.96,32.07,31.25,31.4,24671.65,77912.72
300197.SZ,2012-12-28,31.2,31.82,31.01,31.69,17740.55,55674.17
300197.SZ,2013-01-04,33.1,33.1,31.51,31.54,23210.31,74124.88
300197.SZ,2013-01-07,31.3,31.9,30.92,31.9,13362.17,42036.58
300197.SZ,2013-01-08,31.89,33.02,31.71,32.1,22538.79,72976.62
300197.SZ,2013-01-09,31.82,32.56,31.6,32.0,15414.51,49464.61
300197.SZ,2013-01-10,31.7,32.38,31.7,32.3,15065.36,48224.69
300197.SZ,2013-01-11,32.39,32.99,31.71,31.72,11952.73,38303.6
300197.SZ,2013-01-14,31.9,33.1,31.89,32.99,17364.58,56806.77
300197.SZ,2013-01-15,33.0,35.0,33.0,34.79,23338.19,80641.97
300197.SZ,2013-01-16,34.9,35.28,34.25,34.91,18031.66,62517.26
300197.SZ,2013-01-17,34.77,35.03,34.51,35.03,12812.95,44710.26
300197.SZ,2013-01-18,35.18,36.4,34.85,35.6,16449.63,58734.94
300197.SZ,2013-01-22,37.5,39.16,37.0,37.61,48997.21,185827.0
300197.SZ,2013-01-23,38.8,39.96,37.52,38.25,25629.07,98481.47
300197.SZ,2013-01-24,38.59,38.88,37.06,37.7,20639.34,78011.52
300197.SZ,2013-01-25,37.91,38.5,37.4,37.79,15831.4,59829.78
300197.SZ,2013-01-28,38.05,41.0,37.9,40.1,30546.05,120069.81
300197.SZ,2013-01-29,40.76,43.7,40.0,40.1,33712.74,139048.38
300197.SZ,2013-01-30,39.25,39.98,39.0,39.31,18178.6,71721.55
300197.SZ,2013-01-31,39.32,41.47,38.67,41.44,25530.28,103005.39
300197.SZ,2013-02-01,41.0,41.37,39.8,40.5,23425.89,94557.27
300197.SZ,2013-02-04,40.45,40.68,39.32,39.4,12334.66,48900.0
300197.SZ,2013-02-05,39.2,39.87,38.38,39.6,13204.92,51605.23
300197.SZ,2013-02-06,39.36,40.45,38.9,40.08,14479.59,57653.04
300197.SZ,2013-02-07,39.72,41.68,39.63,41.06,20809.85,84815.02
300197.SZ,2013-02-08,41.06,43.11,40.81,42.5,16247.71,68556.63
300197.SZ,2013-02-18,43.01,43.15,41.9,42.44,16858.87,71286.48
300197.SZ,2013-02-19,42.06,42.37,39.9,40.2,21430.93,87341.09
300197.SZ,2013-02-20,40.21,41.6,39.94,41.1,17211.69,70656.77
300197.SZ,2013-02-21,40.87,41.45,39.97,40.38,16190.83,65628.62
300197.SZ,2013-02-22,40.1,40.9,40.02,40.69,12729.63,51521.27
300197.SZ,2013-02-25,40.55,42.33,40.55,42.0,18790.35,78534.11
300197.SZ,2013-02-26,41.95,42.08,39.6,39.8,26944.97,110389.28
300197.SZ,2013-02-27,39.8,40.35,38.5,38.84,23452.59,91517.92
300197.SZ,2013-02-28,39.07,40.78,38.81,40.5,17850.51,71164.99
300197.SZ,2013-03-01,40.52,42.3,40.5,42.28,34861.01,144620.82
300197.SZ,2013-03-04,41.7,43.11,40.0,41.26,33862.52,141758.9
300197.SZ,2013-03-05,40.52,41.88,40.1,41.55,16838.98,69334.41
300197.SZ,2013-03-06,41.53,44.03,41.52,42.7,33636.78,144173.71
300197.SZ,2013-03-07,42.3,42.9,40.5,40.64,20809.06,85977.74
300197.SZ,2013-03-08,40.73,40.95,38.76,38.97,21323.18,84069.88
300197.SZ,2013-03-11,38.5,39.68,38.5,39.15,11866.52,46536.43
300197.SZ,2013-03-12,39.15,39.2,37.48,38.35,12705.24,48439.44
300197.SZ,2013-03-13,38.01,38.35,37.2,37.96,7790.89,29456.39
300197.SZ,2013-03-14,37.95,39.2,37.92,38.07,6879.8,26420.53
300197.SZ,2013-03-15,38.07,39.8,38.07,39.14,14282.07,55975.07
300197.SZ,2013-03-18,39.14,40.14,39.0,39.2,9065.41,35842.18
300197.SZ,2013-03-19,38.99,40.25,38.72,39.51,11162.37,44110.15
300197.SZ,2013-03-20,39.68,41.07,39.5,41.07,14833.74,59907.73
300197.SZ,2013-03-21,41.15,42.26,41.15,41.59,17452.12,72987.33
300197.SZ,2013-03-22,41.96,42.65,41.41,41.9,14156.62,59509.07
300197.SZ,2013-03-25,42.16,42.16,40.92,41.08,11790.91,48644.59
300197.SZ,2013-03-26,40.97,40.97,40.01,40.88,10591.85,42764.29
300197.SZ,2013-03-27,40.85,42.18,40.71,41.5,10038.57,41809.16
300197.SZ,2013-03-28,41.23,41.23,37.35,39.5,16043.36,64023.05
300197.SZ,2013-03-29,39.48,40.56,39.0,39.5,12159.57,48369.18
300197.SZ,2013-04-01,39.24,40.98,39.22,40.59,13831.65,55911.25
300197.SZ,2013-04-02,41.4,41.4,39.01,39.03,14053.96,56134.73
300197.SZ,2013-04-03,39.04,39.39,37.25,37.89,21040.57,79784.3
300197.SZ,2013-04-08,37.09,38.95,36.85,38.62,10205.7,39002.11
300197.SZ,2013-04-09,38.38,40.0,38.38,39.8,17116.55,67912.28
300197.SZ,2013-04-10,39.66,40.7,39.56,40.3,14833.87,59653.92
300197.SZ,2013-04-11,40.3,40.99,40.3,40.52,8884.26,36235.36
300197.SZ,2013-04-12,40.75,41.09,40.21,40.5,10129.55,41232.46
300197.SZ,2013-04-15,40.61,40.74,39.31,39.44,9649.43,38427.39
300197.SZ,2013-04-16,39.18,40.88,38.67,40.81,7703.13,30653.7
300197.SZ,2013-04-17,40.75,42.42,40.75,42.27,20480.18,85899.76
300197.SZ,2013-04-18,42.01,42.65,41.8,42.12,10166.6,42969.3
300197.SZ,2013-04-19,42.08,46.32,42.08,46.32,32396.27,145869.72
300197.SZ,2013-04-22,46.63,48.6,46.02,48.15,34755.93,164847.83
300197.SZ,2013-04-23,47.63,47.69,45.6,46.8,32774.74,153033.5
300197.SZ,2013-04-24,46.49,48.88,46.48,47.06,24253.26,115596.14
300197.SZ,2013-04-25,46.98,49.6,46.21,46.5,24306.39,115848.77
300197.SZ,2013-04-26,46.0,47.37,44.72,45.91,15161.58,69405.04
300197.SZ,2013-05-02,46.0,47.5,45.52,46.98,10618.15,49653.01
300197.SZ,2013-05-03,47.15,48.45,46.83,47.8,10300.22,48990.57
300197.SZ,2013-05-06,48.0,48.68,46.79,48.38,13699.61,65836.25
300197.SZ,2013-05-07,48.03,48.49,47.01,47.34,12689.22,60757.61
300197.SZ,2013-05-08,47.77,48.08,46.0,47.2,14009.74,65645.27
300197.SZ,2013-05-09,47.0,48.1,46.02,46.63,15411.88,72446.08
300197.SZ,2013-05-10,46.69,47.98,46.06,47.79,10618.38,50166.2
300197.SZ,2013-05-13,31.76,32.28,30.55,31.2,19644.33,61404.5
300197.SZ,2013-05-14,31.45,31.7,30.55,30.73,10737.61,33147.07
300197.SZ,2013-05-15,30.66,32.38,30.6,32.35,24807.06,78725.99
300197.SZ,2013-05-16,32.22,32.85,31.65,32.8,37385.13,119870.54
300197.SZ,2013-05-17,33.07,33.17,32.34,32.56,27698.07,90812.33
300197.SZ,2013-05-20,32.65,34.08,32.65,33.6,29388.06,98945.37
300197.SZ,2013-05-21,34.2,34.68,33.3,34.03,34440.58,116989.45
300197.SZ,2013-05-22,34.05,34.35,32.41,32.7,27597.13,91302.42
300197.SZ,2013-05-23,32.4,32.99,31.66,32.01,21391.08,69024.51
300197.SZ,2013-05-24,32.01,33.14,31.82,32.97,20338.92,66461.42
300197.SZ,2013-05-27,32.81,33.9,32.7,33.6,23501.24,78716.55
300197.SZ,2013-05-28,33.64,33.89,31.92,32.55,23707.81,77022.23
300197.SZ,2013-05-29,32.23,32.88,31.95,32.3,12736.9,41290.29
300197.SZ,2013-05-30,32.27,32.28,31.5,31.94,18132.11,57747.63
300197.SZ,2013-05-31,31.96,32.64,31.65,32.0,15301.93,49277.84
300197.SZ,2013-06-03,31.88,32.15,30.5,30.75,21157.92,66073.44
300197.SZ,2013-06-04,30.89,30.89,28.7,29.3,26742.55,78937.97
300197.SZ,2013-06-05,29.2,29.8,29.13,29.39,11977.28,35250.28
300197.SZ,2013-06-06,29.19,29.2,28.46,28.5,11049.1,31784.38
300197.SZ,2013-06-07,28.72,29.57,28.6,29.2,19083.15,55679.88
300197.SZ,2013-06-13,29.0,30.18,28.01,29.95,21687.61,63788.17
300197.SZ,2013-06-14,29.78,30.8,29.5,30.58,35628.71,107802.91
300197.SZ,2013-06-17,30.87,30.98,30.1,30.35,20516.83,62402.29
300197.SZ,2013-06-18,30.37,30.49,29.41,29.79,14494.99,43254.79
300197.SZ,2013-06-19,29.5,30.19,29.1,29.98,10843.78,32339.54
300197.SZ,2013-06-20,29.89,30.0,28.06,28.35,16281.96,47079.58
300197.SZ,2013-06-21,27.3,27.88,26.96,27.7,21799.97,59893.25
300197.SZ,2013-06-24,27.64,27.7,24.93,25.65,20362.3,53073.14
300197.SZ,2013-06-25,25.05,25.49,23.09,24.91,47908.34,115236.18
300197.SZ,2013-06-26,24.8,25.78,24.24,25.7,36362.98,91669.56
300197.SZ,2013-06-27,26.5,27.4,25.8,26.0,42581.63,113219.09
300197.SZ,2013-06-28,25.55,26.89,24.7,25.29,23595.63,61122.94
300197.SZ,2013-07-01,25.28,26.58,25.0,26.5,27348.71,71504.36
300197.SZ,2013-07-02,26.55,27.4,26.42,26.98,27281.0,73817.93
300197.SZ,2013-07-03,26.99,27.33,26.6,27.18,25510.66,68894.4
300197.SZ,2013-07-04,27.15,27.16,26.53,26.99,20992.83,56302.49
300197.SZ,2013-07-05,27.1,28.26,26.7,26.93,30260.25,83465.12
300197.SZ,2013-07-08,26.0,26.7,25.4,25.8,18582.96,48317.01
300197.SZ,2013-07-09,25.57,26.6,25.42,26.2,17724.76,46201.27
300197.SZ,2013-07-10,26.19,26.19,23.59,24.69,106068.0,259719.47
300197.SZ,2013-07-11,24.3,25.35,24.1,24.95,57625.64,142068.43
300197.SZ,2013-07-12,24.7,25.45,24.52,24.84,43855.84,109647.02
300197.SZ,2013-07-15,24.96,25.42,24.12,25.38,57362.36,143368.23
300197.SZ,2013-07-16,25.28,25.57,24.71,25.44,63071.39,157868.49
300197.SZ,2013-07-17,25.62,26.68,25.61,25.85,68604.32,179205.91
300197.SZ,2013-07-18,25.85,26.08,25.28,25.52,30587.49,78336.11
300197.SZ,2013-07-19,25.59,26.09,24.01,24.03,42167.62,106842.88
300197.SZ,2013-07-22,23.5,24.75,23.4,24.74,38910.57,93707.49
300197.SZ,2013-07-23,24.74,25.78,24.67,25.54,39041.92,99304.31
300197.SZ,2013-07-24,25.37,26.5,24.48,26.32,71960.65,183891.42
300197.SZ,2013-07-25,26.73,27.55,25.77,25.87,82741.74,222054.7
300197.SZ,2013-07-26,25.76,26.47,25.4,25.99,35825.97,93091.39
300197.SZ,2013-07-29,24.83,25.7,24.78,24.82,38190.95,95850.13
300197.SZ,2013-07-30,24.68,25.27,23.55,24.08,31561.87,76332.55
300197.SZ,2013-07-31,24.55,25.55,24.5,24.62,48900.37,122328.5
300197.SZ,2013-08-01,25.18,26.44,25.06,26.18,57739.15,149387.62
300197.SZ,2013-08-02,26.98,28.45,26.5,26.54,101747.7,279397.25
300197.SZ,2013-08-05,26.35,28.3,26.24,28.2,65350.79,180140.93
300197.SZ,2013-08-06,27.82,28.43,27.44,27.87,51756.56,144137.24
300197.SZ,2013-08-07,27.88,28.3,27.0,27.2,47871.92,131951.22
300197.SZ,2013-08-08,27.25,27.57,26.77,27.04,36036.38,97802.54
300197.SZ,2013-08-09,27.21,27.4,26.0,26.59,37159.86,99080.54
300197.SZ,2013-08-12,27.2,27.4,26.66,27.06,36528.13,98744.96
300197.SZ,2013-08-13,27.07,27.3,26.86,27.17,23418.98,63482.0
300197.SZ,2013-08-14,27.21,27.45,26.37,26.63,26981.79,72194.79
300197.SZ,2013-08-15,26.61,26.85,26.01,26.05,21544.59,56941.07
300197.SZ,2013-08-16,26.0,26.38,25.0,25.16,29448.78,75951.22
300197.SZ,2013-08-19,24.99,25.7,24.8,25.6,17430.27,44391.73
300197.SZ,2013-08-20,25.58,26.09,25.35,25.59,20700.44,53146.75
300197.SZ,2013-08-21,25.73,26.08,25.45,26.01,17870.08,46279.63
300197.SZ,2013-08-22,25.88,26.47,25.76,26.1,15781.53,41355.34
300197.SZ,2013-08-23,26.1,26.45,25.35,25.82,25178.32,65538.69
300197.SZ,2013-08-26,25.88,26.2,25.66,26.16,16089.33,41821.77
300197.SZ,2013-08-27,26.14,26.14,25.61,25.76,30372.24,78264.16
300197.SZ,2013-08-28,25.76,27.3,25.76,26.51,39976.95,106783.96
300197.SZ,2013-08-29,26.6,26.74,26.03,26.25,24633.92,64669.29
300197.SZ,2013-08-30,26.25,26.43,24.77,24.86,34969.67,89121.12
300197.SZ,2013-09-02,24.8,25.16,24.43,24.86,26566.92,66017.39
300197.SZ,2013-09-03,25.0,25.45,24.88,25.29,34826.43,87796.94
300197.SZ,2013-09-04,25.52,26.26,25.51,25.9,29488.23,76646.88
300197.SZ,2013-09-05,25.6,25.91,25.51,25.66,16438.85,42225.01
300197.SZ,2013-09-06,25.47,25.98,25.47,25.84,17270.19,44445.24
300197.SZ,2013-09-09,25.92,26.76,25.72,26.43,35855.77,93919.31
300197.SZ,2013-09-10,26.45,27.22,26.21,26.92,40898.14,109677.16
300197.SZ,2013-09-11,26.99,27.0,25.23,25.42,43646.72,112783.94
300197.SZ,2013-09-12,25.27,25.88,25.27,25.38,22637.96,57983.59
300197.SZ,2013-09-13,25.5,25.92,25.37,25.55,17912.07,45812.42
300197.SZ,2013-09-16,25.65,25.75,25.0,25.06,26563.86,67145.08
300197.SZ,2013-09-17,25.22,25.36,24.9,25.03,17733.29,44558.96
300197.SZ,2013-09-18,24.91,25.19,24.91,25.14,11675.27,29228.09
300197.SZ,2013-09-23,25.35,25.76,25.11,25.76,23730.69,60582.87
300197.SZ,2013-09-24,26.12,26.36,25.75,25.94,33843.0,88060.32
300197.SZ,2013-09-25,25.94,26.2,25.28,25.39,22886.1,58403.57
300197.SZ,2013-09-26,25.76,26.6,25.58,25.67,55041.86,143745.01
300197.SZ,2013-09-27,25.67,25.79,24.71,25.09,33099.73,83194.31
300197.SZ,2013-09-30,25.35,25.49,25.09,25.37,14319.46,36205.24
300197.SZ,2013-10-08,25.38,26.18,25.38,25.98,30593.18,79087.84
300197.SZ,2013-10-09,26.14,26.62,26.01,26.44,41611.81,109786.73
300197.SZ,2013-10-10,26.5,26.6,25.69,25.84,29944.56,77911.83
300197.SZ,2013-10-11,25.84,26.15,25.83,26.05,29567.74,76845.47
300197.SZ,2013-10-14,26.05,26.72,25.9,26.72,45581.28,119978.07
300197.SZ,2013-10-15,26.23,26.5,25.92,26.13,47818.86,125110.91
300197.SZ,2013-10-16,26.0,26.05,24.61,24.95,49465.84,124010.38
300197.SZ,2013-10-17,25.24,26.88,25.09,26.18,92782.98,242276.57
300197.SZ,2013-10-18,26.08,26.48,25.5,25.92,55922.63,145617.41
300197.SZ,2013-10-21,26.25,28.51,25.98,28.51,116494.6,320685.01
300197.SZ,2013-10-22,29.52,30.96,28.5,28.6,177587.52,524834.08
300197.SZ,2013-10-23,28.33,29.45,27.85,28.85,106098.88,306194.85
300197.SZ,2013-10-24,28.5,28.5,27.51,27.68,56611.05,158548.13
300197.SZ,2013-10-25,27.68,28.5,27.06,27.36,50513.31,140239.74
300197.SZ,2013-10-28,26.89,26.89,25.01,25.61,63790.72,165344.06
300197.SZ,2013-10-29,25.7,26.3,24.2,25.1,65977.47,166042.18
300197.SZ,2013-10-30,25.7,25.99,25.23,25.7,31377.27,80429.37
300197.SZ,2013-10-31,25.7,25.8,24.9,24.98,22421.94,56388.63
300197.SZ,2013-11-01,24.65,25.3,24.51,24.91,10126.98,25186.99
300197.SZ,2013-11-04,27.4,27.4,26.3,26.49,102945.31,277772.98
300197.SZ,2013-11-05,26.45,27.68,25.5,27.2,80813.01,214695.69
300197.SZ,2013-11-06,26.79,27.99,26.6,26.85,56843.4,155688.12
300197.SZ,2013-11-07,26.56,27.66,26.4,27.0,51554.96,139804.01
300197.SZ,2013-11-08,26.8,27.0,26.01,26.4,38949.58,102814.49
300197.SZ,2013-11-11,26.23,26.48,25.72,26.0,22660.53,58923.84
300197.SZ,2013-11-12,26.02,26.47,25.83,26.26,19086.69,49968.63
300197.SZ,2013-11-13,26.9,28.35,26.67,27.35,80051.0,219569.94
300197.SZ,2013-11-14,27.26,29.5,26.85,29.35,94966.95,267727.48
300197.SZ,2013-11-15,28.99,30.39,28.8,29.88,109757.3,324016.34
300197.SZ,2013-11-18,29.9,30.68,29.42,30.02,99134.36,297425.68
300197.SZ,2013-11-19,30.08,30.26,29.38,29.56,50828.25,151179.02
300197.SZ,2013-11-20,29.5,29.98,29.01,29.73,47410.35,140299.32
300197.SZ,2013-11-21,29.63,31.02,29.56,29.8,65375.02,198002.52
300197.SZ,2013-11-22,29.5,29.8,28.88,28.92,40045.53,117127.22
300197.SZ,2013-11-25,29.28,29.8,28.92,29.14,33967.31,99965.95
300197.SZ,2013-11-26,29.03,29.24,28.25,28.31,38207.34,109211.37
300197.SZ,2013-11-27,28.08,29.12,28.06,28.9,41012.1,117273.26
300197.SZ,2013-11-28,28.92,29.2,28.63,28.81,33569.05,97079.63
300197.SZ,2013-11-29,28.69,29.6,28.69,29.36,33993.03,99153.28
300197.SZ,2013-12-02,27.4,28.05,26.42,26.42,65387.13,176273.89
300197.SZ,2013-12-03,25.44,26.49,24.21,26.39,54289.56,138195.3
300197.SZ,2013-12-04,26.65,27.18,26.05,26.13,51084.66,136514.5
300197.SZ,2013-12-05,26.0,26.78,25.63,26.33,42306.28,111147.35
300197.SZ,2013-12-06,26.33,28.25,26.28,27.5,65112.49,178921.0
300197.SZ,2013-12-09,27.49,28.49,27.49,28.29,54932.05,154016.55
300197.SZ,2013-12-10,28.31,28.33,27.39,27.44,40207.03,111309.18
300197.SZ,2013-12-11,27.29,28.08,27.28,27.5,29602.93,82045.9
300197.SZ,2013-12-12,27.5,28.08,27.28,27.35,26792.48,74029.62
300197.SZ,2013-12-13,27.2,28.13,26.8,27.76,38897.29,107304.1
300197.SZ,2013-12-16,27.89,27.89,26.65,26.89,38007.59,102914.27
300197.SZ,2013-12-17,26.89,27.5,26.5,26.66,31834.21,86049.55
300197.SZ,2013-12-18,26.5,26.79,26.12,26.76,21370.41,56661.57
300197.SZ,2013-12-19,27.7,28.92,27.12,27.25,69006.08,192607.32
300197.SZ,2013-12-20,26.82,27.25,26.66,26.74,25924.94,69703.01
300197.SZ,2013-12-23,26.62,26.96,26.0,26.5,19870.98,52568.13
300197.SZ,2013-12-24,26.22,26.78,26.11,26.28,27734.68,73424.54
300197.SZ,2013-12-25,26.39,26.95,26.24,26.86,31139.06,82839.79
300197.SZ,2013-12-26,26.75,27.4,26.62,26.79,34175.84,92197.97
300197.SZ,2013-12-27,26.85,27.18,26.7,27.08,25881.45,69834.85
300197.SZ,2013-12-30,27.2,27.59,26.89,27.57,30770.03,83911.65
300197.SZ,2014-01-02,27.3,27.65,27.08,27.3,33155.31,90921.32
300197.SZ,2014-01-03,27.1,27.33,26.53,26.66,36666.95,98554.5
300197.SZ,2014-01-06,26.66,28.8,26.66,27.55,68063.13,189229.77
300197.SZ,2014-01-07,27.4,27.63,26.76,26.95,39556.61,107374.7
300197.SZ,2014-01-08,27.0,27.85,27.0,27.6,48897.86,134435.14
300197.SZ,2014-01-09,27.35,27.6,26.68,26.7,35563.88,96837.85
300197.SZ,2014-01-10,26.3,26.39,25.3,25.53,46681.57,120460.72
300197.SZ,2014-01-13,25.59,25.9,25.01,25.23,24780.08,63147.75
300197.SZ,2014-01-14,25.18,25.92,25.17,25.81,21957.48,55970.79
300197.SZ,2014-01-15,25.81,25.91,25.56,25.7,18475.0,47451.5
300197.SZ,2014-01-16,25.87,25.93,25.45,25.83,21960.3,56440.0
300197.SZ,2014-01-17,25.68,25.83,25.29,25.54,22848.06,58192.49
300197.SZ,2014-01-20,25.3,25.95,25.3,25.5,13535.55,34689.1
300197.SZ,2014-01-21,25.79,25.94,25.6,25.82,18602.19,47945.67
300197.SZ,2014-01-22,25.89,26.59,25.8,26.4,27231.98,71542.37
300197.SZ,2014-01-23,26.64,26.66,26.3,26.4,25637.57,67875.27
300197.SZ,2014-01-24,26.31,26.77,26.12,26.49,26007.24,69057.47
300197.SZ,2014-01-27,26.6,26.6,25.88,25.95,24481.58,63904.42
300197.SZ,2014-01-28,26.39,26.46,25.76,26.15,22223.39,57900.84
300197.SZ,2014-01-29,26.15,26.37,26.01,26.19,15241.52,39880.05
300197.SZ,2014-01-30,26.33,26.36,25.5,25.82,18022.15,46562.08
300197.SZ,2014-02-07,25.68,26.23,25.4,26.22,21558.64,55624.64
300197.SZ,2014-02-10,26.52,27.1,26.42,26.91,42197.22,113074.15
300197.SZ,2014-02-11,26.93,28.37,26.93,27.15,87554.5,241135.6
300197.SZ,2014-02-12,28.1,29.19,27.84,28.08,96602.82,273121.98
300197.SZ,2014-02-13,28.18,28.28,27.31,27.38,50356.15,139778.91
300197.SZ,2014-02-14,27.59,28.24,27.55,28.14,46041.39,128668.27
300197.SZ,2014-02-17,28.08,28.64,28.08,28.45,50934.43,144736.31
300197.SZ,2014-02-18,28.79,29.49,28.46,29.17,72737.52,210207.54
300197.SZ,2014-02-19,29.21,29.25,28.1,28.28,52253.55,148743.84
300197.SZ,2014-02-20,28.5,28.55,27.31,27.4,42293.52,117007.58
300197.SZ,2014-02-21,27.48,27.79,27.3,27.6,28799.94,79273.77
300197.SZ,2014-02-24,27.6,27.96,27.11,27.45,31944.48,87754.76
300197.SZ,2014-02-25,27.5,27.94,25.52,25.87,52883.56,142133.01
300197.SZ,2014-02-26,25.58,25.86,25.17,25.69,29724.36,75758.68
300197.SZ,2014-02-27,25.68,26.14,24.98,25.08,32957.2,84225.24
300197.SZ,2014-02-28,25.2,25.76,24.89,25.6,21877.23,55240.72
300197.SZ,2014-03-03,25.51,26.81,25.51,26.73,34009.35,89346.87
300197.SZ,2014-03-04,26.74,26.96,26.0,26.58,31634.14,83705.77
300197.SZ,2014-03-05,26.6,26.81,26.01,26.19,18641.25,49102.36
300197.SZ,2014-03-06,26.19,26.19,25.2,25.77,23537.73,60173.36
300197.SZ,2014-03-07,25.64,25.99,25.4,25.75,17852.17,45824.65
300197.SZ,2014-03-10,25.56,25.97,25.0,25.09,21243.41,54145.46
300197.SZ,2014-03-11,25.09,25.27,24.88,25.16,13923.87,34889.23
300197.SZ,2014-03-12,25.15,25.69,25.04,25.64,19809.51,50334.26
300197.SZ,2014-03-13,25.43,25.69,25.35,25.67,14667.15,37479.52
300197.SZ,2014-03-14,25.58,25.65,25.1,25.21,15929.79,40233.74
300197.SZ,2014-03-17,25.3,25.6,25.22,25.6,14788.62,37691.9
300197.SZ,2014-03-18,25.61,25.87,25.47,25.7,22684.79,58244.11
300197.SZ,2014-03-19,25.7,25.71,25.2,25.43,18023.83,45695.62
300197.SZ,2014-03-20,25.6,26.0,25.07,25.07,31178.89,79849.89
300197.SZ,2014-03-21,24.85,24.91,23.51,24.47,39063.94,94194.02
300197.SZ,2014-03-24,24.33,24.39,23.81,24.07,22652.53,54446.13
300197.SZ,2014-03-25,23.9,24.37,23.81,24.14,15562.56,37538.72
300197.SZ,2014-03-26,24.27,24.27,23.82,24.12,14890.27,35894.37
300197.SZ,2014-03-27,24.1,24.1,22.2,22.22,55987.48,127941.48
300197.SZ,2014-03-28,22.22,22.25,20.68,20.85,53335.84,112362.22
300197.SZ,2014-03-31,20.7,21.09,20.51,20.9,18271.88,38108.75
300197.SZ,2014-04-01,20.88,21.37,20.81,21.32,18451.55,39194.22
300197.SZ,2014-04-02,21.39,21.47,20.8,20.93,23726.99,49992.32
300197.SZ,2014-04-03,20.98,21.11,20.6,20.65,30339.42,62947.72
300197.SZ,2014-04-04,20.65,20.65,20.12,20.44,64636.01,130815.21
300197.SZ,2014-04-08,19.73,20.46,19.58,20.25,71577.94,143637.78
300197.SZ,2014-04-09,20.2,20.55,20.16,20.45,40062.21,81794.84
300197.SZ,2014-04-10,20.57,20.77,20.5,20.56,42737.5,88183.15
300197.SZ,2014-04-11,20.41,20.49,19.93,20.49,29224.5,59149.09
300197.SZ,2014-04-14,20.49,20.95,20.49,20.88,41186.75,85584.65
300197.SZ,2014-04-15,20.95,21.1,20.68,20.81,35866.65,74944.76
300197.SZ,2014-04-16,20.59,20.93,20.48,20.6,18883.36,38978.99
300197.SZ,2014-04-17,20.61,20.83,20.5,20.5,18869.24,39075.0
300197.SZ,2014-04-18,20.72,21.0,20.71,20.91,29383.45,61280.78
300197.SZ,2014-04-21,20.79,20.88,20.55,20.65,21304.17,44177.07
300197.SZ,2014-04-22,20.55,20.7,19.8,20.14,27202.32,54776.4
300197.SZ,2014-04-23,20.1,20.12,19.82,19.89,15311.78,30555.96
300197.SZ,2014-04-24,19.84,20.07,19.83,19.92,14650.61,29233.67
300197.SZ,2014-04-25,19.98,20.09,18.8,18.8,31933.85,61876.17
300197.SZ,2014-04-28,18.68,18.68,17.71,17.78,35135.64,63192.57
300197.SZ,2014-04-29,17.89,18.1,17.78,18.0,14567.66,26099.06
300197.SZ,2014-04-30,17.99,18.41,17.94,18.1,13845.02,25173.89
300197.SZ,2014-05-05,18.11,18.3,18.06,18.28,11388.23,20734.93
300197.SZ,2014-05-06,18.19,19.13,18.19,19.01,27396.25,51378.62
300197.SZ,2014-05-07,18.84,18.93,18.51,18.55,14150.04,26440.61
300197.SZ,2014-05-08,18.5,18.88,18.5,18.62,11370.96,21275.21
300197.SZ,2014-05-09,18.62,18.76,18.18,18.22,12704.12,23318.03
300197.SZ,2014-05-12,18.32,18.86,18.32,18.8,20010.05,37251.94
300197.SZ,2014-05-13,18.85,18.96,18.5,18.54,12732.29,23800.78
300197.SZ,2014-05-15,19.51,19.98,18.98,19.12,48381.01,94506.12
300197.SZ,2014-05-16,18.75,19.05,18.51,18.85,20218.32,37986.34
300197.SZ,2014-05-19,18.85,19.07,18.58,18.65,12442.69,23352.59
300197.SZ,2014-05-20,11.66,11.9,11.58,11.58,24664.6,28957.11
300197.SZ,2014-05-21,11.56,11.91,11.32,11.8,27680.15,32404.35
300197.SZ,2014-05-22,11.85,12.08,11.7,11.73,27465.38,32650.19
300197.SZ,2014-05-23,11.86,11.86,11.6,11.83,22325.44,26159.21
300197.SZ,2014-05-26,11.8,12.06,11.8,11.98,36599.5,43808.13
300197.SZ,2014-05-27,12.18,12.21,11.91,12.02,31374.89,37811.09
300197.SZ,2014-05-28,12.06,12.17,11.94,12.13,37334.77,44989.27
300197.SZ,2014-05-29,12.11,12.16,11.91,11.93,26288.77,31628.95
300197.SZ,2014-05-30,12.01,12.18,11.94,12.1,30756.92,37123.92
300197.SZ,2014-06-03,12.09,12.19,11.93,11.96,25125.98,30302.27
300197.SZ,2014-06-04,11.95,11.99,11.74,11.91,26551.44,31500.48
300197.SZ,2014-06-05,12.1,12.85,12.05,12.73,134904.18,169869.46
300197.SZ,2014-06-06,12.6,12.66,12.35,12.45,70802.28,88449.46
300197.SZ,2014-06-09,12.38,12.49,12.06,12.1,41120.32,50302.96
300197.SZ,2014-06-10,12.28,12.44,12.21,12.32,34474.56,42480.01
300197.SZ,2014-06-11,12.25,12.55,12.15,12.38,66856.8,82868.88
300197.SZ,2014-06-12,12.37,12.39,11.91,11.96,89061.01,107653.33
300197.SZ,2014-06-13,11.95,12.05,11.82,12.0,53869.83,64298.69
300197.SZ,2014-06-16,11.99,12.14,11.99,12.04,33821.7,40788.29
300197.SZ,2014-06-17,12.03,12.07,11.88,11.89,29075.03,34730.5
300197.SZ,2014-06-18,12.02,12.09,11.9,11.93,31625.73,37886.2
300197.SZ,2014-06-19,11.86,11.95,11.3,11.39,61511.35,71129.53
300197.SZ,2014-06-20,11.38,11.46,11.3,11.45,26689.97,30388.08
300197.SZ,2014-06-23,11.5,11.61,11.47,11.48,30774.72,35536.4
300197.SZ,2014-06-24,11.49,11.56,11.44,11.48,19134.22,21985.11
300197.SZ,2014-06-25,11.48,11.48,11.28,11.43,27686.91,31437.55
300197.SZ,2014-06-26,11.42,11.71,11.38,11.6,31385.44,36404.18
300197.SZ,2014-06-27,11.63,11.68,11.55,11.63,25887.48,30089.12
300197.SZ,2014-06-30,11.69,11.69,11.5,11.58,33557.83,38933.76
300197.SZ,2014-07-01,11.62,11.9,11.61,11.83,42430.36,49807.34
300197.SZ,2014-07-02,11.75,11.88,11.7,11.84,47596.74,56130.83
300197.SZ,2014-07-03,11.86,11.92,11.75,11.83,39073.05,46219.93
300197.SZ,2014-07-04,11.83,11.92,11.71,11.75,29088.51,34283.88
300197.SZ,2014-07-07,11.76,12.22,11.71,12.22,87077.66,104718.42
300197.SZ,2014-07-08,12.2,12.33,12.01,12.22,51679.83,62907.4
300197.SZ,2014-07-09,12.15,12.27,11.93,11.98,45451.99,54977.6
300197.SZ,2014-07-10,11.92,12.04,11.71,11.71,38969.63,46308.77
300197.SZ,2014-07-11,11.7,11.87,11.62,11.83,28797.84,33824.61
300197.SZ,2014-07-14,11.81,12.08,11.8,12.05,33122.81,39676.47
300197.SZ,2014-07-15,12.12,12.15,11.71,11.91,42317.07,50441.33
300197.SZ,2014-07-16,11.95,12.1,11.85,12.0,41518.13,49790.63
300197.SZ,2014-07-17,12.01,12.02,11.68,11.82,33274.73,39305.27
300197.SZ,2014-07-18,11.81,11.86,11.68,11.73,26616.63,31341.71
300197.SZ,2014-07-21,11.73,11.79,11.52,11.6,22700.29,26353.14
300197.SZ,2014-07-22,11.64,11.77,11.58,11.73,25584.68,29909.26
300197.SZ,2014-07-23,11.69,11.74,11.4,11.48,36526.98,42102.68
300197.SZ,2014-07-24,11.43,11.5,11.3,11.48,28529.51,32535.77
300197.SZ,2014-07-25,11.41,11.73,11.41,11.66,39139.83,45510.29
300197.SZ,2014-07-28,11.73,11.93,11.66,11.9,44030.83,52143.08
300197.SZ,2014-07-29,11.9,12.24,11.9,12.19,83677.58,101040.74
300197.SZ,2014-07-30,12.14,12.21,12.01,12.15,60542.81,73370.68
300197.SZ,2014-07-31,12.1,12.39,12.06,12.36,69724.78,85721.58
300197.SZ,2014-08-01,12.3,12.44,12.03,12.07,54487.29,66649.19
300197.SZ,2014-08-04,12.1,12.29,12.1,12.15,42509.99,51756.88
300197.SZ,2014-08-05,12.15,12.48,12.07,12.48,77648.39,95909.59
300197.SZ,2014-08-06,12.6,12.75,12.39,12.47,73505.43,92366.53
300197.SZ,2014-08-07,12.43,12.63,12.26,12.34,58375.39,72688.98
300197.SZ,2014-08-08,12.34,12.68,12.26,12.63,66448.02,83095.12
300197.SZ,2014-08-11,12.64,12.71,12.53,12.65,56577.85,71405.31
300197.SZ,2014-08-12,12.72,13.65,12.63,13.32,174196.84,228252.19
300197.SZ,2014-08-13,13.4,13.97,13.33,13.79,190324.54,260501.4
300197.SZ,2014-08-14,13.84,13.85,13.5,13.54,97053.13,132725.32
300197.SZ,2014-08-15,13.55,13.86,13.52,13.79,97302.89,133649.25
300197.SZ,2014-08-18,13.77,14.15,13.68,14.05,98356.55,136925.26
300197.SZ,2014-08-19,14.06,14.12,13.67,13.85,93641.97,129781.06
300197.SZ,2014-08-20,13.78,13.78,13.51,13.53,76385.0,103939.85
300197.SZ,2014-08-21,13.53,13.67,13.35,13.61,61164.54,82782.85
300197.SZ,2014-08-22,14.29,14.77,14.07,14.1,176161.12,251839.55
300197.SZ,2014-08-25,13.93,14.02,13.7,13.79,68777.01,95160.54
300197.SZ,2014-08-26,13.7,13.95,13.55,13.69,65019.43,89382.3
300197.SZ,2014-08-27,13.61,14.0,13.53,13.92,72468.22,100495.47
300197.SZ,2014-08-28,13.9,13.94,13.42,13.6,68556.64,93451.62
300197.SZ,2014-08-29,13.59,13.63,13.4,13.63,38769.23,52478.31
300197.SZ,2014-09-01,13.62,13.75,13.61,13.73,48228.45,65977.81
300197.SZ,2014-09-02,13.79,14.27,13.78,14.27,125318.95,176573.9
300197.SZ,2014-09-03,14.97,15.15,14.38,14.45,205759.23,301688.2
300197.SZ,2014-09-04,14.45,14.62,14.3,14.5,95092.63,137754.17
300197.SZ,2014-09-05,14.57,14.89,14.38,14.61,96011.43,140689.66
300197.SZ,2014-09-09,14.59,14.67,14.41,14.56,60542.09,88011.33
300197.SZ,2014-09-10,14.54,14.84,14.5,14.76,80788.58,118887.67
300197.SZ,2014-09-11,14.8,14.95,14.42,14.49,96636.34,141851.88
300197.SZ,2014-09-12,14.49,14.77,14.45,14.69,59524.72,86815.4
300197.SZ,2014-09-15,14.55,14.68,14.49,14.6,67846.56,98880.44
300197.SZ,2014-09-16,14.64,14.73,13.82,13.85,94946.46,135516.93
300197.SZ,2014-09-17,13.88,14.01,13.5,13.72,69369.74,94895.94
300197.SZ,2014-09-18,13.75,13.8,13.59,13.78,46719.31,64011.23
300197.SZ,2014-09-19,13.78,14.04,13.75,14.01,49551.17,68861.71
300197.SZ,2014-09-22,14.01,14.08,13.54,13.61,41489.34,56943.94
300197.SZ,2014-09-23,13.63,13.97,13.63,13.88,36479.17,50492.33
300197.SZ,2014-09-24,13.88,14.35,13.76,14.17,59463.92,83761.44
300197.SZ,2014-09-25,14.19,14.29,13.96,14.02,51617.58,72978.68
300197.SZ,2014-09-26,14.0,14.28,13.95,14.2,42431.12,60100.38
300197.SZ,2014-09-29,14.35,14.47,14.21,14.3,65578.37,93912.35
300197.SZ,2014-09-30,14.36,14.39,14.19,14.31,42392.94,60565.0
300197.SZ,2014-10-08,14.35,14.8,14.3,14.74,110462.29,161617.83
300197.SZ,2014-10-09,14.78,14.97,14.48,14.7,147230.98,217465.88
300197.SZ,2014-10-10,14.63,14.81,14.5,14.66,78533.4,115165.03
300197.SZ,2014-10-13,14.55,14.62,14.33,14.57,67727.43,97907.47
300197.SZ,2014-10-14,14.5,14.79,14.43,14.76,82617.53,121273.16
300197.SZ,2014-10-15,14.63,14.67,14.28,14.45,71751.93,103630.37
300197.SZ,2014-10-16,14.35,14.65,14.24,14.58,81606.77,118104.82
300197.SZ,2014-10-17,14.47,14.55,13.76,14.03,59438.65,83992.21
300197.SZ,2014-10-20,14.05,14.3,14.0,14.2,40002.26,56624.62
300197.SZ,2014-10-21,14.2,14.26,13.99,14.0,38070.23,53703.28
300197.SZ,2014-10-22,14.02,14.3,14.0,14.07,40457.8,57223.22
300197.SZ,2014-10-23,14.0,14.12,13.57,13.71,41698.14,57477.98
300197.SZ,2014-10-24,13.65,13.9,13.55,13.9,30260.18,41505.74
300197.SZ,2014-10-27,13.78,14.24,13.75,14.11,34963.06,48995.34
300197.SZ,2014-10-28,14.46,14.46,14.14,14.33,61718.99,88140.47
300197.SZ,2014-10-29,14.33,14.65,14.33,14.6,88750.32,129089.69
300197.SZ,2014-10-30,14.65,14.65,14.35,14.46,52943.91,76560.6
300197.SZ,2014-10-31,14.46,15.3,14.46,14.88,179682.15,267756.86
300197.SZ,2014-11-03,14.88,15.69,14.72,15.2,196117.44,297421.76
300197.SZ,2014-11-04,15.28,15.7,14.91,14.98,146425.15,221816.01
300197.SZ,2014-11-05,15.0,15.0,14.6,14.62,68191.18,100198.13
300197.SZ,2014-11-06,14.62,14.76,14.48,14.7,54972.28,80370.69
300197.SZ,2014-11-07,14.7,14.89,14.21,14.32,74824.46,109296.07
300197.SZ,2014-11-10,14.36,14.57,14.13,14.26,55224.71,78981.06
300197.SZ,2014-11-11,14.26,14.37,13.4,13.49,93967.31,129590.0
300197.SZ,2014-11-12,13.5,13.67,13.5,13.6,53025.13,71980.13
300197.SZ,2014-11-13,13.62,13.62,13.11,13.18,60587.87,80367.27
300197.SZ,2014-11-14,13.18,13.4,13.13,13.33,39592.12,52586.09
300197.SZ,2014-11-17,13.52,13.68,13.3,13.58,41616.57,56347.17
300197.SZ,2014-11-18,13.52,13.66,13.47,13.54,26842.66,36395.65
300197.SZ,2014-11-19,13.51,13.74,13.51,13.63,34903.71,47614.66
300197.SZ,2014-11-20,13.66,13.7,13.33,13.43,34191.21,45974.75
300197.SZ,2014-11-21,13.36,13.6,13.36,13.57,30720.49,41526.47
300197.SZ,2014-11-24,13.77,13.84,13.53,13.67,52410.38,71602.95
300197.SZ,2014-11-25,13.71,13.91,13.66,13.86,56027.45,77188.92
300197.SZ,2014-11-26,13.95,14.04,13.83,13.98,51559.87,71834.69
300197.SZ,2014-11-27,14.08,14.26,14.0,14.13,61022.54,86194.77
300197.SZ,2014-11-28,14.2,14.27,13.73,13.91,65207.93,91175.25
300197.SZ,2014-12-01,13.93,14.04,13.5,13.65,55223.67,75618.3
300197.SZ,2014-12-02,13.67,14.25,13.67,14.24,112716.69,158959.76
300197.SZ,2014-12-03,14.25,14.39,14.0,14.38,98623.14,139546.7
300197.SZ,2014-12-04,14.51,14.52,14.27,14.37,97148.33,139912.58
300197.SZ,2014-12-05,14.38,14.38,13.62,13.87,92650.33,129009.11
300197.SZ,2014-12-08,13.78,14.16,13.52,14.07,76763.64,107183.73
300197.SZ,2014-12-09,14.05,14.19,13.42,13.42,88341.86,122710.36
300197.SZ,2014-12-10,13.44,14.76,13.44,14.76,162543.63,234511.39
300197.SZ,2014-12-11,15.31,15.88,15.0,15.06,289398.01,443496.01
300197.SZ,2014-12-12,15.08,15.5,14.75,15.32,164384.09,248343.86
300197.SZ,2014-12-15,15.17,15.46,14.95,15.26,101004.86,153937.6
300197.SZ,2014-12-16,15.09,15.39,14.82,15.27,109618.73,165858.46
300197.SZ,2014-12-17,15.26,15.26,14.72,14.76,87821.85,130848.09
300197.SZ,2014-12-18,14.75,15.27,14.64,14.85,104230.34,156731.43
300197.SZ,2014-12-19,14.78,14.88,13.98,14.42,89905.0,129249.66
300197.SZ,2014-12-22,14.46,14.59,12.98,13.8,98042.88,135334.6
300197.SZ,2014-12-23,13.81,13.94,13.51,13.6,57768.55,79108.07
300197.SZ,2014-12-24,13.71,14.16,13.71,14.02,55636.81,77762.05
300197.SZ,2014-12-25,14.13,14.26,13.92,14.07,37057.21,52066.43
300197.SZ,2014-12-26,14.01,14.17,13.97,14.05,38280.5,53779.05
300197.SZ,2014-12-29,14.19,14.28,13.51,13.86,52162.4,72311.06
300197.SZ,2014-12-30,14.13,14.5,14.0,14.1,67723.33,96487.8
300197.SZ,2015-01-05,14.58,15.18,14.42,15.09,148736.18,221792.36
300197.SZ,2015-01-06,15.0,15.69,14.88,15.61,222528.76,342424.02
300197.SZ,2015-01-07,15.43,15.79,15.16,15.42,153724.74,236127.07
300197.SZ,2015-01-08,15.29,15.58,15.13,15.13,81237.65,124440.07
300197.SZ,2015-01-09,15.05,15.28,14.77,14.79,88554.27,133379.28
300197.SZ,2015-01-12,14.74,15.05,14.68,14.72,58132.53,86503.74
300197.SZ,2015-01-13,14.79,15.43,14.64,15.32,109652.73,165930.88
300197.SZ,2015-01-14,15.32,15.32,14.7,14.8,72021.15,108104.35
300197.SZ,2015-01-15,14.68,15.3,14.68,14.89,66497.67,99946.48
300197.SZ,2015-01-16,14.84,15.25,14.71,15.21,78329.08,117730.75
300197.SZ,2015-01-19,14.95,15.88,14.85,15.42,178977.8,276486.24
300197.SZ,2015-01-20,15.6,16.47,15.35,16.44,242145.07,385670.16
300197.SZ,2015-01-21,16.34,16.56,16.11,16.4,177848.83,289499.04
300197.SZ,2015-01-22,16.33,16.42,16.02,16.22,127461.53,206519.54
300197.SZ,2015-01-23,16.26,16.58,16.11,16.2,158335.9,259091.46
300197.SZ,2015-01-26,16.2,17.82,16.2,16.76,152438.3,259509.33
300197.SZ,2015-01-27,16.9,17.17,16.35,16.59,133179.54,222452.75
300197.SZ,2015-01-28,16.52,16.85,16.5,16.59,74586.75,124104.86
300197.SZ,2015-01-29,16.66,16.94,16.32,16.33,86735.61,144410.65
300197.SZ,2015-01-30,16.34,16.38,15.78,15.79,103249.25,165176.97
300197.SZ,2015-02-02,15.6,15.67,15.28,15.34,70395.46,108942.36
300197.SZ,2015-02-03,15.36,16.2,15.36,16.17,94857.54,149503.14
300197.SZ,2015-02-04,16.6,16.73,16.06,16.06,104348.27,171060.9
300197.SZ,2015-02-05,16.17,16.19,15.62,15.69,74040.0,117857.1
300197.SZ,2015-02-06,15.62,15.85,15.28,15.36,53121.92,82449.73
300197.SZ,2015-02-09,15.39,15.8,15.31,15.44,41930.36,65255.54
300197.SZ,2015-02-10,15.37,15.73,15.3,15.71,39412.5,61134.06
300197.SZ,2015-02-11,15.74,15.78,15.59,15.73,37748.12,59210.02
300197.SZ,2015-02-12,15.82,16.1,15.81,15.99,57880.72,92595.32
300197.SZ,2015-02-13,16.0,16.36,16.0,16.26,63793.75,103719.87
300197.SZ,2015-02-16,16.26,16.5,16.2,16.47,60687.45,99470.21
300197.SZ,2015-02-17,16.58,16.6,16.18,16.58,73687.71,121007.17
300197.SZ,2015-02-25,16.58,17.16,16.5,16.84,104086.72,175966.39
300197.SZ,2015-02-26,16.8,16.9,16.41,16.62,69165.33,114883.71
300197.SZ,2015-02-27,16.58,16.75,16.45,16.63,56760.68,94282.75
300197.SZ,2015-03-02,16.99,17.42,16.99,17.15,138194.59,237293.98
300197.SZ,2015-03-03,17.28,18.69,16.98,17.67,224573.78,398402.33
300197.SZ,2015-03-04,17.7,17.95,17.41,17.88,107088.14,189200.9
300197.SZ,2015-03-05,17.88,17.97,17.43,17.64,86293.4,152266.18
300197.SZ,2015-03-06,17.64,17.66,16.8,16.85,105514.2,180798.28
300197.SZ,2015-03-09,16.9,17.65,16.9,17.5,95954.54,167059.21
300197.SZ,2015-03-10,17.53,17.9,17.3,17.8,102238.14,180052.43
300197.SZ,2015-03-11,17.7,17.7,17.34,17.42,60574.52,105792.88
300197.SZ,2015-03-12,17.4,17.57,16.95,17.09,64102.57,110094.14
300197.SZ,2015-03-13,17.09,17.64,17.09,17.53,62279.76,108782.67
300197.SZ,2015-03-16,17.55,18.18,17.51,17.9,116726.74,207503.17
300197.SZ,2015-03-17,17.9,18.26,17.56,17.77,123697.13,221917.14
300197.SZ,2015-03-18,17.97,18.23,17.83,18.17,111378.28,201462.58
300197.SZ,2015-03-19,18.17,19.68,18.17,18.86,207649.0,395393.04
300197.SZ,2015-03-20,18.7,18.99,18.46,18.76,137983.38,257878.8
300197.SZ,2015-03-23,18.77,19.68,18.6,19.61,183832.82,353385.01
300197.SZ,2015-03-24,19.8,20.4,18.75,20.4,256930.96,505078.64
300197.SZ,2015-03-25,20.5,20.5,19.67,19.84,239093.6,478446.93
300197.SZ,2015-03-26,19.48,19.52,18.81,18.98,183647.43,351854.96
300197.SZ,2015-03-27,18.99,20.28,18.99,20.0,166788.84,327661.67
300197.SZ,2015-03-30,20.03,20.3,19.6,19.82,117939.29,234225.32
300197.SZ,2015-03-31,19.6,20.68,19.48,20.3,170539.27,343106.3
300197.SZ,2015-04-01,20.9,20.9,20.22,20.33,121794.13,249586.56
300197.SZ,2015-04-02,20.5,21.3,20.43,21.2,147411.0,308773.87
300197.SZ,2015-04-03,20.89,21.25,20.7,21.07,106647.66,223960.99
300197.SZ,2015-04-07,21.0,22.2,20.92,21.95,158238.9,341452.41
300197.SZ,2015-04-08,22.1,22.58,20.91,21.4,139530.84,301516.69
300197.SZ,2015-04-09,21.12,21.39,19.71,20.77,129068.03,265277.22
300197.SZ,2015-04-10,20.8,21.5,20.5,21.06,95525.11,202132.55
300197.SZ,2015-04-13,21.17,22.17,21.17,21.4,103380.83,223203.01
300197.SZ,2015-04-14,21.39,21.39,20.71,20.75,99482.98,208336.54
300197.SZ,2015-04-15,20.77,20.98,20.02,20.12,91044.84,187367.87
300197.SZ,2015-04-16,20.12,21.39,20.09,21.1,108567.46,227566.24
300197.SZ,2015-04-17,21.58,22.18,21.2,21.77,140953.87,306973.59
300197.SZ,2015-04-20,21.63,23.95,21.21,23.55,215750.86,500757.34
300197.SZ,2015-04-21,23.43,24.62,23.02,24.26,132509.56,319441.03
300197.SZ,2015-04-22,24.81,25.86,23.8,23.95,159580.1,395148.6
300197.SZ,2015-04-23,23.7,24.58,23.6,24.19,103817.25,250101.66
300197.SZ,2015-04-24,23.98,24.49,23.5,24.1,93052.64,222580.49
300197.SZ,2015-04-27,24.09,25.0,23.92,24.0,101547.1,246806.23
300197.SZ,2015-04-28,23.98,24.08,22.65,22.73,96299.25,223950.47
300197.SZ,2015-04-29,22.72,23.36,22.72,23.16,59613.53,137562.82
300197.SZ,2015-04-30,23.0,24.39,23.0,24.0,97958.48,233203.53
300197.SZ,2015-05-04,24.35,24.4,23.55,24.26,83081.0,200386.01
300197.SZ,2015-05-05,24.4,24.53,22.96,23.98,85321.84,201789.18
300197.SZ,2015-05-06,23.93,25.11,23.9,24.16,123548.95,302707.96
300197.SZ,2015-05-07,23.86,24.39,21.74,21.75,187652.31,421412.99
300197.SZ,2015-05-08,22.1,22.94,21.78,22.94,102405.42,228154.58
300197.SZ,2015-05-11,22.96,24.0,22.8,23.74,98859.44,232146.52
300197.SZ,2015-05-12,23.94,23.94,23.17,23.78,108958.23,256720.7
300197.SZ,2015-05-13,23.67,25.84,23.2,25.48,223612.21,554901.03
300197.SZ,2015-05-14,25.11,26.6,25.01,25.1,141660.31,365218.18
300197.SZ,2015-05-15,25.4,27.61,24.95,27.61,168915.1,444355.27
300197.SZ,2015-05-18,28.88,30.37,28.0,30.37,238228.61,709528.47
300197.SZ,2015-05-19,30.7,32.66,29.0,30.39,176978.66,535868.35
300197.SZ,2015-05-20,30.3,31.6,29.38,29.88,145520.42,443789.69
300197.SZ,2015-05-21,29.9,32.87,29.9,32.87,215373.74,675467.39
300197.SZ,2015-06-09,36.12,36.12,32.0,33.8,216768.79,747877.85
300197.SZ,2015-06-10,32.9,34.74,32.1,33.56,160153.63,537197.76
300197.SZ,2015-06-11,33.29,35.3,33.21,33.9,131428.34,449424.79
300197.SZ,2015-06-12,34.4,34.72,32.64,32.75,126438.1,421560.56
300197.SZ,2015-06-15,32.9,36.03,32.9,36.03,210692.03,750959.45
300197.SZ,2015-11-09,21.62,21.62,21.62,21.62,11561.0,24994.88
300197.SZ,2015-11-10,19.46,19.46,19.46,19.46,17888.0,34810.05
300197.SZ,2015-11-11,17.51,21.4,17.51,20.44,972287.36,1792210.54
300197.SZ,2015-11-12,19.32,20.11,19.3,19.6,503704.95,990937.12
300197.SZ,2015-11-13,19.24,20.3,19.2,19.38,283787.18,559074.43
300197.SZ,2015-11-16,18.8,18.97,18.05,18.96,267243.23,497553.7
300197.SZ,2015-11-17,18.96,19.49,18.67,18.85,271052.16,518862.31
300197.SZ,2015-11-18,18.68,19.04,18.08,18.19,186231.93,345550.48
300197.SZ,2015-11-19,18.13,18.55,18.13,18.54,138367.28,254353.7
300197.SZ,2015-11-20,18.58,18.99,18.31,18.84,212832.53,398301.4
300197.SZ,2015-11-23,18.52,19.29,18.52,18.84,208860.98,395992.21
300197.SZ,2015-11-24,18.98,19.1,18.6,18.86,140172.78,263540.06
300197.SZ,2015-11-25,18.91,19.61,18.75,19.38,231703.61,447435.09
300197.SZ,2015-11-26,19.48,19.55,18.76,18.88,195467.45,372994.07
300197.SZ,2015-11-27,18.79,18.79,17.1,17.32,191294.01,345909.02
300197.SZ,2015-11-30,17.05,18.0,16.52,17.82,193791.31,338307.36
300197.SZ,2015-12-01,17.8,18.1,17.38,17.76,120985.85,214808.74
300197.SZ,2015-12-02,17.77,17.81,16.8,17.35,105956.69,183520.14
300197.SZ,2015-12-03,17.8,18.3,17.61,18.07,142633.35,256490.06
300197.SZ,2015-12-04,18.0,18.16,17.62,17.77,97818.6,174817.69
300197.SZ,2015-12-07,17.95,17.96,17.55,17.71,98545.91,174277.98
300197.SZ,2015-12-08,17.65,17.86,17.0,17.06,117088.3,203856.94
300197.SZ,2015-12-09,17.11,17.45,16.68,16.69,114186.4,193989.79
300197.SZ,2015-12-10,16.63,16.87,16.38,16.44,112999.73,187220.63
300197.SZ,2015-12-11,16.3,16.44,16.18,16.21,93669.75,152324.62
300197.SZ,2015-12-14,16.16,16.57,16.05,16.53,89069.41,145536.67
300197.SZ,2015-12-15,16.59,16.78,16.46,16.55,106847.76,177185.89
300197.SZ,2015-12-16,16.62,16.76,16.5,16.64,107860.4,179211.33
300197.SZ,2015-12-17,17.58,17.97,17.34,17.9,347936.56,613547.55
300197.SZ,2015-12-18,17.58,17.82,17.38,17.46,161668.84,283407.36
300197.SZ,2015-12-21,17.43,17.43,17.02,17.28,112371.18,193542.36
300197.SZ,2015-12-22,17.43,17.66,17.27,17.45,110299.87,192580.75
300197.SZ,2015-12-23,17.47,17.54,17.01,17.08,117138.55,201695.05
300197.SZ,2015-12-24,17.2,17.2,16.61,16.89,85648.83,144182.5
300197.SZ,2015-12-25,16.9,17.16,16.83,16.99,73287.31,124301.42
300197.SZ,2015-12-28,17.01,17.5,17.01,17.14,141251.46,243693.82
300197.SZ,2015-12-29,17.24,17.29,16.77,17.11,86104.46,146503.31
300197.SZ,2016-01-07,16.59,16.59,15.4,15.4,60477.9,95495.64
300197.SZ,2016-01-08,15.8,16.01,14.01,14.56,146939.07,222017.26
300197.SZ,2016-01-11,14.1,14.38,13.1,13.1,124236.21,169010.1
300197.SZ,2016-01-12,13.1,13.28,12.1,12.91,122399.42,154791.82
300197.SZ,2016-01-13,13.1,13.56,12.7,12.73,137183.28,180713.83
300197.SZ,2016-01-14,12.11,13.22,12.11,13.14,109138.33,139860.47
300197.SZ,2016-01-15,13.12,13.2,12.2,12.36,105917.96,134734.85
300197.SZ,2016-01-18,12.2,12.8,12.08,12.5,104733.41,130532.06
300197.SZ,2016-01-19,12.41,12.94,12.29,12.88,115109.53,145494.42
300197.SZ,2016-01-20,12.78,12.99,12.55,12.73,107297.09,137368.87
300197.SZ,2016-01-21,12.5,12.87,12.03,12.03,89131.73,111509.54
300197.SZ,2016-01-22,12.22,12.32,11.62,12.15,85222.39,102767.44
300197.SZ,2016-01-25,12.4,12.48,12.15,12.25,57268.33,70444.87
300197.SZ,2016-01-26,12.15,12.17,11.03,11.03,101260.23,116839.53
300197.SZ,2016-01-27,10.7,11.18,10.32,11.15,129241.83,139173.54
300197.SZ,2016-01-28,10.95,11.15,10.3,10.3,80684.53,87024.41
300197.SZ,2016-01-29,10.45,11.28,10.38,11.26,118610.81,128584.1
300197.SZ,2016-02-01,11.21,12.38,10.95,11.81,151960.64,175747.77
300197.SZ,2016-02-02,11.68,12.32,11.65,12.1,99011.11,120202.49
300197.SZ,2016-02-03,11.89,12.27,11.71,12.1,73041.67,87605.73
300197.SZ,2016-02-04,12.21,12.78,12.18,12.41,89961.55,112640.22
300197.SZ,2016-02-05,12.59,13.1,12.34,12.68,95416.09,120348.25
300197.SZ,2016-02-15,11.99,12.93,11.95,12.9,89263.88,111493.33
300197.SZ,2016-02-16,12.99,14.11,12.98,13.88,152352.86,210138.98
300197.SZ,2016-02-17,13.99,14.15,13.5,13.95,110592.98,153126.9
300197.SZ,2016-02-18,14.1,14.43,13.62,14.36,186523.53,261482.84
300197.SZ,2016-02-19,14.2,14.27,13.93,14.04,105603.67,148672.25
300197.SZ,2016-02-22,14.21,14.25,13.88,14.03,128523.47,180061.28
300197.SZ,2016-02-23,14.1,14.48,13.83,14.2,149256.06,211189.95
300197.SZ,2016-02-29,13.22,13.37,12.78,12.78,77677.05,100024.42
300197.SZ,2016-03-01,12.56,12.56,11.5,12.23,124777.29,150073.69
300197.SZ,2016-03-02,12.1,13.2,12.0,13.08,139442.58,175817.11
300197.SZ,2016-03-03,13.14,14.14,13.0,13.47,174795.99,239877.58
300197.SZ,2016-03-04,13.63,13.67,12.6,12.74,94112.4,123598.41
300197.SZ,2016-03-07,12.98,13.89,12.98,13.41,105978.73,141723.0
300197.SZ,2016-03-08,13.39,13.39,12.53,13.31,75024.55,98010.8
300197.SZ,2016-03-09,12.96,13.25,12.8,12.9,55364.0,72146.19
300197.SZ,2016-03-10,13.0,13.35,12.75,12.87,60072.02,78679.46
300197.SZ,2016-03-11,12.6,12.76,12.46,12.49,46143.69,58121.95
300197.SZ,2016-03-14,12.62,13.13,12.62,12.99,67596.73,87618.16
300197.SZ,2016-03-15,12.89,13.22,12.71,12.77,57524.59,74519.61
300197.SZ,2016-03-16,12.98,13.1,12.35,12.53,54048.74,68503.66
300197.SZ,2016-03-17,12.65,13.0,12.54,12.94,79538.86,102110.2
300197.SZ,2016-03-18,13.27,13.77,13.27,13.58,141911.06,191697.58
300197.SZ,2016-03-21,13.77,14.13,13.6,13.92,159977.0,221572.99
300197.SZ,2016-03-22,13.77,14.3,13.61,14.2,153748.04,215174.71
300197.SZ,2016-03-23,14.01,14.15,13.8,14.01,120294.55,167682.84
300197.SZ,2016-03-24,13.9,14.14,13.6,13.65,114019.65,157493.96
300197.SZ,2016-03-25,13.73,13.77,13.47,13.7,61025.0,83194.26
300197.SZ,2016-03-28,13.76,13.94,13.52,13.66,67057.61,92403.69
300197.SZ,2016-03-29,13.55,13.67,13.1,13.35,64293.15,85830.74
300197.SZ,2016-03-30,13.44,13.97,13.44,13.91,96211.91,132399.17
300197.SZ,2016-03-31,13.96,14.1,13.69,13.85,73041.73,101004.07
300197.SZ,2016-04-01,13.84,13.84,13.3,13.5,57479.73,77793.29
300197.SZ,2016-04-05,13.48,13.9,13.4,13.8,74707.33,102427.34
300197.SZ,2016-04-06,13.68,14.02,13.66,13.88,85102.02,118267.19
300197.SZ,2016-04-07,13.92,13.96,13.47,13.5,84630.27,115425.31
300197.SZ,2016-04-08,13.36,13.59,13.3,13.41,54023.32,72364.89
300197.SZ,2016-04-11,13.56,13.98,13.45,13.71,78871.19,108627.23
300197.SZ,2016-04-12,13.7,13.79,13.61,13.79,62154.66,85217.94
300197.SZ,2016-04-13,13.95,14.13,13.8,13.99,161220.61,225919.13
300197.SZ,2016-04-14,14.1,14.28,13.91,14.25,116938.83,164834.06
300197.SZ,2016-04-15,14.25,15.08,14.18,15.06,227157.69,335473.54
300197.SZ,2016-04-18,15.11,15.99,14.71,15.7,297325.7,456880.87
300197.SZ,2016-04-19,15.5,16.12,15.2,15.31,234351.11,367582.27
300197.SZ,2016-04-20,15.47,15.8,14.11,15.08,212169.26,320303.1
300197.SZ,2016-04-21,14.8,15.29,14.57,14.72,134614.8,199878.49
300197.SZ,2016-04-22,14.58,15.19,14.58,15.09,106869.07,159930.47
300197.SZ,2016-04-25,14.97,15.19,14.55,14.73,78208.39,115418.21
300197.SZ,2016-04-26,14.68,15.47,14.56,15.42,116014.76,175101.44
300197.SZ,2016-04-27,15.31,16.17,15.31,15.64,206649.85,325864.35
300197.SZ,2016-04-28,15.55,15.55,14.85,15.23,105795.08,160810.14
300197.SZ,2016-04-29,15.17,15.48,14.88,15.21,106580.36,162547.37
300197.SZ,2016-05-03,15.01,15.49,14.73,15.49,105473.4,160703.13
300197.SZ,2016-05-04,15.28,16.06,15.24,15.79,153521.41,242653.94
300197.SZ,2016-05-05,16.0,16.09,15.49,15.7,98126.27,154291.01
300197.SZ,2016-05-06,15.6,15.94,14.98,14.98,140213.0,216686.67
300197.SZ,2016-05-09,14.75,14.96,13.48,13.6,154795.76,218440.83
300197.SZ,2016-05-10,13.6,14.2,13.53,13.88,110270.74,153041.09
300197.SZ,2016-05-11,13.9,14.1,13.45,13.72,99305.83,137028.37
300197.SZ,2016-05-12,13.56,13.7,13.17,13.63,74857.51,100949.84
300197.SZ,2016-05-13,13.54,13.87,13.43,13.51,41096.97,56044.77
300197.SZ,2016-05-16,13.5,13.78,13.5,13.78,42646.11,58288.57
300197.SZ,2016-05-17,13.79,14.16,13.67,14.05,83813.6,117333.62
300197.SZ,2016-05-18,13.89,14.0,13.3,13.39,76682.39,103971.3
300197.SZ,2016-05-19,12.3,12.36,11.81,11.96,68404.44,83102.64
300197.SZ,2016-05-20,11.96,12.35,11.9,12.27,51883.44,62842.72
300197.SZ,2016-05-23,12.26,12.48,12.16,12.4,50608.29,62364.77
300197.SZ,2016-05-24,12.4,12.4,11.97,12.1,51435.76,62200.42
300197.SZ,2016-05-25,12.21,12.28,11.95,12.03,34950.86,42311.47
300197.SZ,2016-05-26,12.06,12.35,11.63,12.35,73897.96,89064.88
300197.SZ,2016-05-27,12.17,12.32,12.05,12.1,49631.91,60357.64
300197.SZ,2016-05-30,12.04,12.48,11.81,12.18,66851.56,81205.73
300197.SZ,2016-05-31,12.04,12.77,12.04,12.75,118681.79,148119.5
300197.SZ,2016-06-01,13.03,13.7,13.03,13.14,157827.23,209299.85
300197.SZ,2016-06-02,13.09,13.29,12.95,13.18,85204.4,111723.18
300197.SZ,2016-06-03,13.1,13.45,13.1,13.27,95375.1,126442.93
300197.SZ,2016-06-06,13.28,13.47,13.1,13.4,90065.11,120081.34
300197.SZ,2016-06-07,13.4,13.42,13.1,13.17,52769.92,69650.6
300197.SZ,2016-06-08,13.16,13.26,13.05,13.14,41513.75,54641.11
300197.SZ,2016-06-13,13.0,13.51,12.67,12.89,140532.17,183302.04
300197.SZ,2016-06-14,12.69,12.89,12.32,12.4,80144.65,100554.05
300197.SZ,2016-06-15,12.3,12.8,12.11,12.67,73554.39,92634.93
300197.SZ,2016-06-16,12.7,12.88,12.56,12.58,56805.51,72136.88
300197.SZ,2016-06-17,12.69,12.85,12.57,12.65,49212.95,62595.38
300197.SZ,2016-06-20,12.6,12.69,12.4,12.62,39187.69,49074.14
300197.SZ,2016-06-21,12.7,12.91,12.63,12.67,64235.03,81988.61
300197.SZ,2016-06-22,12.58,12.83,12.56,12.8,45837.46,58297.01
300197.SZ,2016-06-23,12.86,13.4,12.57,13.09,120838.56,157133.77
300197.SZ,2016-06-24,13.0,13.06,12.43,12.73,87927.52,112716.37
300197.SZ,2016-06-27,12.68,13.02,12.52,13.01,65802.32,84949.85
300197.SZ,2016-06-28,12.95,13.14,12.85,13.11,73921.17,96201.86
300197.SZ,2016-06-29,13.14,13.5,13.11,13.38,117568.05,156569.35
300197.SZ,2016-06-30,13.36,14.15,13.36,13.86,182004.21,252204.27
300197.SZ,2016-07-01,13.86,14.24,13.65,14.01,124090.18,173277.13
300197.SZ,2016-07-04,13.8,14.23,13.8,14.0,132171.73,185543.24
300197.SZ,2016-07-05,14.19,14.19,13.87,13.96,69213.98,96870.15
300197.SZ,2016-07-06,13.91,14.13,13.9,14.0,63617.47,89059.32
300197.SZ,2016-07-07,14.21,14.21,13.58,13.75,102563.89,140808.49
300197.SZ,2016-07-08,13.7,13.79,13.42,13.46,55889.14,75825.29
300197.SZ,2016-07-11,13.55,13.65,13.28,13.42,71544.71,96395.01
300197.SZ,2016-07-12,13.42,13.65,13.29,13.58,68442.31,92210.33
300197.SZ,2016-07-13,13.56,13.88,13.53,13.72,107597.02,147527.52
300197.SZ,2016-07-14,13.71,13.8,13.55,13.68,46844.03,64118.06
300197.SZ,2016-07-15,13.78,14.03,13.69,13.96,99854.76,138579.44
300197.SZ,2016-07-18,13.95,14.15,13.76,13.8,82099.51,114728.0
300197.SZ,2016-07-19,13.8,13.9,13.55,13.78,48190.48,65896.56
300197.SZ,2016-07-20,13.94,14.06,13.68,13.78,59421.24,82362.89
300197.SZ,2016-07-21,13.74,14.05,13.73,13.94,80197.59,111663.68
300197.SZ,2016-07-22,13.98,14.03,13.67,13.69,48736.97,67387.74
300197.SZ,2016-07-25,13.63,13.8,13.6,13.66,46405.55,63442.88
300197.SZ,2016-07-26,13.66,14.19,13.61,14.1,108257.78,151499.29
300197.SZ,2016-07-27,13.99,14.13,13.03,13.35,118756.93,161684.12
300197.SZ,2016-07-28,13.35,13.63,13.21,13.47,71148.24,95544.73
300197.SZ,2016-07-29,13.61,13.61,13.25,13.37,43903.1,59190.22
300197.SZ,2016-08-01,13.37,13.43,13.01,13.11,41935.72,54991.23
300197.SZ,2016-08-02,13.19,13.36,13.06,13.28,48205.19,63853.97
300197.SZ,2016-08-03,13.2,13.87,13.2,13.7,75036.35,101736.13
300197.SZ,2016-08-04,13.57,14.14,13.33,14.1,140375.26,196065.7
300197.SZ,2016-08-05,14.01,14.07,13.79,13.79,65243.51,90817.71
300197.SZ,2016-08-08,13.79,15.16,13.79,14.95,245054.02,359261.07
300197.SZ,2016-08-09,14.9,16.15,14.9,15.94,376375.11,589113.09
300197.SZ,2016-08-10,15.95,16.42,15.67,15.93,251266.4,402556.87
300197.SZ,2016-08-11,16.05,16.11,15.41,15.6,137266.3,214867.13
300197.SZ,2016-08-12,15.66,16.19,15.66,15.77,166911.33,266013.08
300197.SZ,2016-08-15,15.75,16.75,15.72,16.4,186785.1,305655.26
300197.SZ,2016-08-16,16.32,17.26,16.32,17.1,258886.31,439042.96
300197.SZ,2016-08-17,16.96,17.32,16.72,16.88,137890.39,234714.96
300197.SZ,2016-08-18,16.89,17.1,16.45,16.62,130048.75,216747.66
300197.SZ,2016-08-19,16.64,17.31,16.51,17.06,125565.33,213530.01
300197.SZ,2016-08-22,16.95,17.26,16.69,16.95,110384.46,187423.23
300197.SZ,2016-08-23,16.84,17.2,16.28,16.51,111447.19,186230.54
300197.SZ,2016-08-24,16.53,16.96,16.21,16.75,125926.69,208871.19
300197.SZ,2016-08-25,16.65,17.28,16.51,16.82,82842.57,140014.08
300197.SZ,2016-08-26,16.98,18.5,16.83,18.5,320180.98,580686.86
300197.SZ,2016-08-29,18.6,19.75,18.18,18.6,302374.62,572884.66
300197.SZ,2016-08-30,18.6,18.96,18.1,18.24,172108.43,319374.89
300197.SZ,2016-08-31,18.2,19.09,18.0,18.26,167138.3,309651.56
300197.SZ,2016-09-01,17.9,18.8,17.9,18.15,124404.68,228483.2
300197.SZ,2016-09-02,18.1,18.45,17.03,17.78,116252.83,208721.57
300197.SZ,2016-09-05,17.79,18.99,17.78,18.62,138214.17,256618.95
300197.SZ,2016-09-06,18.78,20.18,18.47,20.0,326234.48,639131.69
300197.SZ,2016-09-07,20.05,20.98,19.66,19.8,270170.43,551620.1
300197.SZ,2016-09-08,20.0,20.35,19.43,20.25,148746.55,295915.58
300197.SZ,2016-09-09,20.0,20.23,18.8,18.8,213969.18,414096.91
300197.SZ,2016-09-12,18.2,19.39,18.18,18.91,183500.78,346789.08
300197.SZ,2016-09-13,18.93,19.47,17.9,18.26,181113.86,336410.32
300197.SZ,2016-09-14,18.25,18.69,18.03,18.34,101969.88,187327.24
300197.SZ,2016-09-19,18.19,19.2,18.19,18.55,116596.91,218963.83
300197.SZ,2016-09-20,18.85,19.3,17.96,18.0,186707.28,345894.71
300197.SZ,2016-09-21,18.0,18.58,17.75,18.32,141891.54,257290.8
300197.SZ,2016-09-22,18.48,18.95,18.36,18.66,125662.71,234619.06
300197.SZ,2016-09-23,18.76,19.23,18.5,18.86,215701.43,407857.4
300197.SZ,2016-09-26,12.35,12.47,11.85,11.89,345619.73,420882.85
300197.SZ,2016-09-27,11.8,11.8,10.7,11.49,415777.04,467516.24
300197.SZ,2016-09-28,11.35,11.35,10.87,11.13,314900.66,348454.85
300197.SZ,2016-09-29,11.13,11.47,11.1,11.26,197983.99,224304.28
300197.SZ,2016-09-30,11.19,12.08,11.18,11.87,203385.49,237089.04
300197.SZ,2016-10-10,11.87,12.83,11.87,12.56,251731.73,312514.85
300197.SZ,2016-10-11,12.58,12.8,12.29,12.72,189339.64,236768.37
300197.SZ,2016-10-12,12.59,13.09,12.45,12.85,221212.01,282347.69
300197.SZ,2016-10-13,12.85,13.36,12.8,12.92,308787.41,403550.74
300197.SZ,2016-10-14,12.81,13.15,12.48,12.79,205920.38,262107.37
300197.SZ,2016-10-17,12.6,13.03,12.3,12.4,348987.7,438484.59
300197.SZ,2016-10-18,12.45,12.9,12.4,12.9,252541.59,319353.66
300197.SZ,2016-10-19,13.06,13.19,12.65,12.77,263640.98,338219.99
300197.SZ,2016-10-20,12.75,12.8,12.43,12.56,234165.48,293964.61
300197.SZ,2016-10-21,12.5,12.57,12.04,12.46,220042.74,271350.48
300197.SZ,2016-10-24,12.49,12.58,12.3,12.43,180375.83,224296.74
300197.SZ,2016-10-25,12.48,12.52,12.28,12.38,142774.61,176555.63
300197.SZ,2016-10-26,12.43,12.43,11.95,12.04,220751.38,267473.16
300197.SZ,2016-10-27,12.03,12.11,11.8,12.07,143219.31,171603.3
300197.SZ,2016-10-28,12.04,12.44,11.96,11.99,287185.63,349420.84
300197.SZ,2016-10-31,11.8,12.05,11.74,11.89,141762.7,168431.48
300197.SZ,2016-11-01,11.95,12.44,11.78,12.3,282746.72,342417.78
300197.SZ,2016-11-02,12.16,12.23,11.86,11.87,216450.72,259495.13
300197.SZ,2016-11-03,11.8,12.05,11.62,11.79,195433.73,230491.05
300197.SZ,2016-11-04,11.83,11.96,11.64,11.69,111247.18,130927.55
300197.SZ,2016-11-07,11.62,11.75,11.58,11.6,108680.48,126580.23
300197.SZ,2016-11-08,11.66,11.7,11.55,11.59,102487.77,118928.0
300197.SZ,2016-11-09,11.62,11.71,11.25,11.56,159638.15,184314.14
300197.SZ,2016-11-10,11.66,11.85,11.64,11.66,159539.64,187317.42
300197.SZ,2016-11-11,11.72,12.16,11.44,11.88,290060.53,342987.06
300197.SZ,2016-11-14,11.76,11.98,11.7,11.9,201080.16,238548.11
300197.SZ,2016-11-15,11.86,11.88,11.72,11.78,117229.59,137904.91
300197.SZ,2016-11-16,11.81,12.1,11.81,11.9,220236.78,263693.57
300197.SZ,2016-11-17,11.88,11.88,11.62,11.67,127190.54,148638.51
300197.SZ,2016-11-18,11.68,11.73,11.47,11.51,107401.45,124450.7
300197.SZ,2016-11-21,11.45,11.64,11.4,11.52,94240.02,108316.62
300197.SZ,2016-11-22,11.57,11.63,11.46,11.6,121014.75,139942.93
300197.SZ,2016-11-23,11.74,11.85,11.6,11.71,159711.35,187518.12
300197.SZ,2016-11-24,11.72,12.05,11.71,11.99,332759.76,397959.92
300197.SZ,2016-11-25,12.38,12.4,12.0,12.25,309040.79,377299.46
300197.SZ,2016-11-28,12.34,12.8,12.01,12.64,406820.96,508842.86
300197.SZ,2016-11-29,12.6,13.4,12.42,12.81,524585.78,681673.63
300197.SZ,2016-11-30,12.73,12.94,12.26,12.33,318122.98,399770.78
300197.SZ,2016-12-01,12.45,13.09,12.45,12.67,302756.5,386753.44
300197.SZ,2016-12-02,12.7,13.04,12.5,12.77,245742.13,312767.8
300197.SZ,2016-12-05,12.72,12.72,12.18,12.26,210727.0,261111.78
300197.SZ,2016-12-06,12.35,12.45,11.98,12.26,184088.07,224472.68
300197.SZ,2016-12-07,12.19,12.8,12.13,12.8,216885.47,270968.52
300197.SZ,2016-12-08,12.76,13.06,12.5,12.56,217855.13,278695.95
300197.SZ,2016-12-09,12.5,12.69,12.2,12.2,174608.56,215761.97
300197.SZ,2016-12-12,12.12,12.21,11.67,11.82,216869.95,259003.77
300197.SZ,2016-12-13,11.77,12.35,11.7,12.18,224133.66,272352.85
300197.SZ,2016-12-14,12.21,12.21,11.73,11.76,158036.79,187851.02
300197.SZ,2016-12-15,11.78,12.03,11.7,11.91,147464.61,174967.34
300197.SZ,2016-12-16,11.81,12.05,11.75,12.03,104912.12,125431.28
300197.SZ,2016-12-19,12.0,12.03,11.85,12.0,102177.16,122036.36
300197.SZ,2016-12-20,12.03,12.75,12.02,12.67,314009.7,391059.43
300197.SZ,2016-12-21,12.73,12.88,12.42,12.74,222054.2,281511.03
300197.SZ,2016-12-22,12.74,12.87,12.53,12.69,160069.15,202975.99
300197.SZ,2016-12-23,12.7,12.74,12.29,12.31,139096.98,173074.33
300197.SZ,2016-12-26,12.28,12.68,12.22,12.63,180809.07,225887.51
300197.SZ,2016-12-27,12.9,13.3,12.71,12.77,391770.43,510059.27
300197.SZ,2016-12-28,12.89,13.0,12.6,12.73,228821.41,292976.24
300197.SZ,2016-12-29,12.68,12.76,12.5,12.55,110177.91,138963.8
300197.SZ,2016-12-30,12.65,12.85,12.42,12.68,176697.56,224183.52
300197.SZ,2017-01-03,12.67,12.85,12.57,12.78,106231.6,135270.89
300197.SZ,2017-01-04,12.78,13.05,12.72,13.04,199503.72,258051.14
300197.SZ,2017-01-05,13.04,13.1,12.68,12.69,181074.72,232766.42
300197.SZ,2017-01-06,12.64,12.83,12.45,12.6,149388.55,188369.41
300197.SZ,2017-01-09,12.6,12.71,12.45,12.55,126578.78,159051.53
300197.SZ,2017-01-10,12.6,12.95,12.57,12.78,167548.34,214058.07
300197.SZ,2017-01-11,12.7,12.76,11.95,12.25,289793.35,355833.02
300197.SZ,2017-01-12,12.22,12.22,11.84,11.92,153498.28,183769.51
300197.SZ,2017-01-13,11.92,12.12,11.75,11.81,101792.07,120883.19
300197.SZ,2017-01-16,11.98,11.98,11.01,11.51,135524.43,156899.96
300197.SZ,2017-01-17,11.5,11.66,11.21,11.6,73349.86,84112.82
300197.SZ,2017-01-18,11.6,11.65,11.43,11.49,56082.28,64683.77
300197.SZ,2017-01-19,11.56,11.58,11.44,11.48,44787.76,51575.93
300197.SZ,2017-01-20,11.55,11.75,11.4,11.7,61053.52,70984.85
300197.SZ,2017-01-23,11.85,12.18,11.85,11.93,116994.01,140727.15
300197.SZ,2017-01-24,11.93,12.17,11.93,12.01,75234.22,90804.6
300197.SZ,2017-01-25,12.02,12.05,11.86,12.0,41483.64,49689.0
300197.SZ,2017-01-26,12.1,12.18,12.0,12.07,33013.64,39841.74
300197.SZ,2017-02-03,12.17,12.17,11.96,12.1,44809.71,54000.97
300197.SZ,2017-02-06,12.09,12.68,12.03,12.61,192083.84,240332.94
300197.SZ,2017-02-07,12.6,12.69,12.39,12.48,105729.08,132317.79
300197.SZ,2017-02-08,12.41,12.53,12.24,12.47,107607.33,133189.27
300197.SZ,2017-02-09,12.48,12.77,12.43,12.59,150114.92,189994.63
300197.SZ,2017-02-10,12.55,12.79,12.44,12.48,130563.76,164638.88
300197.SZ,2017-02-13,12.48,12.55,12.15,12.38,153589.33,189089.41
300197.SZ,2017-02-14,12.36,12.45,12.31,12.38,75221.77,93245.97
300197.SZ,2017-02-15,12.4,12.45,12.18,12.27,102987.3,126462.21
300197.SZ,2017-02-16,12.26,12.34,12.18,12.24,54624.12,66884.84
300197.SZ,2017-02-17,12.3,12.3,12.04,12.07,72951.54,88557.79
300197.SZ,2017-02-20,12.06,12.17,11.8,12.14,167605.71,201164.62
300197.SZ,2017-02-21,12.0,12.17,11.88,12.16,169215.54,203608.93
300197.SZ,2017-02-22,12.17,12.28,11.92,12.0,189246.38,228448.67
300197.SZ,2017-02-23,12.03,12.05,11.8,11.9,163962.46,194643.51
300197.SZ,2017-02-24,11.85,11.95,11.8,11.92,91365.91,108658.18
300197.SZ,2017-02-27,11.93,12.2,11.93,12.07,154573.12,186507.58
300197.SZ,2017-02-28,11.95,12.16,11.95,12.1,154546.19,186549.28
300197.SZ,2017-03-01,12.14,12.14,11.92,11.95,178992.35,214772.38
300197.SZ,2017-03-02,11.95,12.01,11.75,11.76,153803.94,182244.2
300197.SZ,2017-03-03,11.75,11.84,11.58,11.84,118916.79,139164.67
300197.SZ,2017-03-06,11.84,11.93,11.76,11.84,134976.73,159619.45
300197.SZ,2017-03-07,11.87,12.03,11.86,11.95,136228.63,162938.1
300197.SZ,2017-03-08,11.93,11.99,11.88,11.93,73873.07,88049.86
300197.SZ,2017-03-09,11.93,11.93,11.7,11.75,104671.25,123477.85
300197.SZ,2017-03-10,11.67,11.82,11.65,11.66,65453.27,76632.41
300197.SZ,2017-03-13,11.67,11.98,11.6,11.86,121759.28,143919.09
300197.SZ,2017-03-14,11.93,12.44,11.9,12.22,331463.45,405794.62
300197.SZ,2017-03-15,12.22,13.28,12.18,12.98,580185.41,740255.3
300197.SZ,2017-03-16,12.98,13.27,12.8,12.98,416447.98,542219.84
300197.SZ,2017-03-17,12.82,13.28,12.68,12.94,384333.38,499604.16
300197.SZ,2017-03-20,12.95,13.33,12.81,13.1,267282.93,349512.24
300197.SZ,2017-03-21,13.03,14.14,13.02,13.6,461458.66,629489.12
300197.SZ,2017-03-22,13.35,13.75,13.09,13.3,565122.33,758488.99
300197.SZ,2017-03-23,13.27,13.33,12.83,13.1,335895.66,440205.72
300197.SZ,2017-03-24,13.07,13.35,12.97,13.13,325767.27,430117.18
300197.SZ,2017-03-27,13.28,13.71,13.16,13.43,438726.67,590388.26
300197.SZ,2017-03-28,13.33,13.44,13.15,13.23,197341.45,261900.27
300197.SZ,2017-03-29,13.19,13.37,13.0,13.0,223591.51,294069.59
300197.SZ,2017-03-30,12.92,13.09,12.7,12.72,222832.83,286133.79
300197.SZ,2017-03-31,12.7,13.55,12.69,13.4,376380.13,498493.5
300197.SZ,2017-04-05,14.0,14.74,13.99,14.74,812608.52,1181162.43
300197.SZ,2017-04-06,15.03,15.18,14.09,14.55,706316.73,1032468.38
300197.SZ,2017-04-07,14.48,15.38,14.2,14.55,589348.85,865738.53
300197.SZ,2017-04-10,14.61,15.5,14.61,14.85,685255.95,1032136.58
300197.SZ,2017-04-11,14.87,15.3,14.38,14.87,462635.67,684966.01
300197.SZ,2017-04-12,14.9,15.15,14.26,14.29,384384.9,563591.86
300197.SZ,2017-04-13,14.26,15.0,14.26,14.61,315339.12,463111.32
300197.SZ,2017-04-14,14.68,15.25,14.47,14.88,446463.31,665897.46
300197.SZ,2017-04-17,14.9,15.41,14.7,14.93,311326.6,468738.89
300197.SZ,2017-04-18,15.05,15.38,14.83,15.13,278714.17,422538.24
300197.SZ,2017-04-19,14.98,14.98,14.2,14.74,347157.01,505726.25
300197.SZ,2017-04-20,14.61,14.86,14.36,14.75,213189.38,311682.65
300197.SZ,2017-04-21,14.7,14.94,14.01,14.37,227641.55,329335.15
300197.SZ,2017-04-24,14.03,14.65,13.77,14.17,220550.72,311721.04
300197.SZ,2017-04-25,14.1,14.31,13.88,13.88,170723.94,240780.07
300197.SZ,2017-04-26,13.83,14.3,13.75,14.22,151248.57,213790.56
300197.SZ,2017-04-27,14.15,14.74,14.0,14.73,231716.88,333512.39
300197.SZ,2017-04-28,14.72,15.35,14.6,15.07,337437.35,509826.32
300197.SZ,2017-05-02,15.21,15.24,14.83,14.95,141785.06,212418.48
300197.SZ,2017-05-03,15.0,15.23,14.84,14.93,132390.12,198524.08
300197.SZ,2017-05-04,14.9,15.5,14.69,15.04,221588.66,334878.19
300197.SZ,2017-05-05,14.94,15.0,14.51,14.69,174823.92,258358.88
300197.SZ,2017-05-08,14.65,14.8,13.33,13.77,255636.39,358342.42
300197.SZ,2017-05-09,13.65,13.86,13.35,13.5,217517.56,295158.23
300197.SZ,2017-05-10,13.46,13.75,13.15,13.15,134637.38,181764.6
300197.SZ,2017-05-11,13.05,13.6,12.9,13.5,160202.07,213471.4
300197.SZ,2017-05-12,13.49,13.72,13.41,13.58,99494.29,135291.31
300197.SZ,2017-05-15,13.65,13.75,13.4,13.46,93832.15,127232.7
300197.SZ,2017-05-16,13.39,14.05,12.91,14.02,235925.12,315878.32
300197.SZ,2017-05-17,13.88,14.1,13.65,13.8,121691.63,169296.8
300197.SZ,2017-05-18,13.64,14.17,13.5,13.83,152497.17,212123.66
300197.SZ,2017-05-19,13.76,13.85,13.55,13.7,101861.07,139666.86
300197.SZ,2017-05-22,13.7,14.05,13.44,13.6,109733.78,150972.57
300197.SZ,2017-05-23,13.6,13.65,12.24,12.24,470678.31,593558.06
300197.SZ,2017-05-24,12.17,12.19,11.6,12.11,330419.18,393385.88
300197.SZ,2017-05-25,12.0,12.25,11.84,12.09,174214.91,210034.66
300197.SZ,2017-05-26,12.15,12.4,12.07,12.4,198695.3,243120.75
300197.SZ,2017-05-31,12.55,12.68,11.8,11.82,252243.24,305422.56
300197.SZ,2017-06-01,11.9,12.34,11.75,12.0,290673.76,350936.45
300197.SZ,2017-06-02,11.91,12.06,11.43,12.0,226988.45,267488.61
300197.SZ,2017-06-05,12.0,12.41,11.96,12.33,185806.88,228230.33
300197.SZ,2017-06-06,12.4,12.63,12.26,12.44,156287.6,194991.59
300197.SZ,2017-06-07,12.34,12.87,12.34,12.8,171734.48,218129.2
300197.SZ,2017-06-08,12.83,13.04,12.68,12.75,178569.48,229076.96
300197.SZ,2017-06-09,12.8,12.83,12.25,12.5,188601.08,234873.5
300197.SZ,2017-06-12,12.39,12.54,12.21,12.23,137285.3,169973.95
300197.SZ,2017-06-13,12.26,12.52,12.2,12.5,120228.69,148655.38
300197.SZ,2017-06-14,12.48,12.76,12.41,12.51,151435.24,190625.04
300197.SZ,2017-06-15,12.48,12.98,12.48,12.98,183286.64,234733.97
300197.SZ,2017-06-16,12.98,13.4,12.81,13.39,208330.94,272848.34
300197.SZ,2017-06-19,13.23,13.59,13.23,13.39,142755.1,191363.79
300197.SZ,2017-06-20,13.48,13.75,13.41,13.5,170085.58,230898.61
300197.SZ,2017-06-21,13.52,13.55,12.98,13.2,164878.15,218150.29
300197.SZ,2017-06-22,13.27,13.35,12.96,13.0,109357.87,144446.39
300197.SZ,2017-06-23,12.97,13.37,12.88,13.3,89190.55,116789.11
300197.SZ,2017-06-26,13.32,13.55,13.21,13.45,125353.4,168169.14
300197.SZ,2017-06-27,13.5,13.68,13.28,13.66,157069.61,211231.26
300197.SZ,2017-06-28,13.51,13.68,13.47,13.49,78038.47,105923.03
300197.SZ,2017-06-29,13.49,13.58,12.98,13.18,173516.11,229751.46
300197.SZ,2017-06-30,13.1,13.47,12.98,13.28,140100.96,184592.59
300197.SZ,2017-07-03,13.45,13.88,13.32,13.8,177286.45,242076.66
300197.SZ,2017-07-04,13.82,13.94,13.59,13.66,117964.0,162340.48
300197.SZ,2017-07-05,13.68,14.02,13.68,13.99,170849.88,237308.22
300197.SZ,2017-07-06,13.98,14.05,13.79,13.95,134059.9,187087.43
300197.SZ,2017-07-07,13.87,14.25,13.72,14.04,144101.32,201715.3
300197.SZ,2017-07-10,14.2,14.36,13.89,13.89,141436.2,200068.37
300197.SZ,2017-07-11,13.91,14.13,13.7,13.71,136152.53,190031.73
300197.SZ,2017-07-12,13.65,13.76,13.32,13.75,114295.02,155032.09
300197.SZ,2017-07-13,13.73,13.76,13.4,13.62,84319.45,114751.3
300197.SZ,2017-07-14,13.55,13.55,12.46,12.88,404508.2,523928.74
300197.SZ,2017-07-17,12.52,12.7,12.05,12.19,291767.1,360871.27
300197.SZ,2017-07-18,12.19,12.45,11.98,12.29,161605.82,197186.41
300197.SZ,2017-07-19,12.29,12.8,12.21,12.72,169326.44,212851.87
300197.SZ,2017-07-20,12.61,13.05,12.61,12.83,140225.61,181307.59
300197.SZ,2017-07-21,12.9,13.32,12.77,13.15,138744.53,182368.67
300197.SZ,2017-07-24,13.16,13.3,12.95,13.16,77616.07,101717.23
300197.SZ,2017-07-25,13.25,13.45,13.0,13.04,63642.82,83999.68
300197.SZ,2017-07-26,13.1,13.14,12.63,12.75,91284.03,116632.35
300197.SZ,2017-07-27,12.8,13.11,12.5,13.03,80872.33,104204.61
300197.SZ,2017-07-28,13.09,13.2,12.83,13.07,94338.5,122591.11
300197.SZ,2017-07-31,13.19,13.2,12.69,12.87,176088.87,225730.97
300197.SZ,2017-08-01,12.98,12.99,12.51,12.6,180118.86,227270.21
300197.SZ,2017-08-02,12.6,12.62,12.25,12.3,160028.83,198391.54
300197.SZ,2017-08-03,12.45,12.45,12.16,12.32,140918.38,173690.05
300197.SZ,2017-09-29,13.55,13.55,12.91,13.54,568039.43,755273.15
300197.SZ,2017-10-09,13.83,14.13,13.6,14.11,379349.65,526560.26
300197.SZ,2017-10-10,13.92,14.33,13.77,14.11,265537.13,372870.52
300197.SZ,2017-10-11,14.11,14.56,13.94,14.36,214916.38,307680.35
300197.SZ,2017-10-12,14.33,14.49,14.11,14.14,148353.11,211248.2
300197.SZ,2017-10-13,14.25,14.64,13.92,14.62,238325.38,341236.75
300197.SZ,2017-10-16,14.58,14.88,14.45,14.5,198043.79,290275.43
300197.SZ,2017-10-17,14.38,14.59,14.05,14.32,127336.79,182202.17
300197.SZ,2017-10-18,14.4,14.87,14.39,14.56,157832.13,232247.42
300197.SZ,2017-10-19,14.56,14.86,14.48,14.51,91646.31,134334.42
300197.SZ,2017-10-20,14.42,14.52,14.01,14.37,114379.22,163255.85
300197.SZ,2017-10-23,14.48,15.1,14.46,14.84,195178.0,291028.78
300197.SZ,2017-10-24,14.84,15.33,14.71,15.09,188975.62,286051.71
300197.SZ,2017-10-25,15.0,15.64,14.9,15.4,191974.78,295291.9
300197.SZ,2017-10-26,15.43,15.6,14.97,15.39,211242.41,321609.78
300197.SZ,2017-10-27,15.18,15.4,14.91,15.06,156048.36,235403.76
300197.SZ,2017-10-30,15.08,15.12,14.31,14.56,186491.14,272408.6
300197.SZ,2017-10-31,14.57,14.77,14.45,14.7,99735.53,145814.89
300197.SZ,2017-11-01,14.77,14.78,14.22,14.38,168453.3,242846.71
300197.SZ,2017-11-02,14.32,14.32,13.71,13.75,229055.88,318322.08
300197.SZ,2017-11-03,13.61,13.84,12.91,13.16,315333.39,418645.26
300197.SZ,2017-11-06,13.25,13.56,13.02,13.48,175163.62,233555.46
300197.SZ,2017-11-07,13.4,13.59,13.3,13.46,110136.5,148181.44
300197.SZ,2017-11-08,13.47,13.52,13.13,13.16,170671.84,227750.27
300197.SZ,2017-11-09,13.26,13.29,12.98,13.25,143319.55,187879.03
300197.SZ,2017-11-10,13.23,13.37,12.97,13.02,192332.39,252388.76
300197.SZ,2017-11-13,12.99,13.08,12.66,12.82,291365.28,373027.17
300197.SZ,2017-11-14,12.89,13.34,12.82,13.11,249082.28,327145.68
300197.SZ,2017-11-15,13.15,13.15,12.83,12.85,139144.61,179930.34
300197.SZ,2017-11-16,12.84,13.0,12.84,12.88,79288.27,102466.39
300197.SZ,2017-11-17,12.8,12.8,11.98,12.06,329326.94,402936.86
300197.SZ,2017-11-20,12.1,12.15,11.71,11.96,165569.08,197663.08
300197.SZ,2017-11-21,11.9,11.95,11.4,11.53,398293.72,462364.58
300197.SZ,2017-11-22,11.57,11.75,11.33,11.45,279926.19,323530.81
300197.SZ,2017-11-23,11.56,11.72,11.4,11.46,255322.32,295068.35
300197.SZ,2017-11-24,11.45,11.73,11.06,11.7,218679.81,249231.19
300197.SZ,2017-11-27,11.69,11.75,11.45,11.58,122047.29,141679.92
300197.SZ,2017-11-28,11.58,11.75,11.58,11.72,111967.03,130837.19
300197.SZ,2017-11-29,11.72,11.76,11.48,11.69,112903.87,131205.0
300197.SZ,2017-11-30,11.64,11.87,11.64,11.8,200955.69,236101.85
300197.SZ,2017-12-01,11.96,12.78,11.88,12.47,320084.19,396535.24
300197.SZ,2017-12-04,12.3,12.69,12.3,12.43,169245.26,211560.54
300197.SZ,2017-12-05,12.34,12.49,11.6,11.88,166192.19,200838.24
300197.SZ,2017-12-06,11.96,12.11,11.82,12.1,119243.45,142787.58
300197.SZ,2017-12-07,12.1,12.42,12.08,12.23,120768.51,148450.16
300197.SZ,2017-12-08,12.26,12.46,12.26,12.35,98770.84,122225.04
300197.SZ,2017-12-11,12.4,12.62,12.4,12.57,126696.5,158963.07
300197.SZ,2017-12-12,12.58,12.58,12.35,12.37,88226.89,109946.43
300197.SZ,2017-12-13,12.33,12.5,12.25,12.5,102765.41,127286.0
300197.SZ,2017-12-14,12.48,12.66,12.32,12.52,114790.87,143309.86
300197.SZ,2017-12-15,12.41,12.49,12.08,12.2,88101.07,108071.3
300197.SZ,2017-12-18,12.36,12.48,12.22,12.29,164515.73,203077.55
300197.SZ,2017-12-19,12.26,12.49,12.2,12.31,127241.4,157293.11
300197.SZ,2017-12-20,12.3,12.45,11.66,11.97,186838.11,225542.11
300197.SZ,2017-12-21,11.93,12.08,11.77,11.89,144288.71,171898.5
300197.SZ,2017-12-22,11.89,11.98,11.7,11.72,129199.63,152621.77
300197.SZ,2017-12-25,11.76,11.8,11.36,11.44,163805.88,188781.93
300197.SZ,2017-12-26,11.45,11.57,11.35,11.55,96978.1,111378.45
300197.SZ,2017-12-27,11.57,12.04,11.55,12.01,199115.16,233815.26
300197.SZ,2017-12-28,11.98,12.23,11.79,12.06,192865.93,232596.32
300197.SZ,2017-12-29,12.06,12.16,11.87,12.15,90468.49,108676.73
300197.SZ,2018-01-02,12.16,12.19,12.0,12.11,116673.21,141020.87
300197.SZ,2018-01-03,12.15,12.53,12.05,12.33,193560.76,238618.31
300197.SZ,2018-01-04,12.26,12.27,11.69,11.75,443531.07,526095.36
300197.SZ,2018-01-05,11.71,11.83,11.56,11.66,190936.45,222950.21
300197.SZ,2018-01-08,11.72,11.72,11.39,11.5,215540.81,247652.6
300197.SZ,2018-01-09,11.56,11.58,11.43,11.53,116675.2,133976.21
300197.SZ,2018-01-10,11.5,11.5,11.26,11.37,160803.9,182770.65
300197.SZ,2018-01-11,11.37,11.57,11.27,11.56,134812.28,153935.88
300197.SZ,2018-01-12,11.55,11.55,11.32,11.32,98302.63,112256.61
300197.SZ,2018-01-15,11.3,11.35,10.9,10.91,186493.0,206646.1
300197.SZ,2018-01-16,10.99,11.23,10.93,11.14,116673.13,129343.62
300197.SZ,2018-01-17,11.14,11.27,10.91,11.21,154240.57,170909.77
300197.SZ,2018-01-18,11.15,11.28,11.06,11.12,97706.17,109114.99
300197.SZ,2018-01-19,11.12,11.23,11.03,11.06,95489.51,106035.24
300197.SZ,2018-01-22,11.12,11.26,10.9,11.24,165066.0,183587.87
300197.SZ,2018-01-23,11.6,11.63,11.25,11.29,236603.98,269731.88
300197.SZ,2018-01-24,11.21,11.4,11.03,11.36,175203.78,197094.69
300197.SZ,2018-01-25,11.36,11.5,11.27,11.41,205775.27,234300.94
300197.SZ,2018-01-26,11.39,11.39,11.17,11.2,185524.47,209345.3
300197.SZ,2018-01-29,11.2,11.51,11.18,11.2,178152.6,201569.38
300197.SZ,2018-01-30,11.2,11.2,10.98,11.03,164146.54,181675.73
300197.SZ,2018-01-31,11.02,11.02,10.81,10.89,141115.37,154076.03
300197.SZ,2018-02-01,10.87,10.98,10.18,10.28,192317.68,202858.89
300197.SZ,2018-02-02,10.22,10.31,10.03,10.11,147820.12,150151.4
300197.SZ,2018-02-05,10.01,10.2,9.92,9.99,137710.97,138287.11
300197.SZ,2018-02-06,9.97,10.17,9.62,9.62,196358.22,194380.8
300197.SZ,2018-02-07,9.85,9.9,9.3,9.68,182781.76,176746.65
300197.SZ,2018-02-08,9.68,9.87,9.61,9.83,104884.41,102658.25
300197.SZ,2018-02-09,9.51,9.76,9.45,9.59,128480.72,123565.76
300197.SZ,2018-02-12,9.7,10.1,9.69,10.1,139118.88,138395.18
300197.SZ,2018-02-13,10.18,10.18,9.97,10.01,106009.77,106628.32
300197.SZ,2018-02-14,10.02,10.17,9.95,10.17,73584.97,74128.83
300197.SZ,2018-02-22,10.2,10.34,10.2,10.27,71784.59,73769.18
300197.SZ,2018-02-23,10.28,10.49,10.23,10.27,97422.15,100731.6
300197.SZ,2018-02-26,10.4,10.52,10.32,10.49,128507.54,134154.33
300197.SZ,2018-02-27,10.53,10.74,10.47,10.64,153364.46,162775.95
300197.SZ,2018-02-28,10.74,11.15,10.58,10.96,217404.68,237780.15
300197.SZ,2018-03-01,10.83,10.99,10.8,10.95,108534.93,118276.0
300197.SZ,2018-03-02,10.92,11.03,10.83,10.86,114836.54,125427.64
300197.SZ,2018-03-05,10.87,10.97,10.81,10.93,94056.31,102313.93
300197.SZ,2018-03-06,11.08,11.09,10.92,11.01,124280.45,136981.31
300197.SZ,2018-03-07,11.0,11.0,10.75,10.76,105066.08,113969.04
300197.SZ,2018-03-08,10.79,11.06,10.76,11.0,135325.88,147704.34
300197.SZ,2018-03-09,11.02,11.33,10.94,11.24,195953.18,218840.24
300197.SZ,2018-03-12,11.32,11.45,11.17,11.24,172212.79,194051.9
300197.SZ,2018-03-13,11.18,11.18,10.96,11.03,154812.13,171007.33
300197.SZ,2018-03-14,11.0,11.0,10.77,10.81,125706.89,136491.44
300197.SZ,2018-03-15,10.81,10.94,10.63,10.76,108539.47,116682.3
300197.SZ,2018-03-16,10.76,10.84,10.68,10.71,75285.01,80974.28
300197.SZ,2018-03-19,10.73,10.87,10.64,10.65,99468.88,106956.15
300197.SZ,2018-03-20,10.67,10.71,10.46,10.68,118796.44,125816.9
300197.SZ,2018-03-21,10.71,10.83,10.57,10.57,99924.63,107134.72
300197.SZ,2018-03-22,10.63,10.7,10.45,10.46,75450.38,79484.88
300197.SZ,2018-03-23,10.14,10.28,9.69,9.85,183261.77,184350.69
300197.SZ,2018-03-26,9.83,10.03,9.58,10.01,114459.15,113037.88
300197.SZ,2018-03-27,10.11,10.38,10.1,10.36,129613.04,132733.71
300197.SZ,2018-03-28,10.23,10.9,10.2,10.66,253618.28,270910.87
300197.SZ,2018-03-29,10.79,11.15,10.79,11.07,291260.2,321091.03
300197.SZ,2018-03-30,11.09,11.36,11.0,11.29,213512.32,239525.03
300197.SZ,2018-04-02,11.3,11.42,11.13,11.2,174931.92,196439.06
300197.SZ,2018-04-03,11.04,11.34,10.99,11.05,214688.46,239645.83
300197.SZ,2018-04-04,11.13,11.3,11.0,11.0,163151.52,181901.36
300197.SZ,2018-04-09,11.0,11.17,10.92,10.94,130346.16,143734.67
300197.SZ,2018-04-10,10.51,10.74,10.0,10.3,473179.45,484539.61
300197.SZ,2018-04-11,10.2,10.47,10.1,10.28,177165.84,182147.11
300197.SZ,2018-04-12,10.28,10.39,10.18,10.27,109749.19,112877.79
300197.SZ,2018-04-13,10.32,10.36,10.05,10.12,115422.19,117208.71
300197.SZ,2018-04-16,10.15,10.23,10.0,10.21,120549.33,121709.9
300197.SZ,2018-04-17,10.19,10.19,9.88,9.95,179757.55,179582.89
300197.SZ,2018-04-18,9.99,10.05,9.91,10.03,127614.27,127532.97
300197.SZ,2018-04-19,10.07,10.26,9.98,10.22,155800.07,158169.88
300197.SZ,2018-04-20,10.22,10.22,9.91,9.95,116056.53,116291.22
300197.SZ,2018-04-23,10.01,10.04,9.66,9.89,97185.94,95708.4
300197.SZ,2018-04-24,9.89,10.04,9.87,10.02,103686.15,103457.22
300197.SZ,2018-04-25,10.0,10.16,9.89,10.11,104752.09,104831.47
300197.SZ,2018-04-26,10.11,10.11,9.77,9.78,88378.03,87846.92
300197.SZ,2018-04-27,9.86,9.9,9.75,9.86,71387.12,70105.27
300197.SZ,2018-05-02,9.9,9.93,9.66,9.7,75836.13,74184.24
300197.SZ,2018-05-03,9.71,9.8,9.58,9.7,84955.07,82122.82
300197.SZ,2018-05-04,9.75,9.91,9.71,9.85,79811.23,78630.53
300197.SZ,2018-05-07,9.86,10.09,9.85,10.09,90370.49,90312.83
300197.SZ,2018-05-08,10.07,10.15,9.95,10.04,81390.12,81628.79
300197.SZ,2018-05-09,10.05,10.07,9.92,9.99,62382.38,62277.44
300197.SZ,2018-05-10,10.0,10.06,9.92,9.99,68235.12,68065.21
300197.SZ,2018-05-11,10.01,10.06,9.75,9.77,98619.0,97444.05
300197.SZ,2018-05-14,9.71,9.71,9.46,9.52,180557.36,172630.67
300197.SZ,2018-05-15,9.48,9.57,9.42,9.56,72943.75,69234.56
300197.SZ,2018-05-16,9.51,9.75,9.49,9.64,82208.8,79214.22
300197.SZ,2018-05-17,9.68,9.76,9.63,9.71,47349.36,45878.98
300197.SZ,2018-05-18,9.73,9.77,9.63,9.74,48820.62,47362.14
300197.SZ,2018-05-21,9.9,9.96,9.7,9.73,97291.39,95545.25
300197.SZ,2018-05-22,9.74,9.81,9.5,9.62,105143.44,100812.67
300197.SZ,2018-05-23,9.6,9.6,9.29,9.38,146499.38,137958.07
300197.SZ,2018-05-24,6.2,6.23,5.91,5.97,223024.25,134471.88
300197.SZ,2018-05-25,5.99,6.03,5.37,5.37,538479.18,297517.33
300197.SZ,2018-12-21,4.83,4.83,4.83,4.83,16562.0,7999.45
300197.SZ,2018-12-24,4.35,4.35,4.35,4.35,14519.0,6315.77
300197.SZ,2018-12-25,3.92,3.92,3.92,3.92,81054.0,31773.17
300197.SZ,2018-12-26,3.66,3.95,3.66,3.79,1445357.37,541696.7
300197.SZ,2018-12-27,3.7,4.1,3.62,3.99,1193479.61,459449.06
300197.SZ,2018-12-28,3.88,4.04,3.75,3.79,712366.32,276221.28
300197.SZ,2019-01-02,3.78,3.92,3.73,3.84,387811.45,147519.64
300197.SZ,2019-01-03,3.83,3.83,3.62,3.73,378626.08,140886.56
300197.SZ,2019-01-04,3.66,3.8,3.63,3.78,344310.93,128604.03
300197.SZ,2019-01-07,3.78,3.8,3.71,3.78,335200.07,126091.88
300197.SZ,2019-01-08,3.76,3.93,3.73,3.85,414269.15,158474.08
300197.SZ,2019-01-09,3.81,3.95,3.8,3.84,437928.83,169052.93
300197.SZ,2019-01-10,3.82,3.85,3.76,3.8,281240.99,106938.57
300197.SZ,2019-01-11,3.79,3.82,3.75,3.8,211948.72,80096.37
300197.SZ,2019-01-14,3.8,3.81,3.7,3.7,167128.32,62722.95
300197.SZ,2019-01-15,3.7,3.76,3.66,3.75,206650.72,76502.33
300197.SZ,2019-01-16,3.75,3.76,3.69,3.7,142780.93,53196.09
300197.SZ,2019-01-17,3.7,3.71,3.52,3.56,215387.86,78359.15
300197.SZ,2019-01-18,3.57,3.67,3.5,3.66,334253.59,119513.81
300197.SZ,2019-01-21,3.65,3.65,3.59,3.61,163672.22,59240.45
300197.SZ,2019-01-22,3.62,3.62,3.54,3.6,152943.12,54680.05
300197.SZ,2019-01-23,3.57,3.61,3.55,3.58,108883.82,38916.38
300197.SZ,2019-01-24,3.58,3.59,3.53,3.54,100270.0,35694.3
300197.SZ,2019-01-25,3.54,3.56,3.46,3.46,146324.3,51463.61
300197.SZ,2019-01-28,3.48,3.5,3.24,3.27,269484.13,90024.55
300197.SZ,2019-01-29,3.25,3.28,3.06,3.27,237643.91,75891.4
300197.SZ,2019-01-30,3.28,3.28,3.13,3.14,99729.89,32073.36
300197.SZ,2019-01-31,3.16,3.22,3.07,3.09,149515.69,46991.99
300197.SZ,2019-02-01,3.1,3.33,3.1,3.29,190273.49,61215.37
300197.SZ,2019-02-11,3.3,3.44,3.25,3.43,192241.03,64390.21
300197.SZ,2019-02-12,3.39,3.52,3.38,3.45,242724.74,84097.61
300197.SZ,2019-02-13,3.46,3.55,3.38,3.54,276915.99,96904.38
300197.SZ,2019-02-14,3.54,3.58,3.51,3.54,179653.26,63699.0
300197.SZ,2019-02-15,3.53,3.87,3.49,3.7,547779.94,203090.02
300197.SZ,2019-02-18,3.7,3.88,3.67,3.86,572670.9,217615.01
300197.SZ,2019-02-19,3.89,3.97,3.76,3.85,573327.43,221820.2
300197.SZ,2019-02-20,3.85,3.86,3.73,3.83,344395.94,130285.22
300197.SZ,2019-02-21,3.83,3.94,3.76,3.81,360998.94,138480.49
300197.SZ,2019-02-22,3.8,3.86,3.77,3.84,316314.17,120811.38
300197.SZ,2019-02-25,3.88,4.06,3.83,4.06,762637.09,301518.64
300197.SZ,2019-02-26,4.07,4.3,3.97,4.13,833714.9,345281.52
300197.SZ,2019-02-27,4.13,4.47,4.13,4.27,956350.22,412449.16
300197.SZ,2019-02-28,4.42,4.45,4.22,4.26,760999.08,329720.44
300197.SZ,2019-03-01,4.29,4.44,4.24,4.43,618699.56,267901.91
300197.SZ,2019-03-04,4.5,4.87,4.4,4.87,1381417.44,659535.96
300197.SZ,2019-03-05,4.82,5.2,4.7,5.18,1406767.87,702563.96
300197.SZ,2019-03-06,5.15,5.24,4.93,5.11,1126482.03,571961.31
300197.SZ,2019-03-07,5.08,5.1,4.86,5.0,1093187.4,545798.94
300197.SZ,2019-03-08,4.82,4.96,4.56,4.6,1016932.6,485449.85
300197.SZ,2019-03-11,4.59,4.83,4.59,4.81,558282.99,264203.35
300197.SZ,2019-03-12,4.83,4.96,4.78,4.87,807376.78,392858.77
300197.SZ,2019-03-13,4.83,4.88,4.6,4.67,579345.62,273690.33
300197.SZ,2019-03-14,4.66,4.7,4.43,4.51,424110.05,192045.33
300197.SZ,2019-03-15,4.53,4.65,4.51,4.58,292292.29,134104.16
300197.SZ,2019-03-18,4.62,4.79,4.61,4.75,368821.32,173741.9
300197.SZ,2019-03-19,4.76,4.81,4.7,4.72,339476.03,161346.59
300197.SZ,2019-03-20,4.75,4.79,4.6,4.79,382223.97,179339.76
300197.SZ,2019-03-21,4.79,4.83,4.72,4.8,450696.26,216215.51
300197.SZ,2019-03-22,4.81,4.82,4.64,4.73,321225.86,151230.48
300197.SZ,2019-03-25,4.64,4.68,4.55,4.56,330955.85,152743.06
300197.SZ,2019-03-26,4.56,4.62,4.34,4.36,405611.38,181306.7
300197.SZ,2019-03-27,4.42,4.42,4.21,4.32,243940.35,105220.23
300197.SZ,2019-03-28,4.32,4.37,4.09,4.14,380409.45,161179.56
300197.SZ,2019-03-29,4.18,4.55,4.17,4.55,825010.77,367413.27
300197.SZ,2019-04-01,4.62,4.69,4.5,4.65,812174.68,375141.99
300197.SZ,2019-04-02,4.69,4.85,4.64,4.66,704358.59,332120.88
300197.SZ,2019-04-03,4.62,4.73,4.55,4.7,452439.19,210839.41
300197.SZ,2019-04-04,4.69,4.73,4.61,4.66,398454.95,186358.97
300197.SZ,2019-04-08,4.71,4.84,4.57,4.79,742310.49,352015.78
300197.SZ,2019-04-09,4.77,4.9,4.72,4.84,737204.23,355375.9
300197.SZ,2019-04-10,4.71,4.71,4.56,4.61,668078.24,309148.96
300197.SZ,2019-04-11,4.59,4.64,4.43,4.43,433876.04,196656.94
300197.SZ,2019-04-12,4.42,4.54,4.42,4.49,255753.4,114850.38
300197.SZ,2019-04-15,4.51,4.52,4.3,4.32,442544.85,195819.14
300197.SZ,2019-04-16,4.28,4.45,4.22,4.44,374614.8,162829.66
300197.SZ,2019-04-17,4.45,4.57,4.42,4.51,385898.53,174465.67
300197.SZ,2019-04-18,4.53,4.63,4.49,4.59,375078.92,171416.37
300197.SZ,2019-04-19,4.59,4.6,4.45,4.56,318411.32,144139.28
300197.SZ,2019-04-22,4.56,4.58,4.42,4.43,353074.6,157917.67
300197.SZ,2019-04-23,4.45,4.47,4.31,4.33,277121.16,121031.59
300197.SZ,2019-04-24,4.34,4.6,4.34,4.59,499433.95,224459.73
300197.SZ,2019-04-25,4.53,4.57,4.24,4.31,497564.92,218892.74
300197.SZ,2019-04-26,4.25,4.35,4.22,4.28,257036.28,110366.23
300197.SZ,2019-04-29,4.28,4.33,3.95,4.01,439222.88,179014.32
300197.SZ,2019-04-30,4.03,4.13,4.01,4.08,157997.7,64404.56
300197.SZ,2019-05-06,3.98,3.98,3.67,3.67,336881.55,127799.94
300197.SZ,2019-05-07,3.67,3.76,3.63,3.67,192043.82,70982.14
300197.SZ,2019-05-08,3.65,3.71,3.55,3.62,177887.42,64746.2
300197.SZ,2019-05-09,3.59,3.68,3.59,3.62,131354.72,47839.61
300197.SZ,2019-05-10,3.65,3.73,3.44,3.71,265696.66,97173.92
300197.SZ,2019-05-13,3.69,3.69,3.59,3.62,166103.97,60302.18
300197.SZ,2019-05-14,3.54,3.66,3.53,3.57,123827.06,44356.0
300197.SZ,2019-05-15,3.59,3.62,3.57,3.59,128292.45,46128.96
300197.SZ,2019-05-16,3.6,3.6,3.54,3.59,138538.53,49480.61
300197.SZ,2019-05-17,3.59,3.6,3.35,3.37,219474.4,75931.7
300197.SZ,2019-05-20,3.38,3.46,3.27,3.42,160294.0,54123.23
300197.SZ,2019-05-21,3.45,3.52,3.4,3.51,125413.46,43779.87
300197.SZ,2019-05-22,3.5,3.5,3.43,3.45,102563.39,35516.48
300197.SZ,2019-05-23,3.42,3.44,3.32,3.35,118980.34,40164.39
300197.SZ,2019-05-24,3.34,3.4,3.34,3.39,82201.7,27763.36
300197.SZ,2019-05-27,3.41,3.47,3.37,3.46,93717.68,32196.74
300197.SZ,2019-05-28,3.45,3.48,3.41,3.42,98030.5,33838.4
300197.SZ,2019-05-29,3.44,3.47,3.4,3.41,95654.65,32868.74
300197.SZ,2019-05-30,3.42,3.43,3.34,3.37,95754.89,32172.96
300197.SZ,2019-05-31,3.35,3.47,3.35,3.41,134312.22,45865.72
300197.SZ,2019-06-03,3.4,3.41,3.31,3.32,109977.19,36834.02
300197.SZ,2019-06-04,3.32,3.38,3.28,3.31,98780.8,32817.35
300197.SZ,2019-06-05,3.34,3.35,3.27,3.27,92745.18,30618.15
300197.SZ,2019-06-06,3.28,3.29,3.17,3.17,111134.55,35604.22
300197.SZ,2019-06-10,3.18,3.23,3.16,3.19,79388.8,25396.88
300197.SZ,2019-06-11,3.21,3.41,3.19,3.38,234204.7,78134.5
300197.SZ,2019-06-12,3.35,3.45,3.33,3.37,166524.56,56333.66
300197.SZ,2019-06-13,3.4,3.42,3.32,3.35,151701.74,50964.2
300197.SZ,2019-06-14,3.37,3.4,3.33,3.35,156789.25,52743.28
300197.SZ,2019-06-17,3.33,3.39,3.3,3.37,104543.44,35065.48
300197.SZ,2019-06-18,3.37,3.38,3.33,3.37,78947.31,26545.4
300197.SZ,2019-06-19,3.44,3.46,3.39,3.42,150816.33,51604.86
300197.SZ,2019-06-20,3.44,3.76,3.43,3.76,540663.57,196585.15
300197.SZ,2019-06-21,3.8,4.02,3.7,3.99,890934.43,348743.34
300197.SZ,2019-06-24,3.91,4.02,3.77,3.94,609545.61,236184.7
300197.SZ,2019-06-25,3.94,3.94,3.76,3.81,357312.13,137194.35
300197.SZ,2019-06-26,3.76,3.8,3.66,3.68,333443.38,124092.11
300197.SZ,2019-06-27,3.76,3.77,3.67,3.68,246336.72,91716.32
300197.SZ,2019-06-28,3.68,3.72,3.5,3.59,279406.39,99756.51
300197.SZ,2019-07-01,3.67,3.7,3.6,3.68,249246.44,91444.05
300197.SZ,2019-07-02,3.68,3.68,3.58,3.59,190797.66,68782.19
300197.SZ,2019-07-03,3.61,3.76,3.57,3.67,339814.68,124989.13
300197.SZ,2019-07-04,3.76,3.87,3.69,3.72,404068.06,152398.41
300197.SZ,2019-07-05,3.72,3.72,3.61,3.65,187210.62,68381.36
300197.SZ,2019-07-08,3.61,3.66,3.45,3.54,259359.5,91053.17
300197.SZ,2019-07-09,3.53,3.57,3.48,3.55,137582.97,48430.98
300197.SZ,2019-07-10,3.55,3.56,3.43,3.44,124387.86,43221.45
300197.SZ,2019-07-11,3.46,3.5,3.39,3.41,105520.51,36327.51
300197.SZ,2019-07-12,3.44,3.45,3.4,3.41,81148.51,27786.99
300197.SZ,2019-07-15,3.2,3.43,3.2,3.37,188003.11,62534.42
300197.SZ,2019-07-16,3.4,3.54,3.37,3.46,167467.78,57978.48
300197.SZ,2019-07-17,3.42,3.45,3.4,3.4,104173.19,35636.16
300197.SZ,2019-07-18,3.38,3.46,3.31,3.39,129195.27,43397.19
300197.SZ,2019-07-19,3.35,3.5,3.35,3.45,133014.56,45775.23
300197.SZ,2019-07-22,3.46,3.46,3.34,3.34,106755.58,36178.68
300197.SZ,2019-07-23,3.34,3.42,3.34,3.4,62757.45,21309.32
300197.SZ,2019-07-24,3.42,3.43,3.36,3.39,135705.0,46165.72
300197.SZ,2019-07-25,3.39,3.39,3.31,3.32,122636.09,40896.08
300197.SZ,2019-07-26,3.32,3.36,3.3,3.33,88035.74,29249.13
300197.SZ,2019-07-29,3.33,3.35,3.28,3.31,66158.57,21866.27
300197.SZ,2019-07-30,3.31,3.36,3.29,3.31,68969.81,22945.43
300197.SZ,2019-07-31,3.32,3.33,3.25,3.28,73707.31,24198.05
300197.SZ,2019-08-01,3.25,3.29,3.23,3.24,77848.18,25341.83
300197.SZ,2019-08-02,3.19,3.21,3.16,3.2,117864.8,37550.58
300197.SZ,2019-08-05,3.18,3.21,3.14,3.15,85757.56,27270.77
300197.SZ,2019-08-06,3.09,3.11,2.93,3.0,182546.07,55070.66
300197.SZ,2019-08-07,3.03,3.05,3.0,3.01,66718.97,20124.12
300197.SZ,2019-08-08,3.01,3.03,3.0,3.01,55835.03,16818.38
300197.SZ,2019-08-09,3.01,3.03,2.97,3.02,63654.08,19096.37
300197.SZ,2019-08-12,3.02,3.04,2.99,3.03,77208.12,23315.24
300197.SZ,2019-08-13,3.01,3.03,2.97,3.01,65115.49,19489.43
300197.SZ,2019-08-14,3.04,3.06,2.99,3.0,78857.87,23876.26
300197.SZ,2019-08-15,2.95,3.01,2.94,3.0,82107.41,24389.81
300197.SZ,2019-08-16,3.0,3.04,2.97,2.99,95873.56,28760.62
300197.SZ,2019-08-19,3.07,3.29,3.06,3.27,369300.09,118018.81
300197.SZ,2019-08-20,3.22,3.29,3.18,3.2,224536.3,72512.83
300197.SZ,2019-08-21,3.17,3.43,3.17,3.3,328865.9,108944.39
300197.SZ,2019-08-22,3.3,3.4,3.23,3.35,283404.33,94384.13
300197.SZ,2019-08-23,3.36,3.39,3.26,3.26,153698.5,50707.27
300197.SZ,2019-08-26,3.17,3.22,3.16,3.2,144406.3,46092.55
300197.SZ,2019-08-27,3.22,3.39,3.2,3.28,219424.33,72357.21
300197.SZ,2019-08-28,3.27,3.35,3.21,3.28,144056.22,47237.49
300197.SZ,2019-08-29,3.28,3.32,3.24,3.24,141306.17,46295.83
300197.SZ,2019-08-30,3.31,3.34,3.16,3.19,131924.0,42570.82
300197.SZ,2019-09-02,3.17,3.27,3.17,3.25,127299.71,41237.33
300197.SZ,2019-09-03,3.25,3.27,3.22,3.23,111999.5,36268.68
300197.SZ,2019-09-04,3.24,3.33,3.23,3.33,197650.91,65127.35
300197.SZ,2019-09-05,3.33,3.46,3.33,3.37,334934.13,113731.93
300197.SZ,2019-09-06,3.4,3.41,3.36,3.4,171827.15,58076.15
300197.SZ,2019-09-09,3.45,3.45,3.37,3.42,249524.27,84818.72
300197.SZ,2019-09-10,3.42,3.44,3.37,3.41,158678.54,53964.25
300197.SZ,2019-09-11,3.42,3.47,3.37,3.39,210993.2,72142.51
300197.SZ,2019-09-12,3.41,3.47,3.37,3.43,201217.87,68789.57
300197.SZ,2019-09-16,3.43,3.46,3.39,3.39,175140.55,59807.97
300197.SZ,2019-09-17,3.43,3.7,3.4,3.51,599138.34,210058.45
300197.SZ,2019-09-18,3.45,3.59,3.43,3.51,411199.64,144203.73
300197.SZ,2019-09-19,3.45,3.49,3.37,3.41,288302.63,98450.01
300197.SZ,2019-09-20,3.41,3.42,3.35,3.36,165108.59,55773.94
300197.SZ,2019-09-23,3.37,3.37,3.22,3.25,191233.78,62318.88
300197.SZ,2019-09-24,3.26,3.28,3.22,3.24,137151.87,44528.93
300197.SZ,2019-09-25,3.24,3.27,3.17,3.23,122451.17,39446.02
300197.SZ,2019-09-26,3.24,3.25,3.18,3.18,102877.77,33029.87
300197.SZ,2019-09-27,3.18,3.23,3.17,3.19,72148.81,23100.86
300197.SZ,2019-09-30,3.22,3.23,3.15,3.16,64230.14,20398.46
300197.SZ,2019-10-08,3.16,3.23,3.16,3.19,67417.76,21553.82
300197.SZ,2019-10-09,3.19,3.22,3.17,3.2,57321.93,18357.48
300197.SZ,2019-10-10,3.19,3.25,3.18,3.22,69604.53,22404.31
300197.SZ,2019-10-11,3.23,3.26,3.2,3.25,81603.5,26354.75
300197.SZ,2019-10-14,3.26,3.29,3.25,3.27,128639.27,42093.79
300197.SZ,2019-10-15,3.25,3.25,3.2,3.2,83622.75,26909.37
300197.SZ,2019-10-16,3.21,3.26,3.17,3.18,80009.12,25669.57
300197.SZ,2019-10-17,3.18,3.21,3.16,3.17,62007.75,19730.43
300197.SZ,2019-10-18,3.18,3.21,3.15,3.17,69827.27,22156.43
300197.SZ,2019-10-21,3.18,3.19,3.11,3.16,79467.8,24974.6
300197.SZ,2019-10-22,3.16,3.18,3.14,3.18,61826.5,19574.4
300197.SZ,2019-10-23,3.17,3.18,3.12,3.14,68411.77,21528.93
300197.SZ,2019-10-24,3.14,3.2,3.13,3.19,122209.46,38716.47
300197.SZ,2019-10-25,3.19,3.24,3.17,3.22,126881.39,40650.68
300197.SZ,2019-10-28,3.22,3.26,3.2,3.24,127711.1,41300.57
300197.SZ,2019-10-29,3.25,3.26,3.17,3.17,90257.44,28899.44
300197.SZ,2019-10-30,3.15,3.21,3.15,3.2,115107.01,36715.24
300197.SZ,2019-10-31,3.2,3.21,3.17,3.17,81241.82,25930.05
300197.SZ,2019-11-01,3.19,3.25,3.17,3.22,102379.65,32956.76
300197.SZ,2019-11-04,3.25,3.26,3.17,3.17,111828.05,35726.91
300197.SZ,2019-11-05,3.18,3.19,3.13,3.16,74212.42,23453.05
300197.SZ,2019-11-06,3.15,3.17,3.09,3.13,111057.27,34783.89
300197.SZ,2019-11-07,3.12,3.16,3.11,3.13,56676.5,17800.01
300197.SZ,2019-11-08,3.13,3.16,3.12,3.12,55172.36,17315.02
300197.SZ,2019-11-11,3.11,3.12,3.01,3.06,110049.28,33690.13
300197.SZ,2019-11-12,3.07,3.07,2.97,3.06,123282.56,37151.34
300197.SZ,2019-11-13,3.04,3.05,2.99,3.02,51552.79,15505.74
300197.SZ,2019-11-14,3.02,3.07,3.0,3.04,71164.8,21598.78
300197.SZ,2019-11-15,3.01,3.04,2.98,3.01,73162.94,22039.42
300197.SZ,2019-11-18,3.03,3.03,2.99,3.01,49393.72,14887.21
300197.SZ,2019-11-19,3.01,3.04,3.0,3.03,71072.39,21499.9
300197.SZ,2019-11-20,3.03,3.05,2.99,3.0,84123.42,25359.69
300197.SZ,2019-11-21,2.99,3.02,2.97,3.0,80948.61,24220.85
300197.SZ,2019-11-22,3.01,3.05,3.0,3.01,100271.84,30295.89
300197.SZ,2019-11-25,3.01,3.05,3.0,3.04,87484.43,26492.82
300197.SZ,2019-11-26,3.04,3.06,3.02,3.05,75512.05,22984.65
300197.SZ,2019-11-27,3.03,3.06,3.02,3.05,60036.13,18299.22
300197.SZ,2019-11-28,3.04,3.21,3.03,3.12,176070.27,54964.75
300197.SZ,2019-11-29,3.12,3.19,3.1,3.17,149518.72,47293.42
300197.SZ,2019-12-02,3.21,3.22,3.14,3.16,78703.59,24924.1
300197.SZ,2019-12-03,3.15,3.17,3.12,3.16,79236.07,24911.39
300197.SZ,2019-12-04,3.14,3.19,3.14,3.15,89023.71,28072.52
300197.SZ,2019-12-05,3.15,3.18,3.13,3.15,103408.54,32604.68
300197.SZ,2019-12-06,3.15,3.16,3.12,3.15,94458.63,29632.27
300197.SZ,2019-12-09,3.15,3.17,3.13,3.14,106636.55,33553.29
300197.SZ,2019-12-10,3.12,3.14,3.06,3.07,148312.38,45886.28
300197.SZ,2019-12-11,3.08,3.08,2.99,3.01,187713.9,56792.37
300197.SZ,2019-12-12,3.0,3.02,2.97,2.98,172745.5,51633.51
300197.SZ,2019-12-13,3.0,3.01,2.93,2.97,305598.2,90326.69
300197.SZ,2019-12-16,2.99,2.99,2.95,2.99,213334.22,63329.6
300197.SZ,2019-12-17,2.99,3.08,2.99,3.06,295566.54,89835.53
300197.SZ,2019-12-18,3.06,3.1,3.04,3.08,200526.87,61769.26
300197.SZ,2019-12-19,3.08,3.12,3.08,3.11,168711.18,52405.88
300197.SZ,2019-12-20,3.12,3.16,3.07,3.08,191225.82,59661.05
300197.SZ,2019-12-23,3.05,3.13,3.05,3.06,178343.06,54974.41
300197.SZ,2019-12-24,3.06,3.08,3.03,3.05,134049.4,40872.49
300197.SZ,2019-12-25,3.04,3.06,3.02,3.03,111222.49,33758.34
300197.SZ,2019-12-26,3.03,3.05,3.01,3.03,128883.7,39021.35
300197.SZ,2019-12-27,3.04,3.07,3.02,3.02,144661.5,44066.64
300197.SZ,2019-12-30,3.02,3.02,2.98,3.01,179270.93,53840.84
300197.SZ,2019-12-31,3.01,3.06,3.0,3.06,145863.03,44146.254
300197.SZ,2020-01-02,3.07,3.12,3.06,3.1,169282.32,52434.85
300197.SZ,2020-01-03,3.1,3.21,3.09,3.18,380499.13,120093.21
300197.SZ,2020-01-06,3.2,3.32,3.14,3.27,557097.66,180126.23
300197.SZ,2020-01-07,3.23,3.36,3.22,3.26,384275.45,125428.66
300197.SZ,2020-01-08,3.26,3.27,3.16,3.18,281834.4,90543.56
300197.SZ,2020-01-09,3.2,3.25,3.16,3.19,213522.45,68210.84
300197.SZ,2020-01-10,3.2,3.22,3.13,3.15,161531.6,51105.85
300197.SZ,2020-01-13,3.15,3.17,3.1,3.17,199832.06,62521.76
300197.SZ,2020-01-14,3.17,3.24,3.15,3.2,250510.17,80160.87
300197.SZ,2020-01-15,3.19,3.22,3.12,3.13,213655.14,67329.39
300197.SZ,2020-01-16,3.13,3.16,3.07,3.08,175911.75,54734.8
300197.SZ,2020-01-17,3.1,3.1,3.03,3.04,202179.92,61798.28
300197.SZ,2020-01-20,3.01,3.07,3.01,3.06,154531.25,46993.84
300197.SZ,2020-01-21,3.06,3.06,3.01,3.02,149021.87,45085.74
300197.SZ,2020-01-22,3.04,3.04,2.98,3.0,149980.63,45020.29
300197.SZ,2020-01-23,2.99,3.0,2.85,2.89,305502.9,89710.9
300197.SZ,2020-02-03,2.6,2.6,2.6,2.6,44385.0,11540.1
300197.SZ,2020-02-04,2.34,2.51,2.34,2.41,497792.43,118950.99
300197.SZ,2020-02-05,2.4,2.47,2.38,2.45,306041.88,74643.6
300197.SZ,2020-02-06,2.45,2.49,2.39,2.49,320292.17,78002.45
300197.SZ,2020-02-07,2.47,2.63,2.45,2.63,393528.08,99404.21
300197.SZ,2020-02-10,2.58,2.63,2.55,2.61,351679.73,90901.49
300197.SZ,2020-02-11,2.57,2.6,2.53,2.54,219574.83,56360.96
300197.SZ,2020-02-12,2.52,2.61,2.51,2.58,214534.19,55107.75
300197.SZ,2020-02-13,2.57,2.63,2.51,2.59,290911.21,74615.14
300197.SZ,2020-02-14,2.55,2.57,2.51,2.55,179913.09,45801.16
300197.SZ,2020-02-17,2.55,2.65,2.54,2.65,352052.28,92130.25
300197.SZ,2020-02-18,2.65,2.69,2.63,2.69,308319.05,82043.86
300197.SZ,2020-02-19,2.69,2.74,2.67,2.71,279395.17,75870.64
300197.SZ,2020-02-20,2.72,2.76,2.67,2.76,255756.27,69519.57
300197.SZ,2020-02-21,2.82,2.88,2.79,2.87,392925.43,111457.92
300197.SZ,2020-02-24,2.85,2.9,2.82,2.87,307391.02,87952.81
300197.SZ,2020-02-25,2.81,2.81,2.71,2.78,382435.44,105859.22
300197.SZ,2020-02-26,2.76,2.87,2.73,2.8,449643.72,126455.93
300197.SZ,2020-02-27,2.83,2.84,2.76,2.8,350624.99,98241.43
300197.SZ,2020-02-28,2.74,2.75,2.58,2.63,428996.71,115153.36
300197.SZ,2020-03-02,2.64,2.87,2.64,2.82,516014.56,144461.15
300197.SZ,2020-03-03,2.88,3.03,2.84,2.87,527138.52,153782.5
300197.SZ,2020-03-04,2.91,3.05,2.84,2.99,630054.03,187881.94
300197.SZ,2020-03-05,3.01,3.25,3.0,3.19,759668.31,237603.98
300197.SZ,2020-03-06,3.12,3.51,3.08,3.45,1458801.68,490404.05
300197.SZ,2020-03-09,3.28,3.39,3.13,3.18,1063937.87,346730.7
300197.SZ,2020-03-10,3.12,3.34,3.06,3.3,597721.2,192885.47
300197.SZ,2020-03-11,3.29,3.58,3.24,3.42,1024463.2,353927.15
300197.SZ,2020-03-12,3.4,3.54,3.34,3.35,669974.74,228971.91
300197.SZ,2020-03-13,3.1,3.52,3.1,3.45,884887.41,299998.07
300197.SZ,2020-03-16,3.47,3.54,3.17,3.18,719519.15,240711.33
300197.SZ,2020-03-17,3.17,3.27,3.11,3.15,438776.57,139467.91
300197.SZ,2020-03-18,3.19,3.39,3.15,3.24,753924.75,248186.94
300197.SZ,2020-03-19,3.24,3.32,3.09,3.19,536855.47,171108.48
300197.SZ,2020-03-20,3.24,3.33,3.17,3.33,455668.53,147772.23
300197.SZ,2020-03-23,3.24,3.25,3.13,3.14,488387.51,155052.85
300197.SZ,2020-03-24,3.2,3.25,3.07,3.17,315182.12,99696.14
300197.SZ,2020-03-25,3.24,3.25,3.09,3.19,390236.2,123413.48
300197.SZ,2020-03-26,3.17,3.18,2.99,3.03,442233.34,136172.8
300197.SZ,2020-03-27,3.06,3.17,2.93,3.11,442727.72,135652.57
300197.SZ,2020-03-30,3.07,3.08,2.97,3.02,258169.84,77928.53
300197.SZ,2020-03-31,3.03,3.14,3.01,3.09,236988.38,72928.74
300197.SZ,2020-04-01,3.09,3.25,3.05,3.23,541760.57,172871.77
300197.SZ,2020-04-02,3.2,3.24,3.12,3.18,388791.08,122659.3
300197.SZ,2020-04-03,3.16,3.18,3.03,3.06,336201.96,103400.9
300197.SZ,2020-04-07,3.09,3.13,3.05,3.09,204075.99,63025.98
300197.SZ,2020-04-08,3.08,3.11,3.04,3.07,179225.01,55052.41
300197.SZ,2020-04-09,3.09,3.15,3.07,3.14,373800.78,116384.98
300197.SZ,2020-04-10,3.15,3.45,3.14,3.4,1202620.53,405863.11
300197.SZ,2020-04-20,3.4,3.4,3.06,3.18,1270445.82,405905.08
300197.SZ,2020-04-21,3.14,3.15,3.03,3.04,498423.42,152753.21
300197.SZ,2020-04-22,3.05,3.08,3.01,3.07,269010.41,82100.75
300197.SZ,2020-04-23,3.07,3.07,2.96,2.97,457451.3,137339.46
300197.SZ,2020-04-24,2.94,2.96,2.77,2.82,425503.61,120621.41
300197.SZ,2020-04-27,2.81,2.85,2.75,2.8,315098.11,87927.94
300197.SZ,2020-04-28,2.82,2.82,2.6,2.7,321643.25,86440.61
300197.SZ,2020-04-29,2.67,2.74,2.65,2.69,235708.76,63287.88
300197.SZ,2020-04-30,2.68,2.72,2.66,2.7,236173.75,63579.88
300197.SZ,2020-05-06,2.69,2.79,2.67,2.77,235489.58,64784.57
300197.SZ,2020-05-07,2.78,2.79,2.73,2.73,200553.43,55247.35
300197.SZ,2020-05-08,2.75,2.76,2.71,2.76,167998.51,46071.25
300197.SZ,2020-05-11,2.76,2.78,2.73,2.74,201291.3,55553.13
300197.SZ,2020-05-12,2.76,2.76,2.67,2.69,148965.62,40215.07
300197.SZ,2020-05-13,2.69,2.69,2.63,2.64,197273.67,52272.43
300197.SZ,2020-05-14,2.75,2.85,2.73,2.75,355921.44,98835.18
300197.SZ,2020-05-15,2.67,2.75,2.66,2.68,260068.53,69871.12
300197.SZ,2020-05-18,2.7,2.71,2.63,2.64,179235.69,47419.76
300197.SZ,2020-05-19,2.66,2.66,2.62,2.63,145863.93,38456.94
300197.SZ,2020-05-20,2.63,2.65,2.56,2.57,196544.25,50799.76
300197.SZ,2020-05-21,2.59,2.59,2.48,2.49,246401.06,62014.69
300197.SZ,2020-05-22,2.5,2.55,2.48,2.49,150755.37,37874.37
300197.SZ,2020-05-25,2.5,2.57,2.48,2.53,114427.25,28987.4
300197.SZ,2020-05-26,2.56,2.58,2.52,2.55,147229.72,37401.38
300197.SZ,2020-05-27,2.55,2.56,2.48,2.5,120614.01,30242.6
300197.SZ,2020-05-28,2.51,2.53,2.47,2.5,105565.6,26390.29
300197.SZ,2020-05-29,2.5,2.52,2.47,2.52,118378.65,29582.61
300197.SZ,2020-06-01,2.53,2.58,2.52,2.57,178054.45,45558.73
300197.SZ,2020-06-02,2.59,2.66,2.58,2.65,185481.11,48580.94
300197.SZ,2020-06-03,2.65,2.67,2.61,2.62,141460.67,37264.82
300197.SZ,2020-06-04,2.64,2.65,2.59,2.62,129586.45,33953.36
300197.SZ,2020-06-05,2.62,2.75,2.62,2.69,247362.22,66881.42
300197.SZ,2020-06-08,2.7,2.73,2.63,2.64,137326.98,36554.3
300197.SZ,2020-06-09,2.64,2.65,2.59,2.61,122751.0,32066.96
300197.SZ,2020-06-10,2.61,2.61,2.55,2.56,106339.67,27314.13
300197.SZ,2020-06-11,2.53,2.62,2.53,2.57,134342.28,34607.42
300197.SZ,2020-06-12,2.54,2.58,2.5,2.53,207419.96,52552.55
300197.SZ,2020-06-15,2.55,2.57,2.5,2.52,180805.64,45788.18
300197.SZ,2020-06-16,2.54,2.54,2.51,2.53,178849.86,45139.71
300197.SZ,2020-06-17,2.54,2.55,2.51,2.55,139808.12,35366.83
300197.SZ,2020-06-18,2.55,2.58,2.53,2.55,145523.98,37183.22
300197.SZ,2020-06-19,2.56,2.57,2.53,2.54,153717.8,39122.93
300197.SZ,2020-06-22,2.56,2.57,2.55,2.57,138844.92,35576.07
300197.SZ,2020-06-23,2.58,2.59,2.53,2.53,134378.99,34304.23
300197.SZ,2020-06-24,2.55,2.57,2.5,2.57,189165.38,47981.84
300197.SZ,2020-06-29,2.57,2.57,2.53,2.55,102197.41,25955.15
300197.SZ,2020-06-30,2.56,2.56,2.53,2.54,106553.84,27153.01
300197.SZ,2020-07-01,2.54,2.56,2.53,2.55,106437.31,27059.07
300197.SZ,2020-07-02,2.55,2.74,2.53,2.66,431966.99,114644.79
300197.SZ,2020-07-03,2.66,2.7,2.64,2.67,318363.54,84948.44
300197.SZ,2020-07-06,2.68,2.8,2.67,2.77,366179.54,100773.97
300197.SZ,2020-07-07,2.85,2.88,2.75,2.76,400228.59,112365.15
300197.SZ,2020-07-08,2.76,2.84,2.73,2.81,333144.93,92455.81
300197.SZ,2020-07-09,2.81,2.91,2.81,2.89,421781.14,120838.15
300197.SZ,2020-07-10,2.89,2.92,2.83,2.85,294935.93,84636.94
300197.SZ,2020-07-13,2.84,2.89,2.83,2.88,412930.73,118428.19
300197.SZ,2020-07-14,2.91,3.02,2.85,2.9,589690.42,172622.83
300197.SZ,2020-07-15,2.91,2.94,2.77,2.81,329984.84,93665.21
300197.SZ,2020-07-16,2.82,2.91,2.77,2.79,440182.16,125579.82
300197.SZ,2020-07-17,2.81,2.84,2.74,2.77,283066.71,79001.16
300197.SZ,2020-07-20,2.8,2.88,2.77,2.87,318493.63,90800.96
300197.SZ,2020-07-21,2.86,2.96,2.84,2.85,259647.26,74452.37
300197.SZ,2020-07-22,2.84,2.88,2.81,2.83,223580.48,63643.11
300197.SZ,2020-07-23,2.82,2.83,2.74,2.78,233767.02,64903.66
300197.SZ,2020-07-24,2.78,2.8,2.65,2.68,262699.64,71563.37
300197.SZ,2020-07-27,2.68,2.7,2.63,2.65,150237.8,39830.54
300197.SZ,2020-07-28,2.67,2.69,2.66,2.67,134637.66,36006.22
300197.SZ,2020-07-29,2.68,2.75,2.66,2.75,187048.84,50745.62
300197.SZ,2020-07-30,2.77,2.84,2.74,2.78,243011.48,67818.88
300197.SZ,2020-07-31,2.78,2.82,2.73,2.78,187433.66,52106.38
300197.SZ,2020-08-03,2.79,2.9,2.79,2.88,393473.96,112121.1
300197.SZ,2020-08-04,2.88,2.93,2.83,2.89,360672.69,104016.17
300197.SZ,2020-08-05,2.88,2.95,2.82,2.9,392333.27,112851.88
300197.SZ,2020-08-06,2.9,2.94,2.86,2.92,422050.16,122573.36
300197.SZ,2020-08-07,2.93,2.98,2.85,2.96,431607.75,125813.3
300197.SZ,2020-08-10,2.96,3.06,2.92,3.01,472364.47,142385.2
300197.SZ,2020-08-11,3.0,3.01,2.9,2.91,379117.69,112046.85
300197.SZ,2020-08-12,2.92,2.98,2.88,2.94,306101.55,89493.24
300197.SZ,2020-08-13,2.94,3.07,2.9,3.07,471868.61,142325.6
300197.SZ,2020-08-14,3.04,3.07,2.98,3.04,370844.21,112194.47
300197.SZ,2020-08-17,3.05,3.06,2.99,3.02,304708.92,91996.5
300197.SZ,2020-08-18,3.04,3.04,2.99,3.0,378057.4,113548.62
300197.SZ,2020-08-19,2.99,3.02,2.92,2.99,335664.33,99762.44
300197.SZ,2020-08-20,2.96,2.97,2.89,2.9,277577.43,81216.05
300197.SZ,2020-08-21,2.91,2.97,2.89,2.94,214751.45,62954.24
300197.SZ,2020-08-24,2.98,3.15,2.92,3.06,707137.64,213888.44
300197.SZ,2020-08-25,3.05,3.35,3.01,3.23,1068977.87,343752.13
300197.SZ,2020-08-26,3.23,3.49,3.2,3.33,1263310.97,423873.81
300197.SZ,2020-08-27,3.33,3.33,3.05,3.25,983294.25,314019.07
300197.SZ,2020-08-28,3.22,3.36,3.17,3.21,757789.46,246580.69
300197.SZ,2020-08-31,3.22,3.29,3.11,3.12,585139.08,185127.32
300197.SZ,2020-09-01,3.14,3.24,3.07,3.22,510638.06,160876.25
300197.SZ,2020-09-02,3.22,3.86,3.18,3.86,1893940.84,681348.28
300197.SZ,2020-09-03,3.92,4.09,3.61,3.95,2618767.88,1014708.83
300197.SZ,2020-09-04,3.7,4.24,3.64,4.0,1829920.29,724568.5
300197.SZ,2020-09-07,4.05,4.54,3.92,4.28,2166583.26,915239.05
300197.SZ,2020-09-08,4.17,5.11,4.12,4.98,2738035.13,1270451.57
300197.SZ,2020-09-09,4.7,5.2,4.04,4.18,3172875.99,1524564.7
300197.SZ,2020-09-10,3.96,4.13,3.35,3.38,2015680.62,733050.61
300197.SZ,2020-09-11,3.3,3.84,3.3,3.65,1291173.97,460516.45
300197.SZ,2020-09-14,3.73,4.05,3.71,4.02,1318206.94,518167.56
300197.SZ,2020-09-15,4.07,4.12,3.85,3.95,1127308.92,448746.64
300197.SZ,2020-09-16,3.99,4.02,3.76,3.84,749746.12,289822.02
300197.SZ,2020-09-17,3.91,4.51,3.87,4.41,1810111.09,771526.27
300197.SZ,2020-09-18,4.45,4.66,4.1,4.25,1685286.02,718990.62
300197.SZ,2020-09-21,4.26,4.8,4.18,4.57,1641631.9,750468.35
300197.SZ,2020-09-22,4.46,4.61,4.28,4.32,1289104.73,566574.72
300197.SZ,2020-09-23,4.39,4.43,4.17,4.25,925657.3,394492.57
300197.SZ,2020-09-24,4.18,4.19,3.92,3.96,920010.85,370390.49
300197.SZ,2020-09-25,4.0,4.0,3.85,3.91,537309.33,210363.59
300197.SZ,2020-09-28,3.9,3.92,3.73,3.73,507136.45,192351.9
300197.SZ,2020-09-29,3.78,4.05,3.7,3.87,657198.27,255401.87
300197.SZ,2020-09-30,3.96,3.97,3.77,3.81,447277.0,171237.31
300197.SZ,2020-10-09,3.93,4.07,3.87,3.91,543439.59,214999.95
300197.SZ,2020-10-12,4.05,4.19,3.95,4.12,784596.5,319341.86
300197.SZ,2020-10-13,4.13,4.22,4.01,4.19,745360.29,307335.54
300197.SZ,2020-10-14,4.15,4.22,3.98,4.0,654293.38,265516.82
300197.SZ,2020-10-15,3.99,4.04,3.88,3.93,433860.97,171217.38
300197.SZ,2020-10-16,3.9,3.96,3.84,3.94,299730.46,116953.9
300197.SZ,2020-10-19,3.94,4.02,3.89,3.91,323872.39,128007.3
300197.SZ,2020-10-20,3.95,4.35,3.84,4.13,842958.11,342843.11
300197.SZ,2020-10-21,4.07,4.09,3.83,3.89,813498.31,319049.26
300197.SZ,2020-10-22,3.87,4.02,3.78,3.88,462782.99,180272.32
300197.SZ,2020-10-23,3.88,3.92,3.77,3.77,377757.4,144586.94
300197.SZ,2020-10-26,3.79,3.88,3.72,3.84,341975.67,130297.53
300197.SZ,2020-10-27,3.8,3.87,3.77,3.83,267258.1,102080.99
300197.SZ,2020-10-28,3.89,3.94,3.81,3.83,311060.15,119829.09
300197.SZ,2020-10-29,3.76,3.86,3.71,3.77,284838.28,108288.31
300197.SZ,2020-10-30,3.79,3.8,3.48,3.57,596188.41,214681.0
300197.SZ,2020-11-02,3.56,3.6,3.42,3.47,332312.86,116607.18
300197.SZ,2020-11-03,3.49,3.73,3.45,3.64,363437.09,131245.49
300197.SZ,2020-11-04,3.67,3.71,3.51,3.61,254440.34,91249.31
300197.SZ,2020-11-05,3.66,3.9,3.62,3.83,579486.25,219992.85
300197.SZ,2020-11-06,3.88,3.89,3.68,3.72,305121.7,114458.55
300197.SZ,2020-11-09,3.71,3.85,3.71,3.75,289937.05,109559.8
300197.SZ,2020-11-10,3.76,3.78,3.63,3.67,269534.95,99598.95
300197.SZ,2020-11-11,3.66,3.69,3.55,3.56,246845.85,88631.39
300197.SZ,2020-11-12,3.56,3.58,3.48,3.5,217354.73,76449.31
300197.SZ,2020-11-13,3.52,3.52,3.44,3.51,171879.0,59762.91
300197.SZ,2020-11-16,3.51,3.65,3.42,3.46,326123.98,114093.18
300197.SZ,2020-11-17,3.42,3.48,3.36,3.48,238912.17,81478.87
300197.SZ,2020-11-18,3.49,3.55,3.43,3.45,177385.99,61573.5
300197.SZ,2020-11-19,3.45,3.51,3.37,3.48,258882.14,89082.47
300197.SZ,2020-11-20,3.45,3.46,3.39,3.4,202069.44,68849.58
300197.SZ,2020-11-23,3.4,3.4,3.26,3.38,340141.61,113255.62
300197.SZ,2020-11-24,3.35,3.47,3.34,3.37,248275.9,84402.47
300197.SZ,2020-11-25,3.39,3.42,3.33,3.33,177694.03,59851.34
300197.SZ,2020-11-26,3.32,3.35,3.27,3.3,158137.0,52229.08
300197.SZ,2020-11-27,3.3,3.34,3.24,3.32,165332.11,54361.24
300197.SZ,2020-11-30,3.31,3.38,3.3,3.32,157684.21,52670.94
300197.SZ,2020-12-01,3.33,3.52,3.31,3.46,393156.57,134993.46
300197.SZ,2020-12-02,3.46,3.48,3.4,3.41,213182.84,73136.25
300197.SZ,2020-12-03,3.41,3.44,3.37,3.38,173296.74,58830.35
300197.SZ,2020-12-04,3.38,3.38,3.29,3.33,211841.16,70475.54
300197.SZ,2020-12-07,3.33,3.35,3.22,3.23,193955.31,63263.04
300197.SZ,2020-12-08,3.21,3.26,3.16,3.18,193499.63,61911.46
300197.SZ,2020-12-09,3.2,3.21,3.08,3.08,216691.16,67884.88
300197.SZ,2020-12-10,3.1,3.26,3.03,3.12,297297.05,93493.35
300197.SZ,2020-12-11,3.1,3.11,2.97,3.04,333450.73,100830.49
300197.SZ,2020-12-14,3.01,3.08,2.94,3.05,179311.12,54406.39
300197.SZ,2020-12-15,3.04,3.06,2.98,2.99,147233.64,44345.77
300197.SZ,2020-12-16,3.01,3.01,2.95,2.96,126964.79,37726.67
300197.SZ,2020-12-17,2.96,3.02,2.86,2.98,215201.26,63074.8
300197.SZ,2020-12-18,2.98,3.05,2.96,3.03,182771.57,54990.07
300197.SZ,2020-12-21,3.07,3.46,3.04,3.34,637701.12,208685.41
300197.SZ,2020-12-22,3.36,3.39,3.18,3.19,411834.83,134695.88
300197.SZ,2020-12-23,3.21,3.44,3.18,3.31,348083.07,115873.59
300197.SZ,2020-12-24,3.33,3.35,3.21,3.24,247228.19,80781.57
300197.SZ,2020-12-25,3.19,3.44,3.19,3.33,273917.08,91115.05
300197.SZ,2020-12-28,3.37,3.49,3.26,3.3,317675.68,106787.78
300197.SZ,2020-12-29,3.3,3.37,3.21,3.22,209228.34,68529.95
300197.SZ,2020-12-30,3.2,3.26,3.12,3.14,199077.28,63036.83
300197.SZ,2020-12-31,3.14,3.18,3.06,3.17,222322.25,69485.198
300197.SZ,2021-01-04,3.17,3.18,3.05,3.07,240771.06,74285.75
300197.SZ,2021-01-05,3.03,3.1,2.99,3.05,192145.18,58391.83
300197.SZ,2021-01-06,3.05,3.06,2.95,2.96,193245.4,57704.66
300197.SZ,2021-01-07,2.96,2.97,2.79,2.81,247503.5,70713.29
300197.SZ,2021-01-08,2.81,3.03,2.81,2.93,242531.66,71279.95
300197.SZ,2021-01-11,2.9,2.91,2.82,2.85,169703.23,48405.0
300197.SZ,2021-01-12,2.84,2.9,2.81,2.83,153462.04,43649.98
300197.SZ,2021-01-13,2.85,2.86,2.72,2.74,190778.11,52559.69
300197.SZ,2021-01-14,2.74,2.84,2.71,2.8,152050.41,42308.96
300197.SZ,2021-01-15,2.8,2.94,2.79,2.94,178808.69,51717.82
300197.SZ,2021-01-18,2.94,3.04,2.88,2.98,173004.46,51789.25
300197.SZ,2021-01-19,2.99,3.03,2.93,3.02,161514.03,48431.79
300197.SZ,2021-01-20,3.02,3.07,2.98,2.99,128524.2,38722.08
300197.SZ,2021-01-21,3.05,3.05,2.96,2.98,117735.0,35219.83
300197.SZ,2021-01-22,3.01,3.05,2.9,3.03,222520.29,66380.66
300197.SZ,2021-01-25,3.0,3.0,2.92,2.93,137432.68,40477.38
300197.SZ,2021-01-26,2.91,3.02,2.86,2.86,165766.42,48183.46
300197.SZ,2021-01-27,2.9,3.03,2.85,2.92,154944.02,45630.55
300197.SZ,2021-01-28,2.9,2.95,2.88,2.88,97678.37,28457.02
300197.SZ,2021-01-29,2.9,3.02,2.86,2.9,170632.64,49872.4
300197.SZ,2021-02-01,2.98,3.37,2.92,3.19,558337.8,175967.42
300197.SZ,2021-02-02,3.17,3.33,3.1,3.15,401263.91,128590.13
300197.SZ,2021-02-03,3.15,3.19,3.0,3.0,250383.42,76447.24
300197.SZ,2021-02-04,3.0,3.0,2.86,2.88,208714.16,60752.65
300197.SZ,2021-02-05,2.91,2.93,2.82,2.82,137952.87,39529.35
300197.SZ,2021-02-08,2.84,2.92,2.84,2.86,99139.42,28590.89
300197.SZ,2021-02-09,2.92,2.92,2.86,2.88,113864.39,32832.9
300197.SZ,2021-02-10,2.96,3.03,2.93,2.97,140425.41,41630.89
300197.SZ,2021-02-18,3.04,3.08,2.99,3.04,209205.36,63500.02
300197.SZ,2021-02-19,3.05,3.14,3.0,3.12,239711.97,74047.09
300197.SZ,2021-02-22,3.2,3.26,3.13,3.15,326528.79,104416.68
300197.SZ,2021-02-23,3.15,3.22,3.06,3.08,223978.6,69932.67
300197.SZ,2021-02-24,3.1,3.24,3.06,3.18,334168.61,105733.03
300197.SZ,2021-02-25,3.2,3.3,3.13,3.13,313976.5,100500.56
300197.SZ,2021-02-26,3.09,3.38,3.09,3.3,574533.29,188400.63
300197.SZ,2021-03-01,3.3,3.47,3.29,3.3,451352.97,151558.66
300197.SZ,2021-03-02,3.33,3.45,3.26,3.43,533178.27,180097.77
300197.SZ,2021-03-03,3.41,3.45,3.34,3.4,358997.3,121304.04
300197.SZ,2021-03-04,3.38,3.44,3.29,3.32,308596.22,103057.94
300197.SZ,2021-03-05,3.29,3.36,3.27,3.33,229784.5,76075.1
300197.SZ,2021-03-08,3.33,3.38,3.31,3.32,244289.49,81626.89
300197.SZ,2021-03-09,3.33,3.33,3.07,3.16,369192.79,117047.63
300197.SZ,2021-03-10,3.17,3.17,3.03,3.06,243089.8,75015.24
300197.SZ,2021-03-11,3.05,3.14,3.02,3.12,168920.17,52302.75
300197.SZ,2021-03-12,3.11,3.37,3.08,3.26,355051.9,114911.84
300197.SZ,2021-03-15,3.27,3.74,3.27,3.54,955622.27,333598.64
300197.SZ,2021-03-16,3.48,3.7,3.41,3.64,893215.53,321546.93
300197.SZ,2021-03-17,3.57,3.62,3.48,3.53,514042.55,182110.66
300197.SZ,2021-03-18,3.51,3.6,3.45,3.49,383745.93,134599.91
300197.SZ,2021-03-19,3.46,3.61,3.41,3.49,376813.8,132130.48
300197.SZ,2021-03-22,3.5,3.65,3.49,3.59,519534.19,186023.64
300197.SZ,2021-03-23,3.58,3.63,3.42,3.47,441317.3,154306.56
300197.SZ,2021-03-24,3.49,3.73,3.43,3.53,613824.21,220233.19
300197.SZ,2021-03-25,3.48,3.66,3.36,3.47,627498.06,219486.8
300197.SZ,2021-03-26,3.44,3.66,3.41,3.55,606235.4,215814.47
300197.SZ,2021-03-29,3.59,3.61,3.43,3.44,412840.91,144247.14
300197.SZ,2021-03-30,3.42,3.46,3.23,3.3,486963.2,160754.65
300197.SZ,2021-03-31,3.32,3.43,3.28,3.37,311024.64,104498.12
300197.SZ,2021-04-01,3.37,3.37,3.28,3.3,241428.29,80005.68
300197.SZ,2021-04-02,3.3,3.33,3.26,3.28,168284.0,55304.21
300197.SZ,2021-04-06,3.3,3.39,3.23,3.35,181712.01,60429.64
300197.SZ,2021-04-07,3.34,3.42,3.33,3.37,198206.52,66931.19
300197.SZ,2021-04-08,3.35,3.36,3.23,3.24,261343.53,85694.61
300197.SZ,2021-04-09,3.26,3.26,3.2,3.26,114943.58,37147.62
300197.SZ,2021-04-12,3.25,3.31,3.23,3.25,148886.3,48707.88
300197.SZ,2021-04-13,3.28,3.28,3.2,3.21,127357.0,41150.78
300197.SZ,2021-04-14,3.2,3.37,3.19,3.35,280508.28,92357.2
300197.SZ,2021-04-15,3.31,3.36,3.26,3.27,174104.04,57432.35
300197.SZ,2021-04-16,3.29,3.35,3.27,3.32,170857.43,56592.0
300197.SZ,2021-04-19,3.33,3.42,3.31,3.37,252754.46,85140.81
300197.SZ,2021-04-20,3.37,3.4,3.28,3.29,225628.66,75190.62
300197.SZ,2021-04-21,3.26,3.32,3.23,3.25,179722.78,58606.73
300197.SZ,2021-04-22,3.26,3.28,3.22,3.24,123949.68,40238.57
300197.SZ,2021-04-23,3.25,3.27,3.15,3.16,214604.0,68357.31
300197.SZ,2021-04-26,3.15,3.21,3.1,3.15,121948.11,38574.94
300197.SZ,2021-04-27,3.13,3.22,3.1,3.18,113169.25,35624.55
300197.SZ,2021-04-28,3.2,3.29,3.16,3.2,186611.58,60214.65
300197.SZ,2021-04-29,3.15,3.15,3.03,3.04,285060.67,87388.43
300197.SZ,2021-04-30,3.05,3.06,2.95,2.97,185517.19,55308.25
300197.SZ,2021-05-06,2.96,3.0,2.94,2.96,127779.35,37935.24
300197.SZ,2021-05-07,2.96,3.03,2.92,3.02,177501.77,52764.5
300197.SZ,2021-05-10,3.02,3.03,2.98,2.99,109600.02,32797.77
300197.SZ,2021-05-11,2.98,3.02,2.96,3.0,108673.03,32557.06
300197.SZ,2021-05-12,3.01,3.01,2.95,2.97,125030.5,37134.04
300197.SZ,2021-05-13,2.96,2.99,2.94,2.96,100172.06,29763.79
300197.SZ,2021-05-14,2.98,3.1,2.96,3.05,207169.7,63275.98
300197.SZ,2021-05-17,3.04,3.05,2.99,3.01,148075.66,44471.29
300197.SZ,2021-05-18,3.01,3.01,2.96,3.0,95566.77,28519.29
300197.SZ,2021-05-19,2.99,3.03,2.98,3.0,96237.61,28915.52
300197.SZ,2021-05-20,2.98,3.0,2.96,2.98,90160.15,26815.95
300197.SZ,2021-05-21,2.99,3.02,2.95,2.99,107854.86,32217.48
300197.SZ,2021-05-24,3.0,3.05,2.99,3.02,122477.03,37043.19
300197.SZ,2021-05-25,3.01,3.02,2.98,3.01,116337.76,34849.16
300197.SZ,2021-05-26,3.01,3.02,2.99,3.02,135818.56,40843.05
300197.SZ,2021-05-27,3.02,3.06,3.0,3.04,164107.41,49836.77
300197.SZ,2021-05-28,3.03,3.04,2.99,3.0,170180.26,51049.31
300197.SZ,2021-05-31,2.99,2.99,2.95,2.98,152546.4,45303.11
300197.SZ,2021-06-01,2.97,2.99,2.95,2.99,141235.69,41969.95
300197.SZ,2021-06-02,2.99,3.0,2.97,2.98,91638.77,27331.22
300197.SZ,2021-06-03,3.01,3.12,3.01,3.03,340884.54,104499.26
300197.SZ,2021-06-04,3.02,3.05,2.99,2.99,184164.18,55362.92
300197.SZ,2021-06-07,3.0,3.03,2.99,3.0,124888.05,37557.2
300197.SZ,2021-06-08,3.01,3.04,2.99,3.04,152513.86,46040.06
300197.SZ,2021-06-09,3.04,3.08,3.02,3.06,156606.34,47714.65
300197.SZ,2021-06-10,3.07,3.08,3.03,3.04,168453.13,51315.53
300197.SZ,2021-06-11,3.05,3.15,3.04,3.12,304633.75,94789.65
300197.SZ,2021-06-15,3.12,3.12,3.06,3.08,185276.09,57017.84
300197.SZ,2021-06-16,3.09,3.1,3.03,3.05,164626.75,50320.39
300197.SZ,2021-06-17,3.06,3.14,3.04,3.14,315056.23,98110.83
300197.SZ,2021-06-18,3.14,3.17,3.1,3.14,182375.02,56994.89
300197.SZ,2021-06-21,3.13,3.14,3.1,3.13,165843.82,51740.23
300197.SZ,2021-06-22,3.13,3.27,3.11,3.23,419627.56,134905.1
300197.SZ,2021-06-23,3.24,3.3,3.18,3.21,258929.52,83763.79
300197.SZ,2021-06-24,3.2,3.25,3.17,3.18,194647.26,62422.09
300197.SZ,2021-06-25,3.18,3.2,3.12,3.14,185597.47,58449.07
300197.SZ,2021-06-28,3.15,3.16,3.12,3.12,109415.13,34323.85
300197.SZ,2021-06-29,3.12,3.12,3.05,3.06,154541.55,47583.53
300197.SZ,2021-06-30,3.06,3.09,3.03,3.07,115502.63,35312.38
300197.SZ,2021-07-01,3.07,3.07,3.0,3.0,151543.0,45836.47
300197.SZ,2021-07-02,3.0,3.03,2.97,3.0,86530.37,25936.84
300197.SZ,2021-07-05,3.0,3.03,2.98,3.02,82603.51,24914.17
300197.SZ,2021-07-06,3.03,3.05,3.01,3.05,102473.85,31107.26
300197.SZ,2021-07-07,3.06,3.07,3.0,3.02,112354.29,33938.04
300197.SZ,2021-07-08,3.03,3.04,2.99,2.99,92592.85,27827.39
300197.SZ,2021-07-09,3.0,3.07,2.96,3.06,171627.7,51982.85
300197.SZ,2021-07-12,3.08,3.08,3.02,3.03,158961.41,48361.86
300197.SZ,2021-07-13,3.03,3.07,3.0,3.06,198421.55,60340.57
300197.SZ,2021-07-14,3.06,3.06,3.01,3.01,143246.86,43420.29
300197.SZ,2021-07-15,3.0,3.01,2.95,2.98,164961.02,49099.01
300197.SZ,2021-07-16,2.98,3.02,2.97,2.99,139660.98,41868.29
300197.SZ,2021-07-19,3.01,3.01,2.94,2.97,120231.46,35652.85
300197.SZ,2021-07-20,2.97,2.99,2.95,2.98,87273.03,25925.77
300197.SZ,2021-07-21,2.99,3.01,2.98,3.01,148325.19,44474.07
300197.SZ,2021-07-22,3.02,3.03,2.98,3.0,161691.86,48552.27
300197.SZ,2021-07-23,3.0,3.0,2.95,2.96,166121.76,49244.99
300197.SZ,2021-07-26,2.96,2.97,2.9,2.91,150306.12,43970.58
300197.SZ,2021-07-27,2.92,2.93,2.82,2.83,164415.98,47212.88
300197.SZ,2021-07-28,2.83,2.83,2.65,2.72,167277.64,45567.11
300197.SZ,2021-07-29,2.75,2.8,2.73,2.78,107418.51,29673.22
300197.SZ,2021-07-30,2.76,2.81,2.72,2.79,110469.04,30624.43
300197.SZ,2021-08-02,2.8,2.87,2.78,2.86,115333.87,32768.05
300197.SZ,2021-08-03,2.85,2.89,2.83,2.86,95345.43,27304.42
300197.SZ,2021-08-04,2.85,2.88,2.83,2.86,101929.42,29024.93
300197.SZ,2021-08-05,2.84,2.86,2.8,2.83,111210.47,31341.2
300197.SZ,2021-08-06,2.84,2.84,2.77,2.78,98665.65,27512.7
300197.SZ,2021-08-09,2.77,2.81,2.75,2.8,80077.72,22368.84
300197.SZ,2021-08-10,2.8,2.89,2.79,2.84,121543.45,34637.19
300197.SZ,2021-08-11,2.86,2.93,2.86,2.88,132949.17,38464.09
300197.SZ,2021-08-12,2.87,2.91,2.86,2.87,104901.51,30224.17
300197.SZ,2021-08-13,2.87,2.96,2.84,2.91,197772.61,57342.48
300197.SZ,2021-08-16,2.89,2.97,2.88,2.94,175652.22,51530.41
300197.SZ,2021-08-17,2.94,2.94,2.85,2.87,147428.84,42737.53
300197.SZ,2021-08-18,2.85,2.91,2.84,2.88,99864.09,28686.61
300197.SZ,2021-08-19,2.87,2.89,2.82,2.85,94014.89,26796.3
300197.SZ,2021-08-20,2.85,2.85,2.8,2.82,88860.64,25024.21
300197.SZ,2021-08-23,2.84,2.89,2.82,2.86,110549.85,31605.0
300197.SZ,2021-08-24,2.85,2.92,2.85,2.87,134722.98,38850.17
300197.SZ,2021-08-25,2.87,2.9,2.83,2.88,117586.84,33756.51
300197.SZ,2021-08-26,2.88,2.9,2.86,2.88,137653.57,39587.11
300197.SZ,2021-08-27,2.87,2.88,2.82,2.82,145842.77,41366.85
300197.SZ,2021-08-30,2.73,2.84,2.69,2.77,195887.6,53972.6
300197.SZ,2021-08-31,2.79,2.91,2.78,2.87,268856.61,77109.36
300197.SZ,2021-09-01,2.86,3.02,2.85,2.92,371058.11,108828.17
300197.SZ,2021-09-02,2.91,2.97,2.87,2.94,228353.74,66928.3
300197.SZ,2021-09-03,2.93,3.0,2.92,2.94,201817.14,59657.55
300197.SZ,2021-09-06,2.97,2.99,2.92,2.93,154681.15,45461.69
300197.SZ,2021-09-07,2.93,2.97,2.93,2.95,168066.71,49580.91
300197.SZ,2021-09-08,2.95,3.06,2.94,3.06,439857.62,132687.86
300197.SZ,2021-09-09,3.06,3.12,3.03,3.09,356826.17,109988.53
300197.SZ,2021-09-10,3.11,3.13,3.01,3.01,269703.5,82240.88
300197.SZ,2021-09-13,3.05,3.18,3.05,3.08,323785.63,100142.93
300197.SZ,2021-09-14,3.09,3.11,2.99,2.99,257588.95,78148.13
300197.SZ,2021-09-15,3.0,3.1,2.99,3.04,215219.91,65615.61
300197.SZ,2021-09-16,3.06,3.08,2.99,3.0,214602.35,65024.17
300197.SZ,2021-09-17,2.99,3.01,2.91,2.95,219716.12,64880.31
300197.SZ,2021-09-22,2.93,2.98,2.91,2.97,146989.82,43441.0
300197.SZ,2021-09-23,3.0,3.17,2.99,3.15,642018.01,200183.15
300197.SZ,2021-09-24,3.16,3.18,3.04,3.05,325108.39,100185.1
300197.SZ,2021-09-27,3.07,3.08,2.87,2.89,367209.5,108277.16
300197.SZ,2021-09-28,2.89,2.93,2.88,2.92,165682.71,48225.73
300197.SZ,2021-09-29,2.9,2.93,2.82,2.84,187257.53,53671.74
300197.SZ,2021-09-30,2.84,2.88,2.82,2.85,153900.65,43895.56
300197.SZ,2021-10-08,2.87,2.95,2.87,2.89,132904.79,38596.98
300197.SZ,2021-10-11,2.91,2.91,2.85,2.87,130064.13,37295.67
300197.SZ,2021-10-12,2.86,2.89,2.83,2.86,116370.99,33193.73
300197.SZ,2021-10-13,2.86,2.87,2.81,2.85,85337.69,24177.81
300197.SZ,2021-10-14,2.85,2.85,2.82,2.83,81863.03,23174.4
300197.SZ,2021-10-15,2.83,2.84,2.8,2.8,98806.27,27758.87
300197.SZ,2021-10-18,2.79,2.85,2.78,2.83,101396.79,28499.63
300197.SZ,2021-10-19,2.83,2.83,2.79,2.8,70993.27,19924.81
300197.SZ,2021-10-20,2.8,2.82,2.77,2.79,57582.24,16040.08
300197.SZ,2021-10-21,2.8,2.8,2.76,2.76,71262.5,19767.73
300197.SZ,2021-10-22,2.76,2.8,2.76,2.79,85601.67,23761.31
300197.SZ,2021-10-25,2.8,2.8,2.75,2.78,86027.57,23835.95
300197.SZ,2021-10-26,2.77,2.78,2.72,2.75,96445.42,26525.83
300197.SZ,2021-10-27,2.75,2.76,2.71,2.76,129719.43,35406.16
300197.SZ,2021-10-28,2.76,2.76,2.68,2.71,102190.0,27620.32
300197.SZ,2021-10-29,2.71,2.78,2.69,2.75,90579.81,24900.16
300197.SZ,2021-11-01,2.76,2.77,2.72,2.76,79587.87,21831.02
300197.SZ,2021-11-02,2.75,2.77,2.7,2.73,99980.17,27295.75
300197.SZ,2021-11-03,2.72,2.74,2.7,2.72,59932.43,16287.07
300197.SZ,2021-11-04,2.73,2.81,2.72,2.77,120141.18,33186.2
300197.SZ,2021-11-05,2.76,2.77,2.74,2.75,74929.02,20633.07
300197.SZ,2021-11-08,2.76,2.85,2.76,2.82,166118.34,46812.47
300197.SZ,2021-11-09,2.82,2.83,2.78,2.8,102207.75,28589.53
300197.SZ,2021-11-10,2.8,2.83,2.77,2.82,85400.08,23882.29
300197.SZ,2021-11-11,2.82,2.87,2.82,2.85,135899.6,38759.09
300197.SZ,2021-11-12,2.86,2.88,2.84,2.86,99290.55,28365.15
300197.SZ,2021-11-15,2.85,2.87,2.83,2.86,84887.23,24256.86
300197.SZ,2021-11-16,2.86,2.87,2.84,2.85,82022.39,23373.16
300197.SZ,2021-11-17,2.86,2.86,2.81,2.84,93581.44,26523.58
300197.SZ,2021-11-18,2.84,2.86,2.8,2.8,111375.08,31537.37
300197.SZ,2021-11-19,2.81,2.82,2.79,2.81,93301.85,26190.25
300197.SZ,2021-11-22,2.82,2.82,2.77,2.79,102833.73,28643.07
300197.SZ,2021-11-23,2.79,2.82,2.76,2.82,195934.31,54796.04
300197.SZ,2021-11-24,2.83,2.88,2.8,2.85,198352.69,56467.99
300197.SZ,2021-11-25,2.85,2.86,2.83,2.84,118023.0,33607.46
300197.SZ,2021-11-26,2.84,2.9,2.83,2.86,189164.69,54273.85
300197.SZ,2021-11-29,2.81,2.82,2.76,2.77,218145.64,60837.04
300197.SZ,2021-11-30,2.78,2.82,2.78,2.8,143590.4,40189.93
300197.SZ,2021-12-01,2.81,2.91,2.79,2.9,321314.8,92156.51
300197.SZ,2021-12-02,2.91,2.94,2.85,2.85,188008.39,54152.23
300197.SZ,2021-12-03,2.85,2.88,2.81,2.83,176526.47,50121.01
300197.SZ,2021-12-06,2.83,2.84,2.79,2.8,177116.12,49777.01
300197.SZ,2021-12-07,2.81,2.82,2.74,2.77,177801.58,49251.99
300197.SZ,2021-12-08,2.78,2.79,2.76,2.78,89605.26,24895.89
300197.SZ,2021-12-09,2.78,2.81,2.77,2.79,258024.29,71809.41
300197.SZ,2021-12-10,2.78,2.8,2.76,2.79,230801.5,64209.38
300197.SZ,2021-12-13,2.8,2.81,2.78,2.81,195748.0,54812.26
300197.SZ,2021-12-14,2.8,2.8,2.73,2.76,519226.15,143036.72
300197.SZ,2021-12-15,2.75,2.78,2.73,2.74,568751.5,156330.64
300197.SZ,2021-12-16,2.75,2.78,2.72,2.76,603193.8,165728.21
300197.SZ,2021-12-17,2.75,2.87,2.74,2.81,994152.45,278548.67
300197.SZ,2021-12-20,2.8,2.9,2.79,2.86,775705.72,221267.84
300197.SZ,2021-12-21,2.85,3.1,2.83,3.01,1361954.25,403387.35
300197.SZ,2021-12-22,2.98,3.0,2.9,2.92,863529.63,253388.24
300197.SZ,2021-12-23,2.93,2.93,2.84,2.87,515485.57,148063.8
300197.SZ,2021-12-24,2.86,2.87,2.81,2.82,395272.82,111823.05
300197.SZ,2021-12-27,2.81,2.84,2.8,2.83,307126.0,86772.37
300197.SZ,2021-12-28,2.84,2.87,2.82,2.84,274672.98,78004.16
300197.SZ,2021-12-29,2.83,2.9,2.8,2.86,333681.1,95024.17
300197.SZ,2021-12-30,2.85,2.87,2.84,2.85,254486.21,72641.05
300197.SZ,2021-12-31,2.85,2.96,2.83,2.9,458939.0,133239.542
300197.SZ,2022-01-04,2.88,2.99,2.88,2.97,574091.74,169212.92
300197.SZ,2022-01-05,2.97,3.0,2.92,2.94,426480.66,125741.06
300197.SZ,2022-01-06,2.93,3.02,2.92,2.99,497824.75,148430.39
300197.SZ,2022-01-07,2.97,3.0,2.92,2.93,383275.64,113430.38
300197.SZ,2022-01-10,2.94,2.98,2.93,2.95,256415.03,75711.96
300197.SZ,2022-01-11,2.96,2.98,2.91,2.93,247391.61,72839.75
300197.SZ,2022-01-12,2.94,2.95,2.9,2.93,239752.79,70167.37
300197.SZ,2022-01-13,2.93,3.02,2.92,2.95,486179.33,144793.33
300197.SZ,2022-01-14,2.94,2.96,2.86,2.89,439136.71,127781.12
300197.SZ,2022-01-17,2.88,2.95,2.88,2.93,252883.93,73964.19
300197.SZ,2022-01-18,2.94,2.96,2.89,2.94,293942.69,86051.02
300197.SZ,2022-01-19,2.93,3.04,2.92,3.0,624229.9,186980.91
300197.SZ,2022-01-20,3.01,3.03,2.93,2.94,367949.92,109143.46
300197.SZ,2022-01-21,2.94,2.96,2.89,2.94,250835.5,73381.78
300197.SZ,2022-01-24,2.94,2.94,2.83,2.84,413239.24,118193.72
300197.SZ,2022-01-25,2.83,2.85,2.74,2.75,280960.38,78214.3
300197.SZ,2022-01-26,2.74,2.78,2.72,2.77,170746.92,47002.53
300197.SZ,2022-01-27,2.7,2.73,2.59,2.61,407992.24,107861.34
300197.SZ,2022-01-28,2.62,2.67,2.61,2.67,178793.4,47199.94
300197.SZ,2022-02-07,2.72,2.72,2.68,2.69,141128.57,38069.26
300197.SZ,2022-02-08,2.71,2.81,2.68,2.81,324401.0,89682.44
300197.SZ,2022-02-09,2.82,2.84,2.79,2.81,196681.59,55271.91
300197.SZ,2022-02-10,2.83,2.86,2.79,2.82,186873.33,52752.0
300197.SZ,2022-02-11,2.82,2.85,2.77,2.79,238481.65,66920.7
300197.SZ,2022-02-14,2.8,2.81,2.77,2.8,127907.0,35698.16
300197.SZ,2022-02-15,2.8,2.8,2.75,2.77,171428.89,47450.44
300197.SZ,2022-02-16,2.77,2.86,2.76,2.86,307231.95,86899.86
300197.SZ,2022-02-17,2.9,3.01,2.86,2.96,1059034.94,313362.31
300197.SZ,2022-02-18,2.92,3.0,2.9,2.98,565178.57,167102.15
300197.SZ,2022-02-21,2.99,3.0,2.95,2.97,343609.36,102029.76
300197.SZ,2022-02-22,2.96,2.98,2.91,2.93,287238.46,84396.77
300197.SZ,2022-02-23,2.95,2.95,2.89,2.91,248984.13,72469.42
300197.SZ,2022-02-24,2.89,2.91,2.76,2.79,425417.62,120292.82
300197.SZ,2022-02-25,2.85,2.89,2.8,2.83,306267.09,87047.83
300197.SZ,2022-02-28,2.85,2.85,2.79,2.83,220162.0,62112.32
300197.SZ,2022-03-01,2.83,2.85,2.81,2.84,175138.84,49595.53
300197.SZ,2022-03-02,2.83,2.89,2.82,2.89,255164.16,73002.13
300197.SZ,2022-03-03,2.9,2.9,2.86,2.87,180671.7,51966.88
300197.SZ,2022-03-04,2.87,2.88,2.8,2.81,274010.3,77435.43
300197.SZ,2022-03-07,2.81,2.83,2.75,2.78,200751.23,55909.54
300197.SZ,2022-03-08,2.75,2.77,2.69,2.71,300624.2,81962.38
300197.SZ,2022-03-09,2.71,2.75,2.56,2.68,385454.9,102590.98
300197.SZ,2022-03-10,2.73,2.77,2.71,2.73,242585.96,66553.64
300197.SZ,2022-03-11,2.71,2.74,2.63,2.73,258698.23,69295.38
300197.SZ,2022-03-14,2.72,2.73,2.65,2.66,169590.12,45582.49
300197.SZ,2022-03-15,2.65,2.65,2.52,2.53,320153.23,82735.96
300197.SZ,2022-03-16,2.57,2.62,2.49,2.6,240502.2,61625.71
300197.SZ,2022-03-17,2.63,2.7,2.6,2.61,250340.59,66211.16
300197.SZ,2022-03-18,2.6,2.67,2.59,2.65,220208.15,58295.45
300197.SZ,2022-03-21,2.67,2.71,2.62,2.69,263289.43,69947.02
300197.SZ,2022-03-22,2.67,2.7,2.63,2.68,227704.48,60723.81
300197.SZ,2022-03-23,2.68,2.71,2.65,2.66,161521.92,43203.06
300197.SZ,2022-03-24,2.65,2.65,2.61,2.62,143858.98,37839.91
300197.SZ,2022-03-25,2.6,2.66,2.6,2.64,165100.67,43488.76
300197.SZ,2022-03-28,2.63,2.67,2.6,2.65,171761.5,45288.14
300197.SZ,2022-03-29,2.65,2.68,2.61,2.62,132161.67,34824.6
300197.SZ,2022-03-30,2.63,2.65,2.61,2.65,100148.62,26397.28
300197.SZ,2022-03-31,2.65,2.68,2.62,2.66,178906.75,47600.92
300197.SZ,2022-04-01,2.67,2.68,2.64,2.67,165246.72,44006.3
300197.SZ,2022-04-06,2.67,2.74,2.66,2.74,276184.92,75089.46
300197.SZ,2022-04-07,2.73,2.74,2.65,2.66,208558.5,56197.7
300197.SZ,2022-04-08,2.66,2.71,2.65,2.71,205809.83,55239.11
300197.SZ,2022-04-11,2.7,2.7,2.62,2.65,220166.32,58678.99
300197.SZ,2022-04-12,2.62,2.7,2.61,2.69,193612.16,51336.05
300197.SZ,2022-04-13,2.69,2.7,2.62,2.63,185465.9,49091.29
300197.SZ,2022-04-14,2.63,2.66,2.62,2.63,146124.21,38536.08
300197.SZ,2022-04-15,2.63,2.63,2.54,2.54,225730.08,58140.82
300197.SZ,2022-04-18,2.52,2.54,2.49,2.53,144894.72,36431.22
300197.SZ,2022-04-19,2.52,2.55,2.51,2.54,101535.31,25681.53
300197.SZ,2022-04-20,2.53,2.57,2.51,2.53,128302.97,32606.46
300197.SZ,2022-04-21,2.52,2.53,2.43,2.45,198371.0,49135.12
300197.SZ,2022-04-22,2.43,2.46,2.41,2.42,144644.75,35112.07
300197.SZ,2022-04-25,2.39,2.39,2.22,2.24,304626.83,70115.34
300197.SZ,2022-04-26,2.26,2.28,2.12,2.14,275436.05,60735.21
300197.SZ,2022-04-27,2.13,2.21,2.12,2.19,238730.61,51660.04
300197.SZ,2022-04-28,2.17,2.2,2.12,2.16,165983.0,35862.29
300197.SZ,2022-04-29,2.17,2.28,2.17,2.26,226993.93,50794.21
300197.SZ,2022-05-05,2.26,2.3,2.23,2.23,238955.46,54059.99
300197.SZ,2022-05-06,2.19,2.22,2.17,2.19,150336.95,32990.25
300197.SZ,2022-05-09,2.29,2.44,2.27,2.31,432930.65,101163.52
300197.SZ,2022-05-10,2.27,2.42,2.27,2.41,448467.26,106180.89
300197.SZ,2022-05-11,2.4,2.44,2.35,2.36,375630.03,89587.83
300197.SZ,2022-05-12,2.34,2.51,2.33,2.42,576004.71,139977.59
300197.SZ,2022-05-13,2.41,2.43,2.37,2.41,350431.56,83981.69
300197.SZ,2022-05-16,2.41,2.45,2.38,2.4,184868.47,44376.4
300197.SZ,2022-05-17,2.41,2.41,2.34,2.37,177897.67,42038.72
300197.SZ,2022-05-18,2.37,2.43,2.36,2.4,213236.81,51171.01
300197.SZ,2022-05-19,2.38,2.43,2.36,2.42,249160.56,59746.42
300197.SZ,2022-05-20,2.42,2.5,2.4,2.46,281929.52,69151.91
300197.SZ,2022-05-23,2.44,2.46,2.42,2.45,235016.69,57325.09
300197.SZ,2022-05-24,2.46,2.46,2.32,2.32,252083.5,60100.97
300197.SZ,2022-05-25,2.35,2.39,2.32,2.37,161515.08,38092.55
300197.SZ,2022-05-26,2.39,2.41,2.36,2.39,162497.3,38693.76
300197.SZ,2022-05-27,2.39,2.41,2.36,2.39,149797.43,35720.56
300197.SZ,2022-05-30,2.4,2.45,2.38,2.45,261450.19,63417.31
300197.SZ,2022-05-31,2.46,2.46,2.4,2.44,192424.06,46655.14
300197.SZ,2022-06-01,2.44,2.46,2.4,2.42,209957.36,50999.03
300197.SZ,2022-06-02,2.43,2.44,2.39,2.43,168545.22,40757.86
300197.SZ,2022-06-06,2.43,2.45,2.4,2.44,224511.45,54528.01
300197.SZ,2022-06-07,2.44,2.44,2.38,2.39,215423.0,51707.15
300197.SZ,2022-06-08,2.39,2.4,2.33,2.37,223109.64,52820.21
300197.SZ,2022-06-09,2.37,2.4,2.34,2.36,170874.5,40534.38
300197.SZ,2022-06-10,2.35,2.38,2.33,2.36,165276.42,39033.69
300197.SZ,2022-06-13,2.36,2.37,2.32,2.36,184954.63,43427.53
300197.SZ,2022-06-14,2.35,2.36,2.3,2.36,171564.24,39944.36
300197.SZ,2022-06-15,2.36,2.4,2.35,2.37,201590.35,47900.69
300197.SZ,2022-06-16,2.39,2.39,2.36,2.37,150043.0,35629.82
300197.SZ,2022-06-17,2.35,2.36,2.32,2.35,161066.75,37758.63
300197.SZ,2022-06-20,2.35,2.39,2.34,2.37,141787.89,33543.01
300197.SZ,2022-06-21,2.37,2.4,2.35,2.39,167409.56,39867.7
300197.SZ,2022-06-22,2.39,2.4,2.34,2.35,121853.6,28837.01
300197.SZ,2022-06-23,2.35,2.41,2.34,2.39,178931.06,42521.85
300197.SZ,2022-06-24,2.39,2.41,2.38,2.4,147356.0,35266.01
300197.SZ,2022-06-27,2.39,2.41,2.38,2.4,157264.97,37595.92
300197.SZ,2022-06-28,2.4,2.48,2.39,2.44,323229.74,79019.46
300197.SZ,2022-06-29,2.45,2.46,2.39,2.4,204047.0,49483.61
300197.SZ,2022-06-30,2.4,2.44,2.38,2.41,176519.05,42683.08
300197.SZ,2022-07-01,2.41,2.45,2.41,2.42,175149.5,42486.41
300197.SZ,2022-07-04,2.43,2.44,2.41,2.43,154556.56,37423.18
300197.SZ,2022-07-05,2.44,2.45,2.39,2.42,171745.83,41482.4
300197.SZ,2022-07-06,2.41,2.41,2.34,2.37,192410.5,45585.58
300197.SZ,2022-07-07,2.36,2.39,2.34,2.37,187228.94,44335.93
300197.SZ,2022-07-08,2.38,2.4,2.37,2.38,153342.74,36623.21
300197.SZ,2022-07-11,2.37,2.39,2.35,2.38,158968.5,37711.25
300197.SZ,2022-07-12,2.36,2.43,2.36,2.39,193733.5,46541.6
300197.SZ,2022-07-13,2.4,2.47,2.39,2.45,230769.45,56240.04
300197.SZ,2022-07-14,2.45,2.46,2.4,2.43,158101.17,38207.63
300197.SZ,2022-07-15,2.41,2.42,2.3,2.31,304917.0,71486.52
300197.SZ,2022-07-18,2.31,2.5,2.31,2.45,701397.33,171536.31
300197.SZ,2022-07-19,2.46,2.47,2.42,2.45,302280.87,73877.13
300197.SZ,2022-07-20,2.45,2.46,2.42,2.44,188319.45,45940.08
300197.SZ,2022-07-21,2.44,2.46,2.42,2.44,170145.53,41545.17
300197.SZ,2022-07-22,2.44,2.53,2.43,2.51,468406.47,116697.63
300197.SZ,2022-07-25,2.5,2.55,2.46,2.48,254797.37,63601.57
300197.SZ,2022-07-26,2.48,2.51,2.44,2.5,211173.5,52183.36
300197.SZ,2022-07-27,2.49,2.51,2.45,2.47,162053.27,40077.31
300197.SZ,2022-07-28,2.48,2.52,2.47,2.5,254214.77,63528.24
300197.SZ,2022-07-29,2.51,2.53,2.47,2.48,197717.27,49367.81
300197.SZ,2022-08-01,2.47,2.48,2.43,2.44,198257.55,48489.0
300197.SZ,2022-08-02,2.43,2.43,2.3,2.34,344361.5,80807.94
300197.SZ,2022-08-03,2.33,2.38,2.29,2.31,280777.32,65482.58
300197.SZ,2022-08-04,2.31,2.33,2.26,2.32,253146.11,58172.75
300197.SZ,2022-08-05,2.32,2.34,2.29,2.33,186348.0,43054.69
300197.SZ,2022-08-08,2.32,2.35,2.31,2.33,201804.97,47029.6
300197.SZ,2022-08-09,2.33,2.34,2.29,2.3,179707.35,41516.07
300197.SZ,2022-08-10,2.31,2.31,2.28,2.3,175009.38,40123.24
300197.SZ,2022-08-11,2.3,2.33,2.29,2.33,251998.54,58399.82
300197.SZ,2022-08-12,2.32,2.4,2.31,2.35,339084.26,79838.38
300197.SZ,2022-08-15,2.36,2.38,2.34,2.36,242955.04,57383.4
300197.SZ,2022-08-16,2.37,2.39,2.35,2.37,202825.0,48029.44
300197.SZ,2022-08-17,2.38,2.39,2.37,2.38,215990.0,51468.11
300197.SZ,2022-08-18,2.39,2.39,2.34,2.35,221009.0,52253.14
300197.SZ,2022-08-19,2.36,2.38,2.35,2.36,185707.76,43840.6
300197.SZ,2022-08-22,2.42,2.6,2.41,2.52,1011664.09,255428.85
300197.SZ,2022-08-23,2.53,2.69,2.5,2.65,1092702.75,286154.85
300197.SZ,2022-08-24,2.68,2.69,2.58,2.58,708508.6,185779.45
300197.SZ,2022-08-25,2.59,2.62,2.53,2.59,413075.71,106406.46
300197.SZ,2022-08-26,2.58,2.61,2.54,2.56,260037.86,66771.55
300197.SZ,2022-08-29,2.53,2.57,2.5,2.56,254935.6,64489.3
300197.SZ,2022-08-30,2.52,2.58,2.51,2.54,189502.34,48096.27
300197.SZ,2022-08-31,2.55,2.55,2.47,2.52,285890.09,71630.74
300197.SZ,2022-09-01,2.5,2.61,2.48,2.58,365153.35,93715.0
300197.SZ,2022-09-02,2.55,2.58,2.52,2.55,248846.29,63361.8
300197.SZ,2022-09-05,2.55,2.62,2.54,2.6,276687.72,71515.81
300197.SZ,2022-09-06,2.65,2.69,2.62,2.65,392309.9,104065.37
300197.SZ,2022-09-07,2.64,2.66,2.58,2.62,288521.34,75141.61
300197.SZ,2022-09-08,2.61,2.61,2.53,2.56,220553.1,56404.19
300197.SZ,2022-09-09,2.56,2.58,2.53,2.55,146516.05,37374.11
300197.SZ,2022-09-13,2.56,2.57,2.5,2.52,198867.0,50277.05
300197.SZ,2022-09-14,2.5,2.51,2.47,2.51,142299.89,35465.98
300197.SZ,2022-09-15,2.52,2.53,2.44,2.47,195294.33,48344.08
300197.SZ,2022-09-16,2.46,2.47,2.38,2.39,212532.88,51230.13
300197.SZ,2022-09-19,2.37,2.39,2.34,2.36,161748.45,38191.86
300197.SZ,2022-09-20,2.36,2.41,2.36,2.37,190442.5,45339.5
300197.SZ,2022-09-21,2.37,2.48,2.34,2.47,303886.5,73547.2
300197.SZ,2022-09-22,2.46,2.47,2.4,2.4,215743.85,52341.14
300197.SZ,2022-09-23,2.4,2.44,2.39,2.39,160575.6,38699.8
300197.SZ,2022-09-26,2.39,2.39,2.27,2.29,295953.57,68697.51
300197.SZ,2022-09-27,2.3,2.35,2.28,2.33,147727.01,34146.82
300197.SZ,2022-09-28,2.32,2.34,2.29,2.29,131790.62,30522.16
300197.SZ,2022-09-29,2.31,2.32,2.24,2.27,162159.0,36921.72
300197.SZ,2022-09-30,2.26,2.28,2.25,2.27,98157.64,22222.6
300197.SZ,2022-10-10,2.26,2.29,2.22,2.24,116485.16,26280.99
300197.SZ,2022-10-11,2.24,2.26,2.19,2.23,175892.15,39036.46
300197.SZ,2022-10-12,2.23,2.29,2.2,2.29,123571.3,27723.72
300197.SZ,2022-10-13,2.27,2.31,2.24,2.29,155034.42,35215.48
300197.SZ,2022-10-14,2.3,2.32,2.29,2.3,155951.0,35985.4
300197.SZ,2022-10-17,2.3,2.34,2.28,2.33,150406.04,34816.58
300197.SZ,2022-10-18,2.34,2.35,2.32,2.32,116119.97,27073.53
300197.SZ,2022-10-19,2.32,2.33,2.29,2.29,113809.0,26273.55
300197.SZ,2022-10-20,2.29,2.32,2.27,2.28,110875.0,25388.67
300197.SZ,2022-10-21,2.29,2.33,2.28,2.32,128235.27,29665.16
300197.SZ,2022-10-24,2.34,2.34,2.25,2.26,167402.5,38348.84
300197.SZ,2022-10-25,2.26,2.28,2.23,2.26,105777.0,23869.84
300197.SZ,2022-10-26,2.26,2.29,2.26,2.27,118537.91,26980.24
300197.SZ,2022-10-27,2.25,2.28,2.24,2.25,170401.0,38385.87
300197.SZ,2022-10-28,2.24,2.24,2.14,2.16,264817.51,57829.05
300197.SZ,2022-10-31,2.15,2.19,2.15,2.17,78439.72,17038.75
300197.SZ,2022-11-01,2.18,2.23,2.17,2.23,112108.01,24697.98
300197.SZ,2022-11-02,2.22,2.25,2.21,2.23,124979.13,27879.6
300197.SZ,2022-11-03,2.22,2.23,2.2,2.22,120505.86,26729.87
300197.SZ,2022-11-04,2.22,2.29,2.22,2.28,176056.11,39968.93
300197.SZ,2022-11-07,2.29,2.3,2.26,2.29,166046.95,37968.25
300197.SZ,2022-11-08,2.3,2.3,2.26,2.29,116679.0,26570.54
300197.SZ,2022-11-09,2.28,2.31,2.27,2.3,141487.23,32502.71
300197.SZ,2022-11-10,2.28,2.31,2.27,2.31,170146.6,39043.78
300197.SZ,2022-11-11,2.34,2.35,2.3,2.31,197229.1,45705.71
300197.SZ,2022-11-14,2.3,2.32,2.28,2.29,158036.53,36389.46
300197.SZ,2022-11-15,2.3,2.32,2.28,2.31,169063.43,38965.84
300197.SZ,2022-11-16,2.32,2.33,2.3,2.31,120850.95,27944.0
300197.SZ,2022-11-17,2.3,2.32,2.29,2.32,155192.12,35835.86
300197.SZ,2022-11-18,2.33,2.34,2.3,2.3,125112.06,28973.39
300197.SZ,2022-11-21,2.3,2.31,2.26,2.28,154577.91,35187.08
300197.SZ,2022-11-22,2.29,2.34,2.27,2.31,260992.75,60088.7
300197.SZ,2022-11-23,2.31,2.37,2.3,2.36,379027.7,88955.2
300197.SZ,2022-11-24,2.36,2.36,2.28,2.29,334120.23,77203.72
300197.SZ,2022-11-25,2.29,2.34,2.27,2.31,270382.34,62616.99
300197.SZ,2022-11-28,2.31,2.32,2.27,2.32,212076.63,48595.04
300197.SZ,2022-11-29,2.32,2.35,2.31,2.35,257741.5,60224.36
300197.SZ,2022-11-30,2.35,2.36,2.32,2.33,179866.0,42069.86
300197.SZ,2022-12-01,2.35,2.36,2.31,2.32,226104.47,52727.84
300197.SZ,2022-12-02,2.32,2.34,2.3,2.33,176174.58,40900.12
300197.SZ,2022-12-05,2.36,2.46,2.35,2.45,610293.43,147804.36
300197.SZ,2022-12-06,2.45,2.45,2.38,2.39,305294.17,73370.27
300197.SZ,2022-12-07,2.38,2.39,2.35,2.37,218017.0,51722.33
300197.SZ,2022-12-08,2.38,2.38,2.35,2.36,156968.27,37074.85
300197.SZ,2022-12-09,2.37,2.38,2.34,2.35,204004.06,48038.71
300197.SZ,2022-12-12,2.35,2.35,2.31,2.31,160441.0,37316.06
300197.SZ,2022-12-13,2.33,2.35,2.31,2.33,119281.56,27802.12
300197.SZ,2022-12-14,2.34,2.34,2.29,2.29,130462.0,30165.2
300197.SZ,2022-12-15,2.29,2.31,2.28,2.3,110875.0,25429.22
300197.SZ,2022-12-16,2.3,2.31,2.28,2.29,87553.57,20086.81
300197.SZ,2022-12-19,2.29,2.3,2.22,2.23,186782.86,41994.4
300197.SZ,2022-12-20,2.23,2.27,2.2,2.25,92388.0,20654.34
300197.SZ,2022-12-21,2.25,2.28,2.2,2.26,181763.09,40761.82
300197.SZ,2022-12-22,2.26,2.27,2.21,2.22,113190.31,25220.36
300197.SZ,2022-12-23,2.21,2.23,2.19,2.22,79095.0,17477.08
300197.SZ,2022-12-26,2.21,2.23,2.2,2.22,90962.04,20166.14
300197.SZ,2022-12-27,2.22,2.26,2.21,2.25,116937.5,26132.03
300197.SZ,2022-12-28,2.24,2.28,2.23,2.25,137708.0,31070.02
300197.SZ,2022-12-29,2.25,2.25,2.22,2.24,82854.0,18527.68
300197.SZ,2022-12-30,2.24,2.28,2.23,2.27,115519.17,26154.28
300197.SZ,2023-01-03,2.27,2.29,2.27,2.28,119356.5,27194.42
300197.SZ,2023-01-04,2.28,2.3,2.27,2.28,97563.37,22287.86
300197.SZ,2023-01-05,2.28,2.29,2.26,2.27,89066.4,20229.78
300197.SZ,2023-01-06,2.26,2.28,2.25,2.26,89743.78,20314.44
300197.SZ,2023-01-09,2.28,2.28,2.26,2.26,71342.02,16155.7
300197.SZ,2023-01-10,2.26,2.26,2.22,2.23,99215.67,22208.71
300197.SZ,2023-01-11,2.23,2.24,2.22,2.22,68773.0,15340.36
300197.SZ,2023-01-12,2.22,2.23,2.21,2.22,68073.92,15112.41
300197.SZ,2023-01-13,2.24,2.24,2.22,2.24,68013.75,15170.1
300197.SZ,2023-01-16,2.24,2.26,2.23,2.25,107232.0,24083.58
300197.SZ,2023-01-17,2.26,2.26,2.22,2.23,97114.77,21729.0
300197.SZ,2023-01-18,2.23,2.25,2.22,2.25,79203.11,17727.01
300197.SZ,2023-01-19,2.25,2.26,2.23,2.25,74195.75,16673.48
300197.SZ,2023-01-20,2.24,2.28,2.24,2.27,121364.97,27484.91
300197.SZ,2023-01-30,2.3,2.31,2.28,2.31,182448.6,41905.81
300197.SZ,2023-01-31,2.31,2.34,2.29,2.33,175348.71,40540.3
300197.SZ,2023-02-01,2.31,2.34,2.3,2.33,230126.47,53439.41
300197.SZ,2023-02-02,2.34,2.34,2.31,2.33,216802.7,50485.15
300197.SZ,2023-02-03,2.34,2.34,2.3,2.32,160450.19,37151.86
300197.SZ,2023-02-06,2.32,2.37,2.3,2.33,270909.23,63308.42
300197.SZ,2023-02-07,2.34,2.34,2.32,2.34,223481.11,52007.66
300197.SZ,2023-02-08,2.33,2.34,2.31,2.31,129497.22,30044.49
300197.SZ,2023-02-09,2.32,2.34,2.3,2.34,173120.19,40230.7
300197.SZ,2023-02-10,2.34,2.37,2.32,2.36,273504.3,64347.35
300197.SZ,2023-02-13,2.36,2.42,2.35,2.4,353318.14,84272.66
300197.SZ,2023-02-14,2.42,2.42,2.39,2.39,232836.63,55860.08
300197.SZ,2023-02-15,2.4,2.44,2.38,2.42,235553.8,56729.52
300197.SZ,2023-02-16,2.44,2.45,2.36,2.38,275947.95,66594.21
300197.SZ,2023-02-17,2.38,2.41,2.36,2.37,265328.5,63270.59
300197.SZ,2023-02-20,2.39,2.39,2.36,2.39,152061.01,36142.63
300197.SZ,2023-02-21,2.39,2.41,2.38,2.41,138702.01,33252.36
300197.SZ,2023-02-22,2.41,2.41,2.39,2.4,103465.83,24801.42
300197.SZ,2023-02-23,2.4,2.41,2.36,2.38,147176.55,35030.84
300197.SZ,2023-02-24,2.38,2.38,2.36,2.37,105742.16,25053.88
300197.SZ,2023-02-27,2.37,2.37,2.33,2.34,126206.12,29647.93
300197.SZ,2023-02-28,2.35,2.38,2.34,2.37,113494.61,26724.08
300197.SZ,2023-03-01,2.37,2.4,2.36,2.4,135939.12,32453.22
300197.SZ,2023-03-02,2.4,2.42,2.39,2.4,149409.35,35894.0
300197.SZ,2023-03-03,2.43,2.47,2.4,2.44,377410.13,91869.09
300197.SZ,2023-03-06,2.45,2.46,2.42,2.44,223983.0,54687.08
300197.SZ,2023-03-07,2.44,2.45,2.39,2.4,202707.08,49062.0
300197.SZ,2023-03-08,2.4,2.43,2.39,2.43,132525.64,31937.79
300197.SZ,2023-03-09,2.44,2.44,2.39,2.44,195203.85,47294.71
300197.SZ,2023-03-10,2.43,2.44,2.4,2.41,125148.0,30273.93
300197.SZ,2023-03-13,2.41,2.42,2.36,2.38,146935.5,34947.09
300197.SZ,2023-03-14,2.37,2.38,2.33,2.35,142051.39,33459.64
300197.SZ,2023-03-15,2.36,2.42,2.35,2.42,214326.1,51254.41
300197.SZ,2023-03-16,2.41,2.42,2.38,2.39,144765.34,34666.65
300197.SZ,2023-03-17,2.4,2.42,2.39,2.41,146105.86,35130.81
300197.SZ,2023-03-20,2.41,2.44,2.39,2.4,184187.15,44408.46
300197.SZ,2023-03-21,2.4,2.41,2.37,2.39,140568.72,33535.24
300197.SZ,2023-03-22,2.4,2.4,2.38,2.39,131459.66,31456.63
300197.SZ,2023-03-23,2.39,2.41,2.37,2.38,122682.05,29298.95
300197.SZ,2023-03-24,2.38,2.4,2.35,2.39,202216.42,47968.73
300197.SZ,2023-03-27,2.4,2.4,2.35,2.38,165437.0,39230.83
300197.SZ,2023-03-28,2.38,2.39,2.35,2.35,124078.63,29292.84
300197.SZ,2023-03-29,2.35,2.36,2.3,2.31,183355.79,42664.74
300197.SZ,2023-03-30,2.31,2.31,2.27,2.29,150353.61,34358.31
300197.SZ,2023-03-31,2.29,2.3,2.27,2.28,118957.93,27154.74
300197.SZ,2023-04-03,2.28,2.31,2.27,2.3,115377.77,26445.55
300197.SZ,2023-04-04,2.31,2.35,2.3,2.33,196472.58,45700.65
300197.SZ,2023-04-06,2.34,2.37,2.32,2.36,152013.82,35628.39
300197.SZ,2023-04-07,2.36,2.78,2.35,2.71,1651182.52,427418.82
300197.SZ,2023-04-24,3.1,3.1,2.41,2.55,1393150.01,362421.11
300197.SZ,2023-04-25,2.5,2.59,2.42,2.47,732246.99,182415.19
300197.SZ,2023-04-26,2.45,2.64,2.41,2.6,917653.6,232108.26
300197.SZ,2023-04-27,2.58,2.65,2.51,2.52,592624.61,152225.2
300197.SZ,2023-04-28,2.54,2.64,2.5,2.61,617479.16,159966.34
300197.SZ,2023-05-04,2.59,2.8,2.57,2.73,773037.35,211107.06
300197.SZ,2023-05-05,2.71,2.77,2.66,2.76,564545.75,153616.89
300197.SZ,2023-05-08,2.77,2.77,2.69,2.74,420140.75,114497.62
300197.SZ,2023-05-09,2.73,2.95,2.71,2.83,1042186.53,297477.3
300197.SZ,2023-05-10,2.8,2.81,2.72,2.75,548279.89,151295.42
300197.SZ,2023-05-11,2.77,2.78,2.69,2.69,402908.27,109426.5
300197.SZ,2023-05-12,2.68,2.72,2.65,2.67,282878.42,75748.47
300197.SZ,2023-05-15,2.66,2.68,2.58,2.66,301131.31,79036.38
300197.SZ,2023-05-16,2.67,2.67,2.58,2.59,221278.83,57683.38
300197.SZ,2023-05-17,2.58,2.62,2.56,2.61,153248.75,39740.47
300197.SZ,2023-05-18,2.62,2.62,2.58,2.59,169888.0,44020.76
300197.SZ,2023-05-19,2.58,2.6,2.53,2.58,182924.14,46874.54
300197.SZ,2023-05-22,2.56,2.58,2.55,2.56,110305.39,28275.36
300197.SZ,2023-05-23,2.56,2.62,2.55,2.56,207179.27,53631.27
300197.SZ,2023-05-24,2.57,2.57,2.49,2.51,243413.03,61311.11
300197.SZ,2023-05-25,2.49,2.53,2.47,2.51,169245.23,42335.54
300197.SZ,2023-05-26,2.52,2.62,2.52,2.61,312525.81,80586.62
300197.SZ,2023-05-29,2.6,2.64,2.53,2.55,292308.25,75659.25
300197.SZ,2023-05-30,2.56,2.58,2.53,2.57,146875.53,37517.09
300197.SZ,2023-05-31,2.57,2.57,2.51,2.53,180262.07,45635.94
300197.SZ,2023-06-01,2.52,2.55,2.5,2.51,152237.38,38421.28
300197.SZ,2023-06-02,2.52,2.55,2.51,2.55,107270.6,27111.07
300197.SZ,2023-06-05,2.55,2.56,2.5,2.51,142418.0,35955.39
300197.SZ,2023-06-06,2.51,2.55,2.48,2.49,178585.0,44801.12
300197.SZ,2023-06-07,2.49,2.5,2.45,2.47,157114.0,38898.08
300197.SZ,2023-06-08,2.46,2.49,2.45,2.47,99272.0,24508.12
300197.SZ,2023-06-09,2.47,2.48,2.43,2.45,123894.66,30330.54
300197.SZ,2023-06-12,2.45,2.46,2.39,2.43,155522.76,37515.59
300197.SZ,2023-06-13,2.42,2.49,2.41,2.47,227071.74,55905.22
300197.SZ,2023-06-14,2.47,2.47,2.43,2.44,131130.88,32079.02
300197.SZ,2023-06-15,2.44,2.48,2.42,2.47,137822.42,33701.29
300197.SZ,2023-06-16,2.46,2.48,2.43,2.44,163476.51,40128.93
300197.SZ,2023-06-19,2.44,2.44,2.4,2.42,135523.96,32713.55
300197.SZ,2023-06-20,2.41,2.42,2.36,2.38,147307.27,35111.62
300197.SZ,2023-06-21,2.37,2.39,2.36,2.36,99741.62,23670.08
300197.SZ,2023-06-26,2.36,2.36,2.3,2.32,153066.85,35578.89
300197.SZ,2023-06-27,2.31,2.37,2.31,2.36,117451.7,27573.47
300197.SZ,2023-06-28,2.36,2.38,2.33,2.38,109257.86,25746.23
300197.SZ,2023-06-29,2.37,2.42,2.35,2.4,174006.87,41632.95
300197.SZ,2023-06-30,2.4,2.45,2.39,2.43,154258.03,37422.8
300197.SZ,2023-07-03,2.43,2.46,2.42,2.44,154897.0,37782.92
300197.SZ,2023-07-04,2.43,2.44,2.4,2.42,114273.52,27678.61
300197.SZ,2023-07-05,2.42,2.44,2.4,2.42,102629.5,24852.68
300197.SZ,2023-07-06,2.42,2.43,2.4,2.41,96192.18,23188.45
300197.SZ,2023-07-07,2.4,2.48,2.4,2.46,197250.83,48252.44
300197.SZ,2023-07-10,2.46,2.47,2.43,2.44,112896.01,27579.23
300197.SZ,2023-07-11,2.44,2.47,2.42,2.47,133426.54,32688.88
300197.SZ,2023-07-12,2.47,2.47,2.42,2.42,124613.42,30399.29
300197.SZ,2023-07-13,2.42,2.45,2.41,2.45,85773.26,20873.79
300197.SZ,2023-07-14,2.46,2.63,2.46,2.59,666180.69,171089.25
300197.SZ,2023-07-17,2.6,2.61,2.54,2.56,292298.22,74892.96
300197.SZ,2023-07-18,2.56,2.57,2.52,2.55,197952.5,50390.58
300197.SZ,2023-07-19,2.56,2.61,2.54,2.56,267230.66,68810.06
300197.SZ,2023-07-20,2.56,2.58,2.52,2.52,279031.88,71030.3
300197.SZ,2023-07-21,2.52,2.6,2.52,2.57,308369.79,78924.67
300197.SZ,2023-07-24,2.59,2.61,2.53,2.54,287681.73,73368.74
300197.SZ,2023-07-25,2.54,2.6,2.54,2.6,375116.65,96876.21
300197.SZ,2023-07-26,2.58,2.69,2.58,2.69,765617.85,203827.42
300197.SZ,2023-07-27,2.66,2.68,2.63,2.64,408076.03,108098.8
300197.SZ,2023-07-28,2.64,2.65,2.59,2.63,345188.63,90384.85
300197.SZ,2023-07-31,2.63,2.71,2.61,2.69,493889.75,131902.82
300197.SZ,2023-08-01,2.67,2.69,2.64,2.67,347076.62,92342.43
300197.SZ,2023-08-02,2.66,2.67,2.63,2.65,216774.92,57454.24
300197.SZ,2023-08-03,2.64,2.65,2.61,2.65,247787.14,65167.51
300197.SZ,2023-08-04,2.64,2.66,2.6,2.61,352696.09,92499.23
300197.SZ,2023-08-07,2.6,2.61,2.56,2.57,209928.18,54076.41
300197.SZ,2023-08-08,2.56,2.61,2.55,2.56,205454.15,52971.96
300197.SZ,2023-08-09,2.54,2.62,2.54,2.55,305018.3,78629.56
300197.SZ,2023-08-10,2.55,2.55,2.52,2.54,174245.5,44190.85
300197.SZ,2023-08-11,2.55,2.56,2.47,2.47,242101.88,60812.62
300197.SZ,2023-08-14,2.46,2.52,2.44,2.52,188052.38,46741.38
300197.SZ,2023-08-15,2.51,2.51,2.46,2.48,129429.5,32148.41
300197.SZ,2023-08-16,2.47,2.52,2.46,2.49,170841.0,42583.61
300197.SZ,2023-08-17,2.48,2.51,2.44,2.51,258109.58,63972.41
300197.SZ,2023-08-18,2.5,2.63,2.49,2.57,685465.59,176840.0
300197.SZ,2023-08-21,2.58,2.65,2.56,2.61,566971.6,147869.97
300197.SZ,2023-08-22,2.59,2.61,2.46,2.52,553127.74,139229.42
300197.SZ,2023-08-23,2.54,2.58,2.5,2.51,323604.0,81871.16
300197.SZ,2023-08-24,2.49,2.51,2.43,2.47,342309.5,84407.65
300197.SZ,2023-08-25,2.46,2.57,2.44,2.5,471951.4,119319.77
300197.SZ,2023-08-28,2.58,2.66,2.54,2.61,865574.08,225123.16
300197.SZ,2023-08-29,2.58,2.6,2.53,2.6,550756.5,141570.62
300197.SZ,2023-08-30,2.58,2.58,2.49,2.5,475278.89,120047.18
300197.SZ,2023-08-31,2.48,2.49,2.41,2.42,515403.5,125966.11
300197.SZ,2023-09-01,2.43,2.43,2.39,2.4,234958.25,56599.47
300197.SZ,2023-09-04,2.39,2.44,2.39,2.43,285856.29,69216.45
300197.SZ,2023-09-05,2.42,2.43,2.38,2.39,218690.16,52428.79
300197.SZ,2023-09-06,2.39,2.42,2.38,2.41,132440.75,31838.11
300197.SZ,2023-09-07,2.41,2.41,2.36,2.37,153224.0,36529.28
300197.SZ,2023-09-08,2.36,2.39,2.36,2.38,137275.22,32629.82
300197.SZ,2023-09-11,2.38,2.4,2.36,2.38,166523.5,39662.12
300197.SZ,2023-09-12,2.39,2.4,2.37,2.39,127523.5,30482.99
300197.SZ,2023-09-13,2.4,2.41,2.38,2.4,153868.5,36789.77
300197.SZ,2023-09-14,2.39,2.4,2.36,2.37,107688.57,25563.48
300197.SZ,2023-09-15,2.37,2.41,2.36,2.4,187699.87,44873.22
300197.SZ,2023-09-18,2.39,2.4,2.37,2.38,129697.0,30890.03
300197.SZ,2023-09-19,2.39,2.4,2.38,2.38,110280.5,26348.58
300197.SZ,2023-09-20,2.38,2.38,2.36,2.36,104678.54,24800.75
300197.SZ,2023-09-21,2.36,2.37,2.32,2.33,131018.29,30712.72
300197.SZ,2023-09-22,2.33,2.36,2.31,2.35,94857.13,22197.42
300197.SZ,2023-09-25,2.36,2.36,2.32,2.33,98664.6,23047.38
300197.SZ,2023-09-26,2.33,2.35,2.32,2.34,66418.5,15519.85
300197.SZ,2023-09-27,2.33,2.35,2.33,2.33,97340.25,22771.83
300197.SZ,2023-09-28,2.34,2.36,2.33,2.35,105523.0,24804.82
300197.SZ,2023-10-09,2.35,2.35,2.32,2.33,114148.69,26636.83
300197.SZ,2023-10-10,2.33,2.34,2.32,2.33,88194.0,20551.45
300197.SZ,2023-10-11,2.34,2.34,2.32,2.33,80587.28,18780.67
300197.SZ,2023-10-12,2.33,2.37,2.33,2.36,149679.5,35151.65
300197.SZ,2023-10-13,2.35,2.35,2.32,2.33,106694.0,24903.74
300197.SZ,2023-10-16,2.32,2.33,2.29,2.3,114363.25,26455.51
300197.SZ,2023-10-17,2.3,2.31,2.29,2.3,80169.75,18428.03
300197.SZ,2023-10-18,2.29,2.29,2.25,2.25,120549.47,27317.22
300197.SZ,2023-10-19,2.25,2.27,2.23,2.24,87510.97,19688.97
300197.SZ,2023-10-20,2.23,2.27,2.22,2.25,95314.5,21419.91
300197.SZ,2023-10-23,2.25,2.26,2.2,2.21,108124.0,24044.43
300197.SZ,2023-10-24,2.22,2.26,2.21,2.26,88785.0,19896.15
300197.SZ,2023-10-25,2.35,2.4,2.31,2.32,210712.68,49259.51
300197.SZ,2023-10-26,2.28,2.32,2.26,2.3,185184.0,42319.19
300197.SZ,2023-10-27,2.29,2.32,2.26,2.31,141438.02,32397.12
300197.SZ,2023-10-30,2.3,2.32,2.28,2.31,101259.32,23314.11
300197.SZ,2023-10-31,2.31,2.32,2.29,2.3,112878.68,26030.66
300197.SZ,2023-11-01,2.3,2.31,2.28,2.29,102475.98,23529.6
300197.SZ,2023-11-02,2.3,2.31,2.27,2.27,111948.5,25565.48
300197.SZ,2023-11-03,2.27,2.31,2.27,2.3,124285.5,28515.87
300197.SZ,2023-11-06,2.3,2.34,2.29,2.31,325794.0,75335.07
300197.SZ,2023-11-07,2.32,2.32,2.28,2.3,232524.5,53353.28
300197.SZ,2023-11-08,2.3,2.31,2.27,2.3,269777.58,61857.31
300197.SZ,2023-11-09,2.3,2.31,2.28,2.29,192170.22,44026.02
300197.SZ,2023-11-10,2.29,2.29,2.25,2.26,170710.98,38639.8
300197.SZ,2023-11-13,2.26,2.27,2.25,2.27,156984.57,35461.44
300197.SZ,2023-11-14,2.26,2.28,2.24,2.26,186226.5,42045.29
300197.SZ,2023-11-15,2.27,2.3,2.25,2.28,349610.78,79508.56
300197.SZ,2023-11-16,2.27,2.28,2.25,2.25,173634.49,39232.18
300197.SZ,2023-11-17,2.25,2.26,2.23,2.25,155931.05,35029.2
300197.SZ,2023-11-20,2.26,2.27,2.23,2.27,230652.66,51962.37
300197.SZ,2023-11-21,2.27,2.32,2.26,2.28,352244.02,80627.06
300197.SZ,2023-11-22,2.28,2.3,2.27,2.27,198776.85,45369.18
300197.SZ,2023-11-23,2.27,2.31,2.26,2.3,292793.43,66991.65
300197.SZ,2023-11-24,2.3,2.37,2.29,2.35,577629.45,135260.87
300197.SZ,2023-11-27,2.34,2.36,2.3,2.31,377713.0,87655.99
300197.SZ,2023-11-28,2.32,2.38,2.31,2.36,429983.64,101049.16
300197.SZ,2023-11-29,2.35,2.36,2.3,2.31,374713.0,86781.82
300197.SZ,2023-11-30,2.31,2.31,2.27,2.29,184244.68,42152.11
300197.SZ,2023-12-01,2.28,2.31,2.27,2.31,150190.66,34425.01
300197.SZ,2023-12-04,2.31,2.31,2.28,2.29,160255.0,36737.7
300197.SZ,2023-12-05,2.3,2.3,2.25,2.26,208358.0,47319.57
300197.SZ,2023-12-06,2.25,2.27,2.24,2.26,190910.72,43040.76
300197.SZ,2023-12-07,2.26,2.26,2.23,2.24,159323.0,35741.14
300197.SZ,2023-12-08,2.24,2.26,2.21,2.21,262724.8,58592.5
300197.SZ,2023-12-11,2.2,2.23,2.17,2.21,160653.16,35377.55
300197.SZ,2023-12-12,2.22,2.22,2.2,2.22,136591.13,30169.81
300197.SZ,2023-12-13,2.21,2.25,2.2,2.21,170281.3,37921.25
300197.SZ,2023-12-14,2.22,2.23,2.2,2.21,184255.64,40819.4
300197.SZ,2023-12-15,2.21,2.22,2.18,2.19,118006.09,25965.04
300197.SZ,2023-12-18,2.18,2.19,2.13,2.14,185027.17,39971.21
300197.SZ,2023-12-19,2.14,2.18,2.13,2.17,197012.36,42485.23
300197.SZ,2023-12-20,2.17,2.18,2.13,2.14,103421.8,22294.72
300197.SZ,2023-12-21,2.13,2.16,2.11,2.15,135687.65,28957.14
300197.SZ,2023-12-22,2.14,2.14,2.1,2.11,148659.0,31527.28
300197.SZ,2023-12-25,2.1,2.1,2.03,2.05,195567.75,40347.09
300197.SZ,2023-12-26,2.04,2.06,2.03,2.04,116777.19,23834.6
300197.SZ,2023-12-27,2.03,2.05,2.01,2.04,140468.5,28467.34
300197.SZ,2023-12-28,2.03,2.08,2.01,2.06,182807.0,37539.69
300197.SZ,2023-12-29,2.07,2.09,2.06,2.07,180079.0,37426.13
300197.SZ,2024-01-02,2.06,2.11,2.06,2.08,156604.66,32677.45
300197.SZ,2024-01-03,2.07,2.08,2.02,2.04,333327.35,68189.39
300197.SZ,2024-01-04,2.03,2.05,2.02,2.02,177842.37,36143.55
300197.SZ,2024-01-05,2.02,2.02,1.97,1.98,314963.35,62678.86
300197.SZ,2024-01-08,1.97,1.98,1.92,1.92,294896.51,57177.88
300197.SZ,2024-01-09,1.92,1.94,1.89,1.91,366640.36,70232.61
300197.SZ,2024-01-10,1.9,1.94,1.87,1.93,364358.65,69692.16
300197.SZ,2024-01-11,1.92,1.96,1.91,1.95,235436.11,45531.1
300197.SZ,2024-01-12,2.34,2.34,2.31,2.34,1913540.37,447726.1
300197.SZ,2024-01-15,2.29,2.3,2.14,2.16,2319503.21,510998.64
300197.SZ,2024-01-16,2.15,2.27,2.15,2.18,1375490.27,303339.88
300197.SZ,2024-01-17,2.16,2.19,2.06,2.06,970459.07,203281.95
300197.SZ,2024-01-18,2.02,2.12,1.99,2.1,832691.25,170740.76
300197.SZ,2024-01-19,2.08,2.1,2.01,2.01,487527.2,99473.43
300197.SZ,2024-01-22,2.0,2.03,1.94,1.97,444474.54,88312.64
300197.SZ,2024-01-23,1.96,2.01,1.93,1.99,346685.86,68522.43
300197.SZ,2024-01-24,1.98,2.37,1.97,2.2,1732449.31,378333.42
300197.SZ,2024-01-25,2.17,2.33,2.13,2.26,1616041.4,363783.37
300197.SZ,2024-01-26,2.26,2.33,2.22,2.25,1285843.36,290746.03
300197.SZ,2024-01-29,2.24,2.25,2.13,2.14,798933.35,175620.23
300197.SZ,2024-01-30,2.14,2.2,2.12,2.15,589918.18,127655.37
300197.SZ,2024-01-31,2.05,2.15,2.02,2.05,740862.52,153748.75
300197.SZ,2024-02-01,2.02,2.06,1.95,1.98,587653.62,117467.69
300197.SZ,2024-02-02,1.99,2.06,1.93,2.04,719208.48,144228.94
300197.SZ,2024-02-05,2.04,2.15,1.97,2.06,1042816.75,215530.43
300197.SZ,2024-02-06,2.02,2.06,1.67,1.96,1093667.56,207114.72
300197.SZ,2024-02-07,1.91,2.04,1.88,1.94,799592.18,155676.51
300197.SZ,2024-02-08,1.95,2.0,1.89,1.97,716351.06,139234.64
300197.SZ,2024-02-19,1.99,2.05,1.98,1.99,729114.74,145910.01
300197.SZ,2024-02-20,1.98,2.01,1.95,2.01,426663.84,84603.66
300197.SZ,2024-02-21,1.98,2.1,1.98,2.05,720148.13,147676.33
300197.SZ,2024-02-22,2.03,2.08,2.02,2.05,491246.79,100484.85
300197.SZ,2024-02-23,2.05,2.08,2.03,2.08,531393.0,109270.69
300197.SZ,2024-02-26,2.07,2.09,2.04,2.07,476379.68,98492.18
300197.SZ,2024-02-27,2.06,2.09,2.05,2.09,408282.7,84749.3
300197.SZ,2024-02-28,2.1,2.19,2.06,2.06,922163.03,196984.52
300197.SZ,2024-02-29,2.04,2.1,2.01,2.1,561605.83,116278.93
300197.SZ,2024-03-01,2.11,2.13,2.05,2.08,442764.5,92237.68
300197.SZ,2024-03-04,2.06,2.08,2.01,2.02,472069.39,95880.51
300197.SZ,2024-03-05,2.01,2.01,1.96,1.96,404246.1,79990.18
300197.SZ,2024-03-06,1.92,1.98,1.92,1.96,286381.84,56112.76
300197.SZ,2024-03-07,1.97,1.99,1.95,1.95,318364.72,62747.99
300197.SZ,2024-03-08,1.95,1.96,1.93,1.94,206993.8,40214.73
300197.SZ,2024-03-11,1.94,1.99,1.93,1.98,251451.5,49417.18
300197.SZ,2024-03-12,1.98,2.01,1.97,1.99,344934.3,68641.03
300197.SZ,2024-03-13,1.99,2.0,1.95,1.97,284637.0,56030.32
300197.SZ,2024-03-14,1.97,2.01,1.96,1.98,386358.16,76701.53
300197.SZ,2024-03-15,1.97,2.02,1.95,2.01,498889.52,99511.56
300197.SZ,2024-03-18,2.0,2.01,1.98,2.0,471883.39,93896.18
300197.SZ,2024-03-19,1.99,2.0,1.97,1.98,349857.04,69336.68
300197.SZ,2024-03-20,1.98,1.99,1.96,1.98,316307.11,62566.8
300197.SZ,2024-03-21,1.98,1.99,1.96,1.97,321032.54,63272.32
300197.SZ,2024-03-22,1.96,1.97,1.93,1.94,353334.54,68828.37
300197.SZ,2024-03-25,1.93,1.95,1.91,1.91,262912.0,50695.66
300197.SZ,2024-03-26,1.91,1.93,1.88,1.91,312576.94,59422.07
300197.SZ,2024-03-27,1.9,1.91,1.85,1.85,250243.31,46896.37
300197.SZ,2024-03-28,1.84,1.87,1.83,1.86,225653.94,41926.22
300197.SZ,2024-03-29,1.85,1.89,1.84,1.87,290643.75,54222.85
300197.SZ,2024-04-01,1.86,1.91,1.86,1.89,301626.15,56730.52
300197.SZ,2024-04-02,1.89,1.9,1.87,1.89,291775.39,54908.54
300197.SZ,2024-04-03,1.88,1.89,1.86,1.87,199145.75,37215.98
300197.SZ,2024-04-08,1.86,1.86,1.83,1.83,201281.47,37091.45
300197.SZ,2024-04-09,1.83,1.85,1.83,1.85,98545.8,18148.27
300197.SZ,2024-04-10,1.84,1.85,1.81,1.81,220695.03,40267.87
300197.SZ,2024-04-11,1.8,1.84,1.8,1.82,141234.37,25728.69
300197.SZ,2024-04-12,1.82,1.83,1.76,1.77,246520.5,43960.19
300197.SZ,2024-04-15,1.76,1.77,1.69,1.76,308309.97,53532.86
300197.SZ,2024-04-16,1.75,1.76,1.69,1.69,245352.27,41948.5
300197.SZ,2024-04-17,1.7,1.78,1.7,1.75,377491.65,66201.12
300197.SZ,2024-04-18,1.75,1.76,1.71,1.73,230574.43,40008.0
300197.SZ,2024-04-19,1.72,1.75,1.7,1.7,229184.75,39374.1
300197.SZ,2024-04-22,1.7,1.71,1.64,1.68,292342.49,48958.47
300197.SZ,2024-04-23,1.68,1.73,1.67,1.69,195657.04,33262.07
300197.SZ,2024-04-24,1.69,1.7,1.67,1.68,199550.29,33639.68
300197.SZ,2024-04-25,1.68,1.71,1.66,1.71,216530.2,36678.06
300197.SZ,2024-04-26,1.7,1.73,1.68,1.71,243751.69,41619.49
300197.SZ,2024-04-29,1.71,1.76,1.69,1.75,445360.9,77367.61
300197.SZ,2024-04-30,1.74,1.76,1.71,1.72,285793.5,49530.91
300197.SZ,2024-05-06,1.72,1.74,1.7,1.71,257052.78,44288.69
300197.SZ,2024-05-07,1.72,1.72,1.68,1.69,308524.53,52228.23
300197.SZ,2024-05-08,1.69,1.71,1.68,1.69,233750.71,39641.89
300197.SZ,2024-05-09,1.69,1.77,1.68,1.76,642154.0,110967.98
300197.SZ,2024-05-10,1.75,1.76,1.71,1.72,310199.0,53639.05
300197.SZ,2024-05-13,1.72,1.73,1.68,1.69,298600.0,50717.89
300197.SZ,2024-05-14,1.69,1.71,1.68,1.7,205816.06,34937.93
300197.SZ,2024-05-15,1.7,1.74,1.69,1.71,286508.56,49090.73
300197.SZ,2024-05-16,1.71,1.75,1.7,1.73,365514.37,63150.09
300197.SZ,2024-05-17,1.73,1.75,1.71,1.75,305770.47,52985.36
300197.SZ,2024-05-20,1.75,1.78,1.74,1.74,403842.93,71029.29
300197.SZ,2024-05-21,1.74,1.74,1.7,1.7,257845.0,44155.3
300197.SZ,2024-05-22,1.7,1.73,1.7,1.71,257384.6,44047.54
300197.SZ,2024-05-23,1.71,1.71,1.66,1.67,356202.5,59860.18
300197.SZ,2024-05-24,1.67,1.69,1.66,1.66,197806.0,33096.49
300197.SZ,2024-05-27,1.66,1.67,1.64,1.66,181711.52,30008.33
300197.SZ,2024-05-28,1.66,1.66,1.52,1.58,553729.5,88230.37
300197.SZ,2024-05-29,1.56,1.59,1.53,1.55,461104.95,71613.14
300197.SZ,2024-05-30,1.54,1.54,1.44,1.47,802601.43,118506.46
300197.SZ,2024-05-31,1.51,1.65,1.51,1.54,795766.75,125218.98
300197.SZ,2024-06-03,1.53,1.55,1.48,1.49,423583.63,63462.63
300197.SZ,2024-06-04,1.47,1.51,1.46,1.49,295720.0,44036.85
300197.SZ,2024-06-05,1.48,1.55,1.46,1.5,430034.25,64560.55
300197.SZ,2024-06-06,1.49,1.51,1.44,1.48,452150.6,66511.12
300197.SZ,2024-06-07,1.47,1.55,1.47,1.54,418960.2,63867.77
300197.SZ,2024-06-11,1.52,1.52,1.49,1.51,313189.82,47195.36
300197.SZ,2024-06-12,1.5,1.53,1.5,1.52,216306.88,32712.76
300197.SZ,2024-06-13,1.51,1.52,1.47,1.48,264531.0,39352.12
300197.SZ,2024-06-14,1.47,1.5,1.46,1.49,184159.9,27312.8
300197.SZ,2024-06-17,1.5,1.5,1.47,1.48,169483.5,25128.02
300197.SZ,2024-06-18,1.48,1.5,1.47,1.49,172101.27,25587.96
300197.SZ,2024-06-19,1.48,1.49,1.42,1.43,588801.35,84943.42
300197.SZ,2024-06-20,1.41,1.42,1.31,1.31,781284.64,105259.5
300197.SZ,2024-06-21,1.31,1.36,1.31,1.34,396022.4,53134.76
300197.SZ,2024-06-24,1.33,1.33,1.22,1.24,656524.87,82657.51
300197.SZ,2024-06-25,1.23,1.25,1.16,1.17,828723.92,98404.14
300197.SZ,2024-06-26,1.14,1.23,1.09,1.22,905653.79,106327.62
300197.SZ,2024-06-27,1.2,1.23,1.14,1.15,561632.1,66508.17
300197.SZ,2024-06-28,1.14,1.19,1.14,1.14,439405.01,51105.71
300197.SZ,2024-07-01,1.37,1.37,1.33,1.37,654388.13,89608.34
300197.SZ,2024-07-02,1.49,1.64,1.42,1.64,1879049.77,292440.57
300197.SZ,2024-07-03,1.78,1.85,1.53,1.54,3225836.42,552480.56
300197.SZ,2024-07-04,1.45,1.51,1.4,1.42,2128041.15,308246.57
300197.SZ,2024-07-05,1.41,1.53,1.41,1.42,1410662.42,206149.71
300197.SZ,2024-07-08,1.4,1.46,1.36,1.37,1058242.12,147243.22
300197.SZ,2024-07-09,1.37,1.39,1.29,1.34,965748.12,128876.98
300197.SZ,2024-07-10,1.32,1.34,1.29,1.31,717100.79,93996.43
300197.SZ,2024-07-11,1.32,1.48,1.32,1.42,1308353.95,183900.96
300197.SZ,2024-07-12,1.41,1.44,1.38,1.39,775512.0,108543.21
300197.SZ,2024-07-15,1.38,1.44,1.37,1.39,613751.0,85880.35
300197.SZ,2024-07-16,1.38,1.4,1.36,1.37,481856.19,66196.63
300197.SZ,2024-07-17,1.37,1.39,1.34,1.35,445807.0,60570.65
300197.SZ,2024-07-18,1.34,1.34,1.28,1.33,655424.67,85849.93
300197.SZ,2024-07-19,1.32,1.33,1.3,1.31,366218.67,47964.64
300197.SZ,2024-07-22,1.31,1.34,1.3,1.31,442424.0,58422.92
300197.SZ,2024-07-23,1.31,1.36,1.31,1.32,652988.0,87489.06
300197.SZ,2024-07-24,1.31,1.32,1.28,1.28,506762.0,65502.18
300197.SZ,2024-07-25,1.27,1.3,1.27,1.28,301065.0,38631.01
300197.SZ,2024-07-26,1.29,1.34,1.28,1.33,467977.24,61441.88
300197.SZ,2024-07-29,1.33,1.35,1.31,1.34,380797.79,50745.02
300197.SZ,2024-07-30,1.37,1.43,1.35,1.37,699709.8,97250.99
300197.SZ,2024-07-31,1.35,1.4,1.34,1.4,608521.9,83761.43
300197.SZ,2024-08-01,1.4,1.42,1.38,1.4,436300.28,60900.18
300197.SZ,2024-08-02,1.39,1.43,1.37,1.4,542755.9,76269.11
300197.SZ,2024-08-05,1.4,1.47,1.38,1.42,943922.0,134574.88
300197.SZ,2024-08-06,1.42,1.44,1.39,1.41,496155.22,69960.01
300197.SZ,2024-08-07,1.42,1.43,1.39,1.39,366485.0,51255.13
300197.SZ,2024-08-08,1.39,1.41,1.37,1.39,348845.5,48490.53
300197.SZ,2024-08-09,1.39,1.46,1.38,1.41,714810.31,102072.15
300197.SZ,2024-08-12,1.5,1.67,1.43,1.43,1549209.72,234874.43
300197.SZ,2024-08-13,1.4,1.43,1.37,1.42,868351.34,121098.63
300197.SZ,2024-08-14,1.41,1.47,1.4,1.43,689760.21,98871.37
300197.SZ,2024-08-15,1.42,1.48,1.4,1.48,930637.68,134164.53
300197.SZ,2024-08-16,1.47,1.48,1.42,1.44,738616.0,106620.48
300197.SZ,2024-08-19,1.43,1.44,1.4,1.4,366492.87,51939.16
300197.SZ,2024-08-20,1.41,1.42,1.35,1.36,539647.59,74193.59
300197.SZ,2024-08-21,1.36,1.36,1.32,1.33,319523.0,42596.23
300197.SZ,2024-08-22,1.32,1.34,1.31,1.32,303057.5,40131.27
300197.SZ,2024-08-23,1.32,1.33,1.29,1.31,267183.0,34888.14
300197.SZ,2024-08-26,1.31,1.34,1.3,1.33,242892.0,32090.27
300197.SZ,2024-08-27,1.32,1.33,1.3,1.3,194731.0,25501.72
300197.SZ,2024-08-28,1.3,1.33,1.29,1.32,237734.5,31189.64
300197.SZ,2024-08-29,1.3,1.31,1.26,1.3,357735.0,46075.85
300197.SZ,2024-08-30,1.32,1.35,1.31,1.34,453739.58,60392.3
300197.SZ,2024-09-02,1.33,1.37,1.32,1.33,395973.58,53161.67
300197.SZ,2024-09-03,1.32,1.34,1.31,1.33,203046.29,26952.92
300197.SZ,2024-09-04,1.32,1.33,1.28,1.29,323895.0,42343.45
300197.SZ,2024-09-05,1.29,1.32,1.29,1.31,255667.5,33348.11
300197.SZ,2024-09-06,1.3,1.31,1.28,1.3,220275.0,28558.48
300197.SZ,2024-09-09,1.23,1.28,1.19,1.27,523436.62,64942.12
300197.SZ,2024-09-10,1.27,1.33,1.26,1.29,478379.73,61806.71
300197.SZ,2024-09-11,1.28,1.29,1.26,1.26,220803.0,28001.92
300197.SZ,2024-09-12,1.27,1.29,1.26,1.27,174614.0,22247.75
300197.SZ,2024-09-13,1.27,1.49,1.26,1.42,1698020.34,237080.93
300197.SZ,2024-09-18,1.4,1.4,1.31,1.33,1043499.15,140428.69
300197.SZ,2024-09-19,1.34,1.39,1.33,1.36,690235.75,93778.48
300197.SZ,2024-09-20,1.36,1.42,1.35,1.39,811343.78,112795.74
300197.SZ,2024-09-23,1.37,1.41,1.34,1.4,716769.59,98315.93
300197.SZ,2024-09-24,1.39,1.46,1.39,1.46,1002577.02,144400.51
300197.SZ,2024-09-25,1.48,1.57,1.46,1.49,1417352.1,213561.22
300197.SZ,2024-09-26,1.49,1.55,1.47,1.55,1177409.68,178801.4
300197.SZ,2024-09-27,1.58,1.66,1.53,1.62,1483946.73,236264.47
300197.SZ,2024-09-30,1.71,1.92,1.64,1.89,2335366.92,415278.65
300197.SZ,2024-10-08,2.24,2.27,2.0,2.27,3823629.22,834769.47
300197.SZ,2024-10-09,2.16,2.26,2.01,2.02,2903960.65,621386.04
300197.SZ,2024-10-10,2.01,2.11,1.94,1.97,1742196.28,352442.17
300197.SZ,2024-10-11,1.98,1.99,1.78,1.79,1671041.5,309925.99
300197.SZ,2024-10-14,1.94,2.15,1.91,2.07,3047468.02,617691.61
300197.SZ,2024-10-15,1.98,2.04,1.9,1.91,2150401.63,422942.52
300197.SZ,2024-10-16,1.86,1.92,1.84,1.86,1183566.76,222149.19
300197.SZ,2024-10-17,1.88,1.9,1.79,1.8,1170001.32,215172.41
300197.SZ,2024-10-18,1.79,1.91,1.76,1.87,1336261.15,244438.69
300197.SZ,2024-10-21,1.87,1.95,1.87,1.92,1371902.43,263346.27
300197.SZ,2024-10-22,1.91,1.97,1.9,1.94,1066123.2,206072.29
300197.SZ,2024-10-23,1.94,2.02,1.93,1.97,1130032.59,223004.83
300197.SZ,2024-10-24,1.95,2.0,1.92,1.95,957543.6,187418.87
300197.SZ,2024-10-25,1.95,2.09,1.95,2.04,1418702.72,288597.91
300197.SZ,2024-10-28,2.08,2.45,2.07,2.45,3997709.06,944652.57
300197.SZ,2024-10-29,2.45,2.68,2.36,2.54,4728864.5,1194347.47
300197.SZ,2024-10-30,2.44,2.95,2.33,2.72,4283853.99,1108733.84
300197.SZ,2024-10-31,2.66,2.9,2.64,2.71,3365965.97,930242.19
300197.SZ,2024-11-01,2.65,2.7,2.44,2.46,2732840.06,694451.51
300197.SZ,2024-11-04,2.42,2.47,2.35,2.42,1542300.39,368942.59
300197.SZ,2024-11-05,2.44,2.66,2.43,2.54,1944853.02,496738.53
300197.SZ,2024-11-06,2.55,2.62,2.46,2.56,2044744.35,521865.19
300197.SZ,2024-11-07,2.56,2.97,2.5,2.86,3446477.46,954787.31
300197.SZ,2024-11-08,2.98,3.05,2.78,2.82,3140646.27,909083.63
300197.SZ,2024-11-11,2.84,3.05,2.78,2.85,2214538.18,638794.86
300197.SZ,2024-11-12,2.89,2.91,2.65,2.69,1975253.63,539473.39
300197.SZ,2024-11-13,2.64,2.68,2.57,2.66,1296926.97,339274.74
300197.SZ,2024-11-14,2.64,2.65,2.52,2.53,999033.52,257158.08
300197.SZ,2024-11-15,2.5,2.58,2.44,2.45,995387.5,250951.26
300197.SZ,2024-11-18,2.44,2.6,2.44,2.49,1381514.58,347720.82
300197.SZ,2024-11-19,2.49,2.5,2.31,2.45,1480244.47,354027.23
300197.SZ,2024-11-20,2.43,2.55,2.4,2.52,1151285.72,285391.95
300197.SZ,2024-11-21,2.51,2.51,2.4,2.43,1020195.86,249380.99
300197.SZ,2024-11-22,2.42,2.48,2.32,2.33,955360.42,231138.04
300197.SZ,2024-11-25,2.35,2.43,2.24,2.4,1089242.2,253470.94
300197.SZ,2024-11-26,2.34,2.52,2.34,2.44,1152799.45,279465.93
300197.SZ,2024-11-27,2.39,2.42,2.31,2.41,884682.33,209266.82
300197.SZ,2024-11-28,2.43,2.54,2.4,2.48,1282801.42,318966.57
300197.SZ,2024-11-29,2.45,2.5,2.41,2.47,905323.19,222167.05
300197.SZ,2024-12-02,2.48,2.63,2.47,2.62,1464751.43,378681.08
300197.SZ,2024-12-03,2.6,2.72,2.57,2.71,1643074.5,436585.68
300197.SZ,2024-12-04,2.68,2.77,2.58,2.59,1336550.5,355158.88
300197.SZ,2024-12-05,2.57,2.67,2.56,2.65,945860.0,248513.14
300197.SZ,2024-12-06,2.65,3.18,2.64,3.18,3137076.35,942831.08
300197.SZ,2024-12-09,3.24,3.3,2.97,3.0,4658272.12,1452434.94
300197.SZ,2024-12-10,3.07,3.15,2.89,2.89,2966845.47,894948.93
300197.SZ,2024-12-11,2.89,3.2,2.87,3.15,3392203.68,1041491.72
300197.SZ,2024-12-12,3.12,3.12,2.96,3.02,2128379.53,640869.82
300197.SZ,2024-12-13,2.98,3.02,2.91,2.93,1510104.33,445114.65
300197.SZ,2024-12-16,2.93,3.02,2.84,2.92,1478709.92,434700.78
300197.SZ,2024-12-17,2.94,2.97,2.73,2.75,1486953.4,415630.59
300197.SZ,2024-12-18,2.8,2.99,2.77,2.86,1675773.4,485065.47
300197.SZ,2024-12-19,2.8,2.98,2.77,2.92,1539198.22,441035.98
300197.SZ,2024-12-20,2.88,2.96,2.86,2.88,1034014.41,299808.58
300197.SZ,2024-12-23,2.84,2.91,2.67,2.7,1221432.64,338396.59
300197.SZ,2024-12-24,2.67,2.71,2.5,2.58,1277924.6,329474.73
300197.SZ,2024-12-25,2.58,2.58,2.39,2.43,1134872.02,277067.35
300197.SZ,2024-12-26,2.44,2.52,2.44,2.46,761047.3,188792.92
300197.SZ,2024-12-27,2.47,2.58,2.44,2.51,936737.51,236992.04
300197.SZ,2024-12-30,2.5,2.5,2.37,2.42,751905.8,181046.65
300197.SZ,2024-12-31,2.41,2.45,2.3,2.31,748446.92,176106.301
300197.SZ,2025-01-02,2.31,2.37,2.23,2.27,690167.07,159031.23
300197.SZ,2025-01-03,2.27,2.3,2.18,2.19,793350.95,176190.11
300197.SZ,2025-01-06,2.19,2.2,2.1,2.12,762941.28,162999.23
300197.SZ,2025-01-07,2.11,2.19,2.1,2.18,620005.24,132772.59
300197.SZ,2025-01-08,2.19,2.2,2.07,2.17,696279.85,148915.09
300197.SZ,2025-01-09,2.15,2.23,2.14,2.19,604482.0,132656.06
300197.SZ,2025-01-10,2.19,2.21,2.08,2.08,644493.0,137789.0
300197.SZ,2025-01-13,2.06,2.1,1.99,2.07,573090.24,117770.09
300197.SZ,2025-01-14,2.09,2.22,2.08,2.22,777860.39,168721.06
300197.SZ,2025-01-15,2.23,2.23,2.16,2.19,560020.39,122761.84
300197.SZ,2025-01-16,2.21,2.31,2.21,2.27,880962.53,198852.34
300197.SZ,2025-01-17,2.25,2.25,2.18,2.19,630047.5,138829.25
300197.SZ,2025-01-20,2.22,2.24,2.16,2.21,489157.5,107748.43
300197.SZ,2025-01-21,2.21,2.23,2.15,2.16,414382.5,89972.99
300197.SZ,2025-01-22,2.15,2.16,2.1,2.12,376722.05,80054.85
300197.SZ,2025-01-23,2.16,2.22,2.11,2.11,569969.97,123721.14
300197.SZ,2025-01-24,2.11,2.13,2.08,2.11,463672.18,97716.94
300197.SZ,2025-01-27,2.12,2.17,2.06,2.06,391623.0,82755.16
300197.SZ,2025-02-05,2.07,2.12,2.02,2.09,548418.5,114194.62
300197.SZ,2025-02-06,2.08,2.13,2.03,2.13,624638.71,130149.19
300197.SZ,2025-02-07,2.13,2.27,2.12,2.22,1018727.63,225561.73
300197.SZ,2025-02-10,2.21,2.31,2.2,2.31,777961.93,176747.7
300197.SZ,2025-02-11,2.33,2.35,2.23,2.24,641150.0,144076.34
300197.SZ,2025-02-12,2.23,2.27,2.21,2.26,447753.43,100336.78
300197.SZ,2025-02-13,2.25,2.31,2.23,2.28,689667.21,157074.35
300197.SZ,2025-02-14,2.28,2.28,2.21,2.22,596619.48,133297.16
300197.SZ,2025-02-17,2.22,2.36,2.21,2.32,1089596.44,250890.63
300197.SZ,2025-02-18,2.32,2.33,2.16,2.17,979203.7,218240.37
300197.SZ,2025-02-19,2.18,2.22,2.17,2.19,504076.62,110349.94
300197.SZ,2025-02-20,2.18,2.23,2.17,2.21,556708.0,122488.97
300197.SZ,2025-02-21,2.23,2.24,2.15,2.2,668757.03,146415.85
300197.SZ,2025-02-24,2.23,2.44,2.21,2.31,1394007.15,324905.04
300197.SZ,2025-02-25,2.3,2.38,2.26,2.31,942109.5,219477.76
300197.SZ,2025-02-26,2.3,2.34,2.29,2.33,644036.86,149037.1
300197.SZ,2025-02-27,2.33,2.38,2.25,2.29,669015.28,153605.35
300197.SZ,2025-02-28,2.28,2.29,2.2,2.21,578728.49,129375.11
300197.SZ,2025-03-03,2.21,2.24,2.15,2.17,529085.86,116317.6
300197.SZ,2025-03-04,2.17,2.21,2.14,2.2,416777.73,90734.18
300197.SZ,2025-03-05,2.21,2.21,2.14,2.17,426601.28,92126.57
300197.SZ,2025-03-06,2.18,2.21,2.15,2.2,516689.02,113163.4
300197.SZ,2025-03-07,2.2,2.2,2.14,2.15,564517.51,122036.25
300197.SZ,2025-03-10,2.15,2.19,2.14,2.15,333311.47,72066.98
300197.SZ,2025-03-11,2.14,2.17,2.12,2.16,357246.37,76786.62
300197.SZ,2025-03-12,2.17,2.22,2.16,2.2,612018.96,134083.45
300197.SZ,2025-03-13,2.19,2.2,2.13,2.15,521158.0,111984.76
300197.SZ,2025-03-14,2.14,2.2,2.13,2.2,569264.28,123896.75
300197.SZ,2025-03-17,2.21,2.28,2.19,2.24,738747.0,166234.64
300197.SZ,2025-03-18,2.24,2.25,2.18,2.2,508587.97,112157.77
300197.SZ,2025-03-19,2.2,2.22,2.18,2.19,348633.47,76738.2
300197.SZ,2025-03-20,2.19,2.29,2.18,2.24,778025.8,175237.63
300197.SZ,2025-03-21,2.24,2.32,2.22,2.27,1016899.69,231221.9
300197.SZ,2025-03-24,2.25,2.27,2.12,2.16,823641.66,179053.83
300197.SZ,2025-03-25,2.17,2.18,2.13,2.15,369052.23,79317.9
300197.SZ,2025-03-26,2.14,2.17,2.14,2.15,244713.14,52753.86
300197.SZ,2025-03-27,2.15,2.16,2.12,2.14,304618.79,65097.41
300197.SZ,2025-03-28,2.14,2.14,2.1,2.1,326936.79,69192.49
300197.SZ,2025-03-31,2.09,2.1,2.02,2.06,375428.51,77229.81
300197.SZ,2025-04-01,2.05,2.07,2.02,2.04,337922.2,69183.9
300197.SZ,2025-04-02,2.03,2.07,2.01,2.05,263515.73,53871.39
300197.SZ,2025-04-03,2.03,2.07,2.02,2.04,209071.4,42670.01
300197.SZ,2025-04-07,1.91,1.92,1.64,1.69,942133.45,167704.12
300197.SZ,2025-04-08,1.75,1.82,1.73,1.78,679356.76,120716.73
300197.SZ,2025-04-09,1.73,1.87,1.64,1.85,740593.75,131202.6
300197.SZ,2025-04-10,1.89,1.92,1.85,1.88,495638.25,93820.84
300197.SZ,2025-04-11,1.86,1.92,1.84,1.87,388387.75,72962.03
300197.SZ,2025-04-14,1.89,1.93,1.88,1.9,428171.75,81767.07
300197.SZ,2025-04-15,1.9,1.9,1.86,1.87,279042.0,52326.7
300197.SZ,2025-04-16,1.88,1.88,1.79,1.83,353997.85,64847.53
300197.SZ,2025-04-17,1.81,1.85,1.8,1.81,227579.5,41577.57
300197.SZ,2025-04-18,1.8,1.84,1.79,1.82,264805.0,48125.65
300197.SZ,2025-04-21,1.81,1.84,1.8,1.83,238557.03,43585.67
300197.SZ,2025-04-22,1.82,1.91,1.82,1.86,472770.35,88312.03
300197.SZ,2025-04-23,1.87,1.94,1.86,1.88,509263.67,96433.05
300197.SZ,2025-04-24,1.85,1.86,1.82,1.83,372688.22,68392.34
300197.SZ,2025-04-25,1.82,1.86,1.8,1.83,285814.0,52380.68
300197.SZ,2025-04-28,1.82,1.83,1.76,1.77,378130.63,67375.56
300197.SZ,2025-04-29,1.78,1.8,1.77,1.78,202391.72,36137.12
300197.SZ,2025-04-30,1.77,1.83,1.77,1.79,360773.0,65209.97
300197.SZ,2025-05-06,1.8,1.89,1.8,1.88,524788.4,97380.33
300197.SZ,2025-05-07,1.91,1.95,1.89,1.91,514532.48,98541.97
300197.SZ,2025-05-08,1.9,1.99,1.88,1.98,735568.69,143985.34
300197.SZ,2025-05-09,1.98,1.98,1.92,1.92,409570.9,79540.95
300197.SZ,2025-05-12,1.94,1.95,1.91,1.95,323017.47,62378.79
300197.SZ,2025-05-13,1.97,1.99,1.94,1.95,416167.91,81659.34
300197.SZ,2025-05-14,1.96,1.98,1.93,1.96,419054.23,81977.6
300197.SZ,2025-05-15,1.95,1.95,1.9,1.91,347758.0,66994.4
300197.SZ,2025-05-16,1.91,1.95,1.9,1.92,311101.73,59766.67
300197.SZ,2025-05-19,1.92,2.0,1.91,1.99,680244.5,133924.07
300197.SZ,2025-05-20,1.98,2.07,1.97,2.03,693614.19,140006.77
300197.SZ,2025-05-21,2.01,2.03,1.99,2.02,376290.5,75630.56
300197.SZ,2025-05-22,2.01,2.07,1.99,2.0,507102.0,102364.27
300197.SZ,2025-05-23,2.0,2.01,1.93,1.93,437188.5,85710.91
300197.SZ,2025-05-26,1.93,1.97,1.93,1.96,274018.42,53521.35
300197.SZ,2025-05-27,1.96,1.98,1.95,1.97,260209.5,51189.94
300197.SZ,2025-05-28,1.96,2.02,1.95,1.96,423435.29,84025.68
300197.SZ,2025-05-29,1.95,2.02,1.94,2.0,435564.42,86908.0
300197.SZ,2025-05-30,2.0,2.03,1.97,1.97,398160.5,79239.86
300197.SZ,2025-06-03,1.96,2.0,1.95,1.98,286930.0,56878.5
300197.SZ,2025-06-04,1.98,2.02,1.97,2.01,343573.5,68786.23
300197.SZ,2025-06-05,2.01,2.02,1.97,1.99,374621.87,74457.29
300197.SZ,2025-06-06,1.99,2.01,1.97,1.99,228597.09,45412.49
300197.SZ,2025-06-09,1.99,2.04,1.98,2.03,449220.09,90756.24
300197.SZ,2025-06-10,2.11,2.18,2.05,2.07,1151907.31,243820.74
300197.SZ,2025-06-11,2.1,2.11,2.06,2.07,611851.5,127216.64
300197.SZ,2025-06-12,2.06,2.19,2.04,2.16,1124232.21,239732.71
300197.SZ,2025-06-13,2.14,2.16,2.1,2.1,769745.85,163473.09
300197.SZ,2025-06-16,2.1,2.12,2.06,2.1,508379.29,106077.46
300197.SZ,2025-06-17,2.1,2.11,2.07,2.08,328498.0,68394.34
300197.SZ,2025-06-18,2.07,2.08,2.04,2.06,329428.47,67754.58
300197.SZ,2025-06-19,2.06,2.06,1.98,2.0,453843.73,91297.54
300197.SZ,2025-06-20,1.99,2.01,1.97,1.97,271482.5,53815.27
300197.SZ,2025-06-23,1.97,2.04,1.94,2.03,345605.21,69183.82
300197.SZ,2025-06-24,2.03,2.08,2.02,2.08,373714.5,77234.26
300197.SZ,2025-06-25,2.08,2.1,2.05,2.1,428570.73,89210.07
300197.SZ,2025-06-26,2.1,2.12,2.08,2.09,423841.17,88938.44
300197.SZ,2025-06-27,2.09,2.14,2.08,2.09,382904.82,80776.95
300197.SZ,2025-06-30,2.1,2.12,2.08,2.09,249593.5,52311.56
300197.SZ,2025-07-01,2.09,2.13,2.08,2.12,580615.0,122221.23
300197.SZ,2025-07-02,2.11,2.13,2.09,2.12,446735.0,94279.88
300197.SZ,2025-07-03,2.11,2.15,2.1,2.12,332838.0,70548.91
300197.SZ,2025-07-04,2.11,2.13,2.07,2.08,435493.94,91416.16
300197.SZ,2025-07-07,2.08,2.11,2.07,2.1,308089.0,64420.96
300197.SZ,2025-07-08,2.11,2.13,2.08,2.13,455662.32,96147.58
300197.SZ,2025-07-09,2.13,2.2,2.12,2.16,799683.59,172535.17
300197.SZ,2025-07-10,2.17,2.19,2.13,2.18,659760.92,142643.96
300197.SZ,2025-07-11,2.19,2.22,2.16,2.18,588068.52,128476.76
300197.SZ,2025-07-14,2.17,2.18,2.13,2.14,482105.5,103627.25
300197.SZ,2025-07-15,2.15,2.15,2.04,2.08,598366.71,124800.2
300197.SZ,2025-07-16,2.07,2.1,2.06,2.07,273689.5,56828.12
300197.SZ,2025-07-17,2.07,2.08,2.06,2.08,292072.73,60480.18
300197.SZ,2025-07-18,2.09,2.11,2.08,2.09,336944.24,70583.06
300197.SZ,2025-07-21,2.12,2.4,2.11,2.25,1633980.77,368331.31
300197.SZ,2025-07-22,2.29,2.3,2.2,2.27,1071571.7,239870.75
300197.SZ,2025-07-23,2.29,2.31,2.22,2.23,771315.09,174565.71
300197.SZ,2025-07-24,2.23,2.29,2.22,2.27,744546.22,168548.97
300197.SZ,2025-07-25,2.3,2.33,2.23,2.24,536689.71,121468.99
300197.SZ,2025-07-28,2.24,2.25,2.19,2.21,439956.09,97287.28
300197.SZ,2025-07-29,2.2,2.23,2.16,2.19,411250.5,89746.04
300197.SZ,2025-07-30,2.18,2.21,2.16,2.2,517825.09,113079.01
300197.SZ,2025-07-31,2.18,2.19,2.12,2.13,538420.28,115773.01
300197.SZ,2025-08-01,2.13,2.16,2.12,2.13,306706.24,65513.97
300197.SZ,2025-08-04,2.12,2.15,2.1,2.15,309786.83,65886.69
300197.SZ,2025-08-05,2.15,2.22,2.15,2.18,454324.83,99225.5
300197.SZ,2025-08-06,2.17,2.19,2.15,2.17,347397.72,75188.05
300197.SZ,2025-08-07,2.18,2.2,2.16,2.18,390551.06,85212.0
300197.SZ,2025-08-08,2.18,2.23,2.17,2.22,579787.58,127857.48
300197.SZ,2025-08-11,2.23,2.24,2.2,2.22,428914.0,95043.71
300197.SZ,2025-08-12,2.22,2.26,2.2,2.21,483537.62,107696.65
300197.SZ,2025-08-13,2.22,2.36,2.21,2.3,1291028.82,296154.56
300197.SZ,2025-08-14,2.32,2.34,2.21,2.22,845481.79,191212.06
300197.SZ,2025-08-15,2.21,2.26,2.21,2.24,467627.29,104629.65
300197.SZ,2025-08-18,2.25,2.31,2.24,2.26,679546.33,154604.74
300197.SZ,2025-08-19,2.27,2.3,2.25,2.28,660623.39,150570.59
300197.SZ,2025-08-20,2.29,2.32,2.22,2.3,799415.09,181658.7
300197.SZ,2025-08-21,2.3,2.37,2.3,2.33,809479.0,188423.7
300197.SZ,2025-08-22,2.32,2.33,2.27,2.29,610912.4,139867.82
300197.SZ,2025-08-25,2.29,2.33,2.26,2.28,762554.76,174792.53
300197.SZ,2025-08-26,2.28,2.3,2.25,2.29,643971.54,146590.05
300197.SZ,2025-08-27,2.27,2.34,2.2,2.2,1154994.6,262281.67
300197.SZ,2025-08-28,2.22,2.24,2.1,2.15,1133134.07,244889.82
300197.SZ,2025-08-29,2.15,2.15,2.11,2.11,602908.75,128374.69
300197.SZ,2025-09-01,2.11,2.46,2.09,2.3,2333369.07,542629.03
300197.SZ,2025-09-02,2.29,2.39,2.24,2.34,1846505.15,427916.66
300197.SZ,2025-09-03,2.35,2.37,2.25,2.26,1127482.29,259183.04
300197.SZ,2025-09-04,2.27,2.31,2.18,2.21,890966.0,199981.12
300197.SZ,2025-09-05,2.22,2.26,2.17,2.26,675969.81,150127.99
300197.SZ,2025-09-08,2.25,2.33,2.23,2.27,725255.92,164932.5
300197.SZ,2025-09-09,2.26,2.3,2.22,2.23,569710.58,128455.59
300197.SZ,2025-09-10,2.22,2.29,2.21,2.25,605303.95,136603.59
300197.SZ,2025-09-11,2.25,2.4,2.21,2.36,1509247.53,350390.87
300197.SZ,2025-09-12,2.35,2.6,2.34,2.51,2707012.46,667253.72
300197.SZ,2025-09-15,2.5,2.68,2.48,2.59,2244138.96,577010.39
300197.SZ,2025-09-16,2.57,2.6,2.51,2.54,1503210.18,381775.97
300197.SZ,2025-09-17,2.54,2.55,2.44,2.48,1222067.99,302847.85
300197.SZ,2025-09-18,2.48,2.63,2.45,2.48,1698304.05,430292.34
300197.SZ,2025-09-19,2.46,2.5,2.32,2.34,1582139.71,375473.48
300197.SZ,2025-09-22,2.36,2.36,2.25,2.31,1013231.72,232126.26
300197.SZ,2025-09-23,2.31,2.32,2.2,2.23,1036377.8,231174.98
300197.SZ,2025-09-24,2.22,2.26,2.2,2.25,573062.84,128311.17
300197.SZ,2025-09-25,2.25,2.29,2.21,2.23,629753.95,141288.71
300197.SZ,2025-09-26,2.21,2.25,2.2,2.22,522061.14,116304.38
300197.SZ,2025-09-29,2.21,2.24,2.17,2.23,610528.03,134836.57
300197.SZ,2025-09-30,2.23,2.26,2.2,2.21,497293.5,110529.97
300197.SZ,2025-10-09,2.22,2.24,2.2,2.23,443623.41,98675.56
300197.SZ,2025-10-10,2.22,2.27,2.21,2.23,523314.0,117211.08
300197.SZ,2025-10-13,2.14,2.19,2.13,2.18,539625.1,116883.49
300197.SZ,2025-10-14,2.19,2.22,2.14,2.15,633824.15,138044.77
300197.SZ,2025-10-15,2.15,2.16,2.13,2.15,381345.48,81920.33
300197.SZ,2025-10-16,2.16,2.16,2.1,2.11,530588.0,112739.73
300197.SZ,2025-10-17,2.11,2.14,2.09,2.1,461429.91,97665.46
300197.SZ,2025-10-20,2.11,2.13,2.1,2.12,284931.0,60118.79
300197.SZ,2025-10-21,2.12,2.19,2.11,2.18,604793.0,130803.36
300197.SZ,2025-10-22,2.19,2.22,2.17,2.2,431082.33,94639.02
300197.SZ,2025-10-23,2.32,2.35,2.17,2.22,1061832.93,236859.29
300197.SZ,2025-10-24,2.18,2.21,2.15,2.16,646375.5,140452.04
300197.SZ,2025-10-27,2.16,2.17,2.13,2.15,407313.0,87672.98
300197.SZ,2025-10-28,2.15,2.18,2.14,2.16,306167.68,66115.22
300197.SZ,2025-10-29,2.14,2.14,2.08,2.1,766937.39,161340.49
300197.SZ,2025-10-30,2.1,2.1,2.02,2.02,716546.54,146591.02
300197.SZ,2025-10-31,2.02,2.06,2.02,2.05,383048.19,78436.73
300197.SZ,2025-11-03,2.05,2.09,2.04,2.08,500952.05,103552.97
300197.SZ,2025-11-04,2.08,2.11,2.06,2.08,474407.65,98472.43
300197.SZ,2025-11-05,2.07,2.12,2.06,2.11,513350.57,107766.58
300197.SZ,2025-11-06,2.11,2.11,2.06,2.07,470911.46,97563.53
300197.SZ,2025-11-07,2.05,2.08,2.05,2.07,324548.0,67100.05
300197.SZ,2025-11-10,2.07,2.1,2.06,2.09,369682.72,77086.86
300197.SZ,2025-11-11,2.09,2.15,2.08,2.14,745407.68,158727.65
300197.SZ,2025-11-12,2.14,2.14,2.09,2.11,485825.0,102768.04
300197.SZ,2025-11-13,2.1,2.14,2.09,2.14,464081.92,98754.33
300197.SZ,2025-11-14,2.13,2.19,2.12,2.17,689871.71,149615.23
300197.SZ,2025-11-17,2.17,2.2,2.15,2.2,563705.94,122697.05
300197.SZ,2025-11-18,2.19,2.19,2.1,2.12,698930.97,148750.17
300197.SZ,2025-11-19,2.12,2.12,2.06,2.07,474627.88,98500.84
300197.SZ,2025-11-20,2.07,2.09,2.05,2.06,415913.44,85867.45
300197.SZ,2025-11-21,2.04,2.06,1.97,1.97,718259.97,143991.16
300197.SZ,2025-11-24,1.98,2.0,1.95,1.99,364426.0,71972.52
300197.SZ,2025-11-25,1.98,2.01,1.97,2.0,340700.31,67938.04
300197.SZ,2025-11-26,2.0,2.03,1.99,1.99,396121.59,79681.6
300197.SZ,2025-11-27,2.0,2.0,1.97,1.98,382815.4,76079.0
300197.SZ,2025-11-28,1.98,2.0,1.95,2.0,479809.94,94671.1
300197.SZ,2025-12-01,1.99,2.01,1.95,1.97,664042.26,131173.05
300197.SZ,2025-12-02,1.96,1.97,1.94,1.95,408546.75,79708.54
300197.SZ,2025-12-03,1.95,1.96,1.89,1.9,575131.22,110166.27
300197.SZ,2025-12-04,1.89,1.9,1.85,1.86,480962.12,89941.11
300197.SZ,2025-12-05,1.85,1.91,1.84,1.91,407607.5,76618.71
300197.SZ,2025-12-08,1.9,1.94,1.89,1.9,407183.46,77621.96
300197.SZ,2025-12-09,1.88,1.9,1.87,1.88,336350.52,63330.89
300197.SZ,2025-12-10,1.88,1.92,1.86,1.92,459307.68,86779.79
300197.SZ,2025-12-11,1.92,1.97,1.87,1.87,729651.5,140543.89
300197.SZ,2025-12-12,1.87,1.89,1.84,1.84,406102.0,75616.9
300197.SZ,2025-12-15,1.84,1.85,1.8,1.83,405886.7,74178.6
300197.SZ,2025-12-16,1.82,1.82,1.76,1.76,473301.52,84358.38
300197.SZ,2025-12-17,1.76,1.77,1.72,1.76,425880.26,74381.31
300197.SZ,2025-12-18,1.75,1.79,1.74,1.76,266293.45,47194.74
300197.SZ,2025-12-19,1.76,1.82,1.76,1.81,405195.25,72631.73
300197.SZ,2025-12-22,1.81,1.82,1.79,1.8,304060.5,54979.87
300197.SZ,2025-12-23,1.81,1.81,1.76,1.76,390041.91,69219.05
300197.SZ,2025-12-24,1.76,1.79,1.75,1.78,264025.72,46849.6
300197.SZ,2025-12-25,1.79,1.81,1.77,1.8,314692.7,56382.81
300197.SZ,2025-12-26,1.8,1.81,1.78,1.79,254363.72,45680.86
300197.SZ,2025-12-29,1.8,1.81,1.76,1.78,337038.49,60214.41
300197.SZ,2025-12-30,1.76,1.79,1.75,1.76,365780.66,64632.42
300197.SZ,2025-12-31,1.76,1.78,1.73,1.77,384401.67,67460.516
300197.SZ,2026-01-05,1.77,1.8,1.77,1.78,286745.98,51136.74
300197.SZ,2026-01-06,1.79,1.89,1.78,1.85,796838.37,146792.79
300197.SZ,2026-01-07,1.86,1.87,1.81,1.81,467998.58,85907.29
300197.SZ,2026-01-08,1.8,1.85,1.8,1.83,462525.76,84605.83
300197.SZ,2026-01-09,1.83,1.85,1.81,1.84,466615.31,85421.34
300197.SZ,2026-01-12,1.84,1.87,1.83,1.87,508043.17,94295.93
300197.SZ,2026-01-13,1.87,1.9,1.84,1.89,724845.63,136017.42
300197.SZ,2026-01-14,1.88,1.9,1.83,1.86,659534.5,123360.43
300197.SZ,2026-01-15,1.84,1.85,1.79,1.8,524343.05,95163.72
300197.SZ,2026-01-16,1.81,1.82,1.76,1.77,448720.33,79840.18
300197.SZ,2026-01-19,1.77,1.79,1.75,1.78,271370.91,48142.79
300197.SZ,2026-01-20,1.79,1.81,1.78,1.8,291000.58,52145.43
300197.SZ,2026-01-21,1.78,1.8,1.76,1.79,289215.0,51493.68
300197.SZ,2026-01-22,1.79,1.84,1.78,1.84,613150.18,111380.7
300197.SZ,2026-01-23,1.85,1.88,1.82,1.87,565315.2,104729.45
300197.SZ,2026-01-26,1.92,1.94,1.82,1.84,630315.62,117620.64
300197.SZ,2026-01-27,1.83,1.84,1.77,1.79,606053.5,108647.38
300197.SZ,2026-01-28,1.78,1.8,1.75,1.77,503863.76,89412.95
300197.SZ,2026-01-29,1.77,1.78,1.74,1.77,453851.93,80193.7
300197.SZ,2026-01-30,1.76,1.78,1.74,1.76,447240.99,78580.63
300197.SZ,2026-02-02,1.75,1.77,1.71,1.71,367187.66,63908.44
300197.SZ,2026-02-03,1.72,1.75,1.72,1.74,246616.35,42754.35
300197.SZ,2026-02-04,1.73,1.79,1.72,1.78,431979.52,76321.66
300197.SZ,2026-02-05,1.77,1.8,1.76,1.78,283749.99,50525.78
300197.SZ,2026-02-06,1.78,1.79,1.75,1.78,285794.5,50731.09
300197.SZ,2026-02-09,1.79,1.83,1.79,1.83,397243.05,72105.2
300197.SZ,2026-02-10,1.83,1.86,1.81,1.84,488738.47,90049.2
300197.SZ,2026-02-11,1.84,1.88,1.83,1.87,652917.67,121309.83
300197.SZ,2026-02-12,1.86,1.87,1.8,1.81,518230.5,94593.49
300197.SZ,2026-02-13,1.81,1.83,1.78,1.8,321569.68,58054.89
300197.SZ,2026-02-24,1.81,1.84,1.8,1.83,393154.71,71734.06
300197.SZ,2026-02-25,1.83,1.93,1.83,1.89,847823.72,160611.27
300197.SZ,2026-02-26,1.95,2.08,1.93,2.03,2400409.63,479811.99
300197.SZ,2026-02-27,1.99,2.07,1.97,1.99,1417402.19,283728.61
300197.SZ,2026-03-02,1.93,1.94,1.86,1.87,1109802.98,210099.52
300197.SZ,2026-03-03,1.88,1.92,1.78,1.78,865196.46,159562.74
300197.SZ,2026-03-04,1.76,1.81,1.75,1.78,634087.11,113271.33
300197.SZ,2026-03-05,1.82,1.89,1.82,1.87,918048.93,170940.89
300197.SZ,2026-03-06,1.86,1.89,1.83,1.89,666192.15,124245.84
300197.SZ,2026-03-09,1.86,1.9,1.83,1.87,650795.0,120816.17
300197.SZ,2026-03-10,1.87,1.9,1.86,1.87,420263.0,78865.28
300197.SZ,2026-03-11,1.87,1.9,1.84,1.89,656169.63,123480.42
300197.SZ,2026-03-12,1.89,1.92,1.88,1.89,634335.33,120525.74
300197.SZ,2026-03-13,1.88,1.95,1.88,1.91,829008.72,159132.76
300197.SZ,2026-03-16,1.9,1.93,1.84,1.87,618788.0,115961.84
300197.SZ,2026-03-17,1.86,1.95,1.86,1.93,1003917.6,193136.82
300197.SZ,2026-03-18,1.91,1.95,1.86,1.89,911448.39,172835.5
300197.SZ,2026-03-19,1.87,1.88,1.83,1.84,703183.08,130434.85
300197.SZ,2026-03-20,1.84,1.88,1.76,1.79,806267.9,146095.8
300197.SZ,2026-03-23,1.76,1.8,1.69,1.72,861467.02,149735.26
300197.SZ,2026-03-24,1.75,1.8,1.71,1.8,644209.01,113418.64
300197.SZ,2026-03-25,1.81,1.89,1.79,1.88,869947.24,161386.98
300197.SZ,2026-03-26,1.88,1.89,1.78,1.79,710277.0,129157.73
300197.SZ,2026-03-27,1.77,1.84,1.75,1.81,555245.81,100244.09
300197.SZ,2026-03-30,1.8,1.82,1.75,1.8,412583.01,73614.39
300197.SZ,2026-03-31,1.81,1.83,1.75,1.75,530843.07,94807.61
300197.SZ,2026-04-01,1.82,1.86,1.75,1.77,870213.56,156112.82
300197.SZ,2026-04-02,1.75,1.77,1.7,1.7,658614.76,113443.89
300197.SZ,2026-04-03,1.71,1.72,1.64,1.65,447444.06,74338.15
300197.SZ,2026-04-07,1.64,1.68,1.62,1.67,257167.17,42730.45
300197.SZ,2026-04-08,1.71,1.73,1.68,1.73,481204.52,82423.36
300197.SZ,2026-04-09,1.71,1.72,1.66,1.67,389516.42,65619.9
300197.SZ,2026-04-10,1.67,1.71,1.67,1.68,318298.52,53838.07
300197.SZ,2026-04-13,1.66,1.7,1.66,1.7,285086.66,48064.47
300197.SZ,2026-04-14,1.7,1.72,1.68,1.7,329010.06,55777.4
300197.SZ,2026-04-15,1.71,1.71,1.65,1.66,388153.51,64979.91
300197.SZ,2026-04-16,1.66,1.72,1.66,1.71,514056.17,86859.52
300197.SZ,2026-04-17,1.7,1.7,1.66,1.67,348525.5,58508.68
300197.SZ,2026-05-06,1.69,1.7,1.66,1.67,506750.22,84708.537
300197.SZ,2026-05-07,1.68,1.69,1.64,1.65,450147.36,74826.948
300197.SZ,2026-05-08,1.65,1.74,1.64,1.67,663698.05,111225.624
300197.SZ,2026-05-11,1.67,1.75,1.65,1.72,935578.95,158803.166
300197.SZ,2026-05-12,1.71,1.71,1.66,1.68,531762.0,89362.217
300197.SZ,2026-05-13,1.68,1.72,1.67,1.69,509023.22,86026.888
300197.SZ,2026-05-14,1.68,1.69,1.62,1.64,638523.12,105270.064
300197.SZ,2026-05-15,1.63,1.65,1.58,1.6,460368.54,74199.705
300197.SZ,2026-05-18,1.6,1.62,1.58,1.62,315859.63,50577.269
300197.SZ,2026-05-19,1.62,1.64,1.6,1.63,318307.0,51546.87
300197.SZ,2026-05-20,1.62,1.63,1.56,1.57,399488.5,63172.007
300197.SZ,2026-05-21,1.56,1.6,1.54,1.55,379979.32,59819.935
300197.SZ,2026-05-22,1.56,1.61,1.55,1.59,375801.74,59457.013
300197.SZ,2026-05-25,1.6,1.67,1.59,1.66,595485.11,97038.633
300197.SZ,2026-05-26,1.66,1.74,1.58,1.61,716326.22,118358.5
300197.SZ,2026-05-27,1.61,1.67,1.59,1.6,485622.83,78763.152
300197.SZ,2026-05-28,1.59,1.63,1.58,1.62,343821.43,55176.343
300197.SZ,2026-05-29,1.61,1.66,1.6,1.61,438031.5,71451.522
300197.SZ,2026-06-01,1.93,1.93,1.9,1.93,1567436.76,302498.318
300197.SZ,2026-06-02,2.09,2.32,2.01,2.32,4432304.85,982659.091
300197.SZ,2026-06-03,2.61,2.78,2.57,2.78,4678216.0,1275113.026
300197.SZ,2026-06-04,2.87,3.22,2.75,2.79,6575238.36,1907996.666
300197.SZ,2026-06-05,2.7,2.78,2.49,2.52,4310708.0,1108156.41
300197.SZ,2026-06-08,2.45,3.02,2.4,3.02,6725338.0,1947283.87
300197.SZ,2026-06-09,2.91,3.04,2.79,2.94,4729893.99,1365531.09
300197.SZ,2026-06-22,2.22,2.29,2.17,2.21,1900739.11,419572.02822
300197.SZ,2026-06-29,1.97,2.05,1.93,1.98,1800952.19,356876.66971
300197.SZ,2026-06-30,1.95,1.97,1.89,1.91,1459197.72,280355.56785
300197.SZ,2026-07-01,1.9,2.1,1.89,2.05,2312053.2,465938.08628
300197.SZ,2026-06-23,2.18,2.34,2.16,2.19,-0.9,2134626.0,477691441.0
300197.SZ,2026-06-24,2.15,2.17,2.0,2.03,-7.31,2391950.0,491551659.0
300197.SZ,2026-06-25,2.04,2.05,1.98,2.01,-0.99,1347333.0,270234994.0
300197.SZ,2026-06-26,2.02,2.05,1.96,1.97,-1.99,1381508.0,275232673.0
300197.SZ,2026-07-02,1.9,2.1,1.89,2.05,2312053.0,465938086.28
300197.SZ,2026-07-02,1.9,2.1,1.89,2.05,2312053.0,465938086.28
300197.SZ,2026-07-02,1.9,2.1,1.89,2.05,2312053.0,465938086.28
300197.SZ,2026-07-02,1.9,2.1,1.89,2.05,2312053.0,465938086.28
300197.SZ,2026-07-02,1.9,2.1,1.89,2.05,2312053.0,465938086.28
300197.SZ,2026-07-02,1.9,2.1,1.89,2.05,2312053.0,465938086.28
300197.SZ,2026-07-03,2.03,2.06,1.95,1.98,1496472.26,297756.5291
300197.SZ,2026-07-06,1.98,2.12,1.96,1.98,2010786.0,407169841.85
300197.SZ,2026-07-06,1.98,2.12,1.96,1.98,2010786.0,407169841.85
