symbol,datetime,open,high,low,close,volume,amount
300236.SZ,2011-06-29,16.11,16.8,15.8,15.8,156701.46,253354.86
300236.SZ,2011-06-30,15.19,15.7,14.91,15.58,95363.48,145729.97
300236.SZ,2011-07-01,15.7,16.78,15.6,16.2,84044.71,136036.91
300236.SZ,2011-07-04,16.2,16.4,16.0,16.38,62229.03,100710.31
300236.SZ,2011-07-05,16.3,16.3,15.73,15.99,45630.21,73283.53
300236.SZ,2011-07-06,15.9,17.5,15.9,16.71,62989.74,104632.75
300236.SZ,2011-07-07,16.51,17.84,16.5,17.15,65932.33,113245.7
300236.SZ,2011-07-08,17.05,17.27,16.72,16.9,37155.9,63066.02
300236.SZ,2011-07-11,16.85,17.27,16.76,17.17,25409.06,43427.62
300236.SZ,2011-07-12,16.81,16.95,16.3,16.52,36996.98,61445.98
300236.SZ,2011-07-13,16.5,17.24,16.44,17.19,36946.45,62317.57
300236.SZ,2011-07-14,17.16,17.45,16.85,17.4,33113.06,56790.24
300236.SZ,2011-07-15,17.39,17.84,17.15,17.17,35782.35,62747.12
300236.SZ,2011-07-18,17.14,17.33,16.95,17.02,24205.44,41462.47
300236.SZ,2011-07-19,16.82,16.95,16.6,16.72,16269.38,27227.24
300236.SZ,2011-07-20,16.69,16.94,16.42,16.72,14434.77,24086.91
300236.SZ,2011-07-21,16.65,16.71,16.28,16.28,12733.97,20909.47
300236.SZ,2011-07-22,16.38,16.78,16.33,16.53,14123.19,23378.03
300236.SZ,2011-07-25,16.46,16.74,16.08,16.18,15202.48,24849.99
300236.SZ,2011-07-26,16.06,17.8,16.06,17.8,53736.95,91607.27
300236.SZ,2011-07-27,17.42,18.33,17.41,17.99,61753.42,110446.76
300236.SZ,2011-07-28,17.92,18.53,17.8,18.42,40730.82,74086.84
300236.SZ,2011-07-29,18.22,18.3,17.81,18.18,24674.2,44575.9
300236.SZ,2011-08-01,18.0,19.38,17.99,18.71,42158.88,78513.69
300236.SZ,2011-08-02,18.6,18.61,17.72,18.54,31109.31,56550.52
300236.SZ,2011-08-03,18.2,18.55,17.85,17.9,22256.83,40457.53
300236.SZ,2011-08-04,17.96,18.27,17.63,18.07,19966.13,35850.75
300236.SZ,2011-08-05,17.46,17.76,17.31,17.47,16891.37,29619.89
300236.SZ,2011-08-08,17.22,17.3,15.79,16.61,25233.99,41764.13
300236.SZ,2011-08-09,15.99,16.84,15.65,16.73,15698.45,25800.79
300236.SZ,2011-08-10,16.99,17.3,16.76,16.83,16234.21,27623.94
300236.SZ,2011-08-11,16.3,17.36,16.23,17.3,17515.54,29676.34
300236.SZ,2011-08-12,17.46,18.25,17.24,18.12,23116.6,41074.15
300236.SZ,2011-08-15,18.11,18.5,17.84,18.25,16844.61,30624.86
300236.SZ,2011-08-16,18.15,18.39,17.92,18.06,14651.83,26603.46
300236.SZ,2011-08-17,18.18,18.63,18.11,18.26,17974.83,32946.61
300236.SZ,2011-08-18,18.08,18.53,17.85,17.86,17848.45,32514.66
300236.SZ,2011-08-19,17.4,17.48,16.86,17.35,16560.63,28471.55
300236.SZ,2011-08-22,17.35,19.09,17.34,18.66,43391.81,80587.7
300236.SZ,2011-08-23,18.65,20.4,18.56,20.1,56439.05,111123.46
300236.SZ,2011-08-24,19.8,20.25,19.62,20.0,27438.34,54580.33
300236.SZ,2011-08-25,19.96,20.25,19.52,20.17,25078.93,49887.77
300236.SZ,2011-08-26,20.05,20.98,19.92,20.4,25618.48,52454.99
300236.SZ,2011-08-29,20.42,21.28,20.41,21.0,20367.28,42579.63
300236.SZ,2011-08-30,21.15,21.15,19.7,19.71,25482.65,51669.49
300236.SZ,2011-08-31,19.7,20.15,19.38,20.03,14929.49,29563.45
300236.SZ,2011-09-02,19.7,19.7,18.92,19.5,17424.06,33809.33
300236.SZ,2011-09-05,19.19,19.89,19.03,19.44,12979.85,25297.12
300236.SZ,2011-09-06,19.2,19.43,18.13,18.37,18781.92,34961.59
300236.SZ,2011-09-07,18.44,19.34,18.35,19.28,16041.98,30175.34
300236.SZ,2011-09-08,19.3,19.67,18.71,18.71,12395.04,23802.29
300236.SZ,2011-09-09,18.52,18.75,18.1,18.3,12743.85,23418.11
300236.SZ,2011-09-13,17.8,18.1,17.51,17.87,8108.76,14390.56
300236.SZ,2011-09-14,17.98,18.34,17.62,18.33,8064.23,14548.24
300236.SZ,2011-09-15,18.3,18.5,18.2,18.23,9024.83,16553.73
300236.SZ,2011-09-16,18.33,18.35,17.7,17.72,8411.21,15150.68
300236.SZ,2011-09-19,17.51,17.69,17.0,17.05,6932.57,11899.79
300236.SZ,2011-09-20,17.06,17.28,16.66,17.18,7884.3,13414.69
300236.SZ,2011-09-21,17.06,17.79,16.92,17.75,11690.74,20459.75
300236.SZ,2011-09-22,17.5,17.68,16.8,16.84,10786.71,18553.3
300236.SZ,2011-09-23,16.39,16.72,16.39,16.59,12890.59,21309.29
300236.SZ,2011-09-26,16.57,16.84,16.26,16.36,6525.22,10787.69
300236.SZ,2011-09-27,16.51,16.75,16.17,16.53,6722.13,11041.14
300236.SZ,2011-09-28,16.59,16.66,15.85,15.92,7602.97,12366.18
300236.SZ,2011-09-29,15.71,15.88,14.68,14.83,26058.71,39305.89
300236.SZ,2011-09-30,14.89,15.03,14.48,14.9,12361.36,18187.2
300236.SZ,2011-10-10,14.93,15.14,14.78,15.08,9412.13,14107.4
300236.SZ,2011-10-11,15.54,15.6,14.7,15.03,11871.22,17971.13
300236.SZ,2011-10-12,14.81,15.81,14.65,15.76,18903.15,29249.25
300236.SZ,2011-10-13,15.76,16.22,15.55,16.0,18265.78,29198.65
300236.SZ,2011-10-14,16.01,16.09,15.63,16.0,11420.2,18064.97
300236.SZ,2011-10-17,16.0,16.6,15.89,16.45,17815.97,29127.18
300236.SZ,2011-10-18,16.23,16.38,15.5,15.5,13143.46,21027.89
300236.SZ,2011-10-19,15.53,15.92,15.45,15.72,8067.47,12652.7
300236.SZ,2011-10-20,15.88,16.46,15.72,16.03,32573.25,52450.95
300236.SZ,2011-10-21,15.72,15.8,15.12,15.5,13153.29,20311.8
300236.SZ,2011-10-24,15.33,16.12,14.72,15.98,12475.35,19329.93
300236.SZ,2011-10-25,15.87,16.65,15.73,16.43,19271.15,31513.7
300236.SZ,2011-10-26,16.28,16.79,16.2,16.5,17313.8,28640.8
300236.SZ,2011-10-27,16.44,16.88,16.32,16.5,12086.13,20055.99
300236.SZ,2011-10-28,16.82,16.89,16.35,16.79,19550.52,32475.85
300236.SZ,2011-10-31,16.79,16.79,16.4,16.61,16490.98,27339.76
300236.SZ,2011-11-01,16.5,16.65,16.1,16.63,14269.89,23515.87
300236.SZ,2011-11-02,16.39,17.18,16.18,17.15,18598.32,31226.38
300236.SZ,2011-11-03,17.28,17.54,16.84,16.86,20285.79,34830.03
300236.SZ,2011-11-04,16.95,17.2,16.8,17.13,14688.39,25000.04
300236.SZ,2011-11-07,17.06,17.55,16.9,17.4,12118.13,20923.43
300236.SZ,2011-11-08,17.34,17.46,16.88,17.0,8586.21,14686.72
300236.SZ,2011-11-09,17.03,17.9,16.83,17.85,17564.31,30432.39
300236.SZ,2011-11-10,17.67,17.87,17.38,17.47,17401.68,30641.09
300236.SZ,2011-11-11,17.39,17.6,17.08,17.18,11665.94,20225.08
300236.SZ,2011-11-14,17.34,18.2,17.33,18.12,22168.16,39485.79
300236.SZ,2011-11-15,18.15,18.15,17.78,17.8,20218.78,36199.15
300236.SZ,2011-11-16,17.71,17.83,17.46,17.82,18015.98,31739.13
300236.SZ,2011-11-17,17.7,18.4,17.62,17.9,20217.08,36331.04
300236.SZ,2011-11-18,17.72,17.85,16.83,16.9,13794.23,23792.82
300236.SZ,2011-11-21,16.76,16.89,16.21,16.58,9702.45,16041.98
300236.SZ,2011-11-22,16.36,16.75,16.32,16.74,6318.03,10461.61
300236.SZ,2011-11-23,16.66,17.1,16.65,16.7,8374.54,14177.17
300236.SZ,2011-11-24,16.57,16.96,16.32,16.71,5361.52,8920.06
300236.SZ,2011-11-25,16.57,16.9,16.5,16.52,4089.91,6834.3
300236.SZ,2011-11-28,16.45,16.7,16.45,16.69,3382.14,5606.1
300236.SZ,2011-11-29,16.88,16.98,16.74,16.92,6155.13,10371.51
300236.SZ,2011-11-30,16.92,17.12,15.5,15.89,10073.38,16530.33
300236.SZ,2011-12-01,16.49,16.76,16.21,16.57,9843.09,16312.18
300236.SZ,2011-12-02,16.41,16.55,15.9,16.02,3602.34,5825.54
300236.SZ,2011-12-05,15.9,16.0,15.35,15.41,4006.85,6287.67
300236.SZ,2011-12-06,15.45,15.76,15.36,15.68,2515.39,3909.59
300236.SZ,2011-12-07,15.57,15.8,15.48,15.68,4362.8,6810.37
300236.SZ,2011-12-08,15.7,15.98,15.24,15.87,4948.36,7760.35
300236.SZ,2011-12-09,15.7,15.77,15.3,15.6,3301.57,5138.67
300236.SZ,2011-12-12,15.38,15.61,15.38,15.54,2252.57,3490.33
300236.SZ,2011-12-13,15.41,15.42,15.09,15.22,4916.32,7490.02
300236.SZ,2011-12-14,15.15,15.37,15.1,15.13,1610.81,2447.38
300236.SZ,2011-12-15,15.0,15.27,14.78,14.88,4631.59,6975.44
300236.SZ,2011-12-16,14.7,15.36,14.7,15.36,3545.59,5350.6
300236.SZ,2011-12-19,15.3,16.0,15.05,15.98,6970.51,10800.65
300236.SZ,2011-12-20,15.87,16.13,15.6,15.82,6509.67,10385.02
300236.SZ,2011-12-21,15.98,16.25,15.6,15.65,4761.3,7485.97
300236.SZ,2011-12-22,15.65,16.38,15.31,15.98,13528.39,21476.33
300236.SZ,2011-12-23,15.86,16.23,15.86,15.98,7772.93,12458.32
300236.SZ,2011-12-26,15.95,16.17,15.57,15.6,5718.73,9074.84
300236.SZ,2011-12-27,15.48,15.48,14.14,14.15,11184.73,16464.71
300236.SZ,2011-12-28,13.81,13.98,13.32,13.6,10956.88,14817.16
300236.SZ,2011-12-29,13.42,13.63,13.23,13.26,7716.22,10375.05
300236.SZ,2011-12-30,13.31,13.63,13.28,13.4,6010.14,8088.85
300236.SZ,2012-01-04,13.58,13.6,12.63,12.67,8575.63,11279.85
300236.SZ,2012-01-05,12.51,12.51,11.72,11.95,6949.96,8441.19
300236.SZ,2012-01-06,11.81,12.49,11.81,12.28,6256.58,7632.39
300236.SZ,2012-01-09,12.22,12.96,12.13,12.93,5790.94,7307.05
300236.SZ,2012-01-10,12.89,13.41,12.8,13.26,6027.89,7920.95
300236.SZ,2012-01-11,13.26,13.39,13.08,13.19,3811.12,5042.3
300236.SZ,2012-01-12,13.0,13.5,12.94,13.17,5517.94,7256.57
300236.SZ,2012-01-13,13.15,13.2,12.12,12.18,6923.91,8655.58
300236.SZ,2012-01-16,12.58,12.58,11.85,11.94,3938.57,4795.71
300236.SZ,2012-01-17,11.74,12.88,11.74,12.79,5443.26,6790.8
300236.SZ,2012-01-18,12.71,12.98,12.25,12.34,5168.01,6538.38
300236.SZ,2012-01-19,12.2,12.72,12.15,12.55,4195.32,5233.47
300236.SZ,2012-01-20,12.7,12.98,12.54,12.78,4468.35,5695.62
300236.SZ,2012-01-30,12.68,12.94,12.5,12.75,4228.42,5408.8
300236.SZ,2012-01-31,12.73,12.78,12.45,12.67,2787.29,3496.22
300236.SZ,2012-02-01,12.64,12.89,12.53,12.6,2764.99,3520.95
300236.SZ,2012-02-02,12.69,12.8,12.44,12.8,3411.78,4316.92
300236.SZ,2012-02-03,12.8,13.18,12.7,13.02,6765.84,8761.36
300236.SZ,2012-02-06,13.09,13.28,13.01,13.14,5832.7,7658.56
300236.SZ,2012-02-07,13.05,13.16,12.91,12.97,5706.1,7429.59
300236.SZ,2012-02-08,12.91,13.36,12.91,13.32,5561.17,7333.85
300236.SZ,2012-02-09,13.6,13.94,13.12,13.45,8850.9,12085.77
300236.SZ,2012-02-10,13.32,13.6,13.15,13.37,5120.17,6856.19
300236.SZ,2012-02-13,13.34,13.9,13.26,13.68,7946.06,10855.22
300236.SZ,2012-02-14,13.65,13.78,13.58,13.72,5733.67,7839.52
300236.SZ,2012-02-15,13.78,13.91,13.62,13.88,6580.9,9097.83
300236.SZ,2012-02-16,13.81,14.0,13.7,13.77,4029.0,5585.08
300236.SZ,2012-02-17,13.89,13.98,13.45,13.62,3895.76,5309.04
300236.SZ,2012-02-20,13.68,13.88,13.51,13.62,4424.51,6073.5
300236.SZ,2012-02-21,13.58,13.98,13.5,13.98,6194.64,8491.28
300236.SZ,2012-02-22,13.85,14.59,13.85,14.42,12751.06,18263.75
300236.SZ,2012-02-23,14.32,14.71,14.18,14.49,8807.94,12733.37
300236.SZ,2012-02-27,14.8,14.92,14.41,14.42,10475.58,15275.08
300236.SZ,2012-02-28,14.25,14.41,14.05,14.23,5332.82,7591.34
300236.SZ,2012-02-29,14.24,14.64,14.16,14.28,7263.11,10454.64
300236.SZ,2012-03-01,14.03,14.42,14.03,14.36,4143.2,5919.19
300236.SZ,2012-03-02,14.27,14.7,14.27,14.65,5897.33,8587.69
300236.SZ,2012-03-05,14.65,14.75,14.56,14.62,5332.93,7798.91
300236.SZ,2012-03-06,14.66,14.79,14.42,14.63,3507.3,5099.97
300236.SZ,2012-03-07,14.45,14.85,14.3,14.65,5413.84,7927.56
300236.SZ,2012-03-08,14.65,14.85,14.65,14.82,3948.12,5824.38
300236.SZ,2012-03-09,14.84,15.1,14.84,15.1,4748.68,7121.3
300236.SZ,2012-03-12,15.13,15.77,15.13,15.37,7548.26,11667.48
300236.SZ,2012-03-13,15.31,15.5,15.31,15.47,3877.03,5976.67
300236.SZ,2012-03-14,15.75,15.84,14.4,14.55,13490.59,20468.57
300236.SZ,2012-03-15,14.5,14.64,14.25,14.48,5592.87,8094.54
300236.SZ,2012-03-16,14.5,14.75,14.36,14.75,5453.57,7954.34
300236.SZ,2012-03-19,14.75,14.94,14.54,14.93,5929.91,8730.88
300236.SZ,2012-03-20,14.9,15.25,14.32,14.34,6384.15,9360.56
300236.SZ,2012-03-21,14.35,14.48,13.93,14.17,5867.32,8338.98
300236.SZ,2012-03-22,14.3,14.35,14.08,14.21,1734.0,2465.37
300236.SZ,2012-03-23,14.13,14.27,13.96,14.0,2483.1,3496.43
300236.SZ,2012-03-26,13.98,14.33,13.82,14.26,4400.92,6222.42
300236.SZ,2012-03-27,14.32,14.34,14.06,14.09,2557.37,3634.54
300236.SZ,2012-03-28,13.98,13.98,13.15,13.17,5019.33,6780.3
300236.SZ,2012-03-29,13.01,13.28,12.9,13.03,2175.22,2843.85
300236.SZ,2012-03-30,13.12,13.13,12.51,12.61,4823.61,6164.83
300236.SZ,2012-04-05,12.62,12.99,12.61,12.97,3932.99,5056.91
300236.SZ,2012-04-06,12.98,13.38,12.9,13.25,4537.55,5990.07
300236.SZ,2012-04-09,13.34,13.34,13.05,13.15,1422.36,1874.86
300236.SZ,2012-04-10,13.01,13.38,12.8,13.36,3048.17,3964.72
300236.SZ,2012-04-11,13.24,13.44,13.13,13.39,1781.85,2373.79
300236.SZ,2012-04-12,13.4,13.9,13.3,13.76,4191.06,5700.56
300236.SZ,2012-04-13,13.86,14.05,13.66,13.99,4415.99,6108.63
300236.SZ,2012-04-16,13.99,13.99,13.7,13.91,1958.1,2713.5
300236.SZ,2012-04-17,13.8,13.91,13.62,13.7,1931.11,2651.68
300236.SZ,2012-04-18,13.73,14.03,13.7,14.0,3095.6,4307.59
300236.SZ,2012-04-19,14.1,14.1,13.81,13.98,2786.1,3884.95
300236.SZ,2012-04-20,13.68,14.18,13.68,14.16,4399.84,6159.15
300236.SZ,2012-04-23,13.92,14.0,13.13,13.17,4770.86,6435.04
300236.SZ,2012-04-24,13.13,13.6,12.91,13.55,5004.32,6652.07
300236.SZ,2012-04-25,13.29,13.47,12.85,13.33,6498.99,8508.22
300236.SZ,2012-04-26,13.22,13.4,12.96,13.12,2379.11,3127.23
300236.SZ,2012-04-27,13.01,13.33,13.01,13.13,2111.05,2781.5
300236.SZ,2012-05-02,13.32,13.58,13.15,13.49,2795.65,3726.24
300236.SZ,2012-05-03,13.34,13.6,13.22,13.58,2889.33,3869.19
300236.SZ,2012-05-04,13.57,14.09,13.56,13.99,5883.62,8184.11
300236.SZ,2012-05-07,13.9,14.4,13.85,14.09,3937.67,5520.4
300236.SZ,2012-05-08,14.09,14.14,13.83,13.99,2928.09,4083.33
300236.SZ,2012-05-09,13.88,13.89,13.6,13.7,2539.5,3492.3
300236.SZ,2012-05-10,13.69,14.04,13.69,13.87,1947.5,2702.25
300236.SZ,2012-05-11,13.86,13.87,13.61,13.61,1830.85,2514.96
300236.SZ,2012-05-14,13.82,13.82,13.51,13.52,1361.7,1852.61
300236.SZ,2012-05-15,13.31,13.56,13.26,13.5,1623.0,2172.26
300236.SZ,2012-05-16,13.48,13.48,13.29,13.34,1864.2,2487.55
300236.SZ,2012-05-17,13.27,13.64,13.13,13.37,1853.01,2489.02
300236.SZ,2012-05-18,13.35,13.53,13.26,13.38,1867.54,2503.44
300236.SZ,2012-05-21,13.41,13.65,13.38,13.49,1879.3,2541.29
300236.SZ,2012-05-22,13.51,13.71,13.44,13.7,2722.44,3709.41
300236.SZ,2012-05-23,13.67,13.68,13.3,13.41,1865.54,2510.77
300236.SZ,2012-05-24,13.41,13.59,13.2,13.4,2299.15,3087.64
300236.SZ,2012-05-25,13.31,13.35,12.98,13.14,2457.15,3226.9
300236.SZ,2012-05-28,13.2,13.3,12.8,13.24,1310.35,1704.09
300236.SZ,2012-05-29,13.24,13.4,13.2,13.4,2961.75,3944.49
300236.SZ,2012-05-30,13.32,13.64,13.32,13.57,3638.13,4904.96
300236.SZ,2012-05-31,13.48,13.8,13.42,13.69,2664.5,3619.38
300236.SZ,2012-06-01,13.74,13.74,13.43,13.59,1840.0,2495.08
300236.SZ,2012-06-04,13.2,13.38,13.1,13.27,1844.0,2441.16
300236.SZ,2012-06-05,13.48,13.48,13.18,13.3,1793.8,2390.24
300236.SZ,2012-06-06,13.2,13.44,13.16,13.17,990.04,1312.23
300236.SZ,2012-06-07,13.24,13.34,13.1,13.17,1124.0,1483.81
300236.SZ,2012-06-08,13.19,13.26,13.08,13.21,1227.56,1616.6
300236.SZ,2012-06-11,13.21,13.47,13.17,13.4,1935.05,2576.07
300236.SZ,2012-06-12,13.29,13.4,13.28,13.3,1253.0,1670.46
300236.SZ,2012-06-13,13.3,13.56,13.27,13.47,3962.2,5323.19
300236.SZ,2012-06-14,13.42,13.58,13.37,13.47,3000.93,4037.81
300236.SZ,2012-06-15,13.53,13.69,13.4,13.53,2986.26,4038.31
300236.SZ,2012-06-18,13.53,13.88,13.42,13.86,5818.26,7983.57
300236.SZ,2012-06-19,13.88,13.88,13.55,13.55,4634.08,6348.69
300236.SZ,2012-06-20,13.68,13.82,13.56,13.8,3597.98,4937.65
300236.SZ,2012-06-21,13.8,14.4,13.77,13.97,9366.92,13175.55
300236.SZ,2012-06-25,13.8,13.8,13.15,13.37,3731.5,5010.16
300236.SZ,2012-06-26,13.3,13.34,12.92,13.03,4345.58,5690.36
300236.SZ,2012-06-27,13.06,13.54,13.01,13.22,3856.36,5128.62
300236.SZ,2012-06-28,13.48,13.48,13.08,13.1,2209.51,2917.55
300236.SZ,2012-06-29,12.77,12.98,12.66,12.93,2787.46,3576.43
300236.SZ,2012-07-02,12.95,13.24,12.88,13.16,3334.65,4375.16
300236.SZ,2012-07-03,13.2,13.36,13.1,13.27,6209.21,8219.92
300236.SZ,2012-07-04,13.29,13.35,13.11,13.25,2190.9,2894.23
300236.SZ,2012-07-05,13.18,13.24,12.78,12.87,2940.43,3798.09
300236.SZ,2012-07-06,12.98,13.02,12.6,12.93,3390.16,4329.4
300236.SZ,2012-07-09,12.7,12.88,12.61,12.61,2540.0,3232.28
300236.SZ,2012-07-10,12.51,12.72,12.4,12.52,1848.05,2311.46
300236.SZ,2012-07-11,12.52,12.65,12.38,12.58,1203.49,1507.5
300236.SZ,2012-07-12,12.57,12.68,12.2,12.63,2313.01,2894.48
300236.SZ,2012-07-13,12.55,12.73,12.5,12.52,1238.0,1558.24
300236.SZ,2012-07-16,12.45,12.47,11.61,11.95,4664.08,5568.08
300236.SZ,2012-07-17,11.73,11.98,11.05,11.97,1506.0,1787.96
300236.SZ,2012-07-18,11.8,11.95,11.6,11.83,1216.56,1427.88
300236.SZ,2012-07-19,11.69,12.12,11.69,11.98,2377.95,2851.22
300236.SZ,2012-07-20,11.92,12.01,11.83,11.92,987.0,1176.07
300236.SZ,2012-07-23,11.73,11.93,11.73,11.78,1518.99,1797.12
300236.SZ,2012-07-24,11.88,11.97,11.79,11.86,1890.19,2239.08
300236.SZ,2012-07-25,11.79,12.03,11.63,11.72,1990.04,2363.1
300236.SZ,2012-07-26,11.84,11.87,11.64,11.72,778.44,914.3
300236.SZ,2012-07-27,11.75,11.82,11.66,11.79,671.5,787.89
300236.SZ,2012-07-30,11.97,11.98,11.4,11.58,1087.0,1261.02
300236.SZ,2012-07-31,11.75,11.75,11.19,11.22,1029.0,1172.48
300236.SZ,2012-08-01,11.22,11.44,11.21,11.34,1289.5,1456.46
300236.SZ,2012-08-02,11.18,11.44,11.17,11.26,1039.0,1167.11
300236.SZ,2012-08-03,11.28,11.71,11.21,11.68,1430.6,1638.93
300236.SZ,2012-08-06,11.5,11.89,11.44,11.87,1597.6,1877.02
300236.SZ,2012-08-07,11.8,11.95,11.74,11.81,1441.7,1703.74
300236.SZ,2012-08-08,11.81,11.9,11.65,11.8,975.5,1150.77
300236.SZ,2012-08-09,11.92,12.09,11.78,12.07,2657.5,3182.84
300236.SZ,2012-08-10,12.0,12.0,11.8,11.95,1953.94,2323.41
300236.SZ,2012-08-13,11.94,11.96,11.71,11.78,1579.01,1860.86
300236.SZ,2012-08-14,11.67,11.83,11.57,11.83,1479.99,1731.8
300236.SZ,2012-08-15,11.8,11.8,11.63,11.64,783.51,915.71
300236.SZ,2012-08-16,11.5,11.76,11.23,11.7,948.01,1108.48
300236.SZ,2012-08-17,11.67,11.87,11.6,11.84,1608.14,1890.15
300236.SZ,2012-08-20,11.84,11.96,11.63,11.93,1274.37,1510.25
300236.SZ,2012-08-21,11.88,12.23,11.84,12.21,3484.85,4214.62
300236.SZ,2012-08-22,12.21,12.49,12.01,12.26,3418.05,4179.92
300236.SZ,2012-08-23,12.3,12.45,12.15,12.31,4234.65,5188.65
300236.SZ,2012-08-24,12.35,12.48,11.88,11.99,2567.84,3110.23
300236.SZ,2012-08-27,11.94,12.15,11.78,11.96,2040.47,2436.03
300236.SZ,2012-08-28,11.97,12.22,11.85,12.19,3110.01,3753.88
300236.SZ,2012-08-29,12.24,12.38,12.03,12.12,3567.6,4370.87
300236.SZ,2012-08-30,12.0,12.18,11.51,11.88,3822.89,4516.85
300236.SZ,2012-08-31,11.9,12.16,11.75,12.09,1531.62,1826.17
300236.SZ,2012-09-03,12.08,12.27,12.01,12.2,2023.0,2460.99
300236.SZ,2012-09-04,12.27,12.31,12.1,12.12,1935.0,2355.81
300236.SZ,2012-09-05,12.15,12.48,12.15,12.48,3600.82,4450.83
300236.SZ,2012-09-06,12.51,12.63,12.34,12.58,2593.54,3243.95
300236.SZ,2012-09-07,12.58,13.0,12.58,12.79,4877.26,6249.72
300236.SZ,2012-09-10,12.9,12.9,12.62,12.81,3162.59,4034.65
300236.SZ,2012-09-11,12.7,12.83,12.65,12.77,1969.38,2505.05
300236.SZ,2012-09-12,12.8,12.84,12.53,12.76,2284.51,2899.58
300236.SZ,2012-09-13,12.79,12.89,12.62,12.73,1824.0,2327.56
300236.SZ,2012-09-14,12.76,12.76,12.5,12.63,2390.03,3015.37
300236.SZ,2012-09-17,12.72,12.72,12.15,12.2,2013.0,2498.82
300236.SZ,2012-09-18,12.2,12.2,11.91,12.14,2006.92,2425.93
300236.SZ,2012-09-19,12.25,12.25,12.05,12.18,1686.92,2046.37
300236.SZ,2012-09-20,12.2,12.21,11.85,11.92,2483.0,2980.48
300236.SZ,2012-09-21,11.92,12.04,11.74,11.84,2650.1,3148.8
300236.SZ,2012-09-24,11.8,11.86,11.58,11.84,1396.42,1640.36
300236.SZ,2012-09-25,11.85,11.86,11.62,11.77,1267.0,1484.24
300236.SZ,2012-09-26,11.76,11.78,11.3,11.39,1458.0,1672.24
300236.SZ,2012-09-27,11.42,11.85,11.27,11.65,2383.09,2740.44
300236.SZ,2012-09-28,11.59,12.33,11.56,12.3,6016.63,7223.43
300236.SZ,2012-10-08,12.2,12.35,12.05,12.18,885.49,1079.76
300236.SZ,2012-10-09,12.3,12.45,12.18,12.44,1889.99,2339.68
300236.SZ,2012-10-10,12.37,12.6,12.35,12.53,1756.38,2188.2
300236.SZ,2012-10-11,12.5,12.51,12.19,12.2,1722.0,2126.65
300236.SZ,2012-10-12,12.43,12.43,12.06,12.27,631.99,772.51
300236.SZ,2012-10-15,12.12,12.25,11.78,11.83,1630.16,1952.59
300236.SZ,2012-10-16,11.9,12.13,11.8,12.12,992.42,1190.66
300236.SZ,2012-10-17,12.08,12.49,12.08,12.47,2195.95,2710.17
300236.SZ,2012-10-18,12.49,12.98,12.3,12.57,3995.68,5059.02
300236.SZ,2012-10-19,12.58,12.79,12.42,12.7,2779.93,3510.63
300236.SZ,2012-10-22,12.68,12.85,12.5,12.74,3299.37,4196.05
300236.SZ,2012-10-23,12.8,12.83,12.31,12.45,3200.09,4031.89
300236.SZ,2012-10-24,12.33,12.51,12.32,12.45,1696.35,2106.54
300236.SZ,2012-10-25,12.36,12.65,12.36,12.51,1849.5,2316.57
300236.SZ,2012-10-26,12.32,12.46,12.0,12.23,1728.05,2111.51
300236.SZ,2012-10-29,12.03,12.19,11.9,12.04,1951.7,2347.19
300236.SZ,2012-10-30,12.03,12.18,11.97,12.08,523.08,630.06
300236.SZ,2012-10-31,12.17,12.17,11.88,12.1,686.37,824.8
300236.SZ,2012-11-01,12.16,12.37,12.1,12.25,1126.76,1383.32
300236.SZ,2012-11-02,12.25,12.34,12.17,12.32,762.5,934.19
300236.SZ,2012-11-05,12.37,12.37,12.17,12.26,856.5,1050.05
300236.SZ,2012-11-06,12.3,12.3,11.96,12.19,1041.2,1260.4
300236.SZ,2012-11-07,12.23,12.8,12.09,12.6,4017.99,5053.81
300236.SZ,2012-11-08,12.36,12.6,12.21,12.35,1754.85,2171.36
300236.SZ,2012-11-09,12.4,12.4,12.16,12.29,1135.0,1393.77
300236.SZ,2012-11-12,12.29,12.7,12.25,12.64,2593.17,3245.98
300236.SZ,2012-11-13,12.75,12.75,12.46,12.5,1236.0,1548.41
300236.SZ,2012-11-14,12.48,12.66,12.45,12.62,1576.01,1980.55
300236.SZ,2012-11-15,12.4,12.67,12.0,12.0,2222.5,2744.42
300236.SZ,2012-11-16,12.0,12.0,11.66,11.75,1873.5,2207.76
300236.SZ,2012-11-19,11.83,11.84,11.66,11.84,426.0,500.7
300236.SZ,2012-11-20,11.88,11.97,11.8,11.89,872.49,1038.39
300236.SZ,2012-11-21,12.09,12.09,11.73,11.99,864.58,1027.63
300236.SZ,2012-11-22,11.9,12.66,11.78,12.65,6397.01,7731.32
300236.SZ,2012-11-23,12.39,12.88,12.3,12.54,7073.65,8817.81
300236.SZ,2012-11-26,12.35,12.47,12.29,12.29,2040.0,2521.86
300236.SZ,2012-11-27,12.17,12.17,11.8,11.87,1775.78,2118.38
300236.SZ,2012-11-28,11.87,11.87,11.22,11.47,3181.0,3628.41
300236.SZ,2012-11-29,11.45,11.53,11.11,11.28,955.99,1081.91
300236.SZ,2012-11-30,11.27,11.63,11.24,11.39,1157.42,1315.64
300236.SZ,2012-12-03,11.41,11.41,10.88,11.11,2324.1,2600.1
300236.SZ,2012-12-04,11.11,11.18,10.91,11.14,655.64,723.23
300236.SZ,2012-12-05,11.06,11.6,11.06,11.51,3427.88,3918.26
300236.SZ,2012-12-06,11.48,11.83,11.42,11.83,2948.34,3430.05
300236.SZ,2012-12-07,11.66,12.26,11.65,12.22,2648.5,3195.16
300236.SZ,2012-12-10,12.24,12.47,12.12,12.45,2024.93,2490.93
300236.SZ,2012-12-11,12.3,12.45,12.1,12.42,1676.0,2056.63
300236.SZ,2012-12-12,12.32,12.4,12.15,12.25,739.95,906.36
300236.SZ,2012-12-13,12.14,12.38,12.1,12.18,654.0,797.97
300236.SZ,2012-12-14,12.1,12.65,12.03,12.61,3240.73,4042.3
300236.SZ,2012-12-17,12.5,12.65,12.4,12.44,1653.0,2068.66
300236.SZ,2012-12-18,12.48,12.66,12.23,12.39,2195.0,2741.35
300236.SZ,2012-12-19,12.3,12.48,12.0,12.44,1259.0,1546.1
300236.SZ,2012-12-20,12.28,12.58,12.2,12.41,1625.7,2012.07
300236.SZ,2012-12-21,12.34,12.77,12.26,12.66,4255.99,5350.91
300236.SZ,2012-12-24,12.68,13.16,12.6,12.99,8822.86,11420.75
300236.SZ,2012-12-25,13.0,13.27,12.81,13.0,7977.09,10414.09
300236.SZ,2012-12-26,13.0,13.58,12.9,13.45,11690.71,15641.17
300236.SZ,2012-12-27,13.45,13.84,13.06,13.06,7104.09,9540.64
300236.SZ,2012-12-28,13.24,13.66,13.06,13.45,5736.44,7646.55
300236.SZ,2013-01-04,13.38,13.38,12.89,13.16,5818.11,7612.87
300236.SZ,2013-01-07,13.05,13.55,13.0,13.47,8237.38,10895.07
300236.SZ,2013-01-08,13.66,13.66,13.28,13.38,5934.34,7986.76
300236.SZ,2013-01-09,13.25,13.41,13.18,13.28,4431.3,5891.07
300236.SZ,2013-01-10,13.27,13.46,13.15,13.33,3402.26,4522.92
300236.SZ,2013-01-11,13.4,13.62,13.24,13.6,12518.41,16845.42
300236.SZ,2013-01-14,13.68,13.99,13.49,13.92,17532.44,24006.84
300236.SZ,2013-01-15,13.95,14.2,13.7,14.1,12259.51,17063.8
300236.SZ,2013-01-16,14.19,14.19,13.53,13.7,8474.09,11714.06
300236.SZ,2013-01-17,13.7,13.77,13.22,13.4,6414.28,8626.81
300236.SZ,2013-01-18,13.45,13.63,13.32,13.63,5098.4,6884.19
300236.SZ,2013-01-21,13.6,13.98,13.53,13.73,6397.01,8741.5
300236.SZ,2013-01-22,13.63,13.65,12.98,13.27,8524.85,11332.58
300236.SZ,2013-01-23,13.03,13.21,12.92,13.15,4472.4,5835.48
300236.SZ,2013-01-24,13.02,13.27,12.76,12.85,5620.93,7328.2
300236.SZ,2013-01-25,12.99,13.38,12.85,13.23,8932.07,11788.99
300236.SZ,2013-01-28,13.3,13.57,13.21,13.48,5376.9,7212.19
300236.SZ,2013-01-29,13.49,13.67,13.32,13.5,5871.39,7897.34
300236.SZ,2013-01-30,13.5,13.52,13.15,13.34,3638.0,4840.13
300236.SZ,2013-01-31,13.31,13.34,13.08,13.2,2549.1,3356.65
300236.SZ,2013-02-01,13.2,13.42,13.18,13.28,3195.0,4242.53
300236.SZ,2013-02-04,13.3,13.49,13.26,13.4,3098.23,4136.15
300236.SZ,2013-02-05,13.4,13.76,13.32,13.7,7324.79,9916.62
300236.SZ,2013-02-06,13.75,13.76,13.55,13.63,3766.01,5126.93
300236.SZ,2013-02-07,13.63,13.86,13.58,13.85,4866.5,6707.84
300236.SZ,2013-02-08,13.71,13.94,13.71,13.82,4737.42,6563.9
300236.SZ,2013-02-18,13.81,13.89,13.7,13.85,4730.2,6530.32
300236.SZ,2013-02-19,13.85,13.85,13.58,13.67,3039.0,4162.62
300236.SZ,2013-02-20,13.61,13.9,13.55,13.86,5129.2,7045.46
300236.SZ,2013-02-21,13.82,14.05,13.65,13.73,7503.29,10373.62
300236.SZ,2013-02-22,13.69,13.82,13.53,13.56,3764.71,5146.03
300236.SZ,2013-02-25,13.56,13.77,13.5,13.7,2495.35,3408.46
300236.SZ,2013-02-26,13.55,13.99,13.48,13.5,3825.61,5229.04
300236.SZ,2013-02-27,13.64,13.73,13.46,13.56,3007.81,4085.62
300236.SZ,2013-02-28,13.56,13.76,13.49,13.74,4970.5,6774.53
300236.SZ,2013-03-01,13.75,14.15,13.73,14.02,10438.75,14509.96
300236.SZ,2013-03-04,13.95,14.08,13.42,13.6,6772.34,9311.97
300236.SZ,2013-03-05,13.62,14.08,13.52,14.02,8394.36,11660.19
300236.SZ,2013-03-06,14.08,14.6,14.04,14.38,10591.88,15211.94
300236.SZ,2013-03-07,14.37,14.48,13.91,13.98,7884.87,11171.88
300236.SZ,2013-03-08,14.04,14.22,13.94,14.05,3885.98,5474.85
300236.SZ,2013-03-11,14.16,14.18,13.83,13.92,2890.01,4024.5
300236.SZ,2013-03-12,13.95,14.09,13.15,13.25,6435.65,8702.86
300236.SZ,2013-03-13,13.25,13.45,13.12,13.39,3438.68,4567.96
300236.SZ,2013-03-14,13.35,13.4,13.23,13.23,2091.0,2783.73
300236.SZ,2013-03-15,13.29,13.45,13.1,13.29,3477.85,4630.0
300236.SZ,2013-04-26,14.62,14.62,14.62,14.62,4495.35,6572.2
300236.SZ,2013-05-02,15.0,16.0,14.68,15.61,40007.89,62045.73
300236.SZ,2013-05-03,15.44,16.4,15.38,15.89,32251.89,51355.69
300236.SZ,2013-05-06,15.94,16.23,15.44,16.11,28439.66,44922.55
300236.SZ,2013-05-07,16.08,16.26,15.71,16.12,27776.82,44483.7
300236.SZ,2013-05-08,16.29,16.3,15.61,15.82,17398.09,27608.25
300236.SZ,2013-05-09,15.7,15.98,15.48,15.79,13480.73,21182.09
300236.SZ,2013-05-10,15.77,15.87,15.5,15.8,9993.32,15653.99
300236.SZ,2013-05-13,15.72,15.79,15.46,15.62,9503.12,14811.43
300236.SZ,2013-05-14,15.6,15.6,15.11,15.39,11765.88,17933.68
300236.SZ,2013-05-15,15.48,15.67,15.22,15.54,10537.8,16231.06
300236.SZ,2013-05-16,15.54,15.68,15.33,15.57,11627.78,18014.5
300236.SZ,2013-05-17,15.5,15.75,15.32,15.5,7960.38,12365.82
300236.SZ,2013-05-20,15.74,16.36,15.56,16.36,20092.11,32346.63
300236.SZ,2013-05-21,16.36,16.48,15.92,16.25,11852.35,19168.32
300236.SZ,2013-05-22,16.36,16.43,15.51,15.58,8769.72,13889.74
300236.SZ,2013-05-23,15.52,15.75,15.26,15.59,4611.73,7183.01
300236.SZ,2013-05-24,15.55,15.89,15.44,15.89,7968.9,12468.22
300236.SZ,2013-05-27,15.86,16.26,15.7,15.86,6304.05,10073.31
300236.SZ,2013-05-28,15.82,15.98,15.28,15.66,7774.44,12156.89
300236.SZ,2013-05-29,15.51,15.69,15.33,15.66,4254.49,6603.37
300236.SZ,2013-05-30,15.61,15.68,15.43,15.55,3743.52,5810.61
300236.SZ,2013-05-31,15.58,15.67,15.34,15.52,6549.54,10155.56
300236.SZ,2013-06-03,15.42,15.56,15.3,15.35,4253.02,6548.5
300236.SZ,2013-06-04,15.2,15.4,14.91,15.0,3181.46,4808.54
300236.SZ,2013-06-05,15.0,15.25,14.9,15.15,3193.67,4822.24
300236.SZ,2013-06-06,15.2,15.25,14.79,14.81,3506.77,5266.98
300236.SZ,2013-06-07,14.97,15.0,14.73,14.92,2103.57,3130.72
300236.SZ,2013-06-13,14.63,14.81,14.4,14.74,1995.72,2919.07
300236.SZ,2013-06-14,14.87,15.3,14.8,15.19,3414.75,5171.15
300236.SZ,2013-06-17,15.32,15.42,15.11,15.16,3217.69,4932.1
300236.SZ,2013-06-18,15.2,15.41,15.1,15.2,3020.83,4592.5
300236.SZ,2013-06-19,15.05,15.18,14.78,15.16,1665.72,2506.65
300236.SZ,2013-06-20,15.16,15.21,14.68,14.68,2719.05,4050.01
300236.SZ,2013-06-21,14.34,14.73,14.2,14.67,2094.23,3022.93
300236.SZ,2013-06-24,14.67,14.68,13.82,14.01,2064.66,2913.81
300236.SZ,2013-06-25,13.57,14.25,12.76,13.66,4270.31,5730.15
300236.SZ,2013-06-26,13.7,14.2,13.51,14.16,3651.6,5096.66
300236.SZ,2013-06-27,14.44,14.44,13.9,14.0,3480.42,4946.56
300236.SZ,2013-06-28,13.85,14.19,13.7,14.02,1932.22,2691.42
300236.SZ,2013-07-01,14.01,14.42,14.0,14.4,2371.53,3366.75
300236.SZ,2013-07-02,14.4,14.64,14.31,14.6,3382.99,4911.38
300236.SZ,2013-07-03,14.54,14.68,14.31,14.68,2285.54,3326.63
300236.SZ,2013-07-04,14.6,14.78,14.52,14.72,2854.79,4189.25
300236.SZ,2013-07-05,14.74,14.74,14.08,14.11,2081.25,3000.55
300236.SZ,2013-07-08,14.1,14.1,13.4,13.4,3360.95,4598.92
300236.SZ,2013-07-09,13.98,13.98,13.27,13.55,1603.81,2149.77
300236.SZ,2013-07-10,13.5,13.98,13.4,13.88,1532.89,2091.47
300236.SZ,2013-07-11,13.8,14.33,13.75,14.26,2014.47,2844.1
300236.SZ,2013-07-12,14.25,14.48,13.95,14.1,3890.75,5546.05
300236.SZ,2013-07-15,13.92,14.41,13.88,14.41,2608.74,3718.23
300236.SZ,2013-07-16,14.32,14.46,14.19,14.4,2280.06,3262.75
300236.SZ,2013-07-17,14.4,14.48,14.25,14.34,2929.13,4206.84
300236.SZ,2013-07-18,14.48,14.67,14.13,14.5,3245.93,4698.93
300236.SZ,2013-07-19,14.49,14.8,14.37,14.48,4565.86,6654.36
300236.SZ,2013-07-22,14.21,15.09,14.21,15.02,6587.93,9838.67
300236.SZ,2013-07-23,15.0,15.45,14.87,15.33,8808.14,13490.95
300236.SZ,2013-07-24,15.3,15.5,15.07,15.39,9361.71,14355.43
300236.SZ,2013-07-25,15.4,15.53,14.82,14.94,5143.51,7758.31
300236.SZ,2013-07-26,14.8,15.27,14.79,15.24,5709.79,8610.09
300236.SZ,2013-07-29,15.24,15.34,14.93,15.0,5883.22,8868.34
300236.SZ,2013-07-30,14.99,15.09,14.55,14.76,4520.51,6714.68
300236.SZ,2013-07-31,14.7,14.98,14.6,14.81,2030.11,3007.03
300236.SZ,2013-08-01,14.72,15.87,14.72,15.69,21512.18,32900.57
300236.SZ,2013-08-02,15.72,15.72,15.39,15.41,11678.91,18132.0
300236.SZ,2013-08-05,15.33,15.99,15.33,15.83,10893.88,17110.4
300236.SZ,2013-08-06,15.63,15.92,15.54,15.74,6223.97,9768.03
300236.SZ,2013-08-07,16.55,17.31,16.43,17.31,14120.08,24092.53
300236.SZ,2013-08-08,18.05,19.04,18.03,19.04,100230.43,190211.04
300236.SZ,2013-08-09,19.04,20.94,18.73,20.94,113374.65,224379.78
300236.SZ,2013-08-12,20.6,20.75,19.3,20.1,81648.18,163288.05
300236.SZ,2013-08-13,19.84,20.48,19.51,19.86,57432.87,114593.49
300236.SZ,2013-08-14,19.71,20.44,19.0,20.13,57049.18,112677.83
300236.SZ,2013-08-22,21.0,22.14,20.5,22.14,83195.84,182194.8
300236.SZ,2013-08-23,22.13,22.16,20.22,20.92,64823.61,137150.04
300236.SZ,2013-08-26,20.5,22.04,20.4,21.43,44993.9,95939.43
300236.SZ,2013-08-27,22.05,23.57,21.93,22.46,60716.84,138196.46
300236.SZ,2013-08-28,21.91,23.23,21.5,22.53,46942.2,104219.29
300236.SZ,2013-08-29,21.92,22.5,21.5,22.02,28068.2,61524.91
300236.SZ,2013-08-30,22.02,22.02,20.01,20.26,33680.55,70111.06
300236.SZ,2013-09-02,20.02,20.94,19.91,20.81,16226.21,33250.63
300236.SZ,2013-09-03,20.88,21.9,20.85,21.5,25903.79,55715.16
300236.SZ,2013-09-04,21.15,23.65,21.15,23.65,38110.37,86961.91
300236.SZ,2013-09-05,24.2,25.98,24.0,24.7,66554.15,167096.08
300236.SZ,2013-09-06,25.07,25.2,24.31,25.08,32540.04,80786.22
300236.SZ,2013-09-09,24.91,25.15,23.95,25.08,33574.85,82394.8
300236.SZ,2013-09-10,25.13,25.58,24.5,25.47,30394.29,75904.93
300236.SZ,2013-09-11,25.05,25.23,23.7,24.81,18374.98,45262.92
300236.SZ,2013-09-12,24.7,25.55,24.11,24.69,15370.34,38368.45
300236.SZ,2013-09-13,24.6,27.16,24.2,27.16,32752.23,86959.73
300236.SZ,2013-09-16,27.42,29.88,26.77,29.8,33356.2,95512.84
300236.SZ,2013-09-17,29.8,31.93,29.0,31.18,32208.6,98364.64
300236.SZ,2013-09-18,31.5,32.5,29.7,30.85,26312.28,82075.72
300236.SZ,2013-09-23,30.8,33.68,30.32,33.35,23304.61,74254.56
300236.SZ,2013-09-24,33.6,34.2,31.5,32.45,27184.5,88211.16
300236.SZ,2013-09-25,32.0,32.29,31.0,31.38,23266.97,73355.17
300236.SZ,2013-09-26,31.3,32.64,30.8,31.61,17286.36,54832.07
300236.SZ,2013-09-27,31.21,33.78,31.18,31.67,15314.33,49483.06
300236.SZ,2013-09-30,31.67,31.67,29.1,31.2,17197.57,52482.92
300236.SZ,2013-10-08,30.95,30.95,29.8,30.6,12610.46,38369.87
300236.SZ,2013-10-09,30.89,33.66,30.36,33.5,24709.76,79872.81
300236.SZ,2013-10-10,32.8,32.82,31.3,32.0,16267.48,52103.83
300236.SZ,2013-10-11,32.0,34.25,31.97,33.87,19591.1,64919.15
300236.SZ,2013-10-14,33.02,37.17,32.5,36.84,19297.63,68971.29
300236.SZ,2013-10-15,36.8,37.88,34.91,36.79,17743.58,64340.05
300236.SZ,2013-10-16,36.79,38.49,34.8,36.85,15366.56,55930.05
300236.SZ,2013-10-17,36.95,38.78,33.98,34.7,19032.67,67567.01
300236.SZ,2013-10-18,34.15,37.21,32.8,36.2,20187.27,70040.51
300236.SZ,2013-10-21,36.0,37.0,35.0,36.39,12062.32,43423.87
300236.SZ,2013-10-22,36.0,36.99,32.75,32.75,17275.78,58854.69
300236.SZ,2013-10-23,32.29,33.0,30.5,30.87,13762.07,42878.06
300236.SZ,2013-10-24,30.55,31.4,30.3,30.95,7813.73,24139.05
300236.SZ,2013-10-25,30.84,30.94,28.88,29.3,10883.33,32096.64
300236.SZ,2013-10-28,29.2,30.77,28.6,30.28,10352.01,30920.74
300236.SZ,2013-10-29,30.3,30.75,28.04,29.7,8387.19,24740.7
300236.SZ,2013-10-30,29.4,30.42,29.04,29.8,4556.43,13602.9
300236.SZ,2013-10-31,29.4,30.0,28.44,29.2,3964.15,11536.67
300236.SZ,2013-11-01,29.45,30.0,28.86,29.21,6881.7,20285.96
300236.SZ,2013-11-04,29.25,29.62,28.8,29.38,4790.24,14005.34
300236.SZ,2013-11-05,28.81,29.99,28.71,29.62,4844.38,14341.55
300236.SZ,2013-11-06,29.79,29.8,28.8,29.27,4405.99,12938.93
300236.SZ,2013-11-07,28.99,29.64,28.8,29.05,3981.72,11610.47
300236.SZ,2013-11-08,29.1,29.1,27.3,28.0,7407.43,20645.26
300236.SZ,2013-11-11,27.81,28.75,26.8,28.6,5150.06,14434.28
300236.SZ,2013-11-12,28.47,31.46,28.25,30.75,11638.3,35043.91
300236.SZ,2013-11-13,30.75,31.95,30.12,31.16,7464.25,23262.73
300236.SZ,2013-11-14,31.18,33.45,30.72,33.41,12918.47,41742.91
300236.SZ,2013-11-15,33.39,35.95,32.88,35.08,22387.71,76956.87
300236.SZ,2013-11-18,34.66,35.89,34.2,34.51,9539.94,33294.96
300236.SZ,2013-11-19,34.3,35.2,33.63,34.29,7456.55,25480.07
300236.SZ,2013-11-20,34.6,36.68,34.6,36.14,16945.5,60494.33
300236.SZ,2013-11-21,35.8,36.1,35.05,35.29,6262.82,22222.03
300236.SZ,2013-11-22,34.71,36.0,34.68,34.96,4955.54,17387.54
300236.SZ,2013-11-25,34.5,34.98,32.63,32.63,9979.29,33557.72
300236.SZ,2013-11-26,32.87,35.89,32.3,35.89,15008.28,52057.79
300236.SZ,2013-11-27,37.3,38.5,36.63,37.4,23066.51,86142.98
300236.SZ,2013-11-28,37.76,41.14,37.05,41.14,22427.7,88180.17
300236.SZ,2013-11-29,43.35,45.25,43.29,45.25,27286.62,122147.52
300236.SZ,2013-12-02,42.43,48.5,42.0,42.0,57758.9,265007.76
300236.SZ,2013-12-03,42.5,46.0,39.0,43.9,45119.31,192188.05
300236.SZ,2013-12-04,42.5,46.62,41.62,42.11,39020.73,171707.6
300236.SZ,2013-12-05,39.71,41.89,38.8,39.17,24510.69,99207.54
300236.SZ,2013-12-06,40.45,40.45,35.25,35.25,49754.53,182086.16
300236.SZ,2013-12-09,34.92,37.88,34.7,36.2,41775.32,152298.67
300236.SZ,2013-12-10,36.39,37.39,35.0,36.18,19808.88,71412.3
300236.SZ,2013-12-11,35.55,36.5,35.55,36.2,11759.44,42461.61
300236.SZ,2013-12-12,36.4,37.43,36.11,36.63,15338.51,56586.8
300236.SZ,2013-12-13,36.0,38.87,35.73,38.25,22180.18,83733.53
300236.SZ,2013-12-16,38.0,38.5,36.56,36.99,19533.09,72871.18
300236.SZ,2013-12-17,36.96,37.65,35.66,36.09,12887.98,46841.09
300236.SZ,2013-12-18,35.88,36.11,34.6,35.35,8499.43,29838.3
300236.SZ,2013-12-19,35.35,37.88,35.35,37.88,17118.08,62867.06
300236.SZ,2013-12-20,37.57,40.97,37.21,39.02,24355.49,95926.07
300236.SZ,2013-12-23,38.95,39.3,35.9,38.15,12422.57,47193.2
300236.SZ,2013-12-24,38.0,41.97,37.55,41.97,19571.52,79757.54
300236.SZ,2013-12-25,43.1,44.43,41.23,42.21,30011.34,128461.01
300236.SZ,2013-12-26,42.38,42.5,40.0,41.11,19116.6,78423.76
300236.SZ,2013-12-27,40.3,42.62,40.18,42.2,19789.44,82747.85
300236.SZ,2013-12-30,42.35,43.8,40.3,41.2,14927.13,62144.57
300236.SZ,2014-01-02,40.45,41.98,39.4,41.42,12316.69,50501.9
300236.SZ,2014-01-03,41.5,42.5,40.38,40.5,8764.42,35990.0
300236.SZ,2014-01-06,40.2,40.79,36.51,36.86,11660.69,44872.05
300236.SZ,2014-01-07,36.55,37.58,36.13,36.93,7382.64,27253.31
300236.SZ,2014-01-08,37.47,38.8,37.07,37.5,9718.14,36767.37
300236.SZ,2014-01-09,37.89,39.95,37.5,38.53,15943.77,62150.31
300236.SZ,2014-01-10,38.2,38.97,35.58,36.32,10774.04,39738.28
300236.SZ,2014-01-13,36.4,36.86,35.58,36.8,4992.56,18185.97
300236.SZ,2014-01-14,36.9,39.3,36.9,39.1,9829.7,37856.18
300236.SZ,2014-01-15,39.16,39.47,38.58,38.99,5845.68,22766.98
300236.SZ,2014-01-16,38.88,39.35,37.2,37.75,10764.32,40978.55
300236.SZ,2014-01-17,37.55,38.79,36.75,38.18,9469.78,36204.76
300236.SZ,2014-01-20,37.77,38.18,35.1,36.5,8263.7,30335.08
300236.SZ,2014-01-21,36.8,38.28,36.5,37.66,8372.07,31280.32
300236.SZ,2014-01-22,37.9,38.36,36.56,37.39,9990.58,37213.04
300236.SZ,2014-01-23,37.01,39.5,37.01,37.8,11680.55,44447.84
300236.SZ,2014-01-24,37.4,39.3,37.14,39.0,13467.49,52154.26
300236.SZ,2014-01-27,39.18,41.47,38.6,41.19,22614.71,91294.33
300236.SZ,2014-01-28,41.0,42.0,40.01,40.89,17638.29,72149.01
300236.SZ,2014-01-29,40.8,42.42,40.3,42.24,17019.1,70884.69
300236.SZ,2014-01-30,42.25,43.35,39.6,39.68,12738.48,52238.82
300236.SZ,2014-02-07,39.2,39.47,38.3,39.22,8477.8,33107.07
300236.SZ,2014-02-10,39.32,40.93,38.51,40.4,9975.09,39596.04
300236.SZ,2014-02-11,40.4,40.7,39.03,39.8,9463.45,37718.48
300236.SZ,2014-02-12,39.86,42.7,39.6,42.65,23253.64,96787.33
300236.SZ,2014-02-13,42.76,42.76,40.09,40.09,12610.9,52218.92
300236.SZ,2014-02-14,40.6,41.41,40.09,41.0,11358.24,46249.32
300236.SZ,2014-02-17,40.99,42.5,40.6,42.19,10421.68,43439.81
300236.SZ,2014-02-18,42.62,44.18,42.09,43.0,16647.12,71916.41
300236.SZ,2014-02-19,42.71,42.9,41.5,42.0,8709.37,36497.94
300236.SZ,2014-02-20,41.52,43.24,41.39,42.12,7351.09,31211.22
300236.SZ,2014-02-21,41.54,42.14,40.15,40.53,8183.02,33434.54
300236.SZ,2014-02-24,40.02,40.79,38.41,38.67,19441.33,75717.63
300236.SZ,2014-02-25,39.0,39.7,34.8,34.88,16821.67,62545.76
300236.SZ,2014-02-26,34.3,35.78,32.0,35.69,13607.5,46054.3
300236.SZ,2014-02-27,35.6,36.39,32.23,32.35,12005.23,41373.4
300236.SZ,2014-02-28,31.82,35.5,31.82,34.2,5411.07,18108.47
300236.SZ,2014-03-03,34.2,35.14,33.5,35.12,6161.12,21230.6
300236.SZ,2014-03-04,35.17,35.95,34.2,34.75,7418.86,25869.93
300236.SZ,2014-03-05,35.47,35.47,34.14,34.73,4521.89,15610.68
300236.SZ,2014-03-06,34.7,35.4,34.33,34.84,4119.12,14378.23
300236.SZ,2014-03-07,34.6,35.44,34.42,35.06,2851.89,9996.41
300236.SZ,2014-03-10,35.02,35.05,32.7,32.9,3394.39,11385.44
300236.SZ,2014-03-11,33.0,33.59,30.73,32.68,7918.96,25150.32
300236.SZ,2014-03-12,32.68,32.68,31.8,32.47,2393.48,7679.98
300236.SZ,2014-03-13,32.57,34.2,32.03,34.08,4421.49,14841.79
300236.SZ,2014-03-14,33.56,35.68,33.56,34.45,3820.71,13272.83
300236.SZ,2014-03-17,34.82,35.11,34.03,34.55,3438.35,11828.84
300236.SZ,2014-03-18,34.79,35.24,33.55,34.27,3155.7,10915.88
300236.SZ,2014-03-19,34.28,34.48,32.66,32.67,4595.05,15214.97
300236.SZ,2014-03-20,32.67,34.29,32.0,32.0,3001.41,9876.1
300236.SZ,2014-03-21,31.88,32.59,30.51,32.4,3015.66,9495.53
300236.SZ,2014-03-24,32.39,33.18,30.98,31.13,4112.1,12909.76
300236.SZ,2014-03-25,31.15,31.87,28.1,31.29,3643.83,11301.16
300236.SZ,2014-03-26,31.25,32.68,30.89,31.7,4574.74,14651.08
300236.SZ,2014-03-27,31.25,31.39,28.9,29.03,8814.07,26489.49
300236.SZ,2014-03-28,28.98,29.45,28.59,28.77,2862.58,8279.38
300236.SZ,2014-03-31,28.86,29.8,28.2,29.7,8606.26,25228.27
300236.SZ,2014-04-01,29.11,30.88,29.11,30.42,5048.26,15274.32
300236.SZ,2014-04-02,30.08,30.08,27.8,28.23,6312.99,18035.2
300236.SZ,2014-04-03,28.49,28.6,27.7,28.01,4539.37,12748.79
300236.SZ,2014-04-04,28.09,28.67,27.71,28.29,2321.08,6546.17
300236.SZ,2014-04-08,28.0,28.28,27.0,28.13,5134.51,14138.41
300236.SZ,2014-04-09,27.96,29.48,27.96,28.85,6512.11,18694.89
300236.SZ,2014-04-10,28.8,29.51,28.77,29.51,6037.93,17669.37
300236.SZ,2014-04-11,29.47,29.47,28.85,29.17,2470.68,7169.91
300236.SZ,2014-04-14,29.17,30.0,29.1,29.29,4203.25,12346.59
300236.SZ,2014-04-15,28.88,31.0,28.85,29.45,4990.4,14888.04
300236.SZ,2014-04-16,29.25,29.6,29.12,29.23,1606.69,4701.54
300236.SZ,2014-04-17,29.42,29.9,29.21,29.6,3530.91,10452.65
300236.SZ,2014-04-18,29.32,29.75,29.1,29.35,3067.26,9001.76
300236.SZ,2014-04-22,28.98,28.98,26.65,26.84,8093.75,22371.9
300236.SZ,2014-04-23,26.84,27.18,25.1,25.6,5239.16,13644.03
300236.SZ,2014-04-24,25.72,26.58,25.25,26.47,4894.61,12812.49
300236.SZ,2014-04-25,26.6,26.92,25.99,26.4,5808.01,15493.56
300236.SZ,2014-04-28,26.4,26.4,25.15,25.16,6862.21,17470.11
300236.SZ,2014-04-29,25.22,25.69,24.87,25.69,1658.58,4196.99
300236.SZ,2014-04-30,25.69,26.88,25.69,26.28,1884.04,4943.48
300236.SZ,2014-05-05,26.5,26.8,26.28,26.58,2068.08,5489.27
300236.SZ,2014-05-06,27.0,27.53,26.59,27.03,3693.95,10043.19
300236.SZ,2014-05-07,27.17,27.17,25.6,26.05,2443.07,6471.72
300236.SZ,2014-05-08,26.04,26.49,25.65,25.9,1287.58,3345.89
300236.SZ,2014-05-09,25.7,26.09,24.3,24.94,2544.33,6460.38
300236.SZ,2014-05-12,25.03,25.78,25.03,25.51,2431.92,6159.89
300236.SZ,2014-05-13,25.63,26.38,25.38,25.6,2902.21,7528.57
300236.SZ,2014-05-14,25.48,26.05,25.14,25.6,1966.44,5020.72
300236.SZ,2014-05-15,25.6,25.89,24.5,24.54,2411.73,6047.42
300236.SZ,2014-05-16,24.4,24.74,22.92,23.3,5088.86,11937.39
300236.SZ,2014-05-19,23.2,23.65,22.91,23.29,3264.48,7578.94
300236.SZ,2014-05-20,23.9,24.23,23.47,23.58,2423.03,5766.43
300236.SZ,2014-05-21,23.55,24.52,23.3,24.51,4881.83,11715.93
300236.SZ,2014-05-22,24.43,25.5,24.39,25.2,5722.15,14388.86
300236.SZ,2014-05-23,27.72,27.72,27.72,27.72,3212.25,8904.36
300236.SZ,2014-05-26,29.99,30.49,29.9,30.49,7109.16,21517.63
300236.SZ,2014-05-27,32.67,32.67,29.6,31.48,27930.74,86475.18
300236.SZ,2014-05-28,31.21,31.79,29.9,31.15,22304.83,68609.02
300236.SZ,2014-05-29,31.0,34.27,30.76,33.17,36716.17,120763.33
300236.SZ,2014-05-30,32.58,33.52,32.21,32.7,16218.64,53184.48
300236.SZ,2014-06-03,32.95,34.0,31.6,31.8,13750.15,45309.62
300236.SZ,2014-06-04,32.04,32.27,30.51,31.5,14701.2,45766.09
300236.SZ,2014-06-05,32.44,32.44,30.66,31.32,11113.33,34519.38
300236.SZ,2014-06-06,31.2,31.7,29.81,30.28,16913.41,51793.5
300236.SZ,2014-06-09,30.4,30.58,29.67,30.05,9673.04,29000.31
300236.SZ,2014-06-10,30.0,31.05,29.61,30.88,18815.89,57259.29
300236.SZ,2014-06-11,30.99,30.99,30.2,30.28,11943.67,36385.78
300236.SZ,2014-06-12,30.56,30.86,29.9,30.6,9039.08,27471.8
300236.SZ,2014-06-13,31.06,32.5,30.53,32.13,24442.77,77517.01
300236.SZ,2014-06-16,32.0,32.88,31.28,32.76,16581.13,52858.67
300236.SZ,2014-06-17,32.78,32.78,31.51,31.78,10038.3,32153.07
300236.SZ,2014-06-18,31.82,31.87,30.2,30.3,8671.6,26784.86
300236.SZ,2014-06-19,30.21,30.21,28.6,28.97,11349.17,33528.12
300236.SZ,2014-06-20,29.2,29.6,28.8,29.36,3879.65,11342.56
300236.SZ,2014-06-23,29.82,30.39,29.48,30.39,9153.35,27524.94
300236.SZ,2014-06-24,30.5,30.5,29.52,30.08,6103.03,18340.85
300236.SZ,2014-06-25,30.9,31.55,29.83,30.1,7264.44,22204.65
300236.SZ,2014-06-26,29.72,30.7,29.32,30.45,10897.99,32987.35
300236.SZ,2014-06-27,30.58,30.75,29.72,29.95,8924.02,26736.68
300236.SZ,2014-06-30,29.95,31.87,29.72,31.75,15155.13,47071.28
300236.SZ,2014-07-01,31.8,32.5,30.9,32.3,11692.59,36775.87
300236.SZ,2014-07-02,32.1,32.28,31.0,31.35,17841.76,56785.96
300236.SZ,2014-07-03,31.3,34.49,30.34,31.8,28936.45,94011.21
300236.SZ,2014-07-04,32.09,32.19,30.75,30.83,15254.37,47802.17
300236.SZ,2014-07-07,30.7,31.46,29.76,29.8,13757.13,41539.73
300236.SZ,2014-07-08,29.95,30.34,29.7,30.21,8387.36,25226.43
300236.SZ,2014-07-09,30.24,30.24,28.85,28.89,9834.79,29021.52
300236.SZ,2014-07-10,29.11,29.48,28.9,29.0,6014.61,17575.1
300236.SZ,2014-07-11,29.2,29.58,28.92,29.01,4526.4,13200.13
300236.SZ,2014-07-14,29.6,29.81,29.01,29.75,5590.76,16485.41
300236.SZ,2014-07-15,30.5,32.73,30.5,32.73,40208.09,130499.15
300236.SZ,2014-07-16,33.0,33.3,31.21,31.6,22220.91,71101.71
300236.SZ,2014-07-17,31.5,32.15,30.89,31.85,9981.36,31649.59
300236.SZ,2014-07-18,31.8,31.9,30.69,30.79,8657.83,26997.32
300236.SZ,2014-07-21,30.62,30.98,30.07,30.7,4383.09,13355.25
300236.SZ,2014-07-22,30.68,32.0,30.13,31.72,7487.7,23493.18
300236.SZ,2014-07-23,31.69,31.85,30.56,31.1,5936.36,18494.4
300236.SZ,2014-07-24,31.1,31.28,29.62,30.45,7929.05,24009.37
300236.SZ,2014-07-25,30.68,30.79,29.87,30.4,5198.85,15690.57
300236.SZ,2014-07-28,30.21,31.0,30.1,30.98,6156.46,18895.94
300236.SZ,2014-07-29,31.1,31.85,30.7,31.45,9047.21,28381.93
300236.SZ,2014-07-30,31.45,31.82,30.87,31.75,6326.69,19786.26
300236.SZ,2014-07-31,31.7,32.5,31.33,31.77,8172.81,26034.43
300236.SZ,2014-08-01,31.99,32.0,31.0,31.12,6526.82,20569.5
300236.SZ,2014-08-04,31.39,31.59,30.88,31.35,4022.49,12547.66
300236.SZ,2014-08-05,31.21,32.43,31.21,31.79,12942.34,41203.08
300236.SZ,2014-08-06,31.82,33.18,31.64,33.04,23359.04,75869.31
300236.SZ,2014-08-07,33.05,33.64,32.51,32.78,12433.69,41106.08
300236.SZ,2014-08-08,32.78,35.65,32.78,34.76,24468.98,84687.3
300236.SZ,2014-08-11,35.1,38.0,34.4,38.0,24918.25,90540.03
300236.SZ,2014-08-12,38.76,38.99,37.0,38.05,19078.44,72649.13
300236.SZ,2014-08-13,37.78,38.0,36.35,37.9,14011.79,52031.19
300236.SZ,2014-08-14,37.4,38.9,36.74,37.25,11927.93,44672.48
300236.SZ,2014-08-15,37.49,37.49,35.97,36.4,16847.63,61229.81
300236.SZ,2014-08-18,36.4,37.36,36.02,36.93,9526.82,35143.62
300236.SZ,2014-08-19,36.93,37.34,36.19,37.34,7315.19,26851.63
300236.SZ,2014-08-20,37.05,37.05,35.01,35.13,15524.23,55850.62
300236.SZ,2014-08-21,35.1,35.92,34.27,35.07,11055.85,38482.98
300236.SZ,2014-08-22,35.2,36.95,35.1,36.9,16192.42,58669.51
300236.SZ,2014-08-25,36.97,37.68,36.6,37.18,10335.97,38334.55
300236.SZ,2014-08-26,37.2,37.5,35.58,35.92,5475.84,19816.75
300236.SZ,2014-08-27,35.92,36.8,35.56,36.55,3433.75,12396.93
300236.SZ,2014-08-28,36.46,37.45,36.05,36.79,7201.1,26436.21
300236.SZ,2014-08-29,36.39,38.9,36.39,38.76,13406.65,51110.43
300236.SZ,2014-09-01,38.76,39.6,37.91,39.2,14069.38,54427.95
300236.SZ,2014-09-02,39.2,39.86,38.52,39.36,10955.78,43020.37
300236.SZ,2014-09-03,39.36,39.55,38.65,38.89,10487.7,40908.55
300236.SZ,2014-09-04,39.0,39.78,37.8,38.75,7119.75,27574.0
300236.SZ,2014-09-05,40.89,42.0,39.78,40.68,17573.23,71649.26
300236.SZ,2014-09-09,40.11,40.85,39.5,40.68,10575.79,42462.66
300236.SZ,2014-09-10,40.85,40.85,39.35,39.83,13203.46,52415.96
300236.SZ,2014-09-11,39.51,40.48,38.19,38.22,10237.64,40066.95
300236.SZ,2014-09-12,37.7,39.07,37.7,38.89,7395.26,28518.54
300236.SZ,2014-09-15,38.88,39.34,38.38,39.1,10499.82,40745.78
300236.SZ,2014-09-16,38.9,39.3,37.62,38.0,8678.7,33385.12
300236.SZ,2014-09-17,38.36,38.36,37.12,37.25,8329.0,31304.5
300236.SZ,2014-09-18,36.0,37.88,36.0,37.51,5489.34,20465.1
300236.SZ,2014-09-19,37.5,37.99,37.31,37.89,4274.88,16101.34
300236.SZ,2014-09-22,37.63,38.18,36.93,38.18,6068.89,22834.23
300236.SZ,2014-09-23,38.18,38.88,37.69,38.87,5708.1,21973.33
300236.SZ,2014-09-24,39.88,39.9,38.88,39.5,8621.07,34123.0
300236.SZ,2014-09-25,39.2,40.0,38.81,38.87,8744.78,34429.58
300236.SZ,2014-09-26,39.22,39.45,38.13,38.25,6704.68,25841.66
300236.SZ,2014-09-29,38.3,39.18,38.3,39.05,5302.22,20560.71
300236.SZ,2014-09-30,39.5,40.21,39.1,39.8,8904.77,35428.77
300236.SZ,2014-10-08,39.88,40.78,39.7,40.36,7578.68,30548.59
300236.SZ,2014-10-09,40.78,40.78,39.0,39.73,7364.33,29310.77
300236.SZ,2014-10-10,39.52,42.28,39.09,40.5,9826.15,40234.2
300236.SZ,2014-10-13,40.0,40.5,38.8,39.29,11770.99,46397.46
300236.SZ,2014-10-14,39.26,40.29,38.88,39.3,6799.51,26870.46
300236.SZ,2014-10-15,40.0,40.25,38.6,39.3,12023.38,47235.69
300236.SZ,2014-10-16,39.28,39.28,36.98,37.09,15712.42,59575.34
300236.SZ,2014-10-17,37.11,37.57,36.59,37.19,9962.0,36878.72
300236.SZ,2014-10-20,37.54,37.56,37.0,37.09,6679.05,24951.42
300236.SZ,2014-10-21,37.09,37.5,37.0,37.19,5655.62,21056.33
300236.SZ,2014-10-22,37.4,38.4,37.1,37.5,7344.08,27613.77
300236.SZ,2014-10-23,37.3,37.72,35.2,36.45,13194.23,47921.11
300236.SZ,2014-10-24,36.3,36.72,35.72,35.9,5062.5,18347.61
300236.SZ,2014-10-27,36.2,36.45,35.4,36.19,4308.08,15531.44
300236.SZ,2014-10-28,36.19,36.96,36.19,36.76,6906.09,25353.51
300236.SZ,2014-10-29,37.03,37.22,36.5,36.75,10884.4,40115.31
300236.SZ,2014-10-30,36.78,36.95,35.65,35.98,12657.34,45632.98
300236.SZ,2014-10-31,36.19,36.19,35.35,35.77,7360.53,26243.49
300236.SZ,2014-11-03,35.88,37.05,35.55,36.94,12082.5,44124.85
300236.SZ,2014-11-04,36.94,37.91,36.64,36.89,10822.37,40117.11
300236.SZ,2014-11-05,36.89,37.18,36.68,36.96,5383.13,19889.9
300236.SZ,2014-11-06,36.75,37.8,36.75,37.8,13543.73,50736.4
300236.SZ,2014-11-07,37.8,40.0,37.8,38.2,16629.12,64865.59
300236.SZ,2014-11-10,38.22,39.0,37.52,37.59,7853.83,29773.43
300236.SZ,2014-11-11,37.6,37.94,35.01,35.35,14372.31,51406.46
300236.SZ,2014-11-12,35.2,35.95,35.18,35.62,7897.74,28028.92
300236.SZ,2014-11-13,35.63,36.45,33.8,35.89,15011.69,52542.85
300236.SZ,2014-11-14,35.9,35.9,35.0,35.37,6156.22,21763.96
300236.SZ,2014-11-17,35.38,35.88,34.96,35.59,5986.13,21253.09
300236.SZ,2014-11-18,35.59,36.36,35.37,35.6,6417.1,23042.75
300236.SZ,2014-11-19,35.3,36.35,35.3,36.0,7738.5,27894.75
300236.SZ,2014-11-20,35.75,35.86,35.3,35.65,6447.66,22875.59
300236.SZ,2014-11-21,35.48,36.45,35.4,36.38,11812.93,42650.24
300236.SZ,2014-11-24,36.61,36.61,35.68,36.36,9287.75,33589.71
300236.SZ,2014-11-25,36.23,39.48,36.0,38.2,19620.39,74302.03
300236.SZ,2014-11-26,37.7,38.4,37.7,38.16,9571.93,36453.93
300236.SZ,2014-11-27,38.25,38.87,37.8,38.4,7425.8,28419.03
300236.SZ,2014-11-28,37.9,39.1,37.9,38.85,10507.39,40581.72
300236.SZ,2014-12-01,38.06,38.78,36.41,36.85,17004.1,63881.36
300236.SZ,2014-12-02,36.55,37.36,36.55,36.98,7581.34,28107.78
300236.SZ,2014-12-03,36.83,37.51,35.77,37.0,10294.62,37741.73
300236.SZ,2014-12-04,37.0,38.9,37.0,38.27,15531.9,59346.4
300236.SZ,2014-12-05,38.0,38.05,35.89,36.5,10575.1,38795.54
300236.SZ,2014-12-08,36.5,38.5,35.6,36.59,14762.71,54657.06
300236.SZ,2014-12-09,35.66,36.8,32.93,32.93,19295.77,67098.28
300236.SZ,2014-12-10,32.9,33.8,31.66,33.1,14579.84,47900.83
300236.SZ,2014-12-11,33.3,33.59,33.0,33.3,6995.13,23222.6
300236.SZ,2014-12-12,33.31,34.14,33.1,33.9,9147.37,30825.25
300236.SZ,2014-12-15,33.9,35.2,33.9,35.04,7255.88,25265.31
300236.SZ,2014-12-16,35.04,35.55,34.2,35.01,4920.06,17131.31
300236.SZ,2014-12-17,34.9,35.71,34.81,35.03,6685.92,23595.15
300236.SZ,2014-12-18,35.18,35.9,34.69,35.39,4183.56,14818.0
300236.SZ,2014-12-19,35.0,35.8,33.11,33.89,5500.21,18906.96
300236.SZ,2014-12-22,33.51,33.51,30.5,30.5,14348.25,44450.19
300236.SZ,2014-12-23,30.6,30.89,28.86,28.93,11326.68,33446.14
300236.SZ,2014-12-24,29.4,30.6,29.02,30.15,12315.64,36696.53
300236.SZ,2014-12-25,30.15,31.99,30.15,30.95,12629.44,39122.31
300236.SZ,2014-12-26,30.66,31.5,30.0,30.6,5317.15,16265.22
300236.SZ,2014-12-29,30.25,30.96,29.66,30.23,7063.22,21436.42
300236.SZ,2014-12-30,29.61,30.86,29.3,29.35,6997.13,20929.49
300236.SZ,2015-01-05,29.5,29.7,27.58,28.9,9586.89,27378.34
300236.SZ,2015-01-06,28.6,30.48,28.6,30.45,7207.47,21308.24
300236.SZ,2015-01-07,30.5,30.99,29.35,30.25,7919.8,23967.02
300236.SZ,2015-01-08,30.28,32.8,30.28,32.3,12747.66,40307.3
300236.SZ,2015-01-09,32.06,32.06,31.19,31.2,6250.0,19717.43
300236.SZ,2015-01-12,30.51,31.0,29.4,30.06,5313.01,16140.95
300236.SZ,2015-01-13,29.51,31.5,29.5,31.47,9253.07,28331.11
300236.SZ,2015-01-14,31.66,31.78,30.52,30.97,3111.0,9637.64
300236.SZ,2015-01-15,30.9,31.5,30.65,31.0,2815.7,8768.4
300236.SZ,2015-01-16,31.17,31.92,30.67,31.68,3169.22,9954.21
300236.SZ,2015-01-19,31.05,32.48,30.5,31.23,5173.27,16446.22
300236.SZ,2015-01-20,31.75,33.03,31.24,32.76,7640.71,24745.07
300236.SZ,2015-01-21,32.9,35.5,32.5,34.03,13496.62,46164.3
300236.SZ,2015-01-22,34.1,35.6,33.31,35.01,14293.13,49691.35
300236.SZ,2015-01-23,34.51,35.16,34.0,34.99,6353.48,22113.59
300236.SZ,2015-01-26,34.99,35.19,34.3,35.01,4408.51,15304.62
300236.SZ,2015-01-27,34.7,35.68,33.11,34.48,11410.45,39295.91
300236.SZ,2015-01-28,34.0,34.79,33.57,34.61,5990.75,20517.29
300236.SZ,2015-01-29,34.4,34.52,33.88,34.4,4292.52,14722.15
300236.SZ,2015-01-30,34.4,37.6,34.4,36.05,19699.95,71769.02
300236.SZ,2015-02-02,35.2,36.55,34.85,35.8,5985.31,21449.12
300236.SZ,2015-02-03,35.41,37.8,35.0,37.53,14578.78,53919.27
300236.SZ,2015-02-04,37.4,37.41,36.5,37.01,7108.06,26234.97
300236.SZ,2015-02-05,37.01,38.0,36.51,36.87,5683.69,21251.51
300236.SZ,2015-02-06,36.57,36.86,34.6,35.61,9264.01,33022.06
300236.SZ,2015-02-09,35.59,36.0,34.75,35.61,6776.34,24125.21
300236.SZ,2015-02-10,35.08,35.8,33.81,34.83,9343.0,32184.79
300236.SZ,2015-02-11,35.1,36.5,34.62,36.5,9945.58,35153.4
300236.SZ,2015-02-12,36.27,38.48,35.91,37.83,14998.45,56641.11
300236.SZ,2015-02-13,37.84,41.1,37.84,41.0,26794.33,106287.59
300236.SZ,2015-02-16,40.63,45.1,40.22,45.1,29674.23,127320.77
300236.SZ,2015-02-17,46.29,49.13,45.0,47.37,21980.09,103224.0
300236.SZ,2015-02-25,47.62,49.36,44.3,44.32,14580.52,68020.84
300236.SZ,2015-02-26,44.3,45.8,43.0,43.74,13526.64,59361.46
300236.SZ,2015-02-27,44.0,47.0,43.18,46.0,13219.17,60084.21
300236.SZ,2015-03-02,46.06,49.0,45.34,48.02,16078.81,76838.08
300236.SZ,2015-03-03,48.0,48.0,45.5,45.59,14529.4,67260.99
300236.SZ,2015-03-04,45.23,46.8,44.4,45.18,11064.81,50389.46
300236.SZ,2015-03-05,45.8,46.44,43.1,43.8,16983.04,74868.36
300236.SZ,2015-03-06,44.05,44.44,41.54,42.06,18259.36,77952.38
300236.SZ,2015-03-09,42.36,43.28,42.16,42.78,12388.88,53058.29
300236.SZ,2015-03-10,43.32,43.86,42.81,43.16,9160.95,39905.96
300236.SZ,2015-03-11,43.01,44.3,42.2,44.0,9262.87,40158.82
300236.SZ,2015-03-12,44.38,47.8,43.86,45.67,20377.8,93655.53
300236.SZ,2015-03-13,45.65,46.5,44.07,44.53,15629.3,69763.04
300236.SZ,2015-03-16,44.53,45.47,44.3,44.94,22548.33,100726.42
300236.SZ,2015-03-17,45.1,47.4,44.6,47.03,18788.07,85843.96
300236.SZ,2015-03-18,46.5,46.81,45.57,46.7,10710.49,49547.74
300236.SZ,2015-03-19,47.1,47.8,45.8,46.8,11731.37,54671.87
300236.SZ,2015-03-20,46.79,46.96,45.28,45.68,16502.42,75664.42
300236.SZ,2015-03-23,46.48,50.25,45.67,50.25,43157.25,208167.1
300236.SZ,2015-03-24,51.5,53.48,48.9,52.0,42831.04,220523.07
300236.SZ,2015-03-25,51.02,53.4,50.2,52.03,21230.87,109896.5
300236.SZ,2015-03-26,51.49,52.51,49.94,50.58,13693.93,69724.9
300236.SZ,2015-03-27,50.58,52.1,50.58,51.22,9525.65,49015.84
300236.SZ,2015-03-30,51.22,53.36,50.3,51.15,18074.08,93700.1
300236.SZ,2015-03-31,51.17,51.27,50.21,50.5,10326.41,52309.53
300236.SZ,2015-04-01,51.0,52.23,50.36,52.09,17905.82,92324.17
300236.SZ,2015-04-02,51.81,52.17,51.0,51.86,12364.2,63924.86
300236.SZ,2015-04-03,52.0,57.05,51.55,56.0,19680.46,108367.88
300236.SZ,2015-04-07,55.85,57.0,55.0,55.77,13129.32,73436.27
300236.SZ,2015-04-08,55.77,56.68,51.0,51.98,16262.99,86293.28
300236.SZ,2015-04-09,52.0,52.33,46.78,49.0,33077.14,158703.35
300236.SZ,2015-04-10,47.8,49.24,46.88,48.75,19274.6,93600.46
300236.SZ,2015-04-13,48.5,52.79,48.0,52.16,30130.83,150252.38
300236.SZ,2015-04-14,51.4,51.7,48.45,48.52,28666.16,143234.9
300236.SZ,2015-04-15,49.17,50.3,45.0,45.06,28151.31,131403.26
300236.SZ,2015-04-16,45.16,49.5,45.0,49.0,25176.6,121025.39
300236.SZ,2015-04-17,49.0,50.8,47.61,50.0,21243.89,106043.97
300236.SZ,2015-04-20,49.05,49.8,47.5,47.9,14835.74,71918.69
300236.SZ,2015-04-21,48.47,50.69,47.02,50.3,17399.23,85928.74
300236.SZ,2015-04-22,51.1,53.88,51.1,53.2,19952.85,104333.82
300236.SZ,2015-04-23,53.5,55.7,52.14,54.6,21844.17,117746.2
300236.SZ,2015-04-24,52.0,55.4,52.0,52.42,27200.09,145409.64
300236.SZ,2015-04-27,52.97,52.97,49.38,49.61,22730.25,114569.21
300236.SZ,2015-04-28,50.7,50.7,46.6,46.98,19928.92,95144.94
300236.SZ,2015-04-29,47.53,50.38,46.68,50.29,21900.68,105669.67
300236.SZ,2015-04-30,49.3,52.68,49.3,49.33,22468.84,115105.37
300236.SZ,2015-05-04,49.28,49.28,47.51,48.09,12114.66,58361.79
300236.SZ,2015-05-05,48.08,48.39,45.04,46.26,12632.57,58827.45
300236.SZ,2015-05-06,46.9,47.85,44.85,45.1,11830.93,55294.68
300236.SZ,2015-05-07,45.0,46.4,45.0,45.87,9909.09,45265.22
300236.SZ,2015-05-08,46.3,47.79,46.06,47.67,11714.45,55139.99
300236.SZ,2015-05-11,47.68,49.88,46.53,49.61,26886.44,129454.31
300236.SZ,2015-05-12,49.6,50.3,47.91,49.66,18645.88,91502.18
300236.SZ,2015-05-13,48.65,54.63,47.8,54.63,38464.73,198743.39
300236.SZ,2015-05-14,57.08,60.09,57.0,60.09,53089.73,315680.8
300236.SZ,2015-05-15,60.18,60.5,57.25,58.37,29501.62,171889.77
300236.SZ,2015-05-18,57.61,59.7,57.15,57.7,40251.75,234470.7
300236.SZ,2015-05-19,57.0,58.99,56.7,57.7,27239.45,157636.82
300236.SZ,2015-05-20,57.71,61.87,57.71,58.17,29087.62,172495.78
300236.SZ,2015-05-21,58.98,61.0,58.21,60.36,23200.01,138378.76
300236.SZ,2015-05-22,60.36,66.3,59.22,60.98,29126.38,178519.19
300236.SZ,2015-05-25,59.29,62.8,57.9,62.2,32855.59,198800.47
300236.SZ,2015-05-26,62.26,65.96,62.26,64.16,28798.83,183838.97
300236.SZ,2015-05-27,64.2,65.3,62.0,64.7,21415.15,135758.08
300236.SZ,2015-05-28,65.0,68.84,60.6,60.61,27489.46,180668.28
300236.SZ,2015-05-29,59.72,63.1,55.5,62.52,26622.41,161612.55
300236.SZ,2015-06-01,64.3,68.77,64.2,68.77,16141.5,108546.21
300236.SZ,2015-06-02,71.0,75.65,70.01,74.6,29795.51,216597.08
300236.SZ,2015-06-03,75.21,75.49,69.5,72.0,19428.6,141275.89
300236.SZ,2015-06-04,72.1,79.2,70.5,78.88,33014.41,248086.03
300236.SZ,2015-06-05,78.5,80.39,73.0,75.99,31012.59,239274.62
300236.SZ,2015-06-08,46.0,46.45,42.74,42.74,39047.47,169588.71
300236.SZ,2015-06-09,42.4,43.41,41.5,42.75,21372.77,90936.88
300236.SZ,2015-06-10,43.0,44.3,42.71,43.75,23410.2,101808.16
300236.SZ,2015-06-11,43.5,43.75,42.5,43.0,16035.1,69081.89
300236.SZ,2015-06-12,43.08,44.58,42.9,43.98,18643.18,81609.32
300236.SZ,2015-06-15,44.0,48.38,44.0,48.38,51434.52,241653.67
300236.SZ,2015-06-16,49.0,49.95,44.88,46.58,51355.05,246382.45
300236.SZ,2015-06-17,46.6,48.21,44.0,46.7,26142.33,121090.95
300236.SZ,2015-06-18,46.78,48.48,44.5,45.3,22839.37,107499.82
300236.SZ,2015-06-19,43.4,43.4,40.77,40.77,25624.61,106249.84
300236.SZ,2015-06-23,40.0,42.68,36.69,40.01,26702.31,106009.55
300236.SZ,2015-06-24,40.12,41.3,37.0,39.65,31928.31,123749.7
300236.SZ,2015-06-25,38.82,39.67,36.51,37.0,17468.75,67603.76
300236.SZ,2015-06-26,35.0,35.85,33.3,33.3,30550.59,102909.95
300236.SZ,2015-06-29,34.2,34.2,29.97,29.97,25886.84,79449.77
300236.SZ,2015-06-30,29.0,32.65,26.97,31.7,43670.03,127054.67
300236.SZ,2015-07-01,32.2,34.0,28.53,28.53,60133.86,188113.85
300236.SZ,2015-07-02,27.0,28.29,25.68,25.68,35735.74,93482.32
300236.SZ,2015-07-03,23.15,26.84,23.11,23.11,59905.53,143609.21
300236.SZ,2015-07-06,25.42,25.42,20.8,20.8,42969.27,95381.99
300236.SZ,2015-07-07,19.89,19.89,18.72,18.72,49847.44,93557.85
300236.SZ,2015-07-08,16.85,20.59,16.85,20.29,129054.62,233231.87
300236.SZ,2015-07-09,19.55,22.32,19.41,22.32,34441.56,73799.58
300236.SZ,2015-07-10,24.5,24.55,23.56,24.55,11219.88,27426.69
300236.SZ,2015-07-13,27.01,27.01,27.0,27.01,12644.14,34151.77
300236.SZ,2015-07-14,27.55,29.71,27.0,28.29,95819.64,269484.52
300236.SZ,2015-07-15,27.5,27.5,25.46,25.46,38335.63,99352.15
300236.SZ,2015-07-16,25.46,27.0,22.91,25.2,52691.06,131638.5
300236.SZ,2015-07-17,25.25,27.72,24.81,27.72,44653.16,118623.65
300236.SZ,2015-07-20,27.7,30.49,27.15,30.0,53761.57,157732.41
300236.SZ,2015-07-21,29.4,31.6,28.0,30.0,47415.52,140673.93
300236.SZ,2015-07-22,29.55,30.45,28.65,29.6,32491.72,96188.06
300236.SZ,2015-07-23,29.69,31.15,29.11,30.38,23148.17,70202.02
300236.SZ,2015-07-24,30.6,32.24,29.49,29.88,30851.49,96548.61
300236.SZ,2015-07-27,29.0,29.88,26.89,26.89,31616.06,89114.39
300236.SZ,2015-07-28,24.68,26.5,24.2,24.2,57662.28,141029.09
300236.SZ,2015-07-29,25.0,25.5,21.93,25.5,50102.07,120855.17
300236.SZ,2015-07-30,25.49,25.86,23.95,23.95,32079.28,80961.79
300236.SZ,2015-07-31,23.09,25.5,22.71,24.3,24426.64,59672.5
300236.SZ,2015-08-03,23.97,25.35,22.0,23.06,28202.72,66622.08
300236.SZ,2015-08-04,23.31,25.36,22.51,25.34,38405.75,91908.57
300236.SZ,2015-08-05,25.34,25.71,24.25,24.8,37704.78,94755.39
300236.SZ,2015-08-06,24.06,25.52,24.0,25.09,19373.65,48520.08
300236.SZ,2015-08-07,25.65,26.46,25.23,26.22,22476.04,58465.43
300236.SZ,2015-08-10,26.25,28.0,26.11,27.89,29687.97,80033.98
300236.SZ,2015-08-11,27.8,29.48,27.0,28.5,41053.96,114032.92
300236.SZ,2015-08-12,27.65,28.63,26.29,26.45,35975.0,99348.45
300236.SZ,2015-08-13,26.4,27.47,26.0,27.47,27034.93,72179.17
300236.SZ,2015-08-14,27.72,28.2,27.0,27.23,21292.17,58758.78
300236.SZ,2015-08-17,27.37,27.37,26.4,26.8,22391.73,59827.15
300236.SZ,2015-08-18,27.0,27.37,24.21,24.21,29410.02,77346.3
300236.SZ,2015-08-19,22.41,25.14,22.41,24.9,23674.57,56281.35
300236.SZ,2015-08-20,24.84,24.87,23.57,23.6,25070.34,60944.69
300236.SZ,2015-08-21,22.89,23.6,21.8,21.8,24190.55,54881.91
300236.SZ,2015-08-24,20.3,20.97,19.62,19.62,15274.54,30236.5
300236.SZ,2015-08-25,17.66,18.39,17.66,17.66,27258.4,48737.95
300236.SZ,2015-08-26,17.51,18.5,16.2,16.52,29791.87,51707.35
300236.SZ,2015-08-27,17.0,17.84,16.39,17.4,23440.62,39899.33
300236.SZ,2015-08-28,17.9,18.95,17.47,18.9,25027.22,45343.43
300236.SZ,2015-08-31,18.89,18.91,17.52,17.6,18301.3,33209.62
300236.SZ,2015-09-01,17.27,17.6,15.97,16.05,25391.45,42137.9
300236.SZ,2015-09-02,15.0,16.97,14.69,16.04,22404.55,36102.19
300236.SZ,2015-09-07,16.48,17.4,16.3,16.7,16580.86,27798.04
300236.SZ,2015-09-08,16.8,18.12,16.4,18.09,17327.98,30144.69
300236.SZ,2015-09-09,18.0,19.75,17.95,19.2,32248.83,61541.21
300236.SZ,2015-09-10,18.75,19.29,18.6,18.61,13397.18,25301.7
300236.SZ,2015-09-11,18.59,19.07,18.21,19.0,15406.27,28820.17
300236.SZ,2015-09-14,19.05,19.38,17.1,17.12,20352.83,36331.32
300236.SZ,2015-09-15,16.6,17.55,16.0,16.63,16242.01,27428.03
300236.SZ,2015-09-16,16.99,18.29,16.95,18.29,17305.63,30508.79
300236.SZ,2015-09-17,18.0,19.49,17.77,18.48,27395.0,51920.11
300236.SZ,2015-09-18,18.6,19.8,18.51,19.58,20397.99,39347.46
300236.SZ,2015-09-21,19.3,21.54,19.19,21.54,24856.09,51526.34
300236.SZ,2015-09-22,22.2,23.69,20.89,23.69,59395.08,132284.89
300236.SZ,2015-09-23,23.69,25.0,22.9,24.8,49288.03,119122.21
300236.SZ,2015-09-24,24.5,24.77,23.68,24.04,27385.53,66024.7
300236.SZ,2015-09-25,23.88,24.0,21.64,21.67,37546.11,83901.04
300236.SZ,2015-09-28,21.89,23.08,21.63,23.01,23138.89,52180.01
300236.SZ,2015-09-29,22.55,22.8,21.64,22.2,16727.19,37146.95
300236.SZ,2015-09-30,22.48,23.07,21.8,22.29,20881.7,46542.88
300236.SZ,2015-10-08,23.5,24.18,23.05,23.78,26910.61,63792.45
300236.SZ,2015-10-09,23.5,26.16,23.39,26.16,40088.33,99963.1
300236.SZ,2015-10-12,26.37,27.87,25.6,27.2,53204.46,142833.12
300236.SZ,2015-10-13,26.6,27.05,26.0,26.6,42605.02,112452.95
300236.SZ,2015-10-14,26.39,26.98,25.2,25.34,29616.68,77457.58
300236.SZ,2015-10-15,25.27,26.45,25.1,26.44,35518.47,91859.43
300236.SZ,2015-10-16,26.67,26.89,25.42,26.3,36058.47,94049.2
300236.SZ,2015-10-19,26.0,26.25,25.21,26.06,27203.92,70095.15
300236.SZ,2015-10-20,26.0,27.64,25.77,27.26,73023.13,196979.42
300236.SZ,2015-10-21,27.01,27.15,24.53,24.53,55667.13,143286.58
300236.SZ,2015-10-22,24.4,25.19,23.29,24.9,48513.48,118333.87
300236.SZ,2015-10-23,24.88,25.85,24.5,25.41,44371.64,111757.11
300236.SZ,2015-10-26,25.83,26.08,24.8,25.31,45813.17,115759.93
300236.SZ,2015-10-27,25.16,25.2,23.3,25.0,30780.81,75306.38
300236.SZ,2015-10-28,24.8,25.5,24.0,24.05,28309.22,70317.74
300236.SZ,2015-10-29,25.2,25.38,24.15,24.95,37931.47,94310.74
300236.SZ,2015-10-30,25.2,25.65,24.5,25.13,39781.97,99896.17
300236.SZ,2015-11-02,24.17,25.15,23.5,23.5,31025.28,75566.85
300236.SZ,2015-11-03,23.71,24.28,23.4,23.76,21298.24,50802.73
300236.SZ,2015-11-04,24.1,25.26,23.96,25.26,33885.25,84064.04
300236.SZ,2015-11-05,25.5,25.85,24.75,25.29,32358.41,82183.27
300236.SZ,2015-11-06,27.82,27.82,27.82,27.82,17445.84,48534.33
300236.SZ,2015-11-09,30.6,30.6,30.6,30.6,7822.5,23936.85
300236.SZ,2015-11-10,33.66,33.66,32.88,33.66,69409.53,233379.17
300236.SZ,2015-11-11,35.0,35.6,32.74,35.1,154216.97,526293.2
300236.SZ,2015-11-12,34.1,34.66,32.88,33.76,101351.56,341687.44
300236.SZ,2015-11-13,32.95,33.3,30.72,31.55,75191.42,241580.33
300236.SZ,2015-11-16,30.35,33.08,30.34,32.51,59624.74,191429.7
300236.SZ,2015-11-17,34.0,34.07,30.96,31.01,74902.64,240713.69
300236.SZ,2015-11-18,31.02,32.39,30.45,30.57,48606.07,152693.94
300236.SZ,2015-11-19,31.0,33.63,30.75,33.63,66711.33,216741.88
300236.SZ,2015-11-20,34.58,36.99,33.97,36.99,97511.34,345734.4
300236.SZ,2015-11-23,37.0,40.6,35.01,36.98,99552.37,376413.17
300236.SZ,2015-11-24,36.5,40.68,35.55,40.68,94830.2,369262.28
300236.SZ,2015-11-25,44.75,44.75,44.75,44.75,10088.31,45145.19
300236.SZ,2015-11-26,46.49,49.23,45.2,49.23,137853.06,656225.37
300236.SZ,2015-11-27,47.0,50.0,44.31,44.31,107617.84,505013.38
300236.SZ,2015-11-30,45.2,45.63,41.2,44.0,92825.02,400455.36
300236.SZ,2015-12-01,43.35,43.69,39.7,40.57,76164.4,318997.0
300236.SZ,2015-12-02,40.49,42.0,37.81,41.7,69037.58,280812.5
300236.SZ,2015-12-03,40.75,42.5,39.99,41.95,57596.69,238570.48
300236.SZ,2015-12-04,42.01,44.83,41.0,41.5,65365.44,279201.87
300236.SZ,2015-12-07,40.98,42.58,39.79,42.58,50167.67,205163.9
300236.SZ,2015-12-08,42.38,44.05,40.1,42.59,66136.47,279194.47
300236.SZ,2015-12-09,41.91,43.58,40.6,41.9,41994.96,176722.7
300236.SZ,2015-12-10,41.91,42.49,40.3,40.48,39598.71,164605.92
300236.SZ,2015-12-11,39.79,40.45,38.38,38.38,37915.21,149246.56
300236.SZ,2015-12-14,38.53,40.6,37.76,40.44,36611.21,143103.65
300236.SZ,2015-12-15,40.12,42.12,40.01,40.65,28751.02,118198.21
300236.SZ,2015-12-16,40.93,44.72,40.75,44.72,56147.55,242408.23
300236.SZ,2015-12-17,46.3,46.4,43.72,45.36,75219.41,338030.69
300236.SZ,2015-12-18,45.2,45.2,43.0,43.63,47149.32,207068.77
300236.SZ,2015-12-21,43.01,43.77,42.6,43.18,28775.47,123926.38
300236.SZ,2015-12-22,43.51,43.6,41.7,42.43,37959.54,160699.71
300236.SZ,2015-12-23,42.86,43.57,40.8,41.1,38798.17,163242.12
300236.SZ,2015-12-24,40.98,42.49,39.69,42.22,30736.96,125793.84
300236.SZ,2015-12-25,42.22,42.43,40.99,41.3,28200.28,116921.74
300236.SZ,2015-12-28,40.79,41.77,39.39,39.39,35752.25,144742.6
300236.SZ,2015-12-29,39.63,40.5,39.11,40.3,28184.99,112681.78
300236.SZ,2015-12-30,39.96,41.8,39.88,40.9,33334.59,135795.57
300236.SZ,2015-12-31,41.0,41.4,38.52,38.55,34009.37,133972.6811
300236.SZ,2016-01-04,38.15,38.54,34.7,34.7,23036.8,83732.96
300236.SZ,2016-01-05,32.7,34.12,31.23,32.05,49748.51,161650.36
300236.SZ,2016-01-06,32.67,33.87,31.2,33.6,47966.63,156910.6
300236.SZ,2016-01-07,32.65,32.72,30.24,30.24,8181.0,25564.63
300236.SZ,2016-01-08,31.24,31.89,27.91,31.11,47525.94,145881.69
300236.SZ,2016-01-11,30.02,30.77,28.0,28.0,53610.72,156367.5
300236.SZ,2016-01-12,28.0,28.89,27.0,27.29,39029.29,109323.24
300236.SZ,2016-01-13,27.6,28.3,26.02,26.9,46609.7,128401.32
300236.SZ,2016-01-14,25.12,28.69,25.1,28.51,45294.6,124535.32
300236.SZ,2016-01-15,28.42,29.12,26.66,27.0,47327.27,133828.79
300236.SZ,2016-01-18,26.31,28.67,26.21,28.61,37329.05,103709.86
300236.SZ,2016-01-19,28.61,29.74,27.8,29.4,44374.41,127864.28
300236.SZ,2016-01-20,29.25,29.48,27.87,28.4,41031.57,117908.78
300236.SZ,2016-01-21,28.25,29.27,26.65,26.65,39005.61,109180.13
300236.SZ,2016-01-22,27.01,27.28,25.56,26.55,31650.23,83858.6
300236.SZ,2016-01-25,26.91,28.47,26.0,26.92,49747.63,135530.31
300236.SZ,2016-01-26,26.5,26.52,24.23,24.8,47292.04,119092.79
300236.SZ,2016-01-27,24.9,25.0,23.0,24.22,29197.65,69983.59
300236.SZ,2016-01-28,24.1,24.1,22.13,22.13,18968.47,44050.47
300236.SZ,2016-01-29,22.14,23.79,22.0,23.45,32420.06,74392.74
300236.SZ,2016-02-01,23.88,24.51,23.33,24.0,29034.5,69450.24
300236.SZ,2016-02-02,24.49,26.2,24.02,26.0,36029.24,91183.26
300236.SZ,2016-02-03,25.27,25.97,24.86,25.78,33463.66,84488.66
300236.SZ,2016-02-04,25.95,27.6,25.8,27.37,36524.17,97455.54
300236.SZ,2016-02-05,27.94,27.94,26.8,27.4,32697.11,89635.43
300236.SZ,2016-02-15,26.15,27.55,26.13,27.39,16429.4,44200.37
300236.SZ,2016-02-16,28.07,30.13,28.07,30.13,33356.87,100032.4
300236.SZ,2016-02-17,30.6,31.98,30.15,30.57,67675.63,209759.99
300236.SZ,2016-02-18,30.58,31.4,29.71,30.9,45946.32,140460.99
300236.SZ,2016-02-19,30.4,30.84,30.09,30.32,30099.97,91412.78
300236.SZ,2016-02-22,30.9,32.4,30.23,32.2,40451.49,126082.13
300236.SZ,2016-02-23,32.21,32.8,30.59,31.19,35874.67,112327.18
300236.SZ,2016-02-24,31.61,31.61,29.5,29.98,34301.98,103513.29
300236.SZ,2016-02-25,29.99,30.17,26.99,26.99,45838.89,128055.05
300236.SZ,2016-02-26,27.09,28.16,26.6,27.19,33271.93,91269.8
300236.SZ,2016-02-29,27.19,27.19,24.47,24.47,41161.08,102118.74
300236.SZ,2016-03-01,24.4,25.4,23.0,25.08,32797.15,80120.52
300236.SZ,2016-03-02,24.88,26.49,24.68,26.4,34556.79,88378.51
300236.SZ,2016-03-03,26.56,26.88,25.59,25.77,48804.06,127429.68
300236.SZ,2016-03-04,25.4,25.5,23.4,23.48,41213.67,100149.38
300236.SZ,2016-03-07,23.82,24.95,23.82,24.6,34833.79,84875.86
300236.SZ,2016-03-08,24.23,26.33,23.0,26.12,48560.99,120769.6
300236.SZ,2016-03-09,25.6,28.0,25.25,28.0,58868.2,157201.46
300236.SZ,2016-03-16,28.58,28.98,25.75,26.39,37497.37,102226.78
300236.SZ,2016-03-17,26.7,29.03,26.56,29.03,70451.7,202530.49
300236.SZ,2016-03-18,29.03,31.31,28.98,31.15,102279.73,306907.82
300236.SZ,2016-03-21,31.15,34.27,30.74,34.27,97347.37,317638.96
300236.SZ,2016-03-22,35.25,37.7,33.71,35.3,94914.01,341681.72
300236.SZ,2016-03-23,34.9,35.29,33.85,35.24,67161.49,232256.26
300236.SZ,2016-03-24,35.38,36.2,33.13,33.6,95978.79,331096.04
300236.SZ,2016-03-25,32.99,33.87,32.31,32.95,42505.6,140572.36
300236.SZ,2016-03-28,33.49,34.8,32.8,33.0,47683.85,160923.25
300236.SZ,2016-03-29,32.45,32.95,31.35,31.84,47788.46,152632.48
300236.SZ,2016-03-30,32.66,34.76,32.34,34.3,63567.33,211713.68
300236.SZ,2016-03-31,34.87,35.09,33.27,33.37,51992.66,175835.25
300236.SZ,2016-04-01,33.15,33.78,32.27,33.4,28265.23,93029.03
300236.SZ,2016-04-05,33.4,34.88,33.13,34.35,44321.33,151758.93
300236.SZ,2016-04-06,34.27,34.66,33.52,34.35,37613.02,128241.2
300236.SZ,2016-04-07,34.45,34.68,32.6,32.64,43135.41,143533.85
300236.SZ,2016-04-08,32.5,32.5,31.28,31.8,25556.75,81579.68
300236.SZ,2016-04-11,32.3,33.28,32.26,32.91,24410.74,80098.87
300236.SZ,2016-04-12,33.08,33.08,31.75,32.3,21240.47,68370.3
300236.SZ,2016-04-13,32.5,34.49,32.5,33.32,47734.1,160916.11
300236.SZ,2016-04-14,33.87,34.38,33.0,33.65,28767.65,97096.24
300236.SZ,2016-04-15,33.87,37.02,33.87,37.02,90575.73,329760.61
300236.SZ,2016-04-18,37.51,38.53,35.91,36.14,99504.25,369152.01
300236.SZ,2016-04-19,36.5,36.6,34.45,35.76,78899.18,278809.16
300236.SZ,2016-04-20,35.28,35.46,32.18,32.18,92602.02,310034.79
300236.SZ,2016-04-21,31.49,32.24,30.4,30.53,53599.25,168079.82
300236.SZ,2016-04-22,30.16,31.25,30.16,31.23,36303.21,112394.19
300236.SZ,2016-04-25,30.91,31.0,29.81,30.52,27229.52,82694.26
300236.SZ,2016-04-26,30.67,31.9,30.65,31.8,39352.32,123117.29
300236.SZ,2016-04-27,32.09,32.38,31.06,31.21,33538.94,106312.75
300236.SZ,2016-04-28,31.41,31.55,30.0,31.48,29615.7,91429.05
300236.SZ,2016-04-29,31.45,32.1,31.07,31.75,27567.06,87240.24
300236.SZ,2016-05-03,31.51,34.7,31.5,34.59,55132.01,184546.24
300236.SZ,2016-05-04,34.16,36.19,33.89,35.25,79051.79,277932.98
300236.SZ,2016-05-05,35.0,35.6,34.37,34.97,38481.73,134145.25
300236.SZ,2016-05-06,34.73,35.89,32.64,32.73,51337.58,175988.24
300236.SZ,2016-05-09,32.0,32.12,29.97,30.88,45951.5,142587.82
300236.SZ,2016-05-10,30.79,32.07,30.79,31.2,28346.73,88824.36
300236.SZ,2016-05-11,31.35,31.8,30.8,30.88,26779.77,83677.08
300236.SZ,2016-05-12,29.95,30.88,29.27,30.51,27275.39,82019.24
300236.SZ,2016-05-13,30.31,31.09,29.8,29.95,27286.69,83095.3
300236.SZ,2016-05-16,29.52,30.56,29.31,30.3,32429.13,96931.96
300236.SZ,2016-05-17,30.02,30.75,29.4,29.9,39121.14,117528.97
300236.SZ,2016-05-18,29.0,29.3,27.85,28.42,37222.78,106351.49
300236.SZ,2016-05-19,28.42,29.36,28.2,28.6,29477.12,85233.25
300236.SZ,2016-05-20,28.56,29.2,27.85,29.0,35704.94,102291.78
300236.SZ,2016-05-23,29.3,30.95,29.3,30.02,38519.0,116373.66
300236.SZ,2016-05-24,29.8,30.88,29.72,30.38,45632.79,138826.39
300236.SZ,2016-05-25,30.6,31.88,30.4,30.87,55608.03,173079.63
300236.SZ,2016-05-26,30.58,31.15,29.68,31.0,33207.82,100988.03
300236.SZ,2016-05-27,30.96,34.1,30.96,32.82,85808.38,283663.48
300236.SZ,2016-05-30,33.0,36.1,32.5,36.1,110840.73,387341.15
300236.SZ,2016-05-31,37.4,38.5,35.51,37.95,155512.38,572800.83
300236.SZ,2016-06-01,37.59,39.96,37.4,38.96,141672.54,551026.77
300236.SZ,2016-06-02,38.2,40.87,38.02,39.86,110481.33,438100.11
300236.SZ,2016-06-03,39.31,41.28,38.61,39.35,112791.75,449391.85
300236.SZ,2016-06-06,39.6,40.67,38.51,39.06,83196.05,328323.01
300236.SZ,2016-06-07,39.68,40.56,38.85,40.33,91879.53,365281.03
300236.SZ,2016-06-08,39.7,39.8,38.31,38.72,85914.07,334691.81
300236.SZ,2016-06-13,38.0,39.01,35.45,35.58,90192.53,338485.6
300236.SZ,2016-06-14,35.48,36.67,34.88,36.3,57708.1,208754.36
300236.SZ,2016-06-15,36.3,39.93,36.3,39.93,63643.06,245648.39
300236.SZ,2016-06-16,41.83,43.92,41.26,43.35,121207.56,523218.34
300236.SZ,2016-06-17,43.07,46.08,42.08,45.8,146453.7,638376.35
300236.SZ,2016-06-20,45.1,50.38,44.12,47.5,153378.52,726117.85
300236.SZ,2016-06-21,46.9,50.43,45.78,48.31,105441.73,509229.38
300236.SZ,2016-06-22,47.95,48.18,46.08,47.86,61482.38,289187.85
300236.SZ,2016-06-23,47.0,47.82,46.32,46.79,46794.92,220088.14
300236.SZ,2016-06-24,47.15,51.47,46.4,51.47,92897.03,457871.05
300236.SZ,2016-06-27,51.0,55.92,49.98,53.4,108833.85,571911.74
300236.SZ,2016-06-28,53.1,57.33,52.33,52.95,108284.43,590111.43
300236.SZ,2016-06-29,53.0,54.09,51.7,53.32,82942.1,437567.25
300236.SZ,2016-06-30,52.83,53.19,50.46,50.59,80053.31,412449.61
300236.SZ,2016-07-01,50.51,51.24,48.82,49.54,64861.18,322179.71
300236.SZ,2016-07-04,49.54,50.77,49.06,50.67,58299.7,291662.37
300236.SZ,2016-07-05,50.64,53.17,48.8,52.86,124113.4,630432.45
300236.SZ,2016-07-06,51.51,51.87,49.68,50.2,112856.6,570463.14
300236.SZ,2016-07-07,49.75,52.59,49.0,52.07,106131.19,543648.13
300236.SZ,2016-07-08,52.01,52.05,49.23,49.72,95540.3,481072.54
300236.SZ,2016-07-11,49.3,49.47,47.01,47.22,77852.27,375861.52
300236.SZ,2016-07-12,47.48,48.07,44.88,47.46,76522.3,356246.25
300236.SZ,2016-07-13,47.8,48.26,46.88,47.24,47910.29,227848.0
300236.SZ,2016-07-14,47.7,49.84,47.44,48.37,79200.14,387133.43
300236.SZ,2016-07-15,47.8,48.5,46.2,46.25,63283.98,295662.71
300236.SZ,2016-07-18,46.13,47.19,45.41,46.19,33726.6,156166.86
300236.SZ,2016-07-19,45.2,47.45,44.9,47.12,49925.51,230222.52
300236.SZ,2016-07-20,47.02,50.26,47.0,48.86,99713.0,485060.45
300236.SZ,2016-07-21,48.51,48.86,46.69,46.72,68150.63,324512.54
300236.SZ,2016-07-22,46.2,47.4,45.11,45.62,39400.96,182262.7
300236.SZ,2016-07-25,45.3,46.35,43.11,43.15,56686.8,251860.52
300236.SZ,2016-07-26,43.16,44.16,43.16,44.02,32854.18,143686.74
300236.SZ,2016-07-27,44.03,46.09,42.02,44.3,99608.6,445540.56
300236.SZ,2016-07-28,43.8,44.1,41.01,42.47,79544.46,337410.33
300236.SZ,2016-07-29,42.51,43.75,41.5,42.46,52763.68,225020.24
300236.SZ,2016-08-01,41.89,43.94,40.2,43.48,61335.31,261895.15
300236.SZ,2016-08-02,43.3,44.85,43.05,43.5,61040.51,268979.49
300236.SZ,2016-08-03,44.0,44.6,42.51,42.94,43781.6,189813.37
300236.SZ,2016-08-04,42.99,47.23,42.99,47.23,136850.48,625830.98
300236.SZ,2016-08-05,46.9,47.83,45.8,46.8,108327.38,504035.13
300236.SZ,2016-08-08,46.4,47.5,45.7,47.48,70332.65,329035.69
300236.SZ,2016-08-09,47.5,48.26,46.0,47.01,92026.76,429854.95
300236.SZ,2016-08-10,46.81,47.68,45.8,45.81,75928.51,354135.24
300236.SZ,2016-08-11,45.2,45.92,43.6,43.6,71005.28,316310.41
300236.SZ,2016-08-12,43.6,44.2,43.0,44.09,38505.32,167596.56
300236.SZ,2016-08-15,44.47,46.95,43.07,46.32,87536.02,399649.4
300236.SZ,2016-08-16,45.97,46.56,45.61,45.79,81547.29,375333.39
300236.SZ,2016-08-17,45.45,46.98,45.3,46.14,76640.49,354460.18
300236.SZ,2016-08-18,45.99,46.77,44.83,44.95,62409.11,283900.69
300236.SZ,2016-08-19,44.4,44.82,43.5,43.55,55502.32,243505.71
300236.SZ,2016-08-22,43.17,44.18,43.15,43.25,28346.81,123749.33
300236.SZ,2016-08-23,43.3,44.67,43.3,43.99,35872.37,157876.03
300236.SZ,2016-08-24,43.59,44.25,43.22,43.56,32355.31,141134.64
300236.SZ,2016-08-25,43.25,45.98,43.25,45.81,93395.86,418948.49
300236.SZ,2016-08-26,45.5,48.8,45.01,46.82,119980.95,565107.72
300236.SZ,2016-08-29,46.3,47.02,45.21,46.18,54722.09,252420.56
300236.SZ,2016-08-30,46.18,47.83,44.63,44.94,58776.87,271542.95
300236.SZ,2016-08-31,44.63,44.7,43.09,43.88,65063.45,284195.09
300236.SZ,2016-09-01,43.84,44.18,43.4,43.53,29357.46,128435.54
300236.SZ,2016-09-02,43.55,43.87,42.5,42.68,34492.03,148758.16
300236.SZ,2016-09-05,42.92,43.55,42.72,42.74,27715.12,119623.69
300236.SZ,2016-09-06,42.63,43.8,42.35,43.71,41394.72,179299.46
300236.SZ,2016-09-07,43.71,44.0,42.8,42.9,32325.3,139840.14
300236.SZ,2016-09-08,42.9,43.39,42.72,43.14,19837.25,85238.78
300236.SZ,2016-09-09,43.25,43.3,41.6,41.69,34627.81,146706.03
300236.SZ,2016-09-12,40.02,40.68,38.44,38.44,54316.0,214707.37
300236.SZ,2016-09-13,38.6,39.21,38.39,38.97,24518.43,95174.63
300236.SZ,2016-09-14,38.61,38.96,37.82,38.25,32012.18,122934.09
300236.SZ,2016-09-19,38.36,38.74,38.24,38.58,27874.92,107309.16
300236.SZ,2016-09-20,38.73,38.94,38.26,38.4,15993.0,61597.12
300236.SZ,2016-09-21,38.07,38.96,37.03,38.88,39862.52,151966.53
300236.SZ,2016-09-22,38.97,39.18,38.35,38.7,28562.48,110656.25
300236.SZ,2016-09-23,38.69,38.98,38.15,38.21,25318.37,97796.54
300236.SZ,2016-09-26,37.76,37.76,35.5,35.7,51789.19,188526.87
300236.SZ,2016-09-27,35.66,35.98,35.3,35.97,26981.87,96348.37
300236.SZ,2016-09-28,35.97,36.78,35.64,36.01,27404.01,99443.59
300236.SZ,2016-09-29,36.28,36.55,35.8,36.15,19021.22,68956.92
300236.SZ,2016-09-30,36.03,36.74,35.79,36.32,22657.21,82105.17
300236.SZ,2016-10-10,36.72,38.68,36.4,38.18,45505.2,172144.31
300236.SZ,2016-10-11,37.99,38.39,37.65,37.96,24605.37,93190.27
300236.SZ,2016-10-12,38.0,38.3,37.48,37.55,18974.31,71694.82
300236.SZ,2016-10-13,37.55,37.88,37.31,37.46,17350.82,65192.6
300236.SZ,2016-10-14,37.65,37.65,37.26,37.57,18374.42,68868.92
300236.SZ,2016-10-17,37.5,37.99,36.69,36.69,27177.42,101812.37
300236.SZ,2016-10-18,36.55,40.36,36.5,39.97,103366.69,407632.85
300236.SZ,2016-10-19,39.39,40.08,39.25,39.74,52489.41,208011.78
300236.SZ,2016-10-20,39.5,41.0,39.41,40.55,62029.79,250649.28
300236.SZ,2016-10-21,40.5,40.55,38.5,39.44,55533.0,218230.87
300236.SZ,2016-10-24,39.06,39.48,38.5,39.19,28256.76,110670.09
300236.SZ,2016-10-25,39.35,39.85,38.83,39.78,37488.89,147725.2
300236.SZ,2016-10-26,39.36,40.17,39.33,39.56,37943.93,151229.73
300236.SZ,2016-10-27,39.52,39.76,38.7,39.09,23748.29,92668.0
300236.SZ,2016-10-28,38.85,40.2,38.8,38.81,28144.52,111248.12
300236.SZ,2016-10-31,38.5,38.64,37.52,37.72,24902.78,94454.48
300236.SZ,2016-11-01,37.68,38.37,37.57,38.17,19992.12,75824.76
300236.SZ,2016-11-02,37.9,38.12,37.56,37.85,20844.82,78858.36
300236.SZ,2016-11-03,37.63,39.33,37.6,38.5,34375.77,132389.57
300236.SZ,2016-11-04,38.5,38.67,37.66,37.9,19422.61,74042.32
300236.SZ,2016-11-07,37.85,38.6,37.8,38.33,22029.24,84357.85
300236.SZ,2016-11-08,38.53,38.82,38.18,38.6,22855.38,88056.91
300236.SZ,2016-11-09,38.51,38.88,37.3,37.9,31175.52,118283.62
300236.SZ,2016-11-10,38.29,38.7,37.75,38.2,33541.74,127838.59
300236.SZ,2016-11-11,38.19,38.59,37.8,38.49,36562.68,139715.3
300236.SZ,2016-11-14,38.8,41.0,38.8,39.76,82827.26,332505.4
300236.SZ,2016-11-15,39.42,41.93,39.38,40.11,71019.32,288456.56
300236.SZ,2016-11-16,40.13,42.2,40.13,41.99,86579.28,359177.21
300236.SZ,2016-11-17,41.5,41.97,40.29,41.5,61896.67,255009.58
300236.SZ,2016-11-18,41.45,42.49,41.0,41.1,53158.5,222149.41
300236.SZ,2016-11-21,40.91,43.18,40.51,43.0,97352.33,408869.05
300236.SZ,2016-11-22,43.85,46.78,43.0,43.3,112095.53,498283.6
300236.SZ,2016-11-23,43.49,45.69,42.72,44.18,95656.11,425937.21
300236.SZ,2016-11-24,43.95,43.95,42.36,42.4,50105.6,216569.38
300236.SZ,2016-11-25,42.77,43.97,40.86,43.45,61927.15,263589.12
300236.SZ,2016-11-28,43.45,43.85,42.01,42.13,33445.82,142418.31
300236.SZ,2016-11-29,42.21,42.52,41.41,41.75,32187.9,134791.73
300236.SZ,2016-11-30,41.48,43.2,41.48,41.72,44926.26,190423.43
300236.SZ,2016-12-01,41.75,42.55,41.2,41.93,23447.59,98320.6
300236.SZ,2016-12-02,41.98,42.31,40.19,40.41,33418.87,137526.81
300236.SZ,2016-12-05,40.0,40.85,39.61,40.48,25751.39,103896.53
300236.SZ,2016-12-06,40.41,40.8,40.2,40.35,16413.55,66485.2
300236.SZ,2016-12-07,40.34,42.08,40.01,41.99,33550.73,139099.61
300236.SZ,2016-12-08,42.1,42.1,41.0,41.13,20456.57,85060.27
300236.SZ,2016-12-09,41.21,42.49,41.21,41.55,35239.59,147530.71
300236.SZ,2016-12-12,41.1,41.6,37.4,37.77,49584.98,194870.28
300236.SZ,2016-12-13,37.35,38.4,36.52,38.32,29087.09,109517.58
300236.SZ,2016-12-14,37.99,38.98,37.71,38.06,25738.9,98702.75
300236.SZ,2016-12-15,37.87,39.2,37.5,38.63,26598.55,102747.51
300236.SZ,2016-12-16,39.23,39.45,38.62,38.96,12832.07,50066.19
300236.SZ,2016-12-19,38.79,38.96,38.31,38.4,12971.41,50034.5
300236.SZ,2016-12-20,38.6,39.2,38.25,38.96,13731.31,53399.86
300236.SZ,2016-12-21,38.96,39.87,38.75,38.96,17357.35,68054.34
300236.SZ,2016-12-22,39.1,39.4,38.73,38.77,13973.02,54539.41
300236.SZ,2016-12-23,38.52,38.78,37.53,37.7,22482.04,85203.68
300236.SZ,2016-12-26,37.1,37.32,36.0,37.06,25128.16,92125.51
300236.SZ,2016-12-27,36.97,37.61,36.85,37.25,13170.85,49149.58
300236.SZ,2016-12-28,37.5,37.93,37.03,37.5,11706.42,44092.42
300236.SZ,2016-12-29,37.18,37.85,37.13,37.5,11571.49,43558.05
300236.SZ,2016-12-30,37.5,38.8,36.66,38.5,22797.9,86676.08
300236.SZ,2017-01-03,38.8,39.39,38.22,38.54,14511.86,56389.98
300236.SZ,2017-01-04,38.17,39.26,38.17,38.79,23297.29,90605.49
300236.SZ,2017-01-05,38.79,39.28,38.42,39.0,18372.29,71692.03
300236.SZ,2017-01-06,39.09,39.09,38.0,38.2,17616.68,67621.54
300236.SZ,2017-01-09,38.2,38.9,37.85,38.38,11733.74,45066.32
300236.SZ,2017-01-10,38.5,38.67,38.01,38.16,11494.5,43928.59
300236.SZ,2017-01-11,38.05,38.19,36.52,36.62,29517.64,109492.93
300236.SZ,2017-01-12,36.59,37.14,36.38,36.62,16571.04,60958.81
300236.SZ,2017-01-13,36.61,36.92,34.1,34.62,23308.31,83374.38
300236.SZ,2017-01-16,34.62,34.92,31.16,32.2,34341.12,114493.02
300236.SZ,2017-01-17,32.21,33.2,31.1,32.89,16368.25,52809.98
300236.SZ,2017-01-18,33.49,33.49,31.9,32.07,19301.57,62773.17
300236.SZ,2017-01-19,31.98,32.27,31.32,32.0,19125.56,60738.6
300236.SZ,2017-01-20,32.0,33.5,31.4,33.05,23497.26,77448.02
300236.SZ,2017-01-23,34.0,34.09,33.11,33.35,16927.05,56699.02
300236.SZ,2017-01-24,33.32,33.7,32.72,32.97,18766.98,62364.76
300236.SZ,2017-01-25,32.96,33.65,32.9,33.5,15172.92,50651.63
300236.SZ,2017-01-26,33.79,34.1,33.52,33.85,13603.06,45905.26
300236.SZ,2017-02-03,34.0,34.19,33.7,33.7,10140.59,34365.78
300236.SZ,2017-02-06,33.52,34.28,33.51,34.26,13830.95,47030.28
300236.SZ,2017-02-07,34.25,34.38,33.5,33.82,18266.81,61847.87
300236.SZ,2017-02-08,33.62,35.82,33.57,35.46,25782.8,89561.82
300236.SZ,2017-02-09,35.17,35.74,35.12,35.26,15072.45,53352.49
300236.SZ,2017-02-10,35.26,35.4,34.75,34.76,13186.3,46167.53
300236.SZ,2017-02-13,34.85,36.2,34.51,35.21,16329.65,57750.23
300236.SZ,2017-02-14,35.18,35.5,35.02,35.25,9918.1,34927.83
300236.SZ,2017-02-15,35.28,35.51,33.82,34.1,21082.45,73279.16
300236.SZ,2017-02-16,33.7,34.53,33.7,33.95,13029.16,44234.36
300236.SZ,2017-02-17,33.95,34.19,33.3,33.39,15369.33,51859.44
300236.SZ,2017-02-20,33.2,33.86,32.45,33.6,26597.82,88453.0
300236.SZ,2017-02-21,33.8,34.34,33.11,34.04,29281.75,99006.31
300236.SZ,2017-02-22,34.1,34.98,33.66,34.95,29345.94,100883.93
300236.SZ,2017-02-23,35.01,35.65,34.72,35.29,27948.59,98314.46
300236.SZ,2017-02-24,34.9,35.4,34.83,35.17,15127.79,53048.25
300236.SZ,2017-02-27,35.03,35.65,34.6,34.7,19091.35,67108.86
300236.SZ,2017-02-28,34.7,34.9,34.05,34.42,23686.84,81288.93
300236.SZ,2017-03-01,34.43,34.7,34.01,34.45,26207.98,89944.77
300236.SZ,2017-03-02,34.6,34.97,34.2,34.84,30157.12,104670.21
300236.SZ,2017-03-03,34.6,36.5,34.22,36.01,58118.13,207818.01
300236.SZ,2017-03-06,36.55,36.86,36.01,36.7,50174.67,183052.35
300236.SZ,2017-03-07,36.56,38.17,36.56,36.95,66161.68,247265.08
300236.SZ,2017-03-08,37.01,37.1,36.0,36.19,40934.07,149303.74
300236.SZ,2017-03-09,36.03,36.9,35.96,36.66,35546.61,129491.31
300236.SZ,2017-03-10,37.0,37.04,35.93,36.67,28468.65,103803.13
300236.SZ,2017-03-13,36.97,37.91,36.32,37.51,51142.2,190699.18
300236.SZ,2017-03-14,37.51,37.8,36.74,36.91,55174.99,205622.1
300236.SZ,2017-03-15,36.65,39.35,36.33,38.39,76003.6,286882.25
300236.SZ,2017-03-16,38.3,41.6,38.1,40.43,97097.38,386111.76
300236.SZ,2017-03-17,40.69,41.38,39.31,40.0,70636.22,283846.67
300236.SZ,2017-03-20,39.31,41.55,39.2,39.84,53408.93,214158.22
300236.SZ,2017-03-21,39.4,39.7,38.15,38.85,64895.17,251787.65
300236.SZ,2017-03-22,38.43,39.15,38.3,38.42,46118.8,178494.99
300236.SZ,2017-03-23,38.6,39.08,37.76,38.98,47118.57,181814.62
300236.SZ,2017-03-24,38.74,39.02,37.48,38.03,44638.12,170061.56
300236.SZ,2017-03-27,37.95,38.41,37.61,38.11,26735.25,101664.18
300236.SZ,2017-03-28,38.16,39.6,37.73,39.45,57680.78,224823.7
300236.SZ,2017-03-29,39.5,39.98,38.7,38.7,49208.65,193386.1
300236.SZ,2017-03-30,38.49,38.5,36.55,36.55,59071.29,220302.22
300236.SZ,2017-03-31,36.3,36.81,33.3,33.97,82094.1,286581.14
300236.SZ,2017-04-05,33.65,35.2,33.63,34.58,40090.33,138609.34
300236.SZ,2017-04-06,34.5,35.3,34.36,34.44,24939.0,86634.36
300236.SZ,2017-04-07,34.59,34.59,33.56,34.13,31452.87,107088.08
300236.SZ,2017-04-10,33.7,33.86,31.85,32.23,53610.46,175075.86
300236.SZ,2017-04-11,32.39,32.75,31.91,32.7,26806.33,86659.95
300236.SZ,2017-04-12,32.0,32.57,31.81,31.86,29021.67,92992.28
300236.SZ,2017-04-13,31.96,32.88,31.96,32.46,23569.7,76441.94
300236.SZ,2017-04-14,32.41,32.66,31.76,31.98,16213.23,51888.68
300236.SZ,2017-04-17,31.67,32.28,31.31,31.59,16135.83,51234.36
300236.SZ,2017-04-18,31.66,32.24,30.54,30.79,21907.47,69076.32
300236.SZ,2017-04-19,30.58,30.82,29.0,30.69,23921.13,71721.81
300236.SZ,2017-04-20,30.6,30.75,29.18,29.32,33317.74,99266.63
300236.SZ,2017-04-21,29.38,29.61,27.0,27.53,48788.86,137732.55
300236.SZ,2017-04-24,27.15,27.8,26.08,26.66,28225.91,75973.29
300236.SZ,2017-04-25,26.81,27.35,26.5,26.59,22821.58,61470.09
300236.SZ,2017-04-26,26.7,27.35,26.59,27.32,27323.15,73792.29
300236.SZ,2017-04-27,27.2,28.52,26.71,28.2,41775.33,115981.18
300236.SZ,2017-04-28,28.07,30.75,28.07,29.43,51222.38,149947.4
300236.SZ,2017-05-02,29.6,30.07,29.1,29.65,26760.28,79291.86
300236.SZ,2017-05-03,29.57,29.79,29.12,29.37,17348.07,51034.46
300236.SZ,2017-05-04,29.37,29.98,29.3,29.47,19561.79,58119.61
300236.SZ,2017-05-05,29.31,29.49,28.55,28.77,18124.24,52482.66
300236.SZ,2017-05-08,28.71,30.0,28.53,29.22,27998.88,82391.71
300236.SZ,2017-05-09,29.5,30.27,29.04,30.07,31135.46,93025.05
300236.SZ,2017-05-10,30.16,30.48,29.56,29.56,28479.03,85633.25
300236.SZ,2017-05-11,29.2,30.78,29.0,30.78,56215.88,169277.14
300236.SZ,2017-05-12,31.0,31.06,30.12,30.47,30828.15,93855.38
300236.SZ,2017-05-15,30.57,30.98,29.81,29.83,27455.56,83317.31
300236.SZ,2017-05-16,29.65,31.46,29.36,31.31,39058.03,119032.62
300236.SZ,2017-05-17,31.21,31.94,30.93,31.58,38541.27,121296.2
300236.SZ,2017-05-18,31.31,31.85,30.78,30.81,23590.94,73895.01
300236.SZ,2017-05-19,30.95,32.5,30.41,31.77,29378.67,91354.79
300236.SZ,2017-05-22,31.25,31.33,29.8,29.96,32560.85,99588.56
300236.SZ,2017-05-23,29.97,30.17,28.2,28.25,28923.3,84067.17
300236.SZ,2017-05-24,28.26,29.45,28.1,29.13,23801.37,68746.14
300236.SZ,2017-05-25,29.28,29.28,28.01,29.0,30811.87,88215.22
300236.SZ,2017-05-26,28.8,29.67,28.75,28.88,22261.42,64954.53
300236.SZ,2017-05-31,29.52,29.6,28.41,28.46,16141.9,46889.7
300236.SZ,2017-06-01,28.52,28.9,26.1,27.35,29045.61,80341.01
300236.SZ,2017-06-02,27.2,28.22,26.85,28.0,22437.16,61609.65
300236.SZ,2017-06-05,28.5,30.7,28.28,29.5,41459.75,122285.54
300236.SZ,2017-06-06,29.15,29.86,29.15,29.4,18472.98,54453.86
300236.SZ,2017-06-07,29.65,30.5,29.3,30.1,32315.68,96940.83
300236.SZ,2017-06-08,30.39,30.79,29.55,30.38,34061.85,102607.42
300236.SZ,2017-06-09,30.12,30.25,29.81,30.01,18973.07,56905.84
300236.SZ,2017-06-12,29.62,29.9,28.06,28.38,37954.41,109999.2
300236.SZ,2017-06-13,28.28,29.26,28.1,29.07,20298.76,58622.63
300236.SZ,2017-06-14,28.92,29.1,28.6,28.76,16602.51,47827.66
300236.SZ,2017-06-15,28.62,30.12,28.62,29.5,30669.17,90628.77
300236.SZ,2017-06-16,29.49,29.76,28.81,29.13,22610.98,66003.15
300236.SZ,2017-06-19,29.08,29.47,29.08,29.3,16756.06,49111.4
300236.SZ,2017-06-20,29.3,30.1,29.3,29.48,29491.02,87692.9
300236.SZ,2017-06-21,29.61,29.61,28.5,28.96,30815.6,88866.46
300236.SZ,2017-06-22,28.92,29.1,27.81,27.85,27779.29,79142.45
300236.SZ,2017-06-23,28.26,28.26,27.05,27.66,25794.88,71196.39
300236.SZ,2017-06-26,27.68,28.58,27.25,28.49,22782.92,63775.33
300236.SZ,2017-06-27,28.42,29.2,28.42,28.8,24591.58,70920.16
300236.SZ,2017-06-28,28.6,28.66,28.08,28.27,13110.07,37111.61
300236.SZ,2017-06-29,28.3,28.69,28.24,28.43,11400.0,32467.97
300236.SZ,2017-06-30,28.38,28.38,27.6,28.18,17651.37,49398.84
300236.SZ,2017-07-03,28.28,28.88,27.93,28.6,21670.52,61797.38
300236.SZ,2017-07-04,28.5,28.96,28.37,28.94,24923.64,71543.61
300236.SZ,2017-07-05,28.88,28.96,28.4,28.83,22187.61,63579.28
300236.SZ,2017-07-06,28.95,29.31,28.48,29.07,32702.96,94840.62
300236.SZ,2017-07-07,28.95,30.3,28.83,30.04,58283.37,173246.53
300236.SZ,2017-07-10,30.05,30.31,29.39,29.41,30858.34,91839.71
300236.SZ,2017-07-11,29.35,29.45,28.19,28.2,33710.55,97189.72
300236.SZ,2017-07-12,27.83,28.53,27.83,28.47,22743.47,64014.29
300236.SZ,2017-07-13,28.5,28.5,27.9,28.03,15321.21,43125.61
300236.SZ,2017-07-14,27.82,28.28,27.79,27.95,11630.83,32535.67
300236.SZ,2017-07-17,27.88,27.88,25.3,25.4,44229.59,116698.03
300236.SZ,2017-07-18,25.0,25.65,23.86,25.02,41324.75,101764.46
300236.SZ,2017-07-19,24.98,24.98,24.22,24.84,25803.26,63597.64
300236.SZ,2017-07-20,24.94,25.47,24.56,24.63,22807.66,57163.66
300236.SZ,2017-07-21,24.52,24.94,24.24,24.24,23137.81,56717.29
300236.SZ,2017-07-24,24.28,25.14,23.87,24.87,23508.06,57574.66
300236.SZ,2017-07-25,24.88,25.39,24.54,24.66,22264.56,55475.24
300236.SZ,2017-07-26,24.66,24.9,24.1,24.4,22754.83,55592.25
300236.SZ,2017-07-27,24.31,25.9,24.18,25.64,37306.81,94331.63
300236.SZ,2017-07-28,25.79,26.15,25.2,25.38,31043.79,79721.36
300236.SZ,2017-07-31,25.23,25.98,24.8,25.6,22336.11,56978.14
300236.SZ,2017-08-01,25.5,28.16,25.5,28.16,70285.41,188819.28
300236.SZ,2017-08-02,28.16,29.9,27.19,29.0,122122.86,346829.66
300236.SZ,2017-08-03,28.48,29.39,28.02,28.05,73654.36,211762.42
300236.SZ,2017-08-04,27.7,29.16,27.7,28.08,62838.0,178711.76
300236.SZ,2017-08-07,27.74,30.5,27.74,29.66,84726.91,250441.44
300236.SZ,2017-08-08,29.38,29.98,29.14,29.84,43430.15,128338.92
300236.SZ,2017-08-09,29.6,29.8,29.0,29.17,32181.18,94372.02
300236.SZ,2017-08-10,29.17,29.18,27.79,28.38,52780.57,150183.66
300236.SZ,2017-08-11,28.18,29.08,27.92,28.03,35892.18,102551.77
300236.SZ,2017-08-14,28.0,29.13,27.9,28.81,35244.91,101512.41
300236.SZ,2017-08-15,28.71,29.1,28.23,28.6,31469.36,89766.31
300236.SZ,2017-08-16,28.4,29.6,28.4,29.17,48513.81,142070.01
300236.SZ,2017-08-17,29.28,30.0,29.02,29.6,51100.26,151090.77
300236.SZ,2017-08-18,29.15,29.5,28.61,28.78,37906.37,109847.15
300236.SZ,2017-08-21,29.23,30.15,29.05,29.6,46552.34,138315.15
300236.SZ,2017-08-22,29.68,29.87,28.8,28.92,31817.89,93026.4
300236.SZ,2017-08-23,28.9,29.01,28.28,28.52,24434.21,69905.35
300236.SZ,2017-08-24,28.5,29.02,28.18,28.55,21184.98,60593.76
300236.SZ,2017-08-25,28.6,28.9,28.3,28.82,21895.0,62892.26
300236.SZ,2017-08-28,28.82,29.8,28.7,29.4,34834.64,102783.75
300236.SZ,2017-08-29,29.4,30.49,29.15,30.16,61418.09,183817.77
300236.SZ,2017-08-30,30.1,31.99,29.77,31.46,80955.12,250816.7
300236.SZ,2017-08-31,31.13,31.78,30.93,31.14,43762.82,136990.19
300236.SZ,2017-09-01,31.49,31.87,30.94,31.58,35589.69,111910.51
300236.SZ,2017-09-04,31.68,34.38,31.65,32.58,80831.33,267708.01
300236.SZ,2017-09-05,32.21,33.14,32.2,32.72,45883.03,149975.17
300236.SZ,2017-09-06,32.39,33.9,32.35,33.52,49429.52,164670.02
300236.SZ,2017-09-07,33.42,34.3,32.36,32.36,54918.26,182649.84
300236.SZ,2017-09-08,32.1,32.95,32.04,32.85,33320.04,108151.83
300236.SZ,2017-09-11,32.79,33.37,32.28,32.63,27123.44,88788.52
300236.SZ,2017-09-12,32.52,33.97,32.38,33.38,41681.91,138332.6
300236.SZ,2017-09-13,33.29,33.87,32.82,33.5,39681.11,132643.92
300236.SZ,2017-09-14,33.73,33.79,32.95,32.98,30959.99,103283.83
300236.SZ,2017-09-15,32.95,32.95,31.52,31.66,34802.17,111219.47
300236.SZ,2017-09-18,31.72,33.44,31.7,33.4,36624.01,119578.87
300236.SZ,2017-09-19,33.65,34.67,32.7,32.95,55960.88,188921.44
300236.SZ,2017-09-20,33.43,35.8,32.8,34.9,103528.78,358473.37
300236.SZ,2017-09-21,35.4,36.78,34.12,34.44,92673.04,328369.45
300236.SZ,2017-09-22,34.15,34.4,33.2,33.73,43522.55,147294.27
300236.SZ,2017-09-25,33.65,35.3,33.35,33.64,44952.86,154928.94
300236.SZ,2017-09-26,33.44,33.83,32.36,32.91,39180.94,128679.42
300236.SZ,2017-09-27,32.8,33.36,32.2,32.92,27022.31,88625.48
300236.SZ,2017-09-28,33.2,34.3,33.0,33.33,35150.65,118176.31
300236.SZ,2017-09-29,33.48,35.19,33.2,35.08,50859.31,174692.58
300236.SZ,2017-10-09,35.36,35.9,34.74,34.76,50263.01,176573.41
300236.SZ,2017-10-10,34.81,34.82,34.06,34.76,28946.0,99806.72
300236.SZ,2017-10-11,34.8,34.81,33.05,33.42,38735.28,130803.98
300236.SZ,2017-10-12,33.43,33.93,33.0,33.57,22132.93,74014.26
300236.SZ,2017-10-13,33.73,34.38,33.71,34.05,27150.41,92464.06
300236.SZ,2017-10-16,34.25,34.3,32.03,32.44,33095.16,109227.79
300236.SZ,2017-10-17,32.28,34.5,31.75,34.18,55817.3,185765.56
300236.SZ,2017-10-18,33.83,33.9,32.24,32.85,44900.67,149697.42
300236.SZ,2017-10-19,32.55,33.0,31.8,32.04,25612.89,82742.05
300236.SZ,2017-10-20,32.04,32.69,32.0,32.68,14594.79,47314.9
300236.SZ,2017-10-23,32.76,34.0,32.51,33.96,36505.92,122613.62
300236.SZ,2017-10-24,33.94,33.94,33.0,33.69,20687.97,69119.8
300236.SZ,2017-10-25,33.96,34.53,33.63,34.24,35453.95,121344.41
300236.SZ,2017-10-26,34.18,34.87,33.72,34.55,42925.05,148066.03
300236.SZ,2017-10-27,34.45,34.74,33.71,33.88,24870.81,84917.65
300236.SZ,2017-10-30,33.98,35.22,32.83,35.1,64063.68,220613.26
300236.SZ,2017-10-31,35.0,35.66,34.29,35.66,63849.86,223560.01
300236.SZ,2017-11-01,35.48,38.06,35.42,36.98,88993.95,329139.22
300236.SZ,2017-11-02,36.88,37.25,36.1,36.1,50999.95,187007.11
300236.SZ,2017-11-03,35.8,38.24,35.71,38.1,107858.36,402055.71
300236.SZ,2017-11-06,39.36,41.91,39.25,40.38,194471.25,796487.47
300236.SZ,2017-11-07,40.4,41.11,39.04,40.8,133963.31,538207.83
300236.SZ,2017-11-08,40.47,41.72,39.5,39.52,86441.23,350398.95
300236.SZ,2017-11-09,39.98,40.65,39.0,40.25,86905.45,346205.74
300236.SZ,2017-11-10,39.8,42.03,39.6,40.15,125796.88,514395.82
300236.SZ,2017-11-13,40.78,43.12,40.0,42.71,132544.3,555680.18
300236.SZ,2017-11-14,42.4,42.4,39.81,40.79,111422.8,459734.69
300236.SZ,2017-11-15,40.11,41.18,38.53,39.4,76479.68,304675.59
300236.SZ,2017-11-16,39.3,40.14,38.87,39.91,56915.59,224871.36
300236.SZ,2017-11-17,39.86,40.69,38.2,38.2,80262.49,317416.92
300236.SZ,2017-11-20,38.0,39.66,36.02,39.42,93595.33,353482.21
300236.SZ,2017-11-21,38.99,40.31,38.89,40.28,82317.73,326996.74
300236.SZ,2017-11-22,40.17,42.15,38.78,40.61,99728.41,404406.06
300236.SZ,2017-11-23,39.86,40.25,36.56,36.94,86518.19,334637.38
300236.SZ,2017-11-24,36.03,36.88,34.87,34.9,78955.47,284569.94
300236.SZ,2017-11-27,34.32,34.77,33.45,33.66,52264.06,178666.41
300236.SZ,2017-11-28,33.78,35.36,33.71,35.25,47728.14,164948.97
300236.SZ,2017-11-29,33.68,34.09,32.0,33.13,80288.87,264939.37
300236.SZ,2017-11-30,32.82,33.67,32.6,33.2,43107.67,143300.79
300236.SZ,2017-12-01,32.8,34.7,32.8,34.06,49569.05,169153.58
300236.SZ,2017-12-04,34.06,34.49,32.0,32.6,44803.02,148764.19
300236.SZ,2017-12-05,32.32,33.23,31.43,32.0,42611.62,137732.92
300236.SZ,2017-12-06,32.22,33.75,32.2,33.64,49428.62,163376.28
300236.SZ,2017-12-07,33.6,34.46,33.2,33.61,50434.02,170624.98
300236.SZ,2017-12-08,33.38,34.83,33.1,33.8,55313.15,188983.3
300236.SZ,2017-12-11,33.75,34.79,33.63,34.56,55538.66,191133.33
300236.SZ,2017-12-12,34.95,38.02,34.8,36.52,137359.86,507659.36
300236.SZ,2017-12-13,36.15,37.98,36.14,37.86,126060.35,467956.48
300236.SZ,2017-12-14,37.5,37.8,36.58,37.49,103578.58,385241.96
300236.SZ,2017-12-15,37.28,37.5,35.51,36.21,101012.44,368505.86
300236.SZ,2017-12-18,35.94,36.25,32.72,33.38,102377.72,350417.03
300236.SZ,2017-12-19,33.37,34.42,33.34,33.85,50150.82,169904.61
300236.SZ,2017-12-20,33.9,35.0,33.58,33.63,68112.92,233934.77
300236.SZ,2017-12-21,34.27,35.09,33.12,34.58,80697.35,278305.76
300236.SZ,2017-12-22,35.04,35.56,34.2,34.22,74738.73,260613.17
300236.SZ,2017-12-25,34.65,34.9,33.43,34.59,58711.42,201912.86
300236.SZ,2017-12-26,34.37,34.76,33.49,34.69,65458.0,223349.59
300236.SZ,2017-12-27,34.49,34.49,33.57,33.8,43319.0,147502.23
300236.SZ,2017-12-28,33.5,34.32,32.6,32.85,49338.3,164785.09
300236.SZ,2017-12-29,32.92,34.25,32.66,34.09,52730.26,177632.87
300236.SZ,2018-01-02,34.48,35.4,33.88,34.81,63524.03,220054.25
300236.SZ,2018-01-03,34.81,35.68,34.56,35.4,71112.15,250622.19
300236.SZ,2018-01-04,35.26,35.99,34.8,35.1,68231.09,241904.57
300236.SZ,2018-01-05,35.1,35.27,33.45,33.9,65456.37,223967.03
300236.SZ,2018-01-08,33.98,34.09,33.12,33.82,37056.37,123966.47
300236.SZ,2018-01-09,33.78,33.96,33.4,33.75,25962.36,87312.09
300236.SZ,2018-01-10,33.75,34.23,32.7,33.28,35596.47,118996.99
300236.SZ,2018-01-11,32.98,33.75,32.53,33.52,32022.7,106584.2
300236.SZ,2018-01-12,33.4,33.4,30.56,30.57,93938.45,298548.14
300236.SZ,2018-01-15,30.3,30.3,28.09,28.46,67795.41,196389.87
300236.SZ,2018-01-16,28.21,28.95,28.2,28.75,35457.68,101471.25
300236.SZ,2018-01-17,28.69,29.67,27.82,29.13,44433.98,128092.47
300236.SZ,2018-01-18,28.9,29.43,28.78,29.01,20692.62,60286.56
300236.SZ,2018-01-19,28.8,30.35,28.68,30.34,46099.65,136405.22
300236.SZ,2018-01-22,30.0,30.4,29.45,30.12,45021.54,134996.09
300236.SZ,2018-01-23,30.0,30.36,29.5,29.65,23609.16,70458.83
300236.SZ,2018-01-24,29.64,30.4,29.53,30.24,39005.2,117586.59
300236.SZ,2018-01-25,30.1,30.4,29.57,29.57,26541.34,79543.4
300236.SZ,2018-01-26,29.08,29.55,28.35,28.4,38529.6,111271.14
300236.SZ,2018-01-29,28.43,29.26,27.51,27.94,38978.71,110024.7
300236.SZ,2018-01-30,28.0,28.32,27.82,28.06,16719.56,46980.91
300236.SZ,2018-01-31,28.03,28.2,26.63,26.66,31982.67,87006.75
300236.SZ,2018-02-01,26.79,27.2,26.09,26.6,23469.5,62767.68
300236.SZ,2018-02-02,26.68,27.1,26.02,26.27,28371.43,75479.44
300236.SZ,2018-02-05,25.58,26.3,24.27,25.51,18758.84,48187.81
300236.SZ,2018-02-06,24.56,25.4,23.15,23.16,39315.17,95577.38
300236.SZ,2018-02-07,24.0,24.09,22.81,23.74,35572.62,84015.84
300236.SZ,2018-02-08,23.61,24.75,23.55,24.53,32651.16,79535.28
300236.SZ,2018-02-09,23.61,26.0,23.58,24.89,52880.71,132619.98
300236.SZ,2018-02-12,25.2,25.67,24.56,25.55,44614.12,113262.64
300236.SZ,2018-02-13,25.4,25.66,25.1,25.16,28204.15,71570.69
300236.SZ,2018-02-14,25.01,25.26,24.76,24.88,14013.19,34915.2
300236.SZ,2018-02-22,25.2,25.93,25.02,25.77,28670.68,73354.45
300236.SZ,2018-02-23,25.77,25.77,25.1,25.4,21001.16,53394.82
300236.SZ,2018-02-26,26.0,27.94,26.0,27.94,36097.8,98427.29
300236.SZ,2018-02-27,30.73,30.73,30.42,30.73,76606.7,235244.5
300236.SZ,2018-02-28,30.9,31.98,30.74,31.1,199662.02,625855.97
300236.SZ,2018-03-01,30.41,32.77,30.41,32.06,181498.24,575838.99
300236.SZ,2018-03-02,31.52,34.95,31.51,33.43,190180.48,624092.72
300236.SZ,2018-03-05,33.06,34.3,32.82,33.95,148971.09,499631.3
300236.SZ,2018-03-06,33.56,34.5,32.86,33.35,142155.42,477127.82
300236.SZ,2018-03-07,33.08,34.48,32.84,34.0,139634.18,471447.83
300236.SZ,2018-03-08,33.55,33.95,33.06,33.57,95255.0,317930.77
300236.SZ,2018-03-09,33.36,35.18,33.17,34.66,156068.09,534358.84
300236.SZ,2018-03-12,34.6,35.85,34.21,35.3,153220.98,535756.62
300236.SZ,2018-03-13,34.88,36.55,34.4,34.96,132651.97,471456.33
300236.SZ,2018-03-14,34.45,34.59,32.8,33.0,118588.36,401044.35
300236.SZ,2018-03-15,32.85,34.16,32.85,34.1,106209.85,356505.82
300236.SZ,2018-03-16,33.9,34.58,33.3,34.12,101199.01,343831.34
300236.SZ,2018-03-19,33.85,35.78,33.6,34.42,121906.11,425246.9
300236.SZ,2018-03-20,33.82,35.4,33.0,35.09,95711.49,326069.87
300236.SZ,2018-03-21,35.39,35.77,33.28,33.28,110740.62,385969.79
300236.SZ,2018-03-22,33.21,34.11,32.18,32.54,106226.91,352538.2
300236.SZ,2018-03-23,30.98,32.0,29.29,30.0,114099.94,350068.74
300236.SZ,2018-03-26,30.21,32.69,30.21,32.15,106425.38,337608.1
300236.SZ,2018-03-27,32.35,34.5,32.35,34.49,150898.68,506944.54
300236.SZ,2018-03-28,33.8,34.6,33.63,33.8,92073.01,313159.57
300236.SZ,2018-03-29,34.33,35.15,33.71,34.44,97840.94,336371.12
300236.SZ,2018-03-30,34.66,36.49,34.07,36.4,166235.13,589676.21
300236.SZ,2018-04-02,37.19,38.9,35.81,36.66,187662.1,698416.91
300236.SZ,2018-04-03,35.8,36.29,34.9,36.25,105086.31,375616.88
300236.SZ,2018-04-04,37.8,38.05,35.71,35.71,111535.1,411794.95
300236.SZ,2018-04-09,35.33,36.65,35.26,36.01,77946.88,281322.99
300236.SZ,2018-04-10,35.31,35.5,32.83,33.51,131914.14,446286.44
300236.SZ,2018-04-11,33.98,34.15,33.31,33.31,64011.03,215598.97
300236.SZ,2018-04-12,33.09,34.1,33.09,33.5,56696.79,190785.17
300236.SZ,2018-04-13,33.8,34.96,32.88,34.91,98334.23,334751.82
300236.SZ,2018-04-16,34.51,35.85,33.88,35.61,102118.38,357218.36
300236.SZ,2018-04-17,35.82,36.66,34.5,35.01,112357.04,400245.8
300236.SZ,2018-04-18,36.0,38.47,35.42,37.84,189032.41,698584.07
300236.SZ,2018-04-19,37.77,39.3,36.91,36.95,196141.62,749158.56
300236.SZ,2018-04-20,36.89,39.49,36.89,38.71,194079.52,746694.86
300236.SZ,2018-04-23,38.34,38.39,35.7,36.34,144937.85,539209.15
300236.SZ,2018-04-24,36.11,39.97,36.11,39.97,229924.72,896697.81
300236.SZ,2018-04-25,39.38,40.2,38.56,39.55,171904.52,678816.42
300236.SZ,2018-04-26,39.48,41.0,38.93,39.27,175017.2,700356.69
300236.SZ,2018-04-27,39.81,40.25,36.52,37.6,124904.66,476426.01
300236.SZ,2018-05-02,37.57,38.19,36.42,37.5,84739.79,314971.48
300236.SZ,2018-05-03,37.14,38.04,35.16,37.51,103318.11,377952.38
300236.SZ,2018-05-04,37.15,38.94,36.76,37.51,94455.26,357988.0
300236.SZ,2018-05-07,36.68,38.5,35.77,38.48,109338.86,406152.61
300236.SZ,2018-05-08,38.38,38.38,37.0,37.63,98442.78,370904.81
300236.SZ,2018-05-09,37.6,40.38,37.31,39.02,147620.37,579251.13
300236.SZ,2018-05-10,38.6,39.84,38.34,39.62,116495.98,455710.34
300236.SZ,2018-05-11,39.62,39.8,38.55,38.55,80456.13,314875.05
300236.SZ,2018-05-14,37.1,38.1,34.7,35.0,168397.54,609681.25
300236.SZ,2018-05-15,34.51,35.7,34.51,35.46,69638.85,244939.98
300236.SZ,2018-05-16,35.19,35.79,35.01,35.07,50232.98,177835.25
300236.SZ,2018-05-17,35.02,35.72,35.02,35.25,38980.01,137659.46
300236.SZ,2018-05-18,35.28,35.38,33.26,34.21,72788.44,249298.12
300236.SZ,2018-05-21,34.5,35.52,34.01,35.46,70370.66,246902.83
300236.SZ,2018-05-22,35.38,35.71,34.8,35.33,57300.63,202013.27
300236.SZ,2018-05-23,35.33,36.1,35.2,35.35,78619.17,280365.19
300236.SZ,2018-05-24,35.33,35.33,33.91,33.96,67114.75,232040.99
300236.SZ,2018-05-25,33.71,34.79,33.09,33.15,47521.16,159990.17
300236.SZ,2018-05-28,33.15,33.4,32.33,32.45,43173.98,141506.72
300236.SZ,2018-05-29,32.45,33.1,31.77,32.04,42390.07,137087.34
300236.SZ,2018-05-30,31.51,32.8,30.59,30.8,57282.46,183360.89
300236.SZ,2018-05-31,31.3,31.44,29.9,31.25,49977.22,153709.8
300236.SZ,2018-06-01,30.6,31.2,29.88,30.28,38449.34,117241.3
300236.SZ,2018-06-04,30.37,31.52,30.15,30.85,44836.04,138745.5
300236.SZ,2018-06-05,31.3,32.1,31.25,31.97,59506.76,189114.28
300236.SZ,2018-06-06,31.93,31.93,31.4,31.6,40275.35,127414.03
300236.SZ,2018-06-07,31.89,31.89,30.18,30.36,58955.01,181183.71
300236.SZ,2018-06-08,30.06,30.7,29.5,30.66,46187.93,139330.89
300236.SZ,2018-06-11,30.3,31.08,30.16,30.4,27493.78,83899.48
300236.SZ,2018-06-12,30.31,30.95,30.11,30.79,34439.51,105540.3
300236.SZ,2018-06-13,30.98,31.78,30.6,30.64,58472.61,182670.79
300236.SZ,2018-06-14,30.0,31.25,29.6,31.1,52825.57,162160.23
300236.SZ,2018-06-15,31.2,31.71,30.29,31.21,61434.75,190811.79
300236.SZ,2018-06-19,30.43,31.66,27.97,28.46,87646.83,261329.67
300236.SZ,2018-06-20,28.32,29.23,27.88,28.75,54545.45,155707.89
300236.SZ,2018-06-21,28.5,28.71,26.41,26.5,65656.01,180297.78
300236.SZ,2018-06-22,26.15,27.1,25.9,27.0,40956.87,109191.7
300236.SZ,2018-06-25,27.53,27.53,26.4,26.41,34077.07,91809.46
300236.SZ,2018-06-26,25.9,27.72,25.76,27.52,59850.16,161806.3
300236.SZ,2018-06-27,27.88,30.0,27.75,28.69,91886.11,263033.32
300236.SZ,2018-06-28,28.45,29.54,28.45,28.72,64302.42,186581.15
300236.SZ,2018-06-29,29.0,30.85,28.53,30.63,91911.51,273798.57
300236.SZ,2018-07-02,30.43,30.59,29.6,29.94,67869.14,204325.31
300236.SZ,2018-07-03,29.91,31.84,29.55,31.36,97371.36,299955.68
300236.SZ,2018-07-04,30.91,31.15,29.65,30.05,70138.68,213247.0
300236.SZ,2018-07-05,29.8,30.5,29.03,29.24,51407.02,152894.83
300236.SZ,2018-07-06,29.51,30.98,29.35,29.56,76136.51,229527.82
300236.SZ,2018-07-09,29.75,30.63,29.51,30.4,53016.5,160686.53
300236.SZ,2018-07-10,30.28,30.79,30.03,30.73,48506.99,147532.05
300236.SZ,2018-07-11,30.0,30.21,28.11,28.97,78748.0,230031.22
300236.SZ,2018-07-12,28.9,31.24,28.8,30.69,91753.87,278927.85
300236.SZ,2018-07-13,29.33,29.93,28.95,29.29,113528.54,333719.58
300236.SZ,2018-07-16,29.49,30.52,29.42,29.86,72466.35,216760.11
300236.SZ,2018-07-17,29.7,30.75,29.68,30.21,69803.01,210834.8
300236.SZ,2018-07-18,30.34,30.97,29.52,29.57,63068.58,190267.07
300236.SZ,2018-07-19,29.33,29.8,28.9,29.1,47155.26,137567.06
300236.SZ,2018-07-20,29.15,29.65,28.78,29.43,40139.05,117914.18
300236.SZ,2018-07-23,29.49,30.47,29.2,30.1,59199.58,177401.53
300236.SZ,2018-07-24,30.19,30.47,29.67,30.44,65187.29,196590.41
300236.SZ,2018-07-25,30.31,32.2,30.29,31.86,131583.7,411978.42
300236.SZ,2018-07-26,31.75,31.75,30.75,30.91,77087.88,240587.12
300236.SZ,2018-07-27,30.69,31.89,30.61,31.42,69692.96,218344.22
300236.SZ,2018-07-30,31.35,31.67,30.21,30.56,47891.34,147283.14
300236.SZ,2018-07-31,30.48,30.99,28.02,28.4,92221.14,267974.29
300236.SZ,2018-08-01,28.04,29.03,27.87,28.08,50298.16,143210.45
300236.SZ,2018-08-02,28.1,28.12,26.75,27.4,44883.89,122745.36
300236.SZ,2018-08-03,27.5,27.55,26.58,26.58,31168.97,84075.66
300236.SZ,2018-08-06,26.4,26.87,25.8,26.14,31768.02,83576.51
300236.SZ,2018-08-07,26.9,27.09,26.01,26.9,31106.88,83002.6
300236.SZ,2018-08-08,26.9,27.2,26.12,26.18,31004.97,82820.78
300236.SZ,2018-08-09,26.39,27.85,26.12,27.52,53142.81,145320.5
300236.SZ,2018-08-10,27.42,27.82,27.21,27.61,36753.0,101062.88
300236.SZ,2018-08-13,26.68,27.93,26.4,27.69,57665.69,156430.05
300236.SZ,2018-08-14,27.49,27.58,26.93,27.03,29615.36,80621.41
300236.SZ,2018-08-15,27.0,27.26,26.52,26.61,30096.0,80898.59
300236.SZ,2018-08-16,26.05,26.94,25.83,26.21,23829.0,62984.36
300236.SZ,2018-08-17,26.7,26.98,25.9,25.98,27744.0,73261.62
300236.SZ,2018-08-20,25.6,26.19,25.11,25.99,29325.68,75291.58
300236.SZ,2018-08-21,25.98,26.24,25.53,25.99,29081.7,75337.46
300236.SZ,2018-08-22,26.01,26.19,25.45,25.51,22434.01,57876.35
300236.SZ,2018-08-23,25.5,26.19,25.5,25.86,28093.8,72890.69
300236.SZ,2018-08-24,25.76,26.01,25.31,25.34,20561.0,52703.49
300236.SZ,2018-08-27,25.3,26.08,25.26,25.97,26542.16,68487.16
300236.SZ,2018-08-28,26.23,26.4,25.98,26.18,22753.51,59511.09
300236.SZ,2018-08-29,26.28,26.63,26.02,26.28,24830.0,65514.21
300236.SZ,2018-08-30,26.2,26.46,25.48,25.48,20839.34,53695.05
300236.SZ,2018-08-31,25.43,25.7,25.12,25.14,14079.34,35757.08
300236.SZ,2018-09-03,25.14,25.14,23.8,24.39,30046.61,72961.61
300236.SZ,2018-09-04,24.37,25.0,24.13,24.86,25605.01,62963.19
300236.SZ,2018-09-05,24.75,24.75,23.66,23.85,25335.2,61361.01
300236.SZ,2018-09-06,23.6,24.67,23.54,24.06,27248.62,65840.78
300236.SZ,2018-09-07,24.2,24.5,23.24,23.91,30627.89,73143.51
300236.SZ,2018-09-10,24.27,24.39,23.35,23.35,27724.0,66108.77
300236.SZ,2018-09-11,23.17,23.64,23.08,23.23,21405.65,49847.37
300236.SZ,2018-09-12,23.25,23.55,22.81,22.88,21083.0,48824.16
300236.SZ,2018-09-13,23.16,23.33,22.81,23.28,22165.0,51222.3
300236.SZ,2018-09-14,23.56,23.6,22.63,22.63,22785.28,52357.8
300236.SZ,2018-09-17,22.47,22.47,21.35,21.45,23653.0,51732.33
300236.SZ,2018-09-18,21.3,22.3,21.29,22.07,23759.93,51945.58
300236.SZ,2018-09-19,22.2,23.12,21.98,22.7,34749.0,78581.63
300236.SZ,2018-09-20,22.72,23.11,22.5,23.08,26870.0,61443.13
300236.SZ,2018-09-21,23.21,23.21,22.47,23.0,29382.0,67113.76
300236.SZ,2018-09-25,22.7,23.18,22.6,22.73,15893.0,36299.15
300236.SZ,2018-09-26,22.67,23.09,22.56,22.71,21435.42,48861.91
300236.SZ,2018-09-27,22.84,22.95,21.96,21.99,24073.95,53886.96
300236.SZ,2018-09-28,22.03,22.8,22.03,22.8,29757.21,67226.98
300236.SZ,2018-10-08,22.32,22.44,20.63,20.65,38015.6,81706.63
300236.SZ,2018-10-09,20.65,21.68,20.44,20.88,20844.0,43265.73
300236.SZ,2018-10-10,20.9,21.67,20.63,20.94,20974.95,44164.4
300236.SZ,2018-10-11,19.7,19.89,18.85,18.85,37167.42,71719.05
300236.SZ,2018-10-12,18.82,18.99,17.4,18.32,38992.13,71142.28
300236.SZ,2018-10-15,17.92,19.08,17.92,18.4,24145.0,45005.31
300236.SZ,2018-10-16,18.12,18.85,17.88,18.0,19432.0,35630.36
300236.SZ,2018-10-17,18.5,18.59,17.4,18.42,32705.0,59541.19
300236.SZ,2018-10-18,18.33,18.38,17.55,17.61,21969.0,39342.54
300236.SZ,2018-10-19,17.01,18.25,17.01,18.2,26206.5,46814.16
300236.SZ,2018-10-22,18.51,19.37,18.29,18.88,36222.85,68272.64
300236.SZ,2018-10-23,18.91,18.98,17.64,17.86,30309.15,55381.57
300236.SZ,2018-10-24,17.96,19.39,17.81,18.72,58935.39,110582.43
300236.SZ,2018-10-25,18.0,18.07,17.0,17.57,53024.01,93162.34
300236.SZ,2018-10-26,18.0,18.18,17.62,17.79,27944.34,50003.39
300236.SZ,2018-10-29,17.78,18.28,17.5,17.71,26172.75,46681.27
300236.SZ,2018-10-30,17.21,17.5,16.2,16.92,42706.9,72024.52
300236.SZ,2018-10-31,17.02,18.61,17.02,18.61,57203.3,102962.06
300236.SZ,2018-11-01,18.89,19.88,18.69,18.71,95075.51,182571.23
300236.SZ,2018-11-02,19.05,19.47,18.82,19.25,62717.42,120282.77
300236.SZ,2018-11-05,19.3,19.7,18.62,18.97,55780.41,107198.17
300236.SZ,2018-11-06,19.03,19.18,18.44,18.99,41249.0,77327.29
300236.SZ,2018-11-07,19.0,19.37,18.75,19.0,51011.16,97373.68
300236.SZ,2018-11-08,19.18,19.47,18.88,18.99,42112.49,80716.34
300236.SZ,2018-11-09,18.8,19.28,18.8,18.98,30374.64,57843.45
300236.SZ,2018-11-12,19.04,19.47,18.5,19.42,41550.06,79716.22
300236.SZ,2018-11-13,19.05,20.48,18.98,19.87,83048.86,163832.38
300236.SZ,2018-11-14,20.88,21.86,20.61,21.86,122334.67,261260.2
300236.SZ,2018-11-15,24.05,24.05,24.05,24.05,48761.0,117270.21
300236.SZ,2018-11-16,26.46,26.46,24.73,25.56,288637.36,748436.59
300236.SZ,2018-11-19,25.0,25.34,24.01,24.68,155073.09,383864.58
300236.SZ,2018-11-20,24.12,26.49,24.11,25.2,184335.96,473629.53
300236.SZ,2018-11-21,26.0,27.01,24.1,24.74,141262.15,358849.21
300236.SZ,2018-11-22,26.1,27.21,25.74,27.21,200831.57,537042.37
300236.SZ,2018-11-23,25.9,26.8,25.0,25.6,190577.14,495537.46
300236.SZ,2018-11-26,27.2,28.16,26.83,27.2,233893.55,648808.07
300236.SZ,2018-11-27,26.62,28.86,26.28,27.51,207297.03,567050.2
300236.SZ,2018-11-28,27.12,27.8,25.33,25.5,167354.39,437277.29
300236.SZ,2018-11-29,25.5,26.57,25.16,25.24,119166.47,309076.21
300236.SZ,2018-11-30,25.21,25.98,24.07,25.54,112376.45,280740.8
300236.SZ,2018-12-03,26.27,27.57,25.76,26.56,150207.08,399801.0
300236.SZ,2018-12-04,26.4,28.87,26.4,27.76,174899.59,478637.59
300236.SZ,2018-12-05,25.96,26.67,25.58,25.8,133750.18,349762.8
300236.SZ,2018-12-06,25.8,27.15,25.69,26.19,105967.93,280425.98
300236.SZ,2018-12-07,26.35,26.88,25.41,25.85,78930.24,205743.47
300236.SZ,2018-12-10,25.85,26.58,25.85,26.12,63850.91,167404.03
300236.SZ,2018-12-11,26.25,26.69,25.85,26.19,78277.93,205526.56
300236.SZ,2018-12-12,26.02,26.39,25.1,25.38,79401.11,203128.21
300236.SZ,2018-12-13,25.36,25.49,24.45,24.57,83360.0,206969.8
300236.SZ,2018-12-14,24.54,25.06,23.9,24.1,62984.88,154052.72
300236.SZ,2018-12-17,24.14,24.55,23.75,24.28,47459.67,115220.41
300236.SZ,2018-12-18,24.18,24.42,23.13,23.99,59130.76,140286.15
300236.SZ,2018-12-19,23.85,24.31,23.65,23.92,42936.13,103184.01
300236.SZ,2018-12-20,24.1,24.93,24.1,24.7,75696.97,185581.13
300236.SZ,2018-12-21,25.0,25.23,24.15,24.4,60919.23,150632.92
300236.SZ,2018-12-24,24.39,24.42,23.31,23.85,44922.3,106970.92
300236.SZ,2018-12-25,23.4,24.4,23.07,24.16,52041.5,123565.12
300236.SZ,2018-12-26,24.29,24.43,23.82,24.25,52494.36,126912.1
300236.SZ,2018-12-27,24.4,24.45,22.55,22.55,69435.23,163074.65
300236.SZ,2018-12-28,22.52,24.81,22.3,24.81,74942.8,178154.89
300236.SZ,2019-01-02,25.36,26.1,24.8,25.35,136147.82,345247.03
300236.SZ,2019-01-03,25.15,25.72,24.42,24.78,85235.46,212861.82
300236.SZ,2019-01-04,24.61,26.08,24.5,25.77,115245.86,294784.76
300236.SZ,2019-01-07,25.4,26.26,25.02,25.83,107736.84,276931.0
300236.SZ,2019-01-08,25.59,26.09,25.2,25.55,64018.02,163779.66
300236.SZ,2019-01-09,25.4,26.68,25.28,25.8,101672.02,264263.59
300236.SZ,2019-01-10,25.54,25.91,25.1,25.11,56973.08,144935.34
300236.SZ,2019-01-11,25.25,25.66,24.97,24.98,43964.76,111240.4
300236.SZ,2019-01-14,25.28,25.68,24.95,25.01,43170.42,109214.51
300236.SZ,2019-01-15,25.0,25.45,24.6,25.43,44986.37,112724.54
300236.SZ,2019-01-16,25.65,25.69,24.94,25.04,47687.51,120680.71
300236.SZ,2019-01-17,25.3,27.54,25.16,25.91,126751.91,333294.33
300236.SZ,2019-01-18,25.6,25.97,25.0,25.44,74998.26,191023.46
300236.SZ,2019-01-21,25.21,25.66,25.05,25.31,41403.9,104800.88
300236.SZ,2019-01-22,25.28,25.6,25.06,25.1,44348.0,112228.27
300236.SZ,2019-01-23,24.75,25.2,24.2,25.0,62702.66,155128.7
300236.SZ,2019-01-24,25.61,26.58,25.32,25.56,142274.3,369974.92
300236.SZ,2019-01-25,25.25,26.43,25.15,25.62,93069.64,240779.97
300236.SZ,2019-01-28,25.91,25.96,24.84,24.86,70924.34,178857.98
300236.SZ,2019-01-29,24.82,25.06,23.31,24.03,60814.39,146413.31
300236.SZ,2019-01-30,24.01,24.17,23.09,23.14,34592.05,81814.59
300236.SZ,2019-01-31,23.65,23.98,22.43,22.93,46220.16,107232.64
300236.SZ,2019-02-01,22.98,24.65,22.98,24.41,54933.33,132280.09
300236.SZ,2019-02-11,24.68,25.46,24.36,25.3,54196.58,136326.54
300236.SZ,2019-02-12,25.25,25.57,25.15,25.34,43957.0,111222.08
300236.SZ,2019-02-13,25.37,26.43,25.2,26.2,104685.26,271784.96
300236.SZ,2019-02-14,26.88,27.15,26.15,26.18,104659.48,278180.57
300236.SZ,2019-02-15,25.9,26.64,25.79,26.23,64784.35,170296.25
300236.SZ,2019-02-18,26.25,27.12,26.13,27.0,90000.91,241211.93
300236.SZ,2019-02-19,27.0,27.36,26.41,26.73,89292.35,239814.24
300236.SZ,2019-02-20,26.6,26.65,25.8,26.21,54409.56,142198.16
300236.SZ,2019-02-21,26.39,27.1,25.95,26.18,84597.62,224614.54
300236.SZ,2019-02-22,26.12,27.78,25.82,27.75,126152.82,340900.14
300236.SZ,2019-02-25,29.07,30.37,28.18,30.35,148849.68,438141.61
300236.SZ,2019-02-26,29.67,32.28,29.2,30.01,148708.12,454469.64
300236.SZ,2019-02-27,30.48,31.42,29.88,30.91,120928.26,371613.28
300236.SZ,2019-02-28,29.9,30.49,28.78,29.21,106714.5,315635.62
300236.SZ,2019-03-01,29.14,29.5,28.53,29.38,57477.4,167456.44
300236.SZ,2019-03-04,31.0,31.4,29.88,30.01,126487.14,387113.47
300236.SZ,2019-03-05,29.57,32.83,29.55,32.59,154436.69,490990.36
300236.SZ,2019-03-06,32.12,32.91,31.11,31.96,141269.63,448924.58
300236.SZ,2019-03-07,31.6,32.56,31.18,31.99,125114.36,398756.03
300236.SZ,2019-03-08,31.27,35.05,30.85,33.21,184064.97,620166.92
300236.SZ,2019-03-11,34.29,36.0,33.6,34.44,150537.18,523290.21
300236.SZ,2019-03-12,34.95,36.35,34.31,35.63,146291.52,516339.74
300236.SZ,2019-03-13,35.3,38.19,34.65,35.67,173875.72,632535.65
300236.SZ,2019-03-14,35.12,37.52,33.79,35.9,152918.81,547659.52
300236.SZ,2019-03-15,36.59,37.88,36.15,37.49,145140.81,535756.28
300236.SZ,2019-03-18,38.0,38.4,35.68,36.38,127226.33,465812.77
300236.SZ,2019-03-19,33.55,34.88,32.74,32.74,254367.0,845054.53
300236.SZ,2019-03-20,32.88,33.49,32.03,32.91,121808.93,397905.67
300236.SZ,2019-03-21,36.2,36.2,36.2,36.2,41288.57,149464.62
300236.SZ,2019-03-22,39.82,39.82,39.82,39.82,10694.08,42583.83
300236.SZ,2019-03-25,43.8,43.8,43.8,43.8,17411.01,76260.22
300236.SZ,2019-03-26,48.18,48.18,42.92,43.8,357485.74,1651797.53
300236.SZ,2019-03-27,43.55,45.49,41.61,43.88,227438.28,994577.39
300236.SZ,2019-03-28,44.0,46.5,43.65,44.39,194312.33,875070.85
300236.SZ,2019-03-29,42.19,42.8,40.0,41.8,172907.41,718035.25
300236.SZ,2019-04-01,41.81,43.5,41.12,42.79,133861.29,567659.78
300236.SZ,2019-04-02,42.28,44.03,41.5,41.89,132033.05,566715.95
300236.SZ,2019-04-03,40.5,41.49,40.1,40.97,96026.55,391576.34
300236.SZ,2019-04-04,40.98,41.35,39.79,40.19,97983.28,394515.66
300236.SZ,2019-04-08,40.06,40.96,39.41,39.59,86364.5,345714.44
300236.SZ,2019-04-09,40.0,41.48,39.6,41.18,114612.8,468509.12
300236.SZ,2019-04-10,40.1,41.44,39.9,40.02,67659.09,273917.67
300236.SZ,2019-04-11,39.6,39.7,37.57,37.88,94512.39,363220.18
300236.SZ,2019-04-12,37.91,38.88,37.83,38.02,49551.78,189864.32
300236.SZ,2019-04-15,38.55,38.78,37.0,37.01,49315.49,187326.47
300236.SZ,2019-04-16,36.55,38.13,36.4,38.09,50486.44,189922.58
300236.SZ,2019-04-17,38.8,39.35,38.03,38.24,58364.01,225954.06
300236.SZ,2019-04-18,38.02,38.1,37.03,37.33,47737.57,178342.14
300236.SZ,2019-04-19,37.33,38.2,36.48,38.04,58939.64,219981.94
300236.SZ,2019-04-22,38.7,39.14,37.84,38.32,68094.6,262694.9
300236.SZ,2019-04-23,37.96,39.16,37.77,38.31,58718.66,227544.81
300236.SZ,2019-04-24,38.23,39.75,36.79,39.72,88640.46,342506.83
300236.SZ,2019-04-25,40.0,40.5,38.84,38.84,79519.02,316279.94
300236.SZ,2019-04-26,38.17,38.17,36.68,36.87,64324.74,240075.67
300236.SZ,2019-04-29,37.02,37.48,35.01,35.18,49124.92,177117.58
300236.SZ,2019-04-30,34.34,36.11,34.34,35.99,33338.93,118803.11
300236.SZ,2019-05-06,33.34,34.59,32.39,32.39,59669.53,199154.88
300236.SZ,2019-05-07,32.42,33.1,30.39,31.35,60874.0,193486.01
300236.SZ,2019-05-08,30.1,32.7,30.1,31.4,67265.6,213897.02
300236.SZ,2019-05-09,31.77,32.77,31.71,31.87,68803.5,221517.04
300236.SZ,2019-05-10,32.77,34.09,31.2,33.98,100129.75,330757.76
300236.SZ,2019-05-13,33.27,34.17,33.24,33.36,59035.19,198470.64
300236.SZ,2019-05-14,32.96,34.18,32.81,33.37,55945.32,189043.53
300236.SZ,2019-05-15,34.01,34.18,33.5,33.67,43303.93,146101.75
300236.SZ,2019-05-16,33.8,33.81,33.1,33.22,36514.67,121974.67
300236.SZ,2019-05-17,33.6,34.58,33.11,33.5,79082.62,267528.99
300236.SZ,2019-05-20,34.7,36.85,34.01,36.18,126532.24,454688.71
300236.SZ,2019-05-21,35.0,35.87,34.33,35.61,94967.16,333492.17
300236.SZ,2019-05-22,35.4,36.09,34.88,35.56,67861.96,240725.93
300236.SZ,2019-05-23,36.01,36.77,35.41,36.11,102039.87,368357.13
300236.SZ,2019-05-24,35.1,35.88,33.99,33.99,65647.89,228506.45
300236.SZ,2019-05-27,33.55,36.44,33.55,36.05,89010.34,315516.39
300236.SZ,2019-05-28,36.62,37.79,35.78,35.96,104412.33,383000.48
300236.SZ,2019-05-29,35.62,37.0,35.6,36.22,68722.05,250489.19
300236.SZ,2019-05-30,35.8,35.84,34.7,35.57,67488.19,238006.36
300236.SZ,2019-05-31,35.52,35.99,34.92,34.94,47395.8,167327.2
300236.SZ,2019-06-03,35.3,35.4,34.57,34.7,36291.29,126782.1
300236.SZ,2019-06-04,34.48,35.18,33.53,33.8,35662.39,122849.35
300236.SZ,2019-06-05,34.43,34.48,33.44,33.6,31145.34,105709.75
300236.SZ,2019-06-06,33.69,33.79,31.85,31.92,43050.84,139783.11
300236.SZ,2019-06-10,32.19,32.8,31.81,32.4,30067.65,97437.41
300236.SZ,2019-06-11,32.72,33.79,32.23,33.62,37116.79,123031.52
300236.SZ,2019-06-12,33.51,34.36,33.21,34.04,37574.52,127820.95
300236.SZ,2019-06-13,34.34,34.7,34.04,34.18,33975.74,116660.33
300236.SZ,2019-06-14,34.0,34.25,32.85,32.89,32147.98,107675.25
300236.SZ,2019-06-17,33.0,33.0,32.08,32.26,19388.0,62925.33
300236.SZ,2019-06-18,32.26,32.48,31.98,32.08,16758.77,53925.26
300236.SZ,2019-06-19,33.11,33.88,32.77,32.79,40647.05,135056.25
300236.SZ,2019-06-20,32.77,33.51,32.58,33.27,32833.17,108908.13
300236.SZ,2019-06-21,33.78,34.27,33.46,33.83,38993.63,132096.15
300236.SZ,2019-06-24,33.69,34.17,33.26,33.47,23282.82,78196.64
300236.SZ,2019-06-25,33.45,33.45,32.2,32.63,30885.98,100847.44
300236.SZ,2019-06-26,32.4,33.0,32.23,32.66,20885.0,68333.97
300236.SZ,2019-06-27,32.71,33.73,32.6,33.39,43349.65,144209.39
300236.SZ,2019-06-28,33.31,33.61,32.32,32.44,30643.59,100591.3
300236.SZ,2019-07-01,33.2,34.2,32.77,34.1,55026.97,185810.67
300236.SZ,2019-07-02,35.0,36.85,34.5,34.89,110965.42,395966.89
300236.SZ,2019-07-03,34.59,35.76,34.53,34.78,51343.15,179804.15
300236.SZ,2019-07-04,35.0,35.09,33.8,34.26,39219.2,134094.28
300236.SZ,2019-07-05,34.38,34.68,33.97,34.53,33935.44,116649.58
300236.SZ,2019-07-08,34.46,34.46,32.63,32.7,43216.07,144115.83
300236.SZ,2019-07-09,32.51,33.73,32.3,33.73,40807.66,135715.14
300236.SZ,2019-07-10,34.6,35.49,34.01,34.25,62668.01,218155.68
300236.SZ,2019-07-11,34.04,34.53,33.26,33.5,38608.27,130929.43
300236.SZ,2019-07-12,33.95,35.5,33.8,35.13,92479.54,321833.77
300236.SZ,2019-07-15,34.68,35.93,34.58,35.69,82656.39,292471.25
300236.SZ,2019-07-16,35.5,36.22,35.01,35.93,72792.97,259320.89
300236.SZ,2019-07-17,36.2,37.49,36.01,36.4,119568.3,438488.18
300236.SZ,2019-07-18,35.96,36.16,35.09,35.09,70687.3,250864.41
300236.SZ,2019-07-19,35.4,37.99,35.4,37.99,134582.84,496099.92
300236.SZ,2019-07-22,37.9,37.9,34.19,35.01,137836.49,497234.2
300236.SZ,2019-07-23,34.46,36.66,34.46,35.78,80920.87,290651.66
300236.SZ,2019-07-24,36.0,36.55,35.41,35.57,89754.17,323017.72
300236.SZ,2019-07-25,35.62,36.15,35.3,35.44,66206.14,236281.48
300236.SZ,2019-07-26,35.29,35.94,35.02,35.55,49105.56,174352.65
300236.SZ,2019-07-29,35.52,35.88,35.21,35.87,36769.97,131040.19
300236.SZ,2019-07-30,35.88,36.49,35.55,36.36,58561.12,211402.15
300236.SZ,2019-07-31,36.33,36.33,35.63,35.7,43269.47,155206.11
300236.SZ,2019-08-01,35.6,35.92,35.26,35.77,31707.7,112839.04
300236.SZ,2019-08-02,34.55,35.43,34.52,34.86,40655.56,142203.68
300236.SZ,2019-08-05,34.6,35.44,33.73,33.81,47324.0,163522.4
300236.SZ,2019-08-06,32.65,33.11,31.0,31.7,69407.63,221665.7
300236.SZ,2019-08-07,32.3,32.36,31.19,31.3,32261.99,102797.69
300236.SZ,2019-08-08,31.35,31.9,31.35,31.52,24116.01,76227.04
300236.SZ,2019-08-09,31.54,31.95,30.51,30.6,31795.55,99007.27
300236.SZ,2019-08-12,31.0,32.21,30.61,32.1,34535.18,108532.66
300236.SZ,2019-08-13,31.63,32.09,31.38,31.68,25312.55,80197.47
300236.SZ,2019-08-14,32.21,32.36,31.56,31.62,23179.06,73960.62
300236.SZ,2019-08-15,29.05,30.69,29.05,30.46,73256.57,217379.71
300236.SZ,2019-08-16,30.01,30.76,29.95,30.12,41248.18,125513.22
300236.SZ,2019-08-19,30.51,31.55,30.21,31.52,54381.38,168635.42
300236.SZ,2019-08-20,31.53,32.14,31.35,31.61,40477.0,128480.89
300236.SZ,2019-08-21,31.71,32.66,31.5,31.85,54554.92,175388.4
300236.SZ,2019-08-22,32.0,32.3,31.52,31.97,32617.97,103930.11
300236.SZ,2019-08-23,31.88,32.09,31.37,31.53,29509.81,93418.33
300236.SZ,2019-08-26,30.51,32.11,30.51,31.86,39737.19,125394.18
300236.SZ,2019-08-27,32.09,33.07,31.81,32.88,61817.57,201762.01
300236.SZ,2019-08-28,35.98,35.98,34.18,34.19,133441.19,464529.87
300236.SZ,2019-08-29,34.89,35.18,33.8,34.02,90898.04,314116.88
300236.SZ,2019-08-30,34.38,35.3,33.82,34.7,98555.31,341274.41
300236.SZ,2019-09-02,34.6,36.12,34.05,35.91,109348.58,384092.55
300236.SZ,2019-09-03,35.87,38.0,35.6,37.09,147384.95,544122.69
300236.SZ,2019-09-04,36.85,40.5,36.66,40.0,187777.11,720514.81
300236.SZ,2019-09-05,39.63,40.61,39.4,40.24,189885.58,761228.26
300236.SZ,2019-09-06,39.9,40.34,38.57,39.14,132774.79,522183.38
300236.SZ,2019-09-09,39.5,40.27,38.73,39.93,133403.57,526319.27
300236.SZ,2019-09-10,40.0,40.85,39.18,39.63,111757.22,446527.19
300236.SZ,2019-09-11,39.85,40.19,38.6,38.73,92660.18,363723.86
300236.SZ,2019-09-12,39.18,40.19,39.0,39.45,98147.98,389531.6
300236.SZ,2019-09-16,39.88,41.9,39.55,40.31,157646.06,642118.6
300236.SZ,2019-09-17,39.72,39.91,38.32,38.45,100063.53,390986.96
300236.SZ,2019-09-18,38.65,39.1,38.0,38.32,68591.16,264558.43
300236.SZ,2019-09-19,38.7,39.96,38.4,39.96,95861.55,376878.19
300236.SZ,2019-09-20,39.85,40.72,39.43,40.03,104904.39,420243.35
300236.SZ,2019-09-23,40.27,42.55,39.72,42.29,194298.94,807294.33
300236.SZ,2019-09-24,41.97,42.98,41.41,41.46,167719.68,708010.13
300236.SZ,2019-09-25,41.46,42.79,40.33,40.65,120280.76,498892.38
300236.SZ,2019-09-26,40.76,40.89,36.66,37.09,150787.58,579604.62
300236.SZ,2019-09-27,37.37,38.38,36.81,37.7,74847.19,282687.77
300236.SZ,2019-09-30,37.99,38.14,37.1,37.41,55117.91,207793.54
300236.SZ,2019-10-08,37.49,38.3,36.71,36.86,51865.24,194696.28
300236.SZ,2019-10-09,36.7,38.48,36.7,38.29,71275.92,269381.8
300236.SZ,2019-10-10,38.2,38.7,37.88,38.6,66734.09,256006.78
300236.SZ,2019-10-11,38.34,38.59,37.52,37.98,60433.18,229665.62
300236.SZ,2019-10-14,38.54,39.58,38.21,39.49,83198.7,324182.48
300236.SZ,2019-10-15,38.81,38.94,37.26,37.27,91946.65,348570.79
300236.SZ,2019-10-16,37.28,37.86,37.03,37.45,43320.72,162524.34
300236.SZ,2019-10-17,37.42,38.61,37.31,38.16,60487.59,231018.91
300236.SZ,2019-10-18,38.12,38.59,37.12,37.38,51390.21,194610.85
300236.SZ,2019-10-21,37.23,37.88,36.53,37.88,43180.84,161034.15
300236.SZ,2019-10-22,38.0,38.0,36.53,37.09,78873.73,291105.61
300236.SZ,2019-10-23,37.0,37.0,35.16,35.5,92135.81,330066.73
300236.SZ,2019-10-24,35.49,35.66,34.2,34.98,58769.45,205187.34
300236.SZ,2019-10-25,35.67,35.7,34.75,35.38,49645.18,174787.2
300236.SZ,2019-10-28,35.8,37.15,35.5,37.06,78293.51,285655.18
300236.SZ,2019-10-29,37.2,37.37,36.5,37.0,63343.48,233819.42
300236.SZ,2019-10-30,35.84,37.0,35.51,36.31,51874.1,187952.48
300236.SZ,2019-10-31,36.11,36.5,34.7,34.86,61785.43,218144.32
300236.SZ,2019-11-01,22.87,23.81,22.6,23.53,58521.01,137639.41
300236.SZ,2019-11-04,23.4,24.28,23.35,23.99,82152.65,197253.94
300236.SZ,2019-11-05,24.3,24.56,23.74,23.85,77191.77,186181.12
300236.SZ,2019-11-06,23.8,24.3,23.14,23.46,77395.32,183469.45
300236.SZ,2019-11-07,23.3,24.35,23.07,24.33,92733.35,220957.07
300236.SZ,2019-11-08,24.43,24.43,23.69,23.78,93192.78,223443.86
300236.SZ,2019-11-11,23.26,23.35,22.67,22.7,71925.97,165131.55
300236.SZ,2019-11-12,22.45,23.19,22.26,23.09,58462.78,133304.15
300236.SZ,2019-11-13,23.08,23.5,22.89,23.21,61631.05,143054.59
300236.SZ,2019-11-14,23.18,23.84,22.75,23.7,103319.48,241026.05
300236.SZ,2019-11-15,23.6,24.22,23.45,23.62,97391.32,232548.74
300236.SZ,2019-11-18,23.5,23.86,23.45,23.77,58273.91,137936.74
300236.SZ,2019-11-19,23.6,24.03,23.32,24.03,77714.64,184482.01
300236.SZ,2019-11-20,23.81,23.95,23.18,23.34,74585.27,175842.93
300236.SZ,2019-11-21,23.0,23.6,23.0,23.25,40455.0,94275.5
300236.SZ,2019-11-22,23.17,23.67,22.8,22.8,65954.47,153096.26
300236.SZ,2019-11-25,22.65,22.85,21.73,21.75,70931.5,156465.49
300236.SZ,2019-11-26,21.92,22.07,21.58,21.7,33255.38,72477.26
300236.SZ,2019-11-27,21.62,22.49,21.35,22.14,58755.76,129550.86
300236.SZ,2019-11-28,22.19,22.31,21.81,21.85,33613.88,73867.82
300236.SZ,2019-11-29,21.95,22.33,21.78,22.26,39353.3,86829.16
300236.SZ,2019-12-02,22.4,22.85,22.1,22.61,51939.42,116957.51
300236.SZ,2019-12-03,22.7,23.58,22.5,23.36,114741.14,266554.58
300236.SZ,2019-12-04,23.25,24.24,23.04,24.11,158124.01,376020.02
300236.SZ,2019-12-05,24.12,24.49,23.66,24.2,142960.27,345119.95
300236.SZ,2019-12-06,24.09,24.54,23.95,24.5,113026.36,274733.48
300236.SZ,2019-12-09,24.68,25.1,24.32,24.62,125758.6,310223.42
300236.SZ,2019-12-10,24.5,25.08,24.28,24.9,117358.65,290875.05
300236.SZ,2019-12-11,24.78,25.55,24.61,25.22,134288.13,336415.18
300236.SZ,2019-12-12,25.11,26.32,24.83,25.8,211612.71,543693.74
300236.SZ,2019-12-13,25.92,26.0,25.2,25.49,143827.78,366712.25
300236.SZ,2019-12-16,25.53,26.16,25.4,25.9,152688.51,394729.01
300236.SZ,2019-12-17,25.9,25.94,25.5,25.67,128540.65,330334.73
300236.SZ,2019-12-18,25.35,25.56,24.92,25.18,160813.6,405906.54
300236.SZ,2019-12-19,25.19,25.98,25.11,25.85,148985.08,381805.17
300236.SZ,2019-12-20,25.87,25.87,24.96,25.0,113231.31,285756.72
300236.SZ,2019-12-23,24.5,25.24,24.33,24.7,71317.77,176799.14
300236.SZ,2019-12-24,24.84,26.96,24.56,26.7,257085.19,671748.69
300236.SZ,2019-12-25,26.6,28.02,26.45,27.3,349974.5,961117.88
300236.SZ,2019-12-26,27.34,29.48,27.2,28.68,336661.68,963316.63
300236.SZ,2019-12-27,28.77,29.29,27.89,28.1,278512.3,794324.43
300236.SZ,2019-12-30,27.9,28.39,26.71,27.87,188088.48,519462.62
300236.SZ,2019-12-31,27.74,28.13,27.25,27.67,143450.39,395609.078
300236.SZ,2020-01-02,27.79,30.44,27.66,29.8,387806.95,1149085.64
300236.SZ,2020-01-03,29.5,30.38,29.32,29.8,314299.4,940311.83
300236.SZ,2020-01-06,29.75,30.19,29.08,29.9,228929.27,680216.48
300236.SZ,2020-01-07,29.86,31.2,29.4,29.65,264012.16,794108.68
300236.SZ,2020-01-08,29.0,29.28,28.35,28.42,196602.89,565698.54
300236.SZ,2020-01-09,28.7,29.29,28.59,29.05,136278.37,394691.34
300236.SZ,2020-01-10,29.08,29.96,28.96,29.77,177904.29,526053.36
300236.SZ,2020-01-13,29.31,31.38,29.1,31.24,265359.75,808795.27
300236.SZ,2020-01-14,31.24,31.25,30.31,30.56,207529.85,638695.98
300236.SZ,2020-01-15,30.5,31.35,30.35,31.12,190508.05,589480.64
300236.SZ,2020-01-16,31.18,32.58,31.1,31.3,267535.83,852576.22
300236.SZ,2020-01-17,31.12,31.78,30.61,30.95,177816.06,554295.26
300236.SZ,2020-01-20,30.9,32.36,30.58,32.16,204286.67,648387.85
300236.SZ,2020-01-21,31.88,34.75,31.4,33.72,313303.78,1043999.37
300236.SZ,2020-01-22,33.03,37.09,32.81,37.09,312368.18,1104220.18
300236.SZ,2020-01-23,36.52,39.58,35.05,39.0,478729.94,1818126.75
300236.SZ,2020-02-03,35.1,35.1,35.1,35.1,43807.0,153762.57
300236.SZ,2020-02-04,32.51,38.61,32.51,38.61,360905.9,1332166.99
300236.SZ,2020-02-05,38.0,41.9,37.75,38.02,478139.38,1882100.84
300236.SZ,2020-02-06,37.0,40.96,36.68,40.9,414619.32,1614631.72
300236.SZ,2020-02-07,40.3,44.98,40.08,44.38,408069.2,1728113.79
300236.SZ,2020-02-10,43.71,47.95,43.03,46.15,392213.81,1784181.13
300236.SZ,2020-02-11,46.16,50.77,46.16,50.77,356140.44,1758433.47
300236.SZ,2020-02-12,52.29,55.85,50.56,55.85,341314.98,1824814.85
300236.SZ,2020-02-13,58.94,61.44,54.55,55.6,612261.82,3593013.07
300236.SZ,2020-02-14,57.43,60.86,55.36,57.35,563311.61,3260422.79
300236.SZ,2020-02-17,56.87,60.08,54.01,59.74,478156.63,2747681.88
300236.SZ,2020-02-18,59.0,65.71,58.55,65.71,492989.17,3129232.41
300236.SZ,2020-02-19,64.0,68.36,62.01,64.6,476770.15,3105818.27
300236.SZ,2020-02-20,64.5,65.76,58.55,63.04,559448.24,3491553.67
300236.SZ,2020-02-21,61.47,68.28,61.1,67.88,438443.43,2823218.54
300236.SZ,2020-02-24,67.1,73.44,66.8,69.45,375769.54,2631020.08
300236.SZ,2020-02-25,65.59,71.0,63.63,69.0,405318.39,2753537.95
300236.SZ,2020-02-26,66.8,68.5,62.1,62.1,310609.01,2009377.1
300236.SZ,2020-02-27,62.58,63.44,58.07,59.41,267399.6,1615592.33
300236.SZ,2020-02-28,56.46,62.66,56.4,60.11,375606.92,2251880.32
300236.SZ,2020-03-02,62.5,63.5,59.03,61.3,289915.07,1784460.03
300236.SZ,2020-03-03,61.53,67.43,61.5,66.99,462032.54,3032758.88
300236.SZ,2020-03-04,66.0,66.94,60.29,61.54,398906.9,2515232.11
300236.SZ,2020-03-05,62.7,63.0,55.68,59.29,345335.36,2025695.95
300236.SZ,2020-03-06,57.0,58.66,56.56,56.65,185424.72,1062012.35
300236.SZ,2020-03-09,53.9,56.49,52.05,52.1,226436.41,1226415.62
300236.SZ,2020-03-10,52.1,57.28,52.1,56.76,312925.1,1731186.39
300236.SZ,2020-03-11,57.2,57.38,53.1,53.31,273629.17,1510063.33
300236.SZ,2020-03-12,52.1,54.9,51.58,53.08,180348.49,958862.21
300236.SZ,2020-03-13,50.3,55.8,50.3,54.23,266821.06,1451199.65
300236.SZ,2020-03-16,55.8,55.82,52.0,53.75,238909.26,1296625.97
300236.SZ,2020-03-17,55.55,57.15,53.65,56.82,286338.31,1591055.82
300236.SZ,2020-03-18,57.13,62.36,56.83,58.36,366534.61,2174710.64
300236.SZ,2020-03-19,58.35,64.2,58.35,64.2,388556.22,2397539.16
300236.SZ,2020-03-20,65.0,68.74,59.85,62.66,472006.25,3086437.02
300236.SZ,2020-03-23,60.0,60.38,56.39,56.39,231689.11,1328502.12
300236.SZ,2020-03-24,56.98,57.45,51.03,55.28,284374.93,1551931.44
300236.SZ,2020-03-25,55.9,56.86,53.88,54.99,186484.72,1036425.45
300236.SZ,2020-03-26,54.19,56.8,53.53,53.66,159614.39,878618.91
300236.SZ,2020-03-27,54.8,54.92,51.66,51.88,141837.41,752636.09
300236.SZ,2020-03-30,50.04,50.85,47.16,48.31,189769.15,924397.35
300236.SZ,2020-03-31,49.5,51.78,49.4,50.08,166782.29,844032.41
300236.SZ,2020-04-01,50.15,52.42,48.05,50.74,174403.17,898420.56
300236.SZ,2020-04-02,50.85,54.32,50.51,53.89,222261.48,1162765.53
300236.SZ,2020-04-03,53.0,53.62,51.6,51.91,178838.27,938824.1
300236.SZ,2020-04-07,53.48,53.74,52.8,53.31,134516.77,715733.39
300236.SZ,2020-04-08,52.79,57.88,52.51,56.51,222795.23,1239317.74
300236.SZ,2020-04-09,56.7,57.47,55.05,55.51,152983.47,856234.49
300236.SZ,2020-04-10,55.21,56.21,51.43,51.95,161337.31,863056.48
300236.SZ,2020-04-13,50.51,51.5,49.68,49.96,101747.78,512406.55
300236.SZ,2020-04-14,50.9,52.51,50.28,52.43,112280.58,580143.69
300236.SZ,2020-04-15,52.4,53.65,51.38,51.49,140923.83,740605.6
300236.SZ,2020-04-16,51.45,53.54,50.81,52.47,125084.83,655240.79
300236.SZ,2020-04-17,53.6,56.2,53.33,54.66,214936.68,1178719.04
300236.SZ,2020-04-20,54.02,55.19,52.86,54.6,153681.33,828738.78
300236.SZ,2020-04-21,53.62,54.0,51.6,52.35,136151.52,716523.27
300236.SZ,2020-04-22,51.2,54.39,51.02,53.7,149826.64,803748.02
300236.SZ,2020-04-23,53.6,53.6,51.6,51.68,122003.13,637162.2
300236.SZ,2020-04-24,51.06,52.5,47.11,49.05,154020.65,768187.94
300236.SZ,2020-04-27,48.99,49.0,47.52,47.7,94109.89,454101.75
300236.SZ,2020-04-28,47.8,49.55,45.58,48.64,146453.91,706247.63
300236.SZ,2020-04-29,48.01,49.0,47.71,47.9,89825.76,434060.35
300236.SZ,2020-04-30,48.51,51.39,48.51,50.39,164175.32,821414.38
300236.SZ,2020-05-06,49.4,54.6,49.23,54.28,221909.78,1171492.18
300236.SZ,2020-05-07,54.89,54.89,52.88,53.0,185284.81,996549.73
300236.SZ,2020-05-08,53.79,54.41,53.11,53.28,151604.77,816175.74
300236.SZ,2020-05-11,54.21,55.1,53.13,54.85,168679.98,913351.23
300236.SZ,2020-05-12,54.01,54.3,52.55,54.12,137959.31,738913.79
300236.SZ,2020-05-13,53.61,54.87,53.55,53.67,97232.06,525304.71
300236.SZ,2020-05-14,53.51,54.86,53.3,53.71,134736.97,729431.98
300236.SZ,2020-05-15,53.95,55.96,53.18,54.36,203893.06,1116150.9
300236.SZ,2020-05-18,55.9,56.5,51.51,51.82,246313.75,1338605.46
300236.SZ,2020-05-19,52.09,54.33,50.91,53.59,242543.06,1290490.28
300236.SZ,2020-05-20,53.73,58.95,53.73,57.16,462909.87,2662745.42
300236.SZ,2020-05-21,57.01,58.17,52.92,53.13,326660.07,1803261.43
300236.SZ,2020-05-22,53.15,53.16,49.2,49.83,248621.4,1261872.34
300236.SZ,2020-05-25,49.83,51.8,49.66,50.32,138698.23,703671.71
300236.SZ,2020-05-26,51.0,51.74,50.51,51.36,131714.01,673370.71
300236.SZ,2020-05-27,51.71,55.57,49.74,53.5,280466.49,1475470.59
300236.SZ,2020-05-28,52.6,58.17,52.52,56.31,319780.17,1783443.16
300236.SZ,2020-05-29,56.3,60.32,56.0,58.24,383859.02,2254921.73
300236.SZ,2020-06-01,58.8,60.07,56.66,59.21,323999.53,1899696.75
300236.SZ,2020-06-02,59.89,64.3,59.51,62.0,341928.48,2127972.67
300236.SZ,2020-06-03,61.0,67.99,60.87,64.66,398172.94,2571301.16
300236.SZ,2020-06-04,64.66,64.66,61.02,61.7,284799.83,1776615.58
300236.SZ,2020-06-05,61.9,63.99,60.0,60.24,274669.31,1699186.86
300236.SZ,2020-06-08,61.26,63.58,60.6,60.72,259492.91,1612396.3
300236.SZ,2020-06-09,61.11,62.2,60.3,61.75,195719.55,1196889.36
300236.SZ,2020-06-10,60.6,61.88,57.75,59.35,224482.55,1323240.02
300236.SZ,2020-06-11,59.93,61.31,59.01,59.3,174240.29,1045264.09
300236.SZ,2020-06-12,57.3,59.7,57.3,58.42,149375.95,873387.47
300236.SZ,2020-06-15,57.96,59.33,56.66,56.68,152157.15,884715.18
300236.SZ,2020-06-16,57.8,60.4,57.51,60.27,217943.02,1292749.32
300236.SZ,2020-06-17,59.8,60.1,57.75,58.79,160172.59,939997.9
300236.SZ,2020-06-18,58.91,62.17,58.91,60.9,225936.38,1379273.04
300236.SZ,2020-06-19,60.2,61.4,59.8,61.05,148573.51,901735.88
300236.SZ,2020-06-22,62.09,64.38,62.08,63.56,264616.33,1675722.29
300236.SZ,2020-06-23,63.0,63.0,61.65,62.0,158370.44,984810.3
300236.SZ,2020-06-24,61.5,63.2,61.0,61.05,167078.55,1035938.38
300236.SZ,2020-06-29,60.1,61.5,59.22,59.57,128880.31,773408.04
300236.SZ,2020-06-30,60.45,60.74,59.59,60.06,118963.67,715454.54
300236.SZ,2020-07-01,60.2,60.7,59.11,59.53,131576.08,786544.94
300236.SZ,2020-07-02,60.02,61.25,59.31,60.46,139849.58,844076.31
300236.SZ,2020-07-03,60.5,62.98,60.5,62.36,203397.88,1263781.73
300236.SZ,2020-07-06,68.0,68.6,66.0,68.6,186758.6,1268354.98
300236.SZ,2020-07-07,75.46,75.46,75.46,75.46,26424.81,199401.62
300236.SZ,2020-07-08,76.0,80.01,68.7,76.58,513198.36,3790875.22
300236.SZ,2020-07-09,74.04,81.92,74.04,80.11,363041.49,2862465.56
300236.SZ,2020-07-10,78.4,83.3,78.4,81.25,304587.59,2469247.92
300236.SZ,2020-07-13,81.25,84.3,79.02,84.1,280707.2,2290984.65
300236.SZ,2020-07-14,82.56,83.5,77.99,79.8,277274.86,2236620.53
300236.SZ,2020-07-15,77.55,77.7,72.23,73.18,303420.4,2273832.13
300236.SZ,2020-07-16,73.85,73.85,65.86,65.86,265312.85,1829986.79
300236.SZ,2020-07-17,64.9,65.99,62.31,62.76,177074.71,1132042.52
300236.SZ,2020-07-20,64.0,65.0,61.62,64.91,156900.33,998171.36
300236.SZ,2020-07-21,64.37,66.3,63.83,63.92,126651.22,821852.56
300236.SZ,2020-07-22,64.01,66.45,63.59,65.27,149200.33,976083.46
300236.SZ,2020-07-23,64.11,65.38,62.3,64.23,123376.13,785048.13
300236.SZ,2020-07-24,63.82,65.48,58.89,59.69,159528.25,992137.87
300236.SZ,2020-07-27,60.0,61.6,59.72,60.43,94861.22,575675.92
300236.SZ,2020-07-28,61.6,61.96,59.2,59.99,92006.41,556295.3
300236.SZ,2020-07-29,59.99,62.6,59.49,62.35,121482.67,746471.57
300236.SZ,2020-07-30,62.5,62.88,60.65,61.02,112420.79,689719.68
300236.SZ,2020-07-31,61.0,62.8,60.66,62.41,119638.15,741573.89
300236.SZ,2020-08-03,63.5,65.92,63.06,65.82,182115.51,1181638.55
300236.SZ,2020-08-04,65.8,65.87,63.18,65.26,142914.3,922555.58
300236.SZ,2020-08-05,69.99,69.99,65.35,65.44,175338.57,1179265.66
300236.SZ,2020-08-06,64.8,66.49,63.75,65.12,122034.82,795963.68
300236.SZ,2020-08-07,64.95,65.12,61.35,62.42,118490.95,745695.83
300236.SZ,2020-08-10,62.29,63.18,61.07,61.9,71379.36,442513.83
300236.SZ,2020-08-11,61.66,62.4,60.8,60.8,64794.6,400252.43
300236.SZ,2020-08-12,60.31,61.64,59.27,61.54,77741.08,469410.16
300236.SZ,2020-08-13,61.8,61.88,60.75,60.87,43628.2,267124.32
300236.SZ,2020-08-14,60.49,61.6,60.46,61.25,45951.23,280587.53
300236.SZ,2020-08-17,61.27,64.29,61.16,63.82,104653.12,662687.54
300236.SZ,2020-08-18,64.0,64.2,62.88,63.31,67964.66,430175.99
300236.SZ,2020-08-19,63.3,63.44,59.8,59.98,89102.66,544729.67
300236.SZ,2020-08-20,59.17,60.7,58.3,59.64,51595.56,307942.36
300236.SZ,2020-08-21,60.2,60.75,58.7,59.0,48288.07,288651.38
300236.SZ,2020-08-24,59.7,62.09,56.88,60.94,99802.61,598007.32
300236.SZ,2020-08-25,61.05,61.46,60.13,61.07,67666.0,411957.96
300236.SZ,2020-08-26,61.17,61.17,56.67,57.0,100958.29,591910.89
300236.SZ,2020-08-27,56.99,59.43,56.31,58.56,76653.19,445035.71
300236.SZ,2020-08-28,58.57,60.4,58.3,59.34,72366.47,429927.42
300236.SZ,2020-08-31,59.9,60.2,58.7,58.77,50838.76,301967.38
300236.SZ,2020-09-01,58.4,58.54,57.0,58.32,56884.59,328895.0
300236.SZ,2020-09-02,57.9,59.16,57.41,57.71,46387.33,269243.18
300236.SZ,2020-09-03,58.31,59.17,57.57,58.04,70793.81,413480.59
300236.SZ,2020-09-04,57.0,60.6,56.68,59.88,118822.1,706662.69
300236.SZ,2020-09-07,59.8,60.63,57.5,57.63,103761.0,613119.16
300236.SZ,2020-09-08,58.09,58.69,52.73,53.03,138815.08,756257.63
300236.SZ,2020-09-09,52.0,53.36,49.85,49.85,104035.58,529902.37
300236.SZ,2020-09-10,50.41,50.78,47.85,48.53,66670.81,329941.67
300236.SZ,2020-09-11,48.99,50.16,48.1,50.14,54064.54,267444.05
300236.SZ,2020-09-14,50.96,54.0,50.28,52.81,91810.97,481630.41
300236.SZ,2020-09-15,52.31,55.0,51.13,53.27,94808.74,503462.01
300236.SZ,2020-09-16,52.64,53.45,51.68,51.86,49823.88,260806.14
300236.SZ,2020-09-17,51.7,54.2,51.46,53.36,87215.2,465795.11
300236.SZ,2020-09-18,53.05,54.88,53.05,54.18,77881.53,421341.29
300236.SZ,2020-09-21,54.11,54.71,53.4,53.48,52740.35,284229.31
300236.SZ,2020-09-22,53.0,53.99,52.27,52.9,40868.78,217660.98
300236.SZ,2020-09-23,53.4,54.91,52.73,53.87,70689.88,381254.15
300236.SZ,2020-09-24,53.25,54.35,52.1,52.17,51075.71,270986.67
300236.SZ,2020-09-25,52.46,52.88,51.53,51.6,31696.95,164814.0
300236.SZ,2020-09-28,51.51,51.84,50.55,50.57,32065.44,164021.04
300236.SZ,2020-09-29,51.2,52.2,51.0,51.32,34085.37,175912.29
300236.SZ,2020-09-30,51.73,52.74,50.9,50.9,34792.74,179751.12
300236.SZ,2020-10-09,52.02,53.31,51.55,52.7,49731.85,261785.27
300236.SZ,2020-10-12,53.5,55.28,52.78,55.0,69870.24,379325.58
300236.SZ,2020-10-13,54.98,54.98,54.0,54.5,43246.86,235384.68
300236.SZ,2020-10-14,55.5,55.98,54.13,54.21,72578.57,398648.13
300236.SZ,2020-10-15,53.98,55.38,53.24,53.3,51580.04,280005.95
300236.SZ,2020-10-16,53.51,54.23,52.63,52.88,36050.98,191418.52
300236.SZ,2020-10-19,53.9,53.9,52.22,52.42,31944.66,169104.12
300236.SZ,2020-10-20,52.42,52.66,51.11,52.3,38671.43,200238.42
300236.SZ,2020-10-21,52.85,52.85,50.51,50.89,37464.2,192382.82
300236.SZ,2020-10-22,50.88,51.4,50.2,50.81,29992.04,152706.11
300236.SZ,2020-10-23,50.67,51.17,48.11,48.69,58544.42,288216.68
300236.SZ,2020-10-26,48.18,48.94,47.52,48.46,29323.4,141368.27
300236.SZ,2020-10-27,48.3,48.73,48.11,48.34,24658.6,119310.53
300236.SZ,2020-10-28,48.35,48.63,47.1,48.0,32888.99,157170.99
300236.SZ,2020-10-29,47.59,47.59,46.62,47.11,39883.23,187929.45
300236.SZ,2020-10-30,47.55,49.25,47.51,47.75,83841.78,404732.33
300236.SZ,2020-11-02,47.75,47.98,45.53,46.03,60029.01,277664.97
300236.SZ,2020-11-03,46.7,54.24,46.47,51.25,149717.7,762691.86
300236.SZ,2020-11-04,50.97,52.0,50.5,50.7,75499.35,386127.85
300236.SZ,2020-11-05,51.6,53.62,51.39,51.91,89331.9,466248.03
300236.SZ,2020-11-06,51.91,56.52,51.51,55.4,210151.25,1150757.91
300236.SZ,2020-11-09,56.31,59.88,55.6,58.26,261530.65,1517521.86
300236.SZ,2020-11-10,57.03,57.95,55.5,56.05,157038.24,887952.42
300236.SZ,2020-11-11,55.62,57.32,54.35,54.35,109404.44,609883.37
300236.SZ,2020-11-12,55.2,55.97,53.77,54.35,74589.11,408730.38
300236.SZ,2020-11-13,54.15,55.7,53.75,54.93,79272.27,436218.56
300236.SZ,2020-11-16,55.08,55.49,53.13,53.6,77233.95,418913.21
300236.SZ,2020-11-17,53.6,56.1,52.02,56.0,136397.01,736997.89
300236.SZ,2020-11-18,55.42,58.38,55.4,56.8,163760.15,938429.17
300236.SZ,2020-11-19,55.97,58.24,55.7,56.31,117365.6,669599.26
300236.SZ,2020-11-20,55.99,56.78,54.3,54.3,94621.84,521718.52
300236.SZ,2020-11-23,55.27,55.39,53.46,54.81,66486.79,362507.69
300236.SZ,2020-11-24,54.93,56.35,54.38,55.03,82591.86,458951.04
300236.SZ,2020-11-25,55.05,55.62,53.89,53.95,70814.73,388198.1
300236.SZ,2020-11-26,53.95,54.39,51.9,51.99,71511.16,379251.67
300236.SZ,2020-11-27,51.53,52.53,51.08,51.71,51620.7,266784.67
300236.SZ,2020-11-30,51.8,52.99,51.33,52.05,54605.95,285129.51
300236.SZ,2020-12-01,52.13,52.68,51.77,52.6,40937.71,214135.96
300236.SZ,2020-12-02,53.0,54.87,52.96,54.03,82466.84,445952.17
300236.SZ,2020-12-03,53.72,54.69,53.5,53.58,52065.63,280909.19
300236.SZ,2020-12-04,53.46,54.58,53.46,53.86,44101.28,238188.64
300236.SZ,2020-12-07,54.99,55.5,54.18,54.66,94798.17,520882.17
300236.SZ,2020-12-08,54.35,56.45,54.11,56.0,97381.91,542557.12
300236.SZ,2020-12-09,56.01,56.09,53.01,53.02,87504.34,475580.73
300236.SZ,2020-12-10,52.34,53.66,51.73,51.85,62612.2,329145.51
300236.SZ,2020-12-11,52.19,52.2,48.57,49.55,93417.44,465774.59
300236.SZ,2020-12-14,49.28,50.4,49.04,49.72,34226.05,170231.22
300236.SZ,2020-12-15,49.67,50.0,49.3,49.45,27185.41,134631.11
300236.SZ,2020-12-16,49.53,49.71,46.78,46.84,79956.65,380836.01
300236.SZ,2020-12-17,46.79,49.33,46.4,49.27,76059.27,366581.72
300236.SZ,2020-12-18,50.5,52.18,49.87,49.94,86997.33,443719.65
300236.SZ,2020-12-21,50.18,52.08,49.5,51.4,81039.7,416684.16
300236.SZ,2020-12-22,50.95,51.59,49.11,49.11,63723.43,320162.97
300236.SZ,2020-12-23,49.09,50.52,48.64,49.92,59272.65,293993.4
300236.SZ,2020-12-24,49.5,50.35,48.2,48.4,44927.66,220748.21
300236.SZ,2020-12-25,48.59,49.2,47.92,48.96,37025.56,180668.56
300236.SZ,2020-12-28,48.75,48.88,47.23,47.59,43395.08,207938.87
300236.SZ,2020-12-29,47.6,49.76,47.57,48.58,40606.58,198128.13
300236.SZ,2020-12-30,48.5,49.23,47.9,48.67,36541.52,177561.32
300236.SZ,2020-12-31,48.88,49.79,48.67,49.29,47860.27,236148.35
300236.SZ,2021-01-04,49.29,50.29,49.2,49.71,59072.36,294678.43
300236.SZ,2021-01-05,49.73,51.33,49.21,51.31,100498.31,506775.33
300236.SZ,2021-01-06,53.0,54.77,51.29,51.41,111640.02,589382.53
300236.SZ,2021-01-07,50.12,50.72,48.5,49.3,84856.9,420473.06
300236.SZ,2021-01-08,49.32,50.27,48.12,49.28,51728.3,255072.01
300236.SZ,2021-01-11,49.28,50.99,49.26,49.38,60039.82,300545.35
300236.SZ,2021-01-12,49.0,49.39,48.28,48.85,47436.67,230440.94
300236.SZ,2021-01-13,48.7,50.8,48.5,50.5,80015.25,399077.52
300236.SZ,2021-01-14,50.45,54.25,50.11,52.64,145578.83,762694.12
300236.SZ,2021-01-15,52.71,53.39,50.62,50.83,88638.37,460417.01
300236.SZ,2021-01-18,51.0,53.67,50.05,53.17,104990.66,551230.06
300236.SZ,2021-01-19,53.23,53.68,51.6,52.31,88007.22,463399.76
300236.SZ,2021-01-20,52.55,53.48,51.32,51.76,76052.13,397155.29
300236.SZ,2021-01-21,52.49,53.12,51.6,52.01,73236.07,382074.6
300236.SZ,2021-01-22,51.71,51.76,49.5,49.86,83661.89,421007.63
300236.SZ,2021-01-25,49.0,49.66,48.1,48.66,58059.53,283242.81
300236.SZ,2021-01-26,48.79,49.54,47.8,47.81,47992.05,232048.07
300236.SZ,2021-01-27,47.9,48.43,47.11,47.55,34817.47,165763.41
300236.SZ,2021-01-28,47.2,47.77,47.0,47.14,29301.61,138938.76
300236.SZ,2021-01-29,47.75,47.9,46.78,47.7,30900.55,146028.71
300236.SZ,2021-02-01,47.34,48.42,47.34,48.37,27412.61,131498.04
300236.SZ,2021-02-02,48.38,48.38,46.7,46.73,37328.3,177208.3
300236.SZ,2021-02-03,46.88,47.18,40.3,41.51,116334.29,499853.88
300236.SZ,2021-02-04,41.33,41.9,39.3,41.84,73774.36,298756.66
300236.SZ,2021-02-05,41.8,42.45,40.05,40.05,40943.13,169660.04
300236.SZ,2021-02-08,40.92,40.92,39.82,39.85,28958.64,117031.99
300236.SZ,2021-02-09,39.85,40.62,39.85,40.59,32513.36,131289.35
300236.SZ,2021-02-10,40.83,40.93,40.1,40.33,32604.52,131823.43
300236.SZ,2021-02-18,41.15,44.36,41.15,42.93,62552.09,268014.09
300236.SZ,2021-02-19,42.4,44.18,42.11,43.95,52522.41,229461.7
300236.SZ,2021-02-22,44.19,45.4,43.0,43.44,53823.96,238975.93
300236.SZ,2021-02-23,43.11,43.4,42.68,42.82,31993.44,137440.52
300236.SZ,2021-02-24,43.2,44.46,42.82,43.3,48902.95,213764.19
300236.SZ,2021-02-25,43.67,43.8,42.2,42.21,32271.62,137384.5
300236.SZ,2021-02-26,41.6,42.54,41.41,41.64,24215.69,101482.64
300236.SZ,2021-03-01,42.28,42.75,41.98,42.75,31555.87,133962.48
300236.SZ,2021-03-02,43.0,43.3,41.9,42.24,32943.74,140157.37
300236.SZ,2021-03-03,42.01,42.52,41.57,42.41,24046.65,101086.16
300236.SZ,2021-03-04,43.41,45.88,43.41,44.0,95451.04,427000.34
300236.SZ,2021-03-05,42.48,44.17,41.87,43.85,53969.98,232196.16
300236.SZ,2021-03-08,44.25,44.39,42.5,42.6,42802.02,186296.35
300236.SZ,2021-03-09,44.0,45.62,44.0,44.16,123143.59,552321.95
300236.SZ,2021-03-10,44.18,44.5,42.5,43.08,66255.35,285647.09
300236.SZ,2021-03-11,43.27,45.87,42.11,44.77,86879.37,383052.83
300236.SZ,2021-03-12,45.33,46.0,44.12,44.52,85329.78,385058.24
300236.SZ,2021-03-15,43.1,43.6,42.28,42.59,60529.37,258440.58
300236.SZ,2021-03-16,42.61,42.86,40.8,41.52,52081.55,216831.79
300236.SZ,2021-03-17,41.12,42.15,41.12,41.57,33409.49,139267.08
300236.SZ,2021-03-18,42.06,42.13,41.33,41.86,31753.26,132185.96
300236.SZ,2021-03-19,41.44,42.08,41.15,41.58,30406.98,126463.24
300236.SZ,2021-03-22,41.59,41.88,41.24,41.43,23853.05,98975.47
300236.SZ,2021-03-23,42.5,45.28,42.5,43.11,148893.3,653730.61
300236.SZ,2021-03-24,42.1,42.49,41.15,41.48,71214.75,296620.04
300236.SZ,2021-03-25,41.4,41.99,41.0,41.3,37159.74,154081.89
300236.SZ,2021-03-26,41.54,41.89,41.02,41.71,41208.26,170881.39
300236.SZ,2021-03-29,41.87,42.13,41.55,41.56,38550.51,161189.24
300236.SZ,2021-03-30,41.3,41.52,40.48,40.53,46921.71,190986.12
300236.SZ,2021-03-31,40.53,40.87,39.95,40.74,32533.44,131914.13
300236.SZ,2021-04-01,40.59,41.88,40.59,41.51,44343.5,183774.97
300236.SZ,2021-04-02,42.22,43.26,42.22,43.08,94482.47,405073.9
300236.SZ,2021-04-06,43.3,43.37,42.43,42.59,48114.4,205763.26
300236.SZ,2021-04-07,42.33,42.56,41.88,42.56,35780.33,150672.35
300236.SZ,2021-04-08,41.6,41.6,40.69,40.85,64631.24,265569.65
300236.SZ,2021-04-09,40.65,41.13,40.51,40.62,27020.26,109976.89
300236.SZ,2021-04-12,40.62,40.97,40.13,40.24,26812.0,108641.15
300236.SZ,2021-04-13,40.2,40.67,39.97,40.18,21158.59,85141.06
300236.SZ,2021-04-14,40.18,40.75,40.18,40.53,17688.72,71579.87
300236.SZ,2021-04-15,40.24,40.5,39.99,40.2,21052.64,84460.76
300236.SZ,2021-04-16,40.19,40.34,39.55,39.8,27744.73,110640.42
300236.SZ,2021-04-19,39.55,40.64,39.51,40.51,29217.56,117835.53
300236.SZ,2021-04-20,40.21,40.78,39.94,40.0,29024.74,116869.67
300236.SZ,2021-04-21,40.0,40.0,39.53,39.62,26399.53,104706.65
300236.SZ,2021-04-22,39.71,40.16,39.41,39.49,29256.05,116553.74
300236.SZ,2021-04-23,39.46,39.77,37.86,38.04,60911.15,233945.77
300236.SZ,2021-04-26,38.0,39.27,38.0,38.38,41718.96,161182.06
300236.SZ,2021-04-27,38.41,38.57,36.7,36.93,43620.94,162344.66
300236.SZ,2021-04-28,36.88,37.26,36.15,36.5,29105.77,106406.0
300236.SZ,2021-04-29,36.7,37.66,36.6,36.76,36121.01,133879.98
300236.SZ,2021-04-30,36.48,36.64,35.65,35.67,36250.18,130604.44
300236.SZ,2021-05-06,35.68,36.28,35.68,35.8,21528.68,77442.57
300236.SZ,2021-05-07,35.91,36.47,35.81,36.15,25960.58,93774.19
300236.SZ,2021-05-10,36.46,36.49,34.4,34.63,44721.85,156965.11
300236.SZ,2021-05-11,34.61,34.96,33.76,34.79,35163.65,120610.39
300236.SZ,2021-05-12,34.55,36.27,34.55,36.13,46804.12,167428.02
300236.SZ,2021-05-13,35.8,37.09,35.62,35.74,42269.7,153795.92
300236.SZ,2021-05-14,35.99,36.2,35.42,36.12,30341.04,108758.04
300236.SZ,2021-05-17,36.4,36.99,35.95,36.53,36628.49,133505.15
300236.SZ,2021-05-18,36.36,36.49,35.6,35.9,26314.46,94446.11
300236.SZ,2021-05-19,35.85,36.45,35.85,36.01,24027.07,86843.78
300236.SZ,2021-05-20,36.45,37.23,36.22,36.23,36685.16,134643.11
300236.SZ,2021-05-21,36.47,36.62,35.7,35.8,22727.71,82040.07
300236.SZ,2021-05-24,35.7,36.64,35.3,36.61,30104.79,108763.41
300236.SZ,2021-05-25,36.61,37.15,36.4,37.0,42097.97,155574.8
300236.SZ,2021-05-26,36.96,37.23,36.66,36.7,33905.61,125324.49
300236.SZ,2021-05-27,37.2,40.88,37.1,40.8,180249.62,709124.05
300236.SZ,2021-05-28,40.73,40.73,39.64,39.73,97532.48,390113.04
300236.SZ,2021-05-31,40.1,42.23,40.1,40.94,126425.99,523521.18
300236.SZ,2021-06-01,40.7,44.1,40.3,43.42,151255.32,653010.35
300236.SZ,2021-06-02,43.2,44.31,42.36,42.64,100789.7,434359.24
300236.SZ,2021-06-03,43.1,43.43,41.5,42.51,69726.76,296158.77
300236.SZ,2021-06-04,42.18,43.58,42.01,42.89,82894.25,354882.34
300236.SZ,2021-06-07,44.36,45.32,43.3,43.3,108808.5,481765.26
300236.SZ,2021-06-08,43.5,43.88,41.87,41.98,79704.01,340558.62
300236.SZ,2021-06-09,41.9,43.84,41.65,42.81,67719.19,290986.81
300236.SZ,2021-06-10,42.5,43.69,42.26,43.35,65453.15,281489.08
300236.SZ,2021-06-11,43.3,43.56,41.8,41.95,56688.82,239960.16
300236.SZ,2021-06-15,42.08,43.34,42.01,42.17,58025.03,248419.57
300236.SZ,2021-06-16,42.62,43.68,42.1,42.15,66203.87,283658.57
300236.SZ,2021-06-17,41.99,49.5,41.87,47.73,236084.43,1078761.15
300236.SZ,2021-06-18,48.25,49.5,47.2,48.31,176452.61,852398.27
300236.SZ,2021-06-21,48.72,52.65,48.72,50.99,209479.58,1063523.93
300236.SZ,2021-06-22,50.49,51.48,49.31,49.5,128799.42,643398.41
300236.SZ,2021-06-23,49.45,52.3,49.12,50.48,166887.02,853758.13
300236.SZ,2021-06-24,50.06,50.64,48.0,48.27,128248.41,625767.08
300236.SZ,2021-06-25,48.5,48.7,46.91,47.43,108722.1,516103.6
300236.SZ,2021-06-28,47.33,49.14,47.32,47.68,98042.61,472389.34
300236.SZ,2021-06-29,47.3,47.41,45.55,46.95,89079.37,414601.2
300236.SZ,2021-06-30,46.99,49.45,46.95,48.54,115296.53,558486.8
300236.SZ,2021-07-01,54.02,55.55,49.75,49.8,257550.12,1352530.04
300236.SZ,2021-07-02,48.16,49.44,46.64,47.06,171892.25,817359.64
300236.SZ,2021-07-05,47.8,48.19,46.42,47.67,103087.8,487850.89
300236.SZ,2021-07-06,47.7,48.0,45.2,46.34,107434.58,502286.92
300236.SZ,2021-07-07,45.71,46.75,45.04,46.39,72654.05,334724.51
300236.SZ,2021-07-08,45.88,51.09,45.88,49.23,199381.95,977173.21
300236.SZ,2021-07-09,49.77,50.5,48.32,49.35,135255.81,667015.0
300236.SZ,2021-07-12,49.86,50.19,48.56,49.93,132387.9,656576.69
300236.SZ,2021-07-13,49.98,50.48,47.5,48.0,115730.33,562293.82
300236.SZ,2021-07-14,47.57,48.48,46.88,47.35,76767.73,364996.59
300236.SZ,2021-07-15,48.5,48.77,47.0,48.0,73904.66,354469.17
300236.SZ,2021-07-16,48.7,50.48,47.87,48.0,110024.07,540427.91
300236.SZ,2021-07-19,46.53,46.53,44.59,44.59,112497.94,507897.23
300236.SZ,2021-07-20,44.68,45.28,44.05,45.22,56588.39,253623.48
300236.SZ,2021-07-21,45.42,48.49,45.0,47.6,123831.87,580783.95
300236.SZ,2021-07-22,47.9,54.47,47.54,53.3,316203.97,1628244.8
300236.SZ,2021-07-23,53.0,53.9,51.73,52.02,211606.91,1115366.57
300236.SZ,2021-07-26,52.1,53.3,49.7,51.3,150998.07,779033.91
300236.SZ,2021-07-27,52.19,56.4,51.75,51.97,299937.42,1614883.66
300236.SZ,2021-07-28,51.28,54.35,48.0,51.43,211456.29,1093257.8
300236.SZ,2021-07-29,52.68,58.0,52.22,57.03,354208.52,1964453.18
300236.SZ,2021-07-30,56.77,64.64,56.1,61.7,414557.87,2514537.91
300236.SZ,2021-08-02,59.0,60.39,57.5,59.8,313667.94,1848894.81
300236.SZ,2021-08-03,58.11,59.0,52.9,53.7,280456.43,1553850.09
300236.SZ,2021-08-04,53.7,55.34,52.11,54.99,209841.16,1131703.85
300236.SZ,2021-08-05,53.8,54.32,52.55,53.44,116975.74,625540.02
300236.SZ,2021-08-06,54.45,55.0,52.82,53.91,101678.96,547208.24
300236.SZ,2021-08-09,52.25,53.49,51.92,53.03,88472.38,465134.53
300236.SZ,2021-08-10,52.87,54.45,52.0,53.22,96282.89,513044.79
300236.SZ,2021-08-11,53.11,54.16,52.4,53.71,91632.7,490895.37
300236.SZ,2021-08-12,53.72,56.17,53.69,54.35,133263.68,732333.03
300236.SZ,2021-08-13,53.86,53.86,51.01,51.04,137381.05,714726.2
300236.SZ,2021-08-16,50.63,51.93,49.65,50.55,82632.06,419274.3
300236.SZ,2021-08-17,50.54,50.9,48.57,48.59,77735.23,384516.33
300236.SZ,2021-08-18,48.99,49.63,48.1,49.27,59157.71,289216.29
300236.SZ,2021-08-19,50.0,51.1,49.2,50.88,82726.93,416632.86
300236.SZ,2021-08-20,51.26,53.35,51.1,51.16,138764.0,725412.38
300236.SZ,2021-08-23,51.51,52.5,49.26,52.49,116350.7,598844.62
300236.SZ,2021-08-24,52.53,54.1,51.78,52.62,129644.46,687015.14
300236.SZ,2021-08-25,52.75,53.03,50.83,51.4,82173.22,423111.78
300236.SZ,2021-08-26,51.1,52.29,49.7,49.73,76999.99,392541.6
300236.SZ,2021-08-27,49.36,50.31,49.36,49.55,59378.0,295586.64
300236.SZ,2021-08-30,49.75,50.68,48.11,48.25,79503.56,392146.13
300236.SZ,2021-08-31,47.88,47.88,45.5,46.64,89575.57,415788.83
300236.SZ,2021-09-01,46.52,47.5,45.29,46.87,66585.42,308773.39
300236.SZ,2021-09-02,46.92,46.98,45.81,45.9,51000.4,235311.54
300236.SZ,2021-09-03,46.22,47.9,44.85,46.71,100305.84,467283.41
300236.SZ,2021-09-06,46.0,47.48,45.7,47.05,61500.33,288572.87
300236.SZ,2021-09-07,46.78,47.38,46.5,46.9,55433.51,259869.12
300236.SZ,2021-09-08,46.89,49.02,46.72,48.75,105780.49,506526.02
300236.SZ,2021-09-09,47.91,48.17,46.58,46.79,71758.51,339300.59
300236.SZ,2021-09-10,46.76,49.19,46.32,48.24,117106.15,564632.26
300236.SZ,2021-09-13,48.01,49.17,47.45,47.63,76207.98,366607.11
300236.SZ,2021-09-14,47.55,48.39,46.6,46.81,61770.79,294049.92
300236.SZ,2021-09-15,46.6,46.61,45.4,45.86,52668.37,241491.44
300236.SZ,2021-09-16,45.89,46.38,44.82,44.89,44248.59,201664.17
300236.SZ,2021-09-17,45.25,45.88,44.36,45.38,44192.85,199813.73
300236.SZ,2021-09-22,44.7,45.94,44.21,44.72,34658.5,156402.24
300236.SZ,2021-09-23,44.97,46.57,44.56,46.01,53246.65,243990.52
300236.SZ,2021-09-24,45.99,46.35,44.43,44.44,49057.5,221460.87
300236.SZ,2021-09-27,44.68,45.25,43.5,43.98,38996.78,172768.59
300236.SZ,2021-09-28,43.94,44.6,43.33,43.55,24124.28,105841.28
300236.SZ,2021-09-29,42.78,43.5,41.38,41.44,45591.97,191928.72
300236.SZ,2021-09-30,41.75,42.56,41.52,41.83,31079.16,130562.32
300236.SZ,2021-10-08,42.23,42.93,42.01,42.13,32256.59,136547.43
300236.SZ,2021-10-11,41.9,42.64,41.87,41.96,22832.95,96187.91
300236.SZ,2021-10-12,41.7,42.15,40.7,41.12,27140.99,112226.08
300236.SZ,2021-10-13,41.1,41.73,41.03,41.68,23458.43,97207.18
300236.SZ,2021-10-14,41.67,41.67,41.0,41.05,31898.83,131461.8
300236.SZ,2021-10-15,38.85,40.4,37.02,39.51,86393.46,335165.26
300236.SZ,2021-10-18,39.04,40.46,38.85,40.16,38016.87,151412.12
300236.SZ,2021-10-19,40.11,40.68,39.75,40.02,32049.31,128802.3
300236.SZ,2021-10-20,40.09,40.28,39.31,39.34,37039.57,147178.16
300236.SZ,2021-10-21,39.56,40.14,39.26,39.78,40247.03,160130.08
300236.SZ,2021-10-22,40.23,41.78,40.22,40.68,107061.09,439545.73
300236.SZ,2021-10-25,41.0,41.0,38.63,39.67,68615.34,269513.39
300236.SZ,2021-10-26,39.43,40.88,39.31,39.98,46892.94,188319.14
300236.SZ,2021-10-27,40.08,40.09,38.89,39.04,39120.18,153475.75
300236.SZ,2021-10-28,38.89,39.4,37.73,37.85,38986.99,149757.59
300236.SZ,2021-10-29,37.59,39.73,37.5,39.61,47306.91,185484.17
300236.SZ,2021-11-01,39.38,40.31,39.15,40.07,41199.91,164135.9
300236.SZ,2021-11-02,40.05,41.27,39.78,40.65,65578.53,266682.97
300236.SZ,2021-11-03,40.64,41.45,40.4,40.95,38502.96,157508.07
300236.SZ,2021-11-04,41.07,41.85,40.8,41.39,45706.25,189182.66
300236.SZ,2021-11-05,41.5,42.66,41.02,41.12,53458.01,223665.39
300236.SZ,2021-11-08,40.75,41.2,40.18,41.02,36932.0,150187.67
300236.SZ,2021-11-09,41.12,42.74,40.8,42.29,61276.86,256474.02
300236.SZ,2021-11-10,42.0,43.03,41.86,42.68,58645.03,249530.08
300236.SZ,2021-11-11,42.68,44.67,42.3,43.68,87983.75,382947.18
300236.SZ,2021-11-12,43.0,44.6,42.91,43.75,59434.88,261319.7
300236.SZ,2021-11-15,43.77,44.65,43.54,43.6,54635.84,241123.38
300236.SZ,2021-11-16,43.5,44.13,42.42,42.5,63662.97,274494.43
300236.SZ,2021-11-17,42.9,42.94,42.0,42.61,44832.58,190362.48
300236.SZ,2021-11-18,42.45,43.2,42.18,42.24,40088.46,170933.06
300236.SZ,2021-11-19,42.59,43.56,42.12,43.13,47643.84,204900.42
300236.SZ,2021-11-22,43.4,45.75,43.28,44.92,103844.61,467663.23
300236.SZ,2021-11-23,44.81,45.08,43.93,44.94,60037.97,268225.48
300236.SZ,2021-11-24,44.7,45.5,44.37,44.7,49707.46,223387.44
300236.SZ,2021-11-25,44.6,46.38,44.45,44.98,77281.71,351524.63
300236.SZ,2021-11-26,44.93,45.24,44.16,45.04,56739.36,253689.18
300236.SZ,2021-11-29,44.24,45.25,43.98,44.91,47891.48,214671.84
300236.SZ,2021-11-30,45.1,46.23,44.88,45.14,52097.79,237255.51
300236.SZ,2021-12-01,45.1,46.01,44.91,45.99,54071.5,247390.39
300236.SZ,2021-12-02,45.6,46.32,45.3,45.76,47828.52,219197.67
300236.SZ,2021-12-03,45.76,47.75,45.76,47.54,102717.24,483515.25
300236.SZ,2021-12-06,47.6,47.69,45.52,45.68,80716.0,373056.4
300236.SZ,2021-12-07,45.58,45.9,43.25,44.0,68247.24,302098.59
300236.SZ,2021-12-08,44.4,46.1,44.0,45.13,52901.26,238269.26
300236.SZ,2021-12-09,44.9,45.31,44.24,44.38,37010.04,164913.33
300236.SZ,2021-12-10,44.29,44.29,43.6,43.64,35435.04,155130.91
300236.SZ,2021-12-13,43.9,44.28,43.3,43.97,29675.87,129948.86
300236.SZ,2021-12-14,43.97,44.36,43.4,44.04,26990.14,118660.17
300236.SZ,2021-12-15,44.3,44.36,42.37,42.42,54233.2,234549.67
300236.SZ,2021-12-16,42.6,43.32,42.44,42.79,31235.22,134006.23
300236.SZ,2021-12-17,42.58,42.58,41.07,41.15,49580.39,205620.17
300236.SZ,2021-12-20,41.75,42.28,41.1,41.15,28427.93,118108.56
300236.SZ,2021-12-21,41.15,41.7,40.75,41.63,28408.6,117189.48
300236.SZ,2021-12-22,41.69,42.32,41.62,41.8,29104.47,122109.79
300236.SZ,2021-12-23,41.8,41.82,41.11,41.2,20103.25,83081.15
300236.SZ,2021-12-24,41.14,41.44,40.0,40.14,30628.99,123936.23
300236.SZ,2021-12-27,39.99,40.64,39.91,40.1,20351.71,81919.1
300236.SZ,2021-12-28,40.33,40.69,40.13,40.6,17155.44,69252.74
300236.SZ,2021-12-29,40.43,40.46,39.91,39.99,21002.71,84206.88
300236.SZ,2021-12-30,40.0,40.75,39.93,40.61,25228.34,102187.94
300236.SZ,2021-12-31,40.61,40.99,40.2,40.85,21862.18,88992.642
300236.SZ,2022-01-04,40.94,41.56,40.5,41.5,28635.61,117656.79
300236.SZ,2022-01-05,41.23,41.4,40.32,40.71,23143.32,94584.32
300236.SZ,2022-01-06,40.31,41.28,40.31,40.88,19284.42,78706.3
300236.SZ,2022-01-07,40.86,41.07,39.92,39.92,27181.93,109429.65
300236.SZ,2022-01-10,39.92,40.39,39.16,40.0,17936.04,71425.78
300236.SZ,2022-01-11,40.25,40.63,39.9,40.04,18982.56,76425.4
300236.SZ,2022-01-12,40.1,40.48,39.98,40.27,16748.96,67321.6
300236.SZ,2022-01-13,40.26,40.26,39.91,39.91,23368.08,93490.66
300236.SZ,2022-01-14,39.91,40.16,39.75,39.84,22454.17,89824.5
300236.SZ,2022-01-17,39.81,40.69,39.68,40.56,25257.38,101834.29
300236.SZ,2022-01-18,40.88,41.13,40.47,40.68,24565.65,100263.78
300236.SZ,2022-01-19,40.74,40.74,39.87,40.0,20225.24,81133.37
300236.SZ,2022-01-20,40.0,40.19,39.27,39.4,17615.94,70008.83
300236.SZ,2022-01-21,39.27,39.68,38.29,38.37,21434.88,82845.87
300236.SZ,2022-01-24,38.41,39.35,38.3,38.88,13336.0,51850.85
300236.SZ,2022-01-25,38.77,39.19,38.0,38.04,15637.27,60368.33
300236.SZ,2022-01-26,38.05,38.5,37.91,38.15,10705.53,40862.93
300236.SZ,2022-01-27,38.15,38.5,36.42,36.42,24110.18,90061.48
300236.SZ,2022-01-28,36.93,37.27,36.5,36.51,18099.11,66589.18
300236.SZ,2022-02-07,37.46,38.18,37.35,37.65,16938.08,63886.82
300236.SZ,2022-02-08,37.41,37.87,36.68,37.47,18170.74,67823.67
300236.SZ,2022-02-09,37.35,37.99,37.11,37.68,19103.72,72026.47
300236.SZ,2022-02-10,37.85,38.38,37.69,38.0,21807.46,82737.15
300236.SZ,2022-02-11,37.8,38.22,37.14,37.36,18501.55,69918.2
300236.SZ,2022-02-14,37.0,37.6,36.51,37.12,12225.0,45395.93
300236.SZ,2022-02-15,37.4,38.0,37.13,37.92,18389.05,69428.59
300236.SZ,2022-02-16,38.4,38.42,37.91,38.16,18532.0,70711.8
300236.SZ,2022-02-17,38.16,38.43,37.68,38.21,16300.19,62207.79
300236.SZ,2022-02-18,37.98,38.85,37.81,38.78,22468.41,86320.38
300236.SZ,2022-02-21,38.88,39.35,38.36,39.24,18085.26,70526.78
300236.SZ,2022-02-22,38.94,39.2,38.43,38.87,17721.97,68694.68
300236.SZ,2022-02-23,38.88,40.75,38.88,40.24,46884.74,188696.52
300236.SZ,2022-02-24,39.96,40.5,38.83,39.41,39304.53,155864.35
300236.SZ,2022-02-25,39.87,40.37,39.2,39.4,23573.78,93667.42
300236.SZ,2022-02-28,39.22,39.59,38.95,39.45,16921.76,66496.97
300236.SZ,2022-03-01,39.5,39.5,39.07,39.18,12489.14,48983.92
300236.SZ,2022-03-02,39.0,39.05,38.51,38.97,12462.0,48325.06
300236.SZ,2022-03-03,39.4,39.86,38.6,38.78,17914.6,70107.44
300236.SZ,2022-03-04,38.65,39.49,37.9,38.1,21091.73,81673.52
300236.SZ,2022-03-07,38.09,38.09,36.77,36.94,23358.94,87251.18
300236.SZ,2022-03-08,36.94,38.28,36.42,37.2,26688.09,99538.94
300236.SZ,2022-03-09,37.2,38.27,36.55,38.05,39772.35,150148.67
300236.SZ,2022-03-10,38.75,38.98,37.64,37.64,25268.23,96552.49
300236.SZ,2022-03-11,37.18,37.85,36.84,37.62,22507.22,84118.36
300236.SZ,2022-03-14,37.26,37.4,36.0,36.08,22949.83,84452.43
300236.SZ,2022-03-15,36.01,36.05,33.3,33.33,43242.62,150389.36
300236.SZ,2022-03-16,34.46,34.46,32.65,34.41,30569.69,103118.43
300236.SZ,2022-03-17,35.13,38.18,35.09,36.59,71823.99,265600.26
300236.SZ,2022-03-18,36.36,37.88,36.1,36.97,41416.8,154227.14
300236.SZ,2022-03-21,36.7,37.46,36.58,37.23,31440.36,116215.3
300236.SZ,2022-03-22,36.93,38.35,36.85,37.94,41444.64,156314.25
300236.SZ,2022-03-23,37.89,38.29,37.6,37.98,30035.54,114031.59
300236.SZ,2022-03-24,37.5,38.4,37.37,37.82,37014.04,140731.12
300236.SZ,2022-03-25,38.25,38.34,37.69,37.79,26723.3,101471.03
300236.SZ,2022-03-28,37.44,37.91,36.98,37.85,25397.55,95353.31
300236.SZ,2022-03-29,38.09,38.25,36.76,36.88,23288.35,87010.24
300236.SZ,2022-03-30,37.01,37.49,37.01,37.24,16805.55,62668.56
300236.SZ,2022-03-31,37.25,37.5,35.82,35.89,28225.38,102680.0
300236.SZ,2022-04-01,35.61,36.16,35.36,35.63,15662.01,55863.08
300236.SZ,2022-04-06,35.6,35.6,34.78,34.92,17629.94,61623.37
300236.SZ,2022-04-07,34.92,35.21,34.5,34.5,16682.87,58056.38
300236.SZ,2022-04-08,34.51,35.25,33.7,34.37,18652.23,64380.14
300236.SZ,2022-04-11,34.0,34.0,32.71,32.84,20710.13,68952.29
300236.SZ,2022-04-12,32.79,33.37,32.51,33.34,15029.82,49614.49
300236.SZ,2022-04-13,33.1,33.72,32.77,33.16,11404.36,37899.44
300236.SZ,2022-04-14,33.36,33.99,33.2,33.72,14348.08,48329.38
300236.SZ,2022-04-15,33.5,33.55,32.76,32.76,14604.68,48336.43
300236.SZ,2022-04-18,32.79,34.54,32.74,34.27,27992.69,94560.87
300236.SZ,2022-04-19,34.0,34.24,33.45,33.58,18198.68,61498.28
300236.SZ,2022-04-20,33.62,34.02,32.95,32.98,13759.0,46103.05
300236.SZ,2022-04-21,32.88,33.42,32.17,32.32,16498.0,54117.92
300236.SZ,2022-04-22,32.32,32.44,31.55,31.88,14394.02,46042.35
300236.SZ,2022-04-25,31.4,31.4,27.77,27.77,35963.62,106007.16
300236.SZ,2022-04-26,28.2,28.23,25.47,25.93,42143.66,112945.66
300236.SZ,2022-04-27,25.0,27.34,24.82,26.97,46438.48,120966.24
300236.SZ,2022-04-28,26.73,26.97,26.04,26.49,25882.54,68607.53
300236.SZ,2022-04-29,26.9,27.38,26.65,27.12,30284.44,82102.3
300236.SZ,2022-05-05,27.15,27.74,27.02,27.19,21330.78,58339.44
300236.SZ,2022-05-06,26.67,27.45,26.38,26.91,14329.0,38589.07
300236.SZ,2022-05-09,26.91,27.36,26.87,27.01,11125.25,30167.6
300236.SZ,2022-05-10,26.64,27.98,26.64,27.88,32789.67,90515.89
300236.SZ,2022-05-11,27.97,30.25,27.8,29.1,56341.38,166116.79
300236.SZ,2022-05-12,29.01,29.81,28.82,29.35,27621.56,81012.0
300236.SZ,2022-05-13,29.43,29.62,29.0,29.13,15784.26,46086.47
300236.SZ,2022-05-16,29.5,29.6,28.7,28.82,15345.99,44686.13
300236.SZ,2022-05-17,28.7,29.34,28.65,29.09,17265.49,50207.9
300236.SZ,2022-05-18,29.18,29.45,28.96,29.17,13943.98,40749.1
300236.SZ,2022-05-19,28.73,29.66,28.62,29.48,22262.12,65163.58
300236.SZ,2022-05-20,29.7,30.49,29.5,30.22,30745.28,92396.03
300236.SZ,2022-05-23,30.25,30.69,30.0,30.61,22916.13,69589.5
300236.SZ,2022-05-24,30.57,30.86,29.22,29.23,33574.33,100992.21
300236.SZ,2022-05-25,29.95,30.31,29.06,29.23,19061.47,56231.37
300236.SZ,2022-05-26,29.3,29.68,28.71,29.06,20119.61,58507.37
300236.SZ,2022-05-27,29.6,29.78,28.62,28.88,15217.27,44402.21
300236.SZ,2022-05-30,29.23,29.64,28.9,29.4,19069.7,55934.55
300236.SZ,2022-05-31,29.4,30.07,29.1,29.99,24373.74,72351.57
300236.SZ,2022-06-01,30.0,30.28,29.7,30.08,20541.97,61572.47
300236.SZ,2022-06-02,30.0,30.85,29.8,30.73,33057.22,101018.95
300236.SZ,2022-06-06,30.75,31.48,30.73,31.22,35217.33,110004.02
300236.SZ,2022-06-07,31.56,31.56,30.31,30.58,29333.63,90001.67
300236.SZ,2022-06-08,30.58,31.1,30.06,30.55,22805.0,69641.18
300236.SZ,2022-06-09,30.38,30.52,29.67,29.82,22447.0,67291.87
300236.SZ,2022-06-10,29.81,30.45,29.65,30.23,35744.4,107741.43
300236.SZ,2022-06-13,30.23,30.68,29.91,30.29,27641.6,83678.7
300236.SZ,2022-06-14,30.19,30.19,28.76,29.91,28586.49,84270.04
300236.SZ,2022-06-15,29.89,30.9,29.8,30.28,31380.26,95786.92
300236.SZ,2022-06-16,30.21,32.46,30.18,32.27,80514.89,254960.25
300236.SZ,2022-06-17,32.0,32.08,31.49,31.82,43623.33,138572.06
300236.SZ,2022-06-20,31.82,32.15,31.24,31.47,33960.4,107215.79
300236.SZ,2022-06-21,31.5,32.11,31.12,31.58,33300.21,105394.72
300236.SZ,2022-06-22,31.61,31.83,30.7,30.75,25428.49,79134.91
300236.SZ,2022-06-23,30.75,31.52,30.7,31.46,24711.31,76927.23
300236.SZ,2022-06-24,31.48,31.92,31.21,31.65,27048.38,85529.62
300236.SZ,2022-06-27,31.65,32.18,31.5,31.95,28465.06,90660.59
300236.SZ,2022-06-28,31.95,32.98,31.55,32.87,48193.19,155753.18
300236.SZ,2022-06-29,32.51,34.29,32.41,33.04,71673.27,239945.36
300236.SZ,2022-06-30,33.18,33.48,32.41,33.1,38220.62,126098.9
300236.SZ,2022-07-01,32.8,33.3,32.5,32.54,28004.79,91946.01
300236.SZ,2022-07-04,32.3,32.75,31.66,32.53,28036.06,90268.39
300236.SZ,2022-07-05,32.61,33.35,32.43,33.23,35411.39,116822.06
300236.SZ,2022-07-06,33.07,34.18,32.91,33.2,37774.18,126984.32
300236.SZ,2022-07-07,33.0,33.46,32.6,33.37,25368.33,83969.62
300236.SZ,2022-07-08,33.37,34.12,33.2,33.85,33217.28,112312.39
300236.SZ,2022-07-11,33.66,33.7,32.32,32.46,25736.13,84496.61
300236.SZ,2022-07-12,32.45,32.64,31.06,31.07,26659.97,84633.68
300236.SZ,2022-07-13,31.07,31.47,30.85,31.05,16995.08,52876.07
300236.SZ,2022-07-14,31.04,31.65,30.8,31.47,16012.34,50231.12
300236.SZ,2022-07-15,31.5,31.92,30.86,30.87,18655.71,58664.42
300236.SZ,2022-07-18,30.84,31.5,30.81,31.19,12795.46,39824.95
300236.SZ,2022-07-19,31.18,31.57,31.0,31.4,13928.75,43592.8
300236.SZ,2022-07-20,31.74,31.99,31.6,31.89,17857.9,56768.56
300236.SZ,2022-07-21,31.82,32.7,31.61,32.07,23949.12,77325.29
300236.SZ,2022-07-22,32.22,32.61,31.32,31.46,21098.59,67033.93
300236.SZ,2022-07-25,31.5,31.88,30.56,30.9,16340.98,50699.04
300236.SZ,2022-07-26,30.87,31.58,30.47,31.45,15821.5,49325.41
300236.SZ,2022-07-27,31.5,31.58,31.01,31.13,9687.93,30221.35
300236.SZ,2022-07-28,31.41,32.5,31.26,31.95,28312.81,90751.01
300236.SZ,2022-07-29,32.11,32.48,31.69,31.75,18069.6,57597.69
300236.SZ,2022-08-01,31.69,32.87,31.33,32.84,36351.97,118197.19
300236.SZ,2022-08-02,32.4,33.3,31.5,32.75,51383.41,167519.42
300236.SZ,2022-08-03,32.79,35.26,32.79,33.8,82468.8,279580.89
300236.SZ,2022-08-04,34.0,34.54,33.35,33.85,58029.87,197360.39
300236.SZ,2022-08-05,33.69,36.29,33.5,35.88,103772.02,365435.23
300236.SZ,2022-08-08,35.61,36.17,35.02,36.04,69833.57,248311.64
300236.SZ,2022-08-09,35.68,36.51,35.09,36.48,57989.74,207001.08
300236.SZ,2022-08-10,35.96,37.49,35.72,36.34,76199.95,280808.88
300236.SZ,2022-08-11,36.38,37.94,36.38,37.17,71326.99,265697.09
300236.SZ,2022-08-12,36.67,37.6,36.25,36.25,66927.13,246936.35
300236.SZ,2022-08-15,36.2,37.07,36.09,36.18,46008.67,167773.87
300236.SZ,2022-08-16,36.81,38.92,36.51,38.2,92271.26,350421.5
300236.SZ,2022-08-17,37.95,38.49,37.5,37.79,46068.61,174461.15
300236.SZ,2022-08-18,37.69,39.2,37.45,38.8,66112.57,255550.99
300236.SZ,2022-08-19,38.69,39.28,36.95,37.0,63872.18,242256.45
300236.SZ,2022-08-22,36.0,37.6,35.67,37.16,34717.34,128770.66
300236.SZ,2022-08-23,37.51,37.52,36.5,36.98,29964.17,110442.97
300236.SZ,2022-08-24,37.0,37.32,35.25,35.45,41903.68,150419.99
300236.SZ,2022-08-25,35.73,36.19,34.25,34.73,31900.68,111252.86
300236.SZ,2022-08-26,35.02,35.18,34.12,34.23,22363.16,77441.67
300236.SZ,2022-08-29,33.8,34.62,33.6,33.76,25613.63,87013.87
300236.SZ,2022-08-30,33.93,34.33,33.36,33.7,23545.8,79456.56
300236.SZ,2022-08-31,33.53,33.91,32.4,32.55,27753.65,91400.83
300236.SZ,2022-09-01,32.55,32.98,31.95,32.12,19559.68,63312.33
300236.SZ,2022-09-02,32.07,33.15,31.91,32.93,21331.9,69801.48
300236.SZ,2022-09-05,32.84,33.25,32.28,32.62,19712.07,64471.38
300236.SZ,2022-09-06,32.72,33.32,32.55,32.95,17335.53,57129.5
300236.SZ,2022-09-07,32.94,34.16,32.89,33.67,34394.02,116110.64
300236.SZ,2022-09-08,33.5,34.05,33.13,33.24,20184.92,67605.0
300236.SZ,2022-09-09,33.25,33.86,32.61,32.95,16454.17,54111.09
300236.SZ,2022-09-13,33.0,33.92,32.9,33.06,15053.0,50176.28
300236.SZ,2022-09-14,32.5,33.18,32.5,32.91,12987.47,42673.64
300236.SZ,2022-09-15,33.14,33.29,31.54,32.1,25176.15,80977.32
300236.SZ,2022-09-16,31.98,32.59,31.75,31.81,14867.78,47756.36
300236.SZ,2022-09-19,32.01,32.29,31.03,31.24,14509.14,45939.41
300236.SZ,2022-09-20,31.28,31.44,30.9,31.0,14197.82,44271.76
300236.SZ,2022-09-21,30.99,31.35,30.22,31.2,14702.76,45457.33
300236.SZ,2022-09-22,31.07,31.45,31.0,31.25,10356.98,32356.93
300236.SZ,2022-09-23,31.16,31.26,29.7,29.89,19921.82,60281.95
300236.SZ,2022-09-26,29.92,30.29,29.55,30.0,11295.01,33909.44
300236.SZ,2022-09-27,29.8,30.59,29.8,30.51,12284.0,37354.65
300236.SZ,2022-09-28,30.48,30.66,29.88,29.88,11277.76,34064.36
300236.SZ,2022-09-29,30.0,30.5,29.5,29.5,13778.4,41313.77
300236.SZ,2022-09-30,29.68,29.73,29.09,29.23,14001.48,41076.85
300236.SZ,2022-10-10,29.48,29.48,27.41,27.58,18115.09,50965.63
300236.SZ,2022-10-11,27.8,28.16,27.24,27.48,21741.08,60211.2
300236.SZ,2022-10-12,27.27,28.35,27.16,28.31,30439.97,84762.1
300236.SZ,2022-10-13,28.15,28.72,28.12,28.5,18077.48,51543.93
300236.SZ,2022-10-14,28.75,29.25,28.4,29.15,18579.95,53680.16
300236.SZ,2022-10-17,29.0,30.2,28.84,30.13,21220.21,63178.94
300236.SZ,2022-10-18,30.1,30.2,29.7,29.85,15495.0,46342.44
300236.SZ,2022-10-19,29.85,30.09,29.41,29.41,12950.0,38441.8
300236.SZ,2022-10-20,29.2,30.87,28.95,30.08,33501.95,100689.84
300236.SZ,2022-10-21,29.98,30.3,29.23,29.64,21891.87,64780.14
300236.SZ,2022-10-24,29.78,31.15,29.68,30.12,35970.1,109786.6
300236.SZ,2022-10-25,29.96,30.18,29.3,29.65,21654.79,64384.67
300236.SZ,2022-10-26,29.81,30.75,29.4,30.52,25894.16,78543.58
300236.SZ,2022-10-27,30.52,31.23,30.35,30.79,28228.25,87011.77
300236.SZ,2022-10-28,30.31,31.45,30.12,30.33,34248.26,105727.28
300236.SZ,2022-10-31,30.12,31.08,30.1,30.68,23336.29,71643.98
300236.SZ,2022-11-01,30.57,31.1,30.35,31.03,21524.7,66331.78
300236.SZ,2022-11-02,31.1,31.47,30.96,31.3,22788.1,71271.22
300236.SZ,2022-11-03,31.2,32.09,31.02,31.99,33379.17,106153.8
300236.SZ,2022-11-04,31.99,32.12,31.4,31.93,35655.37,113026.11
300236.SZ,2022-11-07,31.73,32.15,31.4,31.43,26198.25,82811.23
300236.SZ,2022-11-08,31.44,31.78,31.11,31.51,18366.48,57548.67
300236.SZ,2022-11-09,31.3,31.75,31.12,31.53,16306.5,51326.6
300236.SZ,2022-11-10,31.2,31.58,30.45,30.72,22374.48,69045.04
300236.SZ,2022-11-11,31.38,31.7,30.93,31.0,22570.01,70661.13
300236.SZ,2022-11-14,30.81,31.45,30.6,30.78,18900.08,58530.11
300236.SZ,2022-11-15,30.61,31.84,30.39,31.6,43632.25,137440.08
300236.SZ,2022-11-16,31.6,32.22,31.44,31.46,33840.19,107713.85
300236.SZ,2022-11-17,31.4,32.19,30.8,32.19,50991.93,161787.57
300236.SZ,2022-11-18,31.81,32.96,31.65,31.74,47227.83,152655.25
300236.SZ,2022-11-21,31.62,32.12,31.31,31.79,30531.33,96786.34
300236.SZ,2022-11-22,31.89,32.18,31.02,31.27,27614.92,87297.02
300236.SZ,2022-11-23,31.05,31.27,29.81,30.6,36176.1,109740.13
300236.SZ,2022-11-24,30.81,30.93,30.28,30.41,21716.0,66262.51
300236.SZ,2022-11-25,30.68,30.75,29.91,30.02,18474.17,55770.48
300236.SZ,2022-11-28,29.88,29.97,29.0,29.65,20107.56,59453.87
300236.SZ,2022-11-29,29.88,30.29,29.6,30.08,17772.3,53324.08
300236.SZ,2022-11-30,30.46,30.5,29.75,29.85,18845.95,56414.8
300236.SZ,2022-12-01,30.19,30.64,30.15,30.28,22838.12,69519.85
300236.SZ,2022-12-02,30.26,30.69,30.21,30.29,15343.9,46749.09
300236.SZ,2022-12-05,30.62,30.62,30.0,30.25,21255.05,64115.81
300236.SZ,2022-12-06,30.06,30.72,30.06,30.38,20083.25,61210.4
300236.SZ,2022-12-07,30.3,30.33,29.95,29.99,16118.5,48468.43
300236.SZ,2022-12-08,30.15,30.15,29.7,29.76,17253.47,51538.09
300236.SZ,2022-12-09,29.7,30.27,29.61,30.08,41597.91,124945.64
300236.SZ,2022-12-12,30.02,30.69,29.61,30.29,26631.32,80558.28
300236.SZ,2022-12-13,30.29,30.58,29.86,29.9,16857.06,50597.88
300236.SZ,2022-12-14,31.11,31.37,29.91,30.08,45744.98,140138.58
300236.SZ,2022-12-15,29.58,30.95,29.56,30.37,37414.94,114293.43
300236.SZ,2022-12-16,30.37,30.37,29.78,30.0,22392.51,67094.51
300236.SZ,2022-12-19,30.0,30.24,29.01,29.21,21667.6,63751.87
300236.SZ,2022-12-20,29.0,29.43,28.86,29.06,12989.38,37771.99
300236.SZ,2022-12-21,28.99,29.19,28.15,28.59,22564.02,64532.69
300236.SZ,2022-12-22,28.62,28.76,27.77,27.85,14579.75,41083.98
300236.SZ,2022-12-23,27.7,28.08,27.4,27.63,12167.3,33723.29
300236.SZ,2022-12-26,27.32,28.79,27.32,28.63,22053.69,62695.68
300236.SZ,2022-12-27,28.63,28.89,28.46,28.71,10281.0,29486.82
300236.SZ,2022-12-28,28.81,28.83,28.06,28.17,12411.74,35077.46
300236.SZ,2022-12-29,28.2,28.26,27.86,27.89,8852.4,24807.79
300236.SZ,2022-12-30,28.09,28.18,27.68,27.79,8929.94,24879.06
300236.SZ,2023-01-03,27.95,28.66,27.7,28.55,14311.41,40454.25
300236.SZ,2023-01-04,28.75,29.28,28.31,28.45,16879.22,48473.06
300236.SZ,2023-01-05,28.45,28.75,28.35,28.62,13891.36,39645.32
300236.SZ,2023-01-06,28.62,28.95,28.45,28.65,18553.12,53196.97
300236.SZ,2023-01-09,28.8,29.0,28.57,28.61,14095.9,40513.38
300236.SZ,2023-01-10,28.68,28.97,28.56,28.68,18413.5,53048.55
300236.SZ,2023-01-11,28.68,29.58,28.42,28.45,24923.84,72158.9
300236.SZ,2023-01-12,28.35,28.78,28.2,28.43,12707.02,36186.71
300236.SZ,2023-01-13,28.37,28.7,28.12,28.35,12861.45,36393.17
300236.SZ,2023-01-16,28.2,29.36,28.2,29.16,31351.63,90989.92
300236.SZ,2023-01-17,29.18,30.57,29.06,29.86,45502.5,136739.64
300236.SZ,2023-01-18,30.1,30.1,29.6,29.79,17674.9,52628.29
300236.SZ,2023-01-19,29.89,30.34,29.63,30.21,24010.45,72287.1
300236.SZ,2023-01-20,30.22,30.64,30.1,30.27,16952.5,51285.76
300236.SZ,2023-01-30,31.04,31.19,30.64,30.73,36059.26,111487.67
300236.SZ,2023-01-31,30.57,30.97,30.37,30.58,19998.67,61150.87
300236.SZ,2023-02-01,30.69,32.09,30.6,31.82,61854.56,196099.64
300236.SZ,2023-02-02,31.9,33.19,31.88,32.44,51669.25,168241.01
300236.SZ,2023-02-03,32.44,32.88,32.13,32.8,33000.23,107314.99
300236.SZ,2023-02-06,32.61,32.96,32.38,32.59,24371.94,79403.7
300236.SZ,2023-02-07,32.58,33.05,32.36,32.88,25201.93,82623.79
300236.SZ,2023-02-08,32.91,33.24,32.67,33.0,29152.21,96100.07
300236.SZ,2023-02-09,32.99,34.47,32.9,34.42,61452.25,209005.3
300236.SZ,2023-02-10,34.42,34.76,33.7,33.85,36959.03,126350.31
300236.SZ,2023-02-13,33.87,34.35,33.79,34.25,27837.42,95081.17
300236.SZ,2023-02-14,34.24,35.28,34.1,34.2,34744.05,119935.8
300236.SZ,2023-02-15,35.0,36.33,34.9,35.91,74874.73,267585.68
300236.SZ,2023-02-16,35.66,36.98,34.79,35.01,77556.2,279077.94
300236.SZ,2023-02-17,35.08,35.42,33.99,34.0,45566.47,157595.91
300236.SZ,2023-02-20,34.02,34.49,33.44,34.37,32855.61,112002.3
300236.SZ,2023-02-21,34.37,34.94,33.9,34.15,23691.47,81295.7
300236.SZ,2023-02-22,33.9,34.35,33.6,34.14,20271.5,68828.85
300236.SZ,2023-02-23,33.98,34.24,33.6,33.87,21353.63,72407.84
300236.SZ,2023-02-24,33.98,34.45,33.72,33.96,23326.4,79518.79
300236.SZ,2023-02-27,33.7,34.07,33.61,33.71,16415.96,55515.14
300236.SZ,2023-02-28,33.9,34.14,33.13,33.44,17308.64,58045.31
300236.SZ,2023-03-01,33.45,33.8,33.33,33.55,19210.0,64464.51
300236.SZ,2023-03-02,33.55,33.82,33.25,33.33,16895.88,56636.94
300236.SZ,2023-03-03,33.86,34.2,33.36,33.57,26575.56,89641.17
300236.SZ,2023-03-06,33.57,34.26,33.48,34.09,25413.61,86268.48
300236.SZ,2023-03-07,34.09,34.38,33.16,33.16,25235.02,84858.93
300236.SZ,2023-03-08,32.73,35.22,32.73,34.6,57749.8,198200.69
300236.SZ,2023-03-09,34.93,40.13,34.8,38.61,222319.5,851963.34
300236.SZ,2023-03-10,38.0,38.2,36.62,36.65,150445.47,561409.05
300236.SZ,2023-03-13,36.36,37.88,36.16,36.64,107280.65,396428.81
300236.SZ,2023-03-14,36.23,38.09,35.56,38.01,143788.68,534253.35
300236.SZ,2023-03-15,38.0,39.89,37.2,38.16,135733.04,523483.75
300236.SZ,2023-03-16,37.3,38.73,37.22,37.41,76622.83,290272.19
300236.SZ,2023-03-17,38.01,38.98,37.48,38.68,106242.64,407216.61
300236.SZ,2023-03-20,38.72,39.6,37.68,37.71,115655.32,445728.58
300236.SZ,2023-03-21,37.25,38.19,36.75,37.38,88588.57,330501.8
300236.SZ,2023-03-22,37.61,37.72,36.27,37.05,67618.86,249448.55
300236.SZ,2023-03-23,37.1,37.83,36.86,37.74,88939.88,332532.3
300236.SZ,2023-03-24,37.7,38.5,37.0,38.05,81310.0,308049.2
300236.SZ,2023-03-27,39.1,41.0,38.26,38.43,186211.67,736201.73
300236.SZ,2023-03-28,38.2,38.4,36.56,36.77,120331.5,449214.84
300236.SZ,2023-03-29,36.68,38.17,36.61,37.71,88167.4,330256.84
300236.SZ,2023-03-30,37.81,39.3,37.81,38.15,86162.27,332207.11
300236.SZ,2023-03-31,37.81,38.87,37.8,38.55,71902.84,275715.25
300236.SZ,2023-04-03,39.1,39.93,38.62,39.65,133053.86,524482.81
300236.SZ,2023-04-04,39.23,42.0,39.21,41.11,212805.99,871905.24
300236.SZ,2023-04-06,40.5,44.14,40.36,42.86,208593.6,886162.48
300236.SZ,2023-04-07,42.9,43.1,41.33,41.77,125572.75,526669.74
300236.SZ,2023-04-10,41.69,42.81,40.47,41.0,113782.77,473582.5
300236.SZ,2023-04-11,40.98,41.8,40.31,41.05,79288.48,325393.56
300236.SZ,2023-04-12,40.87,41.29,40.2,41.0,70601.95,288093.57
300236.SZ,2023-04-13,40.6,40.7,39.41,39.6,80925.34,322651.97
300236.SZ,2023-04-14,39.9,42.0,39.03,41.84,125037.48,510340.74
300236.SZ,2023-04-17,41.88,42.89,41.14,41.26,83027.61,348414.4
300236.SZ,2023-04-18,40.73,41.15,40.14,40.59,63165.35,256597.13
300236.SZ,2023-04-19,40.66,41.66,40.39,40.63,77069.13,315584.22
300236.SZ,2023-04-20,40.17,41.11,40.08,40.95,60469.13,246183.6
300236.SZ,2023-04-21,41.25,41.25,38.02,38.1,95392.43,373905.92
300236.SZ,2023-04-24,38.0,38.98,37.5,37.84,52482.58,199460.11
300236.SZ,2023-04-25,38.15,38.4,37.07,37.27,50486.1,190119.98
300236.SZ,2023-04-26,36.75,37.78,36.21,36.62,51070.13,188603.78
300236.SZ,2023-04-27,37.9,42.12,37.66,40.48,152399.92,613675.72
300236.SZ,2023-04-28,39.92,42.96,39.92,41.96,143913.79,601312.45
300236.SZ,2023-05-04,41.23,42.36,41.0,41.45,80938.82,335569.21
300236.SZ,2023-05-05,41.27,42.78,41.08,41.63,111098.92,466318.29
300236.SZ,2023-05-08,40.65,41.79,39.7,40.88,77800.74,318362.88
300236.SZ,2023-05-09,40.8,41.45,39.24,39.24,80231.92,321678.22
300236.SZ,2023-05-10,38.8,39.4,37.79,38.26,59002.03,226404.47
300236.SZ,2023-05-11,38.93,39.59,38.0,38.77,49754.83,192517.76
300236.SZ,2023-05-12,38.55,40.76,38.22,38.3,79248.9,313658.39
300236.SZ,2023-05-15,38.0,39.2,37.59,39.2,51286.54,197651.81
300236.SZ,2023-05-16,39.24,39.24,37.9,38.29,57774.39,222517.69
300236.SZ,2023-05-17,38.06,39.12,38.0,38.54,39176.21,150973.73
300236.SZ,2023-05-18,38.28,38.97,38.23,38.38,39619.33,152736.33
300236.SZ,2023-05-19,38.4,41.3,38.28,40.75,108287.55,433391.05
300236.SZ,2023-05-22,41.3,41.5,40.3,40.72,80605.19,329103.79
300236.SZ,2023-05-23,40.45,40.84,39.12,39.53,52914.37,210303.69
300236.SZ,2023-05-24,39.35,43.23,39.35,42.24,178686.03,746562.17
300236.SZ,2023-05-25,41.9,42.32,40.67,41.21,99096.94,409891.92
300236.SZ,2023-05-26,41.36,43.22,41.25,43.2,148544.44,628794.24
300236.SZ,2023-05-29,43.2,43.94,42.33,42.57,125484.5,540174.63
300236.SZ,2023-05-30,41.97,42.09,41.03,41.99,79340.06,329930.96
300236.SZ,2023-05-31,41.86,42.83,41.25,42.4,74836.1,314435.77
300236.SZ,2023-06-01,41.76,42.2,41.48,41.81,59413.47,247968.47
300236.SZ,2023-06-02,41.59,41.97,40.84,40.87,57693.03,238100.51
300236.SZ,2023-06-05,40.87,41.8,40.87,41.1,44099.92,182238.09
300236.SZ,2023-06-06,40.85,41.33,40.12,40.2,42673.25,173556.18
300236.SZ,2023-06-07,40.2,40.56,39.89,40.31,31133.28,125332.19
300236.SZ,2023-06-08,40.01,40.2,38.48,39.3,51686.45,203061.18
300236.SZ,2023-06-09,39.6,40.09,39.01,40.06,42834.1,170029.92
300236.SZ,2023-06-12,40.2,40.8,40.0,40.18,34807.95,140863.82
300236.SZ,2023-06-13,40.5,41.14,39.8,41.02,46291.78,188191.29
300236.SZ,2023-06-14,40.8,41.28,40.63,40.92,33535.78,137406.49
300236.SZ,2023-06-15,40.95,41.19,40.2,40.25,39494.76,160313.97
300236.SZ,2023-06-16,40.51,40.97,40.12,40.64,29662.94,120414.95
300236.SZ,2023-06-19,41.15,42.37,41.03,41.94,82247.75,344401.07
300236.SZ,2023-06-20,41.81,42.49,41.32,42.47,82819.29,347823.65
300236.SZ,2023-06-21,41.9,42.28,40.48,40.48,57873.97,238540.17
300236.SZ,2023-06-26,39.8,40.45,39.3,39.75,39323.83,156661.63
300236.SZ,2023-06-27,39.6,40.39,39.44,39.44,33385.12,132580.97
300236.SZ,2023-06-28,39.3,39.36,37.6,38.56,51930.92,199046.14
300236.SZ,2023-06-29,38.3,39.25,38.3,38.71,22790.67,88471.67
300236.SZ,2023-06-30,38.41,40.0,38.4,39.65,34426.04,136022.98
300236.SZ,2023-07-03,39.83,40.7,39.5,39.65,43100.98,173047.41
300236.SZ,2023-07-04,39.58,40.55,39.5,40.11,30732.0,123127.84
300236.SZ,2023-07-05,40.0,40.26,39.63,39.66,22680.81,90486.84
300236.SZ,2023-07-06,39.5,40.17,39.29,39.62,21555.92,85820.36
300236.SZ,2023-07-07,39.47,39.75,38.44,38.47,29794.75,115588.99
300236.SZ,2023-07-10,38.52,38.68,38.0,38.3,18975.29,72577.96
300236.SZ,2023-07-11,38.29,39.17,38.27,39.15,23185.97,90157.07
300236.SZ,2023-07-12,39.05,39.35,37.75,37.77,35773.96,136967.65
300236.SZ,2023-07-13,38.08,39.1,37.98,38.75,33311.79,128701.63
300236.SZ,2023-07-14,38.83,41.48,38.74,40.95,90219.5,362814.17
300236.SZ,2023-07-17,40.52,40.8,39.01,39.39,68190.53,270623.88
300236.SZ,2023-07-18,39.3,40.15,38.23,38.45,50226.8,196301.28
300236.SZ,2023-07-19,38.23,38.7,37.82,38.05,31909.88,121592.24
300236.SZ,2023-07-20,38.26,38.49,37.7,37.88,23816.97,90312.96
300236.SZ,2023-07-21,37.62,38.15,37.62,37.85,16354.39,61897.94
300236.SZ,2023-07-24,37.84,38.33,37.31,37.66,15807.51,59909.78
300236.SZ,2023-07-25,38.08,38.36,37.87,38.22,17380.12,66305.87
300236.SZ,2023-07-26,38.43,38.43,37.9,37.99,13391.4,50964.02
300236.SZ,2023-07-27,37.99,38.16,36.37,36.78,32212.13,119459.6
300236.SZ,2023-07-28,36.33,36.94,36.11,36.82,25210.83,92008.7
300236.SZ,2023-07-31,36.82,37.31,36.71,37.11,19145.59,71028.78
300236.SZ,2023-08-01,37.0,37.62,36.96,37.31,19068.4,71188.43
300236.SZ,2023-08-02,37.05,37.77,37.05,37.35,18346.43,68732.38
300236.SZ,2023-08-03,37.18,37.4,36.85,36.94,15347.85,56857.92
300236.SZ,2023-08-04,37.36,38.1,37.03,37.32,21986.0,82509.12
300236.SZ,2023-08-07,37.32,37.57,36.83,36.94,15499.0,57507.62
300236.SZ,2023-08-08,37.18,37.2,36.2,36.42,20261.5,74120.97
300236.SZ,2023-08-09,36.54,36.64,36.0,36.32,12388.09,45067.38
300236.SZ,2023-08-10,36.3,36.55,36.03,36.16,10907.0,39573.63
300236.SZ,2023-08-11,36.39,36.39,35.15,35.18,23405.58,83227.87
300236.SZ,2023-08-14,35.0,35.36,34.34,35.04,21360.15,74222.72
300236.SZ,2023-08-15,35.03,35.15,34.04,34.38,19839.46,68314.05
300236.SZ,2023-08-16,34.06,34.68,33.67,33.67,20062.75,68355.4
300236.SZ,2023-08-17,33.67,34.46,33.43,34.33,20747.37,70732.53
300236.SZ,2023-08-18,34.58,34.64,33.82,33.82,13300.43,45554.08
300236.SZ,2023-08-21,33.85,34.41,33.3,33.64,14935.97,50831.71
300236.SZ,2023-08-22,33.81,34.07,33.11,33.97,20900.0,70265.48
300236.SZ,2023-08-23,33.98,33.98,33.13,33.15,12342.26,41346.57
300236.SZ,2023-08-24,33.32,34.09,33.18,33.75,17909.08,60392.58
300236.SZ,2023-08-25,33.72,34.44,32.85,33.05,27532.08,92202.07
300236.SZ,2023-08-28,35.58,35.7,33.08,33.16,31512.02,107805.32
300236.SZ,2023-08-29,33.01,34.94,33.01,34.72,35765.7,122838.87
300236.SZ,2023-08-30,35.01,36.0,34.92,35.33,36276.6,128734.17
300236.SZ,2023-08-31,35.05,37.95,35.05,36.93,83506.77,307200.75
300236.SZ,2023-09-01,36.37,36.64,35.7,35.92,43093.35,155550.79
300236.SZ,2023-09-04,36.0,36.72,35.68,36.72,34392.92,124538.03
300236.SZ,2023-09-05,36.69,37.96,36.52,36.8,75700.69,283410.71
300236.SZ,2023-09-06,36.69,41.1,36.5,40.01,182182.02,711623.14
300236.SZ,2023-09-07,39.4,40.55,39.02,39.26,114420.27,452120.38
300236.SZ,2023-09-08,39.14,40.91,39.0,39.63,123766.26,495050.19
300236.SZ,2023-09-11,39.02,40.63,38.81,39.41,115211.28,457159.26
300236.SZ,2023-09-12,38.85,39.63,38.7,39.04,65401.74,255818.83
300236.SZ,2023-09-13,38.6,39.6,38.3,39.2,67436.21,262462.18
300236.SZ,2023-09-14,38.75,38.91,37.75,38.39,55883.63,213664.53
300236.SZ,2023-09-15,38.75,38.82,37.89,38.28,45123.72,172967.09
300236.SZ,2023-09-18,38.1,38.16,37.41,37.48,40321.46,152069.43
300236.SZ,2023-09-19,37.52,37.61,36.6,36.89,32382.55,119654.42
300236.SZ,2023-09-20,37.08,37.19,36.0,36.03,30461.0,110805.99
300236.SZ,2023-09-21,36.01,36.38,35.86,36.13,25091.09,90640.09
300236.SZ,2023-09-22,36.18,36.5,35.6,36.42,32333.8,117069.78
300236.SZ,2023-09-25,36.41,36.85,36.02,36.25,31564.0,114980.3
300236.SZ,2023-09-26,36.04,36.49,35.6,36.09,27397.04,98707.88
300236.SZ,2023-09-27,36.02,36.37,35.78,35.78,20370.04,73321.4
300236.SZ,2023-09-28,35.85,36.77,35.77,36.39,37572.01,136481.93
300236.SZ,2023-10-09,36.39,36.81,36.11,36.34,27594.17,100593.83
300236.SZ,2023-10-10,36.45,37.18,36.4,36.62,33122.56,121786.74
300236.SZ,2023-10-11,36.51,37.2,36.31,37.05,38964.51,143802.9
300236.SZ,2023-10-12,37.13,37.28,36.29,36.86,34521.63,126768.08
300236.SZ,2023-10-13,36.61,37.21,36.53,37.1,32059.68,118589.21
300236.SZ,2023-10-16,37.0,37.19,35.75,35.9,33901.04,122351.69
300236.SZ,2023-10-17,35.93,36.26,35.55,36.1,19258.5,69121.59
300236.SZ,2023-10-18,35.8,36.69,35.5,35.5,21015.0,75240.04
300236.SZ,2023-10-19,35.32,36.88,35.22,35.8,38240.47,138862.67
300236.SZ,2023-10-20,35.5,36.1,34.74,34.8,26583.91,93510.36
300236.SZ,2023-10-23,34.5,34.79,33.6,33.86,19420.21,66253.66
300236.SZ,2023-10-24,33.97,35.19,33.73,34.81,29000.83,100310.67
300236.SZ,2023-10-25,35.2,35.8,34.67,34.96,28854.78,101486.58
300236.SZ,2023-10-26,34.9,34.99,34.15,34.84,21429.01,74014.62
300236.SZ,2023-10-27,34.9,36.35,34.32,36.05,50078.3,178102.26
300236.SZ,2023-10-30,35.52,36.95,35.5,36.57,55827.07,203043.63
300236.SZ,2023-10-31,37.01,37.5,36.34,36.66,39418.0,144805.43
300236.SZ,2023-11-01,36.55,36.77,36.25,36.34,23096.0,84247.6
300236.SZ,2023-11-02,36.27,36.8,35.62,35.65,21311.0,76747.41
300236.SZ,2023-11-03,35.66,37.0,35.63,36.61,38763.58,141436.96
300236.SZ,2023-11-06,37.5,37.76,36.8,37.65,51080.99,190928.26
300236.SZ,2023-11-07,37.86,39.98,37.85,39.1,112616.15,440883.97
300236.SZ,2023-11-08,38.85,40.55,38.5,39.5,97469.96,383755.86
300236.SZ,2023-11-09,40.0,40.21,39.1,39.29,70065.85,277904.66
300236.SZ,2023-11-10,39.11,39.89,38.9,39.07,48260.92,189989.03
300236.SZ,2023-11-13,39.07,39.45,38.86,39.1,39281.12,153610.93
300236.SZ,2023-11-14,38.89,39.2,38.6,38.93,32301.12,125662.48
300236.SZ,2023-11-15,39.2,39.31,38.48,38.52,29683.53,114937.36
300236.SZ,2023-11-16,38.25,38.66,37.97,38.14,33573.26,128485.78
300236.SZ,2023-11-17,38.1,38.9,37.96,38.4,38524.5,147951.36
300236.SZ,2023-11-20,38.52,39.52,38.47,39.0,58581.21,228813.88
300236.SZ,2023-11-21,38.88,39.0,37.86,37.91,44979.88,172347.87
300236.SZ,2023-11-22,37.87,38.2,37.39,37.44,35150.49,132615.85
300236.SZ,2023-11-23,37.15,37.83,37.15,37.7,22146.44,83098.75
300236.SZ,2023-11-24,37.59,37.9,36.76,36.8,27767.5,102974.55
300236.SZ,2023-11-27,36.59,37.69,36.5,37.39,26732.98,99453.59
300236.SZ,2023-11-28,37.35,37.68,36.86,37.33,21681.47,80729.0
300236.SZ,2023-11-29,37.22,37.64,37.02,37.14,19056.44,71159.94
300236.SZ,2023-11-30,37.1,37.3,36.31,36.58,19182.55,70188.38
300236.SZ,2023-12-01,36.47,36.97,36.22,36.83,17273.0,63200.78
300236.SZ,2023-12-04,37.1,37.61,36.75,37.1,28105.0,104733.4
300236.SZ,2023-12-05,36.8,36.99,36.11,36.12,21294.48,77703.63
300236.SZ,2023-12-06,36.01,36.4,35.97,36.01,13112.19,47383.08
300236.SZ,2023-12-07,35.88,36.08,35.58,35.82,14722.86,52756.67
300236.SZ,2023-12-08,35.81,36.39,35.58,35.75,22634.41,81342.66
300236.SZ,2023-12-11,35.8,36.61,35.43,36.55,25228.8,91088.13
300236.SZ,2023-12-12,37.0,37.54,36.74,37.16,46502.1,172748.76
300236.SZ,2023-12-13,37.0,37.03,36.26,36.26,25342.26,92765.6
300236.SZ,2023-12-14,36.67,36.7,35.8,35.82,19767.0,71518.79
300236.SZ,2023-12-15,35.85,36.03,35.29,35.4,18573.0,66064.21
300236.SZ,2023-12-18,35.2,35.26,34.5,34.7,18441.0,64252.46
300236.SZ,2023-12-19,34.88,35.5,34.56,35.2,16998.0,59642.61
300236.SZ,2023-12-20,35.35,35.55,34.83,34.85,16816.0,59106.36
300236.SZ,2023-12-21,34.54,35.07,34.11,34.87,19791.76,68511.48
300236.SZ,2023-12-22,34.87,35.06,34.4,34.54,18449.0,63991.41
300236.SZ,2023-12-25,34.44,34.97,34.3,34.61,12081.0,41765.34
300236.SZ,2023-12-26,35.64,35.99,34.09,34.17,29823.0,103768.06
300236.SZ,2023-12-27,34.02,34.7,33.8,34.39,20163.05,69049.28
300236.SZ,2023-12-28,34.46,35.28,34.1,34.85,27197.0,94932.1
300236.SZ,2023-12-29,34.82,35.32,34.8,35.22,20167.0,70939.89
300236.SZ,2024-01-02,35.37,35.39,34.92,34.93,18211.0,63995.99
300236.SZ,2024-01-03,34.82,35.33,34.53,34.7,19652.76,68578.28
300236.SZ,2024-01-04,34.87,34.87,33.84,33.98,21427.74,73147.82
300236.SZ,2024-01-05,34.03,34.18,32.6,32.72,29571.94,98398.47
300236.SZ,2024-01-08,32.89,32.89,31.8,31.87,26059.02,83664.8
300236.SZ,2024-01-09,32.1,32.63,31.94,32.18,24166.43,77922.53
300236.SZ,2024-01-10,32.16,32.16,31.25,31.53,19033.26,60265.9
300236.SZ,2024-01-11,31.59,32.38,31.46,32.2,23116.8,74069.65
300236.SZ,2024-01-12,32.2,32.35,31.81,31.81,17578.0,56412.3
300236.SZ,2024-01-15,32.13,32.2,31.25,31.65,20913.91,66376.43
300236.SZ,2024-01-16,31.55,31.78,31.01,31.5,16196.0,50801.48
300236.SZ,2024-01-17,31.44,31.57,30.51,30.51,17246.5,53464.36
300236.SZ,2024-01-18,30.4,30.7,28.96,30.18,36750.6,108943.82
300236.SZ,2024-01-19,32.39,32.4,30.51,30.78,61752.32,192546.2
300236.SZ,2024-01-22,30.7,31.16,28.6,28.81,55928.48,166342.31
300236.SZ,2024-01-23,28.75,29.32,28.37,29.06,34020.4,98554.9
300236.SZ,2024-01-24,29.12,29.59,27.83,29.2,40539.77,116304.93
300236.SZ,2024-01-25,29.26,31.79,28.81,30.9,67892.53,207965.23
300236.SZ,2024-01-26,30.0,33.99,29.7,31.95,121119.79,383959.37
300236.SZ,2024-01-29,30.99,32.35,30.7,31.0,77055.13,241239.03
300236.SZ,2024-01-30,30.57,30.71,28.76,28.81,53728.53,159431.81
300236.SZ,2024-01-31,28.8,29.84,28.52,28.86,46679.26,136221.41
300236.SZ,2024-02-01,28.68,30.27,28.2,29.46,48780.67,143840.86
300236.SZ,2024-02-02,29.46,29.83,27.5,28.62,51504.05,147873.72
300236.SZ,2024-02-05,28.1,28.2,25.6,25.89,60139.5,162020.54
300236.SZ,2024-02-06,25.28,28.88,25.2,28.56,59824.03,164431.88
300236.SZ,2024-02-07,28.76,29.94,28.66,29.68,57077.92,168568.62
300236.SZ,2024-02-08,29.97,31.88,29.93,31.0,66299.24,206890.76
300236.SZ,2024-02-19,31.32,31.72,30.75,31.3,51641.92,161225.27
300236.SZ,2024-02-20,31.0,31.68,30.48,31.35,34733.63,108118.8
300236.SZ,2024-02-21,30.91,31.95,30.87,31.12,45527.9,143172.98
300236.SZ,2024-02-22,30.88,32.2,30.85,31.96,58108.94,183941.57
300236.SZ,2024-02-23,32.02,32.2,31.35,31.91,46569.2,147766.28
300236.SZ,2024-02-26,31.75,32.3,31.6,31.91,45678.7,145845.55
300236.SZ,2024-02-27,31.78,32.89,31.58,32.88,52035.87,168212.38
300236.SZ,2024-02-28,32.88,33.33,30.9,30.9,62911.75,202330.9
300236.SZ,2024-02-29,30.82,35.33,30.75,34.75,142484.15,480465.67
300236.SZ,2024-03-01,34.38,35.3,34.18,34.93,107630.0,373278.05
300236.SZ,2024-03-04,34.63,36.38,34.37,35.89,96187.81,341878.15
300236.SZ,2024-03-05,35.4,36.4,34.86,35.14,88679.71,314938.19
300236.SZ,2024-03-06,34.61,35.1,34.29,34.5,52373.46,181341.16
300236.SZ,2024-03-07,34.78,35.28,34.05,34.05,44426.66,153876.1
300236.SZ,2024-03-08,33.99,35.35,33.93,35.18,48679.73,168901.02
300236.SZ,2024-03-11,35.0,35.1,34.4,35.09,38418.15,133907.28
300236.SZ,2024-03-12,35.63,36.11,34.93,35.16,61571.86,218441.38
300236.SZ,2024-03-13,35.32,35.64,34.98,35.03,45258.6,159544.4
300236.SZ,2024-03-14,34.76,35.1,34.22,34.78,37238.86,129071.98
300236.SZ,2024-03-15,35.19,35.29,34.3,34.8,31491.86,109047.16
300236.SZ,2024-03-18,34.68,35.35,34.59,35.34,45152.45,158094.77
300236.SZ,2024-03-19,35.11,35.64,34.9,35.19,43547.87,153463.89
300236.SZ,2024-03-20,35.0,36.01,34.83,35.35,69193.99,244937.62
300236.SZ,2024-03-21,35.0,35.8,34.78,34.8,43694.66,153428.9
300236.SZ,2024-03-22,34.81,35.7,34.53,34.54,54932.9,193010.58
300236.SZ,2024-03-25,34.2,34.8,33.35,33.35,48767.94,165943.97
300236.SZ,2024-03-26,33.38,33.93,32.9,33.27,27710.0,92457.94
300236.SZ,2024-03-27,33.27,33.45,31.81,31.82,32529.82,105478.01
300236.SZ,2024-03-28,32.1,33.09,31.84,32.35,34043.68,110497.15
300236.SZ,2024-03-29,32.16,32.4,31.58,32.37,25458.5,81541.03
300236.SZ,2024-04-01,32.89,33.65,32.6,33.5,34504.76,114798.13
300236.SZ,2024-04-02,33.36,33.81,33.1,33.26,28062.1,93603.41
300236.SZ,2024-04-03,33.08,33.79,32.8,33.39,29922.45,99859.69
300236.SZ,2024-04-08,33.17,33.23,32.21,32.28,20070.0,65618.74
300236.SZ,2024-04-09,32.12,33.18,32.02,33.17,24410.94,80000.21
300236.SZ,2024-04-10,32.93,33.1,31.9,32.16,20445.36,66051.04
300236.SZ,2024-04-11,32.11,32.56,31.9,32.06,17965.06,58030.3
300236.SZ,2024-04-12,32.05,32.48,31.75,31.75,18563.13,59428.67
300236.SZ,2024-04-15,31.65,32.48,31.18,31.81,30369.89,96735.43
300236.SZ,2024-04-16,31.6,31.91,30.18,30.28,33055.42,102428.19
300236.SZ,2024-04-17,30.83,32.2,30.67,32.15,29738.82,94074.84
300236.SZ,2024-04-18,32.02,32.52,31.66,32.02,23802.0,76542.66
300236.SZ,2024-04-19,32.09,32.2,31.4,31.78,23063.52,73249.74
300236.SZ,2024-04-22,30.5,31.17,29.95,30.69,29002.0,88689.05
300236.SZ,2024-04-23,30.71,31.26,30.34,30.76,17802.0,54702.16
300236.SZ,2024-04-24,30.77,31.23,30.62,31.13,18126.9,56235.08
300236.SZ,2024-04-25,30.9,31.79,30.86,31.3,18007.89,56473.61
300236.SZ,2024-04-26,31.48,32.45,31.23,32.24,32326.48,103659.72
300236.SZ,2024-04-29,32.24,33.83,32.12,33.71,39699.93,132243.77
300236.SZ,2024-04-30,33.69,34.16,33.41,33.47,28036.52,94322.7
300236.SZ,2024-05-06,33.99,34.04,33.41,33.6,25080.02,84652.9
300236.SZ,2024-05-07,33.41,34.04,33.41,33.8,19738.84,66705.52
300236.SZ,2024-05-08,33.79,33.85,32.8,32.86,23700.0,78676.56
300236.SZ,2024-05-09,33.0,33.43,32.9,33.28,16080.46,53509.55
300236.SZ,2024-05-10,33.49,33.67,32.29,32.48,25000.84,81598.49
300236.SZ,2024-05-13,32.48,32.48,31.7,31.85,16428.0,52487.03
300236.SZ,2024-05-14,31.92,32.45,31.71,31.85,14346.44,45793.87
300236.SZ,2024-05-15,31.89,32.0,31.42,31.51,10893.0,34539.59
300236.SZ,2024-05-16,31.53,31.85,31.16,31.25,15284.0,48077.95
300236.SZ,2024-05-17,31.33,32.27,31.07,32.23,36344.56,115667.39
300236.SZ,2024-05-20,31.84,32.35,31.45,31.65,30519.0,97046.0
300236.SZ,2024-05-21,31.51,31.65,31.11,31.14,18919.46,59141.54
300236.SZ,2024-05-22,31.28,31.39,30.89,31.35,16516.02,51505.81
300236.SZ,2024-05-23,31.3,31.3,30.67,30.8,16015.0,49497.45
300236.SZ,2024-05-24,30.71,30.97,29.75,29.88,33359.24,100823.94
300236.SZ,2024-05-27,30.0,32.0,29.28,31.7,78903.75,242291.74
300236.SZ,2024-05-28,31.8,33.57,31.5,32.05,95207.41,308918.54
300236.SZ,2024-05-29,31.7,32.79,31.6,32.32,60449.02,195595.33
300236.SZ,2024-05-30,31.87,33.13,31.81,32.79,66639.58,217774.08
300236.SZ,2024-05-31,32.46,32.92,32.28,32.46,44380.36,144370.45
300236.SZ,2024-06-03,32.85,33.4,32.52,32.87,57799.29,190473.71
300236.SZ,2024-06-04,32.66,32.77,31.87,32.27,38355.13,123181.57
300236.SZ,2024-06-05,32.27,33.0,32.11,32.25,31701.37,103404.07
300236.SZ,2024-06-06,32.68,33.15,31.66,31.89,52695.96,170913.13
300236.SZ,2024-06-07,31.61,33.2,31.53,32.4,56314.0,183465.59
300236.SZ,2024-06-11,32.6,34.95,32.3,34.95,168401.38,575530.43
300236.SZ,2024-06-12,34.35,34.63,34.06,34.45,100870.89,346401.68
300236.SZ,2024-06-13,34.4,35.1,34.24,34.26,98234.14,339937.59
300236.SZ,2024-06-14,34.06,34.36,33.59,34.13,79700.83,271413.16
300236.SZ,2024-06-17,34.11,34.6,33.8,34.58,63069.02,216695.91
300236.SZ,2024-06-18,34.4,34.41,33.8,34.0,54803.22,186675.03
300236.SZ,2024-06-19,34.03,34.29,33.41,33.92,59728.99,202186.49
300236.SZ,2024-06-20,33.7,34.25,33.23,33.24,59903.48,202443.06
300236.SZ,2024-06-21,32.88,33.41,32.13,33.13,38614.0,127058.99
300236.SZ,2024-06-24,32.75,33.48,31.63,31.67,52381.88,170586.96
300236.SZ,2024-06-25,31.6,31.84,30.19,30.42,43952.0,135302.63
300236.SZ,2024-06-26,30.42,31.54,30.1,31.42,34599.31,106532.33
300236.SZ,2024-06-27,31.37,31.68,30.7,30.74,26866.0,83647.34
300236.SZ,2024-06-28,31.09,31.53,30.5,31.14,30472.3,94981.17
300236.SZ,2024-07-01,31.12,32.09,31.01,31.71,33975.81,107410.56
300236.SZ,2024-07-02,32.0,32.0,31.31,31.48,23427.5,73843.81
300236.SZ,2024-07-03,31.47,31.96,31.13,31.67,26611.5,83962.06
300236.SZ,2024-07-04,31.51,31.75,30.7,30.84,27521.0,85877.58
300236.SZ,2024-07-05,30.97,30.97,30.22,30.77,24298.56,74283.88
300236.SZ,2024-07-08,30.77,31.28,30.3,30.31,26155.5,80549.4
300236.SZ,2024-07-09,30.31,32.06,30.13,31.93,50309.94,157517.0
300236.SZ,2024-07-10,31.67,32.18,31.67,31.82,26581.0,84822.85
300236.SZ,2024-07-11,32.45,32.78,32.1,32.54,39325.87,127792.31
300236.SZ,2024-07-12,32.4,32.75,32.13,32.59,23374.0,75866.6
300236.SZ,2024-07-15,32.6,32.95,32.28,32.44,22428.0,73130.39
300236.SZ,2024-07-16,32.41,32.64,31.66,32.18,37905.0,121434.18
300236.SZ,2024-07-17,32.12,32.35,31.53,31.55,29823.0,94979.28
300236.SZ,2024-07-18,31.29,32.94,31.12,32.77,69684.87,224478.67
300236.SZ,2024-07-19,32.52,33.45,32.48,32.92,59707.5,197344.49
300236.SZ,2024-07-22,32.9,33.33,32.71,33.0,37386.69,123679.67
300236.SZ,2024-07-23,32.89,33.0,31.6,31.65,34103.51,110049.78
300236.SZ,2024-07-24,31.35,31.99,31.15,31.19,27333.52,86268.26
300236.SZ,2024-07-25,31.13,31.73,30.88,31.37,20396.0,63854.42
300236.SZ,2024-07-26,31.37,31.72,31.21,31.61,17563.0,55391.99
300236.SZ,2024-07-29,31.82,32.1,31.61,31.63,18121.59,57656.52
300236.SZ,2024-07-30,31.34,32.49,30.99,32.42,36396.3,115749.97
300236.SZ,2024-07-31,32.29,33.03,31.97,32.93,49134.96,160725.96
300236.SZ,2024-08-01,32.93,33.25,32.7,32.8,34904.0,114869.75
300236.SZ,2024-08-02,32.5,32.94,32.0,32.12,25965.5,84325.27
300236.SZ,2024-08-05,31.54,32.12,30.86,30.86,32537.0,102196.77
300236.SZ,2024-08-06,31.33,31.48,30.8,31.18,19292.5,59856.43
300236.SZ,2024-08-07,31.04,31.41,30.94,31.09,14057.42,43862.17
300236.SZ,2024-08-08,30.78,31.5,30.58,31.15,18506.5,57473.34
300236.SZ,2024-08-09,31.64,31.77,30.89,30.9,14431.0,45215.93
300236.SZ,2024-08-12,30.81,31.04,30.46,30.61,12474.0,38304.21
300236.SZ,2024-08-13,30.52,30.96,30.52,30.95,11334.0,34843.25
300236.SZ,2024-08-14,31.0,31.05,30.63,30.63,10255.0,31584.03
300236.SZ,2024-08-15,30.49,31.48,30.48,30.99,18409.5,57243.03
300236.SZ,2024-08-16,31.01,31.42,30.91,31.0,15456.0,48114.42
300236.SZ,2024-08-19,30.83,31.55,30.81,31.25,17370.5,54340.35
300236.SZ,2024-08-20,31.38,31.38,30.83,30.96,15956.19,49471.1
300236.SZ,2024-08-21,30.8,31.16,30.73,30.79,10014.6,30999.66
300236.SZ,2024-08-22,30.83,30.91,30.01,30.05,19140.03,58347.74
300236.SZ,2024-08-23,29.97,30.36,29.93,30.21,13159.1,39675.71
300236.SZ,2024-08-26,30.2,30.6,30.04,30.07,10370.48,31324.25
300236.SZ,2024-08-27,30.0,30.0,27.23,28.14,50146.28,142350.99
300236.SZ,2024-08-28,28.28,28.68,28.1,28.64,16301.46,46462.6
300236.SZ,2024-08-29,28.57,29.22,28.3,29.02,15533.62,45009.25
300236.SZ,2024-08-30,28.9,30.14,28.9,29.68,22440.4,66832.46
300236.SZ,2024-09-02,29.82,29.99,29.03,29.04,15459.41,45507.58
300236.SZ,2024-09-03,28.89,29.4,28.84,29.08,11540.0,33644.95
300236.SZ,2024-09-04,29.08,29.68,28.74,29.32,17319.0,50729.9
300236.SZ,2024-09-05,29.32,29.79,29.3,29.35,10366.0,30525.58
300236.SZ,2024-09-06,29.35,29.48,28.78,28.78,11957.67,34687.87
300236.SZ,2024-09-09,28.78,29.09,28.53,28.6,10138.59,29199.13
300236.SZ,2024-09-10,28.53,29.26,28.35,29.16,13432.0,38618.38
300236.SZ,2024-09-11,28.9,29.3,28.87,29.14,8988.0,26129.56
300236.SZ,2024-09-12,29.34,29.48,28.73,28.73,9446.0,27409.26
300236.SZ,2024-09-13,28.7,28.95,28.27,28.3,9252.3,26396.68
300236.SZ,2024-09-18,29.0,29.35,28.24,28.5,22214.83,63886.48
300236.SZ,2024-09-19,26.52,27.8,26.06,27.05,73274.51,197265.57
300236.SZ,2024-09-20,26.98,27.21,26.71,27.12,28267.72,76306.26
300236.SZ,2024-09-23,27.15,27.5,26.8,26.8,19770.79,53493.83
300236.SZ,2024-09-24,26.99,28.1,26.73,28.02,35274.84,97254.12
300236.SZ,2024-09-25,28.09,28.85,27.91,27.97,30939.8,87867.91
300236.SZ,2024-09-26,27.89,29.35,27.88,29.3,35249.3,100858.93
300236.SZ,2024-09-27,29.68,31.79,29.67,31.45,58399.41,180055.12
300236.SZ,2024-09-30,32.51,36.56,32.5,35.99,127368.58,442499.29
300236.SZ,2024-10-08,43.19,43.19,40.1,43.19,225918.35,955251.48
300236.SZ,2024-10-09,41.9,43.53,38.71,39.19,208149.65,863062.68
300236.SZ,2024-10-10,39.65,40.2,37.38,37.77,114149.59,438674.35
300236.SZ,2024-10-11,37.4,38.14,35.0,35.59,86808.69,314739.54
300236.SZ,2024-10-14,35.49,36.77,34.53,36.67,72276.89,258732.92
300236.SZ,2024-10-15,36.87,37.55,35.82,35.92,77395.76,284069.54
300236.SZ,2024-10-16,35.2,37.4,35.2,36.03,78400.68,287155.72
300236.SZ,2024-10-17,36.0,36.68,35.7,35.85,56487.2,204638.32
300236.SZ,2024-10-18,35.66,39.66,35.55,38.63,142074.08,537148.62
300236.SZ,2024-10-21,39.11,40.6,38.32,39.7,157823.44,627106.4
300236.SZ,2024-10-22,39.12,39.85,38.39,39.02,107824.18,422048.43
300236.SZ,2024-10-23,38.69,39.22,38.28,38.4,60731.9,235213.48
300236.SZ,2024-10-24,38.18,38.6,37.9,38.3,46337.0,177290.63
300236.SZ,2024-10-25,38.63,39.1,38.01,38.87,53917.8,208302.87
300236.SZ,2024-10-28,38.52,38.9,38.0,38.62,47029.66,181247.31
300236.SZ,2024-10-29,38.62,39.09,37.64,37.7,75135.48,288314.82
300236.SZ,2024-10-30,37.8,39.41,37.8,38.71,113895.5,442480.74
300236.SZ,2024-10-31,38.7,39.94,37.7,39.57,142847.43,558524.57
300236.SZ,2024-11-01,39.25,40.16,37.5,37.6,111845.6,430172.21
300236.SZ,2024-11-04,37.37,39.74,37.24,39.38,100557.7,391731.89
300236.SZ,2024-11-05,39.42,40.6,39.09,40.31,133889.3,537858.48
300236.SZ,2024-11-06,40.31,41.47,39.73,40.38,141631.08,575475.66
300236.SZ,2024-11-07,40.32,41.67,39.91,41.07,112541.32,460973.63
300236.SZ,2024-11-08,41.9,43.29,41.18,41.51,167401.83,705957.71
300236.SZ,2024-11-11,42.3,45.88,42.2,44.87,222555.04,988401.81
300236.SZ,2024-11-12,44.0,46.58,43.34,44.18,181963.71,814603.82
300236.SZ,2024-11-13,43.8,45.6,43.6,45.5,155132.78,694507.97
300236.SZ,2024-11-14,45.0,45.0,42.17,42.27,143826.64,624490.79
300236.SZ,2024-11-15,42.2,42.97,40.0,40.02,106347.07,438832.91
300236.SZ,2024-11-18,40.0,40.52,38.36,38.93,77709.5,305249.45
300236.SZ,2024-11-19,39.42,40.65,39.0,40.4,60268.11,239794.26
300236.SZ,2024-11-20,40.38,40.5,39.39,40.08,67591.76,270259.3
300236.SZ,2024-11-21,39.72,40.19,39.03,39.66,53143.96,211241.17
300236.SZ,2024-11-22,39.8,40.8,37.8,37.85,80537.91,318097.25
300236.SZ,2024-11-25,38.24,39.12,38.02,38.91,57422.13,221602.35
300236.SZ,2024-11-26,38.67,39.08,38.33,38.59,34267.5,132290.84
300236.SZ,2024-11-27,38.22,39.4,37.5,39.39,49056.5,188673.37
300236.SZ,2024-11-28,39.47,39.47,38.43,38.6,45330.98,176686.19
300236.SZ,2024-11-29,38.39,39.82,38.23,39.25,51023.26,199645.55
300236.SZ,2024-12-02,39.31,39.76,38.83,39.7,47097.0,185739.74
300236.SZ,2024-12-03,40.21,41.84,39.61,40.53,98868.35,400082.34
300236.SZ,2024-12-04,41.82,42.49,40.74,41.08,117753.08,490171.47
300236.SZ,2024-12-05,40.1,40.76,39.75,40.53,64685.0,260948.88
300236.SZ,2024-12-06,40.53,40.83,39.31,40.19,65668.06,263229.91
300236.SZ,2024-12-09,40.18,40.28,39.0,39.25,51227.47,202317.55
300236.SZ,2024-12-10,40.7,40.99,39.43,39.6,64520.33,259197.23
300236.SZ,2024-12-11,39.99,41.35,39.66,40.63,77700.5,316062.81
300236.SZ,2024-12-12,40.35,40.5,39.7,40.12,47592.12,190267.2
300236.SZ,2024-12-13,39.78,39.98,39.2,39.21,49591.0,195748.48
300236.SZ,2024-12-16,39.2,39.28,38.34,38.54,39916.0,154754.27
300236.SZ,2024-12-17,38.37,38.85,37.98,38.09,32437.79,124463.66
300236.SZ,2024-12-18,38.08,38.92,37.88,38.58,36344.66,139759.61
300236.SZ,2024-12-19,38.0,39.12,37.89,38.99,41657.8,160613.83
300236.SZ,2024-12-20,38.99,40.59,38.8,39.97,67468.57,269121.45
300236.SZ,2024-12-23,39.98,40.38,38.87,39.08,45966.04,181359.03
300236.SZ,2024-12-24,39.21,39.6,38.61,39.56,32272.45,126505.22
300236.SZ,2024-12-25,39.57,39.8,38.9,39.14,26795.02,104951.73
300236.SZ,2024-12-26,38.96,40.2,38.96,39.71,46958.0,186365.77
300236.SZ,2024-12-27,39.7,40.38,39.23,39.32,44867.0,178695.04
300236.SZ,2024-12-30,39.09,39.71,38.51,38.96,30546.0,119507.01
300236.SZ,2024-12-31,38.85,39.25,37.37,37.37,45949.5,174714.617
300236.SZ,2025-01-02,37.4,37.54,35.44,35.81,46053.41,167673.17
300236.SZ,2025-01-03,36.02,36.44,35.18,35.34,37068.0,132912.55
300236.SZ,2025-01-06,35.33,35.63,34.51,34.83,31562.2,110455.86
300236.SZ,2025-01-07,34.8,35.6,34.7,35.51,27301.78,96202.16
300236.SZ,2025-01-08,35.28,35.45,33.93,34.96,35282.0,122727.75
300236.SZ,2025-01-09,34.83,35.58,34.64,35.15,28082.5,99146.33
300236.SZ,2025-01-10,35.0,35.92,34.58,34.58,27735.2,97812.03
300236.SZ,2025-01-13,34.2,35.26,34.02,35.16,29002.63,100853.78
300236.SZ,2025-01-14,35.2,36.59,34.84,36.53,39716.35,142712.96
300236.SZ,2025-01-15,36.37,36.57,35.97,36.19,24672.0,89181.91
300236.SZ,2025-01-16,36.45,36.98,35.91,36.22,27766.0,101093.33
300236.SZ,2025-01-17,36.03,37.5,36.0,37.0,36930.02,136216.38
300236.SZ,2025-01-20,37.36,37.49,36.86,36.98,25620.0,95087.1
300236.SZ,2025-01-21,37.19,37.34,36.68,37.29,24263.64,89984.68
300236.SZ,2025-01-22,37.06,37.4,36.74,37.04,24883.04,92121.82
300236.SZ,2025-01-23,37.38,37.83,36.69,36.74,31062.0,115913.21
300236.SZ,2025-01-24,36.7,37.38,36.63,37.28,26169.57,97306.69
300236.SZ,2025-01-27,37.35,37.6,36.6,36.63,20749.0,76810.18
300236.SZ,2025-02-05,37.05,37.5,36.82,37.1,31052.0,115491.15
300236.SZ,2025-02-06,36.86,38.03,36.76,38.02,39332.84,148198.81
300236.SZ,2025-02-07,37.9,38.59,37.58,37.98,49663.17,189154.69
300236.SZ,2025-02-10,38.0,38.24,37.72,37.96,40732.5,154659.04
300236.SZ,2025-02-11,38.0,38.09,37.29,37.57,30932.84,115968.07
300236.SZ,2025-02-12,37.5,38.22,37.39,38.2,39575.15,149488.85
300236.SZ,2025-02-13,38.17,38.17,37.33,37.38,36200.41,136101.82
300236.SZ,2025-02-14,37.27,37.5,36.95,37.29,33902.0,126099.99
300236.SZ,2025-02-17,37.12,37.55,36.81,37.0,40474.0,150037.72
300236.SZ,2025-02-18,36.88,37.43,36.21,36.33,40180.96,147834.65
300236.SZ,2025-02-19,36.2,37.38,36.2,37.28,41538.31,153897.84
300236.SZ,2025-02-20,37.2,37.5,36.86,37.43,38733.5,144261.6
300236.SZ,2025-02-21,37.37,38.4,37.14,38.23,69330.5,263445.41
300236.SZ,2025-02-24,38.29,38.8,37.98,38.32,56944.0,218299.37
300236.SZ,2025-02-25,37.9,39.15,37.7,38.6,69030.91,265967.36
300236.SZ,2025-02-26,38.8,39.33,38.18,39.09,62560.28,243413.01
300236.SZ,2025-02-27,39.33,39.79,37.93,38.7,55834.79,216106.87
300236.SZ,2025-02-28,38.44,38.78,36.86,36.95,55166.5,207345.88
300236.SZ,2025-03-03,37.15,37.46,36.61,36.7,47316.08,175056.24
300236.SZ,2025-03-04,36.55,37.99,36.33,37.63,54190.6,201462.96
300236.SZ,2025-03-05,37.7,39.66,37.57,38.55,74143.65,285509.0
300236.SZ,2025-03-06,38.4,39.23,38.2,38.65,63782.76,247327.73
300236.SZ,2025-03-07,38.5,38.64,37.61,37.87,48241.96,183552.43
300236.SZ,2025-03-10,37.99,38.6,37.54,37.89,41406.51,157119.76
300236.SZ,2025-03-11,37.4,37.87,36.92,37.32,41592.39,155070.29
300236.SZ,2025-03-12,37.38,37.54,36.92,36.93,41373.64,153487.02
300236.SZ,2025-03-13,36.93,37.06,35.65,36.0,48174.36,174039.01
300236.SZ,2025-03-14,36.0,36.9,35.84,36.88,36465.0,133065.67
300236.SZ,2025-03-17,36.8,37.14,36.71,36.83,27045.64,99749.35
300236.SZ,2025-03-18,36.9,37.49,36.8,36.92,25824.0,95807.76
300236.SZ,2025-03-19,36.82,36.84,36.28,36.39,27052.4,98600.14
300236.SZ,2025-03-20,36.41,36.61,36.1,36.27,22397.01,81383.87
300236.SZ,2025-03-21,36.09,36.46,35.57,35.66,29766.4,106972.92
300236.SZ,2025-03-24,35.66,35.92,34.82,35.44,30228.68,106825.49
300236.SZ,2025-03-25,35.49,35.69,35.06,35.34,20304.08,71746.19
300236.SZ,2025-03-26,35.15,35.72,35.15,35.31,16994.0,60333.65
300236.SZ,2025-03-27,35.23,37.49,35.17,36.77,71649.11,262184.75
300236.SZ,2025-03-28,37.1,37.93,36.18,36.24,66742.22,247348.65
300236.SZ,2025-03-31,36.01,36.85,35.03,35.38,52940.42,189850.74
300236.SZ,2025-04-01,35.5,36.6,35.16,35.97,41426.4,148831.13
300236.SZ,2025-04-02,35.95,36.58,35.8,35.9,25009.86,90109.06
300236.SZ,2025-04-03,35.52,36.3,35.1,35.57,33376.0,119127.26
300236.SZ,2025-04-07,34.0,34.7,29.44,30.76,89322.4,288802.56
300236.SZ,2025-04-08,31.5,33.79,31.5,32.59,88422.02,288493.18
300236.SZ,2025-04-09,32.08,35.28,30.63,34.59,99869.11,332455.45
300236.SZ,2025-04-10,35.05,35.59,34.34,34.6,79871.06,279160.16
300236.SZ,2025-04-11,34.1,36.23,34.09,35.85,101164.06,359703.8
300236.SZ,2025-04-14,36.34,36.41,35.46,35.69,64553.0,230656.34
300236.SZ,2025-04-15,35.55,35.97,35.27,35.72,46802.17,166874.9
300236.SZ,2025-04-16,35.69,36.15,35.1,35.57,38764.6,138139.33
300236.SZ,2025-04-17,35.37,36.74,35.21,36.13,63790.14,231364.28
300236.SZ,2025-04-18,37.5,37.57,35.92,36.26,73611.0,269166.73
300236.SZ,2025-04-21,36.01,37.83,36.01,37.68,88530.54,330955.15
300236.SZ,2025-04-22,37.3,38.84,37.2,38.32,105849.5,403468.3
300236.SZ,2025-04-23,37.94,38.12,37.55,37.81,71857.0,271670.61
300236.SZ,2025-04-24,37.66,38.99,37.44,37.74,79017.38,300653.43
300236.SZ,2025-04-25,37.62,38.19,36.8,37.88,55742.24,209399.61
300236.SZ,2025-04-28,37.78,37.86,37.21,37.31,38874.5,145566.25
300236.SZ,2025-04-29,37.19,37.48,37.01,37.31,34934.0,130153.1
300236.SZ,2025-04-30,37.45,37.85,37.3,37.55,47331.0,178311.82
300236.SZ,2025-05-06,37.61,38.65,37.6,38.56,71108.9,271998.75
300236.SZ,2025-05-07,38.88,39.0,38.0,38.41,69845.51,268757.02
300236.SZ,2025-05-08,38.18,38.24,37.49,37.79,65887.03,249226.66
300236.SZ,2025-05-09,37.27,37.27,36.38,36.66,66561.05,243905.23
300236.SZ,2025-05-12,36.9,37.16,36.63,36.9,35931.44,132526.34
300236.SZ,2025-05-13,37.18,37.28,36.51,36.61,37018.0,136167.91
300236.SZ,2025-05-14,36.68,37.06,36.44,36.65,30894.85,113327.41
300236.SZ,2025-05-15,36.55,36.64,35.6,35.71,35735.38,128660.71
300236.SZ,2025-05-16,35.69,36.15,35.61,35.88,21052.14,75654.01
300236.SZ,2025-05-19,35.87,36.63,35.51,36.31,29019.77,104795.34
300236.SZ,2025-05-20,36.24,37.2,36.06,37.03,42860.98,157765.77
300236.SZ,2025-05-21,37.03,37.05,36.53,36.75,25196.5,92632.49
300236.SZ,2025-05-22,36.65,37.0,36.01,36.07,25729.83,93701.81
300236.SZ,2025-05-23,36.03,36.58,35.77,35.77,38424.55,138717.37
300236.SZ,2025-05-26,35.94,36.78,35.81,36.49,32956.48,119811.05
300236.SZ,2025-05-27,36.31,36.54,36.0,36.19,22987.0,83353.42
300236.SZ,2025-05-28,36.2,36.43,35.55,35.66,22848.0,81897.65
300236.SZ,2025-05-29,35.73,37.05,35.7,36.85,40572.03,147855.68
300236.SZ,2025-05-30,36.54,36.9,36.26,36.74,28913.0,105854.73
300236.SZ,2025-06-03,36.38,37.1,36.3,36.74,28932.82,106609.96
300236.SZ,2025-06-04,36.66,36.88,36.4,36.52,24474.0,89635.11
300236.SZ,2025-06-05,36.52,36.83,36.1,36.76,33544.12,122287.16
300236.SZ,2025-06-06,36.71,37.68,36.5,36.81,46047.61,170666.5
300236.SZ,2025-06-09,36.9,37.08,36.65,37.02,29740.87,109774.36
300236.SZ,2025-06-10,36.97,37.0,35.8,35.95,37728.74,136894.42
300236.SZ,2025-06-11,36.01,36.54,35.95,36.25,19887.19,72070.52
300236.SZ,2025-06-12,36.12,36.29,35.85,35.96,20907.83,75365.27
300236.SZ,2025-06-13,35.82,36.06,35.13,35.13,36744.45,130241.72
300236.SZ,2025-06-16,35.0,35.7,34.95,35.46,18375.0,65204.29
300236.SZ,2025-06-17,35.29,35.47,35.08,35.42,15669.39,55299.85
300236.SZ,2025-06-18,35.33,35.65,35.05,35.56,20960.52,74127.75
300236.SZ,2025-06-19,35.48,36.08,35.12,35.3,26333.73,93810.22
300236.SZ,2025-06-20,35.3,36.96,34.95,36.12,73726.5,267601.71
300236.SZ,2025-06-23,36.0,37.6,35.7,37.23,85801.21,318213.02
300236.SZ,2025-06-24,37.23,37.69,37.06,37.59,66774.18,250230.95
300236.SZ,2025-06-25,37.71,37.8,37.3,37.72,48032.18,180587.54
300236.SZ,2025-06-26,37.74,38.1,37.4,37.51,45136.02,170355.96
300236.SZ,2025-06-27,37.51,37.92,37.33,37.59,41899.08,157553.99
300236.SZ,2025-06-30,37.98,39.1,37.91,38.8,84217.0,325758.87
300236.SZ,2025-07-01,38.75,40.5,38.51,39.52,131655.08,523306.6
300236.SZ,2025-07-02,39.08,39.26,38.38,38.52,82971.05,321711.22
300236.SZ,2025-07-03,38.34,38.69,38.01,38.32,45217.0,173058.46
300236.SZ,2025-07-04,38.28,38.45,37.46,37.83,48013.54,181726.13
300236.SZ,2025-07-07,37.69,38.65,37.62,38.17,45410.0,173476.43
300236.SZ,2025-07-08,38.16,39.26,38.09,38.72,52668.52,204237.73
300236.SZ,2025-07-09,38.7,38.97,38.22,38.38,36962.0,142295.34
300236.SZ,2025-07-10,38.23,38.92,38.04,38.59,39922.33,153438.17
300236.SZ,2025-07-11,38.5,38.88,38.18,38.65,43871.03,169358.12
300236.SZ,2025-07-14,38.89,38.93,38.3,38.46,30437.5,117306.61
300236.SZ,2025-07-15,38.33,38.67,37.92,38.55,39419.69,151054.33
300236.SZ,2025-07-16,38.5,38.9,37.93,38.17,43412.0,166624.76
300236.SZ,2025-07-17,38.0,39.6,37.9,39.41,70877.0,275819.4
300236.SZ,2025-07-18,39.5,39.77,38.99,39.74,63613.84,250281.74
300236.SZ,2025-07-21,39.6,39.6,39.12,39.31,47713.5,187761.61
300236.SZ,2025-07-22,39.4,39.97,39.04,39.21,60747.15,239449.91
300236.SZ,2025-07-23,39.12,39.55,38.92,39.11,54179.78,212509.95
300236.SZ,2025-07-24,39.11,41.2,39.02,40.73,140179.02,568061.07
300236.SZ,2025-07-25,41.0,42.46,40.9,42.4,163220.6,684642.71
300236.SZ,2025-07-28,42.78,43.38,42.2,43.01,153527.08,656170.79
300236.SZ,2025-07-29,42.43,43.11,42.16,42.57,91605.36,389772.22
300236.SZ,2025-07-30,42.52,43.67,42.35,42.72,106365.72,456450.39
300236.SZ,2025-07-31,42.7,43.02,41.47,41.74,103007.08,434703.05
300236.SZ,2025-08-01,41.6,41.99,41.15,41.37,50736.0,210493.55
300236.SZ,2025-08-04,41.16,41.7,40.73,41.63,53591.28,220911.72
300236.SZ,2025-08-05,41.79,42.5,41.4,41.9,72381.09,302602.94
300236.SZ,2025-08-06,41.65,44.44,41.51,43.91,147602.72,637506.72
300236.SZ,2025-08-07,43.8,44.65,43.14,44.31,155679.69,685726.2
300236.SZ,2025-08-08,43.75,44.38,43.01,43.25,87959.68,383697.34
300236.SZ,2025-08-11,42.99,44.71,42.9,43.97,99073.8,435403.67
300236.SZ,2025-08-12,44.71,48.11,43.43,47.05,260069.9,1195027.63
300236.SZ,2025-08-13,47.19,48.88,46.96,47.18,240723.35,1148776.5
300236.SZ,2025-08-14,47.15,47.59,45.69,46.06,157719.44,734450.42
300236.SZ,2025-08-15,45.86,49.86,45.86,49.0,216957.41,1050335.08
300236.SZ,2025-08-18,49.99,52.18,48.7,50.92,241392.97,1216909.22
300236.SZ,2025-08-19,49.79,52.7,49.79,51.49,194059.03,996790.29
300236.SZ,2025-08-20,51.0,56.9,49.81,56.82,270664.65,1458199.86
300236.SZ,2025-08-21,56.5,58.86,54.5,54.6,249937.02,1405871.08
300236.SZ,2025-08-22,54.59,58.68,54.22,57.31,253210.84,1428068.55
300236.SZ,2025-08-25,57.35,57.89,54.69,55.98,229057.47,1280604.0
300236.SZ,2025-08-26,55.69,55.69,53.21,53.75,176934.65,954227.21
300236.SZ,2025-08-27,53.75,55.74,53.1,53.14,162208.55,880955.17
300236.SZ,2025-08-28,54.55,62.88,54.55,60.1,417564.45,2453838.63
300236.SZ,2025-08-29,59.2,59.5,55.45,56.4,263515.81,1485528.16
300236.SZ,2025-09-01,57.38,58.0,55.1,56.16,190720.33,1072206.88
300236.SZ,2025-09-02,55.9,56.13,52.81,53.35,173628.34,939291.03
300236.SZ,2025-09-03,54.0,55.68,52.88,53.98,148002.43,804058.97
300236.SZ,2025-09-04,53.45,53.98,49.59,50.59,172178.95,891165.87
300236.SZ,2025-09-05,50.65,52.65,50.65,52.45,109237.15,566380.85
300236.SZ,2025-09-08,52.3,52.35,51.27,52.1,87246.78,452026.14
300236.SZ,2025-09-09,51.39,51.67,50.27,50.46,75391.0,383544.86
300236.SZ,2025-09-10,51.22,51.49,50.43,50.84,67025.2,341684.18
300236.SZ,2025-09-11,50.65,53.1,50.27,52.89,130560.72,681290.4
300236.SZ,2025-09-12,52.5,54.88,52.08,54.13,153558.63,829299.14
300236.SZ,2025-09-15,54.9,54.96,53.01,53.09,103263.58,552323.52
300236.SZ,2025-09-16,53.0,53.66,52.58,53.02,74306.49,394019.87
300236.SZ,2025-09-17,52.98,55.21,52.98,54.25,135363.42,735620.78
300236.SZ,2025-09-18,54.25,56.38,53.11,53.98,198863.71,1096745.66
300236.SZ,2025-09-19,53.98,56.71,53.98,55.63,205919.45,1146333.24
300236.SZ,2025-09-22,55.63,57.52,54.72,57.52,175258.05,984565.64
300236.SZ,2025-09-23,57.39,58.59,54.78,58.18,185133.03,1041951.03
300236.SZ,2025-09-24,57.93,67.3,57.55,63.83,369221.69,2330127.89
300236.SZ,2025-09-25,61.79,67.13,61.66,65.9,277684.31,1783102.03
300236.SZ,2025-09-26,64.66,65.44,62.6,62.6,189241.91,1207805.68
300236.SZ,2025-09-29,63.27,63.79,60.8,61.77,155719.7,960597.95
300236.SZ,2025-09-30,61.6,63.33,61.15,62.15,155352.26,967407.22
300236.SZ,2025-10-09,62.54,63.72,60.8,61.13,174727.18,1085833.64
300236.SZ,2025-10-10,60.0,60.77,58.53,59.34,136085.03,808319.37
300236.SZ,2025-10-13,55.72,62.17,55.72,62.06,183985.69,1115864.71
300236.SZ,2025-10-14,61.95,62.45,57.6,58.18,152634.39,911306.63
300236.SZ,2025-10-15,58.5,59.2,56.8,59.09,88926.69,518559.53
300236.SZ,2025-10-16,58.64,59.3,57.75,58.02,80747.42,471225.54
300236.SZ,2025-10-17,57.51,58.26,54.69,56.13,114253.64,638127.39
300236.SZ,2025-10-20,56.13,57.37,55.32,56.0,77341.9,434401.06
300236.SZ,2025-10-21,56.15,59.55,55.93,59.01,138429.5,805492.74
300236.SZ,2025-10-22,59.0,59.0,57.86,58.22,59680.11,347894.89
300236.SZ,2025-10-23,57.89,58.16,56.12,57.93,54074.55,308338.62
300236.SZ,2025-10-24,58.23,60.7,58.23,60.59,109055.12,653338.51
300236.SZ,2025-10-27,64.5,65.2,61.45,62.22,194693.85,1230912.0
300236.SZ,2025-10-28,61.56,63.8,61.56,62.1,106357.42,665830.98
300236.SZ,2025-10-29,61.7,62.5,61.07,62.3,90682.59,560901.44
300236.SZ,2025-10-30,61.0,61.0,58.25,58.25,133890.54,793203.12
300236.SZ,2025-10-31,58.58,58.78,56.76,56.85,75914.4,436297.71
300236.SZ,2025-11-03,56.53,57.3,54.38,57.07,98448.71,548895.52
300236.SZ,2025-11-04,56.7,57.09,55.62,56.21,40955.27,230318.21
300236.SZ,2025-11-05,55.08,55.58,53.85,54.86,71622.03,392337.7
300236.SZ,2025-11-06,55.49,56.54,55.15,56.19,57291.87,320230.67
300236.SZ,2025-11-07,55.63,55.77,54.81,55.19,44566.99,246108.34
300236.SZ,2025-11-10,55.15,56.16,54.62,55.26,55643.21,308186.33
300236.SZ,2025-11-11,55.88,56.12,54.01,54.01,53516.33,293621.46
300236.SZ,2025-11-12,53.74,54.48,52.3,53.94,46352.87,247910.41
300236.SZ,2025-11-13,53.93,54.95,53.66,54.56,44015.0,239294.75
300236.SZ,2025-11-14,53.9,54.59,53.23,53.28,32496.39,174759.82
300236.SZ,2025-11-17,55.51,55.78,52.75,53.2,50936.25,275655.45
300236.SZ,2025-11-18,53.1,54.69,52.68,53.89,50580.25,272220.58
300236.SZ,2025-11-19,53.62,56.18,53.53,55.39,97478.52,539151.05
300236.SZ,2025-11-20,55.8,59.18,55.8,56.49,146824.11,847355.73
300236.SZ,2025-11-21,55.02,60.0,55.02,58.3,208712.98,1215060.72
300236.SZ,2025-11-24,57.72,60.88,57.34,59.29,178273.34,1053142.03
300236.SZ,2025-11-25,58.0,58.58,56.7,56.83,159241.33,918983.37
300236.SZ,2025-11-26,56.37,56.4,54.5,54.82,107927.65,594633.98
300236.SZ,2025-11-27,54.71,56.45,53.98,54.08,88369.82,487248.37
300236.SZ,2025-11-28,54.09,57.77,54.09,57.04,136537.45,770254.35
300236.SZ,2025-12-01,56.95,59.8,55.8,58.8,165327.99,952699.52
300236.SZ,2025-12-02,57.79,60.0,57.21,58.66,136635.59,805438.38
300236.SZ,2025-12-03,58.41,58.66,57.25,58.3,93408.12,540262.48
300236.SZ,2025-12-04,57.53,58.69,56.32,57.81,78288.82,449393.85
300236.SZ,2025-12-05,57.88,58.1,56.43,56.61,68020.29,386971.6
300236.SZ,2025-12-08,56.9,59.79,56.71,58.85,123141.45,721397.72
300236.SZ,2025-12-09,60.0,60.88,58.45,58.61,103186.91,610844.85
300236.SZ,2025-12-10,58.22,59.75,57.81,59.45,94842.56,557976.9
300236.SZ,2025-12-11,59.51,59.88,58.47,58.49,78865.42,466323.12
300236.SZ,2025-12-12,57.99,60.86,56.92,60.5,173829.74,1027656.8
300236.SZ,2025-12-15,59.7,63.66,59.32,61.92,255233.98,1590167.71
300236.SZ,2025-12-16,60.77,61.79,58.91,61.1,152560.78,919449.73
300236.SZ,2025-12-17,60.51,61.83,58.5,61.39,143013.47,859912.56
300236.SZ,2025-12-18,60.51,61.2,58.68,58.96,99685.95,595874.26
300236.SZ,2025-12-19,59.54,59.88,57.01,57.3,109673.6,636439.71
300236.SZ,2025-12-22,57.3,67.58,57.3,66.4,395033.44,2535859.6
300236.SZ,2025-12-23,67.0,70.35,66.0,68.24,290043.36,1980822.76
300236.SZ,2025-12-24,67.49,68.17,66.46,66.75,160876.1,1078221.02
300236.SZ,2025-12-25,66.72,66.88,64.8,66.08,155782.28,1026177.58
300236.SZ,2025-12-26,66.18,66.49,63.81,64.25,138783.3,897333.02
300236.SZ,2025-12-29,63.57,63.99,61.46,61.82,133239.01,830456.76
300236.SZ,2025-12-30,61.72,62.34,61.45,62.1,140271.01,869300.91
300236.SZ,2025-12-31,62.56,66.18,62.2,63.76,205308.65,1315222.3
300236.SZ,2026-01-05,64.61,75.0,63.88,71.22,344012.5,2416210.48
300236.SZ,2026-01-06,70.47,73.73,69.82,70.94,252628.04,1801545.61
300236.SZ,2026-01-07,73.42,80.99,73.05,77.96,425716.93,3238775.11
300236.SZ,2026-01-08,79.04,82.38,75.85,76.66,350831.01,2750814.41
300236.SZ,2026-01-09,75.68,79.98,75.12,77.71,265353.17,2053985.54
300236.SZ,2026-01-12,77.0,81.8,75.7,80.05,272788.23,2161508.98
300236.SZ,2026-01-13,79.01,80.53,76.53,77.17,175117.31,1364590.85
300236.SZ,2026-01-14,77.01,79.25,74.59,75.9,190007.22,1456896.74
300236.SZ,2026-01-15,75.35,88.5,75.35,88.5,389124.78,3207489.32
300236.SZ,2026-01-16,89.16,89.37,86.01,87.26,247678.42,2165459.62
300236.SZ,2026-01-19,87.88,88.78,83.72,84.55,158725.67,1352500.64
300236.SZ,2026-01-20,85.0,86.23,82.5,85.22,212717.99,1791666.44
300236.SZ,2026-01-21,83.39,86.95,81.81,84.61,210637.83,1778873.93
300236.SZ,2026-01-22,86.05,86.29,79.9,81.31,183924.06,1499621.19
300236.SZ,2026-01-23,80.6,82.72,79.61,81.45,153635.67,1245855.89
300236.SZ,2026-01-26,81.45,82.69,78.77,80.75,129681.73,1043000.95
300236.SZ,2026-01-27,80.05,84.56,79.35,82.07,185390.24,1531788.3
300236.SZ,2026-01-28,82.1,84.92,80.5,83.77,166642.46,1378853.58
300236.SZ,2026-01-29,82.2,82.33,77.79,78.1,168202.97,1350082.15
300236.SZ,2026-01-30,77.01,79.5,76.02,77.89,112412.67,875345.46
300236.SZ,2026-02-02,77.01,78.17,74.9,75.03,111706.2,848774.56
300236.SZ,2026-02-03,76.53,77.99,75.85,76.98,85265.15,655712.44
300236.SZ,2026-02-04,76.1,77.29,75.15,76.24,67784.9,516519.82
300236.SZ,2026-02-05,75.03,76.89,73.58,75.65,94055.34,704811.18
300236.SZ,2026-02-06,74.75,77.44,74.63,76.1,89658.07,686045.94
300236.SZ,2026-02-09,78.2,80.66,78.2,79.75,113827.06,906814.58
300236.SZ,2026-02-10,79.76,81.5,79.02,79.13,86637.86,694242.62
300236.SZ,2026-02-11,78.11,80.38,78.0,78.69,61832.33,488078.79
300236.SZ,2026-02-12,79.36,80.6,77.95,78.8,63098.62,497411.43
300236.SZ,2026-02-13,78.59,80.35,78.02,78.25,66321.56,525179.81
300236.SZ,2026-02-24,78.94,81.97,76.2,80.75,114085.65,908464.35
300236.SZ,2026-02-25,80.16,83.2,78.43,82.08,131510.53,1066915.51
300236.SZ,2026-02-26,81.74,84.38,81.3,83.95,115776.04,963749.59
300236.SZ,2026-02-27,82.81,82.87,80.47,80.87,91371.66,741319.18
300236.SZ,2026-03-02,79.92,81.88,77.77,77.86,115722.07,914026.38
300236.SZ,2026-03-03,79.15,79.69,73.96,74.05,108561.87,828453.94
300236.SZ,2026-03-04,73.96,77.32,73.96,74.81,73817.49,557522.32
300236.SZ,2026-03-05,76.66,78.67,75.09,75.7,80219.8,616257.16
300236.SZ,2026-03-06,75.23,76.22,74.64,74.82,53459.8,401951.45
300236.SZ,2026-03-09,73.0,73.45,70.01,73.04,73897.06,529696.47
300236.SZ,2026-03-10,74.89,78.46,74.06,78.3,103969.75,793479.13
300236.SZ,2026-03-11,79.77,85.43,79.45,79.83,146571.46,1197777.22
300236.SZ,2026-03-12,80.0,82.6,78.46,81.2,110792.05,897333.94
300236.SZ,2026-03-13,79.8,86.8,79.74,83.44,176510.59,1475480.62
300236.SZ,2026-03-16,83.03,88.59,81.48,87.3,181767.49,1558221.16
300236.SZ,2026-03-17,86.33,86.5,80.1,80.14,135156.86,1110921.66
300236.SZ,2026-03-18,81.35,81.66,79.1,80.49,86118.4,692697.7
300236.SZ,2026-03-19,79.02,79.49,77.28,77.98,73202.24,573370.15
300236.SZ,2026-03-20,78.64,82.2,77.65,78.1,117396.21,940421.81
300236.SZ,2026-03-23,75.87,76.85,70.91,71.56,117278.83,861720.9
300236.SZ,2026-03-24,72.9,73.02,69.16,71.48,88934.96,628624.48
300236.SZ,2026-03-25,73.02,76.5,73.02,74.93,93367.13,700029.06
300236.SZ,2026-03-26,74.34,74.68,70.4,70.94,88900.25,638288.05
300236.SZ,2026-03-27,70.01,77.72,69.58,76.52,133496.49,998808.86
300236.SZ,2026-03-30,75.47,77.88,74.3,77.46,74666.27,569129.48
300236.SZ,2026-03-31,76.77,76.99,73.15,73.46,62640.28,468317.05
300236.SZ,2026-04-01,75.3,76.35,74.47,75.68,71897.23,542423.36
300236.SZ,2026-04-02,75.8,75.8,71.83,72.68,69299.03,509374.92
300236.SZ,2026-04-03,73.03,74.88,73.03,73.11,53796.75,397566.26
300236.SZ,2026-04-07,73.23,75.14,72.7,74.14,53149.12,392966.06
300236.SZ,2026-04-08,76.4,81.01,75.56,81.01,127613.1,1007185.27
300236.SZ,2026-04-09,79.6,82.5,79.32,81.96,110581.38,898735.65
300236.SZ,2026-04-10,82.5,85.85,82.3,83.18,123267.2,1035004.44
300236.SZ,2026-04-13,83.0,86.48,82.78,83.63,94919.09,805061.49
300236.SZ,2026-04-14,84.32,88.16,84.1,85.5,107335.66,922145.46
300236.SZ,2026-04-15,85.55,86.44,83.74,84.1,86890.64,738426.77
300236.SZ,2026-04-16,84.12,84.68,83.0,83.69,79290.03,664619.46
300236.SZ,2026-04-17,83.7,89.98,83.26,87.86,156579.23,1374997.67
300236.SZ,2026-05-06,97.0,102.9,94.18,94.53,230707.91,2254199.319
300236.SZ,2026-05-07,95.88,96.65,93.01,95.78,133877.14,1275560.933
300236.SZ,2026-05-08,93.75,94.3,91.31,91.8,146196.25,1353750.255
300236.SZ,2026-05-11,93.86,98.19,93.0,95.77,152043.79,1448315.27
300236.SZ,2026-05-12,95.0,100.65,94.61,99.72,172300.26,1691281.543
300236.SZ,2026-05-13,97.9,104.31,95.68,102.66,161566.16,1627473.706
300236.SZ,2026-05-14,102.0,102.44,95.68,95.7,165042.4,1624732.778
300236.SZ,2026-05-15,95.82,104.0,94.01,98.31,195432.58,1931683.03
300236.SZ,2026-05-18,98.35,103.24,94.63,100.66,155503.56,1553966.263
300236.SZ,2026-05-19,99.89,103.71,97.05,103.33,128279.46,1289199.451
300236.SZ,2026-05-20,102.38,108.11,101.98,105.58,186834.02,1974840.159
300236.SZ,2026-05-21,107.0,110.9,99.0,99.56,220459.9,2320821.168
300236.SZ,2026-05-22,101.38,101.6,96.68,98.85,145093.74,1433560.954
300236.SZ,2026-05-25,98.75,114.77,94.51,109.67,270137.29,2817146.554
300236.SZ,2026-05-26,109.56,109.56,102.0,105.33,168782.53,1768205.989
300236.SZ,2026-05-27,105.87,107.13,97.6,97.93,193709.37,1971031.696
300236.SZ,2026-05-28,97.53,104.43,96.6,101.53,153515.4,1543301.155
300236.SZ,2026-05-29,101.47,101.47,89.67,91.18,211045.33,1978814.092
300236.SZ,2026-06-01,91.18,93.5,89.55,89.81,119905.2,1096573.162
300236.SZ,2026-06-02,90.8,93.33,89.55,90.92,100356.79,917420.081
300236.SZ,2026-06-03,91.01,95.88,90.98,92.38,120731.38,1128259.998
300236.SZ,2026-06-04,91.38,94.88,91.0,93.9,97671.05,913685.864
300236.SZ,2026-06-05,92.01,97.66,89.56,93.45,145741.0,1375775.24
300236.SZ,2026-06-08,88.03,91.09,86.86,87.83,113389.0,1010874.52
300236.SZ,2026-06-09,89.01,96.03,88.21,95.8,165316.68,1539606.27
300236.SZ,2026-06-22,107.01,109.69,104.44,109.11,175951.66,1892088.82287
300236.SZ,2026-06-29,119.0,131.97,118.24,128.77,278121.88,3454787.11757
300236.SZ,2026-06-30,129.5,131.95,123.0,131.5,208363.78,2679795.63701
300236.SZ,2026-07-01,128.59,136.98,124.05,126.02,222404.75,2906658.52269
300236.SZ,2026-07-02,128.59,136.98,124.05,126.02,222405.0,2906658522.69
300236.SZ,2026-07-02,128.59,136.98,124.05,126.02,222405.0,2906658522.69
300236.SZ,2026-07-02,128.59,136.98,124.05,126.02,222405.0,2906658522.69
300236.SZ,2026-07-02,128.59,136.98,124.05,126.02,222405.0,2906658522.69
300236.SZ,2026-07-02,128.59,136.98,124.05,126.02,222405.0,2906658522.69
300236.SZ,2026-07-02,128.59,136.98,124.05,126.02,222405.0,2906658522.69
300236.SZ,2026-06-23,110.0,112.91,104.12,105.7,-3.13,151877.0,1640060990.0
300236.SZ,2026-06-24,106.7,115.19,103.58,114.41,8.24,222022.0,2468944925.0
300236.SZ,2026-06-25,115.59,115.63,109.33,113.58,-0.73,188735.0,2123743985.0
300236.SZ,2026-06-26,111.25,119.0,111.0,116.76,2.8,205582.0,2397654463.0
300236.SZ,2026-07-03,116.0,118.73,109.03,109.79,161919.22,1814855.58641
300236.SZ,2026-07-06,113.0,114.99,106.03,110.0,135945.0,1511209872.07
