symbol,datetime,open,high,low,close,volume,amount
300248.SZ,2011-07-29,40.9,48.88,40.61,45.15,80116.32,347134.24
300248.SZ,2011-08-01,42.51,49.1,41.01,46.58,58949.34,263348.57
300248.SZ,2011-08-02,44.5,47.99,44.33,45.02,44722.46,205804.11
300248.SZ,2011-08-03,43.0,44.9,42.0,42.55,27392.71,119293.64
300248.SZ,2011-08-04,42.6,44.67,42.6,43.3,21161.83,92212.88
300248.SZ,2011-08-05,41.1,42.0,38.97,40.6,20400.26,82949.62
300248.SZ,2011-08-08,39.95,40.0,36.54,36.54,19006.38,71391.98
300248.SZ,2011-08-09,33.9,37.23,33.02,35.53,20038.33,69676.24
300248.SZ,2011-08-10,36.0,37.89,35.31,35.51,16035.52,58281.77
300248.SZ,2011-08-11,34.05,36.6,33.8,36.38,14610.67,51820.15
300248.SZ,2011-08-12,36.62,37.43,36.06,36.08,11662.69,42731.36
300248.SZ,2011-08-15,36.21,38.38,36.08,38.15,20170.59,75788.4
300248.SZ,2011-08-16,38.0,38.96,37.9,38.88,17498.76,67261.51
300248.SZ,2011-08-17,39.05,39.88,38.58,39.2,14095.78,55575.04
300248.SZ,2011-08-18,38.78,38.97,36.51,36.63,15534.51,58533.21
300248.SZ,2011-08-19,35.35,35.74,34.62,35.2,10184.52,35764.66
300248.SZ,2011-08-22,35.52,38.72,35.31,37.65,19048.87,71882.19
300248.SZ,2011-08-23,37.99,40.87,37.39,40.29,24090.01,94701.07
300248.SZ,2011-08-24,40.0,41.5,39.18,39.28,23551.56,94334.22
300248.SZ,2011-08-25,39.09,39.92,38.15,39.3,14032.28,54593.56
300248.SZ,2011-08-26,39.1,41.89,39.0,41.62,22422.01,91725.34
300248.SZ,2011-08-29,41.53,41.79,40.62,41.08,13909.38,57281.92
300248.SZ,2011-08-30,41.1,41.9,39.22,39.28,14204.78,57598.09
300248.SZ,2011-08-31,38.8,40.26,37.55,40.23,13559.47,52777.84
300248.SZ,2011-09-01,39.98,41.2,38.83,39.08,12049.04,48093.06
300248.SZ,2011-09-02,38.56,40.27,38.0,39.79,12298.56,48251.73
300248.SZ,2011-09-05,38.88,39.97,38.09,38.85,10061.82,39438.04
300248.SZ,2011-09-06,38.25,38.69,35.8,35.8,12159.39,44716.81
300248.SZ,2011-09-07,36.0,37.1,35.88,36.91,6268.23,22904.23
300248.SZ,2011-09-08,37.49,37.49,34.78,34.99,8439.65,30520.53
300248.SZ,2011-09-09,34.33,35.5,34.0,34.67,5305.84,18488.57
300248.SZ,2011-09-13,34.5,34.67,33.13,34.29,3643.96,12332.13
300248.SZ,2011-09-14,34.35,35.96,34.35,35.95,6775.79,23857.27
300248.SZ,2011-09-15,36.08,36.7,35.61,35.66,4548.34,16431.5
300248.SZ,2011-09-16,35.6,36.18,34.41,34.47,4746.76,16647.23
300248.SZ,2011-09-19,34.63,34.63,32.38,32.4,5304.61,17629.24
300248.SZ,2011-09-20,32.02,32.91,31.95,32.43,4728.75,15323.1
300248.SZ,2011-09-21,32.78,33.65,32.0,33.38,4962.23,16448.64
300248.SZ,2011-09-22,33.07,33.36,31.53,31.61,6260.48,20275.79
300248.SZ,2011-09-23,30.79,31.86,30.78,31.5,2930.42,9167.92
300248.SZ,2011-09-26,31.38,31.88,31.05,31.21,2082.96,6549.02
300248.SZ,2011-09-27,31.9,31.9,30.83,31.3,2703.9,8467.9
300248.SZ,2011-09-28,31.76,31.76,30.02,30.34,3255.02,10071.08
300248.SZ,2011-09-29,30.08,30.32,29.52,30.0,4349.89,13011.15
300248.SZ,2011-09-30,30.0,30.7,29.6,30.52,2480.3,7481.69
300248.SZ,2011-10-10,30.0,30.95,30.0,30.46,2015.23,6175.1
300248.SZ,2011-10-11,31.21,31.5,30.01,30.39,3014.76,9254.56
300248.SZ,2011-10-12,30.11,31.8,29.52,31.69,4251.72,13256.9
300248.SZ,2011-10-13,31.41,32.45,31.23,32.13,6727.13,21474.52
300248.SZ,2011-10-14,31.8,32.0,31.04,31.6,4097.42,12864.02
300248.SZ,2011-10-17,31.78,32.5,31.41,32.23,4994.1,16041.24
300248.SZ,2011-10-18,31.99,32.34,30.86,30.87,3947.21,12517.24
300248.SZ,2011-10-19,30.88,31.28,29.64,29.79,5481.42,16554.43
300248.SZ,2011-10-20,29.6,29.85,28.1,28.44,7010.42,20304.49
300248.SZ,2011-10-21,28.53,28.72,27.3,27.31,2713.76,7543.49
300248.SZ,2011-10-24,27.3,27.75,26.23,27.72,2789.01,7569.72
300248.SZ,2011-10-25,27.31,28.8,27.3,28.75,3261.37,9270.62
300248.SZ,2011-10-26,29.2,30.17,29.0,29.62,6230.0,18555.24
300248.SZ,2011-10-27,29.35,29.89,29.2,29.35,4889.26,14410.52
300248.SZ,2011-10-28,29.77,30.7,29.37,30.53,6536.86,19649.63
300248.SZ,2011-10-31,30.52,31.1,30.37,30.89,6102.37,18774.74
300248.SZ,2011-11-01,30.58,31.99,30.4,31.47,7106.81,22012.52
300248.SZ,2011-11-02,30.82,33.18,30.5,32.72,10263.94,32907.0
300248.SZ,2011-11-03,33.69,34.4,32.47,32.5,15147.03,50819.96
300248.SZ,2011-11-04,32.68,33.3,32.07,32.25,8866.98,28808.23
300248.SZ,2011-11-07,32.41,32.47,31.7,32.29,5064.66,16272.28
300248.SZ,2011-11-08,32.02,32.59,31.74,31.85,4114.19,13256.14
300248.SZ,2011-11-09,32.29,33.1,31.78,33.07,8108.63,26312.26
300248.SZ,2011-11-10,32.98,35.97,32.6,34.13,20248.03,70068.33
300248.SZ,2011-11-11,34.15,35.12,33.36,34.0,10264.66,35168.69
300248.SZ,2011-11-14,34.12,35.5,34.12,35.06,8540.74,29723.69
300248.SZ,2011-11-15,34.98,35.25,34.4,34.74,6562.36,22811.45
300248.SZ,2011-11-16,34.77,35.69,33.0,33.6,7882.24,27330.8
300248.SZ,2011-11-17,33.8,35.81,33.78,35.25,11723.6,40870.51
300248.SZ,2011-11-18,35.0,35.2,33.85,34.19,8352.56,28839.93
300248.SZ,2011-11-21,34.4,35.78,34.11,34.95,14930.25,52257.74
300248.SZ,2011-11-22,34.3,36.3,33.5,36.23,14443.94,50112.22
300248.SZ,2011-11-23,36.21,37.36,36.02,37.18,15377.46,56454.83
300248.SZ,2011-11-24,36.5,37.49,36.11,36.92,9789.87,36105.75
300248.SZ,2011-11-25,36.6,37.32,36.05,36.58,8479.71,31058.32
300248.SZ,2011-11-28,36.52,36.77,35.77,36.5,5893.12,21374.5
300248.SZ,2011-11-29,36.7,36.88,35.88,36.37,5444.91,19739.43
300248.SZ,2011-11-30,36.38,36.44,32.73,32.83,11044.99,37355.41
300248.SZ,2011-12-01,34.0,34.35,33.24,33.98,9163.97,31026.98
300248.SZ,2011-12-02,33.59,33.89,32.25,32.48,3754.51,12375.84
300248.SZ,2011-12-05,32.45,32.48,30.0,30.0,5189.47,16040.65
300248.SZ,2011-12-06,29.53,30.79,29.53,30.46,3470.35,10524.6
300248.SZ,2011-12-07,30.37,31.0,30.07,30.85,3425.85,10515.57
300248.SZ,2011-12-08,30.31,32.15,29.88,31.0,5602.7,17400.06
300248.SZ,2011-12-09,30.9,31.65,30.5,30.87,6440.41,19941.39
300248.SZ,2011-12-12,30.87,30.98,30.08,30.17,6480.11,19728.21
300248.SZ,2011-12-13,30.12,30.22,28.59,28.62,7875.58,22969.32
300248.SZ,2011-12-14,28.89,29.05,28.43,28.51,3542.63,10174.37
300248.SZ,2011-12-15,28.4,29.1,28.17,28.6,4571.17,13091.59
300248.SZ,2011-12-16,28.6,29.75,28.6,29.7,3557.8,10389.9
300248.SZ,2011-12-19,29.4,30.59,29.2,30.4,5601.96,16637.5
300248.SZ,2011-12-20,30.39,30.8,29.85,29.99,4240.12,12869.92
300248.SZ,2011-12-21,30.35,30.56,28.9,29.2,4146.09,12355.56
300248.SZ,2011-12-22,28.8,29.29,27.69,28.78,3106.34,8850.43
300248.SZ,2011-12-23,28.47,29.4,28.26,28.88,2774.96,8031.85
300248.SZ,2011-12-27,28.4,28.4,27.0,27.4,5206.11,14496.46
300248.SZ,2011-12-28,26.98,26.99,25.5,26.15,5739.05,14985.53
300248.SZ,2011-12-29,26.02,26.51,26.0,26.4,4207.78,11028.73
300248.SZ,2011-12-30,26.45,27.32,26.35,27.15,4315.65,11588.38
300248.SZ,2012-01-04,27.2,27.29,25.4,25.4,4468.02,11894.65
300248.SZ,2012-01-05,25.28,25.28,23.98,24.0,4420.95,10862.58
300248.SZ,2012-01-06,24.16,25.55,23.72,25.5,5852.81,14544.27
300248.SZ,2012-01-09,25.35,26.58,24.73,26.4,6981.21,18060.78
300248.SZ,2012-01-10,26.16,27.3,26.05,27.06,4927.11,13211.19
300248.SZ,2012-01-11,26.83,28.17,26.76,27.95,6251.83,17193.61
300248.SZ,2012-01-12,27.6,28.1,27.28,27.55,3524.2,9773.3
300248.SZ,2012-01-13,27.34,27.67,25.71,25.8,4498.54,11925.91
300248.SZ,2012-01-16,25.11,25.2,24.3,24.47,3507.91,8692.65
300248.SZ,2012-01-17,24.5,26.25,24.48,26.03,3145.45,7990.02
300248.SZ,2012-01-18,26.16,26.39,23.93,24.0,4104.5,10310.92
300248.SZ,2012-01-19,23.99,25.38,23.81,25.07,3001.32,7474.98
300248.SZ,2012-01-20,25.06,26.25,24.95,25.7,2910.81,7484.21
300248.SZ,2012-01-30,25.9,27.15,25.85,26.8,4156.5,11077.35
300248.SZ,2012-01-31,26.53,27.11,26.11,27.11,3005.61,7985.83
300248.SZ,2012-02-01,27.11,27.45,26.6,26.84,2231.53,6034.84
300248.SZ,2012-02-02,26.84,27.2,26.72,27.2,2902.76,7847.69
300248.SZ,2012-02-03,27.25,27.54,27.02,27.45,3569.27,9753.63
300248.SZ,2012-02-06,27.5,27.68,27.23,27.46,3143.0,8632.95
300248.SZ,2012-02-07,27.26,27.26,26.44,26.59,3153.45,8449.75
300248.SZ,2012-02-08,26.69,27.39,26.41,27.14,3430.88,9246.43
300248.SZ,2012-02-09,27.1,28.55,27.0,27.57,5601.84,15557.7
300248.SZ,2012-02-10,27.5,28.37,27.36,28.35,5244.0,14592.6
300248.SZ,2012-02-13,27.9,28.97,27.88,28.6,4024.75,11507.98
300248.SZ,2012-02-14,28.51,28.78,28.25,28.55,3580.81,10196.51
300248.SZ,2012-02-15,28.54,28.99,28.52,28.87,4134.5,11895.65
300248.SZ,2012-02-16,28.75,29.46,28.63,29.02,5175.52,15024.42
300248.SZ,2012-02-17,29.14,29.42,28.2,28.77,5620.82,16118.22
300248.SZ,2012-02-20,31.65,31.65,31.65,31.65,4008.34,12686.4
300248.SZ,2012-02-21,32.79,34.3,32.26,33.86,44812.69,148009.83
300248.SZ,2012-02-22,33.08,34.97,32.67,34.35,32286.17,108779.91
300248.SZ,2012-02-23,33.94,34.45,33.3,34.04,20216.69,68725.64
300248.SZ,2012-02-24,33.84,34.98,33.84,34.23,18017.49,61958.66
300248.SZ,2012-02-27,34.7,37.25,34.21,35.6,26548.46,94590.99
300248.SZ,2012-02-28,35.5,36.08,34.09,34.57,17936.63,63025.36
300248.SZ,2012-02-29,34.2,34.58,33.2,33.33,13355.95,45029.2
300248.SZ,2012-03-01,33.21,34.35,33.0,33.88,9607.68,32437.65
300248.SZ,2012-03-02,33.73,34.55,33.73,34.5,6683.58,22787.78
300248.SZ,2012-03-05,34.47,34.53,33.72,33.75,9967.95,34005.2
300248.SZ,2012-03-06,33.61,33.97,32.8,33.39,7299.31,24298.45
300248.SZ,2012-03-07,33.0,33.79,32.92,33.25,6904.64,22988.94
300248.SZ,2012-03-08,33.26,33.6,33.2,33.34,6002.32,20022.59
300248.SZ,2012-03-09,33.6,34.36,33.36,34.25,7580.03,25726.33
300248.SZ,2012-03-12,34.35,34.49,33.8,34.35,7199.53,24504.72
300248.SZ,2012-03-13,34.05,35.09,34.05,35.0,13176.21,45877.71
300248.SZ,2012-03-14,35.3,35.57,31.8,32.33,18560.58,63510.31
300248.SZ,2012-03-15,32.21,32.5,31.02,31.42,10099.42,32080.14
300248.SZ,2012-03-16,31.58,32.15,31.35,32.11,6790.81,21617.09
300248.SZ,2012-03-19,32.12,32.57,31.62,32.55,6418.85,20541.14
300248.SZ,2012-03-20,32.21,32.4,30.82,30.9,8325.64,26254.92
300248.SZ,2012-03-21,31.2,31.25,30.05,30.35,7392.01,22671.58
300248.SZ,2012-03-22,30.3,30.87,30.23,30.77,4310.03,13152.17
300248.SZ,2012-03-23,30.77,30.94,29.86,30.09,4681.3,14209.84
300248.SZ,2012-03-26,30.28,30.56,29.91,30.53,2758.16,8366.64
300248.SZ,2012-03-27,30.78,31.25,30.6,31.2,6392.16,19752.28
300248.SZ,2012-03-28,30.5,30.7,28.68,28.72,9862.8,28893.13
300248.SZ,2012-03-29,28.45,28.76,27.7,27.71,5561.12,15638.82
300248.SZ,2012-03-30,27.71,28.1,27.11,27.3,4071.68,11173.39
300248.SZ,2012-04-05,27.8,28.43,27.23,28.31,4325.24,12148.54
300248.SZ,2012-04-06,28.31,28.43,27.92,28.1,3988.29,11238.63
300248.SZ,2012-04-09,27.95,28.17,27.56,27.6,2732.39,7613.27
300248.SZ,2012-04-10,27.5,27.77,26.28,27.7,4618.94,12486.67
300248.SZ,2012-04-11,27.13,28.0,27.03,27.87,3255.57,9003.19
300248.SZ,2012-04-12,27.87,28.65,27.62,28.6,4268.92,12079.69
300248.SZ,2012-04-13,28.6,29.0,28.5,28.74,4060.06,11703.48
300248.SZ,2012-04-16,28.5,28.77,28.36,28.67,2387.1,6818.97
300248.SZ,2012-04-17,28.55,28.87,28.18,28.23,2989.12,8518.13
300248.SZ,2012-04-19,28.7,29.43,28.7,28.97,6609.59,19207.21
300248.SZ,2012-04-20,28.8,30.05,28.8,29.81,5886.8,17460.38
300248.SZ,2012-04-23,29.81,29.81,26.88,26.88,9759.17,27047.32
300248.SZ,2012-04-24,26.79,27.2,26.0,26.71,4824.23,12837.12
300248.SZ,2012-04-25,26.66,26.77,26.32,26.66,2917.0,7752.6
300248.SZ,2012-04-26,26.0,26.5,25.52,26.1,5947.29,15385.01
300248.SZ,2012-04-27,26.1,27.17,26.01,26.88,5382.52,14331.9
300248.SZ,2012-05-02,27.0,27.2,26.59,26.84,4050.44,10859.03
300248.SZ,2012-05-03,27.0,27.0,26.39,26.68,2707.93,7221.87
300248.SZ,2012-05-04,26.72,27.64,26.7,27.59,6163.39,16796.65
300248.SZ,2012-05-07,27.54,29.27,27.54,29.17,13636.57,39354.14
300248.SZ,2012-05-08,29.46,29.46,28.01,28.56,12164.84,34985.77
300248.SZ,2012-05-09,13.8,14.09,13.25,13.36,13874.86,18741.43
300248.SZ,2012-05-10,13.36,14.49,13.29,13.68,13090.48,18166.82
300248.SZ,2012-05-11,13.6,13.64,13.25,13.26,9519.93,12775.39
300248.SZ,2012-05-14,13.48,13.48,13.04,13.08,6596.65,8718.07
300248.SZ,2012-05-15,13.02,13.02,12.73,12.92,5555.21,7145.25
300248.SZ,2012-05-16,12.92,12.94,12.71,12.78,4912.19,6303.66
300248.SZ,2012-05-17,12.78,12.99,12.72,12.88,6389.61,8197.59
300248.SZ,2012-05-18,12.7,12.92,12.56,12.7,4812.91,6129.72
300248.SZ,2012-05-21,12.72,12.75,12.28,12.41,5802.97,7233.61
300248.SZ,2012-05-22,12.55,12.65,12.48,12.63,4503.38,5653.24
300248.SZ,2012-05-23,12.57,12.63,12.31,12.43,3732.95,4653.35
300248.SZ,2012-05-24,12.47,12.48,12.28,12.38,3108.04,3844.46
300248.SZ,2012-05-25,12.48,12.55,12.02,12.1,3566.8,4372.17
300248.SZ,2012-05-28,12.01,12.15,11.77,12.11,5603.58,6671.9
300248.SZ,2012-05-29,12.12,12.38,12.02,12.28,4842.96,5928.65
300248.SZ,2012-05-30,12.29,12.5,12.2,12.41,5944.03,7368.89
300248.SZ,2012-05-31,12.31,12.73,12.3,12.61,10134.24,12770.54
300248.SZ,2012-06-01,12.61,13.39,12.61,12.85,20117.11,26230.77
300248.SZ,2012-06-04,12.48,12.48,12.01,12.1,9151.83,11200.61
300248.SZ,2012-06-05,12.12,12.3,11.85,11.95,6222.58,7448.6
300248.SZ,2012-06-06,12.07,12.15,11.85,11.92,3214.59,3846.99
300248.SZ,2012-06-07,12.11,12.18,11.87,11.93,4178.46,4994.97
300248.SZ,2012-06-08,12.0,12.1,11.85,11.91,4084.16,4882.6
300248.SZ,2012-06-11,11.92,12.34,11.92,12.31,7007.52,8506.45
300248.SZ,2012-06-12,12.18,12.28,12.09,12.1,4166.15,5068.77
300248.SZ,2012-06-13,12.15,12.48,12.12,12.43,7070.91,8712.98
300248.SZ,2012-06-14,12.33,12.53,12.28,12.34,5523.0,6848.45
300248.SZ,2012-06-15,12.31,12.5,12.26,12.46,6697.97,8301.38
300248.SZ,2012-06-18,12.5,12.95,12.35,12.78,12897.99,16441.39
300248.SZ,2012-06-19,12.88,13.45,12.73,13.16,21783.31,28623.26
300248.SZ,2012-06-20,13.16,14.48,13.13,14.1,37713.39,51796.4
300248.SZ,2012-06-21,13.8,14.2,13.16,13.39,23154.92,31345.37
300248.SZ,2012-06-25,13.3,13.3,12.6,12.6,14036.27,17983.29
300248.SZ,2012-06-26,12.54,12.99,12.42,12.84,9373.0,11946.6
300248.SZ,2012-06-27,12.9,13.13,12.66,12.8,9250.26,11906.3
300248.SZ,2012-06-28,12.8,13.45,12.8,12.93,16652.99,21967.63
300248.SZ,2012-06-29,12.62,12.74,12.18,12.7,12410.61,15446.76
300248.SZ,2012-07-02,12.76,13.04,12.7,12.97,10736.04,13847.8
300248.SZ,2012-07-03,12.96,13.3,12.85,13.19,15127.03,19781.03
300248.SZ,2012-07-04,13.16,13.44,12.88,12.9,13664.04,18033.73
300248.SZ,2012-07-05,12.81,12.81,12.24,12.27,11500.08,14299.77
300248.SZ,2012-07-06,12.4,12.45,11.9,12.27,10769.85,13080.81
300248.SZ,2012-07-09,12.2,12.24,11.55,11.57,12584.14,14841.57
300248.SZ,2012-07-10,11.51,11.56,10.98,11.09,9921.82,11099.12
300248.SZ,2012-07-11,10.91,11.19,10.87,11.08,2771.49,3063.68
300248.SZ,2012-07-12,11.39,11.49,11.2,11.45,8092.35,9194.59
300248.SZ,2012-07-13,11.3,11.54,11.28,11.28,6481.95,7370.78
300248.SZ,2012-07-16,11.26,11.3,10.68,10.68,6930.04,7623.61
300248.SZ,2012-07-17,10.66,10.83,10.51,10.8,3307.11,3532.16
300248.SZ,2012-07-18,10.66,10.96,10.6,10.93,3170.55,3417.86
300248.SZ,2012-07-19,10.88,11.19,10.82,11.09,5034.75,5583.05
300248.SZ,2012-07-20,11.1,11.27,10.91,10.96,3639.39,4037.87
300248.SZ,2012-07-23,10.81,10.85,10.58,10.65,5025.57,5377.88
300248.SZ,2012-07-24,10.63,10.88,10.48,10.72,4264.81,4546.41
300248.SZ,2012-07-25,10.73,10.89,10.68,10.85,4544.52,4914.17
300248.SZ,2012-07-26,10.85,10.88,10.58,10.63,4967.65,5328.4
300248.SZ,2012-07-27,10.71,10.73,10.46,10.52,5306.9,5607.79
300248.SZ,2012-07-30,10.56,10.61,10.12,10.26,3996.01,4137.86
300248.SZ,2012-07-31,10.38,10.4,10.12,10.12,2950.49,3017.63
300248.SZ,2012-08-01,10.27,10.44,10.04,10.37,2893.02,2989.96
300248.SZ,2012-08-02,10.33,10.42,10.13,10.17,2708.38,2779.82
300248.SZ,2012-08-03,10.18,10.55,10.18,10.55,4149.19,4324.52
300248.SZ,2012-08-06,10.51,10.89,10.45,10.83,6879.03,7351.67
300248.SZ,2012-08-07,10.75,11.16,10.75,10.89,5642.92,6170.67
300248.SZ,2012-08-08,10.84,11.0,10.72,10.85,3523.24,3814.67
300248.SZ,2012-08-09,10.76,11.28,10.75,11.23,8744.41,9662.58
300248.SZ,2012-08-10,11.26,11.3,11.0,11.16,4063.64,4514.2
300248.SZ,2012-08-13,11.16,11.16,10.84,10.87,4258.22,4673.8
300248.SZ,2012-08-14,10.77,11.05,10.75,11.03,2873.74,3127.71
300248.SZ,2012-08-15,11.02,11.1,10.89,11.02,3343.31,3680.76
300248.SZ,2012-08-16,10.87,10.98,10.74,10.8,2890.38,3132.39
300248.SZ,2012-08-17,10.74,10.84,10.68,10.81,1821.66,1961.24
300248.SZ,2012-08-20,10.61,10.97,10.58,10.87,1110.79,1193.14
300248.SZ,2012-08-21,10.8,11.2,10.8,11.14,7523.03,8337.81
300248.SZ,2012-08-22,11.19,11.19,10.9,10.98,4138.84,4577.67
300248.SZ,2012-08-23,10.89,11.39,10.89,11.3,7315.77,8196.65
300248.SZ,2012-08-24,11.21,11.27,10.79,10.89,6310.28,6991.85
300248.SZ,2012-08-27,10.88,10.88,10.5,10.55,2859.77,3048.38
300248.SZ,2012-08-28,10.52,10.86,10.52,10.76,2000.67,2142.67
300248.SZ,2012-08-29,10.64,11.01,10.64,10.82,2831.86,3086.74
300248.SZ,2012-08-30,10.79,10.88,10.36,10.58,3371.48,3575.92
300248.SZ,2012-08-31,10.54,10.74,10.5,10.7,1618.36,1719.63
300248.SZ,2012-09-03,10.7,10.94,10.65,10.87,2748.43,2979.91
300248.SZ,2012-09-04,10.87,11.28,10.87,11.01,7665.21,8527.45
300248.SZ,2012-09-05,10.93,12.11,10.93,12.11,10837.33,12897.68
300248.SZ,2012-09-06,12.71,12.71,12.1,12.25,47574.47,58838.77
300248.SZ,2012-09-07,12.13,12.77,12.08,12.52,39875.75,49445.98
300248.SZ,2012-09-10,12.3,13.77,12.21,13.03,47216.14,61777.45
300248.SZ,2012-09-11,12.95,13.65,12.66,13.29,40414.28,53571.02
300248.SZ,2012-09-12,13.28,13.3,12.84,13.03,22956.14,29836.54
300248.SZ,2012-09-13,13.05,13.1,12.43,12.43,17287.99,21959.96
300248.SZ,2012-09-14,12.46,12.65,12.2,12.37,16063.16,19945.0
300248.SZ,2012-09-17,12.45,12.48,11.8,11.8,10225.5,12357.83
300248.SZ,2012-09-18,11.7,12.08,11.7,11.87,6754.55,8057.09
300248.SZ,2012-09-19,11.98,12.16,11.9,12.04,6438.1,7751.87
300248.SZ,2012-09-20,12.04,12.08,11.2,11.28,11816.8,13736.52
300248.SZ,2012-09-21,11.29,11.39,10.88,10.93,7745.75,8643.6
300248.SZ,2012-09-24,10.81,11.22,10.73,11.15,4895.81,5405.25
300248.SZ,2012-09-25,11.2,11.2,10.85,10.95,4426.27,4869.37
300248.SZ,2012-09-26,10.93,10.94,10.65,10.73,4477.43,4820.63
300248.SZ,2012-09-27,10.74,11.16,10.74,11.1,5084.88,5596.96
300248.SZ,2012-09-28,11.02,11.63,10.89,11.52,10407.0,11858.45
300248.SZ,2012-10-08,11.51,11.51,11.28,11.41,4959.77,5648.74
300248.SZ,2012-10-09,11.3,11.88,11.3,11.79,8101.02,9481.92
300248.SZ,2012-10-10,11.77,11.95,11.65,11.89,7101.62,8391.54
300248.SZ,2012-10-11,11.94,11.94,11.36,11.5,6478.47,7579.71
300248.SZ,2012-10-12,11.51,11.84,11.33,11.61,5100.9,5893.3
300248.SZ,2012-10-15,11.65,11.66,11.18,11.3,5589.99,6343.22
300248.SZ,2012-10-16,11.3,11.48,11.24,11.34,6162.49,6994.78
300248.SZ,2012-10-17,11.45,11.45,11.21,11.42,3262.77,3700.31
300248.SZ,2012-10-18,11.42,11.63,11.34,11.57,4888.43,5634.17
300248.SZ,2012-10-19,11.65,11.92,11.62,11.79,8291.08,9786.63
300248.SZ,2012-10-22,11.75,11.96,11.65,11.93,6490.31,7699.66
300248.SZ,2012-10-23,11.96,11.96,11.5,11.67,8567.1,10017.28
300248.SZ,2012-10-24,11.64,11.77,11.45,11.64,4942.39,5745.24
300248.SZ,2012-10-25,11.65,11.78,11.57,11.62,3149.05,3662.09
300248.SZ,2012-10-26,11.6,11.69,11.11,11.21,4036.05,4572.83
300248.SZ,2012-10-29,11.2,11.2,10.88,10.93,3385.6,3736.79
300248.SZ,2012-10-30,11.05,11.07,10.81,11.07,2182.16,2394.1
300248.SZ,2012-10-31,11.07,11.14,10.9,11.12,1132.37,1246.99
300248.SZ,2012-11-01,11.03,11.32,11.03,11.3,3577.19,4025.54
300248.SZ,2012-11-02,11.32,11.36,11.23,11.36,5459.21,6175.02
300248.SZ,2012-11-05,11.25,11.36,11.2,11.29,2413.12,2713.09
300248.SZ,2012-11-06,11.29,11.29,10.97,11.13,2699.83,2992.84
300248.SZ,2012-11-07,11.07,11.25,11.07,11.21,1673.02,1867.63
300248.SZ,2012-11-08,11.17,11.17,10.8,10.91,3656.0,4012.14
300248.SZ,2012-11-09,10.81,10.99,10.8,10.96,2154.57,2354.79
300248.SZ,2012-11-12,10.96,11.15,10.96,11.14,2960.92,3277.3
300248.SZ,2012-11-13,11.2,11.2,10.82,10.85,2899.22,3176.56
300248.SZ,2012-11-14,10.81,11.03,10.81,10.99,2237.1,2435.68
300248.SZ,2012-11-15,10.96,11.29,10.84,11.22,14151.66,15762.46
300248.SZ,2012-11-16,11.25,11.68,11.19,11.61,28679.41,32981.88
300248.SZ,2012-11-19,11.35,11.58,11.2,11.58,13349.77,15144.4
300248.SZ,2012-11-20,11.56,12.3,11.38,11.78,19471.86,23113.55
300248.SZ,2012-11-21,11.65,12.2,11.6,12.12,19845.68,23657.77
300248.SZ,2012-11-22,11.98,12.0,11.58,11.62,16180.7,19045.46
300248.SZ,2012-11-23,11.63,11.85,11.53,11.69,12201.44,14289.46
300248.SZ,2012-11-26,11.62,11.63,11.02,11.06,12960.09,14664.39
300248.SZ,2012-11-27,11.06,11.17,10.48,10.57,10000.63,10765.66
300248.SZ,2012-11-28,10.57,10.57,10.31,10.39,4272.07,4440.59
300248.SZ,2012-11-29,10.41,10.54,9.95,10.05,4891.47,4998.19
300248.SZ,2012-11-30,10.05,10.2,9.88,10.12,4677.39,4703.34
300248.SZ,2012-12-03,10.12,10.12,9.64,9.65,5222.5,5155.95
300248.SZ,2012-12-04,9.63,9.81,9.31,9.77,5367.69,5161.15
300248.SZ,2012-12-05,9.75,10.24,9.64,10.17,8317.85,8367.88
300248.SZ,2012-12-06,10.25,10.55,10.06,10.19,5920.06,6055.52
300248.SZ,2012-12-07,10.24,10.45,10.05,10.45,7324.24,7517.21
300248.SZ,2012-12-10,10.45,10.75,10.32,10.61,9276.42,9816.24
300248.SZ,2012-12-11,10.54,10.57,10.39,10.44,5155.24,5409.21
300248.SZ,2012-12-12,10.41,10.48,10.19,10.42,5379.07,5568.45
300248.SZ,2012-12-13,10.3,10.62,10.22,10.23,6131.09,6376.9
300248.SZ,2012-12-14,10.16,10.75,10.16,10.72,14958.17,15767.03
300248.SZ,2012-12-17,10.73,10.8,10.52,10.67,8641.37,9210.9
300248.SZ,2012-12-18,10.68,11.02,10.56,10.68,8081.33,8654.35
300248.SZ,2012-12-19,10.38,10.82,10.38,10.65,6143.53,6542.95
300248.SZ,2012-12-20,10.59,10.9,10.56,10.84,10429.47,11231.51
300248.SZ,2012-12-21,10.77,11.08,10.71,11.01,14588.01,15907.81
300248.SZ,2012-12-24,11.08,11.14,10.9,11.08,8921.99,9837.17
300248.SZ,2012-12-25,11.08,11.4,11.0,11.34,11243.45,12635.33
300248.SZ,2012-12-26,11.35,11.87,11.26,11.75,19226.45,22343.17
300248.SZ,2012-12-27,11.76,11.99,11.36,11.39,18007.13,20942.88
300248.SZ,2012-12-28,11.38,11.68,11.15,11.49,12022.14,13752.6
300248.SZ,2012-12-31,11.49,11.66,11.38,11.6,8865.33,10230.85
300248.SZ,2013-01-04,11.66,11.7,11.31,11.4,9111.58,10432.05
300248.SZ,2013-01-07,11.38,11.66,11.31,11.66,9881.92,11405.01
300248.SZ,2013-01-08,11.65,12.13,11.57,11.91,18943.11,22464.99
300248.SZ,2013-01-09,11.8,12.01,11.65,11.77,15391.93,18199.06
300248.SZ,2013-01-10,11.67,11.9,11.62,11.88,12129.42,14319.48
300248.SZ,2013-01-11,11.96,12.27,11.82,11.84,24932.96,30059.5
300248.SZ,2013-01-14,11.9,12.3,11.77,12.28,22256.77,27070.27
300248.SZ,2013-01-15,12.29,12.83,12.22,12.74,25561.06,31942.65
300248.SZ,2013-01-16,12.74,12.9,12.21,12.54,19393.23,24307.59
300248.SZ,2013-01-17,12.54,12.54,12.24,12.33,11744.0,14520.99
300248.SZ,2013-01-18,12.39,12.55,12.2,12.5,10003.74,12364.95
300248.SZ,2013-01-21,12.49,12.83,12.36,12.61,17992.92,22667.85
300248.SZ,2013-01-22,12.69,12.69,12.03,12.14,14550.05,18001.18
300248.SZ,2013-01-23,12.05,12.21,11.74,12.02,13222.78,15812.82
300248.SZ,2013-01-24,12.02,12.16,11.45,11.55,12992.85,15371.71
300248.SZ,2013-01-25,11.67,11.8,11.55,11.66,5636.26,6594.27
300248.SZ,2013-01-28,11.67,12.83,11.67,12.83,44861.36,56546.31
300248.SZ,2013-01-29,12.94,13.14,12.76,12.98,39982.84,51754.91
300248.SZ,2013-01-30,12.9,13.58,12.8,13.34,41606.5,54863.29
300248.SZ,2013-01-31,13.28,13.28,12.78,12.91,23265.83,30095.03
300248.SZ,2013-02-01,12.85,12.92,12.63,12.8,15962.91,20373.43
300248.SZ,2013-02-04,12.84,12.88,12.43,12.56,12562.66,15838.67
300248.SZ,2013-02-05,12.48,12.83,12.31,12.8,11642.57,14795.84
300248.SZ,2013-02-06,12.8,13.17,12.72,12.89,13114.45,17000.68
300248.SZ,2013-02-07,12.95,13.14,12.7,12.9,9554.01,12255.9
300248.SZ,2013-02-08,12.89,13.22,12.8,13.07,10597.91,13833.1
300248.SZ,2013-02-18,13.12,13.27,13.0,13.1,10610.62,13924.96
300248.SZ,2013-02-19,13.07,13.1,12.64,12.66,9249.41,11853.84
300248.SZ,2013-02-20,12.68,12.97,12.68,12.95,9029.49,11625.89
300248.SZ,2013-02-21,12.93,13.24,12.66,13.04,13401.65,17399.93
300248.SZ,2013-02-22,13.0,13.24,12.92,13.01,13272.04,17377.64
300248.SZ,2013-02-25,13.01,13.28,12.81,13.28,14182.1,18572.57
300248.SZ,2013-02-26,13.48,14.29,13.3,13.72,43469.94,60251.38
300248.SZ,2013-02-27,13.57,13.8,13.3,13.55,21833.87,29476.69
300248.SZ,2013-02-28,13.3,13.7,13.02,13.68,24008.93,31977.11
300248.SZ,2013-03-01,13.5,13.69,13.36,13.65,17693.91,23944.94
300248.SZ,2013-03-04,13.59,13.59,12.91,13.0,13768.1,18259.43
300248.SZ,2013-03-05,13.0,13.37,12.87,13.32,11628.25,15320.28
300248.SZ,2013-03-06,13.36,13.68,13.3,13.65,15899.7,21554.79
300248.SZ,2013-03-07,13.7,13.75,13.13,13.29,12088.61,16232.87
300248.SZ,2013-03-08,13.36,13.41,13.13,13.15,6040.17,7992.96
300248.SZ,2013-03-11,13.15,13.28,13.0,13.22,7960.04,10472.23
300248.SZ,2013-03-12,13.12,13.22,12.39,12.5,15021.61,19097.07
300248.SZ,2013-03-13,12.5,12.65,12.14,12.47,7282.64,9021.03
300248.SZ,2013-03-14,12.56,12.56,12.35,12.4,3384.0,4213.11
300248.SZ,2013-03-15,12.41,12.69,12.41,12.5,6351.04,7990.98
300248.SZ,2013-03-18,12.26,12.5,12.01,12.2,5549.18,6804.28
300248.SZ,2013-03-19,12.29,12.47,12.01,12.43,3579.2,4370.63
300248.SZ,2013-03-20,12.32,12.69,12.32,12.66,6618.83,8327.3
300248.SZ,2013-03-21,12.68,12.78,12.6,12.75,7925.51,10059.33
300248.SZ,2013-03-22,13.02,13.34,12.93,13.04,16272.79,21370.04
300248.SZ,2013-03-25,12.93,13.08,12.9,12.95,5357.8,6947.17
300248.SZ,2013-03-26,12.84,13.07,12.75,13.07,5961.58,7692.0
300248.SZ,2013-03-27,13.1,13.22,12.98,13.06,6840.28,8974.03
300248.SZ,2013-03-28,12.38,12.38,11.77,11.77,17112.04,20614.92
300248.SZ,2013-03-29,11.8,11.92,11.45,11.58,8864.2,10275.19
300248.SZ,2013-04-01,11.58,11.79,11.0,11.7,9375.95,10731.66
300248.SZ,2013-04-02,11.59,11.6,11.31,11.35,6356.27,7280.91
300248.SZ,2013-04-03,11.35,11.38,11.0,11.11,6245.87,6967.63
300248.SZ,2013-04-08,10.98,11.08,10.67,11.03,5535.53,6010.66
300248.SZ,2013-04-09,11.07,11.23,11.0,11.06,6245.32,6937.24
300248.SZ,2013-04-10,11.01,11.15,10.98,11.06,3149.0,3479.08
300248.SZ,2013-04-11,11.15,11.37,10.9,10.9,4518.61,4998.29
300248.SZ,2013-04-12,10.94,11.07,10.88,10.88,2449.7,2681.24
300248.SZ,2013-04-15,10.97,11.11,10.88,11.0,3324.22,3646.28
300248.SZ,2013-04-16,10.82,11.25,10.82,11.21,4909.5,5426.4
300248.SZ,2013-04-17,11.76,11.76,11.19,11.25,7047.1,8011.58
300248.SZ,2013-04-18,11.16,11.31,11.16,11.18,3298.31,3709.5
300248.SZ,2013-04-19,11.26,11.4,11.18,11.33,9004.58,10190.27
300248.SZ,2013-04-22,11.26,11.56,11.21,11.5,9419.44,10724.33
300248.SZ,2013-04-23,11.5,11.5,10.72,10.79,8517.91,9374.67
300248.SZ,2013-04-24,10.85,11.1,10.72,11.01,6783.24,7415.63
300248.SZ,2013-04-25,11.05,11.06,10.71,10.74,5805.3,6301.07
300248.SZ,2013-04-26,10.71,10.8,10.33,10.4,4923.32,5191.07
300248.SZ,2013-05-02,10.44,10.63,10.3,10.59,3224.73,3392.47
300248.SZ,2013-05-03,10.64,10.83,10.64,10.72,4752.85,5104.55
300248.SZ,2013-05-06,10.7,10.98,10.7,10.92,8722.82,9491.28
300248.SZ,2013-05-07,10.92,10.99,10.81,10.98,4719.26,5149.61
300248.SZ,2013-05-08,11.05,11.27,11.01,11.19,9022.95,10055.99
300248.SZ,2013-05-09,12.15,12.31,12.15,12.31,24215.35,29719.19
300248.SZ,2013-05-10,12.64,12.88,12.39,12.59,57554.5,72720.89
300248.SZ,2013-05-13,12.43,12.45,11.87,12.13,26004.34,31396.16
300248.SZ,2013-05-14,12.05,12.08,11.68,11.77,17925.81,21205.32
300248.SZ,2013-05-15,11.74,12.16,11.74,12.07,14419.35,17280.63
300248.SZ,2013-05-16,12.1,12.11,11.68,11.77,20146.02,24000.14
300248.SZ,2013-05-17,11.84,11.97,11.63,11.86,12886.79,15245.89
300248.SZ,2013-05-20,11.95,12.56,11.91,12.47,21260.46,26191.8
300248.SZ,2013-05-21,12.47,13.06,12.31,12.86,25698.74,32654.17
300248.SZ,2013-05-22,12.76,12.76,12.24,12.27,19844.16,24661.86
300248.SZ,2013-05-23,12.27,12.89,12.1,12.65,21055.76,26477.62
300248.SZ,2013-05-24,12.65,13.39,12.57,13.0,25824.09,33701.54
300248.SZ,2013-05-27,13.02,13.5,12.83,13.16,17367.16,22917.12
300248.SZ,2013-05-28,13.13,13.13,12.5,12.57,19225.54,24396.34
300248.SZ,2013-05-29,12.58,12.84,12.52,12.73,12863.1,16327.15
300248.SZ,2013-05-30,12.71,13.12,12.6,13.11,17291.3,22357.56
300248.SZ,2013-05-31,13.1,13.16,12.72,12.76,12993.57,16765.54
300248.SZ,2013-06-03,12.64,12.78,12.36,12.4,9100.18,11446.32
300248.SZ,2013-06-04,12.4,12.48,11.98,12.1,7735.16,9397.79
300248.SZ,2013-06-05,12.04,12.3,12.0,12.19,4955.5,6031.61
300248.SZ,2013-06-06,12.1,12.18,11.83,11.87,6265.36,7523.16
300248.SZ,2013-06-07,11.98,12.09,11.78,12.07,6886.1,8206.94
300248.SZ,2013-06-13,11.94,11.94,11.3,11.6,6107.23,7039.92
300248.SZ,2013-06-14,11.62,12.24,11.55,12.19,8766.64,10519.26
300248.SZ,2013-06-17,12.35,12.88,12.18,12.45,16673.81,20966.44
300248.SZ,2013-06-18,12.46,12.86,12.21,12.81,15505.12,19601.76
300248.SZ,2013-06-19,12.65,12.99,12.48,12.95,15041.89,19205.31
300248.SZ,2013-06-20,13.0,13.14,12.17,12.24,19377.31,24612.3
300248.SZ,2013-06-21,11.85,12.31,11.62,12.1,13852.67,16560.97
300248.SZ,2013-06-24,11.99,12.29,11.21,11.53,9857.01,11650.09
300248.SZ,2013-06-25,11.31,12.09,10.93,12.09,16609.76,19310.36
300248.SZ,2013-06-26,12.47,13.3,12.46,13.3,36018.88,47354.25
300248.SZ,2013-06-27,13.85,14.44,13.41,13.58,81095.24,113072.56
300248.SZ,2013-06-28,13.1,14.15,12.9,13.36,45528.46,61498.33
300248.SZ,2013-07-01,13.0,14.42,12.9,14.23,53775.81,75123.94
300248.SZ,2013-07-02,14.04,14.85,13.9,14.44,49470.63,71634.48
300248.SZ,2013-07-03,14.17,14.59,13.73,14.29,41583.17,58977.06
300248.SZ,2013-07-04,14.12,14.57,13.75,13.76,34118.92,48072.9
300248.SZ,2013-07-05,13.6,14.29,13.6,13.85,23642.88,33023.36
300248.SZ,2013-07-08,13.45,13.65,12.8,12.89,21740.81,28684.56
300248.SZ,2013-07-09,12.89,13.43,12.83,13.38,19721.17,25948.29
300248.SZ,2013-07-10,13.38,13.8,13.27,13.4,23293.66,31625.01
300248.SZ,2013-07-11,13.33,13.82,13.11,13.7,24165.54,32581.89
300248.SZ,2013-07-12,15.07,15.07,15.07,15.07,21154.75,31880.21
300248.SZ,2013-07-15,15.48,16.58,15.2,16.58,115238.46,184584.89
300248.SZ,2013-07-16,16.04,16.44,15.8,16.22,71316.16,115044.15
300248.SZ,2013-07-17,15.81,16.5,15.7,15.88,60298.53,96567.67
300248.SZ,2013-07-18,16.16,17.2,16.06,16.33,64896.34,107346.23
300248.SZ,2013-07-19,15.9,17.16,15.51,16.03,69270.71,113363.51
300248.SZ,2013-07-22,15.73,17.63,15.73,17.3,79047.03,135115.01
300248.SZ,2013-07-23,16.98,17.6,16.52,17.41,62998.08,107335.71
300248.SZ,2013-07-24,16.94,17.9,16.76,17.5,57657.14,100106.88
300248.SZ,2013-07-25,17.48,17.59,15.75,15.75,59581.46,97041.78
300248.SZ,2013-07-26,15.5,15.96,15.26,15.84,33619.77,52627.21
300248.SZ,2013-07-29,15.67,15.7,14.6,14.76,31111.42,46999.49
300248.SZ,2013-07-30,14.7,14.95,13.85,14.58,29471.5,42568.67
300248.SZ,2013-07-31,14.56,14.94,14.45,14.78,19956.74,29405.64
300248.SZ,2013-08-01,14.65,15.61,14.62,15.49,29280.62,44760.44
300248.SZ,2013-08-02,15.49,15.88,15.2,15.22,26766.8,41604.91
300248.SZ,2013-08-05,15.07,15.76,15.07,15.75,28916.69,44671.74
300248.SZ,2013-08-06,15.78,16.2,15.56,15.7,31259.7,49543.56
300248.SZ,2013-08-07,15.59,15.79,14.42,14.52,35890.29,53293.15
300248.SZ,2013-08-08,14.52,14.78,14.2,14.49,24098.79,34925.09
300248.SZ,2013-08-09,14.51,14.85,13.92,14.84,32177.55,46323.42
300248.SZ,2013-08-12,14.75,15.04,14.31,14.95,25216.67,37199.39
300248.SZ,2013-08-13,14.68,15.19,14.68,14.82,18487.57,27663.6
300248.SZ,2013-08-14,14.9,15.77,14.52,15.47,39002.83,59576.98
300248.SZ,2013-08-15,16.0,17.02,15.8,17.02,36604.47,61393.87
300248.SZ,2013-08-16,17.41,18.72,17.32,17.81,142840.99,259242.39
300248.SZ,2013-08-19,16.6,17.77,16.2,17.5,92126.97,157224.1
300248.SZ,2013-08-20,17.07,19.19,16.66,18.53,104755.16,186499.8
300248.SZ,2013-08-21,18.2,18.45,17.86,18.15,54477.0,98841.81
300248.SZ,2013-08-22,18.3,18.42,17.16,17.4,76652.91,134391.53
300248.SZ,2013-08-23,17.4,18.26,17.11,18.07,81920.02,145467.88
300248.SZ,2013-08-26,17.98,18.39,17.63,17.89,59705.21,107064.7
300248.SZ,2013-08-27,17.71,18.19,17.02,18.18,70942.51,124753.95
300248.SZ,2013-08-28,17.89,18.01,17.0,17.0,61844.26,108014.13
300248.SZ,2013-08-29,17.07,17.25,16.7,17.04,28618.67,48633.18
300248.SZ,2013-08-30,16.97,17.06,15.34,15.5,48741.61,78372.18
300248.SZ,2013-09-02,15.5,15.9,15.4,15.82,23102.46,36253.64
300248.SZ,2013-09-03,15.83,16.05,15.62,16.01,25694.62,40699.86
300248.SZ,2013-09-04,15.91,16.05,15.68,15.82,24314.58,38495.77
300248.SZ,2013-09-05,15.85,16.59,15.63,16.35,34656.11,56219.41
300248.SZ,2013-09-06,16.37,16.61,16.1,16.26,27352.45,44516.29
300248.SZ,2013-09-09,16.45,16.6,15.71,16.25,22098.31,35746.95
300248.SZ,2013-09-10,16.23,16.48,15.86,16.35,24561.32,39754.43
300248.SZ,2013-09-11,16.5,16.8,15.0,15.35,33329.65,52971.3
300248.SZ,2013-09-12,14.92,15.48,14.57,14.7,26967.25,40427.45
300248.SZ,2013-09-13,14.75,15.15,14.32,15.09,19543.87,28861.19
300248.SZ,2013-09-16,15.1,15.36,14.85,15.02,17811.32,26924.11
300248.SZ,2013-09-17,15.0,15.25,14.71,14.73,13640.4,20454.59
300248.SZ,2013-09-18,14.68,14.96,14.63,14.87,12280.64,18202.06
300248.SZ,2013-09-23,14.96,15.45,14.87,15.44,18936.49,28917.54
300248.SZ,2013-09-24,15.45,15.79,15.3,15.4,19766.45,30724.07
300248.SZ,2013-09-25,15.45,15.49,15.0,15.09,18699.65,28427.47
300248.SZ,2013-09-26,15.21,15.37,14.81,14.88,13723.9,20671.52
300248.SZ,2013-09-27,14.95,15.24,14.75,15.2,13340.7,20062.97
300248.SZ,2013-09-30,15.11,15.53,15.11,15.38,14296.89,21924.03
300248.SZ,2013-10-08,15.38,15.74,15.16,15.7,19566.19,30435.45
300248.SZ,2013-10-09,15.59,15.93,15.46,15.73,22168.06,34785.31
300248.SZ,2013-10-10,15.75,15.83,15.0,15.21,24034.48,36956.7
300248.SZ,2013-10-11,15.21,15.33,14.94,15.08,17101.47,25817.73
300248.SZ,2013-10-14,15.08,15.41,14.85,15.37,19858.78,30039.79
300248.SZ,2013-10-15,15.41,15.41,14.89,14.97,16806.53,25319.36
300248.SZ,2013-10-16,15.0,15.5,13.86,15.15,36708.42,53653.33
300248.SZ,2013-10-17,14.98,15.34,14.68,14.97,25591.12,38278.59
300248.SZ,2013-10-18,14.8,15.19,14.77,14.93,12138.61,18211.9
300248.SZ,2013-10-21,14.95,15.8,14.93,15.7,34751.86,53825.76
300248.SZ,2013-10-22,15.62,15.69,15.08,15.24,23354.34,35876.67
300248.SZ,2013-10-23,15.32,15.45,14.5,14.5,20247.65,30105.41
300248.SZ,2013-10-24,14.5,14.64,14.35,14.57,8231.25,11943.78
300248.SZ,2013-10-25,14.56,14.66,13.88,13.9,13534.93,19072.44
300248.SZ,2014-01-07,15.29,15.29,15.29,15.29,24748.46,37840.4
300248.SZ,2014-01-08,15.5,15.78,15.0,15.0,68711.44,105983.8
300248.SZ,2014-01-09,14.82,14.9,14.4,14.4,60476.72,88486.45
300248.SZ,2014-01-10,14.3,14.35,13.1,13.29,32506.05,44765.13
300248.SZ,2014-01-13,13.35,13.7,13.29,13.58,16758.87,22632.71
300248.SZ,2014-01-14,13.55,14.0,13.43,13.96,20432.71,28208.82
300248.SZ,2014-01-15,14.26,15.2,14.06,14.89,48790.19,71500.72
300248.SZ,2014-01-16,14.93,14.99,14.6,14.65,37954.16,56035.1
300248.SZ,2014-01-17,14.46,15.08,14.38,14.92,33226.9,49020.42
300248.SZ,2014-01-20,15.1,15.29,14.66,14.9,22433.14,33555.49
300248.SZ,2014-01-21,14.88,15.1,14.79,15.1,19582.85,29312.18
300248.SZ,2014-01-22,14.86,15.55,14.86,15.43,40507.84,61922.77
300248.SZ,2014-01-23,15.33,15.95,15.27,15.73,41824.01,65632.08
300248.SZ,2014-01-24,15.75,16.6,15.75,16.3,50322.47,81659.03
300248.SZ,2014-01-27,16.15,16.58,15.91,16.13,35926.76,58459.66
300248.SZ,2014-01-28,16.45,16.56,15.68,15.82,25306.88,40395.46
300248.SZ,2014-01-29,15.88,17.15,15.88,16.74,48211.55,79283.26
300248.SZ,2014-01-30,16.59,17.1,16.34,16.4,32660.14,54500.91
300248.SZ,2014-02-07,16.4,17.2,16.33,17.2,32386.56,54626.63
300248.SZ,2014-02-10,17.35,18.65,17.3,18.13,65207.17,117041.11
300248.SZ,2014-02-11,18.5,18.5,17.48,17.88,59364.34,106526.45
300248.SZ,2014-02-12,18.25,19.16,18.22,18.82,55372.73,103724.28
300248.SZ,2014-02-13,19.76,20.7,19.76,20.7,33938.57,69988.08
300248.SZ,2014-02-14,22.0,22.77,21.73,22.77,52995.05,118788.82
300248.SZ,2014-02-17,24.0,25.05,23.56,25.05,42369.62,104929.53
300248.SZ,2014-02-18,26.17,27.56,26.1,27.56,98298.49,265439.36
300248.SZ,2014-02-24,26.11,28.01,25.17,27.08,62409.12,166438.27
300248.SZ,2014-02-25,27.19,29.79,27.08,28.1,75712.3,218233.91
300248.SZ,2014-02-26,27.88,30.91,26.22,30.91,89334.74,256651.24
300248.SZ,2014-02-27,31.0,31.32,27.82,27.82,69393.65,204185.73
300248.SZ,2014-02-28,26.22,27.38,25.17,26.6,66473.43,173472.79
300248.SZ,2014-03-03,25.97,27.79,25.45,26.76,53065.25,140802.88
300248.SZ,2014-03-04,26.56,29.44,26.0,27.9,58357.05,166249.56
300248.SZ,2014-03-05,27.45,27.5,25.8,27.17,42083.05,112369.74
300248.SZ,2014-03-06,26.9,28.9,26.75,26.8,32675.46,90383.56
300248.SZ,2014-03-07,26.24,28.38,25.89,27.45,33107.0,89851.96
300248.SZ,2014-03-10,26.7,27.49,25.29,25.8,24440.64,64221.83
300248.SZ,2014-03-11,25.0,26.35,24.6,25.18,20926.39,53132.7
300248.SZ,2014-03-12,25.22,26.08,24.4,25.76,17221.18,43567.86
300248.SZ,2014-03-13,26.1,26.1,24.6,24.91,20979.46,52703.2
300248.SZ,2014-03-14,24.6,25.01,23.53,24.0,22281.46,54100.61
300248.SZ,2014-03-17,24.14,25.77,23.68,25.35,31284.53,77255.67
300248.SZ,2014-03-18,25.29,27.34,25.2,26.78,39934.74,104784.66
300248.SZ,2014-03-19,26.2,26.45,25.35,25.7,20938.96,54103.8
300248.SZ,2014-03-20,25.52,26.28,23.13,23.13,29841.68,72721.51
300248.SZ,2014-03-21,23.0,23.4,21.83,22.98,39079.21,88006.72
300248.SZ,2014-03-24,23.33,24.59,22.98,23.8,38196.39,90833.47
300248.SZ,2014-03-25,24.05,26.18,23.5,26.18,38729.5,99489.74
300248.SZ,2014-03-26,26.87,28.5,26.25,27.2,42554.6,117244.41
300248.SZ,2014-03-27,27.02,27.19,25.5,25.9,26446.96,69312.3
300248.SZ,2014-03-28,25.9,25.9,23.31,23.31,44204.29,105061.94
300248.SZ,2014-03-31,22.51,24.58,22.51,23.51,15721.79,36764.6
300248.SZ,2014-04-01,23.36,24.85,23.2,24.31,12448.15,30301.78
300248.SZ,2014-04-02,24.24,26.22,24.15,25.7,31747.62,80184.77
300248.SZ,2014-04-03,25.35,26.39,24.62,25.4,14259.48,36435.71
300248.SZ,2014-04-04,25.42,26.8,25.42,26.47,20478.01,54013.53
300248.SZ,2014-04-08,26.07,29.12,26.06,28.98,37474.15,104360.5
300248.SZ,2014-04-09,28.69,29.26,28.19,28.8,26509.4,75925.56
300248.SZ,2014-04-10,28.9,30.0,28.13,28.34,31826.75,92050.4
300248.SZ,2014-04-11,27.06,27.73,25.95,26.34,30916.57,81756.43
300248.SZ,2014-04-14,26.34,27.4,26.01,26.1,24441.56,65002.22
300248.SZ,2014-04-15,26.04,27.0,25.0,26.9,30305.03,78521.43
300248.SZ,2014-04-16,26.51,26.59,25.75,25.85,17101.37,44679.64
300248.SZ,2014-04-17,25.64,26.56,25.64,25.94,9246.12,24214.88
300248.SZ,2014-04-18,26.07,26.23,25.1,25.69,13708.3,34997.83
300248.SZ,2014-04-21,25.4,25.5,25.0,25.38,11175.7,28235.02
300248.SZ,2014-04-22,25.53,25.58,24.06,24.8,11832.47,29496.19
300248.SZ,2014-04-23,24.85,25.35,24.43,24.78,8495.78,21125.6
300248.SZ,2014-04-24,24.4,24.95,24.05,24.58,11743.42,28716.37
300248.SZ,2014-04-25,24.5,24.5,22.12,22.12,23674.57,53954.39
300248.SZ,2014-04-28,21.99,22.35,20.7,21.21,13089.19,28045.71
300248.SZ,2014-04-29,21.21,21.8,20.9,21.45,15624.61,33208.47
300248.SZ,2014-04-30,21.31,22.08,21.31,21.97,9727.69,21267.18
300248.SZ,2014-05-05,21.99,22.48,21.96,22.35,9168.32,20428.67
300248.SZ,2014-05-06,22.35,22.8,22.1,22.25,12315.23,27542.44
300248.SZ,2014-05-07,22.1,22.15,20.83,20.9,13515.11,29007.29
300248.SZ,2014-05-08,20.7,21.6,20.53,21.18,8858.39,18890.69
300248.SZ,2014-05-09,21.09,21.35,20.1,20.72,6301.55,12995.19
300248.SZ,2014-05-12,21.0,21.7,21.0,21.58,7876.04,16864.87
300248.SZ,2014-05-13,21.5,21.96,21.13,21.75,6449.84,14027.98
300248.SZ,2014-05-14,21.74,22.09,21.45,21.78,5620.75,12234.71
300248.SZ,2014-05-15,22.09,22.09,21.13,21.6,4572.98,9951.36
300248.SZ,2014-05-16,21.12,21.69,20.52,21.49,5689.49,11963.75
300248.SZ,2014-05-19,13.0,13.4,12.9,13.4,8644.72,11440.56
300248.SZ,2014-05-20,13.4,14.16,13.4,13.68,17725.41,24363.78
300248.SZ,2014-05-21,13.5,13.75,13.19,13.68,12622.86,17115.4
300248.SZ,2014-05-22,15.05,15.05,14.13,14.25,34817.89,50087.53
300248.SZ,2014-05-23,14.4,15.68,14.09,15.68,57904.38,87596.33
300248.SZ,2014-05-26,16.33,17.25,16.33,16.9,141015.33,239257.81
300248.SZ,2014-05-27,16.61,16.8,16.21,16.7,71754.16,118369.49
300248.SZ,2014-05-28,16.68,17.67,16.39,17.15,77711.28,132709.64
300248.SZ,2014-05-29,16.75,17.1,16.15,16.62,58339.29,96438.3
300248.SZ,2014-05-30,16.69,16.69,15.9,16.21,39084.95,63672.96
300248.SZ,2014-06-03,16.28,16.48,15.98,16.3,36931.9,59970.69
300248.SZ,2014-06-04,16.2,17.02,15.96,16.91,60843.91,101323.44
300248.SZ,2014-06-05,16.75,17.7,16.36,17.32,61626.23,105812.23
300248.SZ,2014-06-06,17.1,17.33,16.68,16.92,34185.99,57852.22
300248.SZ,2014-06-09,16.92,17.09,16.25,16.32,29727.72,49160.05
300248.SZ,2014-06-10,16.33,17.95,16.33,17.95,74967.09,131989.16
300248.SZ,2014-06-11,18.5,18.78,17.65,18.2,102509.96,186410.4
300248.SZ,2014-06-12,17.9,19.96,17.75,19.3,113400.41,215940.8
300248.SZ,2014-06-13,19.18,19.38,18.68,19.07,71132.07,134911.38
300248.SZ,2014-06-16,19.0,19.1,18.5,18.9,66956.81,125792.6
300248.SZ,2014-06-17,18.87,19.47,18.26,18.54,63877.3,120715.86
300248.SZ,2014-06-18,18.63,18.79,16.9,16.9,78585.08,138645.63
300248.SZ,2014-06-19,16.94,17.28,15.51,16.01,55139.91,91168.79
300248.SZ,2014-06-20,15.94,16.35,15.7,16.18,39680.62,63574.6
300248.SZ,2014-06-23,16.29,17.1,16.1,16.87,60069.05,99421.07
300248.SZ,2014-06-24,16.79,17.21,16.5,16.66,34118.48,57307.12
300248.SZ,2014-06-25,16.6,16.6,16.05,16.19,26610.36,43265.32
300248.SZ,2014-06-26,16.23,17.49,16.19,17.26,50398.9,85836.26
300248.SZ,2014-06-27,17.18,17.49,16.9,17.1,34818.75,59965.82
300248.SZ,2014-06-30,17.0,17.85,17.0,17.44,30661.43,53661.87
300248.SZ,2014-07-01,17.45,17.57,16.88,17.26,46401.37,79302.8
300248.SZ,2014-07-02,17.18,17.27,16.71,17.05,33570.93,56962.33
300248.SZ,2014-07-03,17.05,17.05,16.56,16.6,31010.53,51973.5
300248.SZ,2014-07-04,16.47,17.13,16.41,17.06,36281.45,61309.55
300248.SZ,2014-07-07,17.08,17.38,16.72,16.89,31083.44,52965.65
300248.SZ,2014-07-08,16.6,17.87,16.6,17.75,47978.02,83215.53
300248.SZ,2014-07-09,17.74,19.15,17.7,18.12,91262.27,168981.15
300248.SZ,2014-07-10,17.91,18.44,17.5,17.51,36430.84,65015.52
300248.SZ,2014-07-11,17.38,17.63,17.0,17.11,25343.86,43901.85
300248.SZ,2014-07-14,17.66,18.25,17.1,18.03,36564.34,65005.98
300248.SZ,2014-07-15,18.01,18.05,17.17,17.43,31389.02,55105.11
300248.SZ,2014-07-16,17.43,18.0,16.2,16.68,43852.24,74070.6
300248.SZ,2014-07-17,16.76,17.78,16.52,16.69,16488.86,27740.28
300248.SZ,2014-07-18,16.65,16.81,16.13,16.31,19651.76,32281.03
300248.SZ,2014-07-21,16.35,16.36,15.73,15.95,22006.52,35126.64
300248.SZ,2014-07-22,15.99,16.38,15.83,16.34,16816.43,27320.43
300248.SZ,2014-07-23,16.3,16.38,15.72,15.92,15478.9,24820.79
300248.SZ,2014-07-24,15.84,15.84,14.71,15.13,26382.57,40212.78
300248.SZ,2014-07-25,15.11,16.18,14.85,15.18,15828.98,24036.25
300248.SZ,2014-07-28,15.17,15.43,14.88,15.39,22875.18,34710.24
300248.SZ,2014-07-29,15.22,16.14,15.16,15.89,25840.25,40897.26
300248.SZ,2014-07-30,15.8,16.19,15.74,16.16,19966.19,31912.23
300248.SZ,2014-07-31,16.16,16.99,16.13,16.25,19671.59,32250.52
300248.SZ,2014-08-01,16.25,16.26,15.9,15.99,12475.08,20032.2
300248.SZ,2014-08-04,16.0,16.24,15.8,16.01,15207.55,24246.77
300248.SZ,2014-08-05,16.28,16.28,15.69,16.19,33943.05,54399.74
300248.SZ,2014-08-06,16.16,16.3,15.96,16.22,20547.22,33232.26
300248.SZ,2014-08-07,16.24,17.1,16.24,16.65,44090.9,73912.21
300248.SZ,2014-08-08,16.66,17.3,16.66,17.18,33897.45,57821.91
300248.SZ,2014-08-11,17.35,17.55,16.95,17.29,31896.44,54664.86
300248.SZ,2014-08-12,17.26,17.51,17.05,17.4,31527.82,54708.33
300248.SZ,2014-08-13,17.6,17.94,17.3,17.89,43771.5,77560.79
300248.SZ,2014-08-14,17.92,18.0,17.57,17.69,27665.14,49403.61
300248.SZ,2014-08-15,17.6,17.75,17.47,17.7,21733.09,38287.77
300248.SZ,2014-08-18,17.83,19.37,17.83,18.89,49502.73,92674.3
300248.SZ,2014-08-19,18.9,19.48,18.7,18.95,37495.84,71330.29
300248.SZ,2014-08-20,19.3,20.85,19.2,20.85,43880.89,89074.42
300248.SZ,2014-08-21,22.5,22.5,20.26,21.06,82539.73,174455.22
300248.SZ,2014-08-22,20.77,20.84,20.21,20.55,41778.93,85940.74
300248.SZ,2014-08-25,20.65,21.0,19.99,20.6,54504.2,111510.42
300248.SZ,2014-08-26,20.59,20.75,20.0,20.09,22883.17,46220.85
300248.SZ,2014-08-27,20.06,20.74,19.93,20.57,29047.72,59136.64
300248.SZ,2014-08-28,20.53,20.87,20.06,20.21,15790.05,32154.38
300248.SZ,2014-08-29,20.28,21.79,20.05,21.16,29512.57,61821.25
300248.SZ,2014-09-01,21.25,23.28,21.12,23.28,66848.1,152719.12
300248.SZ,2014-09-02,24.09,25.61,23.5,25.61,73343.74,183365.83
300248.SZ,2014-09-03,27.4,27.83,25.62,26.25,129766.55,343604.44
300248.SZ,2014-09-04,26.21,26.21,24.9,25.76,92594.89,235679.43
300248.SZ,2014-09-05,25.76,25.76,24.4,24.89,76591.64,191577.69
300248.SZ,2014-09-09,24.83,26.18,24.3,25.39,97856.69,248112.94
300248.SZ,2014-09-10,25.37,26.1,24.5,25.06,71504.82,180055.94
300248.SZ,2014-09-11,25.23,25.79,24.56,25.69,60823.56,153726.46
300248.SZ,2014-09-12,26.0,26.34,25.43,25.63,37150.95,95454.93
300248.SZ,2014-09-15,25.6,26.68,25.01,26.67,56354.42,145509.1
300248.SZ,2014-09-16,26.3,26.79,24.3,25.18,57350.47,148674.06
300248.SZ,2014-09-17,24.79,25.3,23.5,24.7,46521.58,113559.92
300248.SZ,2014-09-18,24.47,25.37,24.01,25.09,29023.99,72416.86
300248.SZ,2014-09-19,25.09,25.38,24.8,25.12,22825.33,57214.02
300248.SZ,2014-09-22,24.61,24.93,24.11,24.11,22521.63,55017.31
300248.SZ,2014-09-23,24.19,24.3,22.78,23.2,61221.13,142653.5
300248.SZ,2014-09-24,23.29,25.52,23.19,25.52,82435.33,199656.17
300248.SZ,2014-09-25,25.76,26.58,25.22,25.6,57811.24,149047.74
300248.SZ,2014-09-26,25.85,26.15,25.2,25.88,32584.43,83580.73
300248.SZ,2014-09-29,26.88,28.47,26.17,28.47,42916.19,119285.59
300248.SZ,2014-09-30,30.0,30.0,27.47,28.66,70104.05,200935.71
300248.SZ,2014-10-08,28.28,29.95,27.7,29.76,43791.07,125897.16
300248.SZ,2014-10-09,29.21,30.52,28.8,29.23,31790.12,93711.35
300248.SZ,2014-10-10,29.3,29.3,27.59,28.18,28567.06,80740.29
300248.SZ,2014-10-13,27.9,27.95,27.1,27.77,20789.51,57122.21
300248.SZ,2014-10-14,27.85,30.49,27.85,29.1,44692.2,131575.13
300248.SZ,2014-10-15,29.4,30.3,28.82,29.73,27516.62,81505.46
300248.SZ,2014-10-16,29.73,32.69,29.62,31.1,43745.29,137850.72
300248.SZ,2014-10-17,31.1,32.51,29.7,30.05,37427.76,115063.15
300248.SZ,2014-10-20,30.0,31.95,29.6,31.9,27966.78,85482.12
300248.SZ,2014-10-21,31.92,33.89,31.89,33.44,42768.33,141992.29
300248.SZ,2014-10-22,33.05,33.9,32.56,32.97,19821.0,65943.55
300248.SZ,2014-10-23,32.94,34.0,31.62,32.66,26845.6,87466.82
300248.SZ,2014-10-24,32.4,33.16,31.4,31.93,23124.17,74627.89
300248.SZ,2014-10-27,32.14,32.76,31.61,32.76,14033.44,45512.95
300248.SZ,2014-10-28,32.99,34.48,32.39,34.45,30707.76,102265.6
300248.SZ,2014-10-29,35.0,35.38,34.47,34.65,28530.13,100109.52
300248.SZ,2014-10-30,34.7,35.78,33.88,34.3,20546.96,71444.71
300248.SZ,2014-10-31,34.3,35.2,33.65,35.1,19533.76,67028.29
300248.SZ,2014-11-03,35.07,35.26,34.0,34.6,13656.6,47354.1
300248.SZ,2014-11-04,34.6,34.6,32.01,32.8,30999.1,102252.69
300248.SZ,2014-11-05,33.4,33.5,32.18,33.1,18035.73,59355.67
300248.SZ,2014-11-06,33.1,33.97,32.7,33.9,13704.89,45765.72
300248.SZ,2014-11-07,34.09,35.0,33.4,33.94,26151.77,89633.56
300248.SZ,2014-11-10,33.65,34.7,33.45,34.3,25482.01,87037.06
300248.SZ,2014-11-11,34.59,34.68,31.85,32.88,27604.33,91012.28
300248.SZ,2014-11-12,32.59,33.5,32.3,33.18,14574.95,48107.34
300248.SZ,2014-11-13,33.2,33.2,30.59,30.82,35433.47,110594.82
300248.SZ,2014-11-14,31.45,32.0,30.8,31.74,26609.69,84076.29
300248.SZ,2015-02-16,34.91,34.91,34.91,34.91,386.73,1350.07
300248.SZ,2015-02-17,38.4,38.4,38.4,38.4,272.07,1044.75
300248.SZ,2015-02-25,42.24,42.24,39.02,42.24,66655.67,277016.53
300248.SZ,2015-02-26,41.15,42.58,40.13,41.63,66164.72,274276.52
300248.SZ,2015-02-27,41.0,45.79,40.7,45.79,59388.79,260778.02
300248.SZ,2015-03-02,44.5,49.0,43.42,47.5,55390.53,256581.18
300248.SZ,2015-03-03,46.59,48.2,45.01,46.0,27489.03,128071.69
300248.SZ,2015-03-04,46.45,49.2,45.99,48.8,39178.51,188468.21
300248.SZ,2015-03-05,47.9,48.72,47.3,47.68,23199.25,110905.72
300248.SZ,2015-03-06,47.21,47.99,43.0,44.88,33449.27,150825.49
300248.SZ,2015-03-09,44.78,46.0,42.72,45.35,29876.77,133850.97
300248.SZ,2015-03-10,45.3,49.89,44.65,49.89,43386.99,207439.61
300248.SZ,2015-03-11,51.58,52.0,48.0,49.79,39000.44,195181.87
300248.SZ,2015-03-12,49.12,51.97,47.5,48.98,23367.15,115108.67
300248.SZ,2015-03-13,48.89,50.89,47.0,50.2,29050.17,144538.12
300248.SZ,2015-03-16,50.58,55.22,50.58,55.22,17927.76,98110.88
300248.SZ,2015-03-17,60.08,60.74,60.0,60.74,9744.13,59023.82
300248.SZ,2015-03-18,66.81,66.81,66.81,66.81,8190.04,54717.66
300248.SZ,2015-03-19,69.88,73.49,66.98,70.0,83718.72,592092.2
300248.SZ,2015-03-20,70.49,77.0,68.18,77.0,63424.6,479120.07
300248.SZ,2015-03-23,80.8,84.7,78.0,84.7,29866.41,245384.02
300248.SZ,2015-03-24,93.17,93.17,91.97,93.17,43344.2,403486.16
300248.SZ,2015-03-25,51.19,51.19,50.1,51.19,56762.54,290357.23
300248.SZ,2015-03-26,55.0,56.31,49.36,49.6,358325.63,1935500.18
300248.SZ,2015-03-27,46.85,48.0,44.64,45.72,191558.18,869165.77
300248.SZ,2015-03-30,44.01,45.2,41.15,41.16,214404.57,905379.23
300248.SZ,2015-03-31,40.3,45.28,40.3,45.27,240797.64,1057193.33
300248.SZ,2015-04-01,43.97,45.48,43.02,44.88,149670.11,666282.14
300248.SZ,2015-04-02,45.35,46.08,43.0,43.82,154580.45,681477.26
300248.SZ,2015-04-03,43.26,43.86,42.03,43.34,125377.81,538584.4
300248.SZ,2015-04-07,43.01,47.67,42.92,47.67,199890.32,928439.12
300248.SZ,2015-04-08,48.9,51.98,47.9,50.29,227695.9,1134271.52
300248.SZ,2015-04-09,48.5,49.5,45.26,48.61,182839.83,854478.77
300248.SZ,2015-04-10,47.0,50.0,46.8,48.04,138071.06,670814.65
300248.SZ,2015-04-13,47.3,47.3,45.95,46.7,105978.17,493837.35
300248.SZ,2015-04-14,46.27,46.27,43.7,44.5,100548.31,449463.02
300248.SZ,2015-04-15,43.8,44.38,40.05,40.05,82873.2,345735.29
300248.SZ,2015-04-16,39.18,41.2,36.2,39.4,83834.1,327153.14
300248.SZ,2015-04-17,39.79,40.4,38.4,38.61,66624.78,259752.19
300248.SZ,2015-04-20,38.88,39.2,36.45,36.69,75455.2,283266.71
300248.SZ,2015-04-21,37.05,39.6,37.05,39.55,88221.71,341280.83
300248.SZ,2015-04-22,39.95,43.51,39.9,43.51,116353.77,491465.97
300248.SZ,2015-04-23,45.9,47.86,44.7,47.86,182295.3,855471.18
300248.SZ,2015-04-24,49.5,52.65,48.63,52.65,164186.66,846091.85
300248.SZ,2015-04-27,55.29,56.87,49.9,50.51,155275.15,818354.71
300248.SZ,2015-04-28,50.0,51.01,46.0,49.1,129368.55,626892.69
300248.SZ,2015-05-11,54.01,54.01,54.01,54.01,2179.96,11773.96
300248.SZ,2015-05-12,59.41,59.41,59.41,59.41,2650.63,15747.39
300248.SZ,2015-05-13,65.35,65.35,59.41,65.35,65282.76,421202.41
300248.SZ,2015-05-14,67.66,71.89,66.0,66.11,166597.69,1156785.24
300248.SZ,2015-05-15,60.91,68.5,59.99,66.0,104768.33,676778.73
300248.SZ,2015-05-18,66.66,72.6,64.68,72.6,111360.93,768189.73
300248.SZ,2015-05-19,73.5,74.47,68.1,69.99,77344.3,544267.19
300248.SZ,2015-05-20,69.29,71.96,67.68,67.9,82242.55,571264.32
300248.SZ,2015-05-21,65.4,70.18,62.2,67.18,115781.11,772805.43
300248.SZ,2015-05-22,65.98,67.1,61.99,63.66,104631.45,668584.41
300248.SZ,2015-05-25,60.13,63.59,58.8,61.23,75113.83,460138.11
300248.SZ,2015-05-26,61.55,66.61,61.55,65.75,70928.68,457075.52
300248.SZ,2015-05-27,65.76,66.5,62.0,63.15,51805.25,331265.28
300248.SZ,2015-05-28,62.6,64.75,60.77,60.91,53894.46,336426.11
300248.SZ,2015-05-29,60.65,64.66,56.0,62.7,59032.56,365286.37
300248.SZ,2015-06-01,63.0,67.58,63.0,66.37,59604.81,393810.1
300248.SZ,2015-06-02,66.37,73.01,65.0,73.01,67386.31,457912.1
300248.SZ,2015-06-03,76.3,80.31,69.0,77.3,75073.41,577506.33
300248.SZ,2015-06-04,75.01,77.35,69.57,70.9,55851.81,407186.87
300248.SZ,2015-06-05,71.22,72.95,63.81,63.82,108771.81,722770.62
300248.SZ,2015-06-08,61.99,62.0,57.44,57.57,114776.17,668789.59
300248.SZ,2015-06-09,56.8,59.3,56.1,59.03,84029.2,487758.9
300248.SZ,2015-06-10,58.74,63.66,57.4,61.64,79379.26,482297.38
300248.SZ,2015-06-11,60.5,62.48,59.0,59.45,68542.47,413176.62
300248.SZ,2015-06-12,59.2,60.09,57.0,58.05,67063.02,391508.63
300248.SZ,2015-06-15,58.99,58.99,52.25,52.25,93159.78,502599.66
300248.SZ,2015-06-16,50.25,50.5,47.03,47.03,99635.96,484769.88
300248.SZ,2015-06-17,47.5,51.73,47.39,51.73,112187.55,553334.6
300248.SZ,2015-06-18,51.8,53.99,47.0,47.44,112793.02,578685.66
300248.SZ,2015-06-19,45.88,50.83,43.8,46.93,106920.22,518668.48
300248.SZ,2015-06-23,47.88,51.62,47.85,51.62,105171.06,525509.07
300248.SZ,2015-06-24,54.18,54.18,48.58,50.41,126164.63,645383.74
300248.SZ,2015-06-25,50.1,50.68,45.37,45.37,94499.01,451681.0
300248.SZ,2015-06-26,42.9,43.28,40.83,40.83,77048.05,318453.14
300248.SZ,2015-06-29,40.88,40.94,36.75,36.75,65792.21,249340.43
300248.SZ,2015-06-30,33.08,40.43,33.08,40.16,117137.65,431913.83
300248.SZ,2015-07-01,38.96,42.33,36.14,36.15,109674.47,436762.99
300248.SZ,2015-07-02,35.0,36.8,32.54,32.54,83646.86,280458.14
300248.SZ,2015-07-03,29.55,34.14,29.29,29.29,116933.9,355803.11
300248.SZ,2015-07-06,32.22,32.22,26.36,26.36,131288.2,376266.39
300248.SZ,2015-07-24,29.0,29.0,29.0,29.0,1658.21,4808.81
300248.SZ,2015-07-27,31.9,31.9,31.9,31.9,41488.48,132348.25
300248.SZ,2015-07-28,30.8,35.09,30.01,35.09,411555.75,1355304.1
300248.SZ,2015-07-29,36.0,38.39,33.0,38.2,371851.53,1351925.89
300248.SZ,2015-07-30,36.6,37.3,34.38,34.38,251297.32,903872.45
300248.SZ,2015-07-31,31.9,32.98,30.94,30.94,146272.56,464061.49
300248.SZ,2015-08-03,28.8,28.86,27.85,27.9,132367.42,370095.78
300248.SZ,2015-08-04,27.9,30.4,26.68,30.0,140900.28,405243.87
300248.SZ,2015-08-05,29.08,29.89,27.05,27.41,156005.33,444786.85
300248.SZ,2015-08-06,26.01,27.17,25.5,26.42,90148.53,238480.62
300248.SZ,2015-08-07,27.18,29.06,27.16,29.06,123539.09,353318.21
300248.SZ,2015-08-10,30.0,31.86,29.4,31.0,174404.98,533564.85
300248.SZ,2015-08-11,31.0,32.3,30.55,31.11,179322.46,564680.4
300248.SZ,2015-08-12,30.48,31.18,29.83,29.88,101282.3,309135.25
300248.SZ,2015-08-13,29.86,31.62,29.6,31.62,120227.19,370545.33
300248.SZ,2015-08-14,32.55,33.2,31.7,31.9,167273.01,541275.5
300248.SZ,2015-08-17,31.48,31.75,30.05,30.83,101715.63,312653.79
300248.SZ,2015-08-18,30.83,32.0,27.75,27.75,109212.31,328359.9
300248.SZ,2015-08-19,26.58,28.88,25.0,28.11,125143.26,331024.65
300248.SZ,2015-08-20,27.5,29.49,26.6,27.4,113557.47,318484.96
300248.SZ,2015-08-21,26.6,27.38,24.66,24.66,91949.38,239224.29
300248.SZ,2015-08-24,23.0,23.0,22.19,22.19,48230.27,107749.06
300248.SZ,2015-08-25,19.97,20.5,19.97,19.97,51540.21,103089.64
300248.SZ,2015-08-26,18.95,20.47,17.97,17.97,117069.57,221652.96
300248.SZ,2015-08-27,18.5,18.97,16.41,18.36,112080.64,203001.91
300248.SZ,2015-08-28,18.6,20.2,18.06,20.2,178570.18,338772.75
300248.SZ,2015-08-31,20.0,20.0,18.18,18.18,129194.51,244221.35
300248.SZ,2015-09-01,17.6,17.6,16.36,16.36,83843.4,139879.3
300248.SZ,2015-09-02,14.99,17.8,14.72,15.17,142572.78,226311.34
300248.SZ,2015-09-07,15.51,16.69,15.51,16.16,153632.17,249334.01
300248.SZ,2015-09-08,15.83,17.78,15.51,17.78,154970.51,255107.99
300248.SZ,2015-09-09,18.45,19.56,18.18,19.56,196470.39,377421.73
300248.SZ,2015-09-10,19.4,20.3,19.1,19.21,214795.71,425655.93
300248.SZ,2015-09-11,19.11,20.3,19.1,20.05,161705.91,319949.62
300248.SZ,2015-09-14,19.98,20.0,18.05,18.05,109304.11,206255.08
300248.SZ,2015-09-15,16.68,17.25,16.25,16.25,112695.06,186886.64
300248.SZ,2015-09-16,16.54,17.88,16.25,17.88,169053.8,290382.62
300248.SZ,2015-09-17,18.65,19.67,17.88,18.22,228743.55,430266.88
300248.SZ,2015-09-18,18.55,19.72,17.9,19.59,182624.8,342511.62
300248.SZ,2015-09-21,19.03,21.5,18.81,21.35,208117.01,425066.36
300248.SZ,2015-09-22,21.5,22.0,20.2,21.02,218391.4,458614.18
300248.SZ,2015-09-23,20.25,22.0,20.01,21.08,187963.98,394569.94
300248.SZ,2015-09-24,21.08,21.9,20.7,21.5,167162.57,357303.49
300248.SZ,2015-09-25,21.15,21.34,19.35,19.35,157945.53,316194.53
300248.SZ,2015-09-28,19.35,21.29,19.03,21.29,146848.41,297651.64
300248.SZ,2015-09-29,20.8,21.22,19.68,20.38,142104.29,292433.34
300248.SZ,2015-09-30,20.59,20.95,19.72,20.18,91531.97,185371.53
300248.SZ,2015-10-08,21.1,22.2,20.8,22.2,166632.02,362926.38
300248.SZ,2015-10-09,22.01,22.5,21.48,22.34,183297.91,401742.32
300248.SZ,2015-10-12,22.25,24.46,22.1,23.86,194927.84,455878.64
300248.SZ,2015-10-13,23.35,24.58,23.07,24.47,175929.98,419538.58
300248.SZ,2015-10-14,24.01,24.36,23.3,23.47,163465.86,387100.19
300248.SZ,2015-10-15,23.14,25.56,23.14,24.92,175884.14,428996.14
300248.SZ,2015-10-16,25.01,26.73,24.81,26.12,228000.96,585258.92
300248.SZ,2015-10-19,26.3,26.4,24.5,25.0,179149.6,451386.16
300248.SZ,2015-10-20,25.09,27.18,25.03,27.11,235189.12,615525.35
300248.SZ,2015-10-21,26.88,27.12,24.4,24.4,241999.63,625868.47
300248.SZ,2015-10-22,24.01,26.29,24.01,25.82,185676.64,466217.94
300248.SZ,2015-10-23,26.0,28.4,25.68,28.4,322151.46,898382.15
300248.SZ,2015-10-26,29.0,30.36,27.9,28.55,302430.35,882499.87
300248.SZ,2015-10-27,28.0,29.5,26.21,29.05,172715.95,482803.78
300248.SZ,2015-10-28,28.3,29.19,26.72,26.86,136482.5,381095.58
300248.SZ,2015-10-29,27.49,27.97,26.37,27.16,106597.15,289666.43
300248.SZ,2015-10-30,27.17,27.99,26.0,27.08,115813.23,313120.5
300248.SZ,2015-11-02,25.9,27.1,25.53,25.75,126790.75,332661.15
300248.SZ,2015-11-03,25.99,26.4,25.18,25.46,84640.22,218243.53
300248.SZ,2015-11-04,25.81,28.01,25.71,28.01,164233.86,445650.75
300248.SZ,2015-11-05,28.02,28.62,27.03,27.31,157148.27,436956.24
300248.SZ,2015-11-06,27.4,29.1,27.4,28.52,159948.2,454917.44
300248.SZ,2015-11-09,28.0,30.49,27.1,29.96,195066.41,564691.88
300248.SZ,2015-11-10,29.55,31.58,29.2,30.18,168722.97,513298.38
300248.SZ,2015-11-11,30.25,30.97,29.68,30.78,132642.6,401206.55
300248.SZ,2015-11-12,30.91,31.59,29.32,29.65,166079.16,500238.56
300248.SZ,2015-11-13,29.02,30.73,28.56,29.69,153425.13,457847.72
300248.SZ,2015-11-16,28.96,32.66,28.7,32.66,203837.94,644771.92
300248.SZ,2015-11-17,33.9,34.23,31.0,31.36,283610.22,929749.33
300248.SZ,2015-11-18,31.11,32.36,30.59,31.47,139305.63,438770.59
300248.SZ,2015-11-19,31.0,32.39,30.3,32.23,149781.87,468180.19
300248.SZ,2015-11-20,32.0,33.27,31.26,32.69,145172.22,466813.02
300248.SZ,2015-11-23,32.7,33.56,31.1,31.25,145074.66,470620.17
300248.SZ,2015-11-24,31.3,32.2,30.2,32.1,94941.72,297548.17
300248.SZ,2015-11-25,32.12,34.1,32.12,33.23,162064.75,536172.56
300248.SZ,2015-11-26,33.75,36.55,33.58,36.55,305127.03,1087436.23
300248.SZ,2015-11-27,35.6,37.78,35.0,36.2,306907.86,1113668.75
300248.SZ,2015-11-30,37.19,39.82,36.62,39.82,324734.34,1260856.37
300248.SZ,2015-12-01,41.0,41.3,35.84,35.84,225542.15,874525.61
300248.SZ,2015-12-02,35.55,36.5,32.27,33.69,178124.68,607821.68
300248.SZ,2015-12-03,33.8,37.06,33.6,37.06,147208.42,518108.24
300248.SZ,2015-12-04,36.39,37.75,34.9,35.89,137106.08,499220.59
300248.SZ,2015-12-07,36.01,37.1,34.25,36.72,145924.82,524096.67
300248.SZ,2015-12-08,37.0,39.68,36.73,38.2,195010.65,746048.16
300248.SZ,2015-12-09,37.1,38.99,36.3,38.0,145346.18,546395.29
300248.SZ,2015-12-10,37.4,41.8,37.05,41.7,272200.59,1107654.62
300248.SZ,2015-12-11,41.2,44.1,40.42,41.15,248720.03,1047936.98
300248.SZ,2015-12-14,40.3,41.0,37.88,40.3,127002.91,502027.61
300248.SZ,2015-12-15,40.48,42.5,40.25,40.95,97940.41,404474.59
300248.SZ,2015-12-16,40.9,43.95,39.61,42.9,135569.71,562598.07
300248.SZ,2015-12-17,43.35,45.66,42.46,43.48,157352.76,690654.7
300248.SZ,2015-12-18,43.1,44.15,41.8,42.4,112049.18,477390.85
300248.SZ,2015-12-21,41.88,43.18,41.06,42.66,89398.48,376152.52
300248.SZ,2015-12-22,43.0,45.5,42.2,44.37,122945.36,542606.83
300248.SZ,2015-12-23,44.2,44.35,42.58,42.75,86181.08,374549.9
300248.SZ,2015-12-24,42.01,42.4,40.01,41.9,83110.64,343012.11
300248.SZ,2015-12-25,41.9,42.3,40.19,40.35,84827.67,347961.42
300248.SZ,2015-12-28,40.7,41.98,37.86,37.89,129048.79,513202.3
300248.SZ,2015-12-29,38.54,38.89,35.95,38.47,102410.35,379534.8
300248.SZ,2015-12-30,38.2,39.48,37.5,39.13,95698.04,371571.95
300248.SZ,2015-12-31,38.95,39.4,37.01,37.15,72836.72,277123.04
300248.SZ,2016-01-04,36.81,36.81,33.44,33.44,67193.36,232175.74
300248.SZ,2016-01-05,30.14,32.41,30.1,30.1,143150.35,441061.28
300248.SZ,2016-01-06,30.76,32.77,29.51,32.25,121614.16,377631.77
300248.SZ,2016-01-07,30.51,31.24,29.03,29.03,29171.79,87711.89
300248.SZ,2016-01-08,29.6,30.33,26.26,28.05,122182.8,350034.79
300248.SZ,2016-01-11,27.0,28.56,25.25,25.25,132400.94,350370.49
300248.SZ,2016-01-12,25.0,27.02,24.5,26.18,125898.0,325689.61
300248.SZ,2016-01-13,26.57,27.0,23.8,23.9,120850.39,309757.33
300248.SZ,2016-01-14,22.69,26.0,22.65,25.3,143860.4,354180.96
300248.SZ,2016-01-15,25.08,25.35,23.23,23.45,128139.13,312689.81
300248.SZ,2016-01-18,23.48,25.8,23.48,25.79,158987.21,398339.46
300248.SZ,2016-01-19,25.2,26.98,24.82,26.52,195455.72,506545.09
300248.SZ,2016-01-20,26.05,27.49,25.8,26.96,163836.72,434934.73
300248.SZ,2016-01-21,27.7,29.66,27.31,27.45,287856.73,826479.18
300248.SZ,2016-01-22,28.2,28.6,25.0,27.09,201304.12,540846.21
300248.SZ,2016-01-25,27.14,27.43,26.12,26.68,129572.77,347812.91
300248.SZ,2016-01-26,26.16,26.42,24.01,24.01,121752.98,304124.23
300248.SZ,2016-01-27,23.8,24.58,21.71,24.05,121590.23,281450.61
300248.SZ,2016-01-28,23.4,24.25,22.42,22.75,98931.98,233242.28
300248.SZ,2016-01-29,23.04,25.03,22.82,24.8,131327.08,320022.22
300248.SZ,2016-02-01,24.15,24.89,23.56,24.66,112808.44,275143.96
300248.SZ,2016-02-02,24.99,27.13,24.9,27.13,186403.66,495433.06
300248.SZ,2016-02-03,26.48,27.53,26.01,27.03,150332.83,400315.98
300248.SZ,2016-02-04,26.98,27.58,26.62,27.22,151543.97,412242.16
300248.SZ,2016-02-05,27.08,27.49,26.02,26.04,99939.71,264930.36
300248.SZ,2016-02-15,24.49,25.86,24.25,25.44,80848.96,202941.47
300248.SZ,2016-02-16,26.88,27.98,26.7,27.98,124737.6,346350.64
300248.SZ,2016-02-17,29.0,29.79,28.01,28.9,238930.19,691475.02
300248.SZ,2016-02-18,29.2,29.58,28.02,28.16,184757.5,530196.67
300248.SZ,2016-02-19,28.4,30.98,28.19,30.98,229483.71,681302.09
300248.SZ,2016-02-22,32.8,33.48,30.61,31.85,262487.78,829764.64
300248.SZ,2016-02-23,31.6,32.13,30.68,32.13,170300.2,532543.2
300248.SZ,2016-02-24,31.51,32.38,29.9,31.35,162077.82,505532.09
300248.SZ,2016-02-25,30.98,30.98,28.22,28.22,160534.86,469269.74
300248.SZ,2016-02-26,28.61,29.1,26.68,27.96,146474.2,413475.55
300248.SZ,2016-02-29,27.88,28.52,25.5,26.66,148808.03,399242.67
300248.SZ,2016-03-01,26.07,27.8,25.41,27.2,163030.4,436321.28
300248.SZ,2016-03-02,27.1,29.17,26.0,28.8,189712.52,518331.72
300248.SZ,2016-03-03,28.3,29.96,28.1,28.18,179130.38,517349.28
300248.SZ,2016-03-04,27.7,27.8,25.36,25.36,166829.05,441396.61
300248.SZ,2016-03-07,25.6,26.85,25.1,25.56,101494.46,264568.23
300248.SZ,2016-03-08,25.0,25.87,23.09,25.47,121845.45,297454.77
300248.SZ,2016-03-09,24.81,26.25,24.08,25.05,86788.53,219300.48
300248.SZ,2016-03-10,25.08,25.6,24.52,24.61,72660.99,181899.34
300248.SZ,2016-03-11,24.0,24.47,23.61,23.9,70737.3,169774.93
300248.SZ,2016-03-14,24.25,25.88,24.2,25.32,105916.31,267771.09
300248.SZ,2016-03-15,25.22,25.57,24.6,24.75,83498.12,209765.45
300248.SZ,2016-03-16,25.48,25.58,24.0,24.2,82198.97,202547.21
300248.SZ,2016-03-17,24.3,25.96,24.29,25.81,147220.1,373241.26
300248.SZ,2016-03-18,26.04,28.39,25.8,28.39,231953.76,639452.0
300248.SZ,2016-03-21,28.85,29.46,28.06,29.42,245169.02,704075.26
300248.SZ,2016-03-22,28.7,29.08,28.41,28.53,145310.43,416318.14
300248.SZ,2016-03-23,28.4,29.53,28.4,29.42,154771.82,449664.92
300248.SZ,2016-03-24,28.81,29.5,28.3,28.38,156107.23,449220.63
300248.SZ,2016-03-25,28.68,30.0,28.32,29.68,190405.64,556925.62
300248.SZ,2016-03-28,29.58,30.49,28.52,28.74,166877.62,494563.99
300248.SZ,2016-03-29,28.61,28.86,27.0,27.55,131820.21,364939.54
300248.SZ,2016-03-30,27.96,29.5,27.68,29.46,123733.8,352532.38
300248.SZ,2016-03-31,29.58,30.37,29.1,29.7,156047.38,464573.02
300248.SZ,2016-04-01,29.0,29.2,28.0,28.8,119499.36,341345.06
300248.SZ,2016-04-05,28.99,30.31,28.15,29.68,127008.27,372678.01
300248.SZ,2016-04-06,30.21,31.35,29.61,29.84,177299.91,539222.05
300248.SZ,2016-04-07,29.56,30.13,28.58,28.96,136525.95,396759.89
300248.SZ,2016-04-08,28.94,29.4,28.08,29.1,112108.39,324789.59
300248.SZ,2016-04-11,29.78,30.89,29.35,29.83,138348.84,416626.42
300248.SZ,2016-04-12,29.95,29.95,28.75,29.24,97767.32,284261.27
300248.SZ,2016-04-13,29.54,30.85,29.33,30.05,188377.94,569277.5
300248.SZ,2016-04-14,30.42,32.08,29.8,31.88,220083.19,682152.46
300248.SZ,2016-04-15,31.5,31.65,30.81,31.15,134680.11,419978.1
300248.SZ,2016-04-18,30.6,30.61,29.45,29.92,136374.03,405787.91
300248.SZ,2016-04-19,30.12,30.34,29.55,29.96,87676.34,262241.8
300248.SZ,2016-04-20,30.1,30.26,26.96,27.0,161603.35,455847.03
300248.SZ,2016-04-21,26.92,27.38,25.81,25.88,102464.49,273384.04
300248.SZ,2016-04-22,25.5,26.66,25.5,26.58,70257.01,184912.68
300248.SZ,2016-04-25,26.49,26.49,25.3,25.93,60991.68,157492.6
300248.SZ,2016-04-26,25.76,26.4,25.76,26.4,54935.65,143546.61
300248.SZ,2016-04-27,26.55,26.73,25.9,26.04,52241.01,137708.54
300248.SZ,2016-04-28,25.99,27.0,25.35,26.64,74956.15,196355.41
300248.SZ,2016-04-29,26.3,26.7,26.1,26.16,49210.74,129430.03
300248.SZ,2016-05-03,26.28,27.8,25.78,27.71,91407.83,246712.84
300248.SZ,2016-05-04,27.43,27.79,27.1,27.21,74720.26,205032.52
300248.SZ,2016-05-05,27.0,27.45,27.0,27.4,58700.44,159934.51
300248.SZ,2016-05-06,27.31,27.58,25.1,25.18,108731.74,285575.85
300248.SZ,2016-05-09,25.1,25.1,23.7,23.88,79375.24,192151.43
300248.SZ,2016-05-10,23.95,24.7,23.92,24.17,47181.89,114458.47
300248.SZ,2016-05-11,24.4,24.5,23.8,23.86,43517.44,104945.69
300248.SZ,2016-05-12,23.0,24.0,22.96,24.0,48714.77,114475.51
300248.SZ,2016-05-13,23.87,24.3,23.41,23.5,37375.16,89211.24
300248.SZ,2016-05-16,23.4,24.1,23.3,24.09,35295.73,84008.9
300248.SZ,2016-05-17,24.21,24.96,24.0,24.49,65664.08,160492.61
300248.SZ,2016-05-18,24.1,24.12,23.0,23.42,51663.28,121618.65
300248.SZ,2016-05-19,23.51,24.72,23.51,23.9,76517.46,186022.26
300248.SZ,2016-05-20,23.24,24.48,23.21,24.39,57478.81,138269.25
300248.SZ,2016-05-23,24.7,25.09,24.3,24.61,63660.17,157186.64
300248.SZ,2016-05-24,24.41,24.56,23.8,23.98,44499.94,106877.51
300248.SZ,2016-05-25,24.43,24.77,23.91,24.1,49676.19,120751.39
300248.SZ,2016-05-26,23.96,24.37,23.28,24.27,57000.78,135527.62
300248.SZ,2016-05-27,24.14,24.22,23.86,23.95,36540.04,87783.99
300248.SZ,2016-05-30,23.6,24.2,23.33,23.79,28974.26,68890.92
300248.SZ,2016-05-31,23.9,25.77,23.9,25.66,106056.78,265463.67
300248.SZ,2016-06-01,25.75,25.95,25.34,25.46,81519.12,208319.04
300248.SZ,2016-06-02,25.28,25.74,25.12,25.68,66744.24,169589.74
300248.SZ,2016-06-03,25.65,26.3,25.37,25.8,101417.95,262665.01
300248.SZ,2016-06-06,25.8,25.88,25.33,25.61,60401.8,154823.98
300248.SZ,2016-06-07,25.61,26.19,25.5,25.76,53313.38,137738.25
300248.SZ,2016-06-08,25.6,26.15,25.4,25.9,55228.99,142549.93
300248.SZ,2016-06-13,25.5,25.6,23.39,23.45,79667.75,196755.01
300248.SZ,2016-06-14,23.45,23.88,23.45,23.63,41241.52,97502.38
300248.SZ,2016-06-15,23.35,24.77,23.28,24.3,52643.69,127780.96
300248.SZ,2016-06-16,24.17,24.5,23.83,23.92,42409.67,102243.29
300248.SZ,2016-06-17,23.95,26.31,23.95,25.82,185264.39,480317.96
300248.SZ,2016-06-20,25.1,25.7,24.81,25.44,96782.31,244381.02
300248.SZ,2016-06-21,25.83,25.97,24.61,24.86,75818.51,191445.44
300248.SZ,2016-06-22,24.87,25.88,24.62,25.76,80155.12,202974.07
300248.SZ,2016-06-23,25.62,26.66,25.55,26.59,185409.74,485611.8
300248.SZ,2016-06-24,26.4,26.47,24.01,25.7,168220.16,434886.61
300248.SZ,2016-06-27,25.52,26.9,25.42,26.71,135160.34,355147.18
300248.SZ,2016-06-28,26.33,27.4,26.18,26.84,142953.99,384207.36
300248.SZ,2016-06-29,27.04,27.7,26.56,26.89,116928.2,315247.48
300248.SZ,2016-06-30,26.72,27.26,26.66,26.91,77479.8,208615.67
300248.SZ,2016-07-01,26.91,27.15,26.3,26.34,71838.01,191646.35
300248.SZ,2016-07-04,26.01,27.67,25.87,27.32,105043.17,284903.23
300248.SZ,2016-07-05,27.21,27.3,26.8,26.99,70740.16,190921.43
300248.SZ,2016-07-06,26.9,27.1,26.4,26.98,56819.85,152164.92
300248.SZ,2016-07-07,26.94,27.78,26.47,27.6,131733.73,358657.3
300248.SZ,2016-07-08,27.6,27.77,27.01,27.28,101062.86,276280.23
300248.SZ,2016-07-11,27.5,27.69,26.46,26.46,130637.26,353187.83
300248.SZ,2016-07-12,26.33,26.89,26.05,26.85,84494.76,224413.81
300248.SZ,2016-07-13,27.02,27.31,26.7,27.03,98516.8,265658.82
300248.SZ,2016-07-14,27.19,27.19,26.63,26.9,65947.05,177060.89
300248.SZ,2016-07-15,26.96,27.04,26.51,26.57,53174.41,142068.1
300248.SZ,2016-07-18,26.42,27.0,26.4,26.61,43692.51,116590.4
300248.SZ,2016-07-19,26.56,27.17,26.29,27.17,67888.67,181433.1
300248.SZ,2016-07-20,27.39,27.39,26.79,26.79,58830.43,159182.35
300248.SZ,2016-07-21,26.85,27.39,26.5,26.94,72427.34,196293.41
300248.SZ,2016-07-22,26.95,27.4,26.8,27.07,75853.98,205871.26
300248.SZ,2016-07-25,27.16,27.79,26.9,27.71,107571.56,295205.27
300248.SZ,2016-07-26,27.71,27.71,27.33,27.65,74930.91,206485.42
300248.SZ,2016-07-27,27.66,27.85,24.89,25.35,124652.44,330555.22
300248.SZ,2016-07-28,25.32,25.4,24.02,24.6,98674.45,243303.21
300248.SZ,2016-07-29,24.65,24.72,23.81,23.95,68784.48,165836.93
300248.SZ,2016-08-01,23.9,23.96,23.03,23.63,58476.01,136969.28
300248.SZ,2016-08-02,23.69,23.85,23.55,23.78,37218.12,88167.93
300248.SZ,2016-08-03,23.6,24.35,23.43,23.75,45487.58,108263.3
300248.SZ,2016-08-04,23.75,24.07,23.65,23.89,39888.4,95354.51
300248.SZ,2016-08-05,23.86,24.07,23.6,23.64,36849.31,87637.44
300248.SZ,2016-08-08,23.6,23.9,23.15,23.88,33712.42,79389.04
300248.SZ,2016-08-09,23.82,24.27,23.73,24.22,43129.34,103473.24
300248.SZ,2016-08-10,24.27,24.32,23.87,23.89,37550.0,90391.49
300248.SZ,2016-08-11,23.88,23.9,23.3,23.3,44781.61,105340.51
300248.SZ,2016-08-12,23.19,23.6,23.19,23.57,33725.76,78973.21
300248.SZ,2016-08-15,23.73,24.62,23.6,24.41,74700.09,181162.18
300248.SZ,2016-08-16,24.44,24.58,24.28,24.38,47459.95,115871.38
300248.SZ,2016-08-17,24.44,24.88,24.32,24.56,58532.48,144253.28
300248.SZ,2016-08-18,24.5,24.79,24.36,24.74,57429.97,141427.06
300248.SZ,2016-08-19,24.74,24.94,24.42,24.78,53626.83,132518.15
300248.SZ,2016-08-22,24.66,24.67,23.75,23.75,64844.06,156524.43
300248.SZ,2016-08-23,23.82,24.08,23.69,23.88,32507.11,77575.95
300248.SZ,2016-08-24,23.88,24.19,23.85,23.98,29341.96,70567.49
300248.SZ,2016-08-25,23.85,23.85,23.22,23.81,31293.58,73835.77
300248.SZ,2016-08-26,23.82,24.26,23.82,24.0,31155.83,75037.53
300248.SZ,2016-08-29,24.0,24.29,23.82,24.03,30513.96,73469.69
300248.SZ,2016-08-30,24.04,24.2,23.88,24.0,24463.87,58781.35
300248.SZ,2016-08-31,24.0,24.25,23.8,24.16,27067.47,65039.14
300248.SZ,2016-09-01,24.35,24.35,23.85,23.85,29543.98,71108.58
300248.SZ,2016-09-02,23.77,23.85,23.55,23.63,26717.91,63270.59
300248.SZ,2016-09-05,23.65,23.96,23.57,23.6,18363.79,43585.17
300248.SZ,2016-09-06,23.53,24.19,23.3,24.1,44883.37,106962.9
300248.SZ,2016-09-07,24.11,24.14,23.81,23.85,27816.65,66703.14
300248.SZ,2016-09-08,23.8,24.55,23.8,24.28,54317.89,131722.36
300248.SZ,2016-09-09,24.22,24.39,23.91,23.93,29275.46,70695.16
300248.SZ,2016-09-12,23.58,23.73,23.17,23.17,41550.3,97231.96
300248.SZ,2016-09-13,23.22,23.44,23.1,23.19,23046.8,53552.48
300248.SZ,2016-09-14,23.18,23.4,22.92,23.0,21734.41,50146.68
300248.SZ,2016-09-19,23.12,23.5,23.1,23.31,17917.28,41741.38
300248.SZ,2016-09-20,23.38,23.38,23.03,23.09,18910.48,43700.59
300248.SZ,2016-09-21,23.17,23.29,23.04,23.2,14031.55,32509.4
300248.SZ,2016-09-22,23.31,23.45,23.18,23.19,17818.0,41556.69
300248.SZ,2016-09-23,23.25,23.33,23.06,23.06,14878.87,34426.8
300248.SZ,2016-09-26,23.01,23.2,22.8,22.82,21687.06,49934.83
300248.SZ,2016-09-27,22.81,23.25,22.8,23.22,27069.95,62490.09
300248.SZ,2016-09-28,23.3,23.3,22.92,22.93,18620.19,42867.43
300248.SZ,2016-09-29,22.93,23.14,22.92,22.96,13486.29,31044.22
300248.SZ,2016-09-30,22.9,23.08,22.9,23.02,12784.79,29421.44
300248.SZ,2016-10-10,23.13,23.83,23.13,23.72,40944.75,96468.99
300248.SZ,2016-10-11,23.65,23.79,23.58,23.68,26056.66,61669.87
300248.SZ,2016-10-12,23.69,23.81,23.5,23.69,19915.61,47137.32
300248.SZ,2016-10-13,23.72,23.9,23.51,23.78,27648.23,65536.8
300248.SZ,2016-10-14,23.8,23.8,23.4,23.58,21863.87,51467.43
300248.SZ,2016-10-17,23.58,23.77,23.2,23.24,21728.71,51065.38
300248.SZ,2016-10-18,23.25,23.69,23.2,23.68,24286.82,57104.51
300248.SZ,2016-10-19,23.73,23.78,23.4,23.5,20359.94,47900.13
300248.SZ,2016-10-20,23.59,23.79,23.37,23.72,32000.3,75581.86
300248.SZ,2016-10-21,23.79,23.79,23.41,23.73,29376.89,69459.29
300248.SZ,2016-10-24,23.77,24.09,23.64,23.95,34498.36,82403.11
300248.SZ,2016-10-25,24.0,24.07,23.7,23.83,26731.9,63575.62
300248.SZ,2016-10-26,23.8,23.84,23.46,23.56,28455.38,67119.28
300248.SZ,2016-10-27,23.48,23.73,23.48,23.7,21588.1,51026.13
300248.SZ,2016-10-28,23.63,23.83,23.26,23.27,29929.74,70415.68
300248.SZ,2016-10-31,23.16,23.27,22.98,23.11,26224.53,60500.97
300248.SZ,2016-11-01,23.18,23.54,23.1,23.51,29851.57,69654.75
300248.SZ,2016-11-02,23.41,23.5,23.15,23.22,20169.74,46971.37
300248.SZ,2016-11-03,23.19,23.59,23.11,23.4,31501.93,73823.55
300248.SZ,2016-11-04,23.3,23.63,23.3,23.44,24991.44,58626.97
300248.SZ,2016-11-07,23.46,23.68,23.39,23.68,25795.79,60803.9
300248.SZ,2016-11-08,23.7,23.89,23.6,23.66,29232.03,69401.41
300248.SZ,2016-11-09,23.64,23.92,23.21,23.85,57559.18,136143.85
300248.SZ,2016-11-10,23.9,24.15,23.72,24.03,57111.55,137014.43
300248.SZ,2016-11-11,24.07,24.07,23.71,23.89,37144.74,88474.36
300248.SZ,2016-11-24,25.15,26.28,24.6,25.13,246566.81,630095.68
300248.SZ,2016-11-25,24.95,26.25,24.73,25.72,195171.38,500322.52
300248.SZ,2016-11-28,25.07,25.4,24.37,24.64,116712.48,289803.46
300248.SZ,2016-11-29,24.44,24.84,24.31,24.33,58015.96,142513.45
300248.SZ,2016-11-30,24.5,26.48,24.36,26.08,156353.54,400107.98
300248.SZ,2016-12-01,25.8,26.68,25.35,26.14,140185.47,364755.87
300248.SZ,2016-12-02,25.9,25.95,25.18,25.25,78609.23,200297.78
300248.SZ,2016-12-05,25.02,25.75,24.61,25.37,57579.18,145745.9
300248.SZ,2016-12-06,25.6,25.68,24.71,24.75,55206.19,138583.01
300248.SZ,2016-12-07,24.6,26.12,24.6,25.76,103572.13,264988.76
300248.SZ,2016-12-08,25.72,25.76,25.25,25.37,53534.31,135985.32
300248.SZ,2016-12-09,25.35,25.78,25.0,25.28,52839.57,133596.98
300248.SZ,2016-12-12,25.16,26.05,25.0,25.3,120508.75,306978.18
300248.SZ,2016-12-13,25.35,26.54,25.0,26.36,184283.56,478362.03
300248.SZ,2016-12-14,25.97,26.09,24.97,25.64,172743.59,440809.4
300248.SZ,2016-12-15,25.4,26.94,25.21,26.42,192720.05,506413.77
300248.SZ,2016-12-16,26.2,26.71,25.84,26.27,122033.56,320488.2
300248.SZ,2016-12-19,26.28,26.58,25.8,26.51,115913.19,303846.92
300248.SZ,2016-12-20,26.5,26.84,26.06,26.3,70537.84,186232.64
300248.SZ,2016-12-21,26.1,26.93,26.09,26.62,101410.62,268747.67
300248.SZ,2016-12-22,25.88,26.45,25.78,25.93,119490.13,311661.67
300248.SZ,2016-12-23,25.98,25.99,25.2,25.62,72798.06,185635.22
300248.SZ,2016-12-26,25.58,26.96,25.21,26.67,101241.77,266935.64
300248.SZ,2016-12-27,26.51,27.33,26.41,26.96,100920.4,271841.76
300248.SZ,2016-12-28,26.7,27.78,26.7,27.44,110349.4,303243.43
300248.SZ,2016-12-29,27.43,28.23,27.23,28.15,96782.76,269071.55
300248.SZ,2016-12-30,28.03,29.11,27.83,28.51,97764.37,279142.37
300248.SZ,2017-01-03,28.8,28.83,27.95,28.56,72711.66,205977.26
300248.SZ,2017-01-04,28.57,28.87,27.9,28.76,86210.82,244705.05
300248.SZ,2017-01-05,28.8,29.9,28.65,29.6,81830.72,241601.41
300248.SZ,2017-01-06,29.55,29.97,29.23,29.69,79006.45,234041.29
300248.SZ,2017-01-09,29.44,29.9,29.01,29.13,85077.91,250445.74
300248.SZ,2017-01-10,29.29,29.5,28.51,29.4,56755.27,164406.58
300248.SZ,2017-01-11,29.25,29.68,29.0,29.35,46689.31,137077.25
300248.SZ,2017-01-12,29.45,29.75,29.0,29.0,74505.88,218563.94
300248.SZ,2017-01-13,29.31,29.95,26.4,27.35,132592.75,380757.28
300248.SZ,2017-01-16,27.33,27.33,24.62,24.62,71174.0,179344.1
300248.SZ,2017-01-17,22.65,23.5,22.16,22.8,309788.18,693893.47
300248.SZ,2017-01-18,22.18,22.18,20.64,20.75,205128.21,436701.14
300248.SZ,2017-01-19,20.88,20.95,20.2,20.59,110351.57,227059.62
300248.SZ,2017-01-20,20.4,21.23,20.3,20.88,126330.95,262760.6
300248.SZ,2017-01-23,20.85,21.2,20.75,20.84,81963.81,171708.3
300248.SZ,2017-01-24,20.93,21.15,20.63,20.93,59183.93,123433.8
300248.SZ,2017-01-25,20.8,21.13,20.68,21.03,64281.02,134671.37
300248.SZ,2017-01-26,20.99,21.25,20.91,21.07,44279.48,93075.05
300248.SZ,2017-02-03,21.07,21.17,20.43,20.61,49011.36,101298.59
300248.SZ,2017-02-06,20.62,20.94,20.38,20.91,53770.29,111278.92
300248.SZ,2017-02-07,20.89,20.89,20.61,20.72,35148.18,72851.56
300248.SZ,2017-02-08,20.72,21.16,20.58,21.1,64376.94,134850.86
300248.SZ,2017-02-09,21.0,21.68,20.95,21.54,76018.35,161558.0
300248.SZ,2017-02-10,21.57,21.75,21.23,21.46,76871.4,164894.11
300248.SZ,2017-02-13,21.4,22.1,21.3,21.78,60934.38,132000.27
300248.SZ,2017-02-14,21.82,21.87,21.42,21.54,39133.41,84448.0
300248.SZ,2017-02-15,21.56,21.76,21.18,21.35,51758.22,110964.92
300248.SZ,2017-02-16,21.26,21.6,21.05,21.4,33285.82,70944.73
300248.SZ,2017-02-17,21.45,21.45,21.0,21.22,33600.89,71076.89
300248.SZ,2017-02-20,21.15,21.27,20.88,21.25,26911.95,56849.89
300248.SZ,2017-02-21,21.25,21.68,21.16,21.57,46844.5,100677.29
300248.SZ,2017-02-22,21.6,21.74,21.41,21.6,46152.24,99556.01
300248.SZ,2017-02-23,21.6,21.98,21.46,21.72,52946.88,114915.85
300248.SZ,2017-02-24,21.5,21.93,21.5,21.93,43535.63,94899.95
300248.SZ,2017-02-27,21.99,22.05,21.67,21.75,39781.54,86860.42
300248.SZ,2017-02-28,21.84,22.05,21.71,22.0,28068.36,61326.22
300248.SZ,2017-03-01,22.1,22.47,21.75,21.84,56573.08,124466.12
300248.SZ,2017-03-02,21.93,22.0,21.6,21.61,24232.44,52597.59
300248.SZ,2017-03-03,21.5,21.75,21.39,21.64,20112.76,43366.52
300248.SZ,2017-03-06,21.73,21.95,21.61,21.83,34633.83,75467.94
300248.SZ,2017-03-07,22.44,23.8,22.44,23.07,125957.48,290114.72
300248.SZ,2017-03-08,22.82,23.05,22.68,22.73,44461.55,101327.6
300248.SZ,2017-03-09,22.87,22.87,22.33,22.38,35185.8,78945.01
300248.SZ,2017-03-10,22.39,22.74,22.26,22.39,28523.09,63952.74
300248.SZ,2017-03-13,22.33,22.35,21.9,22.3,36406.73,80597.1
300248.SZ,2017-03-14,22.2,22.37,22.11,22.22,23446.44,52218.4
300248.SZ,2017-03-15,22.17,22.17,21.82,21.84,34887.12,76595.8
300248.SZ,2017-03-16,22.0,22.19,21.89,22.19,35023.26,77220.11
300248.SZ,2017-03-17,22.18,22.47,21.94,21.98,33371.53,74070.57
300248.SZ,2017-03-20,21.86,22.09,21.83,21.99,26979.0,59215.94
300248.SZ,2017-03-21,21.88,22.06,21.85,21.98,20154.04,44242.32
300248.SZ,2017-03-22,21.92,21.92,21.21,21.37,34978.33,75369.2
300248.SZ,2017-03-23,21.33,21.58,20.99,21.1,31451.03,66792.75
300248.SZ,2017-03-24,21.14,21.3,20.9,21.25,24385.84,51326.08
300248.SZ,2017-03-27,21.21,21.21,20.96,21.02,19167.03,40339.39
300248.SZ,2017-03-28,21.07,21.37,21.02,21.19,17059.62,36075.31
300248.SZ,2017-03-29,21.32,21.32,20.8,21.1,23339.06,49076.64
300248.SZ,2017-03-30,21.06,21.06,20.23,20.89,32970.08,67755.04
300248.SZ,2017-03-31,20.64,20.91,20.54,20.8,15773.72,32730.85
300248.SZ,2017-04-05,20.91,21.05,20.79,21.03,20457.7,42827.08
300248.SZ,2017-04-06,21.03,21.98,20.8,21.46,53113.45,113268.1
300248.SZ,2017-04-07,21.46,21.59,21.03,21.08,32976.65,70051.45
300248.SZ,2017-04-10,20.9,20.9,20.18,20.9,38419.09,78543.33
300248.SZ,2017-04-11,20.47,20.75,20.35,20.7,22582.65,46377.67
300248.SZ,2017-04-12,20.57,20.64,20.41,20.54,12883.0,26427.82
300248.SZ,2017-04-13,20.54,20.63,20.36,20.4,17649.0,36180.3
300248.SZ,2017-04-14,20.3,20.37,20.1,20.18,17839.93,36030.31
300248.SZ,2017-04-17,20.15,20.15,19.37,19.53,22461.56,44248.75
300248.SZ,2017-04-18,19.41,19.62,19.0,19.0,23990.87,46177.62
300248.SZ,2017-04-19,18.95,18.98,18.3,18.43,27044.13,50151.12
300248.SZ,2017-04-20,18.31,18.52,17.8,18.01,26009.43,47304.89
300248.SZ,2017-04-21,18.0,18.1,17.0,17.07,46554.55,81327.29
300248.SZ,2017-04-24,17.08,17.1,15.5,16.29,41017.57,66750.56
300248.SZ,2017-04-25,16.45,16.58,16.2,16.32,21877.46,35938.92
300248.SZ,2017-04-26,16.32,16.48,16.16,16.42,13198.24,21637.23
300248.SZ,2017-04-27,16.41,16.73,15.93,16.65,29132.02,47653.59
300248.SZ,2017-04-28,16.52,16.79,16.52,16.71,15107.48,25208.1
300248.SZ,2017-05-02,16.7,16.85,16.65,16.82,11611.02,19473.33
300248.SZ,2017-05-03,16.76,16.97,16.75,16.78,14242.11,23988.67
300248.SZ,2017-05-04,16.78,16.9,16.53,16.67,12540.0,20973.58
300248.SZ,2017-05-05,16.59,16.67,16.13,16.16,18251.02,29965.31
300248.SZ,2017-05-08,16.01,16.53,16.01,16.25,17848.0,29180.67
300248.SZ,2017-05-09,16.3,16.95,16.21,16.87,24868.4,41528.68
300248.SZ,2017-05-10,16.8,16.99,16.5,16.53,22352.36,37467.01
300248.SZ,2017-05-11,16.54,16.54,15.29,16.01,28228.03,44752.64
300248.SZ,2017-05-12,15.9,16.03,15.59,15.62,16112.25,25341.65
300248.SZ,2017-05-15,15.47,15.9,15.38,15.57,16867.88,26277.85
300248.SZ,2017-05-16,15.49,16.18,15.3,16.11,28677.79,44923.18
300248.SZ,2017-05-17,16.0,16.37,15.88,15.92,29912.33,48186.85
300248.SZ,2017-05-18,15.68,16.1,15.52,15.74,19377.25,30702.78
300248.SZ,2017-05-19,15.75,15.89,15.54,15.8,13843.38,21782.06
300248.SZ,2017-05-22,15.75,15.77,15.25,15.26,17886.05,27621.14
300248.SZ,2017-05-23,15.11,15.29,14.22,14.25,28617.25,42369.64
300248.SZ,2017-05-24,14.06,14.33,13.7,14.14,23779.31,33368.66
300248.SZ,2017-05-25,14.14,14.28,13.8,14.24,30446.49,42852.82
300248.SZ,2017-05-26,14.2,14.34,14.09,14.22,22179.13,31611.03
300248.SZ,2017-05-31,14.46,14.78,14.23,14.32,19696.55,28427.93
300248.SZ,2017-06-01,14.12,14.33,13.97,14.02,18826.7,26557.24
300248.SZ,2017-06-02,14.0,14.35,13.82,14.3,16665.18,23482.25
300248.SZ,2017-06-05,14.25,14.64,14.25,14.52,18156.0,26290.73
300248.SZ,2017-06-06,14.51,14.95,14.38,14.66,19760.55,29059.33
300248.SZ,2017-06-07,14.7,15.39,14.62,15.16,34671.62,52006.38
300248.SZ,2017-06-08,15.09,15.27,14.82,14.82,28869.25,43312.58
300248.SZ,2017-06-09,14.83,15.01,14.76,14.97,15779.4,23498.97
300248.SZ,2017-06-12,15.02,15.02,14.56,14.61,13216.64,19484.09
300248.SZ,2017-06-13,14.58,14.99,14.58,14.94,11389.56,16914.83
300248.SZ,2017-06-14,14.97,15.24,14.74,15.14,25165.39,37909.31
300248.SZ,2017-06-15,15.14,15.82,15.1,15.57,35526.87,55118.79
300248.SZ,2017-06-16,15.58,15.67,15.3,15.57,19310.0,29870.23
300248.SZ,2017-06-19,15.6,15.79,15.52,15.73,23342.52,36588.41
300248.SZ,2017-06-20,15.79,16.2,15.76,16.04,40666.92,65105.81
300248.SZ,2017-06-21,15.94,16.08,15.68,16.08,31211.89,49643.48
300248.SZ,2017-06-22,16.0,16.05,15.75,15.85,22261.8,35397.06
300248.SZ,2017-06-23,16.14,16.14,15.56,15.73,25972.91,41016.31
300248.SZ,2017-06-26,15.73,15.9,15.5,15.87,14381.42,22609.52
300248.SZ,2017-06-27,15.75,15.95,15.62,15.74,14103.06,22265.28
300248.SZ,2017-06-28,15.7,15.7,15.51,15.51,9214.39,14385.87
300248.SZ,2017-06-29,15.51,15.76,15.45,15.75,17307.02,27078.14
300248.SZ,2017-06-30,15.7,16.18,15.66,16.17,29485.8,47125.18
300248.SZ,2017-07-03,16.08,16.41,16.01,16.31,29448.36,47771.34
300248.SZ,2017-07-04,16.31,17.94,16.12,17.94,55881.72,96180.04
300248.SZ,2017-07-05,18.59,19.73,18.3,19.73,100649.7,195498.42
300248.SZ,2017-07-06,20.3,20.62,19.5,19.89,284534.53,567948.32
300248.SZ,2017-07-07,19.51,19.68,18.67,18.73,193730.36,368133.55
300248.SZ,2017-07-10,18.88,20.18,18.8,18.9,209863.03,406434.37
300248.SZ,2017-07-11,18.11,18.21,17.01,17.34,205594.05,358481.66
300248.SZ,2017-07-12,17.4,17.69,17.0,17.52,121862.44,211945.45
300248.SZ,2017-07-13,17.54,17.58,17.0,17.31,86221.87,148491.72
300248.SZ,2017-07-14,17.38,17.39,16.6,16.6,83752.0,141841.11
300248.SZ,2017-07-17,16.4,16.42,15.0,15.05,94151.45,146923.76
300248.SZ,2017-07-18,15.1,15.7,14.63,15.43,93318.9,141106.62
300248.SZ,2017-07-19,15.3,15.42,14.83,15.32,64120.93,97221.52
300248.SZ,2017-07-20,15.33,15.78,15.1,15.16,68214.58,105635.32
300248.SZ,2017-07-21,15.11,15.46,14.92,15.1,55246.79,83963.76
300248.SZ,2017-07-24,14.85,15.08,14.3,15.02,54424.0,80182.93
300248.SZ,2017-07-25,14.92,15.46,14.71,15.25,58507.97,88087.05
300248.SZ,2017-07-26,15.08,15.26,14.81,14.82,44720.0,66993.52
300248.SZ,2017-07-27,14.82,15.78,14.71,15.67,108342.96,166814.13
300248.SZ,2017-07-28,15.5,16.38,15.33,15.91,98754.38,156808.94
300248.SZ,2017-07-31,15.75,16.99,15.65,16.43,143574.67,234327.2
300248.SZ,2017-08-01,16.2,16.78,16.05,16.2,87431.6,142803.89
300248.SZ,2017-08-02,16.02,16.56,15.6,15.7,75921.88,122644.83
300248.SZ,2017-08-03,15.66,16.3,15.56,15.87,61340.06,98068.73
300248.SZ,2017-08-04,15.8,16.16,15.4,15.41,52212.02,82136.84
300248.SZ,2017-08-07,15.36,15.75,15.3,15.45,32619.02,50600.53
300248.SZ,2017-08-08,15.4,16.32,15.4,16.32,89320.25,142736.05
300248.SZ,2017-08-09,16.19,16.3,15.92,16.07,52450.51,84524.51
300248.SZ,2017-08-10,16.0,16.24,15.5,15.91,54445.95,86479.62
300248.SZ,2017-08-11,15.69,16.15,15.57,15.7,48871.92,77642.23
300248.SZ,2017-08-14,15.71,16.47,15.71,16.39,82852.49,134591.67
300248.SZ,2017-08-15,16.37,16.57,16.08,16.39,56421.92,91906.84
300248.SZ,2017-08-16,16.33,16.96,16.2,16.81,131506.78,219185.89
300248.SZ,2017-08-17,16.76,17.37,16.57,16.81,101361.13,171439.56
300248.SZ,2017-08-18,16.58,16.84,16.4,16.43,68267.11,113217.44
300248.SZ,2017-08-21,16.65,16.96,16.5,16.6,59287.56,99149.11
300248.SZ,2017-08-22,16.63,16.7,16.13,16.37,59813.82,97865.29
300248.SZ,2017-08-23,16.35,16.83,16.24,16.57,72894.6,120857.3
300248.SZ,2017-08-24,16.51,16.55,16.06,16.2,56669.64,92271.72
300248.SZ,2017-08-25,16.19,16.45,16.16,16.39,42394.27,69231.57
300248.SZ,2017-08-28,16.39,16.94,16.32,16.76,68810.67,115138.9
300248.SZ,2017-08-29,16.75,16.99,16.55,16.71,62275.0,104256.74
300248.SZ,2017-08-30,16.63,16.87,16.52,16.65,42711.24,71200.57
300248.SZ,2017-08-31,16.6,17.1,16.6,16.91,72683.8,122939.15
300248.SZ,2017-09-01,16.99,17.43,16.66,17.38,99205.94,168995.23
300248.SZ,2017-09-04,17.75,19.08,17.74,18.45,229107.09,420285.84
300248.SZ,2017-09-05,18.12,18.43,17.89,17.97,127436.42,230572.73
300248.SZ,2017-09-06,17.85,18.44,17.82,18.26,98409.77,178791.97
300248.SZ,2017-09-07,18.31,18.41,17.55,17.55,104592.56,187603.99
300248.SZ,2017-09-08,17.52,17.95,17.51,17.65,61950.66,109689.72
300248.SZ,2017-09-11,17.65,17.8,17.34,17.76,52107.17,91486.39
300248.SZ,2017-09-12,17.8,18.13,17.35,18.06,109197.56,194386.53
300248.SZ,2017-09-13,18.05,18.05,17.64,17.79,52342.82,93161.03
300248.SZ,2017-09-14,17.67,17.81,17.4,17.43,50166.48,88120.54
300248.SZ,2017-09-15,17.43,17.91,17.28,17.79,54516.9,95651.99
300248.SZ,2017-09-18,17.7,18.17,17.56,18.07,71336.95,127774.61
300248.SZ,2017-09-19,18.0,18.05,17.53,17.59,50096.49,89095.35
300248.SZ,2017-09-20,17.69,18.27,17.6,18.13,85655.96,154240.96
300248.SZ,2017-09-21,18.17,18.34,17.7,17.76,60685.92,109175.95
300248.SZ,2017-09-22,17.72,17.73,17.22,17.22,52277.26,90967.68
300248.SZ,2017-09-25,17.2,17.37,16.7,16.71,47155.3,80280.15
300248.SZ,2017-09-26,16.71,16.94,16.54,16.86,29233.28,49050.7
300248.SZ,2017-09-27,16.86,17.12,16.72,17.03,27921.64,47373.71
300248.SZ,2017-09-28,17.01,17.13,16.75,16.8,32953.06,55870.36
300248.SZ,2017-09-29,16.7,17.25,16.7,17.16,31584.25,53879.9
300248.SZ,2017-10-09,17.33,17.56,17.15,17.39,35238.0,61170.14
300248.SZ,2017-10-10,17.34,17.68,17.18,17.59,50325.93,87654.3
300248.SZ,2017-10-11,17.54,18.25,17.05,18.25,107627.39,191015.69
300248.SZ,2017-10-12,18.58,18.58,17.82,17.9,105827.53,192204.98
300248.SZ,2017-10-13,17.6,17.75,17.5,17.63,52621.53,92800.51
300248.SZ,2017-10-16,17.63,17.69,16.85,16.85,57492.59,98930.35
300248.SZ,2017-10-17,16.7,16.99,16.63,16.76,26097.59,43882.73
300248.SZ,2017-10-18,16.77,16.96,16.24,16.34,30839.03,51410.57
300248.SZ,2017-10-19,16.33,16.48,15.9,16.0,33685.72,54271.62
300248.SZ,2017-10-20,15.9,16.25,15.7,16.18,19406.08,31166.07
300248.SZ,2017-10-23,16.01,16.52,16.01,16.36,21785.0,35478.46
300248.SZ,2017-10-24,16.36,16.37,15.82,16.15,25063.0,40285.79
300248.SZ,2017-10-25,16.22,16.25,16.06,16.19,22211.0,35887.28
300248.SZ,2017-10-26,16.15,16.37,16.01,16.28,22774.02,36966.19
300248.SZ,2017-10-27,16.21,16.3,16.03,16.06,20613.0,33239.43
300248.SZ,2017-10-30,15.9,16.03,14.97,15.38,44052.81,67719.87
300248.SZ,2017-10-31,15.3,15.48,15.2,15.41,17744.33,27258.63
300248.SZ,2017-11-01,15.41,15.72,15.32,15.42,23403.4,36243.87
300248.SZ,2017-11-02,15.38,15.38,14.9,14.94,30492.41,46062.67
300248.SZ,2017-11-03,14.9,15.33,14.77,14.85,22989.33,34395.47
300248.SZ,2017-11-06,14.85,15.07,14.8,15.02,15398.29,23037.58
300248.SZ,2017-11-07,15.08,15.1,14.92,15.06,16302.78,24439.65
300248.SZ,2017-11-08,15.1,15.28,15.01,15.12,24422.78,37037.63
300248.SZ,2017-11-09,15.14,15.38,15.1,15.31,25070.0,38264.97
300248.SZ,2017-11-10,15.26,15.39,15.11,15.22,22494.0,34298.76
300248.SZ,2017-11-13,15.2,15.28,15.04,15.08,23784.43,35968.4
300248.SZ,2017-11-14,15.08,15.15,14.6,14.67,30087.1,44479.83
300248.SZ,2017-11-15,14.75,14.85,14.6,14.8,19201.33,28267.73
300248.SZ,2017-11-16,14.78,14.8,14.45,14.48,24553.27,35712.86
300248.SZ,2017-11-17,14.49,14.58,13.69,13.91,44471.0,62071.94
300248.SZ,2017-11-20,13.8,13.9,13.55,13.87,18774.04,25820.27
300248.SZ,2017-11-21,13.9,13.97,13.73,13.85,15608.35,21615.97
300248.SZ,2017-11-22,13.87,14.3,13.77,14.02,25664.92,36130.64
300248.SZ,2017-11-23,14.02,14.17,13.71,13.71,19753.0,27510.89
300248.SZ,2017-11-24,13.75,13.91,13.65,13.72,13661.0,18855.16
300248.SZ,2017-11-27,13.76,13.85,13.6,13.67,14164.2,19462.0
300248.SZ,2017-11-28,13.7,14.39,13.68,14.24,24620.66,34458.29
300248.SZ,2017-11-29,14.0,14.25,13.9,14.11,23634.89,33231.07
300248.SZ,2017-11-30,14.03,14.15,13.94,14.1,13719.94,19279.25
300248.SZ,2017-12-01,14.01,14.32,14.01,14.21,20989.15,29855.0
300248.SZ,2017-12-04,14.24,14.25,13.72,13.77,20210.0,28106.32
300248.SZ,2017-12-05,13.66,13.82,12.87,13.07,27252.2,36485.34
300248.SZ,2017-12-06,13.07,13.36,13.0,13.33,16515.72,21777.47
300248.SZ,2017-12-07,13.35,13.48,13.2,13.35,13277.1,17749.65
300248.SZ,2017-12-08,13.35,13.65,13.35,13.49,14038.98,18993.23
300248.SZ,2017-12-11,13.69,14.18,13.64,13.95,30140.9,41904.11
300248.SZ,2017-12-12,14.05,14.05,13.66,13.67,13854.01,19163.07
300248.SZ,2017-12-13,13.71,14.33,13.58,13.91,29011.82,40563.54
300248.SZ,2017-12-14,13.78,14.04,13.78,13.92,20349.2,28349.28
300248.SZ,2017-12-15,13.85,14.17,13.82,13.99,21703.2,30408.75
300248.SZ,2017-12-18,13.99,13.99,13.66,13.73,21869.0,30054.41
300248.SZ,2017-12-19,13.73,14.23,13.73,14.15,30157.0,42359.96
300248.SZ,2017-12-20,14.29,14.29,13.79,13.92,25255.14,35171.69
300248.SZ,2017-12-21,14.0,14.0,13.46,13.61,23524.06,32186.41
300248.SZ,2017-12-22,13.61,13.74,13.31,13.34,18451.04,24878.12
300248.SZ,2017-12-25,13.24,13.38,13.1,13.15,14293.05,18879.7
300248.SZ,2017-12-26,13.1,13.39,13.1,13.32,12456.0,16538.53
300248.SZ,2017-12-27,13.27,13.48,13.25,13.32,12057.4,16107.84
300248.SZ,2017-12-28,13.23,13.45,13.23,13.33,10217.0,13670.44
300248.SZ,2017-12-29,13.33,13.48,13.31,13.4,9195.4,12332.24
300248.SZ,2018-01-02,13.4,13.61,13.4,13.5,13175.4,17802.87
300248.SZ,2018-01-03,13.5,13.87,13.5,13.85,23169.15,31757.96
300248.SZ,2018-01-04,13.8,13.89,13.73,13.85,14284.59,19716.77
300248.SZ,2018-01-05,13.88,13.98,13.72,13.75,13470.33,18589.41
300248.SZ,2018-01-08,13.78,13.79,13.62,13.65,11750.2,16071.91
300248.SZ,2018-01-09,13.65,13.8,13.55,13.69,12266.04,16759.08
300248.SZ,2018-01-10,13.75,13.75,13.22,13.51,22054.0,29714.85
300248.SZ,2018-01-11,13.46,14.6,13.3,14.3,63965.49,89773.91
300248.SZ,2018-01-12,14.15,14.26,13.85,13.87,37678.4,52690.18
300248.SZ,2018-01-15,13.88,13.88,13.22,13.22,31319.26,42075.29
300248.SZ,2018-01-16,13.28,13.46,13.22,13.28,14931.0,19877.81
300248.SZ,2018-01-17,13.32,13.47,12.91,13.38,23050.08,30460.24
300248.SZ,2018-01-18,13.28,13.48,13.21,13.27,13771.58,18337.94
300248.SZ,2018-01-19,13.2,13.45,13.2,13.23,11459.43,15239.25
300248.SZ,2018-01-22,13.26,13.65,13.05,13.49,25681.15,34355.23
300248.SZ,2018-01-23,13.46,13.56,13.35,13.44,15872.15,21294.58
300248.SZ,2018-01-24,13.45,13.89,13.32,13.82,32243.23,44077.8
300248.SZ,2018-01-25,13.72,14.09,13.55,13.57,35724.43,49491.29
300248.SZ,2018-01-26,13.69,13.74,13.52,13.55,29135.0,39683.16
300248.SZ,2018-01-29,13.59,13.73,13.08,13.18,38529.43,51515.83
300248.SZ,2018-01-30,13.26,13.32,13.1,13.18,18284.0,24119.31
300248.SZ,2018-01-31,13.1,13.28,12.67,12.78,31879.0,41133.55
300248.SZ,2018-02-01,12.66,12.88,12.01,12.13,27130.12,33771.74
300248.SZ,2018-02-02,12.09,12.11,11.51,11.68,37421.81,44052.52
300248.SZ,2018-02-05,11.49,11.66,11.32,11.57,18021.0,20817.77
300248.SZ,2018-02-06,11.36,11.37,10.41,10.41,50462.06,54085.15
300248.SZ,2018-02-07,10.55,10.75,9.97,10.49,48506.93,50399.4
300248.SZ,2018-02-08,10.41,10.79,10.36,10.7,28629.27,30515.12
300248.SZ,2018-02-09,10.25,10.56,9.98,10.07,43746.93,44694.42
300248.SZ,2018-02-12,10.19,10.69,10.15,10.49,28631.52,29963.83
300248.SZ,2018-02-13,10.57,10.74,10.46,10.53,27144.12,28830.73
300248.SZ,2018-02-14,10.68,10.68,10.4,10.48,14249.0,14933.53
300248.SZ,2018-02-22,10.54,10.84,10.52,10.77,17355.68,18555.58
300248.SZ,2018-02-23,10.79,10.82,10.6,10.82,26046.41,27902.43
300248.SZ,2018-02-26,11.0,11.18,10.85,11.15,33589.17,37102.24
300248.SZ,2018-02-27,11.17,11.45,11.02,11.2,36963.06,41538.89
300248.SZ,2018-02-28,11.18,11.74,11.0,11.61,62423.79,71564.18
300248.SZ,2018-03-01,11.5,12.26,11.42,12.2,77089.64,91708.32
300248.SZ,2018-03-02,12.0,12.36,11.78,11.79,61939.23,74332.36
300248.SZ,2018-03-05,11.79,12.18,11.78,12.1,49536.89,59131.08
300248.SZ,2018-03-06,12.09,12.18,11.85,12.02,44560.49,53476.21
300248.SZ,2018-03-07,11.92,11.96,11.71,11.76,36903.81,43683.71
300248.SZ,2018-03-08,11.81,12.23,11.81,11.93,44525.57,53441.14
300248.SZ,2018-03-09,11.82,13.12,11.82,13.12,70343.21,88520.1
300248.SZ,2018-03-12,13.59,14.2,13.45,13.75,179315.56,246256.58
300248.SZ,2018-03-13,13.76,15.04,13.67,14.18,189381.15,269276.94
300248.SZ,2018-03-14,13.95,13.98,13.47,13.6,112572.25,154376.92
300248.SZ,2018-03-15,13.3,13.87,13.29,13.79,90715.3,123184.76
300248.SZ,2018-03-16,13.7,13.88,13.32,13.43,71738.13,97632.46
300248.SZ,2018-03-19,13.73,13.73,13.29,13.31,82867.08,112160.17
300248.SZ,2018-03-20,13.11,13.23,12.69,13.13,89054.04,114955.07
300248.SZ,2018-03-21,13.08,13.29,12.8,12.82,71305.42,93248.77
300248.SZ,2018-03-22,12.91,13.19,12.82,12.95,59266.02,77152.83
300248.SZ,2018-03-23,12.42,12.5,11.66,11.66,92154.0,111415.29
300248.SZ,2018-03-26,11.5,12.09,11.09,12.05,51622.67,60413.04
300248.SZ,2018-03-27,12.25,12.73,12.12,12.57,69727.69,86958.16
300248.SZ,2018-03-28,12.33,13.08,12.24,12.92,78683.12,99819.0
300248.SZ,2018-03-29,12.89,13.18,12.65,13.18,71893.22,92798.99
300248.SZ,2018-03-30,13.21,13.64,12.9,13.47,89273.85,118586.56
300248.SZ,2018-04-02,13.36,13.8,13.16,13.47,86991.45,117114.0
300248.SZ,2018-04-03,13.05,13.26,12.83,13.14,59658.59,77912.51
300248.SZ,2018-04-04,13.21,13.3,12.79,12.79,44964.51,58735.19
300248.SZ,2018-04-09,12.62,13.13,12.45,12.94,49133.2,62835.95
300248.SZ,2018-04-10,12.96,13.07,12.55,12.85,36863.2,47120.4
300248.SZ,2018-04-11,12.97,13.65,12.88,13.4,85401.88,114151.3
300248.SZ,2018-04-12,13.34,13.78,13.2,13.54,79695.86,107725.91
300248.SZ,2018-04-13,13.63,14.13,13.51,13.93,112686.82,156536.55
300248.SZ,2018-04-16,13.76,13.97,13.5,13.83,74911.93,102739.5
300248.SZ,2018-04-17,13.85,13.9,12.8,12.95,68839.63,91814.22
300248.SZ,2018-04-18,13.08,13.98,12.77,13.86,83295.87,111471.81
300248.SZ,2018-04-19,13.79,13.98,13.47,13.5,80279.53,110433.94
300248.SZ,2018-04-20,13.49,13.72,13.03,13.09,49809.03,66655.77
300248.SZ,2018-04-23,13.17,13.3,12.6,12.91,45734.0,59263.05
300248.SZ,2018-04-24,12.91,13.63,12.91,13.59,59124.6,78990.39
300248.SZ,2018-04-25,13.45,14.15,13.41,14.11,129844.22,180507.34
300248.SZ,2018-04-26,14.11,14.17,13.56,13.61,78206.17,107805.94
300248.SZ,2018-04-27,13.66,13.75,12.86,13.03,80000.7,105489.64
300248.SZ,2018-05-02,13.14,13.14,12.15,12.3,79100.39,99132.18
300248.SZ,2018-05-03,12.24,12.57,11.89,12.52,52076.68,63942.03
300248.SZ,2018-05-04,12.43,12.57,12.26,12.27,29283.68,36328.79
300248.SZ,2018-05-07,12.38,12.97,12.35,12.84,43386.1,54982.11
300248.SZ,2018-05-08,12.57,12.6,12.31,12.55,63400.95,78983.6
300248.SZ,2018-05-09,12.53,12.66,12.39,12.53,36644.0,45837.21
300248.SZ,2018-05-10,12.48,12.74,12.48,12.67,38400.58,48452.84
300248.SZ,2018-05-11,12.64,12.7,12.18,12.27,38935.4,48125.64
300248.SZ,2018-05-14,12.25,12.39,11.9,12.03,31446.99,38059.77
300248.SZ,2018-05-15,12.06,12.28,11.92,12.27,27595.76,33387.75
300248.SZ,2018-05-16,12.28,12.4,12.09,12.09,23037.63,28169.41
300248.SZ,2018-05-17,12.2,12.25,11.85,11.94,24790.58,29722.37
300248.SZ,2018-05-18,11.96,12.18,11.86,12.16,21442.72,25822.55
300248.SZ,2018-05-21,12.23,12.43,12.22,12.3,24356.04,30066.83
300248.SZ,2018-05-22,8.11,8.13,7.94,8.04,33221.48,26602.63
300248.SZ,2018-05-23,7.98,8.04,7.88,7.88,26718.16,21255.0
300248.SZ,2018-05-24,7.9,7.99,7.81,7.83,22397.97,17691.38
300248.SZ,2018-05-25,7.85,7.89,7.4,7.41,42462.29,32428.93
300248.SZ,2018-05-28,7.44,7.65,7.37,7.42,31827.53,23914.98
300248.SZ,2018-05-29,7.45,7.55,7.27,7.29,24336.29,17981.81
300248.SZ,2018-05-30,7.17,7.98,6.91,7.98,92555.65,67017.5
300248.SZ,2018-05-31,7.61,8.29,7.47,7.72,108362.18,83354.59
300248.SZ,2018-06-01,7.88,7.88,7.25,7.27,60608.78,45281.43
300248.SZ,2018-06-04,7.25,7.29,7.01,7.11,29984.87,21514.4
300248.SZ,2018-06-05,7.16,7.32,7.11,7.29,24935.35,17985.59
300248.SZ,2018-06-06,7.28,7.32,7.16,7.18,22153.65,15978.0
300248.SZ,2018-06-07,7.21,7.25,7.06,7.08,21030.42,14994.22
300248.SZ,2018-06-08,7.16,7.65,7.1,7.28,59226.33,43598.17
300248.SZ,2018-06-11,7.15,7.21,7.07,7.11,36866.29,26226.63
300248.SZ,2018-06-12,7.11,7.15,6.88,7.05,30653.0,21504.03
300248.SZ,2018-06-13,7.06,7.09,6.8,6.8,26187.39,18189.42
300248.SZ,2018-06-14,6.79,6.9,6.76,6.76,19959.44,13610.68
300248.SZ,2018-06-15,6.8,6.83,6.5,6.6,30236.47,20093.73
300248.SZ,2018-06-19,6.5,6.58,5.94,5.94,49355.37,30181.55
300248.SZ,2018-06-20,5.93,6.13,5.82,6.04,25218.76,15155.85
300248.SZ,2018-06-21,6.08,6.09,5.67,5.7,34199.52,20115.17
300248.SZ,2018-06-22,5.7,5.94,5.59,5.9,27857.22,16251.5
300248.SZ,2018-06-25,5.92,6.05,5.85,5.86,26764.69,15917.0
300248.SZ,2018-06-26,5.7,6.03,5.7,5.96,26164.08,15536.21
300248.SZ,2018-06-27,5.96,6.07,5.9,5.94,24787.52,14769.36
300248.SZ,2018-06-28,5.9,6.1,5.88,5.89,23434.79,14050.58
300248.SZ,2018-06-29,5.96,6.16,5.91,6.12,34104.31,20701.15
300248.SZ,2018-07-02,6.1,6.16,5.93,6.0,29715.55,18021.32
300248.SZ,2018-07-03,6.05,6.2,5.95,6.18,34926.68,21319.12
300248.SZ,2018-07-04,6.14,6.18,5.94,6.0,31908.28,19225.37
300248.SZ,2018-07-05,6.0,6.09,5.9,5.9,23371.51,14018.19
300248.SZ,2018-07-06,5.9,6.1,5.81,5.98,28782.71,17263.51
300248.SZ,2018-07-09,6.0,6.12,6.0,6.07,21402.63,13010.81
300248.SZ,2018-07-10,6.06,6.12,6.03,6.11,20962.22,12752.78
300248.SZ,2018-07-11,6.05,6.05,5.7,5.8,37528.04,22007.05
300248.SZ,2018-07-12,5.8,6.01,5.8,5.97,27819.45,16542.78
300248.SZ,2018-07-13,5.98,6.04,5.94,6.01,21225.94,12721.02
300248.SZ,2018-07-16,5.91,6.0,5.8,5.92,19628.05,11599.02
300248.SZ,2018-07-17,5.94,6.06,5.88,6.0,29566.55,17645.21
300248.SZ,2018-07-18,6.01,6.17,5.97,6.07,48796.83,29558.61
300248.SZ,2018-07-19,6.0,6.02,5.78,5.81,43273.89,25448.95
300248.SZ,2018-07-20,5.82,5.95,5.73,5.93,23054.91,13575.96
300248.SZ,2018-07-23,5.92,6.02,5.86,6.0,23121.38,13779.01
300248.SZ,2018-07-24,6.05,6.12,5.96,6.08,41984.95,25442.17
300248.SZ,2018-07-25,6.1,6.26,6.08,6.12,46419.17,28611.21
300248.SZ,2018-07-26,6.13,6.27,6.05,6.19,55603.42,34334.06
300248.SZ,2018-07-27,6.17,6.2,6.05,6.08,38271.75,23335.8
300248.SZ,2018-07-30,6.14,6.14,5.83,5.9,36670.36,21780.33
300248.SZ,2018-07-31,5.91,5.94,5.86,5.9,14962.74,8828.54
300248.SZ,2018-08-01,5.9,5.99,5.72,5.74,27564.6,16169.96
300248.SZ,2018-08-02,5.72,5.77,5.35,5.5,42294.72,23410.45
300248.SZ,2018-08-03,5.56,5.6,5.44,5.44,16077.35,8853.94
300248.SZ,2018-08-06,5.45,5.54,5.35,5.36,19093.27,10379.1
300248.SZ,2018-08-07,5.38,5.5,5.35,5.49,15080.1,8213.88
300248.SZ,2018-08-08,5.48,5.54,5.34,5.37,21118.82,11511.09
300248.SZ,2018-08-09,5.37,5.59,5.31,5.55,32872.29,18147.42
300248.SZ,2018-08-10,5.5,5.64,5.49,5.64,25956.66,14441.38
300248.SZ,2018-08-13,5.58,5.78,5.53,5.74,32840.85,18510.7
300248.SZ,2018-08-14,5.73,5.73,5.61,5.65,18732.14,10607.28
300248.SZ,2018-08-15,5.69,5.79,5.55,5.74,37116.8,21050.27
300248.SZ,2018-08-16,5.66,5.73,5.51,5.56,28104.29,15815.32
300248.SZ,2018-08-17,5.6,5.77,5.42,5.46,29009.29,16287.86
300248.SZ,2018-08-20,5.42,5.59,5.31,5.5,26757.41,14592.91
300248.SZ,2018-08-21,5.59,5.74,5.51,5.64,45263.61,25573.94
300248.SZ,2018-08-22,5.6,5.6,5.41,5.44,29792.23,16376.13
300248.SZ,2018-08-23,5.47,5.55,5.42,5.49,18654.89,10237.99
300248.SZ,2018-08-24,5.49,5.67,5.42,5.52,36489.36,20338.0
300248.SZ,2018-08-27,5.5,5.63,5.45,5.61,39895.37,22123.19
300248.SZ,2018-08-28,5.6,5.67,5.57,5.64,27372.0,15397.43
300248.SZ,2018-08-29,5.64,5.65,5.58,5.63,22953.35,12879.76
300248.SZ,2018-08-30,5.62,5.65,5.49,5.49,26905.27,14892.92
300248.SZ,2018-08-31,5.49,5.51,5.41,5.41,18661.82,10174.04
300248.SZ,2018-09-03,5.4,5.44,5.35,5.42,19675.83,10604.97
300248.SZ,2018-09-04,5.4,5.57,5.4,5.54,28516.46,15707.69
300248.SZ,2018-09-05,5.58,5.76,5.55,5.63,71905.44,40694.52
300248.SZ,2018-09-06,5.63,5.8,5.56,5.67,51842.13,29603.82
300248.SZ,2018-09-07,5.67,5.82,5.61,5.62,55395.01,31642.65
300248.SZ,2018-09-10,5.6,5.71,5.54,5.55,28818.15,16202.57
300248.SZ,2018-09-11,5.55,5.7,5.47,5.57,22599.61,12621.63
300248.SZ,2018-09-12,5.53,5.67,5.5,5.64,19194.17,10781.78
300248.SZ,2018-09-13,5.65,5.73,5.59,5.67,26923.87,15224.92
300248.SZ,2018-09-14,5.66,5.74,5.55,5.56,30594.67,17210.24
300248.SZ,2018-09-17,5.54,5.58,5.4,5.52,23726.27,13017.11
300248.SZ,2018-09-18,5.5,5.72,5.47,5.71,30549.45,17141.42
300248.SZ,2018-09-19,5.62,5.75,5.6,5.68,34280.21,19433.83
300248.SZ,2018-09-20,5.68,5.71,5.61,5.62,17943.99,10128.77
300248.SZ,2018-09-21,5.62,5.71,5.59,5.71,20963.22,11885.45
300248.SZ,2018-09-25,5.67,5.72,5.64,5.66,12786.24,7260.9
300248.SZ,2018-09-26,5.65,5.71,5.61,5.65,17766.83,10062.34
300248.SZ,2018-09-27,5.65,5.65,5.37,5.37,35375.7,19388.08
300248.SZ,2018-09-28,5.37,5.49,5.37,5.46,15015.77,8173.04
300248.SZ,2018-10-08,5.45,5.5,5.32,5.34,23397.18,12649.98
300248.SZ,2018-10-09,5.34,5.44,5.33,5.35,11436.51,6144.83
300248.SZ,2018-10-10,5.35,5.43,5.34,5.39,8334.01,4484.63
300248.SZ,2018-10-11,5.2,5.22,4.85,4.85,37337.4,18706.72
300248.SZ,2018-10-12,4.75,4.87,4.44,4.62,29552.08,13794.45
300248.SZ,2018-10-15,4.67,4.76,4.55,4.56,10326.08,4808.35
300248.SZ,2018-10-16,4.58,4.65,4.4,4.44,13081.88,5910.32
300248.SZ,2018-10-17,4.48,4.57,4.43,4.54,14970.25,6749.76
300248.SZ,2018-10-18,4.47,4.54,4.38,4.39,17106.88,7650.81
300248.SZ,2018-10-19,4.39,4.59,4.3,4.55,27747.77,12437.08
300248.SZ,2018-10-22,4.57,4.91,4.57,4.79,31589.95,15093.74
300248.SZ,2018-10-23,4.77,5.07,4.7,4.78,29914.7,14518.12
300248.SZ,2018-10-24,4.68,4.86,4.67,4.76,17889.16,8562.67
300248.SZ,2018-10-25,4.67,4.84,4.56,4.84,20722.65,9721.18
300248.SZ,2018-10-26,4.89,4.92,4.8,4.81,17479.04,8497.68
300248.SZ,2018-10-29,4.86,4.92,4.77,4.78,16810.75,8129.26
300248.SZ,2018-10-30,4.8,4.97,4.73,4.9,25568.5,12472.72
300248.SZ,2018-10-31,4.91,5.0,4.88,4.96,18354.32,9104.83
300248.SZ,2018-11-01,5.09,5.17,5.03,5.04,39592.63,20198.61
300248.SZ,2018-11-02,5.04,5.3,5.04,5.25,49225.72,25823.87
300248.SZ,2018-11-05,5.11,5.25,5.11,5.24,52060.46,26914.62
300248.SZ,2018-11-06,5.23,5.34,5.14,5.33,36310.82,19130.15
300248.SZ,2018-11-07,5.34,5.69,5.31,5.49,64537.62,35886.82
300248.SZ,2018-11-08,5.53,5.59,5.48,5.51,36281.39,20063.76
300248.SZ,2018-11-09,5.49,6.05,5.49,5.78,69994.0,40378.06
300248.SZ,2018-11-12,5.82,6.02,5.77,5.84,58378.37,34372.68
300248.SZ,2018-11-13,5.79,5.94,5.79,5.9,46190.29,27187.18
300248.SZ,2018-11-14,5.95,6.45,5.87,6.17,97252.78,60030.86
300248.SZ,2018-11-15,6.25,6.43,6.21,6.3,65528.12,41191.94
300248.SZ,2018-11-16,6.4,6.44,6.13,6.27,51607.99,32218.12
300248.SZ,2018-11-19,6.32,6.35,6.08,6.14,49546.67,30525.77
300248.SZ,2018-11-20,6.18,6.21,6.06,6.14,51999.11,31986.12
300248.SZ,2018-11-21,6.06,6.17,5.91,6.09,42635.03,25813.64
300248.SZ,2018-11-22,6.19,6.19,6.01,6.04,32579.61,19917.72
300248.SZ,2018-11-23,6.11,6.18,5.76,5.83,46793.09,27893.21
300248.SZ,2018-11-26,5.74,6.05,5.74,5.94,36229.71,21626.14
300248.SZ,2018-11-27,6.0,6.1,5.87,5.92,28297.79,16905.38
300248.SZ,2018-11-28,6.02,6.08,5.86,6.0,30799.7,18443.25
300248.SZ,2018-11-29,6.0,6.08,5.82,5.82,22213.17,13166.3
300248.SZ,2018-11-30,5.8,6.05,5.7,6.03,31832.8,18593.38
300248.SZ,2018-12-03,6.33,6.33,6.1,6.24,51530.04,31957.38
300248.SZ,2018-12-04,6.26,6.29,6.18,6.24,31579.34,19667.97
300248.SZ,2018-12-05,6.11,6.39,6.11,6.3,40180.19,25158.95
300248.SZ,2018-12-06,6.33,6.33,6.17,6.29,25847.41,16111.03
300248.SZ,2018-12-07,6.38,6.77,6.35,6.66,64739.96,42685.19
300248.SZ,2018-12-10,6.51,7.2,6.51,6.86,70490.32,48493.95
300248.SZ,2018-12-11,6.78,6.92,6.61,6.77,42052.22,28427.48
300248.SZ,2018-12-12,6.72,6.89,6.63,6.78,30870.4,20739.38
300248.SZ,2018-12-13,6.75,6.82,6.7,6.71,23467.11,15851.71
300248.SZ,2018-12-14,6.7,6.75,6.55,6.62,25876.62,17139.53
300248.SZ,2018-12-17,6.6,6.62,6.43,6.48,29314.54,19034.05
300248.SZ,2018-12-18,6.57,6.63,6.42,6.51,26541.67,17354.73
300248.SZ,2018-12-19,6.44,6.65,6.4,6.52,29327.44,19303.36
300248.SZ,2018-12-20,6.59,6.66,6.05,6.52,32037.34,20869.68
300248.SZ,2018-12-21,6.45,6.63,6.43,6.56,21010.75,13779.62
300248.SZ,2018-12-24,6.55,6.64,6.51,6.6,14826.49,9768.64
300248.SZ,2018-12-25,6.6,6.61,6.27,6.5,38276.65,24441.7
300248.SZ,2018-12-26,6.51,6.75,6.48,6.73,26683.96,17699.73
300248.SZ,2018-12-27,6.82,6.9,6.64,6.64,26667.93,17976.12
300248.SZ,2018-12-28,6.63,6.89,6.37,6.79,24043.71,15778.94
300248.SZ,2019-01-02,6.73,6.79,6.6,6.74,23805.7,15900.72
300248.SZ,2019-01-03,6.73,6.75,6.61,6.73,19150.22,12782.23
300248.SZ,2019-01-04,6.6,6.99,6.52,6.97,41080.28,28212.12
300248.SZ,2019-01-07,6.98,7.47,6.95,7.42,68774.49,49608.68
300248.SZ,2019-01-08,8.16,8.16,8.16,8.16,42269.26,34491.72
300248.SZ,2019-01-09,8.5,8.5,7.68,7.73,208920.08,167441.96
300248.SZ,2019-01-10,7.44,7.66,7.03,7.25,142927.59,105820.93
300248.SZ,2019-01-11,7.31,7.45,7.22,7.29,60755.12,44506.03
300248.SZ,2019-01-14,7.15,7.29,7.05,7.09,46004.95,32740.67
300248.SZ,2019-01-15,7.1,7.16,7.05,7.13,42926.72,30461.45
300248.SZ,2019-01-16,7.11,7.35,7.06,7.16,40182.89,28960.64
300248.SZ,2019-01-17,7.13,7.14,6.97,7.0,33149.22,23343.73
300248.SZ,2019-01-18,6.98,7.03,6.7,6.86,41087.27,28231.94
300248.SZ,2019-01-21,6.92,6.96,6.78,6.78,31421.98,21544.61
300248.SZ,2019-01-22,6.87,6.89,6.62,6.69,32875.54,22073.55
300248.SZ,2019-01-23,6.75,6.75,6.64,6.68,21833.56,14586.72
300248.SZ,2019-01-24,6.72,6.76,6.64,6.64,21412.53,14305.93
300248.SZ,2019-01-25,6.66,6.79,6.6,6.7,26806.02,17985.65
300248.SZ,2019-01-28,6.72,7.14,6.72,6.95,53110.61,36668.43
300248.SZ,2019-01-29,6.85,6.95,6.72,6.84,29277.59,20010.57
300248.SZ,2019-01-30,6.81,6.9,6.78,6.8,17626.91,12057.75
300248.SZ,2019-01-31,6.83,6.83,6.13,6.6,64785.96,41487.83
300248.SZ,2019-02-01,6.56,6.75,6.44,6.68,28434.08,18791.36
300248.SZ,2019-02-11,6.68,7.07,6.65,7.0,50948.8,35368.25
300248.SZ,2019-02-12,6.97,7.48,6.97,7.18,57033.25,41562.52
300248.SZ,2019-02-13,7.17,7.38,7.17,7.25,43543.82,31696.46
300248.SZ,2019-02-14,7.22,7.31,7.02,7.14,58544.77,41798.99
300248.SZ,2019-02-15,7.15,7.21,6.98,7.15,62298.33,44151.0
300248.SZ,2019-02-18,7.14,7.39,7.1,7.35,105399.27,76719.12
300248.SZ,2019-02-19,7.32,7.44,7.21,7.33,57256.76,42018.46
300248.SZ,2019-02-20,7.32,7.84,7.19,7.68,104041.46,79462.76
300248.SZ,2019-02-21,7.64,8.11,7.53,7.71,96977.86,76338.2
300248.SZ,2019-02-22,7.67,7.96,7.57,7.86,70173.76,54459.83
300248.SZ,2019-02-25,8.39,8.65,8.04,8.62,162479.29,136100.17
300248.SZ,2019-02-26,8.53,9.1,8.3,8.8,162148.67,142784.02
300248.SZ,2019-02-27,8.89,9.09,8.35,8.5,121518.85,105350.07
300248.SZ,2019-02-28,8.51,8.54,8.28,8.33,79666.85,66696.69
300248.SZ,2019-03-01,8.43,8.43,8.15,8.26,56945.74,46953.91
300248.SZ,2019-03-04,8.33,8.62,8.26,8.34,94455.64,79931.77
300248.SZ,2019-03-05,8.29,8.6,8.25,8.6,88588.49,75267.7
300248.SZ,2019-03-06,8.7,9.35,8.48,9.27,209896.33,187127.19
300248.SZ,2019-03-07,9.11,9.44,8.92,9.21,147378.95,134789.86
300248.SZ,2019-03-08,9.0,9.19,8.43,8.46,138177.59,122237.96
300248.SZ,2019-03-11,8.63,9.3,8.56,9.28,141900.26,126776.48
300248.SZ,2019-03-12,9.26,9.99,9.18,9.68,207893.71,199969.5
300248.SZ,2019-03-13,9.73,9.73,9.05,9.16,115379.97,108507.18
300248.SZ,2019-03-14,9.2,9.46,8.73,8.94,86439.03,77864.91
300248.SZ,2019-03-15,9.0,9.27,8.96,9.12,62854.15,57339.83
300248.SZ,2019-03-18,9.21,9.21,8.75,9.08,72757.45,65558.79
300248.SZ,2019-03-19,9.08,9.39,8.95,9.25,77491.28,71683.49
300248.SZ,2019-03-20,9.27,9.28,8.82,9.06,68596.4,61833.96
300248.SZ,2019-03-21,9.2,9.89,9.2,9.63,153406.77,146285.89
300248.SZ,2019-03-22,9.49,9.65,9.28,9.53,89073.31,84047.03
300248.SZ,2019-03-25,9.23,9.49,9.14,9.16,65529.1,60696.5
300248.SZ,2019-03-26,9.16,9.28,8.73,8.78,93743.66,84181.33
300248.SZ,2019-03-27,8.87,9.02,8.62,8.91,61375.6,54304.7
300248.SZ,2019-03-28,8.87,9.05,8.75,8.9,49770.0,44473.08
300248.SZ,2019-03-29,8.92,9.27,8.81,9.25,60997.72,55559.73
300248.SZ,2019-04-01,9.5,10.18,9.25,10.18,236557.68,232445.58
300248.SZ,2019-04-02,10.11,11.13,10.0,10.32,337091.46,358454.72
300248.SZ,2019-04-03,10.16,10.85,10.04,10.39,179842.2,186624.27
300248.SZ,2019-04-04,10.5,10.58,10.07,10.11,134886.6,137717.21
300248.SZ,2019-04-08,10.4,10.4,9.65,9.78,132702.3,131381.74
300248.SZ,2019-04-09,9.71,9.98,9.53,9.89,82352.1,81073.19
300248.SZ,2019-04-10,9.79,9.98,9.66,9.82,68010.97,67048.79
300248.SZ,2019-04-11,9.82,10.05,9.36,9.37,88910.46,85167.66
300248.SZ,2019-04-12,9.37,9.5,9.1,9.45,68680.15,64119.7
300248.SZ,2019-04-15,9.64,9.89,9.37,9.4,81682.77,78739.57
300248.SZ,2019-04-16,9.29,9.71,9.1,9.67,81402.65,77054.27
300248.SZ,2019-04-17,9.68,9.68,9.41,9.45,82372.67,78223.45
300248.SZ,2019-04-18,9.49,9.54,9.15,9.24,83877.84,78069.87
300248.SZ,2019-04-19,9.25,9.32,9.12,9.27,51494.33,47483.77
300248.SZ,2019-04-22,9.29,9.3,8.92,8.96,67872.79,61531.9
300248.SZ,2019-04-23,8.92,9.06,8.82,8.92,52144.65,46482.53
300248.SZ,2019-04-24,8.99,8.99,8.65,8.92,57877.93,51029.22
300248.SZ,2019-04-25,8.91,8.93,8.51,8.53,51193.59,44755.3
300248.SZ,2019-04-26,8.43,9.05,8.43,8.95,84134.32,74121.88
300248.SZ,2019-04-29,9.16,9.78,8.96,9.2,175316.71,163652.29
300248.SZ,2019-04-30,9.12,9.12,8.28,8.46,127161.08,108483.9
300248.SZ,2019-05-06,7.9,8.09,7.61,7.61,90649.66,70508.42
300248.SZ,2019-05-07,7.65,7.78,7.3,7.5,57773.92,43277.25
300248.SZ,2019-05-08,7.26,7.64,7.2,7.36,46595.91,34654.54
300248.SZ,2019-05-09,7.36,7.51,7.32,7.36,29730.22,22061.88
300248.SZ,2019-05-10,7.45,7.73,7.31,7.73,64793.78,49163.27
300248.SZ,2019-05-13,7.7,7.82,7.63,7.66,48161.05,37171.24
300248.SZ,2019-05-14,7.58,7.78,7.57,7.64,37970.3,29198.26
300248.SZ,2019-05-15,7.7,7.88,7.7,7.79,35379.55,27560.66
300248.SZ,2019-05-16,7.74,7.89,7.66,7.8,36373.55,28432.25
300248.SZ,2019-05-17,7.8,7.92,7.4,7.48,48114.93,36923.13
300248.SZ,2019-05-20,7.67,7.67,7.42,7.55,38948.62,29405.81
300248.SZ,2019-05-21,7.66,7.78,7.56,7.7,34505.35,26532.22
300248.SZ,2019-05-22,7.77,7.87,7.61,7.72,35651.86,27560.47
300248.SZ,2019-05-23,7.72,7.81,7.48,7.53,40110.54,30529.51
300248.SZ,2019-05-24,7.47,7.63,7.31,7.4,24818.42,18496.52
300248.SZ,2019-05-27,7.4,7.82,7.36,7.75,43903.32,33595.75
300248.SZ,2019-05-28,7.72,8.05,7.72,7.82,48718.65,38575.74
300248.SZ,2019-05-29,7.91,8.18,7.79,8.03,63520.55,51026.48
300248.SZ,2019-05-30,7.96,7.99,7.81,7.95,37184.93,29337.83
300248.SZ,2019-05-31,7.91,8.05,7.86,7.9,28498.12,22615.34
300248.SZ,2019-06-03,7.88,7.95,7.43,7.46,70495.37,53451.69
300248.SZ,2019-06-04,7.46,7.98,7.43,7.72,66266.96,51141.17
300248.SZ,2019-06-05,7.81,7.82,7.55,7.56,46245.37,35411.4
300248.SZ,2019-06-06,7.65,7.69,7.35,7.47,37646.48,28352.49
300248.SZ,2019-06-10,7.51,7.58,7.35,7.41,29515.59,21949.43
300248.SZ,2019-06-11,7.41,7.76,7.37,7.71,43577.53,33291.61
300248.SZ,2019-06-12,7.62,7.93,7.62,7.83,43030.62,33682.78
300248.SZ,2019-06-13,7.76,8.13,7.76,8.01,59647.22,47744.01
300248.SZ,2019-06-14,8.09,8.15,7.89,7.9,41541.47,33284.85
300248.SZ,2019-06-17,7.93,7.99,7.8,7.91,25886.25,20433.12
300248.SZ,2019-06-18,7.8,7.97,7.7,7.77,29173.63,22663.78
300248.SZ,2019-06-19,7.93,8.2,7.77,7.77,34225.81,27044.19
300248.SZ,2019-06-20,7.82,8.0,7.73,7.98,44112.77,34790.25
300248.SZ,2019-06-21,8.11,8.16,8.03,8.12,56473.07,45686.27
300248.SZ,2019-06-24,8.25,8.3,8.04,8.09,40797.22,33242.1
300248.SZ,2019-06-25,8.13,8.13,7.79,7.96,43857.06,34608.47
300248.SZ,2019-06-26,7.82,7.99,7.82,7.86,32373.41,25572.13
300248.SZ,2019-06-27,7.89,8.05,7.86,7.94,31768.03,25259.39
300248.SZ,2019-06-28,7.94,8.02,7.77,7.8,31461.1,24732.67
300248.SZ,2019-07-01,7.92,8.24,7.85,8.17,74375.23,59953.68
300248.SZ,2019-07-02,8.09,8.2,8.01,8.13,46299.9,37462.84
300248.SZ,2019-07-03,8.02,8.13,7.94,7.94,32206.65,25796.91
300248.SZ,2019-07-04,7.98,8.03,7.87,7.96,29179.68,23173.38
300248.SZ,2019-07-05,7.96,8.03,7.9,8.0,26675.27,21317.93
300248.SZ,2019-07-08,7.92,7.97,7.5,7.63,48126.21,36966.52
300248.SZ,2019-07-09,7.66,7.87,7.59,7.85,30650.82,23814.42
300248.SZ,2019-07-10,7.8,7.95,7.72,7.74,28971.3,22627.68
300248.SZ,2019-07-11,7.81,7.88,7.72,7.74,22855.65,17805.79
300248.SZ,2019-07-12,7.72,7.81,7.63,7.7,14881.08,11469.08
300248.SZ,2019-07-15,7.71,7.83,7.58,7.76,30333.04,23380.43
300248.SZ,2019-07-16,7.75,7.82,7.68,7.74,29693.1,23014.57
300248.SZ,2019-07-17,7.71,7.8,7.68,7.7,20435.12,15857.69
300248.SZ,2019-07-18,7.72,7.77,7.52,7.55,33721.89,25619.53
300248.SZ,2019-07-19,7.57,7.7,7.56,7.6,25237.55,19252.35
300248.SZ,2019-07-22,7.67,7.68,7.34,7.37,29467.04,21869.88
300248.SZ,2019-07-23,7.32,7.47,7.31,7.4,21787.0,16089.36
300248.SZ,2019-07-24,7.37,7.74,7.37,7.7,39785.26,30372.38
300248.SZ,2019-07-25,7.8,7.95,7.69,7.88,55220.43,43364.1
300248.SZ,2019-07-26,7.9,8.14,7.87,8.11,66311.44,53401.86
300248.SZ,2019-07-29,8.29,8.29,7.97,7.99,48412.44,38995.11
300248.SZ,2019-07-30,7.9,8.1,7.9,7.95,28746.22,23092.81
300248.SZ,2019-07-31,7.91,8.18,7.91,8.08,37915.17,30586.04
300248.SZ,2019-08-01,8.03,8.07,7.9,7.92,29810.76,23720.5
300248.SZ,2019-08-02,7.81,7.86,7.61,7.82,25647.93,19951.41
300248.SZ,2019-08-05,7.81,7.84,7.51,7.57,37612.86,28796.81
300248.SZ,2019-08-06,7.87,7.87,6.82,7.22,64370.46,46730.59
300248.SZ,2019-08-07,7.24,7.3,7.02,7.06,26634.65,19049.35
300248.SZ,2019-08-08,7.08,7.31,7.08,7.26,26101.01,18917.03
300248.SZ,2019-08-09,7.32,7.32,7.0,7.03,27445.09,19622.6
300248.SZ,2019-08-12,7.1,7.6,7.03,7.58,38932.86,28592.37
300248.SZ,2019-08-13,7.54,7.55,7.12,7.25,48006.11,34795.31
300248.SZ,2019-08-14,7.3,7.4,7.17,7.19,28222.31,20526.9
300248.SZ,2019-08-15,7.07,7.31,7.05,7.23,26593.84,19140.54
300248.SZ,2019-08-16,7.23,7.48,7.23,7.35,24262.87,17891.41
300248.SZ,2019-08-19,7.58,7.65,7.25,7.59,42980.82,32306.9
300248.SZ,2019-08-20,7.58,7.64,7.45,7.47,42362.19,31917.62
300248.SZ,2019-08-21,7.52,7.6,7.45,7.5,27343.06,20555.25
300248.SZ,2019-08-22,7.52,7.53,7.37,7.48,25738.16,19203.13
300248.SZ,2019-08-23,7.51,7.58,7.43,7.48,23881.48,17892.55
300248.SZ,2019-08-26,7.3,7.34,7.22,7.3,31904.29,23250.78
300248.SZ,2019-08-27,7.28,7.89,7.27,7.7,74526.86,56874.01
300248.SZ,2019-08-28,7.5,7.62,7.36,7.46,69437.94,51727.75
300248.SZ,2019-08-29,7.48,7.49,7.36,7.39,38147.85,28293.78
300248.SZ,2019-08-30,7.41,7.56,7.25,7.3,47053.55,34922.27
300248.SZ,2019-09-02,7.32,7.52,7.26,7.51,47723.43,35465.46
300248.SZ,2019-09-03,7.54,7.81,7.52,7.76,72865.98,55917.46
300248.SZ,2019-09-04,7.72,7.91,7.7,7.82,56417.14,43954.76
300248.SZ,2019-09-05,7.92,8.05,7.8,7.9,70184.63,55802.29
300248.SZ,2019-09-06,8.0,8.1,7.81,7.9,56884.59,45104.18
300248.SZ,2019-09-09,7.99,8.69,7.88,8.61,191622.79,160952.36
300248.SZ,2019-09-10,8.5,8.52,8.16,8.38,159086.74,132524.89
300248.SZ,2019-09-11,8.38,8.44,8.25,8.3,67496.19,56187.2
300248.SZ,2019-09-12,8.32,9.0,8.27,8.63,144106.99,123101.03
300248.SZ,2019-09-16,8.81,8.95,8.55,8.61,151411.11,132246.92
300248.SZ,2019-09-17,8.61,8.82,8.43,8.48,143220.57,123522.59
300248.SZ,2019-09-18,8.54,8.7,8.22,8.38,99592.65,83497.42
300248.SZ,2019-09-19,8.36,8.36,8.06,8.25,127445.52,103908.91
300248.SZ,2019-09-20,8.22,8.65,8.18,8.57,159053.52,133357.17
300248.SZ,2019-09-23,8.39,8.99,8.26,8.82,244513.72,212836.86
300248.SZ,2019-09-24,8.73,9.1,8.63,8.7,164824.07,145211.04
300248.SZ,2019-09-25,8.63,8.95,8.36,8.84,176273.29,151817.12
300248.SZ,2019-09-26,8.91,8.95,8.0,8.05,191676.87,161029.04
300248.SZ,2019-09-27,8.0,8.48,8.0,8.43,125130.0,104052.64
300248.SZ,2019-09-30,8.4,8.4,7.95,7.97,93143.4,75692.29
300248.SZ,2019-10-08,8.0,8.1,7.8,7.88,72628.36,57642.37
300248.SZ,2019-10-09,7.81,8.2,7.73,8.14,77850.75,62511.48
300248.SZ,2019-10-10,8.09,8.85,8.07,8.65,151819.54,129487.67
300248.SZ,2019-10-11,8.51,9.28,8.51,8.9,260296.83,232637.2
300248.SZ,2019-10-14,9.15,9.27,8.78,9.06,266697.14,241477.71
300248.SZ,2019-10-15,8.98,9.19,8.88,8.92,156401.55,140977.82
300248.SZ,2019-10-16,9.07,9.07,8.85,8.87,108398.51,97045.45
300248.SZ,2019-10-17,8.82,9.19,8.82,8.97,164654.59,149066.87
300248.SZ,2019-10-18,8.89,9.05,8.73,8.87,111827.66,99459.42
300248.SZ,2019-10-21,8.89,8.9,8.11,8.38,156828.87,131412.49
300248.SZ,2019-10-22,8.38,8.54,8.25,8.51,91040.06,76948.42
300248.SZ,2019-10-23,8.56,8.65,8.3,8.36,96937.21,82043.84
300248.SZ,2019-10-24,8.36,8.44,8.15,8.32,83944.78,69671.27
300248.SZ,2019-10-25,8.4,8.5,8.26,8.46,89265.36,74770.95
300248.SZ,2019-10-28,9.31,9.31,9.21,9.31,100897.56,93891.29
300248.SZ,2019-10-29,9.5,9.82,8.81,8.83,509387.86,479817.14
300248.SZ,2019-10-30,8.55,9.04,8.49,8.52,245760.67,214129.09
300248.SZ,2019-10-31,8.65,8.69,8.22,8.34,168987.86,143111.13
300248.SZ,2019-11-01,8.27,8.44,8.26,8.32,114243.72,95434.01
300248.SZ,2019-11-04,8.38,8.61,8.31,8.43,140217.86,118773.91
300248.SZ,2019-11-05,8.4,8.5,8.26,8.42,88885.85,74529.4
300248.SZ,2019-11-06,8.41,8.41,8.14,8.23,89770.7,74063.62
300248.SZ,2019-11-07,8.18,8.49,8.0,8.37,90457.41,75407.2
300248.SZ,2019-11-08,8.39,8.55,8.28,8.3,89683.54,75462.75
300248.SZ,2019-11-11,8.11,8.26,7.81,7.95,105488.7,84569.88
300248.SZ,2019-11-12,7.88,8.03,7.85,7.93,60744.28,48174.43
300248.SZ,2019-11-13,7.94,7.96,7.67,7.79,72475.05,56484.93
300248.SZ,2019-11-14,7.76,7.94,7.6,7.83,65150.85,51122.6
300248.SZ,2019-11-15,7.84,7.94,7.73,7.75,67742.8,53098.29
300248.SZ,2019-11-18,7.78,7.9,7.73,7.87,51715.1,40541.32
300248.SZ,2019-11-19,7.85,7.99,7.81,7.98,67062.89,53257.27
300248.SZ,2019-11-20,7.97,7.98,7.78,7.82,67195.03,52878.99
300248.SZ,2019-11-21,7.8,7.87,7.71,7.74,55330.58,43038.9
300248.SZ,2019-11-22,7.87,8.25,7.78,7.92,142421.33,113940.94
300248.SZ,2019-11-25,7.77,7.84,7.36,7.46,111751.46,83753.25
300248.SZ,2019-11-26,7.49,7.49,7.33,7.43,45533.46,33785.35
300248.SZ,2019-11-27,7.41,7.54,7.36,7.44,48490.99,36210.55
300248.SZ,2019-11-28,7.36,7.49,7.33,7.4,39424.79,29121.0
300248.SZ,2019-11-29,7.4,7.42,7.25,7.36,40603.32,29772.9
300248.SZ,2019-12-02,7.41,7.46,7.3,7.34,47136.16,34808.02
300248.SZ,2019-12-03,7.32,7.41,7.24,7.38,37634.04,27639.14
300248.SZ,2019-12-04,7.35,7.38,7.29,7.32,28176.06,20644.79
300248.SZ,2019-12-05,7.36,7.48,7.33,7.46,58985.69,43766.23
300248.SZ,2019-12-06,7.45,7.53,7.41,7.5,42019.39,31404.61
300248.SZ,2019-12-09,7.53,7.61,7.48,7.57,47916.84,36221.24
300248.SZ,2019-12-10,7.66,7.67,7.51,7.64,61109.11,46403.89
300248.SZ,2019-12-11,7.57,7.74,7.56,7.71,58439.11,44768.3
300248.SZ,2019-12-12,7.66,7.7,7.59,7.61,55675.3,42543.84
300248.SZ,2019-12-13,7.63,7.71,7.59,7.7,62050.85,47565.21
300248.SZ,2019-12-16,7.71,7.9,7.71,7.89,79042.86,61875.79
300248.SZ,2019-12-17,7.9,8.02,7.84,7.96,88798.21,70488.08
300248.SZ,2019-12-18,7.96,8.1,7.91,7.96,70344.37,56347.83
300248.SZ,2019-12-19,7.96,8.11,7.94,8.06,60815.3,48829.69
300248.SZ,2019-12-20,8.12,8.12,7.87,7.9,60271.43,48113.56
300248.SZ,2019-12-23,7.9,7.96,7.71,7.74,56897.91,44634.36
300248.SZ,2019-12-24,7.74,8.03,7.7,8.01,62438.25,49346.79
300248.SZ,2019-12-25,8.01,8.28,7.97,8.28,112773.86,91792.19
300248.SZ,2019-12-26,8.45,8.45,8.14,8.22,123535.54,101573.27
300248.SZ,2019-12-27,8.2,8.33,8.03,8.05,85194.61,69607.74
300248.SZ,2019-12-30,8.02,8.19,7.86,8.15,68804.46,55509.46
300248.SZ,2019-12-31,8.11,8.23,8.09,8.21,60404.59,49334.33
300248.SZ,2020-01-02,8.27,8.65,8.23,8.56,144966.5,123016.46
300248.SZ,2020-01-03,9.42,9.42,9.35,9.42,148354.82,139742.85
300248.SZ,2020-01-06,9.7,10.36,9.46,10.03,734587.1,730440.89
300248.SZ,2020-01-07,9.85,10.77,9.69,10.32,485135.73,488825.86
300248.SZ,2020-01-08,10.07,10.31,9.9,9.95,284800.83,288252.2
300248.SZ,2020-01-09,10.13,10.46,10.04,10.19,248682.67,253444.59
300248.SZ,2020-01-10,10.2,10.61,9.83,10.37,336672.01,343881.96
300248.SZ,2020-01-13,10.12,10.45,9.9,10.45,270657.93,275533.43
300248.SZ,2020-01-14,10.55,10.87,10.1,10.17,305828.06,317664.12
300248.SZ,2020-01-15,10.03,10.37,10.03,10.3,166807.53,170340.2
300248.SZ,2020-01-16,10.28,10.35,10.06,10.12,139554.41,141929.14
300248.SZ,2020-01-17,10.28,10.85,10.18,10.36,282448.25,295667.43
300248.SZ,2020-01-20,10.18,11.33,10.15,10.9,319057.32,342756.95
300248.SZ,2020-01-21,10.9,11.33,10.6,10.68,303946.38,333498.28
300248.SZ,2020-01-22,10.27,10.88,10.27,10.6,226704.31,238868.48
300248.SZ,2020-01-23,10.59,10.6,9.7,9.88,249364.76,253815.36
300248.SZ,2020-02-03,8.89,8.89,8.89,8.89,13793.0,12261.98
300248.SZ,2020-02-04,8.25,9.56,8.25,9.34,326984.91,297193.36
300248.SZ,2020-02-05,9.3,10.25,9.27,9.82,259859.97,254302.29
300248.SZ,2020-02-06,10.4,10.8,10.1,10.8,264058.55,278589.38
300248.SZ,2020-02-07,11.88,11.88,11.88,11.88,68483.94,81358.92
300248.SZ,2020-02-10,13.07,13.07,11.2,11.62,611684.4,728971.94
300248.SZ,2020-02-11,11.64,12.2,11.16,11.23,369702.6,430118.06
300248.SZ,2020-02-12,11.04,12.35,10.86,12.08,427486.25,493959.36
300248.SZ,2020-02-13,11.82,12.05,11.44,11.53,318427.68,373531.08
300248.SZ,2020-02-14,11.66,12.05,11.31,11.47,280294.56,326653.12
300248.SZ,2020-02-17,11.41,11.83,11.41,11.7,230073.01,268592.87
300248.SZ,2020-02-18,11.5,12.7,11.46,12.48,324259.72,393093.82
300248.SZ,2020-02-19,12.26,12.71,11.92,12.06,234550.77,287797.41
300248.SZ,2020-02-20,12.04,13.27,11.88,13.27,303699.68,385846.69
300248.SZ,2020-02-21,13.67,14.0,13.28,13.32,417560.67,567935.18
300248.SZ,2020-02-24,13.39,13.88,13.12,13.53,285217.6,384473.43
300248.SZ,2020-02-25,13.16,13.92,12.8,13.83,315387.01,422172.17
300248.SZ,2020-02-26,13.53,14.87,13.1,13.18,308984.53,434952.88
300248.SZ,2020-02-27,14.0,14.5,13.4,14.46,371838.54,526468.91
300248.SZ,2020-02-28,13.99,13.99,13.01,13.01,289466.43,385176.74
300248.SZ,2020-03-02,12.88,13.41,12.18,13.17,240863.48,310040.95
300248.SZ,2020-03-03,13.3,13.84,12.9,13.21,213326.49,286497.93
300248.SZ,2020-03-04,13.2,13.2,12.72,13.04,147638.0,191118.39
300248.SZ,2020-03-05,13.49,13.53,12.76,12.84,113997.12,148113.2
300248.SZ,2020-03-06,12.68,13.08,12.61,12.78,90535.05,116433.07
300248.SZ,2020-03-09,12.47,12.59,11.56,11.56,184907.7,221778.91
300248.SZ,2020-03-10,11.42,12.16,11.38,12.15,157838.39,187941.99
300248.SZ,2020-03-11,12.25,12.39,11.89,11.9,111214.33,134931.13
300248.SZ,2020-03-12,11.63,12.05,11.38,11.58,111131.51,129384.52
300248.SZ,2020-03-13,11.1,11.76,10.98,11.56,105243.5,119391.52
300248.SZ,2020-03-16,11.97,12.15,10.81,10.93,171797.24,198552.12
300248.SZ,2020-03-17,11.16,11.28,10.58,10.96,110621.2,121256.07
300248.SZ,2020-03-18,11.19,11.45,10.8,10.85,110304.26,122871.42
300248.SZ,2020-03-19,10.76,11.27,10.76,11.17,120260.65,132278.39
300248.SZ,2020-03-20,11.34,11.45,10.69,10.94,112005.3,123098.47
300248.SZ,2020-03-23,10.61,10.82,10.14,10.24,115242.28,120120.94
300248.SZ,2020-03-24,10.48,10.63,10.1,10.39,96014.56,99796.93
300248.SZ,2020-03-25,10.62,10.78,10.49,10.57,72580.29,77170.07
300248.SZ,2020-03-26,10.59,10.74,10.38,10.52,74004.59,77915.8
300248.SZ,2020-03-27,10.65,10.65,10.23,10.24,63597.71,66309.37
300248.SZ,2020-03-30,10.02,10.24,9.6,9.9,86975.95,85623.63
300248.SZ,2020-03-31,10.01,10.22,9.83,9.85,61551.9,61595.52
300248.SZ,2020-04-01,9.79,10.13,9.7,9.94,78624.04,78452.14
300248.SZ,2020-04-02,9.9,10.39,9.8,10.35,81568.29,82853.48
300248.SZ,2020-04-03,10.27,10.39,10.1,10.17,61268.07,62640.99
300248.SZ,2020-04-07,10.46,10.69,10.36,10.59,85826.4,90763.53
300248.SZ,2020-04-08,10.96,11.13,10.73,10.89,115819.31,126217.53
300248.SZ,2020-04-09,10.89,11.08,10.74,10.85,93906.57,102222.2
300248.SZ,2020-04-10,10.88,10.88,10.23,10.31,120484.14,125858.44
300248.SZ,2020-04-13,10.22,10.29,9.77,9.88,81049.13,80557.97
300248.SZ,2020-04-14,9.98,10.26,9.97,10.26,64632.3,65502.36
300248.SZ,2020-04-15,10.31,10.59,10.21,10.42,86841.84,90068.92
300248.SZ,2020-04-16,10.35,11.24,10.21,11.07,210361.45,227757.4
300248.SZ,2020-04-17,11.5,12.18,11.42,12.18,234924.57,279167.06
300248.SZ,2020-04-20,12.24,13.15,11.95,12.5,367187.16,455768.31
300248.SZ,2020-04-21,12.33,12.5,11.74,12.0,246556.58,297417.94
300248.SZ,2020-04-22,11.7,12.16,11.7,12.02,126207.36,150947.16
300248.SZ,2020-04-23,12.02,13.22,11.82,12.83,260007.58,324073.31
300248.SZ,2020-04-24,12.6,12.9,12.25,12.53,204360.49,256773.55
300248.SZ,2020-04-27,12.68,12.68,12.0,12.2,151075.16,185910.95
300248.SZ,2020-04-28,12.38,12.38,11.2,11.63,166235.29,193496.72
300248.SZ,2020-04-29,11.72,11.76,11.36,11.52,114816.26,132766.59
300248.SZ,2020-04-30,11.64,12.25,11.62,12.04,137153.37,165056.16
300248.SZ,2020-05-06,11.8,12.15,11.71,12.12,139939.1,166752.57
300248.SZ,2020-05-07,12.22,12.27,11.83,11.85,117333.59,140189.22
300248.SZ,2020-05-08,12.0,12.87,12.0,12.45,209101.41,260752.68
300248.SZ,2020-05-11,12.53,12.64,12.13,12.38,129314.6,159185.05
300248.SZ,2020-05-12,12.22,12.24,11.65,12.08,136210.23,162509.52
300248.SZ,2020-05-13,11.96,12.3,11.85,12.26,103764.43,126104.97
300248.SZ,2020-05-14,12.15,12.32,11.9,11.96,90950.6,109727.53
300248.SZ,2020-05-15,12.01,12.05,11.58,11.59,118699.69,139970.37
300248.SZ,2020-05-18,11.57,11.69,11.16,11.21,107558.49,122349.27
300248.SZ,2020-05-19,11.39,11.4,11.15,11.27,64516.16,72688.83
300248.SZ,2020-05-20,11.27,11.35,11.03,11.11,66985.89,74823.12
300248.SZ,2020-05-21,11.24,11.24,10.61,10.71,101595.81,110374.5
300248.SZ,2020-05-22,10.71,10.81,10.28,10.42,88569.3,93211.01
300248.SZ,2020-05-25,10.5,10.79,10.34,10.77,67086.99,71045.6
300248.SZ,2020-05-26,10.77,10.93,10.73,10.91,58391.03,63268.13
300248.SZ,2020-05-27,10.95,10.95,10.6,10.74,46767.61,50214.18
300248.SZ,2020-05-28,10.7,10.86,10.45,10.83,46861.63,49965.14
300248.SZ,2020-05-29,10.75,10.95,10.63,10.77,46176.39,50006.46
300248.SZ,2020-06-01,10.79,11.16,10.75,11.15,77301.22,85357.36
300248.SZ,2020-06-02,11.17,11.63,11.03,11.61,139053.56,158507.61
300248.SZ,2020-06-03,11.62,11.71,11.35,11.4,95353.13,109419.57
300248.SZ,2020-06-04,11.47,11.5,11.23,11.38,53556.55,60695.37
300248.SZ,2020-06-05,11.31,11.36,11.11,11.25,55274.96,62066.08
300248.SZ,2020-06-08,11.29,11.35,11.12,11.18,53624.48,60255.44
300248.SZ,2020-06-09,11.16,11.49,11.03,11.45,74651.17,84705.43
300248.SZ,2020-06-10,11.54,11.67,11.2,11.31,94016.37,107132.93
300248.SZ,2020-06-11,11.23,11.57,11.17,11.22,73260.04,83337.65
300248.SZ,2020-06-12,10.98,11.39,10.88,11.25,57159.42,63892.34
300248.SZ,2020-06-15,11.24,11.86,11.1,11.64,132583.34,154113.06
300248.SZ,2020-06-16,11.76,11.76,11.52,11.68,84031.42,97699.33
300248.SZ,2020-06-17,11.68,11.96,11.58,11.92,123836.2,146002.12
300248.SZ,2020-06-18,11.85,11.94,11.67,11.74,80414.04,94753.52
300248.SZ,2020-06-19,11.67,11.78,11.47,11.52,83160.65,96179.61
300248.SZ,2020-06-22,11.55,11.95,11.55,11.9,100778.31,118022.89
300248.SZ,2020-06-23,11.7,11.73,11.5,11.52,104300.99,120718.81
300248.SZ,2020-06-24,11.53,12.57,11.53,12.0,195828.14,237320.53
300248.SZ,2020-06-29,12.03,12.18,11.65,11.85,113690.69,134779.52
300248.SZ,2020-06-30,11.88,12.48,11.86,12.36,168849.14,206658.77
300248.SZ,2020-07-01,12.37,12.42,11.91,12.2,148165.72,180006.58
300248.SZ,2020-07-02,12.17,12.33,11.97,12.29,129671.39,157421.9
300248.SZ,2020-07-03,12.25,12.32,12.08,12.21,85828.03,104531.24
300248.SZ,2020-07-06,12.3,12.71,12.22,12.57,169001.08,210430.92
300248.SZ,2020-07-07,12.53,13.08,12.45,12.75,181739.3,232831.56
300248.SZ,2020-07-08,12.85,13.33,12.61,13.19,204799.5,265884.61
300248.SZ,2020-07-09,13.25,13.76,13.21,13.62,216354.14,291346.14
300248.SZ,2020-07-10,13.62,13.88,13.24,13.3,198975.45,270069.81
300248.SZ,2020-07-13,13.33,13.68,13.3,13.55,181474.66,243729.6
300248.SZ,2020-07-14,13.45,13.45,12.66,12.98,243888.18,316845.32
300248.SZ,2020-07-15,13.3,13.6,12.7,12.79,215512.69,283716.22
300248.SZ,2020-07-16,13.03,13.16,11.72,11.98,171757.84,214494.02
300248.SZ,2020-07-17,12.01,12.12,11.6,11.7,115258.2,135901.13
300248.SZ,2020-07-20,11.84,12.09,11.68,12.09,114273.52,136336.95
300248.SZ,2020-07-21,13.3,13.3,12.97,13.3,293308.68,389192.91
300248.SZ,2020-07-22,13.35,14.45,13.01,13.69,599442.66,822494.96
300248.SZ,2020-07-23,13.2,13.35,12.86,13.24,328239.3,430227.36
300248.SZ,2020-07-24,13.16,13.23,12.1,12.17,263427.89,332937.9
300248.SZ,2020-07-27,12.05,12.4,11.93,12.31,137202.3,167220.18
300248.SZ,2020-07-28,12.26,12.62,12.15,12.37,146815.12,181334.26
300248.SZ,2020-07-29,12.2,12.64,12.03,12.6,140534.42,174640.81
300248.SZ,2020-07-30,12.72,12.75,12.15,12.23,155105.34,192085.57
300248.SZ,2020-07-31,12.29,13.1,12.23,13.03,256693.78,325371.68
300248.SZ,2020-08-03,13.11,13.49,13.11,13.33,235263.0,313093.72
300248.SZ,2020-08-04,13.3,13.7,13.0,13.11,203328.22,270059.78
300248.SZ,2020-08-05,13.35,14.42,13.07,14.42,323266.24,447873.14
300248.SZ,2020-08-06,14.83,14.95,13.86,14.43,530146.36,759986.68
300248.SZ,2020-08-07,14.08,14.45,13.5,14.16,370689.65,519301.87
300248.SZ,2020-08-10,14.51,14.97,14.05,14.35,382442.32,557201.78
300248.SZ,2020-08-11,14.08,14.28,13.43,13.5,293395.7,407243.44
300248.SZ,2020-08-12,13.39,13.68,12.98,13.26,181567.85,240492.08
300248.SZ,2020-08-13,13.35,13.42,13.1,13.17,121127.1,160181.02
300248.SZ,2020-08-14,13.24,13.66,13.13,13.56,146298.25,196239.89
300248.SZ,2020-08-17,13.8,14.08,13.51,13.97,176697.96,244345.4
300248.SZ,2020-08-18,13.77,14.87,13.76,14.39,261511.85,374356.95
300248.SZ,2020-08-19,14.33,14.39,13.7,13.7,184166.11,258127.19
300248.SZ,2020-08-20,13.25,13.59,12.7,12.93,218651.72,287170.6
300248.SZ,2020-08-21,12.94,13.44,12.94,13.09,129266.01,170384.43
300248.SZ,2020-08-24,13.09,13.6,12.6,13.29,120825.63,158950.2
300248.SZ,2020-08-25,13.31,14.9,13.22,14.74,409316.47,585733.51
300248.SZ,2020-08-26,15.77,17.0,14.53,14.76,658500.89,1019473.78
300248.SZ,2020-08-27,14.24,15.59,14.24,14.79,417907.93,626095.04
300248.SZ,2020-08-28,14.47,14.97,14.19,14.67,303858.49,442705.45
300248.SZ,2020-08-31,14.72,15.07,14.41,14.41,275435.22,406244.91
300248.SZ,2020-09-01,14.52,15.05,14.4,14.7,228683.87,335520.54
300248.SZ,2020-09-02,14.93,15.76,14.74,15.49,363910.91,554429.22
300248.SZ,2020-09-03,15.08,15.24,14.6,14.68,268143.21,398249.06
300248.SZ,2020-09-04,14.27,14.94,14.27,14.79,179167.57,263137.07
300248.SZ,2020-09-07,14.79,15.26,14.5,14.72,234785.02,349504.8
300248.SZ,2020-09-08,14.63,14.71,14.18,14.62,189669.47,273856.73
300248.SZ,2020-09-09,14.39,15.72,13.55,15.0,442405.32,650265.01
300248.SZ,2020-09-10,16.05,18.0,13.86,14.89,555946.57,889231.41
300248.SZ,2020-09-11,13.74,14.85,13.74,14.49,303638.42,436189.22
300248.SZ,2020-09-14,14.7,15.66,14.38,15.6,385495.33,587489.19
300248.SZ,2020-09-15,15.87,15.9,15.24,15.55,335526.85,520931.09
300248.SZ,2020-09-16,15.36,15.5,14.8,15.27,242507.83,367597.0
300248.SZ,2020-09-17,15.25,15.99,15.16,15.62,380974.23,598777.43
300248.SZ,2020-09-18,15.46,15.88,15.18,15.8,233136.37,360446.24
300248.SZ,2020-09-21,16.13,16.26,15.27,15.33,293310.36,462016.2
300248.SZ,2020-09-22,15.02,15.55,14.78,15.05,216007.74,328165.72
300248.SZ,2020-09-23,15.05,15.1,14.6,14.8,170348.96,251853.78
300248.SZ,2020-09-24,14.6,14.69,14.1,14.15,172325.04,247648.98
300248.SZ,2020-09-25,14.22,14.34,13.9,13.91,125456.27,176534.18
300248.SZ,2020-09-28,14.0,14.17,13.12,13.24,157112.69,213710.29
300248.SZ,2020-09-29,13.36,13.59,13.13,13.38,114144.38,152672.4
300248.SZ,2020-09-30,13.48,13.48,12.95,13.04,114625.26,151040.38
300248.SZ,2020-10-09,13.33,13.59,13.29,13.5,95435.46,128362.05
300248.SZ,2020-10-12,13.74,14.38,13.66,14.29,152398.9,213756.26
300248.SZ,2020-10-13,14.32,14.45,14.07,14.41,144146.86,206256.86
300248.SZ,2020-10-14,14.32,14.41,13.95,14.06,126612.11,178183.74
300248.SZ,2020-10-15,13.9,14.04,13.54,13.56,106995.74,147159.04
300248.SZ,2020-10-16,13.66,13.74,13.34,13.69,88130.11,119375.99
300248.SZ,2020-10-19,13.77,13.98,13.61,13.7,88284.15,121664.71
300248.SZ,2020-10-20,13.64,13.9,13.55,13.9,75306.26,103587.24
300248.SZ,2020-10-21,13.88,13.95,13.39,13.42,82034.72,111175.09
300248.SZ,2020-10-22,13.62,15.19,13.57,14.59,358860.43,521471.65
300248.SZ,2020-10-23,14.52,14.7,14.15,14.24,206383.77,297083.78
300248.SZ,2020-10-26,14.24,14.6,14.04,14.5,151555.61,217658.43
300248.SZ,2020-10-27,14.4,14.46,14.18,14.45,111542.47,159989.21
300248.SZ,2020-10-28,14.34,14.34,13.14,13.42,219113.78,296394.06
300248.SZ,2020-10-29,12.98,13.03,12.34,12.41,234970.87,295115.52
300248.SZ,2020-10-30,12.4,12.54,11.89,12.05,131343.41,160333.56
300248.SZ,2020-11-02,12.05,12.12,11.68,11.8,95704.57,113500.06
300248.SZ,2020-11-03,11.81,12.22,11.81,12.13,80163.67,96785.39
300248.SZ,2020-11-04,11.6,11.9,11.51,11.63,130276.03,151592.82
300248.SZ,2020-11-05,11.76,11.83,11.57,11.77,93053.38,108847.79
300248.SZ,2020-11-06,11.81,11.95,11.05,11.22,137692.14,157706.66
300248.SZ,2020-11-09,11.34,11.85,11.24,11.75,128306.16,149371.97
300248.SZ,2020-11-10,11.8,11.88,11.42,11.54,80632.17,93137.88
300248.SZ,2020-11-11,11.5,11.55,11.1,11.12,84307.24,94462.36
300248.SZ,2020-11-12,11.22,11.25,10.86,10.93,65213.92,71836.68
300248.SZ,2020-11-13,10.95,11.11,10.6,11.1,69153.84,75584.61
300248.SZ,2020-11-16,11.01,11.1,10.82,10.86,59214.82,64446.64
300248.SZ,2020-11-17,10.88,10.91,10.43,10.71,77544.95,82044.13
300248.SZ,2020-11-18,10.7,10.89,10.41,10.5,102690.85,109016.55
300248.SZ,2020-11-19,10.47,10.65,10.24,10.59,96034.56,100607.63
300248.SZ,2020-11-20,10.6,10.66,10.39,10.4,69133.25,72201.04
300248.SZ,2020-11-23,10.4,10.45,10.14,10.31,96426.02,99043.79
300248.SZ,2020-11-24,10.31,10.45,10.21,10.26,68922.62,71075.54
300248.SZ,2020-11-25,10.3,10.63,10.22,10.31,116363.71,121046.74
300248.SZ,2020-11-26,10.28,10.37,10.22,10.31,61052.44,62994.71
300248.SZ,2020-11-27,10.35,10.59,10.31,10.58,91729.55,95960.37
300248.SZ,2020-11-30,10.65,10.65,10.37,10.38,87669.09,91657.24
300248.SZ,2020-12-01,10.38,10.53,10.36,10.51,65196.97,68280.47
300248.SZ,2020-12-02,10.5,10.64,10.43,10.46,73445.4,77260.17
300248.SZ,2020-12-03,10.48,10.55,10.27,10.46,72305.93,75239.7
300248.SZ,2020-12-04,10.35,10.55,10.32,10.55,76646.9,80172.45
300248.SZ,2020-12-07,10.58,11.17,10.58,10.85,172648.65,188121.95
300248.SZ,2020-12-08,10.7,10.88,10.62,10.75,72852.45,78342.23
300248.SZ,2020-12-09,10.79,10.81,10.24,10.24,84122.19,88104.86
300248.SZ,2020-12-10,10.2,10.34,10.08,10.17,48917.52,49957.71
300248.SZ,2020-12-11,10.12,10.19,9.44,9.66,120889.17,117438.67
300248.SZ,2020-12-14,9.61,9.86,9.35,9.73,63087.21,60893.94
300248.SZ,2020-12-15,9.78,9.89,9.65,9.73,46744.06,45605.27
300248.SZ,2020-12-16,9.7,9.79,9.31,9.34,77081.59,72913.93
300248.SZ,2020-12-17,9.3,9.62,9.11,9.56,91241.59,85543.73
300248.SZ,2020-12-18,9.57,9.66,9.34,9.4,55449.84,52435.11
300248.SZ,2020-12-21,9.31,9.58,9.31,9.47,42154.36,39983.59
300248.SZ,2020-12-22,9.59,9.59,9.05,9.12,88454.0,81624.0
300248.SZ,2020-12-23,9.03,9.24,8.95,9.2,70768.42,64561.78
300248.SZ,2020-12-24,9.2,9.2,8.76,8.99,88086.22,78607.92
300248.SZ,2020-12-25,8.81,8.94,8.76,8.76,66104.9,58482.69
300248.SZ,2020-12-28,8.76,8.91,8.45,8.58,107999.58,93458.95
300248.SZ,2020-12-29,8.55,8.88,8.54,8.62,95496.68,83298.41
300248.SZ,2020-12-30,8.68,8.69,8.53,8.56,62659.33,53917.72
300248.SZ,2020-12-31,8.58,9.1,8.58,8.87,97864.94,86906.26
300248.SZ,2021-01-04,8.98,9.1,8.82,8.85,98440.1,87732.26
300248.SZ,2021-01-05,8.85,8.9,8.62,8.7,83202.05,72547.85
300248.SZ,2021-01-06,8.68,8.7,8.19,8.34,120703.65,100896.83
300248.SZ,2021-01-07,8.34,8.4,7.81,7.94,149828.48,120136.92
300248.SZ,2021-01-08,7.91,8.24,7.61,8.04,110523.75,88614.98
300248.SZ,2021-01-11,8.01,8.15,7.72,7.94,84226.07,66647.53
300248.SZ,2021-01-12,7.76,8.09,7.7,7.88,70941.01,56103.31
300248.SZ,2021-01-13,7.91,8.08,7.66,7.84,78351.99,61309.76
300248.SZ,2021-01-14,7.82,8.07,7.68,8.06,68035.29,53803.53
300248.SZ,2021-01-15,8.02,8.35,7.98,8.28,80955.82,66413.01
300248.SZ,2021-01-18,8.24,8.4,8.17,8.28,55582.31,46077.6
300248.SZ,2021-01-19,8.24,8.6,8.24,8.46,87973.52,74451.08
300248.SZ,2021-01-20,8.44,8.53,8.33,8.36,47547.72,39891.96
300248.SZ,2021-01-21,8.41,8.54,8.26,8.45,54250.49,45732.24
300248.SZ,2021-01-22,8.45,8.5,8.18,8.18,62787.8,51686.08
300248.SZ,2021-01-25,8.22,8.22,7.74,7.8,78186.6,61432.37
300248.SZ,2021-01-26,7.78,8.05,7.73,7.8,65598.4,51735.0
300248.SZ,2021-01-27,8.1,8.82,8.1,8.21,146418.3,122557.18
300248.SZ,2021-01-28,8.0,8.37,7.99,8.04,96304.01,78339.03
300248.SZ,2021-01-29,7.99,8.11,7.81,7.91,66885.2,52901.82
300248.SZ,2021-02-01,7.95,8.37,7.86,8.35,90631.06,74290.19
300248.SZ,2021-02-02,8.3,8.34,8.05,8.14,70457.42,57552.66
300248.SZ,2021-02-03,8.08,8.13,7.8,7.8,65999.13,52260.4
300248.SZ,2021-02-04,7.85,7.85,7.39,7.55,67237.95,50902.25
300248.SZ,2021-02-05,7.55,7.85,7.46,7.5,56928.82,43560.31
300248.SZ,2021-02-08,7.55,7.55,7.35,7.39,47611.96,35466.04
300248.SZ,2021-02-09,7.46,7.59,7.36,7.55,47746.57,35754.71
300248.SZ,2021-02-10,7.56,7.69,7.5,7.61,46086.43,34925.38
300248.SZ,2021-02-18,7.76,7.95,7.75,7.9,60016.09,47252.27
300248.SZ,2021-02-19,7.84,8.41,7.82,8.41,97937.94,80113.16
300248.SZ,2021-02-22,8.35,8.65,8.31,8.43,128264.95,109124.23
300248.SZ,2021-02-23,8.32,8.5,8.17,8.3,74822.99,62155.65
300248.SZ,2021-02-24,8.27,8.51,8.24,8.37,77885.81,65326.95
300248.SZ,2021-02-25,8.38,8.45,8.19,8.24,51872.85,42786.52
300248.SZ,2021-02-26,8.11,8.38,8.1,8.28,55757.78,46167.59
300248.SZ,2021-03-01,8.47,8.56,8.36,8.47,72927.62,61638.54
300248.SZ,2021-03-02,8.52,8.78,8.29,8.78,151991.7,130472.94
300248.SZ,2021-03-03,8.78,9.08,8.7,8.85,155308.46,137397.13
300248.SZ,2021-03-04,8.78,9.0,8.59,8.59,114122.11,100185.88
300248.SZ,2021-03-05,8.58,8.88,8.58,8.71,82665.73,72212.43
300248.SZ,2021-03-08,8.77,8.9,8.57,8.57,76129.36,66468.05
300248.SZ,2021-03-09,8.61,8.65,8.0,8.26,81250.0,67616.42
300248.SZ,2021-03-10,8.36,8.41,8.01,8.03,68092.38,55320.7
300248.SZ,2021-03-11,8.03,8.23,7.93,8.2,52291.46,42442.49
300248.SZ,2021-03-12,8.23,8.27,8.03,8.18,56986.89,46469.9
300248.SZ,2021-03-15,8.18,8.22,8.05,8.13,36268.65,29436.07
300248.SZ,2021-03-16,8.15,8.41,8.1,8.39,63907.79,52870.53
300248.SZ,2021-03-17,8.38,8.55,8.31,8.51,69096.36,58364.41
300248.SZ,2021-03-18,8.48,8.52,8.35,8.38,47944.06,40374.16
300248.SZ,2021-03-19,8.33,8.48,8.25,8.42,42666.47,35760.56
300248.SZ,2021-03-22,8.4,8.54,8.33,8.54,44790.8,37834.07
300248.SZ,2021-03-23,8.52,8.78,8.41,8.68,98556.4,84888.27
300248.SZ,2021-03-24,8.59,8.72,8.48,8.5,61097.83,52360.56
300248.SZ,2021-03-25,8.52,9.5,8.52,9.14,247853.09,224760.09
300248.SZ,2021-03-26,9.09,9.26,9.02,9.17,149190.95,136303.62
300248.SZ,2021-03-29,9.12,9.33,9.05,9.07,106814.47,97794.13
300248.SZ,2021-03-30,9.05,9.09,8.74,8.79,87490.09,77410.31
300248.SZ,2021-03-31,8.77,9.02,8.71,8.98,77797.17,69370.96
300248.SZ,2021-04-01,8.9,8.93,8.7,8.86,72217.68,63629.28
300248.SZ,2021-04-02,8.83,9.25,8.81,9.09,97783.38,89116.88
300248.SZ,2021-04-06,9.07,9.38,9.07,9.37,110252.84,101873.2
300248.SZ,2021-04-07,9.28,9.29,9.11,9.18,65303.38,59930.88
300248.SZ,2021-04-08,9.12,9.2,8.85,8.85,76598.44,69111.54
300248.SZ,2021-04-09,8.89,9.02,8.82,8.97,35930.29,32030.35
300248.SZ,2021-04-12,8.26,8.28,7.74,7.83,173244.53,137932.96
300248.SZ,2021-04-13,7.79,7.95,7.75,7.77,70585.36,55314.72
300248.SZ,2021-04-14,7.81,7.88,7.66,7.83,39803.17,30995.14
300248.SZ,2021-04-15,7.82,7.99,7.68,7.77,49081.76,38462.66
300248.SZ,2021-04-16,7.8,9.28,7.77,9.08,277512.62,241495.47
300248.SZ,2021-04-19,9.28,10.1,9.01,9.8,357344.39,345525.88
300248.SZ,2021-04-20,9.61,9.98,9.61,9.84,267366.64,262319.02
300248.SZ,2021-04-21,9.99,10.78,9.8,10.34,346152.75,358145.22
300248.SZ,2021-04-22,10.5,10.58,10.03,10.37,300626.88,309930.54
300248.SZ,2021-04-23,10.33,10.51,9.99,10.2,234754.47,240816.96
300248.SZ,2021-04-26,10.39,10.5,9.95,10.01,186733.24,189491.78
300248.SZ,2021-04-27,10.12,10.19,9.55,9.81,228631.26,223755.6
300248.SZ,2021-04-28,9.8,9.89,9.53,9.53,130904.99,126411.35
300248.SZ,2021-04-29,9.47,9.83,9.41,9.45,87101.65,83189.56
300248.SZ,2021-04-30,9.43,9.55,9.25,9.35,82985.7,77690.26
300248.SZ,2021-05-06,9.48,9.67,9.12,9.12,103065.9,95686.0
300248.SZ,2021-05-07,9.18,9.46,9.05,9.16,158661.41,146387.66
300248.SZ,2021-05-10,9.27,10.94,9.27,10.93,369965.11,375213.67
300248.SZ,2021-05-11,10.88,11.4,10.32,10.6,368534.32,398070.47
300248.SZ,2021-05-12,10.37,10.6,10.05,10.4,215597.46,223005.53
300248.SZ,2021-05-13,10.44,11.26,10.36,10.55,275475.93,297039.58
300248.SZ,2021-05-14,10.42,10.7,10.1,10.35,199966.82,207065.02
300248.SZ,2021-05-17,10.35,10.39,10.0,10.18,129077.73,131236.42
300248.SZ,2021-05-18,10.19,10.69,10.08,10.42,167853.77,174786.0
300248.SZ,2021-05-19,10.39,10.39,9.7,9.71,197803.83,196920.33
300248.SZ,2021-05-20,9.6,9.97,9.56,9.8,120934.53,118681.33
300248.SZ,2021-05-21,9.8,10.27,9.8,9.9,144537.76,145177.97
300248.SZ,2021-05-24,9.65,10.06,9.63,9.95,101076.08,99561.03
300248.SZ,2021-05-25,9.92,10.15,9.67,10.04,120310.7,119426.11
300248.SZ,2021-05-26,10.07,10.36,9.94,10.0,131789.85,133440.24
300248.SZ,2021-05-27,9.99,10.1,9.79,9.95,99315.86,98464.75
300248.SZ,2021-05-28,9.92,9.93,9.38,9.41,161820.91,155206.93
300248.SZ,2021-05-31,9.39,10.29,9.33,10.27,215644.4,214001.77
300248.SZ,2021-06-01,10.03,10.24,9.96,10.0,145241.62,146509.4
300248.SZ,2021-06-02,9.92,10.04,9.45,9.57,132746.06,128358.45
300248.SZ,2021-06-03,9.62,9.81,9.44,9.49,95256.17,91570.81
300248.SZ,2021-06-04,9.59,9.59,9.35,9.38,69739.18,65537.04
300248.SZ,2021-06-07,9.42,9.61,9.35,9.56,68860.03,65482.11
300248.SZ,2021-06-08,9.58,9.67,9.43,9.49,71894.21,68668.59
300248.SZ,2021-06-09,9.45,9.54,9.35,9.54,60898.95,57391.1
300248.SZ,2021-06-10,9.55,10.22,9.5,9.9,170276.9,169400.97
300248.SZ,2021-06-11,9.92,10.25,9.72,10.14,174653.42,175887.91
300248.SZ,2021-06-15,10.19,10.47,10.0,10.23,180101.91,184256.98
300248.SZ,2021-06-16,10.16,10.2,9.86,10.1,113792.64,114108.43
300248.SZ,2021-06-17,10.01,10.35,9.93,10.12,102849.26,103823.39
300248.SZ,2021-06-18,10.04,10.88,9.88,10.7,282840.8,295630.67
300248.SZ,2021-06-21,10.43,10.46,10.19,10.34,169751.26,175064.29
300248.SZ,2021-06-22,10.39,10.42,9.98,10.09,155097.88,157171.95
300248.SZ,2021-06-23,10.09,10.19,9.89,10.13,98406.81,98772.52
300248.SZ,2021-06-24,10.1,10.1,9.68,9.74,105372.92,104369.4
300248.SZ,2021-06-25,9.76,9.84,9.66,9.73,59960.24,58407.35
300248.SZ,2021-06-28,9.79,10.0,9.63,9.98,66090.8,65271.75
300248.SZ,2021-06-29,9.99,10.12,9.7,9.71,71127.71,70392.01
300248.SZ,2021-06-30,9.67,9.88,9.61,9.84,53604.86,52466.47
300248.SZ,2021-07-01,9.89,9.89,9.35,9.41,109799.16,104193.23
300248.SZ,2021-07-02,9.34,9.46,9.1,9.13,69790.4,64333.66
300248.SZ,2021-07-05,9.2,9.29,9.09,9.25,42075.24,38750.96
300248.SZ,2021-07-06,9.2,9.4,9.13,9.31,47980.76,44544.44
300248.SZ,2021-07-07,9.28,9.32,9.11,9.18,48543.77,44496.34
300248.SZ,2021-07-08,9.17,9.48,9.12,9.33,64873.1,60334.99
300248.SZ,2021-07-09,9.3,9.43,9.09,9.18,50534.8,46360.74
300248.SZ,2021-07-12,9.18,9.4,9.16,9.34,59380.25,55324.57
300248.SZ,2021-07-13,9.3,9.58,9.27,9.43,65119.83,61141.37
300248.SZ,2021-07-14,9.46,9.56,9.29,9.45,75980.79,71765.4
300248.SZ,2021-07-15,9.15,9.15,8.38,8.55,133819.76,115645.71
300248.SZ,2021-07-16,8.56,8.77,8.46,8.5,58897.07,50440.66
300248.SZ,2021-07-19,8.5,8.5,8.25,8.32,52677.13,43940.22
300248.SZ,2021-07-20,8.34,8.36,8.19,8.36,33656.7,27899.06
300248.SZ,2021-07-21,8.32,8.51,8.29,8.5,43132.39,36345.75
300248.SZ,2021-07-22,8.52,8.58,8.43,8.46,41322.22,35106.87
300248.SZ,2021-07-23,8.49,8.53,8.02,8.08,86194.12,70445.35
300248.SZ,2021-07-26,8.09,8.3,8.0,8.19,58291.93,47358.3
300248.SZ,2021-07-27,8.19,8.26,7.96,7.98,46890.0,38077.5
300248.SZ,2021-07-28,8.0,8.09,7.61,7.67,58770.18,45476.26
300248.SZ,2021-07-29,7.74,7.93,7.74,7.8,44451.08,34828.24
300248.SZ,2021-07-30,7.81,7.91,7.73,7.84,46018.33,36023.27
300248.SZ,2021-08-02,7.79,8.0,7.67,8.0,49926.47,39250.0
300248.SZ,2021-08-03,7.95,8.21,7.93,8.05,55862.02,45293.4
300248.SZ,2021-08-04,8.04,8.13,7.97,8.1,39407.25,31706.28
300248.SZ,2021-08-05,8.05,8.07,7.76,7.8,44951.18,35435.1
300248.SZ,2021-08-06,7.81,8.13,7.73,8.06,50775.36,40370.52
300248.SZ,2021-08-09,8.04,8.16,7.97,8.08,38732.05,31236.57
300248.SZ,2021-08-10,8.1,8.23,7.99,8.09,48350.71,39283.08
300248.SZ,2021-08-11,8.09,8.17,8.03,8.1,41898.15,33947.98
300248.SZ,2021-08-12,8.09,8.26,8.08,8.15,50528.69,41229.56
300248.SZ,2021-08-13,8.15,8.16,7.93,7.99,57219.61,45887.68
300248.SZ,2021-08-16,7.99,8.05,7.87,7.97,37196.48,29618.32
300248.SZ,2021-08-17,7.9,7.92,7.66,7.67,62369.65,48452.74
300248.SZ,2021-08-18,7.64,7.99,7.58,7.89,69207.48,53879.8
300248.SZ,2021-08-19,7.84,8.79,7.84,8.25,136198.69,113918.26
300248.SZ,2021-08-20,8.07,8.15,7.81,7.97,75379.5,60053.46
300248.SZ,2021-08-23,8.0,8.15,7.91,8.12,53575.94,43173.32
300248.SZ,2021-08-24,8.06,8.17,8.01,8.01,51358.31,41379.93
300248.SZ,2021-08-25,7.98,8.05,7.93,7.96,34749.94,27739.98
300248.SZ,2021-08-26,7.96,7.96,7.76,7.77,44495.96,34911.16
300248.SZ,2021-08-27,7.88,7.95,7.74,7.8,40241.91,31367.06
300248.SZ,2021-08-30,7.85,8.14,7.81,8.05,65776.13,52493.89
300248.SZ,2021-08-31,8.0,8.26,7.85,8.15,86765.73,70647.1
300248.SZ,2021-09-01,8.15,8.24,8.0,8.19,64228.87,52254.76
300248.SZ,2021-09-02,8.15,8.2,8.05,8.14,47808.2,38789.26
300248.SZ,2021-09-03,8.16,8.36,8.07,8.22,78107.12,64116.01
300248.SZ,2021-09-06,8.17,8.3,8.1,8.22,48760.34,40018.94
300248.SZ,2021-09-07,8.22,8.36,8.2,8.27,53493.0,44256.0
300248.SZ,2021-09-08,8.3,8.56,8.27,8.55,108177.61,91398.73
300248.SZ,2021-09-09,8.44,9.98,8.32,8.89,259134.07,237052.82
300248.SZ,2021-09-10,8.7,9.16,8.67,9.02,181347.32,161835.78
300248.SZ,2021-09-13,8.85,9.28,8.7,9.09,152661.98,137189.79
300248.SZ,2021-09-14,9.13,9.2,8.68,8.74,126782.84,112973.26
300248.SZ,2021-09-15,8.74,8.87,8.62,8.8,71709.98,62559.69
300248.SZ,2021-09-16,8.86,8.86,8.41,8.42,82170.12,70548.5
300248.SZ,2021-09-17,8.42,8.59,8.36,8.58,49857.16,42155.2
300248.SZ,2021-09-22,8.5,8.74,8.43,8.72,50603.87,43585.37
300248.SZ,2021-09-23,8.76,8.82,8.62,8.63,50649.42,44015.99
300248.SZ,2021-09-24,8.6,8.75,8.37,8.38,55911.14,47770.66
300248.SZ,2021-09-27,8.38,8.56,7.98,8.05,58017.24,47438.82
300248.SZ,2021-09-28,8.05,8.23,7.99,8.04,26156.95,21148.02
300248.SZ,2021-09-29,8.07,8.11,7.7,7.7,56042.07,44101.17
300248.SZ,2021-09-30,7.75,7.87,7.75,7.82,28180.48,22005.14
300248.SZ,2021-10-08,7.93,8.18,7.88,8.1,46279.51,37405.77
300248.SZ,2021-10-11,8.2,8.2,7.99,8.0,29824.43,23962.64
300248.SZ,2021-10-12,7.99,8.02,7.8,7.86,32711.88,25758.48
300248.SZ,2021-10-13,8.1,8.45,8.0,8.06,51350.03,41856.08
300248.SZ,2021-10-14,8.12,8.12,7.9,8.02,35344.71,28338.76
300248.SZ,2021-10-15,8.05,8.14,7.87,7.88,37252.33,29793.37
300248.SZ,2021-10-18,7.85,7.94,7.7,7.94,29820.82,23344.79
300248.SZ,2021-10-19,7.94,7.94,7.85,7.87,24557.79,19367.12
300248.SZ,2021-10-20,7.93,8.18,7.9,8.06,50314.52,40594.57
300248.SZ,2021-10-21,8.08,8.08,7.86,7.89,32191.81,25535.31
300248.SZ,2021-10-22,7.83,7.92,7.82,7.88,17493.6,13734.75
300248.SZ,2021-10-25,7.84,7.88,7.65,7.74,41039.39,31661.69
300248.SZ,2021-10-26,7.79,7.82,7.66,7.7,21822.84,16869.96
300248.SZ,2021-10-27,7.73,7.73,7.41,7.45,35565.29,26613.84
300248.SZ,2021-10-28,7.4,7.57,7.4,7.49,19145.36,14334.43
300248.SZ,2021-10-29,7.46,7.67,7.46,7.61,17194.45,13017.33
300248.SZ,2021-11-01,7.61,7.75,7.52,7.68,18471.05,14144.26
300248.SZ,2021-11-02,7.66,7.71,7.44,7.52,24092.77,18230.81
300248.SZ,2021-11-03,7.58,7.68,7.5,7.6,13275.61,10070.44
300248.SZ,2021-11-04,7.59,7.69,7.59,7.69,22064.0,16862.19
300248.SZ,2021-11-05,7.63,8.05,7.63,7.92,73623.53,58298.7
300248.SZ,2021-11-08,7.88,7.98,7.79,7.91,39498.43,31109.37
300248.SZ,2021-11-09,8.09,9.49,8.0,9.49,399362.09,364034.07
300248.SZ,2021-11-10,10.1,10.87,9.83,9.98,838191.9,869388.37
300248.SZ,2021-11-11,9.47,10.08,9.4,9.7,587624.0,568813.47
300248.SZ,2021-11-12,9.71,10.16,9.4,9.87,514492.17,507882.12
300248.SZ,2021-11-15,9.8,11.25,9.6,10.8,641263.91,658308.19
300248.SZ,2021-11-16,10.5,10.74,10.23,10.35,436244.44,456740.34
300248.SZ,2021-11-17,10.2,10.47,10.03,10.1,362378.57,370090.29
300248.SZ,2021-11-18,10.24,10.3,9.62,9.66,314383.65,309110.97
300248.SZ,2021-11-19,9.66,9.84,9.48,9.58,234438.15,226259.09
300248.SZ,2021-11-22,9.58,9.76,9.48,9.66,193882.65,186639.21
300248.SZ,2021-11-23,9.65,10.2,9.52,10.1,377938.26,374349.04
300248.SZ,2021-11-24,9.91,10.43,9.8,10.15,357057.99,362304.44
300248.SZ,2021-11-25,10.01,10.14,9.67,9.71,254683.25,251072.78
300248.SZ,2021-11-26,9.74,10.98,9.46,10.3,477537.14,488981.94
300248.SZ,2021-11-29,9.82,10.27,9.81,10.01,267699.29,268142.41
300248.SZ,2021-11-30,10.14,10.66,9.98,10.28,377542.42,389889.52
300248.SZ,2021-12-01,10.28,10.48,10.01,10.14,249744.17,255276.66
300248.SZ,2021-12-02,10.03,10.19,9.63,9.63,206135.63,203183.99
300248.SZ,2021-12-03,9.71,9.98,9.52,9.58,147011.48,143001.17
300248.SZ,2021-12-06,9.48,9.62,9.22,9.26,160629.1,150085.14
300248.SZ,2021-12-07,9.31,9.58,9.26,9.35,139016.06,130449.48
300248.SZ,2021-12-08,9.35,9.6,9.28,9.53,130200.89,123314.44
300248.SZ,2021-12-09,9.51,9.68,9.44,9.53,151921.35,145224.64
300248.SZ,2021-12-10,9.4,9.96,9.4,9.76,215636.19,209578.89
300248.SZ,2021-12-13,9.9,10.43,9.64,10.22,327989.06,331053.32
300248.SZ,2021-12-14,10.09,10.93,10.03,10.66,483214.92,509903.14
300248.SZ,2021-12-15,10.65,10.82,10.46,10.58,350839.73,372211.24
300248.SZ,2021-12-16,10.52,10.78,10.46,10.58,275363.37,292442.6
300248.SZ,2021-12-17,10.59,10.62,10.17,10.36,255365.48,265182.96
300248.SZ,2021-12-20,10.49,10.62,9.9,9.91,213563.23,216279.27
300248.SZ,2021-12-21,9.96,10.28,9.94,10.19,180887.64,183800.25
300248.SZ,2021-12-22,10.2,11.32,10.04,10.59,372869.63,397083.97
300248.SZ,2021-12-23,10.5,10.5,10.16,10.31,257808.28,265062.81
300248.SZ,2021-12-24,10.84,11.99,9.49,10.13,479715.08,521887.9
300248.SZ,2021-12-27,9.87,10.05,9.55,9.91,296728.3,291803.53
300248.SZ,2021-12-28,9.93,11.89,9.78,11.89,431103.31,490061.16
300248.SZ,2021-12-29,12.48,12.8,11.38,12.34,964787.55,1174751.63
300248.SZ,2021-12-30,12.25,13.92,12.04,12.6,886643.9,1151238.4
300248.SZ,2021-12-31,12.53,15.12,12.53,15.12,710035.45,987060.33
300248.SZ,2022-01-04,15.13,18.14,14.3,16.72,1293293.87,2145190.85
300248.SZ,2022-01-05,16.32,16.72,14.99,15.57,932744.37,1476460.83
300248.SZ,2022-01-06,15.3,17.18,15.3,16.06,920086.61,1492364.63
300248.SZ,2022-01-07,16.16,18.65,16.14,17.15,993221.41,1719048.02
300248.SZ,2022-01-10,16.25,18.0,15.12,17.38,817960.03,1380017.91
300248.SZ,2022-01-11,16.5,16.65,15.33,15.47,751650.23,1194808.9
300248.SZ,2022-01-12,15.67,16.11,14.9,15.78,619063.08,964186.66
300248.SZ,2022-01-13,15.45,17.78,15.07,16.49,904565.73,1497652.59
300248.SZ,2022-01-14,15.65,17.88,15.48,17.0,831357.57,1382587.6
300248.SZ,2022-01-17,17.9,20.4,17.62,20.4,1272528.85,2479638.87
300248.SZ,2022-01-18,21.0,22.1,18.4,18.46,1363112.62,2800017.06
300248.SZ,2022-01-19,17.56,19.38,17.56,18.42,758171.08,1396731.97
300248.SZ,2022-01-20,17.85,19.7,16.18,18.81,982348.78,1734891.25
300248.SZ,2022-01-21,17.8,18.34,16.0,16.16,604057.74,1043456.01
300248.SZ,2022-01-24,16.17,18.85,16.17,18.16,797255.07,1415335.71
300248.SZ,2022-01-25,18.11,18.38,16.71,17.28,580324.36,1007092.01
300248.SZ,2022-01-26,17.2,17.57,15.06,15.52,596293.12,947921.45
300248.SZ,2022-01-27,15.7,15.88,14.02,14.11,558398.67,811854.18
300248.SZ,2022-01-28,14.67,15.35,14.41,14.72,481241.15,720940.54
300248.SZ,2022-02-07,15.55,15.91,14.7,14.77,449519.92,683224.75
300248.SZ,2022-02-08,14.82,15.55,14.15,15.24,489076.63,731421.99
300248.SZ,2022-02-09,15.5,17.68,15.5,17.2,750266.35,1259534.17
300248.SZ,2022-02-10,16.82,17.56,16.17,16.8,607385.49,1023137.97
300248.SZ,2022-02-11,16.76,18.13,16.51,17.15,663368.52,1157084.78
300248.SZ,2022-02-14,16.0,16.96,15.88,16.38,450296.13,739480.5
300248.SZ,2022-02-15,16.5,16.64,15.44,15.72,402618.98,639855.29
300248.SZ,2022-02-16,16.35,16.67,14.97,15.2,488207.71,766765.9
300248.SZ,2022-02-17,14.88,15.57,14.65,14.8,411059.0,620240.85
300248.SZ,2022-02-18,14.75,14.97,14.47,14.89,309556.26,456909.3
300248.SZ,2022-02-21,14.85,15.55,14.76,15.29,364201.2,554308.2
300248.SZ,2022-02-22,14.91,15.08,14.09,14.39,399521.28,577177.15
300248.SZ,2022-02-23,14.47,14.68,14.1,14.33,291558.28,418514.44
300248.SZ,2022-02-24,14.2,14.2,12.41,12.95,569552.79,756339.83
300248.SZ,2022-02-25,13.0,13.29,12.71,12.81,244252.39,315192.22
300248.SZ,2022-02-28,13.31,13.49,12.88,13.17,264132.54,346922.64
300248.SZ,2022-03-01,13.18,13.68,12.95,13.42,279957.25,373863.63
300248.SZ,2022-03-02,13.35,13.88,13.18,13.49,274447.94,372524.52
300248.SZ,2022-03-03,13.69,13.69,13.1,13.18,232745.26,309255.96
300248.SZ,2022-03-04,13.18,13.85,12.93,13.34,309102.79,413016.26
300248.SZ,2022-03-07,13.24,13.51,12.84,12.89,217697.81,286282.03
300248.SZ,2022-03-08,13.0,13.08,12.25,12.48,213793.31,270436.99
300248.SZ,2022-03-09,12.38,12.48,11.45,12.2,228236.83,274346.85
300248.SZ,2022-03-10,12.5,12.7,12.25,12.3,192204.21,239422.62
300248.SZ,2022-03-11,12.02,13.45,11.9,13.25,366424.33,469613.79
300248.SZ,2022-03-14,12.99,13.35,12.72,12.72,276253.11,359302.94
300248.SZ,2022-03-15,12.77,13.51,12.7,12.97,393504.03,519578.42
300248.SZ,2022-03-16,13.05,13.8,12.8,13.8,485580.36,653122.39
300248.SZ,2022-03-17,13.86,14.69,13.43,14.22,601261.53,833374.09
300248.SZ,2022-03-18,13.76,13.84,13.52,13.61,326497.64,446558.77
300248.SZ,2022-03-21,13.62,13.74,13.22,13.5,254932.78,343219.08
300248.SZ,2022-03-22,13.69,14.5,13.55,13.84,419634.04,588425.97
300248.SZ,2022-03-23,13.5,13.79,13.35,13.39,263488.99,355520.39
300248.SZ,2022-03-24,13.2,13.21,12.38,12.4,315128.37,395735.79
300248.SZ,2022-03-25,12.66,13.25,12.44,12.45,245531.98,313010.07
300248.SZ,2022-03-28,12.77,14.16,12.6,13.5,558871.4,757605.78
300248.SZ,2022-03-29,13.26,13.79,13.08,13.5,329035.81,440304.12
300248.SZ,2022-03-30,13.31,14.26,13.2,14.18,476279.53,662539.3
300248.SZ,2022-03-31,14.16,15.8,13.96,15.02,702600.31,1035306.12
300248.SZ,2022-04-01,14.7,14.99,14.4,14.44,453675.98,663057.67
300248.SZ,2022-04-06,14.63,14.82,14.13,14.36,382880.79,554900.12
300248.SZ,2022-04-07,14.42,14.9,13.64,13.67,393662.42,561361.92
300248.SZ,2022-04-08,13.49,13.78,13.07,13.33,291936.01,391364.85
300248.SZ,2022-04-11,12.9,13.18,12.5,12.59,240774.16,308495.75
300248.SZ,2022-04-12,12.73,12.91,12.16,12.66,211117.26,263949.59
300248.SZ,2022-04-13,12.46,12.57,11.5,11.57,272155.26,320734.1
300248.SZ,2022-04-14,11.6,11.72,11.44,11.52,155441.73,179766.34
300248.SZ,2022-04-15,11.45,11.45,10.85,11.0,186402.53,206119.84
300248.SZ,2022-04-18,10.8,11.27,10.68,11.23,128444.03,141648.73
300248.SZ,2022-04-19,11.1,11.33,11.0,11.24,118116.04,132007.8
300248.SZ,2022-04-20,11.52,11.69,10.76,10.81,191496.59,213925.65
300248.SZ,2022-04-21,10.62,10.89,10.2,10.25,169296.51,177934.37
300248.SZ,2022-04-22,10.13,10.28,9.75,9.79,153671.73,153428.98
300248.SZ,2022-04-25,9.5,9.5,8.61,8.68,211525.57,191486.57
300248.SZ,2022-04-26,8.76,8.86,8.15,8.19,155730.88,132545.97
300248.SZ,2022-04-27,8.07,8.82,7.9,8.74,230062.6,191501.67
300248.SZ,2022-04-28,8.59,8.67,8.28,8.39,135781.76,114710.36
300248.SZ,2022-04-29,8.42,8.97,8.42,8.89,144808.74,126470.06
300248.SZ,2022-05-05,8.9,9.38,8.69,9.1,180092.14,163428.33
300248.SZ,2022-05-06,8.68,9.22,8.58,8.95,142760.74,127983.88
300248.SZ,2022-05-09,9.03,9.34,8.91,9.06,122364.23,111587.97
300248.SZ,2022-05-10,8.86,9.31,8.71,9.25,134799.63,123474.1
300248.SZ,2022-05-11,9.21,9.5,9.09,9.12,161556.0,150593.96
300248.SZ,2022-05-12,9.05,9.36,9.0,9.21,116317.65,107196.73
300248.SZ,2022-05-13,9.24,9.29,9.03,9.11,87260.51,79563.07
300248.SZ,2022-05-16,9.15,9.37,8.96,9.17,131317.0,120383.83
300248.SZ,2022-05-17,9.18,9.18,8.86,9.1,120877.0,108844.38
300248.SZ,2022-05-18,9.31,9.46,9.08,9.1,160201.85,148453.69
300248.SZ,2022-05-19,8.91,9.19,8.91,9.13,112642.45,101941.38
300248.SZ,2022-05-20,9.45,9.51,9.14,9.28,169809.24,157800.03
300248.SZ,2022-05-23,9.34,9.74,9.34,9.66,214710.73,204775.06
300248.SZ,2022-05-24,9.7,9.7,8.93,8.96,197970.2,182223.17
300248.SZ,2022-05-25,8.87,9.22,8.85,9.19,116250.09,105429.12
300248.SZ,2022-05-26,9.19,9.37,8.94,9.29,134346.88,123503.48
300248.SZ,2022-05-27,9.4,10.18,9.17,9.65,321269.92,310374.17
300248.SZ,2022-05-30,9.44,9.53,9.25,9.47,237105.33,221843.37
300248.SZ,2022-05-31,9.55,9.6,9.16,9.48,198138.95,185969.07
300248.SZ,2022-06-01,9.36,9.62,9.25,9.35,143118.51,134988.58
300248.SZ,2022-06-02,9.35,9.41,9.12,9.39,128032.02,119029.77
300248.SZ,2022-06-06,9.46,9.8,9.4,9.72,188281.48,181657.33
300248.SZ,2022-06-07,9.78,9.78,9.47,9.58,126321.32,120935.22
300248.SZ,2022-06-08,9.6,9.75,9.25,9.52,155363.23,147419.53
300248.SZ,2022-06-09,9.52,9.54,9.16,9.2,142094.51,131920.09
300248.SZ,2022-06-10,9.12,9.38,9.12,9.31,96533.02,89807.29
300248.SZ,2022-06-13,9.28,9.53,9.21,9.47,128799.54,121173.98
300248.SZ,2022-06-14,9.38,9.49,9.0,9.46,160428.5,147805.84
300248.SZ,2022-06-15,9.46,10.06,9.46,9.86,316117.21,310222.3
300248.SZ,2022-06-16,10.01,10.46,9.93,10.22,346726.39,353824.66
300248.SZ,2022-06-17,10.06,10.15,9.68,9.86,242104.03,239324.71
300248.SZ,2022-06-20,9.86,10.1,9.76,9.94,169155.03,167324.11
300248.SZ,2022-06-21,9.94,10.24,9.81,10.07,225916.25,227930.19
300248.SZ,2022-06-22,10.04,10.05,9.66,9.68,160235.53,157116.91
300248.SZ,2022-06-23,9.69,9.89,9.55,9.83,123602.97,120128.15
300248.SZ,2022-06-24,9.85,10.11,9.79,9.84,146130.35,144965.73
300248.SZ,2022-06-27,9.84,9.94,9.73,9.84,129912.59,127952.22
300248.SZ,2022-06-28,9.8,10.05,9.69,10.01,184335.71,183558.76
300248.SZ,2022-06-29,10.03,10.08,9.75,9.78,149499.24,148297.75
300248.SZ,2022-06-30,9.85,9.93,9.75,9.81,102659.51,100875.73
300248.SZ,2022-07-01,9.81,9.98,9.75,9.78,99601.22,98049.0
300248.SZ,2022-07-04,9.77,9.84,9.58,9.81,96827.47,94177.29
300248.SZ,2022-07-05,9.81,9.87,9.37,9.5,140484.51,134138.6
300248.SZ,2022-07-06,9.49,9.61,9.31,9.37,92133.96,87066.31
300248.SZ,2022-07-07,9.4,9.57,9.38,9.4,76304.56,72079.22
300248.SZ,2022-07-08,9.4,9.73,9.37,9.51,116238.04,111392.15
300248.SZ,2022-07-11,9.45,9.49,9.16,9.22,97014.93,89897.28
300248.SZ,2022-07-12,9.21,9.24,8.95,9.03,87227.84,78894.75
300248.SZ,2022-07-13,8.99,9.12,8.99,9.04,44566.59,40355.09
300248.SZ,2022-07-14,8.99,9.08,8.94,9.04,63847.04,57528.46
300248.SZ,2022-07-15,9.03,9.03,8.71,8.75,79838.68,70622.0
300248.SZ,2022-07-18,8.71,9.02,8.7,8.99,60438.93,53988.05
300248.SZ,2022-07-19,9.02,9.35,8.93,9.33,113163.99,104189.43
300248.SZ,2022-07-20,9.4,9.53,9.28,9.46,93745.09,88338.07
300248.SZ,2022-07-21,9.46,9.63,9.33,9.33,72914.0,68932.24
300248.SZ,2022-07-22,9.38,9.45,9.08,9.18,65454.14,60390.15
300248.SZ,2022-07-25,9.32,9.47,9.09,9.14,68322.73,63140.5
300248.SZ,2022-07-26,9.18,9.47,9.11,9.3,106553.24,99313.81
300248.SZ,2022-07-27,9.38,9.45,9.19,9.25,69880.04,64832.84
300248.SZ,2022-07-28,9.3,9.41,9.27,9.28,71869.23,67142.65
300248.SZ,2022-07-29,9.29,9.35,9.1,9.12,69140.0,63486.99
300248.SZ,2022-08-01,9.01,9.18,8.96,9.09,53043.51,48188.52
300248.SZ,2022-08-02,9.06,9.06,8.38,8.5,112307.56,96470.38
300248.SZ,2022-08-03,8.41,8.79,8.41,8.51,81269.93,70442.44
300248.SZ,2022-08-04,8.54,8.75,8.53,8.74,63406.55,54910.9
300248.SZ,2022-08-05,8.82,9.11,8.8,9.11,104619.18,94101.48
300248.SZ,2022-08-08,9.06,9.2,9.04,9.17,67094.68,61207.57
300248.SZ,2022-08-09,9.2,9.22,9.04,9.11,56525.58,51433.86
300248.SZ,2022-08-10,9.04,9.17,9.02,9.06,46180.03,41941.71
300248.SZ,2022-08-11,9.15,9.33,9.08,9.25,79518.34,73498.24
300248.SZ,2022-08-12,9.27,9.59,9.22,9.38,124616.41,117304.05
300248.SZ,2022-08-15,9.47,9.47,9.19,9.21,83363.99,77045.27
300248.SZ,2022-08-16,9.27,9.28,9.07,9.12,81428.71,74452.12
300248.SZ,2022-08-17,9.12,9.21,9.01,9.17,77333.66,70494.7
300248.SZ,2022-08-18,9.13,9.18,8.97,9.07,69241.12,62594.46
300248.SZ,2022-08-19,9.15,9.32,9.02,9.02,111874.17,102710.9
300248.SZ,2022-08-22,9.0,9.12,8.81,9.0,55251.25,49770.24
300248.SZ,2022-08-23,9.02,9.07,8.89,8.95,55676.51,49811.83
300248.SZ,2022-08-24,8.96,8.99,8.6,8.6,81772.84,71416.93
300248.SZ,2022-08-25,8.6,8.7,8.42,8.62,56164.26,47948.29
300248.SZ,2022-08-26,8.58,8.6,8.39,8.41,82705.46,70158.11
300248.SZ,2022-08-29,8.24,8.4,8.11,8.37,46712.61,38790.2
300248.SZ,2022-08-30,8.35,8.51,8.31,8.42,48685.21,40923.83
300248.SZ,2022-08-31,8.41,8.47,8.18,8.23,48320.0,40064.99
300248.SZ,2022-09-01,8.2,8.35,8.15,8.15,44352.0,36619.76
300248.SZ,2022-09-02,8.22,8.41,8.19,8.38,58842.42,49076.56
300248.SZ,2022-09-05,8.38,8.42,8.18,8.25,52526.02,43311.26
300248.SZ,2022-09-06,8.25,8.33,8.2,8.3,40896.55,33777.04
300248.SZ,2022-09-07,8.32,8.35,8.18,8.32,61409.81,50731.75
300248.SZ,2022-09-08,8.3,8.35,8.16,8.16,55252.37,45410.92
300248.SZ,2022-09-09,8.22,8.38,8.11,8.26,72243.23,59769.23
300248.SZ,2022-09-13,8.29,8.5,8.28,8.31,73312.34,61466.83
300248.SZ,2022-09-14,8.18,8.3,8.1,8.29,48015.61,39367.86
300248.SZ,2022-09-15,8.29,8.38,8.07,8.15,56257.39,46149.79
300248.SZ,2022-09-16,8.1,8.35,8.03,8.04,76451.0,62754.78
300248.SZ,2022-09-19,8.04,8.09,7.69,7.78,72074.06,56263.59
300248.SZ,2022-09-20,7.84,7.97,7.8,7.9,34822.31,27407.38
300248.SZ,2022-09-21,7.88,8.18,7.66,8.15,63638.76,50772.48
300248.SZ,2022-09-22,8.09,8.23,8.03,8.04,47629.02,38662.6
300248.SZ,2022-09-23,8.1,8.12,7.73,7.75,49164.74,38763.45
300248.SZ,2022-09-26,7.78,7.8,7.47,7.5,46573.54,35364.39
300248.SZ,2022-09-27,7.6,7.84,7.58,7.81,50586.0,38899.17
300248.SZ,2022-09-28,7.8,7.84,7.55,7.56,39960.51,30733.93
300248.SZ,2022-09-29,7.7,7.78,7.43,7.46,55923.19,42468.37
300248.SZ,2022-09-30,7.47,7.7,7.45,7.46,47992.0,36254.63
300248.SZ,2022-10-10,7.5,7.53,7.22,7.25,40393.23,29635.58
300248.SZ,2022-10-11,7.26,7.46,7.2,7.4,37298.76,27409.49
300248.SZ,2022-10-12,7.4,7.64,7.34,7.64,85250.91,64176.62
300248.SZ,2022-10-13,7.66,8.04,7.62,7.92,111534.0,88083.93
300248.SZ,2022-10-14,7.92,8.76,7.84,8.47,196212.37,162272.77
300248.SZ,2022-10-17,8.56,9.33,8.56,8.9,290915.43,260101.74
300248.SZ,2022-10-18,8.99,9.73,8.75,9.35,358831.63,334730.87
300248.SZ,2022-10-19,9.19,10.23,9.13,10.09,483605.93,471707.95
300248.SZ,2022-10-20,10.0,10.16,9.65,9.88,334048.71,330454.41
300248.SZ,2022-10-21,9.78,11.77,9.74,11.39,508332.62,550122.98
300248.SZ,2022-10-24,11.6,12.62,11.31,11.88,537088.07,650298.96
300248.SZ,2022-10-25,11.2,12.0,11.18,11.83,362881.16,419168.04
300248.SZ,2022-10-26,11.6,12.38,11.38,11.71,396850.78,474383.52
300248.SZ,2022-10-27,11.38,12.58,11.38,11.75,379072.0,453370.97
300248.SZ,2022-10-28,11.58,12.0,11.29,11.4,279042.0,323929.91
300248.SZ,2022-10-31,11.16,11.68,11.0,11.2,373319.04,420432.28
300248.SZ,2022-11-01,11.05,11.2,10.46,10.95,339096.99,366166.22
300248.SZ,2022-11-02,11.41,11.83,10.17,10.52,521770.41,558278.11
300248.SZ,2022-11-03,10.24,10.85,10.01,10.63,353755.48,368152.66
300248.SZ,2022-11-04,10.74,10.74,10.2,10.45,298871.2,310444.66
300248.SZ,2022-11-07,10.44,10.81,10.37,10.57,208819.45,221037.04
300248.SZ,2022-11-08,10.51,10.64,10.17,10.62,200031.43,209486.86
300248.SZ,2022-11-09,10.64,10.66,10.28,10.5,134027.36,140536.72
300248.SZ,2022-11-10,10.36,10.65,10.3,10.33,139222.0,145695.91
300248.SZ,2022-11-11,10.55,10.65,10.26,10.35,178498.46,186933.51
300248.SZ,2022-11-14,10.22,10.45,10.19,10.36,108438.96,111844.01
300248.SZ,2022-11-15,10.38,10.85,10.27,10.73,224933.75,240153.86
300248.SZ,2022-11-16,10.7,11.04,10.58,10.62,140094.09,150319.1
300248.SZ,2022-11-17,10.62,10.9,10.56,10.88,159461.3,171401.78
300248.SZ,2022-11-18,10.9,11.12,10.48,10.51,191657.56,206475.74
300248.SZ,2022-11-21,10.31,11.08,10.18,10.92,248220.36,263743.08
300248.SZ,2022-11-22,10.84,11.29,10.43,10.53,192788.58,209488.57
300248.SZ,2022-11-23,10.48,10.62,9.9,10.05,188233.31,190538.26
300248.SZ,2022-11-24,10.05,10.38,9.83,10.09,168902.47,170108.09
300248.SZ,2022-11-25,10.1,10.12,9.9,9.9,80555.63,80357.37
300248.SZ,2022-11-28,9.68,9.9,9.59,9.66,86350.0,83975.71
300248.SZ,2022-11-29,9.71,10.05,9.68,9.98,114508.86,112929.37
300248.SZ,2022-11-30,10.0,10.09,9.86,9.93,73734.27,73390.4
300248.SZ,2022-12-01,10.05,10.24,10.0,10.2,145493.07,147480.37
300248.SZ,2022-12-02,10.18,10.63,10.09,10.29,131922.43,137556.34
300248.SZ,2022-12-05,10.3,10.46,10.12,10.18,93429.66,95520.85
300248.SZ,2022-12-06,10.11,10.21,9.9,9.95,82241.58,82230.37
300248.SZ,2022-12-07,9.99,10.04,9.82,9.98,57269.68,56892.12
300248.SZ,2022-12-08,10.04,10.04,9.6,9.65,102350.05,99232.01
300248.SZ,2022-12-09,9.7,9.7,9.33,9.34,94787.32,89578.84
300248.SZ,2022-12-12,9.37,9.75,9.37,9.69,118963.54,113987.66
300248.SZ,2022-12-13,9.7,9.73,9.29,9.32,88997.24,84302.33
300248.SZ,2022-12-14,9.2,9.41,9.1,9.13,77814.04,71793.12
300248.SZ,2022-12-15,9.22,9.35,9.03,9.17,96929.0,89253.04
300248.SZ,2022-12-16,9.12,9.18,8.96,8.97,69684.0,62904.84
300248.SZ,2022-12-19,9.07,9.07,8.79,8.87,76814.53,68502.56
300248.SZ,2022-12-20,8.88,9.0,8.67,8.72,70986.56,62218.01
300248.SZ,2022-12-21,8.69,8.75,8.55,8.62,53695.0,46406.98
300248.SZ,2022-12-22,8.66,8.89,8.49,8.63,78070.0,67898.59
300248.SZ,2022-12-23,8.59,9.16,8.57,8.96,186128.52,166627.72
300248.SZ,2022-12-26,9.0,9.13,8.89,9.08,108787.0,98370.28
300248.SZ,2022-12-27,9.09,9.24,8.81,8.91,95202.51,85310.79
300248.SZ,2022-12-28,8.83,8.92,8.6,8.66,86882.56,75706.32
300248.SZ,2022-12-29,8.79,8.95,8.52,8.72,89069.84,77825.71
300248.SZ,2022-12-30,8.75,8.95,8.74,8.8,58458.0,51625.02
300248.SZ,2023-01-03,8.81,9.18,8.71,9.14,119898.68,108619.21
300248.SZ,2023-01-04,9.16,9.41,9.08,9.4,126031.54,117208.33
300248.SZ,2023-01-05,9.44,9.52,9.28,9.37,96214.02,90223.49
300248.SZ,2023-01-06,9.33,9.39,9.1,9.13,108530.86,99942.07
300248.SZ,2023-01-09,9.15,9.35,9.13,9.24,72075.07,66709.67
300248.SZ,2023-01-10,9.24,9.3,9.08,9.12,81697.0,74990.39
300248.SZ,2023-01-11,9.18,9.41,9.02,9.12,109234.0,100387.78
300248.SZ,2023-01-12,9.05,9.18,8.92,8.97,93513.0,84369.78
300248.SZ,2023-01-13,9.0,9.04,8.82,8.93,58043.66,51792.1
300248.SZ,2023-01-16,8.87,9.22,8.87,9.05,88248.87,80454.87
300248.SZ,2023-01-17,9.07,9.1,8.79,8.83,77972.0,69413.95
300248.SZ,2023-01-18,8.83,9.06,8.77,8.95,74026.44,66230.38
300248.SZ,2023-01-19,8.96,9.17,8.89,9.14,100415.56,91252.34
300248.SZ,2023-01-20,9.25,9.4,9.11,9.26,106252.61,98405.86
300248.SZ,2023-01-30,9.41,9.69,9.41,9.59,159460.67,152749.63
300248.SZ,2023-01-31,9.55,9.6,9.44,9.55,85461.0,81415.13
300248.SZ,2023-02-01,9.62,10.3,9.51,10.28,248990.57,248972.18
300248.SZ,2023-02-02,10.2,10.3,10.0,10.02,173430.56,175100.53
300248.SZ,2023-02-03,10.01,10.33,9.96,10.3,203510.44,207370.42
300248.SZ,2023-02-06,10.3,10.53,10.12,10.36,210233.25,217140.14
300248.SZ,2023-02-07,10.16,10.41,10.12,10.38,142477.74,146440.6
300248.SZ,2023-02-08,10.32,10.38,10.11,10.15,122392.41,124814.15
300248.SZ,2023-02-09,10.17,10.61,10.05,10.58,188015.91,194870.61
300248.SZ,2023-02-10,11.0,11.22,10.32,10.39,314074.69,334720.64
300248.SZ,2023-02-13,10.3,10.62,10.2,10.57,206954.51,215161.81
300248.SZ,2023-02-14,10.44,10.68,10.34,10.38,149306.94,156305.1
300248.SZ,2023-02-15,10.38,10.56,10.34,10.54,150458.07,158036.31
300248.SZ,2023-02-16,10.53,10.61,10.14,10.2,149057.72,154760.04
300248.SZ,2023-02-17,10.21,10.32,9.91,9.95,126853.9,127489.41
300248.SZ,2023-02-20,9.97,10.08,9.84,10.06,79472.14,79550.01
300248.SZ,2023-02-21,10.01,10.36,9.99,10.15,121102.32,122986.31
300248.SZ,2023-02-22,10.13,10.3,9.93,10.17,106055.02,107256.09
300248.SZ,2023-02-23,10.2,10.2,9.9,9.97,87608.32,87900.29
300248.SZ,2023-02-24,10.0,10.08,9.92,9.98,49191.28,49185.87
300248.SZ,2023-02-27,9.93,10.01,9.79,9.8,70203.35,69374.01
300248.SZ,2023-02-28,9.95,10.2,9.93,10.12,116608.51,117682.05
300248.SZ,2023-03-01,10.02,10.59,10.02,10.53,206294.96,215001.74
300248.SZ,2023-03-02,10.47,10.74,10.44,10.48,141920.73,149988.96
300248.SZ,2023-03-03,10.47,10.53,10.18,10.33,110085.47,113645.52
300248.SZ,2023-03-06,10.26,10.33,10.1,10.22,95731.83,97581.24
300248.SZ,2023-03-07,10.18,10.26,9.91,9.93,85363.61,85823.62
300248.SZ,2023-03-08,9.92,10.21,9.91,10.2,81364.72,82383.35
300248.SZ,2023-03-09,10.25,10.47,10.05,10.4,123965.83,127570.72
300248.SZ,2023-03-10,10.3,10.49,10.28,10.37,95887.0,99643.62
300248.SZ,2023-03-13,10.37,10.75,10.16,10.7,196118.75,207003.35
300248.SZ,2023-03-14,10.66,10.71,10.26,10.44,147695.03,154525.22
300248.SZ,2023-03-15,10.47,10.58,10.24,10.27,101821.2,105401.12
300248.SZ,2023-03-16,10.27,10.27,10.01,10.14,91743.53,93004.98
300248.SZ,2023-03-17,10.3,10.62,10.21,10.5,138260.0,144484.93
300248.SZ,2023-03-20,10.49,10.67,10.34,10.49,155877.09,163955.73
300248.SZ,2023-03-21,10.51,11.05,10.41,10.95,212943.69,230770.23
300248.SZ,2023-03-22,10.87,11.3,10.78,11.16,218452.34,241837.97
300248.SZ,2023-03-23,11.12,11.24,10.97,11.11,137690.68,152891.03
300248.SZ,2023-03-24,11.09,11.25,10.82,11.11,152490.75,168437.77
300248.SZ,2023-03-27,11.13,12.47,11.06,12.02,373973.84,435732.99
300248.SZ,2023-03-28,12.1,12.36,11.38,11.47,336630.85,395287.46
300248.SZ,2023-03-29,11.71,13.23,11.6,12.93,617920.16,767269.07
300248.SZ,2023-03-30,12.66,12.98,12.17,12.32,417099.51,519622.85
300248.SZ,2023-03-31,12.19,12.42,11.81,12.17,302904.9,366281.95
300248.SZ,2023-04-03,11.96,12.98,11.93,12.71,419643.05,520436.88
300248.SZ,2023-04-04,12.71,12.71,12.02,12.16,313206.08,383693.12
300248.SZ,2023-04-06,12.92,14.59,12.71,14.59,992449.72,1381787.89
300248.SZ,2023-04-07,14.02,14.49,13.44,14.46,707131.8,982465.23
300248.SZ,2023-04-10,14.0,14.0,13.01,13.15,458978.2,622938.11
300248.SZ,2023-04-11,13.21,13.8,12.71,13.4,399673.21,527550.15
300248.SZ,2023-04-12,13.14,13.75,12.93,13.54,346360.06,461227.31
300248.SZ,2023-04-13,13.3,13.52,12.51,12.63,322085.65,418906.51
300248.SZ,2023-04-14,12.72,12.8,11.97,12.3,302240.35,371161.49
300248.SZ,2023-04-17,12.31,12.35,11.68,11.85,250855.19,298870.62
300248.SZ,2023-04-18,11.86,12.37,11.52,12.18,263807.06,315827.82
300248.SZ,2023-04-19,12.05,12.31,11.9,12.02,195504.22,237285.17
300248.SZ,2023-04-20,11.95,12.39,11.85,12.34,183765.09,223841.04
300248.SZ,2023-04-21,12.25,12.85,11.97,12.03,310245.66,384786.65
300248.SZ,2023-04-24,11.97,12.65,11.86,11.92,206520.6,250876.92
300248.SZ,2023-04-25,9.54,9.99,9.54,9.54,125272.0,119743.32
300248.SZ,2023-04-26,8.74,9.74,8.69,9.47,466427.03,429058.12
300248.SZ,2023-04-27,9.22,9.94,9.22,9.41,327403.13,313501.27
300248.SZ,2023-04-28,9.37,9.85,9.36,9.79,280912.08,271776.05
300248.SZ,2023-05-04,9.99,10.25,9.79,10.03,200549.26,200134.68
300248.SZ,2023-05-05,9.97,10.17,9.76,10.04,181818.02,181258.33
300248.SZ,2023-05-08,10.07,10.1,9.82,10.03,131504.78,131058.57
300248.SZ,2023-05-09,9.99,10.05,9.73,9.76,124987.27,123504.76
300248.SZ,2023-05-10,9.75,10.08,9.71,9.81,120124.15,118719.97
300248.SZ,2023-05-11,9.78,9.93,9.63,9.7,100558.47,97787.37
300248.SZ,2023-05-12,9.7,9.82,9.45,9.52,92493.43,88885.16
300248.SZ,2023-05-15,9.54,9.57,9.23,9.47,92877.47,87148.41
300248.SZ,2023-05-16,9.5,9.5,9.14,9.19,90960.06,83902.14
300248.SZ,2023-05-17,9.28,9.31,9.1,9.29,73937.0,68369.64
300248.SZ,2023-05-18,9.3,9.55,9.28,9.49,81720.99,77212.44
300248.SZ,2023-05-19,9.76,11.06,9.76,10.39,424120.3,442682.47
300248.SZ,2023-05-22,10.04,10.15,9.6,9.8,323123.29,316230.56
300248.SZ,2023-05-23,9.87,9.9,9.33,9.33,204479.9,194214.62
300248.SZ,2023-05-24,9.26,9.45,9.19,9.38,122638.29,114736.66
300248.SZ,2023-05-25,9.42,9.51,9.12,9.24,126009.02,116807.55
300248.SZ,2023-05-26,9.3,9.41,9.16,9.38,89751.14,83495.18
300248.SZ,2023-05-29,9.35,9.72,9.35,9.68,165316.28,157818.45
300248.SZ,2023-05-30,9.71,9.79,9.4,9.76,161364.0,154949.46
300248.SZ,2023-05-31,9.71,10.02,9.66,9.93,162185.51,160244.69
300248.SZ,2023-06-01,9.85,10.2,9.72,10.06,177763.1,178110.36
300248.SZ,2023-06-02,10.06,10.21,10.01,10.09,128635.16,129930.9
300248.SZ,2023-06-05,10.04,10.52,10.04,10.45,181515.07,188109.63
300248.SZ,2023-06-06,10.48,10.49,10.01,10.04,132078.05,134994.07
300248.SZ,2023-06-07,10.04,10.31,9.94,10.27,108858.79,111083.78
300248.SZ,2023-06-08,10.24,10.46,10.05,10.3,115984.22,119076.71
300248.SZ,2023-06-09,10.23,10.42,10.15,10.32,115368.0,118539.04
300248.SZ,2023-06-12,10.4,10.66,10.33,10.48,151289.36,159149.2
300248.SZ,2023-06-13,10.37,10.69,10.29,10.69,155841.52,163766.99
300248.SZ,2023-06-14,10.88,11.69,10.64,11.17,446301.65,495313.8
300248.SZ,2023-06-15,11.0,11.89,11.0,11.3,436318.99,501207.36
300248.SZ,2023-06-16,11.3,11.53,10.97,11.33,288497.49,325263.72
300248.SZ,2023-06-19,11.35,11.76,11.25,11.65,306509.62,353385.75
300248.SZ,2023-06-20,11.5,11.73,11.36,11.39,240075.52,276565.96
300248.SZ,2023-06-21,11.24,11.32,10.83,10.87,193634.09,213280.04
300248.SZ,2023-06-26,10.73,10.89,10.24,10.33,155457.27,163505.58
300248.SZ,2023-06-27,10.35,10.47,10.27,10.41,102953.74,106825.86
300248.SZ,2023-06-28,10.4,10.4,9.71,10.02,133725.62,132595.88
300248.SZ,2023-06-29,10.0,10.85,9.87,10.77,215609.66,222096.32
300248.SZ,2023-06-30,10.3,10.5,10.17,10.43,223842.86,232080.52
300248.SZ,2023-07-03,10.47,10.64,10.25,10.44,139763.97,145931.46
300248.SZ,2023-07-04,10.45,10.45,10.18,10.24,116946.98,119918.92
300248.SZ,2023-07-05,10.28,10.38,10.05,10.08,90183.03,91956.16
300248.SZ,2023-07-06,10.02,10.38,10.02,10.13,76302.0,77918.18
300248.SZ,2023-07-07,10.1,10.1,9.79,9.94,90946.7,90296.44
300248.SZ,2023-07-10,10.01,10.04,9.83,9.85,54986.93,54438.94
300248.SZ,2023-07-11,9.83,9.92,9.75,9.79,66853.72,65598.04
300248.SZ,2023-07-12,9.8,9.82,9.4,9.43,105193.32,100653.92
300248.SZ,2023-07-13,9.5,9.54,9.4,9.52,71309.83,67662.74
300248.SZ,2023-07-14,9.52,9.74,9.52,9.66,85513.49,82740.45
300248.SZ,2023-07-17,9.66,9.73,9.5,9.6,66063.0,63365.56
300248.SZ,2023-07-18,9.59,9.62,9.41,9.43,76569.44,72452.69
300248.SZ,2023-07-19,9.39,9.63,9.39,9.51,56379.0,53773.11
300248.SZ,2023-07-20,9.51,9.55,9.36,9.37,59190.21,55869.13
300248.SZ,2023-07-21,9.37,9.45,9.28,9.32,45444.18,42471.36
300248.SZ,2023-07-24,9.3,9.44,9.24,9.26,68051.35,63517.89
300248.SZ,2023-07-25,9.34,9.51,9.32,9.5,66112.71,62472.91
300248.SZ,2023-07-26,9.5,9.5,9.25,9.28,75291.54,70199.92
300248.SZ,2023-07-27,9.25,9.35,9.08,9.14,59170.4,54464.29
300248.SZ,2023-07-28,9.16,9.33,9.05,9.3,56207.76,51901.98
300248.SZ,2023-07-31,9.29,9.47,9.25,9.44,57754.04,54271.54
300248.SZ,2023-08-01,9.48,9.48,9.28,9.35,51721.74,48305.97
300248.SZ,2023-08-02,9.31,9.53,9.31,9.43,60639.83,57115.71
300248.SZ,2023-08-03,9.37,9.45,9.32,9.4,39374.92,36906.37
300248.SZ,2023-08-04,9.42,9.77,9.42,9.69,137671.7,133409.95
300248.SZ,2023-08-07,9.68,9.9,9.64,9.9,108873.4,106391.29
300248.SZ,2023-08-08,10.0,10.18,9.8,9.92,180800.19,180575.66
300248.SZ,2023-08-09,9.92,10.12,9.82,10.02,135333.26,135757.99
300248.SZ,2023-08-10,9.95,10.12,9.82,9.93,109312.2,108525.11
300248.SZ,2023-08-11,9.93,9.95,9.58,9.61,83570.09,81461.47
300248.SZ,2023-08-14,9.52,9.75,9.44,9.72,67613.51,65003.6
300248.SZ,2023-08-15,9.73,9.75,9.46,9.54,57719.54,55252.06
300248.SZ,2023-08-16,9.5,9.65,9.31,9.36,62168.1,58738.54
300248.SZ,2023-08-17,9.32,9.54,9.16,9.46,64211.11,60166.53
300248.SZ,2023-08-18,9.4,9.6,9.04,9.06,87514.0,81195.64
300248.SZ,2023-08-21,9.07,9.35,9.06,9.11,71834.02,66266.5
300248.SZ,2023-08-22,9.16,9.44,9.11,9.43,103959.86,96515.14
300248.SZ,2023-08-23,9.35,9.64,9.3,9.38,86941.13,82187.35
300248.SZ,2023-08-24,9.35,9.57,9.15,9.3,105683.14,99154.21
300248.SZ,2023-08-25,9.26,9.42,8.84,8.87,113746.32,103135.09
300248.SZ,2023-08-28,9.57,9.57,8.81,8.85,131237.96,120287.46
300248.SZ,2023-08-29,8.85,9.26,8.83,9.25,95950.47,87560.49
300248.SZ,2023-08-30,9.29,9.44,9.2,9.38,115470.2,107950.43
300248.SZ,2023-08-31,9.34,9.37,9.15,9.2,78828.18,72651.98
300248.SZ,2023-09-01,9.21,9.23,8.94,9.0,94162.08,85208.13
300248.SZ,2023-09-04,9.07,9.37,9.05,9.37,100173.35,92339.26
300248.SZ,2023-09-05,9.31,9.36,9.18,9.25,55010.35,50909.16
300248.SZ,2023-09-06,9.2,9.54,9.13,9.52,103692.83,97546.39
300248.SZ,2023-09-07,9.51,9.62,9.36,9.4,78068.0,73993.22
300248.SZ,2023-09-08,9.38,9.53,9.21,9.43,74753.09,70080.18
300248.SZ,2023-09-11,9.48,9.67,9.43,9.61,96055.0,91895.22
300248.SZ,2023-09-12,9.54,9.65,9.47,9.5,55975.51,53317.56
300248.SZ,2023-09-13,9.43,9.47,9.14,9.21,77133.0,71330.5
300248.SZ,2023-09-14,9.2,9.27,9.08,9.13,56788.0,51966.33
300248.SZ,2023-09-15,9.14,9.2,9.03,9.03,60627.0,55007.99
300248.SZ,2023-09-18,9.01,9.08,8.9,9.0,52897.09,47606.32
300248.SZ,2023-09-19,8.96,8.96,8.76,8.79,62768.48,55427.63
300248.SZ,2023-09-20,8.77,8.91,8.75,8.8,40452.0,35675.85
300248.SZ,2023-09-21,8.76,8.89,8.7,8.73,37953.0,33317.19
300248.SZ,2023-09-22,8.76,9.19,8.69,9.17,95343.37,85875.88
300248.SZ,2023-09-25,9.17,9.21,9.02,9.05,47228.0,42981.21
300248.SZ,2023-09-26,9.02,9.16,9.02,9.1,36467.23,33231.5
300248.SZ,2023-09-27,9.08,9.23,9.03,9.1,48420.58,44242.49
300248.SZ,2023-09-28,9.1,9.35,9.08,9.27,58447.98,54019.06
300248.SZ,2023-10-09,9.27,9.36,9.22,9.31,51689.43,48052.32
300248.SZ,2023-10-10,9.32,9.52,9.26,9.44,62756.93,59288.93
300248.SZ,2023-10-11,9.47,9.93,9.35,9.69,171110.18,166563.38
300248.SZ,2023-10-12,9.76,9.86,9.45,9.52,99683.15,95481.96
300248.SZ,2023-10-13,9.46,9.49,9.33,9.36,54055.02,50778.42
300248.SZ,2023-10-16,9.4,9.47,9.22,9.4,57294.0,53414.11
300248.SZ,2023-10-17,9.54,9.83,9.48,9.75,193314.04,187123.66
300248.SZ,2023-10-18,9.6,9.61,9.32,9.45,120811.97,114271.06
300248.SZ,2023-10-19,9.49,9.64,9.32,9.33,89245.0,84618.27
300248.SZ,2023-10-20,9.24,9.38,8.97,9.0,88337.35,80498.89
300248.SZ,2023-10-23,8.97,9.03,8.6,8.68,78115.93,68506.96
300248.SZ,2023-10-24,8.68,9.0,8.52,8.97,79123.19,69501.65
300248.SZ,2023-10-25,9.38,9.99,9.38,9.64,257725.79,248756.79
300248.SZ,2023-10-26,9.5,9.57,9.3,9.41,123606.09,116147.74
300248.SZ,2023-10-27,9.38,9.43,9.11,9.21,110754.44,102257.17
300248.SZ,2023-10-30,9.16,9.45,9.16,9.45,93990.6,87839.74
300248.SZ,2023-10-31,9.41,9.52,9.22,9.29,71593.03,66726.45
300248.SZ,2023-11-01,9.32,9.42,9.24,9.28,61062.7,56924.6
300248.SZ,2023-11-02,9.28,9.39,9.08,9.09,63697.07,58735.85
300248.SZ,2023-11-03,9.08,9.33,9.08,9.28,57828.0,53562.85
300248.SZ,2023-11-06,9.37,9.57,9.3,9.57,90006.58,85390.87
300248.SZ,2023-11-07,9.59,9.74,9.46,9.71,95795.81,92257.51
300248.SZ,2023-11-08,9.77,9.92,9.68,9.78,117258.77,115001.86
300248.SZ,2023-11-09,9.85,9.92,9.65,9.75,82446.73,80531.68
300248.SZ,2023-11-10,9.74,9.77,9.61,9.7,53581.07,51869.48
300248.SZ,2023-11-13,9.74,9.9,9.7,9.9,95120.04,93521.84
300248.SZ,2023-11-14,10.08,10.49,9.94,10.43,349895.68,361368.03
300248.SZ,2023-11-15,10.48,10.49,10.13,10.19,249006.88,255217.58
300248.SZ,2023-11-16,10.16,10.3,10.03,10.12,132242.51,134545.39
300248.SZ,2023-11-17,10.1,10.17,9.99,10.1,112822.51,113546.88
300248.SZ,2023-11-20,10.11,10.34,10.02,10.3,131323.02,133945.96
300248.SZ,2023-11-21,10.25,10.26,10.0,10.03,110807.0,112030.81
300248.SZ,2023-11-22,10.0,10.13,9.93,9.93,86043.0,86212.54
300248.SZ,2023-11-23,9.82,10.03,9.78,9.98,66180.98,65736.53
300248.SZ,2023-11-24,9.96,10.0,9.64,9.69,93250.0,91112.72
300248.SZ,2023-11-27,9.65,9.88,9.64,9.74,61453.0,60031.0
300248.SZ,2023-11-28,9.77,9.92,9.67,9.8,57954.15,56807.25
300248.SZ,2023-11-29,9.82,9.92,9.68,9.74,62153.0,60907.08
300248.SZ,2023-11-30,9.78,9.78,9.5,9.63,58995.0,56724.43
300248.SZ,2023-12-01,9.61,10.17,9.57,10.07,130198.03,128982.7
300248.SZ,2023-12-04,10.03,10.2,9.99,10.03,102247.88,103006.06
300248.SZ,2023-12-05,10.23,10.35,9.76,9.76,185833.0,187473.66
300248.SZ,2023-12-06,9.72,9.92,9.65,9.78,106579.99,103991.11
300248.SZ,2023-12-07,9.72,10.02,9.71,9.96,104713.55,103928.8
300248.SZ,2023-12-08,9.99,10.06,9.8,9.83,87679.0,86664.74
300248.SZ,2023-12-11,9.79,10.1,9.69,10.1,113254.27,112501.65
300248.SZ,2023-12-12,10.07,10.3,10.01,10.23,129771.61,132228.34
300248.SZ,2023-12-13,10.2,10.2,10.04,10.07,89497.64,90500.51
300248.SZ,2023-12-14,10.09,10.15,9.93,9.95,79635.55,79879.82
300248.SZ,2023-12-15,9.95,10.01,9.74,9.84,75943.06,74745.03
300248.SZ,2023-12-18,9.81,9.99,9.67,9.72,71508.0,70200.92
300248.SZ,2023-12-19,9.75,9.82,9.57,9.79,61414.06,59664.69
300248.SZ,2023-12-20,9.8,9.88,9.51,9.53,62684.74,60628.02
300248.SZ,2023-12-21,9.48,9.68,9.37,9.63,63694.6,60707.66
300248.SZ,2023-12-22,9.63,9.69,9.31,9.33,69885.16,66006.0
300248.SZ,2023-12-25,9.35,9.46,9.2,9.29,46828.51,43494.54
300248.SZ,2023-12-26,9.37,9.37,9.02,9.06,50809.0,46245.08
300248.SZ,2023-12-27,9.08,9.23,9.08,9.22,43800.08,40190.2
300248.SZ,2023-12-28,9.2,9.43,9.09,9.41,59012.78,54948.41
300248.SZ,2023-12-29,9.41,9.6,9.39,9.59,48381.2,46115.15
300248.SZ,2024-01-02,9.59,10.42,9.55,9.94,243583.42,243565.86
300248.SZ,2024-01-03,9.93,9.96,9.61,9.71,169292.34,165024.65
300248.SZ,2024-01-04,9.75,9.98,9.56,9.76,139840.42,137226.48
300248.SZ,2024-01-05,9.77,9.83,9.42,9.46,115393.27,110638.25
300248.SZ,2024-01-08,9.42,9.63,9.25,9.3,80462.88,75866.84
300248.SZ,2024-01-09,9.39,9.5,9.14,9.19,77853.01,72390.26
300248.SZ,2024-01-10,9.19,9.19,8.9,8.99,77582.0,70042.66
300248.SZ,2024-01-11,9.02,9.39,8.97,9.39,101320.51,93924.83
300248.SZ,2024-01-12,9.35,9.39,9.1,9.11,77223.81,71168.83
300248.SZ,2024-01-15,9.04,9.11,8.9,9.08,68739.32,61908.5
300248.SZ,2024-01-16,9.03,9.03,8.77,8.94,84197.56,74730.81
300248.SZ,2024-01-17,9.05,9.05,8.75,8.77,44738.0,39652.86
300248.SZ,2024-01-18,8.7,8.76,8.38,8.63,81377.97,69494.15
300248.SZ,2024-01-19,8.67,8.67,8.41,8.43,59015.05,50208.14
300248.SZ,2024-01-22,8.38,8.48,7.74,7.86,84375.91,68232.14
300248.SZ,2024-01-23,7.84,7.92,7.66,7.81,82386.41,64015.46
300248.SZ,2024-01-24,7.82,7.93,7.52,7.91,81677.5,63449.24
300248.SZ,2024-01-25,7.88,8.17,7.81,8.15,76056.2,61107.69
300248.SZ,2024-01-26,8.15,8.29,8.08,8.09,62781.0,51349.64
300248.SZ,2024-01-29,8.08,8.15,7.77,7.79,51844.53,40969.25
300248.SZ,2024-01-30,7.7,7.8,7.45,7.48,54331.91,41423.23
300248.SZ,2024-01-31,7.5,7.5,6.9,6.96,85375.41,61386.97
300248.SZ,2024-02-01,6.91,7.08,6.71,6.91,68102.09,46965.67
300248.SZ,2024-02-02,6.94,7.14,6.22,6.52,99413.54,65878.8
300248.SZ,2024-02-05,6.46,6.52,5.51,5.68,156045.9,91281.1
300248.SZ,2024-02-06,5.5,6.11,5.25,5.88,147653.12,82888.04
300248.SZ,2024-02-07,5.78,6.03,5.62,5.72,106693.76,62387.57
300248.SZ,2024-02-08,5.72,6.72,5.71,6.67,147029.69,91282.81
300248.SZ,2024-02-19,6.8,7.13,6.8,7.0,138413.74,96378.54
300248.SZ,2024-02-20,6.99,7.03,6.79,6.97,73958.7,51338.59
300248.SZ,2024-02-21,6.88,7.26,6.84,7.05,83311.48,59126.91
300248.SZ,2024-02-22,7.07,7.39,7.02,7.3,93056.16,67441.0
300248.SZ,2024-02-23,7.35,7.7,7.3,7.69,111246.0,83522.5
300248.SZ,2024-02-26,7.69,7.95,7.52,7.75,121327.54,93701.62
300248.SZ,2024-02-27,7.75,8.05,7.65,8.04,88868.79,69878.34
300248.SZ,2024-02-28,8.12,8.17,7.16,7.21,161817.73,125133.44
300248.SZ,2024-02-29,7.16,7.67,7.15,7.65,109691.81,82512.08
300248.SZ,2024-03-01,7.65,7.9,7.64,7.89,97576.27,75950.79
300248.SZ,2024-03-04,7.9,7.96,7.58,7.87,83633.71,64973.29
300248.SZ,2024-03-05,7.87,7.89,7.63,7.66,62394.74,48159.69
300248.SZ,2024-03-06,7.63,7.81,7.6,7.75,64952.0,50094.04
300248.SZ,2024-03-07,7.7,7.9,7.56,7.58,70878.36,54850.42
300248.SZ,2024-03-08,7.58,7.71,7.53,7.7,53274.09,40711.46
300248.SZ,2024-03-11,7.67,7.85,7.56,7.85,60304.0,46678.52
300248.SZ,2024-03-12,7.84,7.96,7.78,7.92,72325.57,57046.21
300248.SZ,2024-03-13,7.92,8.14,7.88,8.04,114409.14,91898.83
300248.SZ,2024-03-14,7.96,8.03,7.76,7.92,82229.0,64994.4
300248.SZ,2024-03-15,7.92,7.98,7.76,7.98,57731.65,45482.5
300248.SZ,2024-03-18,8.0,8.16,8.0,8.16,76783.72,62046.29
300248.SZ,2024-03-19,8.2,8.77,8.2,8.25,227186.15,191528.35
300248.SZ,2024-03-20,8.25,8.44,8.18,8.43,156763.18,130396.83
300248.SZ,2024-03-21,8.46,8.49,8.27,8.42,125452.62,105395.6
300248.SZ,2024-03-22,8.42,8.45,8.15,8.31,105363.78,87281.9
300248.SZ,2024-03-25,8.44,8.6,8.07,8.07,114679.51,95375.79
300248.SZ,2024-03-26,8.05,8.16,7.71,7.89,88854.08,70267.26
300248.SZ,2024-03-27,7.87,7.9,7.44,7.46,78251.01,59789.94
300248.SZ,2024-03-28,7.51,7.86,7.47,7.78,79963.21,61808.46
300248.SZ,2024-03-29,7.87,8.34,7.72,8.01,136273.96,109358.9
300248.SZ,2024-04-01,8.02,8.52,7.98,8.47,202081.05,167069.83
300248.SZ,2024-04-02,8.38,8.4,8.02,8.15,158823.59,129614.69
300248.SZ,2024-04-03,8.16,8.17,7.85,7.99,102147.0,81202.58
300248.SZ,2024-04-08,7.99,7.99,7.63,7.66,82453.3,63758.57
300248.SZ,2024-04-09,7.71,7.82,7.64,7.73,51032.17,39334.64
300248.SZ,2024-04-10,7.69,7.7,7.34,7.39,76028.67,56735.46
300248.SZ,2024-04-11,7.34,7.54,7.31,7.4,47009.82,35016.0
300248.SZ,2024-04-12,7.41,7.52,7.3,7.33,46461.78,34350.7
300248.SZ,2024-04-15,7.25,7.42,6.9,7.0,77476.26,54888.6
300248.SZ,2024-04-16,6.96,7.0,6.51,6.51,80690.28,53878.27
300248.SZ,2024-04-17,6.64,7.1,6.64,7.1,71258.4,49647.48
300248.SZ,2024-04-18,7.16,7.18,6.99,7.03,58144.52,41149.72
300248.SZ,2024-04-19,7.02,7.05,6.86,6.89,43221.25,29946.68
300248.SZ,2024-04-22,6.82,6.96,6.62,6.9,38109.59,26011.01
300248.SZ,2024-04-23,6.92,7.13,6.92,7.04,46840.94,32960.01
300248.SZ,2024-04-24,7.04,7.31,7.04,7.31,56891.16,41130.04
300248.SZ,2024-04-25,7.26,7.34,7.18,7.28,49555.0,36057.21
300248.SZ,2024-04-26,7.28,7.34,7.06,7.3,91729.57,66291.94
300248.SZ,2024-04-29,7.3,7.5,7.25,7.47,73818.57,54668.44
300248.SZ,2024-04-30,7.54,7.54,7.3,7.43,58934.25,43718.35
300248.SZ,2024-05-06,7.55,7.62,7.45,7.46,47226.86,35535.79
300248.SZ,2024-05-07,7.46,7.51,7.35,7.44,45060.56,33490.75
300248.SZ,2024-05-08,7.41,7.41,7.21,7.22,41540.72,30248.68
300248.SZ,2024-05-09,7.13,7.36,7.13,7.29,33755.0,24672.88
300248.SZ,2024-05-10,7.26,7.32,7.06,7.1,49525.71,35347.74
300248.SZ,2024-05-13,7.42,7.45,7.06,7.09,103007.28,74842.8
300248.SZ,2024-05-14,7.3,7.4,7.13,7.22,89523.0,64863.0
300248.SZ,2024-05-15,7.09,7.13,6.98,6.99,75579.08,53112.4
300248.SZ,2024-05-16,6.95,7.23,6.95,7.14,64259.35,45777.67
300248.SZ,2024-05-17,7.14,7.31,7.09,7.31,67905.22,49235.49
300248.SZ,2024-05-20,7.33,7.4,7.21,7.25,64743.78,47217.63
300248.SZ,2024-05-21,7.24,7.29,7.12,7.15,42108.0,30210.63
300248.SZ,2024-05-22,7.17,7.24,7.08,7.22,31113.78,22393.57
300248.SZ,2024-05-23,7.24,7.24,7.04,7.06,37882.69,26926.87
300248.SZ,2024-05-24,7.06,7.11,6.93,6.94,34060.21,23912.07
300248.SZ,2024-05-27,7.0,7.0,6.8,6.97,33118.5,22786.9
300248.SZ,2024-05-28,6.98,7.01,6.88,6.9,24552.74,17050.28
300248.SZ,2024-05-29,6.89,6.99,6.82,6.86,30634.81,21174.32
300248.SZ,2024-05-30,6.79,6.87,6.72,6.79,30407.87,20695.34
300248.SZ,2024-05-31,6.8,6.98,6.8,6.94,33064.76,22889.91
300248.SZ,2024-06-03,6.97,6.98,6.65,6.7,45927.04,31192.89
300248.SZ,2024-06-04,6.71,6.71,6.44,6.52,54235.8,35370.79
300248.SZ,2024-06-05,6.51,6.58,6.46,6.48,31793.0,20741.34
300248.SZ,2024-06-06,6.46,6.53,6.0,6.07,75786.64,46899.06
300248.SZ,2024-06-07,6.15,6.35,6.14,6.31,44522.05,27928.51
300248.SZ,2024-06-11,6.32,6.45,6.19,6.43,40782.7,25819.36
300248.SZ,2024-06-12,6.45,6.56,6.4,6.54,33272.0,21675.43
300248.SZ,2024-06-13,6.61,6.62,6.45,6.51,31411.31,20494.13
300248.SZ,2024-06-14,6.53,6.59,6.45,6.56,28718.65,18761.94
300248.SZ,2024-06-17,6.56,6.62,6.5,6.55,32471.24,21293.38
300248.SZ,2024-06-18,6.55,6.72,6.47,6.71,37257.0,24811.6
300248.SZ,2024-06-19,6.75,6.9,6.71,6.8,53970.6,36868.47
300248.SZ,2024-06-20,6.8,6.82,6.56,6.57,37578.65,25114.48
300248.SZ,2024-06-21,6.58,6.69,6.42,6.58,29521.24,19342.07
300248.SZ,2024-06-24,6.56,6.56,6.21,6.33,46692.0,29689.36
300248.SZ,2024-06-25,6.29,6.4,6.19,6.28,35379.07,22268.77
300248.SZ,2024-06-26,6.28,6.79,6.22,6.77,60118.08,39268.51
300248.SZ,2024-06-27,6.74,6.76,6.58,6.63,49470.0,32989.8
300248.SZ,2024-06-28,6.65,6.68,6.47,6.49,45553.82,30054.52
300248.SZ,2024-07-01,6.45,6.52,6.36,6.48,35792.54,23017.34
300248.SZ,2024-07-02,6.48,6.85,6.48,6.77,79886.84,54000.23
300248.SZ,2024-07-03,6.82,6.84,6.56,6.57,51370.51,34156.97
300248.SZ,2024-07-04,6.58,6.74,6.33,6.34,47616.75,30842.58
300248.SZ,2024-07-05,6.3,6.55,6.19,6.47,39631.39,25379.77
300248.SZ,2024-07-08,6.42,6.44,6.14,6.15,48572.05,30296.46
300248.SZ,2024-07-09,6.15,6.28,5.99,6.27,46332.51,28558.6
300248.SZ,2024-07-10,6.27,6.35,6.2,6.21,31733.0,19877.41
300248.SZ,2024-07-11,6.33,6.45,6.27,6.44,39660.23,25401.54
300248.SZ,2024-07-12,6.4,6.49,6.31,6.35,30157.57,19266.93
300248.SZ,2024-07-15,6.32,6.34,6.15,6.17,34885.0,21615.21
300248.SZ,2024-07-16,6.14,6.22,6.11,6.18,26546.0,16361.81
300248.SZ,2024-07-17,6.16,6.22,6.1,6.1,26325.66,16161.68
300248.SZ,2024-07-18,6.05,6.07,5.9,6.04,33322.18,19938.72
300248.SZ,2024-07-19,6.02,6.15,5.99,6.09,28607.09,17427.66
300248.SZ,2024-07-22,6.14,6.27,6.12,6.24,39563.93,24587.13
300248.SZ,2024-07-23,6.22,6.29,6.13,6.15,25105.56,15620.28
300248.SZ,2024-07-24,6.15,6.19,6.03,6.04,30199.51,18386.57
300248.SZ,2024-07-25,6.01,6.24,6.01,6.16,34051.07,20879.45
300248.SZ,2024-07-26,6.2,6.26,6.13,6.2,30212.51,18711.65
300248.SZ,2024-07-29,6.26,6.34,6.14,6.29,43231.16,27090.29
300248.SZ,2024-07-30,6.3,6.4,6.23,6.36,33915.24,21519.61
300248.SZ,2024-07-31,6.37,6.57,6.31,6.56,44583.12,28964.69
300248.SZ,2024-08-01,6.65,6.65,6.52,6.55,36618.96,24045.14
300248.SZ,2024-08-02,6.52,6.59,6.37,6.41,29778.0,19298.78
300248.SZ,2024-08-05,6.37,6.49,6.22,6.23,36383.0,23086.78
300248.SZ,2024-08-06,6.32,6.46,6.25,6.41,39716.12,25199.31
300248.SZ,2024-08-07,6.41,6.68,6.37,6.45,55580.0,36102.22
300248.SZ,2024-08-08,6.37,6.39,6.24,6.3,42646.54,26898.64
300248.SZ,2024-08-09,6.3,6.42,6.25,6.25,27357.0,17307.05
300248.SZ,2024-08-12,6.23,6.31,6.14,6.21,28570.0,17762.83
300248.SZ,2024-08-13,6.21,6.3,6.16,6.28,18021.0,11254.12
300248.SZ,2024-08-14,6.3,6.37,6.25,6.34,18711.03,11817.27
300248.SZ,2024-08-15,6.11,6.6,6.11,6.49,63782.15,41096.71
300248.SZ,2024-08-16,6.49,6.65,6.42,6.59,65275.56,42824.62
300248.SZ,2024-08-19,6.66,6.77,6.59,6.68,61411.85,41076.84
300248.SZ,2024-08-20,6.65,6.67,6.52,6.56,45304.78,29757.68
300248.SZ,2024-08-21,6.55,6.64,6.49,6.51,27254.02,17899.28
300248.SZ,2024-08-22,6.54,6.6,6.3,6.34,38348.0,24650.93
300248.SZ,2024-08-23,6.33,6.57,6.31,6.5,50480.16,32612.18
300248.SZ,2024-08-26,6.48,6.53,6.38,6.47,35156.15,22710.96
300248.SZ,2024-08-27,6.46,6.55,6.3,6.32,37073.7,23770.93
300248.SZ,2024-08-28,6.34,6.44,6.2,6.39,31365.53,19861.64
300248.SZ,2024-08-29,6.38,6.48,6.3,6.46,32285.74,20769.71
300248.SZ,2024-08-30,6.45,6.77,6.45,6.67,76770.21,51237.8
300248.SZ,2024-09-02,6.66,6.79,6.61,6.65,61770.0,41372.27
300248.SZ,2024-09-03,6.6,6.88,6.6,6.85,77081.41,52063.86
300248.SZ,2024-09-04,6.77,6.84,6.68,6.7,52550.0,35440.67
300248.SZ,2024-09-05,6.83,7.13,6.83,6.9,113628.78,78809.24
300248.SZ,2024-09-06,6.89,6.96,6.71,6.72,78555.0,53721.81
300248.SZ,2024-09-09,6.72,6.77,6.59,6.7,47759.23,31964.06
300248.SZ,2024-09-10,6.77,6.84,6.59,6.79,40219.0,26954.38
300248.SZ,2024-09-11,6.77,6.82,6.66,6.73,42271.24,28458.17
300248.SZ,2024-09-12,6.85,6.92,6.75,6.87,76106.62,52080.37
300248.SZ,2024-09-13,6.83,6.94,6.63,6.65,59017.94,39513.28
300248.SZ,2024-09-18,6.71,6.71,6.49,6.58,43184.13,28398.62
300248.SZ,2024-09-19,6.64,6.86,6.6,6.85,55592.0,37707.31
300248.SZ,2024-09-20,6.94,7.3,6.81,7.01,119915.29,84498.07
300248.SZ,2024-09-23,6.98,7.13,6.98,7.05,75101.07,53048.28
300248.SZ,2024-09-24,7.09,7.2,6.89,7.2,87371.0,61796.45
300248.SZ,2024-09-25,7.2,7.42,7.2,7.26,114881.14,83920.36
300248.SZ,2024-09-26,7.16,7.33,7.14,7.31,102085.3,73992.99
300248.SZ,2024-09-27,7.39,7.86,7.39,7.73,139863.14,106447.8
300248.SZ,2024-09-30,8.28,9.1,8.06,9.04,328063.27,283770.74
300248.SZ,2024-10-08,10.85,10.85,9.4,10.85,487929.14,502826.79
300248.SZ,2024-10-09,10.02,10.26,9.1,9.18,425377.62,415013.95
300248.SZ,2024-10-10,9.44,9.6,8.98,9.02,230289.03,212800.3
300248.SZ,2024-10-11,8.84,9.05,8.41,8.54,177477.6,154690.58
300248.SZ,2024-10-14,8.58,9.07,8.47,9.06,170765.01,150044.61
300248.SZ,2024-10-15,8.88,9.41,8.85,8.98,185040.08,169350.38
300248.SZ,2024-10-16,8.75,9.07,8.72,8.88,113162.66,100876.65
300248.SZ,2024-10-17,9.0,9.2,8.95,9.0,133293.38,121085.44
300248.SZ,2024-10-18,8.95,9.48,8.84,9.26,200923.52,183527.33
300248.SZ,2024-10-21,9.21,9.57,9.18,9.46,194067.97,182424.11
300248.SZ,2024-10-22,9.4,9.44,9.08,9.17,145438.1,134308.46
300248.SZ,2024-10-23,9.16,9.34,9.04,9.09,116441.37,107118.18
300248.SZ,2024-10-24,9.01,9.08,8.84,8.98,92051.23,82339.79
300248.SZ,2024-10-25,8.97,9.19,8.96,9.08,86705.26,78628.04
300248.SZ,2024-10-28,9.11,9.39,9.11,9.36,123771.17,115055.77
300248.SZ,2024-10-29,9.44,10.1,9.4,9.62,266674.46,259349.82
300248.SZ,2024-10-30,9.6,10.59,9.3,10.39,459675.47,466044.5
300248.SZ,2024-10-31,10.06,10.29,9.9,10.18,344415.86,347813.18
300248.SZ,2024-11-01,10.15,10.15,9.15,9.18,253319.18,241920.29
300248.SZ,2024-11-04,9.25,9.53,9.17,9.29,143282.3,133588.66
300248.SZ,2024-11-05,9.32,9.8,9.24,9.73,196603.13,188041.08
300248.SZ,2024-11-06,9.83,9.99,9.58,9.7,178220.74,174581.53
300248.SZ,2024-11-07,9.58,9.96,9.53,9.95,183535.18,179017.89
300248.SZ,2024-11-08,10.12,10.19,9.87,9.93,204045.14,204275.71
300248.SZ,2024-11-11,9.76,11.84,9.7,11.33,541903.45,589768.54
300248.SZ,2024-11-12,11.81,12.24,10.77,11.01,633084.84,728612.5
300248.SZ,2024-11-13,10.81,11.0,10.3,10.72,337173.74,359085.15
300248.SZ,2024-11-14,10.59,11.75,10.42,11.21,544107.93,604487.21
300248.SZ,2024-11-15,11.84,13.18,11.36,12.18,849753.04,1027172.55
300248.SZ,2024-11-18,12.03,12.32,10.48,10.73,586351.73,647772.95
300248.SZ,2024-11-19,10.42,11.87,10.2,11.85,563164.57,616874.35
300248.SZ,2024-11-20,11.6,12.84,11.52,12.18,707014.74,865361.75
300248.SZ,2024-11-21,11.94,12.02,11.34,11.64,481670.2,560870.31
300248.SZ,2024-11-22,11.63,12.19,11.19,11.23,460256.9,540836.65
300248.SZ,2024-11-25,11.32,11.38,10.73,11.1,274723.59,300576.67
300248.SZ,2024-11-26,10.91,11.72,10.52,11.1,308198.71,340945.19
300248.SZ,2024-11-27,10.75,11.1,10.31,11.09,260794.86,279527.17
300248.SZ,2024-11-28,11.09,12.11,11.0,11.12,315146.91,363110.32
300248.SZ,2024-11-29,10.97,12.33,10.87,11.93,567770.2,665917.82
300248.SZ,2024-12-02,11.71,12.27,11.52,12.0,464697.94,553495.32
300248.SZ,2024-12-03,11.9,12.09,11.56,11.76,314616.85,370140.01
300248.SZ,2024-12-04,11.58,12.58,11.42,12.31,572091.44,693387.51
300248.SZ,2024-12-05,12.08,12.56,11.98,12.43,453067.26,556674.45
300248.SZ,2024-12-06,12.3,13.19,12.02,12.02,655210.02,828786.55
300248.SZ,2024-12-09,11.81,12.2,11.8,11.95,323308.31,386792.13
300248.SZ,2024-12-10,12.43,12.49,11.92,11.98,369574.01,449465.79
300248.SZ,2024-12-11,11.84,12.4,11.69,12.11,282291.28,337952.03
300248.SZ,2024-12-12,12.09,12.53,11.96,12.28,300484.21,367206.45
300248.SZ,2024-12-13,12.01,12.06,11.5,11.51,287813.05,339909.66
300248.SZ,2024-12-16,11.52,11.89,11.04,11.19,200617.59,229600.42
300248.SZ,2024-12-17,11.11,11.31,10.57,10.62,209098.09,226379.11
300248.SZ,2024-12-18,10.66,10.92,10.42,10.76,132156.29,141628.16
300248.SZ,2024-12-19,10.5,10.91,10.47,10.84,119880.33,128995.58
300248.SZ,2024-12-20,10.75,11.16,10.75,10.97,134473.07,147222.6
300248.SZ,2024-12-23,10.96,10.96,10.11,10.23,182095.13,190456.44
300248.SZ,2024-12-24,10.4,10.43,10.15,10.3,116998.8,120281.53
300248.SZ,2024-12-25,10.25,10.35,9.77,9.89,149727.83,148837.53
300248.SZ,2024-12-26,9.98,10.23,9.9,10.09,105525.31,106850.35
300248.SZ,2024-12-27,10.25,10.35,10.04,10.16,88984.62,90951.07
300248.SZ,2024-12-30,10.07,10.22,9.87,10.12,91222.89,92144.3
300248.SZ,2024-12-31,10.15,10.29,9.61,9.69,111442.7,110838.33
300248.SZ,2025-01-02,9.65,9.85,9.34,9.47,110604.53,106121.07
300248.SZ,2025-01-03,9.47,9.59,8.86,8.89,111059.89,101506.15
300248.SZ,2025-01-06,8.96,9.06,8.54,8.89,89679.0,79770.04
300248.SZ,2025-01-07,8.9,9.18,8.9,9.18,86051.43,77877.91
300248.SZ,2025-01-08,9.17,9.25,8.71,9.04,123684.19,111061.11
300248.SZ,2025-01-09,9.04,9.18,8.9,9.1,72342.0,65960.91
300248.SZ,2025-01-10,9.08,9.18,8.76,8.76,76345.0,68671.79
300248.SZ,2025-01-13,8.6,8.96,8.45,8.91,81419.51,71401.36
300248.SZ,2025-01-14,9.03,9.5,8.95,9.49,123596.83,114866.77
300248.SZ,2025-01-15,9.47,9.57,9.36,9.39,89747.81,84739.48
300248.SZ,2025-01-16,9.48,9.67,9.35,9.41,84002.0,79835.72
300248.SZ,2025-01-17,9.52,9.55,9.32,9.44,70752.0,66658.78
300248.SZ,2025-01-20,9.66,9.72,9.35,9.59,93768.34,89827.75
300248.SZ,2025-01-21,9.63,9.7,9.4,9.57,77930.95,74312.84
300248.SZ,2025-01-22,9.6,9.6,9.38,9.48,68480.0,64966.03
300248.SZ,2025-01-23,9.61,11.0,9.61,10.48,441462.23,464036.34
300248.SZ,2025-01-24,10.43,11.59,10.42,11.43,515264.14,575383.08
300248.SZ,2025-01-27,11.32,11.49,10.96,11.27,308920.07,345910.22
300248.SZ,2025-02-05,11.5,11.75,11.28,11.57,380497.9,437280.63
300248.SZ,2025-02-06,11.31,11.57,11.04,11.56,318987.19,361334.27
300248.SZ,2025-02-07,11.46,11.96,11.3,11.77,362970.69,420133.75
300248.SZ,2025-02-10,11.84,12.36,11.59,12.09,356408.6,428412.66
300248.SZ,2025-02-11,11.97,12.49,11.51,11.92,339345.2,404529.19
300248.SZ,2025-02-12,12.38,12.5,12.04,12.15,331279.98,404964.74
300248.SZ,2025-02-13,12.17,12.28,11.68,12.07,337365.42,403809.53
300248.SZ,2025-02-14,11.91,12.37,11.83,12.21,350585.33,424519.27
300248.SZ,2025-02-17,12.5,12.6,12.0,12.1,340225.27,416402.41
300248.SZ,2025-02-18,11.85,12.17,11.38,11.43,302687.62,355647.9
300248.SZ,2025-02-19,11.47,12.02,11.33,11.83,220666.62,258363.3
300248.SZ,2025-02-20,11.84,12.0,11.6,11.8,163485.56,192890.24
300248.SZ,2025-02-21,11.94,12.62,11.88,12.5,437470.67,537332.71
300248.SZ,2025-02-24,12.59,12.66,12.06,12.26,263049.65,322906.36
300248.SZ,2025-02-25,12.01,12.48,11.91,12.18,226348.82,277185.46
300248.SZ,2025-02-26,12.3,12.42,12.11,12.3,199865.78,244521.42
300248.SZ,2025-02-27,12.26,12.45,11.82,12.03,183897.43,221865.07
300248.SZ,2025-02-28,11.91,12.02,11.05,11.1,196550.09,224771.46
300248.SZ,2025-03-03,11.16,11.76,10.92,11.29,163582.36,186500.16
300248.SZ,2025-03-04,11.2,11.61,11.2,11.56,119968.38,138165.19
300248.SZ,2025-03-05,11.45,11.68,11.35,11.63,95464.44,109974.57
300248.SZ,2025-03-06,11.9,13.96,11.9,13.96,688985.12,910938.22
300248.SZ,2025-03-07,16.0,16.75,15.72,16.75,1152731.55,1910619.99
300248.SZ,2025-03-10,17.75,18.14,15.45,15.88,1349118.65,2246572.19
300248.SZ,2025-03-11,15.89,16.2,14.9,15.24,993115.24,1543112.6
300248.SZ,2025-03-12,15.9,17.8,15.9,17.16,1343875.87,2243632.37
300248.SZ,2025-03-13,16.17,20.59,15.18,20.59,1561184.28,2698840.49
300248.SZ,2025-03-14,19.61,21.66,18.88,19.1,1500396.72,2984486.02
300248.SZ,2025-03-17,18.86,20.15,18.34,19.52,1098305.62,2111807.83
300248.SZ,2025-03-18,19.2,20.28,18.65,18.69,919007.28,1782359.6
300248.SZ,2025-03-19,18.03,20.0,17.9,19.23,951599.59,1835766.57
300248.SZ,2025-03-20,18.7,20.9,18.42,19.32,950333.94,1861467.44
300248.SZ,2025-03-21,19.05,19.25,17.42,17.48,762521.16,1394609.86
300248.SZ,2025-03-24,17.62,17.79,16.44,17.02,620488.61,1053610.33
300248.SZ,2025-03-25,17.11,17.25,16.02,16.2,494431.6,811724.75
300248.SZ,2025-03-26,16.2,16.53,16.03,16.31,425689.72,691894.12
300248.SZ,2025-03-27,15.84,15.95,15.34,15.36,449675.33,700340.6
300248.SZ,2025-03-28,15.45,15.48,15.03,15.03,283603.18,431242.58
300248.SZ,2025-03-31,15.12,16.66,14.4,16.1,786993.72,1225873.22
300248.SZ,2025-04-01,15.92,16.07,15.44,15.57,471346.72,739562.95
300248.SZ,2025-04-02,15.5,15.81,15.32,15.43,325873.25,506815.36
300248.SZ,2025-04-03,15.03,15.39,14.8,15.0,278147.12,419732.38
300248.SZ,2025-04-07,13.39,13.79,12.01,12.5,484046.57,625535.59
300248.SZ,2025-04-08,13.06,13.96,12.8,13.33,446643.44,597933.29
300248.SZ,2025-04-09,13.5,14.0,12.5,13.82,455842.07,611668.78
300248.SZ,2025-04-10,14.24,14.78,14.13,14.23,413994.02,597960.02
300248.SZ,2025-04-11,14.0,15.15,13.91,14.6,467416.98,684455.29
300248.SZ,2025-04-14,14.85,15.28,14.62,14.82,413613.08,615198.26
300248.SZ,2025-04-15,14.64,14.97,14.37,14.56,282780.41,413814.96
300248.SZ,2025-04-16,14.6,14.85,13.98,14.2,261242.22,374509.03
300248.SZ,2025-04-17,14.08,14.48,13.95,14.11,215776.81,307850.84
300248.SZ,2025-04-18,14.23,14.28,13.9,13.93,198472.0,278697.79
300248.SZ,2025-04-21,13.9,14.76,13.8,14.62,318112.02,458403.22
300248.SZ,2025-04-22,14.62,14.84,14.25,14.29,254060.58,367284.72
300248.SZ,2025-04-23,14.43,15.15,14.43,14.71,357371.76,527908.28
300248.SZ,2025-04-24,14.44,14.48,13.31,13.4,461488.37,631481.37
300248.SZ,2025-04-25,13.41,13.59,13.15,13.33,269518.67,359589.2
300248.SZ,2025-04-28,13.43,13.59,13.23,13.31,196254.0,263258.64
300248.SZ,2025-04-29,13.18,13.55,13.04,13.34,162557.53,217034.87
300248.SZ,2025-04-30,13.36,14.24,13.3,13.74,287194.83,398079.17
300248.SZ,2025-05-06,13.91,14.53,13.91,14.53,318118.13,455631.45
300248.SZ,2025-05-07,14.76,14.88,14.1,14.29,268263.72,386325.37
300248.SZ,2025-05-08,14.16,14.46,14.16,14.35,189443.0,271464.92
300248.SZ,2025-05-09,14.39,14.4,13.67,13.81,224395.12,310993.49
300248.SZ,2025-05-12,13.82,14.2,13.82,14.12,174852.0,245390.14
300248.SZ,2025-05-13,14.35,15.5,14.32,14.66,580898.47,857058.03
300248.SZ,2025-05-14,14.46,15.41,14.4,15.41,660525.03,985607.07
300248.SZ,2025-05-15,15.05,15.05,14.5,14.5,419169.46,615378.59
300248.SZ,2025-05-16,14.2,14.8,14.2,14.35,257430.11,373416.82
300248.SZ,2025-05-19,14.25,14.35,13.7,14.08,227874.48,318106.12
300248.SZ,2025-05-20,13.95,14.08,13.67,14.03,185482.58,257469.74
300248.SZ,2025-05-21,13.95,13.95,13.52,13.57,215654.92,294440.91
300248.SZ,2025-05-22,13.72,13.89,13.36,13.44,184735.77,251466.94
300248.SZ,2025-05-23,13.45,13.49,12.9,12.92,203413.34,267453.48
300248.SZ,2025-05-26,12.96,13.23,12.91,13.23,126788.85,165902.66
300248.SZ,2025-05-27,13.13,13.22,12.98,13.02,92654.62,120776.73
300248.SZ,2025-05-28,13.09,13.13,12.82,12.85,109440.8,141640.71
300248.SZ,2025-05-29,12.85,13.68,12.8,13.59,257366.22,343599.94
300248.SZ,2025-05-30,13.5,13.88,13.27,13.62,238666.01,323194.41
300248.SZ,2025-06-03,13.68,13.93,13.35,13.41,197909.51,269610.03
300248.SZ,2025-06-04,13.3,13.48,13.15,13.33,146360.0,194641.05
300248.SZ,2025-06-05,13.26,13.65,13.22,13.61,171527.0,230647.64
300248.SZ,2025-06-06,13.51,13.56,13.31,13.39,128224.99,171988.18
300248.SZ,2025-06-09,13.34,13.77,13.34,13.6,158566.36,215505.71
300248.SZ,2025-06-10,13.57,13.67,12.95,13.18,187221.46,247809.67
300248.SZ,2025-06-11,13.18,13.42,13.11,13.27,119974.07,159437.04
300248.SZ,2025-06-12,13.18,14.09,13.1,13.87,352368.58,482805.83
300248.SZ,2025-06-13,14.2,14.96,13.91,14.17,634719.39,917156.72
300248.SZ,2025-06-16,14.01,15.36,14.01,15.12,684347.11,1011031.8
300248.SZ,2025-06-17,14.7,15.23,14.54,14.87,537113.88,797936.87
300248.SZ,2025-06-18,14.7,15.2,14.52,14.6,368475.75,544023.64
300248.SZ,2025-06-19,14.6,14.75,13.72,13.77,337120.15,474592.51
300248.SZ,2025-06-20,13.69,13.79,13.0,13.23,269706.54,358604.25
300248.SZ,2025-06-23,13.0,14.06,13.0,13.87,307876.81,421784.13
300248.SZ,2025-06-24,14.0,14.26,13.71,14.12,264273.0,370209.42
300248.SZ,2025-06-25,14.02,14.91,13.97,14.8,437085.51,634351.41
300248.SZ,2025-06-26,14.79,15.01,14.57,14.8,412396.83,610306.31
300248.SZ,2025-06-27,14.78,14.95,14.45,14.5,309041.7,453153.95
300248.SZ,2025-06-30,14.64,15.12,14.51,14.99,333516.16,496335.74
300248.SZ,2025-07-01,14.88,14.88,14.39,14.53,233701.2,341087.43
300248.SZ,2025-07-02,14.55,14.55,13.91,14.07,184457.68,261018.09
300248.SZ,2025-07-03,14.16,14.23,13.89,14.02,140277.31,196742.05
300248.SZ,2025-07-04,14.04,14.46,13.8,14.06,255698.27,361907.17
300248.SZ,2025-07-07,14.01,15.28,13.95,14.81,408030.87,599735.23
300248.SZ,2025-07-08,14.99,15.37,14.74,15.2,423709.86,636043.78
300248.SZ,2025-07-09,15.11,16.35,14.88,15.88,660924.62,1038443.67
300248.SZ,2025-07-10,15.62,16.25,15.27,15.66,547415.62,863159.41
300248.SZ,2025-07-11,15.77,16.87,15.55,16.27,705519.8,1140477.5
300248.SZ,2025-07-14,16.1,16.16,15.34,15.43,435031.34,675380.14
300248.SZ,2025-07-15,15.54,16.66,15.09,15.98,557186.4,880886.67
300248.SZ,2025-07-16,15.71,16.01,15.43,15.59,324216.76,506173.71
300248.SZ,2025-07-17,15.6,15.75,15.44,15.51,247759.79,385605.08
300248.SZ,2025-07-18,15.77,16.26,15.63,15.89,403664.56,642105.24
300248.SZ,2025-07-21,15.54,15.69,15.31,15.4,287005.06,444089.57
300248.SZ,2025-07-22,15.33,15.33,14.79,14.94,302815.05,452913.94
300248.SZ,2025-07-23,14.91,15.03,14.6,14.87,165919.89,246420.48
300248.SZ,2025-07-24,14.86,14.99,14.78,14.97,159987.24,238285.61
300248.SZ,2025-07-25,14.99,15.19,14.85,15.19,190030.96,286577.2
300248.SZ,2025-07-28,15.21,15.25,14.94,15.13,125668.37,189239.5
300248.SZ,2025-07-29,15.0,15.24,14.69,15.08,168804.74,252321.59
300248.SZ,2025-07-30,15.0,15.0,14.5,14.52,170946.16,251767.94
300248.SZ,2025-07-31,14.6,14.82,14.54,14.59,127262.16,186895.94
300248.SZ,2025-08-01,14.59,14.96,14.39,14.84,151958.7,222731.54
300248.SZ,2025-08-04,14.7,15.6,14.5,15.46,323208.66,489380.57
300248.SZ,2025-08-05,15.31,15.44,15.08,15.18,175865.0,266924.58
300248.SZ,2025-08-06,15.06,15.21,15.06,15.19,139319.8,210963.37
300248.SZ,2025-08-07,15.18,15.18,14.84,14.86,162321.74,242839.13
300248.SZ,2025-08-08,14.82,15.34,14.62,14.84,148123.07,221321.29
300248.SZ,2025-08-11,14.76,15.05,14.64,14.94,129384.62,192107.32
300248.SZ,2025-08-12,14.82,14.88,14.7,14.82,113694.53,167981.39
300248.SZ,2025-08-13,14.8,14.87,14.64,14.8,135667.23,200190.48
300248.SZ,2025-08-14,14.8,15.12,14.76,14.85,190399.47,284422.34
300248.SZ,2025-08-15,14.72,14.98,14.53,14.92,173732.39,257474.41
300248.SZ,2025-08-18,14.9,15.31,14.9,15.25,270404.13,410241.81
300248.SZ,2025-08-19,15.29,15.48,15.05,15.25,228925.2,348744.62
300248.SZ,2025-08-20,15.18,15.18,14.81,15.17,193682.84,291244.26
300248.SZ,2025-08-21,15.24,15.85,15.24,15.71,458952.77,713950.89
300248.SZ,2025-08-22,15.53,15.98,15.42,15.69,340700.56,534322.67
300248.SZ,2025-08-25,15.69,15.84,15.41,15.61,291519.04,455032.15
300248.SZ,2025-08-26,15.5,15.78,15.28,15.51,198422.91,308827.18
300248.SZ,2025-08-27,15.87,16.0,14.89,14.92,268888.83,416357.45
300248.SZ,2025-08-28,14.83,14.98,14.27,14.9,236360.6,346911.84
300248.SZ,2025-08-29,14.7,14.82,14.42,14.45,177729.63,259276.39
300248.SZ,2025-09-01,14.64,14.89,14.53,14.61,122350.67,179473.94
300248.SZ,2025-09-02,14.54,14.54,13.88,13.96,171377.66,241663.82
300248.SZ,2025-09-03,13.97,14.07,13.43,13.47,106019.44,145766.71
300248.SZ,2025-09-04,13.5,13.68,13.17,13.48,106554.61,143827.08
300248.SZ,2025-09-05,13.53,13.72,13.37,13.72,83291.5,113219.66
300248.SZ,2025-09-08,13.72,13.92,13.67,13.89,68262.01,94405.72
300248.SZ,2025-09-09,13.96,14.21,13.73,14.01,116608.13,163802.48
300248.SZ,2025-09-10,14.01,14.15,13.72,13.85,71037.15,98335.13
300248.SZ,2025-09-11,13.84,14.01,13.71,13.97,92024.23,127908.48
300248.SZ,2025-09-12,14.02,14.12,13.84,13.86,80764.16,112808.2
300248.SZ,2025-09-15,13.88,13.88,13.49,13.5,107942.81,146868.31
300248.SZ,2025-09-16,13.55,13.66,13.31,13.63,97846.53,132164.34
300248.SZ,2025-09-17,13.59,13.63,13.43,13.45,95015.42,128214.87
300248.SZ,2025-09-18,13.44,13.51,12.97,13.08,145012.05,192560.24
300248.SZ,2025-09-19,13.11,13.19,12.99,13.14,73601.18,96298.54
300248.SZ,2025-09-22,13.14,13.21,12.97,13.13,52784.23,69050.68
300248.SZ,2025-09-23,13.18,14.0,12.63,13.73,194159.74,258564.77
300248.SZ,2025-09-24,13.67,13.67,13.26,13.52,141799.68,190877.63
300248.SZ,2025-09-25,13.46,13.8,13.32,13.65,121409.79,165425.1
300248.SZ,2025-09-26,13.56,13.6,13.17,13.17,91429.0,122258.61
300248.SZ,2025-09-29,13.13,13.19,12.85,13.01,83356.74,108473.14
300248.SZ,2025-09-30,13.1,13.35,13.02,13.15,65510.0,86301.65
300248.SZ,2025-10-09,13.18,13.34,13.05,13.19,77074.42,101745.99
300248.SZ,2025-10-10,13.16,13.16,12.78,12.87,93905.54,121857.26
300248.SZ,2025-10-13,12.25,12.65,12.16,12.49,97982.07,122260.5
300248.SZ,2025-10-14,12.55,12.65,12.16,12.2,92483.6,114443.73
300248.SZ,2025-10-15,12.25,12.35,12.07,12.32,58618.99,71794.61
300248.SZ,2025-10-16,12.29,12.29,12.08,12.11,62387.0,75807.55
300248.SZ,2025-10-17,12.18,12.18,11.72,11.72,72436.0,86344.92
300248.SZ,2025-10-20,11.85,12.07,11.8,12.03,66448.61,79533.43
300248.SZ,2025-10-21,12.08,12.2,11.93,12.19,47341.67,57287.53
300248.SZ,2025-10-22,12.15,12.27,12.09,12.1,42555.04,51796.94
300248.SZ,2025-10-23,12.1,12.3,11.96,12.27,55536.76,67251.69
300248.SZ,2025-10-24,12.28,12.33,12.21,12.26,49344.7,60549.68
300248.SZ,2025-10-27,12.36,12.45,12.25,12.37,53009.8,65513.08
300248.SZ,2025-10-28,12.31,12.48,12.28,12.41,54133.51,67185.84
300248.SZ,2025-10-29,12.27,12.38,12.17,12.27,62268.22,76390.11
300248.SZ,2025-10-30,12.32,12.39,12.17,12.18,60031.27,73626.08
300248.SZ,2025-10-31,12.16,12.57,12.13,12.52,95349.98,118658.9
300248.SZ,2025-11-03,12.51,12.83,12.44,12.82,97151.22,123065.83
300248.SZ,2025-11-04,12.7,12.78,12.59,12.68,70648.0,89363.59
300248.SZ,2025-11-05,12.56,12.73,12.51,12.67,43517.95,54972.84
300248.SZ,2025-11-06,12.63,12.7,12.56,12.59,44474.54,56045.77
300248.SZ,2025-11-07,12.51,12.58,12.46,12.47,44935.55,56177.4
300248.SZ,2025-11-10,12.54,12.65,12.44,12.64,45754.85,57606.61
300248.SZ,2025-11-11,12.54,12.54,12.23,12.25,77056.56,95105.02
300248.SZ,2025-11-12,12.21,12.32,12.1,12.15,49081.47,59788.97
300248.SZ,2025-11-13,12.14,12.29,12.07,12.27,45733.0,55662.08
300248.SZ,2025-11-14,12.15,12.35,12.11,12.12,45458.07,55593.5
300248.SZ,2025-11-17,12.14,12.4,12.12,12.38,77409.7,95246.66
300248.SZ,2025-11-18,12.35,13.96,12.2,13.29,502816.24,668388.7
300248.SZ,2025-11-19,13.3,13.36,12.95,13.09,282852.64,369593.17
300248.SZ,2025-11-20,13.01,13.2,12.86,12.95,158933.76,206547.65
300248.SZ,2025-11-21,12.65,13.42,12.63,13.11,295893.86,390438.52
300248.SZ,2025-11-24,13.3,13.88,13.13,13.83,441601.65,602591.14
300248.SZ,2025-11-25,13.6,13.99,13.52,13.72,395953.87,546554.82
300248.SZ,2025-11-26,13.56,14.17,13.51,13.6,294734.18,406994.71
300248.SZ,2025-11-27,13.5,13.6,13.15,13.19,216489.07,288089.03
300248.SZ,2025-11-28,13.29,13.43,13.02,13.15,141397.09,186009.04
300248.SZ,2025-12-01,13.14,13.81,12.92,13.65,276219.59,368680.11
300248.SZ,2025-12-02,13.65,14.01,13.31,13.35,217157.54,294864.3
300248.SZ,2025-12-03,13.35,13.45,12.87,12.96,171747.12,223926.52
300248.SZ,2025-12-04,12.86,12.96,12.43,12.43,146945.69,184403.38
300248.SZ,2025-12-05,12.43,12.57,12.25,12.56,91235.0,113425.64
300248.SZ,2025-12-08,12.56,12.83,12.55,12.71,92405.6,117418.46
300248.SZ,2025-12-09,12.59,12.66,12.4,12.4,80180.0,100378.77
300248.SZ,2025-12-10,12.35,12.5,12.1,12.25,97408.14,119074.75
300248.SZ,2025-12-11,12.24,12.24,11.95,11.95,86273.03,103901.39
300248.SZ,2025-12-12,11.97,12.06,11.82,11.82,70890.0,84415.77
300248.SZ,2025-12-15,11.7,11.92,11.56,11.72,56475.67,66328.74
300248.SZ,2025-12-16,11.72,11.78,11.43,11.49,69291.77,80081.77
300248.SZ,2025-12-17,11.49,11.65,11.28,11.6,72422.51,83087.04
300248.SZ,2025-12-18,11.49,11.74,11.45,11.66,52140.05,60769.63
300248.SZ,2025-12-19,11.88,13.0,11.74,12.45,282375.58,351120.71
300248.SZ,2025-12-22,12.46,12.52,12.14,12.19,152506.54,186570.07
300248.SZ,2025-12-23,12.1,12.14,11.75,11.81,113713.0,135321.28
300248.SZ,2025-12-24,11.83,12.02,11.8,12.02,76824.0,91889.46
300248.SZ,2025-12-25,12.02,12.12,11.92,12.07,74386.63,89621.52
300248.SZ,2025-12-26,12.05,12.12,11.87,11.91,75705.0,90850.98
300248.SZ,2025-12-29,11.88,12.13,11.84,12.08,78080.44,93948.55
300248.SZ,2025-12-30,12.3,12.55,12.0,12.03,143141.07,176327.7
300248.SZ,2025-12-31,12.27,12.68,12.13,12.41,184689.58,228840.46
300248.SZ,2026-01-05,12.35,12.56,12.2,12.5,151069.56,187243.88
300248.SZ,2026-01-06,12.48,12.54,12.38,12.52,109101.09,136136.03
300248.SZ,2026-01-07,12.5,12.61,12.31,12.32,102944.87,127852.24
300248.SZ,2026-01-08,12.26,12.63,12.26,12.52,116528.91,145676.16
300248.SZ,2026-01-09,12.5,12.94,12.5,12.92,182172.58,232454.56
300248.SZ,2026-01-12,13.46,15.5,13.35,15.2,820873.04,1191591.33
300248.SZ,2026-01-13,15.65,15.74,14.3,14.38,591066.89,876072.69
300248.SZ,2026-01-14,14.33,15.98,14.3,15.9,813203.59,1251591.4
300248.SZ,2026-01-15,15.5,15.52,14.51,14.72,485034.67,721191.76
300248.SZ,2026-01-16,14.6,14.78,13.82,13.9,347199.76,489103.33
300248.SZ,2026-01-19,13.7,13.98,13.58,13.77,174558.61,241083.93
300248.SZ,2026-01-20,13.82,13.96,13.42,13.55,186498.1,254685.05
300248.SZ,2026-01-21,13.45,13.76,13.32,13.5,132603.27,179323.33
300248.SZ,2026-01-22,13.53,13.65,13.37,13.57,131057.0,177126.26
300248.SZ,2026-01-23,13.64,14.02,13.43,13.99,246737.0,340571.69
300248.SZ,2026-01-26,14.06,14.09,13.13,13.4,283156.09,381862.42
300248.SZ,2026-01-27,13.35,13.47,13.06,13.34,133605.63,176907.79
300248.SZ,2026-01-28,13.41,13.64,13.25,13.31,145411.62,195232.15
300248.SZ,2026-01-29,13.26,13.82,12.94,13.38,228603.03,309062.28
300248.SZ,2026-01-30,13.38,13.39,12.82,12.83,179913.54,233847.53
300248.SZ,2026-02-02,12.8,13.22,12.73,12.83,135110.4,175831.54
300248.SZ,2026-02-03,12.96,13.35,12.95,13.33,138084.42,182043.6
300248.SZ,2026-02-04,13.21,13.25,12.92,13.13,115318.0,150673.82
300248.SZ,2026-02-05,13.13,13.13,12.95,12.96,75794.68,98548.35
300248.SZ,2026-02-06,12.92,13.1,12.75,12.93,77266.04,100224.58
300248.SZ,2026-02-09,13.16,13.42,13.13,13.37,135744.66,180575.91
300248.SZ,2026-02-10,13.38,13.71,13.28,13.62,164281.54,222480.31
300248.SZ,2026-02-11,13.51,13.69,13.3,13.31,124098.0,166721.58
300248.SZ,2026-02-12,13.32,13.68,13.32,13.57,143598.17,194396.37
300248.SZ,2026-02-13,13.57,13.78,13.41,13.45,129632.0,175885.49
300248.SZ,2026-02-24,13.56,13.59,13.0,13.05,144089.02,188967.83
300248.SZ,2026-02-25,13.07,13.22,13.02,13.08,110961.72,145544.29
300248.SZ,2026-02-26,13.13,13.17,12.85,12.87,118627.21,153791.07
300248.SZ,2026-02-27,12.84,13.17,12.77,13.12,111907.84,146029.1
300248.SZ,2026-03-02,12.76,12.84,12.27,12.35,176300.23,219761.23
300248.SZ,2026-03-03,12.38,12.41,11.74,11.76,134921.23,162251.95
300248.SZ,2026-03-04,11.65,11.83,11.51,11.64,85707.98,100113.84
300248.SZ,2026-03-05,11.9,12.0,11.81,11.9,86207.27,102608.94
300248.SZ,2026-03-06,11.81,12.12,11.72,12.11,75967.38,91485.44
300248.SZ,2026-03-09,11.88,12.33,11.77,12.24,92705.58,111599.36
300248.SZ,2026-03-10,12.35,12.62,12.22,12.34,94039.02,116465.15
300248.SZ,2026-03-11,12.34,12.38,12.08,12.15,73997.89,90372.6
300248.SZ,2026-03-12,12.23,12.25,12.04,12.08,67068.0,81427.49
300248.SZ,2026-03-13,12.06,12.06,11.81,11.82,69327.79,82661.83
300248.SZ,2026-03-16,11.74,11.98,11.74,11.96,58841.25,69962.75
300248.SZ,2026-03-17,12.0,12.07,11.65,11.66,46810.01,55402.05
300248.SZ,2026-03-18,11.74,11.97,11.65,11.95,56853.21,67183.64
300248.SZ,2026-03-19,11.7,11.87,11.63,11.69,57091.9,67103.05
300248.SZ,2026-03-20,11.7,11.79,11.13,11.14,105681.58,120324.46
300248.SZ,2026-03-23,10.8,10.89,10.2,10.25,156469.75,164789.15
300248.SZ,2026-03-24,10.48,10.66,10.29,10.65,95134.84,99696.47
300248.SZ,2026-03-25,10.68,10.83,10.6,10.68,135026.63,144425.67
300248.SZ,2026-03-26,10.68,10.73,10.05,10.07,174559.0,179428.29
300248.SZ,2026-03-27,9.88,10.26,9.88,10.26,129238.0,131325.94
300248.SZ,2026-03-30,10.16,10.33,10.02,10.32,76834.03,78328.51
300248.SZ,2026-03-31,10.32,10.5,10.11,10.12,67294.22,69219.26
300248.SZ,2026-04-01,10.32,10.49,10.25,10.4,71226.82,73791.46
300248.SZ,2026-04-02,10.4,10.4,10.04,10.09,56653.0,57575.62
300248.SZ,2026-04-03,10.4,10.4,9.98,10.01,74188.04,74762.18
300248.SZ,2026-04-07,10.03,10.23,10.0,10.16,50326.33,50961.78
300248.SZ,2026-04-08,10.35,10.67,10.35,10.67,101508.9,106949.37
300248.SZ,2026-04-09,10.54,10.56,10.2,10.31,82331.32,85325.77
300248.SZ,2026-04-10,10.38,10.55,10.38,10.44,66227.95,69385.86
300248.SZ,2026-04-13,10.37,10.48,10.3,10.42,49944.0,51865.54
300248.SZ,2026-04-14,10.55,10.55,10.36,10.47,56079.0,58629.93
300248.SZ,2026-04-15,10.54,10.56,10.26,10.3,58020.0,60219.09
300248.SZ,2026-04-16,10.33,10.62,10.3,10.59,95969.41,100768.57
300248.SZ,2026-04-17,10.58,10.58,10.41,10.49,56224.97,58951.58
300248.SZ,2026-06-05,8.34,8.73,8.27,8.54,81175.0,69241.61
300248.SZ,2026-06-08,8.21,9.27,8.2,8.96,230361.0,205395.67
300248.SZ,2026-06-09,8.99,9.19,8.74,8.85,145634.56,129665.85
300248.SZ,2026-06-10,8.72,9.11,8.48,8.6,122958.35,107643.38
300248.SZ,2026-06-11,8.51,8.56,8.18,8.29,100121.0,83258.42
300248.SZ,2026-06-12,8.38,8.65,8.2,8.34,103219.27,86793.05
300248.SZ,2026-06-15,8.45,8.64,8.33,8.45,97614.35,82704.24
300248.SZ,2026-06-16,8.46,8.57,8.32,8.55,77216.33,65437.02
300248.SZ,2026-06-17,8.49,8.59,8.35,8.42,69462.89,58664.37
300248.SZ,2026-06-18,8.4,8.53,8.24,8.29,75998.47,63564.26
300248.SZ,2026-06-22,8.14,8.46,7.96,8.44,102387.0,84677169.0
300248.SZ,2026-06-23,8.32,8.54,8.28,8.33,73479.0,62439782.0
300248.SZ,2026-06-24,8.27,8.37,7.9,8.05,88015.0,71478044.0
300248.SZ,2026-06-25,8.01,8.19,7.86,7.93,67904.0,54115791.0
300248.SZ,2026-06-26,7.92,7.92,7.64,7.66,68422.0,52808940.0
300248.SZ,2026-06-29,7.61,7.7,7.41,7.56,71663.0,54075791.0
300248.SZ,2026-06-30,7.64,7.77,7.51,7.71,67944.0,52247219.0
300248.SZ,2026-07-01,7.69,8.38,7.63,8.0,151881.0,122687283.51
300248.SZ,2026-07-03,7.88,8.02,7.8,7.95,69760.27,55244.14
300248.SZ,2026-07-06,7.91,8.02,7.74,7.75,56302.28,44089.74
300248.SZ,2026-07-07,7.77,7.79,7.38,7.41,74801.12,56348.28
300248.SZ,2026-07-08,7.41,7.62,7.32,7.52,74546.54,55962.86
300248.SZ,2026-07-09,7.45,7.64,7.32,7.53,80764.18,60358.79
300248.SZ,2026-07-10,7.49,7.87,7.4,7.68,98400.47,75787.72
300248.SZ,2026-07-13,7.67,7.69,7.28,7.29,94732.11,70104.42
300248.SZ,2026-07-14,7.28,7.35,7.07,7.31,71576.53,51691.93
300248.SZ,2026-07-15,7.23,7.58,7.23,7.48,87953.2,65796.88
300248.SZ,2026-07-16,7.41,7.8,7.38,7.7,93968.89,72197.04
300248.SZ,2026-07-17,7.67,7.83,7.33,7.47,101876.14,77159.35
300248.SZ,2026-07-20,7.59,7.72,7.34,7.59,77657.18,58510.03
300248.SZ,2026-07-21,7.57,7.77,7.36,7.76,119318.67,90833.11
300248.SZ,2026-07-22,7.76,7.77,7.45,7.53,84649.34,64090.35
300248.SZ,2026-07-23,7.46,7.7,7.43,7.69,73379.35,55604.34
300248.SZ,2026-07-24,7.6,7.64,7.45,7.45,53340.89,40148.17
300248.SZ,2026-07-27,7.43,7.65,7.42,7.62,64649.56,48933.13
300248.SZ,2026-07-28,7.57,7.82,7.55,7.77,81818.59,63452.14
300248.SZ,2026-07-29,7.76,7.92,7.75,7.89,88668.86,69588.62
300248.SZ,2026-07-30,7.83,8.08,7.83,7.84,106020.35,84496.3
300248.SZ,2026-07-31,7.91,8.34,7.89,8.23,135193.36,110375.26
300248.SZ,2026-08-03,8.2,8.33,8.09,8.28,124085.67,102086.7
300248.SZ,2026-08-04,8.33,8.45,8.25,8.39,111918.65,93735.1
300248.SZ,2026-08-05,8.39,10.07,8.35,10.07,355537.32,344396.24
300248.SZ,2026-08-06,9.75,10.38,9.56,9.95,618882.74,615261.25
300248.SZ,2026-08-07,9.84,9.84,9.21,9.66,428842.37,404724.73
300248.SZ,2026-08-10,9.94,10.12,9.56,9.68,348727.56,342421.3
300248.SZ,2026-08-11,9.53,9.57,9.25,9.35,254791.12,238881.78
300248.SZ,2026-08-12,9.26,9.44,9.23,9.31,160317.56,149182.88
300248.SZ,2026-08-13,9.26,9.4,8.95,8.95,241092.21,220818.39
300248.SZ,2026-08-14,9.0,9.26,8.75,8.94,157838.74,141057.12
300248.SZ,2026-08-17,8.94,9.05,8.8,9.04,109523.0,97865.14
300248.SZ,2026-08-18,9.03,9.03,8.78,8.99,116437.36,103451.85
300248.SZ,2026-08-19,8.85,9.16,8.57,8.59,164480.83,144378.59
300248.SZ,2026-08-20,8.59,8.65,8.52,8.6,82453.0,70843.02
300248.SZ,2026-08-21,8.57,9.05,8.53,8.84,177326.53,157297.4
300248.SZ,2026-08-24,8.66,8.78,8.39,8.43,127119.52,108321.59
300248.SZ,2026-08-25,8.29,8.73,8.19,8.7,118691.35,101811.24
300248.SZ,2026-08-26,8.7,8.87,8.61,8.78,103155.41,90289.78
300248.SZ,2026-08-27,8.71,8.87,8.69,8.81,73251.0,64358.96
300248.SZ,2026-08-28,8.85,8.95,8.76,8.77,84411.0,74741.61
300248.SZ,2026-08-31,8.68,8.93,8.52,8.93,75992.08,67078.75
300248.SZ,2026-09-01,9.0,9.32,8.94,9.21,157690.75,144054.9
