symbol,datetime,open,high,low,close,volume,amount
600600.SH,2001-01-02,10.76,10.96,10.6,10.89,8611.09,9260.72
600600.SH,2001-01-03,10.9,11.08,10.71,11.08,16199.44,17685.86
600600.SH,2001-01-04,11.12,11.15,10.92,10.95,13282.82,14668.88
600600.SH,2001-01-05,10.9,11.06,10.8,11.04,13160.48,14311.47
600600.SH,2001-01-08,11.01,11.1,10.85,10.88,11524.6,12607.29
600600.SH,2001-01-09,10.78,10.91,10.73,10.91,9045.37,9785.13
600600.SH,2001-01-10,10.93,11.28,10.93,11.2,23205.84,25808.58
600600.SH,2001-01-11,11.28,11.45,11.15,11.36,26702.41,30258.46
600600.SH,2001-01-12,11.36,11.36,11.1,11.19,11958.65,13402.33
600600.SH,2001-01-15,11.18,11.18,10.75,10.75,12238.0,13355.4
600600.SH,2001-01-16,10.6,10.85,10.48,10.72,9975.69,10627.25
600600.SH,2001-01-17,10.74,10.9,10.68,10.7,6297.8,6788.2
600600.SH,2001-01-18,10.65,10.8,10.6,10.67,5866.79,6282.14
600600.SH,2001-01-19,10.68,10.83,10.68,10.79,6602.8,7123.68
600600.SH,2001-02-05,10.6,10.78,9.81,10.04,12280.25,12432.55
600600.SH,2001-02-06,10.0,10.11,9.8,10.1,11275.11,11224.61
600600.SH,2001-02-07,10.25,10.25,10.0,10.0,7470.87,7534.81
600600.SH,2001-02-08,10.05,10.05,9.49,9.51,24753.26,23900.52
600600.SH,2001-02-09,9.5,9.8,9.5,9.65,8668.01,8357.92
600600.SH,2001-02-12,9.66,9.7,9.5,9.68,6712.08,6456.74
600600.SH,2001-02-13,9.68,9.7,9.26,9.36,19813.0,18672.58
600600.SH,2001-02-21,8.79,8.98,8.6,8.81,14214.23,12541.47
600600.SH,2001-02-22,8.8,8.8,8.68,8.7,5392.29,4715.85
600600.SH,2001-02-23,8.7,8.97,8.7,8.96,4979.53,4409.55
600600.SH,2001-02-26,9.0,9.47,8.98,9.4,14463.5,13443.72
600600.SH,2001-02-27,9.43,9.48,9.35,9.42,8382.91,7893.32
600600.SH,2001-02-28,9.42,9.46,9.31,9.36,4530.7,4243.76
600600.SH,2001-03-01,9.36,9.42,9.35,9.41,4123.6,3868.1
600600.SH,2001-03-02,9.4,9.58,9.18,9.26,8108.3,7546.35
600600.SH,2001-03-05,9.26,9.28,9.02,9.25,10347.02,9490.12
600600.SH,2001-03-06,9.2,9.2,9.05,9.07,12327.68,11247.39
600600.SH,2001-03-07,8.75,9.13,8.58,8.94,352077.3,308143.94
600600.SH,2001-03-08,8.91,8.96,8.85,8.89,61036.06,54280.92
600600.SH,2001-03-09,8.9,8.93,8.8,8.88,53569.52,47396.67
600600.SH,2001-03-12,8.92,9.06,8.86,9.06,40820.28,36674.01
600600.SH,2001-03-13,9.05,9.08,8.93,9.04,29807.75,26838.71
600600.SH,2001-03-14,9.01,9.34,8.96,9.3,55441.28,50951.74
600600.SH,2001-03-15,9.38,10.18,9.38,9.95,264602.05,260320.56
600600.SH,2001-03-16,9.95,10.15,9.8,10.04,129312.48,129496.76
600600.SH,2001-03-19,10.04,10.2,9.93,10.14,68107.87,68788.11
600600.SH,2001-03-20,10.15,10.22,10.0,10.07,44657.01,45005.41
600600.SH,2001-03-21,10.07,10.12,9.95,10.1,44318.98,44390.84
600600.SH,2001-03-22,10.1,10.2,10.04,10.2,55003.92,55659.86
600600.SH,2001-03-23,10.2,10.29,9.9,9.93,54697.65,54973.42
600600.SH,2001-03-26,9.9,10.16,9.87,10.15,31972.43,32028.88
600600.SH,2001-03-27,10.18,10.46,10.1,10.31,51537.29,52947.32
600600.SH,2001-03-28,10.32,10.36,10.15,10.26,25698.73,26247.03
600600.SH,2001-03-29,10.26,10.33,10.14,10.15,27931.72,28448.97
600600.SH,2001-03-30,10.15,10.2,10.03,10.17,22986.13,23232.25
600600.SH,2001-04-02,10.19,10.26,10.08,10.11,22721.11,23001.93
600600.SH,2001-04-03,10.11,10.15,9.95,10.02,33699.0,33786.16
600600.SH,2001-04-04,10.02,10.2,9.97,10.0,26056.26,26256.41
600600.SH,2001-04-05,9.94,10.15,9.93,10.15,17996.68,18024.56
600600.SH,2001-04-06,10.15,10.18,10.0,10.06,17685.76,17792.31
600600.SH,2001-04-09,10.06,10.5,10.06,10.44,69411.47,72095.97
600600.SH,2001-04-10,10.48,10.52,10.28,10.44,28605.58,29779.75
600600.SH,2001-04-11,10.44,10.47,10.35,10.38,22226.34,23114.23
600600.SH,2001-04-12,10.36,10.38,10.2,10.26,22423.35,23047.9
600600.SH,2001-04-13,10.3,10.4,10.25,10.34,20750.4,21421.7
600600.SH,2001-04-16,10.34,10.4,10.24,10.29,22641.31,23296.13
600600.SH,2001-04-17,10.3,10.5,10.25,10.4,34958.22,36351.7
600600.SH,2001-04-18,10.4,10.4,10.18,10.22,21933.1,22520.85
600600.SH,2001-04-19,10.15,10.2,9.7,10.09,27780.9,27962.45
600600.SH,2001-04-20,10.1,10.15,9.96,10.0,46619.28,46631.52
600600.SH,2001-04-23,9.98,10.0,9.8,9.87,31043.28,30635.87
600600.SH,2001-04-24,9.87,10.08,9.85,9.98,14174.88,14138.46
600600.SH,2001-04-25,10.0,10.17,9.87,9.93,26794.71,26884.1
600600.SH,2001-04-26,9.85,10.0,9.84,9.87,13713.01,13550.13
600600.SH,2001-04-27,9.82,9.91,9.82,9.87,10583.23,10454.04
600600.SH,2001-04-30,9.87,9.9,9.7,9.78,14772.06,14422.71
600600.SH,2001-05-08,9.82,9.85,9.73,9.77,8886.01,8682.05
600600.SH,2001-05-09,9.77,9.8,9.6,9.65,15636.0,15135.99
600600.SH,2001-05-10,9.63,10.07,9.6,9.95,27564.56,27269.46
600600.SH,2001-05-11,9.95,10.03,9.78,9.88,8262.76,8161.29
600600.SH,2001-05-14,9.89,10.0,9.8,9.99,12746.69,12595.66
600600.SH,2001-05-15,10.0,10.19,9.95,10.18,35744.44,36186.09
600600.SH,2001-05-16,10.28,10.4,10.19,10.24,61000.84,62823.48
600600.SH,2001-05-17,10.24,10.24,10.03,10.05,18566.9,18756.6
600600.SH,2001-05-18,10.03,10.1,9.95,10.09,12637.13,12663.54
600600.SH,2001-05-21,10.1,10.15,10.0,10.05,12358.43,12418.22
600600.SH,2001-05-22,10.05,10.08,9.98,10.02,12182.13,12187.87
600600.SH,2001-05-23,10.0,10.2,10.0,10.19,28056.39,28356.52
600600.SH,2001-05-24,10.2,10.38,10.15,10.25,38604.86,39655.84
600600.SH,2001-05-25,10.25,10.44,10.1,10.42,53491.63,55222.76
600600.SH,2001-05-28,10.55,10.95,10.52,10.75,220257.19,236471.2
600600.SH,2001-05-29,10.77,10.8,10.6,10.63,48539.77,51772.43
600600.SH,2001-05-30,10.63,10.78,10.55,10.69,34903.66,37232.96
600600.SH,2001-05-31,10.7,10.85,10.61,10.75,34674.89,37227.28
600600.SH,2001-06-01,10.75,11.16,10.75,10.9,103667.85,113916.78
600600.SH,2001-06-04,10.99,11.25,10.9,11.06,90089.16,99422.92
600600.SH,2001-06-05,11.07,11.09,10.7,10.74,59349.88,64287.04
600600.SH,2001-06-06,10.7,10.81,10.53,10.66,40203.94,42808.14
600600.SH,2001-06-07,10.65,10.79,10.5,10.61,31969.54,34066.44
600600.SH,2001-06-11,10.55,10.7,10.45,10.54,18030.67,19029.72
600600.SH,2001-06-12,10.53,10.7,10.46,10.62,19715.86,20863.25
600600.SH,2001-06-13,10.63,10.8,10.6,10.69,20250.19,21665.86
600600.SH,2001-06-14,10.67,10.68,10.43,10.45,24893.17,26193.1
600600.SH,2001-06-15,10.4,10.5,10.22,10.29,26575.83,27430.85
600600.SH,2001-06-18,10.29,10.37,10.1,10.14,21357.8,21848.97
600600.SH,2001-06-19,10.13,10.2,10.08,10.19,11193.81,11359.07
600600.SH,2001-06-20,10.19,10.21,10.1,10.13,10341.3,10501.98
600600.SH,2001-06-21,10.18,10.38,10.15,10.32,7927.83,8145.48
600600.SH,2001-06-22,10.33,10.5,10.25,10.44,10988.6,11357.64
600600.SH,2001-06-25,10.5,10.65,10.34,10.61,19015.5,19958.4
600600.SH,2001-06-26,10.73,10.79,10.6,10.62,26387.56,28198.39
600600.SH,2001-06-27,10.65,10.7,10.5,10.53,12782.56,13492.94
600600.SH,2001-06-28,10.53,10.6,10.35,10.38,13252.7,13890.58
600600.SH,2001-06-29,10.5,10.55,10.16,10.39,12401.78,12823.04
600600.SH,2001-07-02,10.4,10.5,10.25,10.28,9060.44,9338.34
600600.SH,2001-07-03,10.31,10.48,10.08,10.47,16815.77,17336.42
600600.SH,2001-07-04,10.5,10.53,10.3,10.38,7449.67,7751.06
600600.SH,2001-07-05,10.4,10.45,10.2,10.21,9592.99,9824.79
600600.SH,2001-07-06,10.21,10.24,10.14,10.18,7898.91,8042.12
600600.SH,2001-07-09,10.15,10.25,10.12,10.2,5607.56,5713.49
600600.SH,2001-07-10,10.25,10.4,10.2,10.38,15613.98,16043.77
600600.SH,2001-07-11,10.38,10.4,10.2,10.21,4806.49,4926.03
600600.SH,2001-07-12,10.2,10.24,10.15,10.19,5356.25,5457.98
600600.SH,2001-07-13,10.18,10.25,10.16,10.17,6728.48,6855.51
600600.SH,2001-07-16,10.31,10.39,10.1,10.13,9767.64,9931.19
600600.SH,2001-07-17,10.13,10.13,9.95,10.05,12545.23,12555.72
600600.SH,2001-07-18,10.05,10.09,10.0,10.03,7277.62,7292.91
600600.SH,2001-07-19,10.05,10.19,10.03,10.08,5814.41,5861.99
600600.SH,2001-07-20,10.12,10.25,10.08,10.22,10119.52,10307.84
600600.SH,2001-07-23,10.24,10.31,10.15,10.24,7668.93,7830.99
600600.SH,2001-07-24,10.2,10.2,9.99,10.0,16015.44,16154.89
600600.SH,2001-07-25,10.0,10.1,9.99,10.05,8132.93,8160.2
600600.SH,2001-07-26,10.05,10.1,9.7,9.85,13619.72,13455.64
600600.SH,2001-07-27,9.86,9.95,9.6,9.65,17791.22,17273.31
600600.SH,2001-07-30,9.67,9.68,9.13,9.16,10777.56,10019.02
600600.SH,2001-07-31,9.02,9.3,8.96,9.1,10602.52,9681.53
600600.SH,2001-08-01,9.12,9.38,9.12,9.34,8645.44,7961.42
600600.SH,2001-08-02,9.35,9.42,9.0,9.16,9199.28,8400.31
600600.SH,2001-08-03,9.11,9.25,9.02,9.17,3832.11,3505.58
600600.SH,2001-08-06,9.17,9.17,8.28,8.49,17206.6,14856.53
600600.SH,2001-08-07,8.45,8.75,8.31,8.69,9236.37,7915.37
600600.SH,2001-08-08,8.75,8.83,8.62,8.67,7930.73,6921.33
600600.SH,2001-08-09,8.7,8.83,8.67,8.77,7530.29,6591.1
600600.SH,2001-08-10,8.8,8.97,8.8,8.95,9664.16,8611.97
600600.SH,2001-08-13,9.0,9.03,8.87,9.02,6918.87,6221.85
600600.SH,2001-08-14,9.02,9.07,8.8,8.89,6693.65,5995.26
600600.SH,2001-08-15,8.9,9.0,8.85,8.99,3521.33,3154.41
600600.SH,2001-08-16,9.0,9.01,8.82,8.85,3546.32,3151.54
600600.SH,2001-08-17,8.85,8.85,8.6,8.76,5517.54,4818.72
600600.SH,2001-08-20,8.78,8.98,8.74,8.9,2374.8,2108.19
600600.SH,2001-08-21,8.95,8.96,8.88,8.89,2441.3,2176.13
600600.SH,2001-08-22,8.96,8.96,8.7,8.77,4563.6,4006.62
600600.SH,2001-08-23,8.76,8.76,8.6,8.69,3635.79,3151.84
600600.SH,2001-08-24,8.7,8.75,8.65,8.66,2733.86,2377.35
600600.SH,2001-08-27,8.6,8.6,8.2,8.3,8982.39,7518.13
600600.SH,2001-08-28,8.2,8.4,8.12,8.36,7326.49,6015.86
600600.SH,2001-08-29,8.48,8.48,8.23,8.34,4521.59,3769.4
600600.SH,2001-08-30,8.35,8.35,8.2,8.26,1953.5,1618.66
600600.SH,2001-08-31,8.4,8.7,8.31,8.57,11631.19,10012.59
600600.SH,2001-09-03,8.55,8.55,8.41,8.43,3763.21,3177.48
600600.SH,2001-09-04,8.42,8.65,8.41,8.62,3648.05,3109.84
600600.SH,2001-09-05,8.65,8.75,8.52,8.54,5735.5,4959.22
600600.SH,2001-09-06,8.55,8.65,8.48,8.53,2435.12,2078.6
600600.SH,2001-09-07,8.5,8.58,8.28,8.28,5785.08,4836.29
600600.SH,2001-09-10,8.2,8.5,8.05,8.49,4164.78,3480.57
600600.SH,2001-09-11,8.51,8.6,8.35,8.43,4775.71,4037.64
600600.SH,2001-09-12,8.4,8.4,8.12,8.3,7022.11,5809.03
600600.SH,2001-09-13,8.3,8.39,8.25,8.26,3145.1,2612.0
600600.SH,2001-09-14,8.3,8.35,8.2,8.23,4071.35,3351.44
600600.SH,2001-09-17,8.2,8.23,8.08,8.08,5451.0,4426.98
600600.SH,2001-09-18,8.08,8.2,8.08,8.14,3236.6,2628.8
600600.SH,2001-09-19,8.14,8.2,8.08,8.19,2961.11,2404.71
600600.SH,2001-09-20,8.28,8.32,8.19,8.24,3184.71,2635.77
600600.SH,2001-09-21,8.24,8.27,8.12,8.15,2390.4,1956.38
600600.SH,2001-09-24,8.1,8.17,8.1,8.11,2116.1,1717.76
600600.SH,2001-09-25,8.11,8.23,8.11,8.15,2277.89,1856.52
600600.SH,2001-09-26,8.15,8.15,8.08,8.09,2863.13,2317.87
600600.SH,2001-09-27,8.09,8.18,8.0,8.07,3273.01,2637.53
600600.SH,2001-09-28,8.1,8.15,8.02,8.08,2754.25,2221.99
600600.SH,2001-10-08,8.08,8.2,7.9,7.92,3335.0,2665.51
600600.SH,2001-10-09,7.9,8.03,7.4,7.98,8924.96,6929.61
600600.SH,2001-10-10,7.95,7.95,7.59,7.6,4096.6,3145.47
600600.SH,2001-10-11,7.57,7.65,7.34,7.34,5635.3,4197.8
600600.SH,2001-10-12,7.37,7.85,7.2,7.74,8637.51,6478.83
600600.SH,2001-10-15,7.7,7.8,7.58,7.68,4522.43,3488.99
600600.SH,2001-10-16,7.7,7.72,7.44,7.5,3320.01,2513.15
600600.SH,2001-10-17,7.5,7.54,7.27,7.29,5233.29,3850.5
600600.SH,2001-10-18,7.35,7.45,7.18,7.2,5603.0,4070.93
600600.SH,2001-10-19,7.06,7.21,6.87,7.01,13756.98,9600.96
600600.SH,2001-10-22,6.9,7.0,6.8,6.8,4236.19,2917.46
600600.SH,2001-10-23,7.48,7.48,7.21,7.48,16494.24,12239.25
600600.SH,2001-10-24,7.87,7.87,7.6,7.65,29515.96,22845.31
600600.SH,2001-10-25,7.61,7.61,7.4,7.42,8221.05,6161.36
600600.SH,2001-10-26,7.3,7.5,7.3,7.43,5009.48,3701.08
600600.SH,2001-10-29,7.45,7.55,7.45,7.53,4571.75,3427.71
600600.SH,2001-10-30,7.53,7.6,7.45,7.45,2865.8,2154.16
600600.SH,2001-10-31,7.45,7.45,7.3,7.42,3879.96,2851.76
600600.SH,2001-11-01,7.38,7.62,7.38,7.58,7257.35,5482.49
600600.SH,2001-11-02,7.6,7.67,7.52,7.57,6639.71,5055.46
600600.SH,2001-11-05,7.58,7.66,7.42,7.6,3718.3,2806.4
600600.SH,2001-11-06,7.6,7.65,7.58,7.61,3220.5,2451.28
600600.SH,2001-11-07,7.6,7.6,7.19,7.2,6316.0,4629.82
600600.SH,2001-11-08,7.08,7.35,6.91,7.15,7968.85,5663.05
600600.SH,2001-11-09,7.18,7.49,7.1,7.31,5346.26,3871.22
600600.SH,2001-11-12,7.31,7.39,7.21,7.37,3002.0,2190.79
600600.SH,2001-11-13,7.34,7.46,7.22,7.42,4269.93,3134.75
600600.SH,2001-11-14,7.47,7.99,7.47,7.65,37366.26,29094.16
600600.SH,2001-11-15,7.66,7.71,7.52,7.63,6832.21,5199.26
600600.SH,2001-11-16,8.0,8.35,7.61,7.65,23656.41,18628.63
600600.SH,2001-11-19,7.6,7.82,7.6,7.79,5971.25,4627.63
600600.SH,2001-11-20,7.85,7.91,7.77,7.88,11040.65,8671.97
600600.SH,2001-11-21,7.88,7.92,7.76,7.8,9037.28,7063.81
600600.SH,2001-11-22,7.8,7.9,7.78,7.85,8020.05,6286.0
600600.SH,2001-11-23,7.85,7.86,7.75,7.83,6865.33,5360.73
600600.SH,2001-11-26,7.81,7.84,7.73,7.82,5715.2,4445.66
600600.SH,2001-11-27,7.81,8.05,7.8,7.99,13116.36,10453.89
600600.SH,2001-11-28,8.0,8.15,7.96,8.08,15202.78,12210.4
600600.SH,2001-11-29,8.07,8.09,7.95,7.97,12593.22,10085.07
600600.SH,2001-11-30,7.95,8.05,7.95,8.04,9658.73,7722.52
600600.SH,2001-12-03,8.05,8.1,8.03,8.07,13270.89,10704.31
600600.SH,2001-12-04,8.07,8.23,8.0,8.21,25296.55,20600.15
600600.SH,2001-12-05,8.29,8.49,8.25,8.25,63032.25,52784.19
600600.SH,2001-12-06,8.25,8.33,8.15,8.28,16675.47,13799.71
600600.SH,2001-12-07,8.3,8.35,8.18,8.18,8969.9,7378.9
600600.SH,2001-12-10,8.11,8.15,8.04,8.12,6297.91,5091.37
600600.SH,2001-12-11,8.12,8.12,8.0,8.0,5745.9,4630.81
600600.SH,2001-12-12,8.0,8.0,7.9,7.91,5663.84,4492.56
600600.SH,2001-12-13,7.91,7.92,7.77,7.78,6352.2,4983.38
600600.SH,2001-12-14,7.75,7.8,7.68,7.71,6076.04,4693.38
600600.SH,2001-12-17,7.68,7.77,7.66,7.7,3233.83,2489.95
600600.SH,2001-12-18,7.75,7.8,7.6,7.8,3504.43,2708.76
600600.SH,2001-12-19,7.85,7.85,7.75,7.75,3312.5,2587.16
600600.SH,2001-12-20,7.7,7.74,7.55,7.61,6906.5,5253.38
600600.SH,2001-12-21,7.6,7.63,7.54,7.63,3091.42,2344.29
600600.SH,2001-12-24,7.64,7.7,7.46,7.48,3133.0,2362.63
600600.SH,2001-12-25,7.45,7.5,7.32,7.44,3215.72,2383.39
600600.SH,2001-12-26,7.41,7.56,7.38,7.56,2575.36,1923.69
600600.SH,2001-12-27,7.6,7.64,7.52,7.61,3790.8,2873.53
600600.SH,2001-12-28,7.61,7.66,7.52,7.61,2814.16,2130.39
600600.SH,2002-01-04,7.66,7.66,7.42,7.46,2190.0,1643.49
600600.SH,2002-01-07,7.35,7.35,7.26,7.31,3240.03,2363.95
600600.SH,2002-01-08,7.3,7.41,7.28,7.3,1838.6,1349.85
600600.SH,2002-01-09,7.3,7.3,7.15,7.19,3359.27,2423.44
600600.SH,2002-01-10,7.21,7.36,7.09,7.35,10004.78,7219.96
600600.SH,2002-01-11,7.34,7.34,7.21,7.28,3591.75,2606.18
600600.SH,2002-01-14,7.25,7.25,7.08,7.08,6153.5,4376.04
600600.SH,2002-01-15,7.0,7.1,6.91,6.99,4533.59,3177.17
600600.SH,2002-01-16,6.99,7.22,6.96,7.15,4829.26,3419.9
600600.SH,2002-01-17,7.13,7.13,6.91,6.91,5028.6,3516.46
600600.SH,2002-01-18,6.87,7.01,6.65,6.9,8361.34,5704.03
600600.SH,2002-01-21,6.87,6.87,6.58,6.6,7934.19,5285.86
600600.SH,2002-01-22,6.57,6.78,6.44,6.52,5806.3,3839.28
600600.SH,2002-01-23,6.53,7.02,6.48,7.0,8409.14,5633.69
600600.SH,2002-01-24,7.0,7.15,6.74,7.11,12545.1,8839.01
600600.SH,2002-01-25,7.05,7.12,6.95,7.03,5733.98,4038.32
600600.SH,2002-01-28,6.98,7.0,6.6,6.62,7197.33,4859.97
600600.SH,2002-01-29,6.6,6.82,6.5,6.79,5173.6,3488.38
600600.SH,2002-01-30,6.74,6.89,6.72,6.8,3866.6,2628.31
600600.SH,2002-01-31,7.4,7.48,7.1,7.15,26490.92,19055.18
600600.SH,2002-02-01,7.15,7.22,7.03,7.06,19048.16,13549.1
600600.SH,2002-02-04,7.1,7.21,7.0,7.19,11736.53,8349.76
600600.SH,2002-02-05,7.21,7.3,7.16,7.28,11966.17,8652.43
600600.SH,2002-02-06,7.28,7.29,7.14,7.2,11168.26,8053.24
600600.SH,2002-02-07,7.15,7.35,7.11,7.31,14896.49,10803.79
600600.SH,2002-02-08,7.5,7.6,7.35,7.36,39965.69,29915.49
600600.SH,2002-02-25,7.58,7.6,7.35,7.39,12223.7,9085.29
600600.SH,2002-02-26,7.4,7.4,7.22,7.32,7002.92,5094.88
600600.SH,2002-02-27,7.3,7.37,7.25,7.35,6753.0,4942.17
600600.SH,2002-02-28,7.4,7.4,7.29,7.3,5608.09,4102.63
600600.SH,2002-03-01,7.28,7.28,7.15,7.15,5887.0,4231.09
600600.SH,2002-03-04,7.12,7.22,7.09,7.21,5178.99,3709.03
600600.SH,2002-03-05,7.22,7.45,7.22,7.37,11765.13,8657.95
600600.SH,2002-03-06,7.4,7.62,7.37,7.6,30800.38,23143.33
600600.SH,2002-03-07,7.81,8.12,7.8,7.91,67094.78,53030.42
600600.SH,2002-03-08,7.91,7.95,7.8,7.89,36052.55,28319.95
600600.SH,2002-03-11,7.9,8.15,7.81,8.1,33707.62,26911.0
600600.SH,2002-03-12,8.1,8.12,7.88,7.89,22770.6,18124.11
600600.SH,2002-03-13,7.84,8.28,7.8,7.88,28796.8,23197.83
600600.SH,2002-03-14,7.82,8.0,7.72,7.98,15499.05,12171.81
600600.SH,2002-03-15,8.0,8.05,7.7,7.71,15524.28,12271.33
600600.SH,2002-03-18,7.8,7.9,7.6,7.7,10580.58,8157.1
600600.SH,2002-03-19,7.7,7.85,7.65,7.83,9572.37,7431.4
600600.SH,2002-03-20,7.83,8.03,7.8,7.93,22721.95,17997.84
600600.SH,2002-03-21,7.98,8.06,7.9,8.0,18338.88,14666.39
600600.SH,2002-03-22,8.06,8.09,7.87,7.9,11337.06,9019.58
600600.SH,2002-03-25,7.8,7.95,7.8,7.88,6942.29,5479.53
600600.SH,2002-03-26,7.83,7.87,7.77,7.79,9020.0,7040.32
600600.SH,2002-03-27,7.8,7.86,7.7,7.78,7615.82,5917.84
600600.SH,2002-03-28,7.78,7.85,7.72,7.76,5784.79,4504.67
600600.SH,2002-03-29,7.75,7.75,7.5,7.54,11655.57,8891.13
600600.SH,2002-04-01,7.51,7.65,7.5,7.55,4365.6,3291.72
600600.SH,2002-04-02,7.55,7.59,7.41,7.41,5879.42,4391.45
600600.SH,2002-04-03,7.41,7.5,7.41,7.43,4515.84,3361.17
600600.SH,2002-04-04,7.1,7.66,7.1,7.59,4616.6,3495.36
600600.SH,2002-04-05,7.61,7.94,7.61,7.77,12618.88,9847.96
600600.SH,2002-04-08,7.95,7.95,7.77,7.8,3793.58,2963.89
600600.SH,2002-04-09,7.84,7.9,7.77,7.87,8854.45,6945.32
600600.SH,2002-04-10,7.88,7.94,7.82,7.88,6493.41,5106.05
600600.SH,2002-04-11,7.9,7.93,7.7,7.7,6013.46,4684.89
600600.SH,2002-04-12,7.69,7.8,7.68,7.76,4966.8,3834.73
600600.SH,2002-04-15,7.8,7.8,7.6,7.68,5705.96,4368.7
600600.SH,2002-04-16,7.7,7.71,7.6,7.64,2964.04,2268.13
600600.SH,2002-04-17,7.64,7.72,7.61,7.68,3508.87,2688.76
600600.SH,2002-04-18,7.7,7.7,7.6,7.65,4088.9,3122.31
600600.SH,2002-04-19,7.65,7.73,7.5,7.72,6154.15,4660.5
600600.SH,2002-04-22,7.69,7.7,7.6,7.61,3028.8,2311.63
600600.SH,2002-04-23,7.65,7.84,7.65,7.79,7339.72,5695.04
600600.SH,2002-04-24,7.75,7.82,7.6,7.65,3350.4,2582.74
600600.SH,2002-04-25,7.66,7.7,7.53,7.6,2811.94,2136.22
600600.SH,2002-04-26,7.61,7.75,7.61,7.69,4116.12,3165.27
600600.SH,2002-04-29,7.7,7.86,7.7,7.81,8993.35,7025.63
600600.SH,2002-04-30,7.98,8.02,7.79,7.82,5561.58,4361.64
600600.SH,2002-05-08,7.82,7.89,7.8,7.86,4824.48,3787.22
600600.SH,2002-05-09,7.84,7.95,7.74,7.94,9039.8,7126.82
600600.SH,2002-05-10,7.94,7.94,7.84,7.85,6450.74,5083.75
600600.SH,2002-05-13,7.88,7.88,7.7,7.79,8022.54,6263.57
600600.SH,2002-05-14,7.8,7.83,7.73,7.74,4063.8,3156.21
600600.SH,2002-05-15,7.71,7.75,7.66,7.68,4364.3,3355.85
600600.SH,2002-05-16,7.62,7.68,7.4,7.41,8544.97,6391.32
600600.SH,2002-05-17,7.41,7.55,7.4,7.48,7404.82,5517.82
600600.SH,2002-05-20,7.48,7.49,7.3,7.4,5915.82,4335.76
600600.SH,2002-05-21,7.51,7.67,7.48,7.63,9250.23,7022.9
600600.SH,2002-05-22,7.65,7.85,7.48,7.76,11931.31,9187.43
600600.SH,2002-05-23,7.73,7.9,7.7,7.76,12718.69,9935.97
600600.SH,2002-05-24,7.72,7.74,7.53,7.66,6374.5,4877.62
600600.SH,2002-05-27,7.7,7.75,7.61,7.68,1814.3,1391.43
600600.SH,2002-05-28,7.68,7.76,7.62,7.67,6902.83,5308.54
600600.SH,2002-05-29,7.65,7.66,7.45,7.46,5915.92,4442.14
600600.SH,2002-05-30,7.46,7.54,7.38,7.45,4641.4,3453.4
600600.SH,2002-05-31,7.5,7.58,7.46,7.51,3655.15,2744.77
600600.SH,2002-06-03,7.5,7.5,7.31,7.38,6651.07,4934.85
600600.SH,2002-06-04,7.38,7.49,7.35,7.42,3723.83,2759.95
600600.SH,2002-06-05,7.42,7.42,7.17,7.18,5505.72,4010.07
600600.SH,2002-06-06,7.12,7.56,7.06,7.45,7768.56,5679.8
600600.SH,2002-06-07,7.48,7.51,7.37,7.45,6388.38,4767.92
600600.SH,2002-06-10,7.45,7.45,7.29,7.37,3694.7,2713.01
600600.SH,2002-06-11,7.35,7.47,7.31,7.41,3178.94,2353.08
600600.SH,2002-06-12,7.41,7.47,7.36,7.39,2235.49,1654.33
600600.SH,2002-06-13,7.39,7.5,7.36,7.37,4081.3,3041.97
600600.SH,2002-06-14,7.37,7.44,7.31,7.32,2528.6,1860.52
600600.SH,2002-06-17,7.3,7.31,7.24,7.3,2006.16,1460.58
600600.SH,2002-06-18,7.28,7.43,7.28,7.39,2706.13,1998.39
600600.SH,2002-06-19,7.4,7.4,7.28,7.3,2817.57,2063.8
600600.SH,2002-06-20,7.2,7.41,7.2,7.32,3094.26,2281.42
600600.SH,2002-06-21,7.32,7.7,7.32,7.55,12439.5,9380.33
600600.SH,2002-06-25,8.31,8.31,8.25,8.31,139140.04,115613.79
600600.SH,2002-06-26,8.35,8.52,8.15,8.31,82065.9,68825.61
600600.SH,2002-06-27,8.31,8.49,8.31,8.42,34170.28,28726.74
600600.SH,2002-06-28,8.45,8.7,8.38,8.55,60246.36,51558.38
600600.SH,2002-07-01,8.6,8.64,8.44,8.53,34252.94,29183.11
600600.SH,2002-07-02,8.5,8.5,8.36,8.47,16412.96,13839.78
600600.SH,2002-07-03,8.46,8.5,8.38,8.44,9414.22,7931.73
600600.SH,2002-07-04,8.45,8.53,8.39,8.4,9174.01,7735.19
600600.SH,2002-07-05,8.39,8.43,8.37,8.41,8671.41,7282.69
600600.SH,2002-07-08,8.45,8.53,8.42,8.5,9484.93,8050.83
600600.SH,2002-07-09,8.53,8.58,8.48,8.52,16315.44,13905.99
600600.SH,2002-07-10,8.55,8.56,8.3,8.36,16584.03,13974.49
600600.SH,2002-07-11,8.37,8.5,8.37,8.45,11709.71,9875.79
600600.SH,2002-07-12,8.42,8.55,8.41,8.46,11380.52,9676.39
600600.SH,2002-07-15,8.46,8.47,8.36,8.4,5726.09,4810.25
600600.SH,2002-07-16,8.4,8.84,8.36,8.59,54874.89,47630.7
600600.SH,2002-07-17,8.55,8.69,8.53,8.67,21320.97,18386.38
600600.SH,2002-07-18,8.68,8.82,8.65,8.72,47246.91,41371.28
600600.SH,2002-07-19,8.75,8.85,8.67,8.84,46962.27,41190.57
600600.SH,2002-07-22,8.88,8.88,8.55,8.62,35054.36,30431.3
600600.SH,2002-07-23,8.5,8.6,8.45,8.48,19162.16,16281.48
600600.SH,2002-07-24,8.48,8.6,8.48,8.51,10198.44,8699.78
600600.SH,2002-07-25,8.51,8.6,8.38,8.42,12400.78,10483.05
600600.SH,2002-07-26,8.42,8.55,8.4,8.4,6944.34,5878.26
600600.SH,2002-07-29,8.42,8.55,8.4,8.55,6918.14,5865.34
600600.SH,2002-07-30,8.6,8.85,8.6,8.8,59753.97,52481.03
600600.SH,2002-07-31,8.98,9.08,8.7,8.81,44940.36,39745.91
600600.SH,2002-08-01,8.81,8.88,8.7,8.88,23666.55,20836.3
600600.SH,2002-08-02,8.88,9.13,8.83,9.1,66543.12,60025.73
600600.SH,2002-08-05,9.18,9.24,9.1,9.12,66664.92,61051.62
600600.SH,2002-08-06,9.12,9.15,8.98,9.1,39745.17,36034.19
600600.SH,2002-08-07,9.1,9.18,9.06,9.11,16980.2,15471.25
600600.SH,2002-08-08,9.15,9.2,9.0,9.04,18893.23,17178.31
600600.SH,2002-08-09,9.01,9.04,8.8,8.88,25842.99,22938.94
600600.SH,2002-08-12,8.85,8.95,8.8,8.84,12674.15,11232.31
600600.SH,2002-08-13,8.8,8.84,8.73,8.78,7309.82,6410.1
600600.SH,2002-08-14,8.88,8.9,8.8,8.86,7661.6,6785.14
600600.SH,2002-08-15,8.88,8.89,8.81,8.82,7063.71,6247.92
600600.SH,2002-08-16,8.8,8.88,8.66,8.86,13530.38,11885.11
600600.SH,2002-08-19,8.84,8.87,8.73,8.81,8947.43,7892.54
600600.SH,2002-08-20,8.84,9.07,8.83,9.02,26709.98,24062.81
600600.SH,2002-08-21,9.07,9.08,8.99,9.02,14258.09,12867.27
600600.SH,2002-08-22,9.02,9.09,8.98,9.03,18835.09,16984.88
600600.SH,2002-08-23,9.05,9.08,8.98,8.98,17469.5,15732.36
600600.SH,2002-08-26,8.96,8.96,8.87,8.92,9948.74,8870.4
600600.SH,2002-08-27,8.89,8.94,8.85,8.91,18287.41,16242.89
600600.SH,2002-08-28,8.89,8.97,8.85,8.9,5958.6,5315.41
600600.SH,2002-08-29,8.87,8.92,8.73,8.77,9027.3,7957.25
600600.SH,2002-08-30,8.78,8.81,8.73,8.74,7890.9,6910.73
600600.SH,2002-09-02,8.74,8.85,8.74,8.81,4219.09,3710.59
600600.SH,2002-09-03,8.85,8.93,8.82,8.84,9595.47,8495.48
600600.SH,2002-09-04,8.84,8.84,8.66,8.69,10855.26,9460.54
600600.SH,2002-09-05,8.69,8.69,8.55,8.59,12150.24,10438.67
600600.SH,2002-09-06,8.52,8.58,8.46,8.48,14047.34,11938.63
600600.SH,2002-09-09,8.45,8.46,8.35,8.39,7383.36,6197.96
600600.SH,2002-09-10,8.39,8.46,8.39,8.42,4459.61,3751.24
600600.SH,2002-09-11,8.45,8.45,8.26,8.33,7617.43,6322.88
600600.SH,2002-09-12,8.3,8.48,8.28,8.4,5252.1,4404.29
600600.SH,2002-09-13,8.4,8.44,8.35,8.42,3217.52,2700.0
600600.SH,2002-09-16,8.45,8.45,8.22,8.3,4691.9,3899.14
600600.SH,2002-09-17,8.35,8.39,8.25,8.34,4705.34,3909.61
600600.SH,2002-09-18,8.34,8.34,8.22,8.25,5229.74,4318.63
600600.SH,2002-09-19,8.25,8.42,8.15,8.4,5350.9,4442.79
600600.SH,2002-09-20,8.42,8.43,8.31,8.38,3026.0,2536.86
600600.SH,2002-09-23,8.38,8.51,8.28,8.48,4682.16,3957.18
600600.SH,2002-09-24,8.42,8.51,8.42,8.46,3415.44,2895.18
600600.SH,2002-09-25,8.46,8.56,8.42,8.56,5709.3,4865.44
600600.SH,2002-09-26,8.54,8.54,8.42,8.42,3958.6,3356.89
600600.SH,2002-09-27,8.38,8.47,8.38,8.42,5720.41,4826.21
600600.SH,2002-10-08,8.39,8.44,8.32,8.34,3263.2,2732.97
600600.SH,2002-10-09,8.32,8.39,8.08,8.11,12952.5,10584.64
600600.SH,2002-10-10,8.08,8.14,7.9,7.92,10779.45,8661.56
600600.SH,2002-10-11,7.94,7.97,7.86,7.89,4052.02,3203.93
600600.SH,2002-10-14,7.95,7.99,7.89,7.95,6389.48,5057.97
600600.SH,2002-10-15,7.99,8.05,7.96,8.0,7843.68,6273.87
600600.SH,2002-10-16,8.0,8.1,7.96,7.97,5038.97,4053.44
600600.SH,2002-10-17,7.96,8.01,7.94,7.97,3847.8,3069.82
600600.SH,2002-10-18,7.92,8.08,7.92,8.04,6700.33,5367.94
600600.SH,2002-10-21,8.1,8.1,8.0,8.09,1962.4,1579.27
600600.SH,2002-10-24,8.58,8.7,8.29,8.39,54012.68,45315.9
600600.SH,2002-10-25,8.39,8.45,8.25,8.3,17826.1,14866.07
600600.SH,2002-10-28,8.29,8.3,8.21,8.25,5863.8,4838.75
600600.SH,2002-10-29,8.2,8.32,8.12,8.32,12415.94,10207.22
600600.SH,2002-10-30,8.42,8.43,8.28,8.32,6510.72,5426.22
600600.SH,2002-10-31,8.29,8.44,8.29,8.35,9321.3,7806.82
600600.SH,2002-11-01,8.35,8.38,8.26,8.34,5505.1,4578.17
600600.SH,2002-11-04,8.4,8.56,8.38,8.54,15755.26,13372.31
600600.SH,2002-11-05,8.58,8.74,8.51,8.61,33430.54,28797.06
600600.SH,2002-11-06,8.6,8.7,8.55,8.65,23474.26,20295.21
600600.SH,2002-11-07,8.65,8.75,8.62,8.7,18462.04,16057.79
600600.SH,2002-11-08,8.8,8.85,8.5,8.55,21538.05,18574.19
600600.SH,2002-11-11,8.55,8.6,8.44,8.47,7127.07,6056.17
600600.SH,2002-11-12,8.48,8.56,8.36,8.42,12467.16,10535.97
600600.SH,2002-11-13,8.42,8.53,8.29,8.52,14009.31,11779.15
600600.SH,2002-11-14,8.4,8.53,8.33,8.41,10930.48,9216.51
600600.SH,2002-11-15,8.4,8.6,8.37,8.45,10534.54,8904.78
600600.SH,2002-11-18,8.48,8.48,8.29,8.47,13533.77,11382.54
600600.SH,2002-11-19,8.48,8.52,8.36,8.49,5403.85,4564.51
600600.SH,2002-11-20,8.53,8.53,8.34,8.35,11040.03,9248.01
600600.SH,2002-11-21,8.3,8.3,8.15,8.15,18927.09,15511.05
600600.SH,2002-11-22,8.15,8.29,8.06,8.16,8195.71,6687.52
600600.SH,2002-11-25,8.16,8.22,8.1,8.2,4647.36,3795.8
600600.SH,2002-11-26,8.2,8.25,8.04,8.05,6506.19,5298.49
600600.SH,2002-11-27,7.95,8.08,7.91,8.07,8430.07,6753.66
600600.SH,2002-11-28,8.07,8.28,8.07,8.26,5458.41,4465.29
600600.SH,2002-11-29,8.35,8.4,8.22,8.32,12264.17,10207.93
600600.SH,2002-12-02,8.32,8.32,8.09,8.11,5171.5,4218.19
600600.SH,2002-12-03,8.0,8.16,7.96,8.12,3489.35,2827.89
600600.SH,2002-12-04,8.2,8.25,8.07,8.09,5030.95,4090.27
600600.SH,2002-12-05,8.1,8.15,8.0,8.05,4390.2,3537.05
600600.SH,2002-12-06,8.1,8.11,8.02,8.06,2569.82,2074.8
600600.SH,2002-12-09,8.2,8.2,8.07,8.08,2031.0,1643.72
600600.SH,2002-12-10,8.1,8.14,7.97,7.99,5397.0,4329.49
600600.SH,2002-12-11,7.99,8.03,7.95,8.02,3794.9,3031.17
600600.SH,2002-12-12,8.04,8.18,8.02,8.03,3044.4,2461.98
600600.SH,2002-12-13,8.01,8.14,7.94,8.09,2875.01,2308.08
600600.SH,2002-12-16,8.09,8.16,8.03,8.12,4980.84,4033.61
600600.SH,2002-12-17,8.12,8.28,8.12,8.28,8254.5,6770.1
600600.SH,2002-12-18,8.3,8.38,8.15,8.16,9144.9,7562.49
600600.SH,2002-12-19,8.2,8.2,8.1,8.18,3563.92,2903.82
600600.SH,2002-12-20,8.2,8.25,8.12,8.23,2958.77,2422.43
600600.SH,2002-12-23,8.2,8.29,8.16,8.26,5032.63,4145.14
600600.SH,2002-12-24,8.3,8.32,8.18,8.22,5505.69,4528.13
600600.SH,2002-12-25,8.23,8.27,8.17,8.18,3095.35,2539.86
600600.SH,2002-12-26,8.12,8.15,7.96,7.99,7960.45,6390.5
600600.SH,2002-12-27,7.98,8.02,7.9,7.95,6830.2,5431.13
600600.SH,2002-12-30,7.92,7.95,7.85,7.85,6225.03,4916.28
600600.SH,2003-01-02,7.73,7.75,7.5,7.52,4485.0,3403.57
600600.SH,2003-01-03,7.52,7.56,7.5,7.55,4064.34,3056.56
600600.SH,2003-01-06,7.52,7.65,7.41,7.64,3084.51,2333.34
600600.SH,2003-01-07,7.65,7.67,7.58,7.6,4483.0,3415.59
600600.SH,2003-01-08,7.57,7.89,7.54,7.81,5010.06,3845.97
600600.SH,2003-01-09,7.83,7.91,7.73,7.89,6957.86,5454.12
600600.SH,2003-01-10,7.86,7.98,7.8,7.84,6531.2,5174.14
600600.SH,2003-01-13,7.8,7.93,7.78,7.92,5086.2,3998.79
600600.SH,2003-01-14,7.92,8.5,7.9,8.34,28273.85,23412.76
600600.SH,2003-01-15,8.4,8.42,8.28,8.29,17495.0,14601.96
600600.SH,2003-01-16,8.25,8.5,8.19,8.46,16905.06,14119.93
600600.SH,2003-01-17,8.46,8.52,8.35,8.5,19486.57,16483.79
600600.SH,2003-01-20,8.5,8.51,8.4,8.48,11565.22,9796.98
600600.SH,2003-01-21,8.55,8.58,8.43,8.43,15146.06,12878.84
600600.SH,2003-01-22,8.4,8.45,8.3,8.39,7622.38,6402.11
600600.SH,2003-01-24,8.38,8.56,8.35,8.5,9009.34,7621.53
600600.SH,2003-01-27,8.65,8.66,8.52,8.6,7973.4,6856.78
600600.SH,2003-01-28,8.61,8.61,8.5,8.54,4907.26,4189.0
600600.SH,2003-01-29,8.5,8.75,8.5,8.7,15821.96,13751.11
600600.SH,2003-02-10,8.78,8.91,8.71,8.74,20062.88,17651.05
600600.SH,2003-02-11,8.7,8.75,8.65,8.73,6484.23,5636.62
600600.SH,2003-02-12,8.7,8.81,8.66,8.8,6131.01,5362.43
600600.SH,2003-02-13,8.8,8.84,8.68,8.68,5993.62,5253.25
600600.SH,2003-02-14,8.67,8.74,8.65,8.71,5879.85,5110.32
600600.SH,2003-02-17,8.73,8.73,8.5,8.55,10564.78,9098.4
600600.SH,2003-02-18,8.52,8.66,8.49,8.65,5429.52,4666.71
600600.SH,2003-02-19,8.65,8.7,8.51,8.68,5170.11,4476.6
600600.SH,2003-02-20,8.7,8.7,8.64,8.66,4647.38,4034.82
600600.SH,2003-02-21,8.66,8.66,8.48,8.5,14478.96,12356.64
600600.SH,2003-02-24,8.48,8.53,8.48,8.48,3397.06,2887.67
600600.SH,2003-02-25,8.48,8.65,8.45,8.6,4109.24,3524.36
600600.SH,2003-02-26,8.6,8.68,8.55,8.65,5110.61,4390.54
600600.SH,2003-02-27,8.65,8.71,8.6,8.64,4341.89,3762.94
600600.SH,2003-02-28,8.64,8.66,8.56,8.61,2306.9,1984.7
600600.SH,2003-03-03,8.58,8.77,8.58,8.75,6560.99,5716.5
600600.SH,2003-03-04,8.75,8.78,8.66,8.75,5074.66,4428.91
600600.SH,2003-03-05,8.7,8.72,8.59,8.71,3774.16,3267.03
600600.SH,2003-03-06,8.69,8.71,8.59,8.6,3710.42,3196.7
600600.SH,2003-03-07,8.56,8.61,8.51,8.54,2987.0,2553.34
600600.SH,2003-03-10,8.51,8.52,8.48,8.51,6190.21,5261.34
600600.SH,2003-03-11,8.5,8.5,8.44,8.45,4705.11,3981.17
600600.SH,2003-03-12,8.44,8.53,8.42,8.51,3727.12,3155.32
600600.SH,2003-03-13,8.52,8.54,8.43,8.49,2777.02,2359.81
600600.SH,2003-03-14,8.5,8.55,8.45,8.49,5695.28,4823.95
600600.SH,2003-03-17,8.49,8.55,8.45,8.53,3648.36,3091.22
600600.SH,2003-03-18,8.55,8.63,8.5,8.5,3268.6,2793.92
600600.SH,2003-03-19,8.51,8.55,8.45,8.48,3310.69,2811.64
600600.SH,2003-03-20,8.55,8.7,8.5,8.64,10205.03,8796.93
600600.SH,2003-03-21,8.64,8.77,8.58,8.72,9204.96,8009.19
600600.SH,2003-03-24,8.79,8.84,8.71,8.75,11458.4,10051.52
600600.SH,2003-03-25,8.75,8.82,8.7,8.77,13895.79,12201.78
600600.SH,2003-03-26,8.71,8.79,8.59,8.68,8447.18,7322.11
600600.SH,2003-03-27,8.65,9.02,8.61,8.9,34809.6,30984.19
600600.SH,2003-03-28,8.99,9.08,8.88,8.92,27192.51,24431.95
600600.SH,2003-03-31,8.93,9.17,8.93,9.12,24696.45,22431.15
600600.SH,2003-04-01,9.14,9.16,9.05,9.12,18631.41,16961.43
600600.SH,2003-04-02,9.12,9.22,9.03,9.14,40433.21,36974.21
600600.SH,2003-04-03,9.08,9.19,8.86,8.88,26450.1,23734.41
600600.SH,2003-04-04,8.88,9.05,8.88,9.01,14237.67,12775.04
600600.SH,2003-04-07,9.0,9.18,8.85,8.97,13939.6,12625.43
600600.SH,2003-04-08,8.97,9.07,8.88,9.04,11767.82,10606.5
600600.SH,2003-04-09,9.05,9.5,9.0,9.42,53030.11,49432.11
600600.SH,2003-04-10,9.42,9.5,9.34,9.43,38056.43,35874.94
600600.SH,2003-04-11,9.42,9.78,9.4,9.6,48303.39,46569.07
600600.SH,2003-04-14,9.62,9.75,9.5,9.72,50060.4,48188.16
600600.SH,2003-04-15,9.72,9.76,9.51,9.66,27169.06,26136.52
600600.SH,2003-04-16,9.66,9.7,9.36,9.39,49256.16,46892.52
600600.SH,2003-04-17,9.4,9.52,9.18,9.32,28094.49,26235.64
600600.SH,2003-04-18,9.38,9.62,9.35,9.42,32945.79,31272.67
600600.SH,2003-04-21,9.42,9.42,9.08,9.24,17308.07,15942.65
600600.SH,2003-04-22,9.25,9.26,9.11,9.18,7833.68,7179.23
600600.SH,2003-04-23,9.17,9.18,9.0,9.02,16078.21,14593.3
600600.SH,2003-04-24,8.98,9.03,8.73,8.8,20006.03,17833.51
600600.SH,2003-04-25,8.8,8.87,8.68,8.71,11463.64,10061.34
600600.SH,2003-04-28,8.64,9.03,8.58,8.99,15741.59,13792.26
600600.SH,2003-04-29,8.96,8.96,8.68,8.73,10297.55,9045.76
600600.SH,2003-04-30,8.98,9.14,8.8,9.02,16244.14,14630.94
600600.SH,2003-05-12,8.89,8.95,8.73,8.76,16554.13,14580.94
600600.SH,2003-05-13,8.76,8.8,8.3,8.55,23230.89,19704.94
600600.SH,2003-05-14,8.56,8.78,8.5,8.65,11416.73,9830.31
600600.SH,2003-05-15,8.75,8.9,8.65,8.89,44096.64,38544.09
600600.SH,2003-05-16,8.95,9.0,8.81,8.95,34304.0,30614.85
600600.SH,2003-05-19,8.92,8.93,8.78,8.88,14878.12,13165.09
600600.SH,2003-05-21,8.79,8.85,8.66,8.69,7702.91,6743.01
600600.SH,2003-05-22,8.7,8.75,8.5,8.74,11009.16,9454.46
600600.SH,2003-05-23,8.8,8.92,8.64,8.87,16494.31,14511.62
600600.SH,2003-05-26,8.87,9.3,8.76,9.29,60835.37,55414.45
600600.SH,2003-05-27,9.35,9.38,9.16,9.35,41551.42,38508.65
600600.SH,2003-05-28,9.33,9.4,9.16,9.18,22920.92,21270.68
600600.SH,2003-05-29,9.18,9.38,9.14,9.34,30582.74,28386.43
600600.SH,2003-05-30,9.36,9.58,9.25,9.31,22834.94,21446.74
600600.SH,2003-06-02,9.3,9.34,9.11,9.16,12022.04,11027.47
600600.SH,2003-06-03,9.14,9.28,9.13,9.2,7835.45,7198.73
600600.SH,2003-06-04,9.2,9.24,9.08,9.23,11907.73,10928.03
600600.SH,2003-06-05,9.19,9.4,9.0,9.0,21049.6,19402.09
600600.SH,2003-06-06,9.01,9.07,8.88,8.9,17355.33,15554.1
600600.SH,2003-06-09,8.89,8.9,8.8,8.81,7294.0,6442.82
600600.SH,2003-06-10,8.81,8.9,8.8,8.82,4369.53,3860.91
600600.SH,2003-06-11,8.8,9.0,8.8,8.96,5947.08,5318.54
600600.SH,2003-06-12,9.0,9.09,8.9,9.06,10722.67,9678.16
600600.SH,2003-06-13,9.06,9.17,9.05,9.1,12537.3,11419.11
600600.SH,2003-06-16,9.1,9.12,8.97,9.0,7367.04,6633.48
600600.SH,2003-06-17,9.0,9.02,8.91,8.97,7024.5,6315.48
600600.SH,2003-06-18,8.97,9.05,8.8,8.8,11284.85,10022.33
600600.SH,2003-06-19,8.8,8.85,8.72,8.75,9004.98,7886.36
600600.SH,2003-06-20,8.75,8.79,8.6,8.77,9074.65,7894.87
600600.SH,2003-06-23,8.75,8.86,8.7,8.79,5538.32,4866.9
600600.SH,2003-06-24,8.79,8.86,8.72,8.84,3538.45,3116.1
600600.SH,2003-06-25,8.84,8.9,8.78,8.8,5792.03,5125.82
600600.SH,2003-06-26,8.78,8.93,8.68,8.92,12690.16,11238.49
600600.SH,2003-06-27,8.92,8.93,8.78,8.91,8754.33,7744.14
600600.SH,2003-06-30,8.69,8.75,8.55,8.56,6629.0,5747.12
600600.SH,2003-07-01,8.59,8.68,8.55,8.56,3843.0,3306.18
600600.SH,2003-07-02,8.57,8.75,8.5,8.72,6428.84,5519.17
600600.SH,2003-07-03,8.72,8.8,8.68,8.77,10822.22,9484.73
600600.SH,2003-07-04,8.71,8.83,8.7,8.7,6466.5,5654.42
600600.SH,2003-07-07,8.77,8.88,8.73,8.85,9915.21,8724.0
600600.SH,2003-07-08,8.8,8.93,8.77,8.88,11514.9,10221.71
600600.SH,2003-07-09,8.89,8.9,8.81,8.83,4629.4,4102.6
600600.SH,2003-07-10,8.84,9.15,8.82,9.08,22541.9,20316.3
600600.SH,2003-07-11,9.05,9.2,9.02,9.09,15184.89,13825.85
600600.SH,2003-07-14,9.07,9.12,8.97,9.04,5349.51,4839.98
600600.SH,2003-07-15,9.03,9.13,9.03,9.07,9043.37,8210.66
600600.SH,2003-07-16,8.92,9.15,8.92,9.1,6410.68,5834.2
600600.SH,2003-07-17,9.15,9.44,9.15,9.35,40759.74,38035.37
600600.SH,2003-07-18,9.35,9.4,9.0,9.03,17932.55,16492.96
600600.SH,2003-07-21,9.01,9.15,8.91,9.08,19705.01,17837.77
600600.SH,2003-07-22,9.1,9.4,9.1,9.3,22858.1,21221.54
600600.SH,2003-07-23,9.3,9.37,9.24,9.32,23270.7,21710.84
600600.SH,2003-07-24,9.34,9.34,9.18,9.2,7000.0,6467.51
600600.SH,2003-07-25,9.12,9.26,9.01,9.15,15240.46,13911.09
600600.SH,2003-07-28,9.1,9.39,9.02,9.32,21217.72,19701.72
600600.SH,2003-07-29,9.32,9.38,9.28,9.35,9570.91,8933.11
600600.SH,2003-07-30,9.34,9.5,9.28,9.3,14627.1,13723.91
600600.SH,2003-07-31,9.3,9.35,9.18,9.24,7332.29,6795.29
600600.SH,2003-08-01,9.21,9.31,9.18,9.27,6873.5,6357.81
600600.SH,2003-08-04,9.38,9.38,9.26,9.3,21582.88,20110.5
600600.SH,2003-08-05,9.31,9.42,9.29,9.33,8190.38,7653.84
600600.SH,2003-08-06,9.33,9.39,9.16,9.18,14540.5,13426.66
600600.SH,2003-08-07,9.16,9.2,9.09,9.14,12641.1,11542.32
600600.SH,2003-08-08,9.12,9.15,9.09,9.11,8578.2,7814.85
600600.SH,2003-08-11,9.1,9.2,8.96,9.16,10111.11,9157.22
600600.SH,2003-08-12,9.1,9.18,9.1,9.11,6291.4,5749.51
600600.SH,2003-08-14,9.0,9.11,8.95,8.96,11112.88,10023.87
600600.SH,2003-08-15,8.92,8.95,8.76,8.81,12635.48,11135.48
600600.SH,2003-08-18,8.9,8.9,8.75,8.85,3534.63,3121.02
600600.SH,2003-08-19,8.86,8.9,8.82,8.87,5504.4,4872.77
600600.SH,2003-08-20,8.8,8.86,8.78,8.82,4963.2,4369.4
600600.SH,2003-08-21,8.8,8.88,8.8,8.85,2990.9,2644.78
600600.SH,2003-08-22,8.81,8.96,8.81,8.9,3979.2,3544.94
600600.SH,2003-08-25,8.91,8.95,8.87,8.9,4750.3,4230.8
600600.SH,2003-08-26,8.88,8.9,8.7,8.78,5161.4,4548.65
600600.SH,2003-08-27,8.77,8.85,8.71,8.78,4480.6,3926.49
600600.SH,2003-08-28,8.7,8.83,8.7,8.75,5988.73,5249.81
600600.SH,2003-08-29,8.75,8.85,8.71,8.84,5890.43,5181.67
600600.SH,2003-09-01,8.84,9.0,8.8,8.99,4426.6,3948.25
600600.SH,2003-09-02,8.9,9.05,8.85,8.99,5356.85,4790.57
600600.SH,2003-09-03,8.88,8.98,8.85,8.9,5368.82,4773.32
600600.SH,2003-09-04,8.9,8.98,8.88,8.96,6667.02,5950.22
600600.SH,2003-09-05,8.94,8.94,8.79,8.9,6727.86,5947.0
600600.SH,2003-09-08,8.9,8.91,8.71,8.72,4126.84,3614.83
600600.SH,2003-09-09,8.71,8.71,8.48,8.5,10596.1,9077.66
600600.SH,2003-09-10,8.5,8.56,8.35,8.53,5406.95,4560.28
600600.SH,2003-09-11,8.54,8.58,8.46,8.5,3052.3,2591.53
600600.SH,2003-09-12,8.5,8.51,8.43,8.45,2848.99,2408.98
600600.SH,2003-09-15,8.44,8.44,8.38,8.43,3268.71,2750.43
600600.SH,2003-09-16,8.43,8.52,8.37,8.49,3888.4,3269.97
600600.SH,2003-09-17,8.52,8.55,8.37,8.55,3272.1,2758.88
600600.SH,2003-09-18,8.5,8.67,8.45,8.6,3436.19,2942.33
600600.SH,2003-09-19,8.6,8.66,8.55,8.59,3987.39,3427.23
600600.SH,2003-09-22,8.59,8.73,8.56,8.71,5298.12,4597.07
600600.SH,2003-09-23,8.7,8.73,8.65,8.68,2398.17,2083.13
600600.SH,2003-09-24,8.66,8.75,8.66,8.73,4839.09,4219.64
600600.SH,2003-09-25,8.6,8.73,8.6,8.66,2776.68,2410.83
600600.SH,2003-09-26,8.61,8.71,8.6,8.69,4710.89,4084.59
600600.SH,2003-09-29,8.69,8.85,8.69,8.84,11667.71,10270.03
600600.SH,2003-09-30,8.82,8.95,8.8,8.89,10630.8,9439.4
600600.SH,2003-10-08,8.85,8.98,8.85,8.94,8624.64,7691.88
600600.SH,2003-10-09,9.12,9.55,9.08,9.12,37812.87,35133.19
600600.SH,2003-10-10,9.1,9.45,9.01,9.38,45403.91,42349.63
600600.SH,2003-10-13,9.42,9.42,9.18,9.25,24385.74,22676.89
600600.SH,2003-10-14,9.24,9.39,9.15,9.37,23009.31,21301.37
600600.SH,2003-10-15,9.35,9.42,9.14,9.17,15553.4,14493.05
600600.SH,2003-10-16,9.11,9.2,8.97,8.99,12418.02,11259.04
600600.SH,2003-10-17,8.9,9.14,8.9,9.08,8256.36,7481.15
600600.SH,2003-10-20,9.1,9.13,8.9,9.0,5558.3,5010.42
600600.SH,2003-10-21,8.97,9.1,8.88,9.06,8007.23,7221.78
600600.SH,2003-10-22,9.14,9.31,9.07,9.28,17047.05,15748.06
600600.SH,2003-10-23,9.3,9.37,9.03,9.04,9909.17,9126.2
600600.SH,2003-10-24,9.04,9.09,8.75,8.82,18812.0,16712.74
600600.SH,2003-10-27,8.81,8.9,8.75,8.87,7838.19,6907.7
600600.SH,2003-10-28,8.9,9.38,8.8,9.37,41594.6,38389.8
600600.SH,2003-10-29,9.35,9.39,9.0,9.36,25369.18,23518.03
600600.SH,2003-10-30,9.38,9.54,9.26,9.36,51483.25,48398.77
600600.SH,2003-10-31,9.32,9.48,9.19,9.42,28227.72,26406.48
600600.SH,2003-11-03,9.42,9.62,9.36,9.52,38982.29,37098.26
600600.SH,2003-11-04,9.62,9.85,9.43,9.46,72616.03,70445.91
600600.SH,2003-11-05,9.5,9.55,9.29,9.42,28615.5,26836.47
600600.SH,2003-11-06,9.45,9.55,9.1,9.13,45439.65,42358.5
600600.SH,2003-11-07,9.13,9.2,8.91,9.0,39123.31,35351.9
600600.SH,2003-11-10,8.94,9.14,8.91,9.13,8764.45,7928.53
600600.SH,2003-11-11,9.13,9.17,8.77,9.0,28935.58,25775.13
600600.SH,2003-11-12,9.0,9.0,8.8,8.88,8357.69,7415.33
600600.SH,2003-11-13,8.82,8.98,8.78,8.89,10104.7,8973.29
600600.SH,2003-11-14,8.85,8.9,8.78,8.85,6852.43,6051.69
600600.SH,2003-11-17,8.85,8.96,8.75,8.78,9148.0,8070.37
600600.SH,2003-11-18,8.78,8.8,8.46,8.48,20728.47,17802.31
600600.SH,2003-11-19,8.45,8.63,8.43,8.58,6887.23,5894.76
600600.SH,2003-11-20,8.58,8.78,8.52,8.77,9360.38,8121.21
600600.SH,2003-11-21,8.78,8.87,8.6,8.62,15548.3,13533.72
600600.SH,2003-11-24,8.62,8.84,8.55,8.8,12234.55,10635.69
600600.SH,2003-11-25,8.8,8.96,8.8,8.84,13855.05,12289.86
600600.SH,2003-11-26,8.85,8.95,8.8,8.9,13140.35,11676.45
600600.SH,2003-11-27,8.9,8.9,8.64,8.8,16096.46,14066.05
600600.SH,2003-11-28,8.85,9.05,8.73,9.0,35014.24,31375.49
600600.SH,2003-12-01,9.0,9.1,8.85,9.09,48540.75,43525.06
600600.SH,2003-12-02,9.08,9.09,8.88,8.98,37773.06,33777.64
600600.SH,2003-12-03,8.99,9.03,8.85,8.96,22747.18,20293.28
600600.SH,2003-12-04,8.95,8.95,8.83,8.86,17506.47,15521.73
600600.SH,2003-12-05,8.86,8.96,8.86,8.96,16062.87,14307.58
600600.SH,2003-12-08,8.94,9.09,8.94,9.09,30291.8,27397.03
600600.SH,2003-12-09,9.09,9.1,8.92,9.01,9909.46,8911.76
600600.SH,2003-12-10,9.01,9.17,9.0,9.15,25862.54,23588.98
600600.SH,2003-12-11,9.16,9.2,9.0,9.08,15605.9,14221.16
600600.SH,2003-12-12,9.15,9.16,8.9,8.96,15332.61,13778.75
600600.SH,2003-12-15,8.92,9.06,8.9,9.0,11293.02,10145.0
600600.SH,2003-12-16,9.0,9.0,8.79,8.8,17268.99,15265.37
600600.SH,2003-12-17,8.81,8.95,8.75,8.77,21025.3,18563.19
600600.SH,2003-12-18,8.76,8.77,8.61,8.67,18127.44,15738.08
600600.SH,2003-12-19,8.66,8.92,8.63,8.85,27782.84,24449.82
600600.SH,2003-12-22,8.85,8.85,8.58,8.75,34304.26,29811.23
600600.SH,2003-12-23,8.78,9.12,8.76,9.07,34456.88,31015.04
600600.SH,2003-12-24,9.07,9.32,9.03,9.19,36977.23,33910.91
600600.SH,2003-12-25,9.25,9.26,9.05,9.23,23958.74,21858.52
600600.SH,2003-12-26,9.18,9.45,9.08,9.31,37762.7,35159.59
600600.SH,2003-12-29,9.26,9.26,9.06,9.1,15428.72,14118.22
600600.SH,2003-12-30,9.1,9.22,9.09,9.13,11288.85,10320.93
600600.SH,2004-01-02,9.2,9.45,9.15,9.35,39849.8,37116.37
600600.SH,2004-01-05,9.35,9.89,9.35,9.72,89286.94,86198.14
600600.SH,2004-01-06,9.72,9.92,9.6,9.79,50026.41,48765.93
600600.SH,2004-01-07,9.8,10.0,9.64,9.92,64774.42,63406.14
600600.SH,2004-01-08,9.9,9.92,9.7,9.85,36508.6,35804.21
600600.SH,2004-01-09,9.83,9.85,9.49,9.5,37453.94,36137.83
600600.SH,2004-01-12,9.51,9.58,9.38,9.56,38533.22,36460.58
600600.SH,2004-01-13,9.66,9.66,9.32,9.38,42435.27,40237.89
600600.SH,2004-01-14,9.38,9.53,9.33,9.42,21814.9,20546.7
600600.SH,2004-01-15,9.49,9.56,9.35,9.49,21965.76,20787.52
600600.SH,2004-01-16,9.5,9.62,9.42,9.53,18600.36,17675.48
600600.SH,2004-01-29,9.46,9.9,9.41,9.88,30093.82,29263.37
600600.SH,2004-01-30,9.88,10.26,9.68,10.13,95368.74,95826.82
600600.SH,2004-02-02,11.14,11.14,10.25,10.49,157007.5,167531.41
600600.SH,2004-02-03,10.51,10.64,10.25,10.48,43342.19,45200.55
600600.SH,2004-02-04,10.48,10.78,10.35,10.56,46189.7,48901.8
600600.SH,2004-02-05,10.52,10.6,10.18,10.29,48666.22,50245.99
600600.SH,2004-02-06,10.28,10.56,10.12,10.3,44165.93,45847.1
600600.SH,2004-02-09,10.35,10.78,10.29,10.77,63262.94,66443.01
600600.SH,2004-02-10,10.77,10.78,10.53,10.61,45972.91,48861.85
600600.SH,2004-02-11,10.6,10.65,10.36,10.47,22834.36,23812.64
600600.SH,2004-02-12,10.48,10.68,10.36,10.51,37296.88,39112.7
600600.SH,2004-02-13,10.51,10.6,10.38,10.51,23805.13,24905.32
600600.SH,2004-02-16,10.52,10.9,10.51,10.81,43996.86,47400.77
600600.SH,2004-02-17,10.84,10.99,10.7,10.95,49460.05,53774.19
600600.SH,2004-02-18,10.95,10.95,10.76,10.85,31131.13,33739.1
600600.SH,2004-02-19,10.85,11.05,10.79,11.0,37422.86,40916.38
600600.SH,2004-02-20,10.98,11.03,10.75,10.81,27034.86,29331.28
600600.SH,2004-02-23,10.8,10.8,10.35,10.36,41452.61,43521.48
600600.SH,2004-02-24,10.31,10.36,9.99,10.14,32736.19,33282.97
600600.SH,2004-02-25,10.15,10.31,9.85,9.92,32877.31,33186.95
600600.SH,2004-02-26,9.88,10.04,9.78,9.99,22343.41,22157.9
600600.SH,2004-02-27,10.0,10.1,9.94,9.99,24307.55,24313.52
600600.SH,2004-03-01,10.08,10.2,9.95,10.16,21844.38,22039.73
600600.SH,2004-03-02,10.2,10.23,9.96,10.02,15182.32,15278.9
600600.SH,2004-03-03,10.0,10.2,9.92,10.13,17559.88,17721.05
600600.SH,2004-03-04,10.09,10.1,9.9,10.05,13706.56,13668.58
600600.SH,2004-03-05,10.08,10.25,9.92,10.17,19803.45,20102.64
600600.SH,2004-03-08,10.14,10.16,9.86,9.86,20139.85,20031.28
600600.SH,2004-03-09,9.85,9.92,9.66,9.69,20112.29,19706.98
600600.SH,2004-03-10,9.65,9.84,9.65,9.84,10797.25,10535.17
600600.SH,2004-03-11,9.88,10.07,9.81,9.92,12522.21,12445.17
600600.SH,2004-03-12,9.92,9.98,9.83,9.87,13813.65,13669.46
600600.SH,2004-03-15,9.85,10.28,9.85,10.26,32752.91,33175.95
600600.SH,2004-03-16,10.26,10.45,10.18,10.31,20797.26,21455.32
600600.SH,2004-03-17,10.31,10.6,10.25,10.52,41472.44,43582.25
600600.SH,2004-03-18,10.51,10.58,10.32,10.34,24556.62,25648.12
600600.SH,2004-03-19,10.31,10.53,10.25,10.48,17793.34,18537.62
600600.SH,2004-03-22,10.52,10.59,10.4,10.52,12929.34,13561.57
600600.SH,2004-03-23,10.55,10.85,10.44,10.71,39286.37,41823.71
600600.SH,2004-03-24,10.7,10.84,10.61,10.75,26202.2,28124.57
600600.SH,2004-03-25,10.76,11.04,10.76,10.81,49282.99,53782.79
600600.SH,2004-03-26,10.81,10.85,10.61,10.76,20164.48,21638.37
600600.SH,2004-03-29,10.72,10.84,10.63,10.63,17500.5,18709.84
600600.SH,2004-03-30,10.56,10.65,10.55,10.57,16204.92,17157.23
600600.SH,2004-03-31,10.57,10.87,10.52,10.78,19696.11,21148.7
600600.SH,2004-04-01,10.75,11.31,10.75,11.18,182888.48,204366.54
600600.SH,2004-04-02,10.68,11.42,10.68,11.31,84652.83,95325.37
600600.SH,2004-04-05,11.3,11.43,11.2,11.43,48377.69,54825.8
600600.SH,2004-04-06,11.4,11.72,11.33,11.53,38710.98,44786.5
600600.SH,2004-04-07,11.5,11.62,11.35,11.42,24897.88,28519.98
600600.SH,2004-04-08,11.42,11.65,11.3,11.55,32514.94,37448.12
600600.SH,2004-04-09,11.5,11.6,10.93,11.07,34327.5,38702.49
600600.SH,2004-04-12,10.99,11.05,10.7,10.84,16388.9,17830.24
600600.SH,2004-04-13,10.8,11.12,10.67,10.9,18708.39,20342.59
600600.SH,2004-04-14,10.88,10.96,10.63,10.81,12094.49,13075.92
600600.SH,2004-04-15,10.79,10.94,10.75,10.8,10163.42,11031.51
600600.SH,2004-04-16,10.75,10.88,10.41,10.82,16603.92,17696.53
600600.SH,2004-04-19,10.82,10.9,10.58,10.59,10678.05,11415.72
600600.SH,2004-04-20,10.58,10.7,10.48,10.49,11481.74,12106.35
600600.SH,2004-04-21,10.58,10.61,10.31,10.47,8612.61,9029.73
600600.SH,2004-04-22,10.45,10.72,10.45,10.69,6653.74,7060.98
600600.SH,2004-04-23,10.7,10.81,10.58,10.7,8110.16,8695.68
600600.SH,2004-04-26,10.7,10.88,10.65,10.88,8785.91,9454.76
600600.SH,2004-04-27,10.89,10.95,10.58,10.74,10789.25,11622.77
600600.SH,2004-04-28,10.72,10.78,9.99,10.04,27911.22,28766.36
600600.SH,2004-04-29,9.99,10.19,9.75,9.77,18225.5,18063.47
600600.SH,2004-04-30,9.8,10.2,9.7,10.15,10569.73,10465.82
600600.SH,2004-05-10,10.2,10.22,9.89,9.98,5560.0,5545.45
600600.SH,2004-05-11,9.95,10.16,9.9,10.16,3997.58,4026.04
600600.SH,2004-05-12,10.15,10.28,10.08,10.25,7347.21,7485.21
600600.SH,2004-05-13,10.23,10.25,9.98,10.05,5509.14,5545.09
600600.SH,2004-05-14,10.05,10.15,9.9,9.99,6490.6,6507.16
600600.SH,2004-05-17,9.95,10.02,9.7,9.81,5413.91,5328.28
600600.SH,2004-05-18,9.8,9.9,9.6,9.87,8988.6,8732.22
600600.SH,2004-05-19,9.9,9.9,9.74,9.81,11536.5,11321.13
600600.SH,2004-05-20,9.82,9.97,9.71,9.84,5524.5,5447.07
600600.SH,2004-05-21,9.87,9.89,9.7,9.87,3729.2,3654.96
600600.SH,2004-05-24,9.87,9.89,9.72,9.82,3621.1,3536.76
600600.SH,2004-05-25,9.8,9.82,9.44,9.44,12056.33,11543.07
600600.SH,2004-05-26,9.44,9.54,9.33,9.4,9406.8,8845.64
600600.SH,2004-05-27,9.4,9.49,9.14,9.32,16531.79,15456.79
600600.SH,2004-05-28,9.33,9.51,9.31,9.44,7618.2,7171.86
600600.SH,2004-05-31,9.44,9.49,9.32,9.45,3212.1,3013.02
600600.SH,2004-06-01,9.48,9.72,9.48,9.65,8468.48,8123.59
600600.SH,2004-06-02,9.7,9.81,9.6,9.76,16890.81,16413.75
600600.SH,2004-06-03,9.75,9.75,9.5,9.6,6782.0,6526.53
600600.SH,2004-06-04,9.57,9.78,9.55,9.75,4630.46,4493.29
600600.SH,2004-06-07,9.73,9.73,9.55,9.66,3156.8,3030.55
600600.SH,2004-06-09,9.59,9.59,9.27,9.29,4826.0,4538.56
600600.SH,2004-06-10,9.3,9.42,9.2,9.27,3549.64,3295.14
600600.SH,2004-06-11,9.28,9.62,9.27,9.3,4967.75,4662.25
600600.SH,2004-06-14,9.3,9.41,9.07,9.14,4424.5,4061.93
600600.SH,2004-06-15,9.14,9.6,9.11,9.36,6546.3,6071.04
600600.SH,2004-06-16,9.3,9.45,9.27,9.37,4123.56,3858.28
600600.SH,2004-06-17,9.3,9.38,8.99,9.02,6144.5,5607.87
600600.SH,2004-06-18,9.03,9.14,8.67,8.78,6115.18,5396.79
600600.SH,2004-06-21,8.6,8.88,8.6,8.85,3443.53,3025.42
600600.SH,2004-06-22,8.85,9.07,8.8,9.06,3937.88,3518.76
600600.SH,2004-06-23,9.07,9.25,8.85,9.0,2741.02,2447.14
600600.SH,2004-06-24,9.05,9.17,8.77,8.8,3467.0,3083.9
600600.SH,2004-06-25,8.81,8.89,8.63,8.68,3486.38,3051.8
600600.SH,2004-06-28,8.7,8.88,8.65,8.75,2460.42,2150.48
600600.SH,2004-06-29,8.8,8.88,8.6,8.8,8143.71,7072.79
600600.SH,2004-06-30,8.77,9.05,8.71,9.01,10721.14,9552.44
600600.SH,2004-07-01,9.01,9.32,8.9,9.32,9155.86,8428.7
600600.SH,2004-07-02,9.35,9.38,9.2,9.28,7001.6,6513.02
600600.SH,2004-07-05,9.28,9.28,9.11,9.27,3338.7,3080.2
600600.SH,2004-07-06,9.28,9.45,9.22,9.34,8853.68,8294.64
600600.SH,2004-07-07,9.33,9.34,9.18,9.3,3453.0,3191.38
600600.SH,2004-07-08,9.28,9.44,9.17,9.42,2680.51,2478.85
600600.SH,2004-07-09,9.34,9.45,9.29,9.29,1162.3,1089.8
600600.SH,2004-07-12,9.34,9.38,8.99,9.1,3632.0,3303.95
600600.SH,2004-07-13,9.08,9.24,8.95,9.01,2297.08,2073.94
600600.SH,2004-07-14,9.0,9.1,8.8,8.93,7429.74,6631.86
600600.SH,2004-07-15,8.93,9.5,8.93,9.0,9016.1,8241.34
600600.SH,2004-07-16,9.14,9.3,8.98,9.25,24510.61,22295.23
600600.SH,2004-07-19,9.24,9.35,9.11,9.31,11330.54,10434.32
600600.SH,2004-07-20,9.3,9.54,9.2,9.5,42834.56,40185.67
600600.SH,2004-07-21,9.48,9.63,9.39,9.6,18816.18,17941.74
600600.SH,2004-07-22,9.58,9.68,9.33,9.4,21831.5,20727.78
600600.SH,2004-07-23,9.38,9.62,9.25,9.56,11198.74,10627.63
600600.SH,2004-07-26,9.36,9.45,9.26,9.34,4356.99,4058.29
600600.SH,2004-07-27,9.29,9.39,9.15,9.29,2535.0,2344.72
600600.SH,2004-07-28,9.29,9.53,9.26,9.51,13198.39,12397.73
600600.SH,2004-07-29,9.52,9.7,9.45,9.7,6743.27,6485.77
600600.SH,2004-07-30,9.7,9.7,9.47,9.51,2596.0,2474.61
600600.SH,2004-08-02,9.48,9.55,9.4,9.54,3205.0,3028.63
600600.SH,2004-08-03,9.54,9.54,9.36,9.43,4043.08,3800.71
600600.SH,2004-08-04,9.33,9.66,9.33,9.56,4688.21,4457.36
600600.SH,2004-08-05,9.5,9.58,9.45,9.45,4844.69,4589.27
600600.SH,2004-08-06,9.45,9.56,9.29,9.43,6035.6,5645.41
600600.SH,2004-08-09,9.4,9.4,9.18,9.2,5562.2,5132.71
600600.SH,2004-08-10,9.2,9.38,9.18,9.37,1910.0,1770.95
600600.SH,2004-08-11,9.4,9.42,9.12,9.19,4462.6,4103.65
600600.SH,2004-08-12,9.19,9.27,9.16,9.22,2629.15,2418.48
600600.SH,2004-08-13,9.26,9.38,9.25,9.37,5004.88,4677.62
600600.SH,2004-08-16,9.37,9.5,9.3,9.49,8163.59,7668.93
600600.SH,2004-08-17,9.4,9.56,9.4,9.54,8260.97,7843.48
600600.SH,2004-08-18,9.53,9.56,9.52,9.52,3230.2,3080.14
600600.SH,2004-08-19,9.5,9.52,9.31,9.37,7619.83,7139.99
600600.SH,2004-08-20,9.36,9.49,9.05,9.33,7093.35,6546.72
600600.SH,2004-08-23,9.33,9.33,9.15,9.26,2275.8,2091.48
600600.SH,2004-08-24,9.16,9.26,9.08,9.17,4678.7,4285.7
600600.SH,2004-08-25,9.19,9.28,9.1,9.23,2585.87,2378.79
600600.SH,2004-08-26,9.28,9.28,9.15,9.16,6947.0,6384.61
600600.SH,2004-08-27,9.21,9.21,9.01,9.06,5327.2,4842.46
600600.SH,2004-08-30,9.05,9.26,9.0,9.25,5666.61,5194.23
600600.SH,2004-08-31,9.3,9.49,9.3,9.46,6311.17,5942.63
600600.SH,2004-09-01,9.34,9.45,9.3,9.35,6484.0,6080.52
600600.SH,2004-09-02,9.26,9.43,9.26,9.4,3289.49,3080.94
600600.SH,2004-09-03,9.39,9.46,9.3,9.45,5929.66,5563.89
600600.SH,2004-09-06,9.43,9.43,9.31,9.38,2232.42,2093.68
600600.SH,2004-09-07,9.31,9.44,9.3,9.43,6328.04,5932.46
600600.SH,2004-09-08,9.42,9.51,9.36,9.49,7414.0,7016.85
600600.SH,2004-09-09,9.45,9.57,9.4,9.45,7785.71,7388.45
600600.SH,2004-09-10,9.48,9.52,9.26,9.5,8561.91,8061.01
600600.SH,2004-09-13,9.45,9.5,9.37,9.44,12921.14,12207.61
600600.SH,2004-09-14,9.36,9.65,9.36,9.54,7427.1,7071.77
600600.SH,2004-09-15,9.55,10.05,9.53,9.89,21097.56,20725.01
600600.SH,2004-09-16,9.89,10.14,9.8,10.14,26442.72,26419.54
600600.SH,2004-09-17,10.14,10.33,10.0,10.25,27704.64,28243.27
600600.SH,2004-09-20,10.25,10.4,10.1,10.38,29998.39,30673.69
600600.SH,2004-09-21,10.37,10.38,10.07,10.16,14024.5,14270.96
600600.SH,2004-09-22,10.15,10.66,10.04,10.08,11499.59,11715.19
600600.SH,2004-09-23,10.05,10.65,9.99,10.57,14983.42,15283.63
600600.SH,2004-09-24,10.57,10.82,10.33,10.4,45583.67,48585.14
600600.SH,2004-09-27,10.43,10.55,10.24,10.29,9276.76,9587.92
600600.SH,2004-09-28,10.29,10.82,10.25,10.8,59931.17,63599.41
600600.SH,2004-09-29,10.8,10.98,10.76,10.81,35641.16,38560.49
600600.SH,2004-09-30,10.79,10.79,10.63,10.7,21128.75,22592.09
600600.SH,2004-10-08,10.8,10.88,10.52,10.82,19732.17,21112.42
600600.SH,2004-10-11,10.82,10.95,10.55,10.64,28066.9,30292.25
600600.SH,2004-10-12,10.6,10.62,10.36,10.42,13512.01,14104.77
600600.SH,2004-10-13,10.42,10.54,10.36,10.39,9626.58,10059.19
600600.SH,2004-10-14,10.36,10.41,10.29,10.32,21592.25,22369.09
600600.SH,2004-10-15,10.3,10.62,10.3,10.39,21961.58,22962.54
600600.SH,2004-10-18,10.45,10.55,10.15,10.46,6923.28,7183.98
600600.SH,2004-10-19,10.5,10.61,10.28,10.51,18660.91,19603.87
600600.SH,2004-10-20,10.46,10.55,10.35,10.54,3957.75,4148.99
600600.SH,2004-10-21,10.56,10.67,10.49,10.64,14524.66,15409.92
600600.SH,2004-10-22,10.6,11.0,10.6,10.95,40188.12,43420.34
600600.SH,2004-10-25,10.97,10.97,10.7,10.8,28951.54,31336.55
600600.SH,2004-10-26,10.8,10.92,10.58,10.89,13572.52,14627.37
600600.SH,2004-10-27,10.83,10.88,10.39,10.45,41486.69,43980.99
600600.SH,2004-10-28,10.45,10.6,10.28,10.3,15947.5,16658.48
600600.SH,2004-10-29,10.2,10.45,9.95,10.24,16274.86,16650.24
600600.SH,2004-11-01,10.2,10.34,10.01,10.1,6880.12,6998.32
600600.SH,2004-11-02,10.1,10.1,9.73,9.93,16856.16,16605.74
600600.SH,2004-11-03,9.92,10.3,9.81,10.2,9226.87,9265.88
600600.SH,2004-11-04,10.2,10.25,10.09,10.1,14500.0,14689.0
600600.SH,2004-11-05,10.0,10.39,10.0,10.39,16299.58,16738.32
600600.SH,2004-11-08,10.37,10.37,10.23,10.3,8835.79,9100.41
600600.SH,2004-11-09,10.2,10.3,10.14,10.14,1953.0,2002.79
600600.SH,2004-11-10,10.2,10.45,10.12,10.33,7214.8,7449.26
600600.SH,2004-11-11,10.35,10.45,10.21,10.22,7601.95,7850.72
600600.SH,2004-11-12,10.19,10.2,9.9,10.18,12373.13,12375.67
600600.SH,2004-11-15,10.0,10.18,9.8,9.9,16364.8,16259.22
600600.SH,2004-11-16,9.93,9.98,9.79,9.91,16771.73,16585.32
600600.SH,2004-11-17,9.91,9.91,9.73,9.74,7344.0,7183.3
600600.SH,2004-11-18,9.78,9.95,9.78,9.87,8506.57,8375.72
600600.SH,2004-11-19,9.95,10.04,9.9,9.91,8529.09,8506.17
600600.SH,2004-11-22,10.0,10.0,9.8,9.88,6741.42,6646.77
600600.SH,2004-11-23,9.88,9.97,9.79,9.88,17094.54,16843.91
600600.SH,2004-11-24,9.9,9.94,9.65,9.68,11724.34,11486.35
600600.SH,2004-11-25,9.63,9.75,9.55,9.66,9963.65,9578.35
600600.SH,2004-11-26,9.7,9.71,9.57,9.65,5630.75,5414.01
600600.SH,2004-11-29,9.62,9.62,9.37,9.48,6054.45,5721.4
600600.SH,2004-11-30,9.48,9.48,9.35,9.45,4295.96,4035.39
600600.SH,2004-12-01,9.38,9.45,9.36,9.43,5630.18,5291.92
600600.SH,2004-12-02,9.4,9.52,9.35,9.48,4255.87,4017.21
600600.SH,2004-12-03,9.45,9.58,9.4,9.53,5154.26,4918.05
600600.SH,2004-12-06,9.55,9.68,9.55,9.64,5260.33,5067.27
600600.SH,2004-12-07,9.63,9.63,9.51,9.55,2595.58,2481.17
600600.SH,2004-12-08,9.55,9.65,9.48,9.56,4047.9,3864.2
600600.SH,2004-12-09,9.56,9.56,9.46,9.52,10208.25,9702.34
600600.SH,2004-12-10,9.52,9.52,9.3,9.32,9113.31,8549.16
600600.SH,2004-12-13,9.28,9.37,9.26,9.32,8317.0,7739.44
600600.SH,2004-12-14,9.34,9.4,9.27,9.3,4134.26,3846.82
600600.SH,2004-12-15,9.4,9.59,9.27,9.49,5051.1,4746.31
600600.SH,2004-12-16,9.51,9.55,9.48,9.51,4561.29,4337.3
600600.SH,2004-12-17,9.48,9.56,9.4,9.5,2226.49,2115.08
600600.SH,2004-12-20,9.49,9.49,9.3,9.44,2073.2,1953.27
600600.SH,2004-12-21,9.44,9.48,9.32,9.48,4940.82,4644.63
600600.SH,2004-12-22,9.46,9.6,9.45,9.6,2305.19,2199.59
600600.SH,2004-12-23,9.55,9.55,9.5,9.53,2208.01,2102.13
600600.SH,2004-12-24,9.5,9.63,9.41,9.62,3359.8,3219.9
600600.SH,2004-12-27,9.54,9.6,9.48,9.58,5033.68,4794.11
600600.SH,2004-12-28,9.55,9.69,9.55,9.67,5676.5,5459.72
600600.SH,2004-12-29,9.55,9.7,9.55,9.62,7074.61,6798.65
600600.SH,2004-12-30,9.13,9.68,9.13,9.65,9655.08,9231.09
600600.SH,2005-01-04,9.75,9.75,9.5,9.53,3491.99,3331.55
600600.SH,2005-01-05,9.5,9.51,9.4,9.48,1877.23,1774.51
600600.SH,2005-01-06,9.48,9.52,9.41,9.5,2748.38,2605.53
600600.SH,2005-01-07,9.48,9.51,9.4,9.4,3542.8,3346.84
600600.SH,2005-01-10,9.4,9.4,9.02,9.36,5921.57,5472.47
600600.SH,2005-01-11,9.36,9.36,9.21,9.23,1585.86,1466.74
600600.SH,2005-01-12,9.2,9.35,9.2,9.27,995.75,921.06
600600.SH,2005-01-13,9.27,9.27,9.18,9.24,1688.0,1554.46
600600.SH,2005-01-14,9.2,9.35,9.2,9.3,837.79,777.84
600600.SH,2005-01-17,9.3,9.3,9.07,9.1,2902.1,2654.06
600600.SH,2005-01-18,9.1,9.25,9.1,9.15,2715.11,2495.73
600600.SH,2005-01-19,9.02,9.18,9.02,9.12,773.04,704.34
600600.SH,2005-01-20,9.03,9.15,9.03,9.14,2410.6,2195.84
600600.SH,2005-01-21,9.08,9.34,9.0,9.28,19786.51,18267.62
600600.SH,2005-01-24,9.58,9.58,9.22,9.54,30536.61,28542.25
600600.SH,2005-01-25,9.45,9.5,9.3,9.48,2976.5,2805.42
600600.SH,2005-01-26,9.4,9.5,9.35,9.45,1870.53,1767.02
600600.SH,2005-01-27,9.38,9.43,9.3,9.41,4630.71,4333.86
600600.SH,2005-01-28,9.43,9.43,9.35,9.37,1023.1,958.46
600600.SH,2005-01-31,9.26,9.53,9.2,9.45,3340.5,3138.82
600600.SH,2005-02-01,9.4,9.72,9.4,9.65,11688.75,11245.86
600600.SH,2005-02-02,9.6,10.08,9.5,10.0,16377.63,16170.27
600600.SH,2005-02-03,10.0,10.0,9.81,9.85,6372.5,6327.9
600600.SH,2005-02-04,9.83,10.0,9.8,9.96,10889.81,10808.33
600600.SH,2005-02-16,10.0,10.18,9.9,10.14,26980.48,27073.06
600600.SH,2005-02-17,10.15,10.15,9.98,10.1,11896.25,11915.32
600600.SH,2005-02-18,10.1,10.1,9.74,9.75,13877.0,13744.11
600600.SH,2005-02-21,9.72,9.85,9.68,9.75,6521.95,6352.61
600600.SH,2005-02-22,9.8,9.88,9.69,9.87,22037.02,21542.3
600600.SH,2005-02-23,9.89,9.89,9.75,9.79,8938.98,8767.91
600600.SH,2005-02-24,9.79,9.79,9.56,9.76,14404.76,13907.27
600600.SH,2005-02-25,9.78,9.87,9.69,9.82,22259.25,21834.42
600600.SH,2005-02-28,9.8,9.8,9.56,9.6,10403.57,10028.84
600600.SH,2005-03-01,9.6,9.68,9.55,9.58,5880.58,5643.76
600600.SH,2005-03-02,9.6,9.68,9.5,9.51,7912.39,7589.58
600600.SH,2005-03-03,9.5,9.62,9.5,9.6,10166.22,9712.82
600600.SH,2005-03-04,9.56,9.68,9.51,9.64,3105.09,2982.0
600600.SH,2005-03-07,9.64,9.74,9.62,9.68,10240.64,9900.45
600600.SH,2005-03-08,9.78,9.78,9.61,9.69,10084.0,9757.56
600600.SH,2005-03-09,9.71,9.78,9.63,9.66,8792.57,8508.4
600600.SH,2005-03-10,9.65,9.65,9.4,9.48,18074.5,17171.77
600600.SH,2005-03-11,9.41,9.59,9.4,9.57,33823.04,32111.78
600600.SH,2005-03-14,9.57,9.6,9.35,9.4,26312.03,24964.82
600600.SH,2005-03-15,9.38,9.4,9.13,9.18,18492.9,17112.21
600600.SH,2005-03-16,9.19,9.25,9.0,9.25,11639.7,10604.4
600600.SH,2005-03-17,9.2,9.33,9.19,9.22,10288.01,9544.47
600600.SH,2005-03-18,9.22,9.22,9.1,9.15,4988.06,4564.2
600600.SH,2005-03-21,9.1,9.16,9.03,9.08,6453.01,5878.43
600600.SH,2005-03-22,9.08,9.28,9.05,9.27,4909.77,4494.65
600600.SH,2005-03-23,9.26,9.28,9.1,9.2,13747.72,12637.51
600600.SH,2005-03-24,9.2,9.39,9.1,9.37,4050.69,3746.13
600600.SH,2005-03-25,9.35,9.35,9.27,9.3,2099.14,1951.09
600600.SH,2005-03-28,9.28,9.28,9.05,9.18,9851.24,8963.11
600600.SH,2005-03-29,9.19,9.19,9.1,9.14,3713.0,3389.19
600600.SH,2005-03-30,9.11,9.18,8.95,8.95,11538.3,10397.53
600600.SH,2005-03-31,8.95,9.0,8.8,8.99,7596.26,6751.8
600600.SH,2005-04-01,8.95,9.2,8.82,9.16,16182.34,14498.54
600600.SH,2005-04-04,9.15,9.15,8.83,8.87,6372.04,5677.26
600600.SH,2005-04-05,8.87,8.95,8.65,8.7,12150.98,10646.29
600600.SH,2005-04-06,8.7,8.77,8.58,8.72,15609.04,13537.55
600600.SH,2005-04-07,8.71,9.0,8.7,8.83,18481.28,16359.64
600600.SH,2005-04-08,8.83,8.97,8.7,8.85,16393.42,14474.48
600600.SH,2005-04-11,8.86,9.26,8.86,9.15,36071.48,32990.39
600600.SH,2005-04-12,8.88,9.14,8.86,9.1,18388.84,16696.25
600600.SH,2005-04-13,9.15,9.3,9.03,9.09,13624.28,12403.5
600600.SH,2005-04-14,9.3,9.33,8.95,9.0,8407.77,7652.04
600600.SH,2005-04-15,8.92,9.09,8.9,8.96,13935.97,12471.27
600600.SH,2005-04-18,8.89,8.9,8.66,8.79,6294.4,5518.42
600600.SH,2005-04-19,8.8,8.82,8.65,8.72,3663.18,3198.44
600600.SH,2005-04-20,8.72,8.72,8.54,8.57,3706.78,3188.9
600600.SH,2005-04-21,8.6,8.61,7.8,8.22,41006.23,33002.66
600600.SH,2005-04-22,8.1,8.52,8.08,8.5,21644.75,18073.18
600600.SH,2005-04-25,8.55,8.58,8.29,8.31,11576.92,9695.04
600600.SH,2005-04-26,8.31,8.31,8.1,8.23,12489.22,10237.88
600600.SH,2005-04-27,8.2,8.65,8.2,8.63,19680.91,16734.7
600600.SH,2005-04-28,8.63,8.89,8.58,8.88,13403.42,11740.08
600600.SH,2005-04-29,8.87,8.99,8.75,8.96,14286.77,12709.86
600600.SH,2005-05-09,9.08,9.24,8.96,9.13,33072.21,30261.19
600600.SH,2005-05-10,9.0,9.2,8.95,9.2,8343.53,7595.63
600600.SH,2005-05-11,9.2,9.2,9.08,9.12,6019.49,5485.83
600600.SH,2005-05-12,9.12,9.12,8.98,9.1,7617.29,6887.01
600600.SH,2005-05-13,9.1,9.1,8.96,9.0,15214.0,13692.03
600600.SH,2005-05-16,8.96,9.04,8.9,9.0,4175.81,3757.29
600600.SH,2005-05-17,8.98,9.2,8.97,9.1,4104.5,3732.75
600600.SH,2005-05-18,9.1,9.15,9.05,9.11,9453.64,8600.13
600600.SH,2005-05-19,9.09,9.09,8.98,9.01,2684.22,2426.81
600600.SH,2005-05-20,9.01,9.23,9.0,9.19,5746.31,5269.32
600600.SH,2005-05-23,9.15,9.2,8.9,9.0,8426.92,7604.66
600600.SH,2005-05-24,8.9,9.08,8.9,9.06,4580.6,4097.56
600600.SH,2005-05-25,9.01,9.01,8.91,8.98,4778.96,4280.16
600600.SH,2005-05-26,8.98,9.09,8.49,8.66,12227.42,10639.96
600600.SH,2005-05-27,8.5,8.75,8.5,8.64,1927.09,1664.01
600600.SH,2005-05-30,8.6,8.89,8.6,8.88,8086.33,7071.86
600600.SH,2005-05-31,8.88,8.95,8.68,8.74,3915.64,3459.99
600600.SH,2005-06-01,8.8,8.8,8.62,8.65,1258.0,1089.05
600600.SH,2005-06-02,8.58,8.7,8.41,8.69,2131.86,1827.55
600600.SH,2005-06-03,8.5,8.65,8.5,8.58,2569.3,2206.16
600600.SH,2005-06-06,8.5,8.69,8.45,8.6,4767.65,4073.05
600600.SH,2005-06-07,8.6,8.85,8.55,8.78,6088.21,5324.43
600600.SH,2005-06-08,8.79,9.35,8.6,9.35,30754.66,28203.49
600600.SH,2005-06-09,9.3,9.3,8.98,9.12,16269.45,14775.62
600600.SH,2005-06-10,9.08,9.1,8.93,9.0,16869.14,15177.77
600600.SH,2005-06-13,9.0,9.05,8.92,8.94,6003.23,5401.69
600600.SH,2005-06-14,8.94,9.05,8.9,8.99,7602.59,6834.08
600600.SH,2005-06-15,8.91,9.05,8.91,8.92,1554.0,1388.82
600600.SH,2005-06-16,8.92,8.92,8.79,8.83,2461.22,2172.27
600600.SH,2005-06-17,8.99,8.99,8.8,8.95,1383.99,1233.6
600600.SH,2005-06-20,8.88,9.1,8.73,8.74,29525.6,25998.3
600600.SH,2005-06-21,8.75,8.75,8.6,8.64,8337.0,7234.66
600600.SH,2005-06-22,8.55,8.78,8.55,8.7,2207.54,1919.22
600600.SH,2005-06-24,8.65,8.73,8.6,8.71,5753.0,5000.79
600600.SH,2005-06-27,8.7,8.98,8.7,8.89,12334.5,10920.48
600600.SH,2005-06-28,8.85,8.96,8.7,8.9,6531.09,5799.99
600600.SH,2005-06-29,8.9,9.1,8.8,9.03,8923.0,7998.15
600600.SH,2005-06-30,8.97,9.1,8.75,8.98,3548.66,3158.75
600600.SH,2005-07-01,8.76,8.96,8.76,8.89,2588.01,2297.15
600600.SH,2005-07-04,8.89,8.89,8.6,8.79,1794.5,1559.55
600600.SH,2005-07-05,8.72,8.72,8.63,8.67,758.15,657.93
600600.SH,2005-07-06,8.67,8.71,8.62,8.66,793.9,687.25
600600.SH,2005-07-07,8.68,8.82,8.66,8.81,1662.64,1458.38
600600.SH,2005-07-08,8.75,8.9,8.62,8.81,4591.06,4039.63
600600.SH,2005-07-11,8.68,8.9,8.68,8.72,1030.0,905.96
600600.SH,2005-07-12,8.8,8.88,8.71,8.81,2213.11,1950.18
600600.SH,2005-07-13,8.76,8.82,8.58,8.62,8144.1,7123.16
600600.SH,2005-07-14,8.62,8.78,8.5,8.64,5377.46,4658.75
600600.SH,2005-07-15,8.65,8.65,8.54,8.57,8278.0,7104.51
600600.SH,2005-07-18,8.54,8.56,8.39,8.48,8141.5,6912.34
600600.SH,2005-07-19,8.46,8.51,8.38,8.5,2233.29,1893.27
600600.SH,2005-07-20,8.51,8.62,8.45,8.58,1886.5,1618.03
600600.SH,2005-07-21,8.58,8.61,8.5,8.58,2764.97,2370.04
600600.SH,2005-07-22,8.64,8.75,8.58,8.64,5470.79,4748.32
600600.SH,2005-07-25,8.58,8.72,8.53,8.7,5196.74,4481.65
600600.SH,2005-07-26,8.69,8.91,8.59,8.85,17986.31,15871.66
600600.SH,2005-07-27,8.87,8.98,8.78,8.92,13691.04,12208.07
600600.SH,2005-07-28,8.85,8.92,8.82,8.89,3725.99,3311.83
600600.SH,2005-07-29,8.88,8.88,8.75,8.79,4715.9,4155.35
600600.SH,2005-08-01,8.71,8.9,8.68,8.76,5327.16,4662.26
600600.SH,2005-08-02,8.77,8.81,8.69,8.81,12262.0,10738.62
600600.SH,2005-08-03,8.82,8.99,8.73,8.98,29099.77,25631.31
600600.SH,2005-08-04,8.87,8.95,8.78,8.79,3301.26,2920.36
600600.SH,2005-08-05,8.78,8.9,8.75,8.83,24108.98,21250.22
600600.SH,2005-08-08,8.85,8.89,8.7,8.77,7933.51,6968.69
600600.SH,2005-08-09,8.77,8.78,8.7,8.78,5263.84,4596.83
600600.SH,2005-08-10,8.8,8.9,8.78,8.9,15332.98,13565.27
600600.SH,2005-08-11,8.93,9.5,8.89,9.26,39768.63,36525.04
600600.SH,2005-08-12,9.39,9.49,8.9,8.96,17181.74,15799.59
600600.SH,2005-08-15,8.98,9.39,8.96,9.38,22710.38,21021.26
600600.SH,2005-08-16,9.38,9.5,9.23,9.45,27307.05,25698.78
600600.SH,2005-08-17,9.44,9.44,9.25,9.4,7913.05,7385.98
600600.SH,2005-08-18,9.41,9.5,9.04,9.05,14875.94,13854.6
600600.SH,2005-08-19,9.0,9.14,8.99,9.12,4108.35,3723.57
600600.SH,2005-08-22,9.12,9.4,9.05,9.35,5994.81,5531.0
600600.SH,2005-08-23,9.3,9.3,9.11,9.16,4487.51,4120.97
600600.SH,2005-08-24,9.23,9.23,9.08,9.18,1830.47,1674.77
600600.SH,2005-08-25,9.1,9.18,8.91,8.98,6435.0,5795.14
600600.SH,2005-08-26,8.97,9.0,8.85,8.92,4647.73,4135.75
600600.SH,2005-08-29,8.92,9.0,8.81,8.89,4241.51,3777.56
600600.SH,2005-08-30,8.91,8.98,8.85,8.98,5014.19,4467.92
600600.SH,2005-08-31,8.98,9.07,8.9,9.05,4151.2,3726.75
600600.SH,2005-09-01,9.02,9.15,8.98,9.08,18865.43,17097.84
600600.SH,2005-09-02,9.09,9.09,9.0,9.04,3744.75,3382.31
600600.SH,2005-09-05,9.05,9.09,9.0,9.04,4076.69,3693.41
600600.SH,2005-09-06,9.04,9.05,8.88,8.89,5159.0,4615.65
600600.SH,2005-09-07,8.85,8.98,8.81,8.94,2413.11,2143.19
600600.SH,2005-09-08,8.94,9.0,8.86,8.9,9388.79,8382.33
600600.SH,2005-09-09,8.92,8.94,8.79,8.82,5451.35,4810.07
600600.SH,2005-09-12,8.8,8.88,8.8,8.86,1474.99,1305.53
600600.SH,2005-09-13,8.95,8.99,8.8,8.89,8165.66,7250.85
600600.SH,2005-09-14,8.95,8.97,8.85,8.92,9141.23,8129.55
600600.SH,2005-09-15,8.95,8.95,8.8,8.84,7940.59,7029.57
600600.SH,2005-09-16,8.8,8.9,8.8,8.89,4945.07,4376.09
600600.SH,2005-09-19,8.9,9.29,8.8,9.2,68521.32,62310.39
600600.SH,2005-09-20,9.27,9.34,9.15,9.2,78718.37,72778.78
600600.SH,2005-09-21,9.2,9.2,8.88,8.91,23062.54,20734.53
600600.SH,2005-09-22,8.8,8.91,8.6,8.67,16771.77,14621.68
600600.SH,2005-09-23,8.67,8.78,8.6,8.62,9412.57,8149.71
600600.SH,2005-09-26,8.5,8.66,8.5,8.62,7764.35,6672.51
600600.SH,2005-09-27,8.61,8.61,8.4,8.57,18526.83,15726.35
600600.SH,2005-09-28,8.55,8.55,8.36,8.46,14272.39,12056.9
600600.SH,2005-09-29,8.46,8.49,8.22,8.3,19912.03,16543.19
600600.SH,2005-09-30,8.33,8.49,8.33,8.34,11371.0,9544.96
600600.SH,2005-10-10,8.34,8.39,8.2,8.2,5151.7,4250.23
600600.SH,2005-10-11,8.2,8.4,7.91,8.36,21915.67,17999.09
600600.SH,2005-10-12,8.45,8.47,8.3,8.36,14436.89,12071.25
600600.SH,2005-10-13,8.3,8.3,8.21,8.23,5540.0,4559.5
600600.SH,2005-10-14,8.2,8.29,8.0,8.08,5205.98,4240.84
600600.SH,2005-10-17,8.07,8.11,7.85,7.92,6409.41,5080.18
600600.SH,2005-10-18,7.9,7.99,7.87,7.98,6110.75,4838.89
600600.SH,2005-10-19,7.98,7.98,7.75,7.75,14189.0,11111.71
600600.SH,2005-10-20,7.73,7.74,7.45,7.54,17736.55,13422.55
600600.SH,2005-10-21,7.54,7.74,7.54,7.73,12931.19,9861.73
600600.SH,2005-10-24,7.72,7.85,7.58,7.82,11986.6,9202.56
600600.SH,2005-10-25,7.8,7.82,7.61,7.63,5752.0,4432.28
600600.SH,2005-10-26,7.6,7.63,7.47,7.47,8415.0,6333.38
600600.SH,2005-10-27,7.45,7.6,7.45,7.56,3621.45,2725.88
600600.SH,2005-10-28,7.59,7.83,7.57,7.62,14891.52,11454.49
600600.SH,2005-10-31,7.62,7.84,7.62,7.81,19377.88,15033.17
600600.SH,2005-11-01,7.76,7.83,7.66,7.68,12921.95,9967.94
600600.SH,2005-11-02,7.68,7.82,7.68,7.78,4871.1,3778.01
600600.SH,2005-11-03,7.78,7.78,7.54,7.62,10225.47,7783.53
600600.SH,2005-11-04,7.62,7.64,7.45,7.54,17718.72,13306.46
600600.SH,2005-11-07,7.5,7.63,7.49,7.62,6291.9,4770.57
600600.SH,2005-11-08,7.62,7.75,7.58,7.74,16816.2,12895.81
600600.SH,2005-11-09,7.77,7.8,7.66,7.69,4215.8,3247.55
600600.SH,2005-11-10,7.67,7.72,7.62,7.64,10660.94,8193.8
600600.SH,2005-11-11,7.67,7.67,7.57,7.62,7821.0,5956.21
600600.SH,2005-11-14,7.58,7.69,7.53,7.68,4056.34,3096.69
600600.SH,2005-11-15,7.65,7.71,7.55,7.59,3298.53,2517.0
600600.SH,2005-11-16,7.59,7.75,7.52,7.73,5363.0,4103.6
600600.SH,2005-11-17,7.73,7.8,7.67,7.72,3432.8,2655.14
600600.SH,2005-11-18,7.67,7.91,7.66,7.76,19072.82,14904.16
600600.SH,2005-11-21,7.8,8.04,7.78,7.95,21846.31,17256.69
600600.SH,2005-11-22,7.95,8.0,7.86,7.87,7417.0,5874.4
600600.SH,2005-11-23,7.87,7.9,7.74,7.81,10356.32,8067.66
600600.SH,2005-11-24,7.78,7.95,7.74,7.92,28976.85,22640.61
600600.SH,2005-11-25,7.9,8.16,7.84,7.96,9913.66,7887.98
600600.SH,2005-11-28,7.92,7.92,7.75,7.81,11606.12,9040.89
600600.SH,2005-11-29,7.76,7.8,7.68,7.72,2568.0,1986.09
600600.SH,2005-11-30,7.68,7.71,7.6,7.64,7277.0,5572.97
600600.SH,2005-12-01,7.64,7.7,7.59,7.61,12692.4,9690.57
600600.SH,2005-12-02,7.61,7.73,7.61,7.7,15700.4,12077.75
600600.SH,2005-12-05,7.7,7.7,7.53,7.6,4665.0,3539.22
600600.SH,2005-12-06,7.6,7.63,7.48,7.62,9292.55,6991.83
600600.SH,2005-12-07,7.58,7.75,7.58,7.7,7761.6,5964.45
600600.SH,2005-12-08,7.71,7.73,7.65,7.7,9520.1,7311.82
600600.SH,2005-12-09,7.7,7.7,7.6,7.68,13806.6,10526.66
600600.SH,2005-12-12,7.68,7.68,7.55,7.58,11118.4,8437.86
600600.SH,2005-12-13,7.58,7.58,7.48,7.51,26313.03,19744.66
600600.SH,2005-12-14,7.52,7.68,7.52,7.61,20154.64,15353.48
600600.SH,2005-12-15,7.66,8.1,7.66,7.89,108605.93,86332.73
600600.SH,2005-12-16,7.9,7.92,7.79,7.89,61537.79,48113.97
600600.SH,2005-12-19,7.87,7.95,7.81,7.91,7356.9,5804.39
600600.SH,2005-12-20,7.84,7.91,7.81,7.89,10476.0,8233.71
600600.SH,2005-12-21,7.88,7.94,7.79,7.84,12260.6,9621.87
600600.SH,2005-12-22,7.81,8.11,7.81,8.08,42232.35,33719.2
600600.SH,2005-12-23,8.11,8.26,8.01,8.22,31205.49,25497.48
600600.SH,2005-12-26,8.25,8.4,8.22,8.33,30594.23,25422.53
600600.SH,2005-12-27,8.3,8.35,8.22,8.31,24410.87,20223.34
600600.SH,2005-12-28,8.3,8.48,8.25,8.44,18177.15,15094.61
600600.SH,2005-12-29,8.4,8.47,8.3,8.46,14654.29,12297.01
600600.SH,2005-12-30,8.46,8.5,8.18,8.32,34456.0,28666.22
600600.SH,2006-01-04,8.32,8.35,8.18,8.29,31811.47,26169.98
600600.SH,2006-01-05,8.31,8.53,8.31,8.51,30598.8,25965.31
600600.SH,2006-01-06,8.5,8.58,8.4,8.52,11645.65,9887.6
600600.SH,2006-01-09,8.52,8.81,8.47,8.79,61969.77,53539.59
600600.SH,2006-01-10,8.79,8.79,8.59,8.67,59926.76,51654.94
600600.SH,2006-01-11,8.64,8.64,8.44,8.46,22514.65,19173.56
600600.SH,2006-01-12,8.42,8.59,8.4,8.5,47329.98,40119.55
600600.SH,2006-01-13,8.48,8.58,8.43,8.46,13944.1,11856.63
600600.SH,2006-01-16,8.5,8.6,8.29,8.3,18642.13,15702.23
600600.SH,2006-01-17,8.28,8.4,8.19,8.24,32342.79,26645.53
600600.SH,2006-01-18,8.24,8.37,8.16,8.25,48963.87,40484.33
600600.SH,2006-01-19,8.3,8.4,8.2,8.35,55702.18,46294.04
600600.SH,2006-01-20,8.39,8.56,8.37,8.53,39301.88,33195.37
600600.SH,2006-01-23,8.55,8.75,8.54,8.55,33812.1,29164.03
600600.SH,2006-01-24,8.55,8.7,8.5,8.57,18016.91,15484.91
600600.SH,2006-01-25,8.56,9.13,8.56,9.01,64388.79,57301.17
600600.SH,2006-02-06,9.28,9.88,9.28,9.83,67511.1,64814.87
600600.SH,2006-02-07,9.83,9.96,9.59,9.77,39041.14,37923.11
600600.SH,2006-02-08,9.6,10.0,9.6,9.7,65048.24,63856.65
600600.SH,2006-02-09,9.7,9.74,9.34,9.36,36476.08,34553.07
600600.SH,2006-02-10,9.38,9.6,9.33,9.57,32909.88,31035.63
600600.SH,2006-02-13,9.44,9.55,9.23,9.38,35530.78,33265.87
600600.SH,2006-02-14,9.41,10.05,9.41,9.83,54545.43,53338.68
600600.SH,2006-02-15,9.9,9.98,9.59,9.74,43629.44,42643.79
600600.SH,2006-02-16,9.74,9.87,9.55,9.63,28474.34,27571.91
600600.SH,2006-02-17,9.66,9.84,9.55,9.62,24383.89,23551.71
600600.SH,2006-02-20,9.55,9.93,9.55,9.7,37823.1,37086.34
600600.SH,2006-02-21,9.7,9.84,9.62,9.79,11951.04,11617.82
600600.SH,2006-02-22,9.81,9.9,9.72,9.8,41839.03,40978.72
600600.SH,2006-02-23,9.8,9.8,9.51,9.6,21563.14,20831.67
600600.SH,2006-02-24,9.62,9.75,9.58,9.73,18095.6,17495.1
600600.SH,2006-02-27,9.6,10.05,9.6,9.87,47646.52,47174.88
600600.SH,2006-02-28,9.87,9.88,9.7,9.8,14649.32,14322.19
600600.SH,2006-03-01,9.8,9.89,9.72,9.84,27199.26,26686.58
600600.SH,2006-03-02,9.9,10.05,9.77,9.82,52347.85,51891.64
600600.SH,2006-03-03,9.84,9.89,9.38,9.57,30635.5,29540.65
600600.SH,2006-03-06,9.47,9.48,9.23,9.33,30778.17,28736.91
600600.SH,2006-03-07,9.31,9.33,8.96,8.97,21129.63,19219.03
600600.SH,2006-03-08,8.95,9.12,8.88,9.0,16165.67,14581.04
600600.SH,2006-03-09,8.95,9.07,8.94,9.0,7027.69,6322.29
600600.SH,2006-03-10,9.01,9.14,8.99,9.08,4439.2,4012.76
600600.SH,2006-03-13,9.1,9.18,9.05,9.16,8918.89,8126.21
600600.SH,2006-03-14,9.15,9.15,9.02,9.09,3635.47,3298.77
600600.SH,2006-03-15,9.09,9.22,9.02,9.17,7735.2,7086.01
600600.SH,2006-03-16,9.16,9.36,9.15,9.15,15220.72,14036.75
600600.SH,2006-03-17,9.16,9.17,9.11,9.12,7331.06,6687.56
600600.SH,2006-03-20,9.13,9.32,9.11,9.3,9922.97,9123.8
600600.SH,2006-03-21,9.3,9.3,9.17,9.2,15441.08,14208.5
600600.SH,2006-03-22,9.21,9.22,9.07,9.12,17812.72,16241.02
600600.SH,2006-03-23,9.13,9.13,8.91,9.03,18891.4,17043.53
600600.SH,2006-03-24,9.0,9.13,8.99,9.04,13410.43,12135.9
600600.SH,2006-03-27,9.06,9.09,8.98,9.06,14448.71,13036.88
600600.SH,2006-03-28,9.08,9.22,9.02,9.2,11281.75,10315.27
600600.SH,2006-03-29,9.18,9.5,9.18,9.43,24322.77,22713.19
600600.SH,2006-03-30,9.4,9.73,9.36,9.5,40253.06,38395.31
600600.SH,2006-03-31,9.52,9.75,9.52,9.65,27173.35,26215.1
600600.SH,2006-04-03,9.66,9.96,9.58,9.89,43744.04,42856.6
600600.SH,2006-04-04,9.88,9.88,9.44,9.71,48199.36,46354.26
600600.SH,2006-04-05,9.7,9.7,9.5,9.62,42010.84,40163.83
600600.SH,2006-04-06,9.61,9.86,9.51,9.64,50374.08,49008.2
600600.SH,2006-04-07,9.64,9.69,9.3,9.42,30648.59,28919.44
600600.SH,2006-04-10,9.41,9.63,9.29,9.52,44156.66,41518.12
600600.SH,2006-04-11,9.52,9.55,9.38,9.48,30608.61,28935.01
600600.SH,2006-04-12,9.48,9.76,9.48,9.7,43494.73,41807.18
600600.SH,2006-04-13,9.7,9.78,9.37,9.47,26825.59,25714.66
600600.SH,2006-04-14,9.49,9.59,9.32,9.56,18917.97,17899.54
600600.SH,2006-04-17,9.51,9.65,9.32,9.58,25527.58,24424.77
600600.SH,2006-04-18,9.57,10.25,9.55,9.96,89136.05,88577.24
600600.SH,2006-04-19,9.96,9.96,9.52,9.75,48861.69,47396.34
600600.SH,2006-04-20,9.71,9.84,9.62,9.71,27906.86,27060.89
600600.SH,2006-04-21,9.8,10.13,9.78,9.98,69896.12,69997.18
600600.SH,2006-04-24,10.0,10.1,9.62,9.69,35536.48,34897.44
600600.SH,2006-04-25,9.64,9.64,9.14,9.25,57327.42,53177.11
600600.SH,2006-04-26,9.22,9.58,9.2,9.42,33739.4,31702.22
600600.SH,2006-04-27,9.3,9.52,9.3,9.4,19328.77,18189.7
600600.SH,2006-04-28,9.38,9.85,9.2,9.66,37091.95,35726.93
600600.SH,2006-05-08,9.68,10.63,9.68,10.63,139008.37,144972.31
600600.SH,2006-05-09,10.6,11.3,10.5,10.99,125527.78,138235.98
600600.SH,2006-05-10,10.95,11.66,10.7,11.19,88917.7,100745.47
600600.SH,2006-05-11,11.1,12.31,10.92,11.67,104895.41,125135.62
600600.SH,2006-05-12,11.6,12.84,11.48,12.84,111153.27,139345.86
600600.SH,2006-05-15,13.5,14.12,13.19,14.12,132088.02,182437.61
600600.SH,2006-05-16,14.15,15.0,12.8,13.09,127210.71,173663.68
600600.SH,2006-05-17,13.1,13.75,12.85,13.3,90274.25,120239.34
600600.SH,2006-05-18,13.01,13.1,12.3,12.72,59076.29,74853.29
600600.SH,2006-05-19,12.72,13.3,12.6,13.19,57325.58,75018.17
600600.SH,2006-05-22,13.21,13.76,13.1,13.13,55696.46,74841.02
600600.SH,2006-05-23,13.0,13.0,12.15,12.2,57097.63,70995.96
600600.SH,2006-05-24,12.2,12.6,11.59,11.83,50097.91,60116.38
600600.SH,2006-05-25,11.8,12.25,11.8,12.13,30233.68,36292.12
600600.SH,2006-05-26,12.15,12.28,12.06,12.18,32884.07,40002.92
600600.SH,2006-05-29,12.33,13.4,12.16,13.4,58583.87,74171.26
600600.SH,2006-05-30,13.5,13.84,13.1,13.25,74892.46,100405.35
600600.SH,2006-05-31,13.35,13.38,12.61,12.78,44562.5,57862.35
600600.SH,2006-06-01,12.78,13.5,12.6,13.32,65705.66,85759.56
600600.SH,2006-06-02,13.4,13.41,12.72,12.89,49480.56,64125.94
600600.SH,2006-06-05,12.89,12.89,12.35,12.75,35567.76,44649.62
600600.SH,2006-06-06,12.75,12.96,12.53,12.79,32041.74,40836.49
600600.SH,2006-06-07,12.85,12.85,11.73,11.79,52218.66,63586.18
600600.SH,2006-06-08,11.5,11.98,11.31,11.83,30467.99,35426.84
600600.SH,2006-06-09,11.83,12.0,11.56,11.59,18532.1,21747.77
600600.SH,2006-06-12,11.48,11.58,11.1,11.49,17663.0,20228.47
600600.SH,2006-06-13,11.4,11.8,11.38,11.5,21991.62,25442.39
600600.SH,2006-06-14,11.41,11.5,11.18,11.36,21762.72,24591.7
600600.SH,2006-06-15,11.36,11.58,11.3,11.38,18061.79,20620.76
600600.SH,2006-06-16,11.42,11.87,11.42,11.8,26259.27,30812.98
600600.SH,2006-06-19,11.77,12.25,11.61,12.12,35838.11,43062.12
600600.SH,2006-06-20,12.02,12.2,11.75,11.87,29210.6,34717.97
600600.SH,2006-06-21,11.87,11.87,11.46,11.67,36135.49,42110.74
600600.SH,2006-06-22,11.7,11.97,11.68,11.77,23560.86,27764.84
600600.SH,2006-06-23,11.7,11.88,11.67,11.85,29276.78,34486.17
600600.SH,2006-06-26,11.7,12.17,11.7,12.05,34345.14,41048.29
600600.SH,2006-06-27,12.05,12.69,12.0,12.5,51819.17,64233.41
600600.SH,2006-06-28,12.51,12.55,12.18,12.21,27733.14,34157.92
600600.SH,2006-06-30,12.5,12.59,12.18,12.38,57547.26,70891.05
600600.SH,2006-07-03,12.37,12.76,12.33,12.68,34322.23,43192.69
600600.SH,2006-07-04,12.7,12.79,12.3,12.49,37801.6,47172.34
600600.SH,2006-07-05,12.65,12.95,12.38,12.87,74464.52,94649.93
600600.SH,2006-07-06,12.95,13.25,12.81,13.12,65100.76,84758.98
600600.SH,2006-07-07,13.19,13.28,12.99,13.04,44114.19,57921.0
600600.SH,2006-07-10,13.1,13.2,12.83,12.92,31038.96,40223.64
600600.SH,2006-07-11,12.88,12.98,12.55,12.77,38725.67,49174.28
600600.SH,2006-07-12,12.79,12.79,12.45,12.6,35912.36,45287.14
600600.SH,2006-07-13,12.51,12.89,11.75,12.0,51149.81,63112.78
600600.SH,2006-07-14,12.18,12.55,11.81,12.31,38381.94,46690.2
600600.SH,2006-07-17,12.26,12.26,11.98,12.1,23351.21,28169.3
600600.SH,2006-07-18,12.05,12.22,11.98,12.19,17982.78,21692.05
600600.SH,2006-07-19,12.1,12.14,11.7,11.7,22096.54,26289.28
600600.SH,2006-07-20,11.7,11.93,11.5,11.7,26823.78,31209.24
600600.SH,2006-07-21,11.72,11.91,11.61,11.82,17604.57,20725.97
600600.SH,2006-07-24,11.68,11.81,11.5,11.78,21940.33,25644.04
600600.SH,2006-07-25,11.8,12.0,11.78,11.98,40226.35,47714.18
600600.SH,2006-07-26,11.98,12.07,11.84,12.03,21471.76,25622.8
600600.SH,2006-07-27,11.99,12.18,11.75,11.83,31264.97,37372.47
600600.SH,2006-07-28,11.84,11.89,11.52,11.64,20913.01,24299.24
600600.SH,2006-07-31,11.6,11.6,10.9,11.1,18631.77,20911.44
600600.SH,2006-08-01,11.15,11.27,10.97,11.13,11488.47,12796.19
600600.SH,2006-08-02,11.15,11.23,10.85,10.96,11069.83,12169.35
600600.SH,2006-08-03,10.96,11.13,10.75,10.9,12446.35,13544.94
600600.SH,2006-08-04,10.91,11.0,10.32,10.35,31121.99,33322.43
600600.SH,2006-08-07,10.2,10.3,9.95,10.12,13751.6,13958.31
600600.SH,2006-08-08,10.09,10.43,10.09,10.42,14633.95,15106.36
600600.SH,2006-08-09,10.46,10.56,10.36,10.53,10185.63,10669.21
600600.SH,2006-08-10,10.58,10.67,10.47,10.58,10237.21,10804.05
600600.SH,2006-08-11,10.6,10.67,10.41,10.52,13003.31,13691.38
600600.SH,2006-08-14,10.48,10.6,10.2,10.25,10613.69,10996.08
600600.SH,2006-08-15,10.25,10.63,10.2,10.62,10890.82,11386.77
600600.SH,2006-08-16,10.68,11.1,10.51,10.94,21480.0,23400.42
600600.SH,2006-08-17,10.78,10.81,10.6,10.71,8642.89,9239.05
600600.SH,2006-08-18,10.7,10.85,10.5,10.71,8792.64,9392.4
600600.SH,2006-08-21,10.4,10.55,10.25,10.52,10813.13,11329.19
600600.SH,2006-08-22,10.58,10.88,10.5,10.72,9632.5,10356.34
600600.SH,2006-08-23,10.79,10.89,10.71,10.74,11830.49,12799.72
600600.SH,2006-08-24,10.72,10.88,10.58,10.76,13317.23,14286.09
600600.SH,2006-08-25,10.77,10.82,10.68,10.76,10562.06,11348.16
600600.SH,2006-08-28,10.77,11.36,10.77,11.31,25364.45,28191.98
600600.SH,2006-09-21,11.5,12.44,11.48,12.44,97201.17,119528.09
600600.SH,2006-09-22,12.74,12.74,12.3,12.32,51690.15,64444.39
600600.SH,2006-09-25,12.47,12.47,11.88,12.16,24968.95,30187.53
600600.SH,2006-09-26,12.05,12.23,11.89,12.01,16467.42,19777.78
600600.SH,2006-09-27,12.19,12.36,12.01,12.25,15908.42,19350.95
600600.SH,2006-09-28,12.19,12.5,12.09,12.39,55560.11,68638.3
600600.SH,2006-12-20,14.02,16.5,13.95,15.19,432075.11,657989.96
600600.SH,2006-12-21,15.19,15.33,14.15,14.17,172676.22,252548.63
600600.SH,2006-12-22,13.9,14.16,13.38,13.65,149881.41,205074.92
600600.SH,2006-12-25,13.58,14.13,13.48,13.9,93444.98,130242.05
600600.SH,2006-12-26,13.8,14.3,13.7,14.0,72761.24,102049.59
600600.SH,2006-12-27,13.71,14.2,13.7,14.05,58471.72,81524.51
600600.SH,2006-12-28,14.0,14.15,13.5,13.55,49039.37,67247.35
600600.SH,2006-12-29,13.5,14.22,13.4,13.89,91651.05,127282.53
600600.SH,2007-01-04,14.05,15.14,14.0,14.59,121178.21,179179.31
600600.SH,2007-01-05,14.6,16.05,14.6,16.03,121127.9,187897.87
600600.SH,2007-01-08,16.0,17.15,15.6,16.6,113695.7,188396.67
600600.SH,2007-01-09,16.6,17.32,16.53,17.13,76655.37,130555.05
600600.SH,2007-01-10,17.12,17.12,16.4,16.84,86290.25,143624.12
600600.SH,2007-01-11,16.84,18.15,16.6,17.55,103995.76,181782.41
600600.SH,2007-01-12,17.55,18.18,17.38,17.76,54421.4,96367.59
600600.SH,2007-01-15,17.76,19.54,17.41,19.54,86469.06,164098.15
600600.SH,2007-01-16,20.29,20.95,19.6,20.32,60817.15,123140.7
600600.SH,2007-01-17,20.5,21.86,19.8,20.6,106007.05,219923.75
600600.SH,2007-01-18,20.5,21.58,19.8,20.75,78251.46,160713.16
600600.SH,2007-01-19,20.61,21.25,20.3,20.71,69726.11,145172.09
600600.SH,2007-01-22,20.9,21.53,20.6,21.0,103357.76,216317.64
600600.SH,2007-01-23,20.98,21.18,19.6,19.98,59830.46,121583.73
600600.SH,2007-01-24,19.7,20.27,19.16,19.72,31572.02,62374.17
600600.SH,2007-01-25,19.68,19.68,18.4,18.51,32067.57,60517.36
600600.SH,2007-01-26,18.25,19.08,18.0,19.05,68544.35,127854.7
600600.SH,2007-01-29,19.09,20.0,19.09,19.72,44047.48,86839.8
600600.SH,2007-01-30,19.6,19.89,18.7,19.3,55054.52,104909.07
600600.SH,2007-01-31,19.1,19.11,17.37,17.37,44991.89,81441.43
600600.SH,2007-02-01,16.7,17.35,16.08,16.88,68756.21,114452.36
600600.SH,2007-02-02,16.89,16.97,15.5,15.91,53103.55,85674.63
600600.SH,2007-02-05,15.51,16.6,15.5,15.92,46827.86,75697.58
600600.SH,2007-02-06,16.0,16.5,15.75,16.44,46918.72,75853.04
600600.SH,2007-02-07,16.58,17.09,16.39,16.44,51202.28,85590.97
600600.SH,2007-02-08,16.36,17.1,16.36,16.87,29749.28,49938.27
600600.SH,2007-02-09,16.93,17.66,16.72,17.0,48253.27,83094.68
600600.SH,2007-02-12,17.0,17.38,16.95,17.35,71638.54,122149.83
600600.SH,2007-02-13,17.6,17.75,17.3,17.5,41477.37,72607.3
600600.SH,2007-02-14,17.58,18.2,17.45,17.94,32169.61,57519.67
600600.SH,2007-02-15,17.9,18.55,17.88,18.52,38921.93,71282.95
600600.SH,2007-02-16,18.65,18.99,18.53,18.62,35071.12,65750.6
600600.SH,2007-02-26,18.66,19.4,18.65,19.39,53436.84,101465.97
600600.SH,2007-02-27,19.4,19.79,17.45,17.45,92316.62,171389.09
600600.SH,2007-02-28,16.91,17.88,16.51,17.48,55677.59,94687.55
600600.SH,2007-03-01,17.5,17.5,15.9,16.28,38691.43,64613.63
600600.SH,2007-03-02,16.4,16.7,16.29,16.49,40647.67,66672.97
600600.SH,2007-03-05,16.5,16.6,15.0,15.65,86499.31,135633.52
600600.SH,2007-03-06,15.6,15.86,15.2,15.8,62335.22,97218.98
600600.SH,2007-03-07,15.84,16.5,15.81,16.35,50448.48,81872.33
600600.SH,2007-03-08,16.5,16.95,16.36,16.91,40321.91,67128.73
600600.SH,2007-03-09,16.92,16.97,16.32,16.57,36825.83,61302.09
600600.SH,2007-03-12,16.57,16.57,16.06,16.42,39065.9,63827.55
600600.SH,2007-03-13,16.5,17.59,16.5,17.32,81210.65,140261.96
600600.SH,2007-03-14,17.0,17.33,16.4,17.25,54606.07,93362.88
600600.SH,2007-03-15,17.11,17.22,16.8,17.04,39111.37,66542.91
600600.SH,2007-03-16,17.06,17.2,16.38,16.4,47242.45,78902.87
600600.SH,2007-03-19,15.4,16.68,15.34,16.43,41702.2,67639.66
600600.SH,2007-03-20,16.55,16.55,15.98,16.21,78623.58,126620.88
600600.SH,2007-03-21,16.3,16.45,15.98,16.16,67567.29,109011.56
600600.SH,2007-03-22,16.3,16.63,16.26,16.39,95780.51,157470.22
600600.SH,2007-03-23,16.31,16.39,15.88,16.24,92299.42,148732.93
600600.SH,2007-03-26,16.36,17.09,16.21,17.04,147215.66,245799.57
600600.SH,2007-03-27,17.1,17.8,16.83,17.24,100976.27,173310.85
600600.SH,2007-03-28,17.25,17.34,16.41,16.97,97388.33,164472.73
600600.SH,2007-03-29,16.88,16.97,16.44,16.84,116678.47,194521.76
600600.SH,2007-03-30,16.75,17.27,16.5,17.05,109937.98,186330.62
600600.SH,2007-04-02,17.1,17.49,16.91,17.41,86506.6,148794.92
600600.SH,2007-04-03,17.5,17.59,17.25,17.48,86616.68,150869.04
600600.SH,2007-04-04,17.48,18.32,17.35,18.03,123765.42,220551.08
600600.SH,2007-04-05,18.0,19.3,17.75,18.95,159758.08,298204.88
600600.SH,2007-04-06,18.7,19.4,18.4,18.8,80407.76,152428.63
600600.SH,2007-04-09,18.7,19.0,18.52,18.76,75463.68,141182.81
600600.SH,2007-04-10,18.81,18.95,17.8,18.29,87289.87,160244.74
600600.SH,2007-04-11,18.28,18.28,17.78,18.1,101405.28,182073.98
600600.SH,2007-04-12,18.08,18.73,18.0,18.61,88828.58,164234.4
600600.SH,2007-04-13,18.6,19.27,18.42,18.83,117019.58,222321.93
600600.SH,2007-04-16,18.83,19.47,18.83,19.18,113501.73,218377.99
600600.SH,2007-04-17,19.21,19.35,18.45,19.0,93077.59,176610.13
600600.SH,2007-04-18,19.0,19.03,18.58,18.86,82180.77,154079.15
600600.SH,2007-04-19,19.01,19.7,17.83,18.67,191891.7,367384.09
600600.SH,2007-04-20,19.2,19.65,19.0,19.23,152137.24,295670.09
600600.SH,2007-04-23,19.6,20.25,19.6,20.0,148196.36,295814.96
600600.SH,2007-04-24,20.05,20.84,19.62,20.24,123113.84,249988.46
600600.SH,2007-04-25,20.2,20.2,19.41,19.65,79936.96,157646.22
600600.SH,2007-04-26,19.65,19.93,19.45,19.63,62461.49,122540.18
600600.SH,2007-04-27,19.65,19.76,19.15,19.19,66193.93,127979.2
600600.SH,2007-04-30,19.0,19.41,18.88,19.36,86532.04,165257.09
600600.SH,2007-05-08,19.59,19.98,19.46,19.78,109663.76,216924.17
600600.SH,2007-05-09,19.7,19.7,18.65,19.03,102710.73,196798.73
600600.SH,2007-05-10,19.03,19.45,18.8,19.35,84681.44,161432.16
600600.SH,2007-05-11,19.19,19.19,18.53,18.81,72704.95,136418.58
600600.SH,2007-05-14,18.5,18.95,18.3,18.69,79571.85,148552.48
600600.SH,2007-05-15,18.69,19.14,18.4,18.48,81086.96,152723.25
600600.SH,2007-05-16,18.45,19.2,18.0,19.2,92723.59,174712.55
600600.SH,2007-05-17,19.37,20.25,19.3,20.08,184858.18,368510.05
600600.SH,2007-05-18,20.01,20.66,19.7,19.95,111954.11,225455.24
600600.SH,2007-05-21,19.19,21.0,19.01,20.65,126381.69,258176.44
600600.SH,2007-05-22,20.8,22.0,20.8,21.28,131150.14,281753.0
600600.SH,2007-05-23,21.29,22.06,20.8,21.52,101819.85,219664.93
600600.SH,2007-05-24,21.5,21.59,20.55,20.74,120911.86,253270.58
600600.SH,2007-05-25,20.6,21.51,20.3,21.47,89944.79,189141.65
600600.SH,2007-05-28,22.0,23.62,21.75,23.62,130817.2,299588.29
600600.SH,2007-05-29,24.05,24.96,23.6,24.24,124746.32,303772.26
600600.SH,2007-05-30,22.4,25.7,22.01,22.95,148382.29,354178.36
600600.SH,2007-05-31,23.21,25.25,21.85,25.23,200061.82,484491.29
600600.SH,2007-06-01,25.2,26.97,24.5,25.36,150859.98,385216.06
600600.SH,2007-06-04,24.81,24.89,22.82,22.82,93769.42,218395.39
600600.SH,2007-06-05,20.58,24.0,20.58,23.82,125579.68,271301.48
600600.SH,2007-06-06,24.0,24.6,23.0,24.03,68205.14,163506.19
600600.SH,2007-06-07,24.04,25.0,23.98,24.48,67841.61,166985.93
600600.SH,2007-06-11,25.05,26.8,25.05,26.77,83877.2,217744.78
600600.SH,2007-06-12,26.89,27.4,25.2,26.78,89527.77,236463.11
600600.SH,2007-06-13,26.5,27.5,26.5,26.86,95715.99,257689.13
600600.SH,2007-06-14,26.7,29.55,26.01,28.78,123607.69,345196.97
600600.SH,2007-06-15,28.4,29.9,27.8,28.62,76304.92,221536.34
600600.SH,2007-06-18,29.2,29.5,28.5,28.93,48827.76,141649.74
600600.SH,2007-06-19,28.88,29.0,28.02,28.88,41585.91,118191.46
600600.SH,2007-06-20,28.8,31.7,28.42,28.59,69593.16,204697.48
600600.SH,2007-06-21,28.0,28.99,27.35,27.89,59793.32,166870.95
600600.SH,2007-06-22,27.95,27.95,25.86,26.43,60143.57,161433.3
600600.SH,2007-06-25,26.53,27.77,26.25,26.57,72537.38,195525.75
600600.SH,2007-06-26,26.3,27.45,26.0,27.41,46033.29,124206.05
600600.SH,2007-06-27,27.85,29.0,27.3,28.62,60891.93,172988.0
600600.SH,2007-06-28,28.2,28.78,26.65,27.0,53543.19,149254.93
600600.SH,2007-06-29,26.5,26.9,25.7,25.89,53424.06,139519.22
600600.SH,2007-07-02,25.99,26.45,24.81,25.75,60857.27,153927.2
600600.SH,2007-07-03,25.8,26.9,25.8,26.68,25757.27,67541.06
600600.SH,2007-07-04,26.64,27.13,26.18,26.31,32044.14,86080.31
600600.SH,2007-07-05,25.98,26.33,24.7,24.72,45363.06,116501.45
600600.SH,2007-07-06,24.71,25.68,23.21,25.62,29211.38,71844.27
600600.SH,2007-07-09,25.93,26.4,25.47,26.11,37678.85,97435.26
600600.SH,2007-07-10,25.85,27.0,25.61,25.73,58166.36,153264.88
600600.SH,2007-07-11,25.2,25.77,25.0,25.33,33653.06,84934.43
600600.SH,2007-07-12,25.3,25.5,25.1,25.28,10176.64,25656.74
600600.SH,2007-07-13,25.32,25.4,24.6,25.23,10581.82,26386.61
600600.SH,2007-07-16,25.25,26.0,25.0,25.13,16636.22,42521.36
600600.SH,2007-07-17,25.11,25.35,24.6,25.29,19111.13,47800.97
600600.SH,2007-07-18,25.29,26.28,25.2,25.7,31230.63,81101.86
600600.SH,2007-07-19,25.7,26.9,25.3,26.52,44660.49,117583.52
600600.SH,2007-07-20,26.7,28.3,26.57,27.45,46068.33,126820.42
600600.SH,2007-07-23,27.32,28.1,27.32,27.99,53386.84,148432.34
600600.SH,2007-07-24,28.12,28.19,27.4,27.57,38196.98,105900.17
600600.SH,2007-07-25,27.5,27.67,26.71,27.5,53607.92,145609.41
600600.SH,2007-07-26,27.61,28.04,26.71,27.2,108613.29,294599.59
600600.SH,2007-07-27,27.19,27.49,26.6,26.96,47116.53,127099.27
600600.SH,2007-07-30,26.89,27.76,26.89,27.7,86150.99,234925.66
600600.SH,2007-07-31,27.85,29.7,27.85,29.44,125020.35,362360.73
600600.SH,2007-08-01,29.47,29.69,27.0,27.33,76960.94,218468.77
600600.SH,2007-08-02,27.33,28.3,27.33,27.79,51566.63,143377.59
600600.SH,2007-08-03,28.25,28.5,27.51,28.22,50609.0,142114.93
600600.SH,2007-08-06,28.33,29.69,28.33,29.51,86446.12,253943.06
600600.SH,2007-08-07,29.46,29.46,28.55,28.77,38869.33,111991.99
600600.SH,2007-08-08,28.73,29.15,27.0,27.44,64495.98,179937.54
600600.SH,2007-08-09,27.35,28.25,27.35,28.11,46363.58,129638.47
600600.SH,2007-08-10,28.05,28.07,27.08,27.54,32494.19,88808.06
600600.SH,2007-08-13,27.54,27.96,27.07,27.25,40515.9,110699.85
600600.SH,2007-08-14,27.26,28.0,27.26,27.77,20384.98,56495.56
600600.SH,2007-08-15,27.81,28.49,27.5,28.24,48030.21,134605.99
600600.SH,2007-08-16,28.25,28.26,27.11,27.29,48155.8,132015.33
600600.SH,2007-08-17,27.25,27.8,26.6,27.01,45166.04,122321.05
600600.SH,2007-08-20,27.4,28.1,27.4,28.04,42494.21,118660.01
600600.SH,2007-08-21,28.42,28.44,27.65,27.76,41858.36,116750.45
600600.SH,2007-08-22,27.35,28.49,27.3,27.91,50841.75,142975.0
600600.SH,2007-08-23,28.0,29.51,28.0,29.17,79663.59,232215.8
600600.SH,2007-08-24,29.4,29.48,28.6,28.81,37380.14,108204.7
600600.SH,2007-08-27,29.0,30.7,28.91,30.68,92490.9,277627.21
600600.SH,2007-08-28,30.79,33.75,30.0,33.75,115728.0,372160.95
600600.SH,2007-08-29,33.44,35.97,31.5,33.98,104033.61,349821.47
600600.SH,2007-08-30,34.2,35.8,33.58,33.77,73688.26,256242.31
600600.SH,2007-08-31,33.82,35.19,33.8,34.52,68728.89,239657.15
600600.SH,2007-09-03,34.92,35.5,34.12,34.89,36877.83,128414.77
600600.SH,2007-09-04,34.89,34.89,32.8,33.02,81508.68,270995.53
600600.SH,2007-09-05,33.0,34.24,32.5,33.41,51287.56,172131.26
600600.SH,2007-09-06,33.41,34.12,33.2,34.01,36488.65,123406.56
600600.SH,2007-09-07,33.23,34.45,33.2,33.93,33093.78,111838.21
600600.SH,2007-09-10,33.6,34.2,31.51,33.82,22861.57,75874.68
600600.SH,2007-09-11,33.5,34.38,31.2,31.29,27133.19,89507.29
600600.SH,2007-09-12,31.31,32.64,30.1,31.33,23589.32,73541.76
600600.SH,2007-09-13,31.35,32.55,31.35,32.3,22267.74,71361.73
600600.SH,2007-09-14,32.32,35.53,31.9,35.53,70861.08,240757.33
600600.SH,2007-09-17,35.61,37.8,35.6,36.57,60393.04,224696.48
600600.SH,2007-09-18,36.88,37.52,36.0,36.37,25738.48,93794.52
600600.SH,2007-09-19,36.37,37.15,35.15,36.19,40526.45,146256.91
600600.SH,2007-09-20,35.9,37.5,35.85,36.88,30144.44,111616.08
600600.SH,2007-09-21,36.88,39.98,36.8,39.66,61565.31,238031.68
600600.SH,2007-09-24,39.46,41.64,37.65,39.82,38785.47,155337.79
600600.SH,2007-09-25,39.8,40.3,37.83,39.51,17564.0,68857.67
600600.SH,2007-09-26,39.13,42.96,39.08,41.94,37843.09,158264.68
600600.SH,2007-09-27,41.81,42.33,40.3,42.03,31643.37,131837.73
600600.SH,2007-09-28,42.03,43.91,42.03,43.29,19631.83,85140.58
600600.SH,2007-10-08,44.5,46.23,41.99,42.27,25668.42,112024.01
600600.SH,2007-10-09,42.0,42.47,39.6,41.29,37254.96,151639.68
600600.SH,2007-10-10,41.28,41.83,40.05,41.02,32687.48,133157.52
600600.SH,2007-10-11,41.0,41.0,38.6,39.0,52333.08,205190.11
600600.SH,2007-10-12,39.9,40.0,37.5,39.49,38522.84,149557.6
600600.SH,2007-10-15,39.5,40.2,37.96,39.5,37883.46,147496.41
600600.SH,2007-10-16,39.5,39.65,37.99,38.76,76275.65,293825.21
600600.SH,2007-10-17,39.39,39.65,38.15,38.3,38837.46,151252.43
600600.SH,2007-10-18,38.3,39.15,37.1,37.15,23982.37,91018.22
600600.SH,2007-10-19,37.05,37.7,36.06,37.0,28655.19,105079.25
600600.SH,2007-10-22,37.29,37.49,36.0,36.9,34508.18,126676.37
600600.SH,2007-10-23,37.49,37.49,34.0,35.22,44008.61,154943.6
600600.SH,2007-10-24,36.25,36.9,35.45,35.99,37110.11,133698.49
600600.SH,2007-10-25,36.07,36.49,34.4,35.46,45439.41,161571.63
600600.SH,2007-10-26,35.5,36.0,34.81,35.84,30506.15,107888.05
600600.SH,2007-10-29,36.42,36.42,34.8,35.99,15678.31,55736.45
600600.SH,2007-10-30,35.95,36.41,34.93,35.79,41161.88,146410.97
600600.SH,2007-10-31,36.3,38.0,36.0,37.95,44600.68,166360.07
600600.SH,2007-11-01,38.0,38.0,36.0,36.3,28482.23,103893.66
600600.SH,2007-11-02,35.7,35.7,33.48,33.78,41260.67,140336.43
600600.SH,2007-11-05,33.69,33.89,31.78,33.66,37741.13,122307.82
600600.SH,2007-11-06,33.7,33.7,32.1,32.91,23575.82,77521.91
600600.SH,2007-11-07,32.98,33.3,31.98,32.49,28924.69,93402.35
600600.SH,2007-11-08,32.55,32.59,29.5,29.56,31255.95,96035.25
600600.SH,2007-11-12,29.16,30.8,28.1,30.12,26798.44,78231.92
600600.SH,2007-11-13,30.32,31.99,30.32,30.68,29753.04,92362.84
600600.SH,2007-11-14,30.68,33.1,30.68,33.06,29653.72,95704.04
600600.SH,2007-11-15,33.06,33.2,32.01,32.6,33378.62,108862.33
600600.SH,2007-11-16,32.35,33.1,31.53,32.97,20221.9,65432.7
600600.SH,2007-11-19,32.92,33.99,32.8,33.51,18989.71,63471.26
600600.SH,2007-11-20,33.51,34.0,32.84,33.4,11307.19,38144.21
600600.SH,2007-11-21,33.08,33.75,32.2,32.25,10144.31,33320.22
600600.SH,2007-11-22,31.6,32.1,31.05,31.5,10314.77,32662.68
600600.SH,2007-11-23,31.5,32.6,30.4,32.57,6175.53,19449.82
600600.SH,2007-11-26,32.62,33.6,32.26,33.43,19379.83,63930.05
600600.SH,2007-11-27,33.35,33.82,32.7,33.39,16753.15,56048.96
600600.SH,2007-11-28,33.49,33.9,32.8,33.4,19454.83,65271.78
600600.SH,2007-11-29,33.45,33.88,32.5,33.48,20952.52,69527.97
600600.SH,2007-11-30,33.54,33.6,32.77,33.42,14069.02,46583.04
600600.SH,2007-12-03,33.2,33.2,32.48,32.91,6334.77,20844.7
600600.SH,2007-12-04,33.0,33.19,31.8,31.99,14585.56,47459.81
600600.SH,2007-12-05,31.99,33.3,31.82,33.24,8012.19,26329.18
600600.SH,2007-12-06,33.25,33.46,32.9,33.04,9699.35,32031.24
600600.SH,2007-12-07,33.1,34.65,32.9,34.34,13931.02,47497.47
600600.SH,2007-12-10,34.28,35.5,33.5,35.18,14000.98,49047.72
600600.SH,2007-12-11,35.2,36.5,34.81,36.37,28283.88,101369.57
600600.SH,2007-12-12,36.45,37.02,35.9,36.4,17498.16,63720.61
600600.SH,2007-12-13,36.38,36.38,34.38,34.4,13742.36,48530.33
600600.SH,2007-12-14,34.0,36.49,33.69,36.35,15680.54,55628.23
600600.SH,2007-12-17,36.58,38.3,35.5,35.77,60766.18,224225.55
600600.SH,2007-12-18,35.48,36.37,35.05,35.62,11527.61,40873.78
600600.SH,2007-12-19,36.0,37.2,35.81,36.98,20450.05,75084.26
600600.SH,2007-12-20,37.1,37.45,36.76,36.89,21708.41,80306.51
600600.SH,2007-12-21,36.75,37.25,36.3,36.86,20881.48,76562.47
600600.SH,2007-12-24,36.99,38.65,36.99,37.91,45877.31,174196.61
600600.SH,2007-12-25,38.0,38.5,37.58,38.09,35758.61,136570.12
600600.SH,2007-12-26,38.2,38.56,37.66,38.41,31873.3,121330.27
600600.SH,2007-12-28,38.41,39.61,38.2,39.14,26382.65,103170.62
600600.SH,2008-01-02,39.32,42.4,39.32,40.8,55331.04,227208.63
600600.SH,2008-01-03,41.45,42.5,40.3,40.56,119286.77,495676.06
600600.SH,2008-01-04,40.56,42.68,38.94,41.94,84916.49,344198.63
600600.SH,2008-01-07,41.95,42.2,41.0,42.11,83190.12,345316.45
600600.SH,2008-01-08,42.11,42.33,40.52,40.64,46953.17,192960.42
600600.SH,2008-01-09,40.0,41.05,39.95,41.04,26697.58,108285.14
600600.SH,2008-01-10,42.38,42.56,41.1,41.16,33620.15,140280.49
600600.SH,2008-01-11,41.0,41.0,40.0,40.35,25995.9,104849.15
600600.SH,2008-01-14,40.5,41.1,40.0,40.35,48303.68,195500.54
600600.SH,2008-01-15,40.01,40.79,39.46,39.67,40368.48,160308.24
600600.SH,2008-01-16,39.5,40.35,39.1,39.51,33418.16,132888.98
600600.SH,2008-01-17,39.4,39.9,36.66,38.1,33432.92,127799.29
600600.SH,2008-01-18,38.1,38.69,37.48,38.39,21207.22,80405.51
600600.SH,2008-01-21,38.55,38.7,36.3,36.79,24016.83,89316.79
600600.SH,2008-01-22,35.99,37.2,33.5,34.5,48126.29,169513.53
600600.SH,2008-01-23,35.5,37.0,33.7,36.96,42096.53,150947.83
600600.SH,2008-01-24,37.5,38.9,36.51,38.56,34817.94,131705.56
600600.SH,2008-01-25,38.47,38.6,37.5,37.72,16048.91,60908.62
600600.SH,2008-01-28,37.83,38.0,34.63,36.3,21831.63,78043.35
600600.SH,2008-01-29,36.3,36.88,35.1,36.24,8593.29,31050.0
600600.SH,2008-01-30,36.35,36.78,35.3,36.43,11746.66,42601.95
600600.SH,2008-01-31,35.9,36.74,35.4,35.92,32878.76,117805.37
600600.SH,2008-02-01,35.75,36.85,34.86,35.52,16615.43,60017.16
600600.SH,2008-02-04,36.1,38.94,36.1,38.72,31482.57,118291.49
600600.SH,2008-02-05,38.0,38.72,37.32,37.93,13736.4,52304.26
600600.SH,2008-02-13,37.9,37.9,36.42,36.7,6048.0,22349.1
600600.SH,2008-02-14,37.0,37.5,36.71,37.16,8469.83,31426.36
600600.SH,2008-02-15,36.78,37.0,35.9,36.06,10750.84,38857.98
600600.SH,2008-02-18,36.3,37.15,36.21,37.03,11819.02,43506.97
600600.SH,2008-02-19,37.05,38.2,36.44,37.55,11086.19,41873.93
600600.SH,2008-02-20,37.65,38.19,36.4,36.5,15861.85,58810.98
600600.SH,2008-02-21,36.49,36.5,35.8,36.15,12657.3,45632.0
600600.SH,2008-02-22,35.88,35.88,34.5,34.97,17449.79,61022.19
600600.SH,2008-02-25,34.92,35.0,33.0,33.71,26749.06,90043.65
600600.SH,2008-02-26,34.0,34.92,31.51,32.95,11797.58,39302.22
600600.SH,2008-02-27,33.05,34.16,33.01,34.14,7845.97,26528.75
600600.SH,2008-02-28,34.3,35.0,33.82,34.19,7049.87,24258.67
600600.SH,2008-02-29,34.18,34.96,33.85,34.41,8215.47,28147.06
600600.SH,2008-03-03,34.0,35.5,33.7,35.46,16958.07,59236.05
600600.SH,2008-03-04,35.73,35.73,35.01,35.5,28240.65,99782.35
600600.SH,2008-03-05,35.45,36.2,34.81,35.58,25687.1,91836.22
600600.SH,2008-03-06,35.6,36.2,35.0,35.96,20352.52,72728.17
600600.SH,2008-03-07,35.85,35.85,34.71,35.5,14572.98,51140.08
600600.SH,2008-03-10,34.8,34.9,32.61,33.0,16759.8,55788.69
600600.SH,2008-03-11,32.5,32.57,31.52,32.53,15391.73,49235.26
600600.SH,2008-03-12,33.2,33.5,30.8,30.88,18030.83,56626.7
600600.SH,2008-03-13,30.85,30.85,28.7,28.89,30655.38,89679.07
600600.SH,2008-03-14,28.5,30.2,28.5,29.45,16992.26,49893.66
600600.SH,2008-03-18,27.4,28.49,26.51,26.54,45147.19,120535.33
600600.SH,2008-03-19,26.91,27.5,25.28,25.9,121537.45,317554.38
600600.SH,2008-03-20,25.65,27.18,23.68,26.15,126436.34,326253.19
600600.SH,2008-03-21,26.39,28.48,26.38,27.94,72088.6,200380.09
600600.SH,2008-03-24,28.41,28.7,26.6,26.74,40452.48,111798.56
600600.SH,2008-03-25,25.86,27.19,25.31,26.98,30255.92,79473.33
600600.SH,2008-03-26,27.1,28.0,26.18,26.73,44277.23,119869.61
600600.SH,2008-03-27,26.3,26.3,25.2,25.3,45029.89,114952.22
600600.SH,2008-03-28,24.99,26.7,24.49,26.49,28576.72,73295.71
600600.SH,2008-03-31,26.9,27.2,24.3,25.6,13621.07,34995.65
600600.SH,2008-04-01,25.62,25.99,24.2,24.34,37427.67,91951.86
600600.SH,2008-04-03,23.03,24.2,22.9,24.17,51936.69,121873.34
600600.SH,2008-04-07,23.86,26.18,23.4,26.05,35764.7,90570.9
600600.SH,2008-04-08,26.11,26.4,25.67,26.33,27330.79,71368.42
600600.SH,2008-04-09,26.0,26.65,24.85,24.9,24646.81,63418.4
600600.SH,2008-04-10,24.66,25.3,24.22,25.18,19095.73,47515.15
600600.SH,2008-04-11,25.59,25.85,24.99,25.45,16795.49,42663.47
600600.SH,2008-04-14,24.98,24.98,23.8,23.81,27598.77,66941.87
600600.SH,2008-04-15,23.81,24.25,23.0,24.11,30520.56,72153.35
600600.SH,2008-04-16,23.5,24.19,23.4,23.68,24579.1,58435.64
600600.SH,2008-04-17,23.8,23.95,22.89,22.92,15738.98,36355.73
600600.SH,2008-04-18,22.9,22.9,21.46,21.83,30702.83,66848.47
600600.SH,2008-04-21,24.0,24.0,21.51,22.02,29183.58,65506.31
600600.SH,2008-04-22,20.03,22.65,20.03,22.39,13126.26,28301.8
600600.SH,2008-04-23,22.4,23.45,22.0,23.2,11950.61,27329.89
600600.SH,2008-04-24,25.3,25.52,24.61,25.52,75325.39,188933.58
600600.SH,2008-04-25,25.5,26.8,24.82,26.03,39273.94,102343.62
600600.SH,2008-04-28,26.03,26.48,25.4,26.02,19855.02,51702.84
600600.SH,2008-04-29,26.0,26.74,25.95,26.47,14438.45,38079.82
600600.SH,2008-04-30,26.74,28.05,26.74,28.04,37735.39,104342.14
600600.SH,2008-05-05,28.58,29.9,28.57,29.73,49617.09,145093.8
600600.SH,2008-05-06,29.5,29.95,28.5,29.22,35678.85,104547.66
600600.SH,2008-05-07,29.24,29.59,27.0,27.35,36755.76,104363.13
600600.SH,2008-05-08,26.71,28.78,26.65,28.57,21150.19,58760.09
600600.SH,2008-05-09,28.81,29.13,28.01,28.45,19819.22,56716.46
600600.SH,2008-05-12,28.15,29.48,27.3,28.91,21059.13,60115.33
600600.SH,2008-05-13,27.99,28.8,27.7,28.2,30640.59,86281.23
600600.SH,2008-05-14,28.0,30.5,27.95,30.22,42866.5,125643.2
600600.SH,2008-05-15,30.23,30.48,29.51,29.54,26504.96,79177.67
600600.SH,2008-05-16,29.48,29.8,28.6,28.87,13957.55,40597.56
600600.SH,2008-05-19,28.58,29.1,28.5,28.69,7820.49,22518.41
600600.SH,2008-05-20,28.65,28.95,27.0,27.13,16539.81,45989.18
600600.SH,2008-05-21,27.08,28.1,25.7,27.71,18354.96,49199.29
600600.SH,2008-05-22,27.5,27.75,26.6,26.69,8844.79,23977.94
600600.SH,2008-05-23,26.68,27.55,26.02,27.2,15912.19,42967.47
600600.SH,2008-05-26,26.86,27.0,26.35,26.49,7784.43,20716.99
600600.SH,2008-05-27,26.18,26.49,25.28,25.33,35288.91,89913.17
600600.SH,2008-05-28,25.35,26.0,24.9,25.96,19210.01,49209.56
600600.SH,2008-05-29,25.8,25.86,24.8,25.06,22088.97,55731.6
600600.SH,2008-05-30,25.2,25.35,24.85,25.11,16092.48,40264.28
600600.SH,2008-06-02,25.16,25.85,25.1,25.35,10435.82,26566.92
600600.SH,2008-06-03,25.45,25.63,25.0,25.27,11709.45,29563.86
600600.SH,2008-06-04,25.4,25.5,24.52,24.95,15629.86,38814.12
600600.SH,2008-06-05,24.94,24.94,24.2,24.51,12105.84,29658.81
600600.SH,2008-06-06,24.51,24.9,24.41,24.69,9583.71,23659.28
600600.SH,2008-06-11,22.22,22.88,22.22,22.45,43874.84,98277.92
600600.SH,2008-06-12,22.29,22.38,21.61,22.25,20995.85,46162.58
600600.SH,2008-06-13,22.25,22.27,20.78,21.18,22629.3,47756.05
600600.SH,2008-06-16,21.18,21.18,19.58,20.22,17850.02,35942.72
600600.SH,2008-06-17,20.2,20.6,19.55,19.84,13098.29,26242.83
600600.SH,2008-06-18,19.88,21.25,19.23,20.88,19344.66,39731.65
600600.SH,2008-06-19,20.7,20.7,18.8,19.4,18560.06,36525.97
600600.SH,2008-06-20,19.4,20.5,18.53,19.69,30572.58,60975.07
600600.SH,2008-06-23,19.58,20.0,18.58,18.85,14368.82,27425.6
600600.SH,2008-06-24,19.39,19.56,18.6,19.3,19482.95,37479.57
600600.SH,2008-06-25,19.1,21.21,18.91,21.08,35257.34,72620.09
600600.SH,2008-06-26,21.09,21.4,20.6,20.99,23489.58,49313.17
600600.SH,2008-06-27,20.0,20.3,19.0,19.74,19533.81,38591.53
600600.SH,2008-06-30,19.68,20.58,19.51,20.08,15718.38,31488.56
600600.SH,2008-07-01,19.9,20.15,19.29,19.65,12235.03,24051.51
600600.SH,2008-07-02,19.75,20.2,19.21,20.05,15088.76,30031.39
600600.SH,2008-07-03,19.9,22.03,19.5,21.72,32513.01,68151.08
600600.SH,2008-07-04,21.56,22.8,21.32,22.66,52259.88,116445.05
600600.SH,2008-07-07,22.63,24.0,22.63,23.5,61884.89,145947.06
600600.SH,2008-07-08,23.45,24.2,23.19,23.61,66451.84,157375.66
600600.SH,2008-07-09,23.68,24.35,23.52,23.77,55793.16,133823.91
600600.SH,2008-07-10,23.6,24.38,23.28,23.35,68343.41,162985.37
600600.SH,2008-07-11,23.13,23.97,22.51,23.28,28005.33,64746.83
600600.SH,2008-07-14,23.0,23.75,22.85,23.74,16776.18,39295.15
600600.SH,2008-07-15,23.98,24.3,23.35,23.99,36601.92,87479.51
600600.SH,2008-07-16,23.8,24.2,22.68,23.89,49514.19,116483.58
600600.SH,2008-07-17,24.12,25.1,23.7,23.84,51795.87,127344.62
600600.SH,2008-07-18,23.84,24.15,21.96,23.75,44707.4,101794.03
600600.SH,2008-07-21,23.56,24.43,22.8,24.37,46894.56,112038.6
600600.SH,2008-07-22,24.5,24.85,23.96,24.13,40851.64,99723.02
600600.SH,2008-07-23,24.51,24.7,23.46,23.81,37007.43,88138.55
600600.SH,2008-07-24,24.0,24.5,23.28,24.33,39664.19,94929.91
600600.SH,2008-07-25,24.0,25.3,23.52,25.05,54415.68,135109.38
600600.SH,2008-07-28,25.25,25.69,23.99,24.84,78144.53,193345.94
600600.SH,2008-07-29,24.19,24.34,23.57,24.09,27848.66,66685.43
600600.SH,2008-07-30,24.48,24.51,23.5,23.87,26934.37,64280.38
600600.SH,2008-07-31,23.52,24.08,23.52,23.66,58062.4,138998.39
600600.SH,2008-08-01,23.15,24.2,23.12,24.18,38359.85,90762.39
600600.SH,2008-08-04,24.16,24.49,23.71,23.96,22710.95,54909.66
600600.SH,2008-08-05,23.96,24.17,23.5,23.68,9528.04,22548.39
600600.SH,2008-08-06,23.81,24.19,23.66,23.9,15265.17,36429.51
600600.SH,2008-08-07,24.2,24.99,23.92,24.94,60868.77,150058.87
600600.SH,2008-08-08,25.0,25.06,22.45,22.45,38372.04,92461.65
600600.SH,2008-08-11,22.0,22.0,20.38,20.52,48215.98,99485.85
600600.SH,2008-08-12,20.4,21.59,19.01,21.34,15843.2,31879.34
600600.SH,2008-08-13,20.99,21.5,20.54,21.13,12083.63,25314.7
600600.SH,2008-08-14,21.13,21.4,20.65,20.7,6555.0,13722.85
600600.SH,2008-08-15,20.71,20.98,20.48,20.82,6832.9,14166.01
600600.SH,2008-08-18,20.7,20.82,19.2,20.02,19130.8,37951.36
600600.SH,2008-08-19,19.6,20.25,19.6,19.97,6637.45,13250.59
600600.SH,2008-08-20,19.97,21.45,19.4,21.38,20140.88,42003.19
600600.SH,2008-08-21,20.8,21.38,20.68,21.09,14676.16,30794.31
600600.SH,2008-08-22,21.58,21.58,20.75,21.17,16195.61,34082.24
600600.SH,2008-08-25,21.45,21.66,21.3,21.56,10479.5,22570.22
600600.SH,2008-08-26,20.78,21.33,20.0,20.4,10541.49,21838.84
600600.SH,2008-08-27,20.82,20.82,19.1,19.96,14794.68,29320.03
600600.SH,2008-08-28,20.0,20.2,19.51,19.92,3143.99,6258.57
600600.SH,2008-08-29,19.94,20.54,19.85,20.41,12268.05,24838.23
600600.SH,2008-09-01,20.5,20.5,19.71,19.8,5151.39,10232.33
600600.SH,2008-09-02,19.53,19.98,19.31,19.72,2114.5,4147.04
600600.SH,2008-09-03,19.7,20.0,18.9,19.76,15331.56,29592.44
600600.SH,2008-09-04,19.74,19.74,17.78,17.91,54931.31,99343.18
600600.SH,2008-09-05,17.65,17.65,16.5,17.0,27008.61,45894.52
600600.SH,2008-09-08,17.0,17.05,16.5,16.81,18176.31,30353.33
600600.SH,2008-09-09,17.1,17.1,16.57,16.94,25689.48,42768.07
600600.SH,2008-09-10,16.9,17.05,15.96,16.81,47076.12,77786.02
600600.SH,2008-09-11,16.49,16.75,16.0,16.7,24794.18,40777.76
600600.SH,2008-09-12,16.7,17.04,16.5,16.85,7325.02,12298.05
600600.SH,2008-09-16,16.74,17.06,16.0,16.71,10808.07,18091.3
600600.SH,2008-09-17,16.55,16.8,15.71,15.86,11609.41,18725.8
600600.SH,2008-09-18,15.79,15.87,14.58,15.77,13299.8,20058.07
600600.SH,2008-09-19,17.0,17.35,16.98,17.35,43195.91,74786.89
600600.SH,2008-09-22,18.2,18.89,16.7,17.24,58328.36,101873.72
600600.SH,2008-09-23,16.8,16.81,15.52,15.52,80890.99,126510.23
600600.SH,2008-09-24,14.76,15.46,14.4,15.16,38374.07,57663.59
600600.SH,2008-09-25,15.5,15.99,15.5,15.89,75079.0,118704.62
600600.SH,2008-09-26,16.35,17.2,16.32,16.83,52464.39,88172.99
600600.SH,2008-10-06,16.7,16.7,15.65,16.01,21131.93,33840.51
600600.SH,2008-10-07,15.4,16.55,14.98,16.4,20227.87,32220.91
600600.SH,2008-10-08,16.0,16.78,15.7,16.74,47767.21,79042.1
600600.SH,2008-10-09,16.9,17.15,16.4,16.49,20186.77,34159.92
600600.SH,2008-10-10,16.11,16.3,15.6,16.22,13628.49,21849.69
600600.SH,2008-10-13,16.2,16.4,15.73,16.4,23292.51,37515.17
600600.SH,2008-10-14,16.76,17.1,16.2,16.25,14292.78,24127.05
600600.SH,2008-10-15,16.0,16.6,15.84,16.33,11437.5,18794.32
600600.SH,2008-10-16,16.0,16.2,15.75,15.77,13018.43,20820.18
600600.SH,2008-10-17,16.0,16.16,15.5,15.86,4821.02,7606.78
600600.SH,2008-10-20,15.86,16.28,15.65,16.25,6923.93,11102.45
600600.SH,2008-10-21,16.3,16.6,16.26,16.29,7456.52,12205.96
600600.SH,2008-10-22,16.0,16.56,15.85,16.4,12601.82,20637.82
600600.SH,2008-10-23,16.0,16.55,16.0,16.49,18398.77,30221.89
600600.SH,2008-10-24,16.49,16.62,16.4,16.6,6702.29,11057.42
600600.SH,2008-10-27,16.5,16.5,15.5,15.85,19990.62,31906.25
600600.SH,2008-10-28,15.79,16.22,15.38,16.19,4502.02,7199.77
600600.SH,2008-10-29,16.2,16.25,16.06,16.12,7497.2,12124.64
600600.SH,2008-10-30,16.2,16.4,15.7,16.36,10879.91,17500.18
600600.SH,2008-10-31,16.36,17.0,15.9,16.38,12229.01,20102.78
600600.SH,2008-11-03,16.47,16.47,15.66,15.72,10440.41,16653.94
600600.SH,2008-11-04,15.73,16.0,15.5,15.87,7354.2,11624.56
600600.SH,2008-11-05,15.87,16.24,15.76,16.2,8920.13,14384.23
600600.SH,2008-11-06,15.84,16.24,15.8,16.19,7223.3,11599.95
600600.SH,2008-11-07,16.0,16.3,15.85,16.28,6056.52,9764.21
600600.SH,2008-11-10,16.62,17.1,15.9,17.04,82238.44,134140.85
600600.SH,2008-11-11,16.6,16.8,16.1,16.5,74356.2,122200.64
600600.SH,2008-11-12,16.19,16.75,16.15,16.42,42033.03,69522.54
600600.SH,2008-11-13,16.39,17.15,16.15,16.73,59487.46,99016.62
600600.SH,2008-11-14,16.71,18.38,16.71,18.18,56603.28,100463.2
600600.SH,2008-11-17,18.23,18.79,17.73,18.28,36755.59,66926.27
600600.SH,2008-11-18,18.17,18.3,17.01,17.22,38300.02,67223.78
600600.SH,2008-11-19,17.0,18.0,16.56,17.93,50934.83,88529.56
600600.SH,2008-11-20,17.48,19.0,17.31,17.8,51760.34,94175.75
600600.SH,2008-11-21,17.35,18.15,16.9,17.79,38019.49,66358.63
600600.SH,2008-11-24,17.81,18.65,17.75,17.83,48932.5,88737.67
600600.SH,2008-11-25,18.18,18.36,17.68,18.0,33262.28,60078.92
600600.SH,2008-11-26,18.08,18.08,17.53,17.65,16134.0,28647.39
600600.SH,2008-11-27,18.55,18.85,17.9,18.11,54126.79,98948.83
600600.SH,2008-11-28,18.14,18.26,17.22,17.49,31598.14,55933.19
600600.SH,2008-12-01,17.49,18.02,17.28,17.86,18332.49,32581.41
600600.SH,2008-12-02,17.53,18.65,17.5,18.6,50722.88,93083.9
600600.SH,2008-12-03,18.68,20.0,18.5,19.43,50526.21,97708.94
600600.SH,2008-12-04,19.69,20.19,19.4,19.43,36920.76,73189.99
600600.SH,2008-12-05,19.28,19.78,19.2,19.59,10923.69,21253.59
600600.SH,2008-12-08,19.59,20.9,19.59,20.37,23518.18,47803.81
600600.SH,2008-12-09,20.4,20.4,19.9,19.93,22369.89,44752.7
600600.SH,2008-12-10,19.9,20.3,19.6,20.2,21001.73,42156.04
600600.SH,2008-12-11,20.0,20.3,19.96,19.97,7789.89,15638.75
600600.SH,2008-12-12,19.94,20.05,19.0,19.41,16292.27,32183.03
600600.SH,2008-12-15,19.71,19.9,19.22,19.36,3651.63,7148.18
600600.SH,2008-12-16,19.36,19.65,18.73,19.61,9635.43,18398.15
600600.SH,2008-12-17,19.65,20.06,19.5,19.88,8091.64,16046.53
600600.SH,2008-12-18,20.0,20.08,19.79,19.97,7779.3,15530.53
600600.SH,2008-12-19,20.59,20.82,20.01,20.44,16900.55,34818.24
600600.SH,2008-12-22,20.38,20.88,20.38,20.53,13561.72,27999.85
600600.SH,2008-12-23,20.6,20.72,20.0,20.05,11978.69,24288.89
600600.SH,2008-12-24,20.0,20.0,19.2,19.47,6180.85,12239.06
600600.SH,2008-12-25,19.33,20.02,19.33,19.82,11563.44,22679.39
600600.SH,2008-12-26,20.0,20.05,19.61,19.89,7109.85,14162.49
600600.SH,2008-12-29,19.9,19.95,19.22,19.93,4299.51,8439.15
600600.SH,2008-12-30,19.91,20.33,19.61,19.9,7017.98,14056.87
600600.SH,2009-01-05,20.0,20.54,20.0,20.37,10695.47,21797.49
600600.SH,2009-01-06,20.5,20.52,20.0,20.51,13807.01,28072.83
600600.SH,2009-01-07,20.47,20.49,19.62,19.91,19959.24,39727.55
600600.SH,2009-01-08,19.52,19.7,19.41,19.43,11015.18,21480.86
600600.SH,2009-01-09,19.45,19.68,19.05,19.11,30490.87,58697.82
600600.SH,2009-01-12,19.19,19.2,18.88,18.96,32996.85,62666.12
600600.SH,2009-01-13,18.79,18.79,18.3,18.31,52648.65,97181.47
600600.SH,2009-01-14,18.33,18.78,18.0,18.4,54943.23,101078.11
600600.SH,2009-01-15,18.5,18.87,18.33,18.65,65720.74,122059.13
600600.SH,2009-01-16,18.7,19.29,18.53,18.89,59229.82,111935.76
600600.SH,2009-01-19,19.0,19.25,18.4,18.6,64603.34,121258.64
600600.SH,2009-01-20,18.63,18.79,18.39,18.6,32529.13,60323.3
600600.SH,2009-01-21,18.55,18.65,18.16,18.2,33894.41,62435.03
600600.SH,2009-01-22,18.22,18.38,17.99,18.35,40510.17,73525.72
600600.SH,2009-01-23,18.28,18.49,18.03,18.44,23845.01,43668.28
600600.SH,2009-02-02,18.6,19.15,18.47,19.05,43823.11,82582.16
600600.SH,2009-02-03,19.0,19.1,18.66,19.08,79809.04,150025.13
600600.SH,2009-02-04,19.04,19.08,18.8,19.0,61269.12,115927.0
600600.SH,2009-02-05,19.0,19.19,18.7,18.91,55407.96,105352.11
600600.SH,2009-02-06,18.92,19.77,18.92,19.71,87994.97,170340.47
600600.SH,2009-02-09,20.0,20.4,19.76,20.35,96492.48,193017.17
600600.SH,2009-02-10,20.3,20.3,19.82,20.15,43050.2,86046.29
600600.SH,2009-02-11,19.95,21.5,19.88,20.9,79747.54,164592.0
600600.SH,2009-02-12,20.9,22.1,20.7,21.8,108426.52,234615.26
600600.SH,2009-02-13,21.7,22.46,21.52,22.27,57697.44,126480.27
600600.SH,2009-02-16,22.6,22.65,21.78,22.08,35707.33,78678.9
600600.SH,2009-02-17,22.2,22.2,21.15,21.5,65795.41,141463.77
600600.SH,2009-02-18,21.0,21.8,20.9,21.1,51735.57,110215.31
600600.SH,2009-02-19,21.3,21.39,20.8,21.13,17763.29,37538.58
600600.SH,2009-02-20,21.13,21.83,20.86,21.68,20040.39,42647.61
600600.SH,2009-02-23,21.41,22.1,21.03,21.85,38810.11,83655.89
600600.SH,2009-02-24,21.77,21.77,20.35,20.6,51762.62,108139.37
600600.SH,2009-02-25,20.61,20.92,19.41,19.98,40192.37,80615.01
600600.SH,2009-02-26,19.84,20.45,19.0,19.21,46852.61,93958.14
600600.SH,2009-02-27,19.2,19.99,18.59,18.9,99109.81,192256.88
600600.SH,2009-03-02,18.98,19.49,18.98,19.4,21441.13,41421.25
600600.SH,2009-03-03,19.3,19.45,18.88,19.39,15677.73,30145.09
600600.SH,2009-03-04,19.4,20.25,19.28,20.2,33222.75,66187.61
600600.SH,2009-03-05,20.5,20.51,19.6,20.0,34705.92,69332.88
600600.SH,2009-03-06,19.85,20.13,19.6,19.91,30328.55,59961.12
600600.SH,2009-03-09,20.0,20.07,19.15,19.48,12956.95,25437.96
600600.SH,2009-03-10,19.45,20.0,19.11,19.78,23147.46,45738.48
600600.SH,2009-03-11,19.99,20.1,19.7,19.71,9290.75,18413.12
600600.SH,2009-03-12,19.67,19.92,19.45,19.86,17248.79,33958.6
600600.SH,2009-03-13,20.0,20.15,19.86,20.03,26513.01,53220.53
600600.SH,2009-03-16,20.48,20.48,19.86,20.15,10691.24,21539.22
600600.SH,2009-03-17,20.39,20.5,20.02,20.42,31295.93,63361.57
600600.SH,2009-03-18,20.43,20.64,20.26,20.42,28032.25,57372.14
600600.SH,2009-03-19,20.49,20.79,20.4,20.69,16043.99,33061.08
600600.SH,2009-03-20,20.67,20.76,20.28,20.67,19619.1,40240.83
600600.SH,2009-03-23,20.61,20.98,20.5,20.91,24438.1,50805.65
600600.SH,2009-03-24,21.3,21.4,20.76,20.9,19799.97,41559.3
600600.SH,2009-03-25,20.8,20.8,20.2,20.26,17421.1,35725.13
600600.SH,2009-03-26,20.21,20.58,19.96,20.51,21897.84,44265.41
600600.SH,2009-03-27,20.8,20.86,20.41,20.53,20058.76,41433.85
600600.SH,2009-03-30,20.53,20.8,20.35,20.53,11143.86,22913.93
600600.SH,2009-03-31,20.38,20.64,20.05,20.59,10538.16,21480.99
600600.SH,2009-04-01,20.62,21.26,20.62,21.13,25192.48,53034.53
600600.SH,2009-04-02,21.15,21.85,21.15,21.32,23023.91,49655.59
600600.SH,2009-04-03,21.35,21.6,20.92,21.55,28515.67,60485.85
600600.SH,2009-04-07,21.55,21.76,21.34,21.6,17122.29,36871.63
600600.SH,2009-04-08,21.55,21.55,20.86,20.94,22895.99,48422.89
600600.SH,2009-04-09,20.92,22.58,20.74,22.5,95071.15,206822.52
600600.SH,2009-04-10,22.6,22.85,22.1,22.76,49730.22,111877.04
600600.SH,2009-04-13,22.65,23.53,22.65,23.17,63790.74,147241.2
600600.SH,2009-04-14,23.22,24.14,22.83,23.51,53614.59,127067.01
600600.SH,2009-04-15,23.3,25.15,23.3,24.32,44492.65,106768.63
600600.SH,2009-04-16,24.42,25.2,24.42,24.65,67944.4,168858.37
600600.SH,2009-04-17,24.0,25.56,24.0,25.3,64127.53,161317.48
600600.SH,2009-04-20,25.05,25.72,24.3,25.19,42503.46,105822.26
600600.SH,2009-04-21,24.89,25.43,24.15,24.89,31339.17,77445.0
600600.SH,2009-04-22,24.93,25.0,24.2,24.34,22055.44,54005.09
600600.SH,2009-04-23,24.18,24.55,24.02,24.52,11746.84,28570.01
600600.SH,2009-04-24,24.6,25.88,24.41,24.75,31401.5,78424.4
600600.SH,2009-04-27,24.75,24.8,23.68,23.81,52374.4,125425.51
600600.SH,2009-04-28,23.61,23.7,23.12,23.32,22766.44,53029.64
600600.SH,2009-04-29,23.3,24.3,23.1,23.92,23385.58,55942.12
600600.SH,2009-04-30,24.1,24.65,24.1,24.13,28413.1,69120.4
600600.SH,2009-05-04,24.5,25.03,24.27,24.7,35540.95,87938.87
600600.SH,2009-05-05,24.51,24.85,24.2,24.45,25165.48,61656.22
600600.SH,2009-05-06,24.41,24.9,24.2,24.89,26910.56,66382.1
600600.SH,2009-05-07,25.54,27.35,25.28,26.27,74373.41,193953.29
600600.SH,2009-05-08,25.8,26.5,25.01,25.66,32695.28,83462.01
600600.SH,2009-05-11,25.75,25.87,24.88,25.24,28572.89,72572.78
600600.SH,2009-05-12,25.2,25.48,24.9,25.16,22914.88,57472.78
600600.SH,2009-05-13,25.2,25.87,24.99,25.24,32404.34,82196.08
600600.SH,2009-05-14,25.2,25.2,24.48,24.93,32605.28,80639.35
600600.SH,2009-05-15,24.88,25.03,24.49,24.73,28558.45,70328.25
600600.SH,2009-05-18,24.68,24.99,24.4,24.86,21611.48,53407.16
600600.SH,2009-05-19,24.88,25.37,24.8,24.94,27265.85,68340.09
600600.SH,2009-05-20,25.1,25.1,24.6,24.62,15714.26,38837.7
600600.SH,2009-05-21,24.62,24.62,23.48,23.7,52312.16,124147.57
600600.SH,2009-05-22,23.6,24.1,23.41,23.65,29324.46,69436.31
600600.SH,2009-05-25,23.68,23.93,23.29,23.86,23871.96,56265.31
600600.SH,2009-05-26,23.97,24.4,23.97,24.07,19340.01,46794.12
600600.SH,2009-05-27,24.31,24.33,24.04,24.27,15503.15,37520.45
600600.SH,2009-06-01,24.32,24.58,24.21,24.55,29674.78,72292.11
600600.SH,2009-06-02,24.75,25.29,24.58,25.04,42646.4,106762.52
600600.SH,2009-06-03,25.1,25.16,24.83,25.06,26641.46,66570.21
600600.SH,2009-06-04,25.06,25.7,24.7,25.46,52903.58,133530.09
600600.SH,2009-06-05,26.0,26.0,25.2,25.83,55080.01,141269.33
600600.SH,2009-06-08,26.05,26.29,25.6,25.66,39173.73,101758.13
600600.SH,2009-06-09,25.6,26.85,24.94,26.81,74837.94,195354.09
600600.SH,2009-06-10,26.81,27.25,26.31,27.01,61086.05,164923.4
600600.SH,2009-06-11,27.0,27.12,26.13,26.68,35319.3,93861.16
600600.SH,2009-06-12,26.7,26.7,25.28,25.51,38602.41,99775.42
600600.SH,2009-06-15,25.51,26.4,25.5,26.09,20033.52,51951.0
600600.SH,2009-06-17,26.11,26.6,25.8,26.24,22864.49,59886.3
600600.SH,2009-06-18,26.11,26.56,26.08,26.52,25855.13,68435.04
600600.SH,2009-06-19,26.52,27.3,26.52,26.82,26707.66,71975.81
600600.SH,2009-06-22,26.87,27.85,26.87,27.13,36682.88,100796.66
600600.SH,2009-06-23,27.06,27.36,26.5,26.89,25423.67,68321.17
600600.SH,2009-06-24,26.88,27.35,26.61,27.23,19098.49,51672.43
600600.SH,2009-06-25,27.25,27.45,26.7,26.84,24293.63,65201.28
600600.SH,2009-06-26,26.99,26.99,26.45,26.55,20866.88,55458.47
600600.SH,2009-06-29,26.55,27.05,26.5,26.6,30524.02,81534.44
600600.SH,2009-06-30,26.85,27.13,26.5,26.59,21106.04,56353.31
600600.SH,2009-07-01,26.55,26.98,26.51,26.72,18142.61,48402.66
600600.SH,2009-07-02,26.89,27.23,26.7,27.08,35117.13,94732.62
600600.SH,2009-07-03,27.1,28.5,27.0,27.98,44771.94,124871.49
600600.SH,2009-07-06,27.98,28.0,27.17,27.71,76075.1,209590.77
600600.SH,2009-07-07,27.72,28.2,27.45,28.01,46548.87,130058.61
600600.SH,2009-07-08,27.9,28.39,27.62,27.96,26319.54,73899.32
600600.SH,2009-07-09,27.96,29.2,27.8,29.04,83269.03,239629.9
600600.SH,2009-07-10,29.25,29.8,29.2,29.32,35034.79,103397.46
600600.SH,2009-07-13,29.2,29.9,29.19,29.44,51398.87,152457.63
600600.SH,2009-07-14,29.8,29.96,29.1,29.55,60518.94,177814.66
600600.SH,2009-07-15,29.8,29.9,29.25,29.39,50693.73,149290.49
600600.SH,2009-07-16,29.49,29.5,28.7,28.95,59325.42,171134.54
600600.SH,2009-07-17,28.9,29.09,28.22,28.52,36558.69,104520.24
600600.SH,2009-07-20,28.64,28.78,28.45,28.7,82772.54,236321.25
600600.SH,2009-07-21,28.7,28.98,28.49,28.63,60346.69,173355.51
600600.SH,2009-07-22,28.5,28.76,28.29,28.66,40062.38,114636.56
600600.SH,2009-07-23,29.05,29.05,28.25,28.61,58013.48,164937.7
600600.SH,2009-07-24,28.76,28.85,28.35,28.64,53026.37,151811.93
600600.SH,2009-07-27,28.51,28.62,28.31,28.6,28673.77,81634.49
600600.SH,2009-07-28,28.62,28.84,28.4,28.6,53071.83,151886.05
600600.SH,2009-07-29,28.66,28.8,26.0,26.94,59536.27,165708.16
600600.SH,2009-07-30,26.94,27.6,26.6,27.18,37981.53,102794.76
600600.SH,2009-07-31,27.4,27.7,27.08,27.68,37187.34,101657.02
600600.SH,2009-08-03,27.7,27.88,27.51,27.84,45507.17,125960.47
600600.SH,2009-08-04,28.0,28.0,27.1,27.71,59115.6,162365.19
600600.SH,2009-08-05,27.67,28.68,27.4,28.65,79751.11,223752.91
600600.SH,2009-08-06,28.45,28.66,27.85,28.48,49026.8,138551.16
600600.SH,2009-08-07,28.7,29.0,28.18,28.72,88083.85,252710.66
600600.SH,2009-08-10,28.8,29.96,28.44,28.99,108915.68,317905.66
600600.SH,2009-08-11,29.05,30.0,28.81,29.82,93335.45,275486.14
600600.SH,2009-08-12,29.84,29.9,27.88,28.05,68060.14,195541.24
600600.SH,2009-08-13,27.9,28.31,27.21,28.13,44096.22,123320.87
600600.SH,2009-08-14,28.18,28.28,27.01,27.21,42768.88,117709.43
600600.SH,2009-08-17,27.0,27.6,26.05,26.45,40381.73,108910.81
600600.SH,2009-08-18,26.3,26.79,26.06,26.72,19125.9,50620.91
600600.SH,2009-08-19,26.72,27.52,26.51,27.16,59901.71,161943.09
600600.SH,2009-08-20,26.6,27.8,26.6,27.57,37105.45,102038.78
600600.SH,2009-08-21,27.5,27.99,26.98,27.8,30863.35,84825.01
600600.SH,2009-08-24,27.8,28.31,27.5,28.16,34657.56,97328.19
600600.SH,2009-08-25,28.16,29.48,27.8,28.26,53635.19,153518.75
600600.SH,2009-08-26,28.09,28.87,28.03,28.65,35674.67,101921.79
600600.SH,2009-08-27,28.67,29.52,28.32,29.31,55673.61,161876.33
600600.SH,2009-08-28,29.3,29.5,28.6,28.66,35592.9,103270.55
600600.SH,2009-08-31,28.4,28.4,27.27,27.49,49579.74,137188.8
600600.SH,2009-09-01,27.66,28.1,27.38,28.06,32058.79,89477.2
600600.SH,2009-09-02,27.88,28.25,27.56,27.98,25874.76,72213.24
600600.SH,2009-09-03,28.19,29.02,27.81,29.0,30444.59,87255.58
600600.SH,2009-09-04,29.14,29.28,28.78,28.84,26392.23,76563.15
600600.SH,2009-09-07,28.88,30.16,28.88,29.96,59509.73,176765.86
600600.SH,2009-09-08,29.96,30.65,29.5,30.31,39769.33,120258.57
600600.SH,2009-09-09,30.02,30.39,29.63,29.98,22609.66,67571.29
600600.SH,2009-09-10,29.98,29.98,29.01,29.56,17268.87,50805.64
600600.SH,2009-09-11,29.5,29.95,29.13,29.7,15042.84,44661.28
600600.SH,2009-09-14,29.89,30.25,29.48,30.19,19098.11,57086.15
600600.SH,2009-09-15,30.2,30.3,29.58,30.24,24019.2,71698.46
600600.SH,2009-09-16,29.91,30.3,29.2,29.22,34383.54,101361.48
600600.SH,2009-09-17,29.26,29.85,29.18,29.76,43016.31,126591.71
600600.SH,2009-09-18,29.74,30.6,29.18,29.88,45797.36,137290.49
600600.SH,2009-09-21,29.75,29.87,28.59,29.73,36078.83,105343.69
600600.SH,2009-09-22,29.44,30.66,29.39,30.24,53163.23,160506.1
600600.SH,2009-09-23,29.93,30.75,29.6,30.29,35551.25,107745.3
600600.SH,2009-09-24,30.35,30.35,29.25,29.29,28903.6,85892.0
600600.SH,2009-09-25,29.3,29.88,28.88,29.44,37379.67,109143.99
600600.SH,2009-09-28,29.5,29.75,28.02,28.59,19741.71,57109.96
600600.SH,2009-09-29,28.65,28.69,27.66,27.79,26912.47,75761.23
600600.SH,2009-09-30,28.01,30.1,28.01,29.42,42465.45,124332.48
600600.SH,2009-10-09,29.99,30.06,29.3,29.88,42604.05,127048.86
600600.SH,2009-10-12,30.67,31.3,29.83,29.94,75627.25,230025.18
600600.SH,2009-10-13,30.0,30.0,28.85,29.01,58666.41,171088.59
600600.SH,2009-10-14,28.51,29.35,28.51,28.75,91493.97,264797.73
600600.SH,2009-10-15,28.71,29.01,28.48,28.56,84538.93,242646.58
600600.SH,2009-10-16,28.5,28.68,27.97,28.3,75729.14,213727.92
600600.SH,2009-10-19,28.1,28.93,27.8,28.66,144311.21,411740.09
600600.SH,2009-10-20,28.58,29.65,28.37,29.62,139731.52,406325.84
600600.SH,2009-10-21,29.6,29.6,28.95,29.12,62588.79,182884.34
600600.SH,2009-10-22,29.0,29.18,28.65,29.12,45419.87,131085.15
600600.SH,2009-10-23,29.1,29.75,29.01,29.38,65267.83,192107.77
600600.SH,2009-10-26,29.46,30.5,29.21,30.31,99955.57,301270.55
600600.SH,2009-10-27,30.3,30.64,29.71,30.02,56881.17,171638.75
600600.SH,2009-10-28,29.99,31.1,29.9,30.96,79224.93,241584.57
600600.SH,2009-10-29,30.5,31.5,30.38,30.55,59793.09,184619.25
600600.SH,2009-10-30,31.11,32.6,31.11,32.13,104643.95,335629.19
600600.SH,2009-11-03,33.15,33.38,32.33,32.42,81350.16,268138.24
600600.SH,2009-11-04,32.3,35.1,32.3,34.7,81268.08,276868.31
600600.SH,2009-11-05,34.59,35.17,34.2,34.86,34096.01,118154.41
600600.SH,2009-11-06,34.89,35.85,34.11,34.28,51228.51,177422.09
600600.SH,2009-11-09,34.26,34.64,33.41,34.23,31088.0,105636.42
600600.SH,2009-11-10,34.21,35.24,34.21,34.67,42920.6,149492.97
600600.SH,2009-11-11,34.91,35.0,34.2,34.67,24387.64,84152.76
600600.SH,2009-11-12,34.67,36.15,34.65,35.05,61557.92,218363.48
600600.SH,2009-11-13,35.85,36.38,35.2,36.25,49135.53,176393.78
600600.SH,2009-11-16,36.6,36.9,35.73,35.97,61328.7,223037.43
600600.SH,2009-11-17,35.9,36.6,35.55,36.33,26547.94,95733.55
600600.SH,2009-11-18,36.5,36.5,35.8,36.0,27619.13,99879.28
600600.SH,2009-11-19,36.01,36.1,35.17,35.64,49732.84,176628.19
600600.SH,2009-11-20,35.65,36.03,35.3,35.39,31837.55,113752.83
600600.SH,2009-11-23,35.39,36.08,35.03,35.96,48189.45,170740.83
600600.SH,2009-11-24,35.99,36.3,35.0,35.44,43032.88,153095.6
600600.SH,2009-11-25,35.35,35.6,34.8,35.42,67811.58,239187.91
600600.SH,2009-11-26,35.41,35.75,34.85,34.93,32808.44,115604.41
600600.SH,2009-11-27,34.5,35.9,34.1,34.65,49842.62,174027.3
600600.SH,2009-11-30,34.85,36.25,34.65,35.99,38673.55,138310.82
600600.SH,2009-12-01,36.01,36.69,35.45,36.5,35993.31,130864.17
600600.SH,2009-12-02,36.6,37.18,36.0,36.81,26335.55,96757.56
600600.SH,2009-12-03,36.79,36.8,35.8,36.28,20820.88,75442.7
600600.SH,2009-12-04,36.46,36.47,34.8,35.57,38377.78,136098.94
600600.SH,2009-12-07,35.18,35.93,35.18,35.46,18587.92,66065.72
600600.SH,2009-12-08,35.46,36.18,35.1,35.94,14938.82,53171.2
600600.SH,2009-12-09,35.7,35.7,34.71,34.91,25258.06,88686.68
600600.SH,2009-12-10,35.0,35.43,35.0,35.36,12830.45,45130.88
600600.SH,2009-12-11,35.53,35.99,35.1,35.39,18686.16,66162.64
600600.SH,2009-12-14,35.34,35.55,34.8,35.4,23937.94,84103.13
600600.SH,2009-12-15,35.3,35.42,34.88,35.17,40596.69,142457.89
600600.SH,2009-12-16,35.0,35.47,34.91,35.39,14548.11,51290.45
600600.SH,2009-12-17,35.39,35.44,34.3,35.14,16536.86,57961.05
600600.SH,2009-12-18,35.0,35.0,33.38,33.49,21763.7,73925.59
600600.SH,2009-12-21,33.6,34.6,33.6,34.47,16374.51,55865.62
600600.SH,2009-12-22,34.47,34.81,33.7,34.4,15363.21,52813.48
600600.SH,2009-12-23,34.18,35.16,34.18,34.92,13220.33,45893.98
600600.SH,2009-12-24,35.0,35.75,35.0,35.36,37251.42,132024.32
600600.SH,2009-12-25,35.4,35.97,35.0,35.87,14436.97,51363.99
600600.SH,2009-12-28,35.94,36.16,35.51,35.97,23047.43,82537.28
600600.SH,2009-12-29,36.0,36.47,35.5,36.45,31542.71,113602.92
600600.SH,2009-12-30,36.35,36.87,35.7,36.6,39095.74,141639.07
600600.SH,2015-01-05,41.72,43.2,41.1,42.46,80060.46,336715.37
600600.SH,2015-01-06,42.02,43.0,41.75,42.74,67774.91,287455.45
600600.SH,2015-01-07,42.57,42.57,41.81,42.14,31041.11,130765.25
600600.SH,2015-01-08,42.1,42.28,41.54,41.94,27833.22,116628.45
600600.SH,2015-01-09,41.82,42.96,41.5,41.53,51782.16,220137.65
600600.SH,2015-01-12,41.5,41.5,40.62,41.05,30512.86,125391.59
600600.SH,2015-01-13,41.1,41.58,40.62,40.96,36938.48,152453.86
600600.SH,2015-01-14,40.97,41.99,40.81,41.49,37035.88,153522.94
600600.SH,2015-01-15,41.5,41.85,41.1,41.55,21757.21,90096.68
600600.SH,2015-01-16,41.56,41.85,41.17,41.71,28608.68,118970.75
600600.SH,2015-01-19,40.93,41.79,39.99,40.38,35370.5,145055.38
600600.SH,2015-01-20,40.25,41.27,40.25,40.71,44396.67,180863.89
600600.SH,2015-01-21,40.95,41.24,40.53,41.18,52929.47,216730.25
600600.SH,2015-01-22,41.19,41.45,41.07,41.32,47172.61,194635.9
600600.SH,2015-01-23,41.33,41.55,40.71,40.88,38529.41,158145.07
600600.SH,2015-01-26,40.99,41.33,40.72,41.2,36774.1,150866.48
600600.SH,2015-01-27,41.44,42.6,41.25,42.41,97601.37,410314.34
600600.SH,2015-01-28,42.43,42.43,41.7,41.89,35351.95,148487.01
600600.SH,2015-01-29,41.4,41.58,41.0,41.14,33441.57,137836.19
600600.SH,2015-01-30,41.25,41.68,41.11,41.27,38139.04,157952.15
600600.SH,2015-02-02,41.0,41.26,40.82,41.05,25235.16,103514.57
600600.SH,2015-02-03,41.19,41.45,40.55,40.87,43162.05,176178.44
600600.SH,2015-02-04,40.86,41.02,40.02,40.16,38600.2,156395.17
600600.SH,2015-02-05,40.36,40.45,39.7,39.8,46536.2,186908.67
600600.SH,2015-02-06,39.67,40.0,39.14,39.53,28222.56,112063.95
600600.SH,2015-02-09,39.66,39.89,39.3,39.59,22071.19,87185.71
600600.SH,2015-02-10,39.68,40.27,39.59,40.1,26201.64,105059.97
600600.SH,2015-02-11,40.09,40.27,39.94,40.16,17585.28,70615.76
600600.SH,2015-02-12,40.15,40.16,39.7,39.83,22951.65,91442.76
600600.SH,2015-02-13,39.89,40.36,39.89,40.01,35253.92,141594.36
600600.SH,2015-02-16,40.01,40.31,40.0,40.09,31188.19,125132.41
600600.SH,2015-02-17,40.12,40.32,39.93,39.97,27499.65,110180.8
600600.SH,2015-02-25,39.84,40.32,39.6,40.3,42094.75,168525.42
600600.SH,2015-02-26,40.25,40.32,39.87,40.3,24862.02,99840.16
600600.SH,2015-02-27,40.31,40.44,40.01,40.06,36563.01,146997.59
600600.SH,2015-03-02,40.11,40.29,39.79,40.14,59606.12,238400.84
600600.SH,2015-03-03,40.14,40.49,40.05,40.26,65266.38,263130.23
600600.SH,2015-03-04,40.26,40.81,40.21,40.79,54270.02,220107.4
600600.SH,2015-03-05,40.5,40.59,40.03,40.26,43251.81,174323.38
600600.SH,2015-03-06,40.25,40.25,39.84,40.1,43596.25,174303.08
600600.SH,2015-03-09,39.97,40.12,39.3,40.08,43658.96,173128.55
600600.SH,2015-03-10,39.94,40.14,39.8,39.99,27879.46,111383.58
600600.SH,2015-03-11,39.99,40.28,39.7,39.78,40552.48,162124.37
600600.SH,2015-03-12,39.95,39.99,39.4,39.68,40792.99,161552.34
600600.SH,2015-03-13,39.7,40.4,39.62,40.29,50157.88,200546.38
600600.SH,2015-03-16,40.26,41.17,40.03,41.05,69290.18,282365.5
600600.SH,2015-03-17,41.08,41.48,40.8,40.97,82293.88,337532.2
600600.SH,2015-03-18,41.05,41.95,40.95,41.9,91565.49,379137.2
600600.SH,2015-03-19,41.8,42.09,41.0,41.43,128684.14,534848.68
600600.SH,2015-03-20,41.2,41.4,40.99,41.32,98448.38,405533.58
600600.SH,2015-03-23,41.5,42.13,41.5,42.07,83876.52,351566.55
600600.SH,2015-03-24,42.16,42.22,41.41,41.69,82809.91,345742.23
600600.SH,2015-03-25,41.6,42.41,41.38,42.12,106332.76,446133.12
600600.SH,2015-03-26,42.0,43.47,41.83,43.03,105822.0,452378.58
600600.SH,2015-03-27,42.99,43.08,42.5,42.8,49542.66,211920.85
600600.SH,2015-03-30,42.81,44.17,42.81,43.6,90578.98,395570.37
600600.SH,2015-03-31,43.3,43.58,42.4,42.54,101369.4,436542.7
600600.SH,2015-04-01,42.54,43.31,42.54,42.91,74467.01,319420.06
600600.SH,2015-04-02,42.88,43.88,42.37,42.99,100616.33,433339.81
600600.SH,2015-04-03,43.0,43.44,42.81,43.32,69486.51,299482.17
600600.SH,2015-04-07,43.32,44.82,43.0,44.6,127099.35,557777.29
600600.SH,2015-04-08,44.58,44.84,43.64,44.23,94523.49,417603.09
600600.SH,2015-04-09,44.0,46.9,43.8,46.62,184127.19,829462.24
600600.SH,2015-04-10,46.0,46.67,45.08,46.31,112430.37,518118.64
600600.SH,2015-04-13,46.05,47.3,45.66,46.98,89021.15,412689.11
600600.SH,2015-04-14,46.6,46.97,45.88,46.09,83577.7,387362.01
600600.SH,2015-04-15,46.1,46.69,45.18,45.39,89689.62,410936.71
600600.SH,2015-04-16,45.3,47.6,44.56,46.57,76847.03,355651.57
600600.SH,2015-04-17,46.41,48.18,45.77,47.6,87008.54,405037.26
600600.SH,2015-04-20,47.0,48.08,46.45,46.48,88285.09,417303.48
600600.SH,2015-04-21,46.25,47.2,45.8,46.74,169936.65,790252.96
600600.SH,2015-04-22,46.75,47.1,46.47,46.98,111511.38,521261.6
600600.SH,2015-04-23,46.99,47.3,46.0,46.39,98491.66,458746.43
600600.SH,2015-04-24,46.01,46.54,45.75,46.02,90131.15,415788.87
600600.SH,2015-04-27,46.05,46.48,45.48,46.18,89889.35,414593.08
600600.SH,2015-04-28,46.17,46.17,44.0,44.11,115369.56,518075.64
600600.SH,2015-04-29,44.01,44.69,43.95,44.45,69430.78,308468.44
600600.SH,2015-04-30,44.44,44.52,43.9,43.99,75245.45,331806.17
600600.SH,2015-05-04,43.99,44.7,43.91,44.59,59341.44,262407.02
600600.SH,2015-05-05,44.5,44.55,43.04,43.41,77016.5,336503.82
600600.SH,2015-05-06,43.66,43.95,42.8,43.14,60008.03,260888.59
600600.SH,2015-05-07,43.29,43.72,42.99,43.53,65129.14,282474.65
600600.SH,2015-05-08,43.58,44.17,43.28,44.09,52446.94,229969.76
600600.SH,2015-05-11,44.38,44.44,43.8,44.32,98112.36,432948.83
600600.SH,2015-05-12,44.35,44.4,43.88,44.33,68568.09,302644.11
600600.SH,2015-05-13,44.25,45.47,44.13,45.14,97978.95,441236.55
600600.SH,2015-05-14,45.15,45.3,44.43,44.88,58988.88,264353.78
600600.SH,2015-05-15,44.79,44.86,43.9,44.66,66164.14,292819.54
600600.SH,2015-05-18,44.4,44.66,44.03,44.52,48929.8,217248.43
600600.SH,2015-05-19,44.29,45.25,44.06,45.03,59634.55,266795.8
600600.SH,2015-05-20,45.03,45.79,44.81,44.96,84409.19,381994.97
600600.SH,2015-05-21,45.22,45.42,44.76,45.19,56703.43,255806.21
600600.SH,2015-05-22,45.32,46.1,45.32,46.02,108706.28,496726.43
600600.SH,2015-05-25,45.6,48.5,45.57,47.39,178884.19,845427.25
600600.SH,2015-05-26,47.7,52.13,47.4,52.13,371568.54,1876543.18
600600.SH,2015-05-27,52.88,53.7,51.41,53.45,239180.72,1258025.84
600600.SH,2015-05-28,53.0,53.56,50.0,50.16,164127.31,852636.65
600600.SH,2015-05-29,50.0,51.58,48.26,49.3,145624.63,729822.72
600600.SH,2015-06-01,49.5,52.45,49.5,52.01,159548.07,815308.18
600600.SH,2015-06-02,52.49,57.21,51.5,57.21,214620.38,1167662.86
600600.SH,2015-06-03,57.71,60.21,55.6,57.05,234820.23,1364356.82
600600.SH,2015-06-04,57.0,59.19,51.87,57.38,170162.6,958158.57
600600.SH,2015-06-05,57.76,59.26,55.6,56.32,219136.52,1253312.0
600600.SH,2015-06-08,56.3,57.08,54.6,56.82,157502.53,879866.89
600600.SH,2015-06-09,56.0,56.56,54.81,55.51,102162.66,568107.78
600600.SH,2015-06-10,55.37,56.0,53.7,54.99,105229.35,576957.07
600600.SH,2015-06-11,54.99,57.01,54.4,55.86,134697.02,753579.08
600600.SH,2015-06-12,56.0,56.5,54.9,55.26,121563.96,674276.64
600600.SH,2015-06-15,55.44,55.66,53.5,53.54,122100.86,660380.53
600600.SH,2015-06-16,53.0,53.59,50.9,51.2,102263.51,530912.67
600600.SH,2015-06-17,51.5,52.5,49.9,52.08,85401.3,436972.71
600600.SH,2015-06-18,52.0,52.75,50.17,50.67,65992.18,342904.92
600600.SH,2015-06-19,49.87,50.94,47.4,47.75,97696.17,478098.39
600600.SH,2015-06-23,48.08,51.41,46.98,50.97,122334.81,597791.4
600600.SH,2015-06-24,51.4,52.35,50.39,51.8,107936.92,555833.3
600600.SH,2015-06-25,51.82,51.97,49.02,49.37,97682.09,493938.08
600600.SH,2015-06-26,48.32,48.36,44.43,44.43,180453.36,829757.66
600600.SH,2015-06-29,45.68,45.9,40.01,44.23,154443.76,670296.25
600600.SH,2015-06-30,43.88,46.6,41.2,46.59,143159.11,637573.49
600600.SH,2015-07-01,45.1,47.96,44.55,45.08,127254.3,595447.21
600600.SH,2015-07-02,44.31,45.49,40.8,41.75,129730.28,556317.86
600600.SH,2015-07-03,41.46,42.7,37.58,38.82,159833.02,635219.03
600600.SH,2015-07-06,42.3,42.3,37.0,39.04,160444.93,631216.6
600600.SH,2015-07-07,37.15,40.7,37.04,39.61,232915.26,907391.08
600600.SH,2015-07-08,36.5,38.38,35.65,35.65,266108.98,960280.39
600600.SH,2015-07-09,35.65,39.22,35.6,39.22,176085.28,660870.78
600600.SH,2015-07-10,39.64,43.14,39.54,43.14,208166.9,881216.48
600600.SH,2015-07-13,43.2,46.66,42.5,45.07,253717.96,1127325.28
600600.SH,2015-07-14,43.23,44.38,41.65,41.83,182245.95,781748.39
600600.SH,2015-07-15,41.06,41.07,38.13,38.98,113496.9,450577.4
600600.SH,2015-07-16,38.98,40.18,37.42,39.6,89269.57,351972.56
600600.SH,2015-07-17,39.88,41.77,39.65,41.2,115882.38,472597.32
600600.SH,2015-07-20,41.0,41.78,39.89,40.78,84936.32,346798.97
600600.SH,2015-07-21,40.02,40.89,39.81,40.49,66979.59,269895.51
600600.SH,2015-07-22,40.5,40.96,39.6,40.06,78324.57,314923.79
600600.SH,2015-07-23,40.1,41.66,39.8,41.38,108115.75,440075.74
600600.SH,2015-07-24,41.36,41.97,40.4,40.54,115892.89,480161.55
600600.SH,2015-07-27,39.89,40.44,36.49,36.5,112836.58,436887.84
600600.SH,2015-07-28,35.95,38.49,34.94,37.93,174687.07,632442.0
600600.SH,2015-07-29,37.68,38.55,36.6,38.47,185555.77,690171.11
600600.SH,2015-07-30,37.95,37.99,36.89,36.96,155402.47,581397.04
600600.SH,2015-07-31,36.22,37.22,35.8,37.16,82882.49,303643.15
600600.SH,2015-08-03,36.8,38.08,36.51,38.07,174604.55,652229.61
600600.SH,2015-08-04,38.05,38.97,37.1,38.86,75633.21,288629.94
600600.SH,2015-08-05,38.5,38.68,37.47,37.8,64821.49,246821.45
600600.SH,2015-08-06,37.2,37.62,37.01,37.18,33857.86,126096.85
600600.SH,2015-08-07,37.18,37.95,37.18,37.61,64518.25,242616.54
600600.SH,2015-08-10,37.79,39.25,37.51,39.05,125553.86,482850.24
600600.SH,2015-08-11,38.8,39.75,38.32,38.98,97944.05,380672.4
600600.SH,2015-08-12,38.44,39.4,38.0,38.62,89380.88,346352.59
600600.SH,2015-08-13,38.39,39.7,38.28,39.54,97277.48,381405.11
600600.SH,2015-08-14,39.63,39.73,39.0,39.19,68811.98,270770.86
600600.SH,2015-08-17,39.07,39.07,38.0,38.63,63805.05,245271.6
600600.SH,2015-08-18,38.6,38.87,36.04,36.58,91320.01,344842.58
600600.SH,2015-08-19,36.1,37.08,35.22,36.96,65070.88,235193.69
600600.SH,2015-08-20,36.24,36.8,36.01,36.11,37819.57,137425.79
600600.SH,2015-08-21,35.79,36.48,34.51,34.61,60573.52,214979.53
600600.SH,2015-08-24,33.82,33.89,31.15,31.15,105098.72,331774.45
600600.SH,2015-08-25,29.98,31.88,29.0,29.54,101151.77,305938.59
600600.SH,2015-08-26,30.08,31.4,29.61,30.14,62353.35,189867.93
600600.SH,2015-08-27,30.98,33.15,30.7,33.12,86613.52,275842.31
600600.SH,2015-08-28,33.5,34.55,32.45,34.12,86776.07,288833.6
600600.SH,2015-08-31,33.46,33.58,32.07,33.55,64881.14,212803.01
600600.SH,2015-09-01,33.05,33.57,31.8,33.56,83169.37,274053.47
600600.SH,2015-09-02,32.5,34.19,32.1,34.08,101662.65,342315.37
600600.SH,2015-09-07,33.67,35.0,32.7,32.83,25095.06,84961.09
600600.SH,2015-09-08,32.25,33.27,31.88,32.93,31376.21,101992.1
600600.SH,2015-09-09,33.0,33.7,32.7,33.48,38643.22,128740.6
600600.SH,2015-09-10,33.0,33.32,32.6,32.71,22413.49,73959.08
600600.SH,2015-09-11,32.6,32.97,32.0,32.21,23820.74,77169.83
600600.SH,2015-09-14,32.38,32.38,30.7,31.19,35315.1,111528.63
600600.SH,2015-09-15,31.01,31.11,30.08,30.72,40726.02,124631.25
600600.SH,2015-09-16,30.74,33.27,30.31,32.34,54879.44,173047.9
600600.SH,2015-09-17,32.0,34.26,31.5,32.75,74447.62,246015.39
600600.SH,2015-09-18,32.7,32.9,31.94,32.22,24821.35,79973.59
600600.SH,2015-09-21,31.89,32.62,31.59,32.27,26068.84,83708.69
600600.SH,2015-09-22,32.31,32.48,32.1,32.28,30064.87,97076.53
600600.SH,2015-09-23,31.9,32.19,31.53,31.77,25263.79,80496.82
600600.SH,2015-09-24,31.8,32.05,31.7,31.88,19794.04,63046.66
600600.SH,2015-09-25,31.83,32.04,31.26,31.46,19457.91,61572.41
600600.SH,2015-09-28,31.5,32.05,31.35,31.97,14515.11,46094.4
600600.SH,2015-09-29,31.76,32.36,31.6,31.94,17650.82,56510.97
600600.SH,2015-09-30,31.88,32.3,31.76,32.14,15028.34,48196.02
600600.SH,2015-10-08,32.91,33.0,32.31,32.42,36471.85,119250.98
600600.SH,2015-10-09,32.33,32.79,32.24,32.44,28740.58,93399.76
600600.SH,2015-10-12,32.6,33.75,32.59,33.56,82503.79,273945.97
600600.SH,2015-10-13,33.27,33.94,33.1,33.6,44523.22,148845.39
600600.SH,2015-10-14,33.58,33.78,33.15,33.51,47008.59,157573.27
600600.SH,2015-10-15,33.44,33.91,33.23,33.82,47113.66,158712.33
600600.SH,2015-10-16,33.99,34.23,33.56,33.65,26655.33,90653.81
600600.SH,2015-10-19,34.06,34.5,33.66,34.04,56378.44,192083.53
600600.SH,2015-10-20,33.69,34.1,33.48,34.05,33625.34,113548.34
600600.SH,2015-10-21,34.1,34.25,32.62,32.81,43151.45,144795.96
600600.SH,2015-10-22,32.59,33.14,32.35,33.1,25600.81,84155.54
600600.SH,2015-10-23,33.41,34.28,33.12,33.95,41050.64,139308.59
600600.SH,2015-10-26,34.45,34.54,33.72,34.51,55897.45,191595.97
600600.SH,2015-10-27,34.38,34.63,33.66,34.52,40494.77,138659.71
600600.SH,2015-10-28,34.31,34.42,33.8,33.85,34350.16,116848.65
600600.SH,2015-10-29,33.95,34.1,33.75,33.91,19166.16,65018.46
600600.SH,2015-10-30,33.79,34.8,33.7,33.89,40451.58,138750.26
600600.SH,2015-11-02,33.6,34.26,33.4,33.5,19271.82,65246.26
600600.SH,2015-11-03,33.61,33.89,33.3,33.56,14995.02,50272.95
600600.SH,2015-11-04,33.56,34.69,33.38,34.64,50857.68,173857.46
600600.SH,2015-11-05,34.65,35.09,34.08,34.74,95417.11,330135.61
600600.SH,2015-11-06,34.6,35.29,34.51,35.22,67192.24,234974.25
600600.SH,2015-11-09,35.0,35.56,34.84,35.3,56369.56,198721.69
600600.SH,2015-11-10,35.02,35.35,34.8,35.0,35964.81,126202.71
600600.SH,2015-11-11,34.98,34.99,34.48,34.87,42425.61,147142.56
600600.SH,2015-11-12,34.69,34.82,34.35,34.75,44228.3,152778.0
600600.SH,2015-11-13,34.55,34.57,34.1,34.2,27944.19,95874.11
600600.SH,2015-11-16,33.89,34.08,33.68,33.99,47386.36,160238.08
600600.SH,2015-11-17,34.15,34.4,33.88,33.93,51437.42,175757.43
600600.SH,2015-11-18,33.97,34.07,33.64,33.66,27545.27,93251.35
600600.SH,2015-11-19,33.72,33.85,33.48,33.78,43798.92,147271.13
600600.SH,2015-11-20,33.9,33.9,33.65,33.75,34869.1,117639.35
600600.SH,2015-11-23,33.76,33.83,33.58,33.63,31063.81,104671.82
600600.SH,2015-11-24,33.65,33.65,33.49,33.52,28786.29,96623.53
600600.SH,2015-11-25,33.55,33.93,33.55,33.84,38540.53,130119.22
600600.SH,2015-11-26,33.91,33.92,33.64,33.68,27033.26,91258.04
600600.SH,2015-11-27,33.66,33.68,31.87,31.92,40131.85,131544.69
600600.SH,2015-11-30,31.95,32.1,30.7,31.63,46557.07,146469.01
600600.SH,2015-12-01,31.55,32.04,31.41,32.02,41562.69,131564.82
600600.SH,2015-12-02,32.01,32.62,31.61,32.55,46313.15,149049.12
600600.SH,2015-12-03,32.5,32.57,32.19,32.53,42388.07,137153.27
600600.SH,2015-12-04,32.28,32.38,31.9,32.01,38409.28,123383.36
600600.SH,2015-12-07,31.98,32.43,31.9,32.33,29339.93,94475.85
600600.SH,2015-12-08,32.23,32.23,31.53,31.63,22041.97,70110.39
600600.SH,2015-12-09,31.5,31.78,31.11,31.14,33637.61,105708.98
600600.SH,2015-12-10,31.2,31.31,30.98,31.02,31314.97,97297.17
600600.SH,2015-12-11,31.02,31.31,30.91,31.25,22315.13,69394.53
600600.SH,2015-12-14,31.02,31.57,30.93,31.53,41862.51,130580.08
600600.SH,2015-12-15,31.55,31.7,31.33,31.5,34470.4,108614.12
600600.SH,2015-12-16,31.52,31.69,31.43,31.51,19653.29,62023.58
600600.SH,2015-12-17,31.61,32.05,31.61,31.93,44681.12,142442.68
600600.SH,2015-12-18,31.91,32.23,31.73,32.2,41573.59,132942.66
600600.SH,2015-12-21,32.17,35.2,32.06,34.49,170083.47,576756.2
600600.SH,2015-12-22,34.74,34.75,33.6,33.86,73607.58,249945.78
600600.SH,2015-12-23,33.95,34.95,33.71,33.9,81451.85,279526.98
600600.SH,2015-12-24,33.72,34.12,33.2,33.56,39310.64,132171.91
600600.SH,2015-12-25,33.57,33.76,33.3,33.75,33833.71,113549.97
600600.SH,2015-12-28,33.99,33.99,32.72,32.74,42992.05,143478.82
600600.SH,2015-12-29,32.74,33.23,32.4,32.93,36086.77,118077.23
600600.SH,2015-12-30,32.91,33.41,32.67,33.39,37360.87,123392.46
600600.SH,2015-12-31,33.3,33.7,33.03,33.2,46710.14,155836.095
600600.SH,2016-01-04,33.12,33.35,31.0,31.03,38202.66,122665.14
600600.SH,2016-01-05,30.51,31.59,30.02,30.84,46679.44,144009.69
600600.SH,2016-01-06,30.99,31.48,30.84,31.45,31286.92,97517.12
600600.SH,2016-01-07,31.2,31.2,29.51,29.77,8253.0,25047.06
600600.SH,2016-01-08,30.2,30.76,29.8,30.48,48907.01,148404.2
600600.SH,2016-01-11,30.06,30.44,29.56,29.69,44745.13,134153.33
600600.SH,2016-01-12,29.46,29.97,29.0,29.33,40273.6,118343.03
600600.SH,2016-01-13,29.5,29.67,28.85,28.88,28225.1,82636.02
600600.SH,2016-01-14,28.48,29.16,28.03,29.04,40157.4,114918.67
600600.SH,2016-01-15,28.94,29.0,27.9,28.01,38693.9,109542.36
600600.SH,2016-01-18,27.77,28.15,27.51,27.94,23305.99,64969.38
600600.SH,2016-01-19,27.89,28.77,27.88,28.7,36215.15,102606.08
600600.SH,2016-01-20,28.5,28.7,27.91,28.08,26622.28,75539.21
600600.SH,2016-01-21,27.72,28.4,27.7,27.75,24100.72,67650.99
600600.SH,2016-01-22,27.97,28.38,27.81,28.18,25413.54,71457.62
600600.SH,2016-01-25,28.33,28.44,28.01,28.2,15135.87,42695.2
600600.SH,2016-01-26,27.91,28.13,26.45,26.49,27541.01,75096.37
600600.SH,2016-01-27,26.4,26.85,25.89,26.59,28514.88,75124.95
600600.SH,2016-01-28,26.5,27.4,26.35,27.0,36509.59,98607.85
600600.SH,2016-01-29,27.01,27.77,26.83,27.49,20521.03,56211.92
600600.SH,2016-02-01,27.5,27.6,26.9,26.94,10959.3,29756.1
600600.SH,2016-02-02,26.94,27.68,26.85,27.25,25944.8,70883.8
600600.SH,2016-02-03,27.11,27.11,26.38,26.77,31579.62,84133.56
600600.SH,2016-02-04,26.86,27.2,26.8,27.05,22081.56,59608.39
600600.SH,2016-02-05,27.05,27.17,26.79,26.89,12085.46,32569.98
600600.SH,2016-02-15,26.15,26.7,26.04,26.59,14015.14,36974.39
600600.SH,2016-02-16,26.63,27.47,26.63,27.26,27793.93,75475.93
600600.SH,2016-02-17,27.2,27.36,27.13,27.3,26533.86,72230.07
600600.SH,2016-02-18,27.36,27.56,27.24,27.33,28106.66,76963.99
600600.SH,2016-02-19,27.3,27.42,27.06,27.27,19886.05,54182.07
600600.SH,2016-02-22,27.45,27.96,27.41,27.83,36894.9,102094.38
600600.SH,2016-02-23,27.84,28.26,27.6,27.95,35993.38,100789.82
600600.SH,2016-02-24,27.86,28.14,27.6,28.01,24786.92,69121.14
600600.SH,2016-02-25,27.9,27.99,26.4,26.55,30189.75,82067.18
600600.SH,2016-02-26,26.7,26.9,26.11,26.72,22110.21,58642.5
600600.SH,2016-02-29,27.36,27.66,26.04,26.54,33565.61,89777.54
600600.SH,2016-03-01,26.4,26.83,26.02,26.68,23224.31,61171.45
600600.SH,2016-03-02,27.0,27.93,26.71,27.79,36348.28,99536.67
600600.SH,2016-03-03,27.86,27.86,27.46,27.76,43017.2,119062.69
600600.SH,2016-03-04,27.76,27.76,26.88,27.56,33680.39,92621.68
600600.SH,2016-03-07,27.58,28.13,27.58,28.04,51157.92,142610.58
600600.SH,2016-03-08,27.99,27.99,27.07,27.81,32715.26,90109.1
600600.SH,2016-03-09,27.38,27.5,27.12,27.33,17935.25,49004.21
600600.SH,2016-03-10,27.3,27.66,27.21,27.26,26929.67,73992.3
600600.SH,2016-03-11,26.99,27.35,26.82,27.13,15219.37,41158.72
600600.SH,2016-03-14,27.3,27.92,27.25,27.63,26751.11,73981.98
600600.SH,2016-03-15,27.63,27.99,27.28,27.94,35518.9,98503.51
600600.SH,2016-03-16,27.83,28.09,27.42,27.57,22206.16,61672.14
600600.SH,2016-03-17,27.52,28.04,27.52,27.99,34379.27,95652.87
600600.SH,2016-03-18,28.08,28.66,27.91,28.54,62069.58,175767.4
600600.SH,2016-03-21,28.65,28.89,28.38,28.87,66500.5,190429.24
600600.SH,2016-03-22,28.67,28.82,28.57,28.71,37759.28,108299.34
600600.SH,2016-03-23,28.69,28.76,28.31,28.53,27190.45,77582.65
600600.SH,2016-03-24,28.41,28.5,28.2,28.27,23343.79,66210.98
600600.SH,2016-03-25,28.22,28.44,28.15,28.34,15213.74,43017.86
600600.SH,2016-03-28,28.35,29.17,28.35,28.75,53627.08,154662.89
600600.SH,2016-03-29,28.58,28.58,27.99,28.08,43665.83,122829.65
600600.SH,2016-03-30,28.15,28.8,28.15,28.74,37960.0,108002.61
600600.SH,2016-03-31,28.7,28.79,28.55,28.7,27677.79,79362.62
600600.SH,2016-04-01,28.7,28.75,28.3,28.74,22192.39,63255.02
600600.SH,2016-04-05,28.64,29.31,28.49,29.11,49548.6,143623.97
600600.SH,2016-04-06,29.04,29.16,28.85,29.15,19424.83,56307.17
600600.SH,2016-04-07,29.19,29.26,28.51,28.55,30749.65,88430.59
600600.SH,2016-04-08,28.45,28.53,28.1,28.15,18062.36,51129.73
600600.SH,2016-04-11,28.21,28.92,28.21,28.77,28525.98,81912.25
600600.SH,2016-04-12,28.8,28.96,28.56,28.84,15167.69,43597.46
600600.SH,2016-04-13,28.92,29.22,28.78,28.95,27570.88,80197.24
600600.SH,2016-04-14,29.03,29.19,28.88,29.0,18016.33,52240.04
600600.SH,2016-04-15,28.97,29.2,28.7,28.91,26362.16,76161.21
600600.SH,2016-04-18,28.88,28.88,28.41,28.45,17983.88,51328.29
600600.SH,2016-04-19,28.55,28.66,28.4,28.54,17552.86,49988.01
600600.SH,2016-04-20,28.65,28.65,27.21,27.77,28755.93,80458.72
600600.SH,2016-04-21,27.79,28.03,27.55,27.71,12061.3,33547.02
600600.SH,2016-04-22,27.71,27.89,27.55,27.88,12158.02,33662.58
600600.SH,2016-04-25,27.88,27.88,27.44,27.7,9297.7,25692.51
600600.SH,2016-04-26,27.71,28.1,27.71,28.09,13871.71,38731.52
600600.SH,2016-04-27,28.03,28.32,28.0,28.09,15015.12,42270.47
600600.SH,2016-04-28,28.1,28.36,27.9,28.28,12337.62,34644.43
600600.SH,2016-04-29,28.4,29.72,28.2,29.05,53651.36,156313.23
600600.SH,2016-05-03,29.04,30.3,28.75,30.15,117745.49,351892.44
600600.SH,2016-05-04,29.95,30.07,29.55,29.69,54105.43,160872.74
600600.SH,2016-05-05,29.63,29.8,29.55,29.7,29670.57,88050.74
600600.SH,2016-05-06,29.7,29.83,28.65,28.69,47142.49,137149.79
600600.SH,2016-05-09,28.65,29.3,28.15,28.89,50325.02,145384.38
600600.SH,2016-05-10,29.28,29.85,28.67,29.53,57278.78,168389.52
600600.SH,2016-05-11,29.68,32.36,29.35,30.62,230240.56,713930.18
600600.SH,2016-05-12,30.14,30.47,29.5,30.43,84314.18,252633.33
600600.SH,2016-05-13,30.23,31.12,29.82,30.16,68846.01,210048.82
600600.SH,2016-05-16,29.85,30.31,29.02,30.29,54421.42,161358.46
600600.SH,2016-05-17,30.25,30.29,29.68,29.71,42607.32,127345.37
600600.SH,2016-05-18,29.5,29.87,28.85,29.37,40383.08,118936.03
600600.SH,2016-05-19,29.28,29.55,28.98,29.15,38800.11,113463.81
600600.SH,2016-05-20,29.0,29.33,28.66,29.23,30148.55,87217.36
600600.SH,2016-05-23,29.3,29.36,29.0,29.21,45106.88,131621.54
600600.SH,2016-05-24,29.2,29.2,28.71,28.86,24259.87,70090.51
600600.SH,2016-05-25,28.96,29.25,28.72,29.15,28780.79,83405.49
600600.SH,2016-05-26,29.1,29.25,28.18,28.63,56684.43,161710.14
600600.SH,2016-05-27,28.51,28.9,28.3,28.73,35430.22,101327.23
600600.SH,2016-05-30,28.55,28.71,28.25,28.37,27171.14,77341.71
600600.SH,2016-05-31,28.37,29.79,28.37,29.63,80161.38,233631.13
600600.SH,2016-06-01,29.6,29.81,29.35,29.48,62276.51,183950.08
600600.SH,2016-06-02,29.48,29.59,29.21,29.45,34132.45,100223.48
600600.SH,2016-06-03,29.39,30.2,29.27,29.89,96459.72,287609.3
600600.SH,2016-06-06,29.86,29.95,29.57,29.8,58303.62,173247.83
600600.SH,2016-06-07,29.72,30.19,29.72,29.97,63545.79,190562.88
600600.SH,2016-06-08,29.99,30.0,29.52,29.71,40709.37,120863.79
600600.SH,2016-06-13,29.63,30.69,29.48,29.69,97856.84,295478.67
600600.SH,2016-06-14,29.48,29.48,28.7,29.21,64590.65,187610.54
600600.SH,2016-06-15,28.8,29.59,28.68,29.49,65001.79,190524.34
600600.SH,2016-06-16,29.57,29.57,29.03,29.14,40320.0,117697.36
600600.SH,2016-06-17,29.07,29.5,29.06,29.19,47661.2,139483.56
600600.SH,2016-06-20,29.2,29.26,28.8,29.08,37417.85,108362.23
600600.SH,2016-06-21,29.13,29.2,28.68,28.75,35906.76,103958.29
600600.SH,2016-06-22,28.77,28.91,28.55,28.9,28694.87,82411.07
600600.SH,2016-06-23,28.95,28.95,28.7,28.8,22678.81,65351.67
600600.SH,2016-06-24,28.82,28.97,27.7,28.25,38974.08,110793.43
600600.SH,2016-06-27,28.08,29.1,28.01,28.97,38671.98,110829.0
600600.SH,2016-06-28,28.8,28.96,28.59,28.93,60402.05,173522.97
600600.SH,2016-06-29,29.0,29.12,28.83,29.09,41161.03,119246.74
600600.SH,2016-06-30,29.09,29.31,28.92,29.07,31187.36,90900.31
600600.SH,2016-07-01,29.1,29.17,28.87,28.91,19905.66,57745.29
600600.SH,2016-07-04,28.81,29.5,28.72,29.3,34650.45,101237.04
600600.SH,2016-07-05,29.36,29.82,29.2,29.6,55508.45,164086.51
600600.SH,2016-07-06,29.6,30.07,29.45,30.04,63804.23,190227.34
600600.SH,2016-07-07,30.04,30.1,29.7,29.76,52990.07,158045.58
600600.SH,2016-07-08,29.72,29.96,29.51,29.69,34628.37,102947.87
600600.SH,2016-07-11,29.69,30.89,29.64,30.27,125838.61,381657.44
600600.SH,2016-07-12,30.11,30.58,29.74,30.54,109447.95,329735.44
600600.SH,2016-07-13,30.65,30.84,30.11,30.51,75085.46,227828.1
600600.SH,2016-07-14,30.41,30.51,30.2,30.31,44752.53,135916.7
600600.SH,2016-07-15,30.24,30.4,30.1,30.24,38266.82,115652.6
600600.SH,2016-07-18,30.26,30.26,29.9,29.94,30582.45,91858.28
600600.SH,2016-07-19,29.94,29.99,29.63,29.83,27237.77,81073.51
600600.SH,2016-07-20,29.72,29.92,29.72,29.82,20228.42,60377.95
600600.SH,2016-07-21,29.82,30.35,29.74,30.07,31466.24,94670.18
600600.SH,2016-07-22,30.07,30.07,29.62,29.65,21722.6,64724.4
600600.SH,2016-07-25,29.8,29.89,29.62,29.77,13927.09,41449.26
600600.SH,2016-07-26,29.8,30.1,29.7,30.09,27945.84,83756.18
600600.SH,2016-07-27,30.11,30.27,29.51,29.73,70374.62,210800.78
600600.SH,2016-07-28,29.75,30.65,29.7,30.56,66341.69,200423.89
600600.SH,2016-07-29,30.42,30.95,30.08,30.16,56125.11,171116.32
600600.SH,2016-08-01,30.0,30.13,29.0,29.23,38911.24,114469.82
600600.SH,2016-08-02,29.18,29.38,29.05,29.28,25030.4,73028.52
600600.SH,2016-08-03,29.2,29.38,29.1,29.26,20684.47,60399.98
600600.SH,2016-08-04,29.3,29.48,29.02,29.47,18059.94,52800.52
600600.SH,2016-08-05,29.41,29.9,29.41,29.67,38403.58,114023.52
600600.SH,2016-08-08,29.58,29.85,29.28,29.7,17262.45,51090.8
600600.SH,2016-08-09,29.78,29.9,29.58,29.81,20289.98,60329.54
600600.SH,2016-08-10,29.81,29.82,29.61,29.66,13456.87,39966.34
600600.SH,2016-08-11,29.6,29.77,29.47,29.49,13935.12,41211.63
600600.SH,2016-08-12,29.41,30.2,29.3,29.79,24735.12,73359.45
600600.SH,2016-08-15,29.84,30.45,29.76,30.33,58510.01,176519.94
600600.SH,2016-08-16,30.33,30.52,30.13,30.21,27433.62,83073.82
600600.SH,2016-08-17,30.35,30.5,30.22,30.36,23667.62,71812.07
600600.SH,2016-08-18,30.36,30.49,30.17,30.18,23018.98,69874.22
600600.SH,2016-08-19,30.25,30.31,29.47,29.92,23921.13,71520.52
600600.SH,2016-08-22,29.91,30.04,29.57,29.69,23952.45,71237.46
600600.SH,2016-08-23,29.77,29.95,29.68,29.81,16024.39,47808.3
600600.SH,2016-08-24,29.86,30.0,29.62,29.69,12275.11,36509.94
600600.SH,2016-08-25,29.6,29.81,29.45,29.7,20373.82,60410.83
600600.SH,2016-08-26,29.76,29.85,29.57,29.63,13404.29,39842.19
600600.SH,2016-08-29,29.62,29.73,29.51,29.7,11799.33,34964.27
600600.SH,2016-08-30,29.69,29.77,29.62,29.73,8525.51,25317.25
600600.SH,2016-08-31,29.67,29.75,29.5,29.65,12767.9,37843.45
600600.SH,2016-09-01,29.64,29.73,29.4,29.61,20733.84,61221.8
600600.SH,2016-09-02,29.59,29.61,29.41,29.46,12014.81,35451.68
600600.SH,2016-09-05,29.57,29.89,29.5,29.87,26844.33,79806.91
600600.SH,2016-09-06,29.88,30.77,29.85,30.75,73355.43,222138.94
600600.SH,2016-09-07,30.7,30.91,30.43,30.76,41532.28,127338.44
600600.SH,2016-09-08,30.95,31.09,30.61,30.95,26837.16,82674.26
600600.SH,2016-09-09,31.2,31.24,30.73,30.74,29227.83,90491.67
600600.SH,2016-09-12,30.27,30.6,30.06,30.45,28999.75,88119.04
600600.SH,2016-09-13,30.52,31.24,30.5,31.21,36687.89,113073.03
600600.SH,2016-09-14,31.13,31.3,30.62,31.03,26650.28,82872.08
600600.SH,2016-09-19,31.03,31.96,31.03,31.86,37588.39,119318.14
600600.SH,2016-09-20,31.8,32.98,31.52,32.41,48325.09,156793.32
600600.SH,2016-09-21,32.41,32.89,32.05,32.23,34336.71,111605.68
600600.SH,2016-09-22,32.06,32.45,32.03,32.15,15425.81,49639.49
600600.SH,2016-09-23,32.13,32.33,31.81,31.86,10332.34,33012.67
600600.SH,2016-09-26,31.9,32.18,31.41,31.81,15500.8,49267.91
600600.SH,2016-09-27,31.78,31.78,31.23,31.54,14147.61,44451.97
600600.SH,2016-09-28,31.85,32.16,31.55,32.07,16269.01,52032.12
600600.SH,2016-09-29,31.97,32.39,31.55,31.74,18507.75,59249.31
600600.SH,2016-09-30,31.77,32.28,31.77,31.81,13381.18,42796.81
600600.SH,2016-10-10,31.86,32.28,31.78,32.16,12008.67,38500.78
600600.SH,2016-10-11,32.02,32.62,31.95,32.26,16858.21,54419.38
600600.SH,2016-10-12,32.2,32.6,32.13,32.25,9798.66,31687.75
600600.SH,2016-10-13,32.2,33.0,32.0,32.56,21645.6,70765.03
600600.SH,2016-10-14,32.51,32.75,32.17,32.41,12455.38,40357.13
600600.SH,2016-10-17,32.44,32.46,31.59,31.64,14686.62,46925.95
600600.SH,2016-10-18,31.64,32.0,31.4,31.84,11848.16,37620.3
600600.SH,2016-10-19,31.88,32.49,31.5,32.21,13124.9,42207.29
600600.SH,2016-10-20,32.15,32.25,31.73,31.82,7619.59,24304.25
600600.SH,2016-10-21,31.91,31.91,31.39,31.59,9690.74,30605.25
600600.SH,2016-10-24,31.56,32.1,31.5,31.71,10030.15,31890.58
600600.SH,2016-10-25,31.99,31.99,31.66,31.68,5518.3,17521.74
600600.SH,2016-10-26,31.68,32.05,31.68,31.69,13535.85,43106.42
600600.SH,2016-10-27,31.85,31.85,31.14,31.2,20249.79,63522.36
600600.SH,2016-10-28,31.29,31.45,31.04,31.06,12871.0,40134.87
600600.SH,2016-10-31,31.2,31.28,30.92,31.14,12124.44,37673.62
600600.SH,2016-11-01,31.12,31.69,31.12,31.52,16384.91,51535.6
600600.SH,2016-11-02,31.54,31.6,31.26,31.34,9893.02,31081.65
600600.SH,2016-11-03,31.39,31.75,31.31,31.62,15211.95,48088.1
600600.SH,2016-11-04,31.42,31.7,31.4,31.66,14290.29,45149.27
600600.SH,2016-11-07,31.66,31.81,31.21,31.44,19795.46,62311.55
600600.SH,2016-11-08,31.52,31.64,31.4,31.47,12375.32,38997.3
600600.SH,2016-11-09,31.5,31.66,31.35,31.43,17384.86,54793.84
600600.SH,2016-11-10,31.46,31.99,31.45,31.57,21500.83,67936.88
600600.SH,2016-11-11,31.58,31.61,30.97,31.25,43845.73,136902.9
600600.SH,2016-11-14,31.25,31.48,31.07,31.14,18928.04,59082.57
600600.SH,2016-11-15,31.12,31.25,31.0,31.09,13265.41,41250.94
600600.SH,2016-11-16,31.08,31.22,31.01,31.09,14366.17,44707.56
600600.SH,2016-11-17,31.08,31.15,30.75,30.8,17548.5,54124.63
600600.SH,2016-11-18,30.8,30.97,30.76,30.84,11848.45,36603.15
600600.SH,2016-11-21,30.86,31.11,30.76,30.99,14554.03,45065.76
600600.SH,2016-11-22,30.99,31.14,30.8,30.91,45174.49,139636.08
600600.SH,2016-11-23,30.96,31.26,30.8,31.13,42761.19,132751.79
600600.SH,2016-11-24,31.15,31.15,30.89,31.1,34157.28,105849.45
600600.SH,2016-11-25,31.04,31.14,30.82,31.1,22029.76,68233.53
600600.SH,2016-11-28,31.12,31.38,30.96,31.28,24999.38,78076.08
600600.SH,2016-11-29,31.26,31.93,31.02,31.31,61370.51,193720.39
600600.SH,2016-11-30,31.32,31.38,30.84,30.88,26890.15,83485.17
600600.SH,2016-12-01,30.88,31.38,30.88,31.36,38533.9,120042.16
600600.SH,2016-12-02,31.31,31.39,30.97,31.01,31328.35,97500.0
600600.SH,2016-12-05,30.8,31.3,30.8,31.06,23487.01,73119.15
600600.SH,2016-12-06,31.2,31.24,30.88,31.13,18293.96,56753.43
600600.SH,2016-12-07,31.1,31.11,30.56,30.89,27825.06,85471.16
600600.SH,2016-12-08,30.85,30.99,30.62,30.64,16951.85,52230.39
600600.SH,2016-12-09,30.6,30.89,30.45,30.51,28022.9,85825.88
600600.SH,2016-12-12,30.57,30.72,29.64,29.71,34771.16,104666.58
600600.SH,2016-12-13,29.74,30.0,29.36,29.86,24577.77,72714.09
600600.SH,2016-12-14,29.85,30.88,29.75,29.78,22513.6,67386.64
600600.SH,2016-12-15,29.71,29.95,29.5,29.73,20901.34,62099.29
600600.SH,2016-12-16,29.6,29.92,29.52,29.82,10590.26,31546.55
600600.SH,2016-12-19,29.9,29.93,29.58,29.7,18698.16,55634.53
600600.SH,2016-12-20,29.69,29.69,28.8,29.1,30978.07,90208.44
600600.SH,2016-12-21,29.1,29.34,29.0,29.08,23414.12,68233.76
600600.SH,2016-12-22,29.13,29.28,29.05,29.28,13455.73,39254.34
600600.SH,2016-12-23,29.28,29.36,28.95,28.97,10309.67,30058.31
600600.SH,2016-12-26,29.0,29.22,28.81,29.17,12815.62,37170.28
600600.SH,2016-12-27,29.18,29.29,29.1,29.21,10068.18,29418.65
600600.SH,2016-12-28,29.25,29.34,29.13,29.28,9062.29,26505.96
600600.SH,2016-12-29,29.28,29.45,29.09,29.24,11439.29,33452.56
600600.SH,2016-12-30,29.3,29.62,29.25,29.44,16551.51,48721.83
600600.SH,2017-01-03,29.5,29.8,29.28,29.66,25375.23,75191.21
600600.SH,2017-01-04,29.65,29.77,29.5,29.68,16930.37,50229.12
600600.SH,2017-01-05,29.68,29.83,29.55,29.6,25884.37,76877.21
600600.SH,2017-01-06,29.62,29.69,29.4,29.43,15418.46,45436.04
600600.SH,2017-01-09,29.47,29.79,29.47,29.75,18905.27,56081.14
600600.SH,2017-01-10,29.85,29.85,29.46,29.54,12194.84,36136.2
600600.SH,2017-01-11,29.5,29.68,29.42,29.48,7461.9,22047.31
600600.SH,2017-01-12,29.57,29.57,29.32,29.35,7284.09,21444.02
600600.SH,2017-01-13,29.3,29.98,29.06,29.84,27604.22,81459.63
600600.SH,2017-01-16,29.68,30.47,29.38,30.4,80320.22,240785.88
600600.SH,2017-01-17,30.08,30.15,29.68,29.86,25883.02,77181.64
600600.SH,2017-01-18,29.85,30.15,29.66,29.9,20878.36,62406.89
600600.SH,2017-01-19,29.8,29.9,29.63,29.67,10952.68,32580.09
600600.SH,2017-01-20,29.8,30.36,29.8,30.29,23286.11,70305.76
600600.SH,2017-01-23,30.16,30.7,30.12,30.67,18239.17,55645.16
600600.SH,2017-01-24,30.7,30.87,30.42,30.64,15424.26,47208.5
600600.SH,2017-01-25,30.7,31.18,30.46,30.98,26058.99,80668.01
600600.SH,2017-01-26,30.99,32.1,30.99,31.99,41134.24,129787.58
600600.SH,2017-02-03,31.91,32.75,31.39,32.27,37317.08,119766.52
600600.SH,2017-02-06,32.23,33.05,32.1,32.71,49771.91,162496.0
600600.SH,2017-02-07,32.71,32.71,31.79,32.51,40320.78,130300.54
600600.SH,2017-02-08,32.35,33.28,32.12,33.23,27487.99,89947.94
600600.SH,2017-02-09,33.33,34.26,32.97,33.65,68765.12,232030.19
600600.SH,2017-02-10,33.31,33.54,32.98,33.28,26184.3,86935.03
600600.SH,2017-02-13,33.18,33.48,32.75,32.88,42134.32,138940.48
600600.SH,2017-02-14,32.83,33.2,32.75,32.98,15964.14,52667.62
600600.SH,2017-02-15,32.81,33.09,32.4,32.77,29955.33,97915.1
600600.SH,2017-02-16,32.65,32.88,32.44,32.74,12791.33,41824.59
600600.SH,2017-02-17,32.74,32.94,32.31,32.89,15994.93,52247.09
600600.SH,2017-02-20,32.89,33.6,32.78,33.44,34014.16,112645.76
600600.SH,2017-02-21,33.45,33.85,33.36,33.42,19925.61,67106.79
600600.SH,2017-02-22,33.44,33.65,32.99,33.59,26078.05,87173.71
600600.SH,2017-02-23,33.65,33.79,33.42,33.58,9839.71,33011.8
600600.SH,2017-02-24,33.48,33.57,32.87,33.08,18890.73,62562.5
600600.SH,2017-02-27,33.1,33.24,32.8,32.91,11945.0,39454.11
600600.SH,2017-02-28,32.91,33.19,32.8,33.09,10253.0,33894.16
600600.SH,2017-03-01,32.93,33.54,32.93,33.28,29384.8,97832.09
600600.SH,2017-03-02,33.31,33.35,32.82,32.9,9141.88,30162.42
600600.SH,2017-03-03,32.89,33.14,32.7,32.94,10935.77,35976.77
600600.SH,2017-03-06,32.93,33.7,32.68,32.89,20923.45,69174.21
600600.SH,2017-03-07,32.8,32.97,32.54,32.87,12482.79,40870.15
600600.SH,2017-03-08,32.85,33.08,32.63,33.04,13027.46,42775.07
600600.SH,2017-03-09,32.99,32.99,32.51,32.75,15092.49,49413.2
600600.SH,2017-03-10,32.68,33.35,32.56,33.19,14574.65,48198.82
600600.SH,2017-03-13,33.35,33.65,33.17,33.44,26086.45,87235.2
600600.SH,2017-03-14,33.41,33.59,32.78,33.01,17088.39,56652.14
600600.SH,2017-03-15,33.0,33.08,32.4,32.8,26753.09,87481.63
600600.SH,2017-03-16,32.82,33.0,32.59,32.66,23519.89,76872.42
600600.SH,2017-03-17,32.75,32.82,32.51,32.57,21472.12,70042.74
600600.SH,2017-03-20,32.52,32.88,32.5,32.73,17808.16,58118.44
600600.SH,2017-03-21,32.74,33.86,32.66,33.7,35727.22,118892.71
600600.SH,2017-03-22,32.8,33.49,32.8,33.46,35033.25,116275.05
600600.SH,2017-03-23,33.28,33.45,33.08,33.29,20977.38,69680.25
600600.SH,2017-03-24,33.36,34.12,32.95,34.04,38947.38,131393.4
600600.SH,2017-03-27,34.01,34.66,33.81,34.3,52627.08,181103.27
600600.SH,2017-03-28,34.2,34.3,33.85,33.99,15378.34,52260.47
600600.SH,2017-03-29,33.94,34.02,33.5,33.56,12604.71,42498.72
600600.SH,2017-03-30,33.59,33.7,32.64,32.83,15944.27,52582.42
600600.SH,2017-03-31,32.7,33.16,32.7,32.76,12981.7,42754.41
600600.SH,2017-04-05,32.75,33.11,32.53,32.89,17309.32,56807.38
600600.SH,2017-04-06,32.7,32.89,32.44,32.5,16113.19,52570.13
600600.SH,2017-04-07,32.45,32.69,32.31,32.56,19617.14,63814.09
600600.SH,2017-04-10,32.58,32.58,31.96,31.97,16716.12,53618.59
600600.SH,2017-04-11,31.97,32.2,31.51,32.09,15539.66,49348.69
600600.SH,2017-04-12,32.0,32.25,31.64,32.2,16335.61,52360.53
600600.SH,2017-04-13,32.2,32.92,32.11,32.85,20298.7,66097.54
600600.SH,2017-04-14,32.86,32.9,32.43,32.72,10125.97,33154.02
600600.SH,2017-04-17,32.72,32.97,32.42,32.63,7451.45,24347.45
600600.SH,2017-04-18,32.73,33.12,32.51,33.0,17994.22,59257.01
600600.SH,2017-04-19,32.97,33.0,31.9,32.7,12937.76,42112.55
600600.SH,2017-04-20,32.6,33.33,32.5,33.16,24898.91,82148.06
600600.SH,2017-04-21,33.1,33.55,32.71,33.54,27820.61,92682.77
600600.SH,2017-04-24,33.54,33.58,32.22,32.99,19194.15,62779.53
600600.SH,2017-04-25,32.79,33.49,32.42,33.46,22411.34,74431.23
600600.SH,2017-04-26,33.35,33.6,32.5,32.75,21019.17,69154.55
600600.SH,2017-04-27,32.52,32.61,31.71,32.22,24211.31,77512.21
600600.SH,2017-04-28,32.09,32.32,31.75,31.99,20492.88,65440.83
600600.SH,2017-05-02,32.03,32.2,31.8,32.02,10099.2,32317.37
600600.SH,2017-05-03,31.91,32.0,31.13,31.17,19309.42,60698.34
600600.SH,2017-05-04,31.24,31.75,31.09,31.37,21192.59,66723.35
600600.SH,2017-05-05,31.33,31.75,31.33,31.45,14519.65,45794.63
600600.SH,2017-05-08,31.45,31.65,31.28,31.41,8038.14,25250.47
600600.SH,2017-05-09,31.41,31.57,30.9,31.19,5919.93,18455.17
600600.SH,2017-05-10,31.25,31.56,31.16,31.27,7564.36,23742.9
600600.SH,2017-05-11,31.26,31.46,30.95,31.41,11726.54,36589.75
600600.SH,2017-05-12,31.4,31.55,31.15,31.5,5659.36,17768.9
600600.SH,2017-05-15,31.53,31.92,31.4,31.86,9209.98,29296.4
600600.SH,2017-05-16,31.86,31.95,31.58,31.86,12819.41,40775.36
600600.SH,2017-05-17,31.89,32.06,31.65,31.88,8193.6,26111.31
600600.SH,2017-05-18,31.79,32.4,31.51,32.07,10439.91,33411.98
600600.SH,2017-05-19,31.86,32.33,31.86,32.22,7704.55,24763.49
600600.SH,2017-05-22,32.15,33.13,32.01,32.68,21922.58,71640.96
600600.SH,2017-05-23,32.8,32.9,32.4,32.43,18289.25,59743.59
600600.SH,2017-05-24,32.3,32.39,31.32,31.89,10274.5,32600.77
600600.SH,2017-05-25,31.74,34.4,31.72,34.38,42944.36,143287.46
600600.SH,2017-05-26,34.3,34.31,33.52,33.58,30738.08,103852.89
600600.SH,2017-05-31,33.86,33.86,32.68,33.17,33896.58,112528.05
600600.SH,2017-06-01,33.0,33.49,32.75,33.14,22741.94,75365.51
600600.SH,2017-06-02,32.91,33.39,32.75,32.96,21925.54,72464.15
600600.SH,2017-06-05,32.96,33.81,32.91,33.65,25023.49,83888.08
600600.SH,2017-06-06,33.5,33.55,32.76,33.14,18782.16,62074.86
600600.SH,2017-06-07,33.02,33.45,32.98,33.44,22642.66,75195.0
600600.SH,2017-06-08,33.45,34.3,33.23,34.28,40412.97,136511.03
600600.SH,2017-06-09,34.12,35.29,34.01,35.17,80961.56,282320.05
600600.SH,2017-06-12,34.98,35.8,34.67,34.8,57794.4,203288.32
600600.SH,2017-06-13,34.69,34.95,34.35,34.59,36091.58,124621.18
600600.SH,2017-06-14,34.61,34.89,34.18,34.31,26468.32,91379.5
600600.SH,2017-06-15,34.16,34.63,34.16,34.6,15380.11,52968.51
600600.SH,2017-06-16,34.6,34.65,33.8,33.98,20522.23,69952.11
600600.SH,2017-06-19,34.0,34.18,33.72,33.91,29001.56,98194.95
600600.SH,2017-06-20,33.98,34.13,33.79,33.96,18596.04,63158.28
600600.SH,2017-06-21,34.1,34.68,33.58,34.66,33972.66,115913.43
600600.SH,2017-06-22,34.51,34.55,33.86,33.94,35746.66,122622.97
600600.SH,2017-06-23,33.97,34.3,33.48,34.2,29394.29,99443.97
600600.SH,2017-06-26,34.2,35.18,34.2,34.75,52987.3,184535.87
600600.SH,2017-06-27,34.69,34.95,34.48,34.89,40230.9,139986.12
600600.SH,2017-06-28,34.8,34.88,34.27,34.42,21312.11,73473.44
600600.SH,2017-06-29,34.42,35.15,34.4,34.99,34634.58,120774.76
600600.SH,2017-06-30,34.92,35.29,34.51,35.1,34044.57,119096.2
600600.SH,2017-07-03,35.12,35.14,34.55,34.79,30569.09,106106.08
600600.SH,2017-07-04,34.72,34.72,33.91,33.96,35903.56,122651.18
600600.SH,2017-07-05,33.73,34.07,33.63,33.96,24508.76,83044.25
600600.SH,2017-07-06,33.98,34.01,33.3,33.56,33206.18,111538.73
600600.SH,2017-07-07,33.55,33.68,33.34,33.6,16865.01,56566.83
600600.SH,2017-07-10,33.67,33.74,33.38,33.68,17933.81,60203.63
600600.SH,2017-07-11,33.68,34.09,33.58,33.75,26892.66,91018.35
600600.SH,2017-07-12,33.87,33.87,33.11,33.38,24479.21,81732.01
600600.SH,2017-07-13,33.38,33.49,33.2,33.27,19096.42,63626.09
600600.SH,2017-07-14,33.31,33.58,33.15,33.37,23453.01,78036.1
600600.SH,2017-07-17,33.27,33.34,32.11,32.12,32673.44,106297.59
600600.SH,2017-07-18,32.1,32.4,32.0,32.34,22297.7,71798.77
600600.SH,2017-07-19,32.4,33.14,32.36,33.09,40630.87,133244.46
600600.SH,2017-07-20,32.99,33.19,32.8,32.94,24507.4,80742.98
600600.SH,2017-07-21,32.88,32.93,32.66,32.84,16417.52,53882.88
600600.SH,2017-07-24,32.71,33.35,32.71,33.09,23708.28,78425.32
600600.SH,2017-07-25,33.5,33.5,32.96,33.1,22719.32,75283.87
600600.SH,2017-07-26,33.19,33.35,33.02,33.31,25978.04,86441.37
600600.SH,2017-07-27,33.25,33.57,33.18,33.52,19853.69,66395.59
600600.SH,2017-07-28,33.0,33.42,32.9,33.11,16149.47,53474.95
600600.SH,2017-07-31,33.15,33.44,32.77,33.39,31978.25,105979.57
600600.SH,2017-08-01,33.35,33.35,33.02,33.27,23291.21,77207.82
600600.SH,2017-08-02,33.3,33.33,32.76,32.77,22043.65,72882.3
600600.SH,2017-08-03,32.71,32.93,32.45,32.56,10749.74,35065.66
600600.SH,2017-08-04,32.58,32.82,32.51,32.53,8160.55,26639.21
600600.SH,2017-08-07,32.55,32.76,32.26,32.76,11544.32,37514.58
600600.SH,2017-08-08,32.73,32.79,32.49,32.57,10758.05,35064.44
600600.SH,2017-08-09,32.58,33.08,32.41,33.02,22257.81,73272.1
600600.SH,2017-08-10,33.0,33.58,32.57,32.65,38039.86,126046.35
600600.SH,2017-08-11,32.55,32.55,31.84,31.87,22702.74,72915.58
600600.SH,2017-08-14,31.86,32.32,31.85,32.08,13276.29,42720.98
600600.SH,2017-08-15,32.29,32.4,31.95,32.04,11712.3,37671.93
600600.SH,2017-08-16,31.92,32.23,31.92,32.14,9233.0,29659.5
600600.SH,2017-08-17,32.2,32.31,32.1,32.28,10444.13,33641.28
600600.SH,2017-08-18,32.27,32.48,32.1,32.42,11243.92,36300.14
600600.SH,2017-08-21,32.31,32.49,32.3,32.35,11124.36,36017.81
600600.SH,2017-08-22,32.35,32.46,32.01,32.45,16744.02,53985.27
600600.SH,2017-08-23,32.28,32.43,32.05,32.1,10100.0,32479.64
600600.SH,2017-08-24,32.09,32.17,31.91,31.93,7407.0,23726.98
600600.SH,2017-08-25,32.0,32.27,31.92,32.17,11014.15,35433.56
600600.SH,2017-08-28,32.2,32.41,32.09,32.35,14727.37,47555.18
600600.SH,2017-08-29,32.27,32.58,32.25,32.34,11297.42,36640.64
600600.SH,2017-08-30,32.3,32.49,32.29,32.34,9242.22,29924.81
600600.SH,2017-08-31,32.5,32.5,31.91,32.06,18035.47,57861.64
600600.SH,2017-09-01,32.05,32.16,31.93,32.1,13362.46,42796.65
600600.SH,2017-09-04,32.11,32.12,31.91,32.01,14530.3,46480.21
600600.SH,2017-09-05,32.01,32.11,31.8,32.03,16354.35,52225.39
600600.SH,2017-09-06,32.03,32.1,31.89,32.08,8183.34,26207.53
600600.SH,2017-09-07,32.08,32.16,31.84,31.89,11481.0,36711.42
600600.SH,2017-09-08,31.92,31.97,31.77,31.82,10356.32,32977.19
600600.SH,2017-09-11,31.85,31.88,31.6,31.67,15758.29,49967.82
600600.SH,2017-09-12,31.43,31.63,31.42,31.49,14078.21,44330.63
600600.SH,2017-09-13,31.49,31.74,31.45,31.6,13685.26,43244.6
600600.SH,2017-09-14,31.6,31.61,31.37,31.4,14133.0,44456.96
600600.SH,2017-09-15,31.5,31.5,31.2,31.27,16153.2,50512.77
600600.SH,2017-09-18,31.23,31.63,31.2,31.63,20783.05,65387.1
600600.SH,2017-09-19,31.59,31.63,31.28,31.3,21054.17,66073.71
600600.SH,2017-09-20,31.29,31.6,31.28,31.47,30890.9,97167.0
600600.SH,2017-09-21,31.49,31.49,30.96,30.98,27430.09,85597.08
600600.SH,2017-09-22,30.99,31.07,30.6,30.79,22219.19,68389.84
600600.SH,2017-09-25,30.77,30.77,30.56,30.59,20346.58,62316.08
600600.SH,2017-09-26,30.59,30.69,30.41,30.51,12629.82,38575.03
600600.SH,2017-09-27,30.45,30.64,30.37,30.56,13581.62,41402.06
600600.SH,2017-09-28,30.56,30.7,30.4,30.59,15875.02,48470.72
600600.SH,2017-09-29,30.59,30.85,30.51,30.81,14810.43,45567.69
600600.SH,2017-10-09,30.91,31.26,30.91,31.1,33488.45,104215.26
600600.SH,2017-10-10,31.17,31.28,31.1,31.19,25154.34,78480.4
600600.SH,2017-10-11,31.18,31.7,31.12,31.44,35226.87,110875.08
600600.SH,2017-10-12,31.25,31.65,31.16,31.29,28989.35,90959.39
600600.SH,2017-10-13,32.0,33.6,32.0,32.85,145281.9,478217.69
600600.SH,2017-10-16,32.68,32.99,32.2,32.6,50133.59,163497.54
600600.SH,2017-10-17,32.58,32.58,32.01,32.1,25968.25,83667.28
600600.SH,2017-10-18,32.14,32.35,31.93,32.03,23288.84,74689.24
600600.SH,2017-10-19,32.09,33.03,31.7,32.65,44561.66,144249.09
600600.SH,2017-10-20,32.46,32.56,31.88,32.22,20418.76,65806.26
600600.SH,2017-10-23,32.11,32.54,32.08,32.42,20850.32,67458.9
600600.SH,2017-10-24,32.55,32.8,32.16,32.48,19180.22,62321.17
600600.SH,2017-10-25,32.48,32.56,32.04,32.29,21942.24,70762.43
600600.SH,2017-10-26,32.35,32.9,32.35,32.44,29001.14,94638.68
600600.SH,2017-10-27,32.5,32.85,32.25,32.8,33118.85,108045.12
600600.SH,2017-10-30,32.79,33.58,32.25,33.51,57512.23,190196.87
600600.SH,2017-10-31,33.15,34.76,33.01,34.57,77727.19,264640.9
600600.SH,2017-11-01,34.38,34.88,33.8,34.13,57609.8,197078.71
600600.SH,2017-11-02,33.87,34.18,33.68,33.94,20039.89,67989.04
600600.SH,2017-11-03,33.99,34.46,33.33,33.45,28896.95,97691.05
600600.SH,2017-11-06,33.53,33.98,32.89,33.95,53677.72,179345.93
600600.SH,2017-11-07,33.7,35.3,33.7,35.08,73750.42,256866.83
600600.SH,2017-11-08,34.88,35.06,34.3,34.47,36569.51,126923.61
600600.SH,2017-11-09,34.47,34.88,33.91,34.79,31938.13,109774.46
600600.SH,2017-11-10,34.62,35.6,34.4,35.56,73625.03,258924.0
600600.SH,2017-11-13,35.4,35.8,35.1,35.24,38512.92,136277.5
600600.SH,2017-11-14,35.26,35.3,34.5,34.67,32342.09,112403.79
600600.SH,2017-11-15,34.51,34.78,33.81,34.2,31474.81,107661.61
600600.SH,2017-11-16,34.17,34.86,34.0,34.69,31585.75,109180.28
600600.SH,2017-11-17,34.59,34.59,31.93,32.77,45342.5,152112.73
600600.SH,2017-11-20,32.95,33.59,32.3,33.19,49368.55,163268.28
600600.SH,2017-11-21,33.09,33.87,33.04,33.64,41358.03,139075.61
600600.SH,2017-11-22,33.85,34.05,33.2,33.35,36595.54,122968.65
600600.SH,2017-11-23,33.31,33.5,32.19,32.25,34303.4,112439.09
600600.SH,2017-11-24,32.16,32.35,31.75,32.02,19880.82,63703.97
600600.SH,2017-11-27,31.9,32.17,31.0,31.17,39381.57,123183.85
600600.SH,2017-11-28,31.15,31.3,30.89,31.21,34837.99,108378.13
600600.SH,2017-11-29,31.12,31.3,30.68,30.89,35242.93,108731.34
600600.SH,2017-11-30,30.89,31.04,30.6,30.68,21161.73,65266.24
600600.SH,2017-12-01,30.71,30.96,30.71,30.78,26005.15,80210.48
600600.SH,2017-12-04,30.95,31.53,30.95,31.25,37164.42,116333.98
600600.SH,2017-12-05,31.3,31.57,30.85,30.9,35465.67,110948.89
600600.SH,2017-12-06,30.94,31.23,30.75,31.21,22165.94,68554.66
600600.SH,2017-12-07,31.1,31.38,31.01,31.2,26061.51,81340.42
600600.SH,2017-12-08,31.29,31.64,31.23,31.61,28499.38,89670.05
600600.SH,2017-12-11,31.62,32.18,31.58,32.15,40305.3,128905.45
600600.SH,2017-12-12,32.15,32.42,31.81,31.99,29395.34,94493.79
600600.SH,2017-12-13,31.97,34.68,31.97,34.38,96623.47,326283.19
600600.SH,2017-12-14,34.6,35.99,34.43,35.22,130363.77,459220.77
600600.SH,2017-12-15,35.41,36.17,35.11,35.71,111127.85,395526.84
600600.SH,2017-12-18,35.68,36.06,34.86,35.6,55471.04,196326.67
600600.SH,2017-12-19,35.55,35.74,35.32,35.6,57055.02,202891.03
600600.SH,2017-12-20,35.73,37.16,35.37,36.55,121928.02,442836.63
600600.SH,2017-12-21,35.49,36.35,35.11,36.0,110385.74,396329.71
600600.SH,2017-12-22,35.75,39.5,35.59,38.79,127598.65,481571.99
600600.SH,2017-12-25,38.78,42.2,38.78,40.78,129840.79,529353.9
600600.SH,2017-12-26,41.09,41.4,39.68,41.0,102943.92,414766.24
600600.SH,2017-12-27,40.51,40.9,39.41,39.81,88432.66,354798.84
600600.SH,2017-12-28,39.57,40.5,39.4,39.75,79963.84,317747.11
600600.SH,2017-12-29,39.78,40.17,39.06,39.33,66281.72,261838.23
600600.SH,2018-01-02,39.5,39.9,38.94,39.64,62566.85,247146.47
600600.SH,2018-01-03,39.72,39.75,38.65,39.39,94272.67,368201.16
600600.SH,2018-01-04,39.24,40.05,38.9,39.85,116358.94,460960.05
600600.SH,2018-01-05,42.35,43.84,42.35,43.84,221756.95,962386.23
600600.SH,2018-01-08,42.75,43.2,41.5,42.02,142886.11,602651.86
600600.SH,2018-01-09,41.99,43.5,41.61,42.57,107862.1,461103.32
600600.SH,2018-01-10,42.2,43.5,41.4,42.81,84914.06,359969.01
600600.SH,2018-01-11,42.4,43.18,41.85,42.53,52260.86,221385.67
600600.SH,2018-01-12,42.39,42.39,41.53,42.22,47475.25,199393.8
600600.SH,2018-01-15,42.12,43.8,42.12,42.8,85987.16,370232.98
600600.SH,2018-01-16,43.2,46.22,43.2,44.23,138010.39,614447.66
600600.SH,2018-01-17,44.0,44.1,42.3,43.19,83611.39,361452.04
600600.SH,2018-01-18,42.97,43.65,42.3,43.08,71229.58,306052.23
600600.SH,2018-01-19,42.63,42.97,40.45,41.65,130771.92,544013.77
600600.SH,2018-01-22,41.25,41.64,40.87,41.49,98480.55,405977.92
600600.SH,2018-01-23,41.53,41.88,40.5,41.0,101434.33,416787.11
600600.SH,2018-01-24,40.89,41.6,40.56,41.07,85799.07,352954.81
600600.SH,2018-01-25,40.9,41.27,40.3,40.8,61714.01,251197.59
600600.SH,2018-01-26,40.89,41.97,40.66,41.08,96532.37,399506.79
600600.SH,2018-01-29,41.11,41.44,38.83,39.26,89923.49,358227.69
600600.SH,2018-01-30,38.95,39.37,38.6,38.94,50732.92,197946.63
600600.SH,2018-01-31,39.02,40.1,38.94,39.89,64464.93,255220.51
600600.SH,2018-02-01,39.55,39.85,37.5,38.3,70534.44,271702.54
600600.SH,2018-02-02,38.28,40.47,37.65,40.16,61043.8,238705.63
600600.SH,2018-02-05,39.15,39.75,38.3,39.63,87597.2,341256.31
600600.SH,2018-02-06,38.52,38.88,37.0,38.02,77640.72,295921.61
600600.SH,2018-02-07,38.66,38.8,37.33,37.41,57814.86,219454.07
600600.SH,2018-02-08,37.0,37.8,36.64,37.48,44385.18,165878.4
600600.SH,2018-02-09,36.39,36.64,35.08,35.74,61050.94,219703.48
600600.SH,2018-02-12,35.99,36.97,35.86,36.75,32956.34,120567.16
600600.SH,2018-02-13,37.03,38.1,37.03,37.32,35057.06,131683.6
600600.SH,2018-02-14,37.34,37.95,37.09,37.82,17325.76,65261.5
600600.SH,2018-02-22,38.37,38.77,38.04,38.43,47641.76,182880.26
600600.SH,2018-02-23,38.45,38.68,38.06,38.63,26642.84,102496.24
600600.SH,2018-02-26,38.74,39.23,38.25,39.03,37219.65,144870.74
600600.SH,2018-02-27,38.94,38.99,37.7,38.13,41036.54,157069.17
600600.SH,2018-02-28,37.81,38.16,36.7,38.13,44201.48,164858.49
600600.SH,2018-03-01,37.76,38.47,37.51,38.25,33867.58,129112.23
600600.SH,2018-03-02,37.68,38.22,37.39,37.5,31288.8,117976.91
600600.SH,2018-03-05,37.5,37.88,36.78,36.96,35803.67,133203.16
600600.SH,2018-03-06,37.12,37.64,36.8,37.43,41222.06,153413.44
600600.SH,2018-03-07,37.5,38.08,36.75,36.99,51426.92,192943.28
600600.SH,2018-03-08,36.85,37.49,36.59,37.39,32875.29,122105.7
600600.SH,2018-03-09,38.0,39.39,38.0,38.91,95224.75,369908.3
600600.SH,2018-03-12,39.7,41.15,39.7,40.91,112009.54,453464.28
600600.SH,2018-03-13,40.8,41.46,40.21,40.78,77822.28,317757.63
600600.SH,2018-03-14,40.56,41.07,40.31,40.83,44794.42,182440.39
600600.SH,2018-03-15,40.68,42.21,40.5,41.22,79756.98,330926.16
600600.SH,2018-03-16,41.23,41.71,40.02,40.26,68515.04,278917.96
600600.SH,2018-03-19,40.25,40.86,39.59,40.49,45130.09,181920.74
600600.SH,2018-03-20,40.0,40.49,39.73,40.26,37338.38,149736.62
600600.SH,2018-03-21,40.35,41.19,39.46,39.68,50395.98,204363.1
600600.SH,2018-03-22,39.68,40.35,39.04,39.43,49750.29,196842.56
600600.SH,2018-03-23,37.67,38.81,37.05,38.04,69389.19,263480.91
600600.SH,2018-03-26,37.69,40.34,37.5,40.21,58624.39,227846.46
600600.SH,2018-03-27,40.35,40.79,39.74,40.64,62885.52,253193.64
600600.SH,2018-03-28,39.8,39.88,38.72,39.16,65720.36,258895.66
600600.SH,2018-03-29,39.17,40.09,38.03,39.99,57586.4,225764.88
600600.SH,2018-03-30,40.0,40.85,39.76,40.43,54695.84,221043.76
600600.SH,2018-04-02,40.2,41.99,40.2,40.83,59556.01,246031.89
600600.SH,2018-04-03,40.35,42.22,40.25,42.07,78314.65,325825.38
600600.SH,2018-04-04,42.52,43.47,41.69,42.49,82142.81,350153.94
600600.SH,2018-04-09,41.7,43.0,41.08,41.98,61829.06,259803.78
600600.SH,2018-04-10,41.98,43.24,41.26,43.09,66961.56,284381.44
600600.SH,2018-04-11,43.04,44.45,42.75,43.74,85916.49,377261.56
600600.SH,2018-04-12,43.72,44.65,43.38,43.61,49302.94,217233.93
600600.SH,2018-04-13,43.61,44.25,42.28,42.54,52058.26,223811.51
600600.SH,2018-04-16,42.8,44.7,42.59,43.71,81931.51,358619.55
600600.SH,2018-04-17,43.74,43.95,42.29,42.73,50102.35,216455.57
600600.SH,2018-04-18,42.82,43.24,41.0,41.9,66579.16,277915.63
600600.SH,2018-04-19,41.88,43.18,41.37,42.93,66164.66,281453.12
600600.SH,2018-04-20,42.93,43.65,41.71,41.76,49624.46,211872.84
600600.SH,2018-04-23,41.76,43.5,41.5,42.74,61933.19,264218.17
600600.SH,2018-04-24,42.99,44.19,42.7,43.34,67215.15,293191.83
600600.SH,2018-04-25,43.99,43.99,42.66,43.19,53089.98,228611.86
600600.SH,2018-04-26,42.87,43.17,40.52,40.92,86250.25,358128.25
600600.SH,2018-04-27,40.92,41.6,39.46,40.69,64870.03,262114.59
600600.SH,2018-05-02,40.99,42.09,40.62,42.05,65264.35,269788.16
600600.SH,2018-05-03,41.95,42.33,41.27,41.97,45608.89,190788.9
600600.SH,2018-05-04,41.4,43.18,41.4,42.95,71615.68,305683.83
600600.SH,2018-05-07,42.9,47.25,42.88,47.25,151910.93,693700.1
600600.SH,2018-05-08,47.98,49.02,47.51,48.74,128448.45,621078.52
600600.SH,2018-05-09,48.7,49.27,48.18,49.01,83545.84,406356.98
600600.SH,2018-05-10,49.1,50.8,48.2,49.13,94854.31,467953.48
600600.SH,2018-05-11,48.94,49.5,48.14,48.99,63250.94,308528.12
600600.SH,2018-05-14,48.94,50.73,48.4,49.5,80250.44,398698.13
600600.SH,2018-05-15,49.3,51.88,48.55,51.51,98081.44,492816.73
600600.SH,2018-05-16,50.95,53.58,50.45,52.13,138350.67,722356.1
600600.SH,2018-05-17,52.0,52.0,50.76,51.39,65192.11,334105.51
600600.SH,2018-05-18,51.01,52.19,50.37,51.86,65558.3,337527.52
600600.SH,2018-05-21,51.87,52.48,50.8,52.42,66475.09,343654.28
600600.SH,2018-05-22,52.0,53.22,51.64,52.51,50334.46,263808.79
600600.SH,2018-05-23,52.32,52.75,51.15,51.32,54155.91,281171.25
600600.SH,2018-05-24,51.31,51.6,50.01,50.5,70025.08,354872.18
600600.SH,2018-05-25,51.26,53.18,50.75,52.4,115940.15,605419.07
600600.SH,2018-05-28,52.45,56.98,52.45,56.39,136581.75,748215.15
600600.SH,2018-05-29,54.0,56.88,53.53,53.85,133889.21,738119.07
600600.SH,2018-05-30,53.01,54.37,50.5,53.22,94298.91,500042.45
600600.SH,2018-05-31,53.59,54.95,52.63,52.97,134952.69,723587.57
600600.SH,2018-06-01,52.88,53.59,49.1,50.46,130358.85,663630.44
600600.SH,2018-06-04,50.46,51.61,49.88,50.73,96483.38,488644.43
600600.SH,2018-06-05,50.86,51.32,50.22,51.25,83955.86,427476.03
600600.SH,2018-06-06,51.0,51.51,50.0,51.01,115469.68,586174.78
600600.SH,2018-06-07,50.9,50.91,49.56,49.92,92997.49,465790.43
600600.SH,2018-06-08,49.88,50.44,48.08,49.19,102025.78,500124.82
600600.SH,2018-06-11,49.17,49.7,46.94,47.89,125442.5,601673.83
600600.SH,2018-06-12,47.97,48.97,47.5,48.73,114772.47,555943.07
600600.SH,2018-06-13,48.94,48.96,47.56,47.6,78884.25,379805.34
600600.SH,2018-06-14,47.86,49.53,47.86,48.56,109703.5,533446.45
600600.SH,2018-06-15,48.55,48.77,45.8,46.48,112883.07,526705.12
600600.SH,2018-06-19,46.0,46.48,43.0,44.3,92091.08,413736.92
600600.SH,2018-06-20,44.3,45.84,44.0,45.47,83909.58,378599.53
600600.SH,2018-06-21,45.78,46.64,44.75,44.97,74329.6,340445.22
600600.SH,2018-06-22,44.5,46.16,44.33,45.98,58543.94,266374.08
600600.SH,2018-06-25,46.4,47.32,46.02,46.74,76003.01,355415.43
600600.SH,2018-06-26,46.1,46.65,44.98,45.4,65390.39,297561.44
600600.SH,2018-06-27,45.4,45.94,43.5,44.19,75062.66,332458.7
600600.SH,2018-06-28,43.6,44.02,41.56,42.02,64720.38,276423.05
600600.SH,2018-06-29,42.59,44.55,42.2,43.83,88675.6,382943.21
600600.SH,2018-07-02,44.25,45.49,43.76,44.41,69049.9,308716.7
600600.SH,2018-07-03,44.4,44.99,43.35,44.38,46833.94,206589.67
600600.SH,2018-07-04,44.2,44.3,43.0,43.55,39316.44,172514.82
600600.SH,2018-07-05,43.28,44.35,42.52,43.66,50333.43,218337.91
600600.SH,2018-07-06,43.79,43.79,40.7,42.19,76003.19,320706.91
600600.SH,2018-07-09,41.83,44.48,41.8,44.35,70451.95,307446.83
600600.SH,2018-07-10,44.46,45.0,43.8,44.66,41936.11,186630.88
600600.SH,2018-07-11,43.89,44.87,43.08,44.51,38977.23,171999.59
600600.SH,2018-07-12,44.21,46.22,44.21,46.19,58259.24,266491.24
600600.SH,2018-07-13,46.42,46.8,45.6,46.52,38547.54,178798.13
600600.SH,2018-07-16,46.67,47.09,45.0,45.82,39891.3,182562.71
600600.SH,2018-07-17,45.95,45.95,44.39,45.6,35097.95,158257.75
600600.SH,2018-07-18,45.66,48.0,45.41,47.65,88069.72,414711.8
600600.SH,2018-07-19,47.76,47.8,46.51,46.77,36548.28,171756.94
600600.SH,2018-07-20,46.61,48.05,46.4,47.54,50407.03,239122.87
600600.SH,2018-07-23,47.43,47.44,46.02,46.42,38922.1,181020.36
600600.SH,2018-07-24,46.42,46.9,45.52,46.5,49920.88,230625.43
600600.SH,2018-07-25,46.69,46.69,45.8,46.02,29909.16,137869.48
600600.SH,2018-07-26,45.85,46.89,45.84,46.12,38542.23,179207.64
600600.SH,2018-07-27,46.45,46.55,44.7,45.19,31610.46,143065.23
600600.SH,2018-07-30,45.51,45.75,44.4,45.16,27688.06,124382.6
600600.SH,2018-07-31,45.3,45.37,44.1,44.36,26046.34,116421.82
600600.SH,2018-08-01,44.36,44.9,42.88,43.2,41520.25,181268.37
600600.SH,2018-08-02,43.2,43.2,40.86,42.53,44352.55,186218.61
600600.SH,2018-08-03,42.6,42.7,39.01,39.21,67386.78,270650.07
600600.SH,2018-08-06,39.19,39.3,37.2,38.0,70895.12,272169.66
600600.SH,2018-08-07,38.08,38.89,37.47,38.84,67214.47,256603.25
600600.SH,2018-08-08,38.8,38.88,37.57,37.59,52066.36,198667.41
600600.SH,2018-08-09,37.31,39.26,37.31,38.74,52008.76,200843.92
600600.SH,2018-08-10,38.7,39.7,38.7,39.15,29922.95,117497.56
600600.SH,2018-08-13,38.9,38.9,37.8,38.7,38384.94,147278.98
600600.SH,2018-08-14,38.71,39.49,38.48,38.67,26680.3,103649.05
600600.SH,2018-08-15,38.8,38.9,37.0,37.11,43642.89,164323.48
600600.SH,2018-08-16,36.35,36.96,35.84,36.23,54996.37,200149.0
600600.SH,2018-08-17,36.45,36.65,35.8,36.13,34692.63,125577.93
600600.SH,2018-08-20,35.98,36.1,34.34,35.07,52276.2,183071.87
600600.SH,2018-08-21,35.29,35.84,35.04,35.5,66057.07,234425.09
600600.SH,2018-08-22,35.5,35.8,34.58,34.66,39317.47,137618.15
600600.SH,2018-08-23,34.79,35.66,34.7,35.2,41379.81,145694.77
600600.SH,2018-08-24,35.47,36.0,35.05,35.69,37998.64,135053.5
600600.SH,2018-08-27,36.1,36.79,35.41,36.5,63196.7,228019.07
600600.SH,2018-08-28,36.58,36.68,36.02,36.31,38252.96,138590.55
600600.SH,2018-08-29,35.85,35.85,34.6,34.99,71568.66,250232.36
600600.SH,2018-08-30,35.04,35.21,34.76,34.99,40470.71,141544.27
600600.SH,2018-08-31,34.88,34.88,34.01,34.2,36427.94,124979.76
600600.SH,2018-09-03,34.2,34.45,33.86,34.37,27090.89,92554.51
600600.SH,2018-09-04,34.28,34.49,33.67,34.41,28563.64,97583.08
600600.SH,2018-09-05,34.4,34.41,33.92,34.07,26047.33,88822.32
600600.SH,2018-09-06,33.77,33.99,32.6,33.1,46286.77,153864.95
600600.SH,2018-09-07,32.94,33.5,32.66,33.18,35036.71,115979.2
600600.SH,2018-09-10,33.24,33.29,32.59,33.06,20356.01,67057.86
600600.SH,2018-09-11,33.07,33.09,32.01,32.12,46414.36,150333.88
600600.SH,2018-09-12,32.02,32.4,31.83,31.9,35922.72,115334.54
600600.SH,2018-09-13,32.2,32.48,31.32,32.0,34753.1,110575.41
600600.SH,2018-09-14,32.18,32.4,31.5,32.23,44939.44,143803.59
600600.SH,2018-09-17,31.62,31.79,31.08,31.15,47571.57,149189.54
600600.SH,2018-09-18,31.08,32.51,30.88,32.29,56509.48,179006.69
600600.SH,2018-09-19,32.2,34.16,32.02,33.86,87541.66,291828.49
600600.SH,2018-09-20,33.79,33.96,33.21,33.45,44840.14,150166.06
600600.SH,2018-09-21,33.65,34.45,33.46,34.25,60324.26,204728.74
600600.SH,2018-09-25,33.72,34.4,33.6,34.39,31998.53,109124.29
600600.SH,2018-09-26,34.28,35.8,34.2,35.35,67346.21,237052.33
600600.SH,2018-09-27,35.3,35.3,34.6,34.7,36335.32,126602.79
600600.SH,2018-09-28,34.73,35.27,34.46,34.77,41909.26,146291.87
600600.SH,2018-10-08,33.9,34.4,33.66,33.82,40212.29,136269.12
600600.SH,2018-10-09,33.65,33.95,32.46,32.98,41743.41,138783.63
600600.SH,2018-10-10,33.08,33.75,33.08,33.69,42202.99,141508.14
600600.SH,2018-10-11,32.5,34.27,32.3,32.76,60609.84,200297.7
600600.SH,2018-10-12,32.6,32.9,31.3,32.05,42851.62,137093.46
600600.SH,2018-10-15,32.05,32.96,31.52,32.05,37562.24,121347.8
600600.SH,2018-10-16,31.6,32.35,31.2,31.35,29205.33,92263.54
600600.SH,2018-10-17,31.62,31.9,30.52,31.35,26013.62,81215.74
600600.SH,2018-10-18,31.31,31.31,30.05,30.63,42323.93,128955.82
600600.SH,2018-10-19,30.18,31.99,30.05,31.9,36832.75,114696.84
600600.SH,2018-10-22,32.35,34.0,32.28,33.0,66591.85,221838.37
600600.SH,2018-10-23,33.29,33.29,31.69,31.9,41519.8,134094.95
600600.SH,2018-10-24,31.9,32.08,30.91,31.38,30387.03,95719.53
600600.SH,2018-10-25,30.6,30.79,30.1,30.7,35294.72,107519.28
600600.SH,2018-10-26,30.99,31.36,30.02,30.2,31650.29,96168.48
600600.SH,2018-10-29,29.93,29.93,28.52,28.69,61152.39,178915.89
600600.SH,2018-10-30,28.79,29.48,28.4,29.09,61668.07,179010.02
600600.SH,2018-10-31,29.07,30.35,29.07,30.2,63345.21,190334.85
600600.SH,2018-11-01,30.76,31.67,30.4,31.23,60842.01,190173.92
600600.SH,2018-11-02,31.67,32.97,31.62,32.75,54533.32,176402.53
600600.SH,2018-11-05,32.55,33.21,32.48,32.92,36553.92,120237.71
600600.SH,2018-11-06,32.92,33.15,32.29,32.88,19292.87,63202.95
600600.SH,2018-11-07,33.04,33.35,32.8,32.95,25588.53,84768.41
600600.SH,2018-11-08,33.25,33.37,32.52,32.67,25942.73,85205.56
600600.SH,2018-11-09,32.9,32.9,32.04,32.69,25852.97,84112.46
600600.SH,2018-11-12,32.69,33.28,32.46,32.97,25049.73,82320.14
600600.SH,2018-11-13,32.42,33.16,32.22,32.95,30005.39,98022.08
600600.SH,2018-11-14,32.8,32.9,32.17,32.28,27216.14,88103.37
600600.SH,2018-11-15,32.3,32.61,32.13,32.39,21718.33,70258.6
600600.SH,2018-11-16,32.48,32.9,31.98,32.87,30860.96,100204.51
600600.SH,2018-11-19,32.85,32.85,32.2,32.35,40605.97,131387.5
600600.SH,2018-11-20,32.26,32.26,30.87,31.03,47461.64,148874.98
600600.SH,2018-11-21,30.35,30.99,30.35,30.85,21339.63,65613.73
600600.SH,2018-11-22,30.88,31.25,30.58,30.85,22365.92,68908.46
600600.SH,2018-11-23,30.88,30.9,29.77,29.97,32455.33,98047.01
600600.SH,2018-11-26,30.0,30.39,30.0,30.15,19069.55,57558.66
600600.SH,2018-11-27,30.28,30.37,30.03,30.18,12471.37,37639.01
600600.SH,2018-11-28,30.1,30.7,30.07,30.65,18684.41,56753.19
600600.SH,2018-11-29,30.72,31.05,30.27,30.35,21371.86,65660.58
600600.SH,2018-11-30,30.35,30.83,30.23,30.83,16680.29,50851.17
600600.SH,2018-12-03,31.6,32.17,31.15,31.7,55776.5,177175.47
600600.SH,2018-12-04,31.57,31.98,31.39,31.92,30501.86,96799.85
600600.SH,2018-12-05,31.31,32.07,31.31,31.78,29633.49,94190.43
600600.SH,2018-12-06,31.7,31.77,31.05,31.09,24869.19,77934.51
600600.SH,2018-12-07,31.18,32.09,31.18,31.88,41577.24,132383.66
600600.SH,2018-12-10,31.68,32.4,31.56,32.17,44713.47,143504.15
600600.SH,2018-12-11,32.0,33.5,31.72,33.33,65557.98,215327.8
600600.SH,2018-12-12,33.5,35.32,33.45,35.24,93282.49,324820.89
600600.SH,2018-12-13,35.26,36.48,35.0,35.63,68681.8,244848.38
600600.SH,2018-12-14,35.5,36.68,35.31,35.99,76094.09,274450.31
600600.SH,2018-12-17,36.0,36.1,34.85,35.36,53465.69,188546.57
600600.SH,2018-12-18,35.19,35.85,34.81,35.27,49529.8,174356.62
600600.SH,2018-12-19,35.57,36.4,34.88,35.34,56076.25,200330.67
600600.SH,2018-12-20,35.1,35.95,34.2,35.62,49469.19,175410.64
600600.SH,2018-12-21,35.84,36.18,34.55,35.1,39812.89,139905.08
600600.SH,2018-12-24,35.2,36.96,34.65,36.9,46532.72,167366.18
600600.SH,2018-12-25,36.18,36.36,35.0,36.13,49639.45,176793.1
600600.SH,2018-12-26,36.06,36.1,34.82,35.11,30450.01,107559.71
600600.SH,2018-12-27,35.44,35.66,35.0,35.05,29470.5,103858.7
600600.SH,2018-12-28,35.05,35.36,34.5,34.86,26620.7,92973.7
600600.SH,2019-01-02,34.91,35.68,34.12,34.5,28668.26,99933.06
600600.SH,2019-01-03,34.8,34.89,32.93,33.3,31378.38,105810.41
600600.SH,2019-01-04,32.19,33.93,32.19,33.4,28169.08,93893.48
600600.SH,2019-01-07,33.49,35.18,33.1,34.86,41652.42,143595.36
600600.SH,2019-01-08,34.72,34.72,33.2,33.49,44656.46,150256.89
600600.SH,2019-01-09,33.51,34.68,33.28,33.75,45917.94,156440.5
600600.SH,2019-01-10,33.73,33.73,32.87,33.18,43423.28,143615.05
600600.SH,2019-01-11,33.2,33.6,32.9,33.21,30274.14,100415.97
600600.SH,2019-01-14,33.26,33.28,32.65,33.09,25029.31,82339.61
600600.SH,2019-01-15,32.98,36.4,32.83,36.4,108101.26,378485.98
600600.SH,2019-01-16,36.0,36.87,35.86,36.1,65967.57,238810.51
600600.SH,2019-01-17,36.5,36.5,35.8,35.8,43304.57,156437.27
600600.SH,2019-01-18,36.0,36.47,35.76,36.19,46856.34,169538.09
600600.SH,2019-01-21,36.17,38.76,36.09,36.78,74393.15,277172.47
600600.SH,2019-01-22,36.5,36.74,35.8,36.17,28249.18,102189.13
600600.SH,2019-01-23,36.0,36.68,35.81,36.3,28632.03,104051.3
600600.SH,2019-01-24,36.22,36.81,36.04,36.58,23336.96,85021.56
600600.SH,2019-01-25,36.57,37.56,36.16,36.83,31765.91,116864.25
600600.SH,2019-01-28,37.0,37.94,36.6,36.96,43638.08,162558.75
600600.SH,2019-01-29,36.8,38.38,36.1,38.13,49569.9,185960.08
600600.SH,2019-01-30,37.54,38.68,37.16,37.19,39850.83,150941.08
600600.SH,2019-01-31,37.05,38.12,37.05,37.73,25563.59,96315.78
600600.SH,2019-02-01,37.77,38.2,37.5,38.1,31936.02,121164.34
600600.SH,2019-02-11,38.1,39.0,37.5,38.7,44176.74,169038.9
600600.SH,2019-02-12,38.67,38.7,38.1,38.45,42493.43,162797.26
600600.SH,2019-02-13,38.4,38.7,38.25,38.55,38041.85,146387.18
600600.SH,2019-02-14,38.48,40.24,38.38,39.46,43017.95,169979.25
600600.SH,2019-02-15,39.39,39.39,38.2,38.33,34453.61,133628.75
600600.SH,2019-02-18,38.38,39.51,38.35,39.06,34493.36,134124.33
600600.SH,2019-02-19,39.14,39.37,37.55,38.2,59708.55,228547.4
600600.SH,2019-02-20,38.21,38.57,37.71,37.91,35017.12,133493.07
600600.SH,2019-02-21,38.2,38.48,37.62,38.0,40593.83,154594.25
600600.SH,2019-02-22,37.81,37.99,37.3,37.91,58639.46,219844.14
600600.SH,2019-02-25,37.99,39.18,37.78,39.1,81454.94,313496.51
600600.SH,2019-02-26,39.0,40.74,38.39,39.7,88440.06,348611.32
600600.SH,2019-02-27,39.5,40.85,38.48,38.94,96332.96,383596.72
600600.SH,2019-02-28,38.4,38.75,38.02,38.28,48239.34,185096.53
600600.SH,2019-03-01,38.37,39.29,38.37,39.23,81744.14,317295.49
600600.SH,2019-03-04,39.3,40.58,38.65,40.29,94150.14,375087.53
600600.SH,2019-03-05,40.5,40.8,39.55,39.95,77316.21,309764.98
600600.SH,2019-03-06,40.0,40.15,39.17,39.77,73328.67,289999.46
600600.SH,2019-03-07,39.74,40.49,38.95,39.28,72905.36,287038.2
600600.SH,2019-03-08,38.89,38.94,37.4,37.51,80721.14,307357.13
600600.SH,2019-03-11,37.51,38.09,37.5,37.94,50234.21,189899.27
600600.SH,2019-03-12,38.15,38.58,37.81,38.19,55943.94,213525.95
600600.SH,2019-03-13,38.0,38.38,37.51,37.58,46252.54,174532.23
600600.SH,2019-03-14,37.6,38.95,37.5,38.93,85145.6,326688.05
600600.SH,2019-03-15,38.99,39.8,38.52,38.94,99207.01,388936.17
600600.SH,2019-03-18,39.31,42.28,39.0,41.55,174804.48,716186.77
600600.SH,2019-03-19,41.69,42.19,40.76,40.98,96600.8,398393.22
600600.SH,2019-03-20,40.99,41.8,40.4,40.81,81243.07,333870.03
600600.SH,2019-03-21,40.9,41.06,40.05,40.3,81570.32,329198.53
600600.SH,2019-03-22,40.34,40.85,39.8,40.19,84799.24,341251.41
600600.SH,2019-03-25,39.2,39.99,38.78,39.15,76054.2,299882.7
600600.SH,2019-03-26,39.26,39.43,37.88,38.22,83487.62,321733.89
600600.SH,2019-03-27,38.3,41.29,38.3,40.55,171534.43,686532.81
600600.SH,2019-03-28,40.5,41.39,40.16,41.13,97629.07,398557.04
600600.SH,2019-03-29,40.38,44.2,40.3,43.17,184435.59,789433.38
600600.SH,2019-04-01,43.01,46.5,43.01,46.15,161497.15,734712.78
600600.SH,2019-04-02,46.15,47.25,45.13,46.16,91797.87,424524.19
600600.SH,2019-04-03,46.5,50.46,46.25,48.6,126685.27,618031.22
600600.SH,2019-04-04,49.14,50.19,48.17,49.1,102944.98,505700.57
600600.SH,2019-04-08,49.15,50.5,47.91,48.5,90161.88,440374.02
600600.SH,2019-04-09,48.3,48.77,46.72,48.4,72619.99,347544.26
600600.SH,2019-04-10,48.46,49.24,47.51,48.56,76825.25,371874.29
600600.SH,2019-04-11,48.88,48.94,47.4,47.8,74286.45,355926.75
600600.SH,2019-04-12,47.6,50.68,47.6,48.8,96568.92,471910.22
600600.SH,2019-04-15,49.48,50.0,47.01,47.18,99794.07,482005.83
600600.SH,2019-04-16,47.18,47.92,46.8,47.79,56527.69,268608.97
600600.SH,2019-04-17,48.1,48.31,47.3,47.85,46966.7,224613.48
600600.SH,2019-04-18,47.85,51.96,47.6,50.8,133872.74,673860.92
600600.SH,2019-04-19,50.2,50.67,49.2,50.0,62644.32,312760.16
600600.SH,2019-04-22,50.0,50.8,49.05,49.45,44589.1,222711.01
600600.SH,2019-04-23,49.5,50.51,48.66,49.37,58563.47,290391.87
600600.SH,2019-04-24,49.49,49.85,48.33,49.3,59342.29,290447.99
600600.SH,2019-04-25,49.2,49.48,48.09,48.09,41891.77,204108.37
600600.SH,2019-04-26,48.09,48.74,47.68,48.59,44695.97,215574.3
600600.SH,2019-04-29,48.15,48.4,46.5,47.1,67795.16,321094.06
600600.SH,2019-04-30,48.31,51.41,48.31,51.0,109764.03,551107.88
600600.SH,2019-05-06,50.0,52.55,49.0,50.0,149150.54,751433.18
600600.SH,2019-05-07,50.4,52.53,50.4,52.15,111574.43,573330.68
600600.SH,2019-05-08,50.8,53.25,50.3,50.71,90210.58,467161.86
600600.SH,2019-05-09,49.69,49.7,47.12,47.88,105191.13,508212.37
600600.SH,2019-05-10,48.34,51.12,48.34,51.11,93501.48,468070.37
600600.SH,2019-05-13,51.0,53.63,50.21,52.66,101395.75,531400.67
600600.SH,2019-05-14,51.6,52.8,51.36,52.19,56678.47,294815.44
600600.SH,2019-05-15,52.35,54.01,51.65,53.92,88127.72,466350.93
600600.SH,2019-05-16,53.35,54.47,53.0,54.3,72683.1,391343.19
600600.SH,2019-05-17,54.5,54.94,51.83,52.28,91752.86,489888.44
600600.SH,2019-05-20,52.0,52.28,49.73,51.99,76519.41,389530.94
600600.SH,2019-05-21,51.4,52.18,50.0,51.65,50228.08,258587.18
600600.SH,2019-05-22,51.66,52.35,50.33,50.85,43454.51,221955.89
600600.SH,2019-05-23,50.6,50.9,48.83,48.94,57544.3,285465.85
600600.SH,2019-05-24,49.24,49.99,48.2,49.5,55997.33,274085.91
600600.SH,2019-05-27,49.2,49.68,48.18,49.4,69991.72,342466.43
600600.SH,2019-05-28,49.3,49.68,48.17,49.5,101586.55,495608.64
600600.SH,2019-05-29,48.78,49.65,48.38,48.65,81610.06,398162.83
600600.SH,2019-05-30,48.2,49.01,48.2,48.89,49247.31,239150.69
600600.SH,2019-05-31,48.88,49.2,48.11,48.61,49668.03,241714.7
600600.SH,2019-06-03,48.78,48.95,46.8,47.32,83487.62,398213.37
600600.SH,2019-06-04,47.45,47.53,45.56,45.9,82558.35,383075.94
600600.SH,2019-06-05,46.7,46.72,44.7,45.14,97662.81,445871.15
600600.SH,2019-06-06,45.54,46.5,44.9,45.1,95574.21,436148.51
600600.SH,2019-06-10,45.42,46.79,44.8,46.3,84324.18,388721.51
600600.SH,2019-06-11,46.48,48.89,46.48,48.81,103623.17,496852.14
600600.SH,2019-06-12,48.48,48.59,47.4,47.82,75146.91,359764.96
600600.SH,2019-06-13,47.82,48.09,47.05,47.42,51679.0,244906.02
600600.SH,2019-06-14,47.54,47.88,46.29,47.2,74712.03,350775.58
600600.SH,2019-06-17,46.98,46.98,44.87,45.5,98050.83,448596.23
600600.SH,2019-06-18,45.44,46.25,44.75,46.01,82475.38,375503.99
600600.SH,2019-06-19,47.48,47.59,46.75,47.19,91675.98,433105.82
600600.SH,2019-06-20,47.19,48.78,46.89,48.65,94756.73,456925.96
600600.SH,2019-06-21,48.58,48.99,47.42,47.7,124265.67,594648.17
600600.SH,2019-06-24,47.72,48.74,47.37,48.11,83714.75,403720.42
600600.SH,2019-06-25,48.08,48.35,47.11,47.78,57299.82,272935.66
600600.SH,2019-06-26,47.32,48.0,47.32,47.81,39061.27,186266.46
600600.SH,2019-06-27,47.9,50.34,47.78,50.05,139662.33,685290.41
600600.SH,2019-06-28,49.95,49.95,48.88,49.93,72821.71,359991.95
600600.SH,2019-07-01,50.38,51.98,50.04,50.78,119745.56,610052.08
600600.SH,2019-07-02,51.02,51.32,50.0,50.45,74806.94,377977.82
600600.SH,2019-07-03,50.4,51.0,48.5,49.34,129343.76,646865.95
600600.SH,2019-07-04,49.19,49.44,47.6,47.89,97478.0,468780.52
600600.SH,2019-07-05,48.05,48.46,47.6,48.31,63776.0,307156.35
600600.SH,2019-07-08,48.29,48.52,47.03,47.58,58758.08,281281.59
600600.SH,2019-07-09,47.84,48.1,47.0,47.83,50964.51,242615.99
600600.SH,2019-07-10,47.72,48.07,47.4,47.54,29647.98,141431.25
600600.SH,2019-07-11,47.87,47.96,46.23,46.76,75169.82,353467.19
600600.SH,2019-07-12,46.9,47.07,46.3,46.94,54678.32,255672.68
600600.SH,2019-07-15,46.94,47.2,45.79,46.99,55690.35,259076.23
600600.SH,2019-07-16,46.89,47.05,46.0,46.24,50428.83,233802.75
600600.SH,2019-07-17,46.24,47.13,45.9,47.06,61378.43,286506.62
600600.SH,2019-07-18,46.98,47.65,46.54,47.24,49940.65,235575.66
600600.SH,2019-07-19,47.3,47.58,46.9,47.1,34489.33,162860.29
600600.SH,2019-07-22,47.0,47.0,45.9,46.58,35802.35,166103.78
600600.SH,2019-07-23,46.5,47.56,46.34,47.51,53348.99,251542.17
600600.SH,2019-07-24,47.59,48.03,47.11,47.25,49531.4,235139.75
600600.SH,2019-07-25,47.08,47.25,46.25,46.61,62228.41,289371.82
600600.SH,2019-07-26,46.58,46.6,45.92,46.1,64696.52,298554.33
600600.SH,2019-07-29,46.37,46.48,46.09,46.4,64148.91,296982.86
600600.SH,2019-07-30,46.54,46.58,45.92,46.11,56825.43,262272.71
600600.SH,2019-07-31,46.05,46.3,45.2,45.31,66870.83,304311.56
600600.SH,2019-08-01,45.45,45.45,44.01,44.51,78003.2,347411.76
600600.SH,2019-08-02,43.4,43.77,43.25,43.53,52804.31,229688.02
600600.SH,2019-08-05,43.0,43.1,42.09,42.4,45856.1,194656.52
600600.SH,2019-08-06,41.9,42.29,40.54,42.09,86481.72,357522.43
600600.SH,2019-08-07,42.12,42.97,42.09,42.24,37769.65,160565.42
600600.SH,2019-08-08,42.42,44.42,42.4,44.26,88951.33,389520.19
600600.SH,2019-08-09,44.45,45.0,43.8,44.61,62681.91,278944.34
600600.SH,2019-08-12,44.5,45.8,44.5,45.7,69068.14,313813.8
600600.SH,2019-08-13,45.32,46.17,45.1,46.1,60440.13,276924.3
600600.SH,2019-08-14,46.6,46.63,46.11,46.26,49357.41,228853.65
600600.SH,2019-08-15,45.74,46.5,45.21,46.05,62361.38,288123.66
600600.SH,2019-08-16,48.52,50.66,48.35,50.66,194818.56,966721.05
600600.SH,2019-08-19,51.0,52.71,51.0,51.65,210917.78,1094479.77
600600.SH,2019-08-20,51.1,52.38,51.1,51.7,96454.38,499023.56
600600.SH,2019-08-21,51.82,52.38,51.2,51.58,56253.08,290645.98
600600.SH,2019-08-22,51.82,53.63,51.82,52.58,106783.82,563607.88
600600.SH,2019-08-23,52.6,52.9,52.2,52.7,49808.2,261996.58
600600.SH,2019-08-26,52.1,52.5,51.02,52.1,59531.93,309419.58
600600.SH,2019-08-27,52.39,52.88,51.8,52.08,57469.55,300436.53
600600.SH,2019-08-28,52.11,52.85,51.55,52.2,47581.32,248451.04
600600.SH,2019-08-29,52.42,54.54,51.91,54.3,103378.32,551643.58
600600.SH,2019-08-30,54.3,54.31,52.55,52.82,86469.39,459553.49
600600.SH,2019-09-02,52.79,53.5,52.1,52.88,58426.73,308227.5
600600.SH,2019-09-03,52.86,53.2,51.8,52.21,55642.45,291213.56
600600.SH,2019-09-04,52.1,52.7,51.18,52.0,75260.04,389651.79
600600.SH,2019-09-05,52.3,52.45,51.0,51.11,85273.47,438777.3
600600.SH,2019-09-06,51.26,51.45,50.3,50.71,71979.88,364601.38
600600.SH,2019-09-09,50.99,51.3,49.66,50.01,104179.36,522829.97
600600.SH,2019-09-10,50.4,50.49,49.72,49.97,89699.09,448535.32
600600.SH,2019-09-11,49.9,49.97,48.3,49.46,93918.5,463466.75
600600.SH,2019-09-12,49.47,50.08,49.02,49.7,73470.56,363701.43
600600.SH,2019-09-16,49.66,50.77,49.31,50.39,105626.53,530150.02
600600.SH,2019-09-17,50.3,50.3,48.85,48.97,78259.05,386962.94
600600.SH,2019-09-18,49.0,51.2,49.0,50.38,99506.22,501613.07
600600.SH,2019-09-19,50.5,50.64,49.33,49.79,53597.17,266712.56
600600.SH,2019-09-20,49.9,50.5,49.5,50.04,64518.64,322533.43
600600.SH,2019-09-23,50.04,50.18,48.88,49.58,45877.18,226828.35
600600.SH,2019-09-24,49.88,49.97,48.9,49.1,53036.13,261791.79
600600.SH,2019-09-25,49.45,49.49,48.75,49.13,47788.06,235190.39
600600.SH,2019-09-26,49.44,50.33,48.36,48.86,54685.77,269958.32
600600.SH,2019-09-27,49.03,49.23,47.0,48.75,45843.13,221507.93
600600.SH,2019-09-30,49.0,49.0,48.02,48.5,23527.45,114305.83
600600.SH,2019-10-08,48.62,49.91,48.21,49.37,44907.02,222173.46
600600.SH,2019-10-09,49.41,49.55,48.4,49.43,31178.73,153025.33
600600.SH,2019-10-10,49.05,50.62,48.85,50.25,52927.06,264390.46
600600.SH,2019-10-11,50.37,51.4,49.35,49.51,60499.09,301617.97
600600.SH,2019-10-14,49.84,49.84,48.1,48.32,106996.63,519369.17
600600.SH,2019-10-15,48.18,48.49,47.66,47.72,48857.64,234381.45
600600.SH,2019-10-16,47.9,47.92,47.19,47.8,36658.2,174315.52
600600.SH,2019-10-17,47.82,47.82,47.31,47.5,28154.64,133605.43
600600.SH,2019-10-18,47.6,47.95,47.0,47.38,29449.02,140032.18
600600.SH,2019-10-21,47.12,47.55,46.71,47.14,32882.44,154443.14
600600.SH,2019-10-22,47.38,47.38,46.74,46.9,40170.05,188567.79
600600.SH,2019-10-23,46.8,47.14,46.1,46.5,37867.37,176057.75
600600.SH,2019-10-24,46.29,46.57,46.01,46.07,29596.5,136786.88
600600.SH,2019-10-25,46.01,47.1,45.73,46.85,36286.19,169042.38
600600.SH,2019-10-28,46.69,48.0,46.51,47.9,51137.7,243511.96
600600.SH,2019-10-29,48.15,49.63,47.51,48.8,91944.2,448919.07
600600.SH,2019-10-30,48.39,48.61,47.5,47.7,55822.41,267129.03
600600.SH,2019-10-31,47.79,47.8,46.55,47.0,47237.63,222214.74
600600.SH,2019-11-01,46.95,48.31,46.63,47.83,48479.7,230994.5
600600.SH,2019-11-04,47.87,48.87,47.8,48.32,47876.68,231934.74
600600.SH,2019-11-05,48.5,48.9,47.81,48.4,51002.89,247507.26
600600.SH,2019-11-06,48.69,49.2,47.52,47.77,44446.92,213449.46
600600.SH,2019-11-07,47.82,48.0,47.22,47.47,52640.99,250272.34
600600.SH,2019-11-08,47.86,49.79,47.77,48.92,120409.36,591116.79
600600.SH,2019-11-11,49.2,50.5,48.15,49.2,80803.54,400692.32
600600.SH,2019-11-12,49.36,51.49,49.36,51.28,143301.16,728286.3
600600.SH,2019-11-13,53.0,55.51,52.5,55.05,200687.25,1084765.22
600600.SH,2019-11-14,54.91,56.4,53.86,55.19,98338.93,542247.62
600600.SH,2019-11-15,54.36,56.3,54.36,55.02,84740.0,468194.06
600600.SH,2019-11-18,55.12,55.5,53.65,54.5,76020.63,412000.84
600600.SH,2019-11-19,55.1,55.23,53.0,53.84,101579.09,545722.63
600600.SH,2019-11-20,54.01,54.47,52.95,53.07,65835.75,352587.12
600600.SH,2019-11-21,53.37,53.39,52.55,52.86,46936.94,248364.72
600600.SH,2019-11-22,53.16,53.2,51.28,51.95,71062.91,369530.88
600600.SH,2019-11-25,52.0,52.15,51.0,51.95,48561.74,250764.53
600600.SH,2019-11-26,52.0,52.46,51.32,52.4,42498.02,220519.67
600600.SH,2019-11-27,51.8,51.8,50.66,51.11,57392.34,293096.19
600600.SH,2019-11-28,51.18,51.78,50.91,51.35,41597.92,213365.02
600600.SH,2019-11-29,51.2,51.2,49.96,50.69,43935.49,221457.96
600600.SH,2019-12-02,50.6,51.01,50.2,50.6,27276.28,138153.31
600600.SH,2019-12-03,50.68,51.25,49.93,50.93,35010.72,177853.39
600600.SH,2019-12-04,51.1,51.21,50.5,50.93,26521.56,135046.71
600600.SH,2019-12-05,51.06,51.98,50.6,51.86,42175.03,217807.57
600600.SH,2019-12-06,51.88,52.28,51.5,52.1,41057.15,213184.68
600600.SH,2019-12-09,51.99,52.57,51.35,51.36,39246.87,202898.14
600600.SH,2019-12-10,51.35,51.35,50.61,50.78,37251.05,189481.08
600600.SH,2019-12-11,50.85,51.39,50.33,50.54,36248.72,183804.37
600600.SH,2019-12-12,50.55,51.95,50.2,51.74,57563.35,296180.3
600600.SH,2019-12-13,52.4,53.39,51.65,53.12,66130.72,348470.83
600600.SH,2019-12-16,53.15,53.54,51.35,52.0,86058.61,446242.4
600600.SH,2019-12-17,52.0,52.0,50.88,51.68,83607.36,428636.88
600600.SH,2019-12-18,51.52,51.65,51.1,51.22,39994.64,205066.56
600600.SH,2019-12-19,51.22,51.31,50.6,50.9,39102.77,198938.0
600600.SH,2019-12-20,50.85,51.38,50.6,50.94,37505.13,190858.05
600600.SH,2019-12-23,50.9,50.94,50.04,50.17,39277.13,198028.71
600600.SH,2019-12-24,50.29,50.46,49.3,50.3,46832.54,233374.35
600600.SH,2019-12-25,50.18,50.23,49.6,49.84,27753.52,138288.18
600600.SH,2019-12-26,49.98,50.45,49.68,50.37,25725.23,129046.03
600600.SH,2019-12-27,50.26,51.19,50.26,50.45,46257.46,235205.73
600600.SH,2019-12-30,50.52,51.17,50.11,51.09,49767.22,252907.12
600600.SH,2019-12-31,51.09,51.4,50.77,51.0,37561.77,191921.212
600600.SH,2020-01-02,51.5,51.55,50.83,51.11,51941.19,265664.61
600600.SH,2020-01-03,51.32,51.39,51.03,51.25,41112.22,210485.1
600600.SH,2020-01-06,50.83,50.85,49.83,50.01,59693.99,299244.53
600600.SH,2020-01-07,50.2,50.4,49.5,50.3,40810.7,204547.01
600600.SH,2020-01-08,50.04,50.32,49.79,50.02,29076.07,145347.35
600600.SH,2020-01-09,50.27,51.02,50.1,50.85,57661.15,292882.12
600600.SH,2020-01-10,50.94,51.61,50.33,51.32,64473.69,329002.32
600600.SH,2020-01-13,51.62,51.62,50.7,50.95,68516.88,349361.92
600600.SH,2020-01-14,51.02,51.02,50.1,50.36,79956.6,402925.6
600600.SH,2020-01-15,50.11,50.69,49.99,50.5,42965.15,216470.51
600600.SH,2020-01-16,50.58,50.96,50.3,50.7,44913.5,227640.89
600600.SH,2020-01-17,50.93,51.27,50.7,51.25,50379.28,257408.59
600600.SH,2020-01-20,51.17,52.46,51.02,51.9,73984.51,385077.37
600600.SH,2020-01-21,51.93,51.93,49.35,49.8,102847.47,513791.34
600600.SH,2020-01-22,49.1,49.85,47.8,49.73,80204.83,392580.85
600600.SH,2020-01-23,48.4,49.18,47.85,48.33,64160.79,310444.69
600600.SH,2020-02-03,43.5,43.97,43.5,43.5,65808.26,286359.16
600600.SH,2020-02-04,42.7,45.37,42.5,45.05,95196.35,419588.7
600600.SH,2020-02-05,45.05,45.57,44.56,44.81,61697.7,277634.35
600600.SH,2020-02-06,44.82,45.2,44.2,45.08,47977.51,215268.87
600600.SH,2020-02-07,44.7,46.47,44.62,45.61,67521.82,304497.67
600600.SH,2020-02-10,45.3,45.5,44.8,45.11,64729.94,291697.92
600600.SH,2020-02-11,45.18,45.98,44.99,45.55,74872.11,341085.55
600600.SH,2020-02-12,45.5,46.05,45.31,45.73,45987.23,210495.27
600600.SH,2020-02-13,45.72,45.88,44.98,44.98,43483.42,196782.89
600600.SH,2020-02-14,44.96,45.34,44.82,45.0,39013.31,175561.19
600600.SH,2020-02-17,45.0,45.56,44.9,45.5,60915.17,276080.63
600600.SH,2020-02-18,45.48,45.6,45.03,45.5,54130.33,245403.63
600600.SH,2020-02-19,45.55,46.18,45.4,45.54,87233.53,398592.19
600600.SH,2020-02-20,45.52,47.06,45.51,46.5,132903.26,617856.58
600600.SH,2020-02-21,46.5,46.7,46.09,46.22,80567.3,372625.86
600600.SH,2020-02-24,46.0,46.0,45.1,45.2,102269.95,463429.1
600600.SH,2020-02-25,44.48,44.79,43.88,44.24,92455.99,410042.01
600600.SH,2020-02-26,43.86,44.79,43.0,43.02,129634.1,568399.33
600600.SH,2020-02-27,43.37,44.15,43.25,43.74,71860.09,314239.1
600600.SH,2020-02-28,43.04,43.38,42.06,42.7,143272.44,611294.56
600600.SH,2020-03-02,42.6,43.95,42.6,43.3,110009.08,478748.62
600600.SH,2020-03-03,43.88,43.93,43.06,43.2,90621.26,394684.39
600600.SH,2020-03-04,43.16,44.25,42.73,44.25,87267.93,381284.48
600600.SH,2020-03-05,44.35,46.02,44.33,45.79,152438.1,693089.81
600600.SH,2020-03-06,45.0,46.05,44.8,45.3,77752.42,353132.09
600600.SH,2020-03-09,44.62,44.63,43.0,43.67,99554.98,435259.9
600600.SH,2020-03-10,43.01,44.7,43.0,44.46,78369.04,344160.73
600600.SH,2020-03-11,44.45,45.5,44.3,44.72,80811.72,362977.89
600600.SH,2020-03-12,44.65,44.65,43.31,43.68,58648.13,256238.18
600600.SH,2020-03-13,41.02,43.3,41.01,43.0,53067.68,224160.93
600600.SH,2020-03-16,43.06,43.27,39.99,40.1,80239.35,331604.73
600600.SH,2020-03-17,39.88,40.74,37.93,38.25,108840.24,420450.01
600600.SH,2020-03-18,38.6,39.22,38.11,38.11,86973.09,335665.86
600600.SH,2020-03-19,38.11,38.24,36.4,37.68,89213.42,332125.78
600600.SH,2020-03-20,37.68,39.2,37.68,39.2,69403.03,266990.45
600600.SH,2020-03-23,38.16,39.95,38.0,39.34,73678.14,286754.92
600600.SH,2020-03-24,41.3,43.27,41.01,43.27,205310.2,881304.24
600600.SH,2020-03-25,44.48,45.28,43.2,44.88,156318.82,692166.69
600600.SH,2020-03-26,44.48,45.38,43.9,44.11,88249.33,392151.11
600600.SH,2020-03-27,44.5,45.7,44.25,44.45,86525.43,388293.45
600600.SH,2020-03-30,44.34,46.66,43.75,46.1,136794.42,627704.81
600600.SH,2020-03-31,46.05,46.48,45.36,45.71,73561.51,337361.63
600600.SH,2020-04-01,45.72,46.2,44.57,45.35,60648.29,275178.48
600600.SH,2020-04-02,44.84,45.01,43.96,45.01,68053.3,302375.56
600600.SH,2020-04-03,44.81,46.18,44.78,45.37,72310.79,328955.86
600600.SH,2020-04-07,45.5,46.95,45.5,46.54,73037.16,338596.53
600600.SH,2020-04-08,46.26,46.78,45.62,45.81,40282.61,185273.05
600600.SH,2020-04-09,46.11,46.89,45.41,46.72,62921.24,291276.8
600600.SH,2020-04-10,46.74,48.63,46.5,47.05,100537.22,477210.94
600600.SH,2020-04-13,46.93,48.8,46.2,47.9,83308.47,397346.65
600600.SH,2020-04-14,47.8,47.84,46.8,47.25,65357.53,308272.84
600600.SH,2020-04-15,47.24,47.66,46.11,46.13,56091.71,260979.42
600600.SH,2020-04-16,45.98,46.75,45.0,46.55,57872.89,266201.09
600600.SH,2020-04-17,46.79,47.3,45.92,46.55,55416.83,258819.33
600600.SH,2020-04-20,46.83,47.01,45.92,46.89,51554.96,239665.53
600600.SH,2020-04-21,46.67,46.85,45.3,45.67,41252.87,189151.87
600600.SH,2020-04-22,45.37,46.93,45.12,46.79,51841.94,240790.78
600600.SH,2020-04-23,46.79,47.76,46.72,47.28,49206.4,232780.58
600600.SH,2020-04-24,47.34,49.47,46.9,48.82,122804.25,599237.03
600600.SH,2020-04-27,48.83,50.1,48.35,49.64,79409.1,392227.52
600600.SH,2020-04-28,49.53,51.0,48.88,50.0,82731.75,414344.05
600600.SH,2020-04-29,49.9,51.08,48.88,51.05,101534.22,508230.47
600600.SH,2020-04-30,52.6,54.5,51.28,52.75,141101.23,746117.4
600600.SH,2020-05-06,53.18,55.26,53.18,55.26,145779.26,794288.52
600600.SH,2020-05-07,55.36,55.87,54.12,55.5,86616.69,477288.75
600600.SH,2020-05-08,55.38,57.0,54.7,55.36,111772.69,622263.34
600600.SH,2020-05-11,54.8,55.66,54.65,54.79,69487.94,382484.08
600600.SH,2020-05-12,55.33,56.77,54.62,55.93,65160.78,362911.86
600600.SH,2020-05-13,55.92,59.97,55.55,59.46,101293.65,593161.59
600600.SH,2020-05-14,59.2,62.37,58.45,60.32,137730.45,835205.57
600600.SH,2020-05-15,60.99,61.5,60.02,60.68,59042.17,357981.31
600600.SH,2020-05-18,60.3,61.67,59.6,61.25,54423.72,330704.05
600600.SH,2020-05-19,61.0,61.09,58.51,60.7,80745.09,483689.62
600600.SH,2020-05-20,60.0,61.3,59.2,60.81,64117.24,387250.49
600600.SH,2020-05-21,60.8,61.18,59.41,59.88,77755.4,467186.5
600600.SH,2020-05-22,60.36,60.36,58.2,58.58,76076.73,447816.53
600600.SH,2020-05-25,58.68,60.3,56.56,59.58,70432.45,417662.06
600600.SH,2020-05-26,60.17,61.97,60.17,61.05,60399.71,369037.65
600600.SH,2020-05-27,61.05,63.27,60.63,61.05,51952.02,321717.3
600600.SH,2020-05-28,60.82,62.11,60.18,61.9,47528.61,291311.53
600600.SH,2020-05-29,61.9,63.68,61.28,63.29,50114.19,314664.13
600600.SH,2020-06-01,63.5,65.0,62.89,64.36,75315.39,481113.27
600600.SH,2020-06-02,64.1,64.1,61.2,61.76,91919.4,569944.23
600600.SH,2020-06-03,62.29,63.5,60.77,63.3,65580.92,408065.01
600600.SH,2020-06-04,63.53,67.3,63.53,67.3,125062.94,823605.19
600600.SH,2020-06-05,67.4,67.4,63.58,65.54,136080.13,883555.12
600600.SH,2020-06-08,64.97,65.14,63.03,64.49,78021.6,499763.96
600600.SH,2020-06-09,64.49,64.85,63.98,64.45,43457.58,279964.65
600600.SH,2020-06-10,64.24,65.25,64.1,64.99,45653.83,295140.48
600600.SH,2020-06-11,64.94,64.97,62.51,62.75,77550.3,489534.73
600600.SH,2020-06-12,61.2,65.06,60.99,64.35,68463.0,434227.66
600600.SH,2020-06-15,64.35,66.0,63.73,63.75,64801.73,419935.51
600600.SH,2020-06-16,64.74,65.5,63.9,64.78,53977.02,350082.37
600600.SH,2020-06-17,64.76,64.95,63.9,64.5,37827.67,243469.94
600600.SH,2020-06-18,64.14,67.3,63.9,65.98,59503.27,392597.59
600600.SH,2020-06-19,66.31,70.67,66.31,70.3,80496.63,559192.14
600600.SH,2020-06-22,70.2,70.3,68.2,68.87,83623.65,576355.11
600600.SH,2020-06-23,68.92,73.56,68.69,72.7,93601.61,668911.83
600600.SH,2020-06-24,72.12,72.5,69.28,72.2,89072.05,628418.64
600600.SH,2020-06-29,70.5,73.5,69.6,71.94,58118.89,417500.78
600600.SH,2020-06-30,71.94,78.86,71.94,76.5,84884.27,643908.7
600600.SH,2020-07-01,76.01,81.95,75.2,80.36,83510.78,665903.28
600600.SH,2020-07-02,80.0,81.18,78.0,78.82,85175.8,673128.97
600600.SH,2020-07-03,77.88,78.68,74.7,78.54,85568.56,654998.3
600600.SH,2020-07-06,77.97,78.07,76.07,77.26,108257.78,834247.6
600600.SH,2020-07-07,77.27,80.22,75.51,79.63,102605.8,809412.1
600600.SH,2020-07-08,78.8,79.05,77.0,78.39,79401.75,618845.65
600600.SH,2020-07-09,78.0,78.32,77.01,78.0,90244.66,700446.67
600600.SH,2020-07-10,78.0,80.53,77.17,78.25,78559.25,621813.04
600600.SH,2020-07-13,78.0,81.85,76.98,80.85,97709.16,772744.75
600600.SH,2020-07-14,80.85,84.84,80.0,82.94,86531.35,718481.98
600600.SH,2020-07-15,82.94,89.37,82.94,86.6,101987.63,882864.57
600600.SH,2020-07-16,86.59,86.6,78.11,78.31,114187.36,926959.91
600600.SH,2020-07-17,77.0,83.19,76.5,81.51,71561.58,576713.23
600600.SH,2020-07-20,81.51,82.99,78.01,80.09,85033.23,676613.83
600600.SH,2020-07-21,79.99,83.41,78.55,81.77,54424.78,443442.6
600600.SH,2020-07-22,80.69,86.66,80.46,83.59,74815.28,632013.08
600600.SH,2020-07-23,83.0,85.5,81.42,85.04,63953.49,535481.62
600600.SH,2020-07-24,84.75,85.47,79.0,80.33,73235.7,595531.69
600600.SH,2020-07-27,80.23,82.37,78.78,80.48,45690.34,367358.1
600600.SH,2020-07-28,81.0,84.6,80.25,83.35,68484.14,566282.54
600600.SH,2020-07-29,83.22,84.09,81.5,84.05,56341.29,467634.34
600600.SH,2020-07-30,83.99,87.0,82.61,84.58,72192.04,614018.51
600600.SH,2020-07-31,84.57,85.0,81.71,83.0,89232.13,740653.43
600600.SH,2020-08-03,83.0,83.35,80.2,82.35,102815.07,835178.58
600600.SH,2020-08-04,82.0,83.02,80.4,81.03,76651.17,623220.94
600600.SH,2020-08-05,80.12,81.69,79.26,81.11,61229.46,495555.01
600600.SH,2020-08-06,81.11,81.35,78.19,78.8,86453.14,685202.21
600600.SH,2020-08-07,79.2,79.49,74.51,76.95,89969.45,691061.64
600600.SH,2020-08-10,78.5,78.5,75.1,76.83,53583.3,410439.72
600600.SH,2020-08-11,77.5,78.65,76.44,76.44,59459.15,462395.92
600600.SH,2020-08-12,77.0,77.14,73.66,74.7,53380.21,398510.48
600600.SH,2020-08-13,74.76,75.4,74.01,74.61,27090.74,202198.47
600600.SH,2020-08-14,74.58,75.2,73.7,74.9,38990.0,290887.93
600600.SH,2020-08-17,76.78,78.97,75.58,77.2,95075.94,736736.21
600600.SH,2020-08-18,76.2,80.58,76.01,79.45,84709.47,667115.38
600600.SH,2020-08-19,79.96,82.0,78.33,80.6,102608.12,830645.12
600600.SH,2020-08-20,80.0,80.0,77.11,77.39,57992.65,452053.42
600600.SH,2020-08-21,78.28,82.81,77.81,82.0,103341.7,837955.88
600600.SH,2020-08-24,82.15,83.87,81.15,82.0,71415.71,589508.35
600600.SH,2020-08-25,82.02,84.02,81.5,82.19,51316.47,424854.66
600600.SH,2020-08-26,82.03,84.0,81.16,82.59,62641.19,517856.05
600600.SH,2020-08-27,82.71,89.1,82.6,87.62,119650.46,1026518.46
600600.SH,2020-08-28,87.09,91.99,84.47,91.0,113471.3,1013804.4
600600.SH,2020-08-31,95.44,99.5,87.36,87.36,163364.29,1485624.07
600600.SH,2020-09-01,87.36,87.66,82.5,86.3,126507.42,1073643.78
600600.SH,2020-09-02,85.28,86.63,83.75,84.45,72352.67,614991.18
600600.SH,2020-09-03,84.45,86.86,83.55,85.34,69672.13,596244.76
600600.SH,2020-09-04,83.5,83.56,79.61,81.5,95951.96,774520.08
600600.SH,2020-09-07,80.57,81.3,77.4,78.4,71195.85,566355.01
600600.SH,2020-09-08,78.88,79.29,74.55,77.01,80628.92,614177.87
600600.SH,2020-09-09,75.88,76.19,73.7,74.98,47120.71,352089.6
600600.SH,2020-09-10,76.0,76.99,74.77,75.24,51880.79,392676.64
600600.SH,2020-09-11,74.68,77.11,73.82,76.77,41465.73,314526.34
600600.SH,2020-09-14,77.5,80.08,76.88,77.95,71926.02,567046.88
600600.SH,2020-09-15,77.77,79.5,76.23,78.85,41274.03,323118.57
600600.SH,2020-09-16,78.65,80.17,77.67,78.65,33997.33,267620.26
600600.SH,2020-09-17,78.0,78.0,75.49,75.9,50785.31,386573.11
600600.SH,2020-09-18,75.77,76.21,74.26,76.21,49666.92,373907.81
600600.SH,2020-09-21,76.2,76.2,74.28,74.92,47891.82,357987.39
600600.SH,2020-09-22,74.0,74.99,73.5,74.3,36669.05,272950.65
600600.SH,2020-09-23,74.3,74.64,73.36,74.15,38524.23,285487.65
600600.SH,2020-09-24,74.15,74.35,71.4,72.41,59488.93,431754.93
600600.SH,2020-09-25,72.41,73.67,70.0,73.51,62158.62,450274.75
600600.SH,2020-09-28,73.0,73.5,71.17,71.49,50887.92,365753.68
600600.SH,2020-09-29,71.98,72.5,71.17,72.08,46406.43,334363.8
600600.SH,2020-09-30,72.5,76.08,72.21,75.11,84491.61,631976.76
600600.SH,2020-10-09,75.83,76.81,74.37,74.62,69832.98,523009.11
600600.SH,2020-10-12,74.5,75.19,73.17,75.1,89511.59,666309.18
600600.SH,2020-10-13,74.85,76.7,74.08,76.49,70754.36,537665.92
600600.SH,2020-10-14,75.39,76.45,72.96,74.15,94070.5,697428.67
600600.SH,2020-10-15,74.15,76.6,73.37,76.0,67413.85,508286.72
600600.SH,2020-10-16,75.44,76.88,75.02,75.4,48239.05,366267.85
600600.SH,2020-10-19,76.16,76.16,74.0,74.53,36302.5,271226.94
600600.SH,2020-10-20,74.1,76.5,73.79,75.7,36141.12,272701.12
600600.SH,2020-10-21,76.0,79.26,75.39,77.9,83186.79,649431.98
600600.SH,2020-10-22,77.7,79.21,76.01,78.7,57386.29,446839.38
600600.SH,2020-10-23,78.0,82.82,77.81,80.97,98450.64,798149.21
600600.SH,2020-10-26,80.0,81.3,77.7,79.0,62531.58,494144.9
600600.SH,2020-10-27,78.21,79.59,77.17,79.59,44224.24,348270.09
600600.SH,2020-10-28,79.11,84.28,78.8,83.2,89600.19,740299.11
600600.SH,2020-10-29,82.5,88.15,81.7,87.5,104485.21,897951.74
600600.SH,2020-10-30,85.0,85.0,78.75,79.22,171211.12,1372477.43
600600.SH,2020-11-02,79.0,81.28,78.2,80.11,62264.67,500193.19
600600.SH,2020-11-03,80.86,80.9,77.74,79.44,69837.43,551162.28
600600.SH,2020-11-04,78.5,81.59,77.16,80.55,75734.2,602336.32
600600.SH,2020-11-05,80.97,82.55,80.01,81.7,64023.42,522157.24
600600.SH,2020-11-06,81.0,81.65,79.51,80.61,52488.87,420349.29
600600.SH,2020-11-09,80.46,82.18,79.01,81.43,75771.79,613123.29
600600.SH,2020-11-10,81.37,85.52,81.01,83.9,89239.01,749776.95
600600.SH,2020-11-11,83.83,86.66,83.11,83.94,67341.25,571346.59
600600.SH,2020-11-12,82.32,87.6,81.5,86.55,76063.04,651028.73
600600.SH,2020-11-13,85.28,86.0,83.0,84.95,54504.6,458612.09
600600.SH,2020-11-16,84.89,86.64,83.4,86.62,58175.31,496977.08
600600.SH,2020-11-17,86.71,87.0,84.83,85.67,49520.09,424219.18
600600.SH,2020-11-18,84.69,86.0,84.02,84.77,46305.72,393015.99
600600.SH,2020-11-19,83.81,88.5,83.01,87.03,72481.26,624204.61
600600.SH,2020-11-20,86.95,92.93,86.77,91.15,98079.16,888743.27
600600.SH,2020-11-23,90.09,95.0,89.3,93.1,88068.83,819287.85
600600.SH,2020-11-24,93.05,95.0,90.8,94.0,49536.63,461014.06
600600.SH,2020-11-25,96.5,96.8,86.15,87.79,111093.08,987591.4
600600.SH,2020-11-26,87.25,89.4,83.95,87.93,73265.93,635534.11
600600.SH,2020-11-27,88.32,90.38,86.11,89.19,45043.09,401888.96
600600.SH,2020-11-30,90.0,91.1,87.33,91.0,59782.67,533580.12
600600.SH,2020-12-01,89.0,91.24,88.51,91.1,61111.94,553399.09
600600.SH,2020-12-02,90.63,91.98,89.88,90.98,35797.54,325581.55
600600.SH,2020-12-03,90.61,94.33,90.08,93.21,36475.32,338766.28
600600.SH,2020-12-04,93.32,97.04,92.44,96.23,55128.25,526145.87
600600.SH,2020-12-07,96.0,99.45,95.86,98.52,61356.73,600276.02
600600.SH,2020-12-08,98.18,99.36,95.02,98.2,49336.68,482586.69
600600.SH,2020-12-09,97.57,99.43,97.55,98.09,48780.31,480804.49
600600.SH,2020-12-10,97.99,98.97,96.46,98.68,40660.98,399118.7
600600.SH,2020-12-11,98.5,104.5,98.1,101.14,95330.57,971104.16
600600.SH,2020-12-14,101.79,107.74,97.6,107.52,74251.87,762343.99
600600.SH,2020-12-15,105.55,108.0,103.37,106.77,50830.99,540590.01
600600.SH,2020-12-16,106.07,108.85,105.45,107.05,39207.35,419775.89
600600.SH,2020-12-17,106.0,107.0,102.3,103.9,70345.57,734042.05
600600.SH,2020-12-18,103.96,104.83,99.5,101.0,91442.7,931508.27
600600.SH,2020-12-21,100.9,102.36,98.47,99.82,86413.84,862228.64
600600.SH,2020-12-22,98.83,103.0,98.82,100.6,77312.2,781785.49
600600.SH,2020-12-23,100.6,103.31,97.32,99.8,98836.91,994856.18
600600.SH,2020-12-24,98.85,100.3,96.0,97.92,58342.98,573499.04
600600.SH,2020-12-25,97.0,99.31,94.9,98.0,50551.19,493045.03
600600.SH,2020-12-28,98.9,100.0,96.28,98.1,65890.93,646107.44
600600.SH,2020-12-29,98.4,99.58,95.1,99.12,67477.58,659227.79
600600.SH,2020-12-30,98.5,100.38,97.98,99.66,64584.85,640924.34
600600.SH,2020-12-31,98.61,100.71,98.5,99.4,70504.07,700765.457
600600.SH,2021-01-04,99.37,104.87,98.7,102.48,83669.18,856831.96
600600.SH,2021-01-05,102.48,108.79,101.81,108.0,78577.77,837899.86
600600.SH,2021-01-06,107.6,109.06,104.8,108.95,72233.13,773477.91
600600.SH,2021-01-07,108.96,110.7,107.01,109.61,66234.96,719782.82
600600.SH,2021-01-08,109.03,110.3,103.9,106.5,82377.99,875464.06
600600.SH,2021-01-11,106.1,106.55,101.9,104.5,67828.76,710382.65
600600.SH,2021-01-12,103.93,107.64,103.71,104.48,63452.29,666809.65
600600.SH,2021-01-13,106.47,106.5,99.98,100.5,83289.58,855622.87
600600.SH,2021-01-14,101.34,101.49,95.8,96.97,79096.75,768945.65
600600.SH,2021-01-15,95.51,95.55,91.0,93.13,106162.43,986247.04
600600.SH,2021-01-18,93.0,94.47,90.81,91.95,81054.12,747887.18
600600.SH,2021-01-19,91.94,92.95,87.68,88.0,120864.51,1080742.81
600600.SH,2021-01-20,88.0,92.0,86.5,90.67,146677.11,1310741.05
600600.SH,2021-01-21,90.67,91.36,88.33,90.68,134860.59,1214141.26
600600.SH,2021-01-22,90.68,95.4,90.66,93.44,102726.34,959855.8
600600.SH,2021-01-25,93.44,97.56,93.0,97.0,86844.73,835412.3
600600.SH,2021-01-26,97.01,97.45,93.65,96.16,66119.22,632256.17
600600.SH,2021-01-27,94.77,95.39,90.4,92.83,92431.84,854299.93
600600.SH,2021-01-28,90.98,92.01,88.17,88.52,90468.46,809878.17
600600.SH,2021-01-29,89.07,91.78,88.0,88.79,78097.73,699855.45
600600.SH,2021-02-01,89.23,94.6,89.23,94.51,86486.86,805173.46
600600.SH,2021-02-02,94.88,97.35,93.5,96.9,69472.93,666600.53
600600.SH,2021-02-03,96.4,99.71,96.11,97.0,63493.98,620436.93
600600.SH,2021-02-04,95.6,98.39,93.68,95.03,74786.19,715760.15
600600.SH,2021-02-05,95.33,99.8,93.2,97.74,98400.68,960930.44
600600.SH,2021-02-08,97.7,98.25,92.69,94.18,115097.85,1083797.67
600600.SH,2021-02-09,93.0,98.42,92.35,97.06,76838.23,740717.15
600600.SH,2021-02-10,97.33,97.86,94.98,95.78,102143.24,980713.18
600600.SH,2021-02-18,96.78,96.78,91.3,91.93,93243.69,867010.15
600600.SH,2021-02-19,92.02,92.88,88.06,91.0,81990.51,739870.38
600600.SH,2021-02-22,91.1,91.2,88.11,89.2,98064.2,872921.93
600600.SH,2021-02-23,88.0,88.28,85.37,87.2,108427.72,941639.44
600600.SH,2021-02-24,87.6,87.87,82.1,84.28,139006.98,1169414.85
600600.SH,2021-02-25,83.9,84.84,81.78,81.88,90947.1,753069.83
600600.SH,2021-02-26,80.78,80.78,77.4,79.63,102861.25,817279.25
600600.SH,2021-03-01,79.98,80.3,77.8,79.19,107705.1,853232.18
600600.SH,2021-03-02,79.99,81.4,77.7,78.07,115464.44,917975.88
600600.SH,2021-03-03,77.96,78.85,77.1,78.7,97601.1,762978.19
600600.SH,2021-03-04,78.0,78.0,75.48,75.97,95963.83,732377.72
600600.SH,2021-03-05,74.75,77.76,73.0,76.9,70258.57,535343.28
600600.SH,2021-03-08,78.48,80.16,76.0,76.14,128708.01,1007282.39
600600.SH,2021-03-09,76.2,77.28,72.46,75.02,93835.38,705429.39
600600.SH,2021-03-10,77.51,77.6,74.04,74.75,78927.23,594819.66
600600.SH,2021-03-11,74.47,78.98,73.5,78.46,100922.73,778267.31
600600.SH,2021-03-12,78.6,78.9,75.0,77.0,66711.68,511977.04
600600.SH,2021-03-15,76.66,76.74,73.28,74.12,73619.22,547703.78
600600.SH,2021-03-16,74.33,75.69,73.68,75.16,63630.72,475568.87
600600.SH,2021-03-17,75.1,78.47,74.1,78.2,90583.24,700324.3
600600.SH,2021-03-18,77.88,82.0,77.6,80.75,105985.69,854458.91
600600.SH,2021-03-19,79.19,81.8,79.04,79.72,59027.55,474943.97
600600.SH,2021-03-22,79.68,81.0,77.76,78.81,51271.3,404981.9
600600.SH,2021-03-23,78.56,80.78,77.67,79.8,62075.85,493495.33
600600.SH,2021-03-24,79.5,81.08,78.47,78.95,67689.64,540092.68
600600.SH,2021-03-25,77.95,80.75,76.68,79.95,50567.48,400843.53
600600.SH,2021-03-26,80.0,82.88,79.69,81.5,85456.86,695444.89
600600.SH,2021-03-29,81.8,85.51,81.0,83.8,104732.65,876281.75
600600.SH,2021-03-30,83.7,85.67,82.89,83.8,63247.83,532739.37
600600.SH,2021-03-31,83.4,84.77,82.01,84.64,56823.11,475923.2
600600.SH,2021-04-01,84.64,84.86,83.37,84.43,34395.57,288911.3
600600.SH,2021-04-02,84.9,85.58,83.9,84.43,38895.43,329471.23
600600.SH,2021-04-06,84.65,85.13,82.65,83.95,45061.3,377368.1
600600.SH,2021-04-07,83.83,84.37,80.94,82.64,57349.2,471877.92
600600.SH,2021-04-08,82.41,86.51,81.51,85.67,97805.48,831961.55
600600.SH,2021-04-09,85.45,87.0,84.38,86.0,46763.63,401428.27
600600.SH,2021-04-12,86.0,88.08,84.6,85.51,55465.5,479223.3
600600.SH,2021-04-13,85.51,88.08,85.3,87.01,54109.45,471738.58
600600.SH,2021-04-14,87.24,90.04,86.6,88.36,54258.76,480534.7
600600.SH,2021-04-15,87.86,88.59,86.05,86.95,44633.99,389442.74
600600.SH,2021-04-16,86.96,88.42,86.18,87.9,44562.05,390276.83
600600.SH,2021-04-19,87.89,90.0,86.5,88.09,63141.88,558974.12
600600.SH,2021-04-20,86.5,90.8,86.5,90.0,78840.51,705932.04
600600.SH,2021-04-21,89.5,93.3,89.2,93.28,98312.65,906225.27
600600.SH,2021-04-22,92.9,94.38,91.5,94.3,67311.74,626542.61
600600.SH,2021-04-23,96.3,98.39,91.7,92.6,140122.39,1322408.87
600600.SH,2021-04-26,93.5,95.51,91.71,92.0,107489.63,1009926.57
600600.SH,2021-04-27,90.27,93.13,90.15,92.82,84638.43,775923.38
600600.SH,2021-04-28,93.19,93.97,92.03,92.91,57605.54,536164.82
600600.SH,2021-04-29,92.65,93.69,90.32,92.51,58923.57,542487.33
600600.SH,2021-04-30,91.58,91.89,88.88,91.01,97059.77,872433.6
600600.SH,2021-05-06,90.0,91.38,89.02,90.45,55341.45,500937.09
600600.SH,2021-05-07,89.3,92.61,88.88,91.2,70365.18,641759.07
600600.SH,2021-05-10,91.0,96.6,90.71,92.99,125690.41,1183094.08
600600.SH,2021-05-11,92.99,95.85,92.61,94.4,71077.13,670352.46
600600.SH,2021-05-12,94.12,95.41,93.17,94.6,48669.5,459055.93
600600.SH,2021-05-13,94.5,99.36,93.81,99.36,118453.53,1155701.75
600600.SH,2021-05-14,99.34,104.86,97.19,101.89,154065.11,1568755.85
600600.SH,2021-05-17,101.89,103.5,100.05,101.9,88363.45,901819.16
600600.SH,2021-05-18,101.88,105.44,101.36,103.0,67877.49,701785.09
600600.SH,2021-05-19,101.0,103.0,99.34,100.09,68159.39,683027.76
600600.SH,2021-05-20,100.0,102.06,100.0,101.41,63725.41,644105.76
600600.SH,2021-05-21,100.99,102.97,99.62,101.81,70593.31,714708.62
600600.SH,2021-05-24,101.88,104.53,100.55,104.53,107674.94,1112004.87
600600.SH,2021-05-25,103.58,105.59,102.22,105.0,79821.34,833195.01
600600.SH,2021-05-26,104.51,105.5,102.25,104.26,61671.96,640291.23
600600.SH,2021-05-27,104.0,104.8,102.4,103.7,62244.23,645439.22
600600.SH,2021-05-28,103.93,105.55,102.72,104.87,54462.52,568830.56
600600.SH,2021-05-31,105.0,106.2,101.8,104.94,72371.84,751025.09
600600.SH,2021-06-01,104.9,104.9,99.68,101.76,120975.27,1228038.81
600600.SH,2021-06-02,101.6,102.88,100.8,102.04,74211.06,756750.22
600600.SH,2021-06-03,102.18,102.58,99.9,100.4,78377.96,791831.0
600600.SH,2021-06-04,100.0,103.66,99.8,102.85,81387.55,831924.24
600600.SH,2021-06-07,103.51,113.14,103.51,111.1,207712.24,2295371.04
600600.SH,2021-06-08,111.15,117.58,108.97,110.19,171496.02,1936961.35
600600.SH,2021-06-09,113.16,113.5,107.47,110.85,90944.58,1002133.8
600600.SH,2021-06-10,110.63,112.88,108.85,109.57,76919.93,846286.82
600600.SH,2021-06-11,109.96,110.19,105.12,107.58,64585.2,694988.96
600600.SH,2021-06-15,107.69,110.0,107.09,108.17,59339.4,643597.99
600600.SH,2021-06-16,108.0,108.17,103.01,105.0,69918.34,733662.45
600600.SH,2021-06-17,105.11,110.0,105.11,107.88,89304.3,964412.02
600600.SH,2021-06-18,108.22,112.54,107.0,109.03,104156.99,1140831.1
600600.SH,2021-06-21,107.0,107.9,104.09,106.3,84843.67,897575.03
600600.SH,2021-06-22,105.88,108.55,104.5,108.3,65907.52,702985.25
600600.SH,2021-06-23,108.24,109.33,106.02,107.69,54494.41,586373.2
600600.SH,2021-06-24,107.0,107.68,104.32,105.3,48943.96,517039.24
600600.SH,2021-06-25,105.19,110.85,104.48,110.68,77209.07,840936.23
600600.SH,2021-06-28,109.83,113.88,108.69,112.25,68537.4,765282.06
600600.SH,2021-06-29,112.68,116.68,111.51,115.81,75295.17,866698.78
600600.SH,2021-06-30,115.81,118.11,113.16,115.65,49363.85,574080.31
600600.SH,2021-07-01,117.59,117.59,112.28,115.0,34709.35,395726.18
600600.SH,2021-07-02,114.34,114.34,107.83,108.7,63316.36,696197.95
600600.SH,2021-07-05,108.5,109.88,105.19,109.09,66026.61,711697.29
600600.SH,2021-07-06,108.99,108.99,101.99,106.11,91340.54,959758.66
600600.SH,2021-07-07,105.21,107.0,103.0,106.48,59147.91,622171.66
600600.SH,2021-07-08,106.27,106.27,98.14,99.48,133268.59,1344142.58
600600.SH,2021-07-09,99.49,99.95,94.64,96.65,121204.65,1166778.67
600600.SH,2021-07-12,96.65,97.63,92.69,97.34,145846.49,1388006.23
600600.SH,2021-07-13,97.34,101.37,96.67,99.99,97979.07,975579.97
600600.SH,2021-07-14,99.34,99.34,96.42,98.14,71859.14,701592.6
600600.SH,2021-07-15,98.18,103.55,97.08,101.61,102730.64,1039314.89
600600.SH,2021-07-16,101.08,101.61,97.4,98.41,105465.58,1036774.39
600600.SH,2021-07-19,98.0,100.4,96.36,99.75,86519.09,850769.87
600600.SH,2021-07-20,98.31,102.92,98.31,101.8,78498.59,794772.24
600600.SH,2021-07-21,101.4,103.01,100.5,101.78,74613.76,760093.98
600600.SH,2021-07-22,101.3,101.6,99.2,99.34,75471.99,754033.11
600600.SH,2021-07-23,98.88,99.34,96.38,97.08,59093.36,575317.81
600600.SH,2021-07-26,96.0,96.0,90.69,92.72,112008.87,1044557.29
600600.SH,2021-07-27,92.23,95.79,90.03,90.07,78720.35,731788.58
600600.SH,2021-07-28,86.86,90.69,86.38,90.44,83795.78,741371.22
600600.SH,2021-07-29,92.02,92.5,86.74,88.0,100427.26,888226.23
600600.SH,2021-07-30,86.5,86.5,80.0,80.28,154139.75,1264985.13
600600.SH,2021-08-02,79.0,84.64,77.31,83.68,174702.2,1417476.03
600600.SH,2021-08-03,83.64,88.88,81.05,86.9,174285.94,1500547.6
600600.SH,2021-08-04,86.9,88.3,83.98,84.53,98673.54,844921.46
600600.SH,2021-08-05,82.94,86.0,82.28,83.96,74579.9,631738.33
600600.SH,2021-08-06,83.71,83.79,81.6,82.08,62866.66,517797.61
600600.SH,2021-08-09,82.95,88.69,82.95,87.2,128868.6,1118478.23
600600.SH,2021-08-10,86.5,90.29,86.03,89.69,143434.04,1268920.07
600600.SH,2021-08-11,89.86,90.08,86.72,87.19,78508.78,687986.91
600600.SH,2021-08-12,86.68,88.12,85.7,86.55,50946.25,442803.48
600600.SH,2021-08-13,86.5,87.59,85.8,86.98,41063.91,356166.78
600600.SH,2021-08-16,86.5,89.56,86.29,88.67,56384.57,499406.59
600600.SH,2021-08-17,88.9,89.38,86.6,86.88,56143.17,493452.46
600600.SH,2021-08-18,86.86,95.57,86.65,95.57,165202.99,1543805.03
600600.SH,2021-08-19,93.6,96.5,88.58,90.3,145502.18,1317666.72
600600.SH,2021-08-20,88.98,89.88,84.17,85.48,84572.92,732104.26
600600.SH,2021-08-23,85.4,87.89,85.04,86.7,60725.59,526637.85
600600.SH,2021-08-24,86.64,91.4,86.01,89.7,75048.43,671386.6
600600.SH,2021-08-25,89.09,91.15,87.8,89.12,63121.55,561549.07
600600.SH,2021-08-26,90.28,92.87,88.88,89.69,65473.82,594268.4
600600.SH,2021-08-27,89.73,92.55,87.71,87.95,81972.86,740146.77
600600.SH,2021-08-30,88.88,88.88,83.34,84.55,91754.0,775821.34
600600.SH,2021-08-31,85.42,88.26,84.56,86.32,81609.82,706498.65
600600.SH,2021-09-01,86.35,89.02,83.51,87.09,94433.58,818733.61
600600.SH,2021-09-02,86.66,89.83,85.21,86.03,74463.56,647357.85
600600.SH,2021-09-03,85.23,86.97,83.75,86.16,63357.88,540653.01
600600.SH,2021-09-06,85.97,92.2,85.0,90.2,103544.18,926527.67
600600.SH,2021-09-07,89.79,90.58,88.24,89.69,52788.23,473128.31
600600.SH,2021-09-08,90.0,90.0,87.88,88.5,47106.89,416739.9
600600.SH,2021-09-09,87.99,88.8,87.4,88.0,35097.43,308916.24
600600.SH,2021-09-10,87.89,89.55,87.01,87.6,50230.7,444755.1
600600.SH,2021-09-13,87.0,89.0,86.1,86.51,46394.99,405014.77
600600.SH,2021-09-14,87.05,87.39,85.39,85.77,47080.57,405212.92
600600.SH,2021-09-15,85.0,85.23,81.8,82.4,78818.25,654411.84
600600.SH,2021-09-16,82.4,83.5,79.2,80.5,86861.6,703642.77
600600.SH,2021-09-17,80.6,82.66,78.3,81.94,68311.65,548429.52
600600.SH,2021-09-22,80.36,80.36,78.22,79.2,70175.47,554933.87
600600.SH,2021-09-23,79.3,80.22,78.39,78.98,73907.3,583584.91
600600.SH,2021-09-24,78.9,80.22,78.08,79.05,83874.73,664690.69
600600.SH,2021-09-27,79.58,84.95,79.53,83.23,125694.34,1042600.81
600600.SH,2021-09-28,82.09,83.12,79.0,81.9,78937.88,643334.62
600600.SH,2021-09-29,81.01,82.5,79.91,80.2,46134.18,372497.99
600600.SH,2021-09-30,79.99,81.8,79.66,80.53,46928.74,378872.41
600600.SH,2021-10-08,81.0,84.76,80.0,83.8,88899.74,741239.88
600600.SH,2021-10-11,83.79,86.0,82.93,83.3,57912.45,486870.54
600600.SH,2021-10-12,83.0,83.78,81.6,82.85,45691.12,376707.15
600600.SH,2021-10-13,83.0,88.04,83.0,86.99,96125.52,823606.62
600600.SH,2021-10-14,86.87,87.99,84.51,85.0,62736.38,538627.6
600600.SH,2021-10-15,84.7,85.81,82.97,84.1,46421.68,389776.07
600600.SH,2021-10-18,83.58,83.96,79.75,80.3,76119.19,613102.17
600600.SH,2021-10-19,80.3,81.12,79.79,80.76,50290.41,403918.89
600600.SH,2021-10-20,81.0,81.37,79.14,79.32,51227.2,407732.58
600600.SH,2021-10-21,79.32,79.64,77.76,78.39,59972.56,470662.0
600600.SH,2021-10-22,78.4,80.66,77.52,80.05,72523.68,575403.38
600600.SH,2021-10-25,79.95,84.1,78.8,83.51,119462.36,978795.93
600600.SH,2021-10-26,85.6,91.86,85.6,91.86,238999.81,2183208.12
600600.SH,2021-10-27,91.3,92.68,89.52,92.0,158432.07,1449393.86
600600.SH,2021-10-28,92.0,95.21,91.66,94.8,140255.24,1316630.09
600600.SH,2021-10-29,94.8,104.28,94.8,104.28,192960.68,1974119.21
600600.SH,2021-11-01,103.96,103.96,94.33,94.63,152916.17,1493456.39
600600.SH,2021-11-02,95.03,99.7,93.33,98.07,115369.75,1122799.58
600600.SH,2021-11-03,97.68,100.02,96.01,97.35,51447.3,505780.32
600600.SH,2021-11-04,98.22,100.25,95.07,99.19,78383.44,772795.74
600600.SH,2021-11-05,97.3,99.85,97.16,97.66,53995.69,530697.72
600600.SH,2021-11-08,97.67,98.99,95.4,96.52,36618.66,353405.92
600600.SH,2021-11-09,97.19,97.91,94.2,95.66,50872.08,486840.78
600600.SH,2021-11-10,97.0,97.0,92.88,93.7,38137.99,358567.48
600600.SH,2021-11-11,93.7,94.71,91.54,92.81,47901.96,444143.82
600600.SH,2021-11-12,92.76,95.17,91.1,93.71,67361.99,631165.0
600600.SH,2021-11-15,94.25,100.58,94.0,97.59,81618.3,798583.25
600600.SH,2021-11-16,98.56,99.84,96.38,97.88,39249.29,384264.66
600600.SH,2021-11-17,96.71,98.23,95.7,97.61,36010.81,349881.61
600600.SH,2021-11-18,97.64,98.88,96.4,98.43,29284.72,286567.43
600600.SH,2021-11-19,99.5,99.5,96.8,98.52,30536.51,299197.77
600600.SH,2021-11-22,98.37,99.5,96.58,96.8,57168.4,557833.46
600600.SH,2021-11-23,96.05,100.67,96.0,99.94,60504.56,595267.6
600600.SH,2021-11-24,99.6,104.88,98.43,102.5,71818.36,733745.8
600600.SH,2021-11-25,103.0,104.94,99.6,103.8,55284.62,567811.77
600600.SH,2021-11-26,102.53,103.79,100.8,102.3,30830.67,315562.21
600600.SH,2021-11-29,100.0,102.25,99.21,100.9,29897.91,300273.11
600600.SH,2021-11-30,100.8,101.1,97.7,98.77,34057.74,337537.69
600600.SH,2021-12-01,100.0,100.22,97.0,98.6,25559.05,251447.83
600600.SH,2021-12-02,98.6,98.8,96.23,97.27,24009.94,233724.27
600600.SH,2021-12-03,97.51,102.57,96.7,100.79,57845.51,578643.34
600600.SH,2021-12-06,100.68,104.33,98.51,101.1,61608.65,627469.13
600600.SH,2021-12-07,102.68,105.38,101.02,102.41,53514.62,549720.71
600600.SH,2021-12-08,102.35,106.45,101.65,105.7,59094.49,618145.33
600600.SH,2021-12-09,107.7,108.33,105.0,105.87,65163.79,692818.83
600600.SH,2021-12-10,104.74,107.0,104.01,105.94,39935.99,421379.42
600600.SH,2021-12-13,105.0,108.5,104.5,105.2,50245.26,531995.31
600600.SH,2021-12-14,104.48,105.6,102.99,103.77,45093.15,468869.15
600600.SH,2021-12-15,104.0,105.25,100.88,101.87,50176.07,515210.96
600600.SH,2021-12-16,101.9,102.33,99.2,101.77,42933.76,433155.66
600600.SH,2021-12-17,101.4,101.72,98.0,99.7,45225.3,450543.27
600600.SH,2021-12-20,99.7,100.88,98.72,99.05,25032.13,249117.16
600600.SH,2021-12-21,99.3,103.26,99.0,102.27,42663.96,435398.34
600600.SH,2021-12-22,102.27,103.59,101.32,102.05,22226.92,227414.95
600600.SH,2021-12-23,102.0,104.2,99.8,101.44,35657.83,361481.59
600600.SH,2021-12-24,102.43,105.95,101.31,105.09,45030.99,467350.76
600600.SH,2021-12-27,104.88,106.5,101.0,102.15,41233.85,426945.81
600600.SH,2021-12-28,102.0,104.83,101.27,104.0,31417.56,324634.91
600600.SH,2021-12-29,104.6,105.4,99.81,100.5,50642.19,512993.29
600600.SH,2021-12-30,100.0,100.9,99.4,100.51,47370.85,474335.02
600600.SH,2021-12-31,100.67,101.5,98.18,99.0,50779.33,503072.01
600600.SH,2022-01-04,99.0,100.06,96.32,99.66,52000.69,510503.56
600600.SH,2022-01-05,99.04,103.0,98.51,101.0,54844.53,555944.11
600600.SH,2022-01-06,100.58,101.59,96.5,97.87,53852.87,530817.95
600600.SH,2022-01-07,97.29,98.66,96.5,96.7,30609.71,298125.38
600600.SH,2022-01-10,95.66,95.88,91.37,95.14,116609.21,1092109.41
600600.SH,2022-01-11,94.81,94.81,89.5,89.92,104720.01,949621.8
600600.SH,2022-01-12,89.92,91.27,88.08,90.74,83571.31,751774.46
600600.SH,2022-01-13,90.11,91.38,88.77,89.23,43696.4,392523.46
600600.SH,2022-01-14,88.2,91.8,88.2,90.23,76943.71,698592.86
600600.SH,2022-01-17,91.0,91.0,88.63,89.18,46714.63,416637.46
600600.SH,2022-01-18,89.13,90.31,88.48,89.45,48129.54,430608.25
600600.SH,2022-01-19,89.0,89.8,87.03,88.71,42616.36,375902.97
600600.SH,2022-01-20,89.25,91.53,88.72,90.94,60907.79,550560.12
600600.SH,2022-01-21,91.22,95.63,90.18,93.13,80151.34,749633.05
600600.SH,2022-01-24,92.75,96.38,92.07,95.36,68335.22,649341.55
600600.SH,2022-01-25,95.36,96.12,93.51,94.0,37461.35,354641.48
600600.SH,2022-01-26,93.66,95.15,92.47,93.98,33589.35,314958.2
600600.SH,2022-01-27,93.84,94.3,92.33,92.97,23616.2,220479.89
600600.SH,2022-01-28,93.18,95.66,91.5,92.21,32340.33,302819.24
600600.SH,2022-02-07,92.93,95.5,90.88,91.64,44433.87,412104.85
600600.SH,2022-02-08,91.64,91.75,88.36,89.58,47803.81,426836.9
600600.SH,2022-02-09,89.2,92.84,89.13,91.27,60543.19,550669.44
600600.SH,2022-02-10,91.2,91.2,88.21,89.5,71075.72,632487.2
600600.SH,2022-02-11,89.0,91.68,88.78,90.01,42010.12,380305.82
600600.SH,2022-02-14,90.09,95.11,90.01,94.89,86567.4,810424.71
600600.SH,2022-02-15,94.3,96.95,94.28,95.63,48857.16,466523.64
600600.SH,2022-02-16,95.63,97.49,94.74,96.61,39809.71,384141.37
600600.SH,2022-02-17,97.5,97.5,95.26,96.39,31959.23,307917.65
600600.SH,2022-02-18,95.88,97.52,94.6,96.3,29747.03,286156.23
600600.SH,2022-02-21,97.01,97.2,94.55,95.22,23663.97,225577.09
600600.SH,2022-02-22,95.0,95.43,93.46,95.0,23238.01,219440.99
600600.SH,2022-02-23,94.65,95.5,92.7,94.6,27011.78,254473.19
600600.SH,2022-02-24,94.09,94.89,92.06,93.2,35182.47,327433.14
600600.SH,2022-02-25,93.12,93.88,92.54,93.59,27969.25,261068.69
600600.SH,2022-02-28,92.71,93.97,92.57,93.79,31834.72,297078.74
600600.SH,2022-03-01,96.96,103.17,96.6,101.58,130207.52,1319036.63
600600.SH,2022-03-02,100.58,101.2,97.81,99.49,74540.01,741057.01
600600.SH,2022-03-03,99.5,101.19,98.01,99.29,55817.65,555510.33
600600.SH,2022-03-04,98.13,99.89,97.35,98.02,50404.63,496703.88
600600.SH,2022-03-07,96.75,96.75,90.91,91.3,88313.87,814872.91
600600.SH,2022-03-08,91.3,93.5,89.59,90.51,58534.97,536746.52
600600.SH,2022-03-09,90.57,91.2,84.8,88.84,78616.68,692626.81
600600.SH,2022-03-10,90.5,94.88,89.26,94.3,96164.79,895430.58
600600.SH,2022-03-11,92.8,94.25,90.45,92.96,50569.15,466041.48
600600.SH,2022-03-14,90.0,91.0,85.85,86.0,93027.84,810321.32
600600.SH,2022-03-15,85.0,85.0,81.0,82.39,70644.58,584810.45
600600.SH,2022-03-16,84.3,87.0,82.7,86.42,66340.04,563874.04
600600.SH,2022-03-17,87.82,88.59,85.13,86.72,65993.39,574619.63
600600.SH,2022-03-18,86.07,86.68,84.8,85.89,64658.35,555004.81
600600.SH,2022-03-21,85.25,86.21,84.18,86.0,51577.53,438567.36
600600.SH,2022-03-22,85.07,85.6,83.5,84.05,59003.7,496780.41
600600.SH,2022-03-23,84.12,85.01,82.81,84.52,53188.06,447196.8
600600.SH,2022-03-24,83.9,83.9,81.81,82.34,65464.71,538142.17
600600.SH,2022-03-25,82.09,82.2,79.37,80.09,75548.8,608680.64
600600.SH,2022-03-28,78.8,79.33,76.4,78.0,79481.83,617061.47
600600.SH,2022-03-29,78.35,79.23,76.05,76.4,77733.3,599063.61
600600.SH,2022-03-30,76.8,80.36,76.7,79.58,115866.82,910133.88
600600.SH,2022-03-31,78.93,79.7,78.2,79.01,51051.45,402574.74
600600.SH,2022-04-01,78.37,82.4,78.06,81.7,100474.16,816398.88
600600.SH,2022-04-06,80.9,80.9,79.13,79.73,84094.32,670730.14
600600.SH,2022-04-07,80.01,80.95,78.3,78.71,57559.33,456474.57
600600.SH,2022-04-08,78.26,79.1,77.26,77.8,46631.27,363188.36
600600.SH,2022-04-11,77.29,77.31,73.0,73.66,99496.59,737151.7
600600.SH,2022-04-12,73.6,81.03,73.21,80.68,132222.72,1024204.71
600600.SH,2022-04-13,79.3,83.68,77.75,81.78,160520.89,1307382.62
600600.SH,2022-04-14,82.3,86.36,82.3,84.93,123644.39,1051743.24
600600.SH,2022-04-15,83.49,86.3,83.01,84.07,81901.96,692673.56
600600.SH,2022-04-18,83.3,84.72,82.0,84.44,54414.38,455156.85
600600.SH,2022-04-19,84.54,85.95,83.81,84.55,45744.58,385855.72
600600.SH,2022-04-20,84.0,88.0,82.5,85.78,84412.02,722166.08
600600.SH,2022-04-21,85.06,85.9,82.98,83.98,60105.66,506054.8
600600.SH,2022-04-22,83.28,84.95,82.1,84.68,48336.58,406464.06
600600.SH,2022-04-25,82.8,84.26,79.99,81.4,83353.93,683487.12
600600.SH,2022-04-26,81.61,84.4,81.52,82.57,77154.83,639837.98
600600.SH,2022-04-27,82.0,84.1,80.75,83.69,70865.34,586015.84
600600.SH,2022-04-28,82.5,85.15,82.21,82.9,62249.69,518840.72
600600.SH,2022-04-29,83.48,87.5,83.48,86.3,135489.95,1165322.79
600600.SH,2022-05-05,87.0,87.86,85.28,86.24,78024.48,674062.53
600600.SH,2022-05-06,84.6,84.6,80.5,81.0,99311.12,811701.18
600600.SH,2022-05-09,78.68,80.85,76.6,79.7,56117.4,444524.56
600600.SH,2022-05-10,78.0,82.85,77.5,82.43,76301.77,616261.54
600600.SH,2022-05-11,82.44,86.92,82.43,84.9,110313.28,944747.33
600600.SH,2022-05-12,84.1,87.11,84.1,85.6,56874.91,488633.74
600600.SH,2022-05-13,85.59,86.5,84.6,85.11,35551.91,302728.48
600600.SH,2022-05-16,86.3,88.5,84.5,85.76,62331.11,538359.24
600600.SH,2022-05-17,85.97,86.5,85.03,85.99,33434.9,287206.14
600600.SH,2022-05-18,85.99,86.18,84.5,84.85,40400.19,343456.02
600600.SH,2022-05-19,83.4,85.36,83.0,83.9,37018.14,310530.83
600600.SH,2022-05-20,84.46,86.89,83.96,85.97,68282.09,587493.47
600600.SH,2022-05-23,86.22,86.24,84.39,85.37,49795.45,424636.02
600600.SH,2022-05-24,85.4,85.72,83.81,84.04,42077.46,355569.23
600600.SH,2022-05-25,83.86,84.74,83.6,84.03,41151.54,345495.3
600600.SH,2022-05-26,84.6,87.1,83.38,86.02,74856.18,640186.84
600600.SH,2022-05-27,86.38,87.1,84.7,85.18,50970.54,438268.38
600600.SH,2022-05-30,88.6,93.7,88.6,90.9,160272.56,1470394.92
600600.SH,2022-05-31,91.0,93.5,90.37,92.75,109556.21,1014980.27
600600.SH,2022-06-01,91.9,93.3,90.86,91.62,69221.6,634534.51
600600.SH,2022-06-02,90.12,91.3,89.49,89.95,55602.07,501422.18
600600.SH,2022-06-06,90.55,93.65,88.77,93.0,77518.11,713891.81
600600.SH,2022-06-07,92.9,94.5,91.23,93.06,64436.2,599018.58
600600.SH,2022-06-08,92.5,95.8,92.06,94.46,71883.17,676382.31
600600.SH,2022-06-09,94.0,94.5,91.46,92.0,50502.74,467761.35
600600.SH,2022-06-10,91.5,92.1,90.03,92.1,51769.28,472773.01
600600.SH,2022-06-13,91.0,91.5,88.31,90.55,85215.6,764475.58
600600.SH,2022-06-14,89.0,93.0,88.88,91.95,64610.31,589919.54
600600.SH,2022-06-15,91.82,92.88,90.41,91.54,80034.5,733729.46
600600.SH,2022-06-16,91.6,92.65,89.01,90.15,73476.02,665215.14
600600.SH,2022-06-17,89.19,91.95,89.07,91.56,65681.22,598605.78
600600.SH,2022-06-20,92.14,95.0,92.14,93.98,84963.34,796222.72
600600.SH,2022-06-21,94.0,95.21,92.38,93.8,57950.46,543839.98
600600.SH,2022-06-22,93.8,94.9,92.83,92.87,43034.11,402484.43
600600.SH,2022-06-23,92.87,93.5,92.26,93.27,46850.44,435749.86
600600.SH,2022-06-24,93.3,97.0,93.0,95.59,74703.83,707381.39
600600.SH,2022-06-27,97.0,101.9,97.0,99.65,102070.43,1016757.85
600600.SH,2022-06-28,98.8,101.06,97.0,100.0,60452.06,597073.7
600600.SH,2022-06-29,99.88,103.98,99.7,102.29,89780.08,916879.98
600600.SH,2022-06-30,103.0,107.37,103.0,103.92,89773.93,941861.0
600600.SH,2022-07-01,103.38,104.49,101.0,102.58,44830.04,459807.03
600600.SH,2022-07-04,101.58,104.88,101.35,104.17,47831.59,496259.48
600600.SH,2022-07-05,104.17,104.49,99.0,101.52,69828.9,704275.19
600600.SH,2022-07-06,100.68,101.2,97.0,98.18,72921.47,719158.92
600600.SH,2022-07-07,98.0,99.8,95.04,98.93,60905.91,594177.49
600600.SH,2022-07-08,98.92,99.86,98.0,98.72,31510.35,311439.02
600600.SH,2022-07-11,97.0,98.0,95.61,96.69,43573.24,419821.15
600600.SH,2022-07-12,96.5,97.25,95.11,95.67,27790.6,266723.47
600600.SH,2022-07-13,95.98,98.88,95.8,96.89,57803.68,562653.07
600600.SH,2022-07-14,96.42,96.82,94.4,96.0,51331.53,491721.31
600600.SH,2022-07-15,95.85,99.98,95.4,96.84,56292.72,552926.52
600600.SH,2022-07-18,96.84,97.5,92.66,96.32,66047.81,629404.59
600600.SH,2022-07-19,94.71,95.98,93.26,95.11,44109.48,416518.51
600600.SH,2022-07-20,95.2,97.2,94.58,95.56,42872.8,411138.82
600600.SH,2022-07-21,94.5,97.76,94.5,97.01,60475.31,586249.38
600600.SH,2022-07-22,97.01,97.49,95.7,96.21,35997.21,346988.22
600600.SH,2022-07-25,95.3,101.0,94.0,100.19,82790.54,819050.5
600600.SH,2022-07-26,99.97,102.5,99.52,100.49,46579.65,469445.97
600600.SH,2022-07-27,101.52,103.87,99.9,100.0,42182.33,426971.48
600600.SH,2022-07-28,100.1,102.99,98.66,100.48,47829.36,483630.37
600600.SH,2022-07-29,100.09,100.48,98.02,98.51,70879.47,701333.99
600600.SH,2022-08-01,100.0,108.36,99.25,108.06,157062.85,1674145.98
600600.SH,2022-08-02,107.43,108.92,105.8,106.28,72443.19,776067.7
600600.SH,2022-08-03,106.18,106.99,102.5,102.97,54493.07,567777.01
600600.SH,2022-08-04,103.88,104.13,101.76,103.58,43476.21,447457.09
600600.SH,2022-08-05,103.5,105.18,102.8,103.04,44076.84,456740.29
600600.SH,2022-08-08,101.02,105.85,100.12,103.99,64926.45,674306.5
600600.SH,2022-08-09,104.02,110.0,103.12,109.5,66661.68,712374.16
600600.SH,2022-08-10,109.3,109.3,103.53,105.04,69395.72,732630.5
600600.SH,2022-08-11,105.1,106.96,102.77,106.48,42801.06,449922.53
600600.SH,2022-08-12,105.99,106.88,103.67,104.5,29932.42,312710.78
600600.SH,2022-08-15,103.66,105.13,103.0,103.66,27754.99,287850.33
600600.SH,2022-08-16,103.67,104.0,101.88,102.96,31983.02,328686.57
600600.SH,2022-08-17,102.5,106.0,100.2,104.72,49825.03,517077.45
600600.SH,2022-08-18,104.44,106.6,103.72,104.97,49004.5,516108.47
600600.SH,2022-08-19,104.96,106.6,103.1,103.52,26381.84,275250.83
600600.SH,2022-08-22,103.36,104.47,101.8,102.97,28483.0,293711.91
600600.SH,2022-08-23,102.19,102.79,99.99,100.57,49819.21,502102.04
600600.SH,2022-08-24,100.13,100.49,98.5,98.97,36177.46,359329.48
600600.SH,2022-08-25,99.0,102.0,98.98,100.52,37514.88,376888.57
600600.SH,2022-08-26,104.0,110.2,104.0,108.0,144819.65,1556687.5
600600.SH,2022-08-29,107.96,109.5,105.43,108.5,66879.55,719472.6
600600.SH,2022-08-30,108.39,110.32,107.0,108.48,52310.97,566640.22
600600.SH,2022-08-31,107.69,109.65,107.33,108.0,41334.16,448735.35
600600.SH,2022-09-01,107.35,107.99,105.6,105.97,46414.32,494734.65
600600.SH,2022-09-02,105.7,106.5,101.05,102.0,68604.8,705449.49
600600.SH,2022-09-05,101.8,101.8,97.0,99.0,79682.59,785745.76
600600.SH,2022-09-06,99.09,100.33,96.89,98.67,56322.75,552975.41
600600.SH,2022-09-07,98.51,98.6,96.82,97.29,47799.5,465465.48
600600.SH,2022-09-08,97.99,98.87,97.0,97.2,42167.61,411477.79
600600.SH,2022-09-09,97.22,97.53,96.0,96.67,44806.26,433555.23
600600.SH,2022-09-13,97.27,101.15,96.85,100.05,75735.59,753519.11
600600.SH,2022-09-14,98.52,101.0,98.3,100.25,40835.46,407879.84
600600.SH,2022-09-15,99.79,104.55,99.79,102.29,57712.72,592374.45
600600.SH,2022-09-16,101.58,104.0,100.25,101.12,43687.57,444426.41
600600.SH,2022-09-19,101.57,102.5,98.5,101.9,56378.06,571902.74
600600.SH,2022-09-20,102.39,103.2,100.13,102.4,30663.3,312055.75
600600.SH,2022-09-21,102.06,103.92,101.16,101.88,37872.98,387694.06
600600.SH,2022-09-22,101.44,101.44,98.63,99.94,46289.98,461881.98
600600.SH,2022-09-23,100.37,103.78,100.08,102.3,59391.75,605491.8
600600.SH,2022-09-26,101.0,105.5,101.0,103.85,49122.61,511521.72
600600.SH,2022-09-27,104.14,107.04,102.22,106.95,67674.3,711708.25
600600.SH,2022-09-28,106.22,107.8,105.4,106.08,39408.63,419569.71
600600.SH,2022-09-29,106.97,107.97,104.21,105.25,49333.46,520543.5
600600.SH,2022-09-30,105.56,108.3,105.25,106.2,53362.77,568027.93
600600.SH,2022-10-10,106.0,106.0,102.0,102.46,59067.6,612836.62
600600.SH,2022-10-11,102.56,104.98,101.89,104.06,41332.02,428823.37
600600.SH,2022-10-12,104.0,104.5,100.3,103.77,51656.17,526539.54
600600.SH,2022-10-13,103.76,103.76,100.0,100.52,47279.85,477852.35
600600.SH,2022-10-14,101.05,104.44,100.4,103.26,49032.83,506337.54
600600.SH,2022-10-17,102.5,103.29,100.3,101.2,39535.06,399907.09
600600.SH,2022-10-18,101.56,102.48,98.9,99.44,46889.94,469466.44
600600.SH,2022-10-19,99.7,99.7,96.67,97.38,60045.69,585456.02
600600.SH,2022-10-20,97.4,99.0,95.28,96.96,44387.05,429413.58
600600.SH,2022-10-21,96.98,97.3,94.7,96.67,42090.33,404148.83
600600.SH,2022-10-24,96.36,96.36,92.2,92.4,44759.32,418562.62
600600.SH,2022-10-25,91.01,93.88,90.38,93.3,45734.95,424207.13
600600.SH,2022-10-26,94.09,96.0,92.7,94.79,51046.91,484371.56
600600.SH,2022-10-27,92.8,92.8,86.0,86.5,131942.79,1161755.58
600600.SH,2022-10-28,86.0,86.76,83.73,84.4,77675.99,660516.58
600600.SH,2022-10-31,84.03,84.03,80.88,81.8,96346.23,788180.05
600600.SH,2022-11-01,82.03,87.84,82.03,87.83,106641.14,915330.29
600600.SH,2022-11-02,87.55,95.38,86.97,93.41,121606.38,1117731.39
600600.SH,2022-11-03,92.08,92.75,90.7,92.11,55290.66,507941.88
600600.SH,2022-11-04,92.11,101.2,91.66,99.2,104252.27,1018162.8
600600.SH,2022-11-07,98.67,101.0,97.41,100.01,67228.38,669298.29
600600.SH,2022-11-08,99.6,101.81,98.0,99.07,41175.37,408498.03
600600.SH,2022-11-09,98.53,99.5,96.57,96.8,41392.86,403008.21
600600.SH,2022-11-10,96.85,99.28,96.18,98.35,43649.35,427312.56
600600.SH,2022-11-11,102.0,103.75,99.0,101.34,80436.77,815301.39
600600.SH,2022-11-14,101.99,103.49,96.9,97.6,68786.89,680263.22
600600.SH,2022-11-15,97.82,100.04,97.24,99.22,38636.17,381897.54
600600.SH,2022-11-16,99.8,102.48,98.88,101.11,41488.76,418835.14
600600.SH,2022-11-17,100.76,101.5,97.88,98.76,46562.58,459539.37
600600.SH,2022-11-18,98.76,100.26,98.1,98.8,44032.67,436681.93
600600.SH,2022-11-21,98.38,98.38,94.0,95.81,52056.18,495912.82
600600.SH,2022-11-22,95.58,96.96,94.79,96.14,37054.87,355105.19
600600.SH,2022-11-23,95.69,95.8,93.21,94.03,55081.39,517076.39
600600.SH,2022-11-24,93.98,94.97,92.03,94.08,37386.13,351364.09
600600.SH,2022-11-25,94.14,94.39,92.67,93.4,30355.62,283848.34
600600.SH,2022-11-28,91.2,96.0,89.61,95.21,58147.77,543809.79
600600.SH,2022-11-29,96.21,101.08,95.85,100.61,95170.74,946849.75
600600.SH,2022-11-30,99.58,103.0,99.58,101.3,61890.96,628297.89
600600.SH,2022-12-01,104.06,109.0,103.78,104.6,90436.7,953879.02
600600.SH,2022-12-02,104.03,105.57,102.2,103.0,47733.53,494085.02
600600.SH,2022-12-05,103.97,106.0,103.2,104.64,53036.52,556067.79
600600.SH,2022-12-06,104.01,112.59,104.01,111.34,89455.8,987638.74
600600.SH,2022-12-07,110.57,110.98,107.51,108.65,63433.33,690955.08
600600.SH,2022-12-08,108.65,109.99,105.73,109.19,44430.4,481544.64
600600.SH,2022-12-09,109.24,111.3,108.28,110.96,54432.09,599338.18
600600.SH,2022-12-12,108.66,110.66,107.96,108.33,37200.28,404601.7
600600.SH,2022-12-13,108.8,109.56,107.45,108.4,39783.6,431960.22
600600.SH,2022-12-14,109.1,110.02,106.9,108.5,41701.74,453185.33
600600.SH,2022-12-15,108.68,109.58,106.0,106.48,41988.61,449284.54
600600.SH,2022-12-16,105.94,108.3,105.81,108.02,37251.21,401152.1
600600.SH,2022-12-19,107.84,108.88,105.55,106.91,24740.92,264493.56
600600.SH,2022-12-20,105.95,106.8,103.2,103.91,37545.46,391112.13
600600.SH,2022-12-21,104.97,107.0,104.01,105.45,30094.56,318420.21
600600.SH,2022-12-22,105.95,107.69,104.17,106.66,29371.91,312447.12
600600.SH,2022-12-23,105.66,109.61,104.5,109.61,37592.68,407299.28
600600.SH,2022-12-26,107.9,108.98,106.2,106.38,36566.36,392129.8
600600.SH,2022-12-27,107.5,111.11,106.65,108.83,35141.7,382927.48
600600.SH,2022-12-28,108.63,109.88,107.7,108.76,21624.53,234906.58
600600.SH,2022-12-29,107.85,108.2,106.39,107.15,31138.75,333815.98
600600.SH,2022-12-30,108.24,108.49,105.4,107.5,38565.59,412610.8
600600.SH,2023-01-03,107.99,107.99,102.99,105.17,49761.61,520888.74
600600.SH,2023-01-04,105.69,107.31,104.4,105.5,39743.62,421583.04
600600.SH,2023-01-05,105.82,108.62,105.0,107.99,34708.5,374395.93
600600.SH,2023-01-06,108.0,108.05,104.66,106.3,40587.19,430721.5
600600.SH,2023-01-09,106.7,107.29,105.01,106.37,48271.85,512084.96
600600.SH,2023-01-10,106.58,107.5,105.19,106.89,36189.71,386335.18
600600.SH,2023-01-11,107.27,107.87,104.39,105.95,42101.09,446185.66
600600.SH,2023-01-12,105.37,106.53,103.6,103.93,31750.77,332081.97
600600.SH,2023-01-13,104.72,110.11,104.07,109.22,57157.55,617104.33
600600.SH,2023-01-16,109.89,112.14,109.01,109.79,56988.51,628820.24
600600.SH,2023-01-17,109.22,110.29,107.55,109.33,34677.81,377334.38
600600.SH,2023-01-18,109.22,109.7,105.86,106.16,41072.53,438600.19
600600.SH,2023-01-19,105.76,106.15,104.5,105.3,30687.08,323094.94
600600.SH,2023-01-20,105.3,106.28,104.36,105.16,29232.25,308015.33
600600.SH,2023-01-30,105.9,106.62,103.8,104.28,56848.24,596103.02
600600.SH,2023-01-31,104.67,104.67,101.0,101.04,48147.18,491688.47
600600.SH,2023-02-01,101.04,104.5,101.04,103.99,50648.69,522717.61
600600.SH,2023-02-02,104.0,105.89,103.6,105.18,42812.47,449710.13
600600.SH,2023-02-03,104.58,105.28,102.02,104.09,32291.74,334778.31
600600.SH,2023-02-06,102.85,103.71,101.85,101.93,42895.62,440391.9
600600.SH,2023-02-07,102.5,103.5,101.68,102.21,25783.96,264339.51
600600.SH,2023-02-08,102.72,103.14,100.08,100.73,34248.92,345988.46
600600.SH,2023-02-09,100.77,103.43,100.77,101.82,46409.46,473242.98
600600.SH,2023-02-10,101.9,102.86,100.85,102.28,33848.94,344707.0
600600.SH,2023-02-13,101.8,106.86,101.33,104.6,90548.55,947705.62
600600.SH,2023-02-14,104.59,106.46,103.67,105.44,38180.35,401527.94
600600.SH,2023-02-15,105.44,108.6,105.04,105.78,52349.99,559581.71
600600.SH,2023-02-16,106.0,110.94,105.3,108.55,84288.58,915659.4
600600.SH,2023-02-17,107.68,109.5,106.8,107.23,36942.63,399387.59
600600.SH,2023-02-20,106.41,108.49,105.0,107.7,45881.65,490577.35
600600.SH,2023-02-21,108.0,108.4,105.55,106.55,36758.15,390450.15
600600.SH,2023-02-22,106.3,107.9,105.35,106.73,30170.32,322125.15
600600.SH,2023-02-23,106.81,107.6,104.86,105.68,30788.85,325795.82
600600.SH,2023-02-24,105.03,105.18,102.5,103.31,43229.22,447052.79
600600.SH,2023-02-27,103.41,108.9,102.0,108.19,76474.92,812045.25
600600.SH,2023-02-28,107.87,112.22,106.78,111.48,99022.12,1097303.24
600600.SH,2023-03-01,113.14,113.65,110.13,112.3,70788.52,794417.11
600600.SH,2023-03-02,112.84,114.44,112.03,112.88,50633.26,572851.59
600600.SH,2023-03-03,113.0,115.48,112.0,113.2,48904.01,556286.15
600600.SH,2023-03-06,113.79,115.0,111.6,114.09,42904.47,486874.81
600600.SH,2023-03-07,114.0,116.68,113.8,114.9,70646.9,815315.8
600600.SH,2023-03-08,114.19,114.59,111.98,113.7,38968.25,441288.6
600600.SH,2023-03-09,113.7,114.53,110.6,112.0,54767.46,613982.59
600600.SH,2023-03-10,111.45,112.5,110.18,110.52,31278.79,347016.04
600600.SH,2023-03-13,110.76,114.2,110.01,113.43,40070.15,452356.57
600600.SH,2023-03-14,113.8,114.95,113.1,113.44,41139.0,468981.98
600600.SH,2023-03-15,114.13,114.57,111.88,112.42,46143.9,520827.53
600600.SH,2023-03-16,112.1,112.65,110.14,110.96,34668.55,385348.57
600600.SH,2023-03-17,111.59,111.8,108.1,108.29,36911.63,404073.42
600600.SH,2023-03-20,108.79,108.8,104.5,106.0,59927.17,635830.96
600600.SH,2023-03-21,106.73,108.67,106.07,107.48,47638.17,511647.25
600600.SH,2023-03-22,107.72,111.26,107.46,108.69,38484.87,420608.97
600600.SH,2023-03-23,110.98,111.3,106.72,110.02,56165.47,615499.58
600600.SH,2023-03-24,111.11,113.7,109.4,112.31,63081.13,708764.79
600600.SH,2023-03-27,112.31,112.82,109.63,110.81,32042.25,355110.87
600600.SH,2023-03-28,111.34,112.88,110.76,112.69,45414.11,508542.43
600600.SH,2023-03-29,112.98,116.55,112.01,115.99,59520.91,684695.58
600600.SH,2023-03-30,115.29,120.68,115.11,119.8,72960.42,869646.98
600600.SH,2023-03-31,120.08,122.44,119.51,120.6,58535.29,706095.42
600600.SH,2023-04-03,119.98,120.25,117.65,118.79,56298.69,668456.52
600600.SH,2023-04-04,118.78,123.18,118.18,122.03,66277.59,801336.8
600600.SH,2023-04-06,122.02,123.0,120.3,122.05,30904.76,376015.23
600600.SH,2023-04-07,122.05,124.59,120.76,122.1,32746.7,402736.42
600600.SH,2023-04-10,121.5,125.65,118.55,124.33,46055.97,565401.41
600600.SH,2023-04-11,122.26,123.03,118.72,119.89,59634.52,716267.27
600600.SH,2023-04-12,119.96,120.5,115.13,115.87,67234.78,785020.84
600600.SH,2023-04-13,115.99,118.6,115.88,117.35,45371.25,531549.5
600600.SH,2023-04-14,118.01,119.8,115.15,115.88,41658.52,486803.57
600600.SH,2023-04-17,116.3,118.45,115.78,116.45,36877.77,430760.19
600600.SH,2023-04-18,117.0,118.3,115.78,117.68,39822.72,467230.64
600600.SH,2023-04-19,117.9,117.9,115.9,116.6,33089.94,386109.24
600600.SH,2023-04-20,116.6,117.45,112.93,114.03,72707.86,831811.35
600600.SH,2023-04-21,114.77,116.32,113.56,114.35,39920.18,459244.17
600600.SH,2023-04-24,113.9,114.5,112.1,113.5,45259.62,512210.85
600600.SH,2023-04-25,116.19,118.27,114.68,117.04,89206.22,1039992.46
600600.SH,2023-04-26,116.39,119.62,114.11,118.94,67918.36,795989.86
600600.SH,2023-04-27,118.0,118.0,114.4,116.61,57691.95,670867.11
600600.SH,2023-04-28,116.6,117.09,115.11,116.8,51919.06,602701.66
600600.SH,2023-05-04,116.8,117.63,111.0,111.76,90808.08,1030146.76
600600.SH,2023-05-05,111.1,112.79,108.69,112.15,62782.65,696312.53
600600.SH,2023-05-08,111.6,112.15,107.38,108.12,84795.28,920781.7
600600.SH,2023-05-09,108.13,109.2,106.05,107.29,55879.49,601701.15
600600.SH,2023-05-10,107.08,107.48,104.59,105.78,45713.61,483590.1
600600.SH,2023-05-11,105.76,106.37,104.3,104.94,33334.64,350224.36
600600.SH,2023-05-12,104.99,105.8,103.09,103.66,45851.07,476109.69
600600.SH,2023-05-15,103.84,106.85,102.5,106.59,69125.15,726712.51
600600.SH,2023-05-16,106.0,107.5,104.45,105.22,60181.63,636481.87
600600.SH,2023-05-17,105.0,105.0,101.61,103.05,65206.5,670953.51
600600.SH,2023-05-18,103.0,103.79,102.3,103.7,39146.34,404616.9
600600.SH,2023-05-19,103.4,109.8,102.29,107.44,77587.88,830281.26
600600.SH,2023-05-22,106.46,109.44,105.03,107.8,68460.34,737714.38
600600.SH,2023-05-23,107.36,107.78,104.74,105.19,47082.09,497775.13
600600.SH,2023-05-24,104.43,104.5,102.12,102.16,53155.0,547252.69
600600.SH,2023-05-25,101.6,102.55,100.25,101.2,56961.56,576264.91
600600.SH,2023-05-26,100.89,101.71,99.29,99.83,45099.19,451503.65
600600.SH,2023-05-29,99.84,100.29,98.18,99.75,61213.21,606617.82
600600.SH,2023-05-30,99.21,99.4,95.77,96.95,88456.39,857113.22
600600.SH,2023-05-31,97.65,97.9,94.8,95.21,48440.9,463049.86
600600.SH,2023-06-01,95.56,97.47,94.99,96.01,61423.03,590813.31
600600.SH,2023-06-02,96.03,99.98,96.03,98.99,85636.9,841642.64
600600.SH,2023-06-05,98.9,99.71,97.58,99.06,47416.32,467991.8
600600.SH,2023-06-06,98.5,101.0,98.2,99.5,51703.81,515779.44
600600.SH,2023-06-07,99.5,100.39,97.67,98.0,48631.22,478883.76
600600.SH,2023-06-08,97.57,99.0,96.8,97.84,37268.71,364191.65
600600.SH,2023-06-09,98.13,99.1,97.38,98.82,37477.5,368533.94
600600.SH,2023-06-12,98.82,104.0,98.68,103.36,101624.88,1033759.67
600600.SH,2023-06-13,102.7,104.02,101.05,102.75,50488.64,517690.77
600600.SH,2023-06-14,103.19,104.71,102.8,102.98,65319.21,676937.3
600600.SH,2023-06-15,103.2,105.33,101.57,104.96,90517.18,936612.35
600600.SH,2023-06-16,105.5,106.38,104.57,105.92,56576.7,597575.88
600600.SH,2023-06-19,105.66,106.38,103.1,104.08,68152.46,710205.66
600600.SH,2023-06-20,103.51,104.9,102.5,104.04,43712.02,453834.93
600600.SH,2023-06-21,102.85,104.0,102.3,102.69,36920.45,380196.33
600600.SH,2023-06-26,102.02,102.93,100.51,102.3,37913.88,385998.58
600600.SH,2023-06-27,102.01,103.03,101.0,102.01,36973.88,376630.55
600600.SH,2023-06-28,102.19,104.01,101.44,102.46,40386.22,414924.82
600600.SH,2023-06-29,102.46,102.88,101.23,101.65,30440.55,310265.83
600600.SH,2023-06-30,101.67,103.84,101.34,103.63,51348.76,528195.65
600600.SH,2023-07-03,104.18,106.15,103.31,105.6,55561.57,585945.26
600600.SH,2023-07-04,106.0,106.35,104.59,105.85,31350.0,330294.79
600600.SH,2023-07-05,105.6,105.6,103.38,104.27,31840.1,331402.67
600600.SH,2023-07-06,103.5,104.09,100.7,100.96,52136.47,532107.58
600600.SH,2023-07-07,100.71,101.42,100.0,100.34,25173.45,253461.75
600600.SH,2023-07-10,101.5,102.86,100.48,101.84,27099.8,276216.77
600600.SH,2023-07-11,101.83,102.32,100.55,102.0,25602.81,260310.55
600600.SH,2023-07-12,101.9,102.87,101.5,101.69,20785.52,212240.72
600600.SH,2023-07-13,101.72,104.74,101.72,104.51,48336.53,501783.07
600600.SH,2023-07-14,103.02,103.02,100.6,101.38,36044.06,365536.8
600600.SH,2023-07-17,101.38,101.38,99.22,100.02,25549.25,254981.43
600600.SH,2023-07-18,100.18,100.3,99.02,100.18,16847.58,167960.14
600600.SH,2023-07-19,100.19,100.19,93.4,94.42,126326.78,1205577.3
600600.SH,2023-07-20,94.2,98.0,94.01,96.0,83195.91,802078.51
600600.SH,2023-07-21,96.49,98.3,96.0,96.94,58553.58,569336.07
600600.SH,2023-07-24,96.94,96.95,95.2,95.67,46498.37,444672.9
600600.SH,2023-07-25,96.78,100.2,96.78,98.95,81299.74,805084.98
600600.SH,2023-07-26,98.9,99.1,98.08,98.81,27004.12,266271.85
600600.SH,2023-07-27,98.72,99.69,98.19,98.48,32921.77,325859.99
600600.SH,2023-07-28,97.97,100.3,97.79,100.14,37802.77,376111.55
600600.SH,2023-07-31,101.3,103.25,98.1,98.66,87611.13,876534.39
600600.SH,2023-08-01,96.0,97.5,94.83,96.64,78097.16,752442.84
600600.SH,2023-08-02,96.49,96.86,95.0,95.33,63558.9,607671.48
600600.SH,2023-08-03,95.17,96.59,94.8,96.45,44793.89,429042.15
600600.SH,2023-08-04,96.9,100.0,96.8,99.05,99390.0,982023.15
600600.SH,2023-08-07,98.57,99.69,98.05,98.58,41094.51,405914.19
600600.SH,2023-08-08,98.3,98.88,97.01,98.28,27867.61,273165.49
600600.SH,2023-08-09,97.7,98.35,97.5,98.2,24783.43,242579.83
600600.SH,2023-08-10,98.31,98.31,96.18,96.86,44492.28,430556.75
600600.SH,2023-08-11,97.09,97.17,95.46,95.55,31048.12,297866.12
600600.SH,2023-08-14,95.0,95.35,93.2,95.0,45527.21,428978.7
600600.SH,2023-08-15,95.03,95.35,93.51,94.04,31487.55,296879.52
600600.SH,2023-08-16,93.39,93.99,92.4,92.48,46869.4,435302.97
600600.SH,2023-08-17,92.01,96.67,91.78,96.59,103324.69,984603.01
600600.SH,2023-08-18,96.59,96.78,94.28,94.28,34405.3,328143.71
600600.SH,2023-08-21,93.81,94.88,92.75,93.08,30078.09,281446.8
600600.SH,2023-08-22,93.15,93.6,91.7,93.08,37586.91,348142.52
600600.SH,2023-08-23,92.87,92.87,91.64,91.7,26109.47,240575.35
600600.SH,2023-08-24,91.77,97.86,91.77,96.99,89053.6,851823.82
600600.SH,2023-08-25,96.49,96.5,94.5,95.7,41501.37,396777.11
600600.SH,2023-08-28,99.59,99.99,94.0,94.46,79857.78,762810.68
600600.SH,2023-08-29,94.49,95.44,93.45,94.67,46365.41,438687.4
600600.SH,2023-08-30,94.67,95.07,93.7,94.0,36494.41,343577.39
600600.SH,2023-08-31,93.0,93.59,90.5,91.1,67133.8,617959.41
600600.SH,2023-09-01,92.06,93.45,91.95,92.18,39027.72,361607.99
600600.SH,2023-09-04,92.53,95.1,92.53,94.3,66501.64,626239.14
600600.SH,2023-09-05,94.28,95.46,93.7,94.46,37776.5,357647.34
600600.SH,2023-09-06,94.45,94.45,92.2,92.59,37055.02,343794.96
600600.SH,2023-09-07,92.5,92.66,91.81,91.96,28449.42,262079.17
600600.SH,2023-09-08,91.96,91.96,90.74,91.21,28061.98,256048.23
600600.SH,2023-09-11,91.0,92.4,90.63,91.91,27882.26,255558.05
600600.SH,2023-09-12,91.9,92.12,91.0,91.88,19767.17,181272.62
600600.SH,2023-09-13,92.0,92.5,90.82,91.27,25651.46,234612.1
600600.SH,2023-09-14,91.0,91.25,89.32,90.12,38756.05,349472.89
600600.SH,2023-09-15,90.12,90.32,89.2,89.35,30067.41,269398.61
600600.SH,2023-09-18,89.35,90.71,89.02,90.11,39188.21,352572.5
600600.SH,2023-09-19,89.8,89.9,88.51,89.66,23906.09,213296.28
600600.SH,2023-09-20,89.65,89.65,88.27,88.57,25589.2,227178.45
600600.SH,2023-09-21,88.29,88.56,87.11,87.41,35340.54,310095.51
600600.SH,2023-09-22,87.01,89.33,87.01,89.08,33770.34,299000.5
600600.SH,2023-09-25,89.0,89.88,88.62,89.44,26621.02,237784.86
600600.SH,2023-09-26,89.44,91.3,89.02,90.51,37160.6,336736.71
600600.SH,2023-09-27,90.34,90.62,88.22,88.63,37512.13,334304.8
600600.SH,2023-09-28,88.9,89.15,87.26,87.46,34113.36,299314.56
600600.SH,2023-10-09,87.46,87.86,85.59,87.49,36281.98,315388.48
600600.SH,2023-10-10,87.48,89.44,86.51,86.75,29372.49,257219.81
600600.SH,2023-10-11,87.1,87.1,85.83,86.39,32520.69,280651.26
600600.SH,2023-10-12,86.79,87.1,85.51,85.72,38278.49,328792.67
600600.SH,2023-10-13,85.1,85.33,83.23,83.79,50459.98,423116.91
600600.SH,2023-10-16,83.79,84.28,83.03,83.25,29359.17,245287.83
600600.SH,2023-10-17,83.03,83.23,82.27,82.7,23217.56,192141.31
600600.SH,2023-10-18,82.69,83.1,81.9,82.19,22844.18,188260.45
600600.SH,2023-10-19,81.86,82.1,80.64,81.08,32018.21,260033.79
600600.SH,2023-10-20,80.91,81.87,80.76,81.09,26008.84,211206.37
600600.SH,2023-10-23,75.6,81.5,75.0,80.79,153759.22,1205956.95
600600.SH,2023-10-24,79.18,79.47,77.21,78.5,104406.63,819344.4
600600.SH,2023-10-25,78.7,80.7,78.7,80.23,62635.61,501008.26
600600.SH,2023-10-26,79.43,81.99,79.4,81.9,42175.82,342318.05
600600.SH,2023-10-27,81.5,84.75,81.21,84.4,62046.75,519659.36
600600.SH,2023-10-30,83.8,85.98,83.62,83.8,84881.71,718599.13
600600.SH,2023-10-31,83.8,84.0,82.1,83.57,41076.01,341468.76
600600.SH,2023-11-01,84.5,84.78,82.58,82.68,33864.0,281750.15
600600.SH,2023-11-02,82.3,82.48,80.6,80.82,42477.76,344859.69
600600.SH,2023-11-03,80.72,80.98,79.53,80.01,54578.62,437701.77
600600.SH,2023-11-06,80.55,80.66,79.55,80.65,55049.03,440643.82
600600.SH,2023-11-07,80.6,80.6,79.8,79.89,27817.3,222453.73
600600.SH,2023-11-08,79.89,80.36,79.31,79.77,32531.84,259636.14
600600.SH,2023-11-09,79.75,81.02,79.5,80.91,44777.52,360483.02
600600.SH,2023-11-10,80.5,81.28,79.31,80.75,50068.1,401499.65
600600.SH,2023-11-13,80.74,81.46,79.73,79.96,26649.81,213727.75
600600.SH,2023-11-14,80.0,80.43,78.58,78.97,51039.48,404741.69
600600.SH,2023-11-15,79.29,80.34,79.29,79.85,45899.35,366461.08
600600.SH,2023-11-16,79.77,79.82,78.66,78.88,32494.15,256731.44
600600.SH,2023-11-17,78.67,78.89,78.22,78.46,25751.0,202078.84
600600.SH,2023-11-20,78.41,78.76,77.7,78.01,42717.52,333421.36
600600.SH,2023-11-21,77.94,78.89,77.94,78.18,46933.89,368300.83
600600.SH,2023-11-22,77.96,78.18,77.37,77.56,26997.16,209799.72
600600.SH,2023-11-23,77.56,77.68,76.15,76.89,43504.46,333413.27
600600.SH,2023-11-24,76.88,77.35,76.36,76.5,29445.05,226110.58
600600.SH,2023-11-27,76.2,76.39,75.11,75.56,33012.0,249137.64
600600.SH,2023-11-28,75.56,75.8,75.01,75.27,28148.05,211916.91
600600.SH,2023-11-29,75.01,75.1,73.77,74.58,42568.56,317338.3
600600.SH,2023-11-30,74.18,74.91,73.76,74.56,34302.81,255275.74
600600.SH,2023-12-01,74.45,74.46,73.05,74.09,39698.45,292469.83
600600.SH,2023-12-04,73.88,73.9,72.2,72.25,51565.14,374852.71
600600.SH,2023-12-05,71.8,72.67,71.08,71.14,38267.87,275556.5
600600.SH,2023-12-06,71.15,72.51,70.9,71.8,38617.35,277570.62
600600.SH,2023-12-07,71.69,71.76,70.11,71.6,50817.16,359882.0
600600.SH,2023-12-08,71.57,72.58,71.31,71.65,39510.46,284532.28
600600.SH,2023-12-11,71.28,71.82,69.48,71.48,48365.74,342454.97
600600.SH,2023-12-12,71.48,73.0,70.91,72.85,39951.71,288546.01
600600.SH,2023-12-13,72.48,72.66,70.48,70.5,48425.72,345494.49
600600.SH,2023-12-14,70.99,71.28,69.28,69.65,41541.91,290715.77
600600.SH,2023-12-15,69.76,70.89,69.67,69.81,33443.93,234433.29
600600.SH,2023-12-18,69.29,69.79,68.88,69.24,20643.1,143195.81
600600.SH,2023-12-19,69.24,69.6,68.5,69.1,28435.17,195753.26
600600.SH,2023-12-20,69.11,69.11,68.2,68.35,28928.0,198334.41
600600.SH,2023-12-21,68.2,71.53,68.01,71.07,63656.67,446093.21
600600.SH,2023-12-22,70.9,71.98,70.58,71.07,44062.03,313850.72
600600.SH,2023-12-25,71.51,73.09,71.23,72.75,44966.27,325771.29
600600.SH,2023-12-26,72.5,72.5,71.33,72.37,27255.76,196044.69
600600.SH,2023-12-27,72.4,72.59,71.6,72.2,32347.38,233167.09
600600.SH,2023-12-28,72.0,75.7,71.81,75.33,68960.23,512748.13
600600.SH,2023-12-29,75.32,75.96,74.26,74.75,44546.92,333922.82
600600.SH,2024-01-02,74.7,74.7,71.79,71.95,55898.46,406474.13
600600.SH,2024-01-03,71.95,72.54,71.55,71.88,31980.78,229947.7
600600.SH,2024-01-04,71.87,71.88,70.15,70.6,36446.0,257578.02
600600.SH,2024-01-05,70.14,71.02,69.5,70.0,31310.56,219724.16
600600.SH,2024-01-08,70.07,70.09,68.31,68.63,34628.24,238303.44
600600.SH,2024-01-09,68.81,69.55,67.94,68.91,35815.23,245778.28
600600.SH,2024-01-10,68.7,70.8,68.02,69.7,38045.99,265244.22
600600.SH,2024-01-11,69.71,72.55,69.4,72.35,58718.04,419980.39
600600.SH,2024-01-12,72.35,72.86,71.46,72.17,30884.29,223318.21
600600.SH,2024-01-15,71.5,72.16,70.87,71.18,24810.93,177445.22
600600.SH,2024-01-16,71.05,72.44,70.68,72.03,38507.99,275382.5
600600.SH,2024-01-17,71.71,71.99,69.76,69.76,32375.74,228571.29
600600.SH,2024-01-18,69.12,71.4,68.8,71.2,44034.61,307183.86
600600.SH,2024-01-19,70.63,71.68,70.17,70.95,32917.34,234032.3
600600.SH,2024-01-22,71.19,71.19,68.68,69.31,42851.92,299483.21
600600.SH,2024-01-23,68.93,69.66,67.6,69.07,49497.58,339864.37
600600.SH,2024-01-24,69.26,69.5,67.56,69.19,38517.21,264548.38
600600.SH,2024-01-25,69.0,72.8,68.85,72.71,71497.4,510714.56
600600.SH,2024-01-26,72.41,73.05,71.35,72.21,40551.07,292385.82
600600.SH,2024-01-29,72.21,75.2,71.9,74.09,78886.66,585304.37
600600.SH,2024-01-30,73.63,73.63,72.01,72.01,51173.14,372685.11
600600.SH,2024-01-31,71.6,72.13,69.66,69.66,51314.78,361661.84
600600.SH,2024-02-01,69.63,71.65,68.75,70.51,46709.41,329611.3
600600.SH,2024-02-02,70.77,72.7,69.8,72.07,74737.93,537104.14
600600.SH,2024-02-05,71.11,74.1,70.01,73.2,64336.62,465238.34
600600.SH,2024-02-06,73.1,76.68,72.57,76.49,95618.84,721899.95
600600.SH,2024-02-07,76.49,76.89,75.0,76.78,70687.6,539487.53
600600.SH,2024-02-08,77.0,78.6,75.22,78.12,71846.82,551611.17
600600.SH,2024-02-19,78.56,78.89,76.2,76.6,58641.31,452479.49
600600.SH,2024-02-20,76.59,77.17,75.66,76.14,50268.74,383444.22
600600.SH,2024-02-21,76.0,80.48,75.4,79.32,84442.64,664161.66
600600.SH,2024-02-22,78.66,82.0,78.38,81.7,72439.45,581587.57
600600.SH,2024-02-23,81.5,84.88,80.81,83.0,69467.02,576796.67
600600.SH,2024-02-26,82.98,83.5,81.2,81.43,39681.32,326923.59
600600.SH,2024-02-27,81.0,81.89,79.91,81.78,49136.4,396941.49
600600.SH,2024-02-28,81.08,81.3,78.88,79.68,88523.55,704310.62
600600.SH,2024-02-29,78.99,80.27,78.75,80.24,48563.62,386904.68
600600.SH,2024-03-01,80.0,81.07,79.48,80.4,47883.81,384797.79
600600.SH,2024-03-04,80.64,80.86,79.51,79.72,33173.16,265367.76
600600.SH,2024-03-05,79.7,81.76,79.21,81.27,63229.05,511343.22
600600.SH,2024-03-06,81.27,81.66,79.91,80.48,32236.61,259526.48
600600.SH,2024-03-07,80.49,80.88,79.55,79.96,29382.04,235433.31
600600.SH,2024-03-08,79.94,80.08,77.88,78.41,47850.44,376271.11
600600.SH,2024-03-11,78.39,81.05,78.38,80.91,61901.64,495804.66
600600.SH,2024-03-12,81.09,84.5,80.99,83.9,107461.47,897976.4
600600.SH,2024-03-13,83.91,85.85,83.41,85.28,76911.37,655562.06
600600.SH,2024-03-14,85.09,86.15,84.04,84.26,36035.86,305577.23
600600.SH,2024-03-15,84.0,84.99,83.1,83.79,29851.46,250292.34
600600.SH,2024-03-18,83.8,84.7,82.77,84.09,36685.06,307393.6
600600.SH,2024-03-19,84.08,85.66,83.16,84.56,41794.15,353678.52
600600.SH,2024-03-20,84.55,85.8,83.88,85.31,34057.26,289832.83
600600.SH,2024-03-21,85.28,86.0,85.1,85.79,26002.84,222290.63
600600.SH,2024-03-22,85.77,85.77,83.5,84.05,30029.48,252796.9
600600.SH,2024-03-25,84.0,84.0,82.28,82.79,51629.95,427890.34
600600.SH,2024-03-26,82.92,85.08,82.59,85.08,52591.2,442158.23
600600.SH,2024-03-27,84.0,85.16,83.12,83.76,48826.27,411150.87
600600.SH,2024-03-28,83.76,85.3,83.0,84.14,31926.94,269307.43
600600.SH,2024-03-29,84.44,84.44,82.5,83.37,43751.83,364423.32
600600.SH,2024-04-01,83.37,84.49,82.01,82.97,67919.28,564670.71
600600.SH,2024-04-02,82.55,82.8,80.75,81.01,73330.7,597391.39
600600.SH,2024-04-03,81.1,81.79,80.3,80.8,37714.81,304966.43
600600.SH,2024-04-08,80.8,80.8,77.45,77.95,100528.63,788188.82
600600.SH,2024-04-09,78.07,78.5,77.22,78.45,49492.54,385486.59
600600.SH,2024-04-10,78.28,78.29,76.3,76.7,56071.67,432096.62
600600.SH,2024-04-11,76.29,76.46,74.71,76.12,66548.38,503575.96
600600.SH,2024-04-12,75.9,76.56,74.26,74.38,53184.06,400372.5
600600.SH,2024-04-15,74.25,77.28,74.07,77.12,82458.22,628966.86
600600.SH,2024-04-16,76.6,77.62,75.95,77.02,56659.25,435337.3
600600.SH,2024-04-17,76.9,78.57,76.12,78.0,59950.39,466699.59
600600.SH,2024-04-18,77.9,79.21,77.43,78.33,47881.46,375788.0
600600.SH,2024-04-19,78.0,78.25,76.6,76.82,41874.12,322899.27
600600.SH,2024-04-22,76.61,79.8,76.6,78.87,74443.65,585819.25
600600.SH,2024-04-23,78.87,79.65,78.35,78.86,48678.87,384352.9
600600.SH,2024-04-24,79.0,79.05,77.8,78.82,34598.55,271577.28
600600.SH,2024-04-25,78.66,79.08,77.8,78.62,31095.26,244193.46
600600.SH,2024-04-26,78.52,80.2,78.3,79.0,66961.1,532577.56
600600.SH,2024-04-29,78.77,80.0,78.73,79.31,79186.31,628989.79
600600.SH,2024-04-30,81.0,82.88,80.52,81.96,113098.81,925887.06
600600.SH,2024-05-06,82.76,87.24,82.76,87.12,153344.93,1314833.48
600600.SH,2024-05-07,87.1,87.61,86.42,86.71,62113.45,539770.2
600600.SH,2024-05-08,86.66,87.71,86.4,86.8,48487.24,421757.77
600600.SH,2024-05-09,86.74,87.4,86.33,86.81,43103.69,374084.93
600600.SH,2024-05-10,87.19,88.02,86.15,86.5,39334.38,341431.83
600600.SH,2024-05-13,85.92,85.92,84.6,85.25,73026.27,622042.44
600600.SH,2024-05-14,85.22,86.29,85.15,85.62,37134.43,317806.68
600600.SH,2024-05-15,85.39,86.96,85.15,86.17,35271.12,304263.97
600600.SH,2024-05-16,86.17,86.58,84.76,85.97,42484.42,364653.3
600600.SH,2024-05-17,85.5,86.72,85.26,86.04,31783.52,272864.74
600600.SH,2024-05-20,86.61,87.63,85.8,86.45,48928.79,423927.49
600600.SH,2024-05-21,86.15,86.7,85.6,86.41,28307.0,243814.33
600600.SH,2024-05-22,86.45,86.65,85.68,85.96,29401.98,252669.57
600600.SH,2024-05-23,85.6,86.35,84.37,84.69,30636.83,260062.11
600600.SH,2024-05-24,84.54,84.8,83.0,83.13,38466.03,321288.14
600600.SH,2024-05-27,83.66,83.76,82.41,83.41,45650.62,379235.81
600600.SH,2024-05-28,83.57,83.65,81.3,81.59,66247.19,542559.09
600600.SH,2024-05-29,81.55,82.05,80.28,80.61,58505.25,471940.12
600600.SH,2024-05-30,80.49,80.49,77.15,77.36,132098.09,1028327.79
600600.SH,2024-05-31,77.45,78.1,77.12,77.63,80010.69,620305.79
600600.SH,2024-06-03,77.5,79.05,76.59,78.72,76659.98,599589.71
600600.SH,2024-06-04,78.68,80.17,78.25,79.9,72891.42,579614.67
600600.SH,2024-06-05,79.55,80.3,79.28,79.39,40557.3,323022.05
600600.SH,2024-06-06,79.27,80.26,78.95,79.88,59224.2,471923.24
600600.SH,2024-06-07,79.73,80.27,78.21,79.5,57264.85,453659.57
600600.SH,2024-06-11,79.47,79.47,78.16,78.59,42463.4,333421.66
600600.SH,2024-06-12,78.39,79.5,78.3,79.2,40230.7,318330.17
600600.SH,2024-06-13,79.09,79.09,77.51,78.03,48727.05,380021.53
600600.SH,2024-06-14,77.86,78.02,75.85,77.48,79573.34,610593.26
600600.SH,2024-06-17,76.35,78.51,76.35,78.21,78049.75,606172.16
600600.SH,2024-06-18,78.0,78.67,76.0,76.46,90014.36,691263.89
600600.SH,2024-06-19,76.31,77.29,75.88,76.22,43406.13,332030.82
600600.SH,2024-06-20,76.22,76.48,74.7,74.9,65042.25,488780.22
600600.SH,2024-06-21,74.78,74.78,72.02,73.21,90530.66,660388.99
600600.SH,2024-06-24,72.41,74.18,71.22,73.6,62486.03,456088.21
600600.SH,2024-06-25,73.4,74.2,73.17,73.65,41576.76,306626.9
600600.SH,2024-06-26,73.2,73.88,73.01,73.74,31631.99,232228.95
600600.SH,2024-06-27,73.68,73.68,72.51,72.58,30951.71,225394.22
600600.SH,2024-06-28,72.57,73.25,71.91,72.77,55603.75,404070.3
600600.SH,2024-07-01,72.8,72.96,69.61,70.67,80170.6,565780.58
600600.SH,2024-07-02,70.37,71.96,69.61,70.95,68732.13,488604.36
600600.SH,2024-07-03,70.62,70.9,69.81,70.08,46596.5,326761.38
600600.SH,2024-07-04,69.83,70.29,68.05,68.69,70033.29,482384.75
600600.SH,2024-07-05,68.69,68.9,67.7,67.99,48646.14,331380.92
600600.SH,2024-07-08,67.9,67.95,66.0,66.12,63952.96,426218.01
600600.SH,2024-07-09,66.38,66.7,65.28,66.56,66596.19,439815.67
600600.SH,2024-07-10,66.36,67.95,66.08,66.66,59700.31,400386.17
600600.SH,2024-07-11,67.5,69.66,67.07,69.32,87713.92,601720.8
600600.SH,2024-07-12,69.75,70.87,68.8,70.39,107173.45,748728.33
600600.SH,2024-07-15,69.88,70.54,69.14,69.78,50587.8,352698.86
600600.SH,2024-07-16,67.79,68.02,67.0,67.88,43322.77,292901.45
600600.SH,2024-07-17,67.88,69.5,67.38,69.22,64400.18,442782.65
600600.SH,2024-07-18,69.18,69.87,68.65,69.6,56994.55,395244.28
600600.SH,2024-07-19,69.61,70.49,69.1,70.46,54194.18,379391.93
600600.SH,2024-07-22,70.16,70.66,68.98,69.7,50522.45,352822.1
600600.SH,2024-07-23,69.6,69.6,67.67,67.69,53902.91,367216.85
600600.SH,2024-07-24,67.0,67.67,65.41,65.68,61828.56,409299.2
600600.SH,2024-07-25,65.28,66.13,64.51,64.72,57011.87,371330.71
600600.SH,2024-07-26,64.73,65.86,64.38,64.93,48080.11,312627.59
600600.SH,2024-07-29,64.88,67.38,63.5,66.13,90270.82,589059.99
600600.SH,2024-07-30,65.66,66.55,64.66,66.53,52209.26,342886.82
600600.SH,2024-07-31,66.0,68.96,65.8,68.69,80416.48,546510.07
600600.SH,2024-08-01,68.67,68.67,67.2,67.2,47765.96,323554.43
600600.SH,2024-08-02,66.98,67.6,66.61,66.67,32072.34,214953.34
600600.SH,2024-08-05,66.66,68.1,66.33,66.5,60343.16,404724.57
600600.SH,2024-08-06,66.99,67.44,66.51,67.3,36763.41,245997.29
600600.SH,2024-08-07,67.24,67.76,66.83,67.05,27102.52,182409.75
600600.SH,2024-08-08,66.95,69.79,66.64,68.29,87482.13,598749.27
600600.SH,2024-08-09,68.9,69.48,67.7,67.71,35970.9,245435.44
600600.SH,2024-08-12,67.31,67.65,66.66,66.71,33362.83,223605.55
600600.SH,2024-08-13,66.71,67.02,65.01,65.35,50871.16,334299.81
600600.SH,2024-08-14,65.3,65.54,64.66,64.67,31054.41,201471.83
600600.SH,2024-08-15,64.58,65.25,63.84,64.81,39792.62,257982.63
600600.SH,2024-08-16,64.86,65.0,64.0,64.28,42810.38,275482.62
600600.SH,2024-08-19,64.1,64.52,63.56,63.85,48624.8,310562.0
600600.SH,2024-08-20,63.6,63.8,60.51,60.7,113041.55,695797.98
600600.SH,2024-08-21,60.6,60.78,59.03,59.19,78297.76,467950.95
600600.SH,2024-08-22,59.28,59.45,57.16,57.91,94022.87,544312.89
600600.SH,2024-08-23,57.91,58.3,57.4,58.05,51489.91,298400.72
600600.SH,2024-08-26,58.25,59.02,57.55,57.8,45080.63,261708.75
600600.SH,2024-08-27,57.3,57.72,56.36,57.54,58272.09,332179.44
600600.SH,2024-08-28,57.44,57.53,56.52,57.38,38965.98,222022.7
600600.SH,2024-08-29,57.18,58.05,56.88,57.9,45815.41,264012.35
600600.SH,2024-08-30,57.6,59.66,56.61,59.45,99363.18,580993.64
600600.SH,2024-09-02,58.85,58.85,56.93,57.05,60986.36,352801.6
600600.SH,2024-09-03,57.08,58.35,56.89,57.83,43423.09,250953.23
600600.SH,2024-09-04,57.44,58.18,57.1,57.16,32004.0,183529.88
600600.SH,2024-09-05,57.01,57.63,57.01,57.56,28135.07,161612.39
600600.SH,2024-09-06,57.56,57.58,56.85,56.86,30388.99,173289.45
600600.SH,2024-09-09,56.27,56.7,55.8,55.97,35822.59,201117.46
600600.SH,2024-09-10,55.98,56.69,55.53,56.07,42304.23,236856.61
600600.SH,2024-09-11,55.8,56.82,55.53,56.62,33623.79,189626.73
600600.SH,2024-09-12,56.62,56.98,55.4,55.48,35246.27,197758.2
600600.SH,2024-09-13,55.4,55.7,53.94,53.96,57466.7,313861.0
600600.SH,2024-09-18,53.8,54.54,53.2,54.46,51236.19,275924.27
600600.SH,2024-09-19,54.46,56.85,54.13,56.41,94270.14,527746.29
600600.SH,2024-09-20,56.51,57.73,55.85,57.53,73297.08,417923.33
600600.SH,2024-09-23,57.45,58.54,56.89,56.91,43815.27,252249.66
600600.SH,2024-09-24,57.81,59.46,56.94,59.46,85541.97,500356.03
600600.SH,2024-09-25,60.2,61.5,59.48,59.57,91086.56,552199.2
600600.SH,2024-09-26,59.58,65.53,59.4,65.53,190695.92,1204869.1
600600.SH,2024-09-27,68.5,71.25,67.94,71.23,153222.51,1067899.56
600600.SH,2024-09-30,75.0,78.35,74.0,78.35,225072.11,1728525.07
600600.SH,2024-10-08,86.18,86.18,74.79,77.5,278926.12,2246375.63
600600.SH,2024-10-09,77.5,77.5,70.24,71.01,158936.33,1159547.64
600600.SH,2024-10-10,70.64,74.49,70.64,73.1,108640.41,792555.82
600600.SH,2024-10-11,73.1,73.25,69.75,70.65,64354.83,458196.97
600600.SH,2024-10-14,70.51,72.05,69.84,72.04,81558.71,581396.79
600600.SH,2024-10-15,72.4,72.46,69.0,69.0,69771.14,492021.79
600600.SH,2024-10-16,68.5,69.57,67.7,68.06,68185.75,466038.89
600600.SH,2024-10-17,68.16,68.84,67.02,67.02,51986.51,352865.11
600600.SH,2024-10-18,66.95,70.0,66.13,68.5,90297.0,612896.43
600600.SH,2024-10-21,68.5,69.3,67.62,68.71,81159.59,555478.65
600600.SH,2024-10-22,68.1,69.85,68.1,69.42,63611.9,440346.35
600600.SH,2024-10-23,69.4,70.89,68.87,70.0,72383.19,506647.79
600600.SH,2024-10-24,69.51,69.98,68.43,68.72,42538.28,293406.22
600600.SH,2024-10-25,68.72,69.6,68.56,69.33,41981.72,290163.04
600600.SH,2024-10-28,69.57,70.75,68.81,70.56,60094.1,420710.03
600600.SH,2024-10-29,70.56,71.18,68.4,68.51,68887.13,478947.45
600600.SH,2024-10-30,68.49,68.9,66.26,67.03,79502.99,535443.07
600600.SH,2024-10-31,66.95,67.77,66.35,67.13,48580.53,325603.75
600600.SH,2024-11-01,66.97,67.95,66.66,67.0,44545.86,299701.03
600600.SH,2024-11-04,67.11,68.15,67.05,67.8,43947.15,297057.08
600600.SH,2024-11-05,67.58,69.54,67.02,69.48,73578.6,506392.67
600600.SH,2024-11-06,69.9,70.76,69.0,69.59,65199.87,455709.66
600600.SH,2024-11-07,69.3,76.01,69.05,75.58,177636.38,1302967.57
600600.SH,2024-11-08,75.75,76.35,73.28,73.54,114253.93,851104.77
600600.SH,2024-11-11,72.51,75.36,71.58,75.1,97336.25,714566.57
600600.SH,2024-11-12,74.93,76.5,73.76,74.12,80886.13,607647.73
600600.SH,2024-11-13,73.61,74.67,73.3,73.92,38688.53,285849.75
600600.SH,2024-11-14,73.5,75.62,73.0,73.0,49923.96,370143.23
600600.SH,2024-11-15,73.0,75.28,72.14,73.35,58891.21,434758.39
600600.SH,2024-11-18,73.34,73.93,71.6,71.86,43956.11,319821.95
600600.SH,2024-11-19,71.89,72.38,70.8,72.1,45252.34,324087.85
600600.SH,2024-11-20,71.82,72.74,71.7,72.5,33199.37,239896.86
600600.SH,2024-11-21,72.52,72.78,71.41,71.98,34042.73,245059.84
600600.SH,2024-11-22,71.99,72.32,69.79,69.83,43786.07,310840.22
600600.SH,2024-11-25,69.84,70.75,69.15,69.95,40429.22,282515.27
600600.SH,2024-11-26,69.94,71.8,69.83,70.41,41989.07,297683.31
600600.SH,2024-11-27,70.03,72.1,69.93,71.61,43750.54,311182.34
600600.SH,2024-11-28,71.61,72.1,70.26,70.28,38314.48,272569.08
600600.SH,2024-11-29,70.68,73.3,70.56,72.98,70328.08,508721.2
600600.SH,2024-12-02,72.3,74.4,72.3,73.04,53939.75,396577.17
600600.SH,2024-12-03,73.04,73.81,72.61,73.39,34910.73,255809.97
600600.SH,2024-12-04,73.01,73.43,71.93,72.28,42469.82,308763.39
600600.SH,2024-12-05,71.81,72.29,71.5,71.91,22525.44,162043.44
600600.SH,2024-12-06,72.37,74.1,72.37,73.84,59113.89,433761.11
600600.SH,2024-12-09,73.94,74.37,72.85,73.48,35495.25,261039.24
600600.SH,2024-12-10,76.35,77.19,74.08,74.2,97797.53,742179.76
600600.SH,2024-12-11,74.2,77.65,74.0,76.96,115821.18,887217.89
600600.SH,2024-12-12,77.0,80.0,76.61,79.91,118229.81,929725.68
600600.SH,2024-12-13,79.0,80.5,77.89,79.0,122411.97,971657.27
600600.SH,2024-12-16,79.0,80.62,77.61,78.0,85753.1,676393.34
600600.SH,2024-12-17,78.24,79.61,77.7,78.01,63905.28,502343.52
600600.SH,2024-12-18,78.08,78.67,76.84,77.0,46272.16,358514.05
600600.SH,2024-12-19,76.5,77.26,76.21,76.7,29901.2,228841.91
600600.SH,2024-12-20,76.38,78.7,76.33,77.95,46030.78,358506.82
600600.SH,2024-12-23,77.77,78.84,77.59,78.16,47749.62,373852.42
600600.SH,2024-12-24,77.8,79.49,77.8,79.24,38357.67,302581.98
600600.SH,2024-12-25,79.34,79.34,78.07,78.23,32843.06,257631.46
600600.SH,2024-12-26,78.28,80.11,78.15,79.88,42508.73,338696.48
600600.SH,2024-12-27,79.86,80.4,78.87,79.75,39790.29,317048.2
600600.SH,2024-12-30,79.24,80.8,79.0,79.0,31760.88,252884.71
600600.SH,2024-12-31,79.03,82.5,79.02,80.92,80838.63,658788.082
600600.SH,2025-01-02,81.0,81.9,79.1,79.7,65875.04,530761.46
600600.SH,2025-01-03,79.7,80.01,77.5,78.09,60814.01,478265.15
600600.SH,2025-01-06,77.35,78.18,75.07,75.6,57870.95,442994.74
600600.SH,2025-01-07,76.6,77.14,75.87,76.54,29844.29,228137.21
600600.SH,2025-01-08,76.43,77.31,75.53,76.4,31143.83,238119.15
600600.SH,2025-01-09,75.94,77.3,75.47,75.66,28503.57,216992.57
600600.SH,2025-01-10,75.38,75.86,74.19,74.22,26481.42,197943.76
600600.SH,2025-01-13,73.95,75.06,73.82,74.5,23498.12,174562.16
600600.SH,2025-01-14,74.6,76.2,74.14,75.97,33235.66,250643.58
600600.SH,2025-01-15,75.68,75.93,74.5,74.82,24508.2,183851.28
600600.SH,2025-01-16,75.03,76.4,74.05,74.7,31841.17,239784.8
600600.SH,2025-01-17,74.5,75.38,74.21,74.99,20295.32,152220.31
600600.SH,2025-01-20,75.43,75.75,73.9,73.96,43751.33,326711.43
600600.SH,2025-01-21,73.96,74.3,70.1,70.22,123380.95,880719.62
600600.SH,2025-01-22,70.28,70.58,69.37,69.71,46226.96,322443.24
600600.SH,2025-01-23,70.27,70.8,69.45,69.57,44164.65,308890.98
600600.SH,2025-01-24,69.38,70.17,69.1,69.85,42005.09,292702.73
600600.SH,2025-01-27,69.85,70.2,69.5,69.52,26416.39,184302.58
600600.SH,2025-02-05,69.54,70.0,67.16,67.5,63273.83,429188.76
600600.SH,2025-02-06,67.5,68.18,67.01,68.17,42003.63,284217.8
600600.SH,2025-02-07,68.12,68.98,67.7,68.85,75435.94,515399.73
600600.SH,2025-02-10,68.98,70.15,68.4,69.36,44182.05,306319.65
600600.SH,2025-02-11,69.64,69.64,68.2,68.59,42385.73,291258.54
600600.SH,2025-02-12,68.32,69.38,68.21,69.3,30666.75,210899.96
600600.SH,2025-02-13,69.5,71.2,69.13,70.75,72591.23,511039.83
600600.SH,2025-02-14,70.52,70.86,70.0,70.5,37681.61,265307.91
600600.SH,2025-02-17,70.55,70.77,69.7,69.99,38009.52,266851.42
600600.SH,2025-02-18,70.0,70.47,69.37,69.67,35267.23,246468.81
600600.SH,2025-02-19,69.44,69.75,68.8,69.2,49360.09,341248.84
600600.SH,2025-02-20,68.88,69.48,68.68,68.85,30616.26,210946.27
600600.SH,2025-02-21,68.97,69.09,67.5,67.92,91121.77,617819.53
600600.SH,2025-02-24,67.85,68.78,67.45,68.67,70774.03,483800.37
600600.SH,2025-02-25,68.35,68.45,67.18,67.3,62825.86,423746.18
600600.SH,2025-02-26,67.25,68.62,67.2,68.6,72453.89,494303.78
600600.SH,2025-02-27,68.4,70.15,68.4,69.47,83306.72,580002.17
600600.SH,2025-02-28,69.45,71.59,69.3,69.68,94302.7,665685.5
600600.SH,2025-03-03,69.99,71.19,69.32,69.71,66232.79,465315.39
600600.SH,2025-03-04,69.37,70.34,68.73,70.19,46454.68,323325.04
600600.SH,2025-03-05,70.16,70.4,69.58,69.86,32304.94,226069.26
600600.SH,2025-03-06,70.0,70.87,69.5,70.65,57195.71,401656.03
600600.SH,2025-03-07,70.4,70.78,69.7,70.47,45813.42,321174.77
600600.SH,2025-03-10,70.4,70.73,69.81,70.02,40213.96,282087.0
600600.SH,2025-03-11,69.5,72.99,69.42,72.96,113675.65,814774.88
600600.SH,2025-03-12,73.06,75.0,72.0,72.0,62068.66,451675.48
600600.SH,2025-03-13,72.0,72.76,71.65,72.0,45265.28,326622.27
600600.SH,2025-03-14,72.11,74.9,72.11,74.2,108891.5,804696.61
600600.SH,2025-03-17,74.75,75.3,73.68,74.28,82133.45,610409.36
600600.SH,2025-03-18,74.29,74.31,73.11,73.88,47088.07,347086.34
600600.SH,2025-03-19,74.0,74.99,73.6,74.5,49496.33,368044.09
600600.SH,2025-03-20,74.75,74.75,72.79,72.85,51499.8,377971.78
600600.SH,2025-03-21,72.84,74.0,72.51,72.67,48849.64,357176.75
600600.SH,2025-03-24,72.7,74.25,72.4,74.04,57101.44,419706.73
600600.SH,2025-03-25,74.5,77.46,74.45,76.3,93478.06,713766.5
600600.SH,2025-03-26,75.97,76.66,75.15,75.78,53938.12,409534.37
600600.SH,2025-03-27,75.5,77.75,75.5,77.57,69325.67,533699.43
600600.SH,2025-03-28,77.57,77.57,76.02,76.53,48689.67,372833.79
600600.SH,2025-03-31,75.9,77.8,75.58,76.26,56985.89,437045.64
600600.SH,2025-04-01,76.5,78.93,76.5,78.5,76218.79,596967.97
600600.SH,2025-04-02,78.67,79.15,78.1,78.51,34870.88,274018.79
600600.SH,2025-04-03,78.06,79.99,78.01,79.72,59393.52,471094.67
600600.SH,2025-04-07,78.32,79.98,75.37,78.19,147004.91,1149547.54
600600.SH,2025-04-08,78.52,79.5,77.0,79.3,124842.1,981461.42
600600.SH,2025-04-09,78.48,81.88,77.66,81.67,105771.33,846313.28
600600.SH,2025-04-10,81.8,81.8,79.6,80.3,107383.14,861138.48
600600.SH,2025-04-11,80.37,80.4,78.68,79.63,71374.15,566976.37
600600.SH,2025-04-14,79.63,79.63,77.7,78.12,76536.1,598107.65
600600.SH,2025-04-15,78.12,79.61,77.36,78.48,58771.62,460885.94
600600.SH,2025-04-16,78.45,79.45,77.61,79.3,48363.37,379513.98
600600.SH,2025-04-17,79.0,79.95,78.56,79.89,43117.21,342673.7
600600.SH,2025-04-18,79.66,79.66,78.28,79.6,29445.0,232728.37
600600.SH,2025-04-21,78.82,79.28,78.09,78.25,30054.0,236210.37
600600.SH,2025-04-22,77.92,78.6,77.61,77.75,35632.36,278083.29
600600.SH,2025-04-23,78.12,78.25,77.04,77.21,38101.86,295123.41
600600.SH,2025-04-24,77.11,77.91,77.11,77.65,29857.5,231451.75
600600.SH,2025-04-25,77.62,78.43,77.31,77.41,27544.63,214381.44
600600.SH,2025-04-28,77.43,78.83,77.09,77.26,32554.28,253315.48
600600.SH,2025-04-29,77.28,77.71,74.02,74.91,85697.86,643126.45
600600.SH,2025-04-30,74.9,75.24,74.21,74.4,51592.53,384946.87
600600.SH,2025-05-06,74.4,75.11,74.4,74.87,61449.74,459534.47
600600.SH,2025-05-07,75.5,75.56,74.11,74.57,58743.87,438040.59
600600.SH,2025-05-08,74.98,74.98,73.72,74.38,45002.23,334367.12
600600.SH,2025-05-09,74.37,74.83,73.8,74.17,42770.24,317731.09
600600.SH,2025-05-12,74.2,74.39,73.72,74.25,42445.47,314519.5
600600.SH,2025-05-13,74.77,74.77,73.75,73.95,46031.61,340738.76
600600.SH,2025-05-14,73.91,74.8,73.33,74.41,73027.09,541456.9
600600.SH,2025-05-15,74.4,74.5,73.05,73.07,74247.16,546995.45
600600.SH,2025-05-16,73.11,73.23,72.11,72.53,59779.81,433294.57
600600.SH,2025-05-19,72.6,72.69,71.93,72.33,55647.35,401448.07
600600.SH,2025-05-20,72.33,73.19,72.33,72.86,68941.65,502408.89
600600.SH,2025-05-21,73.04,73.59,72.94,73.26,46253.13,338986.49
600600.SH,2025-05-22,73.01,73.12,72.36,72.4,41176.65,299479.84
600600.SH,2025-05-23,72.5,72.98,71.94,71.97,44494.93,322456.88
600600.SH,2025-05-26,71.98,72.28,71.3,72.2,47128.6,338421.27
600600.SH,2025-05-27,72.14,73.97,72.1,73.75,101955.33,749095.06
600600.SH,2025-05-28,73.75,76.3,73.02,76.0,165387.0,1248568.6
600600.SH,2025-05-29,75.78,75.99,74.85,75.19,66857.56,502965.93
600600.SH,2025-05-30,75.0,75.98,74.17,74.17,59830.85,448682.27
600600.SH,2025-06-03,74.3,76.96,74.3,76.84,110227.82,841640.3
600600.SH,2025-06-04,76.55,77.92,75.81,76.97,91079.69,700147.47
600600.SH,2025-06-05,76.85,77.0,74.93,74.95,86800.63,655133.3
600600.SH,2025-06-06,74.5,74.99,73.62,73.77,77835.36,576416.84
600600.SH,2025-06-09,73.77,73.77,72.96,73.19,72334.97,529253.21
600600.SH,2025-06-10,73.2,73.56,72.68,73.03,57326.93,419090.03
600600.SH,2025-06-11,72.88,73.2,72.77,73.14,51978.94,379545.64
600600.SH,2025-06-12,72.88,72.96,71.0,71.3,142957.51,1023199.74
600600.SH,2025-06-13,70.9,70.9,69.09,69.68,125160.27,871339.74
600600.SH,2025-06-16,69.38,70.19,69.0,70.19,62176.13,433296.67
600600.SH,2025-06-17,70.2,70.49,69.96,70.05,38842.09,272625.07
600600.SH,2025-06-18,70.6,72.05,70.6,71.06,63927.01,454949.69
600600.SH,2025-06-19,71.02,71.09,69.81,70.34,53130.14,374172.55
600600.SH,2025-06-20,70.47,71.88,70.45,71.11,67954.97,484788.78
600600.SH,2025-06-23,70.79,70.79,69.93,70.41,42890.64,301462.99
600600.SH,2025-06-24,70.42,70.96,70.26,70.77,54276.42,383707.94
600600.SH,2025-06-25,70.82,71.32,70.48,71.29,66861.21,474054.72
600600.SH,2025-06-26,71.15,71.71,70.99,71.57,51125.83,365436.62
600600.SH,2025-06-27,69.69,69.71,68.74,69.27,44647.43,309226.02
600600.SH,2025-06-30,69.27,69.5,69.05,69.46,45085.02,312336.52
600600.SH,2025-07-01,69.16,69.45,69.16,69.39,31257.22,216576.89
600600.SH,2025-07-02,69.38,69.41,68.25,68.42,72991.5,500526.51
600600.SH,2025-07-03,68.44,68.62,68.21,68.34,46390.25,317215.49
600600.SH,2025-07-04,68.45,68.49,68.0,68.35,51035.32,348084.74
600600.SH,2025-07-07,68.34,68.46,68.08,68.27,29402.0,200760.62
600600.SH,2025-07-08,68.47,68.96,68.28,68.79,52676.04,361899.9
600600.SH,2025-07-09,68.9,69.29,68.76,68.92,55640.66,383915.91
600600.SH,2025-07-10,68.7,68.99,68.43,68.63,46470.55,318900.62
600600.SH,2025-07-11,68.63,69.29,68.63,68.81,59271.8,408579.88
600600.SH,2025-07-14,68.88,68.96,68.56,68.81,50384.42,346188.49
600600.SH,2025-07-15,68.81,68.96,68.19,68.33,61292.1,419630.9
600600.SH,2025-07-16,68.1,68.32,67.97,68.24,48686.2,331691.39
600600.SH,2025-07-17,68.32,68.58,68.14,68.3,58813.48,401602.87
600600.SH,2025-07-18,68.31,68.74,68.31,68.72,59765.47,409892.41
600600.SH,2025-07-21,68.73,68.89,68.6,68.85,53159.44,365689.05
600600.SH,2025-07-22,68.85,69.85,68.68,69.81,109594.2,759874.82
600600.SH,2025-07-23,69.9,70.08,69.21,69.33,75217.7,523771.29
600600.SH,2025-07-24,69.6,69.79,69.17,69.7,68040.54,473192.7
600600.SH,2025-07-25,69.72,70.3,69.4,69.5,73491.7,512747.02
600600.SH,2025-07-28,69.5,69.5,68.69,69.0,53260.7,367535.46
600600.SH,2025-07-29,69.0,69.13,68.4,68.68,52080.31,357279.25
600600.SH,2025-07-30,68.52,69.64,68.51,69.14,75424.87,521751.99
600600.SH,2025-07-31,68.99,68.99,67.8,67.92,101871.59,694363.09
600600.SH,2025-08-01,67.86,68.09,67.82,68.05,32350.59,219857.05
600600.SH,2025-08-04,67.81,68.14,67.71,67.85,44548.89,301913.3
600600.SH,2025-08-05,67.85,67.97,67.73,67.9,46297.79,314168.65
600600.SH,2025-08-06,68.0,68.1,67.76,67.9,39762.36,269751.23
600600.SH,2025-08-07,67.87,68.23,67.76,68.1,44454.21,302277.46
600600.SH,2025-08-08,68.02,68.08,67.73,67.76,45216.22,306592.88
600600.SH,2025-08-11,67.7,68.1,67.49,67.97,47682.9,323674.88
600600.SH,2025-08-12,67.88,68.26,67.82,67.95,51246.34,348714.93
600600.SH,2025-08-13,68.02,68.1,67.78,67.87,52100.31,353734.83
600600.SH,2025-08-14,67.92,68.15,67.68,67.77,62561.74,424910.18
600600.SH,2025-08-15,67.68,67.77,67.35,67.6,65301.82,441098.26
600600.SH,2025-08-18,67.61,68.01,67.59,67.9,73460.88,497934.1
600600.SH,2025-08-19,67.91,68.25,67.85,67.94,74075.26,504266.1
600600.SH,2025-08-20,67.93,68.93,67.56,68.81,125902.15,862838.58
600600.SH,2025-08-21,68.73,69.0,68.37,68.57,92414.01,634283.35
600600.SH,2025-08-22,68.55,68.65,68.21,68.57,81910.47,560342.39
600600.SH,2025-08-25,68.81,69.92,68.6,69.69,153453.67,1062318.46
600600.SH,2025-08-26,69.72,70.23,69.25,69.78,121324.35,846328.86
600600.SH,2025-08-27,70.1,70.1,68.87,68.98,114912.55,799061.63
600600.SH,2025-08-28,68.93,69.14,67.7,68.41,108914.29,744057.0
600600.SH,2025-08-29,68.51,70.2,68.5,69.5,131296.75,914392.86
600600.SH,2025-09-01,69.53,69.98,69.04,69.44,84900.14,590449.84
600600.SH,2025-09-02,69.44,70.1,68.93,69.04,98356.21,683901.06
600600.SH,2025-09-03,69.2,69.83,67.74,68.07,106951.65,730463.32
600600.SH,2025-09-04,67.93,67.96,67.07,67.7,81314.65,549041.51
600600.SH,2025-09-05,67.71,67.96,67.34,67.93,59986.6,405834.53
600600.SH,2025-09-08,67.92,68.38,67.51,68.3,65756.15,448018.88
600600.SH,2025-09-09,68.25,68.44,67.86,68.39,50593.79,344598.93
600600.SH,2025-09-10,68.3,68.46,68.01,68.18,33709.25,229968.44
600600.SH,2025-09-11,68.02,68.26,67.82,68.25,48982.18,333249.97
600600.SH,2025-09-12,68.26,68.48,67.88,67.9,52391.33,356463.63
600600.SH,2025-09-15,67.71,67.82,67.4,67.61,52318.2,353646.81
600600.SH,2025-09-16,67.9,68.16,67.66,67.72,51324.26,348166.6
600600.SH,2025-09-17,67.8,67.97,67.45,67.59,49240.68,332833.19
600600.SH,2025-09-18,67.59,67.59,67.07,67.15,64177.7,432181.05
600600.SH,2025-09-19,67.1,67.45,66.8,67.45,45870.59,307811.79
600600.SH,2025-09-22,67.39,67.39,66.8,66.88,38454.58,257212.53
600600.SH,2025-09-23,66.8,66.82,65.8,65.99,54730.89,361816.75
600600.SH,2025-09-24,65.7,66.55,65.65,66.47,32210.39,213466.75
600600.SH,2025-09-25,66.28,66.39,65.85,66.0,41057.56,271225.7
600600.SH,2025-09-26,65.93,66.61,65.8,66.56,41169.47,272804.71
600600.SH,2025-09-29,66.6,66.7,65.85,66.56,40845.42,270692.42
600600.SH,2025-09-30,66.46,66.5,65.91,65.92,51217.46,338614.73
600600.SH,2025-10-09,65.92,66.58,65.31,66.58,58446.58,385192.61
600600.SH,2025-10-10,66.38,67.77,66.32,67.43,79249.37,533767.61
600600.SH,2025-10-13,66.2,67.4,66.19,67.2,49266.47,329480.35
600600.SH,2025-10-14,67.55,67.85,66.93,67.71,64313.01,434525.25
600600.SH,2025-10-15,67.71,68.6,67.3,68.12,77343.56,526942.6
600600.SH,2025-10-16,68.12,68.55,67.92,68.14,50306.97,343111.07
600600.SH,2025-10-17,68.14,68.5,67.5,67.6,52922.77,359732.65
600600.SH,2025-10-20,67.38,67.88,67.15,67.71,35163.25,237523.27
600600.SH,2025-10-21,67.7,67.7,67.14,67.18,38777.33,260993.18
600600.SH,2025-10-22,67.01,67.31,66.75,66.77,25459.68,170595.62
600600.SH,2025-10-23,66.67,66.96,66.02,66.44,40269.85,267404.58
600600.SH,2025-10-24,66.45,66.58,66.04,66.09,43112.67,285357.39
600600.SH,2025-10-27,66.09,66.1,65.7,65.96,56124.25,369902.79
600600.SH,2025-10-28,65.8,65.87,65.18,65.28,74037.52,483944.3
600600.SH,2025-10-29,65.32,65.57,65.1,65.57,35525.11,232279.31
600600.SH,2025-10-30,65.52,65.96,65.38,65.7,47576.6,312753.22
600600.SH,2025-10-31,65.72,65.95,65.51,65.71,39692.73,260701.94
600600.SH,2025-11-03,65.72,65.84,65.42,65.61,31511.58,206562.68
600600.SH,2025-11-04,65.7,65.7,65.1,65.24,35403.92,230954.53
600600.SH,2025-11-05,65.04,65.25,64.75,65.25,38306.8,249053.09
600600.SH,2025-11-06,65.01,65.15,64.84,65.15,31061.08,201956.09
600600.SH,2025-11-07,65.15,65.27,64.84,64.93,39510.34,256951.99
600600.SH,2025-11-10,64.93,66.18,64.86,66.16,83404.25,547736.06
600600.SH,2025-11-11,66.06,66.25,65.68,66.16,47345.6,312075.4
600600.SH,2025-11-12,66.05,66.59,65.97,66.48,51933.55,344973.06
600600.SH,2025-11-13,66.49,67.1,66.01,66.67,61027.17,405655.22
600600.SH,2025-11-14,66.46,67.15,66.23,66.24,36602.0,243972.49
600600.SH,2025-11-17,66.24,66.26,65.46,65.72,35015.73,229986.82
600600.SH,2025-11-18,65.72,66.3,65.34,65.49,39968.83,263178.93
600600.SH,2025-11-19,65.32,65.57,65.13,65.19,23844.96,155670.06
600600.SH,2025-11-20,65.19,65.8,65.06,65.27,32028.96,209435.51
600600.SH,2025-11-21,65.12,65.49,64.2,64.49,47673.51,308527.35
600600.SH,2025-11-24,64.5,64.88,64.27,64.43,34004.04,219688.67
600600.SH,2025-11-25,64.66,64.82,64.25,64.35,39164.99,252208.17
600600.SH,2025-11-26,64.28,64.55,64.22,64.4,24175.0,155593.04
600600.SH,2025-11-27,64.38,64.46,64.19,64.24,27072.32,174030.07
600600.SH,2025-11-28,64.21,64.21,63.44,63.55,57631.36,367196.59
600600.SH,2025-12-01,63.5,64.22,63.47,64.05,42973.24,274757.77
600600.SH,2025-12-02,63.88,64.47,63.85,64.2,26214.09,168344.0
600600.SH,2025-12-03,64.01,64.19,63.84,64.1,22076.78,141207.11
600600.SH,2025-12-04,64.09,64.09,63.58,63.62,20144.84,128390.07
600600.SH,2025-12-05,63.58,63.72,62.67,63.12,55284.1,348085.15
600600.SH,2025-12-08,63.12,63.19,62.57,62.58,56306.44,353410.71
600600.SH,2025-12-09,62.58,62.61,61.48,61.59,67696.79,419498.76
600600.SH,2025-12-10,61.5,62.09,61.18,62.02,39616.31,244908.28
600600.SH,2025-12-11,62.03,62.05,61.6,61.7,27532.2,170336.99
600600.SH,2025-12-12,61.8,62.26,61.63,62.09,34268.77,212790.74
600600.SH,2025-12-15,62.1,62.51,62.1,62.21,35245.54,219855.43
600600.SH,2025-12-16,62.0,62.48,62.0,62.2,25731.95,160300.72
600600.SH,2025-12-17,62.3,62.4,61.8,62.24,31917.43,198218.14
600600.SH,2025-12-18,62.15,62.45,62.13,62.32,19126.15,119201.1
600600.SH,2025-12-19,62.31,62.62,62.19,62.48,31198.16,194727.22
600600.SH,2025-12-22,62.48,62.58,62.17,62.29,30071.1,187393.1
600600.SH,2025-12-23,62.34,62.39,61.92,62.1,25771.98,160160.34
600600.SH,2025-12-24,61.96,62.05,61.73,61.89,21688.16,134115.01
600600.SH,2025-12-25,61.96,62.17,61.83,62.03,21362.36,132421.21
600600.SH,2025-12-26,62.0,62.08,61.8,61.89,21354.3,132223.73
600600.SH,2025-12-29,61.82,61.87,61.27,61.36,34353.74,211569.19
600600.SH,2025-12-30,61.28,61.38,61.12,61.27,23291.28,142619.97
600600.SH,2025-12-31,61.26,61.34,61.12,61.2,20989.94,128456.758
600600.SH,2026-01-05,61.24,61.84,61.23,61.75,44016.49,271550.36
600600.SH,2026-01-06,61.78,62.19,61.62,62.16,44960.03,278350.27
600600.SH,2026-01-07,62.23,62.28,61.72,61.82,34508.92,213763.05
600600.SH,2026-01-08,61.81,61.95,61.66,61.9,29688.97,183493.62
600600.SH,2026-01-09,61.94,62.25,61.88,62.18,37279.02,231558.91
600600.SH,2026-01-12,62.2,63.15,62.1,63.09,61927.23,388115.13
600600.SH,2026-01-13,63.15,63.47,62.38,62.66,50013.11,314219.74
600600.SH,2026-01-14,62.63,62.86,62.06,62.38,47633.68,297811.15
600600.SH,2026-01-15,62.3,62.5,61.81,61.85,41619.77,258335.82
600600.SH,2026-01-16,61.88,62.0,61.24,61.45,49467.74,304275.94
600600.SH,2026-01-19,61.3,62.36,61.26,62.24,50461.67,312996.3
600600.SH,2026-01-20,62.25,62.61,62.0,62.54,43912.72,274129.6
600600.SH,2026-01-21,62.54,62.54,61.7,61.85,53669.01,332600.95
600600.SH,2026-01-22,61.96,62.1,61.67,61.95,36548.4,226322.75
600600.SH,2026-01-23,61.97,62.14,61.71,61.79,47980.62,297058.69
600600.SH,2026-01-26,61.8,62.1,61.3,61.89,68010.13,419541.3
600600.SH,2026-01-27,61.9,61.95,61.18,61.18,53226.19,326906.43
600600.SH,2026-01-28,61.05,61.19,60.0,60.26,79941.24,483292.45
600600.SH,2026-01-29,60.21,63.57,60.15,63.57,155500.22,965483.35
600600.SH,2026-01-30,63.3,63.3,60.08,60.08,100177.71,616132.72
600600.SH,2026-02-02,60.5,62.85,60.5,61.53,79619.2,492542.51
600600.SH,2026-02-03,61.2,62.17,61.2,61.86,51792.26,318741.47
600600.SH,2026-02-04,61.74,62.5,61.44,62.35,68779.98,427902.41
600600.SH,2026-02-05,62.5,63.57,62.22,63.33,104968.52,662228.22
600600.SH,2026-02-06,63.1,63.6,62.61,63.05,62506.79,393943.98
600600.SH,2026-02-09,63.1,63.31,62.7,62.9,43042.89,270945.66
600600.SH,2026-02-10,62.83,62.89,62.3,62.57,34245.85,214109.89
600600.SH,2026-02-11,62.7,62.74,62.28,62.33,33081.38,206502.4
600600.SH,2026-02-12,62.33,62.33,61.59,61.64,43714.31,270141.65
600600.SH,2026-02-13,61.68,62.03,61.51,61.54,29115.1,179674.1
600600.SH,2026-02-24,61.83,62.28,61.51,61.65,28657.01,176840.37
600600.SH,2026-02-25,61.77,62.29,61.69,61.86,42503.63,263613.9
600600.SH,2026-02-26,62.0,62.6,61.8,62.52,44706.29,278380.02
600600.SH,2026-02-27,62.53,62.78,62.3,62.47,43716.02,273361.71
600600.SH,2026-03-02,61.61,62.31,61.36,61.97,61208.13,378191.75
600600.SH,2026-03-03,61.81,62.99,61.7,62.1,67672.45,422035.91
600600.SH,2026-03-04,61.85,62.1,61.01,61.42,54093.2,331980.74
600600.SH,2026-03-05,61.49,62.17,61.31,61.4,35373.96,218003.4
600600.SH,2026-03-06,61.2,62.48,61.1,62.46,50477.64,312637.57
600600.SH,2026-03-09,61.99,62.8,61.73,62.26,54447.06,339596.91
600600.SH,2026-03-10,62.32,63.08,62.3,62.95,51079.71,321084.93
600600.SH,2026-03-11,62.92,63.16,62.48,63.09,47327.25,297624.54
600600.SH,2026-03-12,63.08,63.3,62.79,63.21,49799.18,314033.55
600600.SH,2026-03-13,62.96,63.89,62.96,63.42,63742.16,405299.88
600600.SH,2026-03-16,63.46,64.23,63.46,63.83,73318.85,468270.03
600600.SH,2026-03-17,63.82,64.52,63.53,63.8,78824.61,505637.06
600600.SH,2026-03-18,63.57,63.8,62.78,63.17,56060.24,353985.63
600600.SH,2026-03-19,62.83,63.4,62.78,62.88,40143.0,253177.96
600600.SH,2026-03-20,62.87,63.31,62.52,62.56,48705.61,306486.51
600600.SH,2026-03-23,62.07,62.1,60.58,60.79,93886.6,572863.28
600600.SH,2026-03-24,61.2,62.3,60.2,62.3,65412.0,401292.28
600600.SH,2026-03-25,62.2,62.7,61.87,62.67,58608.66,365513.08
600600.SH,2026-03-26,62.58,62.88,62.12,62.2,43127.46,269218.8
600600.SH,2026-03-27,61.5,62.62,61.37,62.47,50178.44,312312.14
600600.SH,2026-03-30,62.0,62.76,61.78,62.18,44097.37,274386.31
600600.SH,2026-03-31,62.57,62.94,61.85,61.86,49823.46,310465.11
600600.SH,2026-04-01,62.15,63.3,62.11,63.3,74170.2,466129.65
600600.SH,2026-04-02,63.02,64.1,63.0,63.99,83615.37,532604.54
600600.SH,2026-04-03,64.16,64.56,63.0,63.11,53386.32,340135.58
600600.SH,2026-04-07,63.07,63.45,62.51,63.01,46595.02,293195.27
600600.SH,2026-04-08,63.5,63.66,63.0,63.45,64276.63,406557.82
600600.SH,2026-04-09,63.03,63.3,62.5,62.54,47882.89,300515.95
600600.SH,2026-04-10,62.7,62.7,62.3,62.38,56917.37,355526.4
600600.SH,2026-04-13,62.13,62.29,61.85,62.26,33981.9,210829.56
600600.SH,2026-04-14,62.35,62.45,61.75,61.92,48402.05,299770.78
600600.SH,2026-04-15,61.9,62.22,61.86,62.0,31636.68,196104.25
600600.SH,2026-04-16,62.01,62.25,61.83,62.06,40242.47,249608.05
600600.SH,2026-04-17,61.88,62.05,61.75,61.95,30154.93,186617.32
600600.SH,2026-04-20,61.91,62.06,61.62,61.91,31237.63,193305.97
600600.SH,2026-04-21,61.99,62.22,61.61,62.02,31771.22,196959.74
600600.SH,2026-04-22,62.02,62.11,61.76,61.86,30438.33,188435.56
600600.SH,2026-04-23,61.89,62.3,61.8,61.99,43391.55,269264.84
600600.SH,2026-04-24,61.92,61.98,61.56,61.68,31939.19,197182.22
600600.SH,2026-04-27,61.8,62.2,61.75,61.9,40065.56,248241.44
600600.SH,2026-04-28,62.42,63.3,62.15,63.15,88354.41,555784.47
600600.SH,2026-04-29,63.2,63.38,62.88,63.21,65460.97,413445.39
600600.SH,2026-04-30,63.21,63.83,62.93,63.41,78650.25,498517.29
600600.SH,2026-05-06,63.59,63.64,62.65,62.89,90676.34,571085.701
600600.SH,2026-05-07,62.87,63.0,62.35,62.45,64575.35,403963.411
600600.SH,2026-05-08,62.32,62.64,62.2,62.46,51797.7,323278.819
600600.SH,2026-05-11,62.47,63.26,62.19,62.78,82089.69,514846.822
600600.SH,2026-05-12,62.78,63.15,62.46,62.76,59377.01,372540.987
600600.SH,2026-05-13,62.75,62.81,62.06,62.15,55393.02,344945.69
600600.SH,2026-05-14,62.1,63.19,61.81,62.15,70285.79,437317.874
600600.SH,2026-05-15,62.15,62.19,61.41,61.76,62423.24,384916.725
600600.SH,2026-05-18,62.1,62.36,61.59,61.7,51842.32,320757.419
600600.SH,2026-05-19,61.66,61.92,61.51,61.69,35273.9,217489.702
600600.SH,2026-05-20,61.7,62.1,61.62,61.81,49246.08,304568.251
600600.SH,2026-05-21,61.72,61.82,61.18,61.21,55732.5,342675.355
600600.SH,2026-05-22,61.21,61.23,60.68,60.83,41300.95,251152.629
600600.SH,2026-05-25,60.84,61.0,60.0,60.26,68312.12,412171.28
600600.SH,2026-05-26,60.12,60.51,59.02,60.43,72409.23,431891.596
600600.SH,2026-05-27,59.82,60.84,59.2,60.6,78036.9,469019.164
600600.SH,2026-05-28,60.6,60.75,59.8,59.9,47457.9,285296.608
600600.SH,2026-05-29,59.9,61.65,59.51,61.14,111455.08,678013.552
600600.SH,2026-06-01,61.3,61.59,60.88,61.47,79513.87,486561.299
600600.SH,2026-06-02,61.37,61.63,60.8,61.01,62631.32,382569.822
600600.SH,2026-06-03,60.8,60.83,59.65,59.82,77774.95,466323.248
600600.SH,2026-06-04,59.7,60.12,59.3,59.43,45189.05,269020.585
600600.SH,2026-06-05,59.9,59.99,59.5,59.7,46161.0,275573.69
600600.SH,2026-06-08,59.6,60.75,59.4,60.14,73734.0,442926.89
600600.SH,2026-06-09,59.8,59.81,59.22,59.59,49096.85,291881.17
600600.SH,2026-06-22,53.67,54.54,52.65,53.92,78003.44,418061.408
600600.SH,2026-06-29,51.59,53.09,50.47,53.0,88570.27,462099.168
600600.SH,2026-06-30,52.93,52.93,51.78,52.23,52650.59,274461.691
