symbol,datetime,open,high,low,close,volume,amount
600726.SH,2001-01-02,16.3,16.47,16.13,16.3,5240.11,8493.59
600726.SH,2001-01-03,16.31,16.31,16.09,16.2,3962.28,6408.82
600726.SH,2001-01-04,16.21,16.21,16.02,16.2,3976.08,6409.7
600726.SH,2001-01-05,16.2,16.4,16.05,16.39,2300.0,3731.75
600726.SH,2001-01-08,16.4,16.96,16.3,16.94,7973.98,13355.05
600726.SH,2001-01-09,17.0,17.2,16.84,17.01,5332.27,9079.06
600726.SH,2001-01-10,17.1,17.15,17.02,17.1,3318.1,5667.4
600726.SH,2001-01-11,17.11,17.3,17.0,17.12,2797.03,4789.47
600726.SH,2001-01-12,17.0,17.19,16.98,17.19,3823.45,6525.51
600726.SH,2001-01-15,16.9,17.09,16.2,16.53,1859.0,3097.59
600726.SH,2001-01-16,16.5,16.8,16.21,16.71,1144.69,1891.96
600726.SH,2001-01-17,16.9,16.9,16.7,16.72,1289.0,2162.62
600726.SH,2001-01-18,17.35,17.35,16.75,16.8,2241.7,3781.47
600726.SH,2001-01-19,16.9,17.06,16.8,17.03,2145.6,3638.52
600726.SH,2001-02-05,17.02,17.13,16.7,16.7,1650.0,2788.92
600726.SH,2001-02-06,16.5,16.55,16.3,16.4,1333.0,2187.45
600726.SH,2001-02-07,16.4,16.78,16.32,16.46,538.4,886.64
600726.SH,2001-02-08,16.7,16.7,15.82,15.83,1686.0,2731.32
600726.SH,2001-02-09,16.2,16.79,16.0,16.78,4235.32,7010.14
600726.SH,2001-02-12,16.78,17.45,16.75,17.32,13952.35,23982.72
600726.SH,2001-02-13,17.2,17.38,16.81,17.1,3642.12,6270.53
600726.SH,2001-02-14,17.0,17.32,16.95,17.1,5610.87,9648.19
600726.SH,2001-02-15,17.38,17.47,16.5,16.6,5137.0,8806.04
600726.SH,2001-02-16,16.1,16.2,15.3,15.56,50166.49,78185.49
600726.SH,2001-02-19,15.55,15.7,15.35,15.67,8746.9,13610.34
600726.SH,2001-02-20,15.73,15.8,15.21,15.3,12344.2,19147.2
600726.SH,2001-02-21,15.3,15.3,14.65,14.68,9585.9,14222.44
600726.SH,2001-02-22,14.55,14.8,14.21,14.55,4868.37,7086.31
600726.SH,2001-02-23,14.7,15.58,14.66,15.57,8228.99,12499.23
600726.SH,2001-02-26,15.38,15.49,15.2,15.39,5148.5,7923.15
600726.SH,2001-02-27,15.32,15.75,15.32,15.58,6127.97,9538.37
600726.SH,2001-02-28,15.6,15.65,15.2,15.31,3879.45,5973.36
600726.SH,2001-03-01,15.36,15.5,15.29,15.38,2125.1,3264.51
600726.SH,2001-03-02,15.5,15.5,15.4,15.45,3502.72,5407.49
600726.SH,2001-03-05,15.58,15.58,15.35,15.43,2827.53,4370.74
600726.SH,2001-03-06,15.4,15.7,15.38,15.64,5350.3,8317.56
600726.SH,2001-03-07,15.65,15.68,15.53,15.65,2444.3,3814.28
600726.SH,2001-03-08,15.65,15.66,15.43,15.49,2920.4,4546.79
600726.SH,2001-03-09,15.5,15.7,15.45,15.6,5004.19,7803.08
600726.SH,2001-03-12,15.64,15.64,15.45,15.55,3393.39,5264.59
600726.SH,2001-03-13,15.52,15.93,15.45,15.93,10801.5,17002.73
600726.SH,2001-03-14,15.8,16.08,15.8,15.99,11655.82,18651.31
600726.SH,2001-03-15,16.05,16.08,15.88,15.93,5096.45,8129.93
600726.SH,2001-03-16,15.98,16.0,15.9,15.95,5098.2,8129.79
600726.SH,2001-03-20,16.1,16.38,16.06,16.19,5643.8,9166.04
600726.SH,2001-03-21,16.2,16.65,16.19,16.6,11280.81,18503.25
600726.SH,2001-03-22,16.69,16.75,16.49,16.5,10241.0,17023.39
600726.SH,2001-03-23,16.8,16.8,16.48,16.8,15948.03,26525.32
600726.SH,2001-03-26,16.8,17.35,16.7,17.28,19647.89,33697.63
600726.SH,2001-03-27,17.4,17.45,17.05,17.17,14028.57,24146.59
600726.SH,2001-03-28,17.31,17.48,17.25,17.36,23307.33,40469.85
600726.SH,2001-03-29,10.8,11.07,10.79,10.84,53209.95,58059.33
600726.SH,2001-03-30,10.85,11.07,10.85,11.07,80061.2,87585.82
600726.SH,2001-04-02,11.0,11.16,10.8,10.88,63167.4,69325.4
600726.SH,2001-04-03,10.8,10.99,10.78,10.96,100568.0,109567.05
600726.SH,2001-04-04,11.33,11.33,10.6,10.73,60730.64,66580.77
600726.SH,2001-04-05,10.58,10.75,10.3,10.4,60257.96,63389.09
600726.SH,2001-04-06,10.4,10.51,10.35,10.41,49401.51,51462.95
600726.SH,2001-04-09,10.5,10.94,10.49,10.7,143691.28,153767.6
600726.SH,2001-04-10,10.74,10.75,10.47,10.56,36231.03,38252.64
600726.SH,2001-04-11,10.58,10.74,10.5,10.53,21929.68,23196.17
600726.SH,2001-04-12,10.52,10.68,10.4,10.45,23278.1,24513.11
600726.SH,2001-04-13,10.42,10.74,10.32,10.74,21893.9,22812.35
600726.SH,2001-04-16,10.65,10.68,10.45,10.51,21198.92,22314.14
600726.SH,2001-04-17,10.55,10.59,10.37,10.46,25946.92,27032.15
600726.SH,2001-04-18,10.45,10.45,10.35,10.41,18270.1,18956.83
600726.SH,2001-04-19,10.45,10.55,10.38,10.55,15032.44,15728.99
600726.SH,2001-04-20,10.58,10.62,10.38,10.46,13474.28,14144.57
600726.SH,2001-04-23,10.45,10.45,10.16,10.19,22352.45,22864.26
600726.SH,2001-04-24,10.18,10.69,10.18,10.3,14695.44,15169.61
600726.SH,2001-04-25,10.36,10.36,9.99,10.06,30720.87,30958.47
600726.SH,2001-04-26,10.1,10.15,9.87,9.9,19891.2,19795.22
600726.SH,2001-04-27,9.95,10.0,9.89,9.99,10645.41,10584.1
600726.SH,2001-04-30,10.0,10.47,9.99,10.47,14966.82,15127.29
600726.SH,2001-05-08,10.3,10.43,10.18,10.36,8823.72,9116.85
600726.SH,2001-05-09,10.36,10.36,10.06,10.18,6379.54,6490.51
600726.SH,2001-05-10,10.18,10.2,10.02,10.15,9757.88,9831.92
600726.SH,2001-05-11,10.16,10.18,10.02,10.18,7256.95,7304.49
600726.SH,2001-05-14,10.18,10.2,10.02,10.07,12751.51,12860.85
600726.SH,2001-05-15,10.08,10.2,10.05,10.17,10219.44,10320.47
600726.SH,2001-05-16,10.2,10.25,10.16,10.22,7694.32,7841.23
600726.SH,2001-05-17,10.23,10.44,10.23,10.38,15306.49,15840.0
600726.SH,2001-05-18,10.4,10.76,10.37,10.42,30441.21,31872.47
600726.SH,2001-05-21,10.45,10.5,10.24,10.38,11740.22,12146.1
600726.SH,2001-05-22,10.38,10.51,10.24,10.49,44121.37,45878.89
600726.SH,2001-05-23,10.46,10.74,10.4,10.56,72704.99,77010.7
600726.SH,2001-05-24,10.52,10.7,10.5,10.58,31795.79,33752.08
600726.SH,2001-05-25,10.55,10.62,10.4,10.44,9980.44,10444.88
600726.SH,2001-05-28,10.44,10.51,10.28,10.34,9969.77,10337.36
600726.SH,2001-05-29,10.34,10.39,10.25,10.34,30250.78,31248.5
600726.SH,2001-05-30,10.4,10.49,10.34,10.4,25000.86,26074.9
600726.SH,2001-05-31,10.4,10.48,10.26,10.29,9548.54,9849.07
600726.SH,2001-06-01,10.28,10.36,10.2,10.24,8181.79,8372.55
600726.SH,2001-06-04,10.24,10.3,10.18,10.19,14918.02,15241.21
600726.SH,2001-06-05,10.2,10.25,10.17,10.2,11816.12,12052.33
600726.SH,2001-06-06,10.22,10.5,10.18,10.38,27189.02,28233.75
600726.SH,2001-06-07,10.4,10.44,10.2,10.23,14937.63,15387.0
600726.SH,2001-06-08,10.25,10.45,10.21,10.27,42812.64,44276.94
600726.SH,2001-06-11,10.3,10.39,10.09,10.13,15754.91,16005.28
600726.SH,2001-06-12,10.1,10.23,10.09,10.15,9783.08,9914.73
600726.SH,2001-06-13,10.15,10.25,10.05,10.2,21105.42,21368.75
600726.SH,2001-06-14,10.25,10.35,10.05,10.07,19162.92,19549.68
600726.SH,2001-06-15,10.07,10.15,9.99,10.1,14298.37,14355.16
600726.SH,2001-06-18,10.05,10.1,9.86,9.88,14329.78,14253.79
600726.SH,2001-06-19,9.87,10.0,9.82,10.0,16141.44,16047.49
600726.SH,2001-06-20,10.0,10.0,9.86,9.89,5120.2,5074.16
600726.SH,2001-06-21,9.89,10.18,9.85,10.18,6601.81,6598.25
600726.SH,2001-06-22,9.81,10.18,9.81,10.0,7298.14,7362.09
600726.SH,2001-06-25,10.0,10.12,9.97,10.0,6882.6,6880.81
600726.SH,2001-06-26,10.05,10.05,9.93,9.96,7209.58,7196.77
600726.SH,2001-06-27,9.98,10.06,9.9,9.98,6939.7,6922.69
600726.SH,2001-06-28,10.0,10.04,9.88,9.9,8196.86,8152.64
600726.SH,2001-06-29,9.9,9.95,9.88,9.89,6354.0,6291.74
600726.SH,2001-07-02,9.9,9.96,9.81,9.82,4987.16,4926.24
600726.SH,2001-07-03,9.83,9.89,9.8,9.83,5871.56,5760.73
600726.SH,2001-07-04,9.8,10.0,9.72,9.75,3423.56,3344.77
600726.SH,2001-07-05,9.8,9.8,9.67,9.67,5438.24,5279.16
600726.SH,2001-07-06,9.65,9.65,9.52,9.52,6440.08,6160.04
600726.SH,2001-07-09,9.52,9.54,9.4,9.4,6391.82,6033.67
600726.SH,2001-07-10,9.44,9.63,9.44,9.62,3172.44,3029.48
600726.SH,2001-07-11,9.62,9.72,9.5,9.5,2115.98,2029.99
600726.SH,2001-07-12,9.5,9.5,9.4,9.45,2144.81,2026.44
600726.SH,2001-07-13,9.5,9.6,9.4,9.42,2136.2,2024.39
600726.SH,2001-07-16,9.5,9.55,9.2,9.3,6357.51,5925.02
600726.SH,2001-07-17,9.27,9.27,9.01,9.12,7352.91,6684.85
600726.SH,2001-07-18,9.15,9.24,9.12,9.17,2459.79,2250.64
600726.SH,2001-07-19,9.19,9.26,9.11,9.15,2571.32,2355.2
600726.SH,2001-07-20,9.18,9.8,9.18,9.59,10299.4,9775.93
600726.SH,2001-07-23,9.6,9.62,9.44,9.46,6396.8,6078.56
600726.SH,2001-07-24,9.42,9.42,9.1,9.19,7489.76,6886.26
600726.SH,2001-07-25,9.3,9.3,9.07,9.15,5775.5,5280.36
600726.SH,2001-07-26,9.16,9.2,9.08,9.16,3470.02,3165.66
600726.SH,2001-07-27,9.16,9.2,9.04,9.2,5383.58,4892.4
600726.SH,2001-07-30,9.15,9.15,8.7,8.79,5197.72,4620.2
600726.SH,2001-07-31,8.7,8.84,8.45,8.46,4773.58,4091.82
600726.SH,2001-08-01,8.46,9.0,8.46,9.0,13406.19,11730.31
600726.SH,2001-08-02,8.88,9.03,8.5,9.03,18655.42,16429.51
600726.SH,2001-08-03,9.0,9.32,8.83,9.27,19550.33,17808.6
600726.SH,2001-08-06,9.15,9.15,8.75,8.98,6365.04,5704.37
600726.SH,2001-08-07,8.88,9.25,8.78,9.2,22642.36,20690.48
600726.SH,2001-08-08,9.1,9.1,8.8,8.92,4496.36,4019.37
600726.SH,2001-08-09,8.9,8.94,8.65,8.81,9246.04,8100.71
600726.SH,2001-08-10,8.85,9.1,8.7,8.99,12167.62,10764.79
600726.SH,2001-08-13,8.97,8.97,8.74,8.78,4723.0,4163.01
600726.SH,2001-08-14,8.85,8.89,8.52,8.65,18403.53,15901.64
600726.SH,2001-08-15,8.65,8.7,8.6,8.65,2061.92,1784.85
600726.SH,2001-08-16,8.65,8.66,8.48,8.5,4880.0,4171.16
600726.SH,2001-08-17,8.46,8.58,8.28,8.28,7450.6,6247.23
600726.SH,2001-08-20,8.33,8.4,8.26,8.3,5797.0,4825.87
600726.SH,2001-08-21,8.35,8.39,8.25,8.28,5860.0,4871.82
600726.SH,2001-08-22,8.28,8.3,8.06,8.11,7962.7,6501.68
600726.SH,2001-08-23,8.03,8.08,7.95,8.05,8567.14,6849.98
600726.SH,2001-08-24,8.1,8.16,7.9,8.02,5304.08,4239.29
600726.SH,2001-08-27,8.0,8.0,7.7,7.72,4256.68,3311.23
600726.SH,2001-08-28,7.68,7.73,7.17,7.71,11437.75,8504.45
600726.SH,2001-08-29,7.68,7.71,7.51,7.62,4853.83,3693.26
600726.SH,2001-08-30,7.58,7.68,7.48,7.68,2209.7,1668.88
600726.SH,2001-08-31,7.68,7.7,7.58,7.63,1622.6,1239.72
600726.SH,2001-09-03,7.6,7.65,7.5,7.62,2122.58,1607.06
600726.SH,2001-09-04,7.6,7.89,7.58,7.89,4832.38,3738.07
600726.SH,2001-09-05,7.97,7.98,7.82,7.9,3715.33,2942.38
600726.SH,2001-09-06,7.9,7.9,7.72,7.77,2228.2,1737.53
600726.SH,2001-09-07,7.78,7.8,7.47,7.49,3370.8,2540.33
600726.SH,2001-09-11,7.79,7.87,7.6,7.79,3765.7,2918.36
600726.SH,2001-09-12,7.2,7.69,7.2,7.55,5003.04,3771.73
600726.SH,2001-09-13,7.6,7.65,7.5,7.58,1930.12,1458.27
600726.SH,2001-09-14,7.56,7.57,7.4,7.41,2274.02,1694.48
600726.SH,2001-09-17,7.41,7.41,7.25,7.28,2628.54,1918.41
600726.SH,2001-09-18,7.28,7.5,7.28,7.43,2349.33,1723.99
600726.SH,2001-09-19,7.44,7.6,7.3,7.6,3833.53,2853.14
600726.SH,2001-09-20,7.63,7.64,7.5,7.58,2486.0,1881.75
600726.SH,2001-09-21,7.5,7.54,7.47,7.51,1420.7,1066.36
600726.SH,2001-09-24,7.5,7.5,7.37,7.48,1416.84,1048.87
600726.SH,2001-09-25,7.46,7.48,7.3,7.41,2346.9,1730.4
600726.SH,2001-09-26,7.32,7.45,7.3,7.33,1426.81,1045.95
600726.SH,2001-09-27,7.33,7.45,7.2,7.34,2156.0,1569.55
600726.SH,2001-09-28,7.35,7.35,7.18,7.32,1967.07,1429.7
600726.SH,2001-10-08,7.32,7.32,7.18,7.23,1604.7,1161.04
600726.SH,2001-10-09,7.23,7.4,7.2,7.39,1273.5,930.28
600726.SH,2001-10-10,7.38,7.39,7.11,7.2,2019.28,1454.92
600726.SH,2001-10-11,7.2,7.29,7.0,7.05,4154.4,2929.14
600726.SH,2001-10-12,7.1,7.27,6.95,7.24,4783.08,3395.01
600726.SH,2001-10-15,7.35,7.35,7.11,7.19,2359.17,1695.8
600726.SH,2001-10-16,7.2,7.2,7.05,7.08,929.8,660.31
600726.SH,2001-10-17,7.1,7.11,7.01,7.04,1244.72,878.82
600726.SH,2001-10-18,7.04,7.09,6.9,6.99,2562.02,1784.03
600726.SH,2001-10-19,6.95,6.95,6.64,6.74,3078.83,2077.66
600726.SH,2001-10-22,6.6,6.6,6.38,6.38,3170.6,2062.34
600726.SH,2001-10-23,6.7,7.02,6.46,7.02,18125.45,12516.53
600726.SH,2001-10-24,7.28,7.3,6.88,7.11,22779.88,16130.93
600726.SH,2001-10-25,7.08,7.08,6.71,6.83,6072.13,4177.6
600726.SH,2001-10-26,6.75,6.8,6.62,6.68,6173.0,4135.72
600726.SH,2001-10-29,6.74,6.83,6.68,6.79,3234.6,2185.28
600726.SH,2001-10-30,6.84,6.93,6.79,6.89,3335.28,2289.63
600726.SH,2001-10-31,6.82,6.9,6.81,6.9,1805.78,1235.83
600726.SH,2001-11-01,7.02,7.03,6.86,6.99,3757.77,2616.55
600726.SH,2001-11-02,6.98,7.05,6.89,6.99,3217.7,2253.25
600726.SH,2001-11-05,6.99,6.99,6.78,6.89,1752.2,1202.77
600726.SH,2001-11-06,6.9,6.92,6.82,6.82,1593.2,1093.42
600726.SH,2001-11-07,6.77,6.79,6.48,6.49,3522.0,2330.01
600726.SH,2001-11-08,6.39,6.58,6.29,6.53,2550.92,1636.01
600726.SH,2001-11-09,6.55,6.57,6.4,6.55,2484.31,1613.6
600726.SH,2001-11-12,6.55,6.74,6.5,6.66,2279.43,1517.15
600726.SH,2001-11-13,6.6,6.78,6.49,6.74,2918.4,1957.07
600726.SH,2001-11-14,6.8,6.8,6.68,6.69,1039.43,697.48
600726.SH,2001-11-15,6.53,6.69,6.53,6.59,893.65,591.06
600726.SH,2001-11-16,7.13,7.13,6.68,6.7,5552.44,3770.33
600726.SH,2001-11-19,6.61,6.87,6.61,6.86,5665.21,3831.99
600726.SH,2001-11-20,6.83,7.12,6.78,7.08,9841.95,6920.04
600726.SH,2001-11-21,7.04,7.19,6.9,7.19,8760.79,6192.49
600726.SH,2001-11-22,7.18,7.26,7.13,7.25,9332.15,6708.96
600726.SH,2001-11-23,7.24,7.45,7.2,7.39,16891.71,12427.26
600726.SH,2001-11-26,7.43,7.58,7.2,7.55,33485.49,24593.53
600726.SH,2001-11-27,7.08,7.85,7.08,7.82,51510.92,38987.43
600726.SH,2001-11-28,7.99,8.0,7.65,7.77,42365.35,33128.87
600726.SH,2001-11-29,7.77,7.83,7.65,7.74,14567.53,11284.12
600726.SH,2001-11-30,7.72,7.78,7.58,7.75,15273.73,11742.86
600726.SH,2001-12-03,7.79,7.9,7.7,7.9,13733.19,10743.98
600726.SH,2001-12-04,7.93,8.0,7.84,7.91,11017.4,8716.86
600726.SH,2001-12-05,7.91,7.91,7.65,7.67,13399.2,10412.84
600726.SH,2001-12-06,7.6,7.7,7.57,7.64,7948.74,6063.88
600726.SH,2001-12-07,7.7,7.7,7.56,7.6,5684.49,4318.53
600726.SH,2001-12-10,7.51,7.6,7.5,7.55,4473.24,3369.07
600726.SH,2001-12-11,7.55,7.75,7.55,7.62,5518.0,4222.52
600726.SH,2001-12-12,7.7,7.7,7.53,7.6,3625.32,2753.08
600726.SH,2001-12-13,7.6,7.65,7.38,7.39,4677.0,3504.1
600726.SH,2001-12-14,7.39,7.39,7.23,7.27,5266.7,3849.14
600726.SH,2001-12-17,7.25,7.26,7.13,7.16,3651.9,2625.42
600726.SH,2001-12-18,7.2,7.35,7.15,7.32,4285.07,3099.01
600726.SH,2001-12-19,7.34,7.34,7.22,7.22,4473.6,3247.97
600726.SH,2001-12-20,7.23,7.24,7.08,7.08,3747.19,2670.86
600726.SH,2001-12-21,7.06,7.22,7.06,7.16,2763.81,1971.04
600726.SH,2001-12-24,7.16,7.16,6.97,6.98,2636.6,1858.41
600726.SH,2001-12-25,6.98,7.02,6.9,6.96,3334.18,2317.71
600726.SH,2001-12-26,7.0,7.08,6.92,7.04,2253.5,1573.81
600726.SH,2001-12-27,7.06,7.13,7.03,7.04,3197.8,2262.79
600726.SH,2001-12-28,7.05,7.1,6.93,7.09,3792.7,2652.96
600726.SH,2001-12-31,7.1,7.26,7.05,7.19,1882.8,1341.79
600726.SH,2002-01-04,7.18,7.23,7.05,7.07,1576.6,1120.21
600726.SH,2002-01-07,6.98,7.0,6.85,6.88,2653.69,1827.15
600726.SH,2002-01-08,6.85,7.0,6.81,6.85,1613.99,1110.5
600726.SH,2002-01-09,6.88,6.88,6.66,6.67,2143.0,1440.51
600726.SH,2002-01-10,6.6,6.85,6.45,6.75,3897.62,2561.19
600726.SH,2002-01-11,6.8,6.8,6.52,6.55,2424.7,1608.55
600726.SH,2002-01-14,6.5,6.5,6.36,6.4,3080.5,1975.88
600726.SH,2002-01-15,6.3,6.55,6.29,6.32,1990.01,1271.17
600726.SH,2002-01-16,6.3,6.49,6.26,6.44,2657.28,1699.96
600726.SH,2002-01-17,6.44,6.45,6.2,6.23,3118.5,1963.85
600726.SH,2002-01-18,6.18,6.19,5.97,6.12,6257.01,3816.14
600726.SH,2002-01-21,6.0,6.1,5.8,5.81,4204.0,2498.27
600726.SH,2002-01-22,5.8,5.98,5.7,5.72,5778.61,3337.56
600726.SH,2002-01-23,5.72,6.29,5.68,6.29,6674.38,3972.93
600726.SH,2002-01-24,6.2,6.47,6.02,6.3,8929.73,5628.66
600726.SH,2002-01-25,6.28,6.35,6.23,6.29,3451.29,2168.32
600726.SH,2002-01-28,6.25,6.29,5.93,5.99,8474.17,5126.06
600726.SH,2002-01-29,5.9,6.27,5.81,6.19,4255.85,2586.26
600726.SH,2002-01-30,6.18,6.25,6.1,6.23,3231.55,2000.77
600726.SH,2002-01-31,6.25,6.68,6.25,6.63,14063.77,9168.87
600726.SH,2002-02-01,6.6,6.65,6.35,6.54,6691.61,4360.68
600726.SH,2002-02-04,6.55,6.66,6.46,6.64,8066.76,5294.91
600726.SH,2002-02-05,6.64,6.69,6.5,6.64,5977.36,3947.92
600726.SH,2002-02-06,6.66,6.66,6.1,6.43,4567.6,2969.5
600726.SH,2002-02-07,6.38,6.68,6.35,6.62,5993.61,3943.1
600726.SH,2002-02-08,6.58,6.75,6.55,6.59,5810.99,3840.76
600726.SH,2002-02-25,6.78,6.78,6.59,6.68,4647.94,3093.36
600726.SH,2002-02-26,6.68,6.7,6.57,6.69,3489.73,2306.37
600726.SH,2002-02-27,6.69,6.97,6.64,6.73,3887.52,2630.08
600726.SH,2002-02-28,6.73,6.84,6.66,6.75,4375.64,2953.72
600726.SH,2002-03-01,6.7,6.7,6.55,6.63,4336.32,2865.74
600726.SH,2002-03-04,6.51,7.0,6.51,6.96,5274.15,3561.62
600726.SH,2002-03-05,6.82,7.03,6.82,6.99,12096.66,8416.77
600726.SH,2002-03-06,7.24,7.35,7.02,7.12,22535.15,16169.62
600726.SH,2002-03-07,7.1,7.3,7.07,7.29,18120.4,13101.56
600726.SH,2002-03-08,7.35,7.45,7.27,7.35,23620.89,17392.68
600726.SH,2002-03-11,7.48,7.6,7.37,7.56,21161.8,15888.76
600726.SH,2002-03-12,7.5,7.65,7.44,7.44,19098.4,14414.79
600726.SH,2002-03-13,7.4,7.4,7.17,7.19,12545.0,9106.9
600726.SH,2002-03-14,7.19,7.34,7.12,7.32,11397.29,8249.64
600726.SH,2002-03-15,7.32,7.42,6.9,7.14,8995.8,6523.77
600726.SH,2002-03-18,7.18,7.36,7.1,7.19,5591.79,4040.21
600726.SH,2002-03-19,7.19,7.31,7.15,7.29,6559.0,4759.18
600726.SH,2002-03-20,7.31,7.44,7.3,7.36,10917.77,8043.7
600726.SH,2002-03-21,7.38,7.59,7.34,7.51,23101.85,17299.74
600726.SH,2002-03-22,7.5,7.52,7.35,7.38,7052.65,5246.38
600726.SH,2002-03-25,7.38,7.48,7.35,7.43,5227.95,3875.51
600726.SH,2002-03-26,7.4,7.43,7.22,7.27,5984.11,4367.17
600726.SH,2002-03-27,7.21,7.4,7.14,7.39,7952.81,5773.39
600726.SH,2002-03-28,7.39,7.46,7.28,7.43,7334.14,5448.06
600726.SH,2002-03-29,7.31,7.37,7.21,7.26,8559.1,6241.23
600726.SH,2002-04-01,7.25,7.52,7.22,7.49,18035.32,13414.76
600726.SH,2002-04-02,7.5,7.7,7.45,7.64,37798.72,28785.29
600726.SH,2002-04-03,7.64,7.75,7.56,7.68,18605.43,14273.39
600726.SH,2002-04-04,7.68,7.75,7.43,7.72,16593.8,12718.69
600726.SH,2002-04-05,7.7,7.82,7.55,7.64,17776.81,13706.66
600726.SH,2002-04-08,7.6,7.72,7.5,7.62,9416.2,7181.14
600726.SH,2002-04-09,7.59,7.81,7.51,7.76,13765.16,10650.0
600726.SH,2002-04-10,7.8,7.81,7.66,7.76,9398.25,7261.84
600726.SH,2002-04-11,7.79,7.85,7.72,7.73,10147.61,7901.89
600726.SH,2002-04-12,7.75,8.3,7.75,7.85,34785.9,27822.9
600726.SH,2002-04-16,7.88,7.96,7.66,7.72,10152.0,7943.7
600726.SH,2002-04-17,7.8,7.8,7.58,7.68,4693.03,3580.28
600726.SH,2002-04-18,7.7,7.75,7.48,7.53,9266.09,7014.42
600726.SH,2002-04-19,7.5,7.66,7.43,7.64,6637.78,4982.78
600726.SH,2002-04-22,7.52,7.64,7.5,7.57,2369.2,1792.75
600726.SH,2002-04-23,7.53,7.65,7.45,7.49,3625.96,2722.37
600726.SH,2002-04-24,7.5,7.5,7.3,7.31,4425.5,3269.71
600726.SH,2002-04-25,7.34,7.39,7.24,7.34,4252.39,3100.23
600726.SH,2002-04-26,7.35,7.48,7.35,7.42,3898.44,2897.92
600726.SH,2002-04-29,7.42,7.59,7.42,7.58,4249.75,3191.99
600726.SH,2002-04-30,7.6,7.65,7.58,7.65,4582.52,3493.72
600726.SH,2002-05-08,7.65,7.69,7.55,7.64,3749.2,2849.05
600726.SH,2002-05-09,7.55,7.61,7.55,7.61,3958.6,3004.97
600726.SH,2002-05-10,7.6,7.6,7.41,7.45,2161.04,1614.83
600726.SH,2002-05-13,7.41,7.41,7.27,7.35,4012.48,2932.55
600726.SH,2002-05-14,7.47,7.47,7.24,7.25,10151.0,7406.42
600726.SH,2002-05-15,7.25,7.33,7.24,7.31,3800.34,2766.26
600726.SH,2002-05-16,7.36,7.36,7.1,7.14,7698.77,5544.3
600726.SH,2002-05-17,7.15,7.3,7.11,7.3,5645.78,4073.9
600726.SH,2002-05-20,7.35,7.36,7.08,7.2,5321.08,3803.32
600726.SH,2002-05-21,7.35,7.42,7.21,7.41,11267.6,8286.9
600726.SH,2002-05-22,7.3,7.35,7.06,7.18,4223.52,3030.22
600726.SH,2002-05-23,7.2,7.32,7.11,7.17,3278.51,2355.78
600726.SH,2002-05-24,7.18,7.18,6.99,7.03,3964.2,2787.07
600726.SH,2002-05-27,7.1,7.13,6.9,6.94,2082.98,1449.9
600726.SH,2002-05-28,7.0,7.1,6.93,6.99,2408.1,1684.33
600726.SH,2002-05-29,6.96,6.96,6.7,6.78,4207.29,2873.07
600726.SH,2002-05-30,6.79,6.84,6.68,6.77,3047.41,2052.05
600726.SH,2002-05-31,6.77,6.82,6.7,6.74,2119.99,1433.43
600726.SH,2002-06-03,6.74,6.74,6.48,6.58,3306.0,2170.29
600726.SH,2002-06-04,6.5,6.65,6.5,6.65,2171.56,1432.23
600726.SH,2002-06-05,6.53,6.6,6.44,6.53,2131.16,1386.61
600726.SH,2002-06-06,6.46,6.95,6.4,6.84,5547.46,3722.93
600726.SH,2002-06-07,6.85,6.9,6.72,6.88,8464.07,5784.87
600726.SH,2002-06-10,6.88,6.93,6.75,6.83,2758.23,1878.56
600726.SH,2002-06-11,6.84,6.97,6.76,6.94,3883.4,2675.27
600726.SH,2002-06-12,6.9,6.96,6.82,6.91,2148.04,1480.1
600726.SH,2002-06-13,6.94,6.96,6.8,6.83,2312.04,1586.61
600726.SH,2002-06-14,6.79,6.88,6.7,6.7,2912.08,1979.31
600726.SH,2002-06-17,6.51,6.78,6.51,6.78,1939.2,1287.06
600726.SH,2002-06-18,6.75,6.93,6.75,6.91,5781.84,3979.12
600726.SH,2002-06-19,6.88,6.98,6.8,6.86,2321.7,1592.42
600726.SH,2002-06-20,6.86,6.95,6.86,6.95,8909.86,6147.41
600726.SH,2002-06-21,6.97,7.2,6.93,7.19,13521.19,9607.87
600726.SH,2002-06-24,7.91,7.91,7.5,7.91,50876.06,39652.0
600726.SH,2002-06-25,7.85,7.99,7.7,7.8,34262.47,26884.95
600726.SH,2002-06-26,7.68,7.82,7.55,7.8,14368.03,11048.82
600726.SH,2002-06-27,7.8,7.85,7.72,7.84,19306.72,15070.13
600726.SH,2002-07-01,8.0,8.17,7.9,7.91,54759.02,44035.77
600726.SH,2002-07-02,7.9,7.93,7.8,7.92,12637.56,9936.68
600726.SH,2002-07-03,7.94,8.02,7.92,8.01,14150.42,11277.52
600726.SH,2002-07-04,8.01,8.05,7.85,7.86,8456.64,6705.5
600726.SH,2002-07-05,7.86,7.94,7.73,7.87,5849.31,4578.65
600726.SH,2002-07-08,7.88,7.95,7.85,7.89,4834.16,3814.84
600726.SH,2002-07-09,7.9,7.9,7.75,7.78,4627.0,3610.05
600726.SH,2002-07-10,7.76,7.8,7.58,7.63,9121.0,6976.78
600726.SH,2002-07-11,7.6,7.65,7.48,7.58,6459.62,4883.53
600726.SH,2002-07-12,7.51,7.63,7.51,7.61,3066.27,2322.05
600726.SH,2002-07-15,7.64,7.64,7.38,7.45,8068.73,6017.01
600726.SH,2002-07-16,7.43,7.55,7.43,7.46,2798.8,2095.87
600726.SH,2002-07-17,7.44,7.54,7.42,7.53,2496.58,1866.18
600726.SH,2002-07-18,7.55,7.63,7.53,7.59,3259.47,2471.78
600726.SH,2002-07-19,7.63,7.63,7.59,7.63,2203.24,1675.93
600726.SH,2002-07-22,7.65,7.67,7.46,7.49,2657.4,2000.1
600726.SH,2002-07-23,7.48,7.51,7.39,7.4,5458.77,4056.89
600726.SH,2002-07-24,7.4,7.5,7.35,7.44,4276.71,3163.08
600726.SH,2002-07-25,7.5,7.5,7.35,7.45,2738.67,2022.71
600726.SH,2002-07-26,7.45,7.45,7.37,7.43,1451.36,1074.32
600726.SH,2002-07-29,7.42,7.48,7.37,7.47,1600.27,1183.8
600726.SH,2002-07-30,7.47,7.48,7.38,7.47,1659.32,1233.25
600726.SH,2002-07-31,7.47,7.53,7.42,7.5,6447.45,4820.06
600726.SH,2002-08-01,7.5,7.55,7.46,7.52,4671.32,3506.73
600726.SH,2002-08-02,7.53,7.6,7.53,7.57,4686.86,3549.21
600726.SH,2002-08-05,7.57,7.58,7.5,7.5,1565.6,1177.98
600726.SH,2002-08-06,7.5,7.59,7.46,7.56,2604.14,1964.07
600726.SH,2002-08-07,7.5,7.56,7.48,7.55,1913.1,1436.51
600726.SH,2002-08-08,7.56,7.66,7.55,7.63,9248.76,7028.06
600726.SH,2002-08-09,7.63,7.63,7.46,7.54,4678.94,3515.31
600726.SH,2002-08-12,7.46,7.48,7.32,7.46,2381.19,1764.48
600726.SH,2002-08-13,7.43,7.45,7.4,7.45,1363.08,1011.36
600726.SH,2002-08-14,7.44,7.48,7.4,7.45,1986.4,1475.06
600726.SH,2002-08-15,7.48,7.48,7.32,7.36,2114.28,1555.66
600726.SH,2002-08-16,7.31,7.4,7.27,7.35,2700.32,1977.73
600726.SH,2002-08-19,7.33,7.35,7.28,7.34,1900.46,1391.27
600726.SH,2002-08-20,7.38,7.46,7.3,7.44,3179.89,2356.12
600726.SH,2002-08-21,7.42,7.45,7.36,7.41,2660.76,1968.39
600726.SH,2002-08-22,7.42,7.5,7.38,7.5,3562.0,2654.74
600726.SH,2002-08-23,7.48,7.55,7.47,7.52,2691.8,2020.34
600726.SH,2002-08-26,7.48,7.52,7.44,7.48,3707.88,2764.77
600726.SH,2002-08-27,7.43,7.53,7.4,7.5,5164.93,3849.62
600726.SH,2002-08-28,7.54,7.59,7.49,7.54,9430.0,7106.73
600726.SH,2002-08-29,7.54,7.58,7.49,7.51,7589.17,5713.25
600726.SH,2002-08-30,7.51,7.51,7.4,7.42,4627.13,3436.34
600726.SH,2002-09-02,7.4,7.45,7.36,7.42,1622.59,1199.67
600726.SH,2002-09-03,7.42,7.49,7.42,7.49,1542.2,1151.14
600726.SH,2002-09-04,7.46,7.48,7.4,7.43,813.3,603.41
600726.SH,2002-09-05,7.39,7.46,7.37,7.39,3440.98,2548.02
600726.SH,2002-09-06,7.36,7.4,7.36,7.37,2260.0,1668.32
600726.SH,2002-09-09,7.35,7.38,7.32,7.34,2448.27,1797.62
600726.SH,2002-09-11,7.31,7.34,7.08,7.18,5171.0,3700.39
600726.SH,2002-09-12,7.15,7.21,7.1,7.19,2093.1,1494.96
600726.SH,2002-09-13,7.11,7.19,7.11,7.15,1385.6,989.99
600726.SH,2002-09-16,7.14,7.15,7.03,7.07,1436.0,1014.42
600726.SH,2002-09-17,7.08,7.12,7.07,7.09,2095.91,1485.34
600726.SH,2002-09-18,7.1,7.15,7.07,7.14,1149.7,817.11
600726.SH,2002-09-19,7.1,7.26,7.03,7.2,2101.68,1508.45
600726.SH,2002-09-20,7.22,7.22,7.15,7.19,1410.8,1015.38
600726.SH,2002-09-23,7.12,7.2,7.11,7.2,983.56,704.25
600726.SH,2002-09-24,7.2,7.24,7.18,7.19,2774.11,1997.65
600726.SH,2002-09-25,7.19,7.21,7.15,7.21,2270.65,1629.08
600726.SH,2002-09-26,7.28,7.28,7.1,7.2,2544.96,1822.2
600726.SH,2002-09-27,7.2,7.24,7.13,7.23,2131.5,1534.09
600726.SH,2002-10-08,7.23,7.23,7.03,7.11,1547.8,1097.28
600726.SH,2002-10-09,7.05,7.05,6.52,6.55,5931.8,3977.35
600726.SH,2002-10-10,6.5,6.7,6.5,6.61,3242.43,2145.94
600726.SH,2002-10-11,6.66,6.78,6.61,6.75,3272.49,2200.9
600726.SH,2002-10-14,6.71,6.79,6.63,6.75,2300.27,1544.62
600726.SH,2002-10-15,6.68,6.8,6.68,6.69,2783.0,1868.46
600726.SH,2002-10-16,6.7,6.78,6.66,6.74,1508.31,1013.59
600726.SH,2002-10-17,6.71,6.71,6.56,6.59,1608.4,1066.25
600726.SH,2002-10-18,6.55,6.65,6.53,6.61,1941.36,1277.24
600726.SH,2002-10-21,6.6,6.6,6.5,6.57,942.72,618.15
600726.SH,2002-10-22,6.57,6.73,6.57,6.69,1613.54,1072.43
600726.SH,2002-10-23,6.68,6.79,6.63,6.71,1584.87,1060.58
600726.SH,2002-10-24,6.67,6.69,6.48,6.62,2897.64,1907.69
600726.SH,2002-10-25,6.49,6.65,6.48,6.59,1819.72,1199.71
600726.SH,2002-10-28,6.5,6.59,6.49,6.55,1884.4,1233.22
600726.SH,2002-10-29,6.5,6.6,6.5,6.58,1571.89,1025.75
600726.SH,2002-10-30,6.58,6.68,6.55,6.63,1770.77,1170.68
600726.SH,2002-10-31,6.65,6.68,6.5,6.6,1845.86,1212.79
600726.SH,2002-11-01,6.55,6.58,6.5,6.57,670.0,438.89
600726.SH,2002-11-04,6.65,6.65,6.58,6.63,1460.5,963.75
600726.SH,2002-11-05,6.63,6.78,6.63,6.74,4091.0,2752.33
600726.SH,2002-11-06,6.75,6.75,6.7,6.73,1227.14,824.66
600726.SH,2002-11-07,6.73,6.75,6.68,6.7,1493.98,1001.62
600726.SH,2002-11-08,6.75,6.78,6.5,6.52,2564.37,1694.58
600726.SH,2002-11-11,6.6,6.6,6.48,6.5,1298.0,845.47
600726.SH,2002-11-12,6.49,6.52,6.3,6.31,2314.8,1474.01
600726.SH,2002-11-13,6.18,6.28,6.13,6.28,2497.36,1546.7
600726.SH,2002-11-14,6.28,6.28,6.07,6.13,1541.3,948.25
600726.SH,2002-11-15,6.1,6.18,6.03,6.13,2564.86,1565.59
600726.SH,2002-11-18,6.1,6.12,5.98,6.03,2684.0,1616.74
600726.SH,2002-11-19,6.0,6.1,5.98,6.1,1475.85,887.91
600726.SH,2002-11-20,6.06,6.06,5.92,5.92,1752.0,1046.83
600726.SH,2002-11-21,5.9,5.9,5.75,5.77,2866.97,1670.18
600726.SH,2002-11-22,5.78,5.86,5.74,5.8,3380.94,1960.97
600726.SH,2002-11-25,5.8,5.87,5.7,5.8,1094.0,635.88
600726.SH,2002-11-26,5.8,5.86,5.7,5.71,1694.0,979.49
600726.SH,2002-11-27,5.66,5.8,5.65,5.78,3600.15,2046.35
600726.SH,2002-11-28,5.76,5.93,5.7,5.92,2811.99,1634.56
600726.SH,2002-11-29,5.92,6.18,5.87,6.18,11877.43,7224.25
600726.SH,2002-12-02,6.2,6.25,6.05,6.06,17712.23,10944.12
600726.SH,2002-12-03,6.0,6.13,5.89,6.08,2680.34,1625.41
600726.SH,2002-12-04,6.08,6.2,6.05,6.05,2165.86,1326.47
600726.SH,2002-12-05,6.0,6.05,5.9,5.93,3233.0,1924.66
600726.SH,2002-12-06,5.93,5.99,5.9,5.95,1823.61,1085.55
600726.SH,2002-12-09,5.9,5.99,5.89,5.94,692.6,411.45
600726.SH,2002-12-10,5.94,5.94,5.8,5.81,1522.86,892.86
600726.SH,2002-12-11,5.8,5.82,5.7,5.75,2689.0,1541.87
600726.SH,2002-12-12,5.75,5.85,5.72,5.79,3908.0,2255.31
600726.SH,2002-12-13,5.72,5.85,5.7,5.82,6322.8,3647.77
600726.SH,2002-12-16,5.82,5.9,5.82,5.87,4231.8,2477.71
600726.SH,2002-12-17,5.88,5.93,5.83,5.93,3551.62,2089.51
600726.SH,2002-12-18,5.9,5.96,5.85,5.87,2496.0,1475.54
600726.SH,2002-12-19,5.85,5.87,5.78,5.82,2627.35,1528.61
600726.SH,2002-12-20,5.83,6.12,5.83,6.08,25861.41,15578.96
600726.SH,2002-12-23,6.1,6.11,6.03,6.03,7844.69,4750.49
600726.SH,2002-12-24,6.02,6.04,5.96,6.03,3140.86,1883.69
600726.SH,2002-12-25,6.03,6.05,5.94,5.95,3803.5,2272.59
600726.SH,2002-12-26,5.94,5.94,5.75,5.76,9702.46,5632.17
600726.SH,2002-12-27,5.7,5.86,5.7,5.8,2577.9,1487.56
600726.SH,2002-12-30,5.83,6.11,5.7,6.04,21088.83,12650.81
600726.SH,2002-12-31,6.0,6.06,5.84,6.03,8893.6,5296.98
600726.SH,2003-01-02,5.9,5.9,5.74,5.74,2937.03,1704.69
600726.SH,2003-01-03,5.74,5.87,5.68,5.73,7064.15,4046.58
600726.SH,2003-01-06,5.71,5.78,5.61,5.78,3663.29,2089.07
600726.SH,2003-01-08,5.78,5.93,5.65,5.91,6211.39,3602.29
600726.SH,2003-01-09,5.9,6.1,5.89,6.08,20100.59,12089.47
600726.SH,2003-01-10,6.13,6.37,6.06,6.18,51082.58,31763.88
600726.SH,2003-01-13,6.13,6.18,6.06,6.18,9295.0,5694.3
600726.SH,2003-01-14,6.18,6.58,6.11,6.38,25606.68,16230.35
600726.SH,2003-01-15,6.4,6.43,6.21,6.25,14997.95,9464.69
600726.SH,2003-01-16,6.2,6.35,6.2,6.3,7747.44,4851.65
600726.SH,2003-01-17,6.31,6.34,6.21,6.22,7839.2,4906.57
600726.SH,2003-01-20,6.2,6.28,6.0,6.25,8798.5,5433.28
600726.SH,2003-01-21,6.25,6.28,6.09,6.1,8220.56,5086.95
600726.SH,2003-01-22,6.06,6.28,6.05,6.21,6593.43,4082.88
600726.SH,2003-01-23,6.25,6.25,6.16,6.17,3345.38,2067.95
600726.SH,2003-01-24,6.12,6.25,6.12,6.2,2839.3,1751.54
600726.SH,2003-01-27,6.23,6.3,6.2,6.28,7110.17,4452.81
600726.SH,2003-01-28,6.29,6.34,6.25,6.3,5722.31,3601.13
600726.SH,2003-01-29,6.28,6.32,6.24,6.25,5075.36,3189.95
600726.SH,2003-02-10,6.25,6.26,6.13,6.15,1894.2,1167.77
600726.SH,2003-02-11,6.09,6.21,6.09,6.19,3857.62,2387.11
600726.SH,2003-02-12,6.19,6.28,6.15,6.27,5385.75,3347.15
600726.SH,2003-02-13,6.3,6.34,6.22,6.23,5928.26,3711.33
600726.SH,2003-02-14,6.23,6.23,6.17,6.2,6189.29,3835.12
600726.SH,2003-02-17,6.2,6.32,6.2,6.28,8264.39,5179.02
600726.SH,2003-02-18,6.28,6.38,6.26,6.36,8640.46,5464.65
600726.SH,2003-02-19,6.35,6.36,6.28,6.35,5357.94,3386.18
600726.SH,2003-02-20,6.35,6.43,6.32,6.35,7155.12,4565.63
600726.SH,2003-02-21,6.31,6.34,6.18,6.21,5753.52,3586.52
600726.SH,2003-02-24,6.1,6.19,6.1,6.15,4293.1,2637.68
600726.SH,2003-02-25,6.14,6.25,6.14,6.23,3673.16,2280.45
600726.SH,2003-02-26,6.26,6.36,6.25,6.28,3402.02,2138.66
600726.SH,2003-02-27,6.3,6.34,6.25,6.28,4511.52,2845.33
600726.SH,2003-02-28,6.3,6.32,6.24,6.27,2909.56,1824.67
600726.SH,2003-03-03,6.27,6.38,6.25,6.31,7639.78,4835.33
600726.SH,2003-03-04,6.38,6.39,6.28,6.33,3519.1,2228.0
600726.SH,2003-03-05,6.34,6.34,6.23,6.26,2671.0,1672.56
600726.SH,2003-03-06,6.23,6.26,6.13,6.14,4988.0,3077.57
600726.SH,2003-03-07,6.1,6.17,6.1,6.13,5808.01,3563.3
600726.SH,2003-03-10,6.2,6.2,5.95,6.04,8284.07,4977.67
600726.SH,2003-03-11,6.04,6.04,5.98,5.99,2654.86,1593.97
600726.SH,2003-03-12,5.98,6.04,5.93,5.98,2561.2,1530.49
600726.SH,2003-03-13,6.0,6.0,5.82,5.86,4139.0,2447.11
600726.SH,2003-03-14,5.85,5.91,5.85,5.86,3644.87,2139.52
600726.SH,2003-03-17,5.86,5.87,5.81,5.86,2089.4,1219.74
600726.SH,2003-03-18,5.88,5.95,5.86,5.9,3733.26,2204.61
600726.SH,2003-03-19,5.92,5.95,5.8,5.91,2508.6,1473.58
600726.SH,2003-03-20,5.92,5.92,5.85,5.87,2138.0,1257.0
600726.SH,2003-03-21,5.87,5.95,5.87,5.95,1950.42,1153.93
600726.SH,2003-03-24,5.98,5.98,5.9,5.92,1477.0,874.34
600726.SH,2003-03-25,5.94,5.94,5.86,5.86,2027.28,1193.69
600726.SH,2003-03-26,5.86,5.86,5.81,5.83,1396.84,814.7
600726.SH,2003-03-27,5.86,6.2,5.8,6.05,5737.32,3422.72
600726.SH,2003-03-31,6.0,6.25,5.98,6.19,8116.99,4981.09
600726.SH,2003-04-01,6.28,6.37,6.2,6.32,18440.95,11585.48
600726.SH,2003-04-02,6.35,6.4,6.3,6.33,15083.8,9578.03
600726.SH,2003-04-03,6.35,6.35,6.26,6.29,5871.38,3699.9
600726.SH,2003-04-04,6.25,6.35,6.25,6.31,5196.88,3276.01
600726.SH,2003-04-07,6.31,6.31,6.18,6.18,3221.0,2013.17
600726.SH,2003-04-08,6.19,6.45,6.1,6.4,16847.79,10702.63
600726.SH,2003-04-09,6.38,6.52,6.32,6.5,21368.88,13796.3
600726.SH,2003-04-10,6.52,7.05,6.52,6.94,79733.48,54181.69
600726.SH,2003-04-11,6.94,7.15,6.82,7.0,37473.56,26159.24
600726.SH,2003-04-14,7.05,7.25,7.01,7.08,32390.81,23080.12
600726.SH,2003-04-15,7.1,7.28,7.05,7.13,24934.71,17827.39
600726.SH,2003-04-16,7.15,7.37,7.08,7.35,59272.28,43086.38
600726.SH,2003-04-17,7.36,7.47,7.16,7.33,24778.93,18157.01
600726.SH,2003-04-18,7.37,7.45,7.25,7.3,19732.61,14467.98
600726.SH,2003-04-21,7.29,7.3,6.94,7.0,14743.69,10385.95
600726.SH,2003-04-22,6.99,7.0,6.9,6.94,5076.69,3529.74
600726.SH,2003-04-23,6.95,6.97,6.75,6.78,8603.0,5879.46
600726.SH,2003-04-24,6.71,6.8,6.41,6.46,16704.38,10963.3
600726.SH,2003-04-25,6.42,6.66,6.42,6.54,7934.08,5192.2
600726.SH,2003-04-28,6.5,6.99,6.42,6.88,7918.18,5285.63
600726.SH,2003-04-29,6.82,7.08,6.8,6.83,22109.95,15272.74
600726.SH,2003-04-30,6.9,7.05,6.78,6.92,12542.7,8671.54
600726.SH,2003-05-12,6.98,7.38,6.92,7.33,24689.56,17770.88
600726.SH,2003-05-13,7.35,7.56,7.17,7.24,34268.81,25193.56
600726.SH,2003-05-14,7.36,7.65,7.18,7.61,52453.09,39332.46
600726.SH,2003-05-15,7.65,7.68,7.43,7.61,47198.68,35625.74
600726.SH,2003-05-16,7.53,7.64,7.25,7.34,40524.39,30058.0
600726.SH,2003-05-19,7.35,7.4,7.25,7.28,13506.34,9868.72
600726.SH,2003-05-20,7.25,7.28,7.11,7.24,15505.55,11170.3
600726.SH,2003-05-21,7.25,7.42,7.23,7.23,8073.32,5906.27
600726.SH,2003-05-22,7.29,7.88,7.25,7.69,78810.25,60009.69
600726.SH,2003-05-23,7.73,8.3,7.73,7.98,158474.78,127832.79
600726.SH,2003-05-26,8.0,8.35,8.0,8.13,84584.79,69120.99
600726.SH,2003-05-27,8.2,8.35,7.91,8.28,61816.66,50607.91
600726.SH,2003-05-28,8.28,8.29,7.88,7.92,64721.21,52386.52
600726.SH,2003-05-30,8.08,8.18,7.89,8.0,61462.56,49302.77
600726.SH,2003-06-02,7.97,8.04,7.8,8.02,18236.54,14462.76
600726.SH,2003-06-03,8.0,8.04,7.8,7.98,24747.0,19701.46
600726.SH,2003-06-04,7.98,8.17,7.86,8.16,27968.79,22511.07
600726.SH,2003-06-05,8.18,8.18,7.9,7.92,25794.0,20756.02
600726.SH,2003-06-06,7.9,7.97,7.8,7.81,16211.2,12734.63
600726.SH,2003-06-09,7.75,7.79,7.66,7.7,10820.04,8350.74
600726.SH,2003-06-10,7.7,7.88,7.7,7.78,13321.39,10403.08
600726.SH,2003-06-11,7.76,7.91,7.76,7.84,20135.11,15814.25
600726.SH,2003-06-12,7.85,7.91,7.82,7.86,8180.0,6438.24
600726.SH,2003-06-13,7.86,7.88,7.77,7.78,10118.94,7917.74
600726.SH,2003-06-16,7.83,7.83,7.63,7.71,5993.54,4615.76
600726.SH,2003-06-17,7.69,7.72,7.59,7.71,16605.0,12697.72
600726.SH,2003-06-18,7.71,7.85,7.69,7.84,11399.78,8843.61
600726.SH,2003-06-19,7.79,7.88,7.68,7.75,14333.12,11157.18
600726.SH,2003-06-20,7.75,7.75,7.59,7.62,8164.28,6244.89
600726.SH,2003-06-23,7.6,7.6,7.4,7.41,6835.2,5109.75
600726.SH,2003-06-24,7.38,7.45,7.35,7.42,5409.03,3995.65
600726.SH,2003-06-25,7.45,7.54,7.3,7.38,8455.58,6239.28
600726.SH,2003-06-26,7.37,7.51,7.2,7.47,7535.18,5544.13
600726.SH,2003-06-27,7.49,7.49,7.21,7.23,5970.03,4342.92
600726.SH,2003-07-01,7.19,7.3,7.1,7.17,6826.92,4912.42
600726.SH,2003-07-02,7.16,7.27,7.1,7.2,5488.0,3953.85
600726.SH,2003-07-03,7.26,7.27,7.19,7.21,4289.56,3096.16
600726.SH,2003-07-04,7.22,7.48,7.2,7.41,11477.01,8487.52
600726.SH,2003-07-07,7.4,7.4,7.25,7.35,6060.26,4418.74
600726.SH,2003-07-08,7.36,7.45,7.29,7.3,6507.0,4789.66
600726.SH,2003-07-09,7.35,7.35,7.12,7.17,4443.84,3198.02
600726.SH,2003-07-10,7.15,7.3,7.14,7.23,9352.03,6762.65
600726.SH,2003-07-11,7.24,7.3,7.15,7.16,4775.79,3451.85
600726.SH,2003-07-14,7.16,7.25,7.15,7.2,5849.08,4210.41
600726.SH,2003-07-15,7.18,7.33,7.18,7.33,6373.44,4628.98
600726.SH,2003-07-16,7.35,7.35,7.28,7.33,8661.24,6329.73
600726.SH,2003-07-17,7.25,7.45,7.15,7.42,19090.26,14014.3
600726.SH,2003-07-18,7.39,7.5,7.2,7.2,7882.0,5810.3
600726.SH,2003-07-21,7.15,7.25,7.05,7.09,9304.22,6599.7
600726.SH,2003-07-22,7.1,7.22,7.04,7.1,8399.84,5965.82
600726.SH,2003-07-23,7.1,7.12,6.86,7.01,7987.5,5582.53
600726.SH,2003-07-24,7.09,7.1,6.9,7.03,6084.47,4263.1
600726.SH,2003-07-25,7.01,7.01,6.8,6.81,5903.0,4073.82
600726.SH,2003-07-28,6.8,6.8,6.68,6.68,3588.64,2409.26
600726.SH,2003-07-29,6.7,6.73,6.65,6.69,3901.23,2611.92
600726.SH,2003-07-30,6.67,6.76,6.5,6.72,3606.0,2408.24
600726.SH,2003-07-31,6.72,6.83,6.72,6.78,4420.79,3003.21
600726.SH,2003-08-01,6.78,6.79,6.59,6.76,6224.29,4145.0
600726.SH,2003-08-04,6.73,6.82,6.62,6.82,4088.8,2745.69
600726.SH,2003-08-05,6.82,6.99,6.82,6.95,6299.14,4363.53
600726.SH,2003-08-06,6.94,6.98,6.86,6.97,4372.87,3026.46
600726.SH,2003-08-07,6.97,7.02,6.88,6.88,3112.24,2153.38
600726.SH,2003-08-08,6.88,6.89,6.72,6.73,2421.0,1642.01
600726.SH,2003-08-11,6.66,6.79,6.65,6.78,2114.3,1428.19
600726.SH,2003-08-12,6.71,6.92,6.71,6.87,4277.41,2911.21
600726.SH,2003-08-13,7.1,7.1,6.75,6.76,4456.1,3058.0
600726.SH,2003-08-14,6.76,6.8,6.68,6.7,4860.61,3263.9
600726.SH,2003-08-15,6.63,6.74,6.63,6.69,1649.73,1100.84
600726.SH,2003-08-18,6.66,6.67,6.6,6.62,2548.16,1687.65
600726.SH,2003-08-19,6.6,6.65,6.59,6.63,1034.0,684.26
600726.SH,2003-08-20,6.65,6.65,6.6,6.62,1047.0,691.98
600726.SH,2003-08-21,6.63,6.65,6.5,6.56,2842.11,1858.4
600726.SH,2003-08-22,6.56,6.65,6.56,6.57,1654.0,1094.33
600726.SH,2003-08-25,6.58,6.58,6.42,6.44,2782.0,1801.54
600726.SH,2003-08-26,6.6,6.6,6.44,6.49,1707.12,1110.86
600726.SH,2003-08-27,6.46,6.5,6.38,6.41,2446.11,1568.94
600726.SH,2003-08-28,6.43,6.5,6.36,6.36,2327.87,1502.03
600726.SH,2003-08-29,6.33,6.42,6.3,6.4,2138.03,1363.28
600726.SH,2003-09-01,6.39,6.56,6.35,6.53,4890.5,3176.09
600726.SH,2003-09-02,6.6,6.65,6.43,6.45,3728.19,2441.94
600726.SH,2003-09-03,6.47,6.58,6.4,6.48,4927.08,3183.91
600726.SH,2003-09-04,6.5,6.61,6.48,6.6,20024.14,13064.97
600726.SH,2003-09-05,6.66,6.74,6.58,6.71,23734.32,15815.2
600726.SH,2003-09-08,6.66,6.67,6.52,6.58,6475.6,4265.86
600726.SH,2003-09-09,6.55,6.62,6.5,6.58,2679.04,1760.13
600726.SH,2003-09-10,6.6,6.6,6.18,6.31,32412.45,20265.08
600726.SH,2003-09-11,6.33,6.35,6.14,6.19,16782.41,10407.33
600726.SH,2003-09-12,6.17,6.2,5.95,5.99,17287.0,10452.89
600726.SH,2003-09-15,5.99,6.09,5.98,6.02,3677.63,2216.93
600726.SH,2003-09-16,6.01,6.03,5.95,6.02,3364.1,2018.1
600726.SH,2003-09-17,6.04,6.04,5.86,5.9,3893.4,2312.13
600726.SH,2003-09-18,5.9,6.0,5.88,5.95,2621.0,1557.68
600726.SH,2003-09-19,5.98,5.99,5.91,5.95,2578.3,1535.98
600726.SH,2003-09-22,5.95,5.99,5.92,5.95,2117.2,1258.74
600726.SH,2003-09-23,5.93,6.0,5.88,5.97,3947.18,2342.36
600726.SH,2003-09-24,5.99,6.05,5.99,6.05,5788.87,3477.95
600726.SH,2003-09-25,6.09,6.12,5.98,6.03,3805.5,2296.89
600726.SH,2003-09-26,6.03,6.07,5.93,6.03,2021.31,1211.14
600726.SH,2003-09-29,6.03,6.03,5.88,5.9,4791.31,2848.59
600726.SH,2003-09-30,5.95,6.09,5.94,6.07,10350.07,6230.1
600726.SH,2003-10-08,6.12,6.47,6.05,6.38,20857.31,13137.5
600726.SH,2003-10-09,6.38,6.45,6.26,6.36,7126.8,4542.18
600726.SH,2003-10-10,6.34,6.49,6.26,6.47,17299.97,11109.6
600726.SH,2003-10-13,6.47,6.48,6.38,6.41,6634.09,4266.78
600726.SH,2003-10-14,6.44,6.45,6.23,6.3,5739.76,3614.93
600726.SH,2003-10-15,6.3,6.36,6.24,6.25,5808.2,3654.21
600726.SH,2003-10-16,6.25,6.31,6.1,6.13,4479.8,2787.97
600726.SH,2003-10-17,6.12,6.17,6.08,6.09,3945.41,2417.75
600726.SH,2003-10-20,6.01,6.15,6.01,6.07,2825.01,1710.4
600726.SH,2003-10-21,6.07,6.1,5.98,6.1,2498.0,1504.67
600726.SH,2003-10-22,6.1,6.3,6.03,6.27,9550.88,5937.68
600726.SH,2003-10-23,6.3,6.39,6.18,6.2,5010.4,3147.84
600726.SH,2003-10-24,6.2,6.25,6.03,6.19,3580.32,2215.76
600726.SH,2003-10-27,6.25,6.25,6.06,6.14,4714.96,2883.26
600726.SH,2003-10-28,6.1,6.34,6.05,6.31,8609.69,5342.96
600726.SH,2003-10-29,6.35,6.42,6.21,6.37,19762.99,12526.65
600726.SH,2003-10-30,6.3,6.36,6.19,6.2,6731.54,4215.02
600726.SH,2003-10-31,6.2,6.35,6.11,6.28,6550.42,4081.4
600726.SH,2003-11-03,6.29,6.46,6.21,6.43,14784.19,9447.38
600726.SH,2003-11-04,6.43,6.66,6.4,6.49,19580.96,12778.08
600726.SH,2003-11-05,6.45,6.53,6.31,6.45,10318.26,6629.22
600726.SH,2003-11-06,6.45,6.62,6.39,6.61,19808.8,12920.62
600726.SH,2003-11-07,6.61,6.69,6.44,6.53,19256.44,12646.32
600726.SH,2003-11-10,6.52,6.52,6.31,6.49,8286.16,5302.48
600726.SH,2003-11-11,6.49,6.56,6.37,6.5,8471.54,5465.29
600726.SH,2003-11-12,6.4,6.44,6.22,6.23,9342.0,5925.71
600726.SH,2003-11-13,6.16,6.29,6.16,6.22,8194.39,5112.43
600726.SH,2003-11-14,6.26,6.4,6.25,6.31,6268.38,3961.61
600726.SH,2003-11-17,6.31,6.39,6.2,6.27,7532.22,4726.03
600726.SH,2003-11-18,6.24,6.27,5.99,6.11,12732.65,7719.91
600726.SH,2003-11-19,6.06,6.1,5.97,6.03,21745.39,13078.01
600726.SH,2003-11-20,6.03,6.18,5.99,6.15,18558.08,11320.51
600726.SH,2003-11-21,6.2,6.3,6.07,6.09,14891.3,9158.09
600726.SH,2003-11-24,6.12,6.26,6.08,6.26,13963.82,8652.03
600726.SH,2003-11-25,6.35,6.45,6.26,6.34,31240.73,19908.88
600726.SH,2003-11-26,6.34,6.48,6.28,6.39,11726.43,7466.03
600726.SH,2003-11-27,6.49,6.49,6.23,6.25,9107.53,5767.71
600726.SH,2003-11-28,6.38,6.38,6.01,6.1,18791.11,11638.42
600726.SH,2003-12-01,6.1,6.71,6.1,6.6,101327.77,66995.37
600726.SH,2003-12-02,6.55,6.64,6.44,6.46,47843.49,31230.05
600726.SH,2003-12-03,6.38,6.74,6.38,6.56,52641.26,34878.2
600726.SH,2003-12-04,6.5,6.62,6.45,6.5,28590.59,18639.55
600726.SH,2003-12-05,6.5,6.66,6.5,6.63,27752.57,18269.1
600726.SH,2003-12-08,6.68,6.88,6.66,6.7,60555.21,41050.68
600726.SH,2003-12-09,6.72,6.88,6.65,6.86,36087.56,24459.55
600726.SH,2003-12-10,6.95,6.95,6.78,6.91,46343.94,31894.49
600726.SH,2003-12-11,6.95,6.96,6.75,6.8,37009.03,25299.18
600726.SH,2003-12-12,6.8,6.87,6.72,6.8,20404.96,13842.45
600726.SH,2003-12-15,6.85,6.91,6.8,6.86,11318.58,7763.95
600726.SH,2003-12-16,6.86,6.86,6.66,6.81,20549.49,13843.74
600726.SH,2003-12-17,6.82,6.9,6.7,6.71,17515.56,11912.52
600726.SH,2003-12-18,6.7,6.75,6.59,6.69,18715.6,12452.42
600726.SH,2003-12-19,6.71,6.91,6.63,6.88,39582.43,26950.72
600726.SH,2003-12-22,6.88,7.11,6.87,7.07,59899.46,42075.28
600726.SH,2003-12-23,7.06,7.14,6.92,7.06,31880.53,22417.58
600726.SH,2003-12-24,7.01,7.26,7.0,7.08,33758.38,24162.17
600726.SH,2003-12-25,7.1,7.24,6.91,6.97,31142.94,21974.64
600726.SH,2003-12-26,6.98,7.09,6.97,7.03,23861.76,16748.57
600726.SH,2003-12-29,6.97,7.12,6.94,7.02,21664.72,15275.14
600726.SH,2003-12-30,6.97,7.09,6.97,6.98,27289.58,19160.19
600726.SH,2003-12-31,6.99,7.18,6.99,7.1,26969.4,19163.2
600726.SH,2004-01-02,7.1,7.38,7.1,7.35,41772.39,30362.53
600726.SH,2004-01-05,7.4,7.49,7.28,7.41,34355.68,25412.92
600726.SH,2004-01-06,7.4,7.41,7.2,7.26,32032.7,23315.07
600726.SH,2004-01-07,7.26,7.43,7.16,7.33,32212.85,23474.27
600726.SH,2004-01-08,7.31,7.31,7.07,7.17,62765.27,44872.5
600726.SH,2004-01-09,7.17,7.2,6.97,7.0,54461.78,38569.0
600726.SH,2004-01-12,6.92,7.01,6.8,6.94,41324.28,28535.05
600726.SH,2004-01-13,7.0,7.09,6.85,7.04,36682.84,25430.85
600726.SH,2004-01-14,7.0,7.02,6.88,6.94,10941.58,7575.44
600726.SH,2004-01-15,6.88,6.98,6.87,6.92,22123.48,15285.43
600726.SH,2004-01-16,6.95,7.01,6.89,7.0,19406.96,13484.73
600726.SH,2004-01-29,7.0,7.12,6.92,7.11,16580.59,11665.73
600726.SH,2004-01-30,7.13,7.17,6.97,6.98,19623.78,13850.76
600726.SH,2004-02-02,7.0,7.16,6.9,7.0,24822.11,17343.28
600726.SH,2004-02-03,7.02,7.03,6.9,7.0,23663.84,16439.54
600726.SH,2004-02-04,7.0,7.24,7.0,7.2,40700.82,29105.07
600726.SH,2004-02-05,7.21,7.36,7.2,7.26,43616.86,31725.8
600726.SH,2004-02-06,7.27,7.34,7.13,7.17,35933.2,26017.36
600726.SH,2004-02-09,7.17,7.32,7.17,7.3,32266.46,23437.72
600726.SH,2004-02-10,7.32,7.39,7.25,7.27,31816.14,23261.25
600726.SH,2004-02-11,7.38,7.47,7.29,7.39,45444.36,33591.93
600726.SH,2004-02-12,7.4,7.46,7.18,7.18,51635.47,37811.43
600726.SH,2004-02-13,7.19,7.23,7.12,7.13,22771.83,16325.13
600726.SH,2004-02-16,7.13,7.3,7.08,7.3,23744.7,17023.85
600726.SH,2004-02-17,7.3,7.35,7.22,7.3,46218.46,33607.64
600726.SH,2004-02-18,7.35,7.6,7.34,7.6,110877.96,82510.21
600726.SH,2004-02-19,7.6,7.85,7.58,7.71,106940.21,82733.41
600726.SH,2004-02-20,7.71,7.73,7.58,7.71,34681.67,26516.57
600726.SH,2004-02-23,7.7,7.72,7.47,7.48,34195.92,25881.12
600726.SH,2004-02-24,7.44,7.44,7.3,7.39,28716.07,21136.34
600726.SH,2004-02-25,7.4,7.46,7.16,7.18,21726.0,16007.88
600726.SH,2004-02-26,7.25,7.27,7.08,7.19,18646.36,13351.23
600726.SH,2004-02-27,7.19,7.46,7.19,7.41,31127.61,22903.76
600726.SH,2004-03-01,7.42,7.48,7.32,7.45,21805.41,16186.3
600726.SH,2004-03-02,7.45,7.65,7.33,7.6,27447.1,20552.01
600726.SH,2004-03-03,7.6,7.6,7.34,7.39,17327.74,12917.7
600726.SH,2004-03-04,7.32,7.5,7.3,7.45,14758.46,10939.92
600726.SH,2004-03-05,7.48,7.5,7.35,7.36,12340.22,9134.85
600726.SH,2004-03-08,7.56,7.56,7.2,7.21,13185.29,9664.79
600726.SH,2004-03-09,7.2,7.29,7.15,7.15,10031.69,7235.31
600726.SH,2004-03-10,7.15,7.3,7.15,7.28,7996.23,5779.78
600726.SH,2004-03-11,7.3,7.53,7.3,7.45,29376.47,21861.8
600726.SH,2004-03-12,7.4,7.48,7.36,7.47,12928.34,9598.35
600726.SH,2004-03-15,7.53,7.63,7.46,7.59,31170.54,23573.89
600726.SH,2004-03-16,7.6,7.65,7.48,7.6,20469.41,15515.25
600726.SH,2004-03-17,7.6,7.83,7.5,7.79,42230.04,32508.89
600726.SH,2004-03-18,7.83,7.89,7.59,7.65,47448.46,36723.88
600726.SH,2004-03-19,7.63,7.82,7.61,7.8,26706.27,20646.77
600726.SH,2004-03-22,7.8,7.9,7.71,7.8,18906.25,14731.85
600726.SH,2004-03-23,7.79,8.01,7.71,8.0,72365.39,57344.59
600726.SH,2004-03-24,8.0,8.23,7.96,8.08,99489.94,80794.6
600726.SH,2004-03-25,8.08,8.24,8.0,8.02,42023.12,34002.63
600726.SH,2004-03-26,8.0,8.23,8.0,8.15,29315.33,23777.95
600726.SH,2004-03-29,8.18,8.28,7.85,7.9,29656.3,23897.8
600726.SH,2004-03-30,7.85,8.0,7.83,7.91,19539.64,15424.71
600726.SH,2004-03-31,7.9,8.0,7.85,7.93,12733.12,10094.85
600726.SH,2004-04-01,7.95,8.15,7.9,8.11,19933.59,16065.47
600726.SH,2004-04-02,8.15,8.36,8.11,8.25,49941.3,41308.95
600726.SH,2004-04-05,8.26,8.36,8.11,8.36,30940.16,25584.59
600726.SH,2004-04-06,8.35,8.4,8.2,8.38,15693.6,13070.83
600726.SH,2004-04-07,8.38,8.65,8.38,8.54,62965.18,53932.76
600726.SH,2004-04-08,8.5,8.64,8.4,8.58,24795.85,21097.82
600726.SH,2004-04-09,8.55,8.56,8.1,8.21,38912.81,32448.93
600726.SH,2004-04-12,8.17,8.24,8.0,8.19,19490.16,15824.46
600726.SH,2004-04-13,8.19,8.32,8.1,8.11,13944.43,11443.82
600726.SH,2004-04-14,8.1,8.25,8.02,8.15,16900.87,13709.51
600726.SH,2004-04-15,8.15,8.19,7.92,7.94,12110.71,9749.84
600726.SH,2004-04-16,7.88,8.15,7.75,8.02,24682.46,19648.92
600726.SH,2004-04-19,8.02,8.11,7.88,7.92,17996.63,14362.83
600726.SH,2004-04-20,7.78,7.95,7.78,7.85,22424.28,17646.12
600726.SH,2004-04-21,7.85,8.0,7.8,7.89,14375.69,11370.67
600726.SH,2004-04-22,7.9,8.1,7.7,7.85,8353.8,6521.24
600726.SH,2004-04-23,7.85,7.85,7.6,7.75,9981.4,7714.85
600726.SH,2004-04-26,7.75,7.88,7.7,7.88,7364.09,5748.34
600726.SH,2004-04-27,7.88,8.02,7.87,7.94,19783.56,15689.05
600726.SH,2004-04-28,7.94,7.98,7.73,7.86,11574.64,9089.84
600726.SH,2004-04-29,7.85,7.93,7.68,7.82,16700.6,12976.23
600726.SH,2004-04-30,7.79,8.0,7.79,7.97,12140.98,9610.85
600726.SH,2004-05-10,8.03,8.09,7.9,7.94,11980.77,9576.28
600726.SH,2004-05-11,7.91,7.91,7.5,7.67,13718.06,10461.53
600726.SH,2004-05-12,7.55,7.88,7.52,7.86,10442.0,8093.6
600726.SH,2004-05-13,7.81,7.85,7.74,7.81,9064.91,7060.62
600726.SH,2004-05-14,7.69,7.8,7.4,7.48,15616.16,11727.38
600726.SH,2004-05-17,7.45,7.45,7.2,7.36,10481.41,7655.82
600726.SH,2004-05-18,7.35,7.59,7.24,7.45,8676.83,6440.55
600726.SH,2004-05-19,7.47,7.6,7.4,7.54,5425.02,4084.29
600726.SH,2004-05-20,7.48,7.57,7.43,7.48,4897.26,3670.47
600726.SH,2004-05-21,7.38,7.62,7.38,7.62,4076.67,3072.5
600726.SH,2004-05-24,7.62,7.62,7.44,7.52,1526.0,1146.31
600726.SH,2004-05-25,7.5,7.5,7.37,7.4,2902.7,2151.82
600726.SH,2004-05-26,7.31,7.45,7.3,7.4,7705.25,5692.93
600726.SH,2004-05-27,7.35,7.55,7.25,7.53,7478.36,5535.48
600726.SH,2004-05-28,7.54,7.6,7.35,7.5,9868.82,7383.94
600726.SH,2004-05-31,7.5,7.58,7.44,7.58,2195.85,1651.32
600726.SH,2004-06-01,7.59,7.68,7.51,7.67,7087.48,5400.59
600726.SH,2004-06-02,7.6,7.68,7.59,7.61,8877.08,6763.24
600726.SH,2004-06-04,7.51,7.55,7.38,7.41,6241.8,4632.71
600726.SH,2004-06-07,7.31,7.39,7.19,7.31,4393.4,3193.15
600726.SH,2004-06-08,7.25,7.36,7.08,7.13,8067.46,5775.45
600726.SH,2004-06-09,7.13,7.19,6.98,7.1,9420.6,6684.41
600726.SH,2004-06-10,7.05,7.12,6.7,7.08,8917.06,6244.4
600726.SH,2004-06-11,7.08,7.2,6.91,7.08,4914.97,3488.05
600726.SH,2004-06-14,7.13,7.13,6.86,6.96,3304.69,2297.01
600726.SH,2004-06-15,6.9,7.16,6.75,7.12,4772.42,3378.92
600726.SH,2004-06-16,7.0,7.27,7.0,7.18,2692.27,1930.1
600726.SH,2004-06-17,7.22,7.3,7.09,7.12,4666.6,3347.19
600726.SH,2004-06-18,7.12,7.23,6.94,6.96,3859.2,2705.85
600726.SH,2004-06-21,6.88,7.0,6.81,6.98,3993.62,2759.47
600726.SH,2004-06-22,6.98,7.05,6.94,6.98,1914.0,1337.66
600726.SH,2004-06-23,6.98,6.98,6.75,6.79,2393.83,1633.96
600726.SH,2004-06-24,6.74,6.89,6.56,6.6,5386.0,3628.64
600726.SH,2004-06-25,6.6,6.75,6.35,6.45,6271.0,4086.81
600726.SH,2004-06-28,6.36,6.45,6.35,6.36,3733.54,2389.19
600726.SH,2004-06-29,6.38,6.5,6.35,6.47,3693.35,2367.72
600726.SH,2004-06-30,6.54,6.6,6.42,6.56,3256.0,2114.44
600726.SH,2004-07-01,6.56,6.8,6.55,6.71,8502.7,5682.8
600726.SH,2004-07-02,6.68,6.79,6.65,6.68,2435.02,1632.87
600726.SH,2004-07-05,6.68,6.68,6.56,6.63,1063.0,701.57
600726.SH,2004-07-06,6.68,6.78,6.61,6.67,3756.0,2516.34
600726.SH,2004-07-07,6.67,6.67,6.54,6.54,1449.66,953.87
600726.SH,2004-07-08,6.76,6.76,6.48,6.51,1307.5,850.62
600726.SH,2004-07-09,6.53,6.53,6.35,6.49,6645.56,4289.64
600726.SH,2004-07-12,6.44,6.45,6.35,6.39,1587.8,1017.51
600726.SH,2004-07-13,6.39,6.39,6.28,6.3,2442.0,1549.82
600726.SH,2004-07-14,6.35,6.35,6.19,6.24,1526.21,951.03
600726.SH,2004-07-15,6.21,6.35,6.05,6.19,5851.0,3638.08
600726.SH,2004-07-16,6.28,6.36,6.19,6.35,20868.02,13111.02
600726.SH,2004-07-19,6.3,6.4,6.29,6.29,7548.0,4769.6
600726.SH,2004-07-20,6.26,6.26,6.03,6.04,7239.0,4433.04
600726.SH,2004-07-21,6.05,6.29,6.05,6.2,20267.04,12534.88
600726.SH,2004-07-22,6.28,6.28,6.09,6.12,6060.89,3719.32
600726.SH,2004-07-23,6.12,6.12,5.9,5.95,16318.85,9723.81
600726.SH,2004-07-26,5.91,5.92,5.72,5.8,13691.5,7911.68
600726.SH,2004-07-27,5.85,5.86,5.7,5.78,7743.67,4477.05
600726.SH,2004-07-28,5.84,5.84,5.7,5.79,8568.19,4931.3
600726.SH,2004-07-29,5.79,5.92,5.75,5.92,7884.76,4592.53
600726.SH,2004-07-30,5.92,5.95,5.74,5.75,4970.13,2891.48
600726.SH,2004-08-02,5.63,5.73,5.63,5.69,4020.47,2279.23
600726.SH,2004-08-03,5.69,5.75,5.64,5.64,4351.8,2470.27
600726.SH,2004-08-04,5.7,5.95,5.63,5.81,9768.4,5665.4
600726.SH,2004-08-05,5.81,5.87,5.75,5.79,3286.0,1911.11
600726.SH,2004-08-06,5.79,5.79,5.68,5.74,3834.53,2192.53
600726.SH,2004-08-09,5.84,5.89,5.75,5.81,6367.2,3700.94
600726.SH,2004-08-10,5.87,5.87,5.7,5.87,7221.52,4181.93
600726.SH,2004-08-11,5.86,5.86,5.76,5.85,2936.51,1709.55
600726.SH,2004-08-12,5.84,5.84,5.7,5.76,3651.4,2096.88
600726.SH,2004-08-13,5.76,5.85,5.7,5.85,3185.13,1848.54
600726.SH,2004-08-16,5.83,5.92,5.83,5.9,8326.94,4904.21
600726.SH,2004-08-17,5.9,5.9,5.8,5.86,3208.12,1883.59
600726.SH,2004-08-18,5.89,5.93,5.85,5.92,4688.8,2764.77
600726.SH,2004-08-19,5.93,5.95,5.84,5.9,6472.91,3818.22
600726.SH,2004-08-20,5.88,5.93,5.79,5.86,2240.2,1308.3
600726.SH,2004-08-23,5.84,5.84,5.68,5.68,3683.0,2102.43
600726.SH,2004-08-24,5.68,5.93,5.64,5.92,11832.56,6887.07
600726.SH,2004-08-25,5.88,5.94,5.82,5.89,4353.54,2564.26
600726.SH,2004-08-26,5.92,5.92,5.78,5.88,2984.93,1741.62
600726.SH,2004-08-27,5.94,5.94,5.76,5.88,3111.0,1809.42
600726.SH,2004-08-30,5.9,5.92,5.82,5.9,4987.23,2937.14
600726.SH,2004-08-31,5.99,6.2,5.9,6.0,10076.81,6056.97
600726.SH,2004-09-01,5.96,5.96,5.9,5.91,2681.08,1587.11
600726.SH,2004-09-02,5.9,5.94,5.78,5.9,3643.38,2131.51
600726.SH,2004-09-03,5.95,5.95,5.88,5.9,2752.49,1629.8
600726.SH,2004-09-06,5.9,5.9,5.8,5.8,2027.45,1180.93
600726.SH,2004-09-07,5.8,5.85,5.76,5.81,2243.17,1302.05
600726.SH,2004-09-08,5.8,5.85,5.76,5.78,2281.0,1319.92
600726.SH,2004-09-09,5.76,5.78,5.7,5.78,3268.97,1870.56
600726.SH,2004-09-10,5.7,5.85,5.61,5.8,8131.28,4625.66
600726.SH,2004-09-13,5.67,5.75,5.64,5.64,1379.47,783.24
600726.SH,2004-09-14,5.7,5.8,5.63,5.7,15261.0,8664.18
600726.SH,2004-09-15,5.73,6.0,5.7,5.94,39087.98,23004.31
600726.SH,2004-09-16,5.97,6.04,5.89,5.98,17651.17,10530.89
600726.SH,2004-09-17,6.0,6.23,5.99,6.19,29748.75,18278.23
600726.SH,2004-09-20,6.25,6.36,6.15,6.35,26849.7,16782.3
600726.SH,2004-09-21,6.36,6.39,6.22,6.25,22824.24,14346.31
600726.SH,2004-09-22,6.25,6.49,6.18,6.24,28329.4,17839.01
600726.SH,2004-09-23,6.12,6.27,6.09,6.24,14928.57,9215.68
600726.SH,2004-09-24,6.33,6.47,6.23,6.32,50236.52,31793.09
600726.SH,2004-09-27,6.31,6.4,6.15,6.17,15138.69,9505.26
600726.SH,2004-09-28,6.17,6.23,6.06,6.2,13747.18,8440.3
600726.SH,2004-09-29,6.2,6.31,6.18,6.19,10215.5,6374.47
600726.SH,2004-09-30,6.2,6.23,6.11,6.15,6624.6,4084.0
600726.SH,2004-10-08,6.12,6.28,6.01,6.26,7780.87,4756.61
600726.SH,2004-10-11,6.27,6.28,5.82,5.95,34026.98,20557.92
600726.SH,2004-10-12,5.95,5.95,5.76,5.83,13227.93,7694.89
600726.SH,2004-10-13,5.8,6.01,5.78,5.9,7023.78,4130.03
600726.SH,2004-10-14,5.9,5.95,5.62,5.63,8416.4,4804.71
600726.SH,2004-10-15,5.89,5.9,5.43,5.54,17968.67,10205.32
600726.SH,2004-10-18,5.56,5.56,5.2,5.41,12325.83,6546.27
600726.SH,2004-10-19,5.41,5.7,5.3,5.48,23286.35,12767.19
600726.SH,2004-10-20,5.43,5.48,5.18,5.43,27110.0,14444.63
600726.SH,2004-10-21,5.25,5.42,5.0,5.12,13297.54,6947.09
600726.SH,2004-10-22,5.1,5.15,4.96,5.11,10108.37,5116.98
600726.SH,2004-10-25,5.15,5.23,5.0,5.19,13059.36,6692.86
600726.SH,2004-10-26,5.17,5.25,4.96,5.22,17645.86,8976.93
600726.SH,2004-10-27,5.2,5.33,5.12,5.31,11923.49,6222.51
600726.SH,2004-10-28,5.36,5.5,5.31,5.36,15673.62,8466.46
600726.SH,2004-10-29,5.26,5.29,5.13,5.23,7675.14,4006.55
600726.SH,2004-11-01,5.16,5.25,5.12,5.18,4104.21,2122.07
600726.SH,2004-11-02,5.2,5.2,5.1,5.19,1826.46,939.06
600726.SH,2004-11-03,5.21,5.32,5.15,5.31,3881.24,2032.87
600726.SH,2004-11-04,5.32,5.35,5.21,5.27,2714.73,1434.08
600726.SH,2004-11-05,5.2,5.27,5.18,5.26,3018.6,1574.3
600726.SH,2004-11-08,5.19,5.25,5.15,5.21,1299.84,673.89
600726.SH,2004-11-09,5.16,5.21,5.13,5.19,2257.41,1167.15
600726.SH,2004-11-10,5.19,5.48,5.13,5.47,12356.4,6641.67
600726.SH,2004-11-11,5.57,5.73,5.55,5.61,38119.76,21581.04
600726.SH,2004-11-12,5.6,5.65,5.49,5.61,8677.46,4818.86
600726.SH,2004-11-15,5.61,5.65,5.51,5.64,4421.46,2481.81
600726.SH,2004-11-16,5.6,5.68,5.55,5.62,3907.93,2190.8
600726.SH,2004-11-17,5.65,5.65,5.54,5.6,3892.36,2170.16
600726.SH,2004-11-18,5.56,5.59,5.48,5.57,4605.62,2544.78
600726.SH,2004-11-19,5.57,5.58,5.51,5.57,3278.2,1818.98
600726.SH,2004-11-22,5.56,5.7,5.56,5.66,8159.25,4613.63
600726.SH,2004-11-23,5.62,5.66,5.55,5.56,4786.63,2677.79
600726.SH,2004-11-24,5.53,5.58,5.48,5.53,6178.67,3411.96
600726.SH,2004-11-25,5.54,5.6,5.41,5.57,5223.47,2902.83
600726.SH,2004-11-26,5.58,5.67,5.58,5.63,5767.52,3250.76
600726.SH,2004-11-29,5.55,5.7,5.5,5.67,10260.88,5824.06
600726.SH,2004-11-30,5.69,5.7,5.6,5.7,6474.25,3668.93
600726.SH,2004-12-01,5.73,5.73,5.6,5.66,2839.97,1601.59
600726.SH,2004-12-02,5.62,5.64,5.5,5.63,3846.47,2134.86
600726.SH,2004-12-03,5.65,5.66,5.46,5.46,6973.2,3855.78
600726.SH,2004-12-06,5.48,5.59,5.46,5.46,3597.9,1981.13
600726.SH,2004-12-07,5.46,5.51,5.17,5.17,10068.7,5303.54
600726.SH,2004-12-08,5.15,5.28,5.15,5.19,3643.15,1893.0
600726.SH,2004-12-09,5.2,5.3,5.16,5.27,3366.73,1765.42
600726.SH,2004-12-10,5.22,5.26,5.13,5.2,4165.4,2160.94
600726.SH,2004-12-13,5.15,5.2,5.11,5.16,1868.0,961.92
600726.SH,2004-12-14,5.12,5.19,5.12,5.16,1265.4,654.23
600726.SH,2004-12-15,5.16,5.19,5.12,5.18,2262.21,1163.63
600726.SH,2004-12-16,5.2,5.24,5.19,5.2,2494.64,1298.7
600726.SH,2004-12-17,5.2,5.2,4.98,5.06,6884.03,3477.7
600726.SH,2004-12-20,5.06,5.1,4.98,5.08,4079.0,2067.18
600726.SH,2004-12-21,5.06,5.12,5.05,5.09,1156.0,588.25
600726.SH,2004-12-22,5.09,5.18,5.05,5.17,3059.77,1563.39
600726.SH,2004-12-23,5.12,5.17,5.08,5.09,3226.7,1654.29
600726.SH,2004-12-24,5.1,5.11,5.02,5.06,1851.0,936.65
600726.SH,2004-12-28,5.08,5.08,4.68,4.94,8492.43,4191.86
600726.SH,2004-12-29,4.84,4.95,4.7,4.75,6999.95,3358.77
600726.SH,2004-12-30,4.75,4.76,4.6,4.68,6022.87,2804.43
600726.SH,2004-12-31,4.67,4.7,4.64,4.69,2046.24,955.61
600726.SH,2005-01-04,4.61,4.69,4.53,4.55,1673.0,767.98
600726.SH,2005-01-05,4.53,4.6,4.44,4.59,4897.24,2215.39
600726.SH,2005-01-06,4.6,4.6,4.46,4.54,2484.73,1116.77
600726.SH,2005-01-07,4.53,4.6,4.47,4.54,1774.34,804.54
600726.SH,2005-01-10,4.59,4.59,4.47,4.55,1674.01,755.88
600726.SH,2005-01-11,4.55,4.6,4.52,4.56,1260.84,572.55
600726.SH,2005-01-12,4.55,4.74,4.53,4.7,5975.73,2787.66
600726.SH,2005-01-13,4.73,4.8,4.67,4.7,7417.8,3508.8
600726.SH,2005-01-14,4.7,4.7,4.54,4.55,3582.71,1657.09
600726.SH,2005-01-17,4.45,4.46,4.11,4.22,8161.51,3454.03
600726.SH,2005-01-18,4.18,4.2,3.94,4.1,38206.82,15284.15
600726.SH,2005-01-19,4.02,4.05,3.96,4.0,17395.63,6955.46
600726.SH,2005-01-20,3.95,3.95,3.83,3.93,26285.18,10217.72
600726.SH,2005-01-21,3.93,4.14,3.86,4.04,35407.47,14161.94
600726.SH,2005-01-24,4.15,4.22,4.04,4.1,23546.46,9655.88
600726.SH,2005-01-25,4.08,4.08,3.95,3.99,19275.0,7689.57
600726.SH,2005-01-26,3.97,3.99,3.88,3.93,21318.69,8374.69
600726.SH,2005-01-27,3.95,4.03,3.93,4.01,55045.43,21876.3
600726.SH,2005-01-28,4.03,4.04,3.89,3.92,25775.2,10222.07
600726.SH,2005-01-31,3.9,3.92,3.83,3.84,11884.29,4592.48
600726.SH,2005-02-01,3.83,4.09,3.8,4.07,45199.76,17984.23
600726.SH,2005-02-02,4.08,4.41,4.02,4.31,70688.8,29599.85
600726.SH,2005-02-03,4.3,4.35,4.08,4.09,95244.99,39882.98
600726.SH,2005-02-04,4.05,4.05,3.9,4.0,46554.73,18488.41
600726.SH,2005-02-16,3.99,4.13,3.99,4.07,19493.32,7949.78
600726.SH,2005-02-17,4.1,4.12,4.05,4.12,16581.9,6791.81
600726.SH,2005-02-18,4.12,4.12,4.02,4.03,12785.97,5208.09
600726.SH,2005-02-21,4.03,4.15,4.03,4.12,13992.25,5737.41
600726.SH,2005-02-22,4.14,4.28,4.1,4.27,41549.15,17479.11
600726.SH,2005-02-23,4.38,4.53,4.35,4.44,109777.04,48892.87
600726.SH,2005-02-24,4.4,4.43,4.31,4.42,30016.88,13108.46
600726.SH,2005-02-25,4.38,4.55,4.37,4.43,38443.55,17206.33
600726.SH,2005-02-28,4.37,4.43,4.32,4.39,24361.02,10622.73
600726.SH,2005-03-01,4.37,4.37,4.27,4.34,18143.97,7835.25
600726.SH,2005-03-02,4.34,4.44,4.31,4.36,19870.39,8672.13
600726.SH,2005-03-03,4.35,4.42,4.32,4.42,15137.88,6622.31
600726.SH,2005-03-04,4.44,4.5,4.39,4.4,18639.46,8280.44
600726.SH,2005-03-07,4.44,4.46,4.32,4.33,12933.3,5637.94
600726.SH,2005-03-08,4.29,4.39,4.29,4.37,14139.85,6135.56
600726.SH,2005-03-09,4.4,4.42,4.32,4.36,12362.25,5398.19
600726.SH,2005-03-10,4.38,4.43,4.28,4.41,29883.9,13067.16
600726.SH,2005-03-11,4.42,4.56,4.33,4.54,58851.3,26335.37
600726.SH,2005-03-14,4.51,4.52,4.35,4.39,24459.13,10815.2
600726.SH,2005-03-15,4.36,4.4,4.32,4.32,13671.13,5938.03
600726.SH,2005-03-16,4.32,4.32,3.97,4.0,20918.18,8665.09
600726.SH,2005-03-17,3.96,4.07,3.95,4.0,11227.49,4495.23
600726.SH,2005-03-18,4.01,4.04,3.83,3.86,11857.46,4648.79
600726.SH,2005-03-21,3.86,3.92,3.84,3.89,6060.47,2352.9
600726.SH,2005-03-22,3.88,3.93,3.65,3.68,17507.98,6525.52
600726.SH,2005-03-23,3.7,3.75,3.57,3.65,7958.89,2918.91
600726.SH,2005-03-24,3.65,3.74,3.61,3.66,5681.07,2087.82
600726.SH,2005-03-25,3.8,3.8,3.64,3.69,8497.2,3127.63
600726.SH,2005-03-28,3.65,3.7,3.59,3.7,5659.57,2052.15
600726.SH,2005-03-29,3.72,3.72,3.67,3.68,4745.0,1753.23
600726.SH,2005-03-30,3.67,3.67,3.58,3.58,6052.06,2186.32
600726.SH,2005-03-31,3.6,3.6,3.5,3.56,5613.06,1983.7
600726.SH,2005-04-01,3.56,3.75,3.37,3.67,19196.52,6752.01
600726.SH,2005-04-04,3.65,3.74,3.59,3.66,14931.5,5477.02
600726.SH,2005-04-05,3.66,3.7,3.64,3.67,7968.68,2922.06
600726.SH,2005-04-06,3.68,3.85,3.67,3.78,13480.34,5069.02
600726.SH,2005-04-07,3.79,3.86,3.73,3.77,17374.15,6621.89
600726.SH,2005-04-08,3.78,3.9,3.72,3.88,19337.72,7417.28
600726.SH,2005-04-11,3.88,3.88,3.8,3.82,12081.65,4629.8
600726.SH,2005-04-12,3.81,3.81,3.69,3.69,7608.0,2847.64
600726.SH,2005-04-13,3.78,3.84,3.75,3.78,10205.73,3860.65
600726.SH,2005-04-14,3.78,3.83,3.68,3.68,8587.64,3232.44
600726.SH,2005-04-15,3.68,3.68,3.55,3.55,8100.08,2911.94
600726.SH,2005-04-18,3.55,3.55,3.37,3.42,11266.13,3857.02
600726.SH,2005-04-19,3.45,3.52,3.45,3.5,5733.93,1998.76
600726.SH,2005-04-20,3.41,3.49,3.4,3.44,4689.99,1614.24
600726.SH,2005-04-21,3.44,3.45,3.28,3.28,8845.2,2958.84
600726.SH,2005-04-22,3.29,3.34,3.23,3.26,7689.04,2517.37
600726.SH,2005-04-25,3.29,3.36,3.16,3.35,10079.21,3308.08
600726.SH,2005-04-26,3.32,3.44,3.3,3.42,10959.44,3714.19
600726.SH,2005-04-27,3.4,3.49,3.25,3.41,8705.1,2982.49
600726.SH,2005-04-28,3.33,3.48,3.33,3.46,5820.56,2001.04
600726.SH,2005-05-09,3.55,3.55,3.3,3.32,3539.92,1204.78
600726.SH,2005-05-10,3.32,3.32,3.18,3.28,5297.64,1712.5
600726.SH,2005-05-11,3.29,3.3,3.18,3.2,4032.7,1310.05
600726.SH,2005-05-12,3.11,3.22,3.11,3.19,4031.43,1280.55
600726.SH,2005-05-13,3.18,3.23,3.14,3.23,6731.06,2145.1
600726.SH,2005-05-16,3.18,3.26,3.16,3.25,7275.25,2336.65
600726.SH,2005-05-17,3.26,3.27,3.2,3.26,9460.89,3065.29
600726.SH,2005-05-18,3.26,3.29,3.23,3.28,3916.31,1273.65
600726.SH,2005-05-19,3.28,3.28,3.22,3.27,2599.86,844.96
600726.SH,2005-05-20,3.26,3.27,3.22,3.24,3891.0,1263.28
600726.SH,2005-05-23,3.2,3.26,3.15,3.15,3382.0,1079.41
600726.SH,2005-05-24,3.17,3.22,3.14,3.21,2896.08,920.78
600726.SH,2005-05-25,3.21,3.25,3.16,3.22,2106.6,677.18
600726.SH,2005-05-26,3.24,3.24,3.15,3.16,2957.66,939.38
600726.SH,2005-05-27,3.15,3.21,3.15,3.19,3544.32,1127.76
600726.SH,2005-05-30,3.19,3.25,3.16,3.23,3091.57,993.28
600726.SH,2005-05-31,3.23,3.27,3.19,3.23,5543.0,1792.7
600726.SH,2005-06-01,3.21,3.23,3.15,3.15,2968.42,942.64
600726.SH,2005-06-02,3.05,3.19,3.01,3.03,4671.33,1428.76
600726.SH,2005-06-03,3.03,3.06,3.01,3.02,2446.21,741.95
600726.SH,2005-06-06,3.01,3.02,2.91,3.0,8248.3,2445.5
600726.SH,2005-06-07,3.0,3.09,3.0,3.02,6262.49,1894.46
600726.SH,2005-06-08,3.2,3.29,3.1,3.27,16179.71,5194.49
600726.SH,2005-06-09,3.27,3.5,3.23,3.41,37285.12,12632.53
600726.SH,2005-06-10,3.39,3.43,3.3,3.31,21405.25,7180.94
600726.SH,2005-06-13,3.31,3.38,3.21,3.3,8010.98,2620.06
600726.SH,2005-06-14,3.31,3.36,3.22,3.22,4772.1,1564.72
600726.SH,2005-06-15,3.22,3.23,3.07,3.08,7990.69,2501.84
600726.SH,2005-06-16,3.08,3.13,3.07,3.12,3988.94,1238.67
600726.SH,2005-06-17,3.17,3.17,3.09,3.13,4585.09,1430.69
600726.SH,2005-06-20,3.07,3.18,3.01,3.15,7289.19,2272.74
600726.SH,2005-06-21,3.15,3.21,3.11,3.17,6036.53,1910.97
600726.SH,2005-06-22,3.17,3.24,3.14,3.18,3746.99,1189.62
600726.SH,2005-06-23,3.18,3.18,3.1,3.11,3306.0,1036.29
600726.SH,2005-06-24,3.1,3.14,3.04,3.11,10312.51,3167.18
600726.SH,2005-06-27,3.1,3.23,3.1,3.21,18026.8,5732.55
600726.SH,2005-06-28,3.18,3.18,3.12,3.12,4241.0,1332.13
600726.SH,2005-06-29,3.12,3.14,3.07,3.08,4956.0,1536.79
600726.SH,2005-06-30,3.09,3.1,2.96,2.98,10521.65,3161.06
600726.SH,2005-07-01,2.95,2.98,2.78,2.83,12808.74,3692.29
600726.SH,2005-07-04,2.82,2.82,2.68,2.79,7460.08,2043.85
600726.SH,2005-07-05,2.79,2.83,2.74,2.77,4837.29,1342.24
600726.SH,2005-07-06,2.82,2.83,2.7,2.76,4775.04,1312.51
600726.SH,2005-07-07,2.76,2.8,2.71,2.77,5099.85,1404.16
600726.SH,2005-07-08,2.78,2.78,2.67,2.67,3934.0,1058.05
600726.SH,2005-07-11,2.72,2.76,2.64,2.65,3484.0,941.03
600726.SH,2005-07-12,2.65,2.78,2.6,2.74,19440.09,5301.78
600726.SH,2005-07-13,2.74,2.83,2.74,2.8,14314.05,3996.19
600726.SH,2005-07-14,2.81,2.89,2.8,2.87,27548.54,7840.96
600726.SH,2005-07-15,2.87,2.89,2.79,2.86,13428.75,3802.47
600726.SH,2005-07-18,2.86,2.86,2.8,2.85,8107.14,2294.86
600726.SH,2005-07-19,2.85,2.96,2.85,2.96,15312.97,4461.74
600726.SH,2005-07-20,2.97,3.0,2.91,2.99,10218.51,3024.37
600726.SH,2005-07-21,2.99,2.99,2.93,2.99,8962.0,2650.63
600726.SH,2005-07-22,2.98,3.15,2.95,3.13,27973.61,8563.3
600726.SH,2005-07-25,3.12,3.14,3.08,3.13,15676.59,4871.07
600726.SH,2005-07-26,3.1,3.16,3.1,3.14,9184.92,2890.17
600726.SH,2005-07-27,3.11,3.2,3.08,3.19,13807.91,4341.44
600726.SH,2005-07-28,3.18,3.22,3.15,3.17,8603.85,2737.42
600726.SH,2005-07-29,3.15,3.19,3.08,3.14,8427.33,2643.02
600726.SH,2005-08-01,3.11,3.28,3.1,3.27,13977.37,4519.3
600726.SH,2005-08-02,3.27,3.41,3.26,3.4,33986.02,11421.87
600726.SH,2005-08-03,3.48,3.5,3.36,3.41,46382.79,15831.78
600726.SH,2005-08-04,3.45,3.55,3.31,3.37,27158.29,9196.28
600726.SH,2005-08-05,3.37,3.41,3.31,3.4,19771.88,6683.14
600726.SH,2005-08-08,3.38,3.45,3.34,3.38,14051.87,4740.32
600726.SH,2005-08-09,3.36,3.42,3.33,3.39,10485.47,3539.82
600726.SH,2005-08-10,3.4,3.42,3.34,3.39,12143.5,4098.98
600726.SH,2005-08-11,3.38,3.56,3.38,3.56,39281.48,13600.54
600726.SH,2005-08-12,3.55,3.57,3.41,3.44,25679.21,8918.86
600726.SH,2005-08-15,3.43,3.49,3.36,3.45,11238.17,3829.35
600726.SH,2005-08-16,3.45,3.49,3.28,3.33,21327.81,7161.1
600726.SH,2005-08-17,3.33,3.4,3.22,3.39,17414.52,5717.78
600726.SH,2005-08-18,3.39,3.41,3.22,3.24,21721.08,7283.28
600726.SH,2005-08-19,3.25,3.34,3.22,3.28,15714.75,5146.87
600726.SH,2005-08-22,3.28,3.39,3.26,3.36,15657.79,5242.3
600726.SH,2005-08-23,3.42,3.45,3.32,3.37,27436.36,9304.99
600726.SH,2005-08-24,3.33,3.41,3.32,3.38,10693.1,3604.83
600726.SH,2005-08-25,3.38,3.4,3.32,3.35,7531.6,2527.17
600726.SH,2005-08-26,3.35,3.37,3.32,3.37,6853.03,2291.1
600726.SH,2005-08-29,3.38,3.4,3.25,3.28,12462.5,4099.16
600726.SH,2005-08-30,3.23,3.3,3.22,3.24,9191.54,2992.11
600726.SH,2005-08-31,3.24,3.32,3.21,3.31,11548.49,3774.81
600726.SH,2005-09-01,3.37,3.38,3.3,3.38,17900.55,5998.05
600726.SH,2005-09-02,3.4,3.44,3.36,3.43,31665.18,10761.33
600726.SH,2005-09-05,3.49,3.49,3.43,3.45,36474.26,12619.76
600726.SH,2005-09-06,3.47,3.48,3.33,3.37,16890.83,5739.69
600726.SH,2005-09-07,3.37,3.42,3.31,3.42,18305.48,6167.94
600726.SH,2005-09-08,3.47,3.58,3.46,3.5,67278.97,23686.59
600726.SH,2005-09-09,3.5,3.51,3.42,3.43,11104.6,3842.08
600726.SH,2005-09-12,3.42,3.47,3.36,3.43,6019.69,2053.56
600726.SH,2005-09-13,3.39,3.47,3.38,3.47,13002.34,4479.59
600726.SH,2005-09-15,3.53,3.58,3.47,3.56,44409.37,15636.95
600726.SH,2005-09-16,3.58,3.58,3.49,3.51,16080.1,5659.11
600726.SH,2005-09-19,3.49,3.69,3.44,3.66,58011.52,20825.47
600726.SH,2005-09-20,3.66,3.83,3.58,3.81,135687.61,50238.73
600726.SH,2005-09-21,3.73,3.74,3.57,3.58,72700.35,26591.78
600726.SH,2005-09-22,3.55,3.58,3.36,3.42,35263.2,12155.14
600726.SH,2005-09-23,3.41,3.46,3.33,3.34,18220.7,6170.84
600726.SH,2005-09-26,3.34,3.37,3.31,3.37,9213.79,3074.56
600726.SH,2005-09-27,3.37,3.38,3.23,3.28,15841.86,5196.35
600726.SH,2005-09-28,3.27,3.3,3.22,3.27,9047.65,2954.21
600726.SH,2005-09-29,3.27,3.33,3.27,3.31,10387.73,3432.84
600726.SH,2005-09-30,3.31,3.37,3.3,3.34,10244.28,3418.7
600726.SH,2005-10-10,3.3,3.38,3.28,3.31,6424.28,2138.5
600726.SH,2005-10-11,3.29,3.35,3.22,3.34,9635.91,3178.78
600726.SH,2005-10-12,3.34,3.43,3.29,3.4,13873.13,4654.47
600726.SH,2005-10-13,3.41,3.41,3.33,3.34,7274.01,2441.92
600726.SH,2005-10-14,3.33,3.33,3.25,3.27,7231.1,2374.49
600726.SH,2005-10-17,3.22,3.29,3.22,3.26,6966.15,2257.63
600726.SH,2005-10-18,3.24,3.35,3.2,3.3,9408.76,3093.81
600726.SH,2005-10-19,3.28,3.33,3.22,3.28,12222.7,3989.21
600726.SH,2005-10-20,3.23,3.24,3.12,3.2,14817.5,4723.1
600726.SH,2005-10-21,3.2,3.25,3.16,3.23,9999.13,3201.65
600726.SH,2005-10-24,3.2,3.28,3.19,3.27,9469.63,3062.31
600726.SH,2005-10-25,3.28,3.33,3.22,3.29,25676.25,8451.53
600726.SH,2005-10-26,3.31,3.31,3.04,3.08,33628.0,10675.54
600726.SH,2005-10-27,3.1,3.1,3.03,3.03,22010.44,6722.67
600726.SH,2005-10-28,3.05,3.07,2.91,2.98,11668.66,3482.1
600726.SH,2005-10-31,3.0,3.02,2.96,3.01,5863.76,1755.35
600726.SH,2005-11-01,3.03,3.03,2.88,2.93,8923.37,2602.32
600726.SH,2005-11-02,2.95,3.05,2.95,3.03,12735.73,3841.45
600726.SH,2005-11-03,3.04,3.06,2.94,2.97,8715.74,2606.39
600726.SH,2005-11-04,2.98,3.02,2.96,3.01,7082.8,2117.27
600726.SH,2005-11-07,3.02,3.06,3.01,3.04,6060.99,1839.65
600726.SH,2005-11-08,3.04,3.08,3.03,3.07,7467.57,2279.4
600726.SH,2005-11-09,3.05,3.09,3.01,3.02,6514.9,1977.35
600726.SH,2005-11-10,3.01,3.04,2.91,2.99,10983.72,3242.98
600726.SH,2005-11-11,2.99,3.1,2.98,3.09,21635.79,6613.5
600726.SH,2005-11-14,3.1,3.11,3.02,3.05,10339.0,3167.48
600726.SH,2005-11-15,3.04,3.07,3.01,3.02,4716.99,1429.7
600726.SH,2005-11-16,3.02,3.02,2.95,3.0,6958.42,2072.41
600726.SH,2005-11-17,3.01,3.05,2.98,3.0,4083.94,1230.14
600726.SH,2005-11-18,3.0,3.09,2.99,3.08,17627.0,5378.76
600726.SH,2005-11-21,3.1,3.17,3.1,3.12,21031.24,6589.03
600726.SH,2005-11-22,3.1,3.12,3.04,3.04,9667.0,2968.56
600726.SH,2005-11-23,3.03,3.06,3.02,3.04,6830.0,2076.87
600726.SH,2005-11-24,3.06,3.09,3.04,3.06,5573.5,1705.25
600726.SH,2005-11-25,3.04,3.07,3.03,3.06,4514.12,1374.52
600726.SH,2005-11-28,3.02,3.06,3.02,3.05,4844.23,1471.82
600726.SH,2005-11-29,3.03,3.03,2.98,3.01,5479.67,1649.87
600726.SH,2005-11-30,3.0,3.05,2.95,3.04,9513.09,2833.5
600726.SH,2005-12-01,3.02,3.08,2.99,3.07,7971.77,2421.03
600726.SH,2005-12-02,3.05,3.06,3.02,3.05,4220.0,1285.28
600726.SH,2005-12-05,3.01,3.01,2.92,2.94,8432.25,2478.33
600726.SH,2005-12-06,2.94,2.94,2.9,2.94,4984.63,1456.77
600726.SH,2005-12-07,2.93,2.98,2.9,2.96,8377.33,2460.36
600726.SH,2005-12-08,2.97,2.97,2.93,2.95,7215.32,2129.28
600726.SH,2005-12-09,2.94,2.99,2.92,2.98,7370.67,2178.01
600726.SH,2005-12-12,2.99,3.01,2.96,3.0,7033.04,2105.96
600726.SH,2005-12-13,3.01,3.01,2.95,3.01,7232.17,2156.59
600726.SH,2005-12-14,3.0,3.0,2.94,3.0,7971.43,2372.36
600726.SH,2005-12-15,3.02,3.04,2.98,2.98,13042.74,3929.78
600726.SH,2005-12-16,2.98,3.02,2.98,3.01,5387.67,1613.98
600726.SH,2005-12-19,3.0,3.02,2.98,3.02,4035.69,1209.73
600726.SH,2005-12-20,3.02,3.02,2.98,3.01,6097.0,1828.0
600726.SH,2005-12-21,3.28,3.29,3.08,3.09,32072.94,10037.34
600726.SH,2005-12-22,3.1,3.12,3.07,3.09,10442.01,3227.66
600726.SH,2005-12-23,3.09,3.12,3.06,3.12,11310.67,3496.73
600726.SH,2005-12-26,3.09,3.14,3.08,3.14,12482.94,3880.92
600726.SH,2005-12-27,3.14,3.14,3.1,3.13,7379.7,2304.22
600726.SH,2005-12-28,3.13,3.13,3.09,3.11,4893.3,1517.54
600726.SH,2005-12-29,3.09,3.12,3.09,3.1,8242.68,2553.6
600726.SH,2005-12-30,3.1,3.13,3.09,3.13,9838.77,3056.39
600726.SH,2006-01-04,3.06,3.15,3.06,3.14,13491.55,4210.34
600726.SH,2006-01-05,3.15,3.15,3.1,3.14,15472.59,4843.66
600726.SH,2006-01-06,3.14,3.2,3.13,3.16,20920.52,6625.71
600726.SH,2006-01-09,3.16,3.21,3.15,3.21,16642.41,5313.4
600726.SH,2006-01-10,3.22,3.22,3.18,3.21,11950.38,3814.85
600726.SH,2006-01-11,3.21,3.22,3.15,3.16,11148.0,3539.49
600726.SH,2006-01-12,3.14,3.19,3.14,3.19,15650.72,4963.66
600726.SH,2006-01-13,3.2,3.26,3.19,3.23,24490.94,7889.84
600726.SH,2006-01-16,3.25,3.27,3.17,3.18,13271.0,4274.99
600726.SH,2006-01-17,3.17,3.18,3.13,3.14,11603.01,3652.88
600726.SH,2006-01-18,3.13,3.2,3.13,3.19,10025.26,3182.78
600726.SH,2006-01-19,3.18,3.24,3.17,3.23,15775.71,5074.6
600726.SH,2006-01-20,3.23,3.26,3.21,3.24,16807.94,5446.25
600726.SH,2006-01-23,3.24,3.24,3.18,3.21,13374.2,4288.54
600726.SH,2006-01-24,3.21,3.21,3.16,3.18,18694.91,5957.33
600726.SH,2006-01-25,3.17,3.21,3.13,3.16,13000.27,4108.16
600726.SH,2006-02-06,3.16,3.2,3.14,3.2,17267.62,5465.65
600726.SH,2006-02-07,3.2,3.24,3.18,3.22,20630.28,6623.79
600726.SH,2006-02-08,3.22,3.32,3.22,3.29,32833.72,10724.52
600726.SH,2006-02-09,3.3,3.37,3.26,3.28,46379.29,15370.72
600726.SH,2006-02-10,3.3,3.36,3.27,3.33,39677.92,13184.07
600726.SH,2006-02-13,3.33,3.38,3.33,3.36,25724.16,8616.85
600726.SH,2006-02-14,3.36,3.36,3.29,3.3,20893.4,6914.78
600726.SH,2006-02-15,3.29,3.33,3.28,3.3,17984.9,5936.3
600726.SH,2006-02-16,3.3,3.3,3.17,3.18,23979.22,7698.31
600726.SH,2006-02-17,3.17,3.19,3.14,3.15,15728.2,4963.37
600726.SH,2006-02-20,3.15,3.18,3.13,3.16,10818.82,3412.11
600726.SH,2006-02-21,3.16,3.22,3.12,3.21,13791.35,4388.96
600726.SH,2006-02-22,3.21,3.24,3.17,3.2,15406.48,4937.93
600726.SH,2006-02-23,3.18,3.2,3.14,3.19,11436.53,3616.51
600726.SH,2006-02-24,3.19,3.21,3.15,3.2,9026.13,2878.47
600726.SH,2006-02-27,3.2,3.22,3.17,3.19,11674.92,3730.93
600726.SH,2006-02-28,3.17,3.2,3.14,3.19,5713.92,1807.59
600726.SH,2006-03-01,3.19,3.22,3.18,3.22,15683.05,5009.41
600726.SH,2006-03-02,3.21,3.3,3.2,3.23,40248.37,13132.2
600726.SH,2006-03-03,3.21,3.28,3.17,3.26,20360.46,6577.97
600726.SH,2006-03-06,3.25,3.34,3.23,3.3,31174.89,10275.26
600726.SH,2006-03-07,3.28,3.29,3.15,3.2,21590.55,6951.25
600726.SH,2006-03-08,3.2,3.2,3.16,3.19,13044.33,4147.38
600726.SH,2006-03-09,3.17,3.2,3.15,3.15,5405.2,1714.15
600726.SH,2006-03-10,3.14,3.17,3.13,3.15,8398.47,2642.04
600726.SH,2006-03-13,3.16,3.21,3.16,3.21,15360.62,4906.05
600726.SH,2006-03-14,3.22,3.23,3.16,3.22,15050.17,4811.73
600726.SH,2006-03-15,3.23,3.26,3.22,3.24,17636.93,5711.92
600726.SH,2006-03-16,3.27,3.27,3.22,3.25,24606.38,7964.1
600726.SH,2006-03-17,3.22,3.25,3.18,3.19,7398.2,2371.78
600726.SH,2006-03-20,3.19,3.24,3.18,3.23,7469.79,2398.4
600726.SH,2006-03-21,3.24,3.24,3.2,3.21,11389.0,3664.38
600726.SH,2006-03-22,3.2,3.21,3.18,3.2,9227.36,2944.29
600726.SH,2006-03-23,3.2,3.23,3.18,3.23,13261.54,4251.32
600726.SH,2006-03-24,3.23,3.25,3.17,3.18,12473.69,3985.3
600726.SH,2006-03-27,3.16,3.18,3.05,3.13,22041.17,6868.96
600726.SH,2006-03-28,3.12,3.13,3.08,3.12,19308.47,5991.19
600726.SH,2006-03-29,3.12,3.16,3.11,3.14,11793.15,3704.34
600726.SH,2006-03-30,3.13,3.15,3.11,3.11,10068.97,3145.19
600726.SH,2006-03-31,3.1,3.12,3.08,3.09,11231.33,3474.28
600726.SH,2006-04-03,3.09,3.13,3.07,3.13,10183.4,3160.79
600726.SH,2006-04-04,3.13,3.19,3.08,3.18,24015.13,7547.3
600726.SH,2006-04-05,3.18,3.19,3.15,3.17,14498.24,4585.79
600726.SH,2006-04-06,3.17,3.2,3.15,3.16,16206.38,5132.29
600726.SH,2006-04-07,3.16,3.18,3.13,3.17,16710.94,5262.47
600726.SH,2006-04-10,3.15,3.24,3.15,3.24,27204.81,8699.35
600726.SH,2006-04-11,3.24,3.25,3.19,3.23,28450.94,9156.98
600726.SH,2006-04-12,3.24,3.3,3.19,3.27,39119.81,12741.99
600726.SH,2006-04-13,3.27,3.29,3.17,3.17,23158.0,7481.65
600726.SH,2006-04-14,3.17,3.22,3.16,3.22,13331.96,4263.79
600726.SH,2006-04-17,3.22,3.3,3.19,3.28,35102.46,11474.59
600726.SH,2006-04-18,3.27,3.29,3.26,3.29,23731.73,7767.97
600726.SH,2006-04-19,3.3,3.31,3.23,3.28,22312.7,7286.17
600726.SH,2006-04-20,3.27,3.27,3.2,3.21,15282.03,4930.06
600726.SH,2006-04-21,3.21,3.26,3.19,3.26,18622.0,6010.05
600726.SH,2006-04-24,3.26,3.28,3.14,3.14,19102.59,6094.8
600726.SH,2006-04-26,3.16,3.21,3.14,3.19,17574.93,5564.73
600726.SH,2006-04-27,3.19,3.25,3.14,3.23,30029.07,9616.84
600726.SH,2006-04-28,3.18,3.29,3.16,3.27,32197.71,10468.54
600726.SH,2006-05-08,3.35,3.37,3.25,3.35,52953.36,17585.04
600726.SH,2006-05-09,3.36,3.5,3.31,3.47,87194.52,30010.99
600726.SH,2006-05-10,3.46,3.6,3.41,3.53,81939.34,28586.46
600726.SH,2006-05-11,3.53,3.59,3.41,3.42,68803.84,24171.24
600726.SH,2006-05-12,3.42,3.54,3.33,3.53,87136.54,29928.82
600726.SH,2006-05-15,3.54,3.75,3.51,3.72,94110.14,33999.79
600726.SH,2006-05-16,3.72,3.74,3.51,3.56,79823.16,28877.56
600726.SH,2006-05-17,3.6,3.92,3.6,3.92,195844.79,75788.08
600726.SH,2006-05-18,3.99,4.0,3.8,3.88,177329.28,68971.75
600726.SH,2006-05-19,3.87,3.91,3.81,3.9,107012.55,41480.51
600726.SH,2006-05-22,3.89,4.1,3.86,4.04,130596.02,52044.0
600726.SH,2006-05-23,3.9,3.96,3.68,3.74,80170.86,30912.71
600726.SH,2006-05-24,3.73,3.88,3.59,3.69,70139.76,26178.42
600726.SH,2006-05-25,3.69,3.79,3.64,3.75,55502.1,20587.43
600726.SH,2006-05-26,3.75,3.91,3.73,3.9,68861.76,26224.73
600726.SH,2006-05-29,3.95,4.06,3.95,4.0,115635.71,46322.97
600726.SH,2006-05-30,4.0,4.03,3.91,3.96,85965.27,34006.18
600726.SH,2006-05-31,3.96,4.02,3.94,3.99,92000.64,36636.28
600726.SH,2006-06-01,3.99,4.21,3.98,4.2,107150.97,44316.7
600726.SH,2006-06-05,4.16,4.19,3.96,4.19,104028.2,42475.85
600726.SH,2006-06-06,4.1,4.15,3.98,4.0,136378.26,55321.56
600726.SH,2006-06-07,4.0,4.06,3.69,3.7,102815.58,40106.51
600726.SH,2006-06-08,3.68,3.78,3.57,3.78,85166.26,31122.0
600726.SH,2006-06-09,3.74,3.77,3.61,3.62,59619.29,22059.35
600726.SH,2006-06-12,3.51,3.63,3.45,3.51,70196.08,24713.88
600726.SH,2006-06-13,3.51,3.59,3.49,3.57,41596.01,14711.05
600726.SH,2006-06-14,3.58,3.61,3.51,3.6,38416.62,13688.66
600726.SH,2006-06-15,3.61,3.63,3.57,3.6,28615.51,10308.37
600726.SH,2006-06-16,3.57,3.61,3.53,3.6,34835.96,12442.67
600726.SH,2006-06-19,3.55,3.65,3.51,3.62,60660.32,21694.18
600726.SH,2006-06-20,3.57,3.64,3.55,3.61,65423.02,23526.32
600726.SH,2006-06-21,3.61,3.73,3.57,3.66,80917.07,29720.6
600726.SH,2006-06-22,3.66,3.69,3.61,3.64,36319.05,13215.95
600726.SH,2006-06-23,3.64,3.67,3.59,3.65,36721.49,13311.56
600726.SH,2006-06-26,3.67,3.73,3.64,3.7,52261.86,19270.3
600726.SH,2006-06-27,3.7,3.71,3.65,3.68,28852.5,10612.66
600726.SH,2006-06-28,3.68,3.75,3.65,3.72,41736.73,15486.21
600726.SH,2006-06-29,3.73,3.88,3.73,3.81,80136.21,30572.74
600726.SH,2006-06-30,3.9,3.98,3.83,3.86,92632.4,35986.28
600726.SH,2006-07-03,3.86,3.93,3.83,3.91,72440.64,28121.0
600726.SH,2006-07-04,3.95,3.95,3.77,3.82,67865.86,26115.85
600726.SH,2006-07-05,3.83,3.84,3.73,3.77,51712.94,19470.93
600726.SH,2006-07-06,3.79,3.95,3.79,3.91,73839.2,28695.66
600726.SH,2006-07-07,3.92,3.93,3.85,3.86,43845.55,16979.99
600726.SH,2006-07-10,3.86,3.94,3.83,3.92,46630.96,18188.09
600726.SH,2006-07-11,3.91,3.95,3.9,3.94,42600.33,16739.59
600726.SH,2006-07-12,3.95,3.95,3.89,3.9,40715.2,15920.35
600726.SH,2006-07-13,3.91,3.91,3.63,3.66,79647.36,29833.22
600726.SH,2006-07-14,3.63,3.71,3.59,3.68,39951.01,14613.93
600726.SH,2006-07-17,3.68,3.73,3.64,3.72,30119.25,11122.34
600726.SH,2006-07-18,3.71,3.74,3.67,3.73,30630.11,11341.86
600726.SH,2006-07-19,3.72,3.75,3.67,3.71,40655.4,15034.92
600726.SH,2006-07-20,3.7,3.91,3.69,3.87,136353.97,52179.96
600726.SH,2006-07-21,3.84,3.93,3.81,3.89,64253.11,24880.48
600726.SH,2006-08-03,3.68,3.68,3.57,3.57,92378.05,33441.88
600726.SH,2006-08-04,3.55,3.56,3.39,3.44,67555.04,23695.37
600726.SH,2006-08-07,3.4,3.5,3.33,3.37,58769.31,20043.79
600726.SH,2006-08-08,3.39,3.44,3.36,3.4,57911.08,19652.69
600726.SH,2006-08-09,3.4,3.41,3.36,3.38,53583.73,18119.32
600726.SH,2006-08-10,3.38,3.5,3.33,3.44,138155.81,47021.0
600726.SH,2006-09-27,2.7,2.7,2.59,2.64,394953.03,103923.58
600726.SH,2006-09-28,2.64,2.65,2.6,2.63,120737.31,31756.74
600726.SH,2006-09-29,2.64,2.66,2.62,2.64,127519.14,33520.07
600726.SH,2006-10-09,2.66,2.76,2.64,2.75,199436.89,53867.51
600726.SH,2006-10-10,2.78,2.87,2.76,2.84,427281.39,120263.92
600726.SH,2006-10-11,2.85,2.86,2.8,2.81,133866.67,37683.54
600726.SH,2006-10-12,2.82,2.83,2.75,2.79,138870.44,38640.21
600726.SH,2006-10-13,2.79,2.79,2.74,2.79,112809.61,31182.58
600726.SH,2006-10-16,2.8,2.82,2.72,2.74,127660.34,35192.83
600726.SH,2006-10-17,2.73,2.76,2.72,2.74,51055.89,14009.94
600726.SH,2006-10-18,2.75,2.78,2.73,2.77,51630.09,14250.01
600726.SH,2006-10-19,2.77,2.78,2.74,2.76,68222.2,18798.63
600726.SH,2006-10-20,2.76,2.76,2.7,2.72,94437.23,25754.26
600726.SH,2006-10-23,2.72,2.76,2.59,2.65,115658.28,30939.48
600726.SH,2006-10-24,2.66,2.71,2.65,2.7,65127.48,17531.87
600726.SH,2006-10-25,2.71,2.72,2.65,2.67,57720.24,15476.36
600726.SH,2006-10-26,2.68,2.68,2.63,2.66,43255.29,11498.84
600726.SH,2006-10-27,2.67,2.68,2.62,2.64,42915.81,11323.94
600726.SH,2006-10-30,2.64,2.71,2.64,2.71,58101.82,15515.12
600726.SH,2006-10-31,2.71,2.73,2.69,2.72,79699.49,21638.06
600726.SH,2006-11-01,2.73,2.82,2.71,2.81,219908.88,60999.32
600726.SH,2006-11-02,2.83,2.89,2.82,2.85,361219.33,103232.78
600726.SH,2006-11-03,2.85,2.9,2.83,2.83,178543.72,51105.29
600726.SH,2006-11-06,2.81,2.87,2.8,2.85,115177.14,32765.7
600726.SH,2006-11-07,2.87,2.88,2.81,2.84,116593.3,33149.83
600726.SH,2006-11-08,2.86,2.86,2.77,2.78,98505.16,27813.89
600726.SH,2006-11-09,2.78,2.8,2.75,2.79,81861.09,22747.55
600726.SH,2006-11-10,2.79,2.8,2.69,2.71,113184.33,30932.35
600726.SH,2006-11-13,2.71,2.71,2.61,2.64,78020.87,20793.9
600726.SH,2006-11-14,2.63,2.69,2.62,2.69,58167.63,15413.39
600726.SH,2006-11-15,2.69,2.77,2.66,2.76,77452.8,21087.98
600726.SH,2006-11-16,2.78,2.8,2.71,2.73,111232.53,30823.2
600726.SH,2006-11-17,2.71,2.84,2.71,2.84,204133.27,57152.18
600726.SH,2006-11-20,2.87,2.9,2.79,2.84,320557.15,91362.38
600726.SH,2006-11-21,2.84,2.85,2.76,2.84,225867.33,63306.56
600726.SH,2006-11-22,2.85,2.95,2.8,2.9,348346.75,101075.8
600726.SH,2006-11-23,2.92,2.92,2.82,2.88,197767.34,56646.93
600726.SH,2006-11-24,2.88,2.9,2.84,2.87,143132.42,41070.37
600726.SH,2006-11-27,2.87,2.98,2.85,2.97,255056.35,74152.26
600726.SH,2006-11-28,2.97,3.04,2.96,2.97,333088.5,99780.83
600726.SH,2006-11-29,2.93,2.99,2.9,2.96,138780.6,40945.87
600726.SH,2006-11-30,2.97,3.02,2.97,2.99,198867.22,59563.7
600726.SH,2006-12-01,3.0,3.05,2.96,3.01,201517.74,60517.77
600726.SH,2006-12-04,3.0,3.11,3.0,3.1,246292.2,75848.32
600726.SH,2006-12-05,3.15,3.24,3.12,3.2,387953.64,123523.39
600726.SH,2006-12-06,3.21,3.24,3.01,3.11,314948.94,98159.4
600726.SH,2006-12-07,3.1,3.15,3.05,3.06,198436.28,61576.28
600726.SH,2006-12-08,3.03,3.06,2.91,2.92,186378.8,55705.19
600726.SH,2006-12-11,2.91,3.03,2.91,3.03,97409.92,28939.4
600726.SH,2006-12-12,3.03,3.06,2.97,3.01,102881.99,30958.61
600726.SH,2006-12-13,3.01,3.07,2.98,3.05,115494.94,34992.94
600726.SH,2006-12-14,3.04,3.07,3.01,3.06,104629.71,31890.98
600726.SH,2006-12-15,3.06,3.19,3.04,3.16,223906.11,69435.51
600726.SH,2006-12-18,3.17,3.18,3.1,3.14,163122.24,51108.21
600726.SH,2006-12-19,3.12,3.14,3.0,3.09,232011.58,71016.77
600726.SH,2006-12-20,3.09,3.1,3.03,3.09,125494.97,38484.35
600726.SH,2006-12-21,3.09,3.1,3.03,3.04,194355.84,59418.84
600726.SH,2006-12-25,3.02,3.06,2.99,3.01,202350.43,61064.9
600726.SH,2006-12-26,3.01,3.01,2.93,2.94,139972.56,41565.63
600726.SH,2006-12-27,2.94,3.01,2.94,3.0,97084.53,28980.24
600726.SH,2006-12-28,3.01,3.12,2.99,3.02,161698.13,49214.3
600726.SH,2006-12-29,3.03,3.07,3.0,3.01,134333.07,40564.2
600726.SH,2007-01-04,3.01,3.08,3.0,3.04,212574.8,64632.72
600726.SH,2007-01-05,3.02,3.3,3.0,3.29,618786.07,197152.06
600726.SH,2007-01-08,3.34,3.49,3.32,3.38,666863.01,226396.36
600726.SH,2007-01-09,3.38,3.43,3.32,3.38,269452.15,91197.66
600726.SH,2007-01-10,3.39,3.54,3.34,3.52,364559.54,125574.64
600726.SH,2007-01-11,3.5,3.57,3.41,3.43,319117.62,111528.74
600726.SH,2007-01-12,3.39,3.43,3.16,3.18,309794.3,102162.98
600726.SH,2007-01-15,3.16,3.31,3.14,3.3,231279.52,74931.52
600726.SH,2007-01-16,3.32,3.35,3.24,3.33,246174.58,81063.61
600726.SH,2007-01-17,3.35,3.44,3.26,3.32,279686.87,94113.11
600726.SH,2007-01-18,3.3,3.42,3.27,3.4,242361.29,81166.41
600726.SH,2007-01-19,3.41,3.53,3.41,3.51,420920.08,146147.28
600726.SH,2007-01-22,3.62,3.72,3.52,3.72,512309.63,186216.8
600726.SH,2007-01-23,3.74,3.77,3.55,3.69,376349.22,137317.23
600726.SH,2007-01-24,3.69,3.79,3.63,3.73,333099.85,124230.78
600726.SH,2007-01-25,3.72,3.72,3.49,3.5,281427.98,101195.93
600726.SH,2007-01-26,3.45,3.51,3.31,3.5,222103.31,75898.35
600726.SH,2007-01-29,3.5,3.85,3.5,3.85,487945.44,180747.01
600726.SH,2007-01-30,3.9,4.0,3.8,3.9,668481.72,259538.49
600726.SH,2007-01-31,3.98,4.17,3.81,3.85,981718.72,393641.21
600726.SH,2007-02-01,3.8,3.86,3.56,3.83,332532.8,125113.54
600726.SH,2007-02-02,3.8,3.86,3.66,3.67,179602.84,67365.39
600726.SH,2007-02-05,3.64,3.75,3.62,3.68,129911.18,47986.52
600726.SH,2007-02-06,3.72,3.78,3.66,3.77,149137.63,55449.18
600726.SH,2007-02-07,3.79,3.82,3.71,3.76,156397.19,58840.6
600726.SH,2007-02-08,3.78,3.82,3.7,3.82,196409.14,74172.75
600726.SH,2007-02-09,3.82,3.96,3.76,3.89,239925.28,92364.31
600726.SH,2007-02-12,3.9,3.98,3.88,3.95,192830.72,76051.4
600726.SH,2007-02-13,3.97,4.1,3.9,4.07,296750.05,118996.7
600726.SH,2007-02-14,4.1,4.14,4.05,4.11,348870.7,143008.2
600726.SH,2007-02-15,4.14,4.15,4.07,4.15,288221.79,118554.73
600726.SH,2007-02-16,4.15,4.23,4.11,4.13,273199.47,113929.29
600726.SH,2007-02-26,4.17,4.39,4.06,4.38,290699.09,123722.47
600726.SH,2007-02-27,4.4,4.59,3.94,3.95,485155.71,208916.46
600726.SH,2007-02-28,3.9,4.35,3.89,4.35,411135.3,172291.28
600726.SH,2007-03-01,4.47,4.48,4.25,4.37,447990.86,194988.64
600726.SH,2007-03-02,4.4,4.6,4.32,4.55,404276.62,180214.41
600726.SH,2007-03-05,4.57,4.58,4.25,4.41,316921.15,140193.24
600726.SH,2007-03-06,4.38,4.4,4.25,4.33,182710.66,78898.71
600726.SH,2007-03-07,4.33,4.44,4.33,4.4,164489.29,72106.54
600726.SH,2007-03-08,4.42,4.45,4.35,4.44,199452.87,87979.56
600726.SH,2007-03-09,4.44,4.46,4.34,4.38,184440.38,80954.28
600726.SH,2007-03-12,4.35,4.42,4.25,4.42,302423.25,130674.56
600726.SH,2007-03-13,4.42,4.55,4.4,4.54,357582.07,161021.84
600726.SH,2007-03-14,4.53,4.64,4.36,4.55,343614.87,154523.25
600726.SH,2007-03-15,4.55,4.72,4.55,4.69,382467.77,178622.49
600726.SH,2007-03-16,4.71,4.93,4.62,4.72,556645.19,266090.65
600726.SH,2007-03-19,4.54,4.86,4.48,4.76,334674.76,158379.04
600726.SH,2007-03-20,4.79,4.95,4.76,4.92,326023.54,158340.9
600726.SH,2007-03-21,4.93,5.0,4.85,4.96,361836.62,178550.44
600726.SH,2007-03-22,4.96,5.07,4.91,4.96,339915.1,169920.55
600726.SH,2007-03-23,4.96,5.02,4.86,5.0,288599.45,142778.11
600726.SH,2007-03-26,5.02,5.26,5.02,5.24,320532.98,165657.33
600726.SH,2007-03-27,5.21,5.47,5.21,5.42,308051.61,165678.3
600726.SH,2007-03-28,5.45,5.6,5.05,5.36,490213.82,263148.0
600726.SH,2007-03-29,5.36,5.37,5.09,5.1,342764.21,178146.87
600726.SH,2007-03-30,5.06,5.18,4.98,5.14,175245.67,89623.32
600726.SH,2007-04-02,5.15,5.25,5.11,5.24,169139.38,87800.75
600726.SH,2007-04-03,5.26,5.3,5.2,5.28,231211.75,121613.41
600726.SH,2007-04-04,5.29,5.37,5.21,5.32,242307.32,128266.0
600726.SH,2007-04-05,5.32,5.6,5.27,5.59,480393.3,262798.27
600726.SH,2007-04-06,5.63,5.98,5.63,5.92,774795.52,452161.28
600726.SH,2007-04-09,5.96,6.18,5.95,5.99,535099.59,323578.76
600726.SH,2007-04-10,6.0,6.15,5.8,6.1,412923.87,246085.2
600726.SH,2007-04-11,6.07,6.1,5.95,6.03,276934.18,166691.31
600726.SH,2007-04-12,6.03,6.25,5.98,6.23,391059.21,239075.75
600726.SH,2007-04-13,6.23,6.37,6.05,6.1,349485.47,218062.0
600726.SH,2007-04-16,6.1,6.2,6.07,6.18,315072.33,193560.27
600726.SH,2007-04-17,6.2,6.5,6.2,6.5,477286.47,304594.43
600726.SH,2007-04-18,6.56,7.15,6.56,7.15,528960.77,368209.09
600726.SH,2007-04-19,7.3,7.67,6.52,7.02,805010.32,583470.34
600726.SH,2007-04-20,7.07,7.4,7.07,7.37,449912.65,328357.81
600726.SH,2007-04-23,7.49,7.97,7.48,7.9,387166.68,299478.21
600726.SH,2007-04-24,7.93,8.08,7.7,7.86,450784.21,357175.06
600726.SH,2007-04-25,7.8,7.8,7.42,7.69,389562.69,296800.75
600726.SH,2007-04-27,7.69,7.99,7.6,7.67,288184.91,223966.61
600726.SH,2007-04-30,7.59,7.59,7.36,7.48,340106.92,253709.85
600726.SH,2007-05-08,7.7,7.99,7.58,7.84,385529.74,301051.73
600726.SH,2007-05-09,7.78,7.79,7.4,7.74,432449.26,331219.46
600726.SH,2007-05-10,7.74,8.39,7.74,8.28,641530.39,519030.24
600726.SH,2007-05-11,8.32,8.51,8.22,8.45,787562.81,661846.22
600726.SH,2007-05-14,8.35,8.58,8.2,8.31,355328.13,297826.93
600726.SH,2007-05-15,8.25,8.44,7.74,7.82,341753.96,276742.58
600726.SH,2007-05-16,7.74,8.0,7.46,7.99,291942.86,225586.09
600726.SH,2007-05-17,8.01,8.18,7.95,8.08,293406.16,236356.5
600726.SH,2007-05-18,8.11,8.15,8.01,8.03,279781.24,225659.84
600726.SH,2007-05-21,7.75,8.49,7.68,8.4,537792.86,440399.67
600726.SH,2007-05-22,8.4,8.76,8.39,8.53,562008.76,482584.6
600726.SH,2007-05-23,8.52,8.84,8.49,8.79,535791.51,464895.34
600726.SH,2007-05-24,8.81,8.87,8.48,8.64,494574.04,426677.04
600726.SH,2007-05-25,8.6,8.8,8.5,8.7,454998.55,395532.33
600726.SH,2007-05-28,8.85,9.56,8.75,9.34,730387.41,673516.27
600726.SH,2007-05-29,9.41,9.79,9.4,9.54,643003.82,616135.54
600726.SH,2007-05-30,9.0,9.54,8.59,8.59,577738.38,518322.43
600726.SH,2007-05-31,8.2,8.49,7.73,8.06,485243.08,386195.04
600726.SH,2007-06-01,8.04,8.18,7.25,7.25,338383.5,255363.41
600726.SH,2007-06-04,7.0,7.0,6.53,6.53,134655.0,88667.71
600726.SH,2007-06-05,5.88,6.62,5.88,6.59,511088.96,307359.96
600726.SH,2007-06-06,6.72,6.84,6.35,6.69,377638.97,252666.71
600726.SH,2007-06-07,6.69,6.98,6.58,6.95,334288.66,227125.31
600726.SH,2007-06-08,7.0,7.3,6.89,7.04,290854.39,206633.76
600726.SH,2007-06-11,7.1,7.19,6.9,6.93,262931.9,183556.5
600726.SH,2007-06-12,7.0,7.33,6.28,7.32,443305.63,306808.18
600726.SH,2007-06-13,7.36,7.79,7.26,7.69,528805.69,399994.07
600726.SH,2007-06-14,7.92,8.22,7.7,7.98,824777.71,663122.53
600726.SH,2007-06-15,7.8,7.94,7.55,7.68,262700.94,202938.77
600726.SH,2007-06-18,7.8,8.0,7.7,7.8,227935.71,177484.85
600726.SH,2007-06-19,7.75,7.76,7.49,7.67,211168.32,160531.62
600726.SH,2007-06-20,7.63,7.75,7.3,7.35,182359.82,137768.94
600726.SH,2007-06-21,7.3,7.76,7.2,7.74,239906.99,178358.75
600726.SH,2007-06-22,7.85,8.12,7.0,7.41,516912.1,403216.05
600726.SH,2007-06-25,7.38,7.5,6.67,6.67,204926.25,141360.08
600726.SH,2007-06-26,6.29,6.59,6.01,6.55,210114.92,131038.06
600726.SH,2007-06-27,6.6,6.79,6.3,6.68,178134.13,116625.47
600726.SH,2007-06-28,6.6,6.62,6.01,6.01,167766.13,105312.82
600726.SH,2007-06-29,5.79,5.83,5.41,5.49,184512.65,103697.84
600726.SH,2007-07-02,5.47,5.7,5.35,5.69,131935.09,73271.57
600726.SH,2007-07-03,5.8,5.84,5.55,5.77,99225.57,56720.25
600726.SH,2007-07-04,5.76,5.77,5.45,5.48,71583.67,39955.31
600726.SH,2007-07-05,5.45,5.45,4.93,4.95,125148.84,63737.86
600726.SH,2007-07-06,4.91,5.38,4.91,5.37,135738.67,69963.07
600726.SH,2007-07-09,5.47,5.6,5.35,5.52,134058.06,73667.1
600726.SH,2007-07-10,5.51,5.51,5.21,5.24,93695.59,49781.54
600726.SH,2007-07-11,5.22,5.35,5.11,5.34,64587.53,33917.21
600726.SH,2007-07-12,5.3,5.72,5.27,5.64,193554.88,107485.16
600726.SH,2007-07-13,5.71,5.85,5.66,5.73,275001.94,158037.89
600726.SH,2007-07-16,5.73,5.73,5.4,5.41,86229.0,47546.64
600726.SH,2007-07-17,5.4,5.56,5.23,5.46,66805.1,36150.06
600726.SH,2007-07-18,5.46,5.54,5.33,5.42,60102.4,32700.42
600726.SH,2007-07-19,5.42,5.47,5.35,5.4,43642.08,23565.2
600726.SH,2007-07-20,5.4,5.6,5.4,5.59,97667.23,54110.31
600726.SH,2007-07-23,5.57,5.99,5.55,5.98,198246.42,115507.31
600726.SH,2007-07-24,6.02,6.22,5.96,5.98,210834.31,128838.05
600726.SH,2007-07-25,5.98,6.48,5.95,6.45,275873.92,173245.24
600726.SH,2007-07-26,6.5,6.55,6.3,6.44,233277.47,149886.76
600726.SH,2007-07-27,6.4,6.55,6.25,6.45,161462.17,103537.2
600726.SH,2007-07-30,6.45,6.77,6.4,6.61,201073.61,133062.59
600726.SH,2007-07-31,6.58,6.7,6.49,6.66,208596.78,137562.79
600726.SH,2007-08-01,6.75,6.78,6.11,6.15,227673.2,146593.84
600726.SH,2007-08-02,6.14,6.39,6.05,6.35,151295.53,94621.9
600726.SH,2007-08-03,6.39,6.62,6.25,6.55,277698.82,178987.75
600726.SH,2007-08-06,6.7,6.78,6.6,6.69,420597.92,281437.17
600726.SH,2007-08-07,6.7,6.72,6.48,6.5,193164.12,126337.67
600726.SH,2007-08-08,6.58,6.8,6.5,6.65,273013.88,182114.92
600726.SH,2007-08-09,6.69,6.76,6.48,6.5,167743.0,110062.23
600726.SH,2007-08-10,6.52,6.6,6.26,6.35,154160.36,99030.13
600726.SH,2007-08-13,6.35,6.7,6.32,6.56,230311.01,151093.12
600726.SH,2007-08-14,6.66,6.66,6.42,6.56,173433.71,113298.4
600726.SH,2007-08-15,6.57,6.61,6.25,6.4,138630.94,88711.35
600726.SH,2007-08-16,6.4,6.8,6.26,6.74,462322.48,305055.11
600726.SH,2007-08-17,6.78,6.86,6.62,6.71,553621.73,373715.34
600726.SH,2007-08-20,6.84,7.0,6.73,6.91,334973.41,229487.43
600726.SH,2007-08-21,6.98,7.09,6.83,6.89,275290.15,191993.98
600726.SH,2007-08-22,6.8,6.99,6.7,6.87,216482.52,148452.83
600726.SH,2007-08-23,6.88,6.98,6.8,6.85,162636.98,111562.88
600726.SH,2007-08-24,6.86,6.95,6.8,6.84,198048.2,135819.83
600726.SH,2007-08-27,6.79,6.85,6.53,6.73,357989.58,239427.6
600726.SH,2007-08-28,6.73,6.77,6.58,6.63,171875.8,113956.58
600726.SH,2007-08-29,6.58,6.71,6.49,6.54,153435.09,100986.51
600726.SH,2007-08-30,6.59,6.85,6.54,6.81,273237.88,183935.87
600726.SH,2007-08-31,6.86,6.96,6.77,6.96,428965.36,294155.17
600726.SH,2007-09-03,7.1,7.34,7.03,7.26,667221.85,480272.83
600726.SH,2007-09-04,7.3,7.34,7.11,7.16,292342.92,210687.86
600726.SH,2007-09-05,7.16,7.24,6.95,7.07,214327.62,151436.88
600726.SH,2007-09-06,7.14,7.4,7.14,7.3,339613.2,247757.76
600726.SH,2007-09-07,7.32,7.47,7.2,7.21,378365.27,278682.16
600726.SH,2007-09-10,7.15,7.3,6.97,7.3,223716.46,159669.54
600726.SH,2007-09-11,7.3,7.53,7.0,7.13,437141.75,322665.53
600726.SH,2007-09-12,7.18,7.68,7.11,7.64,555902.39,411890.32
600726.SH,2007-09-13,7.71,7.93,7.5,7.82,689820.9,536284.5
600726.SH,2007-09-14,7.76,7.76,7.51,7.69,310552.64,236520.71
600726.SH,2007-09-17,7.62,7.8,7.55,7.7,295416.88,227842.49
600726.SH,2007-09-18,7.7,7.99,7.5,7.89,381603.71,297330.34
600726.SH,2007-09-19,7.91,7.95,7.6,7.64,208238.84,161307.32
600726.SH,2007-09-20,7.65,7.73,7.47,7.52,206510.26,155918.12
600726.SH,2007-09-21,7.53,7.6,7.2,7.34,168182.41,123731.29
600726.SH,2007-09-24,7.38,7.65,7.37,7.45,163158.83,122514.45
600726.SH,2007-09-25,7.5,7.55,7.16,7.23,111925.57,81774.8
600726.SH,2007-09-26,7.23,7.35,7.15,7.2,123797.46,89821.06
600726.SH,2007-09-27,7.2,7.3,7.08,7.29,142473.47,102528.86
600726.SH,2007-09-28,7.45,7.88,7.42,7.79,626381.19,479679.54
600726.SH,2007-10-08,7.96,7.98,7.61,7.75,257014.8,198082.0
600726.SH,2007-10-09,7.7,7.9,7.46,7.81,237055.11,182735.15
600726.SH,2007-10-10,7.88,7.93,7.56,7.6,251751.03,194880.33
600726.SH,2007-10-11,7.64,7.73,7.4,7.42,181825.8,136869.03
600726.SH,2007-10-12,7.43,7.45,6.7,7.19,218417.79,153957.35
600726.SH,2007-10-15,7.19,7.3,6.88,7.29,146364.34,103366.83
600726.SH,2007-10-16,7.21,7.35,7.08,7.19,93380.35,66998.44
600726.SH,2007-10-17,7.21,7.32,7.05,7.25,130003.52,93368.21
600726.SH,2007-10-18,7.28,7.35,7.08,7.28,130481.91,94287.15
600726.SH,2007-10-19,7.37,7.54,7.28,7.32,204834.29,151610.96
600726.SH,2007-10-22,7.22,7.22,6.85,6.87,106014.39,74256.97
600726.SH,2007-10-23,6.85,7.0,6.33,6.7,112618.46,75093.09
600726.SH,2007-10-24,6.7,6.82,6.41,6.44,86901.48,57026.41
600726.SH,2007-10-25,6.48,6.48,5.8,5.82,133372.23,79737.13
600726.SH,2007-10-26,5.77,5.9,5.5,5.8,94322.71,53689.16
600726.SH,2007-10-29,5.81,5.88,5.56,5.76,82307.34,46629.88
600726.SH,2007-10-30,5.78,6.12,5.63,6.07,87220.68,51255.25
600726.SH,2007-10-31,6.23,6.28,6.09,6.27,119735.77,74187.96
600726.SH,2007-11-01,6.27,6.27,5.95,5.96,82595.3,49878.1
600726.SH,2007-11-02,5.8,5.92,5.71,5.81,66300.66,38498.13
600726.SH,2007-11-05,5.79,6.02,5.69,5.92,55089.99,32419.75
600726.SH,2007-11-06,5.95,6.03,5.9,5.93,41677.85,24843.14
600726.SH,2007-11-07,5.93,5.99,5.7,5.85,45171.05,26250.43
600726.SH,2007-11-08,5.85,5.98,5.78,5.79,56977.73,33384.49
600726.SH,2007-11-09,5.78,5.85,5.62,5.66,45990.89,26243.22
600726.SH,2007-11-12,5.59,5.73,5.55,5.72,39902.04,22544.33
600726.SH,2007-11-13,5.73,5.83,5.66,5.77,35351.92,20369.79
600726.SH,2007-11-14,5.79,6.1,5.77,6.08,120412.82,71593.74
600726.SH,2007-11-15,6.08,6.17,5.93,5.94,121174.86,73425.47
600726.SH,2007-11-16,5.9,5.98,5.8,5.95,37539.45,22018.98
600726.SH,2007-11-19,5.95,6.08,5.87,6.04,51879.71,31137.43
600726.SH,2007-11-20,6.04,6.09,6.0,6.05,73997.96,44766.04
600726.SH,2007-11-21,6.07,6.12,5.81,5.85,65964.99,39193.62
600726.SH,2007-11-22,5.8,5.82,5.6,5.63,50180.78,28704.67
600726.SH,2007-11-23,5.65,5.91,5.6,5.9,48183.65,27735.72
600726.SH,2007-11-26,5.98,5.99,5.78,5.8,68887.73,40793.04
600726.SH,2007-11-27,5.8,5.86,5.71,5.77,25233.78,14617.2
600726.SH,2007-11-28,5.8,5.88,5.75,5.82,33343.33,19407.11
600726.SH,2007-11-29,5.87,5.95,5.78,5.93,44012.81,25953.22
600726.SH,2007-11-30,5.93,6.0,5.88,5.92,67452.19,40153.48
600726.SH,2007-12-03,5.9,6.08,5.88,6.04,68981.91,41554.52
600726.SH,2007-12-04,6.09,6.12,5.97,6.03,70365.41,42419.07
600726.SH,2007-12-05,6.02,6.15,5.96,6.12,92871.35,56364.61
600726.SH,2007-12-06,6.19,6.34,6.19,6.32,254592.77,159557.56
600726.SH,2007-12-07,6.32,6.32,6.2,6.3,80698.84,50511.47
600726.SH,2007-12-10,6.24,6.36,6.18,6.31,100109.47,62921.89
600726.SH,2007-12-11,6.32,6.34,6.2,6.3,81333.6,50932.31
600726.SH,2007-12-12,6.3,6.45,6.25,6.4,109205.0,69524.95
600726.SH,2007-12-13,6.38,6.48,6.18,6.19,115703.82,73933.18
600726.SH,2007-12-14,6.15,6.24,6.01,6.21,68480.22,42070.65
600726.SH,2007-12-17,6.25,6.55,6.18,6.49,179795.74,115041.11
600726.SH,2007-12-18,6.54,6.65,6.5,6.52,255479.03,167812.22
600726.SH,2007-12-19,6.53,6.63,6.43,6.53,98669.22,64251.76
600726.SH,2007-12-20,6.46,6.63,6.46,6.61,97683.58,64120.25
600726.SH,2007-12-21,6.65,6.75,6.61,6.66,128242.76,85483.09
600726.SH,2007-12-24,6.66,6.7,6.6,6.62,137906.24,91760.73
600726.SH,2007-12-25,6.62,6.65,6.51,6.58,106526.73,69757.22
600726.SH,2007-12-26,6.58,6.87,6.58,6.85,157092.07,105115.68
600726.SH,2007-12-27,6.89,7.1,6.89,7.04,269314.38,189311.46
600726.SH,2007-12-28,7.02,7.02,6.9,6.91,99031.17,68640.35
600726.SH,2008-01-02,6.95,7.05,6.85,6.96,79548.71,55154.13
600726.SH,2008-01-03,6.96,7.1,6.88,7.09,155015.38,108734.67
600726.SH,2008-01-04,7.1,7.2,7.07,7.09,111661.08,79413.24
600726.SH,2008-01-07,7.05,7.09,6.95,7.05,140313.5,98301.76
600726.SH,2008-01-08,7.06,7.18,6.69,6.8,157320.93,109245.38
600726.SH,2008-01-09,6.78,6.89,6.71,6.88,152033.42,103374.69
600726.SH,2008-01-10,6.89,6.9,6.74,6.76,156797.84,106269.17
600726.SH,2008-01-11,6.73,6.8,6.59,6.71,135120.72,90025.6
600726.SH,2008-01-14,6.7,6.85,6.69,6.8,98245.83,66768.19
600726.SH,2008-01-15,6.82,6.9,6.76,6.9,136322.57,93159.6
600726.SH,2008-01-16,6.89,6.89,6.67,6.68,122363.1,82554.51
600726.SH,2008-01-17,6.64,6.73,6.27,6.45,164653.78,107354.09
600726.SH,2008-01-18,6.43,6.57,6.31,6.54,146151.86,94376.47
600726.SH,2008-01-21,6.54,6.58,6.2,6.21,117273.2,75321.92
600726.SH,2008-01-22,6.16,6.16,5.59,5.59,137920.23,79661.25
600726.SH,2008-01-23,5.61,5.94,5.6,5.92,107781.98,62151.63
600726.SH,2008-01-24,5.95,6.15,5.89,6.07,91940.74,55399.92
600726.SH,2008-01-25,6.1,6.51,6.08,6.15,115816.24,71854.5
600726.SH,2008-01-28,6.15,6.15,5.65,5.7,78244.69,45506.76
600726.SH,2008-01-29,5.74,5.91,5.73,5.87,43591.46,25421.31
600726.SH,2008-01-30,5.92,6.02,5.8,5.9,45024.92,26665.56
600726.SH,2008-01-31,5.89,5.93,5.7,5.75,35181.72,20470.18
600726.SH,2008-02-01,5.75,5.82,5.27,5.48,54242.92,29863.73
600726.SH,2008-02-04,5.55,6.03,5.55,6.03,84482.72,49814.14
600726.SH,2008-02-05,6.1,6.11,5.91,6.03,97098.63,58501.76
600726.SH,2008-02-13,6.03,6.25,5.86,6.12,69162.83,41967.1
600726.SH,2008-02-14,6.15,6.2,6.09,6.14,55062.7,33840.86
600726.SH,2008-02-15,6.14,6.14,5.88,6.02,51434.47,30726.19
600726.SH,2008-02-18,6.03,6.12,6.03,6.08,51033.38,31061.37
600726.SH,2008-02-19,6.09,6.19,6.03,6.17,68599.97,42025.22
600726.SH,2008-02-20,6.17,6.2,6.02,6.07,57301.9,34924.73
600726.SH,2008-02-21,6.04,6.13,5.92,6.09,57982.84,34941.69
600726.SH,2008-02-22,6.1,6.1,5.88,5.95,56655.22,33828.48
600726.SH,2008-02-25,5.95,6.01,5.76,5.78,51167.2,29940.62
600726.SH,2008-02-26,5.8,5.98,5.74,5.89,41414.01,24123.48
600726.SH,2008-02-27,5.9,6.05,5.86,6.04,54752.31,32868.42
600726.SH,2008-02-28,6.08,6.09,5.97,6.01,38130.35,22984.46
600726.SH,2008-02-29,6.01,6.09,6.01,6.07,54678.69,33058.07
600726.SH,2008-03-03,6.08,6.2,6.02,6.19,93146.71,57328.4
600726.SH,2008-03-04,6.23,6.31,6.13,6.2,148088.79,92091.97
600726.SH,2008-03-05,6.18,6.28,6.1,6.28,100161.71,62007.27
600726.SH,2008-03-06,6.35,6.58,6.34,6.38,191235.15,123310.2
600726.SH,2008-03-07,6.35,6.45,6.25,6.27,77737.67,49216.15
600726.SH,2008-03-10,6.27,6.27,6.06,6.09,55027.34,33845.46
600726.SH,2008-03-11,6.08,6.18,6.02,6.17,43457.12,26540.0
600726.SH,2008-03-12,6.22,6.3,6.06,6.08,46840.87,28886.68
600726.SH,2008-03-13,6.0,6.06,5.78,5.86,59933.49,35384.86
600726.SH,2008-03-14,5.86,6.1,5.78,5.98,53015.61,31559.56
600726.SH,2008-03-17,5.9,5.96,5.53,5.55,47488.97,27225.02
600726.SH,2008-03-18,5.49,5.67,5.01,5.13,57591.23,30495.53
600726.SH,2008-03-19,5.28,5.44,5.17,5.36,50329.64,26710.38
600726.SH,2008-03-20,5.29,5.54,5.08,5.49,50221.33,26767.87
600726.SH,2008-03-21,5.44,5.56,5.4,5.5,46993.59,25815.76
600726.SH,2008-03-24,5.51,5.57,5.35,5.36,38329.92,20995.99
600726.SH,2008-03-25,5.34,5.45,5.24,5.42,34447.09,18383.46
600726.SH,2008-03-26,5.46,5.55,5.36,5.45,32150.02,17571.71
600726.SH,2008-03-27,5.4,5.4,5.12,5.13,36292.87,19015.98
600726.SH,2008-03-28,5.13,5.28,4.92,5.25,33200.11,17037.68
600726.SH,2008-03-31,5.2,5.23,5.08,5.09,25773.46,13248.36
600726.SH,2008-04-01,5.09,5.15,4.69,4.71,45022.51,21952.72
600726.SH,2008-04-02,4.72,4.85,4.5,4.54,43477.7,20201.45
600726.SH,2008-04-03,4.56,4.69,4.4,4.64,33655.78,15350.99
600726.SH,2008-04-07,4.54,4.88,4.48,4.83,61831.96,29138.59
600726.SH,2008-04-08,4.79,4.87,4.72,4.82,55379.21,26615.63
600726.SH,2008-04-09,4.78,4.84,4.48,4.49,53883.12,25229.91
600726.SH,2008-04-10,4.44,4.57,4.4,4.55,36463.91,16304.87
600726.SH,2008-04-11,4.55,4.64,4.51,4.63,41084.85,18824.76
600726.SH,2008-04-14,4.62,4.62,4.3,4.35,46322.51,20484.98
600726.SH,2008-04-15,4.33,4.47,4.28,4.46,31345.68,13651.72
600726.SH,2008-04-16,4.46,4.47,4.34,4.35,23147.89,10168.66
600726.SH,2008-04-17,4.35,4.4,4.08,4.1,44512.76,18813.77
600726.SH,2008-04-18,4.06,4.1,3.85,3.86,43966.12,17244.25
600726.SH,2008-04-21,4.05,4.2,3.82,3.88,46101.95,18343.32
600726.SH,2008-04-22,3.87,3.87,3.64,3.82,33856.81,12678.3
600726.SH,2008-04-24,4.2,4.2,4.2,4.2,64942.61,27275.9
600726.SH,2008-04-25,4.23,4.42,4.19,4.3,137285.04,59263.64
600726.SH,2008-04-28,4.26,4.26,4.14,4.17,53690.31,22514.51
600726.SH,2008-04-29,4.14,4.35,4.14,4.3,60321.45,25768.78
600726.SH,2008-04-30,4.35,4.4,4.28,4.4,86809.24,37748.97
600726.SH,2008-05-05,4.4,4.54,4.35,4.52,87959.84,39113.12
600726.SH,2008-05-06,4.49,4.55,4.35,4.47,77549.45,34724.54
600726.SH,2008-05-07,4.46,4.54,4.31,4.32,67634.81,30150.82
600726.SH,2008-05-08,4.3,4.42,4.25,4.42,52396.0,22799.02
600726.SH,2008-05-09,4.45,4.48,4.28,4.36,55709.9,24298.7
600726.SH,2008-05-12,4.35,4.39,4.22,4.35,52949.16,22815.51
600726.SH,2008-05-13,4.23,4.51,4.2,4.51,94284.29,41119.78
600726.SH,2008-05-14,4.51,4.6,4.45,4.55,95756.04,43394.18
600726.SH,2008-05-15,4.6,4.77,4.52,4.61,184723.27,86597.86
600726.SH,2008-05-16,4.61,4.61,4.41,4.49,79345.0,35659.27
600726.SH,2008-05-19,4.47,4.47,4.34,4.44,39517.22,17438.03
600726.SH,2008-05-20,4.43,4.48,4.15,4.2,47544.65,20652.38
600726.SH,2008-05-21,4.18,4.35,4.1,4.33,66784.52,28371.49
600726.SH,2008-05-22,4.33,4.5,4.26,4.39,74903.81,33133.92
600726.SH,2008-05-23,4.35,4.45,4.26,4.37,49137.23,21477.95
600726.SH,2008-05-26,4.4,4.44,4.3,4.32,43521.59,19000.21
600726.SH,2008-05-27,4.31,4.32,4.19,4.24,28729.9,12190.98
600726.SH,2008-05-28,4.24,4.35,4.21,4.34,29415.61,12625.83
600726.SH,2008-05-29,4.33,4.36,4.21,4.21,32641.06,13981.04
600726.SH,2008-05-30,4.21,4.33,4.2,4.3,47555.91,20215.67
600726.SH,2008-06-02,4.3,4.54,4.23,4.45,110990.65,49101.14
600726.SH,2008-06-03,4.45,4.47,4.3,4.36,46977.36,20526.04
600726.SH,2008-06-04,4.33,4.4,4.23,4.28,33615.33,14413.41
600726.SH,2008-06-05,4.28,4.31,4.17,4.25,37457.66,15812.67
600726.SH,2008-06-06,4.25,4.28,4.2,4.24,19044.84,8069.87
600726.SH,2008-06-10,4.18,4.18,3.82,3.86,45575.92,17915.53
600726.SH,2008-06-11,3.8,3.94,3.77,3.88,35229.46,13615.06
600726.SH,2008-06-12,3.9,3.96,3.83,3.89,34491.59,13426.43
600726.SH,2008-06-13,3.96,3.97,3.82,3.83,21050.28,8155.74
600726.SH,2008-06-16,3.83,3.88,3.67,3.72,23521.0,8824.93
600726.SH,2008-06-17,3.72,3.79,3.4,3.46,31406.15,11306.39
600726.SH,2008-06-18,3.46,3.64,3.26,3.59,34473.01,11980.21
600726.SH,2008-06-19,3.59,3.6,3.23,3.26,33926.62,11559.84
600726.SH,2008-06-20,3.59,3.59,3.59,3.59,48297.07,17338.65
600726.SH,2008-06-23,3.73,3.95,3.69,3.95,104816.57,40661.1
600726.SH,2008-06-24,4.15,4.16,3.96,4.09,366465.73,148493.88
600726.SH,2008-06-25,4.05,4.38,4.0,4.15,319754.58,133116.98
600726.SH,2008-06-26,4.03,4.15,3.97,4.07,231605.43,93924.92
600726.SH,2008-06-27,3.85,3.94,3.66,3.73,153995.09,58435.91
600726.SH,2008-06-30,3.78,3.85,3.66,3.79,68501.85,25752.45
600726.SH,2008-07-01,3.81,3.82,3.5,3.57,72848.92,26240.07
600726.SH,2008-07-02,3.55,3.71,3.53,3.61,58739.81,21339.69
600726.SH,2008-07-03,3.65,3.8,3.56,3.73,81713.15,30279.69
600726.SH,2008-07-04,3.74,3.74,3.62,3.66,55464.77,20335.88
600726.SH,2008-07-07,3.66,3.84,3.63,3.83,81354.32,30630.01
600726.SH,2008-07-08,3.82,3.9,3.76,3.86,73052.3,28027.74
600726.SH,2008-07-09,3.86,3.95,3.82,3.94,103940.41,40461.72
600726.SH,2008-07-10,3.9,3.95,3.84,3.85,76903.36,29981.02
600726.SH,2008-07-11,3.84,3.92,3.69,3.78,54039.65,20392.59
600726.SH,2008-07-14,3.74,3.82,3.71,3.81,41575.48,15703.91
600726.SH,2008-07-15,3.83,3.83,3.68,3.69,46208.5,17261.2
600726.SH,2008-07-16,3.65,3.69,3.47,3.54,39001.94,13939.56
600726.SH,2008-07-17,3.54,3.62,3.48,3.49,32398.78,11443.22
600726.SH,2008-07-18,3.51,3.6,3.45,3.59,26366.92,9283.13
600726.SH,2008-07-21,3.58,3.68,3.53,3.68,34529.6,12548.7
600726.SH,2008-07-22,3.68,3.75,3.64,3.66,37234.06,13744.53
600726.SH,2008-07-23,3.66,3.72,3.63,3.67,29760.78,10915.77
600726.SH,2008-07-24,3.66,3.72,3.65,3.71,46790.4,17293.57
600726.SH,2008-07-25,3.69,3.73,3.65,3.7,36298.9,13426.98
600726.SH,2008-07-28,3.72,3.78,3.7,3.75,41808.3,15647.13
600726.SH,2008-07-29,3.75,3.75,3.65,3.68,28704.59,10576.49
600726.SH,2008-07-30,3.74,3.74,3.65,3.69,28299.27,10474.29
600726.SH,2008-07-31,3.72,3.72,3.55,3.57,30650.41,11075.5
600726.SH,2008-08-01,3.56,3.64,3.5,3.61,22131.88,7886.13
600726.SH,2008-08-04,3.6,3.6,3.52,3.56,21939.54,7800.97
600726.SH,2008-08-05,3.56,3.58,3.47,3.48,25581.0,9056.13
600726.SH,2008-08-06,3.48,3.53,3.42,3.47,14888.98,5177.07
600726.SH,2008-08-07,3.47,3.49,3.42,3.47,15026.27,5181.87
600726.SH,2008-08-08,3.48,3.48,3.23,3.26,23882.82,7970.65
600726.SH,2008-08-11,3.26,3.33,3.0,3.02,34535.95,10738.98
600726.SH,2008-08-12,3.04,3.07,2.97,3.05,24669.34,7446.17
600726.SH,2008-08-13,3.04,3.08,2.91,3.05,27109.33,8131.68
600726.SH,2008-08-14,3.07,3.07,3.0,3.04,17333.29,5268.97
600726.SH,2008-08-15,3.04,3.06,2.96,3.02,15740.32,4755.57
600726.SH,2008-08-18,3.02,3.05,2.81,2.84,24799.99,7267.27
600726.SH,2008-08-19,2.83,3.05,2.8,3.04,44894.09,13255.18
600726.SH,2008-08-20,3.06,3.26,2.98,3.23,82454.62,25849.34
600726.SH,2008-08-21,3.2,3.2,3.01,3.03,42006.01,13012.08
600726.SH,2008-08-22,3.01,3.01,2.91,2.96,21956.94,6476.69
600726.SH,2008-08-25,2.96,3.04,2.96,2.98,17887.09,5362.43
600726.SH,2008-08-26,2.98,2.98,2.85,2.88,22340.0,6509.8
600726.SH,2008-08-27,2.9,2.92,2.82,2.88,12414.56,3556.47
600726.SH,2008-08-28,2.88,2.9,2.81,2.85,15420.93,4388.85
600726.SH,2008-08-29,2.85,2.94,2.81,2.92,24173.88,6948.83
600726.SH,2008-09-01,2.89,2.91,2.81,2.86,15646.1,4455.85
600726.SH,2008-09-02,2.83,2.93,2.8,2.9,21012.88,6032.05
600726.SH,2008-09-03,2.9,2.98,2.86,2.96,31841.95,9350.49
600726.SH,2008-09-04,2.96,2.98,2.92,2.97,18396.07,5429.8
600726.SH,2008-09-05,2.91,2.92,2.82,2.85,21205.0,6072.37
600726.SH,2008-09-08,2.84,2.9,2.71,2.72,22068.23,6149.92
600726.SH,2008-09-09,2.73,2.8,2.72,2.75,14892.61,4090.12
600726.SH,2008-09-10,2.74,2.8,2.7,2.77,14451.52,3997.65
600726.SH,2008-09-11,2.78,2.8,2.69,2.72,17783.9,4852.67
600726.SH,2008-09-12,2.75,2.82,2.75,2.78,29337.2,8204.27
600726.SH,2008-09-16,2.73,2.77,2.7,2.73,24444.7,6674.6
600726.SH,2008-09-17,2.73,2.76,2.7,2.74,26250.83,7161.58
600726.SH,2008-09-18,2.72,2.72,2.48,2.59,36638.41,9392.98
600726.SH,2008-09-19,2.84,2.85,2.75,2.85,42230.49,11944.55
600726.SH,2008-09-22,3.02,3.14,2.85,2.91,96598.84,28741.31
600726.SH,2008-09-23,2.9,2.9,2.71,2.73,46569.84,12921.89
600726.SH,2008-09-24,2.65,2.77,2.65,2.77,18191.66,4949.34
600726.SH,2008-09-25,2.78,2.86,2.75,2.85,55982.92,15803.88
600726.SH,2008-09-26,2.86,2.89,2.79,2.86,42076.0,11956.72
600726.SH,2008-10-06,2.8,2.81,2.74,2.75,23505.65,6517.87
600726.SH,2008-10-07,2.69,2.8,2.66,2.77,17951.17,4908.84
600726.SH,2008-10-08,2.68,2.78,2.68,2.74,15184.11,4149.41
600726.SH,2008-10-09,2.79,2.8,2.63,2.64,31376.69,8494.88
600726.SH,2008-10-10,2.56,2.61,2.5,2.52,30085.95,7668.6
600726.SH,2008-10-13,2.52,2.59,2.49,2.59,21393.67,5429.48
600726.SH,2008-10-14,2.66,2.68,2.52,2.55,25100.77,6527.74
600726.SH,2008-10-15,2.56,2.56,2.49,2.51,18288.97,4601.65
600726.SH,2008-10-16,2.49,2.49,2.41,2.41,20160.29,4900.99
600726.SH,2008-10-17,2.45,2.46,2.4,2.44,13302.61,3224.37
600726.SH,2008-10-20,2.43,2.5,2.39,2.48,20315.89,4973.92
600726.SH,2008-10-21,2.52,2.53,2.45,2.46,17418.0,4323.73
600726.SH,2008-10-22,2.47,2.48,2.4,2.4,19477.38,4738.71
600726.SH,2008-10-23,2.4,2.42,2.35,2.42,15182.97,3615.92
600726.SH,2008-10-24,2.42,2.44,2.37,2.38,17489.85,4198.49
600726.SH,2008-10-27,2.37,2.41,2.2,2.21,30618.84,6990.16
600726.SH,2008-10-28,2.18,2.25,2.11,2.24,24847.77,5442.25
600726.SH,2008-10-29,2.27,2.28,2.15,2.15,16929.51,3731.89
600726.SH,2008-10-30,2.16,2.21,2.13,2.2,17873.23,3896.29
600726.SH,2008-10-31,2.2,2.21,2.16,2.17,14746.3,3220.94
600726.SH,2008-11-03,2.19,2.19,2.13,2.14,9070.93,1950.78
600726.SH,2008-11-04,2.14,2.15,2.04,2.08,18360.4,3805.19
600726.SH,2008-11-05,2.08,2.15,2.08,2.14,21559.15,4578.71
600726.SH,2008-11-06,2.11,2.14,2.06,2.11,16955.1,3554.47
600726.SH,2008-11-07,2.1,2.16,2.06,2.16,26249.72,5584.1
600726.SH,2008-11-10,2.18,2.31,2.17,2.3,55769.57,12576.49
600726.SH,2008-11-11,2.26,2.31,2.22,2.26,33360.14,7593.36
600726.SH,2008-11-12,2.23,2.33,2.23,2.32,39259.17,8970.74
600726.SH,2008-11-13,2.29,2.44,2.28,2.41,72988.79,17383.7
600726.SH,2008-11-14,2.43,2.5,2.38,2.49,90915.22,22237.96
600726.SH,2008-11-17,2.49,2.73,2.47,2.73,134557.34,35275.69
600726.SH,2008-11-18,2.72,2.91,2.5,2.59,199451.22,54582.57
600726.SH,2008-11-19,2.51,2.72,2.5,2.71,114018.14,29904.31
600726.SH,2008-11-20,2.65,2.73,2.6,2.65,89878.63,23900.07
600726.SH,2008-11-21,2.6,2.68,2.5,2.6,67645.55,17541.44
600726.SH,2008-11-24,2.61,2.65,2.5,2.53,41104.87,10503.62
600726.SH,2008-11-25,2.54,2.57,2.41,2.46,30529.75,7579.66
600726.SH,2008-11-26,2.45,2.53,2.45,2.5,29090.94,7278.16
600726.SH,2008-11-27,2.66,2.69,2.53,2.53,56399.72,14686.91
600726.SH,2008-11-28,2.53,2.59,2.5,2.54,41185.0,10489.5
600726.SH,2008-12-01,2.55,2.59,2.48,2.59,45431.18,11558.63
600726.SH,2008-12-02,2.53,2.63,2.51,2.61,48413.97,12539.96
600726.SH,2008-12-03,2.61,2.68,2.6,2.68,75653.37,20082.13
600726.SH,2008-12-04,2.69,2.76,2.66,2.68,117633.84,31936.42
600726.SH,2008-12-05,2.67,2.71,2.62,2.71,54995.0,14725.35
600726.SH,2008-12-08,2.71,2.86,2.71,2.86,159773.94,44637.08
600726.SH,2008-12-09,2.86,2.86,2.72,2.73,105166.27,29163.86
600726.SH,2008-12-10,2.7,2.87,2.69,2.87,147641.62,41576.82
600726.SH,2008-12-11,2.89,3.15,2.86,3.02,308913.1,93671.46
600726.SH,2008-12-15,3.02,3.07,2.78,2.89,173439.01,49910.9
600726.SH,2008-12-16,2.87,2.87,2.66,2.81,66463.53,18324.3
600726.SH,2008-12-17,2.82,2.9,2.8,2.85,73811.5,21024.33
600726.SH,2008-12-18,2.84,2.89,2.8,2.86,52403.43,14908.84
600726.SH,2008-12-19,2.83,2.93,2.83,2.89,82772.64,23903.44
600726.SH,2008-12-22,2.87,2.88,2.81,2.83,61525.47,17448.61
600726.SH,2008-12-23,2.83,2.85,2.66,2.7,60478.48,16609.8
600726.SH,2008-12-24,2.69,2.7,2.56,2.59,48849.95,12812.95
600726.SH,2008-12-25,2.6,2.83,2.48,2.82,173893.24,45707.23
600726.SH,2008-12-26,2.77,2.81,2.63,2.79,100650.79,27365.93
600726.SH,2008-12-29,2.81,2.81,2.66,2.78,54804.05,14952.33
600726.SH,2008-12-30,2.75,2.77,2.67,2.72,43856.28,11894.68
600726.SH,2008-12-31,2.75,2.75,2.65,2.69,26253.04,7042.37
600726.SH,2009-01-05,2.69,2.75,2.69,2.73,55038.94,14961.8
600726.SH,2009-01-06,2.73,2.81,2.7,2.78,162896.68,45016.86
600726.SH,2009-01-07,2.77,2.79,2.72,2.72,78678.23,21627.91
600726.SH,2009-01-08,2.69,2.69,2.6,2.63,49116.79,12974.01
600726.SH,2009-01-09,2.65,2.75,2.63,2.7,50201.8,13626.69
600726.SH,2009-01-12,2.72,2.74,2.68,2.69,45490.51,12315.7
600726.SH,2009-01-13,2.69,2.69,2.64,2.64,27167.78,7222.07
600726.SH,2009-01-14,2.64,2.71,2.63,2.71,28604.21,7676.88
600726.SH,2009-01-15,2.68,2.73,2.66,2.7,39473.43,10679.4
600726.SH,2009-01-19,2.81,2.85,2.73,2.77,83068.6,23109.47
600726.SH,2009-01-20,2.77,2.78,2.71,2.78,37920.19,10428.38
600726.SH,2009-01-21,2.75,2.79,2.72,2.76,32368.02,8933.92
600726.SH,2009-01-22,2.76,2.78,2.73,2.77,35614.7,9818.96
600726.SH,2009-01-23,2.77,2.78,2.72,2.74,42190.0,11580.06
600726.SH,2009-02-02,2.76,2.83,2.75,2.82,68190.0,19046.03
600726.SH,2009-02-03,2.83,2.88,2.8,2.87,87398.58,24902.59
600726.SH,2009-02-04,2.88,2.95,2.87,2.94,114680.11,33355.3
600726.SH,2009-02-05,2.96,2.96,2.84,2.87,102891.19,29923.33
600726.SH,2009-02-06,2.85,3.13,2.85,3.11,230905.22,68523.12
600726.SH,2009-02-09,3.15,3.19,3.08,3.13,317523.4,99313.01
600726.SH,2009-02-10,3.11,3.15,3.03,3.14,147169.86,45392.39
600726.SH,2009-02-11,3.09,3.22,3.06,3.16,203097.79,64140.95
600726.SH,2009-02-12,3.17,3.21,3.06,3.2,164220.13,51609.22
600726.SH,2009-02-13,3.2,3.3,3.17,3.3,210346.98,68441.79
600726.SH,2009-02-16,3.33,3.43,3.3,3.42,242983.15,81813.09
600726.SH,2009-02-17,3.43,3.47,3.3,3.31,217541.96,73931.78
600726.SH,2009-02-18,3.25,3.26,3.07,3.08,163013.11,51709.74
600726.SH,2009-02-19,3.09,3.19,3.09,3.16,92915.43,29152.09
600726.SH,2009-02-20,3.16,3.23,3.12,3.23,86886.13,27674.43
600726.SH,2009-02-23,3.23,3.44,3.23,3.39,180515.3,60799.42
600726.SH,2009-02-24,3.37,3.4,3.19,3.21,161877.16,53218.83
600726.SH,2009-02-25,3.23,3.35,3.16,3.3,145736.35,47494.97
600726.SH,2009-02-26,3.3,3.39,3.05,3.14,136179.55,44668.36
600726.SH,2009-02-27,3.11,3.13,2.95,2.96,103677.52,31256.09
600726.SH,2009-03-02,2.94,3.04,2.91,3.02,43474.27,13023.18
600726.SH,2009-03-03,2.99,3.04,2.92,3.01,41134.3,12307.63
600726.SH,2009-03-04,3.01,3.17,3.01,3.17,88600.96,27552.12
600726.SH,2009-03-05,3.2,3.27,3.16,3.24,153397.01,49329.34
600726.SH,2009-03-06,3.2,3.23,3.15,3.17,64052.07,20332.97
600726.SH,2009-03-09,3.18,3.21,3.03,3.06,62321.56,19447.49
600726.SH,2009-03-10,3.01,3.14,3.01,3.13,38982.77,11989.61
600726.SH,2009-03-11,3.18,3.19,3.1,3.11,46571.92,14588.53
600726.SH,2009-03-12,3.1,3.15,3.02,3.1,45131.68,13910.89
600726.SH,2009-03-13,3.1,3.12,3.05,3.07,32002.74,9877.08
600726.SH,2009-03-16,3.07,3.09,3.03,3.08,30845.24,9458.62
600726.SH,2009-03-17,3.08,3.16,3.05,3.15,78848.87,24632.69
600726.SH,2009-03-18,3.16,3.21,3.15,3.18,97040.1,30864.11
600726.SH,2009-03-19,3.18,3.23,3.16,3.23,103801.01,33306.57
600726.SH,2009-03-23,3.25,3.27,3.19,3.27,133015.69,43099.41
600726.SH,2009-03-24,3.28,3.3,3.23,3.26,92102.4,29997.39
600726.SH,2009-03-25,3.26,3.35,3.19,3.26,207231.64,68061.81
600726.SH,2009-03-26,3.23,3.37,3.22,3.34,234413.27,77614.94
600726.SH,2009-03-27,3.34,3.44,3.33,3.38,230165.37,77777.69
600726.SH,2009-03-30,3.35,3.42,3.34,3.39,130974.21,44270.56
600726.SH,2009-03-31,3.33,3.38,3.27,3.37,94230.88,31317.89
600726.SH,2009-04-01,3.38,3.4,3.35,3.39,150370.39,50811.64
600726.SH,2009-04-02,3.39,3.44,3.36,3.39,171149.77,58151.79
600726.SH,2009-04-03,3.4,3.42,3.3,3.31,132300.49,44513.2
600726.SH,2009-04-07,3.32,3.4,3.31,3.39,102735.61,34354.47
600726.SH,2009-04-08,3.38,3.39,3.26,3.27,89307.62,29748.9
600726.SH,2009-04-09,3.24,3.3,3.21,3.29,74138.44,24110.11
600726.SH,2009-04-10,3.3,3.37,3.28,3.36,105870.62,35356.32
600726.SH,2009-04-13,3.39,3.45,3.38,3.42,176448.03,60082.42
600726.SH,2009-04-14,3.42,3.48,3.38,3.47,171096.47,58866.46
600726.SH,2009-04-15,3.46,3.49,3.34,3.48,154397.49,52980.84
600726.SH,2009-04-16,3.47,3.62,3.4,3.56,292565.49,103261.79
600726.SH,2009-04-17,3.54,3.6,3.5,3.52,203995.08,72228.07
600726.SH,2009-04-20,3.51,3.65,3.5,3.65,205879.68,74232.95
600726.SH,2009-04-21,3.62,3.75,3.59,3.73,248244.0,91928.61
600726.SH,2009-04-22,3.75,4.09,3.75,3.78,452508.59,176496.58
600726.SH,2009-04-23,3.75,3.76,3.54,3.72,209596.88,76524.68
600726.SH,2009-04-24,3.7,3.8,3.62,3.63,116138.28,42767.11
600726.SH,2009-04-27,3.63,3.67,3.42,3.44,122114.46,42951.42
600726.SH,2009-04-28,3.44,3.52,3.42,3.52,81621.43,28444.22
600726.SH,2009-04-29,3.52,3.6,3.47,3.6,96106.11,34113.64
600726.SH,2009-04-30,3.6,3.61,3.51,3.55,120032.69,42550.34
600726.SH,2009-05-04,3.57,3.68,3.57,3.68,134104.99,48677.42
600726.SH,2009-05-05,3.69,3.74,3.64,3.71,151995.14,56109.57
600726.SH,2009-05-06,3.7,3.82,3.66,3.82,195448.41,73878.6
600726.SH,2009-05-07,3.85,3.89,3.66,3.75,170046.63,63850.96
600726.SH,2009-05-08,3.71,3.79,3.66,3.77,153514.02,57327.59
600726.SH,2009-05-11,3.77,3.97,3.71,3.89,419436.82,161273.12
600726.SH,2009-05-12,3.85,3.9,3.75,3.89,333094.32,126862.47
600726.SH,2009-05-13,3.88,3.91,3.78,3.84,189676.23,72801.8
600726.SH,2009-05-14,3.8,3.87,3.79,3.82,117311.79,44878.13
600726.SH,2009-05-15,3.84,3.91,3.71,3.88,222135.6,85122.14
600726.SH,2009-05-18,3.85,3.93,3.81,3.9,182791.18,71062.27
600726.SH,2009-05-19,3.93,3.94,3.84,3.92,177225.67,68903.54
600726.SH,2009-05-20,3.93,3.96,3.88,3.89,206772.13,81290.38
600726.SH,2009-05-21,3.87,3.87,3.75,3.76,155407.73,59013.36
600726.SH,2009-05-22,3.77,3.84,3.76,3.79,91429.59,34775.99
600726.SH,2009-05-25,3.75,3.78,3.61,3.77,86299.97,31928.0
600726.SH,2009-05-26,3.78,3.88,3.78,3.8,111377.71,42745.72
600726.SH,2009-05-27,3.82,3.86,3.73,3.8,79629.32,30272.32
600726.SH,2009-06-01,3.81,3.94,3.8,3.93,209200.12,81074.33
600726.SH,2009-06-02,3.93,3.96,3.87,3.88,171268.6,66965.14
600726.SH,2009-06-03,3.86,3.94,3.85,3.89,124735.68,48618.41
600726.SH,2009-06-04,3.88,3.91,3.81,3.89,125818.27,48453.65
600726.SH,2009-06-05,3.89,3.91,3.82,3.83,97828.47,37781.49
600726.SH,2009-06-08,3.83,3.86,3.8,3.82,71921.12,27552.31
600726.SH,2009-06-09,3.82,3.85,3.76,3.85,83559.93,31819.63
600726.SH,2009-06-10,3.84,3.98,3.83,3.92,189957.97,74368.45
600726.SH,2009-06-11,3.91,3.93,3.82,3.86,117546.46,45685.17
600726.SH,2009-06-12,3.85,3.94,3.79,3.93,194917.73,75469.91
600726.SH,2009-06-15,3.93,4.04,3.89,4.03,373027.58,148628.58
600726.SH,2009-06-16,4.0,4.0,3.9,3.95,190257.25,75108.54
600726.SH,2009-06-17,3.94,3.99,3.9,3.95,124177.58,48946.2
600726.SH,2009-06-18,3.94,3.97,3.91,3.93,108253.78,42500.52
600726.SH,2009-06-19,3.92,3.96,3.88,3.94,126922.4,49713.46
600726.SH,2009-06-22,3.95,4.04,3.94,3.96,229067.17,91583.39
600726.SH,2009-06-23,3.95,3.98,3.85,3.95,123318.95,48400.87
600726.SH,2009-06-24,3.95,4.04,3.95,4.04,221299.68,88827.01
600726.SH,2009-06-25,4.09,4.23,4.09,4.11,418403.95,173932.67
600726.SH,2009-06-26,4.09,4.09,4.03,4.07,143033.37,57933.03
600726.SH,2009-06-29,4.1,4.1,4.03,4.08,120224.82,48713.06
600726.SH,2009-06-30,4.23,4.49,4.22,4.49,483066.54,215805.05
600726.SH,2009-07-01,4.5,4.94,4.47,4.94,515722.34,244277.05
600726.SH,2009-07-02,5.43,5.43,5.12,5.43,1627156.18,868047.3
600726.SH,2009-07-03,5.44,5.85,5.2,5.5,1017539.59,572770.63
600726.SH,2009-07-06,5.51,5.65,5.32,5.45,506532.32,275780.14
600726.SH,2009-07-07,5.51,5.59,5.4,5.46,430830.04,235475.15
600726.SH,2009-07-08,5.35,5.39,5.11,5.34,369844.92,195022.1
600726.SH,2009-07-09,5.29,5.35,5.2,5.34,263140.28,139025.51
600726.SH,2009-07-10,5.34,5.34,5.22,5.3,238468.37,125591.07
600726.SH,2009-07-13,5.23,5.4,5.23,5.37,282684.57,150074.95
600726.SH,2009-07-14,5.53,5.66,5.45,5.46,504611.43,278459.19
600726.SH,2009-07-15,5.42,5.43,5.31,5.38,290246.81,155722.7
600726.SH,2009-07-16,5.38,5.43,5.31,5.34,234841.4,125982.17
600726.SH,2009-07-17,5.31,5.31,5.2,5.3,237619.13,124788.27
600726.SH,2009-07-20,5.3,5.34,5.25,5.33,268354.51,142343.2
600726.SH,2009-07-21,5.29,5.3,5.16,5.18,242716.82,126803.66
600726.SH,2009-07-22,5.17,5.48,5.14,5.45,410958.76,218410.44
600726.SH,2009-07-23,5.51,5.88,5.51,5.63,936545.8,530075.29
600726.SH,2009-07-24,5.58,5.59,5.32,5.44,374802.22,204205.2
600726.SH,2009-07-27,5.44,5.6,5.36,5.56,344758.62,187793.61
600726.SH,2009-07-28,5.56,5.56,5.41,5.48,213771.08,116848.69
600726.SH,2009-07-29,5.48,5.56,4.93,5.12,320752.08,170689.23
600726.SH,2009-07-30,5.1,5.19,4.9,5.08,232433.46,117057.08
600726.SH,2009-07-31,5.1,5.35,5.04,5.29,280699.95,147581.71
600726.SH,2009-08-03,5.3,5.49,5.25,5.4,256150.69,137873.52
600726.SH,2009-08-04,5.42,5.44,5.26,5.35,210196.47,111637.55
600726.SH,2009-08-05,5.3,5.45,5.24,5.39,221412.65,118271.35
600726.SH,2009-08-06,5.38,5.38,5.17,5.26,147461.88,77770.46
600726.SH,2009-08-07,5.25,5.3,5.05,5.09,130776.1,67759.06
600726.SH,2009-08-10,5.1,5.3,5.05,5.16,92796.32,47774.45
600726.SH,2009-08-11,5.17,5.18,5.09,5.15,53564.41,27481.56
600726.SH,2009-08-12,5.15,5.15,4.88,4.9,117706.86,58855.56
600726.SH,2009-08-13,4.89,4.94,4.78,4.87,87055.67,42211.79
600726.SH,2009-08-14,4.87,4.88,4.5,4.51,118798.86,55047.85
600726.SH,2009-08-17,4.47,4.47,4.09,4.1,125826.2,53422.81
600726.SH,2009-08-18,4.05,4.38,4.03,4.36,138844.0,58629.5
600726.SH,2009-08-19,4.37,4.49,4.2,4.25,176763.52,77451.74
600726.SH,2009-08-20,4.26,4.39,4.23,4.38,101927.32,44131.82
600726.SH,2009-08-21,4.4,4.49,4.35,4.45,110883.12,49091.75
600726.SH,2009-08-24,4.45,4.47,4.35,4.43,101725.34,44910.29
600726.SH,2009-08-25,4.45,4.45,4.17,4.31,105498.6,45147.35
600726.SH,2009-08-26,4.26,4.44,4.12,4.4,93872.04,40898.95
600726.SH,2009-08-27,4.39,4.61,4.35,4.5,143393.99,64750.08
600726.SH,2009-08-31,4.4,4.4,4.13,4.15,87627.72,36906.04
600726.SH,2009-09-01,4.14,4.2,4.05,4.11,64594.8,26712.35
600726.SH,2009-09-02,4.1,4.17,4.0,4.09,49844.63,20373.52
600726.SH,2009-09-03,4.1,4.5,4.1,4.5,170225.49,73960.44
600726.SH,2009-09-04,4.58,4.6,4.43,4.49,238560.62,107649.3
600726.SH,2009-09-07,4.5,4.51,4.42,4.45,123245.69,54997.24
600726.SH,2009-09-08,4.46,4.6,4.4,4.56,183031.53,83222.54
600726.SH,2009-09-09,4.5,4.54,4.4,4.48,131475.16,58525.49
600726.SH,2009-09-10,4.46,4.46,4.35,4.38,105888.98,46646.98
600726.SH,2009-09-11,4.38,4.45,4.35,4.42,89776.81,39715.72
600726.SH,2009-09-14,4.44,4.54,4.44,4.53,138330.76,62298.58
600726.SH,2009-09-15,4.57,4.61,4.51,4.55,154604.09,70444.14
600726.SH,2009-09-16,4.55,4.55,4.4,4.47,128532.39,57443.86
600726.SH,2009-09-17,4.43,4.92,4.43,4.92,364956.98,174986.9
600726.SH,2009-09-18,5.11,5.25,4.85,4.93,677612.53,345102.85
600726.SH,2009-09-21,4.87,4.94,4.65,4.88,188117.48,90251.66
600726.SH,2009-09-22,4.86,4.88,4.68,4.69,132137.21,63216.83
600726.SH,2009-09-23,4.68,4.75,4.5,4.51,112268.74,51393.41
600726.SH,2009-09-24,4.49,4.51,4.28,4.42,104637.67,46010.23
600726.SH,2009-09-25,4.41,4.49,4.37,4.45,62996.91,27921.28
600726.SH,2009-09-28,4.49,4.52,4.22,4.29,58603.43,25725.8
600726.SH,2009-09-29,4.27,4.3,4.09,4.15,74109.72,30848.66
600726.SH,2009-09-30,4.18,4.24,4.11,4.2,58032.65,24330.29
600726.SH,2009-10-09,4.22,4.62,4.22,4.62,155221.44,69065.92
600726.SH,2009-10-12,4.73,4.75,4.58,4.59,258137.05,120659.3
600726.SH,2009-10-13,4.52,4.74,4.51,4.67,103943.43,48295.95
600726.SH,2009-10-14,4.67,4.72,4.61,4.64,129396.14,60354.61
600726.SH,2009-10-15,4.64,4.7,4.58,4.61,80651.03,37321.57
600726.SH,2009-10-16,4.61,4.68,4.49,4.59,87573.56,39967.59
600726.SH,2009-10-19,4.6,4.68,4.54,4.68,109133.04,50628.73
600726.SH,2009-10-20,4.71,4.75,4.65,4.73,145174.04,68307.52
600726.SH,2009-10-21,4.73,5.15,4.68,4.83,315159.41,155512.66
600726.SH,2009-10-22,4.81,4.88,4.71,4.77,146798.97,70265.41
600726.SH,2009-10-23,4.78,4.92,4.78,4.85,148434.36,72234.81
600726.SH,2009-10-26,4.86,4.87,4.71,4.82,108208.91,51638.71
600726.SH,2009-10-27,4.8,4.8,4.58,4.6,122107.45,56977.09
600726.SH,2009-10-28,4.6,4.8,4.51,4.69,83848.45,38991.73
600726.SH,2009-10-29,4.6,4.65,4.55,4.56,67556.98,30970.58
600726.SH,2009-10-30,4.62,4.67,4.59,4.59,61345.23,28375.83
600726.SH,2009-11-02,4.52,4.75,4.48,4.74,106980.75,49503.03
600726.SH,2009-11-03,4.77,4.86,4.71,4.86,199277.21,95748.59
600726.SH,2009-11-04,4.95,5.03,4.86,4.89,337580.28,166787.0
600726.SH,2009-11-05,4.84,4.93,4.81,4.9,149114.04,72841.05
600726.SH,2009-11-06,4.93,4.97,4.88,4.92,177821.33,87598.34
600726.SH,2009-11-09,5.06,5.2,4.99,5.08,416145.58,212134.14
600726.SH,2009-11-10,5.09,5.12,4.99,5.0,203794.43,102450.78
600726.SH,2009-11-11,5.0,5.03,4.93,4.99,115988.92,57697.54
600726.SH,2009-11-12,4.99,5.09,4.94,5.03,165318.78,83098.16
600726.SH,2009-11-13,5.03,5.08,4.94,5.03,119820.0,59996.13
600726.SH,2009-11-16,5.05,5.3,5.05,5.27,502958.92,261082.91
600726.SH,2009-11-17,5.25,5.26,5.13,5.19,306367.31,158482.62
600726.SH,2009-11-18,5.19,5.26,5.15,5.21,228600.4,118913.48
600726.SH,2009-11-19,5.2,5.28,5.15,5.28,288799.56,150823.58
600726.SH,2009-11-20,5.39,5.43,5.23,5.24,379624.94,201833.3
600726.SH,2009-11-23,5.26,5.27,5.19,5.27,240090.68,125710.3
600726.SH,2009-11-24,5.27,5.38,5.02,5.05,356644.99,186899.07
600726.SH,2009-11-25,5.06,5.2,5.03,5.18,206483.09,105566.15
600726.SH,2009-11-26,5.18,5.25,4.95,4.98,220284.56,112090.73
600726.SH,2009-11-27,4.95,5.01,4.8,4.86,119365.15,58455.01
600726.SH,2009-11-30,4.89,5.02,4.86,5.02,116964.35,58066.72
600726.SH,2009-12-01,5.04,5.2,5.0,5.18,189799.92,96865.37
600726.SH,2009-12-02,5.2,5.22,5.11,5.2,214117.49,111027.99
600726.SH,2009-12-03,5.23,5.34,5.16,5.3,345580.85,181878.53
600726.SH,2009-12-04,5.5,5.64,5.35,5.38,925566.69,509560.2
600726.SH,2009-12-07,5.28,5.34,5.2,5.33,269962.27,142091.67
600726.SH,2009-12-08,5.29,5.29,5.16,5.22,200217.39,104358.74
600726.SH,2009-12-09,5.18,5.2,5.08,5.11,127751.11,65589.36
600726.SH,2009-12-10,5.13,5.17,5.09,5.15,97556.14,50044.36
600726.SH,2009-12-11,5.15,5.17,5.08,5.11,91101.63,46636.85
600726.SH,2009-12-14,5.1,5.13,4.98,5.12,100763.98,50909.31
600726.SH,2009-12-15,5.1,5.11,5.02,5.07,73410.9,37236.36
600726.SH,2009-12-16,5.04,5.11,5.03,5.06,60181.31,30471.23
600726.SH,2009-12-17,5.07,5.15,4.95,4.96,80290.23,40310.69
600726.SH,2009-12-18,4.92,4.95,4.76,4.78,87198.69,42253.47
600726.SH,2009-12-21,4.77,4.9,4.77,4.89,51074.08,24648.39
600726.SH,2009-12-22,4.88,4.9,4.69,4.7,50176.35,24021.88
600726.SH,2009-12-23,4.7,4.76,4.63,4.72,62784.87,29454.4
600726.SH,2009-12-24,4.72,4.83,4.72,4.83,63831.22,30569.73
600726.SH,2009-12-25,4.83,4.83,4.75,4.81,47594.76,22824.84
600726.SH,2009-12-28,4.79,4.87,4.79,4.86,53361.4,25853.73
600726.SH,2009-12-29,4.85,4.88,4.79,4.84,66144.65,31946.26
600726.SH,2009-12-30,4.83,4.86,4.71,4.86,68766.31,32998.51
600726.SH,2009-12-31,4.85,4.89,4.8,4.88,76302.39,37101.68
600726.SH,2015-01-05,4.53,4.72,4.51,4.67,287291.19,133703.63
600726.SH,2015-01-06,4.67,4.7,4.55,4.63,190533.17,87904.12
600726.SH,2015-01-07,4.6,4.75,4.56,4.75,304873.08,142114.75
600726.SH,2015-01-08,4.72,4.72,4.57,4.59,180070.61,83333.55
600726.SH,2015-01-09,4.53,4.62,4.5,4.51,142379.38,64924.78
600726.SH,2015-01-12,4.5,4.5,4.28,4.3,150239.23,65568.15
600726.SH,2015-01-13,4.28,4.35,4.25,4.29,88484.91,37948.94
600726.SH,2015-01-14,4.32,4.32,4.18,4.21,85751.33,36424.94
600726.SH,2015-01-15,4.52,4.63,4.52,4.63,189111.73,87162.46
600726.SH,2015-01-16,5.05,5.06,4.71,4.74,856598.1,414855.75
600726.SH,2015-01-19,4.5,4.63,4.28,4.46,317321.55,142569.21
600726.SH,2015-01-20,4.5,4.56,4.46,4.52,187553.1,84663.11
600726.SH,2015-01-21,4.53,4.73,4.45,4.67,295818.97,135935.5
600726.SH,2015-01-22,4.67,4.67,4.56,4.67,245412.58,113616.67
600726.SH,2015-01-23,4.66,4.66,4.59,4.6,163221.78,75378.03
600726.SH,2015-01-26,4.6,4.64,4.59,4.64,130869.88,60379.55
600726.SH,2015-01-27,4.66,4.68,4.54,4.61,177457.74,81699.37
600726.SH,2015-01-28,4.6,4.67,4.56,4.62,140714.5,65232.61
600726.SH,2015-01-29,4.6,4.77,4.55,4.72,329632.59,154808.34
600726.SH,2015-01-30,4.71,4.8,4.68,4.73,296856.76,141034.92
600726.SH,2015-02-02,4.7,4.7,4.49,4.54,166443.76,75938.67
600726.SH,2015-02-03,4.54,4.59,4.51,4.55,106370.31,48356.65
600726.SH,2015-02-04,4.58,4.64,4.53,4.55,104016.68,47679.44
600726.SH,2015-02-05,4.59,4.62,4.4,4.44,134210.11,60504.42
600726.SH,2015-02-06,4.39,4.39,4.23,4.25,125655.37,53975.63
600726.SH,2015-02-09,4.24,4.38,4.2,4.29,70191.29,30170.79
600726.SH,2015-02-10,4.31,4.34,4.3,4.33,40960.45,17685.69
600726.SH,2015-02-11,4.33,4.36,4.26,4.31,64690.89,27881.51
600726.SH,2015-02-12,4.31,4.34,4.26,4.33,60216.34,25885.57
600726.SH,2015-02-13,4.34,4.42,4.33,4.36,85714.27,37559.4
600726.SH,2015-02-16,4.36,4.45,4.36,4.44,74481.48,32941.34
600726.SH,2015-02-17,4.45,4.47,4.43,4.46,58463.7,25993.55
600726.SH,2015-02-25,4.45,4.48,4.4,4.45,68573.73,30471.38
600726.SH,2015-02-26,4.43,4.56,4.41,4.55,152952.82,68926.16
600726.SH,2015-02-27,4.58,4.58,4.51,4.55,102628.86,46605.14
600726.SH,2015-03-02,4.58,4.6,4.54,4.6,148342.69,67861.41
600726.SH,2015-03-03,4.6,4.6,4.52,4.53,119278.48,54171.01
600726.SH,2015-03-04,4.51,4.56,4.5,4.55,101116.74,45820.67
600726.SH,2015-03-05,4.55,4.56,4.45,4.46,106067.17,47639.02
600726.SH,2015-03-06,4.46,4.52,4.43,4.47,76524.67,34318.06
600726.SH,2015-03-09,4.48,4.66,4.4,4.65,274278.71,126096.84
600726.SH,2015-03-10,4.65,4.69,4.6,4.62,140009.3,64913.81
600726.SH,2015-03-11,4.61,4.62,4.5,4.53,153398.73,69809.87
600726.SH,2015-03-12,4.53,4.57,4.52,4.55,95214.56,43235.96
600726.SH,2015-03-13,4.55,4.58,4.54,4.57,100789.5,45962.63
600726.SH,2015-03-16,4.6,4.68,4.57,4.66,208037.67,96576.78
600726.SH,2015-03-17,4.68,4.8,4.67,4.75,330151.04,156171.19
600726.SH,2015-03-18,4.79,4.91,4.75,4.91,389019.39,188624.69
600726.SH,2015-03-19,4.98,5.34,4.98,5.13,682819.7,351991.09
600726.SH,2015-03-20,5.13,5.25,5.05,5.13,418937.27,215128.66
600726.SH,2015-03-23,5.15,5.25,5.12,5.25,433341.21,225143.0
600726.SH,2015-03-24,5.25,5.48,5.15,5.35,567485.18,301383.73
600726.SH,2015-03-25,5.34,5.34,5.18,5.22,306930.54,160371.43
600726.SH,2015-03-26,5.19,5.21,5.1,5.12,249233.47,128256.54
600726.SH,2015-03-27,5.12,5.21,5.12,5.18,160241.31,82721.95
600726.SH,2015-03-30,5.18,5.3,5.18,5.3,314183.43,165372.04
600726.SH,2015-03-31,5.31,5.35,5.17,5.18,289468.69,151534.5
600726.SH,2015-04-01,5.12,5.23,5.12,5.22,196552.59,102188.22
600726.SH,2015-04-02,5.23,5.35,5.2,5.33,352329.8,185652.87
600726.SH,2015-04-03,5.31,5.39,5.24,5.38,353674.39,189071.91
600726.SH,2015-04-07,5.42,5.57,5.42,5.53,472620.56,260891.28
600726.SH,2015-04-08,5.54,5.57,5.34,5.41,364206.79,198304.31
600726.SH,2015-04-09,5.41,5.41,5.13,5.24,315812.54,165522.01
600726.SH,2015-04-10,5.25,5.37,5.21,5.34,235923.67,125456.48
600726.SH,2015-04-13,5.37,5.68,5.37,5.62,548934.92,305831.28
600726.SH,2015-04-14,5.68,6.18,5.65,6.16,987924.37,596861.57
600726.SH,2015-04-15,6.11,6.12,5.74,5.76,601830.55,355765.85
600726.SH,2015-04-16,5.76,6.0,5.5,5.88,360702.67,209553.97
600726.SH,2015-04-17,5.92,6.24,5.88,6.09,578413.36,351231.74
600726.SH,2015-04-20,6.08,6.25,5.72,5.93,587909.1,353981.24
600726.SH,2015-04-21,5.93,6.04,5.82,6.03,405599.97,240922.17
600726.SH,2015-04-22,6.03,6.49,6.03,6.37,760480.0,477101.65
600726.SH,2015-04-23,6.38,6.43,6.26,6.36,601689.02,382241.32
600726.SH,2015-04-24,6.3,6.39,6.19,6.29,367396.63,230650.07
600726.SH,2015-04-27,6.32,6.66,6.25,6.64,739101.95,477045.54
600726.SH,2015-04-28,6.65,7.1,6.51,6.99,944148.2,649942.06
600726.SH,2015-04-29,7.0,7.08,6.71,6.93,602107.59,414686.83
600726.SH,2015-04-30,7.0,7.58,6.93,7.47,882147.91,651301.44
600726.SH,2015-05-04,7.52,8.22,7.51,8.22,664724.02,534698.42
600726.SH,2015-05-05,9.0,9.04,8.28,8.44,1975981.1,1723564.92
600726.SH,2015-05-06,7.9,8.8,7.73,8.13,1207631.43,989233.11
600726.SH,2015-05-07,7.82,7.96,7.32,7.32,681092.09,512370.9
600726.SH,2015-05-08,7.3,7.55,7.0,7.39,701051.74,509419.8
600726.SH,2015-05-11,7.5,7.65,7.23,7.62,626665.85,471537.86
600726.SH,2015-05-12,7.67,8.26,7.51,8.16,967831.38,766314.41
600726.SH,2015-05-13,8.15,8.15,7.77,7.83,665898.28,526395.05
600726.SH,2015-05-14,7.83,8.14,7.6,7.82,683215.13,536645.72
600726.SH,2015-05-15,7.7,7.71,7.27,7.48,556158.81,415606.58
600726.SH,2015-05-18,7.4,7.48,7.28,7.33,326167.24,240193.83
600726.SH,2015-05-19,7.32,7.55,7.27,7.5,353719.52,263978.46
600726.SH,2015-05-20,7.5,7.62,7.46,7.52,505277.04,380640.23
600726.SH,2015-05-21,7.57,7.66,7.45,7.65,503353.42,379877.9
600726.SH,2015-05-22,7.77,8.09,7.66,7.98,822776.96,649832.89
600726.SH,2015-05-25,8.0,8.3,8.0,8.3,844660.43,691394.0
600726.SH,2015-05-26,8.3,8.47,8.01,8.35,948054.45,780738.59
600726.SH,2015-05-27,8.3,9.14,8.06,9.11,1185205.7,1000926.18
600726.SH,2015-05-28,8.91,9.46,8.2,8.2,1221466.27,1086511.47
600726.SH,2015-05-29,8.0,8.36,7.42,8.07,708424.58,567593.02
600726.SH,2015-06-01,8.17,8.68,8.09,8.66,750705.65,635467.63
600726.SH,2015-06-02,8.66,8.85,8.52,8.84,790381.6,687400.94
600726.SH,2015-06-03,8.88,8.93,8.45,8.69,579294.38,502353.86
600726.SH,2015-06-04,8.66,8.66,8.01,8.56,500201.48,420282.09
600726.SH,2015-06-05,8.67,8.97,8.62,8.96,957394.64,845006.75
600726.SH,2015-06-08,9.07,9.58,9.07,9.53,1214405.33,1140331.2
600726.SH,2015-06-09,9.54,9.65,9.1,9.59,843235.89,789671.12
600726.SH,2015-06-10,9.5,9.58,9.22,9.34,613652.85,577583.3
600726.SH,2015-06-11,9.29,9.32,9.1,9.23,531494.47,488869.13
600726.SH,2015-06-12,9.23,9.91,9.23,9.77,989124.32,944372.78
600726.SH,2015-06-15,9.77,10.34,9.67,9.98,1018870.32,1026089.76
600726.SH,2015-06-16,9.77,9.8,9.15,9.25,666446.44,631375.19
600726.SH,2015-06-17,9.09,10.18,8.92,10.18,934427.82,904074.58
600726.SH,2015-06-18,10.4,11.16,10.2,10.52,1581614.88,1694569.43
600726.SH,2015-06-19,10.3,11.48,10.1,11.04,1732963.05,1910803.08
600726.SH,2015-06-23,11.06,12.14,9.94,12.14,2087067.45,2318910.34
600726.SH,2015-06-24,12.3,13.35,11.91,13.35,1053654.58,1350864.09
600726.SH,2015-06-25,14.28,14.69,13.63,14.69,2500571.38,3615535.88
600726.SH,2015-06-26,13.86,16.1,13.81,15.18,2972230.25,4459408.2
600726.SH,2015-06-29,15.77,15.77,13.66,14.08,2181831.62,3187572.77
600726.SH,2015-06-30,13.3,13.97,12.67,12.98,1894849.31,2486469.27
600726.SH,2015-07-01,12.9,13.59,11.68,11.7,1650909.68,2111549.78
600726.SH,2015-07-02,11.3,11.44,10.53,10.53,956663.12,1025716.76
600726.SH,2015-07-03,9.48,10.21,9.48,9.48,842661.34,806478.41
600726.SH,2015-07-06,10.0,10.38,8.53,8.53,1358290.72,1253676.39
600726.SH,2015-07-07,7.85,8.08,7.68,7.68,435572.89,336472.92
600726.SH,2015-07-08,6.91,6.91,6.91,6.91,17880.0,12355.08
600726.SH,2015-07-09,6.22,7.6,6.22,7.6,1778311.81,1244091.38
600726.SH,2015-07-10,7.76,8.36,7.76,8.36,1442111.33,1185019.08
600726.SH,2015-07-13,8.75,9.2,8.36,9.2,1545373.03,1382226.74
600726.SH,2015-07-14,9.04,9.99,8.69,8.99,1722836.07,1604833.43
600726.SH,2015-07-15,8.6,8.84,8.09,8.09,791071.58,656884.58
600726.SH,2015-07-16,7.29,8.5,7.29,8.09,890621.05,711846.21
600726.SH,2015-07-17,8.09,8.89,8.0,8.71,926160.64,785133.96
600726.SH,2015-07-20,8.78,9.22,8.55,8.96,1043644.9,928871.49
600726.SH,2015-07-21,8.77,9.66,8.58,9.59,1352535.37,1262729.88
600726.SH,2015-07-22,9.36,10.55,8.97,10.55,1734716.31,1694210.14
600726.SH,2015-07-23,10.9,11.61,10.54,11.61,2135431.57,2364393.22
600726.SH,2015-07-24,11.62,12.42,10.89,11.49,2050573.83,2442131.36
600726.SH,2015-07-27,11.0,12.34,10.7,10.83,1803825.24,2095966.55
600726.SH,2015-07-28,10.14,11.91,9.8,11.91,1852285.66,2017379.03
600726.SH,2015-07-29,12.1,13.1,11.95,13.1,1948058.94,2443948.3
600726.SH,2015-07-30,13.39,13.78,12.45,12.61,2320142.13,3045740.54
600726.SH,2015-07-31,12.06,12.48,11.35,11.35,1328896.08,1576158.9
600726.SH,2015-08-03,10.8,11.18,10.22,10.22,953509.61,1000790.02
600726.SH,2015-08-04,10.25,11.24,10.25,11.24,1173881.37,1289428.73
600726.SH,2015-08-05,11.53,12.25,11.33,11.83,1810496.45,2135746.98
600726.SH,2015-08-06,11.28,11.7,11.01,11.19,970575.3,1100342.11
600726.SH,2015-08-07,11.45,12.0,11.45,11.61,1047049.86,1228615.92
600726.SH,2015-08-10,12.06,12.77,11.89,12.77,1211875.35,1499905.96
600726.SH,2015-08-11,13.17,13.58,12.28,12.9,2108135.58,2730247.39
600726.SH,2015-08-12,12.59,13.3,12.45,13.04,1372861.03,1773339.6
600726.SH,2015-08-13,12.88,13.78,12.5,13.66,1535077.77,2016213.43
600726.SH,2015-08-14,13.66,13.98,13.28,13.44,1422567.08,1937223.07
600726.SH,2015-08-17,13.38,13.96,12.9,13.47,1357609.47,1824748.71
600726.SH,2015-08-18,13.2,13.4,12.12,12.12,1261378.31,1587978.01
600726.SH,2015-08-19,11.3,12.58,11.0,12.23,1025929.11,1194810.86
600726.SH,2015-08-20,12.1,12.1,11.1,11.13,660468.71,764402.88
600726.SH,2015-08-21,11.0,11.82,10.5,11.19,752351.93,845318.72
600726.SH,2015-08-24,10.7,10.92,10.07,10.07,507188.77,519275.02
600726.SH,2015-08-25,9.07,9.46,9.06,9.06,398694.33,363845.66
600726.SH,2015-08-26,9.12,9.58,8.15,8.27,792854.27,705193.06
600726.SH,2015-08-27,8.4,8.8,7.9,8.79,700230.78,594559.72
600726.SH,2015-08-28,8.99,9.67,8.78,9.67,834137.22,773786.99
600726.SH,2015-08-31,9.6,9.6,9.0,9.03,698480.15,645011.3
600726.SH,2015-09-01,8.95,8.96,8.13,8.13,588740.34,489144.91
600726.SH,2015-09-02,7.48,8.45,7.35,7.37,496791.2,386709.39
600726.SH,2015-09-07,7.65,7.97,7.4,7.58,489979.79,377420.51
600726.SH,2015-09-08,7.58,7.98,7.2,7.88,416827.29,316930.85
600726.SH,2015-09-09,7.91,8.39,7.91,8.35,623911.61,511314.42
600726.SH,2015-09-10,8.24,8.39,8.0,8.06,466799.17,382510.84
600726.SH,2015-09-11,8.0,8.16,7.8,8.06,336993.05,269927.65
600726.SH,2015-09-14,8.28,8.37,7.25,7.25,495190.91,385929.02
600726.SH,2015-09-15,6.75,7.16,6.53,6.53,407186.58,274456.97
600726.SH,2015-09-16,6.59,7.18,6.5,7.18,451020.77,308083.05
600726.SH,2015-09-17,7.18,7.8,6.9,7.11,698684.07,517072.09
600726.SH,2015-09-18,7.13,7.38,7.0,7.18,437140.16,312429.29
600726.SH,2015-09-21,6.98,7.45,6.92,7.39,434067.76,316369.33
600726.SH,2015-09-22,7.4,7.5,7.18,7.31,428925.44,315128.61
600726.SH,2015-09-23,7.15,7.48,7.08,7.32,382384.99,278653.63
600726.SH,2015-09-24,7.26,7.65,7.26,7.52,479865.36,357879.97
600726.SH,2015-09-25,7.4,7.54,6.98,7.1,389019.11,281193.79
600726.SH,2015-09-28,7.13,7.19,6.91,7.12,215224.61,151969.06
600726.SH,2015-09-29,6.98,7.02,6.72,6.81,222906.71,153338.23
600726.SH,2015-09-30,6.91,6.96,6.76,6.83,140061.65,95889.18
600726.SH,2015-10-08,7.1,7.25,7.01,7.17,273023.53,194367.64
600726.SH,2015-10-09,7.17,7.42,7.07,7.27,366306.81,264826.5
600726.SH,2015-10-12,7.27,7.74,7.21,7.62,553275.29,415915.66
600726.SH,2015-10-13,7.55,7.72,7.46,7.7,456866.89,347029.42
600726.SH,2015-10-14,7.69,7.78,7.41,7.42,405238.5,307957.13
600726.SH,2015-10-15,7.33,8.07,7.31,7.89,683803.39,530450.09
600726.SH,2015-10-16,8.0,8.25,7.8,8.11,765035.92,616860.45
600726.SH,2015-10-19,8.1,8.11,7.72,7.91,583234.05,461525.18
600726.SH,2015-10-20,7.89,8.04,7.81,8.03,420458.61,333221.86
600726.SH,2015-10-21,8.03,8.49,7.51,7.73,1005796.37,812675.08
600726.SH,2015-10-22,7.6,8.0,7.45,7.96,594915.8,461358.94
600726.SH,2015-10-23,8.0,8.01,7.72,7.91,516623.83,406817.49
600726.SH,2015-10-26,8.01,8.4,7.85,8.2,716463.21,582802.83
600726.SH,2015-10-27,8.03,8.13,7.69,8.02,507520.27,401443.89
600726.SH,2015-10-28,7.99,8.11,7.71,7.75,350746.12,277276.11
600726.SH,2015-10-29,7.83,7.9,7.65,7.76,259200.66,201174.73
600726.SH,2015-10-30,7.71,7.72,7.5,7.59,285613.89,217339.6
600726.SH,2015-11-02,7.32,7.49,7.2,7.23,278824.33,205011.15
600726.SH,2015-11-03,7.22,7.36,7.12,7.17,175125.24,126304.75
600726.SH,2015-11-04,7.25,7.5,7.2,7.5,299880.45,221413.58
600726.SH,2015-11-05,7.53,8.1,7.53,7.85,733361.15,573926.62
600726.SH,2015-11-06,7.88,7.88,7.6,7.85,528046.34,411019.82
600726.SH,2015-11-09,7.75,8.2,7.65,8.02,683435.56,542903.85
600726.SH,2015-11-10,7.95,7.95,7.78,7.9,434248.14,342329.93
600726.SH,2015-11-11,7.89,8.04,7.82,7.99,414445.09,329010.65
600726.SH,2015-11-12,7.98,7.99,7.78,7.84,390537.6,306523.69
600726.SH,2015-11-13,7.81,8.13,7.73,7.88,609619.78,486729.99
600726.SH,2015-11-16,7.64,7.8,7.55,7.79,333920.93,256539.73
600726.SH,2015-11-17,7.83,7.99,7.78,7.84,464194.19,365475.87
600726.SH,2015-11-18,7.8,7.87,7.58,7.64,313763.27,242065.51
600726.SH,2015-11-19,7.66,7.69,7.49,7.68,242919.04,184625.59
600726.SH,2015-11-20,7.7,7.73,7.6,7.64,279045.91,213115.66
600726.SH,2015-11-23,7.64,7.66,7.5,7.52,249596.66,189167.22
600726.SH,2015-11-24,7.48,7.55,7.32,7.54,230478.81,171004.43
600726.SH,2015-11-25,7.51,7.56,7.44,7.52,205832.92,154286.43
600726.SH,2015-11-26,7.53,7.6,7.44,7.51,273629.83,205527.2
600726.SH,2015-11-27,7.47,7.5,6.85,6.92,346696.01,250265.73
600726.SH,2015-11-30,6.92,7.11,6.55,6.95,268842.35,185893.15
600726.SH,2015-12-01,6.96,6.98,6.78,6.86,199922.02,136948.2
600726.SH,2015-12-02,6.89,6.98,6.7,6.95,206176.36,140996.84
600726.SH,2015-12-03,6.96,7.13,6.92,7.05,176933.56,124476.45
600726.SH,2015-12-04,7.05,7.1,6.9,6.92,171003.97,119370.63
600726.SH,2015-12-07,6.92,6.95,6.85,6.89,126150.26,86895.76
600726.SH,2015-12-08,6.87,6.87,6.65,6.67,177747.06,119314.54
600726.SH,2015-12-09,6.61,6.69,6.58,6.66,118727.44,78783.58
600726.SH,2015-12-10,6.65,6.69,6.55,6.57,125430.5,82883.76
600726.SH,2015-12-11,6.56,6.62,6.5,6.55,102816.75,67300.44
600726.SH,2015-12-14,6.54,7.21,6.46,7.21,391644.5,273070.45
600726.SH,2015-12-15,7.49,7.87,7.35,7.56,845579.89,641690.06
600726.SH,2015-12-16,7.32,7.75,7.32,7.49,579240.39,435652.82
600726.SH,2015-12-17,7.48,7.69,7.41,7.59,548123.11,413370.5
600726.SH,2015-12-18,7.56,7.74,7.46,7.6,493457.78,374425.71
600726.SH,2015-12-21,7.51,7.6,7.42,7.5,345757.26,259462.66
600726.SH,2015-12-22,7.54,7.58,7.39,7.44,261625.46,194904.57
600726.SH,2015-12-23,7.48,7.49,7.2,7.22,284267.59,209168.44
600726.SH,2015-12-24,7.12,7.4,7.05,7.22,246749.11,178905.93
600726.SH,2015-12-25,7.17,7.22,7.06,7.15,188881.36,134876.72
600726.SH,2015-12-28,7.16,7.2,6.9,6.91,222642.51,157353.11
600726.SH,2015-12-29,6.9,6.98,6.8,6.98,151763.64,104600.89
600726.SH,2015-12-30,6.95,6.99,6.89,6.93,114059.01,79101.21
600726.SH,2015-12-31,6.96,7.19,6.95,6.97,177213.96,125135.41
600726.SH,2016-01-04,7.0,7.03,6.36,6.39,148520.42,99119.12
600726.SH,2016-01-05,6.2,6.59,6.0,6.36,210308.41,132565.7
600726.SH,2016-01-06,6.38,6.63,6.38,6.62,192822.04,125473.71
600726.SH,2016-01-07,6.5,6.5,5.98,6.01,51991.36,32357.42
600726.SH,2016-01-08,6.19,6.3,5.62,6.16,208044.99,127540.34
600726.SH,2016-01-11,5.92,6.2,5.71,5.77,177592.21,106314.67
600726.SH,2016-01-12,5.78,5.89,5.61,5.8,140678.51,80934.31
600726.SH,2016-01-13,5.85,5.88,5.54,5.57,127138.73,72780.76
600726.SH,2016-01-14,5.36,5.69,5.28,5.63,157174.71,86091.69
600726.SH,2016-01-15,5.58,5.58,5.24,5.29,143770.29,77868.96
600726.SH,2016-01-18,5.2,5.6,5.1,5.36,147926.32,79487.44
600726.SH,2016-01-19,5.29,5.58,5.23,5.55,192532.46,104845.62
600726.SH,2016-01-20,5.5,5.85,5.37,5.61,256453.16,144259.48
600726.SH,2016-01-21,5.4,5.58,5.28,5.29,175525.08,95331.29
600726.SH,2016-01-22,5.31,5.4,5.2,5.35,87841.51,46747.85
600726.SH,2016-01-25,5.38,5.43,5.33,5.38,76232.14,41086.52
600726.SH,2016-01-26,5.33,5.5,4.9,4.93,173019.06,90783.39
600726.SH,2016-01-27,4.93,5.01,4.55,4.77,147598.96,70663.3
600726.SH,2016-01-28,4.75,4.79,4.4,4.42,87998.98,40856.57
600726.SH,2016-01-29,4.38,4.59,4.36,4.55,117779.83,53150.11
600726.SH,2016-02-01,4.55,4.56,4.28,4.41,74944.04,33334.28
600726.SH,2016-02-02,4.41,4.6,4.4,4.54,101583.28,45914.91
600726.SH,2016-02-03,4.5,4.54,4.42,4.53,68888.41,30821.59
600726.SH,2016-02-04,4.55,4.68,4.51,4.63,118013.27,54431.01
600726.SH,2016-02-05,4.63,4.74,4.57,4.58,109423.19,50919.18
600726.SH,2016-02-15,4.39,4.55,4.35,4.5,72444.9,32307.02
600726.SH,2016-02-16,4.52,4.74,4.5,4.72,132177.63,61747.47
600726.SH,2016-02-17,4.74,4.89,4.66,4.86,198289.02,95271.88
600726.SH,2016-02-18,4.86,4.97,4.76,4.88,190656.44,92386.28
600726.SH,2016-02-19,4.83,4.87,4.77,4.85,110055.39,53050.38
600726.SH,2016-02-22,4.89,4.99,4.85,4.98,155506.92,76828.17
600726.SH,2016-02-23,4.99,5.1,4.9,5.06,184331.42,92273.43
600726.SH,2016-02-24,5.01,5.57,5.0,5.57,252323.88,137804.86
600726.SH,2016-02-25,5.8,6.13,5.7,5.88,1143227.54,675558.34
600726.SH,2016-02-26,5.68,6.47,5.59,6.3,952991.18,567808.88
600726.SH,2016-02-29,6.02,6.1,5.67,5.69,645011.0,371699.25
600726.SH,2016-03-01,5.69,5.72,5.28,5.55,450718.91,248519.15
600726.SH,2016-03-02,5.5,5.97,5.43,5.84,556081.24,318243.22
600726.SH,2016-03-03,5.75,6.09,5.68,5.75,579376.62,338174.1
600726.SH,2016-03-04,5.61,5.7,5.31,5.42,373500.99,205936.72
600726.SH,2016-03-07,5.44,5.58,5.4,5.52,208373.69,114521.78
600726.SH,2016-03-08,5.49,5.74,5.26,5.64,328090.42,180598.9
600726.SH,2016-03-09,5.45,5.5,5.35,5.39,197598.17,106886.81
600726.SH,2016-03-10,5.4,5.46,5.25,5.26,137033.18,73549.45
600726.SH,2016-03-11,5.16,5.22,5.05,5.12,162942.38,83577.73
600726.SH,2016-03-14,5.19,5.38,5.17,5.31,170763.26,90324.58
600726.SH,2016-03-15,5.29,5.3,5.16,5.23,136964.52,71579.06
600726.SH,2016-03-16,5.23,5.36,5.2,5.2,139484.11,73480.84
600726.SH,2016-03-17,5.2,5.32,5.16,5.29,192381.21,101169.36
600726.SH,2016-03-18,5.29,5.48,5.26,5.45,262803.43,142079.71
600726.SH,2016-03-21,5.5,5.66,5.42,5.6,346682.58,192303.23
600726.SH,2016-03-22,5.55,5.55,5.44,5.48,224781.13,123518.83
600726.SH,2016-03-23,5.47,5.51,5.41,5.48,152277.64,83040.43
600726.SH,2016-03-24,5.46,5.58,5.37,5.39,236984.72,130072.79
600726.SH,2016-03-25,5.4,5.46,5.33,5.42,134458.37,72541.57
600726.SH,2016-03-28,5.42,5.5,5.33,5.37,139332.2,75670.76
600726.SH,2016-03-29,5.37,5.42,5.09,5.14,164610.77,85704.51
600726.SH,2016-03-30,5.19,5.27,5.17,5.27,137157.05,71590.96
600726.SH,2016-03-31,5.3,5.34,5.21,5.28,168555.17,88854.89
600726.SH,2016-04-01,5.26,5.33,5.16,5.25,121425.42,63511.11
600726.SH,2016-04-05,5.24,5.45,5.22,5.42,216950.68,116079.82
600726.SH,2016-04-06,5.4,5.41,5.33,5.39,155253.65,83378.79
600726.SH,2016-04-07,5.38,5.42,5.29,5.32,122201.27,65291.66
600726.SH,2016-04-08,5.27,5.28,5.16,5.23,129882.55,67681.0
600726.SH,2016-04-11,5.26,5.39,5.25,5.32,116191.3,61882.42
600726.SH,2016-04-12,5.32,5.32,5.2,5.26,104475.27,54731.82
600726.SH,2016-04-13,5.27,5.56,5.27,5.45,364568.98,197957.26
600726.SH,2016-04-14,5.52,5.56,5.4,5.47,225435.97,123446.71
600726.SH,2016-04-15,5.45,5.48,5.35,5.41,164363.06,88592.9
600726.SH,2016-04-18,5.39,5.39,5.26,5.31,131825.47,69814.08
600726.SH,2016-04-19,5.32,5.36,5.27,5.32,84542.54,44860.83
600726.SH,2016-04-20,5.33,5.35,4.89,5.07,189989.65,96976.77
600726.SH,2016-04-21,4.99,5.11,4.99,5.01,106849.37,53856.22
600726.SH,2016-04-22,5.0,5.11,4.97,5.05,64764.52,32635.36
600726.SH,2016-04-25,5.07,5.09,4.99,5.03,56000.28,28159.47
600726.SH,2016-04-26,5.03,5.06,4.99,5.05,51587.67,25938.52
600726.SH,2016-04-27,5.07,5.08,5.01,5.02,58675.78,29611.14
600726.SH,2016-04-28,5.01,5.04,4.89,4.98,76999.66,38203.49
600726.SH,2016-04-29,4.98,5.07,4.97,5.04,82295.43,41451.35
600726.SH,2016-05-03,5.08,5.3,5.06,5.3,209103.12,109512.93
600726.SH,2016-05-04,5.35,5.43,5.25,5.27,182873.39,97626.03
600726.SH,2016-05-05,5.29,5.32,5.22,5.3,108090.78,56868.37
600726.SH,2016-05-06,5.3,5.33,5.1,5.1,121624.25,63141.12
600726.SH,2016-05-09,5.05,5.1,4.95,5.01,110643.27,55409.72
600726.SH,2016-05-10,5.05,5.05,4.97,5.02,60303.59,30190.58
600726.SH,2016-05-11,5.04,5.06,4.97,5.01,69008.31,34543.91
600726.SH,2016-05-12,4.91,5.35,4.87,5.29,290806.63,151366.69
600726.SH,2016-05-13,5.25,5.29,5.11,5.15,177215.84,92015.49
600726.SH,2016-05-16,5.16,5.17,5.02,5.13,114692.53,58454.47
600726.SH,2016-05-17,5.12,5.15,5.04,5.07,94170.62,47836.85
600726.SH,2016-05-18,5.06,5.07,4.93,4.98,113133.58,56301.22
600726.SH,2016-05-19,4.98,5.07,4.98,5.0,73019.9,36678.13
600726.SH,2016-05-20,4.98,5.08,4.97,5.05,65534.98,33020.45
600726.SH,2016-05-23,5.04,5.1,5.04,5.06,63401.42,32111.06
600726.SH,2016-05-24,5.06,5.1,5.0,5.03,72849.08,36748.43
600726.SH,2016-05-25,5.04,5.08,4.99,5.0,56764.16,28501.2
600726.SH,2016-05-26,5.0,5.03,4.91,5.01,75242.9,37285.98
600726.SH,2016-05-27,5.02,5.04,4.94,4.98,59711.49,29681.93
600726.SH,2016-05-30,4.99,4.99,4.93,4.96,39090.81,19391.97
600726.SH,2016-05-31,4.99,5.16,4.96,5.12,154790.42,78587.11
600726.SH,2016-06-01,5.12,5.19,5.07,5.13,157851.76,80776.9
600726.SH,2016-06-02,5.09,5.15,5.09,5.13,83435.94,42686.98
600726.SH,2016-06-03,5.13,5.25,5.12,5.18,179818.09,93374.89
600726.SH,2016-06-06,5.19,5.19,5.11,5.13,87158.59,44788.44
600726.SH,2016-06-07,5.13,5.15,5.06,5.09,86001.49,43752.19
600726.SH,2016-06-08,5.09,5.11,5.05,5.09,64249.4,32643.33
600726.SH,2016-06-13,5.05,5.05,4.95,4.96,93794.15,46900.52
600726.SH,2016-06-14,4.96,4.98,4.93,4.96,73111.97,36208.25
600726.SH,2016-06-15,4.94,5.04,4.91,5.02,91896.99,45889.36
600726.SH,2016-06-16,5.0,5.02,4.96,4.97,74560.39,37172.26
600726.SH,2016-06-17,4.97,5.02,4.96,5.0,64879.36,32403.81
600726.SH,2016-06-20,5.0,5.02,4.94,4.98,50444.51,25061.85
600726.SH,2016-06-21,5.01,5.02,4.95,4.96,62407.66,31146.4
600726.SH,2016-06-22,4.94,4.98,4.93,4.98,59251.15,29415.04
600726.SH,2016-06-23,4.98,4.99,4.92,4.94,54368.02,26921.93
600726.SH,2016-06-24,4.95,4.98,4.76,4.86,99949.88,48788.89
600726.SH,2016-06-27,4.81,4.92,4.81,4.91,70073.91,34279.75
600726.SH,2016-06-28,4.9,4.94,4.87,4.94,80610.55,39605.88
600726.SH,2016-06-29,4.95,5.1,4.94,5.01,136919.81,68797.74
600726.SH,2016-06-30,4.99,5.04,4.96,4.97,73905.95,36815.39
600726.SH,2016-07-01,4.99,5.03,4.95,4.97,49358.85,24587.59
600726.SH,2016-07-04,4.97,5.07,4.95,5.05,120175.37,60462.94
600726.SH,2016-07-05,5.1,5.23,5.1,5.14,210667.4,108779.46
600726.SH,2016-07-06,5.1,5.12,5.04,5.1,137334.25,69797.56
600726.SH,2016-07-07,5.1,5.12,5.03,5.09,99224.04,50412.25
600726.SH,2016-07-08,5.08,5.09,5.04,5.05,85121.96,43068.46
600726.SH,2016-07-11,5.06,5.08,5.03,5.05,85292.06,43164.94
600726.SH,2016-07-12,5.05,5.26,5.03,5.25,380427.65,197116.75
600726.SH,2016-07-13,5.25,5.49,5.25,5.33,425854.89,228812.57
600726.SH,2016-07-14,5.3,5.3,5.22,5.28,169829.81,89353.3
600726.SH,2016-07-15,5.27,5.37,5.23,5.28,196186.37,103745.9
600726.SH,2016-07-18,5.26,5.33,5.18,5.29,147698.02,77553.34
600726.SH,2016-07-19,5.27,5.5,5.24,5.37,306472.08,164664.33
600726.SH,2016-07-20,5.32,5.34,5.26,5.27,152257.86,80581.4
600726.SH,2016-07-21,5.29,5.32,5.25,5.26,112499.88,59446.29
600726.SH,2016-07-22,5.26,5.26,5.15,5.17,125406.27,65243.96
600726.SH,2016-07-25,5.18,5.22,5.14,5.19,93618.89,48518.44
600726.SH,2016-07-26,5.19,5.23,5.17,5.23,78372.53,40832.89
600726.SH,2016-07-27,5.23,5.34,4.95,5.11,288978.18,150476.92
600726.SH,2016-07-28,5.11,5.27,5.01,5.26,222722.22,114791.62
600726.SH,2016-07-29,5.31,5.47,5.26,5.32,380065.54,203624.06
600726.SH,2016-08-01,5.25,5.8,5.19,5.68,804064.28,445150.42
600726.SH,2016-08-02,5.6,5.66,5.5,5.65,476791.92,266088.24
600726.SH,2016-08-03,5.6,5.83,5.47,5.72,566371.86,320587.15
600726.SH,2016-08-04,5.66,5.72,5.56,5.59,319569.7,179159.52
600726.SH,2016-08-05,5.57,5.57,5.47,5.52,283097.2,155784.16
600726.SH,2016-08-08,5.5,5.57,5.45,5.57,254217.74,140217.88
600726.SH,2016-08-09,5.55,5.56,5.47,5.55,254315.52,140280.78
600726.SH,2016-08-10,5.54,5.56,5.42,5.43,228021.2,125085.89
600726.SH,2016-08-11,5.43,5.45,5.32,5.34,190784.23,103074.36
600726.SH,2016-08-12,5.33,5.45,5.33,5.45,193293.88,104299.52
600726.SH,2016-08-15,5.51,5.61,5.46,5.57,338319.31,187651.65
600726.SH,2016-08-16,5.57,5.64,5.49,5.53,259268.59,143823.39
600726.SH,2016-08-17,5.53,5.55,5.47,5.55,160689.4,88647.37
600726.SH,2016-08-18,5.53,5.57,5.49,5.51,154842.15,85518.52
600726.SH,2016-08-19,5.5,5.53,5.42,5.48,170928.49,93349.9
600726.SH,2016-08-22,5.45,5.48,5.41,5.42,103468.0,56252.44
600726.SH,2016-08-23,5.41,5.46,5.39,5.42,98438.5,53387.57
600726.SH,2016-08-24,5.43,5.78,5.42,5.55,346746.06,193173.72
600726.SH,2016-08-25,5.5,5.53,5.33,5.4,240430.38,130076.04
600726.SH,2016-08-26,5.4,5.44,5.35,5.38,120822.92,65071.9
600726.SH,2016-08-29,5.37,5.41,5.35,5.38,81111.29,43559.85
600726.SH,2016-08-30,5.37,5.38,5.32,5.34,80128.19,42865.82
600726.SH,2016-08-31,5.35,5.36,5.31,5.34,62871.29,33536.68
600726.SH,2016-09-01,5.33,5.39,5.33,5.33,69226.63,37029.72
600726.SH,2016-09-02,5.32,5.35,5.28,5.3,75042.25,39828.26
600726.SH,2016-09-05,5.31,5.34,5.29,5.33,58884.61,31284.28
600726.SH,2016-09-06,5.33,5.37,5.28,5.37,79571.66,42420.19
600726.SH,2016-09-07,5.35,5.4,5.32,5.34,87433.39,46949.52
600726.SH,2016-09-08,5.34,5.37,5.32,5.35,69985.76,37394.59
600726.SH,2016-09-09,5.34,5.36,5.28,5.29,78102.91,41537.31
600726.SH,2016-09-12,5.2,5.2,5.06,5.09,150466.46,77024.82
600726.SH,2016-09-13,5.1,5.17,5.1,5.13,87532.75,44944.42
600726.SH,2016-09-14,5.08,5.13,5.06,5.08,60997.59,31034.22
600726.SH,2016-09-19,5.08,5.14,5.08,5.12,41275.8,21082.55
600726.SH,2016-09-20,5.11,5.12,5.07,5.11,40579.79,20659.52
600726.SH,2016-09-21,5.11,5.13,5.09,5.11,42984.21,21965.15
600726.SH,2016-09-22,5.11,5.15,5.11,5.12,61321.55,31458.03
600726.SH,2016-09-23,5.12,5.13,5.08,5.08,41380.0,21092.92
600726.SH,2016-09-26,5.06,5.08,4.98,4.99,80275.51,40331.22
600726.SH,2016-09-27,4.99,5.02,4.96,5.02,42780.04,21366.69
600726.SH,2016-09-28,5.02,5.02,4.98,5.0,37194.65,18595.98
600726.SH,2016-09-29,5.0,5.03,4.99,5.0,42238.0,21163.86
600726.SH,2016-09-30,4.99,5.02,4.99,5.01,32290.29,16172.59
600726.SH,2016-10-10,5.02,5.12,5.02,5.11,68221.81,34695.44
600726.SH,2016-10-11,5.11,5.15,5.1,5.14,73121.95,37538.52
600726.SH,2016-10-12,5.14,5.16,5.11,5.13,48828.98,25025.17
600726.SH,2016-10-13,5.12,5.15,5.11,5.15,46047.81,23658.67
600726.SH,2016-10-14,5.14,5.24,5.11,5.21,103593.36,53536.31
600726.SH,2016-10-17,5.18,5.2,5.11,5.12,87041.17,44872.65
600726.SH,2016-10-18,5.1,5.21,5.09,5.2,115951.39,59765.02
600726.SH,2016-10-19,5.26,5.34,5.22,5.25,192236.68,101358.59
600726.SH,2016-10-20,5.25,5.25,5.18,5.2,91149.35,47425.48
600726.SH,2016-10-21,5.19,5.27,5.16,5.24,120028.26,62534.64
600726.SH,2016-10-24,5.24,5.3,5.21,5.26,136256.36,71678.68
600726.SH,2016-10-25,5.27,5.29,5.23,5.28,98016.21,51536.54
600726.SH,2016-10-26,5.27,5.27,5.21,5.22,70133.0,36685.73
600726.SH,2016-10-27,5.22,5.23,5.18,5.22,54091.33,28167.07
600726.SH,2016-10-28,5.22,5.24,5.14,5.16,68064.47,35283.32
600726.SH,2016-10-31,5.12,5.17,5.12,5.13,47435.68,24365.19
600726.SH,2016-11-01,5.13,5.17,5.13,5.16,52336.63,26955.35
600726.SH,2016-11-02,5.14,5.16,5.08,5.11,62416.54,31939.72
600726.SH,2016-11-03,5.08,5.15,5.08,5.12,71813.82,36783.63
600726.SH,2016-11-04,5.11,5.14,5.09,5.11,42920.33,21958.0
600726.SH,2016-11-07,5.11,5.12,5.07,5.1,51611.04,26298.03
600726.SH,2016-11-08,5.11,5.13,5.09,5.13,63859.0,32642.15
600726.SH,2016-11-09,5.13,5.22,5.04,5.14,141552.19,72699.95
600726.SH,2016-11-10,5.14,5.19,5.14,5.18,123742.54,63882.35
600726.SH,2016-11-11,5.18,5.23,5.16,5.22,129903.73,67478.3
600726.SH,2016-11-14,5.21,5.26,5.2,5.24,124944.68,65353.78
600726.SH,2016-11-15,5.24,5.29,5.22,5.27,145671.82,76635.08
600726.SH,2016-11-16,5.27,5.3,5.23,5.27,111327.66,58541.5
600726.SH,2016-11-17,5.26,5.3,5.23,5.28,124954.71,65781.19
600726.SH,2016-11-18,5.28,5.29,5.21,5.23,90594.96,47554.65
600726.SH,2016-11-21,5.24,5.42,5.21,5.33,343614.69,183381.53
600726.SH,2016-11-22,5.31,5.32,5.24,5.29,195810.75,103432.55
600726.SH,2016-11-23,5.31,5.35,5.25,5.25,172735.54,91516.84
600726.SH,2016-11-24,5.26,5.29,5.2,5.22,154031.09,80683.55
600726.SH,2016-11-25,5.26,5.26,5.14,5.22,111701.8,57987.94
600726.SH,2016-11-28,5.22,5.28,5.21,5.27,124962.27,65567.21
600726.SH,2016-11-29,5.26,5.35,5.23,5.27,213277.99,112947.89
600726.SH,2016-11-30,5.26,5.26,5.17,5.19,124662.41,64925.22
600726.SH,2016-12-01,5.18,5.23,5.18,5.22,83468.17,43400.38
600726.SH,2016-12-02,5.22,5.32,5.18,5.19,155996.95,81751.82
600726.SH,2016-12-05,5.14,5.15,5.09,5.12,96037.87,49174.5
600726.SH,2016-12-06,5.09,5.13,5.09,5.1,56220.0,28739.26
600726.SH,2016-12-07,5.1,5.15,5.09,5.15,57929.5,29676.43
600726.SH,2016-12-08,5.15,5.17,5.12,5.13,48677.02,25039.91
600726.SH,2016-12-09,5.13,5.15,5.1,5.12,49988.12,25652.98
600726.SH,2016-12-12,5.12,5.13,4.92,4.94,120176.01,60272.07
600726.SH,2016-12-13,4.9,5.0,4.9,4.99,60231.1,29808.58
600726.SH,2016-12-14,4.98,5.12,4.91,5.02,98294.28,49580.42
600726.SH,2016-12-15,4.97,5.07,4.93,5.02,61113.77,30645.04
600726.SH,2016-12-16,5.0,5.06,4.99,5.04,39980.29,20077.09
600726.SH,2016-12-19,5.03,5.05,4.98,5.01,41235.28,20663.67
600726.SH,2016-12-20,5.0,5.02,4.97,5.0,45434.41,22663.93
600726.SH,2016-12-21,5.04,5.06,5.0,5.06,64466.63,32452.26
600726.SH,2016-12-22,5.06,5.08,5.03,5.06,52329.09,26479.0
600726.SH,2016-12-23,5.05,5.06,4.96,4.98,55575.1,27772.88
600726.SH,2016-12-26,4.97,5.0,4.9,4.99,42223.81,20924.96
600726.SH,2016-12-27,5.0,5.01,4.96,4.96,31541.39,15706.88
600726.SH,2016-12-28,4.98,4.99,4.95,4.96,27555.46,13695.92
600726.SH,2016-12-29,4.96,4.97,4.93,4.94,34638.19,17154.38
600726.SH,2016-12-30,4.94,4.97,4.93,4.95,29191.21,14450.78
600726.SH,2017-01-03,4.96,5.0,4.95,4.99,28307.68,14105.39
600726.SH,2017-01-04,5.0,5.03,4.99,5.03,39633.58,19878.09
600726.SH,2017-01-05,5.05,5.08,5.02,5.03,46409.31,23408.58
600726.SH,2017-01-06,5.04,5.39,5.02,5.16,320356.44,166932.55
600726.SH,2017-01-09,5.14,5.26,5.09,5.23,195861.81,101318.05
600726.SH,2017-01-10,5.21,5.21,5.15,5.16,101280.8,52449.48
600726.SH,2017-01-11,5.16,5.23,5.07,5.13,131138.89,67389.66
600726.SH,2017-01-12,5.12,5.13,5.05,5.06,82558.9,41982.85
600726.SH,2017-01-13,5.04,5.07,4.99,5.01,66202.2,33294.84
600726.SH,2017-01-16,4.99,5.01,4.68,4.89,113390.4,55875.09
600726.SH,2017-01-17,4.86,4.92,4.8,4.91,62556.32,30435.85
600726.SH,2017-01-18,4.89,4.98,4.87,4.9,52674.0,25926.67
600726.SH,2017-01-19,4.95,5.01,4.94,4.96,83127.45,41347.02
600726.SH,2017-01-20,4.95,4.99,4.94,4.98,46740.86,23213.33
600726.SH,2017-01-23,4.98,5.01,4.97,4.99,39727.91,19821.51
600726.SH,2017-01-24,4.99,4.99,4.96,4.97,26548.57,13200.41
600726.SH,2017-01-25,4.96,4.99,4.96,4.98,26543.37,13207.11
600726.SH,2017-01-26,4.97,5.0,4.97,5.0,25674.51,12811.29
600726.SH,2017-02-03,5.0,5.01,4.96,4.98,22044.37,10987.07
600726.SH,2017-02-06,4.98,5.0,4.96,4.99,39570.82,19721.47
600726.SH,2017-02-07,4.98,4.99,4.96,4.97,39484.02,19641.58
600726.SH,2017-02-08,4.97,4.99,4.92,4.98,51654.71,25592.42
600726.SH,2017-02-09,4.99,5.02,4.94,5.02,62163.42,31076.41
600726.SH,2017-02-10,5.01,5.08,5.01,5.05,103463.81,52211.37
600726.SH,2017-02-13,5.05,5.09,5.05,5.06,75770.01,38395.08
600726.SH,2017-02-14,5.08,5.08,5.03,5.06,56708.16,28609.42
600726.SH,2017-02-15,5.05,5.23,5.04,5.1,207779.8,107064.06
600726.SH,2017-02-16,5.06,5.14,5.06,5.12,118790.49,60643.2
600726.SH,2017-02-17,5.13,5.14,5.04,5.05,108812.65,55308.36
600726.SH,2017-02-20,5.06,5.12,5.06,5.12,74824.75,38102.17
600726.SH,2017-02-21,5.12,5.15,5.1,5.13,85610.0,43888.56
600726.SH,2017-02-22,5.12,5.19,5.11,5.16,96509.46,49704.9
600726.SH,2017-02-23,5.17,5.17,5.1,5.12,71630.94,36679.58
600726.SH,2017-02-24,5.1,5.14,5.08,5.14,59185.96,30234.94
600726.SH,2017-02-27,5.13,5.14,5.08,5.09,49462.0,25270.56
600726.SH,2017-02-28,5.1,5.11,5.08,5.1,41642.37,21211.26
600726.SH,2017-03-01,5.11,5.11,5.08,5.09,51634.16,26289.15
600726.SH,2017-03-02,5.09,5.11,5.05,5.05,58646.01,29773.02
600726.SH,2017-03-03,5.05,5.07,5.03,5.06,42305.52,21352.0
600726.SH,2017-03-06,5.06,5.15,5.03,5.13,107202.56,54806.91
600726.SH,2017-03-07,5.12,5.12,5.06,5.1,69246.98,35234.59
600726.SH,2017-03-08,5.1,5.11,5.06,5.08,37624.02,19110.05
600726.SH,2017-03-09,5.08,5.08,5.02,5.02,49858.82,25108.48
600726.SH,2017-03-10,5.04,5.05,5.01,5.02,34089.92,17136.65
600726.SH,2017-03-13,5.02,5.06,4.98,5.05,46178.81,23198.85
600726.SH,2017-03-14,5.05,5.06,5.01,5.03,32337.52,16278.7
600726.SH,2017-03-15,5.03,5.03,5.0,5.01,39863.11,19966.24
600726.SH,2017-03-16,5.02,5.06,5.01,5.05,53009.34,26736.87
600726.SH,2017-03-17,5.06,5.06,5.0,5.0,67827.79,34112.48
600726.SH,2017-03-20,5.0,5.03,4.99,5.02,47430.16,23756.79
600726.SH,2017-03-21,5.02,5.02,4.99,5.01,43483.67,21745.88
600726.SH,2017-03-22,4.99,5.0,4.94,4.96,55845.48,27727.19
600726.SH,2017-03-23,4.95,4.97,4.92,4.95,47275.21,23401.9
600726.SH,2017-03-24,4.93,4.96,4.9,4.96,62550.59,30874.29
600726.SH,2017-03-27,4.93,4.96,4.93,4.94,36205.67,17908.26
600726.SH,2017-03-28,4.95,4.96,4.92,4.93,32735.71,16168.88
600726.SH,2017-03-29,4.93,4.95,4.9,4.91,42025.8,20668.14
600726.SH,2017-03-30,4.9,5.07,4.86,5.01,205354.32,102498.55
600726.SH,2017-03-31,4.98,5.12,4.97,5.04,208868.59,105617.32
600726.SH,2017-04-05,5.0,5.05,4.94,5.05,135035.09,67488.39
600726.SH,2017-04-06,5.04,5.15,5.02,5.09,217604.46,110760.93
600726.SH,2017-04-07,5.08,5.14,5.06,5.1,130374.8,66377.08
600726.SH,2017-04-10,5.07,5.09,5.02,5.05,116349.75,58743.08
600726.SH,2017-04-11,5.03,5.1,5.0,5.1,130530.82,65888.86
600726.SH,2017-04-12,5.09,5.27,5.05,5.13,255396.21,131857.25
600726.SH,2017-04-13,5.12,5.22,5.11,5.21,229043.51,118693.71
600726.SH,2017-04-14,5.19,5.26,5.1,5.15,181028.95,93687.42
600726.SH,2017-04-17,5.1,5.11,5.0,5.06,127276.12,64220.78
600726.SH,2017-04-18,5.05,5.06,4.98,4.99,88911.33,44651.04
600726.SH,2017-04-19,4.95,4.97,4.9,4.92,102597.86,50571.58
600726.SH,2017-04-20,4.93,4.95,4.87,4.92,78327.14,38446.41
600726.SH,2017-04-21,4.91,4.94,4.89,4.92,55486.06,27246.31
600726.SH,2017-04-24,4.91,4.92,4.7,4.73,106231.09,50689.2
600726.SH,2017-04-25,4.73,4.79,4.72,4.73,44762.85,21281.63
600726.SH,2017-04-26,4.75,4.77,4.73,4.74,30577.52,14511.38
600726.SH,2017-04-27,4.73,4.74,4.51,4.65,97181.77,44642.31
600726.SH,2017-04-28,4.64,4.69,4.59,4.68,41975.21,19506.25
600726.SH,2017-05-02,4.66,4.69,4.64,4.68,32148.05,15027.7
600726.SH,2017-05-03,4.68,4.68,4.61,4.63,35155.69,16310.24
600726.SH,2017-05-04,4.63,4.66,4.58,4.59,44543.27,20526.38
600726.SH,2017-05-05,4.59,4.59,4.51,4.52,46287.4,21008.28
600726.SH,2017-05-08,4.52,4.53,4.43,4.44,43344.47,19337.74
600726.SH,2017-05-09,4.47,4.84,4.45,4.69,155740.32,72441.1
600726.SH,2017-05-10,4.66,4.67,4.52,4.53,79021.62,36315.49
600726.SH,2017-05-11,4.46,4.53,4.4,4.48,74156.51,33124.82
600726.SH,2017-05-12,4.46,4.52,4.44,4.49,44031.65,19789.41
600726.SH,2017-05-15,4.5,4.53,4.48,4.5,28764.11,12948.27
600726.SH,2017-05-16,4.49,4.57,4.45,4.57,46688.91,21013.25
600726.SH,2017-05-17,4.54,4.63,4.52,4.56,51773.86,23660.26
600726.SH,2017-05-18,4.54,4.6,4.51,4.52,46692.34,21204.41
600726.SH,2017-05-19,4.51,4.63,4.5,4.58,77157.16,35342.15
600726.SH,2017-05-22,4.57,4.58,4.46,4.47,65337.34,29400.75
600726.SH,2017-05-23,4.46,4.49,4.36,4.37,60348.17,26683.38
600726.SH,2017-05-24,4.36,4.36,4.27,4.32,60325.38,26013.65
600726.SH,2017-05-25,4.31,4.39,4.27,4.39,69938.42,30317.64
600726.SH,2017-05-26,4.39,4.41,4.35,4.37,38262.19,16747.47
600726.SH,2017-05-31,4.41,4.44,4.36,4.37,34542.0,15179.01
600726.SH,2017-06-01,4.37,4.39,4.3,4.31,32116.42,13942.24
600726.SH,2017-06-02,4.32,4.38,4.28,4.37,34703.48,15031.68
600726.SH,2017-06-05,4.42,4.46,4.4,4.45,62344.37,27687.12
600726.SH,2017-06-06,4.42,4.46,4.41,4.45,30093.51,13362.22
600726.SH,2017-06-07,4.45,4.52,4.43,4.5,60677.06,27175.86
600726.SH,2017-06-08,4.49,4.52,4.45,4.46,43764.84,19583.11
600726.SH,2017-06-09,4.44,4.46,4.41,4.46,28761.77,12763.56
600726.SH,2017-06-12,4.44,4.45,4.37,4.39,34180.0,15085.22
600726.SH,2017-06-13,4.4,4.46,4.38,4.44,30867.67,13680.1
600726.SH,2017-06-14,4.45,4.46,4.42,4.44,28055.57,12460.4
600726.SH,2017-06-15,4.42,4.47,4.42,4.45,35790.0,15930.69
600726.SH,2017-06-16,4.44,4.47,4.42,4.47,35478.05,15787.02
600726.SH,2017-06-19,4.47,4.48,4.43,4.48,52958.03,23593.18
600726.SH,2017-06-20,4.47,4.48,4.45,4.46,32719.0,14613.14
600726.SH,2017-06-21,4.47,4.49,4.44,4.46,30272.73,13493.04
600726.SH,2017-06-22,4.44,4.51,4.42,4.43,58325.49,26115.17
600726.SH,2017-06-23,4.41,4.43,4.37,4.4,42753.7,18776.91
600726.SH,2017-06-26,4.41,4.44,4.39,4.44,35699.25,15768.88
600726.SH,2017-06-27,4.43,4.46,4.42,4.45,33921.01,15067.74
600726.SH,2017-06-28,4.44,4.44,4.41,4.42,25846.24,11444.5
600726.SH,2017-06-29,4.42,4.45,4.41,4.44,27218.42,12067.61
600726.SH,2017-06-30,4.44,4.48,4.42,4.48,41347.48,18433.45
600726.SH,2017-07-03,4.48,4.51,4.45,4.5,56232.11,25272.0
600726.SH,2017-07-04,4.48,4.51,4.47,4.48,42726.0,19182.27
600726.SH,2017-07-05,4.48,4.52,4.47,4.51,38783.93,17438.73
600726.SH,2017-07-06,4.53,4.56,4.49,4.52,51896.01,23486.18
600726.SH,2017-07-07,4.5,4.52,4.48,4.51,41393.74,18621.27
600726.SH,2017-07-10,4.5,4.56,4.48,4.52,52788.22,23865.73
600726.SH,2017-07-11,4.53,4.53,4.48,4.49,52767.98,23724.48
600726.SH,2017-07-12,4.48,4.5,4.41,4.44,54066.79,24024.51
600726.SH,2017-07-13,4.41,4.45,4.37,4.43,63150.35,27875.4
600726.SH,2017-07-14,4.44,4.46,4.42,4.43,38318.0,16993.67
600726.SH,2017-07-17,4.4,4.43,4.27,4.29,78142.97,33779.64
600726.SH,2017-07-18,4.23,4.32,4.22,4.31,43008.83,18422.65
600726.SH,2017-07-19,4.3,4.38,4.28,4.38,62410.06,27139.39
600726.SH,2017-07-20,4.4,4.59,4.37,4.51,157153.71,70498.07
600726.SH,2017-07-21,4.46,4.63,4.45,4.59,223342.48,102068.47
600726.SH,2017-07-24,4.55,4.76,4.52,4.72,286457.28,134241.17
600726.SH,2017-07-25,4.71,4.71,4.57,4.62,172701.97,79765.14
600726.SH,2017-07-26,4.63,4.67,4.57,4.63,101538.13,46761.11
600726.SH,2017-07-27,4.62,4.66,4.54,4.56,119374.19,54737.9
600726.SH,2017-07-28,4.57,4.67,4.54,4.6,122331.08,56351.79
600726.SH,2017-07-31,4.58,4.66,4.56,4.65,117425.74,54195.04
600726.SH,2017-08-01,4.65,4.69,4.6,4.61,92153.78,42698.22
600726.SH,2017-08-02,4.62,4.7,4.59,4.66,118456.51,54970.97
600726.SH,2017-08-03,4.68,4.71,4.59,4.62,94948.41,44151.06
600726.SH,2017-08-04,4.63,4.64,4.54,4.57,91397.62,41978.15
600726.SH,2017-08-07,4.49,4.5,4.34,4.47,163263.04,72238.75
600726.SH,2017-08-08,4.44,4.46,4.41,4.44,76213.75,33791.13
600726.SH,2017-08-09,4.43,4.44,4.4,4.42,53839.0,23766.6
600726.SH,2017-08-10,4.42,4.45,4.37,4.4,63722.45,28072.11
600726.SH,2017-08-11,4.37,4.39,4.31,4.32,67708.41,29458.73
600726.SH,2017-08-14,4.32,4.37,4.31,4.36,53280.61,23190.22
600726.SH,2017-08-15,4.36,4.4,4.35,4.37,38329.12,16771.68
600726.SH,2017-08-16,4.37,4.42,4.36,4.41,60387.76,26483.31
600726.SH,2017-08-17,4.41,4.48,4.39,4.45,71911.71,31952.47
600726.SH,2017-08-18,4.42,4.47,4.41,4.45,53907.02,23932.82
600726.SH,2017-08-21,4.45,4.47,4.42,4.45,48668.82,21627.96
600726.SH,2017-08-22,4.45,4.65,4.42,4.54,156160.18,70989.01
600726.SH,2017-08-23,4.5,4.54,4.44,4.47,83651.41,37509.45
600726.SH,2017-08-24,4.47,4.53,4.44,4.46,53150.39,23806.59
600726.SH,2017-08-25,4.45,4.54,4.43,4.51,72464.77,32549.83
600726.SH,2017-08-28,4.5,4.52,4.47,4.51,74144.92,33323.03
600726.SH,2017-08-29,4.52,4.62,4.52,4.55,114096.81,52120.43
600726.SH,2017-08-30,4.52,4.55,4.48,4.5,79768.57,35909.48
600726.SH,2017-08-31,4.48,4.51,4.46,4.48,49440.02,22120.94
600726.SH,2017-09-01,4.51,4.55,4.48,4.51,56567.41,25477.52
600726.SH,2017-09-04,4.49,4.5,4.45,4.46,70662.85,31555.81
600726.SH,2017-09-05,4.46,4.49,4.43,4.45,44662.72,19907.28
600726.SH,2017-09-06,4.45,4.47,4.42,4.47,46180.93,20517.48
600726.SH,2017-09-07,4.46,4.47,4.44,4.45,44354.27,19733.09
600726.SH,2017-09-08,4.44,4.46,4.43,4.44,33608.42,14932.52
600726.SH,2017-09-11,4.44,4.46,4.43,4.45,29426.33,13079.01
600726.SH,2017-09-12,4.44,4.45,4.41,4.41,51980.78,23033.16
600726.SH,2017-09-13,4.41,4.43,4.4,4.42,32234.81,14211.58
600726.SH,2017-09-14,4.42,4.45,4.41,4.44,45777.51,20248.88
600726.SH,2017-09-15,4.44,4.52,4.4,4.48,85049.3,37890.52
600726.SH,2017-09-18,4.45,4.46,4.41,4.43,64127.35,28400.03
600726.SH,2017-09-19,4.44,4.44,4.41,4.42,34345.0,15198.42
600726.SH,2017-09-20,4.43,4.47,4.41,4.43,43002.09,19076.72
600726.SH,2017-09-21,4.44,4.44,4.37,4.38,51154.0,22551.47
600726.SH,2017-09-22,4.37,4.4,4.36,4.36,29203.0,12764.75
600726.SH,2017-09-25,4.36,4.36,4.31,4.31,32355.12,14028.01
600726.SH,2017-09-26,4.33,4.36,4.3,4.34,45176.95,19571.83
600726.SH,2017-09-27,4.33,4.35,4.32,4.33,23930.03,10360.01
600726.SH,2017-09-28,4.34,4.34,4.3,4.3,24975.0,10763.33
600726.SH,2017-09-29,4.3,4.33,4.3,4.32,19689.0,8493.56
600726.SH,2017-10-09,4.33,4.36,4.33,4.35,27610.99,11995.59
600726.SH,2017-10-10,4.35,4.36,4.33,4.36,39218.56,17028.53
600726.SH,2017-10-11,4.36,4.4,4.34,4.38,54440.16,23828.61
600726.SH,2017-10-12,4.38,4.39,4.34,4.36,44544.73,19426.6
600726.SH,2017-10-13,4.36,4.39,4.34,4.37,37020.0,16171.87
600726.SH,2017-10-16,4.37,4.37,4.32,4.33,28349.76,12317.82
600726.SH,2017-10-17,4.32,4.36,4.31,4.35,21519.1,9322.72
600726.SH,2017-10-18,4.31,4.31,4.24,4.25,80577.43,34353.81
600726.SH,2017-10-19,4.25,4.26,4.16,4.17,51807.0,21812.23
600726.SH,2017-10-20,4.17,4.2,4.17,4.2,25088.41,10497.55
600726.SH,2017-10-23,4.19,4.21,4.18,4.21,15842.21,6647.19
600726.SH,2017-10-24,4.2,4.21,4.18,4.19,22250.03,9335.96
600726.SH,2017-10-25,4.18,4.21,4.18,4.19,26967.4,11295.45
600726.SH,2017-10-26,4.2,4.2,4.17,4.19,24174.92,10125.12
600726.SH,2017-10-27,4.18,4.21,4.17,4.18,39326.1,16452.96
600726.SH,2017-10-30,4.17,4.17,4.03,4.05,62836.14,25647.83
600726.SH,2017-10-31,4.05,4.06,4.0,4.01,46434.4,18641.65
600726.SH,2017-11-01,4.02,4.02,3.93,3.93,75484.45,29857.34
600726.SH,2017-11-02,3.9,3.91,3.76,3.79,103377.85,39492.93
600726.SH,2017-11-03,3.8,3.84,3.77,3.81,44913.97,17078.06
600726.SH,2017-11-06,3.81,3.82,3.75,3.79,37416.5,14140.2
600726.SH,2017-11-07,3.77,3.8,3.77,3.8,32401.28,12266.51
600726.SH,2017-11-08,3.8,3.85,3.78,3.83,44628.91,17057.97
600726.SH,2017-11-09,3.82,3.84,3.81,3.84,21280.1,8146.16
600726.SH,2017-11-10,3.84,3.84,3.8,3.83,28699.01,10962.46
600726.SH,2017-11-13,3.83,3.83,3.76,3.77,38219.35,14460.66
600726.SH,2017-11-14,3.77,3.82,3.76,3.78,34639.01,13134.98
600726.SH,2017-11-15,3.79,3.8,3.66,3.67,70740.01,26118.13
600726.SH,2017-11-16,3.67,3.68,3.59,3.6,54060.54,19529.09
600726.SH,2017-11-17,3.59,3.6,3.38,3.42,104650.71,36286.37
600726.SH,2017-11-20,3.41,3.41,3.24,3.35,73068.01,24129.16
600726.SH,2017-11-21,3.33,3.38,3.31,3.34,36738.7,12294.44
600726.SH,2017-11-22,3.34,3.37,3.33,3.35,31566.02,10570.05
600726.SH,2017-11-23,3.34,3.36,3.31,3.31,37965.99,12663.43
600726.SH,2017-11-24,3.31,3.34,3.3,3.34,25651.9,8529.3
600726.SH,2017-11-27,3.31,3.34,3.31,3.33,20385.0,6777.84
600726.SH,2017-11-28,3.36,3.42,3.35,3.42,45177.51,15289.5
600726.SH,2017-11-29,3.4,3.4,3.36,3.39,27197.0,9184.49
600726.SH,2017-11-30,3.39,3.4,3.36,3.38,14690.32,4968.7
600726.SH,2017-12-01,3.36,3.39,3.33,3.37,20480.24,6875.5
600726.SH,2017-12-04,3.35,3.36,3.3,3.31,23428.0,7801.78
600726.SH,2017-12-05,3.3,3.31,3.2,3.22,36984.76,12050.78
600726.SH,2017-12-06,3.2,3.21,3.17,3.21,36719.0,11713.64
600726.SH,2017-12-07,3.21,3.24,3.2,3.22,24934.99,8023.86
600726.SH,2017-12-08,3.22,3.26,3.21,3.25,17663.53,5721.36
600726.SH,2017-12-11,3.25,3.28,3.24,3.27,18088.06,5915.75
600726.SH,2017-12-12,3.27,3.27,3.22,3.22,17039.0,5520.14
600726.SH,2017-12-13,3.2,3.25,3.2,3.24,10996.0,3555.79
600726.SH,2017-12-14,3.25,3.25,3.21,3.25,12877.64,4160.11
600726.SH,2017-12-15,3.25,3.26,3.23,3.25,20107.6,6534.16
600726.SH,2017-12-18,3.24,3.28,3.24,3.27,22455.0,7326.2
600726.SH,2017-12-19,3.27,3.32,3.26,3.3,27217.62,8963.31
600726.SH,2017-12-20,3.3,3.3,3.24,3.25,19423.0,6337.67
600726.SH,2017-12-21,3.24,3.26,3.2,3.25,12220.82,3950.15
600726.SH,2017-12-22,3.23,3.28,3.22,3.26,13892.0,4532.99
600726.SH,2017-12-25,3.25,3.27,3.16,3.2,23694.99,7599.38
600726.SH,2017-12-26,3.18,3.2,3.12,3.18,21611.89,6841.91
600726.SH,2017-12-27,3.16,3.2,3.14,3.17,24343.7,7706.13
600726.SH,2017-12-28,3.17,3.18,3.14,3.16,18667.61,5908.6
600726.SH,2017-12-29,3.16,3.17,3.14,3.17,15472.2,4885.59
600726.SH,2018-01-02,3.17,3.19,3.16,3.19,22842.8,7259.8
600726.SH,2018-01-03,3.18,3.25,3.17,3.25,34287.88,11066.37
600726.SH,2018-01-04,3.25,3.55,3.23,3.39,153519.83,52157.36
600726.SH,2018-01-05,3.37,3.38,3.32,3.34,67419.71,22547.3
600726.SH,2018-01-08,3.32,3.36,3.31,3.33,37940.78,12649.5
600726.SH,2018-01-09,3.33,3.35,3.29,3.33,34533.0,11464.29
600726.SH,2018-01-10,3.33,3.33,3.24,3.27,44448.5,14533.22
600726.SH,2018-01-11,3.26,3.27,3.21,3.25,31287.64,10128.91
600726.SH,2018-01-12,3.26,3.28,3.24,3.26,24089.21,7846.36
600726.SH,2018-01-15,3.26,3.27,3.19,3.2,24026.01,7734.33
600726.SH,2018-01-16,3.18,3.24,3.18,3.22,20142.42,6473.32
600726.SH,2018-01-17,3.16,3.17,3.05,3.12,76190.36,23630.29
600726.SH,2018-01-18,3.11,3.11,3.08,3.08,41189.52,12725.59
600726.SH,2018-01-19,3.08,3.11,3.08,3.09,27897.02,8626.32
600726.SH,2018-01-22,3.09,3.13,3.08,3.12,32629.01,10129.35
600726.SH,2018-01-23,3.11,3.14,3.1,3.11,21704.37,6757.53
600726.SH,2018-01-24,3.11,3.12,3.09,3.11,20043.64,6215.15
600726.SH,2018-01-25,3.11,3.17,3.1,3.16,49748.4,15568.83
600726.SH,2018-01-26,3.13,3.15,3.11,3.13,30224.65,9449.85
600726.SH,2018-01-29,3.12,3.15,3.1,3.11,31167.65,9738.62
600726.SH,2018-01-30,3.1,3.11,3.08,3.09,24718.0,7636.25
600726.SH,2018-01-31,3.08,3.08,2.9,2.9,89753.25,26606.38
600726.SH,2018-02-01,2.92,2.92,2.72,2.73,83765.53,23340.95
600726.SH,2018-02-02,2.69,2.69,2.47,2.67,62846.81,16363.11
600726.SH,2018-02-05,2.63,2.66,2.6,2.65,30465.38,8021.75
600726.SH,2018-02-06,2.58,2.79,2.57,2.62,69565.0,18650.8
600726.SH,2018-02-07,2.62,2.68,2.62,2.66,38701.8,10249.67
600726.SH,2018-02-08,2.66,2.82,2.65,2.73,45123.0,12320.42
600726.SH,2018-02-09,2.64,2.72,2.63,2.66,45070.03,11954.55
600726.SH,2018-02-12,2.65,2.77,2.64,2.77,42511.26,11647.2
600726.SH,2018-02-13,2.8,2.81,2.73,2.73,28704.21,7946.37
600726.SH,2018-02-14,2.72,2.76,2.71,2.74,13828.69,3779.71
600726.SH,2018-02-22,2.74,2.78,2.72,2.75,23005.04,6321.06
600726.SH,2018-02-23,2.78,2.78,2.74,2.77,19856.0,5472.61
600726.SH,2018-02-26,2.77,2.8,2.74,2.8,31220.77,8664.25
600726.SH,2018-02-27,2.8,2.81,2.77,2.8,26833.0,7488.45
600726.SH,2018-02-28,2.79,2.79,2.75,2.76,26418.0,7306.31
600726.SH,2018-03-01,2.75,2.79,2.74,2.79,23271.94,6465.75
600726.SH,2018-03-02,2.78,2.81,2.76,2.8,26882.05,7510.31
600726.SH,2018-03-05,2.8,2.8,2.76,2.78,17851.32,4960.07
600726.SH,2018-03-06,2.78,2.84,2.77,2.83,38600.06,10819.42
600726.SH,2018-03-07,2.83,2.97,2.8,2.89,97923.77,28343.64
600726.SH,2018-03-08,2.87,3.04,2.85,2.99,121185.76,36085.58
600726.SH,2018-03-09,2.96,2.98,2.88,2.94,72252.7,21167.57
600726.SH,2018-03-12,2.94,2.97,2.91,2.96,46945.78,13823.92
600726.SH,2018-03-13,2.96,2.96,2.91,2.92,30064.0,8806.32
600726.SH,2018-03-14,2.92,2.95,2.89,2.9,29622.0,8623.89
600726.SH,2018-03-15,2.89,3.19,2.88,3.19,233027.05,73299.91
600726.SH,2018-03-16,3.29,3.51,3.2,3.38,642242.46,219284.44
600726.SH,2018-03-19,3.23,3.44,3.18,3.32,401649.19,130845.1
600726.SH,2018-03-20,3.23,3.31,3.2,3.21,240026.81,77680.86
600726.SH,2018-03-21,3.2,3.26,3.14,3.15,226493.83,72436.87
600726.SH,2018-03-22,3.15,3.37,3.11,3.22,239843.06,76822.58
600726.SH,2018-03-23,3.1,3.17,2.95,2.97,228501.05,69530.52
600726.SH,2018-03-26,2.86,2.94,2.75,2.93,116402.47,33258.55
600726.SH,2018-03-27,2.96,3.03,2.92,2.99,100596.22,30021.79
600726.SH,2018-03-28,2.95,2.97,2.9,2.93,69804.33,20491.89
600726.SH,2018-03-29,2.94,2.99,2.93,2.98,54572.2,16168.45
600726.SH,2018-03-30,2.99,3.0,2.93,2.95,53044.0,15665.84
600726.SH,2018-04-02,2.95,2.96,2.92,2.93,49404.92,14513.1
600726.SH,2018-04-03,2.9,2.91,2.82,2.84,72915.0,20778.67
600726.SH,2018-04-04,2.84,2.87,2.83,2.85,34954.32,9984.81
600726.SH,2018-04-09,2.85,2.85,2.79,2.84,38393.16,10863.23
600726.SH,2018-04-10,2.82,2.86,2.81,2.85,40211.72,11414.9
600726.SH,2018-04-11,2.85,2.88,2.85,2.86,30652.13,8765.76
600726.SH,2018-04-12,2.85,2.85,2.82,2.83,22864.78,6478.98
600726.SH,2018-04-13,2.83,2.85,2.8,2.82,25875.0,7310.46
600726.SH,2018-04-16,2.8,2.83,2.71,2.75,42434.0,11768.96
600726.SH,2018-04-17,2.75,2.78,2.72,2.73,25653.1,7060.73
600726.SH,2018-04-18,2.74,2.76,2.68,2.73,27398.78,7442.69
600726.SH,2018-04-19,2.72,2.93,2.71,2.84,88551.92,25208.49
600726.SH,2018-04-20,2.8,2.91,2.79,2.83,58841.67,16828.45
600726.SH,2018-04-23,2.83,2.83,2.75,2.79,34879.66,9663.14
600726.SH,2018-04-24,2.78,2.79,2.73,2.79,63511.0,17528.51
600726.SH,2018-04-25,2.77,2.79,2.75,2.77,27585.0,7626.99
600726.SH,2018-04-26,2.76,2.77,2.72,2.73,23695.56,6488.41
600726.SH,2018-04-27,2.73,2.75,2.71,2.74,24715.22,6758.4
600726.SH,2018-05-02,2.74,2.76,2.73,2.75,25277.0,6946.34
600726.SH,2018-05-03,2.75,2.85,2.71,2.85,55452.55,15446.2
600726.SH,2018-05-04,2.84,2.85,2.81,2.83,27459.01,7755.98
600726.SH,2018-05-07,2.83,2.86,2.81,2.85,46387.85,13160.89
600726.SH,2018-05-08,2.84,2.85,2.83,2.85,29759.02,8455.93
600726.SH,2018-05-09,2.84,2.85,2.8,2.82,30530.5,8613.96
600726.SH,2018-05-10,2.82,2.87,2.82,2.87,39420.78,11217.18
600726.SH,2018-05-11,2.87,2.95,2.85,2.9,77461.68,22536.54
600726.SH,2018-05-14,2.9,3.04,2.9,2.93,111317.0,33051.38
600726.SH,2018-05-15,2.93,3.06,2.87,3.0,108084.35,31979.51
600726.SH,2018-05-16,2.96,2.99,2.94,2.97,66537.38,19699.24
600726.SH,2018-05-17,2.96,2.96,2.91,2.93,37296.61,10932.48
600726.SH,2018-05-18,2.9,2.98,2.9,2.97,49100.17,14478.26
600726.SH,2018-05-21,2.97,3.11,2.94,3.08,138240.57,41983.69
600726.SH,2018-05-22,3.05,3.06,3.02,3.04,64785.87,19661.12
600726.SH,2018-05-23,3.03,3.32,3.01,3.17,324546.25,103875.77
600726.SH,2018-05-24,3.15,3.24,3.11,3.19,188763.84,59798.89
600726.SH,2018-05-25,3.16,3.24,3.06,3.16,137844.07,43207.43
600726.SH,2018-05-28,3.13,3.13,3.0,3.01,110415.02,33715.73
600726.SH,2018-05-29,2.99,3.06,2.98,3.0,60381.21,18271.43
600726.SH,2018-05-30,2.96,2.97,2.81,2.85,91729.79,26562.13
600726.SH,2018-05-31,2.87,2.91,2.84,2.89,54655.86,15716.39
600726.SH,2018-06-01,2.85,2.89,2.81,2.83,51318.57,14602.9
600726.SH,2018-06-04,2.82,2.89,2.82,2.85,29320.53,8381.22
600726.SH,2018-06-05,2.87,2.89,2.86,2.88,35329.01,10159.29
600726.SH,2018-06-06,2.88,2.89,2.85,2.86,23119.0,6630.28
600726.SH,2018-06-07,2.87,2.88,2.82,2.83,31912.65,9075.44
600726.SH,2018-06-08,2.82,2.84,2.75,2.83,42834.41,11983.39
600726.SH,2018-06-11,2.82,2.85,2.78,2.84,26548.42,7485.86
600726.SH,2018-06-12,2.84,2.88,2.83,2.87,31857.27,9110.93
600726.SH,2018-06-13,2.86,2.89,2.84,2.87,32056.94,9199.95
600726.SH,2018-06-14,2.87,2.98,2.86,2.94,79687.92,23359.36
600726.SH,2018-06-15,2.93,3.03,2.89,2.97,87562.0,25938.35
600726.SH,2018-06-19,2.92,2.96,2.69,2.77,108411.0,30812.51
600726.SH,2018-06-20,2.7,2.8,2.7,2.79,54653.0,15058.68
600726.SH,2018-06-21,2.78,2.79,2.69,2.7,46438.0,12753.09
600726.SH,2018-06-22,2.7,2.76,2.68,2.75,36647.53,9961.58
600726.SH,2018-06-25,2.76,2.79,2.71,2.73,28931.14,7916.24
600726.SH,2018-06-26,2.7,2.75,2.69,2.75,25939.0,7062.23
600726.SH,2018-06-27,2.75,2.75,2.71,2.73,20317.17,5552.0
600726.SH,2018-06-28,2.75,2.76,2.71,2.72,19542.33,5337.89
600726.SH,2018-06-29,2.73,2.76,2.7,2.75,42249.0,11545.39
600726.SH,2018-07-02,2.75,2.78,2.71,2.71,39309.0,10800.36
600726.SH,2018-07-03,2.73,2.74,2.69,2.73,29321.0,7963.22
600726.SH,2018-07-04,2.71,2.76,2.71,2.74,32763.0,8988.89
600726.SH,2018-07-05,2.74,2.75,2.68,2.7,31859.0,8639.93
600726.SH,2018-07-06,2.69,2.69,2.53,2.62,67574.51,17645.56
600726.SH,2018-07-09,2.63,2.66,2.62,2.66,22813.9,6039.54
600726.SH,2018-07-10,2.63,2.68,2.63,2.67,23292.02,6190.19
600726.SH,2018-07-11,2.66,2.66,2.58,2.6,29065.74,7590.9
600726.SH,2018-07-12,2.6,2.65,2.6,2.65,22067.98,5816.82
600726.SH,2018-07-13,2.64,2.67,2.64,2.66,16926.0,4489.54
600726.SH,2018-07-16,2.63,2.64,2.58,2.61,42245.0,10996.47
600726.SH,2018-07-17,2.6,2.61,2.55,2.57,35674.12,9144.19
600726.SH,2018-07-18,2.56,2.72,2.56,2.65,73253.47,19375.81
600726.SH,2018-07-19,2.61,2.65,2.6,2.61,35568.5,9297.52
600726.SH,2018-07-20,2.58,2.72,2.58,2.67,53183.56,14180.72
600726.SH,2018-07-23,2.67,2.7,2.64,2.68,39923.0,10684.17
600726.SH,2018-07-24,2.68,2.73,2.67,2.72,54907.23,14904.56
600726.SH,2018-07-25,2.73,2.74,2.7,2.71,30293.37,8223.7
600726.SH,2018-07-26,2.71,2.98,2.69,2.98,199347.32,57943.71
600726.SH,2018-07-27,3.0,3.22,2.87,2.88,289822.26,87082.54
600726.SH,2018-07-30,2.82,2.87,2.79,2.82,142601.73,40269.5
600726.SH,2018-07-31,2.81,2.97,2.81,2.88,165379.85,47890.18
600726.SH,2018-08-01,2.85,2.88,2.81,2.82,82797.0,23413.67
600726.SH,2018-08-02,2.79,2.82,2.7,2.74,95264.96,26201.34
600726.SH,2018-08-03,2.74,2.89,2.71,2.84,123860.01,34964.67
600726.SH,2018-08-06,2.82,2.91,2.76,2.81,73123.0,20636.78
600726.SH,2018-08-07,2.81,2.87,2.75,2.87,76209.2,21582.22
600726.SH,2018-08-08,2.85,2.87,2.74,2.8,92002.97,25844.14
600726.SH,2018-08-09,2.76,2.85,2.74,2.83,64832.4,18222.14
600726.SH,2018-08-10,2.83,2.84,2.77,2.82,48958.02,13724.78
600726.SH,2018-08-13,2.8,2.8,2.75,2.79,33889.0,9402.34
600726.SH,2018-08-14,2.77,2.79,2.76,2.78,28288.0,7845.43
600726.SH,2018-08-15,2.78,2.8,2.73,2.74,37851.0,10431.75
600726.SH,2018-08-16,2.72,2.73,2.66,2.69,38551.0,10403.57
600726.SH,2018-08-17,2.7,2.72,2.66,2.66,28057.0,7545.85
600726.SH,2018-08-20,2.65,2.69,2.64,2.69,22266.6,5943.44
600726.SH,2018-08-21,2.69,2.72,2.66,2.72,23345.96,6307.1
600726.SH,2018-08-22,2.72,2.72,2.67,2.67,17537.0,4709.22
600726.SH,2018-08-23,2.67,2.69,2.66,2.68,14712.0,3934.82
600726.SH,2018-08-24,2.67,2.69,2.66,2.67,15280.4,4083.52
600726.SH,2018-08-27,2.66,2.7,2.62,2.69,33434.92,8930.7
600726.SH,2018-08-28,2.68,2.69,2.65,2.67,23600.96,6295.21
600726.SH,2018-08-29,2.67,2.67,2.63,2.63,20770.47,5496.38
600726.SH,2018-08-30,2.63,2.65,2.63,2.64,17657.0,4660.11
600726.SH,2018-08-31,2.64,2.65,2.61,2.61,14901.0,3904.63
600726.SH,2018-09-03,2.6,2.62,2.58,2.61,16048.0,4165.03
600726.SH,2018-09-04,2.61,2.64,2.6,2.64,13321.85,3501.84
600726.SH,2018-09-05,2.64,2.66,2.61,2.62,15485.96,4086.79
600726.SH,2018-09-06,2.62,2.63,2.6,2.6,10537.0,2754.49
600726.SH,2018-09-07,2.6,2.63,2.6,2.61,13621.0,3558.21
600726.SH,2018-09-10,2.62,2.62,2.58,2.59,14887.17,3859.66
600726.SH,2018-09-11,2.58,2.6,2.57,2.59,10497.34,2714.28
600726.SH,2018-09-12,2.59,2.61,2.57,2.59,10963.0,2848.02
600726.SH,2018-09-13,2.62,2.65,2.59,2.64,31961.02,8379.0
600726.SH,2018-09-14,2.66,2.66,2.6,2.61,21251.17,5569.57
600726.SH,2018-09-17,2.61,2.65,2.58,2.65,28522.93,7494.82
600726.SH,2018-09-18,2.64,2.67,2.61,2.66,31429.77,8305.2
600726.SH,2018-09-19,2.66,2.68,2.63,2.67,40479.47,10780.87
600726.SH,2018-09-20,2.67,2.68,2.64,2.66,18919.0,5026.58
600726.SH,2018-09-21,2.63,2.69,2.63,2.68,35036.86,9344.28
600726.SH,2018-09-25,2.67,2.68,2.64,2.65,21718.0,5763.37
600726.SH,2018-09-26,2.65,2.67,2.65,2.66,16561.62,4402.75
600726.SH,2018-09-27,2.66,2.67,2.64,2.66,17421.62,4624.45
600726.SH,2018-09-28,2.66,2.67,2.64,2.67,19854.76,5275.86
600726.SH,2018-10-08,2.65,2.66,2.58,2.58,28091.87,7322.31
600726.SH,2018-10-09,2.57,2.61,2.57,2.6,16390.86,4239.01
600726.SH,2018-10-10,2.59,2.6,2.56,2.57,17962.47,4631.68
600726.SH,2018-10-11,2.53,2.53,2.38,2.39,52009.0,12720.73
600726.SH,2018-10-12,2.39,2.41,2.29,2.38,25378.11,5973.03
600726.SH,2018-10-15,2.38,2.41,2.35,2.37,9931.0,2373.79
600726.SH,2018-10-16,2.32,2.35,2.31,2.32,25581.0,5936.35
600726.SH,2018-10-17,2.32,2.35,2.29,2.33,25391.6,5898.83
600726.SH,2018-10-18,2.31,2.32,2.26,2.27,19960.0,4555.72
600726.SH,2018-10-19,2.26,2.3,2.22,2.3,18688.59,4232.13
600726.SH,2018-10-22,2.34,2.43,2.31,2.38,37725.04,8952.75
600726.SH,2018-10-23,2.38,2.4,2.33,2.34,24665.0,5818.35
600726.SH,2018-10-24,2.34,2.36,2.31,2.34,24509.6,5726.81
600726.SH,2018-10-25,2.3,2.32,2.25,2.32,25966.59,5934.6
600726.SH,2018-10-26,2.31,2.38,2.31,2.34,29573.1,6921.49
600726.SH,2018-10-29,2.32,2.35,2.31,2.33,16791.1,3908.71
600726.SH,2018-10-30,2.33,2.36,2.3,2.34,18994.0,4428.54
600726.SH,2018-10-31,2.34,2.38,2.33,2.37,26089.69,6158.72
600726.SH,2018-11-01,2.38,2.43,2.36,2.39,44359.6,10627.63
600726.SH,2018-11-02,2.39,2.58,2.37,2.47,74062.71,18245.93
600726.SH,2018-11-05,2.43,2.47,2.41,2.46,47352.05,11540.65
600726.SH,2018-11-06,2.43,2.45,2.4,2.42,26838.07,6495.76
600726.SH,2018-11-07,2.41,2.53,2.41,2.48,54847.1,13555.58
600726.SH,2018-11-08,2.48,2.49,2.44,2.45,36189.45,8904.5
600726.SH,2018-11-09,2.44,2.45,2.42,2.43,17015.98,4144.33
600726.SH,2018-11-12,2.4,2.53,2.4,2.49,46444.11,11542.38
600726.SH,2018-11-13,2.48,2.57,2.47,2.55,70988.51,17979.44
600726.SH,2018-11-14,2.57,2.62,2.53,2.54,66412.2,17072.69
600726.SH,2018-11-15,2.54,2.59,2.54,2.55,40331.96,10344.28
600726.SH,2018-11-16,2.58,2.62,2.54,2.55,66542.72,17122.43
600726.SH,2018-11-19,2.56,2.59,2.51,2.58,47686.01,12165.56
600726.SH,2018-11-20,2.57,2.58,2.49,2.5,33833.87,8595.34
600726.SH,2018-11-21,2.49,2.56,2.46,2.53,25293.77,6373.0
600726.SH,2018-11-22,2.53,2.55,2.51,2.52,15972.79,4034.83
600726.SH,2018-11-23,2.5,2.52,2.4,2.42,37353.0,9116.2
600726.SH,2018-11-26,2.4,2.44,2.37,2.39,24453.0,5875.59
600726.SH,2018-11-27,2.4,2.42,2.38,2.39,21627.0,5188.37
600726.SH,2018-11-28,2.4,2.43,2.36,2.42,25820.97,6186.24
600726.SH,2018-11-29,2.42,2.44,2.36,2.37,31897.0,7688.75
600726.SH,2018-11-30,2.36,2.38,2.31,2.38,29333.0,6875.7
600726.SH,2018-12-03,2.42,2.44,2.4,2.43,31341.1,7597.8
600726.SH,2018-12-04,2.42,2.44,2.4,2.43,27039.0,6541.6
600726.SH,2018-12-05,2.42,2.43,2.39,2.4,23687.0,5703.04
600726.SH,2018-12-06,2.42,2.42,2.37,2.38,24136.0,5781.83
600726.SH,2018-12-07,2.38,2.4,2.38,2.39,12012.11,2867.21
600726.SH,2018-12-10,2.4,2.4,2.35,2.37,15496.0,3663.89
600726.SH,2018-12-11,2.38,2.4,2.37,2.39,15077.0,3588.81
600726.SH,2018-12-12,2.39,2.4,2.36,2.36,13230.0,3145.16
600726.SH,2018-12-13,2.37,2.39,2.34,2.37,19453.0,4611.97
600726.SH,2018-12-14,2.37,2.38,2.34,2.34,18439.0,4336.75
600726.SH,2018-12-17,2.32,2.35,2.32,2.35,16740.93,3909.75
600726.SH,2018-12-18,2.34,2.36,2.33,2.35,14554.0,3414.47
600726.SH,2018-12-19,2.37,2.37,2.34,2.34,10415.78,2445.53
600726.SH,2018-12-20,2.34,2.36,2.31,2.35,20511.2,4790.67
600726.SH,2018-12-21,2.34,2.35,2.32,2.34,12666.14,2957.84
600726.SH,2018-12-24,2.37,2.38,2.34,2.36,11549.42,2723.62
600726.SH,2018-12-25,2.34,2.35,2.3,2.33,19655.37,4562.43
600726.SH,2018-12-26,2.33,2.34,2.32,2.32,6980.21,1625.61
600726.SH,2018-12-27,2.34,2.35,2.31,2.32,14838.06,3457.9
600726.SH,2018-12-28,2.31,2.32,2.3,2.31,8537.35,1970.33
600726.SH,2019-01-02,2.31,2.33,2.3,2.31,9107.0,2110.27
600726.SH,2019-01-03,2.31,2.33,2.3,2.33,8856.78,2051.88
600726.SH,2019-01-04,2.33,2.36,2.25,2.36,34981.37,8148.57
600726.SH,2019-01-07,2.36,2.39,2.34,2.39,41238.72,9774.38
600726.SH,2019-01-08,2.39,2.45,2.37,2.41,43024.92,10415.75
600726.SH,2019-01-09,2.39,2.43,2.39,2.4,32825.0,7911.82
600726.SH,2019-01-10,2.38,2.41,2.38,2.41,22337.01,5364.32
600726.SH,2019-01-11,2.42,2.44,2.4,2.44,27888.51,6766.24
600726.SH,2019-01-14,2.42,2.44,2.4,2.42,21152.72,5103.69
600726.SH,2019-01-15,2.4,2.44,2.4,2.43,27870.17,6749.35
600726.SH,2019-01-16,2.43,2.43,2.4,2.42,21124.39,5094.22
600726.SH,2019-01-17,2.43,2.47,2.4,2.43,42607.0,10376.25
600726.SH,2019-01-18,2.41,2.44,2.38,2.42,50902.84,12252.34
600726.SH,2019-01-21,2.41,2.43,2.39,2.39,23421.0,5637.12
600726.SH,2019-01-22,2.39,2.41,2.38,2.41,29748.32,7121.94
600726.SH,2019-01-23,2.4,2.42,2.39,2.41,26521.95,6385.4
600726.SH,2019-01-24,2.41,2.44,2.4,2.44,35670.38,8667.37
600726.SH,2019-01-25,2.45,2.46,2.42,2.42,21520.0,5240.93
600726.SH,2019-01-28,2.41,2.43,2.37,2.37,25393.0,6090.08
600726.SH,2019-01-29,2.37,2.37,2.3,2.33,23491.0,5479.82
600726.SH,2019-01-30,2.3,2.33,2.3,2.31,14151.0,3283.77
600726.SH,2019-01-31,2.3,2.3,2.08,2.08,139707.76,29277.6
600726.SH,2019-02-01,1.95,2.0,1.88,1.98,175484.77,34010.85
600726.SH,2019-02-11,1.96,2.04,1.93,2.02,78867.01,15733.61
600726.SH,2019-02-12,2.02,2.05,2.0,2.05,62760.94,12736.24
600726.SH,2019-02-13,2.07,2.08,2.04,2.08,56064.92,11559.8
600726.SH,2019-02-14,2.08,2.11,2.07,2.09,51578.63,10749.64
600726.SH,2019-02-15,2.08,2.24,2.08,2.15,122413.0,26530.64
600726.SH,2019-02-18,2.14,2.23,2.11,2.21,118732.97,26033.86
600726.SH,2019-02-19,2.21,2.26,2.2,2.24,106657.79,23818.06
600726.SH,2019-02-20,2.24,2.27,2.22,2.25,78600.4,17655.34
600726.SH,2019-02-21,2.25,2.28,2.2,2.21,70880.23,15902.41
600726.SH,2019-02-22,2.21,2.25,2.17,2.24,105098.86,23272.92
600726.SH,2019-02-25,2.27,2.34,2.26,2.33,158024.21,36262.38
600726.SH,2019-02-26,2.34,2.56,2.31,2.5,313252.4,77475.27
600726.SH,2019-02-27,2.48,2.52,2.4,2.44,215293.44,52935.32
600726.SH,2019-02-28,2.46,2.49,2.41,2.42,124125.1,30295.8
600726.SH,2019-03-01,2.46,2.46,2.39,2.42,101566.77,24591.25
600726.SH,2019-03-04,2.43,2.51,2.43,2.46,190733.18,47096.78
600726.SH,2019-03-05,2.44,2.5,2.41,2.5,167668.54,41225.86
600726.SH,2019-03-06,2.5,2.74,2.49,2.7,390236.0,103049.48
600726.SH,2019-03-07,2.69,2.86,2.63,2.76,368052.91,100856.99
600726.SH,2019-03-08,2.74,2.76,2.55,2.55,240373.89,63558.27
600726.SH,2019-03-11,2.54,2.74,2.53,2.68,192836.55,50944.08
600726.SH,2019-03-12,2.76,2.88,2.7,2.81,360260.93,100711.18
600726.SH,2019-03-13,2.78,2.79,2.69,2.7,192712.45,52639.72
600726.SH,2019-03-14,2.7,2.71,2.53,2.57,118561.63,30742.61
600726.SH,2019-03-15,2.59,2.64,2.58,2.63,74981.99,19596.88
600726.SH,2019-03-18,2.69,2.69,2.62,2.68,77270.69,20469.33
600726.SH,2019-03-19,2.65,2.7,2.63,2.66,98916.44,26328.31
600726.SH,2019-03-20,2.67,2.68,2.59,2.64,88816.95,23358.3
600726.SH,2019-03-21,2.64,2.7,2.62,2.67,135065.11,36024.01
600726.SH,2019-03-22,2.66,2.68,2.61,2.67,82425.69,21840.27
600726.SH,2019-03-25,2.62,2.65,2.56,2.62,79098.02,20633.04
600726.SH,2019-03-26,2.58,2.59,2.37,2.38,292883.42,71216.79
600726.SH,2019-03-27,2.36,2.37,2.21,2.28,209371.68,47601.47
600726.SH,2019-03-28,2.24,2.3,2.21,2.27,112687.97,25360.21
600726.SH,2019-03-29,2.25,2.32,2.22,2.32,125714.13,28689.59
600726.SH,2019-04-01,2.32,2.4,2.31,2.4,142979.05,33921.86
600726.SH,2019-04-02,2.4,2.43,2.38,2.39,128635.47,30865.5
600726.SH,2019-04-03,2.39,2.42,2.36,2.41,123611.31,29466.54
600726.SH,2019-04-04,2.42,2.62,2.39,2.5,267621.88,66959.83
600726.SH,2019-04-08,2.45,2.5,2.41,2.45,182874.47,44758.81
600726.SH,2019-04-09,2.45,2.46,2.41,2.43,80432.29,19558.39
600726.SH,2019-04-10,2.41,2.47,2.38,2.46,123004.84,29919.44
600726.SH,2019-04-11,2.46,2.59,2.42,2.49,229739.39,57495.38
600726.SH,2019-04-12,2.46,2.65,2.43,2.64,434084.73,112167.08
600726.SH,2019-04-15,2.66,2.66,2.54,2.55,296035.52,76514.7
600726.SH,2019-04-16,2.51,2.57,2.43,2.57,230328.45,57321.36
600726.SH,2019-04-17,2.55,2.57,2.5,2.53,158166.15,40106.86
600726.SH,2019-04-18,2.51,2.54,2.5,2.5,129205.0,32496.7
600726.SH,2019-04-19,2.47,2.49,2.43,2.47,142787.54,35195.69
600726.SH,2019-04-22,2.46,2.47,2.43,2.44,110307.04,26971.09
600726.SH,2019-04-23,2.42,2.43,2.35,2.35,111888.49,26569.97
600726.SH,2019-04-24,2.36,2.4,2.33,2.39,86937.53,20470.3
600726.SH,2019-04-25,2.36,2.41,2.29,2.3,92692.16,21816.75
600726.SH,2019-04-26,2.28,2.29,2.22,2.23,99316.83,22270.69
600726.SH,2019-04-30,2.12,2.12,2.12,2.12,4514.0,956.97
600726.SH,2019-05-06,2.01,2.01,2.01,2.01,20538.0,4128.14
600726.SH,2019-05-07,1.91,1.91,1.91,1.91,21762.0,4156.54
600726.SH,2019-05-08,1.81,2.01,1.81,1.93,324156.64,60846.56
600726.SH,2019-05-09,1.85,1.89,1.84,1.87,190012.93,35459.17
600726.SH,2019-05-10,1.87,1.92,1.86,1.91,148365.27,27983.2
600726.SH,2019-05-13,1.89,1.9,1.86,1.87,105269.9,19768.61
600726.SH,2019-05-14,1.85,1.88,1.83,1.86,85247.86,15824.23
600726.SH,2019-05-15,1.86,1.9,1.86,1.89,80003.0,15069.36
600726.SH,2019-05-16,1.89,1.98,1.88,1.98,120817.07,23631.33
600726.SH,2019-05-17,1.99,2.02,1.88,1.89,157243.01,30412.21
600726.SH,2019-05-20,1.86,1.89,1.8,1.89,77347.84,14266.87
600726.SH,2019-05-21,1.88,1.95,1.88,1.93,69055.52,13288.83
600726.SH,2019-05-22,1.93,1.93,1.86,1.9,50291.84,9545.39
600726.SH,2019-05-23,1.89,1.9,1.82,1.84,50898.65,9392.53
600726.SH,2019-05-24,1.84,1.85,1.82,1.84,50954.25,9345.83
600726.SH,2019-05-27,1.84,1.89,1.82,1.88,48950.51,9095.15
600726.SH,2019-05-28,1.87,1.93,1.86,1.88,61968.92,11801.85
600726.SH,2019-05-29,1.88,1.91,1.87,1.9,39848.0,7552.52
600726.SH,2019-05-30,1.87,1.89,1.85,1.87,41203.1,7711.23
600726.SH,2019-05-31,1.86,1.91,1.85,1.87,48613.0,9160.28
600726.SH,2019-06-03,1.87,1.88,1.83,1.85,57992.0,10725.32
600726.SH,2019-06-04,1.85,1.86,1.82,1.83,44623.94,8167.71
600726.SH,2019-06-05,1.84,1.85,1.82,1.82,37011.0,6776.42
600726.SH,2019-06-06,1.82,1.82,1.75,1.78,63613.37,11370.79
600726.SH,2019-06-10,1.76,1.78,1.74,1.76,41534.0,7320.47
600726.SH,2019-06-11,1.75,1.83,1.75,1.82,50126.11,9040.11
600726.SH,2019-06-12,1.83,1.83,1.8,1.81,40567.5,7360.68
600726.SH,2019-06-13,1.81,1.87,1.8,1.85,60268.81,11103.5
600726.SH,2019-06-14,1.86,1.86,1.8,1.81,41811.43,7650.85
600726.SH,2019-06-17,1.8,1.81,1.76,1.79,37316.85,6669.44
600726.SH,2019-06-18,1.79,1.8,1.76,1.78,26749.76,4769.93
600726.SH,2019-06-19,1.81,1.82,1.77,1.79,43315.0,7789.22
600726.SH,2019-06-20,1.78,1.81,1.76,1.8,58319.7,10437.52
600726.SH,2019-06-21,1.85,1.87,1.83,1.85,92661.25,17121.28
600726.SH,2019-06-24,1.84,1.85,1.83,1.84,42753.56,7861.35
600726.SH,2019-06-25,1.84,1.85,1.82,1.84,45888.24,8416.01
600726.SH,2019-06-26,1.83,1.86,1.83,1.86,40627.75,7503.09
600726.SH,2019-06-27,1.86,1.87,1.84,1.85,45633.35,8461.01
600726.SH,2019-06-28,1.84,1.87,1.84,1.85,70209.0,13021.25
600726.SH,2019-07-01,1.86,1.88,1.85,1.87,70987.49,13249.18
600726.SH,2019-07-02,1.87,1.96,1.86,1.9,108193.03,20675.29
600726.SH,2019-07-03,1.89,1.9,1.84,1.86,84413.0,15727.02
600726.SH,2019-07-04,1.86,1.87,1.84,1.85,30525.44,5654.27
600726.SH,2019-07-05,1.84,1.86,1.84,1.86,34901.58,6453.04
600726.SH,2019-07-08,1.86,1.86,1.78,1.8,58035.0,10505.22
600726.SH,2019-07-09,1.79,1.83,1.78,1.83,33546.28,6043.59
600726.SH,2019-07-10,1.82,1.82,1.8,1.81,19103.6,3457.55
600726.SH,2019-07-11,1.82,1.84,1.8,1.81,36157.02,6581.37
600726.SH,2019-07-12,1.81,1.82,1.8,1.82,27621.52,5007.96
600726.SH,2019-07-15,1.81,1.85,1.8,1.84,44951.62,8227.8
600726.SH,2019-07-16,1.84,1.84,1.83,1.84,27110.4,4974.93
600726.SH,2019-07-17,1.84,1.86,1.83,1.84,27209.4,5016.16
600726.SH,2019-07-18,1.84,1.84,1.81,1.81,23511.0,4280.19
600726.SH,2019-07-19,1.82,1.83,1.8,1.81,36683.0,6640.71
600726.SH,2019-07-22,1.81,1.81,1.76,1.77,47191.1,8412.15
600726.SH,2019-07-23,1.77,1.79,1.77,1.78,25274.0,4491.72
600726.SH,2019-07-24,1.77,1.8,1.77,1.79,51926.2,9280.66
600726.SH,2019-07-25,1.79,1.79,1.77,1.78,32557.47,5797.9
600726.SH,2019-07-26,1.78,1.79,1.77,1.78,29164.17,5186.11
600726.SH,2019-07-29,1.78,1.79,1.77,1.78,22791.0,4053.11
600726.SH,2019-07-30,1.81,1.86,1.8,1.82,99642.41,18248.72
600726.SH,2019-07-31,1.81,1.82,1.8,1.8,38439.0,6954.48
600726.SH,2019-08-01,1.8,1.81,1.79,1.8,27796.34,5005.63
600726.SH,2019-08-02,1.79,1.8,1.78,1.79,29439.88,5267.36
600726.SH,2019-08-05,1.79,1.8,1.77,1.78,40626.2,7241.41
600726.SH,2019-08-06,1.75,1.76,1.69,1.72,73356.24,12598.15
600726.SH,2019-08-07,1.71,1.75,1.71,1.72,30389.0,5253.13
600726.SH,2019-08-08,1.72,1.74,1.71,1.72,35195.63,6077.88
600726.SH,2019-08-09,1.73,1.74,1.7,1.71,33287.84,5713.6
600726.SH,2019-08-12,1.71,1.74,1.71,1.73,25417.44,4380.17
600726.SH,2019-08-13,1.72,1.73,1.71,1.72,21999.32,3778.84
600726.SH,2019-08-14,1.73,1.75,1.72,1.73,24908.2,4319.83
600726.SH,2019-08-15,1.7,1.73,1.68,1.73,32636.35,5573.21
600726.SH,2019-08-16,1.73,1.74,1.72,1.73,17085.54,2952.66
600726.SH,2019-08-19,1.74,1.75,1.72,1.75,46887.94,8158.54
600726.SH,2019-08-20,1.75,1.76,1.73,1.73,30181.0,5261.41
600726.SH,2019-08-21,1.73,1.74,1.73,1.73,18513.0,3207.12
600726.SH,2019-08-22,1.73,1.74,1.72,1.74,20965.49,3632.87
600726.SH,2019-08-23,1.74,1.74,1.72,1.73,23080.0,3995.28
600726.SH,2019-08-26,1.71,1.72,1.69,1.72,28279.0,4828.32
600726.SH,2019-08-27,1.72,1.75,1.71,1.75,51703.66,8981.24
600726.SH,2019-08-28,1.74,1.75,1.73,1.74,28399.0,4944.56
600726.SH,2019-08-29,1.74,1.75,1.73,1.74,32034.3,5562.93
600726.SH,2019-08-30,1.74,1.75,1.7,1.72,44717.53,7710.52
600726.SH,2019-09-02,1.71,1.73,1.7,1.73,26602.07,4577.0
600726.SH,2019-09-03,1.72,1.73,1.71,1.72,19377.44,3335.04
600726.SH,2019-09-04,1.72,1.73,1.71,1.73,36572.09,6295.14
600726.SH,2019-09-05,1.73,1.75,1.72,1.73,63905.12,11109.82
600726.SH,2019-09-06,1.73,1.74,1.71,1.72,46951.68,8094.41
600726.SH,2019-09-09,1.73,1.74,1.72,1.74,47681.73,8227.15
600726.SH,2019-09-10,1.73,1.74,1.72,1.74,30164.98,5221.96
600726.SH,2019-09-11,1.74,1.74,1.73,1.74,33552.94,5811.33
600726.SH,2019-09-12,1.73,1.75,1.73,1.74,33011.95,5729.13
600726.SH,2019-09-16,1.74,1.8,1.74,1.78,105890.97,18823.11
600726.SH,2019-09-17,1.78,1.78,1.74,1.75,54745.68,9618.2
600726.SH,2019-09-18,1.75,1.77,1.75,1.76,31603.0,5566.78
600726.SH,2019-09-19,1.76,1.77,1.76,1.77,23282.96,4111.96
600726.SH,2019-09-20,1.77,1.82,1.76,1.81,84018.56,15138.56
600726.SH,2019-09-23,1.81,1.81,1.78,1.8,50638.17,9068.28
600726.SH,2019-09-24,1.79,1.89,1.79,1.85,163146.63,30465.99
600726.SH,2019-09-25,1.84,1.88,1.82,1.85,76457.61,14145.26
600726.SH,2019-09-26,1.85,1.92,1.85,1.89,99529.76,18786.54
600726.SH,2019-09-27,1.89,1.92,1.85,1.86,69201.45,12981.93
600726.SH,2019-09-30,1.89,1.92,1.86,1.88,65967.17,12412.9
600726.SH,2019-10-08,1.88,1.88,1.79,1.8,80195.21,14654.94
600726.SH,2019-10-09,1.79,1.8,1.75,1.8,49938.01,8853.73
600726.SH,2019-10-10,1.79,1.81,1.79,1.8,30092.75,5422.87
600726.SH,2019-10-11,1.8,1.83,1.8,1.82,34221.0,6208.28
600726.SH,2019-10-14,1.82,1.84,1.8,1.83,37426.94,6822.86
600726.SH,2019-10-15,1.83,1.83,1.8,1.8,63931.12,11591.7
600726.SH,2019-10-16,1.8,1.81,1.78,1.8,39359.12,7069.2
600726.SH,2019-10-17,1.8,1.8,1.79,1.8,29525.5,5295.05
600726.SH,2019-10-18,1.81,1.83,1.8,1.81,54940.52,9968.28
600726.SH,2019-10-21,1.73,1.75,1.72,1.72,130325.0,22451.88
600726.SH,2019-10-22,1.71,1.72,1.69,1.71,67773.78,11523.65
600726.SH,2019-10-23,1.71,1.73,1.7,1.71,38303.16,6576.49
600726.SH,2019-10-24,1.71,1.72,1.62,1.65,139548.96,23064.57
600726.SH,2019-10-25,1.62,1.65,1.6,1.65,57196.58,9268.45
600726.SH,2019-10-28,1.64,1.66,1.63,1.65,60493.24,9966.19
600726.SH,2019-10-29,1.65,1.65,1.61,1.62,44426.2,7230.09
600726.SH,2019-10-30,1.67,1.7,1.67,1.7,132320.66,22449.09
600726.SH,2019-10-31,1.67,1.7,1.65,1.66,79278.12,13236.59
600726.SH,2019-11-01,1.66,1.66,1.63,1.66,30672.46,5048.17
600726.SH,2019-11-04,1.66,1.67,1.65,1.66,20289.56,3374.07
600726.SH,2019-11-05,1.66,1.67,1.65,1.66,21946.0,3645.26
600726.SH,2019-11-06,1.66,1.67,1.64,1.67,22163.0,3665.13
600726.SH,2019-11-07,1.66,1.66,1.64,1.65,18581.8,3064.73
600726.SH,2019-11-08,1.65,1.67,1.65,1.66,26348.8,4372.25
600726.SH,2019-11-11,1.67,1.72,1.66,1.67,58131.0,9795.29
600726.SH,2019-11-12,1.66,1.67,1.64,1.67,29889.07,4941.27
600726.SH,2019-11-13,1.66,1.68,1.66,1.66,20413.0,3403.7
600726.SH,2019-11-14,1.67,1.68,1.66,1.67,29177.0,4862.37
600726.SH,2019-11-15,1.67,1.67,1.65,1.65,26683.0,4423.04
600726.SH,2019-11-18,1.65,1.65,1.63,1.65,31493.0,5171.71
600726.SH,2019-11-19,1.64,1.67,1.64,1.67,26654.98,4401.6
600726.SH,2019-11-20,1.66,1.67,1.65,1.65,20991.01,3485.71
600726.SH,2019-11-21,1.65,1.67,1.64,1.67,28634.84,4741.34
600726.SH,2019-11-22,1.67,1.7,1.66,1.67,43561.1,7321.75
600726.SH,2019-11-25,1.68,1.71,1.68,1.71,44151.0,7512.36
600726.SH,2019-11-26,1.7,1.73,1.7,1.72,33634.0,5761.78
600726.SH,2019-11-27,1.72,1.72,1.69,1.7,28611.0,4872.32
600726.SH,2019-11-28,1.7,1.72,1.69,1.7,23641.0,4031.39
600726.SH,2019-11-29,1.7,1.71,1.68,1.7,16392.0,2773.69
600726.SH,2019-12-02,1.7,1.7,1.68,1.7,18436.0,3118.35
600726.SH,2019-12-03,1.69,1.77,1.68,1.73,55926.64,9667.49
600726.SH,2019-12-04,1.72,1.75,1.71,1.73,37005.6,6373.05
600726.SH,2019-12-05,1.72,1.73,1.71,1.72,22028.0,3789.57
600726.SH,2019-12-06,1.71,1.74,1.71,1.73,32131.0,5540.0
600726.SH,2019-12-09,1.73,1.74,1.71,1.73,25609.1,4409.41
600726.SH,2019-12-10,1.73,1.74,1.71,1.72,31692.0,5468.63
600726.SH,2019-12-11,1.72,1.72,1.7,1.71,19317.0,3304.85
600726.SH,2019-12-12,1.7,1.71,1.69,1.69,29707.28,5042.3
600726.SH,2019-12-13,1.69,1.72,1.69,1.72,22858.1,3895.54
600726.SH,2019-12-16,1.71,1.73,1.71,1.72,34013.27,5837.17
600726.SH,2019-12-17,1.71,1.74,1.71,1.73,38235.33,6605.9
600726.SH,2019-12-18,1.73,1.74,1.72,1.73,33514.91,5786.81
600726.SH,2019-12-19,1.73,1.76,1.72,1.76,74265.18,12946.57
600726.SH,2019-12-20,1.75,1.82,1.75,1.79,95743.57,17207.86
600726.SH,2019-12-23,1.79,1.82,1.77,1.78,56373.01,10114.95
600726.SH,2019-12-24,1.77,1.87,1.77,1.85,96436.61,17617.45
600726.SH,2019-12-25,1.85,1.86,1.78,1.8,91262.02,16497.02
600726.SH,2019-12-26,1.8,1.8,1.78,1.79,34252.01,6124.96
600726.SH,2019-12-27,1.79,1.81,1.78,1.78,32398.0,5801.46
600726.SH,2019-12-30,1.76,1.77,1.73,1.75,58687.64,10281.23
600726.SH,2019-12-31,1.75,1.77,1.75,1.77,21637.41,3805.7
600726.SH,2020-01-02,1.78,1.8,1.77,1.79,40715.73,7282.89
600726.SH,2020-01-03,1.79,1.8,1.77,1.79,38116.04,6796.66
600726.SH,2020-01-06,1.78,1.84,1.77,1.82,67529.89,12204.92
600726.SH,2020-01-07,1.83,1.85,1.82,1.84,60435.03,11093.21
600726.SH,2020-01-08,1.87,1.92,1.84,1.85,115636.0,21759.68
600726.SH,2020-01-09,1.84,1.88,1.84,1.87,51463.2,9567.7
600726.SH,2020-01-10,1.86,1.87,1.81,1.83,57621.64,10581.99
600726.SH,2020-01-13,1.82,1.85,1.82,1.85,33005.54,6055.62
600726.SH,2020-01-14,1.84,1.87,1.84,1.86,39627.65,7357.71
600726.SH,2020-01-15,1.89,1.93,1.84,1.86,112689.32,21157.04
600726.SH,2020-01-16,1.84,1.85,1.8,1.81,73383.02,13395.44
600726.SH,2020-01-17,1.81,1.84,1.8,1.82,50570.01,9188.15
600726.SH,2020-01-20,1.82,1.83,1.79,1.82,50476.31,9140.1
600726.SH,2020-01-21,1.81,1.83,1.8,1.82,39260.26,7120.6
600726.SH,2020-01-22,1.81,1.82,1.79,1.81,43769.0,7880.18
600726.SH,2020-01-23,1.8,1.81,1.72,1.76,68215.27,12062.87
600726.SH,2020-02-03,1.67,1.67,1.67,1.67,6921.0,1155.81
600726.SH,2020-02-04,1.59,1.62,1.59,1.6,116181.95,18533.89
600726.SH,2020-02-05,1.6,1.64,1.59,1.62,71754.63,11592.0
600726.SH,2020-02-06,1.62,1.63,1.6,1.62,63178.01,10176.46
600726.SH,2020-02-07,1.62,1.63,1.6,1.62,48222.04,7759.82
600726.SH,2020-02-10,1.61,1.66,1.6,1.65,63602.33,10402.54
600726.SH,2020-02-11,1.65,1.67,1.64,1.66,45896.6,7610.42
600726.SH,2020-02-12,1.66,1.69,1.64,1.67,55592.4,9244.43
600726.SH,2020-02-13,1.66,1.67,1.62,1.64,51799.6,8520.97
600726.SH,2020-02-14,1.64,1.64,1.62,1.63,44983.79,7319.67
600726.SH,2020-02-17,1.63,1.67,1.63,1.67,44675.02,7390.42
600726.SH,2020-02-18,1.67,1.68,1.65,1.67,52890.01,8811.16
600726.SH,2020-02-19,1.67,1.69,1.66,1.66,42081.7,7035.98
600726.SH,2020-02-20,1.66,1.69,1.66,1.68,50420.23,8429.79
600726.SH,2020-02-21,1.68,1.71,1.67,1.69,51349.0,8675.47
600726.SH,2020-02-24,1.68,1.69,1.66,1.67,42196.27,7052.51
600726.SH,2020-02-25,1.65,1.66,1.61,1.64,68893.0,11262.39
600726.SH,2020-02-26,1.62,1.67,1.61,1.66,57801.66,9533.75
600726.SH,2020-02-27,1.66,1.67,1.64,1.67,33076.52,5481.4
600726.SH,2020-02-28,1.65,1.65,1.62,1.63,50358.2,8238.84
600726.SH,2020-03-02,1.63,1.67,1.62,1.66,37764.0,6236.26
600726.SH,2020-03-03,1.68,1.68,1.64,1.65,82712.0,13714.38
600726.SH,2020-03-04,1.64,1.68,1.64,1.67,74524.49,12388.44
600726.SH,2020-03-05,1.68,1.73,1.67,1.7,150864.85,25647.6
600726.SH,2020-03-06,1.69,1.71,1.67,1.7,66768.0,11273.4
600726.SH,2020-03-09,1.68,1.69,1.65,1.65,63480.09,10607.85
600726.SH,2020-03-10,1.63,1.68,1.63,1.66,70501.42,11624.28
600726.SH,2020-03-11,1.66,1.7,1.66,1.69,65191.72,10992.08
600726.SH,2020-03-12,1.67,1.68,1.65,1.67,47463.0,7913.35
600726.SH,2020-03-13,1.61,1.66,1.6,1.65,73441.56,11933.96
600726.SH,2020-03-16,1.66,1.66,1.62,1.62,61836.01,10133.68
600726.SH,2020-03-17,1.62,1.64,1.59,1.61,65325.25,10535.29
600726.SH,2020-03-18,1.62,1.63,1.59,1.6,58406.0,9412.54
600726.SH,2020-03-19,1.6,1.6,1.52,1.57,87392.68,13698.66
600726.SH,2020-03-20,1.58,1.59,1.55,1.58,46929.95,7356.3
600726.SH,2020-03-23,1.56,1.57,1.53,1.54,29967.0,4650.86
600726.SH,2020-03-24,1.55,1.58,1.54,1.57,33487.32,5208.8
600726.SH,2020-03-25,1.59,1.59,1.57,1.58,51018.4,8060.29
600726.SH,2020-03-26,1.58,1.59,1.56,1.57,27692.0,4357.66
600726.SH,2020-03-27,1.61,1.65,1.6,1.63,96678.0,15751.67
600726.SH,2020-03-30,1.61,1.62,1.58,1.61,54725.1,8738.67
600726.SH,2020-03-31,1.61,1.62,1.59,1.59,47786.64,7669.31
600726.SH,2020-04-01,1.59,1.62,1.59,1.61,40034.6,6413.92
600726.SH,2020-04-02,1.61,1.67,1.61,1.64,82680.78,13537.8
600726.SH,2020-04-03,1.64,1.68,1.62,1.67,77652.62,12806.47
600726.SH,2020-04-07,1.69,1.69,1.66,1.67,63669.0,10656.24
600726.SH,2020-04-08,1.68,1.75,1.68,1.75,109338.45,18987.29
600726.SH,2020-04-09,1.81,1.84,1.77,1.81,239277.62,43697.16
600726.SH,2020-04-10,1.82,1.9,1.8,1.9,268255.8,50114.87
600726.SH,2020-04-13,1.87,1.87,1.81,1.81,155800.17,28325.93
600726.SH,2020-04-14,1.78,1.9,1.76,1.87,203038.7,37788.87
600726.SH,2020-04-15,1.91,1.96,1.9,1.93,175793.96,33988.04
600726.SH,2020-04-16,1.89,1.98,1.85,1.91,191992.21,37069.98
600726.SH,2020-04-17,1.93,2.01,1.92,1.98,301230.34,60130.97
600726.SH,2020-04-20,1.97,2.08,1.94,2.07,208450.12,42126.54
600726.SH,2020-04-21,2.09,2.16,2.06,2.12,175702.43,37085.98
600726.SH,2020-04-22,2.12,2.23,2.1,2.23,199111.68,43699.19
600726.SH,2020-04-23,2.27,2.29,2.13,2.19,238856.0,52843.64
600726.SH,2020-04-24,2.17,2.19,2.08,2.1,180451.4,38389.78
600726.SH,2020-04-27,2.21,2.21,2.12,2.19,211379.03,46115.5
600726.SH,2020-04-28,2.17,2.24,2.12,2.13,155555.76,33690.15
600726.SH,2020-04-29,2.11,2.13,2.02,2.02,198187.0,40796.73
600726.SH,2020-05-06,2.07,2.2,2.03,2.06,445994.51,93340.29
600726.SH,2020-05-07,2.07,2.07,1.94,1.95,290920.01,57483.53
600726.SH,2020-05-08,1.95,1.97,1.92,1.95,169540.91,32976.77
600726.SH,2020-05-11,1.94,1.94,1.87,1.89,182549.44,34770.45
600726.SH,2020-05-12,1.88,1.92,1.86,1.9,121510.19,22995.12
600726.SH,2020-05-13,1.88,2.04,1.87,1.96,223378.87,44033.35
600726.SH,2020-05-14,1.93,1.97,1.89,1.9,162131.4,31167.89
600726.SH,2020-05-15,1.9,1.92,1.88,1.9,91231.46,17280.56
600726.SH,2020-05-18,1.88,1.89,1.83,1.87,127740.6,23791.46
600726.SH,2020-05-19,1.86,1.88,1.84,1.85,97038.1,17978.88
600726.SH,2020-05-20,1.83,1.85,1.8,1.82,106332.57,19307.37
600726.SH,2020-05-21,1.81,1.91,1.81,1.89,184885.68,34346.54
600726.SH,2020-05-22,1.88,1.88,1.84,1.86,89524.95,16624.75
600726.SH,2020-05-25,1.86,1.94,1.83,1.93,112291.46,21290.72
600726.SH,2020-05-26,1.94,1.94,1.9,1.93,81501.43,15618.19
600726.SH,2020-05-27,1.93,1.93,1.87,1.89,77105.01,14586.45
600726.SH,2020-05-28,1.87,1.89,1.84,1.86,82890.0,15436.96
600726.SH,2020-05-29,1.86,1.86,1.83,1.85,59497.0,10974.95
600726.SH,2020-06-01,1.83,1.88,1.83,1.87,71291.8,13279.42
600726.SH,2020-06-02,1.87,2.02,1.86,1.96,180200.41,34736.87
600726.SH,2020-06-03,1.94,1.95,1.91,1.91,129994.97,24968.98
600726.SH,2020-06-04,1.91,2.0,1.91,1.98,183391.33,36021.86
600726.SH,2020-06-05,2.0,2.01,1.94,1.97,119063.0,23449.16
600726.SH,2020-06-08,1.97,1.97,1.92,1.93,87874.77,17018.93
600726.SH,2020-06-09,1.92,1.95,1.91,1.95,69717.2,13477.34
600726.SH,2020-06-10,1.93,1.93,1.89,1.9,75759.0,14461.75
600726.SH,2020-06-11,1.89,1.9,1.86,1.87,78128.0,14692.3
600726.SH,2020-06-12,1.85,1.88,1.81,1.87,55212.67,10267.51
600726.SH,2020-06-15,1.87,1.9,1.86,1.86,57342.0,10761.13
600726.SH,2020-06-16,1.86,1.91,1.86,1.9,85557.53,16204.92
600726.SH,2020-06-17,1.89,1.9,1.87,1.9,45806.68,8627.34
600726.SH,2020-06-18,1.89,1.97,1.88,1.94,159050.65,30849.83
600726.SH,2020-06-19,1.95,1.95,1.92,1.93,72894.2,14052.82
600726.SH,2020-06-22,1.93,1.94,1.91,1.92,50516.37,9717.51
600726.SH,2020-06-23,1.91,1.93,1.88,1.88,64758.6,12251.15
600726.SH,2020-06-24,1.88,1.89,1.85,1.88,50450.77,9423.95
600726.SH,2020-06-29,1.87,1.89,1.85,1.86,53111.0,9920.5
600726.SH,2020-06-30,1.87,1.88,1.86,1.87,67048.37,12512.6
600726.SH,2020-07-01,1.86,1.88,1.85,1.88,64371.77,12006.52
600726.SH,2020-07-02,1.87,1.91,1.86,1.91,116113.58,21901.28
600726.SH,2020-07-03,1.9,1.94,1.9,1.94,159810.13,30764.59
600726.SH,2020-07-06,1.95,2.09,1.94,2.08,340198.05,68745.71
600726.SH,2020-07-07,2.11,2.19,2.06,2.1,387106.99,81980.38
600726.SH,2020-07-08,2.1,2.31,2.07,2.26,493746.94,108939.12
600726.SH,2020-07-09,2.26,2.32,2.2,2.28,430308.8,97219.57
600726.SH,2020-07-10,2.28,2.33,2.23,2.24,276475.45,63009.5
600726.SH,2020-07-13,2.23,2.42,2.21,2.38,323597.37,74889.72
600726.SH,2020-07-14,2.38,2.53,2.35,2.48,394575.78,96943.39
600726.SH,2020-07-15,2.48,2.57,2.4,2.46,395272.97,98119.53
600726.SH,2020-07-16,2.45,2.47,2.27,2.29,327203.86,77516.77
600726.SH,2020-07-17,2.29,2.33,2.22,2.26,212544.49,48007.41
600726.SH,2020-07-20,2.08,2.18,2.03,2.18,635376.16,133286.76
600726.SH,2020-07-21,2.15,2.15,2.08,2.11,265552.01,56082.95
600726.SH,2020-07-22,2.1,2.13,2.08,2.1,175243.61,36905.38
600726.SH,2020-07-23,2.08,2.12,2.02,2.11,201878.35,41675.86
600726.SH,2020-07-24,2.09,2.12,2.02,2.04,161618.14,33394.01
600726.SH,2020-07-27,2.05,2.08,2.01,2.03,95023.14,19258.21
600726.SH,2020-07-28,2.03,2.07,2.03,2.05,77546.0,15866.5
600726.SH,2020-07-29,2.05,2.08,2.01,2.08,105893.01,21846.71
600726.SH,2020-07-30,2.08,2.12,2.08,2.12,155291.26,32691.67
600726.SH,2020-07-31,2.12,2.16,2.09,2.13,144447.2,30712.44
600726.SH,2020-08-03,2.13,2.16,2.11,2.15,171502.02,36577.07
600726.SH,2020-08-04,2.14,2.15,2.11,2.12,115299.58,24459.09
600726.SH,2020-08-05,2.12,2.12,2.06,2.11,122678.94,25630.03
600726.SH,2020-08-06,2.1,2.11,2.06,2.09,80402.0,16742.43
600726.SH,2020-08-07,2.09,2.09,2.05,2.07,95000.0,19619.28
600726.SH,2020-08-10,2.07,2.11,2.06,2.11,125088.07,26170.68
600726.SH,2020-08-11,2.12,2.14,2.07,2.07,110975.0,23413.55
600726.SH,2020-08-12,2.07,2.08,2.04,2.07,77575.0,15922.95
600726.SH,2020-08-13,2.07,2.12,2.06,2.11,116657.41,24483.72
600726.SH,2020-08-14,2.11,2.12,2.08,2.12,78004.0,16392.9
600726.SH,2020-08-17,2.12,2.14,2.1,2.12,122806.42,26018.82
600726.SH,2020-08-18,2.12,2.14,2.11,2.14,123246.23,26220.33
600726.SH,2020-08-19,2.13,2.35,2.12,2.35,423533.6,97178.75
600726.SH,2020-08-20,2.59,2.59,2.59,2.59,425219.95,110131.97
600726.SH,2020-08-21,2.8,2.85,2.71,2.85,512405.11,144154.05
600726.SH,2020-08-24,3.14,3.14,3.14,3.14,97811.19,30712.71
600726.SH,2020-08-25,3.45,3.45,3.05,3.33,2400680.53,784584.06
600726.SH,2020-08-26,3.07,3.2,3.0,3.0,1043112.78,319186.77
600726.SH,2020-08-27,2.72,2.8,2.7,2.7,441433.0,120051.29
600726.SH,2020-08-28,2.51,2.84,2.48,2.78,1462150.86,377821.13
600726.SH,2020-08-31,2.64,2.69,2.55,2.58,882333.75,230309.95
600726.SH,2020-09-01,2.56,2.58,2.48,2.53,507702.77,128074.77
600726.SH,2020-09-02,2.51,2.55,2.4,2.47,528901.12,130506.66
600726.SH,2020-09-03,2.45,2.46,2.36,2.38,415977.57,99986.78
600726.SH,2020-09-04,2.34,2.45,2.31,2.4,380221.48,90380.87
600726.SH,2020-09-07,2.39,2.41,2.3,2.31,296120.0,69675.15
600726.SH,2020-09-08,2.31,2.54,2.27,2.54,615336.26,149256.87
600726.SH,2020-09-09,2.57,2.71,2.5,2.57,966041.96,250459.6
600726.SH,2020-09-10,2.55,2.55,2.34,2.34,516851.0,124745.1
600726.SH,2020-09-11,2.32,2.42,2.29,2.36,252444.35,59726.6
600726.SH,2020-09-14,2.38,2.4,2.33,2.35,208329.34,49028.2
600726.SH,2020-09-15,2.35,2.35,2.29,2.31,194183.09,44850.82
600726.SH,2020-09-16,2.32,2.33,2.28,2.3,157454.97,36191.74
600726.SH,2020-09-17,2.3,2.3,2.25,2.28,152913.06,34764.9
600726.SH,2020-09-18,2.27,2.32,2.25,2.32,146584.3,33652.7
600726.SH,2020-09-21,2.31,2.35,2.28,2.31,155376.0,36069.55
600726.SH,2020-09-22,2.3,2.32,2.27,2.3,107765.0,24681.42
600726.SH,2020-09-23,2.29,2.38,2.29,2.34,174116.92,40653.92
600726.SH,2020-09-24,2.31,2.31,2.24,2.25,163562.28,37150.45
600726.SH,2020-09-25,2.25,2.27,2.2,2.21,88361.0,19682.49
600726.SH,2020-09-28,2.21,2.22,2.15,2.17,85015.35,18508.11
600726.SH,2020-09-29,2.17,2.2,2.15,2.18,73954.35,16116.96
600726.SH,2020-09-30,2.19,2.19,2.16,2.17,61590.31,13406.35
600726.SH,2020-10-09,2.18,2.24,2.18,2.23,90044.32,19999.51
600726.SH,2020-10-12,2.23,2.45,2.22,2.45,237135.94,55902.16
600726.SH,2020-10-13,2.45,2.45,2.33,2.35,287217.86,67824.19
600726.SH,2020-10-14,2.37,2.43,2.34,2.36,150377.14,35601.77
600726.SH,2020-10-15,2.34,2.37,2.3,2.33,105531.42,24604.59
600726.SH,2020-10-16,2.32,2.37,2.31,2.35,117639.64,27635.32
600726.SH,2020-10-19,2.35,2.37,2.3,2.31,101686.05,23728.26
600726.SH,2020-10-20,2.31,2.32,2.27,2.32,67938.0,15599.93
600726.SH,2020-10-21,2.29,2.29,2.22,2.23,132199.0,29622.02
600726.SH,2020-10-22,2.2,2.22,2.18,2.21,70248.2,15471.35
600726.SH,2020-10-23,2.22,2.22,2.16,2.18,82741.0,18141.77
600726.SH,2020-10-26,2.18,2.21,2.15,2.2,59302.2,12948.62
600726.SH,2020-10-27,2.2,2.2,2.16,2.18,44912.0,9767.74
600726.SH,2020-10-28,2.18,2.19,2.14,2.16,50491.88,10892.66
600726.SH,2020-10-29,2.13,2.16,2.12,2.14,48089.16,10314.44
600726.SH,2020-10-30,2.14,2.23,2.13,2.13,94148.88,20408.9
600726.SH,2020-11-02,2.13,2.14,2.03,2.05,134917.86,27749.74
600726.SH,2020-11-03,2.05,2.17,2.04,2.13,115877.55,24329.0
600726.SH,2020-11-04,2.1,2.3,2.07,2.23,305292.89,67051.62
600726.SH,2020-11-05,2.24,2.45,2.21,2.44,803119.13,194366.63
600726.SH,2020-11-06,2.25,2.31,2.23,2.23,530095.79,119732.15
600726.SH,2020-11-09,2.25,2.26,2.17,2.23,246576.84,54659.06
600726.SH,2020-11-10,2.23,2.31,2.2,2.23,238926.85,53763.47
600726.SH,2020-11-11,2.21,2.35,2.21,2.33,425717.11,98070.21
600726.SH,2020-11-12,2.31,2.56,2.25,2.45,688574.09,168775.23
600726.SH,2020-11-13,2.38,2.42,2.27,2.33,402759.83,93804.41
600726.SH,2020-11-16,2.29,2.54,2.27,2.42,418826.89,99776.45
600726.SH,2020-11-17,2.41,2.48,2.35,2.37,342854.48,82607.34
600726.SH,2020-11-18,2.34,2.38,2.3,2.36,228209.5,53419.78
600726.SH,2020-11-19,2.35,2.35,2.27,2.31,199962.01,46059.16
600726.SH,2020-11-20,2.29,2.37,2.28,2.34,181296.0,42073.82
600726.SH,2020-11-23,2.32,2.38,2.32,2.36,178774.24,42169.28
600726.SH,2020-11-24,2.36,2.36,2.31,2.31,135366.56,31555.71
600726.SH,2020-11-25,2.32,2.49,2.32,2.39,342094.69,82036.86
600726.SH,2020-11-26,2.37,2.62,2.37,2.58,922362.16,234928.85
600726.SH,2020-11-27,2.52,2.53,2.41,2.48,545661.78,133765.35
600726.SH,2020-11-30,2.43,2.5,2.38,2.43,295043.0,71779.23
600726.SH,2020-12-01,2.39,2.43,2.38,2.41,204265.01,49148.69
600726.SH,2020-12-02,2.39,2.45,2.39,2.41,159931.03,38575.29
600726.SH,2020-12-03,2.41,2.41,2.34,2.35,195565.4,46293.09
600726.SH,2020-12-04,2.34,2.42,2.29,2.39,216497.0,50578.25
600726.SH,2020-12-07,2.35,2.39,2.31,2.33,122209.0,28600.2
600726.SH,2020-12-08,2.33,2.35,2.31,2.33,76691.0,17864.97
600726.SH,2020-12-09,2.34,2.34,2.26,2.26,148942.0,34133.43
600726.SH,2020-12-10,2.25,2.27,2.22,2.27,81914.38,18432.86
600726.SH,2020-12-11,2.25,2.27,2.19,2.23,116198.0,25796.56
600726.SH,2020-12-14,2.22,2.3,2.19,2.26,74604.4,16856.31
600726.SH,2020-12-15,2.25,2.48,2.22,2.35,223917.46,52575.9
600726.SH,2020-12-16,2.3,2.4,2.28,2.33,179306.73,41732.2
600726.SH,2020-12-17,2.3,2.44,2.27,2.43,405079.41,96856.52
600726.SH,2020-12-18,2.52,2.56,2.38,2.39,374273.75,91757.7
600726.SH,2020-12-21,2.36,2.38,2.3,2.34,265756.5,62097.13
600726.SH,2020-12-22,2.32,2.39,2.29,2.29,222190.09,51799.52
600726.SH,2020-12-23,2.27,2.38,2.27,2.35,228827.15,53574.8
600726.SH,2020-12-24,2.33,2.36,2.29,2.3,151713.09,35077.39
600726.SH,2020-12-25,2.32,2.49,2.3,2.44,515281.15,125285.94
600726.SH,2020-12-28,2.45,2.52,2.4,2.48,456790.78,112625.29
600726.SH,2020-12-29,2.46,2.47,2.33,2.35,296545.0,70847.0
600726.SH,2020-12-30,2.38,2.49,2.33,2.44,369338.14,90179.76
600726.SH,2020-12-31,2.44,2.45,2.39,2.4,238269.29,57449.51
600726.SH,2021-01-04,2.4,2.42,2.34,2.4,215787.88,51238.08
600726.SH,2021-01-05,2.37,2.38,2.29,2.31,229934.5,53399.85
600726.SH,2021-01-06,2.31,2.33,2.25,2.31,218926.61,50020.82
600726.SH,2021-01-07,2.3,2.31,2.25,2.26,132614.53,30091.92
600726.SH,2021-01-08,2.26,2.28,2.22,2.26,83791.9,18846.6
600726.SH,2021-01-11,2.26,2.27,2.18,2.2,139021.01,30902.97
600726.SH,2021-01-12,2.19,2.22,2.16,2.18,77158.49,16867.73
600726.SH,2021-01-13,2.19,2.4,2.17,2.31,283258.29,65276.88
600726.SH,2021-01-14,2.26,2.29,2.21,2.23,170105.0,38050.1
600726.SH,2021-01-15,2.21,2.25,2.21,2.24,73119.09,16317.39
600726.SH,2021-01-18,2.22,2.25,2.22,2.24,85863.0,19211.12
600726.SH,2021-01-19,2.24,2.27,2.22,2.25,77227.93,17342.72
600726.SH,2021-01-20,2.25,2.25,2.21,2.22,68754.68,15287.38
600726.SH,2021-01-21,2.22,2.24,2.21,2.22,58476.0,13034.51
600726.SH,2021-01-22,2.21,2.22,2.18,2.19,79007.0,17335.04
600726.SH,2021-01-25,2.18,2.2,2.16,2.18,55991.74,12202.76
600726.SH,2021-01-26,2.04,2.04,1.96,1.96,295934.92,58559.42
600726.SH,2021-01-27,1.81,1.94,1.81,1.89,137428.43,25948.01
600726.SH,2021-01-28,1.87,1.95,1.86,1.9,80410.38,15304.93
600726.SH,2021-01-29,1.9,1.91,1.81,1.84,90906.07,16780.04
600726.SH,2021-02-01,1.83,1.84,1.72,1.79,123450.02,21895.74
600726.SH,2021-02-02,1.77,1.81,1.74,1.8,73469.87,13081.94
600726.SH,2021-02-03,1.8,1.82,1.77,1.8,56710.11,10226.83
600726.SH,2021-02-04,1.8,1.81,1.75,1.76,53516.0,9488.86
600726.SH,2021-02-05,1.74,1.79,1.74,1.75,41494.0,7309.99
600726.SH,2021-02-08,1.75,1.79,1.74,1.75,49891.93,8799.31
600726.SH,2021-02-09,1.75,1.77,1.74,1.77,47213.0,8292.59
600726.SH,2021-02-10,1.77,1.82,1.76,1.81,63975.19,11485.75
600726.SH,2021-02-18,1.82,1.88,1.82,1.87,67628.01,12585.91
600726.SH,2021-02-19,1.87,1.93,1.84,1.92,83766.0,15895.23
600726.SH,2021-02-22,1.92,2.03,1.91,1.98,146343.01,29091.45
600726.SH,2021-02-23,1.99,2.0,1.93,1.94,86259.0,16842.69
600726.SH,2021-02-24,1.92,1.96,1.89,1.91,66829.5,12847.99
600726.SH,2021-02-25,1.92,1.94,1.9,1.92,60549.62,11632.96
600726.SH,2021-02-26,1.91,1.93,1.87,1.91,65932.45,12514.33
600726.SH,2021-03-01,1.91,1.94,1.9,1.93,49588.26,9516.95
600726.SH,2021-03-02,1.93,2.01,1.93,1.95,122548.26,24084.09
600726.SH,2021-03-03,1.93,1.98,1.9,1.97,109123.21,21102.78
600726.SH,2021-03-04,1.97,2.01,1.96,2.0,140732.87,27937.26
600726.SH,2021-03-05,1.99,2.04,1.98,2.01,120362.0,24248.06
600726.SH,2021-03-08,2.01,2.21,1.99,2.21,423481.46,90970.62
600726.SH,2021-03-09,2.21,2.21,1.99,2.07,525175.45,109061.58
600726.SH,2021-03-10,2.05,2.19,1.98,2.08,354042.27,74285.59
600726.SH,2021-03-11,2.07,2.25,2.02,2.17,367200.45,78273.64
600726.SH,2021-03-12,2.12,2.27,2.1,2.26,492317.45,108791.38
600726.SH,2021-03-15,2.21,2.29,2.16,2.21,318953.0,70451.73
600726.SH,2021-03-16,2.19,2.27,2.16,2.25,252057.14,55968.18
600726.SH,2021-03-17,2.22,2.23,2.16,2.17,157946.0,34466.7
600726.SH,2021-03-18,2.16,2.31,2.14,2.25,424809.14,95153.46
600726.SH,2021-03-19,2.2,2.45,2.15,2.34,680605.15,158381.27
600726.SH,2021-03-22,2.31,2.57,2.3,2.57,880963.43,220853.69
600726.SH,2021-03-23,2.62,2.65,2.43,2.44,936459.2,237999.37
600726.SH,2021-03-24,2.37,2.54,2.3,2.44,525578.29,127123.75
600726.SH,2021-03-25,2.4,2.4,2.2,2.21,520621.87,117519.29
600726.SH,2021-03-26,2.22,2.33,2.22,2.25,325051.6,73888.62
600726.SH,2021-03-29,2.25,2.35,2.24,2.28,285995.68,65722.38
600726.SH,2021-03-30,2.26,2.3,2.13,2.25,402262.25,88946.98
600726.SH,2021-03-31,2.21,2.34,2.15,2.26,322272.25,72737.1
600726.SH,2021-04-01,2.23,2.48,2.16,2.36,582296.53,133932.97
600726.SH,2021-04-02,2.31,2.33,2.22,2.25,334744.0,75725.09
600726.SH,2021-04-06,2.24,2.3,2.21,2.3,284912.26,64598.11
600726.SH,2021-04-07,2.29,2.53,2.28,2.53,504619.46,124476.73
600726.SH,2021-04-08,2.51,2.51,2.32,2.35,762064.69,182122.22
600726.SH,2021-04-09,2.36,2.42,2.31,2.34,381964.03,90059.29
600726.SH,2021-04-12,2.31,2.45,2.28,2.43,506245.59,120803.23
600726.SH,2021-04-13,2.44,2.45,2.29,2.32,360507.4,84191.91
600726.SH,2021-04-14,2.3,2.31,2.24,2.28,235258.0,53344.78
600726.SH,2021-04-15,2.25,2.26,2.2,2.22,184523.0,41097.96
600726.SH,2021-04-16,2.22,2.25,2.22,2.25,118252.0,26485.5
600726.SH,2021-04-19,2.25,2.29,2.23,2.26,127197.32,28787.31
600726.SH,2021-04-20,2.25,2.29,2.23,2.25,141286.0,31835.09
600726.SH,2021-04-21,2.23,2.24,2.18,2.2,148997.22,32920.91
600726.SH,2021-04-22,2.2,2.24,2.18,2.2,79427.0,17505.71
600726.SH,2021-04-23,2.19,2.2,2.14,2.16,113623.22,24536.18
600726.SH,2021-04-26,2.16,2.2,2.15,2.17,78500.0,17067.69
600726.SH,2021-04-27,2.18,2.18,2.12,2.14,70476.0,15084.13
600726.SH,2021-04-28,2.13,2.18,2.13,2.16,58828.62,12699.37
600726.SH,2021-04-29,2.15,2.17,2.14,2.15,51575.61,11118.51
600726.SH,2021-04-30,2.14,2.16,2.12,2.13,59524.2,12687.2
600726.SH,2021-05-06,2.13,2.19,2.11,2.17,81078.32,17498.06
600726.SH,2021-05-07,2.15,2.23,2.15,2.22,123998.22,27245.77
600726.SH,2021-05-10,2.21,2.26,2.19,2.25,139716.12,31298.83
600726.SH,2021-05-11,2.28,2.29,2.24,2.25,133999.29,30320.09
600726.SH,2021-05-12,2.24,2.26,2.21,2.26,104745.35,23347.27
600726.SH,2021-05-13,2.25,2.27,2.21,2.22,72713.52,16288.59
600726.SH,2021-05-14,2.24,2.44,2.22,2.44,712009.04,170955.05
600726.SH,2021-05-17,2.68,2.68,2.61,2.68,1145078.64,306656.72
600726.SH,2021-05-18,2.5,2.71,2.45,2.61,1227081.31,315192.2
600726.SH,2021-05-19,2.53,2.61,2.46,2.6,959223.21,242575.6
600726.SH,2021-05-20,2.56,2.57,2.4,2.47,693359.02,172524.8
600726.SH,2021-05-21,2.46,2.72,2.42,2.72,1056043.78,278040.74
600726.SH,2021-05-24,2.81,2.99,2.81,2.99,2129188.63,626902.39
600726.SH,2021-05-25,2.83,2.88,2.69,2.77,1501858.98,415096.99
600726.SH,2021-05-26,2.74,2.9,2.66,2.76,1150114.59,318032.16
600726.SH,2021-05-27,2.7,2.86,2.68,2.72,757462.62,208484.01
600726.SH,2021-05-28,2.68,2.77,2.6,2.61,774457.04,206211.97
600726.SH,2021-05-31,2.6,2.66,2.52,2.64,563658.74,145730.08
600726.SH,2021-06-01,2.61,2.73,2.54,2.69,657597.03,173032.66
600726.SH,2021-06-02,2.64,2.81,2.61,2.74,793702.64,214326.34
600726.SH,2021-06-03,2.69,2.76,2.63,2.64,553330.99,148027.13
600726.SH,2021-06-04,2.6,2.65,2.57,2.61,310500.9,81121.74
600726.SH,2021-06-07,2.6,2.71,2.52,2.65,440932.12,115406.95
600726.SH,2021-06-08,2.6,2.63,2.54,2.55,366078.76,94434.38
600726.SH,2021-06-09,2.54,2.55,2.46,2.48,323673.1,81055.8
600726.SH,2021-06-10,2.48,2.51,2.44,2.45,280939.98,69233.62
600726.SH,2021-06-11,2.44,2.51,2.42,2.46,245968.49,60750.76
600726.SH,2021-06-15,2.45,2.45,2.35,2.36,276325.0,66030.34
600726.SH,2021-06-16,2.37,2.39,2.31,2.33,203455.42,47623.7
600726.SH,2021-06-17,2.33,2.39,2.32,2.35,163345.0,38410.55
600726.SH,2021-06-18,2.35,2.39,2.32,2.38,151130.85,35685.34
600726.SH,2021-06-21,2.38,2.47,2.37,2.43,246289.01,59901.25
600726.SH,2021-06-22,2.42,2.47,2.4,2.44,205088.11,49868.46
600726.SH,2021-06-23,2.45,2.46,2.41,2.42,161647.02,39272.8
600726.SH,2021-06-24,2.42,2.43,2.36,2.36,188798.02,44950.58
600726.SH,2021-06-25,2.37,2.38,2.34,2.37,139453.0,32881.59
600726.SH,2021-06-28,2.42,2.61,2.41,2.61,399833.07,102715.16
600726.SH,2021-06-29,2.73,2.73,2.49,2.5,739465.67,191205.94
600726.SH,2021-06-30,2.52,2.62,2.48,2.55,397323.32,101310.25
600726.SH,2021-07-01,2.55,2.55,2.44,2.44,281613.76,70040.81
600726.SH,2021-07-02,2.44,2.47,2.38,2.39,204184.0,49231.52
600726.SH,2021-07-05,2.39,2.4,2.33,2.39,195182.85,46020.9
600726.SH,2021-07-06,2.4,2.45,2.37,2.43,197978.01,47715.61
600726.SH,2021-07-07,2.41,2.42,2.37,2.4,134365.95,32100.52
600726.SH,2021-07-08,2.41,2.43,2.37,2.37,129540.1,31003.71
600726.SH,2021-07-09,2.37,2.44,2.33,2.42,164327.21,39413.5
600726.SH,2021-07-12,2.41,2.46,2.39,2.43,168690.0,40946.43
600726.SH,2021-07-13,2.36,2.44,2.32,2.43,282974.24,67583.83
600726.SH,2021-07-14,2.43,2.47,2.38,2.38,231259.0,55838.92
600726.SH,2021-07-15,2.38,2.39,2.33,2.36,139959.0,32932.29
600726.SH,2021-07-16,2.36,2.4,2.35,2.37,109188.0,25915.01
600726.SH,2021-07-19,2.36,2.36,2.3,2.32,123125.16,28587.55
600726.SH,2021-07-20,2.3,2.33,2.3,2.32,71966.0,16673.08
600726.SH,2021-07-21,2.33,2.33,2.31,2.32,81051.68,18783.75
600726.SH,2021-07-22,2.33,2.36,2.31,2.35,130033.9,30383.9
600726.SH,2021-07-23,2.35,2.36,2.32,2.32,110409.0,25711.48
600726.SH,2021-07-26,2.32,2.33,2.25,2.28,112363.0,25770.84
600726.SH,2021-07-27,2.28,2.3,2.26,2.27,77716.4,17748.03
600726.SH,2021-07-28,2.28,2.29,2.16,2.18,121312.0,26665.73
600726.SH,2021-07-29,2.17,2.22,2.17,2.19,63514.01,13936.49
600726.SH,2021-07-30,2.2,2.29,2.18,2.27,124726.09,28054.75
600726.SH,2021-08-02,2.27,2.28,2.22,2.27,106254.14,24033.28
600726.SH,2021-08-03,2.27,2.37,2.26,2.33,176659.47,41088.72
600726.SH,2021-08-04,2.33,2.33,2.3,2.33,77347.48,17880.25
600726.SH,2021-08-05,2.33,2.33,2.28,2.29,66691.72,15340.4
600726.SH,2021-08-06,2.29,2.31,2.28,2.29,55050.76,12600.13
600726.SH,2021-08-09,2.29,2.3,2.26,2.29,62891.0,14363.7
600726.SH,2021-08-10,2.29,2.33,2.28,2.3,77886.62,17979.73
600726.SH,2021-08-11,2.29,2.35,2.29,2.33,118740.43,27613.73
600726.SH,2021-08-12,2.32,2.33,2.31,2.32,86964.5,20167.36
600726.SH,2021-08-13,2.32,2.32,2.29,2.31,67573.01,15564.1
600726.SH,2021-08-16,2.3,2.34,2.3,2.32,102239.01,23734.57
600726.SH,2021-08-17,2.33,2.33,2.26,2.27,99924.0,22928.51
600726.SH,2021-08-18,2.27,2.29,2.26,2.28,67300.33,15285.51
600726.SH,2021-08-19,2.28,2.28,2.24,2.26,73811.26,16663.15
600726.SH,2021-08-20,2.26,2.26,2.19,2.23,103421.56,22938.53
600726.SH,2021-08-23,2.23,2.3,2.22,2.28,106758.0,24276.55
600726.SH,2021-08-24,2.28,2.31,2.27,2.31,103215.71,23760.25
600726.SH,2021-08-25,2.31,2.36,2.29,2.35,187380.39,43745.27
600726.SH,2021-08-26,2.35,2.38,2.32,2.34,184253.1,43239.8
600726.SH,2021-08-27,2.32,2.36,2.29,2.31,120364.2,27831.26
600726.SH,2021-08-30,2.31,2.33,2.3,2.3,99597.4,23076.72
600726.SH,2021-08-31,2.31,2.33,2.29,2.33,101946.89,23541.15
600726.SH,2021-09-01,2.32,2.37,2.31,2.35,141157.89,33082.26
600726.SH,2021-09-02,2.35,2.45,2.33,2.43,336391.23,81007.91
600726.SH,2021-09-03,2.43,2.54,2.41,2.47,409400.02,101434.23
600726.SH,2021-09-06,2.48,2.63,2.45,2.53,424039.23,106737.46
600726.SH,2021-09-07,2.63,2.63,2.48,2.56,386595.86,97888.2
600726.SH,2021-09-08,2.53,2.82,2.53,2.7,773749.24,207596.94
600726.SH,2021-09-09,2.67,2.68,2.59,2.64,422108.7,111089.32
600726.SH,2021-09-10,2.65,2.67,2.55,2.59,338587.08,88060.62
600726.SH,2021-09-13,2.6,2.64,2.56,2.63,252938.97,66139.66
600726.SH,2021-09-14,2.63,2.69,2.57,2.59,218817.43,57350.02
600726.SH,2021-09-15,2.59,2.68,2.56,2.67,258264.4,68280.34
600726.SH,2021-09-16,2.67,2.7,2.59,2.66,306016.99,81125.24
600726.SH,2021-09-17,2.64,2.79,2.61,2.72,457973.04,124379.71
600726.SH,2021-09-22,2.68,2.95,2.65,2.92,700909.12,198989.48
600726.SH,2021-09-23,2.93,2.97,2.75,2.82,642844.42,181992.45
600726.SH,2021-09-24,2.8,2.89,2.74,2.85,495685.07,139650.56
600726.SH,2021-09-27,2.9,2.93,2.57,2.57,587239.65,155780.45
600726.SH,2021-09-28,2.49,2.83,2.49,2.83,660116.19,180059.23
600726.SH,2021-09-29,2.84,2.84,2.65,2.75,622561.18,170474.81
600726.SH,2021-09-30,2.75,2.94,2.7,2.88,641162.77,181937.28
600726.SH,2021-10-08,2.86,2.89,2.73,2.81,353496.2,98686.09
600726.SH,2021-10-11,2.87,2.94,2.7,2.81,414158.52,115603.58
600726.SH,2021-10-12,2.74,2.84,2.64,2.7,294290.96,79941.11
600726.SH,2021-10-13,2.7,2.7,2.49,2.53,249622.94,63772.26
600726.SH,2021-10-14,2.52,2.57,2.47,2.53,143366.0,36173.63
600726.SH,2021-10-15,2.53,2.54,2.44,2.47,118605.0,29427.48
600726.SH,2021-10-18,2.43,2.61,2.42,2.56,166397.0,42164.54
600726.SH,2021-10-19,2.55,2.61,2.52,2.57,121524.34,31206.68
600726.SH,2021-10-20,2.57,2.83,2.54,2.83,795717.88,222094.66
600726.SH,2021-10-21,2.86,2.88,2.75,2.75,815798.37,228756.9
600726.SH,2021-10-22,2.81,2.84,2.67,2.69,419013.2,115606.16
600726.SH,2021-10-25,2.77,2.78,2.63,2.67,366610.0,98436.01
600726.SH,2021-10-26,2.66,2.85,2.63,2.69,368716.02,101234.11
600726.SH,2021-10-27,2.66,2.77,2.6,2.68,315728.28,85198.07
600726.SH,2021-10-28,2.71,2.95,2.65,2.95,882128.83,257293.81
600726.SH,2021-10-29,2.96,2.96,2.67,2.8,1063030.68,294938.81
600726.SH,2021-11-01,2.71,3.08,2.71,3.08,1218390.22,363207.44
600726.SH,2021-11-02,3.11,3.28,2.94,3.12,1460860.67,451317.56
600726.SH,2021-11-03,3.04,3.1,2.95,2.99,698022.76,209875.03
600726.SH,2021-11-04,2.98,3.09,2.92,2.99,559311.56,168093.09
600726.SH,2021-11-05,2.99,3.06,2.92,2.92,631414.7,187574.94
600726.SH,2021-11-08,2.86,2.93,2.78,2.92,410928.96,117539.38
600726.SH,2021-11-09,2.93,3.12,2.93,3.04,611717.7,186174.57
600726.SH,2021-11-10,2.96,3.0,2.86,2.94,394566.3,115171.08
600726.SH,2021-11-11,2.9,2.95,2.86,2.91,230226.0,67027.94
600726.SH,2021-11-12,2.91,2.94,2.87,2.93,199130.95,58001.28
600726.SH,2021-11-15,2.93,2.98,2.88,2.9,191338.02,55685.53
600726.SH,2021-11-16,2.88,2.9,2.72,2.73,434420.0,121586.94
600726.SH,2021-11-17,2.76,2.85,2.7,2.76,252091.05,69823.22
600726.SH,2021-11-18,2.75,2.79,2.72,2.75,176589.8,48736.5
600726.SH,2021-11-19,2.74,2.8,2.68,2.8,195293.7,53632.49
600726.SH,2021-11-22,2.8,2.83,2.75,2.79,138638.0,38556.96
600726.SH,2021-11-23,2.78,2.79,2.73,2.74,157476.89,43348.51
600726.SH,2021-11-24,2.72,2.82,2.7,2.77,201019.56,55465.13
600726.SH,2021-11-25,2.77,2.99,2.77,2.84,306882.6,87989.4
600726.SH,2021-11-26,2.81,2.82,2.77,2.77,154988.4,43229.13
600726.SH,2021-11-29,2.72,2.76,2.65,2.73,153300.6,41524.95
600726.SH,2021-11-30,2.73,2.77,2.68,2.7,203934.0,55244.64
600726.SH,2021-12-01,2.71,2.72,2.66,2.7,135525.16,36408.65
600726.SH,2021-12-02,2.69,2.69,2.6,2.6,222190.0,58691.06
600726.SH,2021-12-03,2.61,2.67,2.58,2.65,165528.0,43526.46
600726.SH,2021-12-06,2.67,2.69,2.64,2.65,134319.0,35856.1
600726.SH,2021-12-07,2.65,2.68,2.58,2.67,168210.01,44207.72
600726.SH,2021-12-08,2.67,2.76,2.66,2.74,274018.1,74664.97
600726.SH,2021-12-09,2.74,2.78,2.71,2.76,149164.0,41016.63
600726.SH,2021-12-10,2.76,2.86,2.72,2.79,182195.13,51102.75
600726.SH,2021-12-13,2.79,3.01,2.79,2.89,361743.89,105220.2
600726.SH,2021-12-14,2.89,3.18,2.89,3.18,830840.69,255876.35
600726.SH,2021-12-15,3.23,3.35,3.11,3.2,1033602.1,332090.06
600726.SH,2021-12-16,3.2,3.52,3.2,3.36,956523.73,326341.97
600726.SH,2021-12-17,3.35,3.43,3.24,3.35,746669.09,250050.62
600726.SH,2021-12-20,3.26,3.32,3.18,3.21,643767.08,207664.62
600726.SH,2021-12-21,3.22,3.27,3.12,3.27,374999.37,119822.19
600726.SH,2021-12-22,3.26,3.28,3.16,3.18,308725.0,99147.65
600726.SH,2021-12-23,3.22,3.29,3.12,3.27,375716.62,121550.02
600726.SH,2021-12-24,3.22,3.6,3.21,3.33,767971.55,262975.0
600726.SH,2021-12-27,3.36,3.47,3.15,3.4,754278.1,251204.19
600726.SH,2021-12-28,3.48,3.74,3.41,3.42,1261931.7,454931.34
600726.SH,2021-12-29,3.25,3.29,3.09,3.1,908468.93,286305.6
600726.SH,2021-12-30,3.12,3.14,3.0,3.1,470446.8,145327.25
600726.SH,2021-12-31,3.15,3.25,3.1,3.12,580011.82,183363.02
600726.SH,2022-01-04,3.12,3.13,3.02,3.07,533555.39,163171.64
600726.SH,2022-01-05,3.06,3.06,2.92,2.96,357251.15,105678.44
600726.SH,2022-01-06,2.94,2.97,2.92,2.96,243719.51,71873.06
600726.SH,2022-01-07,2.95,2.95,2.85,2.86,281694.1,81632.37
600726.SH,2022-01-10,2.86,2.88,2.8,2.85,182332.0,51902.54
600726.SH,2022-01-11,2.84,2.92,2.83,2.85,254981.0,73282.85
600726.SH,2022-01-12,2.87,2.92,2.84,2.91,191508.99,55158.02
600726.SH,2022-01-13,2.92,2.92,2.86,2.87,133916.01,38585.45
600726.SH,2022-01-14,2.87,2.88,2.78,2.78,146167.01,41267.52
600726.SH,2022-01-17,2.78,2.82,2.75,2.8,96246.1,26893.39
600726.SH,2022-01-18,2.81,2.92,2.77,2.82,228596.0,64765.83
600726.SH,2022-01-19,2.79,2.8,2.75,2.78,144453.0,40054.41
600726.SH,2022-01-20,2.78,2.86,2.7,2.77,216252.88,59878.79
600726.SH,2022-01-21,2.75,2.78,2.69,2.7,145164.88,39613.96
600726.SH,2022-01-24,2.43,2.53,2.43,2.43,528225.31,129431.54
600726.SH,2022-01-25,2.4,2.44,2.29,2.3,337634.51,79364.13
600726.SH,2022-01-26,2.31,2.41,2.3,2.37,204797.6,48357.03
600726.SH,2022-01-27,2.41,2.41,2.31,2.33,152390.0,35690.03
600726.SH,2022-01-28,2.34,2.4,2.31,2.37,130037.0,30622.43
600726.SH,2022-02-07,2.39,2.46,2.39,2.44,155990.0,37830.1
600726.SH,2022-02-08,2.44,2.5,2.41,2.5,135352.4,33406.93
600726.SH,2022-02-09,2.5,2.62,2.48,2.61,207019.22,53240.35
600726.SH,2022-02-10,2.61,2.61,2.56,2.58,159425.01,41129.29
600726.SH,2022-02-11,2.58,2.6,2.53,2.54,112678.29,28827.74
600726.SH,2022-02-14,2.52,2.53,2.46,2.48,113522.01,28229.92
600726.SH,2022-02-15,2.48,2.49,2.43,2.47,78930.11,19395.76
600726.SH,2022-02-16,2.49,2.56,2.48,2.52,102665.0,25927.57
600726.SH,2022-02-17,2.53,2.53,2.46,2.48,95525.0,23794.23
600726.SH,2022-02-18,2.46,2.5,2.43,2.49,82463.69,20409.05
600726.SH,2022-02-21,2.48,2.5,2.45,2.5,99435.0,24629.2
600726.SH,2022-02-22,2.49,2.51,2.43,2.44,103604.01,25503.07
600726.SH,2022-02-23,2.42,2.47,2.42,2.47,90938.02,22257.7
600726.SH,2022-02-24,2.45,2.55,2.42,2.44,228640.37,56873.67
600726.SH,2022-02-25,2.44,2.58,2.44,2.53,278514.0,69828.14
600726.SH,2022-02-28,2.51,2.55,2.47,2.51,149406.02,37495.32
600726.SH,2022-03-01,2.52,2.6,2.52,2.54,149815.01,38120.27
600726.SH,2022-03-02,2.56,2.59,2.51,2.58,192816.01,49283.38
600726.SH,2022-03-03,2.59,2.61,2.56,2.59,193747.02,50247.98
600726.SH,2022-03-04,2.59,2.6,2.52,2.55,172490.01,43956.81
600726.SH,2022-03-07,2.52,2.55,2.3,2.45,267484.12,65815.08
600726.SH,2022-03-08,2.42,2.45,2.33,2.34,163361.32,38903.53
600726.SH,2022-03-09,2.33,2.57,2.31,2.45,363313.22,88498.09
600726.SH,2022-03-10,2.44,2.49,2.39,2.46,261581.0,63938.37
600726.SH,2022-03-11,2.41,2.42,2.35,2.4,166173.2,39490.03
600726.SH,2022-03-14,2.4,2.4,2.35,2.35,137618.03,32660.16
600726.SH,2022-03-15,2.35,2.35,2.18,2.2,207629.02,47539.27
600726.SH,2022-03-16,2.23,2.36,2.2,2.35,208793.19,47349.73
600726.SH,2022-03-17,2.35,2.42,2.34,2.38,133595.03,31867.55
600726.SH,2022-03-18,2.38,2.51,2.35,2.49,213704.84,52624.86
600726.SH,2022-03-21,2.49,2.5,2.44,2.47,114013.0,28126.59
600726.SH,2022-03-22,2.47,2.49,2.42,2.45,97180.12,23859.31
600726.SH,2022-03-23,2.46,2.51,2.45,2.46,106693.21,26444.08
600726.SH,2022-03-24,2.46,2.46,2.39,2.4,85873.0,20719.27
600726.SH,2022-03-25,2.41,2.42,2.36,2.42,100283.0,23962.83
600726.SH,2022-03-28,2.44,2.46,2.4,2.46,116766.0,28521.92
600726.SH,2022-03-29,2.45,2.47,2.43,2.44,54216.0,13245.46
600726.SH,2022-03-30,2.44,2.48,2.44,2.47,74207.0,18286.62
600726.SH,2022-03-31,2.47,2.47,2.43,2.44,74640.29,18281.72
600726.SH,2022-04-01,2.44,2.47,2.42,2.46,60679.35,14824.05
600726.SH,2022-04-06,2.46,2.53,2.46,2.51,136496.0,34093.13
600726.SH,2022-04-07,2.53,2.54,2.46,2.46,58135.0,14427.66
600726.SH,2022-04-08,2.46,2.5,2.43,2.47,63515.0,15589.1
600726.SH,2022-04-11,2.46,2.46,2.42,2.42,70088.31,17062.07
600726.SH,2022-04-12,2.42,2.66,2.41,2.62,393031.45,101786.81
600726.SH,2022-04-13,2.63,2.7,2.53,2.58,290090.0,75726.36
600726.SH,2022-04-14,2.56,2.8,2.56,2.79,470132.02,128073.36
600726.SH,2022-04-15,2.77,2.78,2.66,2.73,283596.01,77141.46
600726.SH,2022-04-18,2.74,2.75,2.62,2.71,163444.01,43708.52
600726.SH,2022-04-19,2.69,2.77,2.69,2.74,153524.18,42019.72
600726.SH,2022-04-20,2.77,2.77,2.67,2.68,131724.85,35630.41
600726.SH,2022-04-21,2.63,2.7,2.57,2.61,206174.01,54633.16
600726.SH,2022-04-22,2.59,2.77,2.4,2.76,297133.0,80768.4
600726.SH,2022-05-09,2.76,2.76,2.62,2.62,78501.0,21067.15
600726.SH,2022-05-10,2.49,2.49,2.49,2.49,19776.0,4924.22
600726.SH,2022-05-11,2.37,2.37,2.37,2.37,35836.0,8493.13
600726.SH,2022-05-12,2.3,2.37,2.25,2.25,523125.15,118934.67
600726.SH,2022-05-13,2.23,2.24,2.14,2.14,233691.0,50649.95
600726.SH,2022-05-16,2.08,2.16,2.03,2.1,278422.74,57953.72
600726.SH,2022-05-17,2.09,2.21,2.09,2.21,154345.11,33762.32
600726.SH,2022-05-18,2.26,2.31,2.21,2.21,235942.0,53086.0
600726.SH,2022-05-19,2.17,2.3,2.14,2.29,162148.99,36385.82
600726.SH,2022-05-20,2.29,2.32,2.24,2.3,145948.07,33282.77
600726.SH,2022-05-23,2.3,2.31,2.25,2.27,111138.1,25217.7
600726.SH,2022-05-24,2.25,2.36,2.25,2.26,138149.0,31863.94
600726.SH,2022-05-25,2.24,2.32,2.24,2.3,102723.5,23485.97
600726.SH,2022-05-26,2.3,2.38,2.28,2.36,118143.6,27662.49
600726.SH,2022-05-27,2.36,2.37,2.32,2.34,81554.0,19136.48
600726.SH,2022-05-30,2.33,2.46,2.33,2.46,164103.5,40066.74
600726.SH,2022-05-31,2.44,2.56,2.43,2.49,186979.42,46674.51
600726.SH,2022-06-01,2.49,2.6,2.45,2.57,130203.11,32789.79
600726.SH,2022-06-02,2.55,2.63,2.55,2.59,119951.91,31152.04
600726.SH,2022-06-06,2.59,2.62,2.52,2.54,116710.95,29904.52
600726.SH,2022-06-07,2.54,2.55,2.42,2.53,144821.03,35945.7
600726.SH,2022-06-08,2.51,2.57,2.47,2.55,94587.03,23948.3
600726.SH,2022-06-09,2.54,2.59,2.49,2.56,73161.01,18521.29
600726.SH,2022-06-10,2.54,2.68,2.53,2.64,99319.81,26109.52
600726.SH,2022-06-13,2.63,2.66,2.57,2.61,63681.08,16598.49
600726.SH,2022-06-14,2.6,2.63,2.56,2.63,47441.0,12327.26
600726.SH,2022-06-15,2.6,2.61,2.5,2.5,130427.0,33220.42
600726.SH,2022-06-16,2.52,2.57,2.5,2.52,69728.0,17662.68
600726.SH,2022-06-17,2.51,2.6,2.5,2.58,80787.53,20568.48
600726.SH,2022-06-20,2.57,2.69,2.56,2.65,114196.01,29770.27
600726.SH,2022-06-21,2.75,2.78,2.7,2.71,298491.92,82334.66
600726.SH,2022-06-22,2.64,2.66,2.57,2.57,209395.3,54264.54
600726.SH,2022-06-23,2.51,2.57,2.45,2.55,117581.24,29520.77
600726.SH,2022-06-24,2.53,2.56,2.42,2.42,247343.0,60537.29
600726.SH,2022-06-27,2.41,2.46,2.38,2.43,96766.24,23459.45
600726.SH,2022-06-28,2.41,2.49,2.41,2.44,80728.0,19716.67
600726.SH,2022-06-29,2.44,2.46,2.4,2.42,65285.3,15852.48
600726.SH,2022-06-30,2.42,2.49,2.41,2.42,65108.12,15911.28
600726.SH,2022-07-01,2.42,2.45,2.37,2.38,97174.12,23344.62
600726.SH,2022-07-04,2.35,2.38,2.3,2.32,137355.6,32039.23
600726.SH,2022-07-05,2.32,2.38,2.3,2.35,84749.01,19890.63
600726.SH,2022-07-06,2.35,2.38,2.32,2.33,51464.84,12100.95
600726.SH,2022-07-07,2.32,2.36,2.31,2.34,46647.81,10906.67
600726.SH,2022-07-08,2.34,2.36,2.32,2.35,47955.1,11255.87
600726.SH,2022-07-11,2.35,2.43,2.34,2.43,79389.0,18939.69
600726.SH,2022-07-12,2.43,2.45,2.38,2.4,54382.0,13135.14
600726.SH,2022-07-13,2.38,2.44,2.38,2.44,51448.0,12385.08
600726.SH,2022-07-14,2.43,2.44,2.35,2.37,77076.0,18346.83
600726.SH,2022-07-15,2.35,2.36,2.28,2.3,96918.0,22317.0
600726.SH,2022-07-18,2.3,2.35,2.3,2.33,49275.0,11498.67
600726.SH,2022-07-19,2.32,2.34,2.29,2.3,66202.0,15235.87
600726.SH,2022-07-20,2.31,2.35,2.31,2.34,41042.2,9561.02
600726.SH,2022-07-21,2.34,2.39,2.33,2.37,53916.19,12710.23
600726.SH,2022-07-22,2.38,2.42,2.37,2.41,75477.3,18111.92
600726.SH,2022-07-25,2.41,2.45,2.38,2.42,57939.0,13988.4
600726.SH,2022-07-26,2.42,2.42,2.39,2.41,40826.24,9807.23
600726.SH,2022-07-27,2.47,2.48,2.4,2.41,107488.0,26136.35
600726.SH,2022-07-28,2.39,2.42,2.37,2.39,51813.0,12370.44
600726.SH,2022-07-29,2.38,2.4,2.36,2.38,37246.97,8851.23
600726.SH,2022-08-01,2.36,2.41,2.33,2.39,49393.14,11767.57
600726.SH,2022-08-02,2.39,2.39,2.27,2.32,84806.0,19639.12
600726.SH,2022-08-03,2.32,2.36,2.28,2.3,30472.0,7081.56
600726.SH,2022-08-04,2.31,2.34,2.29,2.33,22690.0,5247.11
600726.SH,2022-08-05,2.32,2.35,2.3,2.35,32624.24,7585.63
600726.SH,2022-08-08,2.33,2.37,2.31,2.35,26175.0,6163.31
600726.SH,2022-08-09,2.36,2.39,2.35,2.38,26822.48,6362.8
600726.SH,2022-08-10,2.37,2.4,2.36,2.39,32176.24,7681.89
600726.SH,2022-08-11,2.39,2.4,2.35,2.39,62312.48,14807.55
600726.SH,2022-08-12,2.51,2.51,2.51,2.51,59058.3,14823.63
600726.SH,2022-08-15,2.64,2.64,2.5,2.53,509048.35,131937.73
600726.SH,2022-08-16,2.5,2.53,2.44,2.49,243790.12,60443.45
600726.SH,2022-08-17,2.49,2.61,2.49,2.59,318693.16,82139.46
600726.SH,2022-08-18,2.55,2.57,2.51,2.57,173997.0,44132.21
600726.SH,2022-08-19,2.55,2.64,2.55,2.58,148310.0,38585.92
600726.SH,2022-08-22,2.63,2.71,2.59,2.67,202077.52,53939.95
600726.SH,2022-08-23,2.63,2.75,2.63,2.64,227234.6,60998.65
600726.SH,2022-08-24,2.66,2.68,2.53,2.56,221427.61,57229.85
600726.SH,2022-08-25,2.56,2.68,2.53,2.64,160507.6,41749.1
600726.SH,2022-08-26,2.64,2.68,2.62,2.64,116236.0,30759.94
600726.SH,2022-08-29,2.63,2.72,2.58,2.66,112293.01,29917.86
600726.SH,2022-08-30,2.69,2.71,2.59,2.64,144016.0,38081.91
600726.SH,2022-08-31,2.62,2.64,2.58,2.61,98429.08,25646.53
600726.SH,2022-09-01,2.63,2.67,2.6,2.61,73442.0,19290.25
600726.SH,2022-09-02,2.6,2.62,2.54,2.56,115689.08,29753.8
600726.SH,2022-09-05,2.55,2.6,2.55,2.6,68769.23,17749.38
600726.SH,2022-09-06,2.6,2.64,2.59,2.63,70358.68,18435.03
600726.SH,2022-09-07,2.64,2.69,2.61,2.68,122835.2,32665.34
600726.SH,2022-09-08,2.66,2.73,2.65,2.68,106347.61,28607.89
600726.SH,2022-09-09,2.73,2.73,2.65,2.67,128580.0,34336.89
600726.SH,2022-09-13,2.66,2.68,2.63,2.64,82308.0,21790.18
600726.SH,2022-09-14,2.61,2.67,2.6,2.65,61832.0,16269.13
600726.SH,2022-09-15,2.64,2.66,2.58,2.61,65381.0,17117.87
600726.SH,2022-09-16,2.6,2.61,2.51,2.54,73616.65,18889.68
600726.SH,2022-09-19,2.51,2.53,2.49,2.52,50561.0,12672.66
600726.SH,2022-09-20,2.54,2.57,2.53,2.55,28781.25,7318.5
600726.SH,2022-09-21,2.52,2.58,2.52,2.57,40317.6,10288.55
600726.SH,2022-09-22,2.56,2.56,2.54,2.56,27317.0,6960.17
600726.SH,2022-09-23,2.57,2.57,2.51,2.52,33807.69,8551.48
600726.SH,2022-09-26,2.51,2.53,2.39,2.39,115081.0,28015.61
600726.SH,2022-09-27,2.42,2.42,2.35,2.42,62765.69,14992.97
600726.SH,2022-09-28,2.4,2.42,2.33,2.34,43532.21,10353.1
600726.SH,2022-09-29,2.35,2.38,2.33,2.36,43905.08,10320.07
600726.SH,2022-09-30,2.36,2.41,2.34,2.37,54344.0,12914.45
600726.SH,2022-10-10,2.35,2.43,2.32,2.36,58336.01,13790.84
600726.SH,2022-10-11,2.36,2.39,2.31,2.38,37304.83,8764.34
600726.SH,2022-10-12,2.37,2.45,2.35,2.45,37981.48,9079.93
600726.SH,2022-10-13,2.43,2.48,2.41,2.47,46433.0,11395.68
600726.SH,2022-10-14,2.46,2.51,2.46,2.49,52911.0,13144.68
600726.SH,2022-10-17,2.49,2.5,2.47,2.5,24452.0,6078.35
600726.SH,2022-10-18,2.5,2.5,2.45,2.47,28884.01,7140.18
600726.SH,2022-10-19,2.46,2.47,2.43,2.44,31592.0,7730.5
600726.SH,2022-10-20,2.44,2.48,2.42,2.47,27484.0,6722.36
600726.SH,2022-10-21,2.46,2.59,2.45,2.55,124615.41,31897.67
600726.SH,2022-10-24,2.54,2.56,2.47,2.51,66571.41,16750.86
600726.SH,2022-10-25,2.57,2.58,2.51,2.54,64989.0,16502.7
600726.SH,2022-10-26,2.54,2.57,2.52,2.54,39094.42,9915.09
600726.SH,2022-10-27,2.54,2.55,2.52,2.54,45907.0,11648.56
600726.SH,2022-10-28,2.54,2.54,2.43,2.46,51907.0,12839.48
600726.SH,2022-10-31,2.43,2.48,2.42,2.46,43111.0,10542.81
600726.SH,2022-11-01,2.45,2.57,2.45,2.54,53994.0,13432.28
600726.SH,2022-11-02,2.53,2.57,2.52,2.57,68964.33,17622.18
600726.SH,2022-11-03,2.55,2.59,2.55,2.59,45770.0,11790.14
600726.SH,2022-11-04,2.57,2.63,2.57,2.62,72256.33,18776.72
600726.SH,2022-11-07,2.61,2.63,2.6,2.62,77576.92,20243.44
600726.SH,2022-11-08,2.61,2.65,2.6,2.65,84070.33,22056.0
600726.SH,2022-11-09,2.66,2.78,2.64,2.78,290591.79,79968.04
600726.SH,2022-11-10,2.76,2.76,2.71,2.73,147938.38,40433.35
600726.SH,2022-11-11,2.82,2.84,2.75,2.78,247625.82,69112.26
600726.SH,2022-11-14,2.82,2.92,2.78,2.91,334401.44,95854.71
600726.SH,2022-11-15,2.9,3.05,2.83,2.85,394118.21,115735.01
600726.SH,2022-11-16,2.86,2.9,2.76,2.85,294780.0,83754.79
600726.SH,2022-11-18,2.84,2.84,2.71,2.71,402654.0,109680.85
600726.SH,2022-11-21,2.64,2.65,2.58,2.64,170390.22,44575.44
600726.SH,2022-11-22,2.64,2.67,2.58,2.65,152251.18,39986.19
600726.SH,2022-11-23,2.64,2.67,2.62,2.66,114707.48,30400.83
600726.SH,2022-11-24,2.64,2.68,2.62,2.64,107135.0,28347.43
600726.SH,2022-11-25,2.62,2.72,2.62,2.72,128530.27,34223.97
600726.SH,2022-11-28,2.71,2.85,2.68,2.83,193943.16,54195.02
600726.SH,2022-11-29,2.86,2.88,2.78,2.83,162380.0,45886.04
600726.SH,2022-11-30,2.82,2.84,2.79,2.83,93237.0,26197.47
600726.SH,2022-12-01,2.85,2.87,2.79,2.81,88256.0,24846.28
600726.SH,2022-12-02,2.79,2.82,2.76,2.8,85991.12,23932.17
600726.SH,2022-12-05,2.8,2.82,2.77,2.8,68757.0,19223.42
600726.SH,2022-12-06,2.79,2.84,2.78,2.83,100819.13,28448.41
600726.SH,2022-12-07,2.82,2.84,2.78,2.79,110954.0,31100.86
600726.SH,2022-12-08,2.78,2.78,2.7,2.73,103115.0,28072.77
600726.SH,2022-12-09,2.73,2.78,2.71,2.78,58474.48,15995.32
600726.SH,2022-12-12,2.87,2.87,2.8,2.83,126499.4,35799.27
600726.SH,2022-12-13,2.85,2.85,2.72,2.8,108492.01,30289.13
600726.SH,2022-12-14,2.78,2.79,2.72,2.74,77923.0,21392.99
600726.SH,2022-12-15,2.74,2.79,2.73,2.73,49194.6,13569.48
600726.SH,2022-12-16,2.72,2.72,2.65,2.69,79677.0,21347.43
600726.SH,2022-12-19,2.67,2.69,2.62,2.69,54919.0,14560.48
600726.SH,2022-12-20,2.66,2.7,2.64,2.67,29138.26,7778.54
600726.SH,2022-12-21,2.68,2.69,2.62,2.63,32430.88,8593.16
600726.SH,2022-12-22,2.63,2.66,2.58,2.61,38962.5,10226.34
600726.SH,2022-12-23,2.6,2.69,2.58,2.68,50008.88,13256.03
600726.SH,2022-12-26,2.66,2.69,2.65,2.68,29827.0,7965.03
600726.SH,2022-12-27,2.69,2.69,2.65,2.68,40265.0,10727.68
600726.SH,2022-12-28,2.68,2.72,2.66,2.68,48314.12,12984.77
600726.SH,2022-12-29,2.68,2.68,2.65,2.66,33227.0,8857.06
600726.SH,2022-12-30,2.66,2.68,2.64,2.68,53030.0,14094.66
600726.SH,2023-01-03,2.66,2.76,2.65,2.75,76396.16,20824.1
600726.SH,2023-01-04,2.75,2.77,2.73,2.76,32904.0,9038.47
600726.SH,2023-01-05,2.77,2.77,2.73,2.76,33948.6,9309.25
600726.SH,2023-01-06,2.75,2.77,2.73,2.76,37613.0,10362.65
600726.SH,2023-01-09,2.76,2.79,2.74,2.76,31152.1,8578.86
600726.SH,2023-01-10,2.76,2.76,2.73,2.75,23032.0,6319.01
600726.SH,2023-01-11,2.74,2.75,2.73,2.74,25132.0,6888.75
600726.SH,2023-01-12,2.73,2.74,2.68,2.7,33865.16,9146.82
600726.SH,2023-01-13,2.69,2.73,2.66,2.72,24454.05,6601.42
600726.SH,2023-01-16,2.64,2.68,2.58,2.58,115595.0,30013.01
600726.SH,2023-01-17,2.52,2.61,2.52,2.58,106648.66,27420.0
600726.SH,2023-01-18,2.58,2.66,2.58,2.63,43344.35,11369.47
600726.SH,2023-01-19,2.63,2.68,2.63,2.66,40415.26,10732.9
600726.SH,2023-01-20,2.64,2.68,2.63,2.66,41692.0,11044.01
600726.SH,2023-01-30,2.68,2.68,2.56,2.59,89729.01,23343.01
600726.SH,2023-01-31,2.59,2.62,2.53,2.6,35010.02,9080.92
600726.SH,2023-02-01,2.59,2.61,2.58,2.61,42288.6,10981.59
600726.SH,2023-02-02,2.6,2.64,2.58,2.62,51277.89,13363.7
600726.SH,2023-02-03,2.62,2.62,2.59,2.6,26817.65,6976.4
600726.SH,2023-02-06,2.59,2.59,2.47,2.47,171896.48,43258.16
600726.SH,2023-02-07,2.48,2.51,2.47,2.5,65568.2,16327.7
600726.SH,2023-02-08,2.51,2.53,2.5,2.5,36561.24,9180.37
600726.SH,2023-02-09,2.5,2.51,2.48,2.51,48519.16,12107.87
600726.SH,2023-02-10,2.51,2.51,2.48,2.51,36818.17,9189.84
600726.SH,2023-02-13,2.5,2.52,2.5,2.52,32978.61,8281.07
600726.SH,2023-02-14,2.51,2.57,2.51,2.54,39976.0,10162.81
600726.SH,2023-02-15,2.53,2.55,2.52,2.54,43334.4,10984.96
600726.SH,2023-02-16,2.55,2.56,2.51,2.55,50545.0,12836.68
600726.SH,2023-02-17,2.54,2.54,2.51,2.53,42247.0,10661.54
600726.SH,2023-02-20,2.52,2.52,2.48,2.52,52778.75,13205.46
600726.SH,2023-02-21,2.51,2.55,2.5,2.53,65940.26,16654.84
600726.SH,2023-02-22,2.53,2.53,2.51,2.52,51936.19,13080.56
600726.SH,2023-02-23,2.52,2.53,2.51,2.53,27679.2,6973.69
600726.SH,2023-02-24,2.52,2.54,2.45,2.48,53987.23,13522.54
600726.SH,2023-02-27,2.48,2.54,2.46,2.51,54386.93,13577.19
600726.SH,2023-02-28,2.5,2.52,2.5,2.52,25318.0,6362.81
600726.SH,2023-03-01,2.52,2.54,2.51,2.54,34262.56,8663.06
600726.SH,2023-03-02,2.54,2.54,2.49,2.52,66948.0,16822.83
600726.SH,2023-03-03,2.51,2.53,2.5,2.52,25608.21,6449.77
600726.SH,2023-03-06,2.53,2.55,2.52,2.54,54169.21,13739.75
600726.SH,2023-03-07,2.55,2.67,2.53,2.61,143974.24,37417.59
600726.SH,2023-03-08,2.6,2.68,2.6,2.63,72043.25,18980.69
600726.SH,2023-03-09,2.63,2.65,2.58,2.59,49747.2,12932.77
600726.SH,2023-03-10,2.6,2.6,2.56,2.59,37032.2,9540.59
600726.SH,2023-03-13,2.57,2.59,2.56,2.58,33291.25,8561.2
600726.SH,2023-03-14,2.58,2.63,2.56,2.6,59285.0,15396.8
600726.SH,2023-03-15,2.6,2.67,2.59,2.66,106911.76,28145.18
600726.SH,2023-03-16,2.66,2.74,2.65,2.69,105620.23,28329.54
600726.SH,2023-03-17,2.67,2.72,2.67,2.69,63206.14,17032.33
600726.SH,2023-03-20,2.67,2.71,2.66,2.68,67918.01,18203.62
600726.SH,2023-03-21,2.67,2.68,2.62,2.63,69998.0,18530.39
600726.SH,2023-03-22,2.64,2.66,2.62,2.63,32225.89,8524.15
600726.SH,2023-03-23,2.62,2.68,2.62,2.68,51502.23,13702.93
600726.SH,2023-03-24,2.67,2.7,2.66,2.67,32816.0,8788.93
600726.SH,2023-03-27,2.66,2.67,2.59,2.64,67782.0,17840.78
600726.SH,2023-03-28,2.63,2.64,2.61,2.62,39556.0,10355.83
600726.SH,2023-03-29,2.7,2.7,2.61,2.67,68087.0,17952.02
600726.SH,2023-03-30,2.66,2.66,2.61,2.66,40658.0,10707.29
600726.SH,2023-03-31,2.65,2.67,2.63,2.67,34765.42,9227.37
600726.SH,2023-04-03,2.66,2.68,2.63,2.66,44134.01,11715.94
600726.SH,2023-04-04,2.66,2.7,2.62,2.66,50924.63,13563.36
600726.SH,2023-04-06,2.66,2.67,2.55,2.58,111890.32,29107.49
600726.SH,2023-04-07,2.58,2.62,2.55,2.62,37988.38,9814.12
600726.SH,2023-04-10,2.61,2.61,2.58,2.6,30033.92,7790.63
600726.SH,2023-04-11,2.6,2.64,2.6,2.64,39895.6,10475.38
600726.SH,2023-04-12,2.64,2.64,2.6,2.63,29185.54,7635.09
600726.SH,2023-04-13,2.62,2.68,2.61,2.68,84420.7,22423.12
600726.SH,2023-04-14,2.68,2.71,2.66,2.7,65375.28,17584.33
600726.SH,2023-04-17,2.7,2.73,2.68,2.71,79647.56,21575.67
600726.SH,2023-04-18,2.71,2.73,2.69,2.73,56633.16,15379.24
600726.SH,2023-04-19,2.72,2.73,2.69,2.72,32766.0,8882.27
600726.SH,2023-04-20,2.7,2.75,2.7,2.74,77417.01,21118.01
600726.SH,2023-04-21,2.74,2.83,2.73,2.76,100276.94,27892.04
600726.SH,2023-04-24,2.76,2.76,2.71,2.76,51881.62,14197.79
600726.SH,2023-04-25,2.74,2.81,2.74,2.77,61700.6,17147.25
600726.SH,2023-04-26,2.77,2.82,2.73,2.77,119657.58,33189.36
600726.SH,2023-04-27,2.78,2.78,2.64,2.7,131279.16,35488.88
600726.SH,2023-04-28,2.68,2.73,2.67,2.71,104987.67,28354.98
600726.SH,2023-05-04,2.71,2.72,2.69,2.72,58942.56,15963.81
600726.SH,2023-05-05,2.7,2.71,2.65,2.68,41864.0,11211.98
600726.SH,2023-05-08,2.68,2.69,2.65,2.69,40518.42,10822.53
600726.SH,2023-05-09,2.69,2.75,2.67,2.73,86381.82,23425.92
600726.SH,2023-05-10,2.73,2.77,2.7,2.73,99962.33,27358.12
600726.SH,2023-05-11,2.73,2.77,2.72,2.76,107717.58,29630.4
600726.SH,2023-05-12,2.75,2.79,2.74,2.77,86192.0,23884.38
600726.SH,2023-05-15,2.73,2.74,2.67,2.7,99428.22,26874.64
600726.SH,2023-05-16,2.7,2.71,2.66,2.68,50199.0,13451.63
600726.SH,2023-05-17,2.68,2.71,2.67,2.69,58627.56,15776.49
600726.SH,2023-05-18,2.7,2.7,2.67,2.7,54291.0,14593.99
600726.SH,2023-05-19,2.69,2.7,2.65,2.68,117684.0,31481.5
600726.SH,2023-05-22,2.67,2.72,2.66,2.72,68684.0,18564.26
600726.SH,2023-05-23,2.71,2.75,2.71,2.75,73143.0,20048.65
600726.SH,2023-05-24,2.74,2.81,2.74,2.79,100682.57,28044.09
600726.SH,2023-05-25,2.8,2.9,2.8,2.84,228308.59,64971.94
600726.SH,2023-05-26,2.84,2.91,2.82,2.88,199524.03,57303.72
600726.SH,2023-05-29,2.88,2.95,2.84,2.92,178854.32,51754.89
600726.SH,2023-05-30,2.89,2.95,2.87,2.89,194433.5,56373.35
600726.SH,2023-05-31,2.93,2.98,2.9,2.93,180168.76,52958.72
600726.SH,2023-06-01,2.93,2.93,2.78,2.8,363512.22,101792.67
600726.SH,2023-06-02,2.8,2.86,2.78,2.85,166598.0,46853.47
600726.SH,2023-06-05,2.82,2.86,2.8,2.85,83147.0,23600.31
600726.SH,2023-06-06,2.85,2.89,2.83,2.87,118396.02,33862.0
600726.SH,2023-06-07,2.87,2.91,2.79,2.82,166474.0,47143.87
600726.SH,2023-06-08,2.82,2.83,2.78,2.82,79653.33,22352.44
600726.SH,2023-06-09,2.81,2.83,2.71,2.77,193417.0,53218.06
600726.SH,2023-06-13,2.88,3.05,2.82,3.05,579452.78,172706.07
600726.SH,2023-06-14,3.31,3.36,3.12,3.13,1984122.38,648291.3
600726.SH,2023-06-15,2.91,3.13,2.86,3.03,1342417.37,396347.21
600726.SH,2023-06-16,2.96,2.99,2.9,2.93,621640.46,182700.24
600726.SH,2023-06-19,2.9,2.92,2.82,2.83,506977.0,144422.77
600726.SH,2023-06-20,2.8,2.86,2.75,2.85,426349.78,119383.81
600726.SH,2023-06-21,2.8,2.9,2.8,2.82,352762.1,100517.06
600726.SH,2023-06-26,2.8,2.91,2.77,2.89,453221.3,129876.35
600726.SH,2023-06-27,2.87,2.88,2.81,2.84,329942.11,93536.54
600726.SH,2023-06-28,2.8,2.92,2.8,2.86,443253.41,127079.48
600726.SH,2023-06-29,2.83,2.84,2.77,2.79,371233.0,103891.57
600726.SH,2023-06-30,2.77,2.8,2.71,2.74,317554.01,86795.64
600726.SH,2023-07-03,2.72,2.79,2.71,2.76,284983.62,78254.18
600726.SH,2023-07-04,2.75,2.76,2.68,2.69,289168.0,78473.08
600726.SH,2023-07-05,2.68,2.76,2.67,2.71,289290.63,78580.63
600726.SH,2023-07-06,2.72,2.95,2.7,2.76,991714.04,275164.48
600726.SH,2023-07-07,2.74,2.79,2.7,2.7,665620.94,181545.26
600726.SH,2023-07-10,2.72,2.74,2.63,2.67,575134.27,153969.2
600726.SH,2023-07-11,2.64,2.66,2.59,2.61,560361.92,146192.73
600726.SH,2023-07-12,2.61,2.62,2.51,2.52,674863.17,171545.69
600726.SH,2023-07-13,2.51,2.53,2.47,2.5,554738.67,138285.76
600726.SH,2023-07-14,2.5,2.52,2.47,2.5,414366.48,103543.64
600726.SH,2023-07-17,2.49,2.52,2.44,2.46,501207.32,123678.81
600726.SH,2023-07-18,2.45,2.46,2.4,2.43,381805.42,92517.97
600726.SH,2023-07-19,2.42,2.45,2.41,2.44,231666.89,56339.59
600726.SH,2023-07-20,2.45,2.45,2.38,2.39,301849.2,72835.3
600726.SH,2023-07-21,2.39,2.42,2.37,2.41,214788.16,51622.77
600726.SH,2023-07-24,2.4,2.44,2.4,2.42,157385.69,38129.9
600726.SH,2023-07-25,2.43,2.46,2.43,2.46,272035.36,66557.09
600726.SH,2023-07-26,2.45,2.51,2.43,2.5,419530.17,103869.78
600726.SH,2023-07-27,2.49,2.54,2.47,2.48,326283.45,81539.0
600726.SH,2023-07-28,2.48,2.5,2.46,2.49,247241.0,61332.45
600726.SH,2023-07-31,2.49,2.57,2.49,2.55,503332.56,127337.53
600726.SH,2023-08-01,2.56,2.66,2.53,2.65,819779.68,214215.92
600726.SH,2023-08-02,2.63,2.63,2.56,2.57,514241.3,132939.85
600726.SH,2023-08-03,2.56,2.59,2.55,2.58,298381.11,76738.23
600726.SH,2023-08-04,2.58,2.59,2.54,2.55,285903.0,73276.15
600726.SH,2023-08-07,2.56,2.59,2.54,2.57,241266.12,61870.0
600726.SH,2023-08-08,2.56,2.57,2.52,2.52,207645.01,52659.23
600726.SH,2023-08-09,2.5,2.52,2.48,2.49,181939.81,45433.22
600726.SH,2023-08-10,2.48,2.52,2.48,2.49,144185.02,36006.77
600726.SH,2023-08-11,2.49,2.5,2.42,2.43,193683.0,47492.86
600726.SH,2023-08-14,2.43,2.45,2.41,2.45,127746.0,31130.94
600726.SH,2023-08-15,2.44,2.48,2.43,2.46,122909.19,30168.76
600726.SH,2023-08-16,2.45,2.46,2.43,2.43,111307.0,27190.5
600726.SH,2023-08-17,2.43,2.45,2.38,2.45,162271.66,39220.43
600726.SH,2023-08-18,2.44,2.46,2.4,2.41,141054.38,34248.38
600726.SH,2023-08-21,2.4,2.43,2.39,2.39,138947.0,33412.17
600726.SH,2023-08-22,2.4,2.42,2.34,2.39,211565.02,50265.84
600726.SH,2023-08-23,2.39,2.39,2.35,2.35,135576.0,32084.96
600726.SH,2023-08-24,2.36,2.36,2.32,2.33,167273.03,39080.45
600726.SH,2023-08-25,2.31,2.36,2.3,2.32,165239.0,38493.04
600726.SH,2023-08-28,2.42,2.43,2.35,2.35,258978.0,61845.58
600726.SH,2023-08-29,2.35,2.42,2.35,2.4,218853.0,52327.93
600726.SH,2023-08-30,2.41,2.43,2.36,2.37,207979.13,49641.88
600726.SH,2023-08-31,2.37,2.38,2.34,2.37,136609.0,32227.87
600726.SH,2023-09-01,2.38,2.4,2.35,2.38,148423.0,35204.2
600726.SH,2023-09-04,2.38,2.44,2.37,2.43,256195.0,61760.43
600726.SH,2023-09-05,2.43,2.44,2.41,2.42,176433.72,42731.99
600726.SH,2023-09-06,2.41,2.46,2.38,2.4,268287.96,64756.54
600726.SH,2023-09-07,2.39,2.4,2.34,2.35,172725.0,40752.52
600726.SH,2023-09-08,2.34,2.37,2.33,2.36,106326.0,24987.55
600726.SH,2023-09-11,2.36,2.39,2.35,2.38,133427.6,31595.29
600726.SH,2023-09-12,2.37,2.38,2.36,2.36,77445.0,18346.53
600726.SH,2023-09-13,2.36,2.38,2.33,2.35,123171.0,29014.04
600726.SH,2023-09-14,2.35,2.38,2.33,2.36,150899.64,35558.87
600726.SH,2023-09-15,2.37,2.37,2.34,2.35,132283.8,31094.89
600726.SH,2023-09-18,2.34,2.37,2.33,2.36,156657.64,36828.25
600726.SH,2023-09-19,2.35,2.36,2.33,2.34,126866.0,29747.14
600726.SH,2023-09-20,2.34,2.34,2.3,2.3,146970.0,33996.37
600726.SH,2023-09-21,2.29,2.3,2.26,2.26,136803.0,31112.35
600726.SH,2023-09-22,2.24,2.28,2.24,2.28,118038.0,26761.04
600726.SH,2023-09-25,2.27,2.28,2.23,2.24,118637.0,26704.83
600726.SH,2023-09-26,2.23,2.25,2.22,2.22,92294.25,20573.87
600726.SH,2023-09-27,2.22,2.25,2.22,2.23,101080.01,22565.57
600726.SH,2023-09-28,2.23,2.26,2.23,2.25,119961.0,26977.61
600726.SH,2023-10-09,2.25,2.27,2.23,2.26,125058.0,28159.51
600726.SH,2023-10-10,2.25,2.27,2.22,2.23,123317.0,27607.62
600726.SH,2023-10-11,2.23,2.24,2.18,2.19,143375.0,31649.21
600726.SH,2023-10-12,2.2,2.26,2.18,2.25,176509.65,39266.74
600726.SH,2023-10-13,2.25,2.25,2.2,2.21,112975.65,25140.43
600726.SH,2023-10-16,2.22,2.24,2.2,2.23,98274.0,21851.61
600726.SH,2023-10-17,2.23,2.24,2.22,2.23,73162.32,16331.31
600726.SH,2023-10-18,2.22,2.23,2.16,2.16,159854.71,34906.3
600726.SH,2023-10-19,2.16,2.2,2.14,2.16,120960.05,26225.07
600726.SH,2023-10-20,2.15,2.19,2.14,2.18,85512.2,18577.73
600726.SH,2023-10-23,2.16,2.17,2.09,2.14,170955.0,36370.28
600726.SH,2023-10-24,2.14,2.18,2.11,2.16,131617.64,28361.86
600726.SH,2023-10-25,2.17,2.21,2.17,2.19,111263.69,24360.32
600726.SH,2023-10-26,2.18,2.25,2.16,2.25,204835.46,45288.16
600726.SH,2023-10-27,2.24,2.28,2.22,2.26,125521.01,28294.51
600726.SH,2023-10-30,2.24,2.27,2.23,2.24,104251.0,23460.95
600726.SH,2023-10-31,2.24,2.25,2.21,2.22,129927.0,28875.18
600726.SH,2023-11-01,2.22,2.24,2.22,2.23,69914.0,15569.57
600726.SH,2023-11-02,2.22,2.23,2.2,2.2,82424.0,18227.6
600726.SH,2023-11-03,2.21,2.23,2.19,2.2,91399.0,20185.83
600726.SH,2023-11-06,2.22,2.23,2.2,2.23,117975.63,26140.66
600726.SH,2023-11-07,2.22,2.23,2.2,2.22,98562.0,21831.29
600726.SH,2023-11-08,2.21,2.23,2.19,2.21,114814.24,25349.25
600726.SH,2023-11-09,2.2,2.24,2.2,2.24,157472.93,35049.45
600726.SH,2023-11-10,2.24,2.24,2.19,2.24,165571.0,36719.95
600726.SH,2023-11-13,2.24,2.27,2.22,2.27,185082.21,41685.55
600726.SH,2023-11-14,2.27,2.29,2.25,2.26,169568.08,38470.11
600726.SH,2023-11-15,2.27,2.27,2.24,2.25,98246.0,22170.13
600726.SH,2023-11-16,2.26,2.26,2.23,2.23,88334.0,19768.11
600726.SH,2023-11-17,2.24,2.25,2.22,2.23,67269.0,15019.16
600726.SH,2023-11-20,2.23,2.26,2.23,2.25,100741.0,22627.9
600726.SH,2023-11-21,2.26,2.27,2.24,2.26,101502.0,22931.54
600726.SH,2023-11-22,2.25,2.26,2.22,2.22,100951.0,22582.13
600726.SH,2023-11-23,2.23,2.24,2.21,2.23,71192.0,15854.31
600726.SH,2023-11-24,2.23,2.25,2.23,2.23,85835.0,19217.46
600726.SH,2023-11-27,2.23,2.25,2.22,2.24,110704.0,24769.88
600726.SH,2023-11-28,2.24,2.29,2.22,2.28,195202.0,44142.07
600726.SH,2023-11-29,2.27,2.28,2.24,2.24,116973.6,26387.33
600726.SH,2023-11-30,2.24,2.25,2.22,2.24,88969.0,19883.59
600726.SH,2023-12-01,2.24,2.27,2.22,2.26,117626.01,26469.36
600726.SH,2023-12-04,2.25,2.27,2.24,2.26,95190.0,21457.63
600726.SH,2023-12-05,2.25,2.28,2.24,2.24,132651.25,29964.44
600726.SH,2023-12-06,2.24,2.25,2.21,2.22,126797.0,28203.34
600726.SH,2023-12-07,2.22,2.27,2.17,2.26,273587.96,60709.98
600726.SH,2023-12-08,2.25,2.3,2.24,2.3,423972.8,96628.39
600726.SH,2023-12-11,2.3,2.38,2.25,2.36,441708.6,103156.61
600726.SH,2023-12-12,2.34,2.36,2.3,2.32,181376.69,42075.94
600726.SH,2023-12-13,2.31,2.33,2.29,2.3,128115.0,29567.41
600726.SH,2023-12-14,2.3,2.33,2.28,2.32,134671.0,31074.26
600726.SH,2023-12-15,2.31,2.32,2.28,2.29,124071.0,28520.7
600726.SH,2023-12-18,2.28,2.3,2.24,2.25,92574.0,20980.29
600726.SH,2023-12-19,2.24,2.25,2.22,2.23,102384.0,22847.22
600726.SH,2023-12-20,2.23,2.27,2.22,2.23,97412.0,21831.16
600726.SH,2023-12-21,2.22,2.24,2.19,2.23,118485.0,26196.7
600726.SH,2023-12-22,2.22,2.23,2.13,2.16,163766.69,35743.39
600726.SH,2023-12-25,2.15,2.18,2.13,2.17,91925.01,19778.66
600726.SH,2023-12-26,2.16,2.2,2.14,2.14,75153.0,16272.15
600726.SH,2023-12-27,2.14,2.17,2.12,2.17,90332.0,19328.54
600726.SH,2023-12-28,2.16,2.2,2.16,2.19,89907.0,19617.75
600726.SH,2023-12-29,2.19,2.2,2.17,2.18,86553.12,18874.63
600726.SH,2024-01-02,2.18,2.24,2.18,2.2,120538.69,26630.0
600726.SH,2024-01-03,2.21,2.24,2.19,2.24,138394.94,30749.75
600726.SH,2024-01-04,2.24,2.24,2.2,2.22,111361.0,24646.95
600726.SH,2024-01-05,2.21,2.23,2.18,2.19,102658.0,22673.57
600726.SH,2024-01-08,2.19,2.19,2.16,2.16,100968.0,21934.78
600726.SH,2024-01-09,2.16,2.19,2.15,2.16,81173.1,17581.55
600726.SH,2024-01-10,2.16,2.18,2.12,2.17,109862.0,23644.15
600726.SH,2024-01-11,2.17,2.18,2.16,2.16,73989.0,16040.93
600726.SH,2024-01-12,2.16,2.21,2.16,2.18,135654.0,29653.75
600726.SH,2024-01-15,2.17,2.2,2.17,2.18,87958.0,19185.75
600726.SH,2024-01-16,2.18,2.18,2.12,2.15,120080.82,25793.22
600726.SH,2024-01-17,2.15,2.16,2.1,2.1,103012.0,21888.14
600726.SH,2024-01-18,2.1,2.1,2.02,2.08,116656.0,24040.73
600726.SH,2024-01-19,2.07,2.09,2.05,2.07,90972.0,18870.38
600726.SH,2024-01-22,2.07,2.07,1.99,2.01,119983.0,24380.18
600726.SH,2024-01-23,1.99,2.01,1.96,1.99,128812.0,25595.27
600726.SH,2024-01-24,1.99,2.09,1.98,2.08,219727.0,44815.63
600726.SH,2024-01-25,2.08,2.23,2.07,2.22,322309.01,69848.85
600726.SH,2024-01-26,2.21,2.25,2.16,2.22,257424.82,57065.67
600726.SH,2024-01-29,2.21,2.24,2.16,2.17,185297.56,40659.9
600726.SH,2024-01-30,2.16,2.21,2.14,2.14,142534.0,31016.39
600726.SH,2024-01-31,2.14,2.19,2.11,2.11,155015.57,33277.43
600726.SH,2024-02-01,2.1,2.12,2.04,2.05,221084.0,45926.16
600726.SH,2024-02-02,2.05,2.08,1.96,1.99,192810.0,38885.37
600726.SH,2024-02-05,1.99,2.0,1.81,1.85,218825.0,41104.46
600726.SH,2024-02-06,1.85,1.93,1.77,1.88,182971.0,33753.28
600726.SH,2024-02-07,1.88,1.9,1.82,1.83,244182.79,45428.03
600726.SH,2024-02-08,1.85,1.9,1.8,1.88,246457.2,45427.06
600726.SH,2024-02-19,1.89,1.99,1.89,1.98,236417.75,46248.47
600726.SH,2024-02-20,1.98,1.99,1.94,1.96,125485.21,24578.76
600726.SH,2024-02-21,1.95,2.03,1.93,1.99,183979.37,36627.43
600726.SH,2024-02-22,1.98,2.02,1.96,2.01,152336.68,30375.99
600726.SH,2024-02-23,2.01,2.02,1.98,2.01,145550.0,29132.23
600726.SH,2024-02-26,2.0,2.05,2.0,2.02,179155.66,36184.75
600726.SH,2024-02-27,2.02,2.05,2.01,2.05,103950.0,21164.08
600726.SH,2024-02-28,2.05,2.1,2.0,2.0,209520.31,43122.92
600726.SH,2024-02-29,2.0,2.06,1.99,2.06,154855.01,31427.46
600726.SH,2024-03-01,2.06,2.07,2.03,2.05,92277.0,18897.06
600726.SH,2024-03-04,2.05,2.06,2.01,2.03,104476.01,21216.41
600726.SH,2024-03-05,2.02,2.04,2.0,2.0,86397.0,17413.43
600726.SH,2024-03-06,2.0,2.03,2.0,2.02,61510.2,12386.47
600726.SH,2024-03-07,2.02,2.04,2.01,2.03,84425.08,17120.65
600726.SH,2024-03-08,2.04,2.09,2.03,2.04,114064.0,23382.83
600726.SH,2024-03-11,2.04,2.08,2.03,2.08,139930.2,28883.69
600726.SH,2024-03-12,2.08,2.08,2.04,2.05,108955.0,22373.81
600726.SH,2024-03-13,2.05,2.07,2.03,2.04,105785.0,21634.05
600726.SH,2024-03-14,2.04,2.06,2.03,2.05,89862.0,18394.57
600726.SH,2024-03-15,2.04,2.08,2.04,2.06,112797.11,23247.32
600726.SH,2024-03-18,2.07,2.08,2.05,2.07,98860.11,20446.91
600726.SH,2024-03-19,2.07,2.09,2.05,2.07,116794.0,24206.34
600726.SH,2024-03-20,2.07,2.08,2.05,2.07,97326.32,20079.22
600726.SH,2024-03-21,2.07,2.08,2.05,2.06,85063.0,17546.88
600726.SH,2024-03-22,2.07,2.07,2.02,2.03,99596.0,20324.84
600726.SH,2024-03-25,2.02,2.05,2.01,2.01,91240.0,18478.27
600726.SH,2024-03-26,2.01,2.05,2.0,2.05,86281.0,17458.32
600726.SH,2024-03-27,2.04,2.05,2.0,2.0,74360.2,15057.24
600726.SH,2024-03-28,2.0,2.04,1.99,2.01,74702.0,15062.04
600726.SH,2024-03-29,2.02,2.03,2.0,2.03,63069.0,12735.72
600726.SH,2024-04-01,2.03,2.04,2.02,2.04,75128.94,15262.76
600726.SH,2024-04-02,2.04,2.07,2.02,2.04,111607.38,22863.61
600726.SH,2024-04-03,2.04,2.06,2.02,2.06,82366.08,16807.31
600726.SH,2024-04-08,2.06,2.12,2.04,2.1,246651.86,51477.61
600726.SH,2024-04-09,2.1,2.12,2.07,2.1,147257.99,30892.03
600726.SH,2024-04-10,2.08,2.13,2.08,2.11,157504.0,33155.59
600726.SH,2024-04-11,2.1,2.32,2.08,2.32,730138.46,164622.32
600726.SH,2024-04-12,2.32,2.33,2.18,2.25,761410.51,170611.65
600726.SH,2024-04-15,2.2,2.45,2.18,2.26,878353.89,201534.02
600726.SH,2024-04-16,2.22,2.32,2.03,2.03,749583.24,159445.59
600726.SH,2024-04-17,2.0,2.11,2.0,2.1,405244.26,84069.29
600726.SH,2024-04-18,2.09,2.1,2.02,2.03,345596.01,70671.33
600726.SH,2024-04-19,2.01,2.06,2.0,2.04,233827.51,47488.29
600726.SH,2024-04-22,2.03,2.04,1.97,1.99,194058.31,38818.6
600726.SH,2024-04-23,1.99,2.01,1.96,1.97,133187.61,26412.69
600726.SH,2024-04-24,1.98,2.0,1.97,1.99,106489.24,21172.61
600726.SH,2024-04-25,2.0,2.02,1.98,2.02,104001.34,20884.97
600726.SH,2024-04-26,2.13,2.18,2.08,2.14,496925.32,105663.94
600726.SH,2024-04-29,2.14,2.18,2.12,2.16,318116.83,68306.71
600726.SH,2024-04-30,2.15,2.28,2.14,2.22,473865.49,105339.36
600726.SH,2024-05-06,2.24,2.3,2.22,2.28,339200.01,76896.48
600726.SH,2024-05-07,2.29,2.3,2.24,2.26,304124.0,68655.12
600726.SH,2024-05-08,2.27,2.29,2.24,2.26,175584.25,39733.18
600726.SH,2024-05-09,2.25,2.28,2.25,2.26,169909.37,38382.27
600726.SH,2024-05-10,2.26,2.31,2.25,2.29,279055.01,63709.26
600726.SH,2024-05-13,2.3,2.36,2.27,2.32,387078.0,89421.56
600726.SH,2024-05-14,2.32,2.38,2.29,2.33,351124.01,82022.75
600726.SH,2024-05-15,2.33,2.34,2.26,2.27,266571.01,61089.32
600726.SH,2024-05-16,2.27,2.29,2.22,2.23,211305.0,47563.65
600726.SH,2024-05-17,2.23,2.27,2.23,2.26,160024.0,36072.65
600726.SH,2024-05-20,2.27,2.31,2.25,2.3,234739.16,53653.77
600726.SH,2024-05-21,2.29,2.3,2.25,2.28,189645.67,43085.82
600726.SH,2024-05-22,2.27,2.29,2.26,2.26,109842.0,24964.43
600726.SH,2024-05-23,2.27,2.27,2.19,2.2,170491.0,37829.39
600726.SH,2024-05-24,2.2,2.29,2.19,2.26,285184.51,64725.24
600726.SH,2024-05-27,2.27,2.32,2.24,2.3,354052.0,81175.59
600726.SH,2024-05-28,2.29,2.52,2.28,2.43,1003493.41,241960.04
600726.SH,2024-05-29,2.38,2.41,2.33,2.37,684480.3,161906.08
600726.SH,2024-05-30,2.36,2.38,2.23,2.25,533662.02,121891.5
600726.SH,2024-05-31,2.25,2.27,2.21,2.22,320929.0,71636.6
600726.SH,2024-06-03,2.21,2.22,2.13,2.15,306435.8,66282.0
600726.SH,2024-06-04,2.15,2.24,2.12,2.24,352851.0,77449.38
600726.SH,2024-06-05,2.22,2.23,2.15,2.16,236158.0,51601.81
600726.SH,2024-06-06,2.15,2.18,2.08,2.09,347595.96,74089.28
600726.SH,2024-06-07,2.09,2.16,2.09,2.14,254065.0,54136.35
600726.SH,2024-06-11,2.14,2.15,2.11,2.12,145344.6,30866.34
600726.SH,2024-06-12,2.11,2.15,2.1,2.14,181228.11,38520.34
600726.SH,2024-06-13,2.09,2.14,2.08,2.11,217466.71,45850.62
600726.SH,2024-06-14,2.16,2.24,2.11,2.17,462515.0,101145.28
600726.SH,2024-06-17,2.14,2.17,2.09,2.1,261506.0,55464.14
600726.SH,2024-06-18,2.1,2.11,2.08,2.09,174234.0,36470.43
600726.SH,2024-06-19,2.09,2.11,2.08,2.08,139444.2,29145.17
600726.SH,2024-06-20,2.08,2.08,2.04,2.05,152198.83,31327.87
600726.SH,2024-06-21,2.05,2.08,2.04,2.07,130790.0,27022.18
600726.SH,2024-06-24,2.06,2.08,2.0,2.0,187994.0,38157.07
600726.SH,2024-06-25,2.01,2.03,1.99,2.0,127914.0,25670.9
600726.SH,2024-06-26,1.99,2.03,1.96,2.02,193433.16,38517.16
600726.SH,2024-06-27,2.01,2.03,1.98,1.98,115852.0,23164.98
600726.SH,2024-06-28,1.98,2.02,1.96,1.99,163437.21,32679.84
600726.SH,2024-07-01,2.0,2.05,1.99,2.04,165468.71,33592.23
600726.SH,2024-07-02,2.03,2.06,2.03,2.06,127228.0,26091.87
600726.SH,2024-07-03,2.05,2.07,2.03,2.05,132020.6,27037.49
600726.SH,2024-07-04,2.05,2.05,2.01,2.02,152402.0,30867.07
600726.SH,2024-07-05,2.01,2.05,2.0,2.05,132583.0,26938.89
600726.SH,2024-07-08,2.04,2.05,2.02,2.04,117392.0,23878.71
600726.SH,2024-07-09,2.03,2.05,1.99,2.04,178615.0,36084.81
600726.SH,2024-07-10,2.03,2.08,2.02,2.04,186316.0,38305.44
600726.SH,2024-07-11,2.12,2.18,2.11,2.18,415887.0,89226.09
600726.SH,2024-07-12,2.19,2.19,2.13,2.14,231189.28,49821.75
600726.SH,2024-07-15,2.15,2.15,2.09,2.1,138354.0,29191.21
600726.SH,2024-07-16,2.1,2.12,2.09,2.12,108720.78,22967.7
600726.SH,2024-07-17,2.11,2.12,2.06,2.07,169144.0,35200.43
600726.SH,2024-07-18,2.07,2.08,2.03,2.08,200053.0,41044.15
600726.SH,2024-07-19,2.07,2.14,2.07,2.13,234730.0,49763.2
600726.SH,2024-07-22,2.12,2.16,2.1,2.14,167774.6,35658.9
600726.SH,2024-07-23,2.14,2.17,2.13,2.15,186877.16,40267.24
600726.SH,2024-07-24,2.14,2.21,2.13,2.18,265001.6,57694.97
600726.SH,2024-07-25,2.18,2.18,2.12,2.13,213379.01,45572.87
600726.SH,2024-07-26,2.12,2.16,2.11,2.14,174325.01,37293.22
600726.SH,2024-07-29,2.15,2.18,2.13,2.16,141932.01,30599.71
600726.SH,2024-07-30,2.15,2.16,2.13,2.14,114959.53,24591.01
600726.SH,2024-07-31,2.15,2.18,2.13,2.18,191485.0,41349.42
600726.SH,2024-08-01,2.17,2.18,2.15,2.17,185123.0,40048.55
600726.SH,2024-08-02,2.15,2.16,2.11,2.11,178554.6,37937.52
600726.SH,2024-08-05,2.1,2.12,2.07,2.08,192297.0,40314.82
600726.SH,2024-08-06,2.08,2.1,2.05,2.1,138996.98,28929.82
600726.SH,2024-08-07,2.09,2.13,2.09,2.12,169930.37,35921.73
600726.SH,2024-08-08,2.11,2.12,2.09,2.11,111383.16,23463.25
600726.SH,2024-08-09,2.11,2.13,2.09,2.09,129064.9,27202.28
600726.SH,2024-08-12,2.09,2.11,2.06,2.07,104423.0,21711.61
600726.SH,2024-08-13,2.07,2.08,2.05,2.07,66932.16,13832.19
600726.SH,2024-08-14,2.07,2.09,2.06,2.07,77982.0,16164.33
600726.SH,2024-08-15,2.07,2.09,2.06,2.08,121572.0,25257.24
600726.SH,2024-08-16,2.08,2.09,2.06,2.06,102908.0,21316.53
600726.SH,2024-08-19,2.06,2.08,2.05,2.06,96645.0,19920.07
600726.SH,2024-08-20,2.06,2.07,2.03,2.05,105107.0,21498.52
600726.SH,2024-08-21,2.05,2.06,2.04,2.04,66858.02,13691.61
600726.SH,2024-08-22,2.05,2.06,2.02,2.03,95577.0,19480.15
600726.SH,2024-08-23,2.03,2.03,2.0,2.02,93344.0,18792.27
600726.SH,2024-08-26,2.02,2.05,2.01,2.03,99858.16,20274.69
600726.SH,2024-08-27,2.03,2.03,1.98,2.0,128301.0,25692.62
600726.SH,2024-08-28,2.0,2.02,1.99,2.0,72133.55,14462.47
600726.SH,2024-08-29,2.0,2.02,1.99,2.01,69489.01,13928.48
600726.SH,2024-08-30,2.01,2.04,2.0,2.03,131603.01,26652.35
600726.SH,2024-09-02,2.02,2.05,2.01,2.01,162170.41,32850.34
600726.SH,2024-09-03,2.0,2.02,1.98,1.99,127803.0,25475.97
600726.SH,2024-09-04,1.98,1.99,1.97,1.97,74762.12,14792.26
600726.SH,2024-09-05,1.97,1.99,1.96,1.98,65992.12,13035.59
600726.SH,2024-09-06,1.98,1.99,1.96,1.98,75897.0,15002.99
600726.SH,2024-09-09,1.97,1.97,1.92,1.93,134644.0,26085.18
600726.SH,2024-09-10,1.93,1.95,1.92,1.95,88579.0,17141.36
600726.SH,2024-09-11,1.94,1.95,1.89,1.91,103650.0,19882.06
600726.SH,2024-09-12,1.92,1.95,1.91,1.93,76879.01,14870.05
600726.SH,2024-09-13,1.93,1.96,1.92,1.95,83156.61,16162.41
600726.SH,2024-09-18,1.96,1.96,1.91,1.94,85904.18,16602.14
600726.SH,2024-09-19,1.94,1.99,1.94,1.99,114090.37,22434.88
600726.SH,2024-09-20,1.99,1.99,1.96,1.97,72154.0,14243.63
600726.SH,2024-09-23,1.97,2.0,1.96,1.99,74291.74,14750.86
600726.SH,2024-09-24,1.99,2.05,1.98,2.04,209071.81,42206.87
600726.SH,2024-09-25,2.05,2.12,2.04,2.06,346057.83,72228.44
600726.SH,2024-09-26,2.08,2.11,2.06,2.1,227607.0,47423.6
600726.SH,2024-09-27,2.12,2.15,2.11,2.15,207895.0,44249.89
600726.SH,2024-09-30,2.19,2.35,2.19,2.33,655273.74,148916.2
600726.SH,2024-10-08,2.55,2.56,2.33,2.42,839297.83,204884.31
600726.SH,2024-10-09,2.41,2.42,2.21,2.22,462464.9,105911.24
600726.SH,2024-10-10,2.22,2.34,2.2,2.27,459616.15,104322.34
600726.SH,2024-10-11,2.25,2.31,2.22,2.24,292935.61,66126.85
600726.SH,2024-10-14,2.25,2.3,2.24,2.28,331850.2,75441.6
600726.SH,2024-10-15,2.27,2.34,2.25,2.31,559133.67,128756.21
600726.SH,2024-10-16,2.22,2.22,2.15,2.2,848057.01,185076.84
600726.SH,2024-10-17,2.19,2.2,2.16,2.17,404003.6,88081.95
600726.SH,2024-10-18,2.17,2.22,2.13,2.19,408201.84,88842.28
600726.SH,2024-10-21,2.2,2.2,2.15,2.17,476885.56,103311.7
600726.SH,2024-10-22,2.16,2.23,2.15,2.22,481473.35,106172.95
600726.SH,2024-10-23,2.23,2.27,2.21,2.26,377049.41,84816.23
600726.SH,2024-10-24,2.25,2.26,2.22,2.26,200531.0,44944.23
600726.SH,2024-10-25,2.26,2.28,2.24,2.28,318886.98,72165.4
600726.SH,2024-10-28,2.28,2.39,2.27,2.39,538817.0,126717.97
600726.SH,2024-10-29,2.39,2.41,2.29,2.3,402854.02,93953.28
600726.SH,2024-10-30,2.3,2.34,2.3,2.33,311349.5,72157.78
600726.SH,2024-10-31,2.33,2.43,2.33,2.4,566705.01,135660.19
600726.SH,2024-11-01,2.41,2.43,2.34,2.38,403088.6,96012.74
600726.SH,2024-11-04,2.37,2.42,2.36,2.41,380800.0,91103.38
600726.SH,2024-11-05,2.4,2.47,2.39,2.47,538576.62,131693.44
600726.SH,2024-11-06,2.47,2.48,2.41,2.45,469866.62,114657.76
600726.SH,2024-11-07,2.45,2.57,2.42,2.55,809893.72,203118.57
600726.SH,2024-11-08,2.57,2.63,2.49,2.51,769599.24,196603.13
600726.SH,2024-11-11,2.51,2.54,2.45,2.47,513285.12,127172.34
600726.SH,2024-11-12,2.48,2.48,2.41,2.42,444589.0,108513.92
600726.SH,2024-11-13,2.43,2.44,2.38,2.41,337288.92,81103.89
600726.SH,2024-11-14,2.41,2.42,2.35,2.36,317167.0,75428.84
600726.SH,2024-11-15,2.35,2.37,2.3,2.31,427364.0,99841.62
600726.SH,2024-11-18,2.33,2.46,2.33,2.41,766773.05,183618.84
600726.SH,2024-11-19,2.38,2.41,2.32,2.38,448833.21,106077.92
600726.SH,2024-11-20,2.37,2.41,2.35,2.4,357506.39,85221.85
600726.SH,2024-11-21,2.4,2.41,2.36,2.39,286659.0,68275.32
600726.SH,2024-11-22,2.38,2.4,2.3,2.31,320601.01,75425.34
600726.SH,2024-11-25,2.3,2.33,2.27,2.31,303187.0,69708.55
600726.SH,2024-11-26,2.31,2.33,2.28,2.29,185868.0,42792.02
600726.SH,2024-11-27,2.28,2.31,2.24,2.31,236189.0,53693.37
600726.SH,2024-11-28,2.31,2.34,2.3,2.31,249413.0,57895.09
600726.SH,2024-11-29,2.3,2.33,2.28,2.31,248354.0,57300.36
600726.SH,2024-12-02,2.31,2.39,2.3,2.37,360409.02,84901.75
600726.SH,2024-12-03,2.37,2.37,2.34,2.36,254730.01,60015.2
600726.SH,2024-12-04,2.36,2.41,2.34,2.35,345609.0,81907.83
600726.SH,2024-12-05,2.34,2.46,2.33,2.41,533737.96,128294.8
600726.SH,2024-12-06,2.39,2.54,2.39,2.52,939390.56,234034.34
600726.SH,2024-12-09,2.55,2.62,2.49,2.53,840656.57,213399.51
600726.SH,2024-12-10,2.59,2.6,2.49,2.5,597096.6,150831.66
600726.SH,2024-12-11,2.49,2.66,2.47,2.59,813999.01,209699.7
600726.SH,2024-12-12,2.59,2.59,2.52,2.55,519062.0,132060.98
600726.SH,2024-12-13,2.54,2.56,2.45,2.46,464035.0,115557.92
600726.SH,2024-12-16,2.46,2.51,2.46,2.49,327358.0,81432.52
600726.SH,2024-12-17,2.48,2.51,2.41,2.42,295293.6,72095.38
600726.SH,2024-12-18,2.43,2.66,2.43,2.66,885655.33,232401.24
600726.SH,2024-12-19,2.61,2.76,2.57,2.58,1981885.87,526008.98
600726.SH,2024-12-20,2.58,2.64,2.5,2.53,1002762.31,254739.5
600726.SH,2024-12-23,2.51,2.54,2.41,2.43,703999.34,172965.26
600726.SH,2024-12-24,2.42,2.49,2.39,2.47,693788.0,169954.84
600726.SH,2024-12-25,2.48,2.48,2.35,2.37,577088.0,137774.65
600726.SH,2024-12-26,2.34,2.37,2.33,2.34,356001.0,83625.19
600726.SH,2024-12-27,2.34,2.4,2.32,2.38,326620.6,77437.33
600726.SH,2024-12-30,2.38,2.38,2.3,2.32,399678.0,92985.15
600726.SH,2024-12-31,2.32,2.34,2.27,2.29,381180.39,87737.65
600726.SH,2025-01-02,2.27,2.3,2.22,2.24,319299.0,72309.79
600726.SH,2025-01-03,2.24,2.25,2.18,2.18,313472.0,69359.29
600726.SH,2025-01-06,2.19,2.22,2.15,2.18,270953.59,59310.36
600726.SH,2025-01-07,2.17,2.22,2.16,2.22,239063.9,52171.7
600726.SH,2025-01-08,2.2,2.22,2.15,2.2,231418.0,50569.95
600726.SH,2025-01-09,2.2,2.2,2.17,2.18,129411.0,28271.53
600726.SH,2025-01-10,2.18,2.19,2.12,2.13,206519.0,44477.57
600726.SH,2025-01-13,2.12,2.14,2.1,2.14,145795.0,30940.08
600726.SH,2025-01-14,2.14,2.2,2.13,2.2,249447.35,54302.03
600726.SH,2025-01-15,2.19,2.2,2.17,2.17,185046.39,40402.48
600726.SH,2025-01-16,2.19,2.22,2.17,2.19,213601.84,46955.39
600726.SH,2025-01-17,2.19,2.2,2.17,2.19,170279.0,37177.65
600726.SH,2025-01-20,2.2,2.24,2.18,2.23,310588.12,68842.93
600726.SH,2025-01-21,2.22,2.23,2.18,2.19,184586.01,40584.79
600726.SH,2025-01-22,2.18,2.19,2.17,2.19,115447.35,25171.77
600726.SH,2025-01-23,2.21,2.23,2.17,2.17,198537.53,43786.73
600726.SH,2025-01-24,2.17,2.19,2.16,2.18,179918.48,39135.86
600726.SH,2025-01-27,2.18,2.22,2.18,2.2,166103.0,36587.81
600726.SH,2025-02-05,2.21,2.22,2.17,2.18,158913.18,34757.14
600726.SH,2025-02-06,2.18,2.2,2.16,2.2,172562.1,37666.01
600726.SH,2025-02-07,2.19,2.24,2.19,2.23,324682.0,72038.02
600726.SH,2025-02-10,2.23,2.25,2.22,2.25,251511.0,56315.17
600726.SH,2025-02-11,2.24,2.25,2.2,2.22,198087.84,43965.12
600726.SH,2025-02-12,2.22,2.23,2.21,2.23,159623.84,35429.82
600726.SH,2025-02-13,2.23,2.26,2.21,2.23,249602.58,55812.95
600726.SH,2025-02-14,2.23,2.24,2.2,2.21,201367.85,44574.07
600726.SH,2025-02-17,2.2,2.24,2.19,2.24,233429.88,51772.75
600726.SH,2025-02-18,2.24,2.25,2.19,2.19,244504.0,54311.83
600726.SH,2025-02-19,2.19,2.2,2.17,2.18,173916.0,37973.98
600726.SH,2025-02-20,2.18,2.21,2.17,2.2,139672.0,30591.51
600726.SH,2025-02-21,2.19,2.2,2.17,2.19,161133.0,35190.36
600726.SH,2025-02-24,2.19,2.23,2.18,2.21,221246.0,48818.35
600726.SH,2025-02-25,2.2,2.23,2.18,2.2,212094.0,46824.24
600726.SH,2025-02-26,2.21,2.24,2.2,2.24,250641.51,55782.73
600726.SH,2025-02-27,2.25,2.25,2.19,2.22,240075.0,53227.79
600726.SH,2025-02-28,2.21,2.23,2.19,2.19,226786.0,50056.73
600726.SH,2025-03-03,2.19,2.21,2.17,2.18,204279.0,44664.94
600726.SH,2025-03-04,2.17,2.19,2.17,2.18,112677.2,24528.88
600726.SH,2025-03-05,2.19,2.19,2.15,2.18,133510.0,28947.84
600726.SH,2025-03-06,2.18,2.19,2.17,2.19,149056.0,32519.69
600726.SH,2025-03-07,2.18,2.2,2.17,2.19,176261.01,38543.97
600726.SH,2025-03-10,2.19,2.21,2.18,2.2,159105.53,34933.18
600726.SH,2025-03-11,2.18,2.21,2.18,2.21,174882.07,38374.11
600726.SH,2025-03-12,2.21,2.23,2.2,2.22,223868.08,49714.44
600726.SH,2025-03-13,2.23,2.28,2.22,2.28,584843.24,131990.03
600726.SH,2025-03-14,2.28,2.29,2.24,2.27,336314.02,76054.83
600726.SH,2025-03-17,2.28,2.31,2.26,2.27,244564.51,55805.56
600726.SH,2025-03-18,2.27,2.28,2.23,2.26,218359.0,49149.28
600726.SH,2025-03-19,2.25,2.31,2.24,2.3,395898.23,90564.78
600726.SH,2025-03-20,2.29,2.34,2.28,2.31,354920.0,82277.8
600726.SH,2025-03-21,2.31,2.35,2.29,2.32,334676.51,77764.72
600726.SH,2025-03-24,2.32,2.33,2.26,2.3,293549.83,67143.6
600726.SH,2025-03-25,2.29,2.35,2.28,2.35,445305.75,103914.61
600726.SH,2025-03-26,2.35,2.35,2.31,2.33,291506.61,67801.5
600726.SH,2025-03-27,2.32,2.34,2.28,2.29,236856.84,54347.21
600726.SH,2025-03-28,2.28,2.3,2.26,2.26,174953.94,39774.51
600726.SH,2025-03-31,2.26,2.3,2.25,2.26,254129.24,57779.95
600726.SH,2025-04-01,2.27,2.32,2.27,2.32,329913.27,75895.86
600726.SH,2025-04-02,2.32,2.33,2.27,2.28,224325.0,51298.1
600726.SH,2025-04-03,2.27,2.32,2.26,2.31,285878.99,65685.01
600726.SH,2025-04-07,2.23,2.25,2.08,2.08,510388.0,109547.65
600726.SH,2025-04-08,2.07,2.15,2.07,2.13,425210.0,89804.32
600726.SH,2025-04-09,2.11,2.16,2.01,2.15,424534.0,88804.58
600726.SH,2025-04-10,2.15,2.2,2.15,2.16,293029.0,63651.21
600726.SH,2025-04-11,2.15,2.18,2.13,2.15,247684.0,53464.0
600726.SH,2025-04-14,2.16,2.22,2.16,2.22,316535.0,69728.12
600726.SH,2025-04-15,2.24,2.25,2.21,2.23,246432.0,54844.23
600726.SH,2025-04-16,2.24,2.26,2.18,2.22,278814.0,61805.98
600726.SH,2025-04-17,2.21,2.23,2.19,2.22,167147.0,37008.36
600726.SH,2025-04-18,2.22,2.22,2.18,2.2,155271.0,34118.59
600726.SH,2025-04-21,2.2,2.24,2.19,2.23,192587.0,42845.62
600726.SH,2025-04-22,2.23,2.26,2.21,2.23,204238.0,45624.62
600726.SH,2025-04-23,2.23,2.24,2.19,2.2,207874.0,45920.82
600726.SH,2025-04-24,2.19,2.28,2.19,2.27,472043.0,106339.47
600726.SH,2025-04-25,2.3,2.5,2.28,2.5,1244055.38,306441.89
600726.SH,2025-04-28,2.7,2.75,2.6,2.75,3381190.57,917840.5
600726.SH,2025-04-29,2.64,2.68,2.48,2.5,2508114.78,638948.61
600726.SH,2025-04-30,2.49,2.52,2.36,2.37,1703448.01,412378.19
600726.SH,2025-05-06,2.38,2.52,2.36,2.48,1507144.41,367448.37
600726.SH,2025-05-07,2.48,2.53,2.43,2.47,1333507.09,330187.26
600726.SH,2025-05-08,2.45,2.6,2.43,2.55,1619900.4,408829.84
600726.SH,2025-05-09,2.52,2.77,2.48,2.69,2469526.66,650712.4
600726.SH,2025-05-12,2.69,2.7,2.57,2.59,1693963.67,442189.96
600726.SH,2025-05-13,2.58,2.64,2.53,2.6,1169272.82,301773.62
600726.SH,2025-05-14,2.55,2.56,2.48,2.54,1087272.31,274230.36
600726.SH,2025-05-15,2.51,2.53,2.45,2.46,922957.66,229191.33
600726.SH,2025-05-16,2.46,2.5,2.45,2.48,540579.0,133319.2
600726.SH,2025-05-19,2.46,2.49,2.45,2.48,484507.0,119773.99
600726.SH,2025-05-20,2.48,2.53,2.45,2.53,787520.73,196199.29
600726.SH,2025-05-21,2.52,2.63,2.5,2.55,1175806.14,301378.12
600726.SH,2025-05-22,2.53,2.54,2.43,2.44,834637.03,206679.07
600726.SH,2025-05-23,2.44,2.45,2.39,2.39,501427.83,120937.37
600726.SH,2025-05-26,2.4,2.43,2.39,2.42,386717.36,93130.3
600726.SH,2025-05-27,2.43,2.44,2.4,2.41,282779.01,68291.62
600726.SH,2025-05-28,2.41,2.42,2.38,2.39,314764.8,75470.52
600726.SH,2025-05-29,2.38,2.42,2.37,2.4,269097.38,64631.63
600726.SH,2025-05-30,2.4,2.42,2.36,2.38,317107.0,75673.57
600726.SH,2025-06-03,2.36,2.39,2.35,2.37,319359.01,75549.92
600726.SH,2025-06-04,2.37,2.38,2.35,2.37,256516.0,60750.05
600726.SH,2025-06-05,2.39,2.44,2.38,2.41,541345.03,130573.78
600726.SH,2025-06-06,2.39,2.42,2.37,2.39,345648.08,82799.32
600726.SH,2025-06-09,2.38,2.42,2.38,2.41,307984.32,73890.96
600726.SH,2025-06-10,2.41,2.43,2.38,2.41,406571.0,97768.62
600726.SH,2025-06-11,2.41,2.44,2.39,2.43,331349.0,80244.86
600726.SH,2025-06-12,2.42,2.43,2.38,2.39,269521.0,64583.29
600726.SH,2025-06-13,2.38,2.41,2.37,2.37,284303.0,67910.35
600726.SH,2025-06-16,2.38,2.39,2.35,2.37,209851.0,49683.66
600726.SH,2025-06-17,2.37,2.39,2.35,2.38,254778.71,60364.91
600726.SH,2025-06-18,2.37,2.38,2.33,2.34,237471.0,55810.85
600726.SH,2025-06-19,2.33,2.34,2.27,2.29,371002.82,85352.77
600726.SH,2025-06-20,2.28,2.31,2.28,2.29,170986.0,39314.29
600726.SH,2025-06-23,2.28,2.32,2.28,2.31,193679.0,44540.2
600726.SH,2025-06-24,2.31,2.33,2.3,2.32,187341.0,43486.72
600726.SH,2025-06-25,2.32,2.35,2.31,2.34,243520.01,56820.34
600726.SH,2025-06-26,2.34,2.36,2.32,2.32,222636.0,52027.08
600726.SH,2025-06-27,2.32,2.35,2.31,2.33,217352.0,50758.49
600726.SH,2025-06-30,2.33,2.36,2.33,2.34,164623.01,38597.63
600726.SH,2025-07-01,2.35,2.57,2.35,2.57,1463840.28,366427.74
600726.SH,2025-07-02,2.53,2.62,2.44,2.53,1585300.11,399095.46
600726.SH,2025-07-03,2.52,2.63,2.49,2.56,1323808.0,337581.79
600726.SH,2025-07-04,2.55,2.62,2.52,2.54,1047603.68,269330.29
600726.SH,2025-07-07,2.59,2.79,2.57,2.79,1987112.76,533977.33
600726.SH,2025-07-08,2.8,2.83,2.68,2.73,2048925.41,561168.07
600726.SH,2025-07-09,2.74,2.86,2.7,2.72,1598616.45,441457.44
600726.SH,2025-07-10,2.7,2.75,2.65,2.68,1059327.16,284243.41
600726.SH,2025-07-11,2.67,2.7,2.63,2.68,889031.0,236162.07
600726.SH,2025-07-14,2.68,2.89,2.66,2.81,1994583.72,559619.49
600726.SH,2025-07-15,2.8,2.81,2.61,2.63,1266258.01,336325.44
600726.SH,2025-07-16,2.64,2.65,2.57,2.6,587043.0,153047.38
600726.SH,2025-07-17,2.6,2.63,2.58,2.61,528096.64,137730.94
600726.SH,2025-07-18,2.6,2.61,2.57,2.6,433452.0,112300.23
600726.SH,2025-07-21,2.6,2.68,2.58,2.64,606939.53,159671.46
600726.SH,2025-07-22,2.63,2.73,2.6,2.73,1144477.01,305840.03
600726.SH,2025-07-23,2.74,2.76,2.65,2.65,780725.94,209697.07
600726.SH,2025-07-24,2.65,2.67,2.61,2.67,544806.22,144114.67
600726.SH,2025-07-25,2.67,2.67,2.61,2.62,507296.01,133468.95
600726.SH,2025-07-28,2.61,2.62,2.57,2.6,372736.36,96569.2
600726.SH,2025-07-29,2.59,2.61,2.55,2.58,359468.0,92355.1
600726.SH,2025-07-30,2.58,2.61,2.57,2.6,440937.01,114293.07
600726.SH,2025-07-31,2.59,2.6,2.52,2.53,405085.0,103088.07
600726.SH,2025-08-01,2.53,2.56,2.52,2.54,268766.0,68359.02
600726.SH,2025-08-04,2.53,2.56,2.51,2.55,238050.06,60391.4
600726.SH,2025-08-05,2.54,2.58,2.54,2.58,294732.0,75680.26
600726.SH,2025-08-06,2.57,2.58,2.55,2.57,251420.32,64460.79
600726.SH,2025-08-07,2.57,2.58,2.54,2.56,253621.0,64952.06
600726.SH,2025-08-08,2.56,2.62,2.55,2.57,509041.01,131885.26
600726.SH,2025-08-11,2.57,2.59,2.52,2.58,377124.94,96180.66
600726.SH,2025-08-12,2.57,2.58,2.54,2.56,226710.59,57976.27
600726.SH,2025-08-13,2.55,2.56,2.53,2.54,302827.15,77041.3
600726.SH,2025-08-14,2.54,2.55,2.48,2.48,386303.01,97173.63
600726.SH,2025-08-15,2.49,2.53,2.48,2.52,269642.01,67673.7
600726.SH,2025-08-18,2.54,2.56,2.51,2.54,380393.64,96568.61
600726.SH,2025-08-19,2.54,2.56,2.52,2.55,301600.0,76774.58
600726.SH,2025-08-20,2.55,2.59,2.53,2.59,345618.01,88531.51
600726.SH,2025-08-21,2.6,2.63,2.59,2.62,428522.0,111808.67
600726.SH,2025-08-22,2.62,2.63,2.57,2.61,430655.32,111659.61
600726.SH,2025-08-25,2.61,2.64,2.59,2.63,511745.68,134293.38
600726.SH,2025-08-26,2.62,2.64,2.61,2.63,377409.0,99161.3
600726.SH,2025-08-27,2.63,2.69,2.58,2.59,615580.0,162614.2
600726.SH,2025-08-28,2.58,2.63,2.53,2.61,486909.2,125746.49
600726.SH,2025-08-29,2.57,2.59,2.52,2.52,607601.4,154310.92
600726.SH,2025-09-01,2.53,2.54,2.5,2.51,393707.4,99127.05
600726.SH,2025-09-02,2.51,2.54,2.49,2.52,377668.81,95098.24
600726.SH,2025-09-03,2.51,2.53,2.45,2.45,365636.1,90820.47
600726.SH,2025-09-04,2.45,2.48,2.44,2.46,273275.35,67163.72
600726.SH,2025-09-05,2.46,2.49,2.43,2.49,254063.2,62590.26
600726.SH,2025-09-08,2.5,2.53,2.49,2.51,260146.56,65228.39
600726.SH,2025-09-09,2.5,2.52,2.48,2.49,279124.0,69756.24
600726.SH,2025-09-10,2.48,2.5,2.47,2.49,158737.0,39506.18
600726.SH,2025-09-11,2.49,2.51,2.46,2.51,284250.9,70707.72
600726.SH,2025-09-12,2.51,2.62,2.51,2.56,628528.21,160371.89
600726.SH,2025-09-15,2.57,2.6,2.53,2.58,337832.51,86581.64
600726.SH,2025-09-16,2.58,2.63,2.56,2.63,486175.97,126373.02
600726.SH,2025-09-17,2.61,2.63,2.58,2.62,438649.95,114339.21
600726.SH,2025-09-18,2.6,2.65,2.58,2.6,537495.94,140631.53
600726.SH,2025-09-19,2.59,2.6,2.48,2.52,512945.52,129725.37
600726.SH,2025-09-22,2.51,2.52,2.45,2.47,326680.2,80811.82
600726.SH,2025-09-23,2.47,2.48,2.4,2.43,331546.0,80499.53
600726.SH,2025-09-24,2.43,2.45,2.41,2.44,199704.56,48527.85
600726.SH,2025-09-25,2.44,2.45,2.4,2.41,225324.0,54438.73
600726.SH,2025-09-26,2.4,2.43,2.39,2.4,178373.0,43079.67
600726.SH,2025-09-29,2.4,2.42,2.36,2.41,204628.56,49041.09
600726.SH,2025-09-30,2.4,2.42,2.39,2.42,154907.28,37325.73
600726.SH,2025-10-09,2.42,2.48,2.41,2.47,270990.28,66565.72
600726.SH,2025-10-10,2.46,2.56,2.45,2.54,472664.01,119036.19
600726.SH,2025-10-13,2.51,2.53,2.47,2.52,322564.28,80392.86
600726.SH,2025-10-14,2.53,2.58,2.52,2.55,444176.68,113177.71
600726.SH,2025-10-15,2.54,2.58,2.53,2.54,286935.66,73232.13
600726.SH,2025-10-16,2.55,2.55,2.51,2.54,319010.0,80657.95
600726.SH,2025-10-17,2.54,2.57,2.51,2.52,412246.0,104872.34
600726.SH,2025-10-20,2.53,2.63,2.52,2.62,818843.32,210944.34
600726.SH,2025-10-21,2.62,2.68,2.6,2.68,871526.53,229838.86
600726.SH,2025-10-22,2.66,2.85,2.65,2.71,1124940.72,307213.89
600726.SH,2025-10-23,2.7,2.8,2.69,2.75,1002088.34,275521.24
600726.SH,2025-10-24,2.73,2.76,2.63,2.65,736467.8,196956.57
600726.SH,2025-10-27,2.65,2.69,2.62,2.64,469164.03,124382.58
600726.SH,2025-10-28,2.63,2.66,2.61,2.63,347358.6,91280.46
600726.SH,2025-10-29,2.64,2.67,2.61,2.64,350127.01,92493.49
600726.SH,2025-10-30,2.62,2.63,2.57,2.61,422407.0,109640.24
600726.SH,2025-10-31,2.59,2.6,2.55,2.57,344387.0,88650.79
600726.SH,2025-11-03,2.56,2.6,2.55,2.58,265945.0,68596.66
600726.SH,2025-11-04,2.59,2.68,2.58,2.64,476600.66,125479.37
600726.SH,2025-11-05,2.62,2.7,2.6,2.67,538140.25,143946.94
600726.SH,2025-11-06,2.68,2.72,2.66,2.68,425551.0,114377.48
600726.SH,2025-11-07,2.66,2.72,2.66,2.68,394574.01,106111.49
600726.SH,2025-11-10,2.88,2.89,2.74,2.77,1095802.41,304945.21
600726.SH,2025-11-11,2.74,2.78,2.71,2.72,640799.28,174977.59
600726.SH,2025-11-12,2.7,2.74,2.68,2.69,380042.0,102759.41
600726.SH,2025-11-13,2.69,2.72,2.65,2.7,334051.0,89998.66
600726.SH,2025-11-14,2.69,2.73,2.69,2.71,393466.0,106753.86
600726.SH,2025-11-17,2.71,2.72,2.66,2.71,431437.01,115950.49
600726.SH,2025-11-18,2.71,2.71,2.59,2.61,458953.25,120764.67
600726.SH,2025-11-19,2.6,2.62,2.54,2.54,314390.01,80689.0
600726.SH,2025-11-20,2.54,2.56,2.51,2.52,309881.0,78569.96
600726.SH,2025-11-21,2.52,2.52,2.45,2.45,452553.6,112020.77
600726.SH,2025-11-24,2.46,2.48,2.44,2.46,268311.0,66121.74
600726.SH,2025-11-25,2.47,2.49,2.45,2.47,263494.0,65226.47
600726.SH,2025-11-26,2.47,2.54,2.47,2.5,288174.6,72138.28
600726.SH,2025-11-27,2.51,2.51,2.48,2.49,222193.0,55435.43
600726.SH,2025-11-28,2.49,2.52,2.46,2.52,244546.0,60927.81
600726.SH,2025-12-01,2.55,2.62,2.54,2.58,355320.1,91606.2
600726.SH,2025-12-02,2.58,2.59,2.54,2.57,256409.0,65832.54
600726.SH,2025-12-03,2.57,2.6,2.55,2.56,296602.19,76231.89
600726.SH,2025-12-04,2.56,2.58,2.51,2.51,263918.97,66891.32
600726.SH,2025-12-05,2.52,2.54,2.48,2.52,214075.64,53856.68
600726.SH,2025-12-08,2.52,2.56,2.5,2.55,270365.88,68521.07
600726.SH,2025-12-09,2.55,2.56,2.47,2.49,359663.74,89968.21
600726.SH,2025-12-10,2.48,2.5,2.45,2.47,235342.32,58256.0
600726.SH,2025-12-11,2.48,2.49,2.42,2.42,253140.9,61959.91
600726.SH,2025-12-12,2.42,2.49,2.42,2.48,456401.59,112431.67
600726.SH,2025-12-15,2.48,2.5,2.45,2.48,253063.71,62739.38
600726.SH,2025-12-16,2.47,2.48,2.4,2.41,318479.01,77031.38
600726.SH,2025-12-17,2.41,2.42,2.35,2.39,255203.11,60693.42
600726.SH,2025-12-18,2.38,2.41,2.37,2.4,173134.01,41478.36
600726.SH,2025-12-19,2.39,2.45,2.39,2.45,237105.01,57525.32
600726.SH,2025-12-22,2.45,2.48,2.44,2.45,215315.01,52932.74
600726.SH,2025-12-23,2.45,2.47,2.42,2.47,269938.76,66016.35
600726.SH,2025-12-24,2.46,2.53,2.44,2.48,264554.01,65769.74
600726.SH,2025-12-25,2.47,2.5,2.46,2.49,147333.96,36643.28
600726.SH,2025-12-26,2.49,2.49,2.46,2.47,159551.0,39517.54
600726.SH,2025-12-29,2.46,2.47,2.42,2.42,195594.51,47778.83
600726.SH,2025-12-30,2.41,2.43,2.38,2.4,230122.0,55451.69
600726.SH,2025-12-31,2.4,2.41,2.38,2.39,169636.0,40576.13
600726.SH,2026-01-05,2.39,2.4,2.37,2.39,248729.77,59440.76
600726.SH,2026-01-06,2.39,2.44,2.38,2.43,275493.92,66710.21
600726.SH,2026-01-07,2.43,2.47,2.41,2.46,378637.76,92428.51
600726.SH,2026-01-08,2.45,2.48,2.43,2.45,223783.37,54993.79
600726.SH,2026-01-09,2.45,2.5,2.45,2.49,411027.92,102116.41
600726.SH,2026-01-12,2.5,2.51,2.48,2.51,377280.46,94130.82
600726.SH,2026-01-13,2.5,2.51,2.47,2.48,382471.52,95132.48
600726.SH,2026-01-14,2.48,2.51,2.45,2.47,392292.13,97506.58
600726.SH,2026-01-15,2.47,2.47,2.41,2.44,257150.43,62609.18
600726.SH,2026-01-16,2.44,2.49,2.42,2.43,357997.85,87879.37
600726.SH,2026-01-19,2.43,2.51,2.42,2.5,441010.91,109712.98
600726.SH,2026-01-20,2.5,2.54,2.5,2.53,419116.6,105742.75
600726.SH,2026-01-21,2.53,2.54,2.48,2.5,337193.54,84464.07
600726.SH,2026-01-22,2.51,2.55,2.5,2.53,308261.9,77882.18
600726.SH,2026-01-23,2.54,2.57,2.53,2.57,320962.0,82197.67
600726.SH,2026-01-26,2.57,2.59,2.53,2.55,365534.03,93383.16
600726.SH,2026-01-27,2.55,2.56,2.46,2.51,320401.21,79884.98
600726.SH,2026-01-28,2.5,2.56,2.48,2.54,368732.2,93169.03
600726.SH,2026-01-29,2.54,2.57,2.53,2.55,308376.03,78655.28
600726.SH,2026-01-30,2.54,2.6,2.51,2.55,421128.0,107904.22
600726.SH,2026-02-02,2.54,2.62,2.52,2.52,470775.16,120766.07
600726.SH,2026-02-03,2.53,2.57,2.51,2.53,270045.54,68372.33
600726.SH,2026-02-04,2.53,2.62,2.52,2.61,603267.48,155852.37
600726.SH,2026-02-05,2.59,2.61,2.53,2.55,445589.0,114090.91
600726.SH,2026-02-06,2.54,2.59,2.52,2.57,370223.0,95071.21
600726.SH,2026-02-09,2.59,2.61,2.56,2.59,306013.35,79207.76
600726.SH,2026-02-10,2.58,2.59,2.55,2.55,253108.0,64780.09
600726.SH,2026-02-11,2.54,2.57,2.54,2.57,239529.01,61376.21
600726.SH,2026-02-12,2.57,2.61,2.54,2.57,450820.52,116334.39
600726.SH,2026-02-13,2.56,2.57,2.48,2.48,513362.61,128802.38
600726.SH,2026-02-24,2.5,2.64,2.49,2.63,808352.35,209905.59
600726.SH,2026-02-25,2.64,2.69,2.62,2.64,555817.03,147464.24
600726.SH,2026-02-26,2.64,2.7,2.62,2.66,525308.0,140423.22
600726.SH,2026-02-27,2.67,2.75,2.66,2.72,616353.84,167374.14
600726.SH,2026-03-02,2.68,2.75,2.66,2.71,613601.0,165957.23
600726.SH,2026-03-03,2.7,2.78,2.67,2.72,876766.95,238545.6
600726.SH,2026-03-04,2.69,2.75,2.64,2.72,637976.77,172411.12
600726.SH,2026-03-05,2.74,2.77,2.71,2.76,750991.43,206312.42
600726.SH,2026-03-06,2.75,2.84,2.72,2.82,804248.02,225241.36
600726.SH,2026-03-09,2.8,3.1,2.8,2.92,1654672.25,487854.76
600726.SH,2026-03-10,2.93,3.21,2.92,3.21,1618916.8,504528.48
600726.SH,2026-03-11,3.24,3.53,3.05,3.53,3955591.25,1302157.34
600726.SH,2026-03-12,3.63,3.88,3.63,3.88,1818777.66,690390.83
600726.SH,2026-03-13,4.2,4.27,3.7,4.27,3716186.09,1493775.52
600726.SH,2026-03-16,4.3,4.64,4.1,4.4,5130079.75,2241747.92
600726.SH,2026-03-17,4.16,4.42,3.96,4.25,3815615.33,1582037.96
600726.SH,2026-03-18,4.23,4.68,4.21,4.56,4647134.15,2090252.61
600726.SH,2026-03-19,4.32,5.02,4.22,5.02,5062779.35,2404802.05
600726.SH,2026-03-20,5.05,5.52,5.02,5.52,5500952.25,2963074.7
600726.SH,2026-03-23,5.31,5.7,4.97,5.32,5046971.8,2723876.4
600726.SH,2026-03-24,5.32,5.66,4.79,5.59,4648353.15,2454197.14
600726.SH,2026-03-25,5.5,6.15,5.3,6.15,4620064.65,2735127.26
600726.SH,2026-03-26,6.21,6.77,5.82,6.77,5967170.92,3760289.39
600726.SH,2026-03-27,6.54,7.16,6.33,6.68,5017500.81,3404731.54
600726.SH,2026-03-30,6.37,6.52,6.01,6.01,1567129.35,969472.11
600726.SH,2026-03-31,5.6,6.55,5.6,6.41,5204828.34,3137768.28
600726.SH,2026-04-01,6.27,6.27,5.77,5.91,4322772.72,2572142.27
600726.SH,2026-04-02,5.92,6.07,5.32,5.32,4134835.32,2315907.55
600726.SH,2026-04-03,5.21,5.37,4.97,5.02,3657131.47,1873902.92
600726.SH,2026-04-07,5.0,5.11,4.86,4.98,2414474.67,1210329.42
600726.SH,2026-04-08,5.01,5.09,4.91,5.01,2605963.76,1302520.86
600726.SH,2026-04-09,4.91,4.92,4.74,4.8,2058742.77,991209.58
600726.SH,2026-04-10,4.8,4.84,4.71,4.75,1247762.01,593993.11
600726.SH,2026-04-13,4.75,4.94,4.71,4.86,2692018.4,1298423.93
600726.SH,2026-04-14,4.8,5.08,4.75,4.99,3607592.28,1773849.97
600726.SH,2026-04-15,4.85,4.88,4.56,4.68,2876529.9,1354092.44
600726.SH,2026-04-16,4.71,4.71,4.5,4.62,1796427.62,828788.03
600726.SH,2026-04-17,4.64,4.71,4.45,4.49,1581588.29,717196.8
600726.SH,2026-04-20,4.49,4.59,4.47,4.58,1411774.18,642500.17
600726.SH,2026-04-21,4.59,4.86,4.41,4.65,2824787.27,1303821.71
600726.SH,2026-04-22,4.6,5.05,4.52,4.79,3779252.02,1821888.38
600726.SH,2026-04-23,4.85,5.27,4.85,5.27,3502379.1,1791719.8
600726.SH,2026-04-24,5.53,5.8,5.43,5.8,4986485.7,2858738.7
600726.SH,2026-04-27,5.64,6.38,5.22,6.38,5721151.18,3381090.81
600726.SH,2026-04-28,6.33,7.02,6.27,7.02,5637186.53,3684364.69
600726.SH,2026-04-29,6.95,7.63,6.55,7.1,5331039.23,3855069.81
600726.SH,2026-04-30,7.08,7.17,6.55,6.59,4174514.72,2819505.39
600726.SH,2026-06-05,10.18,10.6,9.35,9.35,4284526.0,4166781.24
600726.SH,2026-06-08,8.42,9.58,8.42,8.8,3366247.0,3046927.33
600726.SH,2026-06-09,8.8,9.2,8.43,9.05,3419246.39,3026655.91
600726.SH,2026-06-10,8.83,8.91,8.26,8.43,2607655.15,2228033.7
600726.SH,2026-06-11,8.3,8.5,8.08,8.12,1884693.61,1544297.91
600726.SH,2026-06-12,8.15,8.93,8.02,8.09,2978774.48,2524440.23
600726.SH,2026-06-15,8.09,8.58,7.77,8.56,2455428.0,2038791.37
600726.SH,2026-06-16,8.57,8.8,8.33,8.62,2287300.0,1963694.02
600726.SH,2026-06-17,8.64,8.73,8.15,8.3,1941158.2,1628445.15
600726.SH,2026-06-18,8.22,8.25,7.79,7.88,1920314.42,1525902.94
600726.SH,2026-06-22,7.85,8.16,7.7,8.08,1586486.0,1264236016.0
600726.SH,2026-06-23,7.88,8.2,7.73,7.94,1436045.0,1149038535.0
600726.SH,2026-06-24,7.83,7.97,7.47,7.88,1567303.0,1209014945.0
600726.SH,2026-06-25,7.88,8.0,7.54,7.59,1137483.0,872755270.0
600726.SH,2026-06-26,7.58,8.26,7.17,7.19,2628112.0,2003959927.0
600726.SH,2026-06-29,7.14,7.42,6.95,7.28,1814871.0,1313540370.0
600726.SH,2026-06-30,7.21,7.23,6.9,7.12,1366124.0,971280605.0
600726.SH,2026-07-01,7.12,7.38,7.0,7.33,1336288.0,963131836.0
600726.SH,2026-07-03,6.63,6.9,6.36,6.43,1871143.61,1223297.16
600726.SH,2026-07-06,6.51,6.53,6.28,6.34,1172099.8,749979.51
600726.SH,2026-07-07,6.28,6.33,6.03,6.1,967903.05,595076.21
600726.SH,2026-07-08,6.11,6.16,5.87,5.9,847890.88,507468.25
600726.SH,2026-07-09,5.89,6.15,5.79,6.06,1038528.81,620989.61
600726.SH,2026-07-10,6.07,6.63,6.04,6.2,2185674.0,1392542.14
600726.SH,2026-07-13,6.0,6.2,5.73,5.76,1500221.48,891613.71
600726.SH,2026-07-14,5.76,5.88,5.61,5.86,982555.0,564808.43
600726.SH,2026-07-15,5.87,6.11,5.79,5.93,975359.48,580589.99
600726.SH,2026-07-16,5.82,5.95,5.51,5.55,1012048.02,576959.42
600726.SH,2026-07-17,5.51,5.74,5.25,5.3,1629256.0,896894.63
600726.SH,2026-07-20,5.31,5.83,5.25,5.83,1254847.01,706396.11
600726.SH,2026-07-21,6.24,6.24,5.3,6.0,3896451.33,2257142.63
600726.SH,2026-07-22,5.87,6.6,5.73,6.6,3841358.82,2421314.93
600726.SH,2026-07-23,6.68,7.26,6.47,6.98,4375192.59,3012679.34
600726.SH,2026-07-24,6.55,6.77,6.28,6.28,2826038.65,1822524.71
600726.SH,2026-07-27,5.78,6.7,5.78,6.25,2893369.19,1787858.17
600726.SH,2026-07-28,6.08,6.4,5.81,6.08,2641430.98,1608454.35
600726.SH,2026-07-29,5.9,6.22,5.72,5.9,2091870.58,1245583.57
600726.SH,2026-07-30,5.85,5.95,5.32,5.38,2080016.8,1158103.67
600726.SH,2026-07-31,5.32,5.85,5.29,5.61,2113026.39,1197096.35
600726.SH,2026-08-03,5.61,5.95,5.49,5.81,2074891.64,1198418.42
600726.SH,2026-08-04,5.85,6.22,5.83,5.95,1860449.48,1109305.65
600726.SH,2026-08-05,5.94,6.3,5.83,6.24,2331367.36,1431298.37
600726.SH,2026-08-06,6.18,6.29,6.02,6.26,1738188.08,1064579.16
600726.SH,2026-08-07,6.2,6.34,6.06,6.32,1549284.05,966780.27
600726.SH,2026-08-10,6.28,6.48,6.09,6.26,1370554.92,856283.5
600726.SH,2026-08-11,6.26,6.59,6.1,6.14,1821718.08,1142597.0
600726.SH,2026-08-12,6.09,6.26,6.04,6.18,1337433.58,822887.0
600726.SH,2026-08-13,6.18,6.8,6.16,6.8,1441339.99,955907.81
600726.SH,2026-08-14,7.02,7.05,6.33,6.43,3233877.64,2106730.54
600726.SH,2026-08-17,6.34,6.37,6.16,6.27,1888077.61,1179970.58
600726.SH,2026-08-18,6.21,6.27,5.92,5.95,1647558.4,996413.05
600726.SH,2026-08-19,5.89,6.01,5.58,5.65,1484934.73,857202.96
600726.SH,2026-08-20,5.65,5.75,5.59,5.65,983781.93,556592.11
600726.SH,2026-08-21,5.6,5.62,5.51,5.58,737427.32,411004.64
600726.SH,2026-08-24,5.63,5.68,5.48,5.57,708116.66,392992.14
600726.SH,2026-08-25,5.52,5.6,5.45,5.55,725305.31,401961.94
600726.SH,2026-08-26,5.54,5.84,5.51,5.79,1477635.02,840973.31
600726.SH,2026-08-27,5.68,5.69,5.55,5.67,1072884.56,604189.26
600726.SH,2026-08-28,5.61,5.66,5.55,5.56,751173.64,419522.05
600726.SH,2026-08-31,5.56,5.56,5.38,5.5,665819.09,363050.96
600726.SH,2026-09-01,5.5,5.6,5.46,5.55,690394.81,383489.56
