symbol,datetime,open,high,low,close,volume,amount
600702.SH,2001-01-02,15.4,15.8,15.2,15.6,13735.82,21255.35
600702.SH,2001-01-03,15.65,16.3,15.61,16.26,33444.3,53836.64
600702.SH,2001-01-04,16.3,16.35,16.0,16.18,16982.95,27502.71
600702.SH,2001-01-05,16.16,16.33,16.03,16.1,10312.91,16703.42
600702.SH,2001-01-08,16.11,16.5,15.6,15.7,14640.77,23285.48
600702.SH,2001-01-09,15.7,15.9,15.45,15.76,10704.6,16702.39
600702.SH,2001-01-10,15.71,15.88,15.65,15.75,10308.23,16256.64
600702.SH,2001-01-11,15.79,15.88,15.4,15.47,14600.5,22739.74
600702.SH,2001-01-12,15.44,15.47,14.9,15.19,17759.06,26934.2
600702.SH,2001-01-15,15.0,15.08,14.0,14.25,16522.11,24196.99
600702.SH,2001-01-16,14.18,14.5,14.0,14.44,13232.1,18836.75
600702.SH,2001-01-17,14.4,14.44,14.15,14.21,8509.07,12108.55
600702.SH,2001-01-18,14.25,14.58,14.25,14.3,5684.46,8155.38
600702.SH,2001-01-19,14.3,14.49,14.3,14.4,7449.13,10718.1
600702.SH,2001-02-05,14.41,14.52,13.8,13.84,9628.45,13557.15
600702.SH,2001-02-06,13.83,13.83,12.95,13.5,13865.98,18354.54
600702.SH,2001-02-07,13.45,13.45,13.1,13.15,7102.29,9423.96
600702.SH,2001-02-08,13.12,13.3,12.72,12.72,11101.6,14399.56
600702.SH,2001-02-09,13.0,13.3,12.85,13.0,7492.94,9758.87
600702.SH,2001-02-12,13.05,13.35,12.87,13.09,5404.23,7063.08
600702.SH,2001-02-13,13.2,13.43,13.12,13.32,3987.42,5313.24
600702.SH,2001-02-14,13.3,13.45,13.2,13.32,4061.76,5411.84
600702.SH,2001-02-15,13.36,13.5,13.32,13.34,5280.99,7070.02
600702.SH,2001-02-16,13.34,13.34,13.0,13.28,5909.89,7781.09
600702.SH,2001-02-19,13.27,13.4,13.2,13.27,5004.57,6658.97
600702.SH,2001-02-20,13.3,13.68,13.1,13.25,6155.48,8192.24
600702.SH,2001-02-21,14.56,14.56,12.9,13.19,10835.89,14549.35
600702.SH,2001-02-22,13.15,13.3,13.0,13.25,3703.64,4884.27
600702.SH,2001-02-23,13.28,13.38,13.0,13.3,4753.17,6255.76
600702.SH,2001-02-26,13.45,13.45,13.1,13.3,5011.29,6620.17
600702.SH,2001-02-27,13.3,13.3,13.16,13.2,3291.23,4343.6
600702.SH,2001-02-28,13.3,13.4,13.12,13.29,6110.84,8064.15
600702.SH,2001-03-01,13.32,13.98,13.32,13.98,20620.98,28360.4
600702.SH,2001-03-02,13.98,14.14,13.88,13.95,13445.88,18811.85
600702.SH,2001-03-05,13.95,14.2,13.9,14.17,10103.6,14226.32
600702.SH,2001-03-06,14.23,14.29,14.02,14.25,9528.86,13491.93
600702.SH,2001-03-07,14.2,14.32,14.08,14.13,8322.33,11833.17
600702.SH,2001-03-08,14.13,14.13,13.9,13.92,5733.68,8003.75
600702.SH,2001-03-09,13.92,14.15,13.8,13.83,5012.94,6999.09
600702.SH,2001-03-12,13.85,14.0,13.7,13.78,5399.69,7459.25
600702.SH,2001-03-13,13.72,13.78,13.42,13.56,7643.62,10366.62
600702.SH,2001-03-14,13.49,13.64,13.45,13.62,7072.0,9587.79
600702.SH,2001-03-15,13.62,13.78,13.48,13.69,7485.72,10169.81
600702.SH,2001-03-16,13.8,13.8,13.4,13.42,11100.21,14964.43
600702.SH,2001-03-19,13.42,13.77,13.42,13.64,4726.84,6437.66
600702.SH,2001-03-20,13.69,13.75,13.46,13.7,7380.98,10037.04
600702.SH,2001-03-21,13.68,14.0,13.5,13.95,12255.34,16904.57
600702.SH,2001-03-22,13.95,14.0,13.73,14.0,13036.81,18079.36
600702.SH,2001-03-23,14.01,14.01,13.76,13.76,8591.33,11905.39
600702.SH,2001-03-26,13.78,13.95,13.6,13.88,9585.97,13166.36
600702.SH,2001-03-27,13.91,14.4,13.91,14.28,17176.3,24439.12
600702.SH,2001-03-28,14.28,14.32,14.0,14.18,9223.28,13042.49
600702.SH,2001-03-29,14.2,14.2,13.88,13.98,11606.79,16245.84
600702.SH,2001-03-30,13.95,14.0,13.75,13.93,9133.5,12640.55
600702.SH,2001-04-02,13.93,14.1,13.79,14.0,11553.23,16056.75
600702.SH,2001-04-03,14.02,14.08,13.78,13.8,13463.0,18646.8
600702.SH,2001-04-04,13.9,14.05,13.49,13.7,8609.72,11898.88
600702.SH,2001-04-05,13.68,13.78,13.6,13.68,8740.43,11938.32
600702.SH,2001-04-06,13.69,13.84,13.55,13.61,7806.09,10659.82
600702.SH,2001-04-09,13.61,13.82,13.61,13.68,7360.52,10054.5
600702.SH,2001-04-10,13.75,14.08,13.6,14.0,16437.91,22809.08
600702.SH,2001-04-11,14.05,14.1,13.65,13.86,14096.3,19484.44
600702.SH,2001-04-12,13.9,13.9,13.73,13.8,8845.16,12203.35
600702.SH,2001-04-13,13.8,14.09,13.8,13.93,14030.25,19629.13
600702.SH,2001-04-16,14.0,14.01,13.86,14.0,13148.67,18355.03
600702.SH,2001-04-17,14.03,14.2,13.95,14.19,20347.09,28686.93
600702.SH,2001-04-18,14.19,14.37,14.01,14.06,13176.62,18710.5
600702.SH,2001-04-20,14.11,14.15,13.59,13.61,15360.7,21118.21
600702.SH,2001-04-23,13.58,13.58,13.19,13.29,21007.33,27966.4
600702.SH,2001-04-24,13.35,13.5,13.26,13.33,6955.24,9286.18
600702.SH,2001-04-25,13.35,13.47,13.02,13.07,10819.43,14299.34
600702.SH,2001-04-26,13.06,13.57,13.05,13.38,8761.53,11673.7
600702.SH,2001-04-27,13.38,13.5,13.28,13.29,5761.0,7700.23
600702.SH,2001-04-30,13.29,13.4,13.26,13.29,3935.35,5234.84
600702.SH,2001-05-08,13.29,13.48,13.29,13.34,3256.96,4357.69
600702.SH,2001-05-09,13.31,13.55,13.3,13.43,3232.17,4346.67
600702.SH,2001-05-10,13.5,13.62,13.4,13.54,5038.55,6820.22
600702.SH,2001-05-11,13.55,13.65,13.5,13.57,3802.95,5154.31
600702.SH,2001-05-14,13.58,13.62,13.28,13.41,6447.57,8663.06
600702.SH,2001-05-15,13.89,14.4,13.6,14.17,37891.7,53523.96
600702.SH,2001-05-16,14.25,14.25,13.96,14.0,16517.99,23236.57
600702.SH,2001-05-17,14.1,14.13,13.74,13.8,10017.04,13881.63
600702.SH,2001-05-18,13.8,13.85,13.6,13.77,7902.82,10837.56
600702.SH,2001-05-21,13.8,14.04,13.67,13.98,10202.16,14122.87
600702.SH,2001-05-22,13.98,14.0,13.76,13.81,6628.27,9202.24
600702.SH,2001-05-23,13.95,13.98,13.62,13.62,7513.3,10298.0
600702.SH,2001-05-24,13.63,13.75,13.44,13.5,9370.52,12695.26
600702.SH,2001-05-25,13.5,13.65,13.38,13.41,7529.5,10128.34
600702.SH,2001-05-28,13.41,13.65,13.37,13.45,5892.28,7910.59
600702.SH,2001-05-29,13.65,13.85,13.5,13.72,6069.49,8314.64
600702.SH,2001-05-30,13.8,14.02,13.79,13.89,8785.15,12218.68
600702.SH,2001-05-31,13.9,13.95,13.6,13.75,6044.67,8317.43
600702.SH,2001-06-01,13.76,13.8,13.6,13.61,9060.44,12389.13
600702.SH,2001-06-04,13.6,13.85,13.52,13.61,8294.48,11311.56
600702.SH,2001-06-05,13.61,13.8,13.58,13.69,7832.13,10694.06
600702.SH,2001-06-06,13.8,13.81,13.57,13.62,6193.38,8445.17
600702.SH,2001-06-07,13.6,13.63,13.52,13.55,6025.09,8173.76
600702.SH,2001-06-08,13.52,13.64,13.46,13.49,6292.74,8504.15
600702.SH,2001-06-11,13.49,13.49,13.35,13.39,8906.26,11918.14
600702.SH,2001-06-12,13.35,13.8,13.34,13.6,6483.77,8747.09
600702.SH,2001-06-13,13.6,13.7,13.46,13.57,6463.86,8749.52
600702.SH,2001-06-14,13.54,13.55,13.35,13.35,9493.85,12731.3
600702.SH,2001-06-15,13.35,13.45,13.25,13.35,7332.78,9758.55
600702.SH,2001-06-18,13.35,13.4,12.91,13.0,9709.44,12778.89
600702.SH,2001-06-19,13.0,13.08,12.85,12.95,9235.7,11950.74
600702.SH,2001-06-20,12.95,13.0,12.72,12.8,10253.04,13155.07
600702.SH,2001-06-21,12.8,13.05,12.75,13.05,8861.47,11374.79
600702.SH,2001-06-22,13.05,13.16,12.89,13.01,6483.84,8424.96
600702.SH,2001-06-25,13.09,13.3,12.93,13.24,11527.71,15118.35
600702.SH,2001-06-26,13.2,13.21,13.08,13.15,13641.44,17900.23
600702.SH,2001-06-27,13.35,13.62,13.28,13.61,29097.39,39140.4
600702.SH,2001-06-28,13.62,13.65,13.21,13.33,14675.83,19676.58
600702.SH,2001-06-29,13.33,13.59,13.33,13.49,8462.89,11389.28
600702.SH,2001-07-02,13.45,13.46,13.21,13.22,5248.0,6990.16
600702.SH,2001-07-03,13.21,13.3,13.01,13.09,4209.13,5512.41
600702.SH,2001-07-04,13.09,13.15,13.05,13.11,3310.19,4333.03
600702.SH,2001-07-05,13.11,13.11,12.9,12.96,4352.73,5652.11
600702.SH,2001-07-06,12.96,12.99,12.8,12.8,4101.0,5286.8
600702.SH,2001-07-09,12.8,13.03,12.76,13.0,2998.28,3886.57
600702.SH,2001-07-10,13.0,13.05,12.89,12.97,2993.48,3877.63
600702.SH,2001-07-11,12.97,13.04,12.83,12.85,2282.27,2945.35
600702.SH,2001-07-12,12.94,13.0,12.8,12.95,3655.56,4707.34
600702.SH,2001-07-13,12.95,12.95,12.81,12.82,2441.74,3142.05
600702.SH,2001-07-16,12.77,13.0,12.66,12.66,4852.83,6201.48
600702.SH,2001-07-17,12.7,12.75,12.2,12.3,6891.36,8545.97
600702.SH,2001-07-18,12.3,12.59,12.1,12.15,6664.09,8141.16
600702.SH,2001-07-19,12.15,12.15,11.98,12.1,11226.81,13517.77
600702.SH,2001-07-20,12.15,12.32,12.1,12.23,9640.51,11750.42
600702.SH,2001-07-23,12.23,12.4,12.06,12.15,10890.87,13263.1
600702.SH,2001-07-24,12.24,12.24,12.01,12.14,15360.13,18574.07
600702.SH,2001-07-25,12.18,12.34,12.1,12.18,12668.56,15523.72
600702.SH,2001-07-26,12.21,12.35,12.08,12.25,15878.68,19478.58
600702.SH,2001-07-27,12.25,12.35,11.98,12.0,9950.63,12038.68
600702.SH,2001-07-30,11.6,11.69,10.8,10.8,13199.6,14538.84
600702.SH,2001-07-31,10.5,10.78,9.96,10.0,10859.12,11185.17
600702.SH,2001-08-01,10.03,10.6,10.03,10.6,9102.62,9420.44
600702.SH,2001-08-02,10.65,10.69,10.0,10.5,6137.41,6336.63
600702.SH,2001-08-03,10.5,10.6,10.28,10.37,3505.51,3636.0
600702.SH,2001-08-06,10.35,10.35,9.9,10.0,6822.54,6846.95
600702.SH,2001-08-07,10.15,10.29,10.0,10.28,3134.66,3167.68
600702.SH,2001-08-08,10.28,10.3,10.02,10.06,2552.0,2582.57
600702.SH,2001-08-09,10.1,10.25,10.06,10.2,3567.11,3616.81
600702.SH,2001-08-10,10.25,10.54,10.25,10.48,5248.77,5473.41
600702.SH,2001-08-13,10.51,10.75,10.45,10.7,7473.06,7994.61
600702.SH,2001-08-14,10.7,10.79,10.45,10.57,7011.3,7450.1
600702.SH,2001-08-15,10.5,10.61,10.5,10.61,2816.84,2969.26
600702.SH,2001-08-16,10.6,10.63,10.5,10.6,5964.85,6280.29
600702.SH,2001-08-17,10.57,10.57,10.4,10.51,4328.62,4553.47
600702.SH,2001-08-20,10.51,10.7,10.5,10.69,3883.12,4136.3
600702.SH,2001-08-21,10.72,10.72,10.5,10.67,3760.5,3996.65
600702.SH,2001-08-22,10.65,10.65,10.42,10.47,3581.14,3756.79
600702.SH,2001-08-23,10.35,10.62,10.2,10.62,2140.46,2232.48
600702.SH,2001-08-24,10.59,10.66,10.4,10.51,3103.12,3258.41
600702.SH,2001-08-27,10.48,10.48,10.08,10.34,6699.41,6809.33
600702.SH,2001-08-28,10.21,10.42,10.09,10.42,3091.34,3148.51
600702.SH,2001-08-29,10.45,10.5,10.25,10.48,5167.97,5397.2
600702.SH,2001-08-30,10.45,10.56,10.34,10.52,3248.26,3405.49
600702.SH,2001-08-31,10.53,10.62,10.53,10.55,6979.0,7392.46
600702.SH,2001-09-03,10.49,10.58,10.24,10.58,2671.98,2796.97
600702.SH,2001-09-04,10.56,10.71,10.56,10.69,6754.68,7192.59
600702.SH,2001-09-05,10.73,10.78,10.6,10.64,4430.31,4729.71
600702.SH,2001-09-06,10.7,10.7,10.3,10.41,2784.23,2919.14
600702.SH,2001-09-07,10.38,10.41,10.1,10.14,5898.13,6038.2
600702.SH,2001-09-10,9.86,10.3,9.81,10.27,3071.56,3123.34
600702.SH,2001-09-11,10.22,10.39,10.22,10.25,2589.34,2658.26
600702.SH,2001-09-12,10.0,10.28,9.82,10.04,6619.73,6644.23
600702.SH,2001-09-13,10.04,10.25,10.03,10.05,2693.77,2714.6
600702.SH,2001-09-14,10.1,10.1,10.0,10.02,2290.14,2298.63
600702.SH,2001-09-17,10.02,10.02,9.8,9.8,3649.87,3599.23
600702.SH,2001-09-18,9.75,10.05,9.75,9.83,2137.99,2102.1
600702.SH,2001-09-19,9.85,10.08,9.85,10.02,1719.21,1713.04
600702.SH,2001-09-20,10.09,10.4,9.98,10.29,3570.6,3630.12
600702.SH,2001-09-21,10.05,10.23,10.0,10.01,1317.6,1325.53
600702.SH,2001-09-24,10.0,10.18,9.95,9.99,901.34,902.64
600702.SH,2001-09-25,10.19,10.19,9.9,10.0,2129.0,2126.72
600702.SH,2001-09-26,9.96,9.96,9.85,9.89,1315.37,1301.91
600702.SH,2001-09-27,9.8,9.9,9.77,9.78,1656.0,1625.32
600702.SH,2001-09-28,9.78,9.86,9.58,9.63,2525.85,2450.42
600702.SH,2001-10-08,9.7,9.75,9.0,9.05,2822.08,2623.46
600702.SH,2001-10-09,9.02,9.16,9.0,9.08,2718.66,2463.83
600702.SH,2001-10-10,9.09,9.1,8.48,8.55,3182.44,2779.75
600702.SH,2001-10-11,8.51,8.55,8.1,8.54,6208.07,5171.45
600702.SH,2001-10-12,8.5,9.03,8.49,8.95,9864.8,8593.36
600702.SH,2001-10-15,8.9,8.95,8.5,8.8,2626.5,2311.25
600702.SH,2001-10-16,8.88,8.88,8.62,8.64,1233.0,1072.64
600702.SH,2001-10-17,8.64,8.71,8.58,8.66,759.78,657.82
600702.SH,2001-10-18,8.66,8.84,8.48,8.49,2089.5,1798.78
600702.SH,2001-10-19,8.2,8.48,8.1,8.19,4678.45,3840.14
600702.SH,2001-10-22,8.16,8.19,8.02,8.05,3183.04,2569.92
600702.SH,2001-10-23,8.55,8.86,8.55,8.86,13449.96,11802.64
600702.SH,2001-10-24,9.1,9.2,8.89,8.99,14381.49,13032.28
600702.SH,2001-10-25,8.98,8.98,8.68,8.69,4837.18,4242.65
600702.SH,2001-10-26,8.69,8.74,8.5,8.62,2828.8,2438.71
600702.SH,2001-10-29,8.5,8.78,8.5,8.7,2098.42,1820.44
600702.SH,2001-10-30,8.75,8.87,8.69,8.76,3019.9,2651.48
600702.SH,2001-10-31,8.74,8.74,8.58,8.7,2007.96,1733.66
600702.SH,2001-11-01,8.7,8.86,8.62,8.86,3500.25,3074.99
600702.SH,2001-11-02,8.91,9.29,8.86,9.15,22914.17,20897.9
600702.SH,2001-11-05,9.13,9.21,8.85,9.15,9923.5,8941.98
600702.SH,2001-11-06,9.09,9.32,8.99,9.24,16151.54,14746.88
600702.SH,2001-11-07,9.22,9.25,8.68,8.7,7692.49,6916.75
600702.SH,2001-11-08,8.56,9.0,8.3,8.9,7089.64,6234.73
600702.SH,2001-11-09,8.93,9.18,8.75,9.1,5114.55,4606.07
600702.SH,2001-11-12,9.1,9.24,8.88,9.1,4701.51,4282.59
600702.SH,2001-11-13,9.0,9.13,8.81,9.05,1819.07,1646.17
600702.SH,2001-11-14,9.1,9.27,9.08,9.21,6598.74,6071.95
600702.SH,2001-11-15,9.21,9.26,9.03,9.08,2635.07,2397.31
600702.SH,2001-11-16,9.9,9.9,9.15,9.2,12521.24,11788.42
600702.SH,2001-11-19,9.25,9.4,9.2,9.4,5022.91,4680.51
600702.SH,2001-11-20,9.4,9.6,9.33,9.53,9108.52,8639.06
600702.SH,2001-11-21,9.53,9.54,9.3,9.38,7390.71,6958.3
600702.SH,2001-11-22,9.37,9.49,9.3,9.35,6759.84,6339.01
600702.SH,2001-11-23,9.36,9.52,9.29,9.42,8243.64,7722.97
600702.SH,2001-11-26,9.4,9.4,9.3,9.4,1765.83,1649.51
600702.SH,2001-11-27,9.45,9.53,9.4,9.52,4169.89,3957.02
600702.SH,2001-11-28,9.59,9.65,9.51,9.61,5969.07,5721.46
600702.SH,2001-11-29,9.6,9.64,9.5,9.55,3179.2,3042.98
600702.SH,2001-11-30,9.55,9.83,9.55,9.8,9205.82,8974.31
600702.SH,2001-12-03,9.87,9.92,9.78,9.8,10904.9,10731.25
600702.SH,2001-12-04,9.8,9.82,9.71,9.8,4115.07,4012.23
600702.SH,2001-12-05,9.75,9.85,9.52,9.55,6637.0,6433.44
600702.SH,2001-12-06,9.5,9.58,9.4,9.57,4223.68,4020.71
600702.SH,2001-12-07,9.6,9.7,9.5,9.54,2251.81,2160.26
600702.SH,2001-12-10,9.52,9.65,9.4,9.41,3417.82,3225.78
600702.SH,2001-12-11,9.43,9.47,9.35,9.37,2833.29,2663.86
600702.SH,2001-12-12,9.31,9.4,9.26,9.27,3057.43,2847.86
600702.SH,2001-12-13,9.27,9.35,9.1,9.1,3595.3,3302.71
600702.SH,2001-12-14,9.06,9.13,9.0,9.0,2489.66,2253.06
600702.SH,2001-12-17,8.9,9.0,8.79,8.8,2963.66,2626.26
600702.SH,2001-12-18,8.85,8.99,8.79,8.93,3252.3,2878.95
600702.SH,2001-12-19,9.01,9.13,8.9,9.12,7995.03,7234.54
600702.SH,2001-12-20,9.08,9.11,8.92,9.07,5589.14,5048.44
600702.SH,2001-12-21,9.05,9.07,8.9,8.98,1963.03,1765.78
600702.SH,2001-12-24,9.1,9.2,9.0,9.07,4038.27,3674.78
600702.SH,2001-12-25,9.07,9.32,9.01,9.32,5591.03,5151.73
600702.SH,2001-12-26,9.35,9.45,9.26,9.45,4568.72,4277.95
600702.SH,2001-12-27,9.4,9.51,9.36,9.49,8013.78,7581.77
600702.SH,2001-12-28,9.45,9.5,9.27,9.38,4128.47,3871.29
600702.SH,2002-01-04,9.3,9.31,9.1,9.24,2182.89,2006.62
600702.SH,2002-01-07,9.09,9.09,8.94,8.97,2429.11,2184.39
600702.SH,2002-01-08,8.95,9.08,8.9,8.9,3190.28,2866.27
600702.SH,2002-01-09,9.0,9.0,8.72,8.8,2592.78,2285.01
600702.SH,2002-01-10,8.78,9.2,8.55,9.05,3300.46,2877.81
600702.SH,2002-01-11,9.05,9.18,8.79,8.82,1813.0,1613.8
600702.SH,2002-01-14,8.8,8.8,8.3,8.44,3714.98,3139.39
600702.SH,2002-01-15,8.45,8.54,8.3,8.32,4903.85,4132.04
600702.SH,2002-01-16,8.15,8.52,8.15,8.5,3683.23,3081.3
600702.SH,2002-01-17,8.5,8.5,8.1,8.23,5408.42,4460.74
600702.SH,2002-01-18,8.0,8.4,7.9,8.3,7030.51,5764.61
600702.SH,2002-01-21,8.25,8.3,8.04,8.15,5616.89,4582.44
600702.SH,2002-01-22,8.1,8.2,7.34,7.34,10072.49,7807.78
600702.SH,2002-01-23,6.99,7.7,6.64,7.67,17899.68,12601.28
600702.SH,2002-01-24,7.6,8.15,7.1,7.93,12977.94,10133.42
600702.SH,2002-01-25,7.8,8.0,7.5,7.53,8531.01,6640.7
600702.SH,2002-01-28,7.53,7.6,7.01,7.1,11885.05,8606.43
600702.SH,2002-01-29,7.03,7.25,6.95,7.18,4102.21,2937.69
600702.SH,2002-01-30,7.3,7.35,7.15,7.26,3492.97,2536.39
600702.SH,2002-01-31,7.4,7.84,7.4,7.81,9916.79,7662.03
600702.SH,2002-02-01,7.85,8.08,7.66,7.92,9482.99,7532.63
600702.SH,2002-02-04,7.82,8.25,7.62,8.16,7750.56,6253.13
600702.SH,2002-02-05,8.2,8.21,8.0,8.13,4422.51,3575.57
600702.SH,2002-02-06,8.15,8.22,7.8,8.01,3144.56,2513.26
600702.SH,2002-02-07,7.99,8.3,7.9,8.19,7895.3,6397.85
600702.SH,2002-02-08,8.24,8.25,8.1,8.1,5442.11,4459.94
600702.SH,2002-02-25,8.25,8.3,8.1,8.25,3330.85,2735.03
600702.SH,2002-02-26,8.26,8.27,7.91,8.24,5951.22,4843.7
600702.SH,2002-02-27,8.28,8.43,8.11,8.38,9921.02,8230.54
600702.SH,2002-02-28,8.38,8.52,8.29,8.3,6117.73,5140.75
600702.SH,2002-03-01,8.3,8.3,8.1,8.1,2141.31,1745.52
600702.SH,2002-03-04,8.0,8.29,7.9,8.26,4643.8,3799.02
600702.SH,2002-03-05,8.26,8.65,8.26,8.62,17764.41,15146.03
600702.SH,2002-03-06,8.75,9.08,8.59,8.88,36488.91,32573.24
600702.SH,2002-03-07,8.83,9.14,8.83,8.9,47457.56,42885.6
600702.SH,2002-03-08,8.94,9.1,8.75,8.79,26899.22,23866.27
600702.SH,2002-03-11,8.8,9.3,8.7,9.11,143704.34,129162.94
600702.SH,2002-03-12,9.1,9.64,9.0,9.52,164335.16,151545.83
600702.SH,2002-03-13,9.43,9.5,9.1,9.11,52566.88,48855.34
600702.SH,2002-03-14,9.06,9.35,9.05,9.29,28720.12,26429.99
600702.SH,2002-03-15,9.3,9.36,8.7,8.79,31083.19,28266.66
600702.SH,2002-03-18,8.9,9.1,8.6,8.76,20906.64,18300.11
600702.SH,2002-03-19,8.65,8.91,8.65,8.86,16402.07,14454.72
600702.SH,2002-03-20,8.91,9.09,8.78,8.96,21472.91,19231.74
600702.SH,2002-03-21,8.96,9.2,8.9,9.02,14242.39,12888.91
600702.SH,2002-03-22,9.0,9.02,8.71,8.84,15299.45,13464.05
600702.SH,2002-03-25,8.8,8.83,8.63,8.73,10815.96,9423.98
600702.SH,2002-03-26,8.73,8.78,8.45,8.52,15525.99,13309.39
600702.SH,2002-03-27,8.5,8.73,8.48,8.7,10462.85,8999.81
600702.SH,2002-03-28,8.7,8.74,8.55,8.63,7794.5,6745.78
600702.SH,2002-03-29,8.4,8.48,8.25,8.4,10014.5,8366.23
600702.SH,2002-04-01,8.32,8.4,8.21,8.35,6801.93,5650.94
600702.SH,2002-04-02,8.33,8.48,8.2,8.25,5569.59,4625.42
600702.SH,2002-04-03,8.25,8.32,8.11,8.2,6475.54,5307.39
600702.SH,2002-04-04,8.2,8.42,8.04,8.41,7851.66,6460.56
600702.SH,2002-04-05,8.42,8.46,8.25,8.27,6963.16,5802.08
600702.SH,2002-04-08,8.27,8.4,8.22,8.27,4176.0,3473.3
600702.SH,2002-04-09,8.27,8.68,8.27,8.59,13176.1,11203.96
600702.SH,2002-04-10,8.62,8.67,8.5,8.66,8816.53,7565.75
600702.SH,2002-04-11,8.68,8.7,8.4,8.41,8013.5,6835.58
600702.SH,2002-04-12,8.4,8.5,8.33,8.38,7233.92,6085.42
600702.SH,2002-04-15,8.48,8.48,8.15,8.19,7293.36,6016.53
600702.SH,2002-04-16,8.2,8.3,8.19,8.23,6421.58,5286.02
600702.SH,2002-04-17,8.23,8.4,8.19,8.34,7450.44,6181.38
600702.SH,2002-04-18,8.36,8.36,8.15,8.19,5934.96,4884.51
600702.SH,2002-04-19,8.18,8.25,8.0,8.23,7309.0,5900.16
600702.SH,2002-04-22,8.22,8.23,8.02,8.05,5421.27,4387.81
600702.SH,2002-04-23,8.15,8.15,8.04,8.07,3283.67,2656.2
600702.SH,2002-04-24,8.05,8.09,7.91,8.0,7880.41,6294.26
600702.SH,2002-04-25,8.0,8.07,7.87,8.05,5277.6,4193.07
600702.SH,2002-04-26,8.05,8.24,8.0,8.17,5250.66,4274.58
600702.SH,2002-04-29,8.18,8.32,8.1,8.27,7111.11,5848.68
600702.SH,2002-04-30,8.35,8.38,8.13,8.18,7728.63,6341.13
600702.SH,2002-05-08,8.2,8.23,8.02,8.03,5707.94,4621.73
600702.SH,2002-05-09,8.02,8.22,8.02,8.19,9647.57,7834.6
600702.SH,2002-05-10,8.19,8.26,8.1,8.24,7604.85,6200.25
600702.SH,2002-05-13,8.24,8.55,8.24,8.5,39905.89,33578.4
600702.SH,2002-05-14,8.5,8.5,8.3,8.34,11527.31,9690.57
600702.SH,2002-05-15,8.32,8.4,8.24,8.27,6797.5,5644.46
600702.SH,2002-05-16,8.16,8.2,7.7,7.74,10642.11,8443.7
600702.SH,2002-05-17,7.77,7.92,7.6,7.8,10718.2,8287.66
600702.SH,2002-05-20,7.8,7.8,7.47,7.51,6444.69,4861.24
600702.SH,2002-05-21,7.8,7.95,7.61,7.83,9292.13,7259.67
600702.SH,2002-05-22,7.9,7.95,7.75,7.92,7011.57,5506.05
600702.SH,2002-05-23,8.01,8.17,7.98,8.06,10813.11,8758.26
600702.SH,2002-05-24,8.1,8.1,7.91,7.97,5735.26,4569.19
600702.SH,2002-05-27,8.0,8.01,7.87,7.94,3223.99,2554.49
600702.SH,2002-05-28,7.94,8.08,7.92,7.99,4062.16,3248.55
600702.SH,2002-05-29,7.98,7.98,7.6,7.68,9011.17,6941.5
600702.SH,2002-05-30,7.68,7.8,7.55,7.65,4792.45,3653.5
600702.SH,2002-05-31,7.61,7.77,7.6,7.68,4172.49,3211.09
600702.SH,2002-06-03,7.65,7.65,7.41,7.5,3673.0,2755.4
600702.SH,2002-06-04,7.58,7.59,7.4,7.52,3682.18,2755.49
600702.SH,2002-06-05,7.46,7.5,7.28,7.3,4452.4,3275.4
600702.SH,2002-06-06,7.18,7.7,7.18,7.64,9720.94,7324.8
600702.SH,2002-06-07,7.6,7.76,7.5,7.66,7535.26,5778.49
600702.SH,2002-06-10,7.6,7.7,7.52,7.63,2756.16,2092.18
600702.SH,2002-06-11,7.61,7.75,7.6,7.7,3518.9,2703.41
600702.SH,2002-06-12,7.69,7.7,7.55,7.59,2532.38,1919.43
600702.SH,2002-06-13,7.56,7.63,7.5,7.54,3800.89,2874.62
600702.SH,2002-06-14,7.5,7.5,7.35,7.36,3297.22,2444.97
600702.SH,2002-06-17,7.35,7.4,7.25,7.38,2723.1,1998.16
600702.SH,2002-06-18,7.39,7.69,7.39,7.6,5849.62,4433.41
600702.SH,2002-06-19,7.7,7.73,7.58,7.59,6184.12,4737.13
600702.SH,2002-06-20,7.57,7.73,7.57,7.59,5021.0,3851.9
600702.SH,2002-06-24,8.35,8.35,8.1,8.35,70044.28,58269.63
600702.SH,2002-06-25,8.37,8.75,8.37,8.43,54384.76,46741.97
600702.SH,2002-06-26,8.36,8.53,8.29,8.52,21680.88,18271.73
600702.SH,2002-06-27,8.6,8.61,8.39,8.45,14759.94,12491.77
600702.SH,2002-06-28,8.5,8.66,8.3,8.44,23827.28,20210.19
600702.SH,2002-07-01,8.4,8.54,8.37,8.37,8505.4,7192.03
600702.SH,2002-07-02,8.43,8.56,8.3,8.55,8512.1,7161.99
600702.SH,2002-07-03,8.55,8.58,8.43,8.54,7475.49,6359.87
600702.SH,2002-07-04,8.55,8.75,8.46,8.67,28577.15,24659.71
600702.SH,2002-07-05,8.7,8.86,8.6,8.86,34926.53,30565.1
600702.SH,2002-07-08,8.9,8.98,8.81,8.87,34294.12,30517.57
600702.SH,2002-07-09,8.87,8.88,8.7,8.74,18884.23,16536.57
600702.SH,2002-07-10,8.75,8.78,8.55,8.56,11747.54,10136.77
600702.SH,2002-07-11,8.54,8.62,8.46,8.54,8241.77,7040.77
600702.SH,2002-07-12,8.57,8.62,8.48,8.52,6107.0,5211.71
600702.SH,2002-07-15,8.52,8.58,8.46,8.49,4859.41,4138.83
600702.SH,2002-07-16,8.42,8.64,8.42,8.55,17067.43,14506.7
600702.SH,2002-07-17,8.54,8.57,8.44,8.55,6008.38,5106.53
600702.SH,2002-07-18,8.55,8.58,8.44,8.5,8695.19,7392.16
600702.SH,2002-07-19,8.5,8.57,8.45,8.52,4309.25,3663.16
600702.SH,2002-07-22,8.53,8.53,8.3,8.33,9616.19,8070.16
600702.SH,2002-07-23,8.33,8.42,8.28,8.32,5770.32,4823.8
600702.SH,2002-07-24,8.3,8.44,8.3,8.39,2261.98,1891.03
600702.SH,2002-07-25,8.42,8.44,8.15,8.16,7580.29,6255.73
600702.SH,2002-07-26,8.2,8.22,8.1,8.12,5248.11,4279.29
600702.SH,2002-07-29,8.12,8.17,8.03,8.16,3809.55,3074.88
600702.SH,2002-07-30,8.15,8.19,8.09,8.17,3417.48,2783.51
600702.SH,2002-07-31,8.17,8.2,8.01,8.02,4108.06,3327.13
600702.SH,2002-08-01,8.02,8.13,7.98,8.12,3184.98,2559.96
600702.SH,2002-08-02,8.1,8.18,8.06,8.15,1828.38,1483.28
600702.SH,2002-08-05,8.12,8.15,8.05,8.12,1977.08,1602.89
600702.SH,2002-08-06,8.17,8.24,8.11,8.21,2774.05,2276.31
600702.SH,2002-08-07,8.23,8.28,8.18,8.23,2483.08,2042.67
600702.SH,2002-08-08,8.22,8.25,8.16,8.19,2129.5,1747.7
600702.SH,2002-08-09,8.24,8.24,8.06,8.14,6699.85,5445.25
600702.SH,2002-08-12,8.15,8.23,8.1,8.22,5263.64,4306.18
600702.SH,2002-08-13,8.26,8.35,8.18,8.19,11080.27,9147.73
600702.SH,2002-08-14,8.19,8.22,8.06,8.2,3661.67,2974.58
600702.SH,2002-08-15,8.21,8.21,8.08,8.1,3307.09,2686.88
600702.SH,2002-08-16,8.1,8.25,8.06,8.16,2560.71,2082.31
600702.SH,2002-08-19,8.18,8.23,8.11,8.19,1150.41,940.24
600702.SH,2002-08-20,8.18,8.3,8.18,8.28,4407.2,3635.65
600702.SH,2002-08-21,8.3,8.31,8.2,8.26,3170.54,2611.75
600702.SH,2002-08-22,8.31,8.42,8.26,8.32,11555.55,9643.41
600702.SH,2002-08-23,8.25,8.32,8.16,8.27,2494.73,2060.29
600702.SH,2002-08-26,8.27,8.34,8.16,8.16,3319.7,2723.29
600702.SH,2002-08-27,8.13,8.24,8.13,8.19,3613.5,2951.27
600702.SH,2002-08-28,8.19,8.25,8.19,8.24,2042.88,1680.54
600702.SH,2002-08-29,8.23,8.23,8.07,8.08,7601.95,6167.16
600702.SH,2002-08-30,8.08,8.12,8.03,8.05,4392.8,3544.21
600702.SH,2002-09-02,8.0,8.08,8.0,8.06,4012.96,3225.13
600702.SH,2002-09-03,8.06,8.11,8.05,8.06,2325.75,1877.75
600702.SH,2002-09-04,8.06,8.08,8.0,8.03,3902.89,3140.98
600702.SH,2002-09-05,8.03,8.06,7.95,7.97,4905.42,3923.35
600702.SH,2002-09-06,7.95,7.97,7.84,7.85,6198.94,4893.1
600702.SH,2002-09-09,7.85,7.87,7.78,7.81,2780.79,2172.88
600702.SH,2002-09-10,7.78,7.88,7.78,7.87,1390.0,1086.51
600702.SH,2002-09-11,7.85,7.85,7.77,7.85,1863.68,1453.87
600702.SH,2002-09-12,7.85,7.9,7.8,7.87,1254.96,985.47
600702.SH,2002-09-13,7.87,7.88,7.73,7.77,4135.01,3215.92
600702.SH,2002-09-16,7.72,7.74,7.65,7.66,2678.97,2059.92
600702.SH,2002-09-17,7.67,7.7,7.62,7.69,2019.39,1546.8
600702.SH,2002-09-18,7.69,7.74,7.65,7.65,1798.7,1382.21
600702.SH,2002-09-19,7.62,7.87,7.61,7.85,2833.2,2183.4
600702.SH,2002-09-20,7.83,7.83,7.7,7.72,1198.62,926.91
600702.SH,2002-09-23,7.7,7.75,7.69,7.71,1331.98,1027.05
600702.SH,2002-09-24,7.71,7.73,7.65,7.66,1502.45,1151.71
600702.SH,2002-09-25,7.68,7.7,7.61,7.65,1483.65,1135.23
600702.SH,2002-09-26,7.75,7.75,7.61,7.61,1569.46,1198.36
600702.SH,2002-09-27,7.61,7.65,7.52,7.55,2002.7,1518.03
600702.SH,2002-10-08,7.35,7.5,7.35,7.36,2979.41,2204.1
600702.SH,2002-10-09,7.34,7.37,7.25,7.28,2661.88,1938.89
600702.SH,2002-10-10,7.27,7.34,7.22,7.25,1644.45,1198.26
600702.SH,2002-10-11,7.31,7.31,7.18,7.21,2583.94,1870.13
600702.SH,2002-10-14,7.16,7.25,7.12,7.21,2961.58,2121.35
600702.SH,2002-10-15,7.22,7.26,7.18,7.2,1160.0,837.02
600702.SH,2002-10-16,7.2,7.39,7.19,7.25,3661.35,2666.63
600702.SH,2002-10-17,7.22,7.33,7.09,7.09,3720.28,2657.59
600702.SH,2002-10-18,7.1,7.2,7.01,7.16,1981.58,1404.42
600702.SH,2002-10-21,7.1,7.18,7.03,7.14,1278.7,906.6
600702.SH,2002-10-22,7.11,7.3,7.1,7.22,6026.28,4350.01
600702.SH,2002-10-23,7.2,7.24,7.14,7.24,4566.39,3280.26
600702.SH,2002-10-24,7.24,7.26,7.18,7.18,2173.51,1568.89
600702.SH,2002-10-25,7.2,7.2,7.04,7.07,2014.27,1430.21
600702.SH,2002-10-28,7.12,7.18,7.0,7.02,2688.02,1895.97
600702.SH,2002-10-29,7.02,7.03,6.79,6.91,6084.39,4183.05
600702.SH,2002-10-30,6.9,6.94,6.84,6.89,1947.08,1340.34
600702.SH,2002-10-31,6.95,6.95,6.86,6.88,2614.0,1804.0
600702.SH,2002-11-01,6.87,6.9,6.79,6.88,1451.32,993.03
600702.SH,2002-11-04,6.89,7.0,6.88,6.94,4360.0,3017.94
600702.SH,2002-11-05,6.95,7.15,6.95,7.12,5270.1,3721.28
600702.SH,2002-11-06,7.1,7.17,7.08,7.1,3413.29,2430.05
600702.SH,2002-11-07,7.08,7.16,7.02,7.06,2746.9,1936.45
600702.SH,2002-11-08,7.16,7.18,6.85,6.86,3666.0,2555.2
600702.SH,2002-11-11,6.87,6.9,6.8,6.83,2435.22,1661.95
600702.SH,2002-11-12,6.83,6.87,6.6,6.65,3494.0,2348.3
600702.SH,2002-11-13,6.65,6.7,6.5,6.63,4149.3,2722.86
600702.SH,2002-11-14,6.65,6.65,6.4,6.41,3456.3,2241.94
600702.SH,2002-11-15,6.4,6.55,6.35,6.42,4901.17,3149.72
600702.SH,2002-11-18,6.46,6.67,6.25,6.26,4433.0,2809.56
600702.SH,2002-11-19,6.26,6.36,6.17,6.32,3224.64,2018.26
600702.SH,2002-11-20,6.3,6.3,6.01,6.04,5856.81,3570.1
600702.SH,2002-11-21,6.0,6.05,5.93,5.96,6424.11,3844.13
600702.SH,2002-11-22,6.0,6.09,5.89,6.01,9918.33,5930.84
600702.SH,2002-11-25,6.01,6.15,5.95,6.14,7398.33,4498.82
600702.SH,2002-11-26,6.14,6.2,5.86,5.88,9516.3,5689.76
600702.SH,2002-11-27,5.83,6.04,5.75,6.02,8259.01,4872.04
600702.SH,2002-11-28,6.03,6.28,5.95,6.23,10722.15,6571.7
600702.SH,2002-11-29,6.25,6.45,6.16,6.28,18409.54,11623.29
600702.SH,2002-12-02,6.28,6.28,6.01,6.06,7370.88,4515.02
600702.SH,2002-12-03,6.02,6.13,6.02,6.13,3979.58,2420.56
600702.SH,2002-12-04,6.16,6.31,6.08,6.15,8290.62,5151.1
600702.SH,2002-12-05,6.1,6.34,6.05,6.2,8570.37,5312.33
600702.SH,2002-12-06,6.2,6.32,6.2,6.22,7717.08,4828.95
600702.SH,2002-12-09,6.21,6.25,5.98,6.09,6553.65,3995.89
600702.SH,2002-12-10,6.09,6.12,5.98,6.0,7240.87,4359.54
600702.SH,2002-12-11,5.98,6.01,5.9,5.98,3372.77,2005.29
600702.SH,2002-12-12,6.0,6.13,5.98,6.08,4111.27,2488.31
600702.SH,2002-12-13,6.0,6.25,5.94,6.19,8912.43,5464.3
600702.SH,2002-12-16,6.23,6.31,6.16,6.24,7080.26,4431.47
600702.SH,2002-12-17,6.26,6.33,6.18,6.27,4563.59,2856.16
600702.SH,2002-12-18,6.27,6.35,6.23,6.26,6445.42,4046.34
600702.SH,2002-12-19,6.26,6.29,6.18,6.26,3192.48,1987.15
600702.SH,2002-12-20,6.29,6.36,6.21,6.32,7401.9,4661.32
600702.SH,2002-12-23,6.35,6.4,6.28,6.3,6399.85,4057.91
600702.SH,2002-12-24,6.26,6.45,6.24,6.43,11607.02,7359.22
600702.SH,2002-12-25,6.43,6.45,6.3,6.31,4915.68,3126.65
600702.SH,2002-12-26,6.33,6.33,5.97,5.99,11114.64,6768.68
600702.SH,2002-12-27,5.99,6.05,5.9,5.98,6148.86,3668.11
600702.SH,2002-12-30,5.98,5.99,5.9,5.93,3806.37,2259.51
600702.SH,2003-01-02,5.86,5.91,5.6,5.6,6670.98,3829.59
600702.SH,2003-01-03,5.6,5.68,5.56,5.67,6798.27,3821.25
600702.SH,2003-01-06,5.67,5.76,5.6,5.74,3489.54,1987.31
600702.SH,2003-01-07,5.71,5.81,5.66,5.7,2753.0,1577.46
600702.SH,2003-01-08,5.69,5.9,5.68,5.88,4764.67,2762.73
600702.SH,2003-01-09,5.9,6.02,5.81,6.0,9099.63,5410.73
600702.SH,2003-01-10,6.0,6.07,5.9,5.91,8711.4,5232.7
600702.SH,2003-01-13,5.88,5.94,5.85,5.89,4279.84,2518.04
600702.SH,2003-01-14,5.91,6.35,5.88,6.24,18664.33,11527.17
600702.SH,2003-01-15,6.24,6.27,6.1,6.16,11316.41,7010.18
600702.SH,2003-01-16,6.16,6.32,6.13,6.31,14600.07,9073.24
600702.SH,2003-01-17,6.35,6.35,6.23,6.26,12280.75,7692.72
600702.SH,2003-01-20,6.25,6.29,6.17,6.27,7350.06,4580.78
600702.SH,2003-01-21,6.3,6.42,6.14,6.16,8817.78,5519.13
600702.SH,2003-01-22,6.12,6.21,6.08,6.19,5510.46,3387.45
600702.SH,2003-01-23,6.2,6.31,6.17,6.21,9771.71,6097.16
600702.SH,2003-01-24,6.22,6.25,6.11,6.25,6224.6,3845.45
600702.SH,2003-01-27,6.21,6.45,6.21,6.4,18281.98,11640.32
600702.SH,2003-01-28,6.4,6.43,6.32,6.39,9580.05,6098.64
600702.SH,2003-01-29,6.21,6.38,6.21,6.3,14063.18,8891.74
600702.SH,2003-02-10,6.25,6.29,6.13,6.16,6042.9,3734.04
600702.SH,2003-02-11,6.16,6.26,6.15,6.23,3484.55,2163.03
600702.SH,2003-02-12,6.23,6.4,6.23,6.37,7420.9,4709.83
600702.SH,2003-02-13,6.37,6.44,6.32,6.36,8599.81,5488.86
600702.SH,2003-02-14,6.33,6.52,6.33,6.5,11617.07,7495.64
600702.SH,2003-02-17,6.5,6.58,6.34,6.42,10895.41,7034.55
600702.SH,2003-02-18,6.38,6.46,6.32,6.4,3722.05,2374.97
600702.SH,2003-02-19,6.38,6.48,6.33,6.47,4404.9,2817.12
600702.SH,2003-02-20,6.45,6.49,6.35,6.37,5531.08,3539.8
600702.SH,2003-02-21,6.4,6.42,6.2,6.22,9368.94,5867.39
600702.SH,2003-02-24,6.22,6.28,6.18,6.21,4147.1,2583.77
600702.SH,2003-02-25,6.2,6.37,6.2,6.35,4677.89,2953.41
600702.SH,2003-02-26,6.35,6.39,6.31,6.35,3456.57,2188.92
600702.SH,2003-02-27,6.33,6.4,6.28,6.31,4350.26,2757.69
600702.SH,2003-02-28,6.31,6.31,6.23,6.27,4585.92,2872.08
600702.SH,2003-03-03,6.32,6.42,6.3,6.42,5143.82,3270.06
600702.SH,2003-03-04,6.42,6.43,6.34,6.37,3884.93,2472.74
600702.SH,2003-03-05,6.32,6.33,6.21,6.28,5582.08,3489.22
600702.SH,2003-03-06,6.29,6.29,6.17,6.21,4592.71,2851.87
600702.SH,2003-03-07,6.2,6.24,6.16,6.16,5515.6,3420.38
600702.SH,2003-03-10,6.15,6.19,6.03,6.05,3963.14,2416.0
600702.SH,2003-03-11,6.03,6.08,5.99,6.04,3198.23,1927.66
600702.SH,2003-03-12,6.08,6.1,5.96,6.03,4177.17,2508.56
600702.SH,2003-03-13,6.0,6.04,5.94,5.94,5386.76,3219.09
600702.SH,2003-03-14,5.94,6.01,5.92,5.97,2199.14,1310.86
600702.SH,2003-03-17,6.0,6.0,5.9,5.97,2530.57,1500.76
600702.SH,2003-03-18,5.99,6.02,5.92,5.94,1600.7,958.16
600702.SH,2003-03-19,5.93,5.99,5.9,5.93,2987.83,1770.75
600702.SH,2003-03-20,5.94,5.97,5.9,5.91,3160.73,1871.05
600702.SH,2003-03-21,5.91,5.96,5.86,5.95,1906.53,1130.26
600702.SH,2003-03-24,5.82,5.95,5.82,5.9,2146.12,1265.74
600702.SH,2003-03-25,5.93,5.95,5.83,5.84,1935.65,1134.26
600702.SH,2003-03-26,5.85,5.88,5.71,5.72,3534.0,2048.83
600702.SH,2003-03-27,5.78,5.98,5.73,5.92,4043.68,2368.75
600702.SH,2003-03-28,5.9,6.0,5.89,5.91,3893.42,2314.57
600702.SH,2003-03-31,5.91,5.99,5.91,5.98,3128.1,1864.66
600702.SH,2003-04-01,5.98,6.1,5.97,6.06,7672.49,4646.52
600702.SH,2003-04-02,6.06,6.06,5.99,6.02,3954.66,2378.72
600702.SH,2003-04-03,6.0,6.14,5.95,6.12,13629.34,8227.26
600702.SH,2003-04-04,6.11,6.12,6.04,6.1,4215.01,2566.24
600702.SH,2003-04-07,6.1,6.14,6.0,6.02,5812.97,3521.63
600702.SH,2003-04-08,6.02,6.26,5.86,6.18,27206.3,16617.8
600702.SH,2003-04-09,6.17,6.25,6.06,6.2,20468.68,12566.18
600702.SH,2003-04-10,6.2,6.22,6.1,6.2,8742.12,5381.08
600702.SH,2003-04-11,6.2,6.42,6.17,6.39,21208.97,13378.61
600702.SH,2003-04-14,6.39,6.47,6.31,6.43,21493.71,13784.82
600702.SH,2003-04-15,6.44,6.48,6.33,6.45,14377.4,9224.49
600702.SH,2003-04-16,6.45,6.45,6.18,6.2,19130.73,12075.1
600702.SH,2003-04-17,6.2,6.3,6.1,6.27,13537.84,8376.95
600702.SH,2003-04-18,6.28,6.58,6.27,6.45,32786.44,21179.95
600702.SH,2003-04-21,6.45,6.48,6.14,6.31,15255.07,9607.18
600702.SH,2003-04-22,6.29,6.6,6.2,6.59,26895.48,17398.94
600702.SH,2003-04-23,6.61,6.68,6.47,6.52,27339.24,17872.35
600702.SH,2003-04-24,6.49,6.5,6.19,6.25,16699.77,10528.88
600702.SH,2003-04-25,6.22,6.35,6.01,6.16,12923.93,7972.99
600702.SH,2003-04-28,6.06,6.15,5.9,6.11,11413.41,6895.14
600702.SH,2003-04-29,6.18,6.28,6.0,6.1,9097.78,5575.01
600702.SH,2003-04-30,6.08,6.11,5.99,6.07,6871.51,4152.15
600702.SH,2003-05-12,6.01,6.07,5.88,5.89,8202.8,4851.18
600702.SH,2003-05-13,5.87,5.87,5.58,5.61,12418.0,7014.52
600702.SH,2003-05-14,5.6,5.8,5.56,5.78,7041.32,4005.7
600702.SH,2003-05-15,5.78,5.9,5.69,5.88,10540.55,6118.57
600702.SH,2003-05-16,5.92,6.02,5.82,5.94,9087.91,5394.99
600702.SH,2003-05-19,5.98,6.01,5.86,5.94,6184.86,3659.16
600702.SH,2003-05-20,5.94,6.0,5.83,5.95,5751.09,3407.7
600702.SH,2003-05-21,5.95,5.98,5.89,5.95,2925.9,1735.07
600702.SH,2003-05-22,5.95,6.05,5.82,6.04,13209.71,7874.95
600702.SH,2003-05-23,6.05,6.1,6.0,6.02,10867.98,6552.27
600702.SH,2003-05-26,6.02,6.08,5.96,5.99,5499.41,3299.63
600702.SH,2003-05-27,6.0,6.05,5.94,6.0,4859.7,2900.14
600702.SH,2003-05-28,6.0,6.07,5.95,5.97,5773.6,3470.0
600702.SH,2003-05-29,5.92,6.0,5.92,6.0,5207.75,3103.75
600702.SH,2003-05-30,6.0,6.18,6.0,6.13,12032.65,7349.76
600702.SH,2003-06-02,6.19,6.34,6.17,6.28,19747.19,12378.91
600702.SH,2003-06-03,6.27,6.27,6.09,6.15,6797.75,4194.69
600702.SH,2003-06-04,6.15,6.24,6.05,6.16,6081.12,3731.89
600702.SH,2003-06-05,6.19,6.2,6.06,6.07,4448.59,2713.02
600702.SH,2003-06-06,6.03,6.07,5.94,5.97,6714.38,4024.33
600702.SH,2003-06-09,5.96,5.97,5.9,5.92,3143.4,1861.83
600702.SH,2003-06-10,5.92,5.98,5.9,5.95,2418.38,1436.45
600702.SH,2003-06-11,5.95,6.07,5.9,6.06,4354.42,2621.76
600702.SH,2003-06-12,6.04,6.08,6.0,6.03,2573.19,1549.56
600702.SH,2003-06-13,6.06,6.08,6.01,6.08,3038.59,1836.32
600702.SH,2003-06-16,6.05,6.15,6.03,6.14,5869.33,3584.5
600702.SH,2003-06-17,6.14,6.16,6.05,6.07,2206.07,1343.92
600702.SH,2003-06-19,6.1,6.14,5.96,6.07,8576.84,5170.54
600702.SH,2003-06-20,6.07,6.26,6.07,6.16,26751.99,16542.89
600702.SH,2003-06-23,6.2,6.28,6.15,6.22,20329.41,12658.6
600702.SH,2003-06-24,6.21,6.22,6.15,6.19,8929.34,5516.69
600702.SH,2003-06-25,6.2,6.49,6.19,6.3,36688.58,23284.64
600702.SH,2003-06-26,6.27,6.37,6.18,6.35,19902.23,12475.69
600702.SH,2003-06-27,6.3,6.33,6.18,6.19,9550.98,5969.27
600702.SH,2003-06-30,6.18,6.18,5.92,5.95,12565.6,7566.63
600702.SH,2003-07-01,5.95,6.05,5.92,5.92,7307.46,4377.08
600702.SH,2003-07-02,6.0,6.0,5.84,5.95,5316.92,3133.16
600702.SH,2003-07-03,5.96,6.07,5.91,5.98,4962.75,2975.56
600702.SH,2003-07-04,5.98,6.04,5.93,5.97,3374.11,2015.47
600702.SH,2003-07-07,5.95,5.95,5.85,5.88,5026.61,2957.0
600702.SH,2003-07-08,5.88,6.0,5.88,5.93,5843.89,3461.17
600702.SH,2003-07-09,5.93,5.98,5.87,5.89,4140.88,2454.56
600702.SH,2003-07-10,5.9,6.09,5.86,6.04,8973.16,5377.56
600702.SH,2003-07-11,6.04,6.06,5.96,6.02,4741.3,2850.42
600702.SH,2003-07-14,6.02,6.18,5.99,6.1,9289.06,5667.14
600702.SH,2003-07-15,6.1,6.19,6.08,6.13,7755.51,4758.63
600702.SH,2003-07-16,6.13,6.18,6.03,6.07,3798.84,2308.55
600702.SH,2003-07-17,6.05,6.24,6.03,6.2,17431.06,10736.63
600702.SH,2003-07-18,6.18,6.22,5.99,6.0,14238.99,8693.84
600702.SH,2003-07-21,5.98,5.99,5.82,5.9,8077.66,4746.66
600702.SH,2003-07-22,5.95,5.97,5.85,5.9,4696.38,2765.19
600702.SH,2003-07-23,5.91,5.96,5.87,5.94,3141.62,1858.66
600702.SH,2003-07-24,5.95,5.95,5.83,5.84,3580.55,2100.68
600702.SH,2003-07-25,5.84,5.88,5.7,5.74,6019.03,3471.27
600702.SH,2003-07-28,5.7,5.79,5.68,5.7,3225.96,1841.14
600702.SH,2003-07-29,5.79,5.84,5.74,5.79,2353.07,1361.59
600702.SH,2003-07-30,5.8,5.8,5.72,5.74,1779.76,1023.23
600702.SH,2003-07-31,5.74,5.8,5.68,5.7,2192.87,1252.17
600702.SH,2003-08-01,5.67,5.71,5.62,5.68,2964.77,1679.38
600702.SH,2003-08-04,5.66,5.78,5.66,5.77,2679.0,1537.45
600702.SH,2003-08-05,5.78,5.86,5.7,5.85,4748.93,2739.08
600702.SH,2003-08-06,5.85,5.9,5.79,5.85,3035.41,1773.08
600702.SH,2003-08-07,5.85,5.88,5.78,5.79,2992.69,1745.46
600702.SH,2003-08-08,5.75,5.78,5.66,5.69,4238.18,2416.79
600702.SH,2003-08-11,5.7,5.83,5.65,5.79,7954.47,4564.51
600702.SH,2003-08-12,5.82,5.86,5.78,5.81,7109.46,4129.81
600702.SH,2003-08-13,5.8,5.83,5.77,5.8,6731.17,3903.69
600702.SH,2003-08-14,5.75,5.85,5.74,5.81,7114.01,4132.76
600702.SH,2003-08-18,5.82,5.9,5.81,5.88,9740.93,5708.51
600702.SH,2003-08-19,5.88,5.9,5.83,5.84,5607.67,3283.07
600702.SH,2003-08-20,5.85,5.9,5.75,5.82,4860.45,2836.27
600702.SH,2003-08-21,5.8,5.9,5.8,5.88,5019.01,2929.8
600702.SH,2003-08-22,5.9,5.9,5.85,5.87,2129.75,1249.41
600702.SH,2003-08-25,5.86,5.94,5.85,5.93,7954.42,4696.03
600702.SH,2003-08-26,5.92,5.96,5.88,5.92,4305.89,2546.62
600702.SH,2003-08-27,5.91,5.92,5.8,5.84,4162.6,2438.23
600702.SH,2003-08-28,5.83,5.86,5.77,5.8,3703.65,2150.87
600702.SH,2003-08-29,5.75,5.79,5.7,5.78,2348.16,1348.16
600702.SH,2003-09-01,5.72,5.84,5.72,5.84,3142.52,1819.85
600702.SH,2003-09-02,5.84,5.85,5.78,5.81,3706.74,2157.23
600702.SH,2003-09-03,5.79,5.83,5.75,5.81,2863.11,1651.4
600702.SH,2003-09-04,5.85,5.98,5.81,5.86,7399.66,4352.91
600702.SH,2003-09-05,5.84,5.84,5.75,5.77,2800.26,1617.16
600702.SH,2003-09-08,5.75,5.77,5.68,5.7,2756.57,1573.16
600702.SH,2003-09-09,5.69,5.73,5.68,5.7,2014.4,1149.72
600702.SH,2003-09-10,5.73,5.73,5.69,5.7,2040.0,1163.5
600702.SH,2003-09-11,5.71,5.72,5.69,5.7,1570.22,895.85
600702.SH,2003-09-12,5.71,5.78,5.69,5.69,2339.97,1338.05
600702.SH,2003-09-15,5.69,5.69,5.58,5.6,4449.0,2501.01
600702.SH,2003-09-16,5.6,5.65,5.58,5.64,1916.1,1075.57
600702.SH,2003-09-17,5.61,5.64,5.56,5.58,2046.0,1143.52
600702.SH,2003-09-18,5.55,5.55,5.41,5.43,5663.66,3094.56
600702.SH,2003-09-19,5.48,5.48,5.36,5.47,2412.02,1308.91
600702.SH,2003-09-22,5.47,5.5,5.41,5.43,1407.0,766.14
600702.SH,2003-09-23,5.46,5.57,5.43,5.56,3056.23,1683.9
600702.SH,2003-09-24,5.56,5.99,5.5,5.83,17442.72,10152.34
600702.SH,2003-09-25,5.79,5.9,5.71,5.79,6932.78,4032.91
600702.SH,2003-09-26,5.8,5.82,5.74,5.78,4401.12,2545.05
600702.SH,2003-09-29,5.78,5.8,5.63,5.63,2794.0,1591.71
600702.SH,2003-09-30,5.65,5.75,5.65,5.7,1134.7,645.94
600702.SH,2003-10-08,5.73,5.97,5.73,5.91,16292.77,9611.07
600702.SH,2003-10-09,5.91,5.96,5.85,5.86,8462.69,5011.7
600702.SH,2003-10-10,5.89,5.97,5.79,5.95,10027.03,5916.16
600702.SH,2003-10-13,5.95,6.12,5.92,6.08,25260.85,15269.96
600702.SH,2003-10-14,6.08,6.48,6.02,6.3,90158.01,56710.73
600702.SH,2003-10-15,6.3,6.83,6.3,6.65,118914.77,77658.22
600702.SH,2003-10-16,6.65,6.8,6.5,6.59,60209.79,40108.09
600702.SH,2003-10-17,6.59,7.2,6.52,7.07,87298.69,60009.63
600702.SH,2003-10-20,7.08,7.32,6.98,7.1,99378.68,70935.07
600702.SH,2003-10-21,6.7,7.14,6.62,6.74,69948.67,47860.29
600702.SH,2003-10-22,6.73,7.0,6.65,6.86,65120.38,44394.33
600702.SH,2003-10-23,6.84,7.17,6.75,7.03,61533.23,43081.49
600702.SH,2003-10-24,7.0,7.06,6.37,6.4,69157.68,46393.65
600702.SH,2003-10-27,6.4,6.66,6.4,6.51,50044.64,32634.47
600702.SH,2003-10-28,6.49,6.56,6.23,6.4,38202.97,24247.27
600702.SH,2003-10-29,6.4,6.45,6.21,6.4,20470.52,12935.07
600702.SH,2003-10-30,6.38,6.45,6.15,6.38,17766.58,11239.8
600702.SH,2003-10-31,6.3,6.49,6.23,6.34,18278.42,11645.42
600702.SH,2003-11-03,6.32,6.53,6.27,6.5,18315.48,11829.02
600702.SH,2003-11-04,6.5,6.65,6.44,6.51,33403.14,21906.96
600702.SH,2003-11-05,6.5,6.51,6.25,6.34,22143.26,14017.69
600702.SH,2003-11-06,6.36,6.55,6.3,6.38,27920.58,18010.13
600702.SH,2003-11-07,6.3,6.3,5.74,5.74,55682.8,32762.23
600702.SH,2003-11-10,5.45,5.68,5.43,5.59,17904.24,9940.73
600702.SH,2003-11-11,5.6,5.64,5.26,5.41,22818.04,12373.45
600702.SH,2003-11-12,5.37,5.44,5.3,5.4,9502.63,5096.4
600702.SH,2003-11-13,5.4,5.65,5.4,5.53,18627.34,10343.73
600702.SH,2003-11-14,5.52,5.57,5.42,5.53,5996.45,3295.73
600702.SH,2003-11-17,5.48,5.54,5.44,5.46,5117.0,2800.5
600702.SH,2003-11-18,5.46,5.64,5.46,5.49,6132.26,3393.98
600702.SH,2003-11-19,5.49,5.64,5.49,5.58,6900.02,3844.81
600702.SH,2003-11-20,5.64,5.82,5.56,5.77,17070.16,9763.83
600702.SH,2003-11-21,5.75,5.78,5.54,5.56,14557.3,8216.15
600702.SH,2003-11-24,5.56,5.74,5.56,5.73,9611.12,5442.61
600702.SH,2003-11-25,5.7,5.88,5.65,5.79,17474.89,10100.0
600702.SH,2003-11-26,5.78,5.93,5.75,5.92,12532.41,7332.6
600702.SH,2003-11-27,5.95,6.02,5.7,5.71,10452.71,6090.76
600702.SH,2003-11-28,5.7,5.94,5.7,5.81,8213.72,4790.11
600702.SH,2003-12-01,5.82,5.9,5.81,5.89,7535.65,4405.94
600702.SH,2003-12-02,5.9,5.91,5.76,5.8,9183.97,5333.61
600702.SH,2003-12-03,5.78,5.78,5.66,5.72,11525.15,6565.21
600702.SH,2003-12-04,5.72,5.76,5.68,5.7,10197.82,5813.37
600702.SH,2003-12-05,5.7,5.85,5.68,5.83,9204.29,5324.52
600702.SH,2003-12-08,5.83,5.83,5.65,5.67,9276.75,5289.47
600702.SH,2003-12-09,5.68,5.68,5.58,5.65,10599.79,5953.31
600702.SH,2003-12-10,5.65,5.69,5.58,5.68,12536.89,7047.49
600702.SH,2003-12-11,5.7,5.99,5.61,5.93,37217.48,21865.64
600702.SH,2003-12-12,5.88,5.94,5.8,5.84,9763.53,5708.16
600702.SH,2003-12-15,5.9,5.95,5.77,5.86,9795.63,5694.75
600702.SH,2003-12-16,5.86,5.86,5.68,5.76,7771.17,4445.45
600702.SH,2003-12-17,5.78,5.78,5.69,5.69,8402.5,4816.62
600702.SH,2003-12-18,5.67,5.67,5.49,5.53,13077.99,7277.66
600702.SH,2003-12-19,5.5,5.55,5.28,5.33,15734.85,8457.92
600702.SH,2003-12-22,5.33,5.4,5.11,5.3,20014.35,10469.19
600702.SH,2003-12-23,5.32,5.47,5.31,5.41,12261.19,6602.04
600702.SH,2003-12-24,5.48,5.5,5.28,5.36,12282.72,6562.29
600702.SH,2003-12-25,5.35,5.37,5.28,5.33,10441.67,5544.83
600702.SH,2003-12-26,5.35,5.45,5.28,5.42,11666.31,6246.43
600702.SH,2003-12-29,5.43,5.66,5.36,5.51,21599.45,11950.29
600702.SH,2003-12-30,5.51,5.57,5.42,5.53,8244.01,4539.13
600702.SH,2004-01-02,5.9,6.02,5.56,5.68,23291.04,13447.03
600702.SH,2004-01-05,5.63,5.77,5.58,5.64,15703.64,8857.61
600702.SH,2004-01-06,5.61,5.64,5.37,5.44,17185.16,9404.3
600702.SH,2004-01-07,5.4,5.58,5.38,5.47,10896.41,5957.37
600702.SH,2004-01-08,5.57,5.62,5.46,5.56,13064.36,7205.31
600702.SH,2004-01-09,5.56,5.65,5.48,5.63,24034.5,13395.49
600702.SH,2004-01-12,5.58,5.64,5.48,5.54,11332.71,6273.73
600702.SH,2004-01-13,5.54,5.8,5.43,5.71,31040.06,17461.83
600702.SH,2004-01-14,5.68,5.73,5.6,5.68,14731.78,8348.19
600702.SH,2004-01-15,5.68,6.15,5.58,5.98,53196.39,31394.39
600702.SH,2004-01-16,5.97,6.36,5.92,6.28,69218.16,43045.92
600702.SH,2004-01-29,6.28,6.38,6.1,6.33,23711.83,14881.47
600702.SH,2004-01-30,6.25,6.3,6.07,6.09,25334.54,15608.39
600702.SH,2004-02-02,6.25,6.46,6.08,6.34,35078.06,22151.87
600702.SH,2004-02-03,6.35,6.49,6.25,6.34,24854.9,15813.61
600702.SH,2004-02-04,6.36,6.45,6.27,6.38,28071.75,17811.91
600702.SH,2004-02-05,6.41,6.64,6.32,6.56,36072.43,23401.27
600702.SH,2004-02-06,6.53,6.69,6.34,6.5,40156.0,26126.1
600702.SH,2004-02-09,6.5,6.78,6.38,6.71,38457.01,25290.13
600702.SH,2004-02-10,6.72,6.78,6.61,6.67,28861.01,19294.31
600702.SH,2004-02-11,6.65,6.97,6.64,6.9,49350.38,33747.79
600702.SH,2004-02-12,7.08,7.59,7.07,7.24,129148.22,94866.1
600702.SH,2004-02-13,7.2,7.24,6.88,6.91,48071.31,33799.09
600702.SH,2004-02-16,6.88,7.04,6.7,7.03,34552.16,23737.02
600702.SH,2004-02-17,7.03,7.1,6.91,7.05,26840.79,18825.73
600702.SH,2004-02-18,7.05,7.06,6.82,6.92,39317.87,27128.22
600702.SH,2004-02-19,6.92,7.19,6.88,6.93,28839.22,20302.47
600702.SH,2004-02-20,6.93,7.08,6.83,6.94,25722.67,17780.52
600702.SH,2004-02-23,6.92,6.92,6.6,6.62,36842.12,24876.28
600702.SH,2004-02-24,6.57,6.66,6.39,6.56,33912.07,22025.8
600702.SH,2004-02-25,6.55,6.88,6.5,6.87,46404.79,31010.82
600702.SH,2004-02-26,6.87,6.89,6.61,6.73,39185.96,26452.79
600702.SH,2004-02-27,6.73,6.9,6.65,6.85,22136.27,15087.76
600702.SH,2004-03-01,6.85,7.08,6.85,7.05,32058.74,22503.49
600702.SH,2004-03-02,7.06,7.08,6.89,7.04,22013.39,15343.58
600702.SH,2004-03-03,6.34,7.0,6.34,6.53,59640.23,39396.37
600702.SH,2004-03-04,6.44,6.47,6.28,6.39,38705.74,24582.16
600702.SH,2004-03-05,6.39,6.54,6.34,6.34,19638.81,12630.67
600702.SH,2004-03-08,6.3,6.31,6.12,6.14,17967.66,11119.4
600702.SH,2004-03-09,6.1,6.25,6.08,6.1,9508.34,5868.89
600702.SH,2004-03-10,6.1,6.25,6.1,6.24,10671.21,6591.81
600702.SH,2004-03-11,6.24,6.33,6.22,6.29,12818.29,8043.51
600702.SH,2004-03-12,6.28,6.3,6.19,6.25,11484.93,7150.0
600702.SH,2004-03-15,6.26,6.45,6.23,6.39,16174.33,10298.84
600702.SH,2004-03-16,6.39,6.44,6.32,6.41,11279.25,7188.36
600702.SH,2004-03-17,6.4,6.43,6.3,6.43,11035.44,7008.17
600702.SH,2004-03-18,6.42,6.43,6.2,6.22,12552.83,7924.1
600702.SH,2004-03-19,6.22,6.39,6.18,6.38,12913.81,8115.22
600702.SH,2004-03-22,6.39,6.45,6.3,6.43,12953.01,8287.81
600702.SH,2004-03-23,6.4,6.58,6.28,6.52,17820.11,11461.44
600702.SH,2004-03-24,6.52,6.62,6.45,6.51,17837.55,11676.56
600702.SH,2004-03-25,6.5,6.55,6.38,6.39,11924.19,7688.87
600702.SH,2004-03-26,6.23,6.47,6.22,6.37,8624.27,5487.38
600702.SH,2004-03-29,6.35,6.37,6.25,6.25,10925.14,6874.72
600702.SH,2004-03-30,6.22,6.3,6.12,6.23,14578.9,9039.25
600702.SH,2004-03-31,6.23,6.42,6.23,6.4,10081.82,6406.81
600702.SH,2004-04-01,6.4,6.45,6.35,6.42,12994.73,8323.11
600702.SH,2004-04-02,6.42,6.54,6.35,6.53,20672.85,13323.56
600702.SH,2004-04-05,6.48,6.59,6.48,6.57,17633.23,11543.31
600702.SH,2004-04-06,6.59,6.59,6.41,6.54,15727.21,10212.34
600702.SH,2004-04-07,6.53,6.55,6.44,6.46,14535.43,9419.51
600702.SH,2004-04-08,6.47,6.76,6.47,6.68,51593.67,34465.12
600702.SH,2004-04-09,6.68,6.73,6.4,6.43,26553.73,17462.73
600702.SH,2004-04-12,6.43,6.67,6.31,6.58,21659.84,14180.12
600702.SH,2004-04-13,6.75,7.24,6.75,7.24,51911.01,37251.63
600702.SH,2004-04-14,7.59,7.67,6.75,6.78,174385.33,124602.2
600702.SH,2004-04-15,6.7,6.72,6.1,6.17,70177.5,45241.67
600702.SH,2004-04-16,6.09,6.32,6.05,6.3,32353.59,20027.23
600702.SH,2004-04-19,6.28,6.28,5.9,5.96,33182.55,19987.07
600702.SH,2004-04-20,5.96,6.24,5.93,6.15,21226.19,13011.82
600702.SH,2004-04-21,6.15,6.25,5.98,6.04,18650.91,11345.32
600702.SH,2004-04-22,6.02,6.06,5.8,5.91,18479.31,10929.4
600702.SH,2004-04-23,5.91,5.93,5.76,5.77,11744.2,6851.85
600702.SH,2004-04-26,5.78,5.88,5.7,5.79,9226.11,5354.7
600702.SH,2004-04-27,5.83,5.89,5.7,5.78,9571.22,5553.27
600702.SH,2004-04-28,5.95,5.95,5.71,5.9,6891.27,4043.04
600702.SH,2004-04-29,5.88,5.92,5.8,5.85,6990.47,4092.07
600702.SH,2004-04-30,5.88,5.94,5.82,5.9,6350.09,3736.78
600702.SH,2004-05-10,5.81,5.96,5.7,5.71,5280.55,3039.25
600702.SH,2004-05-11,5.72,5.8,5.6,5.66,4408.5,2500.86
600702.SH,2004-05-12,5.66,5.86,5.52,5.85,8978.93,5137.37
600702.SH,2004-05-13,5.85,5.91,5.7,5.89,7155.38,4150.15
600702.SH,2004-05-14,5.88,6.08,5.86,6.03,20814.52,12420.35
600702.SH,2004-05-17,5.98,5.98,5.7,5.81,8267.96,4845.58
600702.SH,2004-05-18,5.76,5.93,5.72,5.9,5850.53,3404.7
600702.SH,2004-05-19,5.88,6.0,5.84,5.95,10097.79,5997.97
600702.SH,2004-05-20,5.99,5.99,5.82,5.83,4311.0,2537.35
600702.SH,2004-05-21,5.8,5.9,5.73,5.8,4003.54,2316.45
600702.SH,2004-05-24,5.8,5.81,5.65,5.65,6908.0,3935.98
600702.SH,2004-05-25,5.65,5.69,5.56,5.57,5297.0,2974.37
600702.SH,2004-05-26,5.59,5.69,5.52,5.65,3219.04,1805.34
600702.SH,2004-05-27,5.66,5.77,5.58,5.73,5527.73,3140.03
600702.SH,2004-05-28,5.7,5.85,5.7,5.7,4399.0,2536.87
600702.SH,2004-05-31,5.75,5.75,5.6,5.7,3694.37,2092.5
600702.SH,2004-06-01,5.72,5.81,5.67,5.8,5830.7,3350.76
600702.SH,2004-06-02,5.82,5.82,5.63,5.66,9288.0,5271.68
600702.SH,2004-06-03,5.65,5.77,5.6,5.69,6752.2,3838.25
600702.SH,2004-06-04,5.69,5.83,5.58,5.72,10185.72,5804.43
600702.SH,2004-06-08,5.63,5.63,5.35,5.39,14549.74,7930.64
600702.SH,2004-06-09,5.39,5.48,5.26,5.39,10754.58,5746.69
600702.SH,2004-06-10,5.38,5.38,5.21,5.25,7174.0,3800.51
600702.SH,2004-06-11,5.3,5.36,5.25,5.26,4467.22,2370.79
600702.SH,2004-06-14,5.3,5.3,5.01,5.05,10549.65,5391.37
600702.SH,2004-06-15,5.01,5.16,5.0,5.15,6365.38,3230.46
600702.SH,2004-06-16,5.15,5.25,5.08,5.11,7139.97,3679.38
600702.SH,2004-06-17,5.11,5.16,5.05,5.06,3791.81,1930.37
600702.SH,2004-06-18,5.1,5.1,5.01,5.09,5434.02,2744.13
600702.SH,2004-06-21,5.07,5.16,5.05,5.11,5334.33,2727.3
600702.SH,2004-06-22,5.12,5.18,5.08,5.15,4293.41,2207.98
600702.SH,2004-06-23,5.16,5.16,5.06,5.12,2595.5,1320.85
600702.SH,2004-06-24,5.11,5.13,5.02,5.04,6942.0,3515.46
600702.SH,2004-06-25,5.04,5.1,5.0,5.0,5175.39,2603.27
600702.SH,2004-06-28,4.96,4.99,4.85,4.94,6033.9,2974.02
600702.SH,2004-06-29,4.9,5.0,4.87,4.96,5890.2,2900.6
600702.SH,2004-06-30,4.94,5.0,4.9,4.91,2918.74,1445.15
600702.SH,2004-07-01,4.95,5.05,4.88,5.04,7979.47,3976.08
600702.SH,2004-07-02,5.04,5.05,4.96,5.01,4586.34,2296.37
600702.SH,2004-07-05,5.01,5.06,4.96,5.05,4908.25,2456.41
600702.SH,2004-07-06,5.05,5.13,5.02,5.08,8018.71,4075.61
600702.SH,2004-07-07,5.07,5.07,4.99,5.06,5411.24,2714.12
600702.SH,2004-07-08,5.05,5.09,5.01,5.08,3498.03,1766.01
600702.SH,2004-07-09,5.1,5.15,4.98,4.99,9845.35,4978.8
600702.SH,2004-07-12,4.95,4.98,4.87,4.89,4876.48,2395.18
600702.SH,2004-07-13,4.89,4.94,4.88,4.91,2285.22,1119.8
600702.SH,2004-07-14,4.89,4.94,4.7,4.76,6041.03,2916.36
600702.SH,2004-07-15,4.79,4.85,4.7,4.81,5144.48,2458.79
600702.SH,2004-07-16,4.81,4.94,4.78,4.92,8211.74,4009.54
600702.SH,2004-07-19,4.9,5.04,4.86,5.01,8036.15,3981.67
600702.SH,2004-07-20,4.99,5.01,4.94,4.98,4520.33,2247.01
600702.SH,2004-07-21,5.11,5.15,4.94,5.04,15392.48,7723.4
600702.SH,2004-07-22,5.05,5.05,4.86,4.87,4869.57,2398.89
600702.SH,2004-07-23,4.81,4.94,4.81,4.87,3007.29,1459.35
600702.SH,2004-07-26,4.84,4.9,4.71,4.77,4904.75,2355.75
600702.SH,2004-07-27,4.8,4.83,4.74,4.78,3387.24,1618.51
600702.SH,2004-07-28,4.81,4.82,4.72,4.8,3207.03,1528.55
600702.SH,2004-07-29,4.8,4.85,4.77,4.84,4879.3,2345.49
600702.SH,2004-07-30,4.87,4.87,4.78,4.81,3409.34,1644.7
600702.SH,2004-08-02,4.81,4.81,4.71,4.76,3611.5,1710.18
600702.SH,2004-08-03,4.75,4.77,4.71,4.74,3484.68,1651.37
600702.SH,2004-08-04,4.73,4.89,4.73,4.87,9858.66,4747.56
600702.SH,2004-08-05,4.88,4.88,4.8,4.83,6113.95,2960.12
600702.SH,2004-08-06,4.83,4.84,4.78,4.8,2743.4,1318.69
600702.SH,2004-08-09,4.8,4.82,4.76,4.82,2935.48,1408.97
600702.SH,2004-08-10,4.82,4.88,4.81,4.87,4074.19,1976.29
600702.SH,2004-08-11,4.85,4.86,4.81,4.85,2956.7,1427.22
600702.SH,2004-08-12,4.78,4.8,4.71,4.76,5754.3,2731.58
600702.SH,2004-08-13,4.8,4.8,4.72,4.74,2922.09,1388.78
600702.SH,2004-08-16,4.74,4.78,4.32,4.36,16276.36,7257.5
600702.SH,2004-08-17,4.35,4.4,4.25,4.32,6893.35,2977.44
600702.SH,2004-08-18,4.33,4.36,4.27,4.27,5339.77,2305.47
600702.SH,2004-08-19,4.32,4.32,4.09,4.13,7901.5,3296.15
600702.SH,2004-08-20,4.12,4.2,4.0,4.15,8976.09,3656.7
600702.SH,2004-08-23,4.13,4.16,4.07,4.14,3705.77,1527.07
600702.SH,2004-08-24,4.14,4.3,4.1,4.26,12028.53,5065.25
600702.SH,2004-08-25,4.26,4.27,4.15,4.21,3834.15,1616.27
600702.SH,2004-08-26,4.22,4.22,4.14,4.16,3398.62,1420.53
600702.SH,2004-08-27,4.18,4.22,4.15,4.2,5415.3,2260.75
600702.SH,2004-08-30,4.18,4.2,4.13,4.19,3513.27,1462.34
600702.SH,2004-08-31,4.22,4.35,4.2,4.24,11084.33,4713.47
600702.SH,2004-09-01,4.25,4.25,4.18,4.25,4588.15,1932.6
600702.SH,2004-09-02,4.25,4.31,4.2,4.3,5307.89,2263.78
600702.SH,2004-09-03,4.32,4.39,4.27,4.31,11814.3,5112.26
600702.SH,2004-09-06,4.28,4.38,4.2,4.36,5475.49,2348.78
600702.SH,2004-09-07,4.4,4.47,4.36,4.4,22246.71,9791.92
600702.SH,2004-09-08,4.37,4.39,4.3,4.34,5587.88,2426.27
600702.SH,2004-09-09,4.3,4.3,4.15,4.2,4865.47,2055.8
600702.SH,2004-09-10,4.12,4.19,4.12,4.18,2472.23,1029.21
600702.SH,2004-09-13,4.18,4.2,4.08,4.09,3838.0,1580.71
600702.SH,2004-09-14,4.14,4.25,4.14,4.23,7085.8,2986.85
600702.SH,2004-09-15,4.26,4.55,4.24,4.44,19469.88,8610.17
600702.SH,2004-09-16,4.46,4.49,4.38,4.48,15637.09,6948.28
600702.SH,2004-09-17,4.48,4.75,4.42,4.72,39278.81,18058.8
600702.SH,2004-09-20,4.76,4.96,4.75,4.95,47001.85,22675.89
600702.SH,2004-09-21,4.95,4.95,4.75,4.82,28157.71,13621.78
600702.SH,2004-09-22,4.78,4.81,4.64,4.73,23489.68,11087.45
600702.SH,2004-09-23,4.7,4.81,4.65,4.8,12975.34,6130.12
600702.SH,2004-09-24,4.82,4.95,4.61,4.62,31292.66,15069.4
600702.SH,2004-09-27,4.66,4.7,4.45,4.49,11244.13,5166.19
600702.SH,2004-09-28,4.49,4.65,4.46,4.57,8447.48,3838.3
600702.SH,2004-09-29,4.6,4.6,4.47,4.5,5066.97,2283.28
600702.SH,2004-09-30,4.48,4.51,4.33,4.36,7019.0,3101.39
600702.SH,2004-10-08,4.39,4.46,4.25,4.45,4036.39,1756.96
600702.SH,2004-10-11,4.45,4.56,4.34,4.56,12862.46,5760.76
600702.SH,2004-10-12,4.6,4.89,4.6,4.68,48647.9,23014.09
600702.SH,2004-10-13,4.68,4.7,4.58,4.65,12056.53,5579.48
600702.SH,2004-10-14,4.65,4.65,4.3,4.33,9736.0,4353.59
600702.SH,2004-10-15,4.3,4.45,4.22,4.31,7404.42,3210.96
600702.SH,2004-10-18,4.31,4.38,4.25,4.3,3762.64,1619.46
600702.SH,2004-10-19,4.3,4.4,4.3,4.31,5031.66,2185.93
600702.SH,2004-10-20,4.31,4.31,4.05,4.15,9047.85,3715.41
600702.SH,2004-10-21,4.13,4.14,3.86,3.91,15792.34,6314.06
600702.SH,2004-10-22,3.9,3.96,3.81,3.92,8167.57,3163.27
600702.SH,2004-10-25,3.92,4.03,3.9,3.92,5664.19,2232.47
600702.SH,2004-10-26,3.95,3.99,3.82,3.98,8133.06,3160.83
600702.SH,2004-10-27,4.0,4.08,3.92,4.07,8298.42,3315.63
600702.SH,2004-10-28,4.09,4.14,4.0,4.06,9057.97,3689.96
600702.SH,2004-10-29,3.9,4.0,3.85,3.94,5187.4,2049.99
600702.SH,2004-11-01,3.9,4.0,3.9,3.96,3510.83,1390.56
600702.SH,2004-11-02,3.93,3.98,3.91,3.92,2573.14,1013.85
600702.SH,2004-11-03,4.0,4.14,3.93,4.08,7598.06,3064.45
600702.SH,2004-11-04,4.12,4.12,3.95,3.97,6752.27,2731.06
600702.SH,2004-11-05,3.97,4.05,3.97,4.04,5541.57,2223.88
600702.SH,2004-11-08,4.04,4.04,3.97,4.03,2486.23,994.42
600702.SH,2004-11-09,4.0,4.13,3.98,4.12,6956.11,2834.31
600702.SH,2004-11-10,4.12,4.28,4.08,4.26,22349.77,9377.76
600702.SH,2004-11-11,4.37,4.49,4.28,4.28,54968.0,24153.14
600702.SH,2004-11-12,4.3,4.4,4.18,4.25,12973.88,5517.33
600702.SH,2004-11-15,4.25,4.33,4.25,4.27,5643.91,2411.38
600702.SH,2004-11-16,4.27,4.3,4.18,4.24,7098.11,2989.83
600702.SH,2004-11-17,4.23,4.24,4.13,4.14,5673.05,2358.05
600702.SH,2004-11-18,4.11,4.22,4.11,4.2,4984.48,2083.42
600702.SH,2004-11-19,4.2,4.3,4.2,4.27,8719.6,3720.95
600702.SH,2004-11-22,4.3,4.34,4.22,4.34,9636.33,4124.03
600702.SH,2004-11-23,4.34,4.34,4.24,4.25,4962.5,2118.44
600702.SH,2004-11-24,4.25,4.31,4.18,4.18,6565.0,2782.12
600702.SH,2004-11-25,4.18,4.25,4.13,4.19,4814.73,2023.9
600702.SH,2004-11-26,4.32,4.32,4.2,4.24,3361.05,1423.91
600702.SH,2004-11-29,4.24,4.25,4.06,4.09,4120.0,1716.13
600702.SH,2004-11-30,4.14,4.14,4.06,4.11,3555.64,1458.36
600702.SH,2004-12-01,4.13,4.13,4.09,4.11,3065.39,1258.24
600702.SH,2004-12-02,4.13,4.2,4.08,4.17,5330.6,2218.47
600702.SH,2004-12-03,4.18,4.29,4.15,4.27,12421.55,5254.69
600702.SH,2004-12-06,4.27,4.3,4.23,4.29,7852.91,3354.96
600702.SH,2004-12-07,4.27,4.3,4.16,4.22,8289.6,3491.88
600702.SH,2004-12-08,4.3,4.36,4.24,4.3,21404.87,9209.47
600702.SH,2004-12-09,4.3,4.3,4.2,4.25,8206.6,3495.37
600702.SH,2004-12-10,4.22,4.27,4.13,4.13,7804.01,3258.5
600702.SH,2004-12-13,4.09,4.18,4.05,4.09,3747.2,1530.8
600702.SH,2004-12-14,4.1,4.1,4.06,4.08,3378.78,1378.78
600702.SH,2004-12-15,4.1,4.15,4.07,4.12,6204.69,2541.62
600702.SH,2004-12-16,4.1,4.12,4.07,4.09,3357.69,1371.89
600702.SH,2004-12-17,4.08,4.14,4.03,4.08,3117.88,1271.28
600702.SH,2004-12-20,4.06,4.07,3.94,3.99,3213.45,1282.5
600702.SH,2004-12-21,3.98,4.05,3.98,4.0,1788.97,717.07
600702.SH,2004-12-22,4.0,4.1,3.98,4.1,3594.13,1459.39
600702.SH,2004-12-23,4.11,4.11,4.04,4.06,2363.2,960.88
600702.SH,2004-12-24,4.0,4.08,4.0,4.03,2074.0,837.52
600702.SH,2004-12-27,4.02,4.08,3.97,3.99,2157.71,863.58
600702.SH,2004-12-28,4.01,4.04,3.96,3.97,2330.0,926.79
600702.SH,2004-12-29,4.02,4.02,3.93,3.94,2839.0,1123.41
600702.SH,2004-12-30,3.94,3.94,3.87,3.9,3614.35,1407.49
600702.SH,2005-01-04,3.81,3.86,3.78,3.81,3340.87,1270.3
600702.SH,2005-01-05,3.85,3.92,3.81,3.88,2369.32,915.8
600702.SH,2005-01-06,3.88,3.9,3.83,3.83,1674.73,644.01
600702.SH,2005-01-07,3.82,3.9,3.82,3.88,2146.05,830.81
600702.SH,2005-01-10,3.86,3.94,3.84,3.93,2293.97,896.13
600702.SH,2005-01-11,3.98,3.99,3.93,3.99,4889.81,1934.05
600702.SH,2005-01-12,3.97,4.0,3.95,3.96,3273.44,1299.14
600702.SH,2005-01-13,3.93,3.98,3.91,3.96,3491.78,1376.17
600702.SH,2005-01-14,3.91,3.99,3.91,3.93,2818.0,1114.11
600702.SH,2005-01-17,3.91,3.91,3.8,3.86,3657.75,1411.26
600702.SH,2005-01-18,3.88,3.98,3.8,3.95,5552.74,2150.9
600702.SH,2005-01-19,3.93,3.94,3.88,3.94,3110.36,1217.06
600702.SH,2005-01-20,3.9,3.92,3.84,3.85,3087.69,1193.84
600702.SH,2005-01-21,3.85,3.93,3.8,3.92,2661.73,1032.16
600702.SH,2005-01-24,4.01,4.09,3.94,4.0,5730.44,2279.29
600702.SH,2005-01-25,3.99,3.99,3.92,3.96,2823.17,1114.52
600702.SH,2005-01-26,3.93,3.96,3.91,3.91,2250.68,883.6
600702.SH,2005-01-27,3.87,3.91,3.85,3.86,2329.0,902.44
600702.SH,2005-01-28,3.83,3.88,3.75,3.77,5255.0,1996.22
600702.SH,2005-01-31,3.74,3.77,3.56,3.56,5788.0,2102.84
600702.SH,2005-02-01,3.69,3.7,3.56,3.62,7102.66,2567.34
600702.SH,2005-02-02,3.65,3.83,3.64,3.82,10054.45,3757.13
600702.SH,2005-02-03,3.81,3.85,3.69,3.7,6973.0,2619.12
600702.SH,2005-02-04,3.65,3.79,3.64,3.79,4648.21,1732.93
600702.SH,2005-02-16,3.79,3.83,3.77,3.81,5028.66,1911.85
600702.SH,2005-02-17,3.78,3.84,3.77,3.81,2874.23,1090.45
600702.SH,2005-02-18,3.81,3.83,3.75,3.75,2035.4,769.96
600702.SH,2005-02-21,3.75,3.87,3.74,3.82,4840.93,1847.17
600702.SH,2005-02-22,3.82,3.91,3.8,3.9,8926.24,3459.09
600702.SH,2005-02-23,3.88,3.94,3.86,3.92,7844.01,3062.83
600702.SH,2005-02-24,3.9,3.93,3.88,3.92,6140.1,2394.54
600702.SH,2005-02-25,3.92,3.99,3.91,3.94,10348.68,4087.77
600702.SH,2005-02-28,3.94,3.95,3.86,3.88,5275.9,2056.87
600702.SH,2005-03-01,3.89,3.92,3.84,3.9,4862.32,1887.03
600702.SH,2005-03-02,3.9,3.94,3.83,3.86,4834.67,1877.35
600702.SH,2005-03-03,3.83,3.86,3.78,3.84,5913.02,2253.51
600702.SH,2005-03-04,3.84,3.85,3.77,3.78,5287.9,2008.96
600702.SH,2005-03-07,3.78,3.93,3.78,3.9,12817.93,4969.63
600702.SH,2005-03-08,3.87,3.92,3.85,3.91,8231.15,3203.49
600702.SH,2005-03-09,3.91,3.94,3.88,3.92,6743.46,2637.4
600702.SH,2005-03-10,3.92,3.97,3.8,3.82,12071.46,4719.11
600702.SH,2005-03-11,3.82,3.85,3.77,3.83,5346.91,2035.73
600702.SH,2005-03-14,3.8,3.85,3.72,3.77,6927.36,2625.03
600702.SH,2005-03-15,3.75,3.77,3.66,3.69,6828.16,2535.18
600702.SH,2005-03-16,3.68,3.83,3.66,3.8,12481.92,4709.29
600702.SH,2005-03-17,3.8,3.81,3.68,3.72,8810.86,3287.34
600702.SH,2005-03-18,3.69,3.74,3.66,3.69,5082.57,1878.9
600702.SH,2005-03-21,3.69,3.75,3.66,3.7,3074.78,1133.19
600702.SH,2005-03-22,3.66,3.69,3.55,3.56,5405.24,1939.89
600702.SH,2005-03-23,3.52,3.68,3.49,3.57,5342.3,1912.81
600702.SH,2005-03-24,3.59,3.66,3.56,3.65,5131.25,1855.52
600702.SH,2005-03-25,3.65,3.69,3.58,3.65,5740.21,2089.43
600702.SH,2005-03-28,3.65,3.67,3.54,3.59,3767.0,1356.02
600702.SH,2005-03-29,3.64,3.66,3.59,3.6,5064.18,1836.19
600702.SH,2005-03-30,3.55,3.63,3.42,3.45,4122.49,1443.21
600702.SH,2005-03-31,3.45,3.47,3.33,3.39,5549.5,1870.14
600702.SH,2005-04-01,3.38,3.53,3.32,3.51,8218.24,2811.64
600702.SH,2005-04-04,3.42,3.5,3.4,3.44,6026.73,2075.4
600702.SH,2005-04-05,3.44,3.47,3.39,3.41,3836.65,1314.99
600702.SH,2005-04-06,3.39,3.48,3.37,3.44,3815.31,1304.14
600702.SH,2005-04-07,3.55,3.57,3.48,3.52,12511.5,4418.54
600702.SH,2005-04-08,3.5,3.6,3.45,3.58,8134.44,2878.15
600702.SH,2005-04-11,3.67,3.67,3.5,3.55,6520.65,2334.75
600702.SH,2005-04-12,3.53,3.55,3.47,3.5,5859.0,2050.92
600702.SH,2005-04-13,3.5,3.6,3.5,3.59,11705.85,4175.47
600702.SH,2005-04-14,3.59,3.64,3.52,3.52,7589.0,2717.3
600702.SH,2005-04-15,3.48,3.48,3.33,3.39,8884.64,3033.63
600702.SH,2005-04-18,3.39,3.43,3.34,3.36,2069.38,695.64
600702.SH,2005-04-19,3.36,3.41,3.3,3.37,4544.5,1521.21
600702.SH,2005-04-20,3.37,3.37,3.27,3.29,6581.6,2174.64
600702.SH,2005-04-21,3.29,3.32,3.16,3.25,8251.46,2660.3
600702.SH,2005-04-22,3.25,3.33,3.21,3.26,8496.52,2758.06
600702.SH,2005-04-25,3.26,3.35,3.11,3.33,10320.43,3391.84
600702.SH,2005-04-26,3.37,3.52,3.34,3.5,37122.66,12810.08
600702.SH,2005-04-27,3.49,3.52,3.41,3.43,16374.24,5657.7
600702.SH,2005-04-28,3.42,3.6,3.33,3.57,22247.38,7792.44
600702.SH,2005-04-29,3.65,3.76,3.6,3.6,46042.75,16960.88
600702.SH,2005-05-09,3.62,3.64,3.45,3.47,11440.15,4040.95
600702.SH,2005-05-10,3.43,3.47,3.12,3.39,15690.89,5171.29
600702.SH,2005-05-11,3.31,3.38,3.26,3.32,6779.38,2254.89
600702.SH,2005-05-12,3.28,3.45,3.28,3.38,7723.0,2603.66
600702.SH,2005-05-13,3.35,3.45,3.33,3.39,6186.19,2092.64
600702.SH,2005-05-16,3.36,3.38,3.31,3.35,5364.77,1794.14
600702.SH,2005-05-17,3.35,3.49,3.31,3.44,11789.43,4046.13
600702.SH,2005-05-18,3.5,3.55,3.44,3.49,12493.8,4356.57
600702.SH,2005-05-19,3.49,3.52,3.4,3.47,7794.55,2698.89
600702.SH,2005-05-20,3.48,3.56,3.45,3.52,12297.58,4325.37
600702.SH,2005-05-23,3.5,3.5,3.33,3.33,7597.88,2590.21
600702.SH,2005-05-24,3.29,3.46,3.29,3.46,3744.66,1272.58
600702.SH,2005-05-25,3.45,3.5,3.42,3.43,5128.7,1776.5
600702.SH,2005-05-26,3.41,3.46,3.35,3.4,4024.0,1363.34
600702.SH,2005-05-27,3.35,3.43,3.28,3.33,6045.35,2019.67
600702.SH,2005-05-30,3.34,3.41,3.28,3.4,5336.14,1790.08
600702.SH,2005-05-31,3.42,3.45,3.38,3.4,4969.93,1693.13
600702.SH,2005-06-01,3.35,3.39,3.3,3.32,3795.99,1263.14
600702.SH,2005-06-02,3.3,3.38,3.3,3.34,4048.6,1349.39
600702.SH,2005-06-03,3.36,3.36,3.26,3.28,6874.48,2271.05
600702.SH,2005-06-06,3.28,3.3,3.18,3.3,7158.04,2309.86
600702.SH,2005-06-07,3.33,3.38,3.29,3.31,7781.99,2599.67
600702.SH,2005-06-08,3.31,3.55,3.31,3.52,25500.61,8815.22
600702.SH,2005-06-09,3.49,3.75,3.45,3.65,44756.93,16206.04
600702.SH,2005-06-10,3.63,3.65,3.48,3.53,21192.64,7519.16
600702.SH,2005-06-13,3.51,3.6,3.49,3.58,9142.31,3244.93
600702.SH,2005-06-14,3.57,3.63,3.47,3.5,9528.08,3395.75
600702.SH,2005-06-15,3.47,3.48,3.33,3.37,11491.36,3917.73
600702.SH,2005-06-17,3.49,3.65,3.41,3.5,27713.03,9841.07
600702.SH,2005-06-20,3.52,3.61,3.42,3.6,18683.67,6644.79
600702.SH,2005-06-21,3.58,3.75,3.54,3.66,44937.97,16558.63
600702.SH,2005-06-22,3.65,3.73,3.61,3.67,22502.05,8252.75
600702.SH,2005-06-23,3.67,3.7,3.59,3.63,14633.02,5304.41
600702.SH,2005-06-24,3.6,3.64,3.57,3.64,6251.33,2255.99
600702.SH,2005-06-27,3.63,3.75,3.63,3.73,32648.22,12100.63
600702.SH,2005-06-28,3.7,3.7,3.65,3.67,13881.43,5098.91
600702.SH,2005-06-29,3.67,3.7,3.56,3.56,8616.33,3116.16
600702.SH,2005-06-30,3.55,3.66,3.53,3.58,18172.73,6547.81
600702.SH,2005-07-01,3.55,3.57,3.39,3.4,17308.31,6018.37
600702.SH,2005-07-04,3.38,3.38,3.19,3.33,10829.2,3545.94
600702.SH,2005-07-05,3.32,3.33,3.23,3.26,6817.09,2234.06
600702.SH,2005-07-06,3.3,3.32,3.24,3.28,7118.36,2333.05
600702.SH,2005-07-07,3.29,3.33,3.25,3.29,4787.64,1573.1
600702.SH,2005-07-08,3.28,3.28,3.18,3.2,6975.23,2238.23
600702.SH,2005-07-11,3.25,3.31,3.14,3.17,9193.85,2970.48
600702.SH,2005-07-12,3.15,3.35,3.14,3.31,10251.2,3348.51
600702.SH,2005-07-13,3.28,3.35,3.26,3.31,6293.07,2084.67
600702.SH,2005-07-14,3.28,3.34,3.22,3.24,7041.39,2302.43
600702.SH,2005-07-15,3.28,3.28,3.17,3.21,5514.02,1770.15
600702.SH,2005-07-18,3.16,3.2,3.13,3.13,5814.55,1842.23
600702.SH,2005-07-19,3.13,3.18,3.11,3.18,4567.0,1435.05
600702.SH,2005-07-20,3.17,3.27,3.15,3.22,6088.77,1957.47
600702.SH,2005-07-21,3.2,3.24,3.16,3.2,3626.3,1159.93
600702.SH,2005-07-22,3.23,3.32,3.2,3.26,11836.59,3878.01
600702.SH,2005-07-25,3.26,3.31,3.25,3.28,4525.27,1483.32
600702.SH,2005-07-26,3.29,3.34,3.27,3.32,10021.38,3327.08
600702.SH,2005-07-27,3.3,3.35,3.26,3.34,10718.24,3543.35
600702.SH,2005-07-28,3.33,3.39,3.31,3.33,13437.18,4497.37
600702.SH,2005-07-29,3.33,3.34,3.2,3.25,12417.92,4061.91
600702.SH,2005-08-01,3.23,3.35,3.23,3.32,7822.13,2585.59
600702.SH,2005-08-02,3.33,3.39,3.3,3.38,12334.06,4128.27
600702.SH,2005-08-03,3.4,3.45,3.35,3.38,18089.79,6156.32
600702.SH,2005-08-04,3.35,3.41,3.35,3.37,10266.52,3470.35
600702.SH,2005-08-05,3.4,3.44,3.36,3.44,14284.67,4876.44
600702.SH,2005-08-08,3.45,3.49,3.41,3.47,12800.39,4420.38
600702.SH,2005-08-09,3.45,3.48,3.41,3.48,14505.45,5001.61
600702.SH,2005-08-10,3.47,3.57,3.43,3.56,23061.81,8058.28
600702.SH,2005-08-11,3.56,3.58,3.49,3.56,20676.99,7303.65
600702.SH,2005-08-12,3.56,3.59,3.44,3.48,20404.55,7187.95
600702.SH,2005-08-15,3.47,3.55,3.45,3.54,13995.45,4898.85
600702.SH,2005-08-16,3.52,3.57,3.48,3.53,14100.13,4968.4
600702.SH,2005-08-17,3.5,3.61,3.45,3.6,18967.02,6713.67
600702.SH,2005-08-18,3.7,3.88,3.56,3.59,71167.82,26747.29
600702.SH,2005-08-19,3.48,3.61,3.45,3.53,21925.0,7773.57
600702.SH,2005-08-22,3.53,3.58,3.48,3.57,9830.74,3485.65
600702.SH,2005-08-23,3.57,3.57,3.47,3.51,10997.8,3855.95
600702.SH,2005-08-24,3.5,3.55,3.47,3.51,10634.62,3730.57
600702.SH,2005-08-25,3.52,3.55,3.49,3.55,9301.77,3279.63
600702.SH,2005-08-26,3.56,3.58,3.5,3.57,12274.59,4344.81
600702.SH,2005-08-29,3.58,3.6,3.54,3.56,11698.71,4169.49
600702.SH,2005-08-30,3.55,3.67,3.52,3.56,14498.86,5222.02
600702.SH,2005-08-31,3.54,3.64,3.53,3.63,12115.67,4341.47
600702.SH,2005-09-01,3.63,3.69,3.6,3.69,18030.25,6608.85
600702.SH,2005-09-02,3.7,3.73,3.67,3.71,16457.46,6085.09
600702.SH,2005-09-05,3.74,3.74,3.65,3.71,11480.06,4245.49
600702.SH,2005-09-06,3.7,3.71,3.58,3.61,18225.83,6655.61
600702.SH,2005-09-07,3.6,3.87,3.59,3.85,53940.46,20378.29
600702.SH,2005-09-08,4.05,4.15,3.91,3.99,164973.45,67129.34
600702.SH,2005-09-09,3.98,4.03,3.92,3.93,27302.04,10807.91
600702.SH,2005-09-12,3.93,3.98,3.89,3.95,17550.58,6905.98
600702.SH,2005-09-13,3.93,4.1,3.93,4.07,27523.04,11119.6
600702.SH,2005-09-14,4.1,4.12,4.01,4.06,21153.22,8545.7
600702.SH,2005-09-15,4.05,4.09,3.96,4.01,16956.77,6771.38
600702.SH,2005-09-16,4.01,4.02,3.95,3.99,13189.7,5238.23
600702.SH,2005-09-19,3.99,4.12,3.96,4.09,32552.75,13253.84
600702.SH,2005-09-20,4.1,4.13,3.99,4.02,24404.59,9852.56
600702.SH,2005-09-21,4.0,4.0,3.87,3.9,20249.67,7930.34
600702.SH,2005-09-22,3.9,3.9,3.65,3.7,21202.74,8004.5
600702.SH,2005-09-23,3.7,3.73,3.59,3.6,22461.77,8167.66
600702.SH,2005-09-26,3.6,3.69,3.6,3.67,9919.76,3610.59
600702.SH,2005-09-27,3.65,3.66,3.54,3.55,10626.91,3812.65
600702.SH,2005-09-28,3.56,3.63,3.56,3.58,7631.51,2748.34
600702.SH,2005-09-29,3.6,3.73,3.58,3.69,16389.72,6035.49
600702.SH,2005-09-30,3.66,3.72,3.66,3.66,6662.46,2449.2
600702.SH,2005-10-10,3.7,3.85,3.59,3.66,10962.17,4056.16
600702.SH,2005-10-11,3.65,3.85,3.61,3.84,22851.72,8609.95
600702.SH,2005-10-12,3.83,3.96,3.76,3.9,32909.67,12775.25
600702.SH,2005-10-13,3.88,3.88,3.77,3.79,13190.56,5023.48
600702.SH,2005-10-14,3.75,3.84,3.72,3.73,8595.0,3242.61
600702.SH,2005-10-17,3.75,3.78,3.68,3.78,6934.86,2588.48
600702.SH,2005-10-18,3.78,3.95,3.75,3.87,19300.68,7470.15
600702.SH,2005-10-19,3.89,3.92,3.79,3.8,11939.91,4615.29
600702.SH,2005-10-20,3.77,3.82,3.67,3.75,10500.58,3931.19
600702.SH,2005-10-21,3.76,3.82,3.74,3.79,8303.7,3136.33
600702.SH,2005-10-24,3.76,3.88,3.71,3.87,13535.05,5162.04
600702.SH,2005-10-25,3.85,3.86,3.73,3.75,10254.64,3888.24
600702.SH,2005-10-26,3.72,3.79,3.68,3.71,15188.96,5654.67
600702.SH,2005-10-27,3.71,3.73,3.57,3.66,13675.32,5003.38
600702.SH,2005-10-28,3.66,3.66,3.48,3.6,18273.03,6517.36
600702.SH,2005-10-31,3.52,3.69,3.5,3.67,12760.5,4553.17
600702.SH,2005-11-01,3.71,3.85,3.6,3.84,28532.22,10616.04
600702.SH,2005-11-02,3.84,3.89,3.8,3.88,23577.94,9085.33
600702.SH,2005-11-03,3.88,3.92,3.82,3.91,22089.3,8593.12
600702.SH,2005-11-04,3.99,4.0,3.88,3.96,25196.28,9917.27
600702.SH,2005-11-07,3.9,4.01,3.83,4.01,24402.1,9649.77
600702.SH,2005-11-08,4.0,4.03,3.94,4.01,16211.88,6479.9
600702.SH,2005-11-09,3.97,4.02,3.88,3.88,9738.11,3830.74
600702.SH,2005-11-10,3.86,3.86,3.7,3.73,14080.78,5304.37
600702.SH,2005-11-11,3.75,3.97,3.71,3.95,17160.44,6635.48
600702.SH,2005-11-14,3.95,4.0,3.86,4.0,17477.02,6906.03
600702.SH,2005-11-15,3.99,4.13,3.94,4.08,60039.72,24443.43
600702.SH,2005-11-16,4.1,4.13,4.02,4.07,38358.64,15730.92
600702.SH,2005-11-17,4.08,4.15,4.04,4.15,22961.6,9455.12
600702.SH,2005-11-18,4.18,4.4,4.11,4.39,47752.45,20297.0
600702.SH,2005-11-21,4.83,4.83,4.27,4.33,209162.26,95986.98
600702.SH,2005-11-22,4.15,4.63,4.1,4.46,189314.76,83977.25
600702.SH,2005-11-23,4.46,4.59,4.2,4.31,150699.24,66113.66
600702.SH,2005-11-24,4.25,4.3,4.08,4.1,87943.32,36551.75
600702.SH,2005-11-25,4.08,4.15,4.03,4.07,40703.25,16603.92
600702.SH,2005-11-28,4.07,4.08,3.89,3.92,49019.84,19395.45
600702.SH,2005-11-29,3.9,4.0,3.87,3.93,26542.21,10460.95
600702.SH,2005-11-30,3.9,3.93,3.81,3.84,25750.29,9898.62
600702.SH,2005-12-01,3.85,3.91,3.83,3.87,16109.94,6232.45
600702.SH,2005-12-02,3.84,3.86,3.73,3.75,26654.01,10067.8
600702.SH,2005-12-05,3.73,3.81,3.7,3.74,23468.56,8820.3
600702.SH,2005-12-06,3.74,3.81,3.71,3.77,16232.51,6127.78
600702.SH,2005-12-07,3.78,3.81,3.72,3.79,13415.69,5050.64
600702.SH,2005-12-08,3.79,3.8,3.74,3.74,11008.0,4145.69
600702.SH,2005-12-09,3.74,3.81,3.71,3.78,15876.5,5984.3
600702.SH,2005-12-12,3.8,3.86,3.77,3.84,14221.66,5448.53
600702.SH,2005-12-13,3.85,3.85,3.75,3.8,14396.59,5447.75
600702.SH,2005-12-14,3.8,3.83,3.75,3.82,13823.98,5237.62
600702.SH,2005-12-15,3.82,3.87,3.78,3.78,15176.65,5807.12
600702.SH,2005-12-16,3.78,3.79,3.74,3.77,11202.78,4224.79
600702.SH,2005-12-19,3.79,3.85,3.75,3.81,12941.93,4941.92
600702.SH,2005-12-20,3.81,3.82,3.76,3.82,9950.36,3773.73
600702.SH,2005-12-21,3.8,3.83,3.76,3.77,9586.94,3646.17
600702.SH,2005-12-22,3.77,3.79,3.71,3.75,13281.11,4966.95
600702.SH,2005-12-23,3.75,3.79,3.75,3.78,8589.3,3235.64
600702.SH,2005-12-26,3.79,3.87,3.79,3.84,21752.48,8351.04
600702.SH,2005-12-27,3.85,3.88,3.81,3.87,16716.42,6433.09
600702.SH,2005-12-28,3.85,3.94,3.84,3.93,19221.3,7504.35
600702.SH,2005-12-29,3.91,4.02,3.91,3.98,24798.41,9826.88
600702.SH,2005-12-30,3.95,3.98,3.84,3.85,19723.3,7692.13
600702.SH,2006-01-04,3.84,3.94,3.77,3.93,16806.88,6554.02
600702.SH,2006-01-05,3.9,4.0,3.9,3.97,16474.29,6534.94
600702.SH,2006-01-06,3.94,4.01,3.92,3.97,16458.51,6551.16
600702.SH,2006-01-09,3.96,4.07,3.96,4.04,18113.62,7273.94
600702.SH,2006-01-10,4.04,4.13,4.01,4.12,23392.97,9542.15
600702.SH,2006-01-11,4.08,4.17,4.07,4.16,22032.4,9097.96
600702.SH,2006-01-12,4.13,4.18,4.08,4.17,22167.99,9196.58
600702.SH,2006-01-13,4.18,4.18,4.05,4.08,14403.86,5913.18
600702.SH,2006-01-16,4.05,4.11,4.05,4.11,11437.19,4673.84
600702.SH,2006-01-17,4.11,4.23,4.08,4.22,21577.63,9024.03
600702.SH,2006-01-18,4.2,4.35,4.2,4.34,31474.76,13578.43
600702.SH,2006-01-19,4.3,4.41,4.26,4.33,19663.29,8532.95
600702.SH,2006-01-20,4.33,4.38,4.27,4.31,9224.71,3977.45
600702.SH,2006-01-23,4.3,4.35,4.22,4.27,9945.46,4252.59
600702.SH,2006-01-24,4.26,4.27,4.13,4.14,15209.75,6367.61
600702.SH,2006-01-25,4.14,4.19,4.08,4.17,8817.55,3656.36
600702.SH,2006-02-06,4.17,4.27,4.15,4.27,10093.59,4240.85
600702.SH,2006-02-07,4.3,4.3,4.15,4.21,14682.01,6176.95
600702.SH,2006-02-08,4.19,4.22,4.09,4.19,15655.67,6466.51
600702.SH,2006-02-09,4.15,4.22,4.13,4.19,10331.0,4331.26
600702.SH,2006-02-10,4.18,4.27,4.18,4.25,9203.13,3903.25
600702.SH,2006-02-13,4.27,4.55,4.25,4.52,37967.64,16756.29
600702.SH,2006-02-14,4.5,4.52,4.35,4.41,14885.89,6584.33
600702.SH,2006-02-15,4.42,4.45,4.37,4.41,10341.96,4558.23
600702.SH,2006-02-16,4.42,4.44,4.23,4.28,14438.6,6216.99
600702.SH,2006-02-17,4.23,4.34,4.22,4.27,8172.36,3491.09
600702.SH,2006-02-27,4.56,4.56,4.31,4.34,20575.11,9058.44
600702.SH,2006-02-28,4.35,4.45,4.32,4.44,15521.63,6824.08
600702.SH,2006-03-01,4.47,4.49,4.39,4.43,8851.29,3915.98
600702.SH,2006-03-02,4.44,4.45,4.32,4.34,9938.5,4357.55
600702.SH,2006-03-03,4.31,4.45,4.3,4.37,11011.25,4814.63
600702.SH,2006-03-06,4.37,4.38,4.29,4.3,8024.53,3470.43
600702.SH,2006-03-07,4.28,4.3,4.05,4.06,11678.88,4856.36
600702.SH,2006-03-08,4.07,4.15,4.04,4.1,16485.03,6732.15
600702.SH,2006-04-06,4.09,4.24,3.6,3.89,212269.96,82489.66
600702.SH,2006-04-07,3.78,3.86,3.6,3.69,98029.36,36342.57
600702.SH,2006-04-10,3.69,3.79,3.61,3.77,60531.86,22580.64
600702.SH,2006-04-11,3.82,4.01,3.82,3.91,130998.33,51239.47
600702.SH,2006-04-12,3.89,3.89,3.8,3.84,40458.14,15532.56
600702.SH,2006-04-13,3.84,3.96,3.71,3.73,44896.51,17207.49
600702.SH,2006-04-14,3.73,3.9,3.66,3.88,58963.77,22465.24
600702.SH,2006-04-17,3.83,3.9,3.8,3.85,55286.26,21308.58
600702.SH,2006-04-18,3.85,3.92,3.82,3.89,77904.97,30251.37
600702.SH,2006-04-19,3.95,4.1,3.91,3.96,173391.86,69146.73
600702.SH,2006-04-20,3.96,3.99,3.84,3.87,63981.85,24898.37
600702.SH,2006-04-21,3.87,4.06,3.84,3.95,76374.39,30237.46
600702.SH,2006-04-24,3.96,4.09,3.76,4.06,128296.99,51097.29
600702.SH,2006-04-25,4.07,4.09,3.85,3.99,100227.42,39744.31
600702.SH,2006-04-26,3.99,4.18,3.94,4.12,134866.3,54938.81
600702.SH,2006-04-27,4.2,4.32,4.09,4.12,169351.24,70808.48
600702.SH,2006-04-28,4.05,4.29,3.9,4.21,114674.83,47916.59
600702.SH,2006-05-08,4.21,4.32,4.11,4.26,96731.16,41020.35
600702.SH,2006-05-10,4.56,4.6,4.35,4.37,132472.36,58975.8
600702.SH,2006-05-11,4.37,4.56,4.22,4.23,120403.64,52507.59
600702.SH,2006-05-12,4.2,4.4,4.16,4.38,137890.01,59307.66
600702.SH,2006-05-15,4.6,4.82,4.6,4.82,190588.07,91476.47
600702.SH,2006-05-16,5.19,5.3,4.98,5.08,325846.3,169482.34
600702.SH,2006-05-17,4.99,5.23,4.67,4.9,152406.24,75828.37
600702.SH,2006-05-18,4.86,4.86,4.51,4.77,90602.44,42397.3
600702.SH,2006-05-19,4.75,5.04,4.7,5.0,96484.83,47215.03
600702.SH,2006-05-22,5.0,5.02,4.78,4.79,91630.52,44592.76
600702.SH,2006-05-23,4.75,4.76,4.37,4.39,84883.57,38962.34
600702.SH,2006-05-24,4.41,4.6,4.34,4.6,84270.25,37864.15
600702.SH,2006-05-25,4.65,4.67,4.43,4.53,41334.94,18685.91
600702.SH,2006-05-26,4.55,4.66,4.49,4.64,51118.4,23474.5
600702.SH,2006-05-29,4.64,4.95,4.53,4.88,101513.13,48733.33
600702.SH,2006-05-30,4.95,5.28,4.95,5.08,193864.1,98872.78
600702.SH,2006-05-31,5.06,5.06,4.79,4.83,83498.78,40897.61
600702.SH,2006-06-01,4.81,5.0,4.76,4.95,62938.65,30856.03
600702.SH,2006-06-02,4.95,4.95,4.76,4.8,67157.11,32281.78
600702.SH,2006-06-05,4.76,4.77,4.58,4.76,56347.3,26419.82
600702.SH,2006-06-06,4.76,4.94,4.76,4.78,50073.07,24269.44
600702.SH,2006-06-07,4.7,4.76,4.38,4.38,52801.47,24028.83
600702.SH,2006-06-08,4.35,4.42,4.16,4.33,44778.74,19243.24
600702.SH,2006-06-09,4.32,4.39,4.21,4.22,30014.23,12900.78
600702.SH,2006-06-12,4.22,4.37,4.15,4.36,35205.96,15088.97
600702.SH,2006-06-13,4.38,4.53,4.35,4.41,53885.14,23907.78
600702.SH,2006-06-14,4.39,4.39,4.23,4.3,23370.08,10068.24
600702.SH,2006-06-15,4.3,4.41,4.23,4.26,26276.99,11313.84
600702.SH,2006-06-16,4.28,4.41,4.27,4.39,53960.98,23360.62
600702.SH,2006-06-19,4.36,4.63,4.29,4.53,115330.34,51624.49
600702.SH,2006-06-20,4.5,4.57,4.44,4.51,47556.12,21406.73
600702.SH,2006-06-21,4.5,4.61,4.47,4.5,60261.39,27404.41
600702.SH,2006-06-22,4.5,4.58,4.44,4.52,64026.53,28906.32
600702.SH,2006-06-23,4.5,4.83,4.48,4.78,150095.43,70801.78
600702.SH,2006-06-26,4.78,4.95,4.72,4.89,113384.12,55367.27
600702.SH,2006-06-27,4.9,5.07,4.85,4.86,91992.6,45625.65
600702.SH,2006-06-28,4.83,5.06,4.78,4.94,85899.83,42594.24
600702.SH,2006-06-29,4.94,5.1,4.91,5.02,111425.51,55943.67
600702.SH,2006-06-30,5.03,5.09,4.81,4.83,88461.76,43227.46
600702.SH,2006-07-03,4.81,4.88,4.7,4.84,64993.41,31204.95
600702.SH,2006-07-04,4.81,4.84,4.72,4.8,67753.88,32295.63
600702.SH,2006-07-05,4.77,4.8,4.61,4.73,44937.71,21066.05
600702.SH,2006-07-06,4.7,4.9,4.69,4.82,59990.79,28964.85
600702.SH,2006-07-07,4.82,5.0,4.78,4.93,96593.13,47299.54
600702.SH,2006-07-10,4.91,5.05,4.87,4.98,78196.12,39014.52
600702.SH,2006-07-11,4.95,5.0,4.89,4.95,44787.04,22101.22
600702.SH,2006-07-12,4.91,4.98,4.82,4.84,51382.17,25005.23
600702.SH,2006-07-13,4.81,4.84,4.36,4.44,83636.48,38535.96
600702.SH,2006-07-14,4.4,4.56,4.35,4.47,37252.08,16667.26
600702.SH,2006-07-17,4.46,4.56,4.4,4.55,27712.05,12466.75
600702.SH,2006-07-18,4.56,4.56,4.46,4.54,25114.8,11299.0
600702.SH,2006-07-19,4.51,4.72,4.4,4.62,63612.8,29265.91
600702.SH,2006-07-20,4.62,4.89,4.56,4.79,70545.44,33788.11
600702.SH,2006-07-21,4.79,4.91,4.75,4.81,44356.68,21449.67
600702.SH,2006-07-24,4.74,5.03,4.61,4.99,113548.62,55884.71
600702.SH,2006-07-25,5.05,5.05,4.91,4.94,62580.0,31040.2
600702.SH,2006-07-26,4.97,4.98,4.8,4.84,42409.31,20625.39
600702.SH,2006-07-27,4.84,5.2,4.8,5.11,236447.49,120120.04
600702.SH,2006-07-28,5.06,5.12,4.82,4.91,90956.69,44991.94
600702.SH,2006-07-31,4.85,4.95,4.62,4.64,54597.67,26010.65
600702.SH,2006-08-01,4.64,4.71,4.48,4.55,45428.33,20815.6
600702.SH,2006-08-02,4.55,4.69,4.54,4.65,44794.49,20734.02
600702.SH,2006-08-03,4.66,4.74,4.61,4.72,40240.25,18782.62
600702.SH,2006-08-04,4.74,4.78,4.48,4.51,54252.85,25008.46
600702.SH,2006-08-07,4.45,4.45,4.17,4.18,53769.44,23030.96
600702.SH,2006-08-08,4.2,4.4,4.2,4.39,37706.15,16250.07
600702.SH,2006-08-09,4.45,4.54,4.36,4.46,80166.08,35817.48
600702.SH,2006-08-10,4.41,4.52,4.41,4.49,26310.8,11728.82
600702.SH,2006-08-11,4.5,4.51,4.37,4.44,29666.7,13106.14
600702.SH,2006-08-14,4.44,4.45,4.19,4.21,38081.2,16287.38
600702.SH,2006-08-15,4.19,4.31,4.19,4.29,23540.84,10034.22
600702.SH,2006-08-16,4.32,4.38,4.25,4.37,29624.11,12801.83
600702.SH,2006-08-17,4.37,4.37,4.25,4.28,24155.99,10334.39
600702.SH,2006-08-18,4.28,4.32,4.24,4.27,14047.71,6015.05
600702.SH,2006-08-21,4.15,4.25,4.08,4.23,31526.0,13194.34
600702.SH,2006-08-22,4.23,4.35,4.2,4.33,33026.67,14160.71
600702.SH,2006-08-23,4.34,4.36,4.26,4.35,35605.72,15344.37
600702.SH,2006-08-24,4.35,4.45,4.33,4.41,60720.63,26669.84
600702.SH,2006-08-25,4.42,4.42,4.32,4.34,30005.3,13082.01
600702.SH,2006-08-28,4.35,4.45,4.31,4.45,41439.43,18225.3
600702.SH,2006-08-29,4.46,4.55,4.41,4.43,57469.76,25677.01
600702.SH,2006-08-30,4.43,4.5,4.37,4.47,35473.69,15743.25
600702.SH,2006-08-31,4.47,4.57,4.45,4.53,61621.09,27781.66
600702.SH,2006-09-01,4.52,4.53,4.33,4.37,46363.98,20411.55
600702.SH,2006-09-04,4.37,4.52,4.32,4.51,40908.73,18176.73
600702.SH,2006-09-05,4.55,4.6,4.5,4.53,79252.89,35939.79
600702.SH,2006-09-06,4.53,4.57,4.45,4.49,50538.17,22780.24
600702.SH,2006-09-07,4.51,4.51,4.36,4.39,29822.09,13147.63
600702.SH,2006-09-08,4.39,4.43,4.37,4.39,16627.04,7308.88
600702.SH,2006-09-11,4.38,4.42,4.29,4.38,17166.8,7473.29
600702.SH,2006-09-12,4.36,4.41,4.33,4.4,22140.38,9705.5
600702.SH,2006-09-13,4.38,4.42,4.34,4.41,33409.81,14601.15
600702.SH,2006-09-14,4.41,4.54,4.41,4.53,68590.46,30686.9
600702.SH,2006-09-15,4.53,4.55,4.47,4.51,38180.79,17224.25
600702.SH,2006-09-18,4.52,4.57,4.51,4.53,25474.5,11547.38
600702.SH,2006-09-19,4.55,4.64,4.51,4.56,61656.37,28256.24
600702.SH,2006-09-20,4.55,4.55,4.48,4.51,31362.79,14153.77
600702.SH,2006-09-21,4.51,4.65,4.48,4.64,64992.57,29685.77
600702.SH,2006-09-22,4.66,4.72,4.54,4.55,57564.68,26664.13
600702.SH,2006-09-25,4.54,4.6,4.5,4.57,26929.44,12243.06
600702.SH,2006-09-26,4.57,4.59,4.45,4.49,26704.4,12007.18
600702.SH,2006-09-27,4.52,4.55,4.47,4.53,20433.63,9203.25
600702.SH,2006-09-28,4.53,4.59,4.5,4.52,25427.74,11548.33
600702.SH,2006-09-29,4.53,4.63,4.53,4.57,37816.33,17343.21
600702.SH,2006-10-09,4.59,5.03,4.59,4.87,157742.71,77001.21
600702.SH,2006-10-10,4.87,4.98,4.82,4.9,120762.29,59219.83
600702.SH,2006-10-11,4.9,4.93,4.76,4.85,60259.16,29135.58
600702.SH,2006-10-12,4.85,5.08,4.78,4.95,132987.79,66104.95
600702.SH,2006-10-13,4.93,4.96,4.84,4.87,44919.96,21920.6
600702.SH,2006-10-16,4.91,4.92,4.72,4.75,46339.04,22117.42
600702.SH,2006-10-17,4.75,4.79,4.69,4.78,26734.21,12686.55
600702.SH,2006-10-18,4.78,4.92,4.78,4.81,45762.59,22214.73
600702.SH,2006-10-19,4.8,4.87,4.75,4.8,31886.06,15278.9
600702.SH,2006-10-20,4.8,4.83,4.72,4.72,31693.58,15094.62
600702.SH,2006-10-23,4.7,4.8,4.49,4.51,41338.54,19138.66
600702.SH,2006-10-24,4.51,4.68,4.51,4.66,35546.44,16342.6
600702.SH,2006-10-25,4.63,4.75,4.61,4.7,32169.7,15060.83
600702.SH,2006-10-26,4.67,4.67,4.55,4.57,32594.89,14930.15
600702.SH,2006-10-27,4.56,4.6,4.38,4.42,37562.99,16721.71
600702.SH,2006-10-30,4.41,4.46,4.36,4.45,18274.25,8065.9
600702.SH,2006-10-31,4.44,4.48,4.4,4.47,21923.14,9724.67
600702.SH,2006-11-01,4.47,4.51,4.39,4.45,34596.25,15342.41
600702.SH,2006-11-02,4.45,4.5,4.37,4.5,29495.47,13004.58
600702.SH,2006-11-03,4.49,4.53,4.43,4.48,29989.59,13440.13
600702.SH,2006-11-06,4.44,4.51,4.4,4.46,32010.47,14254.85
600702.SH,2006-11-07,4.45,4.5,4.37,4.41,35951.05,15826.24
600702.SH,2006-11-08,4.41,4.52,4.4,4.43,38498.01,17199.91
600702.SH,2006-11-09,4.42,4.49,4.42,4.47,30908.99,13800.55
600702.SH,2006-11-10,4.46,4.48,4.28,4.31,41966.96,18357.08
600702.SH,2006-11-13,4.3,4.33,4.09,4.11,43566.22,18159.37
600702.SH,2006-11-14,4.11,4.24,4.09,4.21,29240.17,12112.73
600702.SH,2006-11-15,4.21,4.31,4.16,4.27,31849.74,13586.13
600702.SH,2006-11-16,4.23,4.33,4.15,4.15,29012.61,12244.02
600702.SH,2006-11-17,4.15,4.26,4.14,4.26,27503.61,11611.91
600702.SH,2006-11-20,4.19,4.28,4.16,4.2,22817.25,9569.96
600702.SH,2006-11-21,4.2,4.3,4.12,4.28,30950.1,12968.71
600702.SH,2006-11-22,4.27,4.32,4.18,4.26,42266.64,17997.18
600702.SH,2006-11-23,4.23,4.33,4.23,4.27,29220.59,12514.74
600702.SH,2006-11-24,4.27,4.33,4.24,4.31,29920.44,12841.43
600702.SH,2006-11-27,4.34,4.37,4.28,4.35,34678.5,15010.44
600702.SH,2006-11-28,4.35,4.36,4.28,4.32,34326.08,14802.16
600702.SH,2006-11-29,4.29,4.47,4.23,4.41,61108.17,26715.06
600702.SH,2006-11-30,4.42,4.53,4.37,4.46,66234.32,29595.02
600702.SH,2006-12-01,4.48,4.49,4.39,4.41,41225.44,18227.15
600702.SH,2006-12-04,4.41,4.48,4.4,4.47,47793.13,21213.97
600702.SH,2006-12-05,4.48,4.64,4.44,4.56,82702.75,37668.75
600702.SH,2006-12-06,4.55,4.55,4.3,4.44,60330.68,26784.11
600702.SH,2006-12-07,4.41,4.48,4.38,4.39,48614.0,21539.6
600702.SH,2006-12-08,4.41,4.64,4.37,4.43,105505.57,47647.32
600702.SH,2006-12-11,4.45,4.85,4.45,4.78,178001.45,83506.8
600702.SH,2006-12-12,4.76,4.81,4.61,4.73,103666.01,48901.56
600702.SH,2006-12-13,4.7,4.74,4.55,4.64,59064.68,27337.78
600702.SH,2006-12-14,4.65,5.1,4.6,5.1,375661.12,188565.46
600702.SH,2006-12-15,5.13,5.13,4.92,5.04,276782.26,139428.97
600702.SH,2006-12-18,5.07,5.54,5.01,5.54,255788.55,138973.4
600702.SH,2006-12-19,5.76,6.09,5.62,6.09,418318.14,247334.16
600702.SH,2006-12-20,6.1,6.52,5.82,6.2,289835.84,180868.17
600702.SH,2006-12-21,6.17,6.23,5.87,5.96,183837.07,110684.36
600702.SH,2006-12-22,5.89,5.98,5.61,5.74,131941.38,75934.78
600702.SH,2006-12-25,5.74,6.03,5.7,5.86,125872.32,73887.65
600702.SH,2006-12-26,5.83,5.85,5.6,5.72,78553.75,44803.11
600702.SH,2006-12-27,5.71,6.05,5.6,6.01,119519.94,70741.08
600702.SH,2006-12-28,5.95,6.11,5.61,5.67,105987.74,61627.53
600702.SH,2006-12-29,5.68,5.93,5.63,5.7,97129.0,56176.51
600702.SH,2007-01-04,5.78,5.9,5.62,5.7,112087.75,64204.79
600702.SH,2007-01-05,5.68,5.79,5.4,5.77,110238.99,61541.64
600702.SH,2007-01-08,5.69,5.95,5.66,5.92,109990.3,64340.96
600702.SH,2007-01-09,5.97,6.51,5.86,6.33,182467.11,114228.33
600702.SH,2007-01-10,6.27,6.43,6.12,6.34,128351.23,80314.59
600702.SH,2007-01-11,6.34,6.7,6.22,6.31,155454.58,100750.74
600702.SH,2007-01-12,6.19,6.94,6.14,6.94,356679.53,239320.49
600702.SH,2007-01-15,7.02,7.63,7.02,7.38,383002.25,284563.8
600702.SH,2007-01-16,7.33,7.67,7.07,7.5,217452.69,159968.19
600702.SH,2007-01-17,7.5,8.12,7.32,7.78,218796.67,169299.46
600702.SH,2007-01-18,7.77,8.1,7.52,7.86,168548.42,132241.64
600702.SH,2007-01-19,7.98,8.06,7.7,7.95,173477.8,136920.53
600702.SH,2007-01-22,7.95,8.25,7.77,8.02,181286.97,145047.34
600702.SH,2007-01-23,8.02,8.02,7.36,7.6,185362.47,142094.13
600702.SH,2007-01-24,7.57,7.8,7.42,7.63,123408.79,94054.14
600702.SH,2007-01-25,7.54,7.54,7.11,7.17,97840.02,71709.88
600702.SH,2007-01-26,7.0,7.17,6.5,7.0,124433.29,85619.25
600702.SH,2007-01-29,7.01,7.28,7.01,7.23,87259.26,62480.81
600702.SH,2007-01-30,7.25,7.45,7.17,7.25,80257.89,58522.47
600702.SH,2007-01-31,7.25,7.25,6.59,6.66,87132.14,60381.49
600702.SH,2007-02-01,6.45,6.9,6.15,6.73,95532.78,61919.81
600702.SH,2007-02-02,6.64,6.65,6.27,6.34,62718.64,40518.08
600702.SH,2007-02-05,6.33,6.56,6.18,6.53,80986.13,51708.26
600702.SH,2007-02-06,6.54,6.75,6.44,6.75,78266.42,51761.23
600702.SH,2007-02-07,6.78,6.89,6.61,6.69,80790.07,54358.71
600702.SH,2007-02-08,6.62,6.85,6.52,6.8,76066.34,51058.52
600702.SH,2007-02-09,6.77,6.91,6.71,6.82,66196.69,45208.09
600702.SH,2007-02-12,6.78,6.97,6.7,6.95,95210.54,65139.04
600702.SH,2007-02-13,6.94,7.26,6.92,7.25,115998.49,82891.25
600702.SH,2007-02-14,7.22,7.43,7.18,7.42,94037.33,69073.56
600702.SH,2007-02-15,7.66,8.08,7.58,7.99,276346.63,216941.88
600702.SH,2007-02-16,7.99,7.99,7.7,7.76,161692.0,126776.61
600702.SH,2007-02-26,7.78,7.88,7.48,7.85,134317.69,103390.78
600702.SH,2007-02-27,7.88,8.2,7.07,7.07,218091.36,170229.83
600702.SH,2007-02-28,6.9,7.44,6.88,7.37,96199.11,68943.89
600702.SH,2007-03-01,7.33,7.66,7.03,7.25,96850.37,71057.99
600702.SH,2007-03-02,7.24,7.35,7.15,7.25,60627.03,43937.51
600702.SH,2007-03-05,7.25,7.32,6.8,7.08,67773.63,47901.73
600702.SH,2007-03-06,7.01,7.23,6.91,7.21,67843.73,48176.81
600702.SH,2007-03-07,7.25,7.55,7.14,7.54,94757.48,69650.06
600702.SH,2007-03-08,7.54,7.74,7.38,7.68,134928.08,102559.48
600702.SH,2007-03-09,7.83,7.87,7.52,7.72,192470.95,148700.18
600702.SH,2007-03-12,7.68,7.96,7.57,7.92,145437.94,113391.26
600702.SH,2007-03-13,8.0,8.04,7.81,7.9,125637.26,99488.08
600702.SH,2007-03-14,7.82,7.9,7.51,7.73,94186.05,72379.74
600702.SH,2007-03-15,7.82,8.04,7.77,7.92,145591.67,115091.07
600702.SH,2007-03-16,7.94,7.99,7.52,7.61,95148.24,73808.55
600702.SH,2007-03-19,7.3,7.61,7.2,7.51,72032.72,53828.5
600702.SH,2007-03-20,7.54,7.75,7.5,7.7,65809.35,50317.21
600702.SH,2007-03-21,7.7,7.94,7.66,7.87,84788.42,66240.09
600702.SH,2007-03-22,7.9,8.01,7.78,7.84,147994.01,116984.56
600702.SH,2007-03-23,7.8,7.96,7.5,7.73,98347.94,75588.69
600702.SH,2007-03-26,7.73,8.28,7.65,8.26,274792.86,221266.12
600702.SH,2007-03-27,8.26,8.57,8.13,8.37,223655.39,187286.3
600702.SH,2007-03-28,8.42,8.47,7.78,8.17,175268.4,143095.12
600702.SH,2007-03-29,8.13,8.43,7.82,7.86,151129.52,122944.16
600702.SH,2007-03-30,7.8,7.98,7.77,7.91,76176.36,60126.18
600702.SH,2007-04-02,7.86,8.04,7.75,7.99,86617.23,68330.21
600702.SH,2007-04-03,7.99,8.22,7.91,8.16,141942.58,114803.36
600702.SH,2007-04-04,8.18,8.4,8.04,8.29,143796.27,118512.31
600702.SH,2007-04-05,8.25,8.8,8.17,8.59,269539.43,232312.46
600702.SH,2007-04-06,8.58,9.2,8.46,8.91,225897.58,200972.83
600702.SH,2007-04-09,8.91,9.3,8.91,9.07,226089.06,205684.5
600702.SH,2007-04-10,9.06,9.15,8.58,8.92,169977.13,150809.17
600702.SH,2007-04-11,8.92,9.16,8.63,9.15,183108.88,162124.56
600702.SH,2007-04-12,9.38,10.07,9.38,10.07,312629.57,305905.36
600702.SH,2007-04-13,10.46,11.08,10.2,10.86,497850.35,530571.41
600702.SH,2007-04-17,11.38,11.68,10.93,11.18,293760.81,330740.42
600702.SH,2007-04-19,11.37,11.5,10.06,10.19,221830.12,235855.59
600702.SH,2007-04-20,10.16,10.78,10.16,10.68,135328.56,143563.02
600702.SH,2007-04-23,10.6,11.2,10.4,10.99,166966.62,183032.82
600702.SH,2007-04-24,11.0,11.13,10.61,10.68,192537.49,207968.58
600702.SH,2007-04-25,10.7,10.95,10.42,10.87,140357.61,150636.06
600702.SH,2007-04-26,10.9,11.5,10.85,11.44,206941.1,232995.74
600702.SH,2007-04-27,11.4,12.01,11.35,11.49,173053.41,202250.98
600702.SH,2007-04-30,11.4,11.59,11.0,11.46,146443.58,165845.1
600702.SH,2007-05-08,11.69,12.61,11.55,12.53,212491.29,260613.93
600702.SH,2007-05-09,12.53,13.4,12.08,13.01,199849.34,256096.54
600702.SH,2007-05-10,13.0,13.15,12.56,12.81,119989.41,153771.04
600702.SH,2007-05-11,12.72,12.72,12.11,12.4,116457.95,144903.12
600702.SH,2007-05-14,12.1,12.7,11.98,12.42,122661.95,152155.03
600702.SH,2007-05-15,12.43,12.5,11.51,11.7,125682.33,152834.68
600702.SH,2007-05-16,11.7,12.23,11.42,12.19,124128.93,146917.87
600702.SH,2007-05-17,12.16,13.22,12.15,12.86,183137.49,232209.47
600702.SH,2007-05-18,12.85,13.45,12.5,12.9,161309.22,211305.97
600702.SH,2007-05-21,12.43,13.49,12.3,13.39,183628.93,242091.49
600702.SH,2007-05-22,13.41,14.04,13.3,13.41,160043.8,218837.9
600702.SH,2007-05-24,13.95,14.75,13.61,14.75,266529.43,380097.09
600702.SH,2007-05-25,15.1,16.0,15.1,15.26,260903.42,406237.06
600702.SH,2007-05-28,15.58,15.6,15.1,15.46,186241.95,284826.42
600702.SH,2007-05-29,15.42,16.18,15.35,15.77,145514.67,230849.45
600702.SH,2007-05-30,14.22,15.65,14.19,14.19,201093.0,294349.14
600702.SH,2007-05-31,13.8,14.4,12.77,13.92,227738.02,302793.83
600702.SH,2007-06-01,13.96,14.2,12.53,12.53,195305.67,253006.37
600702.SH,2007-06-04,12.22,12.58,11.28,11.28,128446.92,147747.35
600702.SH,2007-06-05,10.16,11.08,10.15,10.97,159233.09,166416.54
600702.SH,2007-06-06,10.99,11.78,10.68,11.46,148340.32,168256.08
600702.SH,2007-06-07,11.4,12.28,11.4,12.06,133786.47,160336.23
600702.SH,2007-06-08,12.11,12.47,11.88,12.27,106925.82,130795.66
600702.SH,2007-06-11,12.28,13.4,12.27,13.15,114557.25,148183.49
600702.SH,2007-06-12,13.78,13.78,12.7,13.56,155675.27,208840.92
600702.SH,2007-06-13,13.91,14.33,13.66,13.8,136849.66,191268.72
600702.SH,2007-06-14,13.7,13.79,13.15,13.26,109501.21,147251.53
600702.SH,2007-06-15,13.07,13.68,13.0,13.5,130014.79,173251.29
600702.SH,2007-06-18,13.75,14.28,13.58,13.7,97566.49,135716.79
600702.SH,2007-06-19,13.65,14.3,13.18,14.25,126743.03,173513.81
600702.SH,2007-06-20,14.35,14.55,13.28,13.46,141330.78,198452.28
600702.SH,2007-06-21,13.3,13.68,12.95,13.17,90127.56,119322.39
600702.SH,2007-06-22,13.18,13.18,11.85,12.19,114418.56,142541.96
600702.SH,2007-06-25,12.0,12.54,10.99,11.19,96524.12,115393.46
600702.SH,2007-06-26,10.72,11.6,10.72,11.59,79327.08,88536.75
600702.SH,2007-06-27,11.59,12.11,11.59,12.07,72980.26,86610.12
600702.SH,2007-06-28,12.11,12.18,10.95,10.99,69157.18,79434.32
600702.SH,2007-06-29,10.55,11.2,10.45,10.81,66556.78,72537.01
600702.SH,2007-07-02,10.87,11.2,10.52,11.19,47686.4,52164.26
600702.SH,2007-07-03,11.65,11.68,11.28,11.6,59301.55,68376.07
600702.SH,2007-07-04,11.68,12.76,11.5,12.08,135098.95,166555.38
600702.SH,2007-07-05,11.6,11.88,11.01,11.16,64846.73,75058.5
600702.SH,2007-07-06,11.19,12.28,11.19,12.28,131510.71,157706.99
600702.SH,2007-07-09,12.68,13.51,12.45,13.51,259945.48,346321.93
600702.SH,2007-07-10,14.01,14.86,12.9,13.38,438925.08,623243.47
600702.SH,2007-07-11,12.61,13.86,12.11,12.99,210249.85,267556.75
600702.SH,2007-07-12,13.0,13.01,12.59,12.68,91943.11,117281.56
600702.SH,2007-07-13,12.8,13.6,12.51,13.36,117470.5,154883.29
600702.SH,2007-07-16,13.35,13.35,12.73,12.77,72765.25,94121.65
600702.SH,2007-07-17,12.77,13.0,12.51,12.77,65640.47,84000.35
600702.SH,2007-07-18,12.72,13.18,12.65,12.72,56069.17,72328.17
600702.SH,2007-07-19,12.72,13.43,12.72,13.42,89918.06,118286.6
600702.SH,2007-07-20,13.55,13.75,13.28,13.72,124348.24,168784.29
600702.SH,2007-07-23,13.66,14.53,13.62,14.15,152806.43,216207.43
600702.SH,2007-07-24,14.12,14.5,13.84,13.85,116282.89,164907.36
600702.SH,2007-07-25,13.8,14.1,13.78,13.93,92726.31,129249.54
600702.SH,2007-07-26,13.98,14.23,13.55,14.04,147261.08,204135.6
600702.SH,2007-07-27,14.04,14.88,13.8,14.8,173034.25,249222.37
600702.SH,2007-07-30,14.7,15.48,14.55,15.13,177201.86,265409.15
600702.SH,2007-07-31,14.9,15.9,14.6,15.6,219555.64,337480.84
600702.SH,2007-08-01,15.65,15.79,14.42,14.7,161662.61,243369.96
600702.SH,2007-08-02,14.7,15.68,14.65,15.38,117608.93,178672.23
600702.SH,2007-08-03,15.5,15.6,14.88,15.29,103218.54,157358.26
600702.SH,2007-08-06,15.29,15.49,14.9,15.2,127958.29,193305.28
600702.SH,2007-08-07,15.13,15.2,14.53,14.59,128423.44,188903.64
600702.SH,2007-08-08,14.4,14.96,14.1,14.43,90983.08,131887.86
600702.SH,2007-08-09,14.4,14.65,14.15,14.34,72803.99,104461.69
600702.SH,2007-08-10,14.35,14.35,13.28,13.62,97290.98,133424.65
600702.SH,2007-08-13,13.47,13.97,13.3,13.73,74381.99,101071.3
600702.SH,2007-08-14,13.86,14.29,13.8,14.19,47878.31,67159.47
600702.SH,2007-08-15,14.19,14.19,13.5,13.7,55405.83,76085.62
600702.SH,2007-08-16,13.9,13.98,13.61,13.97,44071.63,60837.09
600702.SH,2007-08-17,13.8,14.07,13.51,13.56,41266.81,56803.63
600702.SH,2007-08-20,13.78,14.29,13.78,14.12,54897.1,77103.09
600702.SH,2007-08-21,14.93,14.93,14.19,14.34,68037.81,98535.38
600702.SH,2007-08-22,14.1,14.83,14.01,14.59,82513.65,120314.53
600702.SH,2007-08-23,14.58,14.78,14.19,14.26,77024.46,110338.28
600702.SH,2007-08-24,14.41,14.41,13.8,13.93,96458.65,135550.21
600702.SH,2007-08-27,13.97,14.05,13.6,13.67,70388.51,96555.58
600702.SH,2007-08-28,13.68,14.22,13.67,14.05,73033.22,102618.66
600702.SH,2007-08-29,14.05,14.46,13.68,14.21,77411.01,108759.64
600702.SH,2007-08-30,14.21,14.79,14.2,14.57,93261.91,135560.7
600702.SH,2007-08-31,14.61,15.15,14.61,14.81,118989.32,177457.12
600702.SH,2007-09-03,15.0,15.11,14.65,14.74,102472.32,152094.37
600702.SH,2007-09-04,14.74,14.76,14.28,14.33,92303.01,132927.58
600702.SH,2007-09-05,14.3,15.76,14.2,15.76,247904.52,378424.36
600702.SH,2007-09-06,16.15,16.76,15.73,16.05,249538.6,405388.89
600702.SH,2007-09-07,15.9,16.68,15.3,15.35,126372.77,198733.19
600702.SH,2007-09-10,15.0,15.42,14.55,15.28,93854.61,140782.63
600702.SH,2007-09-11,15.41,15.47,13.75,13.94,92579.05,137344.76
600702.SH,2007-09-12,14.02,14.39,13.72,14.21,82898.55,116400.76
600702.SH,2007-09-13,14.4,14.4,13.94,14.26,52610.87,74363.98
600702.SH,2007-09-14,14.36,15.18,13.93,14.93,99717.41,143883.15
600702.SH,2007-09-17,14.7,15.48,14.7,15.2,92131.42,139891.17
600702.SH,2007-09-18,15.18,15.28,14.75,14.92,57528.09,86004.1
600702.SH,2007-09-19,15.0,15.5,14.73,15.18,86793.36,132373.27
600702.SH,2007-09-20,15.22,15.86,15.21,15.28,77027.6,119174.46
600702.SH,2007-09-21,15.29,15.3,14.7,14.93,51676.13,77199.38
600702.SH,2007-09-24,14.93,15.0,14.4,14.48,47836.87,69963.29
600702.SH,2007-09-25,14.48,15.12,14.4,14.58,41655.11,61128.65
600702.SH,2007-09-26,14.65,15.48,14.58,15.18,106588.61,161877.16
600702.SH,2007-09-27,15.25,15.66,15.0,15.08,80345.43,123415.8
600702.SH,2007-09-28,15.3,16.38,15.1,16.1,166782.98,263460.2
600702.SH,2007-10-08,16.2,16.47,15.65,15.83,117748.46,186754.21
600702.SH,2007-10-09,15.85,17.41,15.85,17.41,185797.53,315763.56
600702.SH,2007-10-10,17.71,17.89,17.0,17.1,211356.71,368988.96
600702.SH,2007-10-11,17.15,18.76,17.15,17.87,176680.59,320167.56
600702.SH,2007-10-12,17.87,18.55,16.5,18.23,179295.74,318333.85
600702.SH,2007-10-15,18.22,19.99,18.22,19.95,144987.5,278450.47
600702.SH,2007-10-16,20.0,20.1,19.1,19.75,87978.66,172338.57
600702.SH,2007-10-17,19.77,19.88,18.8,19.02,78049.3,150418.98
600702.SH,2007-10-18,19.06,19.13,18.0,18.45,66963.06,123361.26
600702.SH,2007-10-19,18.3,19.19,18.3,18.58,57314.42,107380.73
600702.SH,2007-10-22,18.35,18.68,17.5,17.51,53672.62,96987.31
600702.SH,2007-10-23,17.49,18.45,17.45,18.14,53676.45,96698.56
600702.SH,2007-10-25,16.35,17.05,16.33,16.33,63098.61,103627.76
600702.SH,2007-10-26,14.75,15.8,14.7,14.7,99584.59,148207.37
600702.SH,2007-10-29,14.71,15.3,13.5,15.0,84257.94,121960.37
600702.SH,2007-10-30,15.28,15.4,14.3,14.83,55914.28,82001.11
600702.SH,2007-10-31,14.88,15.8,14.55,15.76,95543.15,145317.78
600702.SH,2007-11-01,15.69,15.69,14.38,14.44,81352.91,120843.39
600702.SH,2007-11-02,14.52,14.54,13.7,13.76,67167.29,94242.26
600702.SH,2007-11-05,13.77,14.23,12.93,13.92,47515.08,65563.77
600702.SH,2007-11-06,14.0,14.1,13.25,13.46,44235.8,60305.16
600702.SH,2007-11-07,13.48,13.88,13.24,13.71,32941.61,44587.0
600702.SH,2007-11-08,13.75,13.75,12.98,13.0,32774.69,43706.68
600702.SH,2007-11-09,12.8,13.05,12.13,12.17,49899.86,62525.39
600702.SH,2007-11-12,11.9,12.1,11.42,11.89,41011.16,48355.0
600702.SH,2007-11-13,12.15,12.5,12.01,12.25,34395.36,42091.03
600702.SH,2007-11-14,12.49,12.69,12.23,12.6,36457.54,45348.4
600702.SH,2007-11-15,12.59,12.73,11.99,12.09,37551.78,46534.39
600702.SH,2007-11-16,11.99,12.99,11.73,12.68,50432.94,62899.88
600702.SH,2007-11-19,12.6,13.76,12.6,13.14,57773.48,76789.77
600702.SH,2007-11-20,13.21,13.48,13.0,13.28,36825.82,48713.14
600702.SH,2007-11-21,13.38,13.4,12.88,12.94,30999.97,40612.48
600702.SH,2007-11-22,12.82,12.82,11.95,12.01,28561.21,35339.92
600702.SH,2007-11-23,11.94,12.51,11.84,12.5,18109.47,22023.63
600702.SH,2007-11-26,12.56,12.8,12.2,12.24,21442.91,26903.52
600702.SH,2007-11-27,12.25,12.3,11.98,12.09,19945.83,24130.13
600702.SH,2007-11-28,12.15,12.59,11.96,12.35,27584.94,33929.63
600702.SH,2007-11-29,12.38,13.0,12.2,12.88,41730.52,53246.79
600702.SH,2007-11-30,12.74,13.0,12.41,12.51,24020.46,30456.39
600702.SH,2007-12-03,12.49,12.89,12.25,12.72,17269.15,21797.09
600702.SH,2007-12-04,12.75,12.94,12.45,12.48,29291.0,37163.18
600702.SH,2007-12-05,12.55,12.7,12.37,12.62,35588.39,44627.71
600702.SH,2007-12-06,12.63,13.2,12.6,13.05,45549.72,58732.02
600702.SH,2007-12-07,13.05,13.28,12.85,13.21,42316.41,55669.79
600702.SH,2007-12-10,12.88,13.6,12.8,13.48,53229.64,71347.01
600702.SH,2007-12-11,13.55,14.13,13.54,13.94,84633.84,117604.61
600702.SH,2007-12-12,13.8,14.3,13.71,13.93,50961.47,71487.39
600702.SH,2007-12-13,13.8,14.24,13.3,13.37,46164.68,63644.58
600702.SH,2007-12-14,13.26,14.71,13.1,14.71,114113.5,162460.82
600702.SH,2007-12-17,14.95,15.98,14.95,15.45,205139.81,318857.88
600702.SH,2007-12-18,15.08,15.78,14.88,15.46,81493.76,124252.97
600702.SH,2007-12-19,15.5,15.63,15.23,15.53,98937.74,152783.57
600702.SH,2007-12-20,15.6,16.22,15.5,15.65,93805.51,148510.78
600702.SH,2007-12-21,15.5,15.92,15.3,15.5,108933.71,168768.21
600702.SH,2007-12-24,15.6,16.88,15.6,16.44,131300.25,215146.84
600702.SH,2007-12-25,16.48,16.66,16.12,16.5,73002.83,119804.56
600702.SH,2007-12-26,16.6,16.78,16.46,16.76,55044.14,91545.13
600702.SH,2007-12-27,16.78,17.22,16.62,16.7,71036.06,119598.94
600702.SH,2007-12-28,16.86,16.87,16.18,16.43,70927.81,117138.61
600702.SH,2008-01-02,16.5,17.0,16.11,16.85,70275.59,117143.49
600702.SH,2008-01-03,16.85,17.36,16.68,16.93,71085.43,121344.88
600702.SH,2008-01-04,16.8,16.99,16.5,16.62,65834.04,109316.59
600702.SH,2008-01-07,16.6,16.6,16.12,16.45,95029.01,155359.23
600702.SH,2008-01-08,16.5,16.97,15.99,16.69,106585.99,176356.15
600702.SH,2008-01-09,16.58,16.95,16.22,16.92,90525.12,150670.47
600702.SH,2008-01-10,17.02,17.78,17.02,17.4,143951.09,251796.81
600702.SH,2008-01-11,17.6,17.7,17.0,17.32,59702.98,102901.67
600702.SH,2008-01-14,17.55,17.84,17.33,17.49,78718.84,138637.09
600702.SH,2008-01-15,17.46,17.46,16.97,17.15,79124.17,135763.69
600702.SH,2008-01-16,17.13,17.13,16.41,16.54,81917.94,136199.94
600702.SH,2008-01-17,16.37,16.7,15.18,15.63,82168.53,130603.71
600702.SH,2008-01-18,15.72,16.1,15.48,15.75,53235.53,83949.78
600702.SH,2008-01-21,15.8,16.0,15.18,15.78,64650.35,100610.11
600702.SH,2008-01-22,15.5,16.63,14.45,16.0,213756.11,342123.66
600702.SH,2008-01-23,16.18,17.6,16.18,17.6,306842.48,524763.43
600702.SH,2008-01-24,18.47,18.47,17.29,17.39,311992.53,555687.04
600702.SH,2008-01-25,17.1,17.38,16.5,16.58,161621.16,271608.79
600702.SH,2008-01-28,16.3,16.3,14.92,14.92,107770.93,164743.6
600702.SH,2008-01-29,14.6,15.36,14.6,15.06,52259.62,78371.11
600702.SH,2008-01-30,15.05,15.49,14.16,14.62,55507.81,82668.94
600702.SH,2008-01-31,14.46,14.88,13.53,13.64,52758.65,74891.17
600702.SH,2008-02-01,13.75,13.99,12.3,12.98,63148.52,81006.22
600702.SH,2008-02-04,13.36,14.28,13.2,14.28,52725.87,73041.86
600702.SH,2008-02-05,14.4,14.62,13.86,14.17,41812.98,59623.95
600702.SH,2008-02-13,14.23,14.23,13.76,13.82,28061.04,39057.94
600702.SH,2008-02-14,13.85,14.14,13.79,14.0,23837.2,33264.13
600702.SH,2008-02-15,13.89,13.89,13.35,13.75,39539.74,53438.68
600702.SH,2008-02-18,14.0,14.65,13.8,14.57,65953.82,94349.09
600702.SH,2008-02-19,14.57,14.98,14.43,14.83,86872.35,127707.36
600702.SH,2008-02-20,14.85,15.07,14.5,14.51,53196.01,78520.36
600702.SH,2008-02-21,14.45,14.7,14.0,14.37,40099.54,57403.53
600702.SH,2008-02-22,14.29,14.31,13.51,13.71,48639.29,67702.99
600702.SH,2008-02-25,13.72,13.93,13.04,13.07,34192.09,45578.29
600702.SH,2008-02-26,13.39,13.74,12.81,13.25,30241.15,39987.86
600702.SH,2008-02-27,13.37,13.9,13.21,13.87,29790.43,40473.5
600702.SH,2008-02-28,13.85,13.87,13.4,13.63,38432.56,52168.58
600702.SH,2008-02-29,13.5,13.87,13.45,13.8,28567.31,39209.36
600702.SH,2008-03-03,13.7,14.63,13.63,14.5,68372.47,98570.13
600702.SH,2008-03-04,14.52,14.8,14.26,14.28,57395.69,83314.83
600702.SH,2008-03-05,14.18,14.55,14.0,14.33,35729.18,50982.12
600702.SH,2008-03-06,14.36,14.7,14.36,14.4,45481.81,66043.45
600702.SH,2008-03-07,14.4,14.66,14.1,14.58,46966.4,68001.56
600702.SH,2008-03-10,14.55,14.94,14.41,14.8,84593.29,124553.96
600702.SH,2008-03-11,14.99,15.5,14.7,15.42,191829.38,290002.44
600702.SH,2008-03-12,15.42,15.42,13.98,14.03,104145.4,151437.7
600702.SH,2008-03-13,13.9,13.9,12.8,13.07,73541.18,96968.18
600702.SH,2008-03-14,13.0,13.29,12.8,13.1,29699.19,38701.42
600702.SH,2008-03-17,12.89,13.1,11.79,11.79,43043.18,52570.67
600702.SH,2008-03-18,11.47,11.68,10.61,10.71,56068.27,61196.26
600702.SH,2008-03-19,10.95,11.68,10.5,11.21,51039.22,56763.98
600702.SH,2008-03-20,11.15,11.7,10.25,11.48,60946.65,67498.53
600702.SH,2008-03-21,11.35,11.97,11.25,11.58,50131.67,58298.94
600702.SH,2008-03-24,11.76,11.86,10.74,11.02,36169.59,41557.91
600702.SH,2008-03-25,10.8,11.25,10.52,11.13,26173.74,28618.07
600702.SH,2008-03-26,11.25,11.4,10.8,10.97,24373.63,27121.55
600702.SH,2008-03-27,10.8,10.8,10.01,10.04,37821.28,39439.1
600702.SH,2008-03-28,10.0,10.4,9.18,10.29,51887.06,50965.15
600702.SH,2008-03-31,9.79,10.17,9.58,9.72,29304.67,28789.52
600702.SH,2008-04-01,9.87,9.87,8.75,8.75,39497.57,35780.67
600702.SH,2008-04-02,8.8,8.98,7.88,8.08,53896.96,44781.99
600702.SH,2008-04-03,8.05,8.46,7.85,8.26,34579.34,28267.64
600702.SH,2008-04-07,8.15,9.09,8.0,9.09,43044.97,37721.12
600702.SH,2008-04-08,9.34,9.88,9.33,9.47,84712.1,81613.65
600702.SH,2008-04-09,9.4,10.09,9.21,9.28,67277.89,65241.68
600702.SH,2008-04-10,9.11,9.99,9.1,9.89,62679.65,60994.84
600702.SH,2008-04-11,9.88,10.32,9.88,9.98,55231.59,55578.82
600702.SH,2008-04-14,9.71,9.84,8.98,8.98,55530.46,51860.95
600702.SH,2008-04-15,8.88,9.88,8.76,9.88,44142.68,40930.9
600702.SH,2008-04-16,9.84,10.18,9.66,9.85,56882.12,56623.24
600702.SH,2008-04-17,9.85,10.12,9.28,9.5,29384.07,28599.96
600702.SH,2008-04-18,9.38,9.47,8.6,9.11,26493.25,24385.11
600702.SH,2008-04-21,9.83,10.02,9.16,9.36,34852.57,33629.94
600702.SH,2008-04-22,9.18,9.4,8.8,9.39,26044.52,23668.65
600702.SH,2008-04-23,9.28,10.0,9.16,9.99,39590.67,38515.19
600702.SH,2008-04-24,10.98,10.99,10.52,10.99,101852.58,110372.58
600702.SH,2008-04-25,10.9,11.22,10.65,10.71,86266.7,94192.98
600702.SH,2008-04-28,10.5,11.78,10.39,11.78,168646.26,193689.05
600702.SH,2008-04-29,12.05,12.1,11.35,11.46,98996.13,114585.79
600702.SH,2008-04-30,11.6,12.01,11.5,11.83,79665.52,94244.09
600702.SH,2008-05-05,12.41,12.41,11.86,12.19,59403.48,72242.15
600702.SH,2008-05-06,12.21,12.21,11.58,11.77,59256.83,70038.96
600702.SH,2008-05-07,11.56,12.09,11.21,11.27,54871.51,64551.47
600702.SH,2008-05-08,11.03,11.58,11.02,11.5,37914.8,42803.65
600702.SH,2008-05-09,11.6,11.87,11.3,11.8,53784.38,62528.17
600702.SH,2008-05-12,11.55,12.64,11.36,12.29,82945.11,100843.76
600702.SH,2008-05-14,11.7,11.93,11.06,11.65,124811.0,143781.26
600702.SH,2008-05-15,11.51,11.98,11.45,11.47,66871.17,78190.84
600702.SH,2008-05-16,11.54,11.6,10.9,11.09,62127.61,69360.34
600702.SH,2008-05-19,11.09,11.15,10.55,10.74,42252.38,45556.47
600702.SH,2008-05-20,10.75,10.84,9.8,9.87,48486.6,50325.96
600702.SH,2008-05-21,9.8,10.42,9.35,10.36,48640.2,48038.95
600702.SH,2008-05-22,10.05,10.58,9.96,10.03,33167.3,33927.28
600702.SH,2008-05-23,10.05,10.11,9.65,9.75,31830.0,31173.61
600702.SH,2008-05-26,9.6,9.69,9.42,9.43,17672.18,16843.78
600702.SH,2008-05-27,9.4,9.65,9.35,9.52,13983.11,13264.39
600702.SH,2008-05-28,9.6,9.98,9.52,9.9,27486.97,26955.67
600702.SH,2008-05-29,9.8,9.94,9.56,9.57,18886.51,18433.6
600702.SH,2008-05-30,9.6,9.99,9.3,9.95,35938.65,34720.3
600702.SH,2008-06-02,10.03,10.2,9.9,10.15,43847.1,44011.43
600702.SH,2008-06-03,10.13,10.22,9.77,10.0,22267.99,22235.26
600702.SH,2008-06-04,9.9,10.27,9.7,10.18,34740.64,34770.66
600702.SH,2008-06-05,10.31,10.35,10.09,10.17,45739.37,46905.43
600702.SH,2008-06-06,10.08,10.37,9.9,10.23,37165.45,37757.68
600702.SH,2008-06-10,10.16,10.49,9.21,9.54,78119.91,77080.74
600702.SH,2008-06-11,9.7,9.93,9.05,9.11,59893.52,56379.3
600702.SH,2008-06-12,9.0,9.0,8.29,8.43,47817.32,40690.28
600702.SH,2008-06-13,8.4,8.49,7.9,7.98,37389.11,30434.97
600702.SH,2008-06-16,8.0,8.19,7.32,7.98,42398.96,32926.09
600702.SH,2008-06-17,7.82,7.9,7.6,7.74,35839.73,27633.28
600702.SH,2008-06-18,7.67,8.26,7.25,8.15,45207.63,35584.96
600702.SH,2008-06-19,8.08,8.1,7.34,7.34,37385.71,28487.06
600702.SH,2008-06-23,7.5,7.63,7.28,7.37,20384.98,15240.54
600702.SH,2008-06-24,7.3,7.7,7.3,7.63,15976.98,12080.61
600702.SH,2008-06-25,7.68,8.17,7.55,8.09,25641.83,20447.0
600702.SH,2008-06-26,8.0,8.25,7.9,8.13,29347.03,23762.85
600702.SH,2008-06-27,7.88,7.94,7.4,7.49,25070.5,19170.25
600702.SH,2008-06-30,7.26,7.61,7.26,7.57,14423.64,10758.26
600702.SH,2008-07-01,7.6,7.65,7.22,7.25,13298.0,9826.87
600702.SH,2008-07-02,7.29,7.46,7.01,7.36,13864.36,10140.15
600702.SH,2008-07-03,7.19,7.8,7.12,7.62,24393.34,18293.53
600702.SH,2008-07-04,7.54,7.68,7.29,7.47,24319.35,18202.98
600702.SH,2008-07-07,7.39,7.96,7.39,7.93,31768.42,24789.56
600702.SH,2008-07-08,8.0,8.72,7.82,8.72,84487.69,71021.08
600702.SH,2008-07-09,8.6,8.81,8.53,8.75,68512.05,59417.98
600702.SH,2008-07-10,8.48,8.79,8.3,8.33,45232.72,38887.76
600702.SH,2008-07-11,8.26,8.4,8.0,8.19,44898.18,36490.41
600702.SH,2008-07-14,8.11,8.35,8.01,8.31,24531.97,20217.08
600702.SH,2008-07-15,8.4,8.4,8.0,8.15,33106.5,26997.1
600702.SH,2008-07-16,8.06,8.1,7.4,7.69,34194.34,26462.45
600702.SH,2008-07-17,7.77,8.12,7.7,7.76,29615.84,23429.52
600702.SH,2008-07-18,7.88,8.35,7.78,8.3,46073.13,37318.54
600702.SH,2008-07-21,8.26,8.66,8.16,8.6,43146.09,36601.25
600702.SH,2008-07-22,8.61,8.78,8.48,8.51,33380.54,28711.42
600702.SH,2008-07-23,8.61,8.98,8.45,8.66,59280.76,51379.18
600702.SH,2008-07-24,8.69,9.08,8.67,8.9,79872.16,71444.69
600702.SH,2008-07-25,8.81,8.85,8.58,8.62,36889.73,32119.33
600702.SH,2008-07-28,8.68,8.8,8.58,8.76,39282.33,34076.9
600702.SH,2008-07-29,8.58,8.72,8.5,8.51,29924.76,25650.82
600702.SH,2008-07-30,8.68,8.72,8.42,8.53,15616.08,13361.89
600702.SH,2008-07-31,8.59,8.7,8.31,8.65,32236.2,27357.97
600702.SH,2008-08-01,8.6,8.76,8.37,8.71,50831.72,43787.61
600702.SH,2008-08-04,8.77,9.1,8.66,8.69,86206.33,76505.15
600702.SH,2008-08-05,8.63,8.63,7.95,8.01,39480.92,32738.87
600702.SH,2008-08-06,8.07,8.12,7.71,7.89,25323.02,20003.56
600702.SH,2008-08-07,7.89,8.14,7.8,8.08,17072.2,13675.73
600702.SH,2008-08-08,8.1,8.2,7.31,7.41,22215.3,17230.23
600702.SH,2008-08-11,7.4,7.41,6.67,6.73,32886.89,22955.3
600702.SH,2008-08-12,6.72,6.9,6.51,6.64,17671.0,11832.97
600702.SH,2008-08-13,6.66,6.84,6.49,6.81,17266.88,11465.15
600702.SH,2008-08-14,6.88,6.95,6.75,6.87,13138.2,9023.5
600702.SH,2008-08-15,6.89,6.99,6.7,6.89,16084.17,11014.38
600702.SH,2008-08-18,6.89,6.89,6.49,6.53,23331.52,15316.94
600702.SH,2008-08-19,6.5,6.68,6.38,6.62,9094.46,5980.19
600702.SH,2008-08-20,6.5,7.24,6.43,7.22,32971.41,23149.44
600702.SH,2008-08-21,7.06,7.56,6.9,7.51,59416.47,43197.86
600702.SH,2008-08-22,7.4,7.4,6.76,6.94,49702.37,34990.35
600702.SH,2008-08-25,6.88,7.01,6.66,6.87,30104.68,20652.61
600702.SH,2008-08-26,6.75,6.87,6.43,6.52,22983.08,15158.72
600702.SH,2008-08-27,6.43,6.64,6.37,6.54,12365.54,8040.83
600702.SH,2008-08-28,6.6,6.69,6.5,6.56,7771.34,5125.26
600702.SH,2008-08-29,6.64,6.82,6.58,6.72,15940.03,10731.7
600702.SH,2008-09-01,6.75,6.76,6.46,6.5,11960.15,7852.32
600702.SH,2008-09-02,6.45,6.69,6.42,6.58,6791.91,4460.46
600702.SH,2008-09-03,6.56,6.68,6.45,6.62,10272.53,6744.36
600702.SH,2008-09-04,6.62,6.74,6.57,6.71,12528.39,8365.52
600702.SH,2008-09-05,6.5,6.58,6.3,6.32,13244.43,8530.75
600702.SH,2008-09-08,6.32,6.41,5.79,5.81,13730.03,8229.66
600702.SH,2008-09-09,5.97,5.98,5.7,5.85,8951.49,5204.21
600702.SH,2008-09-10,5.8,6.03,5.73,5.85,12731.16,7499.48
600702.SH,2008-09-11,5.84,5.93,5.65,5.65,9490.52,5472.0
600702.SH,2008-09-12,5.65,5.75,5.58,5.65,6942.23,3944.22
600702.SH,2008-09-16,5.66,5.67,5.23,5.37,13290.12,7245.26
600702.SH,2008-09-17,5.38,5.5,5.24,5.41,12880.66,6923.03
600702.SH,2008-09-18,5.28,5.37,4.99,5.23,17437.24,9082.5
600702.SH,2008-09-19,5.75,5.75,5.6,5.75,18826.14,10784.33
600702.SH,2008-09-22,6.17,6.33,5.78,6.01,51886.84,31645.64
600702.SH,2008-09-23,5.81,5.81,5.43,5.48,30177.07,16892.54
600702.SH,2008-09-24,5.48,5.59,5.27,5.58,24837.69,13344.06
600702.SH,2008-09-25,5.52,5.74,5.42,5.7,30125.69,17048.24
600702.SH,2008-09-26,5.75,5.75,5.52,5.62,21698.97,12246.42
600702.SH,2008-10-06,5.57,5.57,5.35,5.39,13101.59,7103.34
600702.SH,2008-10-07,5.3,5.43,5.18,5.33,10778.94,5698.59
600702.SH,2008-10-08,5.23,5.33,5.21,5.25,8352.3,4383.65
600702.SH,2008-10-09,5.36,5.37,5.18,5.18,13053.7,6855.23
600702.SH,2008-10-10,5.01,5.1,4.85,4.89,15649.09,7750.82
600702.SH,2008-10-13,4.71,4.92,4.6,4.91,15770.13,7487.57
600702.SH,2008-10-14,5.05,5.17,4.75,4.77,17419.0,8689.89
600702.SH,2008-10-15,4.77,4.77,4.65,4.72,9634.03,4537.0
600702.SH,2008-10-16,4.58,4.64,4.5,4.55,12448.79,5705.18
600702.SH,2008-10-17,4.6,4.7,4.53,4.64,11917.87,5506.37
600702.SH,2008-10-20,4.62,5.05,4.58,5.0,36064.0,17748.76
600702.SH,2008-10-21,4.97,5.04,4.87,4.93,27208.7,13510.05
600702.SH,2008-10-22,4.88,5.15,4.81,4.99,31714.07,15943.29
600702.SH,2008-10-23,4.85,5.13,4.8,5.09,21047.37,10518.47
600702.SH,2008-10-24,5.09,5.16,4.93,4.98,16798.24,8431.67
600702.SH,2008-10-27,4.95,5.04,4.72,4.81,24936.94,12140.53
600702.SH,2008-10-28,4.75,5.09,4.63,5.07,30705.62,15093.77
600702.SH,2008-10-29,5.14,5.23,4.91,4.92,46300.65,23593.53
600702.SH,2008-10-30,4.92,5.07,4.85,4.96,23646.79,11699.32
600702.SH,2008-10-31,4.96,5.0,4.79,4.82,17186.96,8420.37
600702.SH,2008-11-03,4.79,4.85,4.68,4.72,10610.42,5057.1
600702.SH,2008-11-04,4.75,4.8,4.5,4.64,21643.4,10045.96
600702.SH,2008-11-05,4.68,4.83,4.6,4.82,18630.12,8860.05
600702.SH,2008-11-06,4.66,4.87,4.63,4.85,19391.49,9219.04
600702.SH,2008-11-07,4.76,4.95,4.73,4.89,23178.82,11236.18
600702.SH,2008-11-10,4.93,5.28,4.93,5.23,42953.87,22047.63
600702.SH,2008-11-11,5.17,5.23,5.06,5.06,35299.74,18111.27
600702.SH,2008-11-12,5.02,5.14,5.0,5.12,21328.12,10856.44
600702.SH,2008-11-13,5.13,5.44,5.06,5.34,55139.85,29063.6
600702.SH,2008-11-14,5.35,5.87,5.28,5.87,114480.86,65533.88
600702.SH,2008-11-17,6.0,6.28,5.93,6.13,147075.08,89559.08
600702.SH,2008-11-18,6.08,6.08,5.52,5.52,70769.87,40979.72
600702.SH,2008-11-19,5.4,5.97,5.39,5.9,54287.84,31007.14
600702.SH,2008-11-20,5.76,6.13,5.64,6.0,72944.61,42864.08
600702.SH,2008-11-21,5.76,6.02,5.52,5.79,50713.93,29285.34
600702.SH,2008-11-24,5.8,5.96,5.58,5.6,33018.35,19113.89
600702.SH,2008-11-25,5.66,5.8,5.38,5.51,26707.06,14820.46
600702.SH,2008-11-26,5.49,5.62,5.45,5.5,21543.69,11930.77
600702.SH,2008-11-27,5.95,5.95,5.55,5.57,41900.41,24060.88
600702.SH,2008-11-28,5.56,5.74,5.51,5.62,29841.2,16782.27
600702.SH,2008-12-01,5.6,5.82,5.53,5.82,38270.51,21933.8
600702.SH,2008-12-02,5.7,5.99,5.65,5.93,69085.95,40512.38
600702.SH,2008-12-03,5.93,6.15,5.9,6.15,93237.68,56344.96
600702.SH,2008-12-04,6.18,6.37,6.15,6.32,153194.88,96301.42
600702.SH,2008-12-05,6.29,6.45,6.27,6.3,92145.54,58495.03
600702.SH,2008-12-08,6.35,6.52,6.25,6.47,149158.7,94998.93
600702.SH,2008-12-09,6.4,6.43,6.08,6.1,89704.97,55838.69
600702.SH,2008-12-10,6.12,6.25,6.0,6.22,61720.35,38022.63
600702.SH,2008-12-11,6.22,6.27,6.0,6.02,45399.31,28063.81
600702.SH,2008-12-12,6.0,6.02,5.7,5.75,56211.46,32968.96
600702.SH,2008-12-15,5.84,5.96,5.76,5.91,33866.55,19820.55
600702.SH,2008-12-16,5.91,5.96,5.74,5.95,30270.77,17712.04
600702.SH,2008-12-17,5.96,6.22,5.95,6.14,64762.68,39645.35
600702.SH,2008-12-18,6.15,6.39,6.06,6.35,59838.01,37324.42
600702.SH,2008-12-19,6.33,6.52,6.25,6.38,80253.23,51439.56
600702.SH,2008-12-22,6.45,6.74,6.38,6.6,102161.68,66549.01
600702.SH,2008-12-23,6.61,6.69,6.15,6.28,63313.89,40385.85
600702.SH,2008-12-24,6.2,6.74,6.15,6.64,138972.15,90500.51
600702.SH,2008-12-25,6.65,6.65,6.3,6.39,84520.72,54176.2
600702.SH,2008-12-26,6.4,6.45,5.93,6.0,73563.29,44818.17
600702.SH,2008-12-29,5.98,5.99,5.67,5.88,42197.45,24403.05
600702.SH,2008-12-30,5.9,5.95,5.75,5.82,41806.87,24407.55
600702.SH,2009-01-05,5.75,5.96,5.68,5.95,31574.28,18437.69
600702.SH,2009-01-06,5.93,6.19,5.87,6.16,49877.92,30208.61
600702.SH,2009-01-07,6.13,6.27,6.1,6.13,43020.42,26590.13
600702.SH,2009-01-08,6.02,6.05,5.81,5.9,40135.74,23872.52
600702.SH,2009-01-09,5.9,6.15,5.86,6.15,42473.58,25811.2
600702.SH,2009-01-12,6.16,6.31,6.1,6.19,65626.5,40701.48
600702.SH,2009-01-13,6.1,6.22,5.98,6.01,37249.17,22607.25
600702.SH,2009-01-14,6.0,6.36,6.0,6.35,91403.54,57226.75
600702.SH,2009-01-15,6.26,6.53,6.24,6.41,88767.3,56746.41
600702.SH,2009-01-16,6.43,6.84,6.4,6.6,125513.98,83369.21
600702.SH,2009-01-19,6.68,6.69,6.52,6.58,78042.04,51493.43
600702.SH,2009-01-20,6.56,6.75,6.55,6.65,54909.79,36547.04
600702.SH,2009-01-21,6.6,6.65,6.41,6.43,46933.63,30657.99
600702.SH,2009-01-22,6.52,6.74,6.52,6.72,73143.38,48770.86
600702.SH,2009-01-23,6.69,6.9,6.69,6.71,72969.62,49590.15
600702.SH,2009-02-02,6.75,6.99,6.66,6.98,77652.3,53027.03
600702.SH,2009-02-03,6.98,7.4,6.86,7.2,102845.47,73686.41
600702.SH,2009-02-04,7.19,7.32,7.1,7.21,68674.92,49316.19
600702.SH,2009-02-05,7.21,7.28,6.98,7.03,50122.09,35641.45
600702.SH,2009-02-06,7.0,7.33,7.0,7.3,75689.19,54599.99
600702.SH,2009-02-09,7.39,7.8,7.22,7.67,108320.08,81749.96
600702.SH,2009-02-10,7.6,8.44,7.52,8.43,188388.17,153098.37
600702.SH,2009-02-11,8.3,9.0,8.16,8.45,148198.21,126154.97
600702.SH,2009-02-12,8.5,8.6,8.2,8.49,76761.99,64590.32
600702.SH,2009-02-13,8.62,9.08,8.62,8.91,74680.84,66360.54
600702.SH,2009-02-16,8.92,9.05,8.59,8.82,78432.09,68830.76
600702.SH,2009-02-17,8.82,8.92,8.34,8.41,65137.1,55884.93
600702.SH,2009-02-18,8.12,8.65,8.08,8.11,69141.17,57867.89
600702.SH,2009-02-19,8.21,8.43,8.07,8.26,45364.23,37348.05
600702.SH,2009-02-20,8.36,8.36,8.14,8.34,37136.59,30748.67
600702.SH,2009-02-23,8.33,8.81,8.3,8.73,52419.56,45096.78
600702.SH,2009-02-24,8.5,8.85,8.1,8.19,51731.25,43928.62
600702.SH,2009-02-25,8.28,8.3,7.6,7.98,72063.52,56951.06
600702.SH,2009-02-26,7.93,8.05,7.18,7.34,46383.6,35543.99
600702.SH,2009-02-27,7.34,7.48,7.01,7.12,33834.63,24451.94
600702.SH,2009-03-02,7.17,7.38,7.08,7.35,21295.99,15536.17
600702.SH,2009-03-03,7.28,7.45,7.01,7.31,30490.81,22144.54
600702.SH,2009-03-04,7.28,7.77,7.28,7.69,44176.81,33303.54
600702.SH,2009-03-05,7.7,7.88,7.46,7.65,42753.36,32818.69
600702.SH,2009-03-06,7.49,7.68,7.36,7.58,30593.71,22985.06
600702.SH,2009-03-09,7.58,7.72,7.22,7.22,29312.27,22034.56
600702.SH,2009-03-10,7.19,7.38,7.15,7.37,19057.11,13888.56
600702.SH,2009-03-11,7.4,7.53,7.3,7.39,22152.04,16378.53
600702.SH,2009-03-12,7.39,7.39,7.09,7.25,20405.76,14717.17
600702.SH,2009-03-13,7.25,7.46,7.25,7.38,26223.36,19293.92
600702.SH,2009-03-16,7.3,7.53,7.27,7.52,20927.12,15502.01
600702.SH,2009-03-17,7.49,8.04,7.45,7.99,78892.8,61443.06
600702.SH,2009-03-18,7.88,8.23,7.69,7.98,113161.05,89397.43
600702.SH,2009-03-19,7.91,8.19,7.88,8.11,66029.59,53192.18
600702.SH,2009-03-20,8.03,8.13,7.8,7.94,40061.05,31963.55
600702.SH,2009-03-23,7.92,8.05,7.89,8.04,48018.61,38207.31
600702.SH,2009-03-24,8.07,8.12,7.88,7.93,52420.49,41972.51
600702.SH,2009-03-25,7.89,7.89,7.64,7.64,53082.89,41068.38
600702.SH,2009-03-26,7.64,7.79,7.53,7.78,43669.24,33379.0
600702.SH,2009-03-27,7.76,7.82,7.69,7.76,42560.47,32918.83
600702.SH,2009-03-30,7.8,7.95,7.73,7.83,35467.5,27800.22
600702.SH,2009-03-31,7.7,7.96,7.55,7.95,46511.12,36191.08
600702.SH,2009-04-01,7.98,8.23,7.93,8.21,88355.54,71252.73
600702.SH,2009-04-02,8.28,8.48,8.16,8.17,98783.45,82284.58
600702.SH,2009-04-03,8.17,8.24,7.97,8.05,70592.03,57167.47
600702.SH,2009-04-07,8.11,8.34,8.02,8.21,48678.29,39765.38
600702.SH,2009-04-08,8.25,8.45,8.05,8.09,91067.28,75674.77
600702.SH,2009-04-09,8.14,8.29,8.05,8.24,60027.73,49150.17
600702.SH,2009-04-10,8.28,8.55,8.17,8.5,117935.03,99147.15
600702.SH,2009-04-13,8.7,8.7,8.27,8.46,83440.57,70258.36
600702.SH,2009-04-14,8.44,8.63,8.32,8.58,78043.42,66552.14
600702.SH,2009-04-15,8.63,8.85,8.39,8.78,128556.56,111010.62
600702.SH,2009-04-16,8.78,8.78,8.53,8.54,56304.1,48589.72
600702.SH,2009-04-17,8.5,8.55,8.33,8.36,59750.62,50381.6
600702.SH,2009-04-20,8.3,8.81,8.23,8.77,84401.47,72748.53
600702.SH,2009-04-21,8.7,8.9,8.6,8.8,103260.86,90361.38
600702.SH,2009-04-22,9.05,9.1,8.2,8.26,132710.21,116000.04
600702.SH,2009-04-23,8.18,8.34,8.12,8.24,51017.58,41977.06
600702.SH,2009-04-24,8.25,8.7,8.25,8.42,93906.92,80047.07
600702.SH,2009-04-28,7.89,8.09,7.76,8.01,57888.14,45793.41
600702.SH,2009-04-29,8.0,8.12,7.82,8.09,41980.76,33479.43
600702.SH,2009-04-30,8.03,8.16,8.03,8.09,38346.15,31029.01
600702.SH,2009-05-04,8.08,8.35,8.06,8.33,44030.5,36165.85
600702.SH,2009-05-05,8.46,8.47,8.24,8.41,53320.61,44524.12
600702.SH,2009-05-06,8.39,8.64,8.33,8.59,88096.45,75251.44
600702.SH,2009-05-07,8.65,8.86,8.32,8.49,81589.86,69898.06
600702.SH,2009-05-08,8.45,8.67,8.4,8.58,78435.26,67072.67
600702.SH,2009-05-11,8.58,8.64,7.99,8.0,127032.3,104797.13
600702.SH,2009-05-12,8.0,8.33,7.85,8.23,90196.67,72637.15
600702.SH,2009-05-13,8.16,8.52,8.15,8.51,93523.09,77997.34
600702.SH,2009-05-14,8.43,8.7,8.38,8.58,111959.87,96104.58
600702.SH,2009-05-15,8.61,8.8,8.56,8.68,92308.32,80157.31
600702.SH,2009-05-18,8.7,9.39,8.57,9.25,184965.22,167447.33
600702.SH,2009-05-19,9.18,9.55,9.15,9.31,173629.01,162825.65
600702.SH,2009-05-20,9.26,9.53,9.16,9.17,131284.47,122460.68
600702.SH,2009-05-21,9.19,9.3,8.87,9.25,116579.04,106268.61
600702.SH,2009-05-22,9.15,10.08,9.12,9.86,179273.49,173784.17
600702.SH,2009-05-25,9.64,10.24,9.5,10.1,193862.16,193276.4
600702.SH,2009-05-26,10.05,10.65,9.86,10.49,174481.37,180441.31
600702.SH,2009-05-27,10.59,10.78,10.2,10.26,157213.72,163683.28
600702.SH,2009-06-01,10.44,10.44,10.15,10.23,94696.17,97223.24
600702.SH,2009-06-02,10.31,11.12,10.24,10.92,189893.96,202510.82
600702.SH,2009-06-03,10.8,11.44,10.78,11.05,212598.32,235204.51
600702.SH,2009-06-04,11.05,11.21,10.6,10.87,104159.56,113344.74
600702.SH,2009-06-05,10.87,11.35,10.6,10.95,135423.53,149515.86
600702.SH,2009-06-08,10.95,11.19,10.56,10.96,67570.6,73302.6
600702.SH,2009-06-09,10.97,11.28,10.79,11.25,92396.24,102589.06
600702.SH,2009-06-10,11.25,11.29,11.0,11.09,87624.33,97344.19
600702.SH,2009-06-11,11.01,11.16,10.84,10.89,58861.72,64391.78
600702.SH,2009-06-12,10.88,10.88,10.24,10.45,89197.28,93914.43
600702.SH,2009-06-15,10.49,11.13,10.31,11.11,84235.63,90932.31
600702.SH,2009-06-16,10.94,11.03,10.8,10.81,45812.83,50059.0
600702.SH,2009-06-17,10.72,11.23,10.72,11.14,84350.26,93533.83
600702.SH,2009-06-18,11.14,12.25,11.01,11.91,227384.17,272151.64
600702.SH,2009-06-19,11.7,11.93,11.44,11.76,126859.41,147735.33
600702.SH,2009-06-22,11.72,11.83,11.07,11.27,103779.82,117849.12
600702.SH,2009-06-23,11.0,11.23,10.96,11.09,46975.13,52302.27
600702.SH,2009-06-24,11.06,11.39,11.0,11.17,55206.18,61490.77
600702.SH,2009-06-25,11.13,11.25,10.78,10.9,63063.65,69395.79
600702.SH,2009-06-26,10.9,11.07,10.7,10.97,45839.85,49833.17
600702.SH,2009-06-29,10.96,11.7,10.96,11.59,95850.16,109594.35
600702.SH,2009-06-30,11.65,11.7,11.2,11.28,52591.22,59716.14
600702.SH,2009-07-01,11.3,11.5,11.23,11.37,48059.28,54567.87
600702.SH,2009-07-02,11.37,11.45,11.12,11.19,58863.41,66123.47
600702.SH,2009-07-03,11.17,11.57,11.02,11.5,107966.08,123057.5
600702.SH,2009-07-06,11.6,12.38,11.38,12.24,158014.72,188748.04
600702.SH,2009-07-07,12.27,12.93,12.08,12.41,166322.86,209036.63
600702.SH,2009-07-08,12.37,12.86,12.1,12.79,134396.21,169793.47
600702.SH,2009-07-09,12.79,14.07,12.7,13.76,194895.39,261645.37
600702.SH,2009-07-10,14.05,14.71,13.56,14.22,142783.41,201109.69
600702.SH,2009-07-13,14.0,14.5,13.75,13.98,162706.01,227854.17
600702.SH,2009-07-14,13.9,14.16,13.7,13.99,80286.79,111945.49
600702.SH,2009-07-15,14.0,14.09,13.55,13.89,111198.03,152646.69
600702.SH,2009-07-16,13.88,14.88,13.61,14.56,172302.75,245335.82
600702.SH,2009-07-17,14.7,15.56,14.7,15.48,172331.28,262573.28
600702.SH,2009-07-20,15.52,16.3,15.17,15.31,194328.52,305743.3
600702.SH,2009-07-21,15.29,16.29,15.18,15.94,202478.19,323233.5
600702.SH,2009-07-22,15.92,16.22,15.62,16.1,123300.74,197291.94
600702.SH,2009-07-23,16.02,16.58,15.85,16.13,86739.96,140870.56
600702.SH,2009-07-24,16.13,16.13,15.3,15.58,102207.62,160315.25
600702.SH,2009-07-27,15.46,15.95,15.16,15.62,78118.85,122104.84
600702.SH,2009-07-28,15.5,15.81,15.38,15.5,65839.43,102469.27
600702.SH,2009-07-29,15.5,15.55,13.95,15.12,143736.26,213023.26
600702.SH,2009-07-30,14.97,15.37,14.9,15.35,103410.41,156618.52
600702.SH,2009-07-31,15.4,16.18,15.39,15.95,122737.55,196105.1
600702.SH,2009-08-03,16.23,16.9,16.2,16.35,176491.11,291600.61
600702.SH,2009-08-04,16.15,16.9,15.8,16.74,154422.06,253125.4
600702.SH,2009-08-05,16.78,17.68,16.5,17.19,177016.12,306083.91
600702.SH,2009-08-06,17.05,18.82,16.85,18.38,255618.34,460217.79
600702.SH,2009-08-07,18.38,18.67,17.56,18.06,105299.52,191642.4
600702.SH,2009-08-10,18.03,18.35,17.3,18.02,97138.88,172335.24
600702.SH,2009-08-11,17.84,18.5,17.76,18.35,67953.28,123962.64
600702.SH,2009-08-12,18.55,18.55,17.28,17.56,87951.79,156356.69
600702.SH,2009-08-13,17.59,17.77,17.05,17.4,63596.32,109997.78
600702.SH,2009-08-14,17.6,17.6,16.0,16.38,123848.18,206891.47
600702.SH,2009-08-17,16.38,16.38,15.38,15.69,91999.19,145473.45
600702.SH,2009-08-18,15.52,15.99,15.15,15.98,70650.43,109798.8
600702.SH,2009-08-19,15.98,16.14,14.5,14.89,42984.14,66371.74
600702.SH,2009-08-20,14.7,15.8,13.81,15.78,106746.48,159606.69
600702.SH,2009-08-21,15.81,16.3,15.4,16.0,86778.49,138386.32
600702.SH,2009-08-24,15.99,16.47,15.58,16.27,86409.8,138385.91
600702.SH,2009-08-25,16.05,16.28,15.1,15.61,57007.37,89068.48
600702.SH,2009-08-26,15.5,15.98,15.38,15.78,59093.14,93086.6
600702.SH,2009-08-27,15.75,16.3,15.6,15.97,66459.19,106824.04
600702.SH,2009-08-28,15.93,15.95,15.28,15.69,53439.0,83424.49
600702.SH,2009-08-31,15.53,15.53,14.21,14.5,86485.73,126091.23
600702.SH,2009-09-01,14.28,14.9,14.28,14.74,59058.72,86385.57
600702.SH,2009-09-02,14.61,15.05,14.21,14.55,50015.08,72748.35
600702.SH,2009-09-03,14.56,15.38,14.4,15.35,46989.5,70403.73
600702.SH,2009-09-04,15.22,16.06,15.05,15.88,48042.96,75333.02
600702.SH,2009-09-07,16.09,17.1,15.9,16.81,147294.31,245357.5
600702.SH,2009-09-08,16.87,17.33,16.34,16.74,132466.54,224101.14
600702.SH,2009-09-09,16.8,16.89,16.05,16.58,82754.09,135621.62
600702.SH,2009-09-10,16.28,17.13,16.1,17.09,99098.01,167110.91
600702.SH,2009-09-11,17.0,17.17,16.71,16.84,63116.12,106970.85
600702.SH,2009-09-14,16.94,17.03,16.55,16.8,61943.26,103908.2
600702.SH,2009-09-15,16.85,17.0,16.33,16.4,103283.01,171678.97
600702.SH,2009-09-16,16.41,16.67,15.54,15.78,165115.63,262769.81
600702.SH,2009-09-17,15.78,16.04,15.66,15.82,171816.11,271687.13
600702.SH,2009-09-18,15.85,16.99,15.55,16.69,315874.22,512101.21
600702.SH,2009-09-21,16.4,16.55,15.8,16.49,144686.09,235361.39
600702.SH,2009-09-22,16.35,16.99,16.25,16.59,170738.61,285985.51
600702.SH,2009-09-23,16.5,16.78,15.76,15.8,80774.32,130937.39
600702.SH,2009-09-24,15.52,15.52,14.6,15.27,98963.12,149086.86
600702.SH,2009-09-25,15.1,15.19,14.83,15.13,44110.79,66209.55
600702.SH,2009-09-28,15.14,15.29,14.45,14.51,40594.7,60543.93
600702.SH,2009-09-29,14.51,14.79,13.49,13.85,47825.54,66844.93
600702.SH,2009-09-30,13.91,14.2,13.7,13.7,45965.46,63947.41
600702.SH,2009-10-09,13.9,14.43,13.9,14.33,51066.85,72262.19
600702.SH,2009-10-12,14.4,15.47,14.38,15.13,101372.55,153870.68
600702.SH,2009-10-13,15.15,15.83,15.15,15.51,76503.14,118849.67
600702.SH,2009-10-14,15.58,17.06,15.5,17.01,227561.07,375531.81
600702.SH,2009-10-15,17.01,17.26,16.42,16.81,128522.41,216257.38
600702.SH,2009-10-16,16.82,17.47,16.6,16.96,146750.67,250244.19
600702.SH,2009-10-19,16.86,16.86,16.36,16.73,108384.02,180056.57
600702.SH,2009-10-20,16.73,17.37,16.53,17.28,145731.37,248639.93
600702.SH,2009-10-21,17.3,17.36,16.7,16.78,109732.26,187170.68
600702.SH,2009-10-22,16.75,17.12,16.58,16.77,69626.04,117305.45
600702.SH,2009-10-23,16.77,17.96,16.75,17.78,194191.54,338513.29
600702.SH,2009-10-26,17.77,17.99,17.58,17.74,96546.2,171909.2
600702.SH,2009-10-27,17.85,17.85,16.99,17.0,88564.16,154050.59
600702.SH,2009-10-28,17.05,17.19,16.6,17.03,57026.71,96194.35
600702.SH,2009-10-29,16.85,16.96,16.52,16.77,39123.11,65364.53
600702.SH,2009-10-30,16.82,17.0,16.53,16.78,48400.94,81367.85
600702.SH,2009-11-02,16.3,16.92,16.27,16.91,58749.69,97645.44
600702.SH,2009-11-04,17.15,17.29,16.86,17.19,81779.85,139885.36
600702.SH,2009-11-05,17.17,17.76,17.0,17.35,73402.59,127880.63
600702.SH,2009-11-06,17.43,17.67,17.01,17.11,82446.84,142489.89
600702.SH,2009-11-09,17.11,17.77,16.88,17.6,99729.77,173483.5
600702.SH,2009-11-10,17.61,19.05,17.61,18.52,322039.06,596935.58
600702.SH,2009-11-11,18.47,19.0,18.13,19.0,162155.52,302601.89
600702.SH,2009-11-12,19.0,19.98,19.0,19.47,188735.57,370684.19
600702.SH,2009-11-13,19.48,19.8,19.15,19.33,105712.47,205629.2
600702.SH,2009-11-16,19.45,19.62,18.2,18.54,373479.51,706203.45
600702.SH,2009-11-17,18.4,18.66,18.21,18.56,200820.02,369577.88
600702.SH,2009-11-18,18.55,18.69,18.13,18.33,111196.23,204397.71
600702.SH,2009-11-19,18.5,18.66,18.29,18.62,150537.36,278181.99
600702.SH,2009-11-20,18.62,18.63,18.22,18.35,121294.63,222934.37
600702.SH,2009-11-23,18.1,18.86,17.81,18.79,293863.09,541423.52
600702.SH,2009-11-24,18.78,18.78,17.53,17.77,223405.77,408005.94
600702.SH,2009-11-25,17.65,18.03,17.1,17.87,132926.31,235634.92
600702.SH,2009-11-26,17.9,17.94,16.73,16.83,204831.92,352809.95
600702.SH,2009-11-27,16.7,16.7,16.07,16.16,108993.85,177857.22
600702.SH,2009-11-30,16.26,17.17,16.26,17.1,112182.22,188798.09
600702.SH,2009-12-01,17.07,17.67,16.9,17.53,117567.46,202620.87
600702.SH,2009-12-02,17.59,17.59,17.3,17.41,96447.76,167740.97
600702.SH,2009-12-03,17.35,17.36,17.05,17.24,71298.45,122389.8
600702.SH,2009-12-04,17.19,17.19,16.35,16.72,101647.64,170965.17
600702.SH,2009-12-07,17.02,17.55,17.02,17.54,133814.89,231844.59
600702.SH,2009-12-08,17.59,17.59,17.14,17.3,76333.91,132092.18
600702.SH,2009-12-09,17.17,17.45,17.0,17.18,43186.28,74316.93
600702.SH,2009-12-10,17.29,17.59,17.21,17.58,93016.49,161839.94
600702.SH,2009-12-11,17.61,17.97,17.47,17.69,127989.29,227361.06
600702.SH,2009-12-14,17.7,17.88,17.0,17.22,90494.08,156538.42
600702.SH,2009-12-15,17.26,17.35,17.0,17.07,59949.35,102494.88
600702.SH,2009-12-16,17.11,17.28,17.0,17.11,39449.31,67460.12
600702.SH,2009-12-17,17.11,17.2,16.39,16.4,76364.35,126586.16
600702.SH,2009-12-18,16.35,16.35,15.65,15.68,54224.19,86267.59
600702.SH,2009-12-21,15.67,16.0,15.51,15.96,42293.54,66972.23
600702.SH,2009-12-22,15.99,16.23,15.52,15.62,40556.57,64533.28
600702.SH,2009-12-23,15.42,15.93,15.42,15.86,35501.14,55765.16
600702.SH,2009-12-24,15.86,16.65,15.8,16.4,75006.91,122794.23
600702.SH,2009-12-25,16.55,16.81,16.3,16.63,65380.88,108812.39
600702.SH,2009-12-28,16.58,16.79,16.5,16.67,45322.17,75448.17
600702.SH,2009-12-29,16.67,16.68,16.18,16.4,53554.72,87723.17
600702.SH,2009-12-30,16.4,16.4,16.06,16.23,49091.67,79433.8
600702.SH,2015-01-05,18.51,20.3,18.16,19.89,220342.87,428865.16
600702.SH,2015-01-06,19.66,20.57,19.25,19.98,138970.74,275456.21
600702.SH,2015-01-07,19.99,20.51,19.71,20.1,105833.31,213340.87
600702.SH,2015-01-08,20.09,20.88,19.51,20.49,135431.37,273659.93
600702.SH,2015-01-16,22.0,22.0,18.89,19.49,266049.63,526571.63
600702.SH,2015-01-19,18.71,19.21,17.58,17.66,154186.05,283425.84
600702.SH,2015-01-20,17.75,18.65,17.75,18.5,122111.78,223229.95
600702.SH,2015-01-21,18.35,19.16,18.35,19.02,70664.32,133432.38
600702.SH,2015-01-22,19.03,19.9,19.03,19.88,79430.15,155749.94
600702.SH,2015-01-23,19.9,20.1,19.2,19.38,85382.09,167522.92
600702.SH,2015-01-26,19.4,19.59,19.17,19.47,53960.62,104339.34
600702.SH,2015-01-27,19.41,19.66,18.6,19.02,74775.79,142753.97
600702.SH,2015-01-28,19.03,19.43,18.98,19.18,38834.16,74404.58
600702.SH,2015-01-29,18.97,19.18,18.7,18.93,29124.01,55003.5
600702.SH,2015-01-30,18.94,19.47,18.85,19.2,54066.64,103811.7
600702.SH,2015-02-02,19.06,19.17,18.55,19.06,49657.19,93662.92
600702.SH,2015-02-03,19.15,19.2,18.88,18.98,39429.18,74895.22
600702.SH,2015-02-04,19.07,19.28,18.8,19.11,44860.07,85305.81
600702.SH,2015-02-05,19.11,19.49,18.92,18.94,71556.86,138064.01
600702.SH,2015-02-06,18.8,19.0,17.47,17.64,133117.59,238846.79
600702.SH,2015-02-09,17.57,18.3,17.38,17.74,70238.52,125796.33
600702.SH,2015-02-10,17.72,18.1,16.73,17.98,108566.53,187733.46
600702.SH,2015-02-11,17.64,19.01,17.5,18.77,101156.18,183573.06
600702.SH,2015-02-12,17.58,18.49,17.51,17.98,97141.69,173616.56
600702.SH,2015-02-13,17.87,18.16,17.72,17.88,76956.42,137472.19
600702.SH,2015-02-16,17.88,17.88,17.62,17.77,56123.56,99671.31
600702.SH,2015-02-17,17.87,17.87,17.68,17.73,40151.08,71217.0
600702.SH,2015-02-25,17.8,17.8,17.45,17.5,51376.34,90538.68
600702.SH,2015-02-26,17.42,18.37,17.41,18.3,95136.31,172142.67
600702.SH,2015-02-27,18.38,19.79,18.35,19.61,153463.91,297102.48
600702.SH,2015-03-02,19.6,20.56,18.7,19.42,219598.69,428839.72
600702.SH,2015-03-03,18.5,19.14,18.28,18.93,129357.91,242413.43
600702.SH,2015-03-04,18.76,19.28,18.69,18.98,81962.89,155332.24
600702.SH,2015-03-05,18.82,19.19,18.82,19.06,51393.92,97855.89
600702.SH,2015-03-06,19.08,19.19,18.8,18.96,63474.71,120422.54
600702.SH,2015-03-09,18.95,19.4,18.65,19.29,72050.84,137617.26
600702.SH,2015-03-10,19.27,19.5,19.0,19.21,70642.42,136035.92
600702.SH,2015-03-11,19.22,21.13,19.22,20.15,223709.46,451814.31
600702.SH,2015-03-12,19.55,19.81,18.8,19.19,184900.64,355254.14
600702.SH,2015-03-13,19.1,19.5,18.48,19.06,152403.36,288398.11
600702.SH,2015-03-16,18.9,19.33,18.8,19.2,240974.33,460965.42
600702.SH,2015-03-17,18.5,19.11,18.2,18.92,395692.71,736901.2
600702.SH,2015-03-18,18.62,18.88,18.5,18.87,299476.68,560267.09
600702.SH,2015-03-19,18.96,18.97,18.49,18.67,236926.4,442426.28
600702.SH,2015-03-20,18.59,18.82,18.51,18.78,198285.42,370924.5
600702.SH,2015-03-23,18.8,19.35,18.77,19.34,355975.38,678302.63
600702.SH,2015-03-24,19.34,20.27,18.93,20.11,498333.84,976194.92
600702.SH,2015-03-25,19.8,20.11,19.55,19.78,257919.81,510406.67
600702.SH,2015-03-26,19.65,20.2,19.38,19.99,296714.47,588749.02
600702.SH,2015-03-27,20.05,20.15,19.5,19.65,193387.02,381865.26
600702.SH,2015-03-30,19.65,19.81,19.5,19.75,183805.22,361030.3
600702.SH,2015-03-31,19.71,20.98,19.56,20.6,399805.11,805673.9
600702.SH,2015-04-01,20.36,20.48,20.1,20.45,261777.73,531292.35
600702.SH,2015-04-02,20.47,20.67,20.24,20.54,211148.13,431232.26
600702.SH,2015-04-03,20.41,20.88,20.32,20.55,201694.05,415142.69
600702.SH,2015-04-07,20.56,21.46,20.55,21.3,296381.08,623272.7
600702.SH,2015-04-08,21.2,21.5,20.81,21.13,251507.05,532843.85
600702.SH,2015-04-09,20.95,21.24,19.71,20.07,199644.48,403727.13
600702.SH,2015-04-10,20.07,20.47,19.91,20.4,137305.66,277658.84
600702.SH,2015-04-13,20.43,20.68,20.05,20.59,171687.79,350777.12
600702.SH,2015-04-14,20.47,21.02,20.26,20.74,201108.01,417734.48
600702.SH,2015-04-15,20.58,20.65,19.4,19.47,161644.95,323464.01
600702.SH,2015-04-16,19.48,21.26,19.25,20.35,250108.67,507528.34
600702.SH,2015-04-17,20.36,20.76,20.12,20.28,232519.09,473889.6
600702.SH,2015-04-20,20.29,20.6,19.88,20.0,180818.5,364812.55
600702.SH,2015-04-21,19.94,21.08,19.78,21.01,340219.6,704359.1
600702.SH,2015-04-22,21.25,21.62,20.89,21.58,364614.54,773249.52
600702.SH,2015-04-23,21.6,21.96,21.03,21.51,256248.56,549881.25
600702.SH,2015-04-24,21.29,22.9,21.29,22.78,419568.42,938469.15
600702.SH,2015-04-27,22.85,23.68,22.58,23.05,390891.75,903983.91
600702.SH,2015-04-28,22.97,22.97,21.5,21.86,206111.52,456602.61
600702.SH,2015-04-29,22.0,22.63,21.82,22.28,142113.54,316570.42
600702.SH,2015-04-30,22.4,22.65,21.98,22.0,135589.21,302404.1
600702.SH,2015-05-04,21.99,23.83,21.55,23.7,283977.65,647359.81
600702.SH,2015-05-05,23.3,23.58,22.23,22.49,171422.94,393808.39
600702.SH,2015-05-06,22.51,23.45,22.2,22.99,172260.61,396813.05
600702.SH,2015-05-07,23.2,24.18,23.0,23.71,252434.4,598376.37
600702.SH,2015-05-08,24.0,24.78,23.22,24.67,254985.72,609990.11
600702.SH,2015-05-11,24.23,25.23,24.2,24.95,251917.41,623713.56
600702.SH,2015-05-12,24.94,24.94,23.81,24.3,270263.53,654434.62
600702.SH,2015-05-13,24.2,25.33,23.51,25.3,230099.14,562385.58
600702.SH,2015-05-14,25.33,25.85,24.58,24.87,173521.08,434501.98
600702.SH,2015-05-15,24.7,24.7,23.0,23.91,177993.85,425726.89
600702.SH,2015-05-18,23.62,23.86,23.02,23.28,141020.31,329694.38
600702.SH,2015-05-19,23.29,23.68,23.21,23.59,142661.59,334809.69
600702.SH,2015-05-20,23.58,23.99,23.0,23.45,208523.18,490073.77
600702.SH,2015-05-21,23.38,24.11,23.2,23.89,196301.59,467067.6
600702.SH,2015-05-22,23.85,24.57,23.74,24.45,213137.92,518257.72
600702.SH,2015-05-25,24.45,25.36,24.06,25.11,258004.17,637228.08
600702.SH,2015-05-26,25.11,27.62,24.85,27.62,422366.6,1124024.96
600702.SH,2015-05-27,27.35,28.5,26.28,27.34,329130.53,896307.72
600702.SH,2015-05-28,27.36,28.21,24.61,24.94,210560.64,562805.83
600702.SH,2015-05-29,24.8,25.55,23.09,24.45,162445.03,398532.52
600702.SH,2015-06-01,24.53,26.27,24.53,26.01,177355.42,454694.48
600702.SH,2015-06-02,26.36,27.31,26.01,27.12,239022.54,641012.9
600702.SH,2015-06-03,27.25,28.2,26.0,27.39,231390.74,626652.52
600702.SH,2015-06-04,27.03,27.25,24.75,26.65,162556.12,423493.27
600702.SH,2015-06-05,26.69,27.2,26.14,26.81,173230.82,463983.73
600702.SH,2015-06-08,26.85,29.45,25.9,28.73,320554.35,895089.56
600702.SH,2015-06-09,28.8,29.25,28.31,29.19,195059.82,563790.59
600702.SH,2015-06-10,28.79,30.41,28.36,29.18,197785.66,587669.75
600702.SH,2015-06-11,29.19,30.95,28.51,30.57,264401.95,791892.88
600702.SH,2015-06-12,30.6,33.63,30.31,31.46,409857.68,1323560.15
600702.SH,2015-06-15,30.73,31.98,29.18,29.45,315478.5,964353.94
600702.SH,2015-06-16,28.93,30.2,28.35,29.73,181896.12,534796.3
600702.SH,2015-06-17,29.25,30.1,27.88,30.0,135915.42,396964.67
600702.SH,2015-06-18,29.8,31.4,28.8,29.36,179204.6,543549.11
600702.SH,2015-06-19,28.3,29.55,26.42,26.42,149536.08,418624.38
600702.SH,2015-06-23,25.75,26.99,23.78,26.59,137451.87,353829.23
600702.SH,2015-06-24,26.7,28.3,26.7,27.79,179564.0,494232.49
600702.SH,2015-06-25,27.88,29.09,26.69,27.67,218918.79,623529.09
600702.SH,2015-06-26,25.85,30.44,25.0,26.11,279834.04,762131.48
600702.SH,2015-08-20,28.0,28.0,23.48,23.48,366148.79,910371.48
600702.SH,2015-08-21,22.0,22.5,21.13,21.13,218987.95,467628.57
600702.SH,2015-08-24,19.03,19.53,19.02,19.02,31595.0,60190.2
600702.SH,2015-08-25,17.12,17.12,17.12,17.12,7156.0,12251.07
600702.SH,2015-08-26,15.41,16.8,15.41,15.41,370934.95,578858.95
600702.SH,2015-08-27,15.02,15.45,13.87,14.19,369444.53,528975.46
600702.SH,2015-08-28,14.49,15.61,14.33,15.61,322652.83,482791.04
600702.SH,2015-08-31,15.46,15.46,14.25,14.5,254804.17,378171.31
600702.SH,2015-09-01,13.9,14.0,13.05,13.05,253113.66,334858.28
600702.SH,2015-09-02,12.1,13.32,11.81,12.15,202342.87,251948.21
600702.SH,2015-09-07,12.52,12.98,12.3,12.5,170896.81,215825.32
600702.SH,2015-09-08,12.55,13.39,12.31,13.27,148547.2,190570.64
600702.SH,2015-09-09,13.21,14.6,13.21,14.6,308637.39,431910.35
600702.SH,2015-09-10,14.2,15.25,14.07,14.62,300042.02,442872.33
600702.SH,2015-09-11,14.4,14.8,13.9,14.35,173872.17,249789.95
600702.SH,2015-09-14,14.41,14.98,12.92,12.92,213710.81,296876.04
600702.SH,2015-09-15,12.48,13.1,11.7,11.83,184278.14,225507.35
600702.SH,2015-09-16,12.05,13.01,11.87,12.84,169918.97,211042.34
600702.SH,2015-09-17,12.4,13.37,12.4,12.57,189959.73,244853.58
600702.SH,2015-09-18,12.72,12.95,12.48,12.78,115638.45,147185.99
600702.SH,2015-09-21,12.58,14.06,12.46,14.06,195855.22,263849.18
600702.SH,2015-09-22,14.0,14.11,13.54,13.82,224655.22,310945.74
600702.SH,2015-09-23,13.4,13.69,13.17,13.45,132644.85,178698.49
600702.SH,2015-09-24,13.66,13.9,13.5,13.79,114958.32,157683.7
600702.SH,2015-09-25,13.81,13.81,12.61,13.02,120223.35,159265.4
600702.SH,2015-09-28,13.08,13.3,12.88,13.22,74538.34,97978.77
600702.SH,2015-09-29,12.9,13.88,12.9,13.33,134005.2,180341.27
600702.SH,2015-09-30,13.4,13.5,13.02,13.22,82573.17,109275.99
600702.SH,2015-10-08,13.89,14.05,13.51,13.83,135391.22,186609.14
600702.SH,2015-10-09,13.86,14.07,13.7,14.01,126283.65,175924.36
600702.SH,2015-10-12,14.02,15.16,13.92,14.78,230721.71,334251.65
600702.SH,2015-10-13,14.6,15.0,14.53,14.81,155822.54,229660.87
600702.SH,2015-10-14,14.8,15.2,14.54,14.55,141761.47,210535.41
600702.SH,2015-10-15,14.56,15.1,14.46,15.09,149615.29,222722.09
600702.SH,2015-10-16,15.21,15.33,14.61,15.08,184282.84,275639.35
600702.SH,2015-10-19,15.1,15.3,14.75,15.16,179663.95,269770.34
600702.SH,2015-10-20,15.09,15.85,14.97,15.77,205868.75,318645.76
600702.SH,2015-10-21,15.58,15.68,14.19,14.2,217292.09,324878.83
600702.SH,2015-10-22,14.32,14.54,14.0,14.48,139352.76,199753.77
600702.SH,2015-10-23,14.48,15.12,14.46,15.08,189037.86,281232.37
600702.SH,2015-10-26,15.2,15.28,14.9,15.12,177809.24,268759.17
600702.SH,2015-10-27,15.08,15.17,14.36,15.11,160336.02,237116.25
600702.SH,2015-10-28,14.81,15.57,14.8,15.04,193556.21,295098.55
600702.SH,2015-10-29,15.1,15.78,15.09,15.57,178221.93,274154.25
600702.SH,2015-10-30,15.56,15.74,15.16,15.55,159344.66,246044.81
600702.SH,2015-11-03,17.0,17.0,15.55,15.81,336980.48,548747.2
600702.SH,2015-11-04,15.66,16.48,15.53,16.35,263953.04,422550.65
600702.SH,2015-11-05,17.0,17.99,16.61,17.99,430252.71,764142.4
600702.SH,2015-11-06,18.18,19.56,18.07,18.87,473974.24,895210.45
600702.SH,2015-11-09,18.36,18.67,17.8,18.39,293125.71,534421.56
600702.SH,2015-11-10,18.18,18.86,18.0,18.59,238140.26,439789.89
600702.SH,2015-11-11,18.4,18.6,18.11,18.49,148076.05,271662.59
600702.SH,2015-11-12,18.5,18.65,18.14,18.27,135011.3,247283.24
600702.SH,2015-11-13,18.03,18.23,17.41,17.52,154321.11,273903.53
600702.SH,2015-11-16,17.04,17.95,17.01,17.78,89893.75,157781.45
600702.SH,2015-11-17,17.98,18.32,17.63,18.3,159169.81,286028.48
600702.SH,2015-11-18,18.36,18.79,18.03,18.1,173558.3,320097.16
600702.SH,2015-11-19,18.15,18.45,17.81,18.21,97106.26,175639.2
600702.SH,2015-11-20,18.2,18.47,18.03,18.29,102032.29,186121.58
600702.SH,2015-11-23,18.36,19.4,18.2,18.74,169361.97,319756.47
600702.SH,2015-11-24,18.74,18.84,18.16,18.58,92274.54,170065.56
600702.SH,2015-11-25,18.66,19.4,18.66,18.97,113577.49,215368.46
600702.SH,2015-11-26,18.97,19.0,18.46,18.51,109004.99,204221.58
600702.SH,2015-11-27,18.44,18.44,16.85,17.07,114114.96,203389.76
600702.SH,2015-11-30,16.99,17.43,16.07,17.22,106484.37,180236.4
600702.SH,2015-12-01,17.15,17.58,16.85,17.24,71435.48,122534.01
600702.SH,2015-12-02,17.3,17.6,16.82,17.55,76594.35,131967.88
600702.SH,2015-12-03,17.48,17.78,17.41,17.77,68055.73,119890.51
600702.SH,2015-12-04,17.69,17.76,17.27,17.58,76929.96,134850.17
600702.SH,2015-12-07,17.66,17.73,17.35,17.63,62440.9,109315.51
600702.SH,2015-12-08,17.68,17.68,16.87,16.88,65754.65,112828.98
600702.SH,2015-12-09,16.8,17.03,16.53,16.61,48521.25,81414.13
600702.SH,2015-12-10,16.5,16.95,16.5,16.64,47631.82,79833.59
600702.SH,2015-12-11,16.72,16.83,16.45,16.68,36374.17,60616.5
600702.SH,2015-12-14,16.5,17.4,16.4,17.17,54644.76,92921.61
600702.SH,2015-12-15,17.09,17.78,17.09,17.61,72519.92,126803.82
600702.SH,2015-12-16,17.5,17.74,17.35,17.41,58315.98,102581.31
600702.SH,2015-12-17,17.58,17.87,17.45,17.73,73678.89,130505.79
600702.SH,2015-12-18,17.77,19.5,17.45,19.5,217718.74,410790.99
600702.SH,2015-12-21,19.4,21.45,19.22,21.45,310049.11,639797.22
600702.SH,2015-12-22,22.11,22.49,20.9,21.79,370992.19,804677.56
600702.SH,2015-12-23,21.82,22.88,21.14,21.4,253080.94,557387.79
600702.SH,2015-12-24,21.0,21.92,20.59,21.7,169522.81,359881.25
600702.SH,2015-12-25,21.79,22.08,20.98,21.58,132054.59,283324.58
600702.SH,2015-12-28,21.3,21.8,20.3,20.36,133781.48,282140.85
600702.SH,2015-12-29,20.3,22.4,20.12,22.4,165804.68,351901.83
600702.SH,2015-12-30,22.79,23.77,22.33,23.23,290192.98,670072.95
600702.SH,2015-12-31,23.15,23.49,22.6,22.89,153389.54,353656.315
600702.SH,2016-01-04,22.55,23.15,20.6,20.6,136676.36,292803.08
600702.SH,2016-01-05,18.56,20.3,18.56,19.24,203085.99,393594.1
600702.SH,2016-01-06,19.21,20.85,19.15,20.44,159145.39,320025.16
600702.SH,2016-01-07,19.9,20.05,18.4,18.4,44582.0,84231.49
600702.SH,2016-01-08,19.0,19.5,16.8,18.97,175525.61,329014.5
600702.SH,2016-01-11,18.4,18.8,17.07,17.07,140495.21,249277.06
600702.SH,2016-01-12,17.08,17.47,16.0,16.54,144558.66,240702.29
600702.SH,2016-01-13,17.0,17.43,16.1,16.16,129459.46,219453.97
600702.SH,2016-01-14,15.2,16.86,15.15,16.69,122379.26,195224.31
600702.SH,2016-01-15,16.4,17.27,15.9,16.16,112324.59,187107.4
600702.SH,2016-01-18,15.77,17.15,15.51,16.81,91002.86,150351.82
600702.SH,2016-01-19,16.82,17.69,16.6,17.66,113427.73,195445.37
600702.SH,2016-01-20,17.4,18.16,17.12,17.32,93205.51,163653.32
600702.SH,2016-01-21,17.0,17.52,16.2,16.29,88964.34,151275.8
600702.SH,2016-01-22,16.68,16.85,15.8,16.63,69635.24,114182.05
600702.SH,2016-01-25,16.65,17.3,16.58,17.04,62766.65,106379.68
600702.SH,2016-01-26,16.74,17.26,15.44,15.76,108653.23,180789.33
600702.SH,2016-01-27,15.81,17.34,15.4,17.34,186295.07,304097.22
600702.SH,2016-01-28,16.83,17.04,15.95,16.02,106382.49,176719.58
600702.SH,2016-01-29,15.7,16.75,15.62,16.49,68153.03,111654.46
600702.SH,2016-02-01,16.21,16.71,16.15,16.56,53943.56,88703.93
600702.SH,2016-02-02,16.56,17.13,16.4,17.03,91697.55,154836.19
600702.SH,2016-02-03,16.68,16.99,16.3,16.86,73023.04,122084.45
600702.SH,2016-02-04,16.88,17.43,16.8,17.04,95869.53,163656.62
600702.SH,2016-02-05,17.07,17.15,16.15,16.22,68073.31,112727.98
600702.SH,2016-02-15,15.4,15.8,15.0,15.6,80745.2,124324.05
600702.SH,2016-02-16,15.69,16.3,15.52,16.2,104056.92,166306.17
600702.SH,2016-02-17,16.1,16.41,15.96,16.36,69003.51,111695.68
600702.SH,2016-02-18,16.5,16.65,16.15,16.18,68257.82,112005.66
600702.SH,2016-02-19,16.12,16.34,15.86,16.0,55010.6,88450.56
600702.SH,2016-02-22,16.23,16.78,16.08,16.51,86395.7,141963.96
600702.SH,2016-02-23,16.52,18.16,16.51,18.16,154293.96,273992.7
600702.SH,2016-02-24,18.8,19.16,18.25,18.46,318971.72,597813.81
600702.SH,2016-02-25,18.21,18.32,16.61,16.61,192812.11,335310.93
600702.SH,2016-02-26,16.45,16.94,15.83,16.2,124908.53,204975.25
600702.SH,2016-02-29,16.2,16.55,14.58,14.91,158142.3,237167.55
600702.SH,2016-03-01,14.91,15.35,14.7,15.23,71701.05,108323.91
600702.SH,2016-03-02,15.24,16.03,15.2,15.96,88282.35,138639.64
600702.SH,2016-03-03,15.99,16.68,15.89,15.99,94367.96,153977.62
600702.SH,2016-03-04,15.86,16.43,15.3,15.8,88125.01,140224.08
600702.SH,2016-03-07,15.98,16.46,15.98,16.18,68911.47,111766.84
600702.SH,2016-03-08,16.2,16.37,15.71,16.36,61909.71,99621.81
600702.SH,2016-03-09,16.0,16.35,15.82,15.97,41957.42,67400.8
600702.SH,2016-03-10,15.88,17.54,15.88,16.6,145352.57,243243.88
600702.SH,2016-03-11,16.47,16.9,16.13,16.3,70354.7,115901.3
600702.SH,2016-03-14,16.51,17.15,16.49,17.09,120690.72,202977.6
600702.SH,2016-03-15,17.06,17.38,16.8,17.14,164164.35,280952.76
600702.SH,2016-03-16,17.18,17.29,16.81,17.12,102668.36,174860.57
600702.SH,2016-03-17,17.1,17.53,16.97,17.41,98744.67,170738.73
600702.SH,2016-03-18,17.41,17.98,17.25,17.76,215666.3,378870.31
600702.SH,2016-03-21,17.76,17.95,17.6,17.91,135894.56,241480.21
600702.SH,2016-03-22,17.92,18.38,17.47,17.56,138543.45,248615.61
600702.SH,2016-03-23,17.42,17.7,17.15,17.62,89026.03,155033.84
600702.SH,2016-03-24,17.4,17.98,17.2,17.55,77044.28,135770.2
600702.SH,2016-03-25,17.58,18.0,17.4,17.69,68007.47,120497.6
600702.SH,2016-03-28,17.85,18.55,17.69,17.96,176163.51,320401.81
600702.SH,2016-03-29,17.99,18.08,16.96,17.06,95826.93,166751.82
600702.SH,2016-03-30,17.25,17.62,17.06,17.61,79735.07,138685.86
600702.SH,2016-03-31,17.7,18.06,17.54,17.68,71343.62,127025.59
600702.SH,2016-04-01,17.63,17.78,17.09,17.49,64898.26,112960.44
600702.SH,2016-04-05,17.39,17.85,17.18,17.75,68810.72,121084.05
600702.SH,2016-04-06,17.75,18.37,17.7,18.31,125930.42,226765.06
600702.SH,2016-04-07,18.38,18.69,17.81,17.86,101556.02,184753.01
600702.SH,2016-04-08,17.55,17.83,17.19,17.48,48355.99,84687.24
600702.SH,2016-04-11,17.77,18.14,17.62,18.01,57165.94,102235.21
600702.SH,2016-04-12,17.91,17.98,17.42,17.58,70499.32,124150.1
600702.SH,2016-04-13,17.75,18.06,17.61,17.84,86864.01,155461.47
600702.SH,2016-04-14,18.2,18.7,17.88,17.96,149786.49,272796.9
600702.SH,2016-04-15,17.95,18.45,17.9,18.11,113123.09,205215.6
600702.SH,2016-04-18,18.03,18.48,17.93,18.26,109763.88,200307.0
600702.SH,2016-04-19,18.25,19.44,18.25,19.09,176893.55,333797.6
600702.SH,2016-04-20,18.92,19.2,17.86,18.41,173949.33,322303.8
600702.SH,2016-04-21,18.21,18.57,18.0,18.06,80584.73,147055.17
600702.SH,2016-04-22,17.74,18.34,17.74,18.32,53590.14,96799.04
600702.SH,2016-04-25,18.3,18.5,17.93,18.48,57809.2,105249.75
600702.SH,2016-04-26,18.46,18.72,18.3,18.71,57358.34,106164.11
600702.SH,2016-04-27,18.62,19.14,18.6,18.7,71712.91,135152.27
600702.SH,2016-04-28,18.69,19.68,18.5,19.48,157531.27,301811.02
600702.SH,2016-04-29,19.34,20.21,19.3,19.7,171943.85,342164.01
600702.SH,2016-05-03,19.7,21.67,19.45,21.67,334948.7,713355.85
600702.SH,2016-05-04,21.5,21.9,21.09,21.28,202513.64,435076.0
600702.SH,2016-05-05,21.04,21.4,20.69,21.27,135828.47,286319.83
600702.SH,2016-05-06,21.35,21.35,19.8,19.84,143431.31,294498.39
600702.SH,2016-05-09,19.8,20.95,19.75,20.07,158526.8,322677.49
600702.SH,2016-05-10,19.81,20.98,19.81,20.45,137934.03,282176.65
600702.SH,2016-05-11,20.45,21.35,20.31,20.93,172181.48,361915.61
600702.SH,2016-05-12,20.5,20.5,19.02,20.15,93146.61,187158.95
600702.SH,2016-05-13,20.1,21.1,20.04,20.37,92171.15,190027.06
600702.SH,2016-05-16,20.2,21.23,19.73,21.18,116348.51,239265.58
600702.SH,2016-05-17,21.2,21.39,20.46,20.52,103025.17,214342.83
600702.SH,2016-05-18,20.41,20.65,19.08,19.52,104196.95,206916.12
600702.SH,2016-05-19,19.62,19.75,19.02,19.31,98511.53,190396.94
600702.SH,2016-05-20,19.11,19.5,18.81,19.41,74149.31,143319.89
600702.SH,2016-05-23,19.43,19.93,19.3,19.91,81659.38,160112.1
600702.SH,2016-05-24,19.9,19.9,19.3,19.35,54304.12,106199.68
600702.SH,2016-05-25,19.42,19.7,18.95,19.06,84420.44,162444.09
600702.SH,2016-05-26,19.0,19.25,18.31,18.84,93673.36,174343.87
600702.SH,2016-05-27,18.66,19.08,18.56,18.95,45849.59,86629.84
600702.SH,2016-05-30,18.84,18.96,18.55,18.78,39998.58,74988.89
600702.SH,2016-05-31,18.81,19.63,18.81,19.5,77345.77,149878.87
600702.SH,2016-06-01,19.59,19.72,19.29,19.38,70221.47,136983.93
600702.SH,2016-06-02,19.46,20.27,19.2,20.23,118458.52,234440.5
600702.SH,2016-06-03,20.33,21.3,19.9,20.73,185714.5,387577.11
600702.SH,2016-06-06,20.74,20.85,20.19,20.41,74201.88,151728.34
600702.SH,2016-06-07,20.44,21.0,20.33,20.53,69861.01,144222.37
600702.SH,2016-06-08,20.4,21.06,20.3,20.56,86645.12,179065.53
600702.SH,2016-06-13,20.19,20.45,19.3,19.35,88214.79,176591.16
600702.SH,2016-06-14,19.3,20.18,19.2,19.86,72379.39,142378.12
600702.SH,2016-06-15,19.68,21.32,19.53,21.09,169518.73,354328.66
600702.SH,2016-06-16,21.1,22.65,21.0,22.09,205544.66,450785.9
600702.SH,2016-06-17,21.9,23.4,21.9,22.15,168028.19,381730.55
600702.SH,2016-06-20,22.6,23.27,21.96,22.81,148449.93,336982.36
600702.SH,2016-06-21,22.75,23.0,22.06,22.34,101202.06,226684.73
600702.SH,2016-06-22,22.07,22.75,21.86,22.4,78451.14,175874.32
600702.SH,2016-06-23,22.25,23.5,22.23,23.43,103664.98,238724.92
600702.SH,2016-06-24,23.31,24.16,22.7,23.84,136387.25,323477.5
600702.SH,2016-06-27,23.6,24.38,23.3,23.73,111924.56,266258.76
600702.SH,2016-06-28,23.62,23.74,22.98,23.5,97265.98,225364.71
600702.SH,2016-06-29,23.49,23.59,22.95,23.23,68922.2,159747.45
600702.SH,2016-06-30,23.56,25.55,23.56,25.24,195806.02,488706.16
600702.SH,2016-07-01,24.98,25.0,24.31,24.6,74706.15,184230.19
600702.SH,2016-07-04,24.4,24.9,24.26,24.39,107641.77,263572.74
600702.SH,2016-07-05,24.54,24.98,24.19,24.77,105459.97,259528.65
600702.SH,2016-07-06,24.68,27.2,24.41,26.52,202742.84,524397.06
600702.SH,2016-07-07,26.22,27.31,25.8,26.33,146156.1,387784.23
600702.SH,2016-07-08,26.0,26.77,26.0,26.29,55019.41,145280.19
600702.SH,2016-07-11,26.4,28.5,26.18,26.79,119529.0,326124.12
600702.SH,2016-07-12,26.7,27.77,25.82,26.18,144496.24,383346.36
600702.SH,2016-07-13,26.0,26.19,24.99,25.45,171696.83,434226.04
600702.SH,2016-07-14,25.4,25.96,24.86,25.25,143824.99,362524.31
600702.SH,2016-07-15,25.38,25.61,25.09,25.5,90926.81,230659.54
600702.SH,2016-07-18,25.24,25.3,24.35,24.65,127359.31,313964.47
600702.SH,2016-07-19,24.48,24.5,23.18,23.77,206400.18,488274.11
600702.SH,2016-07-20,23.82,24.24,23.71,24.19,138884.97,333701.07
600702.SH,2016-07-21,24.0,24.58,23.95,24.19,97381.68,237399.46
600702.SH,2016-07-22,24.0,24.18,23.31,23.52,114791.69,270715.37
600702.SH,2016-07-25,23.55,23.96,23.24,23.53,75469.74,177979.06
600702.SH,2016-07-26,23.8,24.81,23.59,24.76,125918.08,303324.03
600702.SH,2016-07-27,24.6,24.87,23.23,23.79,116387.59,279323.45
600702.SH,2016-07-28,23.78,24.18,23.2,23.98,92309.66,220354.0
600702.SH,2016-07-29,23.8,24.27,23.47,23.49,86783.98,207059.75
600702.SH,2016-08-01,23.28,23.28,22.22,22.54,96021.02,216658.31
600702.SH,2016-08-02,22.54,22.8,22.28,22.74,43839.84,98993.65
600702.SH,2016-08-03,22.9,22.9,22.5,22.68,32825.3,74469.72
600702.SH,2016-08-04,22.62,22.95,22.41,22.91,49148.0,111524.71
600702.SH,2016-08-05,22.79,23.07,22.7,22.73,41032.29,93935.26
600702.SH,2016-08-08,22.78,23.75,22.31,23.71,78349.08,181576.75
600702.SH,2016-08-09,23.49,24.55,23.36,24.27,101955.0,245931.38
600702.SH,2016-08-10,24.2,24.48,23.88,24.1,51754.46,124875.47
600702.SH,2016-08-11,24.06,24.42,23.5,23.51,63927.09,152967.48
600702.SH,2016-08-12,23.49,23.68,23.26,23.6,44204.84,103681.53
600702.SH,2016-08-15,23.68,24.25,23.53,24.01,77179.46,184800.48
600702.SH,2016-08-16,24.48,25.19,24.11,24.23,150831.99,371466.35
600702.SH,2016-08-17,24.01,24.45,23.93,24.16,69925.95,168755.54
600702.SH,2016-08-18,24.16,24.3,23.8,23.9,47938.0,115143.01
600702.SH,2016-08-19,23.8,23.98,23.52,23.67,38876.83,91980.26
600702.SH,2016-08-22,23.54,23.8,23.2,23.22,55874.06,130325.69
600702.SH,2016-08-23,23.22,23.4,23.0,23.1,39878.86,92471.7
600702.SH,2016-08-24,23.08,23.23,22.98,23.14,31957.59,73805.4
600702.SH,2016-08-25,23.03,23.03,22.7,22.98,31693.51,72440.77
600702.SH,2016-08-26,23.05,23.3,22.9,22.99,32201.44,74438.42
600702.SH,2016-08-29,22.96,23.07,22.46,22.6,49381.89,112011.96
600702.SH,2016-08-30,22.65,22.81,22.37,22.7,44264.81,99958.27
600702.SH,2016-08-31,22.8,23.21,22.7,22.99,64823.04,148904.17
600702.SH,2016-09-01,23.0,23.04,22.6,22.62,35183.44,80222.94
600702.SH,2016-09-02,22.65,22.69,22.24,22.32,38028.28,85389.87
600702.SH,2016-09-05,22.24,22.66,22.24,22.37,35761.47,80367.55
600702.SH,2016-09-06,22.48,22.63,22.11,22.61,60448.46,135005.38
600702.SH,2016-09-07,22.6,22.83,22.5,22.75,65521.07,148608.57
600702.SH,2016-09-08,22.89,22.98,22.69,22.81,46289.03,105619.92
600702.SH,2016-09-09,22.8,22.89,22.28,22.36,50390.44,113290.93
600702.SH,2016-09-12,21.61,22.57,21.61,21.89,66586.05,147548.58
600702.SH,2016-09-13,22.1,22.18,21.8,22.01,27157.44,59637.52
600702.SH,2016-09-14,21.8,21.99,21.66,21.69,29610.61,64447.39
600702.SH,2016-09-19,21.65,22.1,21.65,21.86,30551.71,66888.44
600702.SH,2016-09-20,21.87,21.87,21.53,21.65,26558.24,57449.2
600702.SH,2016-09-21,21.6,21.7,21.32,21.41,45039.08,96726.69
600702.SH,2016-09-22,21.52,21.85,21.38,21.74,46410.7,100694.19
600702.SH,2016-09-23,21.73,21.8,21.44,21.46,26511.02,57198.3
600702.SH,2016-09-26,21.46,21.51,20.58,20.63,48685.96,102497.04
600702.SH,2016-09-27,20.64,21.01,20.61,20.94,34875.78,72308.54
600702.SH,2016-09-28,21.07,21.16,20.78,21.06,22989.02,48159.89
600702.SH,2016-09-29,21.02,21.19,20.92,21.07,24036.96,50671.96
600702.SH,2016-09-30,21.11,21.85,21.0,21.6,42576.17,91776.09
600702.SH,2016-10-10,21.71,21.87,21.45,21.86,39592.04,86033.78
600702.SH,2016-10-11,21.89,22.21,21.75,21.99,42327.95,92969.45
600702.SH,2016-10-12,21.99,21.99,21.6,21.63,33146.75,72143.38
600702.SH,2016-10-13,21.63,21.77,21.28,21.39,38109.58,81735.35
600702.SH,2016-10-14,21.25,21.48,21.18,21.44,25430.92,54186.14
600702.SH,2016-10-17,21.6,21.8,21.33,21.47,37292.77,80612.95
600702.SH,2016-10-18,21.3,23.33,21.3,23.14,154794.37,349381.35
600702.SH,2016-10-19,23.18,23.25,22.68,23.18,100751.24,231924.56
600702.SH,2016-10-20,23.2,23.36,22.82,22.92,58290.48,134811.59
600702.SH,2016-10-21,22.93,22.96,22.35,22.76,59552.14,134632.18
600702.SH,2016-10-24,22.69,23.35,22.54,23.24,77430.18,178559.67
600702.SH,2016-10-25,23.23,23.61,23.02,23.56,81203.05,190150.89
600702.SH,2016-10-26,23.43,25.0,23.43,23.88,178584.56,432972.82
600702.SH,2016-10-27,24.26,24.44,23.66,23.67,79890.63,191259.68
600702.SH,2016-10-28,23.7,24.34,23.7,23.74,74476.71,178859.52
600702.SH,2016-10-31,23.72,23.95,23.41,23.51,39204.83,92486.47
600702.SH,2016-11-01,23.57,23.9,22.94,23.8,75771.22,177470.28
600702.SH,2016-11-02,23.72,23.72,23.15,23.18,57780.58,135018.25
600702.SH,2016-11-03,23.11,23.51,23.02,23.42,51599.7,120640.2
600702.SH,2016-11-04,23.5,23.85,23.12,23.34,52971.28,124402.75
600702.SH,2016-11-07,23.24,23.66,23.16,23.57,45569.86,107076.52
600702.SH,2016-11-08,23.69,24.19,23.5,23.92,83988.98,200964.44
600702.SH,2016-11-09,23.92,23.92,23.1,23.37,62205.15,146070.63
600702.SH,2016-11-10,23.62,23.9,23.52,23.8,60359.16,143091.25
600702.SH,2016-11-11,23.75,24.05,23.72,24.04,69166.55,165241.66
600702.SH,2016-11-14,24.12,24.13,23.48,23.81,66038.76,156743.06
600702.SH,2016-11-15,23.59,24.32,23.54,24.26,81991.99,197121.97
600702.SH,2016-11-16,24.14,24.37,23.8,23.86,58863.21,141810.86
600702.SH,2016-11-17,23.75,23.95,23.34,23.43,60351.4,141915.14
600702.SH,2016-11-18,23.4,23.6,23.3,23.32,36748.71,86198.79
600702.SH,2016-11-21,23.32,23.55,22.88,22.9,62885.42,145591.24
600702.SH,2016-11-22,23.0,23.14,22.8,23.03,76798.74,176138.65
600702.SH,2016-11-23,23.07,23.85,22.98,23.83,119219.55,279822.62
600702.SH,2016-11-24,23.95,23.95,23.43,23.6,77755.44,183835.85
600702.SH,2016-11-25,23.5,23.67,22.83,23.46,53265.41,123958.88
600702.SH,2016-11-28,23.5,23.79,23.13,23.19,53155.05,124459.91
600702.SH,2016-11-29,23.19,23.8,23.07,23.22,70048.01,164501.72
600702.SH,2016-11-30,23.0,23.14,22.76,22.94,65423.22,149785.07
600702.SH,2016-12-01,22.93,23.05,22.75,23.0,36061.55,82564.77
600702.SH,2016-12-02,22.9,23.05,22.78,22.9,33923.73,77619.03
600702.SH,2016-12-05,22.71,23.2,22.69,22.93,28332.33,65255.14
600702.SH,2016-12-06,22.93,23.25,22.85,23.22,40245.09,93018.12
600702.SH,2016-12-07,23.27,23.31,22.92,23.3,31681.86,73344.34
600702.SH,2016-12-08,23.38,23.97,23.2,23.37,75411.87,178341.41
600702.SH,2016-12-09,23.29,23.7,23.28,23.51,51609.35,121389.15
600702.SH,2016-12-12,23.7,23.85,22.36,22.45,80996.16,188078.86
600702.SH,2016-12-13,22.19,23.03,22.01,22.7,52027.03,118110.73
600702.SH,2016-12-14,22.61,23.18,22.56,22.89,43018.19,98529.16
600702.SH,2016-12-15,22.88,23.2,22.66,23.06,36456.27,83536.43
600702.SH,2016-12-16,23.06,23.19,22.68,22.86,24380.44,55875.94
600702.SH,2016-12-19,22.86,23.58,22.86,23.5,51757.7,120985.81
600702.SH,2016-12-20,23.58,23.58,23.18,23.39,39302.98,91896.98
600702.SH,2016-12-21,23.41,23.52,23.18,23.47,40410.56,94087.4
600702.SH,2016-12-22,23.45,23.54,22.84,22.91,43736.82,100662.33
600702.SH,2016-12-23,22.8,22.9,22.13,22.16,34721.04,78105.44
600702.SH,2016-12-26,22.15,22.69,21.8,22.61,26024.0,57747.08
600702.SH,2016-12-27,22.56,22.76,22.38,22.4,16859.62,38001.02
600702.SH,2016-12-28,22.4,22.59,22.26,22.34,14827.69,33219.64
600702.SH,2016-12-29,22.32,22.59,22.0,22.4,16143.26,36258.75
600702.SH,2016-12-30,22.38,22.73,22.38,22.6,20438.2,46233.56
600702.SH,2017-01-03,22.6,22.95,22.53,22.57,27958.71,63589.03
600702.SH,2017-01-04,22.55,23.2,22.43,23.18,64263.34,147018.16
600702.SH,2017-01-05,23.2,23.26,22.83,22.89,37081.77,85449.63
600702.SH,2017-01-06,22.92,23.38,22.89,23.25,62943.57,145835.79
600702.SH,2017-01-23,23.25,24.44,22.83,22.87,127494.98,300197.88
600702.SH,2017-01-24,22.94,23.53,22.94,23.27,59608.81,138614.36
600702.SH,2017-01-25,23.28,23.45,23.0,23.27,31941.97,74428.84
600702.SH,2017-01-26,23.28,23.44,23.1,23.12,27037.88,63139.87
600702.SH,2017-02-03,23.17,23.47,23.03,23.1,31200.45,72426.86
600702.SH,2017-02-06,23.11,23.3,22.7,23.03,45154.24,103766.07
600702.SH,2017-02-07,23.0,23.23,22.7,22.87,29223.56,67144.19
600702.SH,2017-02-08,22.96,22.98,22.7,22.92,30576.27,69935.18
600702.SH,2017-02-09,22.95,23.4,22.81,23.37,57589.36,133521.83
600702.SH,2017-02-10,23.48,23.48,23.16,23.17,40250.0,93740.02
600702.SH,2017-02-13,23.05,24.57,23.04,23.95,137787.54,328642.71
600702.SH,2017-02-14,23.8,24.55,23.63,24.41,92849.19,224586.43
600702.SH,2017-02-15,24.5,24.79,23.89,23.95,64698.88,157060.3
600702.SH,2017-02-16,24.04,24.18,23.6,23.88,38919.24,92675.6
600702.SH,2017-02-17,23.88,24.44,23.88,24.16,80677.04,195658.94
600702.SH,2017-02-20,24.1,24.86,23.71,24.79,143625.59,352191.93
600702.SH,2017-02-21,24.79,24.79,24.23,24.46,78135.65,190523.29
600702.SH,2017-02-22,24.42,25.5,24.33,25.23,153766.93,383888.05
600702.SH,2017-02-23,25.15,25.52,24.7,24.84,100888.21,252607.1
600702.SH,2017-02-24,24.75,24.85,24.5,24.82,43133.42,106180.25
600702.SH,2017-02-27,24.63,24.88,23.89,24.02,75363.73,181879.72
600702.SH,2017-02-28,24.0,24.22,23.88,24.04,38163.08,91598.12
600702.SH,2017-03-01,24.0,24.25,23.94,24.04,49243.88,118599.78
600702.SH,2017-03-02,24.05,24.33,23.6,23.86,66902.05,159583.91
600702.SH,2017-03-03,24.2,25.6,24.1,25.12,252170.38,632156.83
600702.SH,2017-03-06,24.99,26.9,24.99,25.99,220430.74,575093.95
600702.SH,2017-03-07,26.1,27.4,26.02,26.65,192491.2,515854.43
600702.SH,2017-03-08,26.45,26.86,26.08,26.45,103688.32,273457.18
600702.SH,2017-03-09,26.5,27.05,26.25,26.79,117355.1,313264.92
600702.SH,2017-03-10,26.92,27.31,26.33,26.45,107922.92,290168.58
600702.SH,2017-03-13,26.45,28.1,26.11,28.0,162440.68,445427.98
600702.SH,2017-03-14,27.71,28.12,27.27,27.68,126852.86,350822.64
600702.SH,2017-03-15,27.45,28.27,27.45,27.97,90413.82,253320.56
600702.SH,2017-03-16,27.97,28.59,27.58,27.98,101988.7,285580.37
600702.SH,2017-03-17,27.96,28.53,27.76,28.04,92718.81,260813.36
600702.SH,2017-03-20,28.1,28.3,27.07,27.65,103852.58,286784.34
600702.SH,2017-03-21,27.56,28.65,27.31,28.38,130113.3,367848.25
600702.SH,2017-03-22,28.0,28.42,27.38,27.85,128409.55,356190.12
600702.SH,2017-03-23,27.85,27.85,26.88,27.18,139934.35,380245.76
600702.SH,2017-03-24,27.3,27.65,26.05,26.6,150217.14,401754.61
600702.SH,2017-03-27,26.56,26.86,26.12,26.48,94755.21,250523.97
600702.SH,2017-03-28,26.6,26.74,26.21,26.61,55730.18,147626.35
600702.SH,2017-03-29,26.69,26.75,26.3,26.64,67647.58,179750.67
600702.SH,2017-03-30,26.62,26.62,25.55,25.72,94036.42,243224.38
600702.SH,2017-03-31,25.8,26.24,25.61,26.1,45032.85,117097.53
600702.SH,2017-04-05,26.4,27.14,26.09,26.67,91354.86,244372.78
600702.SH,2017-04-06,26.53,28.8,26.28,27.51,102205.5,276996.14
600702.SH,2017-04-07,27.13,27.45,26.75,27.12,78356.34,212411.22
600702.SH,2017-04-10,27.0,27.05,25.8,25.92,79731.39,211362.98
600702.SH,2017-04-11,25.6,26.3,25.6,25.99,71613.86,185471.38
600702.SH,2017-04-12,26.2,26.53,25.8,26.15,63392.65,165758.14
600702.SH,2017-04-13,26.08,26.81,26.0,26.77,69570.45,184831.99
600702.SH,2017-04-14,26.85,26.93,26.3,26.57,56699.86,151337.04
600702.SH,2017-04-17,26.6,26.78,26.3,26.53,49013.41,130137.8
600702.SH,2017-04-18,26.51,27.66,26.47,27.16,123968.95,337188.96
600702.SH,2017-04-19,27.1,27.56,26.98,27.43,79034.99,215252.4
600702.SH,2017-04-20,27.4,29.59,27.23,28.83,200611.17,573635.17
600702.SH,2017-04-21,29.0,29.0,27.45,27.62,132430.51,371735.92
600702.SH,2017-04-24,27.12,27.25,26.17,26.65,95625.81,255070.38
600702.SH,2017-04-25,26.6,27.57,26.58,27.22,70609.47,191430.92
600702.SH,2017-04-26,27.28,28.11,27.18,27.3,72517.37,200450.29
600702.SH,2017-04-27,27.2,27.2,26.5,27.1,47913.01,128509.45
600702.SH,2017-04-28,27.28,27.28,24.39,24.86,199269.26,503802.06
600702.SH,2017-05-02,24.5,24.78,23.78,24.7,85864.52,208779.42
600702.SH,2017-05-03,24.72,25.36,24.41,25.01,59440.62,148785.15
600702.SH,2017-05-04,25.05,25.15,24.61,24.63,42556.47,105673.79
600702.SH,2017-05-05,24.6,24.6,24.07,24.1,41448.45,101015.72
600702.SH,2017-05-08,23.95,24.4,23.65,23.7,37322.49,89528.6
600702.SH,2017-05-09,23.35,23.85,23.3,23.73,45454.71,106934.31
600702.SH,2017-05-10,23.87,24.02,22.81,22.98,48624.47,114855.85
600702.SH,2017-05-11,22.8,23.2,22.5,23.08,41237.0,94137.88
600702.SH,2017-05-12,23.29,23.29,22.81,22.99,41964.73,96638.89
600702.SH,2017-05-15,22.8,23.93,22.8,23.84,67457.69,160084.84
600702.SH,2017-05-16,23.84,24.79,23.61,24.53,68134.77,166215.78
600702.SH,2017-05-17,24.56,24.72,23.93,24.11,39347.57,95390.37
600702.SH,2017-05-18,24.05,24.48,23.96,24.05,19005.04,45927.79
600702.SH,2017-05-19,23.85,24.29,23.5,23.88,34110.0,81215.98
600702.SH,2017-05-22,23.73,24.05,23.3,23.47,64630.72,152047.6
600702.SH,2017-05-23,23.36,24.4,23.35,23.96,90708.65,217500.02
600702.SH,2017-05-24,23.89,24.05,23.49,23.98,30223.08,71763.39
600702.SH,2017-05-25,24.08,24.44,23.83,24.41,42006.5,101485.86
600702.SH,2017-05-26,24.41,24.72,24.27,24.4,36611.22,89765.99
600702.SH,2017-05-31,24.6,24.79,24.18,24.28,22167.36,54200.28
600702.SH,2017-06-01,24.28,24.28,23.48,23.69,32590.0,77579.9
600702.SH,2017-06-02,23.5,23.87,23.04,23.73,33036.87,77123.31
600702.SH,2017-06-05,23.68,24.4,23.55,24.09,34035.12,81861.19
600702.SH,2017-06-06,24.1,24.54,23.9,24.53,21453.01,52144.22
600702.SH,2017-06-07,24.5,25.15,24.32,24.89,41775.62,103941.11
600702.SH,2017-06-08,24.82,25.49,24.67,25.01,57278.33,143813.12
600702.SH,2017-06-09,25.0,25.53,24.9,25.04,49076.75,123780.06
600702.SH,2017-06-12,25.0,25.96,24.9,25.6,73721.57,188018.21
600702.SH,2017-06-13,25.38,25.5,24.75,25.28,43469.62,108934.06
600702.SH,2017-06-14,25.1,25.6,24.9,24.98,36627.58,92299.66
600702.SH,2017-06-15,24.99,25.2,24.57,25.08,35880.84,89280.33
600702.SH,2017-06-16,25.09,25.4,24.81,25.07,35428.73,89030.79
600702.SH,2017-06-19,25.02,25.34,24.6,24.7,47727.82,119428.68
600702.SH,2017-06-20,24.77,24.97,24.73,24.88,20973.35,52111.37
600702.SH,2017-06-21,24.88,25.65,24.81,25.63,52620.81,133057.05
600702.SH,2017-06-22,25.72,26.35,25.14,25.23,118550.21,306753.73
600702.SH,2017-06-23,25.32,26.53,25.3,26.4,131496.16,341141.38
600702.SH,2017-06-26,26.35,27.38,26.28,26.85,147922.57,398294.5
600702.SH,2017-06-27,26.82,27.38,26.6,26.94,46633.02,125919.84
600702.SH,2017-06-28,26.96,27.19,26.41,26.71,36117.85,96408.3
600702.SH,2017-06-29,26.9,26.9,26.13,26.47,40758.7,107607.14
600702.SH,2017-06-30,26.35,26.7,26.3,26.61,30326.82,80301.76
600702.SH,2017-07-03,26.56,27.8,26.32,27.49,94623.61,257752.16
600702.SH,2017-07-04,27.43,27.6,27.09,27.32,40630.56,111107.21
600702.SH,2017-07-05,27.34,27.86,27.1,27.35,66098.92,181028.66
600702.SH,2017-07-06,27.35,27.35,26.48,27.09,79620.82,213497.37
600702.SH,2017-07-07,26.99,27.07,26.48,26.77,57644.95,154079.14
600702.SH,2017-07-10,26.78,27.09,26.48,26.91,36735.88,98572.83
600702.SH,2017-07-11,26.8,27.46,26.72,27.18,74088.3,201773.68
600702.SH,2017-07-12,27.4,28.14,27.18,28.11,148721.94,412838.02
600702.SH,2017-07-13,27.91,28.77,27.81,28.52,74126.36,210637.81
600702.SH,2017-07-14,28.5,28.55,27.82,28.26,66654.93,187143.26
600702.SH,2017-07-17,28.06,28.09,25.43,25.43,231106.65,600649.23
600702.SH,2017-07-18,25.0,25.8,24.35,25.34,100371.54,250432.81
600702.SH,2017-07-19,25.4,25.82,25.19,25.31,85235.23,217234.33
600702.SH,2017-07-20,25.15,25.98,25.15,25.74,64248.65,164272.91
600702.SH,2017-07-21,26.5,28.27,26.5,28.15,191731.31,526848.4
600702.SH,2017-07-24,27.85,28.85,27.75,27.91,118177.66,334361.25
600702.SH,2017-07-25,28.15,28.46,27.53,27.66,53944.17,150697.8
600702.SH,2017-07-26,27.9,28.2,27.25,27.94,62070.67,171578.64
600702.SH,2017-07-27,28.2,28.55,27.9,28.09,121555.28,344312.67
600702.SH,2017-07-28,27.9,30.13,27.71,29.89,214816.35,630245.21
600702.SH,2017-07-31,30.0,32.88,30.0,32.01,213125.72,676708.63
600702.SH,2017-08-01,32.1,32.44,31.02,31.97,110898.94,353084.91
600702.SH,2017-08-02,31.83,32.05,30.99,31.74,81442.49,256509.29
600702.SH,2017-08-03,31.66,32.29,30.5,30.91,105908.38,331376.3
600702.SH,2017-08-04,30.97,31.29,30.33,30.51,73035.99,223891.63
600702.SH,2017-08-07,30.55,32.5,30.3,32.47,130380.71,413509.55
600702.SH,2017-08-08,32.5,33.3,31.55,32.05,100638.95,324763.71
600702.SH,2017-08-09,31.92,34.0,31.5,33.33,128482.18,429245.29
600702.SH,2017-08-10,33.35,35.05,33.02,33.72,119489.97,409682.42
600702.SH,2017-08-11,33.52,35.0,32.56,32.98,92694.34,308358.63
600702.SH,2017-08-14,33.07,34.1,32.1,33.18,69963.5,231788.41
600702.SH,2017-08-15,33.19,33.25,32.51,32.83,50281.18,165063.66
600702.SH,2017-08-16,32.81,33.23,32.4,32.7,53400.87,175031.46
600702.SH,2017-08-17,32.6,33.07,31.6,32.4,70952.12,229147.72
600702.SH,2017-08-18,32.01,33.52,32.01,33.0,85493.85,281417.68
600702.SH,2017-08-21,33.15,33.41,32.34,32.65,37811.85,123448.36
600702.SH,2017-08-22,32.3,32.65,30.11,31.28,172470.44,537309.24
600702.SH,2017-08-23,31.1,31.66,30.7,31.47,58436.22,182333.12
600702.SH,2017-08-24,31.35,31.35,30.0,30.38,117129.61,356713.23
600702.SH,2017-08-25,30.36,31.66,30.36,31.59,93432.82,289587.33
600702.SH,2017-08-28,32.1,33.12,32.1,32.79,102903.23,337066.4
600702.SH,2017-08-29,32.65,34.8,32.37,34.14,111700.08,377584.41
600702.SH,2017-08-30,34.1,35.2,33.8,34.88,82645.57,287315.5
600702.SH,2017-08-31,34.8,35.44,33.59,34.89,65690.5,226264.11
600702.SH,2017-09-01,34.56,34.9,34.26,34.75,49261.64,170385.63
600702.SH,2017-09-04,34.48,34.65,33.33,33.8,63975.84,216338.56
600702.SH,2017-09-05,33.69,33.9,33.47,33.79,29259.58,98763.95
600702.SH,2017-09-06,33.65,33.95,33.65,33.86,31108.34,105061.14
600702.SH,2017-09-07,33.86,33.88,32.91,33.53,52807.83,175741.92
600702.SH,2017-09-08,33.4,33.4,32.6,32.88,52723.67,173726.85
600702.SH,2017-09-11,32.8,34.8,32.5,34.52,83423.87,282309.52
600702.SH,2017-09-12,34.25,37.18,33.96,36.98,139679.55,492168.22
600702.SH,2017-09-13,37.13,39.49,36.4,37.79,170854.09,647229.97
600702.SH,2017-09-14,37.71,39.35,36.93,39.31,128961.48,494263.28
600702.SH,2017-09-15,38.76,39.25,37.37,37.86,84327.23,324432.03
600702.SH,2017-09-18,37.98,39.9,37.98,39.41,96212.38,376502.28
600702.SH,2017-09-19,39.55,39.78,37.8,38.28,81364.59,313793.54
600702.SH,2017-09-20,38.5,39.64,37.68,38.06,74973.28,289276.9
600702.SH,2017-09-21,38.54,38.56,37.48,37.51,47707.61,180427.91
600702.SH,2017-09-22,37.04,38.03,37.04,37.27,45562.32,170455.52
600702.SH,2017-09-25,37.45,38.75,37.2,38.2,76353.18,289295.91
600702.SH,2017-09-26,38.28,39.17,37.68,38.62,44589.78,171817.31
600702.SH,2017-09-27,38.59,38.6,37.8,37.85,49321.98,188055.98
600702.SH,2017-09-28,37.9,40.25,37.4,39.91,124983.86,490764.55
600702.SH,2017-09-29,39.9,41.2,38.72,39.09,92368.42,365697.76
600702.SH,2017-10-09,39.2,40.05,37.51,39.25,80817.36,316206.71
600702.SH,2017-10-10,38.95,39.98,38.51,39.28,55922.04,220738.72
600702.SH,2017-10-11,39.2,41.5,38.68,41.19,98884.89,400066.08
600702.SH,2017-10-12,40.99,41.3,40.3,40.8,50127.72,203671.2
600702.SH,2017-10-13,40.69,41.3,39.91,40.47,60997.78,247039.33
600702.SH,2017-10-16,40.1,40.27,38.25,38.49,133207.82,520446.08
600702.SH,2017-10-17,38.12,39.16,37.83,38.3,56799.63,217139.1
600702.SH,2017-10-18,38.27,38.72,37.59,38.7,46508.22,177829.69
600702.SH,2017-10-19,38.45,38.98,38.05,38.54,66967.57,258580.72
600702.SH,2017-10-20,38.48,38.51,37.6,38.08,61054.18,232039.04
600702.SH,2017-10-23,37.95,39.17,37.8,39.05,59432.38,229335.55
600702.SH,2017-10-24,38.9,39.09,38.56,38.79,50310.17,195185.86
600702.SH,2017-10-25,38.65,38.99,37.5,37.83,84187.56,320614.53
600702.SH,2017-10-26,38.98,39.41,38.02,38.24,115631.2,447705.09
600702.SH,2017-10-27,38.27,40.38,37.81,39.97,110593.01,433438.08
600702.SH,2017-10-30,39.3,43.97,39.0,43.97,268580.99,1124017.75
600702.SH,2017-10-31,44.45,48.22,44.41,46.53,163722.1,752702.7
600702.SH,2017-11-01,47.44,47.59,45.62,46.37,92840.84,430611.19
600702.SH,2017-11-02,45.96,47.47,45.9,46.33,87693.4,409640.7
600702.SH,2017-11-03,46.39,49.6,46.26,47.99,112308.13,540417.93
600702.SH,2017-11-06,48.06,50.85,47.96,50.0,94584.85,468047.77
600702.SH,2017-11-07,49.6,51.17,47.89,48.51,115815.76,568606.37
600702.SH,2017-11-08,48.92,49.38,47.43,48.17,115074.27,553835.53
600702.SH,2017-11-09,47.94,48.24,46.74,48.21,74357.72,353599.34
600702.SH,2017-11-10,47.8,50.57,47.61,48.71,94949.74,467329.76
600702.SH,2017-11-13,48.77,49.0,47.77,48.3,74810.86,361372.18
600702.SH,2017-11-14,47.5,48.23,45.82,46.17,101266.96,471240.24
600702.SH,2017-11-15,46.32,47.2,45.75,46.73,61588.44,286583.26
600702.SH,2017-11-16,46.94,48.48,46.0,47.61,85841.34,411847.21
600702.SH,2017-11-17,47.4,47.4,44.81,45.62,78713.18,360579.05
600702.SH,2017-11-20,45.6,45.75,42.71,45.62,49310.03,219722.87
600702.SH,2017-11-21,45.5,47.6,45.48,46.87,77620.14,362630.36
600702.SH,2017-11-22,46.9,47.3,43.95,45.06,103909.09,469944.28
600702.SH,2017-11-23,44.62,44.8,41.2,41.6,119059.52,505678.77
600702.SH,2017-11-24,41.06,42.19,40.0,41.55,72914.04,299790.25
600702.SH,2017-11-27,41.0,43.15,40.0,41.59,82415.74,344195.07
600702.SH,2017-11-28,41.5,44.1,40.96,43.02,101144.15,436456.38
600702.SH,2017-11-29,43.45,43.45,41.8,42.65,51026.77,217081.86
600702.SH,2017-11-30,42.63,42.99,41.85,42.63,35010.19,149202.39
600702.SH,2017-12-01,42.53,43.13,41.88,42.17,30595.09,129644.02
600702.SH,2017-12-04,42.7,45.2,42.0,44.48,125897.68,555060.96
600702.SH,2017-12-05,44.37,45.77,43.85,44.45,77143.87,346638.17
600702.SH,2017-12-06,44.13,45.34,43.3,44.39,45489.78,201324.57
600702.SH,2017-12-07,44.4,44.78,43.5,43.81,35189.89,154770.05
600702.SH,2017-12-08,43.77,45.2,43.52,45.14,46495.96,206862.24
600702.SH,2017-12-11,45.09,47.66,45.05,47.48,79012.44,370535.71
600702.SH,2017-12-12,47.35,48.1,46.5,46.81,46937.39,220929.86
600702.SH,2017-12-13,46.9,47.92,46.5,47.84,50108.49,236806.66
600702.SH,2017-12-14,47.78,48.0,46.98,47.1,42827.34,202807.52
600702.SH,2017-12-15,47.63,48.5,45.85,46.39,56039.02,264351.91
600702.SH,2017-12-18,46.15,47.77,46.1,47.02,55287.76,260529.38
600702.SH,2017-12-19,46.49,48.14,46.47,47.1,59282.82,280673.3
600702.SH,2017-12-20,47.09,47.48,46.0,46.84,71738.86,337007.7
600702.SH,2017-12-21,46.8,47.48,45.7,46.23,77308.75,359189.54
600702.SH,2017-12-22,46.18,46.19,44.8,45.25,68830.6,312325.24
600702.SH,2017-12-25,45.75,46.1,43.67,45.01,85072.06,378928.49
600702.SH,2017-12-26,44.7,45.3,44.14,45.22,48719.65,218384.26
600702.SH,2017-12-27,45.22,45.4,44.0,44.11,39616.68,176678.26
600702.SH,2017-12-28,45.13,47.35,44.76,47.25,150684.96,693247.47
600702.SH,2017-12-29,47.11,47.52,45.5,46.66,79256.91,367337.64
600702.SH,2018-01-02,46.17,46.65,45.2,45.84,58486.52,267256.15
600702.SH,2018-01-03,45.88,45.88,45.18,45.51,69543.08,315306.09
600702.SH,2018-01-04,45.11,46.76,45.11,45.93,92209.89,425521.03
600702.SH,2018-01-05,45.79,45.9,45.15,45.31,60254.91,273237.68
600702.SH,2018-01-08,44.92,44.97,41.89,43.94,116924.88,507260.0
600702.SH,2018-01-09,43.6,44.45,42.75,43.36,144676.37,630690.85
600702.SH,2018-01-10,43.6,44.33,42.27,44.11,117872.84,511560.37
600702.SH,2018-01-11,43.57,44.8,43.3,44.35,77297.44,343705.69
600702.SH,2018-01-12,44.0,46.09,43.92,45.94,107975.04,490155.24
600702.SH,2018-01-15,45.9,47.68,45.8,47.23,123387.11,580657.08
600702.SH,2018-01-16,47.23,50.68,46.6,48.99,137044.53,673660.16
600702.SH,2018-01-17,48.9,50.1,46.82,46.95,85290.84,410726.87
600702.SH,2018-01-18,47.39,49.15,47.07,48.69,74308.47,359268.02
600702.SH,2018-01-19,48.98,49.11,47.07,47.84,58383.54,281637.18
600702.SH,2018-01-22,47.53,50.45,47.53,50.41,75039.9,373391.2
600702.SH,2018-01-23,50.43,51.52,49.2,50.32,71739.11,363632.76
600702.SH,2018-01-24,50.32,50.32,48.9,49.45,61368.72,303738.16
600702.SH,2018-01-25,49.45,50.5,48.0,48.25,56821.63,275707.8
600702.SH,2018-01-26,48.4,49.38,46.82,49.34,73105.63,349029.9
600702.SH,2018-01-29,48.8,48.8,44.41,44.41,159439.48,729610.71
600702.SH,2018-01-30,43.69,43.73,42.0,42.81,128152.68,548815.26
600702.SH,2018-01-31,42.59,44.25,42.36,43.46,72359.52,317018.9
600702.SH,2018-02-01,43.0,43.1,40.05,41.22,122237.03,504254.58
600702.SH,2018-02-02,41.0,41.69,38.0,40.9,62616.57,254312.16
600702.SH,2018-02-05,38.76,40.0,36.81,36.83,174315.66,654264.93
600702.SH,2018-02-06,35.97,38.2,35.4,36.68,116780.86,436125.69
600702.SH,2018-02-07,37.59,38.59,35.69,35.76,88777.41,331174.79
600702.SH,2018-02-08,36.0,38.59,36.0,38.26,114312.34,432509.83
600702.SH,2018-02-09,36.5,37.88,35.1,37.6,94131.83,346242.44
600702.SH,2018-02-12,37.9,38.79,37.3,38.39,82957.77,317466.99
600702.SH,2018-02-13,38.5,39.45,37.51,37.95,73131.66,279971.48
600702.SH,2018-02-14,38.3,38.54,37.96,38.36,31642.82,121239.85
600702.SH,2018-02-22,38.77,40.99,38.36,40.54,59880.47,236262.49
600702.SH,2018-02-23,40.1,41.18,39.67,40.58,55733.6,226477.74
600702.SH,2018-02-26,41.0,41.22,39.85,40.49,39739.17,160721.3
600702.SH,2018-02-27,40.79,42.09,39.88,41.65,78204.48,323180.44
600702.SH,2018-02-28,40.8,41.44,38.99,39.82,95597.41,379846.96
600702.SH,2018-03-01,39.38,40.27,39.2,39.93,44886.17,179269.2
600702.SH,2018-03-02,39.95,39.95,38.56,39.32,47105.4,183704.17
600702.SH,2018-03-05,39.62,39.85,38.6,38.99,33332.89,130334.24
600702.SH,2018-03-06,39.08,39.7,38.28,39.63,40189.51,157472.63
600702.SH,2018-03-07,39.68,40.94,39.09,39.51,58689.04,235994.75
600702.SH,2018-03-08,39.65,40.4,39.49,40.23,27927.39,111889.21
600702.SH,2018-03-09,40.43,41.27,40.4,40.84,56073.99,229330.03
600702.SH,2018-03-12,40.96,41.05,39.47,40.79,49043.01,196713.24
600702.SH,2018-03-13,40.58,40.76,40.2,40.46,26030.6,105290.83
600702.SH,2018-03-14,40.42,41.06,39.99,40.92,33236.0,135006.66
600702.SH,2018-03-15,40.65,42.0,40.65,41.31,38640.52,160296.27
600702.SH,2018-03-16,41.18,41.38,40.49,40.82,27404.02,112034.72
600702.SH,2018-03-19,40.9,41.28,40.55,41.1,22220.07,91111.1
600702.SH,2018-03-20,41.04,41.04,40.2,40.47,28298.48,114255.18
600702.SH,2018-03-21,40.51,40.62,39.6,40.04,34669.69,138806.75
600702.SH,2018-03-22,40.19,40.37,38.6,38.88,36996.12,144533.09
600702.SH,2018-03-23,37.55,38.36,35.0,36.47,61162.63,225922.37
600702.SH,2018-03-26,36.28,37.09,35.08,36.56,35430.24,128520.75
600702.SH,2018-03-27,36.97,37.44,35.93,36.62,62078.48,228377.73
600702.SH,2018-03-28,36.25,36.7,35.03,35.08,51051.64,182106.57
600702.SH,2018-03-29,35.12,36.0,33.5,35.48,76683.88,267326.51
600702.SH,2018-03-30,35.43,36.1,35.2,35.75,45557.7,162764.52
600702.SH,2018-04-02,35.98,36.94,35.39,35.6,53132.86,192001.35
600702.SH,2018-04-03,35.37,36.38,35.1,35.87,39259.21,141431.04
600702.SH,2018-04-04,36.15,38.58,36.15,37.77,91484.86,344073.38
600702.SH,2018-04-09,37.74,38.5,37.03,37.4,39368.55,147445.59
600702.SH,2018-04-10,37.49,38.07,37.2,37.72,30451.6,114865.5
600702.SH,2018-04-11,37.74,39.25,37.51,38.9,41608.58,160841.8
600702.SH,2018-04-12,39.0,40.1,38.78,39.11,44694.38,176683.82
600702.SH,2018-04-13,39.13,39.99,38.11,38.49,29105.08,113919.02
600702.SH,2018-04-16,38.39,39.0,38.2,38.68,24508.56,94882.25
600702.SH,2018-04-17,38.95,38.98,37.11,37.75,17973.14,68608.91
600702.SH,2018-04-18,38.04,38.2,36.31,37.38,28472.0,105835.11
600702.SH,2018-04-19,37.31,38.15,37.01,37.62,24420.82,92025.03
600702.SH,2018-04-20,37.68,38.49,37.08,37.31,27933.11,105440.6
600702.SH,2018-04-23,36.9,36.9,33.58,33.58,144839.38,500325.04
600702.SH,2018-04-24,33.4,35.2,33.0,34.66,60292.48,206751.36
600702.SH,2018-04-25,34.66,35.68,34.5,35.34,47358.43,166545.0
600702.SH,2018-04-26,36.5,36.8,34.6,35.09,59566.57,211306.4
600702.SH,2018-04-27,35.16,35.67,34.3,35.22,32174.8,112373.49
600702.SH,2018-05-02,35.05,35.96,34.4,35.39,31579.23,111930.07
600702.SH,2018-05-03,35.4,37.09,34.7,36.69,52829.79,191254.56
600702.SH,2018-05-04,36.66,37.82,36.66,37.27,51230.3,191251.62
600702.SH,2018-05-07,37.6,39.01,37.43,38.85,102655.62,393487.31
600702.SH,2018-05-08,39.0,40.54,38.91,40.19,115842.82,462575.19
600702.SH,2018-05-09,40.16,40.29,39.4,40.02,43666.54,174295.94
600702.SH,2018-05-10,40.02,41.75,40.0,41.23,76141.66,313134.42
600702.SH,2018-05-11,41.23,42.4,40.32,40.77,46468.59,191322.91
600702.SH,2018-05-14,41.03,41.88,40.76,41.51,48440.84,200421.71
600702.SH,2018-05-15,41.36,41.72,40.88,41.55,22318.87,92091.23
600702.SH,2018-05-16,41.55,42.55,41.0,42.3,46777.7,196021.78
600702.SH,2018-05-17,42.28,42.48,41.8,41.96,33605.43,141231.66
600702.SH,2018-05-18,41.96,41.96,40.15,41.33,48035.42,196896.09
600702.SH,2018-05-21,41.07,42.89,41.07,41.77,34368.59,144458.15
600702.SH,2018-05-22,41.77,42.47,41.0,42.01,30804.72,128548.56
600702.SH,2018-05-23,41.91,42.18,41.05,41.22,15636.7,64946.6
600702.SH,2018-05-24,41.03,41.22,38.9,39.31,100913.52,403129.42
600702.SH,2018-05-25,39.44,40.19,38.88,39.29,56204.18,222631.94
600702.SH,2018-05-28,39.14,41.23,39.14,40.79,69927.59,282467.92
600702.SH,2018-05-29,41.0,41.8,39.19,39.24,73433.83,296913.29
600702.SH,2018-05-30,38.9,40.8,38.1,40.02,58658.0,233226.96
600702.SH,2018-05-31,40.19,41.35,39.51,40.34,89188.62,360765.7
600702.SH,2018-06-01,40.15,40.15,38.19,38.84,74699.36,291458.91
600702.SH,2018-06-04,39.0,39.88,38.4,39.82,65179.89,256475.04
600702.SH,2018-06-05,39.8,41.86,39.41,41.44,85773.93,350932.5
600702.SH,2018-06-06,41.4,42.25,41.1,41.58,67655.42,281450.29
600702.SH,2018-06-07,41.9,43.1,41.38,42.1,110225.97,465970.52
600702.SH,2018-06-08,42.33,42.33,40.16,41.23,83924.3,343861.36
600702.SH,2018-06-11,42.61,44.25,42.05,43.28,148871.97,641487.21
600702.SH,2018-06-12,43.09,44.88,42.63,44.74,107671.05,473811.33
600702.SH,2018-06-13,44.01,44.55,43.2,43.61,71352.89,313585.79
600702.SH,2018-06-14,43.31,43.61,41.94,42.52,58020.32,246832.77
600702.SH,2018-06-15,42.15,42.68,40.5,41.38,65108.3,269475.91
600702.SH,2018-06-19,40.54,41.38,38.59,39.3,59812.11,237288.11
600702.SH,2018-06-20,39.29,40.43,38.78,40.34,56379.13,223680.09
600702.SH,2018-06-21,40.01,40.84,39.06,39.13,48205.09,192472.65
600702.SH,2018-06-22,38.58,39.43,37.95,38.9,33071.65,128001.1
600702.SH,2018-06-25,39.23,40.46,39.2,39.86,49299.24,197212.97
600702.SH,2018-06-26,40.5,41.86,39.5,40.41,70643.29,286784.55
600702.SH,2018-06-27,39.95,40.85,36.92,37.3,91337.48,352135.85
600702.SH,2018-06-28,36.94,36.94,34.81,34.99,84779.82,301961.55
600702.SH,2018-06-29,35.11,36.18,34.9,36.09,51446.74,183563.6
600702.SH,2018-07-02,36.2,37.19,33.34,34.0,103687.56,364872.17
600702.SH,2018-07-03,34.17,34.45,30.79,32.79,143041.61,460048.99
600702.SH,2018-07-04,32.06,33.5,32.06,32.31,66518.89,218581.46
600702.SH,2018-07-05,32.58,33.2,31.7,31.98,41446.88,134322.81
600702.SH,2018-07-06,31.61,32.99,30.92,32.46,56745.01,182064.52
600702.SH,2018-07-09,32.6,33.53,32.55,33.51,49476.06,164172.55
600702.SH,2018-07-10,33.56,33.89,32.8,33.51,47951.43,158872.83
600702.SH,2018-07-11,32.52,33.88,32.27,33.44,46789.69,155418.25
600702.SH,2018-07-12,33.12,35.16,33.12,34.59,68105.91,234319.17
600702.SH,2018-07-13,34.8,35.6,34.13,35.53,56737.51,199606.77
600702.SH,2018-07-16,35.6,35.87,34.74,35.15,41033.54,144657.7
600702.SH,2018-07-17,35.15,35.28,33.58,33.91,55714.33,189214.64
600702.SH,2018-07-18,33.99,34.2,33.55,33.97,38816.7,131678.43
600702.SH,2018-07-19,33.73,33.94,32.14,32.61,68937.77,226075.82
600702.SH,2018-07-20,32.73,33.75,32.0,33.46,59142.03,195912.57
600702.SH,2018-07-23,33.89,33.89,31.88,32.53,120947.13,392223.84
600702.SH,2018-07-24,32.49,34.3,32.23,34.26,89221.74,297139.66
600702.SH,2018-07-25,34.35,34.5,33.44,33.67,64627.19,218264.89
600702.SH,2018-07-26,33.71,33.8,32.91,33.07,40484.3,134600.36
600702.SH,2018-07-27,33.06,34.24,32.68,33.79,67755.68,228715.03
600702.SH,2018-07-30,33.65,33.69,32.55,32.72,50825.7,167122.74
600702.SH,2018-07-31,32.55,33.04,32.53,32.7,27301.92,89285.84
600702.SH,2018-08-01,32.7,32.95,30.99,31.28,73246.72,232579.57
600702.SH,2018-08-02,31.28,31.33,28.76,29.31,116116.65,339534.64
600702.SH,2018-08-03,29.3,29.3,26.8,26.85,122144.99,339168.9
600702.SH,2018-08-06,27.34,27.88,26.85,27.11,85922.79,235152.57
600702.SH,2018-08-07,27.38,28.55,26.91,28.49,79839.53,221556.03
600702.SH,2018-08-08,28.56,28.94,27.5,27.87,62030.16,175106.35
600702.SH,2018-08-09,27.54,28.78,27.52,28.27,56206.37,159266.68
600702.SH,2018-08-10,28.3,28.72,28.01,28.38,45372.8,128861.22
600702.SH,2018-08-13,28.0,28.16,27.28,28.14,49392.92,136613.1
600702.SH,2018-08-14,28.26,28.6,28.2,28.39,42678.38,121368.88
600702.SH,2018-08-15,28.51,28.51,27.25,27.26,46028.09,127124.3
600702.SH,2018-08-16,26.7,27.54,26.03,26.89,43689.8,117258.83
600702.SH,2018-08-17,27.15,27.48,26.0,26.04,56222.67,149205.8
600702.SH,2018-08-20,26.08,26.34,24.65,25.8,74212.97,188971.34
600702.SH,2018-08-21,25.7,27.39,25.55,26.89,94050.95,249267.74
600702.SH,2018-08-22,26.73,27.38,26.56,26.72,47674.96,128198.74
600702.SH,2018-08-23,26.96,27.13,26.3,26.78,43303.79,116191.3
600702.SH,2018-08-24,26.98,27.05,26.35,26.66,36168.77,96482.22
600702.SH,2018-08-27,26.9,27.96,26.9,27.75,82549.29,227658.73
600702.SH,2018-08-28,27.96,28.1,27.33,27.57,42627.63,117747.53
600702.SH,2018-08-29,27.59,27.99,27.21,27.45,49580.96,136864.8
600702.SH,2018-08-30,27.52,27.78,27.13,27.28,34535.95,94677.45
600702.SH,2018-08-31,27.03,27.03,26.18,26.5,46460.5,123017.99
600702.SH,2018-09-03,26.55,26.71,26.05,26.68,32662.19,86033.8
600702.SH,2018-09-04,26.67,27.38,26.5,27.04,63426.67,171159.12
600702.SH,2018-09-05,26.9,27.19,26.39,26.43,44599.55,119522.76
600702.SH,2018-09-06,26.42,26.79,26.0,26.02,68109.74,179591.31
600702.SH,2018-09-07,26.08,26.6,26.08,26.36,75501.47,199120.86
600702.SH,2018-09-10,26.55,26.85,26.1,26.23,65148.84,171801.26
600702.SH,2018-09-11,26.23,26.65,26.03,26.2,29144.1,76435.64
600702.SH,2018-09-12,26.3,26.38,25.65,25.75,38615.76,100141.38
600702.SH,2018-09-13,25.99,26.2,24.71,25.59,52281.11,132686.52
600702.SH,2018-09-14,25.57,26.25,24.83,25.53,90043.29,229082.17
600702.SH,2018-09-17,25.26,25.69,24.91,25.1,45959.47,116059.12
600702.SH,2018-09-18,25.0,25.4,24.51,25.36,76906.71,192381.13
600702.SH,2018-09-19,25.21,26.58,25.1,26.27,111782.98,291417.34
600702.SH,2018-09-20,26.24,26.49,25.7,25.91,65083.48,169307.77
600702.SH,2018-09-21,26.08,27.3,26.01,27.2,111048.75,295831.84
600702.SH,2018-09-25,26.95,27.75,26.85,27.6,94244.78,257300.42
600702.SH,2018-09-26,27.49,28.67,27.35,28.15,122035.86,343484.09
600702.SH,2018-09-27,28.0,28.15,27.53,27.8,78373.05,218257.15
600702.SH,2018-09-28,27.9,28.12,27.4,27.9,58056.24,161689.74
600702.SH,2018-10-08,27.3,27.48,26.0,26.02,74879.16,199053.92
600702.SH,2018-10-09,26.22,26.38,25.8,26.09,37372.82,97548.76
600702.SH,2018-10-10,26.0,26.1,24.58,24.68,115977.24,290165.71
600702.SH,2018-10-11,23.58,23.98,22.21,22.21,106375.6,245022.31
600702.SH,2018-10-12,22.25,23.2,21.93,22.69,94351.22,212953.92
600702.SH,2018-10-15,22.92,23.6,22.49,22.6,66157.65,152024.95
600702.SH,2018-10-16,22.7,22.88,21.4,21.64,76768.15,170338.57
600702.SH,2018-10-17,22.04,22.13,20.19,21.29,112078.97,237635.66
600702.SH,2018-10-18,21.17,21.67,20.7,20.93,70414.72,148861.5
600702.SH,2018-10-19,20.45,22.12,20.45,22.06,87599.02,187614.59
600702.SH,2018-10-22,22.5,23.82,22.4,23.6,122748.13,284763.81
600702.SH,2018-10-23,23.55,23.55,21.25,21.5,169198.62,378319.76
600702.SH,2018-10-24,21.0,21.85,20.63,21.58,83271.83,177311.6
600702.SH,2018-10-25,20.69,21.36,20.51,21.22,55648.02,116466.38
600702.SH,2018-10-26,21.94,21.94,20.72,21.09,64144.13,135610.97
600702.SH,2018-10-29,20.35,20.39,18.98,18.98,136914.56,265173.11
600702.SH,2018-10-30,18.91,19.53,18.61,19.18,97389.08,186342.32
600702.SH,2018-10-31,19.6,20.1,19.55,19.99,99613.97,197574.04
600702.SH,2018-11-01,20.28,21.15,20.1,20.5,99547.05,206302.26
600702.SH,2018-11-02,21.07,21.47,20.74,21.34,109876.76,231619.77
600702.SH,2018-11-05,21.18,21.43,20.69,20.86,93336.77,195473.05
600702.SH,2018-11-06,20.61,20.84,20.18,20.61,57488.05,117835.25
600702.SH,2018-11-07,20.74,21.25,20.63,20.85,75501.21,158497.74
600702.SH,2018-11-08,21.07,21.24,20.73,20.85,46433.78,97455.7
600702.SH,2018-11-09,20.63,20.87,20.36,20.67,39037.52,80641.38
600702.SH,2018-11-12,20.69,20.88,19.99,20.83,59650.93,122537.46
600702.SH,2018-11-13,20.65,21.89,20.55,21.65,110976.74,236560.47
600702.SH,2018-11-14,21.49,21.8,21.23,21.35,63571.66,136360.85
600702.SH,2018-11-15,21.42,21.64,21.25,21.48,70148.79,150392.99
600702.SH,2018-11-16,21.6,21.69,21.12,21.34,76309.11,163118.57
600702.SH,2018-11-19,21.41,22.0,21.14,21.8,89062.3,193110.55
600702.SH,2018-11-20,21.53,21.76,20.98,21.07,76463.81,163011.6
600702.SH,2018-11-21,20.87,21.44,20.6,21.19,50649.91,106835.21
600702.SH,2018-11-22,21.24,21.3,20.91,21.1,37260.74,78548.63
600702.SH,2018-11-23,21.1,21.29,20.12,20.38,58509.0,120496.01
600702.SH,2018-11-26,20.41,20.56,20.1,20.18,29715.75,60378.93
600702.SH,2018-11-27,20.35,20.43,20.08,20.15,22656.53,45779.52
600702.SH,2018-11-28,20.15,20.44,19.88,20.39,34275.21,69256.37
600702.SH,2018-11-29,20.52,21.12,20.46,20.54,67268.71,139895.65
600702.SH,2018-11-30,20.85,22.57,20.82,22.38,241400.81,525545.57
600702.SH,2018-12-03,23.04,24.62,22.9,24.62,209343.37,502957.09
600702.SH,2018-12-04,24.68,25.78,24.42,25.73,240701.66,602892.41
600702.SH,2018-12-05,25.26,26.51,25.1,25.65,222108.33,570455.67
600702.SH,2018-12-06,25.55,25.85,25.15,25.71,154368.93,393230.31
600702.SH,2018-12-07,25.88,25.97,25.22,25.27,98536.95,251157.55
600702.SH,2018-12-10,24.68,25.52,24.68,25.2,115022.8,289670.9
600702.SH,2018-12-11,25.5,25.77,24.44,25.05,146151.61,365155.34
600702.SH,2018-12-12,25.2,25.35,24.76,25.11,108703.68,272420.82
600702.SH,2018-12-13,25.15,26.27,24.81,25.72,191659.58,491564.95
600702.SH,2018-12-14,25.5,25.59,24.53,24.6,143016.63,357256.0
600702.SH,2018-12-17,24.38,24.89,24.3,24.68,74237.64,182536.48
600702.SH,2018-12-18,24.55,24.73,24.02,24.45,69211.39,168173.08
600702.SH,2018-12-19,24.45,25.17,24.0,24.38,89515.3,220318.0
600702.SH,2018-12-20,24.21,24.76,23.51,24.72,106630.14,258104.1
600702.SH,2018-12-21,24.7,24.7,24.0,24.65,86679.66,211357.22
600702.SH,2018-12-24,24.37,25.06,24.36,24.73,88456.38,218368.16
600702.SH,2018-12-25,24.29,24.56,23.53,24.4,93356.11,224402.36
600702.SH,2018-12-26,24.2,24.33,23.36,23.36,86013.88,205312.31
600702.SH,2018-12-27,23.64,23.85,23.0,23.04,94409.31,221672.29
600702.SH,2018-12-28,23.04,23.49,22.7,22.82,102081.1,235834.54
600702.SH,2019-01-02,23.02,23.33,22.48,22.58,78233.12,178622.45
600702.SH,2019-01-03,22.58,22.59,21.51,21.65,102866.96,225383.83
600702.SH,2019-01-04,21.21,22.74,21.2,22.55,106826.66,237269.35
600702.SH,2019-01-07,22.4,22.55,22.06,22.4,100012.36,223056.15
600702.SH,2019-01-08,22.38,22.57,22.01,22.2,57728.29,128575.24
600702.SH,2019-01-09,22.22,23.2,22.18,22.54,126884.56,288413.38
600702.SH,2019-01-10,22.4,22.48,22.1,22.21,64888.41,144477.79
600702.SH,2019-01-11,22.32,22.51,21.95,22.46,64111.01,142846.3
600702.SH,2019-01-14,22.48,22.51,22.02,22.05,48735.75,108150.63
600702.SH,2019-01-15,22.0,24.26,22.0,24.26,167497.27,389150.03
600702.SH,2019-01-16,25.09,25.26,24.54,25.13,294164.63,735032.09
600702.SH,2019-01-17,24.89,25.41,24.71,25.11,189989.38,476086.3
600702.SH,2019-01-18,25.06,26.09,24.99,25.23,229110.22,583619.08
600702.SH,2019-01-21,25.43,26.02,24.95,25.29,197385.29,502325.4
600702.SH,2019-01-22,24.95,25.01,24.5,24.6,118853.22,293221.48
600702.SH,2019-01-23,24.6,24.95,24.49,24.75,90355.87,223233.75
600702.SH,2019-01-24,24.56,25.32,24.35,25.32,128423.69,319393.07
600702.SH,2019-01-25,25.35,25.45,24.85,24.85,108771.41,273154.19
600702.SH,2019-01-28,24.93,25.63,24.81,24.95,135450.16,341514.58
600702.SH,2019-01-29,25.04,25.05,23.8,24.69,141980.64,347683.38
600702.SH,2019-01-30,24.48,24.98,23.9,23.93,84974.61,207208.68
600702.SH,2019-01-31,23.9,24.75,23.83,24.37,106923.67,260465.41
600702.SH,2019-02-01,24.61,24.75,24.18,24.33,87665.34,213818.1
600702.SH,2019-02-11,24.53,25.58,24.14,25.38,165219.73,412922.44
600702.SH,2019-02-12,25.38,25.76,25.11,25.63,149529.04,380875.88
600702.SH,2019-02-13,25.62,25.91,25.2,25.79,159768.91,408588.06
600702.SH,2019-02-14,25.7,27.07,25.43,26.86,210444.24,557330.42
600702.SH,2019-02-15,26.75,26.79,26.11,26.18,128996.15,340729.66
600702.SH,2019-02-18,26.3,27.35,26.3,27.1,169338.66,454637.77
600702.SH,2019-02-19,27.3,27.4,26.02,26.55,180141.01,479716.36
600702.SH,2019-02-20,26.6,26.6,25.88,26.26,148341.05,388358.46
600702.SH,2019-02-21,26.28,26.94,26.0,26.13,134573.78,355553.91
600702.SH,2019-02-22,25.88,26.28,25.57,26.26,114317.25,296218.02
600702.SH,2019-02-25,26.3,27.37,25.89,27.32,268849.77,714894.76
600702.SH,2019-02-26,27.2,27.27,26.7,26.9,182008.61,491352.72
600702.SH,2019-02-27,27.3,29.16,27.3,27.8,296560.19,832346.42
600702.SH,2019-02-28,27.7,28.47,27.33,28.0,177267.74,494996.33
600702.SH,2019-03-01,28.16,28.99,28.01,28.78,189443.36,539867.14
600702.SH,2019-03-04,28.86,29.58,28.0,28.61,279359.85,803177.04
600702.SH,2019-03-05,28.4,28.73,28.05,28.44,144593.67,409252.65
600702.SH,2019-03-06,28.49,28.49,27.95,28.26,139460.01,392086.06
600702.SH,2019-03-07,28.01,28.16,27.38,27.74,152837.58,424941.42
600702.SH,2019-03-08,27.39,28.14,27.04,27.12,134573.19,371238.42
600702.SH,2019-03-11,27.1,28.0,27.1,27.99,123034.83,340513.43
600702.SH,2019-03-12,28.01,28.17,27.6,27.8,132523.11,369231.84
600702.SH,2019-03-13,27.79,28.1,27.56,27.7,117498.81,327815.27
600702.SH,2019-03-14,27.51,28.22,27.35,27.85,124308.65,346562.14
600702.SH,2019-03-15,27.86,28.95,27.56,28.75,206678.24,589952.24
600702.SH,2019-03-18,28.81,31.19,28.81,30.95,303820.56,918249.66
600702.SH,2019-03-19,30.7,30.8,29.61,29.92,185422.18,557701.27
600702.SH,2019-03-20,29.8,31.28,29.48,30.31,195028.31,593805.7
600702.SH,2019-03-21,30.13,30.3,29.52,29.77,121390.59,362109.58
600702.SH,2019-03-22,29.68,30.8,29.67,30.05,136194.39,411145.34
600702.SH,2019-03-25,29.3,29.75,29.0,29.14,99653.07,292902.4
600702.SH,2019-03-26,29.21,30.2,29.02,29.34,139976.08,415486.82
600702.SH,2019-03-27,29.6,31.17,29.3,30.99,235618.71,716531.58
600702.SH,2019-03-28,31.06,31.75,30.15,30.74,191891.99,592357.98
600702.SH,2019-03-29,30.66,32.89,30.52,32.2,259099.07,822175.44
600702.SH,2019-04-01,32.48,34.1,31.7,33.57,246793.05,805425.49
600702.SH,2019-04-02,33.44,33.86,32.87,33.72,156560.69,522208.43
600702.SH,2019-04-03,33.15,34.3,33.11,33.56,117439.81,395512.27
600702.SH,2019-04-04,33.33,34.93,33.01,33.76,164829.82,559662.97
600702.SH,2019-04-08,34.39,35.0,32.68,33.03,162614.44,547591.87
600702.SH,2019-04-09,32.74,33.33,32.43,33.33,92918.38,304235.31
600702.SH,2019-04-10,33.1,33.99,32.6,33.46,120069.47,400740.78
600702.SH,2019-04-11,33.36,33.36,31.5,31.52,141955.8,456906.46
600702.SH,2019-04-12,31.0,31.58,30.56,31.31,76466.54,238291.98
600702.SH,2019-04-15,31.8,32.15,30.59,30.6,83179.99,262108.28
600702.SH,2019-04-16,30.4,31.54,29.8,31.28,82084.06,252852.03
600702.SH,2019-04-17,31.27,32.1,30.91,31.69,76940.85,242863.05
600702.SH,2019-04-18,31.8,32.31,31.6,31.74,77800.27,248898.49
600702.SH,2019-04-19,31.75,31.87,31.0,31.44,57145.35,178988.7
600702.SH,2019-04-22,31.65,32.04,30.8,30.84,74224.42,232685.7
600702.SH,2019-04-23,30.85,31.49,30.43,31.22,73629.38,228543.93
600702.SH,2019-04-24,31.08,31.6,30.3,30.72,64878.35,199427.75
600702.SH,2019-04-25,30.6,31.46,30.26,30.52,81613.12,252357.89
600702.SH,2019-04-26,29.9,30.35,28.88,29.05,148022.17,433722.3
600702.SH,2019-04-29,29.1,29.95,28.53,29.22,100555.93,294952.64
600702.SH,2019-04-30,29.22,29.86,29.0,29.35,58363.74,171189.46
600702.SH,2019-05-06,27.9,27.9,26.42,26.42,117562.45,318651.85
600702.SH,2019-05-07,26.45,27.24,26.32,26.6,76516.14,204516.99
600702.SH,2019-05-08,26.02,27.27,25.84,26.7,65220.1,174963.64
600702.SH,2019-05-09,26.42,26.72,25.4,25.76,70373.42,182972.49
600702.SH,2019-05-10,26.09,27.42,25.76,27.3,102045.97,272512.21
600702.SH,2019-05-13,27.0,27.75,26.75,27.01,71054.3,193726.34
600702.SH,2019-05-14,26.7,27.5,26.63,26.91,51916.88,140598.95
600702.SH,2019-05-15,27.23,28.74,27.23,28.44,115406.2,323584.22
600702.SH,2019-05-16,28.4,28.88,27.85,28.54,77947.21,221473.72
600702.SH,2019-05-17,28.5,28.55,27.35,27.55,75293.8,209623.64
600702.SH,2019-05-20,27.52,27.52,26.4,26.92,53541.12,143806.67
600702.SH,2019-05-21,27.0,27.85,26.41,27.48,54365.7,149243.12
600702.SH,2019-05-22,27.38,27.65,26.91,27.2,37599.42,102510.81
600702.SH,2019-05-23,27.0,27.0,25.9,26.01,74156.9,195393.69
600702.SH,2019-05-24,26.01,26.69,26.01,26.29,42519.7,112024.63
600702.SH,2019-05-27,26.23,26.7,25.8,26.59,56899.67,149832.69
600702.SH,2019-05-28,26.59,27.06,26.41,26.48,49734.03,132809.49
600702.SH,2019-05-29,26.4,27.35,26.32,26.87,62413.18,168063.03
600702.SH,2019-05-30,26.65,27.0,26.31,26.72,47168.2,125377.41
600702.SH,2019-05-31,26.77,26.84,26.09,26.22,55196.24,145551.9
600702.SH,2019-06-03,26.25,26.65,25.93,26.14,39670.03,103873.38
600702.SH,2019-06-04,26.24,26.27,25.33,25.51,59683.77,152492.18
600702.SH,2019-06-05,25.8,25.87,25.25,25.28,35214.38,89709.07
600702.SH,2019-06-06,25.35,25.44,24.02,24.2,59320.82,145780.0
600702.SH,2019-06-10,24.19,24.8,24.02,24.49,49120.68,120247.1
600702.SH,2019-06-11,24.51,25.47,24.51,25.32,138626.09,347610.2
600702.SH,2019-06-12,25.18,25.3,24.7,24.8,75707.26,188948.19
600702.SH,2019-06-13,24.78,24.85,24.39,24.68,51625.61,127016.95
600702.SH,2019-06-14,24.75,25.07,24.18,24.25,56559.97,139090.87
600702.SH,2019-06-17,24.2,24.34,23.73,23.97,54572.4,130955.25
600702.SH,2019-06-18,24.16,24.16,23.75,23.92,30313.07,72499.28
600702.SH,2019-06-19,24.48,24.8,24.27,24.42,78583.97,192319.18
600702.SH,2019-06-20,24.41,25.46,24.26,25.38,129780.86,325936.97
600702.SH,2019-06-21,25.45,26.45,25.2,26.03,130942.27,335895.69
600702.SH,2019-06-24,25.98,27.0,25.6,26.36,122075.65,321357.71
600702.SH,2019-06-25,26.36,26.67,25.63,26.09,92857.1,241913.18
600702.SH,2019-06-26,25.9,26.28,25.66,26.07,45873.12,119459.12
600702.SH,2019-06-27,26.07,27.67,26.06,27.11,158544.82,428062.93
600702.SH,2019-06-28,27.25,27.58,26.8,27.18,102343.98,278172.57
600702.SH,2019-07-01,27.7,28.45,27.49,28.09,133434.9,373696.98
600702.SH,2019-07-02,28.08,28.74,27.88,28.31,104381.58,295305.88
600702.SH,2019-07-03,28.1,29.65,27.88,28.3,218144.87,625922.86
600702.SH,2019-07-04,28.05,28.39,27.21,27.65,124369.3,345222.26
600702.SH,2019-07-05,27.87,29.88,27.84,29.43,216242.21,622811.87
600702.SH,2019-07-08,29.18,29.65,28.44,29.2,165909.19,482032.25
600702.SH,2019-07-09,28.91,30.71,28.91,29.9,221048.5,660153.4
600702.SH,2019-07-10,29.77,30.14,29.3,29.55,123578.13,366589.25
600702.SH,2019-07-11,29.64,29.79,28.73,28.97,125354.07,365819.89
600702.SH,2019-07-12,28.84,29.34,28.74,28.95,88352.64,256176.1
600702.SH,2019-07-15,28.59,28.68,27.69,28.55,100455.52,284495.42
600702.SH,2019-07-16,28.54,29.31,28.52,28.82,92143.46,266745.26
600702.SH,2019-07-17,28.68,28.78,28.02,28.16,98638.81,279473.05
600702.SH,2019-07-18,28.19,28.49,27.42,27.46,94985.0,265027.35
600702.SH,2019-07-19,27.4,28.15,27.4,27.55,68285.1,189763.57
600702.SH,2019-07-22,27.65,27.68,26.83,26.87,72829.29,197255.3
600702.SH,2019-07-23,26.77,27.0,25.9,26.75,88390.37,233304.31
600702.SH,2019-07-24,26.77,27.12,26.56,26.71,76368.46,204819.76
600702.SH,2019-07-25,26.6,27.51,26.35,27.47,92623.98,249236.71
600702.SH,2019-07-26,27.4,27.78,27.15,27.37,66807.25,183465.99
600702.SH,2019-07-29,27.28,27.6,27.13,27.6,58527.86,160387.47
600702.SH,2019-07-30,27.5,27.68,27.3,27.47,53656.98,147481.0
600702.SH,2019-07-31,27.35,27.6,26.63,26.65,65570.11,177058.58
600702.SH,2019-08-01,26.69,26.8,26.11,26.26,65219.93,172298.88
600702.SH,2019-08-02,25.54,26.19,25.5,26.01,65880.1,169564.8
600702.SH,2019-08-05,25.93,26.46,25.65,25.75,54313.25,141002.57
600702.SH,2019-08-06,25.37,25.97,25.02,25.8,70528.82,180410.52
600702.SH,2019-08-07,25.85,26.17,25.56,25.56,33221.0,85664.87
600702.SH,2019-08-08,25.52,26.28,25.52,26.04,54073.8,140837.68
600702.SH,2019-08-09,26.14,26.39,25.75,26.04,46649.14,121489.14
600702.SH,2019-08-12,26.32,26.78,26.15,26.74,61969.35,164505.15
600702.SH,2019-08-13,26.53,26.73,26.35,26.46,33131.01,87752.25
600702.SH,2019-08-14,26.75,27.16,26.55,26.93,61850.01,166458.69
600702.SH,2019-08-15,26.41,26.68,26.21,26.58,46669.61,123437.38
600702.SH,2019-08-16,26.49,27.1,26.42,26.58,67003.44,179389.85
600702.SH,2019-08-19,26.62,27.3,26.4,27.13,94756.81,254294.86
600702.SH,2019-08-20,27.11,27.58,26.86,27.34,77774.73,212196.6
600702.SH,2019-08-21,27.35,27.44,27.0,27.05,45500.16,123611.32
600702.SH,2019-08-22,27.17,27.55,27.12,27.54,66639.58,182304.3
600702.SH,2019-08-23,27.5,27.63,27.13,27.25,61049.51,166989.27
600702.SH,2019-08-26,26.67,27.15,26.65,26.85,45255.66,121682.73
600702.SH,2019-08-27,26.83,27.26,26.62,26.85,117663.97,316695.39
600702.SH,2019-08-28,26.95,27.47,26.85,27.17,87273.52,237417.07
600702.SH,2019-08-29,27.13,27.27,26.82,26.9,64571.21,174251.05
600702.SH,2019-08-30,27.0,27.99,26.92,27.49,142830.57,393487.83
600702.SH,2019-09-02,27.23,27.91,27.17,27.9,113562.57,312596.15
600702.SH,2019-09-03,27.9,27.95,27.4,27.67,79877.65,220714.38
600702.SH,2019-09-04,27.59,27.62,27.03,27.38,77452.29,211530.34
600702.SH,2019-09-05,27.42,27.68,27.34,27.53,84903.87,233375.81
600702.SH,2019-09-06,27.54,27.65,27.09,27.43,67594.21,184727.86
600702.SH,2019-09-09,27.51,28.65,27.42,28.48,155328.03,436916.61
600702.SH,2019-09-10,28.33,29.2,28.12,28.7,123783.31,355003.25
600702.SH,2019-09-11,28.67,28.67,27.6,27.63,134512.12,376877.32
600702.SH,2019-09-12,27.48,28.05,27.43,27.78,60859.7,169146.27
600702.SH,2019-09-16,27.68,28.09,27.51,27.91,62923.41,175428.77
600702.SH,2019-09-17,27.85,28.36,27.52,27.99,82279.09,230483.12
600702.SH,2019-09-18,27.92,29.5,27.92,29.08,212184.48,613584.44
600702.SH,2019-09-19,28.91,29.97,28.6,29.67,195588.98,573888.81
600702.SH,2019-09-20,29.7,29.85,29.08,29.26,132697.42,390458.49
600702.SH,2019-09-23,29.18,29.25,28.55,28.96,79327.08,228981.66
600702.SH,2019-09-24,29.15,30.38,28.99,29.98,155804.16,464640.35
600702.SH,2019-09-25,29.9,32.58,29.62,31.11,250671.43,781685.99
600702.SH,2019-09-26,31.28,31.79,30.0,30.2,165126.21,509657.37
600702.SH,2019-09-27,30.55,31.65,29.52,31.22,159342.57,493134.63
600702.SH,2019-09-30,31.1,31.74,29.95,30.01,112978.67,346323.22
600702.SH,2019-10-08,30.18,30.9,30.02,30.25,105531.8,321489.59
600702.SH,2019-10-09,30.23,30.23,28.76,29.1,144640.84,421376.02
600702.SH,2019-10-10,28.88,29.14,28.3,28.96,88413.98,254311.1
600702.SH,2019-10-11,28.97,29.3,28.36,28.62,93106.35,267358.07
600702.SH,2019-10-14,28.99,29.65,28.8,29.41,111159.07,325344.37
600702.SH,2019-10-15,29.28,31.47,29.21,31.0,186694.12,574043.55
600702.SH,2019-10-16,30.6,31.44,30.32,31.2,141543.56,437892.48
600702.SH,2019-10-17,31.03,31.5,30.61,31.33,92458.24,286575.09
600702.SH,2019-10-18,30.7,30.89,29.57,29.57,133488.17,403937.22
600702.SH,2019-10-21,29.6,30.55,29.37,30.0,90994.42,272518.62
600702.SH,2019-10-22,30.04,30.15,29.53,29.93,57300.73,170796.41
600702.SH,2019-10-23,29.85,30.27,29.35,29.5,64236.33,191644.69
600702.SH,2019-10-24,29.5,30.11,28.84,29.02,59577.51,173995.55
600702.SH,2019-10-25,29.09,29.6,28.88,29.31,49462.48,145023.63
600702.SH,2019-10-28,28.93,30.3,28.51,30.23,106965.02,318130.56
600702.SH,2019-10-29,30.1,30.57,29.92,30.19,79811.05,241725.13
600702.SH,2019-10-30,30.02,30.85,29.59,30.72,92487.59,280567.08
600702.SH,2019-10-31,30.72,31.18,30.23,30.35,90059.75,276671.62
600702.SH,2019-11-01,30.39,31.3,30.16,31.09,100199.66,309248.55
600702.SH,2019-11-04,31.15,32.3,31.03,31.78,144949.08,461409.79
600702.SH,2019-11-05,31.7,32.07,31.34,31.68,91570.79,290017.77
600702.SH,2019-11-06,31.65,31.94,31.18,31.55,87094.86,273932.25
600702.SH,2019-11-07,31.71,33.65,31.69,33.42,198380.99,652170.76
600702.SH,2019-11-08,33.43,34.3,33.35,33.47,152058.71,512696.33
600702.SH,2019-11-11,33.6,33.7,32.77,32.96,123331.54,409485.55
600702.SH,2019-11-12,33.11,33.3,32.29,33.0,92678.02,303615.07
600702.SH,2019-11-13,33.01,33.03,32.32,32.54,74245.8,242245.28
600702.SH,2019-11-14,32.69,33.96,32.44,33.16,132709.92,441580.73
600702.SH,2019-11-15,33.01,33.25,32.13,32.16,78960.55,257941.9
600702.SH,2019-11-18,31.5,31.8,28.94,29.25,337234.58,1002248.59
600702.SH,2019-11-19,30.08,31.4,29.88,31.04,249112.82,764443.1
600702.SH,2019-11-20,31.33,31.34,30.32,30.46,152404.88,467750.86
600702.SH,2019-11-21,30.41,30.78,30.15,30.64,86898.45,264451.5
600702.SH,2019-11-22,30.33,30.74,29.5,29.95,116541.83,350947.02
600702.SH,2019-11-25,29.79,29.8,28.9,29.38,85379.52,249875.29
600702.SH,2019-11-26,29.3,29.69,29.07,29.24,48318.0,141649.31
600702.SH,2019-11-27,29.25,29.8,29.05,29.56,63030.03,186111.58
600702.SH,2019-11-28,29.56,29.78,29.14,29.27,53784.71,158301.55
600702.SH,2019-11-29,29.04,29.26,28.49,29.02,70749.9,204052.76
600702.SH,2019-12-02,28.95,29.5,28.74,29.03,46702.69,135440.9
600702.SH,2019-12-03,29.0,29.15,28.7,28.92,46925.36,135656.89
600702.SH,2019-12-04,29.18,29.48,28.76,29.06,80177.84,232997.44
600702.SH,2019-12-05,29.06,29.06,28.38,28.83,100801.8,288884.24
600702.SH,2019-12-06,28.77,29.15,28.68,29.1,81547.65,236458.56
600702.SH,2019-12-09,29.0,29.08,28.72,28.89,52449.45,151348.53
600702.SH,2019-12-10,28.85,29.13,28.78,29.12,44513.42,128924.35
600702.SH,2019-12-11,29.08,29.68,28.91,29.52,81129.44,238011.82
600702.SH,2019-12-12,29.55,29.76,29.23,29.49,58203.0,171817.83
600702.SH,2019-12-13,29.65,29.98,29.55,29.85,69190.36,206323.87
600702.SH,2019-12-16,30.0,30.25,29.72,30.25,74359.75,223188.96
600702.SH,2019-12-17,30.24,30.59,30.09,30.42,75802.55,229954.32
600702.SH,2019-12-18,30.31,30.66,30.05,30.16,74786.73,226598.04
600702.SH,2019-12-19,30.06,30.13,29.64,29.78,79368.14,236354.27
600702.SH,2019-12-20,29.73,29.93,29.6,29.69,46119.0,137116.87
600702.SH,2019-12-23,28.8,29.26,28.6,28.79,78328.9,226587.23
600702.SH,2019-12-24,28.89,29.27,28.89,29.1,40938.78,119013.73
600702.SH,2019-12-25,29.01,29.17,28.83,29.08,32777.16,95018.29
600702.SH,2019-12-26,29.23,29.63,29.01,29.62,56848.7,166900.1
600702.SH,2019-12-27,29.57,30.09,29.29,29.3,66401.25,196933.66
600702.SH,2019-12-30,29.29,30.33,29.01,30.14,98105.31,293265.59
600702.SH,2019-12-31,30.09,30.26,29.82,30.01,62712.87,188185.544
600702.SH,2020-01-02,30.01,30.41,29.78,30.4,96501.48,291023.37
600702.SH,2020-01-03,30.4,30.65,30.02,30.11,63943.1,193730.33
600702.SH,2020-01-06,30.06,30.18,29.76,29.9,63581.49,190268.75
600702.SH,2020-01-07,29.88,30.1,29.78,30.07,78048.0,233686.01
600702.SH,2020-01-08,29.91,29.98,29.4,29.44,78941.14,233863.35
600702.SH,2020-01-09,29.62,30.25,29.5,29.95,94197.93,281537.19
600702.SH,2020-01-10,29.99,30.94,29.86,30.65,145095.15,442660.39
600702.SH,2020-01-13,30.59,31.82,30.58,31.59,146956.93,461893.94
600702.SH,2020-01-14,31.6,31.6,31.02,31.28,88020.75,275093.74
600702.SH,2020-01-15,31.25,31.9,31.16,31.38,76343.2,240592.31
600702.SH,2020-01-16,31.33,31.55,31.07,31.33,51906.08,162438.11
600702.SH,2020-01-17,31.28,31.45,30.88,31.0,61787.0,192510.74
600702.SH,2020-01-20,31.04,31.31,30.87,31.19,54415.58,169227.76
600702.SH,2020-01-21,31.15,31.16,30.2,30.22,72399.57,221113.5
600702.SH,2020-01-22,30.01,30.35,29.44,30.27,57529.86,172557.91
600702.SH,2020-01-23,29.84,30.09,28.4,28.68,110279.31,321135.35
600702.SH,2020-02-03,25.81,25.81,25.81,25.81,17267.0,44566.13
600702.SH,2020-02-04,23.41,25.21,23.41,24.53,196601.95,476540.18
600702.SH,2020-02-05,24.51,24.98,24.1,24.61,105389.44,259758.84
600702.SH,2020-02-06,24.5,24.94,24.23,24.8,97862.57,240542.5
600702.SH,2020-02-07,24.68,25.0,24.4,24.98,81791.57,202147.39
600702.SH,2020-02-10,24.85,25.96,24.55,25.72,89216.6,225822.92
600702.SH,2020-02-11,25.6,26.44,25.41,26.0,86732.56,225904.86
600702.SH,2020-02-12,26.05,26.05,25.55,25.97,59869.57,154380.13
600702.SH,2020-02-13,25.86,26.28,25.58,25.61,69367.61,179474.13
600702.SH,2020-02-14,25.6,25.7,25.23,25.39,69098.35,175594.12
600702.SH,2020-02-17,25.47,26.08,25.4,26.05,85249.69,220496.64
600702.SH,2020-02-18,26.18,26.27,25.8,26.13,76386.48,198717.09
600702.SH,2020-02-19,26.09,26.76,25.9,26.38,104540.24,276113.09
600702.SH,2020-02-20,26.23,26.98,26.2,26.89,130013.45,348452.22
600702.SH,2020-02-21,26.79,27.06,26.69,26.82,95818.41,257290.31
600702.SH,2020-02-24,26.67,26.67,25.85,26.3,107889.92,282909.89
600702.SH,2020-02-25,25.74,26.2,25.46,25.82,92848.95,239782.69
600702.SH,2020-02-26,25.62,26.06,25.37,25.57,79423.52,203896.76
600702.SH,2020-02-27,25.56,25.89,25.52,25.56,55433.62,142363.69
600702.SH,2020-02-28,25.03,25.14,23.55,23.76,141669.51,344871.93
600702.SH,2020-03-02,23.86,24.29,23.6,24.27,97003.41,233140.31
600702.SH,2020-03-03,24.45,24.87,24.31,24.5,76641.75,188326.16
600702.SH,2020-03-04,24.44,24.71,24.3,24.71,57843.49,141536.14
600702.SH,2020-03-05,24.83,26.45,24.83,26.26,203856.32,527680.47
600702.SH,2020-03-06,25.83,26.26,25.68,25.9,105445.05,272927.04
600702.SH,2020-03-09,25.5,25.5,24.55,24.79,115468.96,288240.88
600702.SH,2020-03-10,24.45,25.26,24.28,25.25,93392.25,231809.04
600702.SH,2020-03-11,25.19,25.47,24.87,24.88,82901.43,208317.96
600702.SH,2020-03-12,24.6,24.6,24.03,24.11,69119.3,167758.71
600702.SH,2020-03-13,22.95,23.78,22.75,23.55,79788.64,185380.64
600702.SH,2020-03-16,23.75,24.09,23.03,23.15,78002.49,183735.99
600702.SH,2020-03-17,23.47,23.48,22.08,22.55,80453.09,183344.43
600702.SH,2020-03-18,22.74,23.14,22.1,22.15,67756.8,153552.15
600702.SH,2020-03-19,21.98,22.25,21.16,21.69,76177.25,164608.14
600702.SH,2020-03-20,21.9,22.48,21.77,22.21,72691.0,160982.38
600702.SH,2020-03-23,21.74,21.96,21.41,21.54,42855.0,93068.77
600702.SH,2020-03-24,21.85,22.28,21.38,21.93,66189.52,144323.42
600702.SH,2020-03-25,22.4,22.7,22.07,22.68,89922.4,201444.08
600702.SH,2020-03-26,22.48,23.09,22.31,22.6,67105.75,152572.93
600702.SH,2020-03-27,22.77,23.3,22.77,22.86,86547.78,199562.09
600702.SH,2020-03-30,22.6,22.69,22.3,22.56,54541.48,122642.75
600702.SH,2020-03-31,22.77,23.06,22.61,22.8,47154.01,107668.58
600702.SH,2020-04-01,22.74,23.05,22.45,22.59,52348.15,119064.56
600702.SH,2020-04-02,22.5,22.86,22.35,22.86,41401.5,93863.17
600702.SH,2020-04-03,22.86,23.06,22.68,22.78,36849.7,84273.19
600702.SH,2020-04-07,23.15,23.37,23.05,23.24,61684.01,143211.44
600702.SH,2020-04-08,23.11,23.38,23.06,23.24,40347.16,93676.62
600702.SH,2020-04-09,23.35,23.45,23.11,23.26,42078.44,97972.34
600702.SH,2020-04-10,23.29,23.76,23.04,23.08,64474.82,150565.99
600702.SH,2020-04-13,22.85,22.89,22.48,22.62,46697.6,105816.1
600702.SH,2020-04-14,22.72,23.11,22.56,23.02,49461.82,113037.25
600702.SH,2020-04-15,23.05,23.24,22.75,22.77,46043.15,105813.56
600702.SH,2020-04-16,22.68,22.83,22.41,22.68,45908.52,103712.9
600702.SH,2020-04-17,22.87,24.06,22.87,23.3,112287.82,263189.2
600702.SH,2020-04-20,23.25,23.51,23.1,23.51,69247.61,161506.54
600702.SH,2020-04-21,23.35,23.52,23.04,23.24,50173.18,116719.56
600702.SH,2020-04-22,23.11,23.96,23.02,23.8,81387.09,192437.07
600702.SH,2020-04-23,23.86,24.22,23.54,23.6,96096.5,229381.65
600702.SH,2020-04-24,23.79,24.95,23.65,24.66,164703.92,404567.98
600702.SH,2020-04-27,26.0,26.35,25.18,25.29,236710.8,606143.78
600702.SH,2020-04-28,25.42,26.98,25.07,26.4,262145.25,683399.96
600702.SH,2020-04-29,24.8,24.87,23.86,23.95,282934.45,687684.13
600702.SH,2020-04-30,23.8,24.08,23.52,24.02,102454.45,244234.59
600702.SH,2020-05-06,23.9,24.15,23.64,24.14,72752.11,173941.44
600702.SH,2020-05-07,24.1,24.57,23.92,24.5,92358.24,224701.54
600702.SH,2020-05-08,24.5,24.94,24.31,24.61,92656.34,228386.34
600702.SH,2020-05-11,24.69,24.96,24.48,24.79,65528.36,162163.46
600702.SH,2020-05-12,24.71,24.86,24.39,24.66,52306.49,129024.98
600702.SH,2020-05-13,24.65,25.37,24.51,25.12,93406.23,234608.24
600702.SH,2020-05-14,25.46,26.99,25.3,26.19,226688.81,595329.67
600702.SH,2020-05-15,26.3,26.69,25.4,25.61,122143.8,315893.42
600702.SH,2020-05-18,25.62,26.75,25.62,26.69,134491.01,354360.21
600702.SH,2020-05-19,26.67,27.04,26.25,26.82,104673.26,279408.33
600702.SH,2020-05-20,26.8,27.48,26.5,26.93,108631.99,293808.98
600702.SH,2020-05-21,27.0,27.42,26.75,26.87,105492.02,285666.48
600702.SH,2020-05-22,26.68,27.07,26.11,26.24,97332.7,257638.16
600702.SH,2020-05-25,26.42,26.78,25.86,26.48,64188.53,169537.7
600702.SH,2020-05-26,26.53,27.0,26.1,26.84,76255.81,203146.03
600702.SH,2020-05-27,26.86,27.4,26.73,27.05,74964.27,202957.49
600702.SH,2020-05-28,26.98,28.38,26.9,27.83,149855.11,416989.4
600702.SH,2020-05-29,27.68,28.08,27.57,27.78,103635.98,288075.84
600702.SH,2020-06-01,27.83,28.3,27.78,28.18,102707.1,288809.38
600702.SH,2020-06-02,28.15,28.36,27.75,27.91,72854.67,204162.78
600702.SH,2020-06-03,27.92,28.0,27.52,27.6,55450.92,153766.6
600702.SH,2020-06-04,27.75,29.29,27.73,28.96,148365.61,426600.37
600702.SH,2020-06-05,29.03,30.42,28.8,29.94,148201.61,440816.09
600702.SH,2020-06-08,30.1,30.85,29.9,30.1,110262.65,333604.75
600702.SH,2020-06-09,30.24,30.88,29.85,30.3,107792.36,327126.31
600702.SH,2020-06-10,30.13,30.63,29.99,30.34,68395.49,207527.84
600702.SH,2020-06-11,30.38,31.29,30.21,30.69,88411.33,272187.35
600702.SH,2020-06-12,30.35,30.89,30.02,30.58,75520.09,230628.86
600702.SH,2020-06-15,30.48,30.89,29.3,29.56,126329.53,377371.3
600702.SH,2020-06-16,29.8,31.46,29.72,31.04,138496.59,427153.01
600702.SH,2020-06-17,31.28,31.3,30.69,31.11,78503.5,243236.68
600702.SH,2020-06-18,31.23,32.4,30.88,31.06,116267.7,366893.71
600702.SH,2020-06-19,31.0,31.91,30.89,31.5,92552.55,292292.14
600702.SH,2020-06-22,31.45,32.93,31.18,32.68,133084.8,429077.87
600702.SH,2020-06-23,32.78,35.05,32.68,34.81,187855.43,639066.41
600702.SH,2020-06-24,34.82,37.15,34.5,35.41,251689.53,903663.58
600702.SH,2020-06-29,35.3,36.97,35.3,36.96,168315.07,611582.09
600702.SH,2020-06-30,37.16,37.64,36.37,37.35,170504.07,632782.26
600702.SH,2020-07-01,37.38,41.0,37.01,40.93,260016.58,1020899.07
600702.SH,2020-07-02,40.0,41.73,39.01,39.29,298999.25,1193457.29
600702.SH,2020-07-03,38.8,38.8,36.6,36.72,298918.65,1115736.69
600702.SH,2020-07-06,36.7,37.88,36.01,37.37,179639.94,668322.14
600702.SH,2020-07-07,37.16,39.15,37.04,38.06,203676.62,780635.19
600702.SH,2020-07-08,38.07,38.46,37.37,37.96,137752.06,519938.1
600702.SH,2020-07-09,37.68,39.4,37.5,39.27,171228.56,659311.26
600702.SH,2020-07-10,39.3,40.44,38.3,39.11,162422.8,637782.13
600702.SH,2020-07-13,39.1,40.5,38.6,40.48,166136.58,661906.35
600702.SH,2020-07-14,40.48,43.92,40.07,43.85,213049.65,900055.42
600702.SH,2020-07-15,43.86,45.77,42.61,43.6,209420.05,924349.68
600702.SH,2020-07-16,42.9,42.9,39.24,39.24,220863.56,884085.0
600702.SH,2020-07-17,37.5,39.8,36.16,38.06,181034.8,690936.32
600702.SH,2020-07-20,38.1,39.29,36.7,38.47,122147.13,464207.29
600702.SH,2020-07-21,38.0,39.65,37.7,38.68,93340.05,362894.15
600702.SH,2020-07-22,38.03,39.47,37.95,39.08,90936.51,353949.06
600702.SH,2020-07-23,38.78,39.38,37.11,38.07,105935.54,404350.29
600702.SH,2020-07-24,37.98,38.21,34.31,35.28,176179.03,637204.25
600702.SH,2020-07-27,35.39,37.35,35.3,36.38,117655.17,428756.79
600702.SH,2020-07-28,36.0,37.46,35.8,37.44,92794.34,341577.23
600702.SH,2020-07-29,37.37,37.91,36.88,37.5,109502.65,409444.68
600702.SH,2020-07-30,37.5,38.26,37.1,37.33,74675.07,280279.92
600702.SH,2020-07-31,37.11,37.5,36.31,36.98,97132.25,358849.63
600702.SH,2020-08-03,37.3,37.44,36.74,37.06,71389.98,264525.5
600702.SH,2020-08-04,37.1,37.37,36.1,36.42,86890.12,317912.81
600702.SH,2020-08-05,36.45,36.56,35.0,36.43,68376.63,246923.16
600702.SH,2020-08-06,36.71,36.84,35.02,35.5,75807.79,270426.71
600702.SH,2020-08-07,35.7,35.98,33.92,34.65,95139.68,330584.59
600702.SH,2020-08-10,34.6,34.9,34.06,34.46,67406.61,232192.22
600702.SH,2020-08-11,34.6,35.35,34.11,34.33,108054.97,377218.1
600702.SH,2020-08-12,34.35,34.5,31.97,32.77,119484.54,391023.48
600702.SH,2020-08-13,32.64,33.25,32.44,33.03,59604.85,196143.82
600702.SH,2020-08-14,32.83,34.23,32.8,34.12,86009.44,289359.64
600702.SH,2020-08-17,34.09,34.96,33.78,34.63,111875.0,386592.8
600702.SH,2020-08-18,34.48,36.86,34.13,35.71,157193.85,560847.8
600702.SH,2020-08-19,35.63,36.33,35.05,35.33,98565.22,351181.52
600702.SH,2020-08-20,33.2,34.0,31.8,32.26,252333.59,816805.81
600702.SH,2020-08-21,32.17,33.8,32.01,33.16,122123.27,400471.89
600702.SH,2020-08-24,33.48,33.73,32.8,33.42,84751.75,282757.18
600702.SH,2020-08-25,33.35,34.6,33.2,33.92,108584.37,370961.27
600702.SH,2020-08-26,33.65,34.64,33.01,33.3,82103.72,277340.25
600702.SH,2020-08-27,33.06,33.7,32.5,33.69,59842.53,198545.03
600702.SH,2020-08-28,33.64,37.06,33.18,37.06,243008.1,872618.44
600702.SH,2020-08-31,38.87,40.11,38.2,38.93,349134.71,1366756.18
600702.SH,2020-09-01,39.39,39.69,38.36,39.3,186838.11,729277.01
600702.SH,2020-09-02,38.3,38.81,36.68,37.4,298259.9,1119167.44
600702.SH,2020-09-03,37.04,39.68,37.03,38.49,252097.89,973563.71
600702.SH,2020-09-04,37.57,37.93,36.89,37.7,137886.3,515619.58
600702.SH,2020-09-07,37.6,38.14,35.3,35.92,202600.74,736734.94
600702.SH,2020-09-08,35.7,35.88,33.24,33.91,160789.81,547714.15
600702.SH,2020-09-09,33.4,33.81,32.53,33.36,85474.96,284283.87
600702.SH,2020-09-10,33.37,34.16,33.25,33.25,79180.38,267318.74
600702.SH,2020-09-11,32.85,34.34,32.65,34.19,81586.64,273862.74
600702.SH,2020-09-14,34.15,36.6,33.7,36.28,126487.35,445047.09
600702.SH,2020-09-15,36.28,37.14,35.82,36.2,104820.33,381286.92
600702.SH,2020-09-16,36.0,36.56,35.6,35.88,62367.78,224516.35
600702.SH,2020-09-17,35.45,35.79,33.96,34.95,95474.02,333072.25
600702.SH,2020-09-18,34.5,34.78,33.72,34.49,104676.8,359020.95
600702.SH,2020-09-22,32.77,32.77,32.77,32.77,6710.0,21988.67
600702.SH,2020-09-23,31.13,31.13,31.13,31.13,7694.0,23951.42
600702.SH,2020-09-24,29.57,31.0,29.57,29.57,322060.45,956741.32
600702.SH,2020-09-25,28.6,28.91,28.09,28.09,195917.53,553564.69
600702.SH,2020-09-28,28.1,28.92,27.67,28.39,108370.51,307780.51
600702.SH,2020-09-29,28.9,29.81,28.9,29.81,38857.72,114794.3
600702.SH,2020-09-30,30.7,31.3,30.35,31.25,164667.55,510095.04
600702.SH,2020-10-09,31.53,31.92,30.9,30.95,115714.6,362067.11
600702.SH,2020-10-12,31.0,31.43,30.66,31.01,133110.29,411642.27
600702.SH,2020-10-13,31.05,32.56,31.03,32.56,146823.11,472970.97
600702.SH,2020-10-14,32.58,34.19,32.43,34.19,52953.5,177770.92
600702.SH,2020-10-15,35.9,35.9,35.8,35.9,31483.42,113013.95
600702.SH,2020-10-16,37.69,37.69,34.71,34.88,191384.44,697042.53
600702.SH,2020-10-19,35.99,36.62,35.74,36.62,25371.02,92253.17
600702.SH,2020-10-20,37.0,38.45,36.7,38.45,152514.91,580897.83
600702.SH,2020-10-21,39.5,39.89,38.38,38.8,132678.01,519925.7
600702.SH,2020-10-22,38.6,40.74,38.4,40.74,79479.76,319430.47
600702.SH,2020-10-23,42.0,42.78,40.74,41.97,152391.86,643047.6
600702.SH,2020-10-26,41.97,44.07,40.6,44.07,140286.2,597451.74
600702.SH,2020-10-27,43.79,45.48,41.92,42.11,154542.89,678837.21
600702.SH,2020-10-28,42.3,43.52,40.8,41.95,160520.89,675107.16
600702.SH,2020-10-29,43.6,44.05,42.3,44.05,126983.23,554895.25
600702.SH,2020-10-30,44.88,46.25,44.1,44.99,156515.62,709154.02
600702.SH,2020-11-02,43.61,47.24,43.61,47.24,153300.3,699802.31
600702.SH,2020-11-03,48.2,49.6,45.46,45.9,217767.96,1050196.69
600702.SH,2020-11-04,46.15,47.8,44.5,46.88,142518.07,658423.02
600702.SH,2020-11-05,46.95,48.64,46.38,47.26,107625.92,511350.63
600702.SH,2020-11-06,47.08,47.85,46.02,46.67,76202.39,357696.06
600702.SH,2020-11-09,47.49,48.38,47.05,48.01,74275.18,354266.7
600702.SH,2020-11-10,48.12,49.55,47.33,49.25,88342.85,430480.6
600702.SH,2020-11-11,49.86,51.71,49.85,51.71,130838.84,672380.17
600702.SH,2020-11-12,51.6,54.3,50.85,54.3,135125.13,717535.44
600702.SH,2020-11-13,54.3,54.35,51.59,51.59,140394.56,741016.37
600702.SH,2020-11-16,52.0,54.17,52.0,54.17,80274.69,426887.28
600702.SH,2020-11-17,55.55,56.88,54.0,55.0,137242.98,767121.04
600702.SH,2020-11-18,54.9,56.87,52.8,56.16,106790.32,588816.35
600702.SH,2020-11-19,56.0,58.97,56.0,58.97,98183.37,570610.44
600702.SH,2020-11-20,59.99,61.92,58.6,61.92,121162.36,741445.12
600702.SH,2020-11-23,62.8,65.02,62.0,65.02,94208.99,608880.79
600702.SH,2020-11-24,67.0,68.27,63.31,68.24,148589.52,992154.67
600702.SH,2020-11-25,67.72,70.59,65.3,65.56,176856.01,1205962.92
600702.SH,2020-11-26,64.6,67.87,62.28,63.0,188237.74,1206758.18
600702.SH,2020-11-27,64.73,65.4,60.01,62.69,153262.44,963804.85
600702.SH,2020-11-30,62.0,62.79,59.56,59.56,125241.0,753344.37
600702.SH,2020-12-01,59.0,59.08,56.58,56.66,170043.23,972974.83
600702.SH,2020-12-02,56.4,58.22,56.01,57.5,103009.23,588619.03
600702.SH,2020-12-03,57.0,59.16,56.51,58.4,79551.18,460229.62
600702.SH,2020-12-04,59.72,61.32,59.18,61.32,54527.59,330171.82
600702.SH,2020-12-07,64.39,64.39,64.39,64.39,4049.59,26075.31
600702.SH,2020-12-08,67.61,67.61,67.61,67.61,4069.86,27516.32
600702.SH,2020-12-09,70.99,70.99,65.2,68.66,185474.51,1279862.52
600702.SH,2020-12-10,68.7,72.09,68.45,72.09,157128.59,1123648.48
600702.SH,2020-12-11,72.9,75.45,69.0,70.9,166576.2,1205877.29
600702.SH,2020-12-14,70.2,73.28,69.25,73.01,115434.77,827614.57
600702.SH,2020-12-15,73.01,73.73,71.48,71.9,73805.71,534900.21
600702.SH,2020-12-16,71.3,75.5,70.6,75.5,85054.33,623723.47
600702.SH,2020-12-17,79.28,79.28,75.02,79.28,127333.61,1002170.84
600702.SH,2020-12-18,79.5,83.24,78.5,83.24,81327.15,666707.17
600702.SH,2020-12-21,85.58,87.4,83.58,87.4,110059.64,950445.53
600702.SH,2020-12-22,88.3,91.77,88.3,91.77,98191.57,894588.67
600702.SH,2020-12-23,93.5,96.36,87.18,87.18,176203.95,1624247.45
600702.SH,2020-12-24,82.82,84.99,82.82,82.82,61006.92,505675.76
600702.SH,2020-12-25,78.68,86.45,78.68,82.82,201787.59,1639059.04
600702.SH,2020-12-28,85.0,86.96,85.0,86.96,31092.91,268283.42
600702.SH,2020-12-29,91.31,91.31,84.01,89.21,165463.97,1469325.3
600702.SH,2020-12-30,89.02,91.12,87.7,89.94,76479.31,688228.46
600702.SH,2020-12-31,91.01,94.44,85.44,85.44,255060.91,2292312.085
600702.SH,2021-01-04,89.7,89.71,85.77,89.71,140105.98,1241499.8
600702.SH,2021-01-05,90.0,92.86,87.35,88.3,127612.2,1149755.14
600702.SH,2021-01-06,90.0,90.61,83.89,87.2,126864.88,1097134.49
600702.SH,2021-01-07,86.02,86.88,83.48,85.55,84498.94,717477.06
600702.SH,2021-01-08,86.1,89.6,86.0,88.86,95239.9,834353.58
600702.SH,2021-01-11,90.28,91.0,85.95,86.8,83862.36,739038.37
600702.SH,2021-01-12,85.21,88.27,84.34,87.25,70975.41,615134.82
600702.SH,2021-01-13,86.59,87.05,82.89,82.89,99118.47,834479.25
600702.SH,2021-01-14,80.99,81.0,78.75,78.75,35895.52,284075.54
600702.SH,2021-01-15,74.91,76.44,74.81,74.81,77182.26,578204.2
600702.SH,2021-01-18,75.0,77.0,72.08,75.0,91178.2,680395.31
600702.SH,2021-01-19,76.0,78.75,76.0,78.75,97099.73,756552.29
600702.SH,2021-01-20,78.0,78.98,74.82,77.09,81493.61,627589.06
600702.SH,2021-01-21,76.11,78.66,76.11,76.98,56312.96,433992.19
600702.SH,2021-01-22,76.8,78.77,76.2,78.13,48826.47,380259.06
600702.SH,2021-01-25,77.73,80.65,77.02,77.85,71346.43,562315.07
600702.SH,2021-01-26,77.13,77.76,73.96,73.96,70570.4,527288.68
600702.SH,2021-01-27,71.0,73.1,70.26,70.3,105669.87,748063.94
600702.SH,2021-01-28,70.01,72.39,70.01,70.3,47422.23,336100.44
600702.SH,2021-01-29,71.2,73.64,70.53,72.48,58818.52,422882.83
600702.SH,2021-02-01,72.63,76.1,72.63,76.1,59413.56,447585.26
600702.SH,2021-02-02,77.73,79.91,76.4,79.91,45906.65,360672.03
600702.SH,2021-02-03,82.0,83.91,81.55,83.91,25764.94,214552.94
600702.SH,2021-02-04,87.9,88.11,81.42,84.76,140911.65,1216137.82
600702.SH,2021-02-05,85.5,89.0,84.5,89.0,117312.46,1036640.4
600702.SH,2021-02-08,90.0,92.0,86.03,88.08,83231.15,740897.4
600702.SH,2021-02-09,88.5,89.94,86.88,87.0,58536.12,516659.38
600702.SH,2021-02-10,86.99,89.45,84.43,84.88,81163.0,703298.07
600702.SH,2021-02-18,85.7,85.7,80.64,80.64,52867.63,433407.61
600702.SH,2021-02-19,77.35,78.46,76.61,77.5,109419.83,842300.1
600702.SH,2021-02-22,79.9,79.9,73.63,73.63,109598.12,827353.57
600702.SH,2021-02-23,72.25,75.4,71.5,74.99,52935.62,391917.11
600702.SH,2021-02-24,74.98,74.99,71.24,71.24,73536.21,527442.5
600702.SH,2021-02-25,71.0,72.99,67.68,70.24,103559.99,719748.62
600702.SH,2021-02-26,68.55,72.4,68.2,71.07,69110.92,489379.06
600702.SH,2021-03-01,72.5,72.97,69.64,70.5,60839.32,434042.76
600702.SH,2021-03-02,70.97,71.38,67.2,67.59,63550.22,439429.82
600702.SH,2021-03-03,66.5,67.7,64.86,66.9,78695.34,520227.48
600702.SH,2021-03-04,65.63,65.63,63.56,63.56,63065.14,404461.49
600702.SH,2021-03-05,60.38,63.75,60.38,61.11,88917.94,547441.67
600702.SH,2021-03-08,61.28,61.86,58.05,58.05,77648.13,464027.35
600702.SH,2021-03-09,57.25,59.6,55.8,57.46,76941.21,443819.91
600702.SH,2021-03-10,58.68,60.33,58.3,60.33,92959.85,557414.86
600702.SH,2021-03-11,60.58,63.35,59.85,63.35,89233.8,554289.21
600702.SH,2021-03-12,63.77,66.52,63.51,66.52,80211.72,523139.89
600702.SH,2021-03-15,67.64,69.75,65.55,67.78,105005.73,711969.41
600702.SH,2021-03-16,67.99,70.29,67.81,68.82,61334.14,423914.72
600702.SH,2021-03-17,68.0,68.4,65.81,66.88,54878.05,368638.56
600702.SH,2021-03-18,67.1,70.22,67.0,70.22,41415.76,288088.91
600702.SH,2021-03-19,68.88,73.73,68.55,72.48,86899.56,625858.71
600702.SH,2021-03-22,73.4,75.18,72.05,72.68,53453.34,392170.34
600702.SH,2021-03-23,72.68,73.4,69.05,69.08,71896.38,510543.37
600702.SH,2021-03-24,68.12,72.53,67.06,72.45,87021.59,620706.14
600702.SH,2021-03-25,71.61,72.59,69.87,71.05,52780.5,374780.72
600702.SH,2021-03-26,71.31,74.6,71.31,74.6,61813.23,455458.89
600702.SH,2021-03-29,76.5,78.33,75.6,78.33,56747.29,440325.8
600702.SH,2021-03-30,79.5,81.81,78.6,81.47,89739.24,722113.31
600702.SH,2021-03-31,80.9,84.5,79.0,82.78,77444.87,637945.25
600702.SH,2021-04-01,82.78,84.47,81.8,83.44,63914.9,533939.08
600702.SH,2021-04-02,86.11,87.61,86.11,87.61,65535.88,573051.12
600702.SH,2021-04-06,91.99,91.99,91.99,91.99,7025.07,64623.62
600702.SH,2021-04-07,96.59,96.59,87.39,87.39,123536.17,1114158.17
600702.SH,2021-04-08,85.01,91.76,83.58,90.46,149535.76,1333117.92
600702.SH,2021-04-09,89.33,93.6,88.11,93.57,73775.98,671949.18
600702.SH,2021-04-12,94.0,98.25,92.71,98.25,115771.96,1121903.29
600702.SH,2021-04-13,97.8,98.47,93.34,93.34,111875.31,1075112.3
600702.SH,2021-04-14,92.94,98.01,92.31,98.01,92792.05,893642.24
600702.SH,2021-04-15,98.04,102.91,97.2,102.91,101258.01,1019769.28
600702.SH,2021-04-16,104.0,108.06,104.0,108.06,99702.54,1068252.2
600702.SH,2021-04-19,109.45,113.46,104.0,113.46,97895.09,1089460.99
600702.SH,2021-04-20,114.78,119.13,107.92,107.97,162500.82,1863516.79
600702.SH,2021-04-21,108.0,113.37,108.0,113.37,128838.86,1439726.06
600702.SH,2021-04-22,116.0,119.04,113.12,119.04,123014.14,1439865.41
600702.SH,2021-04-23,120.88,123.56,115.17,121.61,109342.37,1316533.91
600702.SH,2021-04-26,119.5,122.94,115.53,115.53,107128.26,1264655.52
600702.SH,2021-04-27,116.08,117.0,109.75,109.75,107902.43,1194383.83
600702.SH,2021-04-28,107.9,115.24,105.0,115.24,79623.91,893615.48
600702.SH,2021-04-29,121.0,121.0,115.3,121.0,140140.83,1682235.45
600702.SH,2021-04-30,127.05,127.05,127.05,127.05,15028.17,190932.9
600702.SH,2021-05-06,132.98,133.4,129.0,133.39,134042.6,1776197.13
600702.SH,2021-05-07,133.0,137.99,128.33,131.87,129680.73,1724652.64
600702.SH,2021-05-10,129.38,138.46,129.36,138.46,92061.41,1259167.99
600702.SH,2021-05-11,140.0,145.38,139.56,145.38,83353.59,1199468.62
600702.SH,2021-05-12,148.33,152.6,141.11,148.2,139385.99,2061568.85
600702.SH,2021-05-13,144.0,146.96,140.79,140.79,93976.91,1333855.74
600702.SH,2021-05-14,140.0,144.6,138.0,141.18,77681.98,1098847.67
600702.SH,2021-05-17,143.98,146.9,138.53,146.8,88325.96,1267600.26
600702.SH,2021-05-19,148.0,161.4,147.22,156.08,230007.4,3590799.92
600702.SH,2021-05-20,155.0,171.69,154.01,171.69,139128.49,2318275.51
600702.SH,2021-05-21,179.0,185.98,166.0,171.75,216093.47,3824968.91
600702.SH,2021-05-24,177.02,188.93,172.8,188.92,175560.8,3195486.46
600702.SH,2021-05-25,185.0,188.88,179.7,187.15,163741.13,3018929.14
600702.SH,2021-05-26,187.9,199.97,187.15,189.02,160029.59,3103122.11
600702.SH,2021-05-27,188.02,188.49,175.79,181.0,159477.64,2895977.81
600702.SH,2021-05-28,177.02,183.97,175.2,177.5,138534.88,2465975.6
600702.SH,2021-05-31,181.0,195.21,178.06,195.13,162180.1,3046586.71
600702.SH,2021-06-01,195.5,214.0,195.5,212.91,161474.86,3307902.22
600702.SH,2021-06-02,216.5,219.7,205.0,214.77,145696.68,3103874.37
600702.SH,2021-06-03,211.78,231.97,210.11,219.93,178150.44,3971743.01
600702.SH,2021-06-04,219.12,234.0,219.02,234.0,143840.2,3264111.12
600702.SH,2021-06-07,234.5,256.95,234.5,254.88,156917.8,3828502.91
600702.SH,2021-06-08,254.88,255.01,229.39,229.39,203768.79,4830528.16
600702.SH,2021-06-09,206.5,237.05,206.45,216.9,277709.72,6018579.29
600702.SH,2021-06-10,209.15,215.08,195.21,195.21,256845.42,5173527.86
600702.SH,2021-06-11,195.2,206.65,195.2,203.77,190784.88,3844866.8
600702.SH,2021-06-15,203.0,224.15,203.0,224.15,184574.3,3958248.66
600702.SH,2021-06-16,226.66,239.2,220.2,225.15,187978.36,4326506.29
600702.SH,2021-06-17,224.0,242.95,224.0,240.99,161233.32,3822728.09
600702.SH,2021-06-18,244.0,248.0,216.89,226.03,257263.05,5848601.64
600702.SH,2021-06-21,219.5,224.5,205.8,209.97,191169.63,4074478.49
600702.SH,2021-06-22,213.5,217.4,201.0,216.86,161542.62,3384044.88
600702.SH,2021-06-23,214.0,216.0,200.5,202.37,163829.84,3389534.34
600702.SH,2021-06-24,193.0,196.97,183.03,187.49,202308.19,3833114.7
600702.SH,2021-06-25,184.61,203.5,177.0,196.85,220611.4,4151119.53
600702.SH,2021-06-28,195.0,206.87,192.18,203.34,134656.17,2713195.46
600702.SH,2021-06-29,205.0,207.88,199.0,202.2,100048.53,2030962.09
600702.SH,2021-06-30,203.0,218.59,203.0,213.78,144961.69,3064394.52
600702.SH,2021-07-01,216.78,234.0,212.21,229.95,195750.57,4405380.73
600702.SH,2021-07-02,225.99,227.96,215.71,218.88,125711.41,2777400.68
600702.SH,2021-07-05,211.98,228.0,207.07,222.08,121559.47,2701959.13
600702.SH,2021-07-06,222.0,225.48,208.33,215.02,121683.06,2622164.56
600702.SH,2021-07-07,207.0,218.44,206.0,212.88,104481.3,2233049.02
600702.SH,2021-07-08,211.01,212.85,200.1,201.6,143983.86,2949364.64
600702.SH,2021-07-09,201.6,203.45,188.8,196.55,116305.81,2270806.18
600702.SH,2021-07-12,194.0,196.15,186.3,194.0,116835.72,2235917.88
600702.SH,2021-07-13,213.4,213.4,207.0,213.4,139871.39,2972719.11
600702.SH,2021-07-14,219.4,231.85,218.0,222.5,191087.24,4304171.42
600702.SH,2021-07-15,219.5,244.75,218.03,244.75,196399.51,4650993.43
600702.SH,2021-07-16,244.0,251.43,235.8,244.8,148979.67,3632626.7
600702.SH,2021-07-19,242.01,256.66,241.1,242.49,116384.84,2903197.8
600702.SH,2021-07-20,239.0,253.36,236.0,245.95,116651.88,2856320.91
600702.SH,2021-07-21,245.1,260.0,245.1,255.17,129003.13,3278507.51
600702.SH,2021-07-22,252.01,266.01,241.26,243.6,145696.73,3650168.5
600702.SH,2021-07-23,241.0,244.6,228.03,231.88,126178.5,2974765.94
600702.SH,2021-07-26,225.0,227.78,208.69,212.43,173520.54,3712761.03
600702.SH,2021-07-27,211.04,222.78,209.0,211.18,160916.21,3464387.97
600702.SH,2021-07-28,202.0,215.93,195.88,214.98,144693.83,3016034.03
600702.SH,2021-07-29,220.0,221.96,199.32,201.25,218946.83,4498078.82
600702.SH,2021-07-30,196.01,198.87,180.91,181.01,213000.11,4003609.45
600702.SH,2021-08-02,172.12,199.0,169.11,199.0,268450.16,4957700.93
600702.SH,2021-08-03,190.86,195.0,184.01,188.61,179298.03,3407183.26
600702.SH,2021-08-04,188.0,193.68,185.7,190.68,134471.19,2549761.6
600702.SH,2021-08-05,186.25,199.0,181.67,188.66,134876.84,2590495.87
600702.SH,2021-08-06,184.99,193.38,184.01,190.99,122531.59,2321685.82
600702.SH,2021-08-09,190.17,201.97,190.17,196.95,135478.45,2681152.59
600702.SH,2021-08-10,198.09,216.65,195.48,216.65,227726.59,4738728.74
600702.SH,2021-08-11,215.3,219.97,210.0,214.99,156605.18,3372424.94
600702.SH,2021-08-12,212.0,229.58,212.0,220.08,158171.71,3511853.34
600702.SH,2021-08-13,222.0,227.88,215.6,224.4,108142.1,2396718.32
600702.SH,2021-08-16,225.0,233.69,221.51,226.66,105369.2,2399477.13
600702.SH,2021-08-17,226.0,226.49,204.0,204.0,176162.64,3734810.19
600702.SH,2021-08-18,199.0,207.99,195.0,203.0,157107.13,3178222.82
600702.SH,2021-08-19,203.0,211.5,201.5,205.91,121013.27,2499050.01
600702.SH,2021-08-20,198.0,201.48,186.18,193.66,193248.64,3742028.44
600702.SH,2021-08-23,195.0,198.01,187.27,193.09,125949.48,2435692.7
600702.SH,2021-08-24,195.0,203.87,191.36,200.3,157596.22,3121944.53
600702.SH,2021-08-25,201.0,209.85,201.0,207.22,113542.47,2345401.71
600702.SH,2021-08-26,203.04,203.05,190.77,192.0,132386.6,2593999.3
600702.SH,2021-08-27,190.0,198.88,189.6,193.15,86749.51,1686714.85
600702.SH,2021-08-30,194.0,198.88,185.4,194.98,134556.91,2580318.39
600702.SH,2021-08-31,193.5,196.99,184.68,186.0,109235.88,2058693.75
600702.SH,2021-09-01,182.71,196.0,178.18,194.7,165537.33,3132255.4
600702.SH,2021-09-02,193.0,199.0,186.1,187.23,121782.28,2324244.78
600702.SH,2021-09-03,183.0,190.52,182.11,186.0,103540.23,1925649.43
600702.SH,2021-09-06,185.0,200.5,182.2,196.7,168322.25,3273677.65
600702.SH,2021-09-07,195.6,204.0,193.44,198.13,128676.88,2554535.29
600702.SH,2021-09-08,197.85,199.8,189.0,190.58,113073.52,2179589.04
600702.SH,2021-09-09,189.0,193.5,188.0,191.0,77064.92,1466440.94
600702.SH,2021-09-10,191.94,195.5,189.33,192.81,89472.73,1727643.77
600702.SH,2021-09-13,192.99,196.58,188.43,189.86,81087.54,1555429.92
600702.SH,2021-09-14,189.37,193.71,188.1,188.36,75206.21,1430349.37
600702.SH,2021-09-15,185.2,187.0,178.85,180.97,138423.87,2509392.76
600702.SH,2021-09-16,179.0,182.5,172.58,173.15,135550.12,2388956.1
600702.SH,2021-09-17,172.0,187.0,170.02,183.81,178347.36,3215307.73
600702.SH,2021-09-22,182.98,191.88,182.08,185.15,140618.51,2626542.07
600702.SH,2021-09-23,187.49,203.67,184.4,200.88,243730.87,4829995.09
600702.SH,2021-09-24,198.98,212.12,198.0,203.98,151482.98,3118398.8
600702.SH,2021-09-27,208.07,220.0,206.02,212.55,211762.36,4517081.87
600702.SH,2021-09-28,207.0,209.55,194.97,204.02,129748.58,2627400.15
600702.SH,2021-09-29,206.88,214.0,201.52,206.05,126424.88,2627901.9
600702.SH,2021-09-30,205.5,212.0,202.44,206.4,99216.07,2059724.72
600702.SH,2021-10-08,207.01,225.35,206.68,218.52,173277.57,3789420.74
600702.SH,2021-10-11,220.2,225.1,210.5,211.83,133928.14,2905284.47
600702.SH,2021-10-12,210.58,217.68,209.0,214.5,101152.62,2156357.46
600702.SH,2021-10-13,214.0,224.45,211.23,219.41,133213.42,2913821.21
600702.SH,2021-10-14,217.0,221.61,203.0,209.0,178822.22,3766028.44
600702.SH,2021-10-15,205.22,209.99,203.88,209.83,87020.0,1805984.49
600702.SH,2021-10-18,204.0,204.0,188.85,188.85,195807.76,3754086.28
600702.SH,2021-10-19,182.0,190.68,181.96,187.12,156778.06,2934418.85
600702.SH,2021-10-20,189.88,195.01,184.21,193.31,127442.56,2432384.23
600702.SH,2021-10-21,196.94,196.94,192.01,195.71,85043.16,1657070.58
600702.SH,2021-10-22,195.0,201.88,191.2,195.69,132829.99,2612104.15
600702.SH,2021-10-25,193.77,196.21,190.1,192.49,89360.47,1718148.71
600702.SH,2021-10-26,192.03,201.0,190.23,198.74,132074.26,2601032.13
600702.SH,2021-10-27,198.74,198.79,189.5,190.01,119264.1,2295601.52
600702.SH,2021-10-28,189.0,192.99,186.99,187.59,80217.62,1523359.7
600702.SH,2021-10-29,188.18,189.89,182.3,184.49,88748.08,1646568.72
600702.SH,2021-11-01,179.0,185.49,172.58,180.05,110071.47,1974969.14
600702.SH,2021-11-02,179.0,181.5,174.28,177.8,87812.42,1563209.3
600702.SH,2021-11-03,179.4,180.89,174.0,175.57,79898.29,1411257.95
600702.SH,2021-11-04,175.62,187.56,174.7,184.32,124951.6,2266387.46
600702.SH,2021-11-05,183.31,186.78,181.6,182.96,72214.81,1328551.73
600702.SH,2021-11-08,181.01,187.43,180.34,184.1,61018.19,1123961.94
600702.SH,2021-11-09,183.5,187.0,183.0,184.83,49355.39,910531.66
600702.SH,2021-11-10,185.9,186.4,180.2,182.01,60435.83,1104401.21
600702.SH,2021-11-11,181.96,182.99,178.78,182.3,64215.42,1157055.43
600702.SH,2021-11-12,182.31,187.0,182.31,183.07,77814.58,1435164.04
600702.SH,2021-11-15,182.0,185.49,177.24,184.35,83895.43,1530147.7
600702.SH,2021-11-16,184.3,192.0,182.85,189.33,118796.93,2241827.54
600702.SH,2021-11-17,188.0,188.0,183.0,184.05,77205.87,1422772.5
600702.SH,2021-11-18,183.07,185.23,182.0,183.58,39296.76,721242.19
600702.SH,2021-11-19,183.22,188.6,183.2,185.17,69890.33,1302275.88
600702.SH,2021-11-22,188.5,203.0,188.25,197.25,192807.89,3823712.7
600702.SH,2021-11-23,198.99,208.38,195.31,207.81,170411.48,3481326.92
600702.SH,2021-11-24,210.0,221.97,209.43,217.34,143766.41,3130349.96
600702.SH,2021-11-25,222.0,223.0,216.51,220.92,133693.51,2945611.49
600702.SH,2021-11-26,220.93,224.99,217.0,222.4,79291.37,1759932.39
600702.SH,2021-11-29,216.0,236.35,215.31,233.0,122875.44,2823946.0
600702.SH,2021-11-30,234.82,236.8,225.06,229.0,100749.18,2326731.03
600702.SH,2021-12-01,231.88,237.3,229.2,237.2,89334.05,2088187.71
600702.SH,2021-12-02,237.0,245.98,233.0,237.93,89848.41,2149199.13
600702.SH,2021-12-03,237.5,250.27,236.51,246.4,96181.17,2372388.01
600702.SH,2021-12-06,250.0,251.3,242.73,246.0,70367.54,1737269.61
600702.SH,2021-12-07,247.11,248.9,237.19,240.6,87944.17,2128937.61
600702.SH,2021-12-08,241.63,246.89,236.5,243.47,91269.81,2203755.94
600702.SH,2021-12-09,243.89,251.0,243.48,246.67,90377.31,2231195.19
600702.SH,2021-12-10,246.75,265.5,245.0,259.0,127199.21,3259976.54
600702.SH,2021-12-13,259.21,261.59,254.17,255.19,74710.65,1919989.82
600702.SH,2021-12-14,254.0,263.71,253.0,258.15,86165.94,2222798.61
600702.SH,2021-12-15,256.5,258.0,248.2,255.66,71738.53,1811953.55
600702.SH,2021-12-16,255.65,256.69,240.0,242.7,130071.45,3179070.63
600702.SH,2021-12-17,242.8,247.34,236.97,240.35,78752.75,1910676.03
600702.SH,2021-12-20,239.83,245.58,237.55,239.98,61018.81,1473405.9
600702.SH,2021-12-21,240.98,242.47,230.0,233.56,83644.17,1964589.7
600702.SH,2021-12-22,234.95,238.47,232.37,237.0,55359.4,1305388.95
600702.SH,2021-12-23,238.2,243.0,236.03,243.0,74005.79,1775486.99
600702.SH,2021-12-24,243.0,250.85,237.33,239.99,94280.92,2311145.34
600702.SH,2021-12-27,239.0,239.0,230.36,231.2,70995.1,1661799.29
600702.SH,2021-12-28,233.53,237.08,230.8,234.36,49914.78,1167354.75
600702.SH,2021-12-29,234.8,234.93,222.0,222.8,71415.75,1615820.31
600702.SH,2021-12-30,223.91,230.0,223.91,227.5,55594.3,1264489.21
600702.SH,2021-12-31,228.0,231.9,225.04,227.3,44403.54,1012304.534
600702.SH,2022-01-04,227.25,232.07,220.32,229.18,48501.13,1098894.49
600702.SH,2022-01-05,226.12,228.0,214.6,214.7,84232.46,1835981.48
600702.SH,2022-01-06,215.8,225.99,215.8,220.86,83963.73,1854529.45
600702.SH,2022-01-07,219.68,223.09,214.67,218.65,60615.83,1327911.12
600702.SH,2022-01-10,216.43,216.43,201.0,213.0,93455.29,1967330.34
600702.SH,2022-01-11,212.1,214.95,205.65,206.35,47800.78,1001138.7
600702.SH,2022-01-12,207.46,210.65,206.36,210.0,41793.23,874056.06
600702.SH,2022-01-13,209.5,209.5,196.0,196.85,87482.7,1755217.96
600702.SH,2022-01-14,195.84,202.0,195.84,198.0,58992.36,1174816.82
600702.SH,2022-01-17,193.0,197.58,188.4,194.16,82406.85,1585837.97
600702.SH,2022-01-18,194.49,206.03,193.02,203.88,96962.13,1962362.87
600702.SH,2022-01-19,201.0,206.88,192.11,194.7,120096.18,2363755.21
600702.SH,2022-01-20,193.94,200.94,192.81,196.2,69987.32,1381007.82
600702.SH,2022-01-21,196.0,207.99,193.53,203.6,92521.27,1889440.12
600702.SH,2022-01-24,201.6,207.5,200.0,205.0,47395.32,967128.5
600702.SH,2022-01-25,204.0,209.51,198.76,198.88,65086.88,1323645.61
600702.SH,2022-01-26,198.86,201.98,191.1,197.0,62898.31,1233287.98
600702.SH,2022-01-27,199.1,200.99,191.55,191.76,62684.54,1220189.21
600702.SH,2022-01-28,192.0,193.45,184.17,185.25,62201.15,1167793.89
600702.SH,2022-02-07,186.5,193.01,183.88,185.79,69275.85,1300002.11
600702.SH,2022-02-08,185.84,186.49,176.77,184.48,69028.96,1245995.48
600702.SH,2022-02-09,183.3,193.7,182.78,193.17,67999.27,1284599.24
600702.SH,2022-02-10,192.5,194.41,184.0,187.52,63619.18,1194031.9
600702.SH,2022-02-11,186.0,193.33,183.53,184.92,57981.69,1095046.72
600702.SH,2022-02-14,184.0,192.87,183.0,189.9,66166.74,1258105.27
600702.SH,2022-02-15,192.0,203.66,191.1,201.41,83615.22,1663957.5
600702.SH,2022-02-16,201.4,207.2,199.4,202.89,53432.65,1085001.51
600702.SH,2022-02-17,202.9,205.9,196.57,200.3,49656.44,989608.63
600702.SH,2022-02-18,200.3,204.29,195.8,200.77,46689.45,935989.35
600702.SH,2022-02-21,199.5,202.6,196.7,198.18,38058.28,757382.02
600702.SH,2022-02-22,196.5,196.56,188.81,191.45,59656.42,1137516.55
600702.SH,2022-02-23,190.2,199.99,190.12,199.85,59253.42,1160940.53
600702.SH,2022-02-24,198.15,198.99,187.0,190.3,73599.14,1413108.16
600702.SH,2022-02-25,192.2,198.0,190.22,193.98,51167.99,995192.21
600702.SH,2022-02-28,192.5,195.83,191.23,195.28,36710.64,710759.78
600702.SH,2022-03-01,195.28,202.5,194.5,200.98,68888.87,1377938.15
600702.SH,2022-03-02,198.0,200.8,194.0,198.35,39984.49,787835.36
600702.SH,2022-03-03,200.0,200.38,189.01,190.1,67533.74,1297377.34
600702.SH,2022-03-04,188.01,191.0,185.0,186.99,46253.08,867956.36
600702.SH,2022-03-07,184.5,184.5,174.88,175.78,74846.25,1335248.11
600702.SH,2022-03-08,180.0,181.83,172.56,174.03,55797.35,987348.3
600702.SH,2022-03-09,174.1,176.1,163.01,172.02,75911.64,1294951.68
600702.SH,2022-03-10,177.99,185.88,174.83,185.62,95498.41,1726619.03
600702.SH,2022-03-11,185.98,195.9,183.23,195.79,134681.79,2551074.69
600702.SH,2022-03-14,188.0,188.01,177.0,177.5,97162.06,1769534.13
600702.SH,2022-03-15,170.02,181.77,168.77,175.39,70560.42,1243258.7
600702.SH,2022-03-16,182.0,182.8,170.74,177.5,112597.44,1993693.07
600702.SH,2022-03-17,181.0,184.5,177.31,179.51,85971.25,1551507.03
600702.SH,2022-03-18,179.0,181.0,176.13,179.0,44623.71,796726.1
600702.SH,2022-03-21,178.0,179.31,172.1,177.25,55985.32,983568.07
600702.SH,2022-03-22,176.0,177.8,173.67,175.21,40084.38,701461.37
600702.SH,2022-03-23,175.3,182.5,174.11,181.99,67751.52,1219069.83
600702.SH,2022-03-24,179.01,179.01,172.7,173.7,76719.67,1336966.49
600702.SH,2022-03-25,174.08,175.08,165.86,167.18,79716.73,1350163.25
600702.SH,2022-03-28,161.85,161.85,153.0,157.85,85524.59,1344412.67
600702.SH,2022-03-29,158.88,161.75,154.11,154.4,60662.75,954994.77
600702.SH,2022-03-30,157.0,165.37,156.68,165.1,89263.69,1432030.02
600702.SH,2022-03-31,164.0,165.59,157.0,158.9,62254.76,996846.15
600702.SH,2022-04-01,156.08,168.0,156.08,163.75,77863.91,1276969.38
600702.SH,2022-04-06,161.7,163.49,160.23,160.83,43602.04,702693.49
600702.SH,2022-04-07,160.0,164.25,159.0,159.01,38942.53,626773.5
600702.SH,2022-04-08,160.0,160.32,153.53,154.79,54761.05,855948.36
600702.SH,2022-04-11,151.99,151.99,141.0,142.36,104677.7,1507089.65
600702.SH,2022-04-12,140.0,150.0,140.0,149.51,80574.05,1179108.93
600702.SH,2022-04-13,147.5,152.46,145.68,149.03,62804.18,942209.96
600702.SH,2022-04-14,151.86,160.2,151.21,157.77,95723.16,1495796.13
600702.SH,2022-04-15,156.2,158.88,154.3,155.0,53912.88,842606.11
600702.SH,2022-04-18,152.72,154.95,150.86,153.68,42291.84,646299.64
600702.SH,2022-04-19,154.99,157.68,152.57,153.5,33417.12,516075.93
600702.SH,2022-04-20,155.02,157.42,151.2,152.97,42374.7,653647.67
600702.SH,2022-04-21,152.0,154.1,147.48,148.5,48702.57,730286.2
600702.SH,2022-04-22,151.14,153.57,144.91,150.7,76395.38,1142986.71
600702.SH,2022-04-25,145.43,145.87,136.06,136.65,93121.75,1311898.43
600702.SH,2022-04-26,137.37,143.35,134.2,139.29,87550.53,1223127.01
600702.SH,2022-04-27,137.84,142.27,135.0,141.27,76813.32,1071872.24
600702.SH,2022-04-28,140.0,150.4,139.1,148.18,98934.95,1449227.68
600702.SH,2022-04-29,148.6,151.0,142.5,147.0,81820.64,1194457.2
600702.SH,2022-05-05,145.0,150.0,144.5,147.91,61786.64,917010.35
600702.SH,2022-05-06,141.2,144.76,138.35,138.65,81973.0,1151832.17
600702.SH,2022-05-09,136.0,137.3,132.5,134.98,76547.55,1030869.08
600702.SH,2022-05-10,132.71,136.42,129.45,136.33,63071.85,845894.57
600702.SH,2022-05-11,136.99,145.38,136.9,142.32,99192.97,1414094.01
600702.SH,2022-05-12,142.0,149.99,141.39,146.1,76018.16,1112814.93
600702.SH,2022-05-13,146.61,154.0,146.61,148.81,81811.1,1227893.67
600702.SH,2022-05-16,150.9,152.0,143.4,144.68,57341.44,837298.02
600702.SH,2022-05-17,144.72,146.93,143.6,145.95,41779.87,608884.52
600702.SH,2022-05-18,146.53,147.35,140.7,145.88,59239.58,851453.05
600702.SH,2022-05-19,142.95,144.49,141.11,143.06,45927.11,654886.18
600702.SH,2022-05-20,143.02,154.68,143.02,153.1,124668.53,1872638.22
600702.SH,2022-05-23,153.11,156.0,150.0,152.44,93510.3,1428414.03
600702.SH,2022-05-24,154.0,154.51,148.25,148.66,80092.39,1216018.21
600702.SH,2022-05-25,147.88,149.7,142.37,146.65,79743.87,1157964.97
600702.SH,2022-05-26,146.83,149.2,143.1,147.39,77620.53,1134599.7
600702.SH,2022-05-27,149.4,154.57,148.15,148.9,99083.32,1501865.7
600702.SH,2022-05-30,151.01,155.0,150.11,152.81,90641.83,1386187.71
600702.SH,2022-05-31,152.04,168.09,151.58,168.09,127044.58,2045211.8
600702.SH,2022-06-01,171.1,171.99,167.0,168.88,121811.25,2059670.27
600702.SH,2022-06-02,166.0,168.49,162.51,165.13,83190.6,1373850.73
600702.SH,2022-06-06,166.97,170.0,163.0,169.6,87309.73,1464217.47
600702.SH,2022-06-07,170.9,175.88,168.61,172.46,102530.65,1777664.78
600702.SH,2022-06-08,172.4,176.5,169.31,173.28,94120.88,1627624.97
600702.SH,2022-06-09,172.0,174.3,168.27,168.91,64944.11,1107104.77
600702.SH,2022-06-10,168.0,172.0,167.45,171.78,56903.76,966467.62
600702.SH,2022-06-13,169.1,171.22,167.0,169.19,56662.42,956522.43
600702.SH,2022-06-14,166.0,170.77,165.0,168.31,58405.95,976968.7
600702.SH,2022-06-15,170.0,176.66,166.58,173.1,111884.01,1929422.0
600702.SH,2022-06-16,173.88,176.6,170.2,170.8,71791.51,1242094.18
600702.SH,2022-06-17,169.5,178.79,169.08,178.64,99162.24,1741964.52
600702.SH,2022-06-20,182.05,193.45,177.31,189.43,139722.73,2620819.82
600702.SH,2022-06-21,187.19,198.9,187.19,192.98,117625.69,2285344.79
600702.SH,2022-06-22,192.97,194.89,188.16,188.88,57201.1,1086276.21
600702.SH,2022-06-23,188.0,190.83,183.8,188.6,63929.23,1197824.1
600702.SH,2022-06-24,188.65,196.66,187.12,194.09,71628.02,1375045.9
600702.SH,2022-06-27,196.93,202.0,194.59,199.81,108222.62,2150206.02
600702.SH,2022-06-28,196.5,198.0,190.03,194.08,106481.89,2059268.64
600702.SH,2022-06-29,193.64,194.58,190.0,190.0,61664.8,1179319.7
600702.SH,2022-06-30,191.79,206.0,189.9,203.99,135372.65,2708616.92
600702.SH,2022-07-01,205.5,205.8,196.66,201.92,73976.05,1484490.85
600702.SH,2022-07-04,200.0,203.54,196.5,202.1,53630.75,1074679.77
600702.SH,2022-07-05,200.81,203.0,192.94,196.35,82660.43,1626324.22
600702.SH,2022-07-06,193.0,194.5,186.06,188.06,87755.39,1665137.8
600702.SH,2022-07-07,187.0,188.78,181.18,185.99,89344.22,1654636.72
600702.SH,2022-07-08,188.0,200.3,184.3,196.98,139737.16,2717306.19
600702.SH,2022-07-11,192.02,192.02,182.4,184.35,104087.14,1935100.92
600702.SH,2022-07-12,183.55,189.99,182.31,186.6,59132.83,1100443.84
600702.SH,2022-07-13,185.77,188.77,184.01,185.69,48353.15,899070.1
600702.SH,2022-07-14,184.0,186.97,183.23,185.15,37521.52,694408.21
600702.SH,2022-07-15,184.0,195.0,182.76,187.02,85259.54,1619264.29
600702.SH,2022-07-18,188.81,188.87,178.6,184.24,67560.63,1232957.11
600702.SH,2022-07-19,183.24,185.3,180.03,183.0,51593.86,941208.08
600702.SH,2022-07-20,184.0,186.49,182.5,183.97,48031.44,885807.24
600702.SH,2022-07-21,183.05,184.15,179.8,180.16,50363.43,912965.31
600702.SH,2022-07-22,181.5,182.5,175.0,176.9,49954.94,888552.93
600702.SH,2022-07-25,175.83,181.92,175.57,181.01,59670.01,1072960.62
600702.SH,2022-07-26,181.01,186.5,180.72,182.58,53161.81,974212.83
600702.SH,2022-07-27,181.01,181.9,177.36,178.41,41710.51,748450.39
600702.SH,2022-07-28,179.8,180.07,174.8,175.35,57632.17,1016768.13
600702.SH,2022-07-29,174.4,174.4,161.87,163.25,159144.5,2633377.54
600702.SH,2022-08-01,163.0,167.5,160.19,165.55,75628.33,1251064.02
600702.SH,2022-08-02,162.15,167.67,159.6,162.29,70692.67,1159399.37
600702.SH,2022-08-03,163.0,165.58,162.1,162.52,46698.45,764087.42
600702.SH,2022-08-04,163.04,166.0,161.59,166.0,61539.83,1010567.19
600702.SH,2022-08-05,166.49,168.3,164.77,167.6,45283.13,753597.94
600702.SH,2022-08-08,165.9,168.5,164.36,164.45,51362.03,851896.09
600702.SH,2022-08-09,164.68,167.5,162.0,164.62,37056.16,610795.21
600702.SH,2022-08-10,164.62,165.99,160.74,161.73,51107.16,828447.27
600702.SH,2022-08-11,162.16,164.2,161.5,164.2,49008.71,798795.16
600702.SH,2022-08-12,164.0,169.32,162.03,168.44,81076.77,1347619.7
600702.SH,2022-08-15,167.5,167.67,163.01,164.56,63362.59,1044628.35
600702.SH,2022-08-16,164.0,165.43,162.81,163.56,41812.23,684215.68
600702.SH,2022-08-17,163.28,164.56,157.99,164.08,76116.51,1228813.44
600702.SH,2022-08-18,153.72,157.53,153.0,154.61,149108.46,2305774.87
600702.SH,2022-08-19,153.18,157.67,152.0,154.99,66291.65,1027395.31
600702.SH,2022-08-22,153.51,156.5,152.0,154.45,42764.18,660996.34
600702.SH,2022-08-23,153.55,154.46,152.0,152.13,43320.61,661433.37
600702.SH,2022-08-24,151.99,154.5,151.1,152.02,43698.83,667638.79
600702.SH,2022-08-25,152.2,164.0,152.2,163.45,142542.34,2266387.91
600702.SH,2022-08-26,162.5,172.27,162.5,167.72,126775.02,2136234.27
600702.SH,2022-08-29,165.98,170.68,164.4,166.13,52459.72,872445.57
600702.SH,2022-08-30,164.65,165.89,158.58,162.61,68596.65,1108135.41
600702.SH,2022-08-31,161.21,169.6,161.06,167.78,89969.32,1499123.91
600702.SH,2022-09-01,167.8,168.0,162.6,163.41,58416.72,962067.41
600702.SH,2022-09-02,162.33,164.0,157.0,158.35,61576.67,982959.66
600702.SH,2022-09-05,155.5,155.53,150.0,153.23,81910.68,1245714.78
600702.SH,2022-09-06,153.48,154.9,151.21,153.98,49166.35,750396.06
600702.SH,2022-09-07,153.45,153.45,150.45,151.2,54468.26,825560.7
600702.SH,2022-09-08,151.21,153.99,150.4,150.71,53434.69,812731.77
600702.SH,2022-09-09,151.2,152.98,146.35,152.17,53927.0,813559.43
600702.SH,2022-09-13,153.56,154.21,147.0,147.59,124310.75,1851222.41
600702.SH,2022-09-14,145.0,146.0,137.1,139.4,136587.07,1921899.87
600702.SH,2022-09-15,140.87,142.01,136.3,137.68,71892.18,1000474.65
600702.SH,2022-09-16,137.19,139.19,133.7,133.7,72452.96,984795.36
600702.SH,2022-09-19,133.2,135.38,131.5,134.74,57650.41,771138.72
600702.SH,2022-09-20,134.74,139.8,132.56,139.38,85747.17,1170100.35
600702.SH,2022-09-21,137.53,138.8,135.28,135.6,44863.51,612195.0
600702.SH,2022-09-22,134.07,136.03,132.0,133.4,47680.39,637898.33
600702.SH,2022-09-23,132.89,134.63,130.83,132.33,42650.53,567997.57
600702.SH,2022-09-26,130.25,140.6,129.99,137.98,116852.34,1609600.62
600702.SH,2022-09-27,138.37,145.1,134.0,144.03,119396.81,1682818.79
600702.SH,2022-09-28,143.9,147.22,142.04,142.74,71586.43,1036101.98
600702.SH,2022-09-29,144.76,146.66,140.78,141.43,58263.33,835431.25
600702.SH,2022-09-30,141.71,143.85,138.33,139.18,49383.66,693856.34
600702.SH,2022-10-10,139.19,140.0,129.15,129.32,76288.66,1016971.95
600702.SH,2022-10-11,129.3,130.3,123.66,128.87,62324.1,794004.87
600702.SH,2022-10-12,128.87,128.87,123.97,127.58,70119.79,885711.52
600702.SH,2022-10-13,127.58,131.98,126.5,130.04,78778.81,1022881.31
600702.SH,2022-10-14,130.48,139.32,130.42,137.65,88540.66,1207119.06
600702.SH,2022-10-17,137.66,144.0,137.0,142.98,99016.91,1406994.83
600702.SH,2022-10-18,143.99,144.5,141.25,141.96,48788.92,695945.56
600702.SH,2022-10-19,141.18,141.19,136.31,136.44,58885.91,811863.4
600702.SH,2022-10-20,135.0,141.08,133.79,139.0,57069.72,788729.0
600702.SH,2022-10-21,138.85,139.0,134.41,135.02,47165.57,642131.78
600702.SH,2022-10-24,134.3,134.3,124.98,125.58,79607.04,1025244.24
600702.SH,2022-10-25,124.2,130.0,124.2,127.87,59849.72,761237.06
600702.SH,2022-10-26,127.25,129.96,125.08,127.47,59507.28,758338.54
600702.SH,2022-10-27,132.62,134.0,123.1,124.99,123938.09,1585461.37
600702.SH,2022-10-28,124.34,126.55,122.05,123.66,72867.52,904794.13
600702.SH,2022-10-31,121.32,121.32,116.2,117.11,85417.27,1011448.18
600702.SH,2022-11-01,117.69,128.82,117.69,128.59,124456.18,1541230.11
600702.SH,2022-11-02,129.0,140.16,127.15,134.63,154208.52,2055432.64
600702.SH,2022-11-03,131.98,136.4,131.02,135.01,65308.21,878333.31
600702.SH,2022-11-04,134.0,145.0,134.0,142.0,109172.5,1540918.52
600702.SH,2022-11-07,139.08,142.88,138.61,141.7,59007.05,832899.39
600702.SH,2022-11-08,141.7,143.69,137.01,137.9,54936.71,766234.4
600702.SH,2022-11-09,137.9,139.74,134.95,135.5,60591.85,825023.39
600702.SH,2022-11-10,135.12,142.0,134.3,138.37,83798.39,1162368.27
600702.SH,2022-11-11,145.0,146.99,137.0,143.37,155804.95,2216001.38
600702.SH,2022-11-14,142.8,147.5,138.74,139.96,82712.08,1183517.13
600702.SH,2022-11-15,139.71,146.66,138.0,144.33,82965.73,1188862.32
600702.SH,2022-11-16,143.38,147.0,142.5,144.84,55844.86,808205.21
600702.SH,2022-11-17,143.8,146.6,142.33,144.92,49677.76,715569.59
600702.SH,2022-11-18,145.0,146.75,142.69,143.53,42474.06,613044.17
600702.SH,2022-11-21,141.55,141.55,136.5,137.68,62190.94,856181.69
600702.SH,2022-11-22,137.43,141.88,137.43,139.01,52432.41,732459.62
600702.SH,2022-11-23,138.7,139.01,136.18,136.89,41883.76,574332.64
600702.SH,2022-11-24,138.0,138.5,132.05,133.6,65121.57,873692.14
600702.SH,2022-11-25,134.27,134.33,130.61,132.49,41318.12,546952.41
600702.SH,2022-11-28,130.95,141.47,129.17,141.33,141733.09,1943295.89
600702.SH,2022-11-29,143.8,147.02,141.8,146.28,108042.98,1568426.8
600702.SH,2022-11-30,145.28,149.0,144.2,147.33,65574.68,966187.99
600702.SH,2022-12-01,155.0,159.5,153.5,158.38,129047.48,2035425.29
600702.SH,2022-12-02,156.97,159.38,155.47,158.48,77151.31,1213750.8
600702.SH,2022-12-05,159.2,162.96,158.0,159.75,71026.98,1135694.88
600702.SH,2022-12-06,158.03,171.0,157.46,165.43,114141.21,1902285.7
600702.SH,2022-12-07,163.51,170.0,161.02,167.43,80828.6,1344425.18
600702.SH,2022-12-08,167.0,171.15,165.82,170.0,91664.99,1551434.66
600702.SH,2022-12-09,169.01,170.78,165.46,166.3,158241.28,2664409.31
600702.SH,2022-12-12,165.67,169.43,163.03,163.8,86620.12,1438799.7
600702.SH,2022-12-13,163.73,168.03,162.17,166.8,65850.88,1096478.12
600702.SH,2022-12-14,165.9,172.99,165.1,170.38,84561.89,1440255.32
600702.SH,2022-12-15,170.38,172.08,166.28,167.14,55352.13,931618.78
600702.SH,2022-12-16,166.4,168.88,165.01,166.75,36223.07,602892.99
600702.SH,2022-12-19,167.7,168.88,162.8,163.32,46374.73,763803.96
600702.SH,2022-12-20,163.3,163.3,154.5,156.65,69525.83,1094923.62
600702.SH,2022-12-21,156.8,159.87,155.98,157.7,42295.75,667342.09
600702.SH,2022-12-22,158.18,165.61,158.18,161.42,59836.05,972663.21
600702.SH,2022-12-23,160.0,164.05,158.7,160.81,53714.41,865483.7
600702.SH,2022-12-26,160.5,161.8,156.88,159.9,37522.79,599552.72
600702.SH,2022-12-27,161.6,165.28,158.51,162.67,55302.93,901447.19
600702.SH,2022-12-28,162.0,163.0,158.06,162.2,47021.15,755882.93
600702.SH,2022-12-29,160.01,161.57,158.24,159.1,44329.52,706669.89
600702.SH,2022-12-30,160.38,162.31,158.0,159.18,38790.91,619227.76
600702.SH,2023-01-03,159.18,160.14,154.0,156.27,56639.14,882485.76
600702.SH,2023-01-04,155.21,157.88,154.2,156.3,35465.23,553284.87
600702.SH,2023-01-05,156.31,164.45,156.31,164.2,84411.49,1369611.63
600702.SH,2023-01-06,164.22,165.0,157.5,161.8,68845.92,1104881.08
600702.SH,2023-01-09,161.06,170.0,161.06,168.28,84783.05,1413305.36
600702.SH,2023-01-10,168.28,177.85,166.22,176.0,107332.61,1869094.62
600702.SH,2023-01-11,175.81,177.75,171.1,173.7,48528.91,846724.09
600702.SH,2023-01-12,173.25,175.58,170.7,171.35,37310.09,641866.95
600702.SH,2023-01-13,171.36,177.5,171.01,175.65,55227.69,967404.37
600702.SH,2023-01-16,178.28,183.49,177.0,177.5,81470.95,1462412.58
600702.SH,2023-01-17,176.5,177.99,172.3,172.92,43687.44,761635.46
600702.SH,2023-01-18,173.34,176.27,171.1,171.32,40093.88,692793.08
600702.SH,2023-01-19,171.33,172.35,168.18,169.62,36780.35,625189.93
600702.SH,2023-01-20,170.02,171.6,166.2,166.46,46613.71,781633.88
600702.SH,2023-01-30,175.0,183.11,173.7,182.5,174626.97,3142999.16
600702.SH,2023-01-31,180.32,186.0,178.0,178.49,73836.61,1335808.23
600702.SH,2023-02-01,178.49,182.18,177.18,181.4,64150.0,1154637.75
600702.SH,2023-02-02,182.52,194.5,181.51,189.35,84437.59,1596803.41
600702.SH,2023-02-03,188.51,191.0,184.35,189.54,70621.18,1323558.81
600702.SH,2023-02-06,185.0,190.88,180.05,187.93,66984.1,1251831.35
600702.SH,2023-02-07,189.43,189.75,183.31,184.25,41163.38,762834.15
600702.SH,2023-02-08,184.26,188.0,183.5,184.55,27903.51,517561.21
600702.SH,2023-02-09,184.18,194.25,183.69,191.6,64939.03,1242042.59
600702.SH,2023-02-10,192.0,198.9,191.0,197.25,65577.11,1290234.01
600702.SH,2023-02-13,196.5,213.0,196.5,205.9,99164.96,2043903.0
600702.SH,2023-02-14,205.91,210.1,201.0,204.45,57411.27,1177979.44
600702.SH,2023-02-15,205.73,209.9,204.11,206.7,40704.18,844580.66
600702.SH,2023-02-16,205.44,215.1,204.51,208.3,70269.4,1476612.05
600702.SH,2023-02-17,208.3,214.9,204.97,205.0,52421.73,1096715.41
600702.SH,2023-02-20,204.7,210.0,202.12,206.34,52374.2,1077095.04
600702.SH,2023-02-21,205.5,206.41,199.48,201.31,60477.87,1219555.04
600702.SH,2023-02-22,200.04,203.38,196.48,200.6,39111.82,783658.27
600702.SH,2023-02-23,200.65,202.0,196.63,197.82,29697.07,587883.96
600702.SH,2023-02-24,197.82,197.82,191.49,193.1,57536.63,1110562.42
600702.SH,2023-02-27,190.58,199.65,190.0,198.35,64174.74,1258329.97
600702.SH,2023-02-28,197.93,200.7,196.01,199.29,39524.25,786190.28
600702.SH,2023-03-01,200.0,202.77,196.59,200.15,39687.02,792481.02
600702.SH,2023-03-02,199.22,204.63,198.35,201.78,35480.65,716891.99
600702.SH,2023-03-03,201.76,205.05,198.3,199.26,32966.08,659589.47
600702.SH,2023-03-06,200.0,205.5,197.79,200.04,41441.91,833776.32
600702.SH,2023-03-07,199.5,203.99,198.04,198.79,39002.75,784473.61
600702.SH,2023-03-08,196.03,201.17,193.52,197.02,37077.56,728778.47
600702.SH,2023-03-09,198.98,198.98,177.32,188.5,103917.33,1955136.46
600702.SH,2023-03-10,187.09,190.98,184.0,185.65,51719.72,966118.02
600702.SH,2023-03-13,185.65,190.77,184.06,185.1,52935.75,986535.28
600702.SH,2023-03-14,185.96,187.1,180.0,183.16,49824.27,912108.69
600702.SH,2023-03-15,183.82,184.88,178.1,178.99,53157.93,957926.91
600702.SH,2023-03-16,177.56,181.1,175.8,178.43,41126.58,734252.51
600702.SH,2023-03-17,179.71,181.5,174.13,175.1,42443.15,749064.23
600702.SH,2023-03-20,175.0,175.93,170.0,173.4,53542.74,924244.55
600702.SH,2023-03-21,174.86,182.6,173.88,181.76,76013.5,1366496.09
600702.SH,2023-03-22,187.0,191.94,185.0,185.78,78555.4,1476859.03
600702.SH,2023-03-23,184.6,197.86,184.33,195.06,67408.22,1304312.82
600702.SH,2023-03-24,192.35,195.35,190.33,190.9,45132.2,867603.09
600702.SH,2023-03-27,190.89,194.37,188.26,189.49,37317.93,712568.09
600702.SH,2023-03-28,189.5,194.97,189.21,192.81,38205.1,735340.9
600702.SH,2023-03-29,193.5,198.5,192.15,198.19,48502.92,951743.88
600702.SH,2023-03-30,198.19,200.48,194.9,197.51,35858.54,708277.44
600702.SH,2023-03-31,198.32,202.17,194.0,197.0,44733.37,882594.52
600702.SH,2023-04-03,197.0,198.5,193.5,195.92,37614.11,738738.07
600702.SH,2023-04-04,196.9,201.3,193.68,198.98,46677.05,918294.22
600702.SH,2023-04-06,197.2,204.55,196.66,197.32,48567.87,975393.11
600702.SH,2023-04-07,196.6,199.79,192.03,193.3,41793.49,817110.43
600702.SH,2023-04-10,193.5,193.86,186.0,192.37,70404.76,1333508.68
600702.SH,2023-04-11,192.01,193.39,186.4,187.69,39396.81,742945.81
600702.SH,2023-04-12,188.4,188.7,179.72,182.56,72544.63,1326203.41
600702.SH,2023-04-13,181.0,186.38,178.56,183.9,41358.2,759202.94
600702.SH,2023-04-14,183.88,185.5,180.95,181.56,29382.27,535027.2
600702.SH,2023-04-17,183.92,193.41,183.92,187.0,55369.09,1047842.91
600702.SH,2023-04-18,188.94,192.68,183.0,185.4,48047.0,900120.43
600702.SH,2023-04-19,185.5,186.19,181.39,184.13,28171.84,516920.69
600702.SH,2023-04-20,184.02,184.02,179.3,180.2,32027.38,580346.74
600702.SH,2023-04-21,180.52,182.78,177.67,177.9,28318.25,509023.37
600702.SH,2023-04-24,177.9,179.5,173.0,174.71,41742.29,728947.28
600702.SH,2023-04-25,175.0,180.88,172.93,180.28,44151.43,785081.84
600702.SH,2023-04-26,182.0,182.9,175.27,180.0,50001.78,889917.39
600702.SH,2023-04-27,177.7,181.18,175.56,178.74,39954.79,711606.98
600702.SH,2023-04-28,179.0,188.75,178.0,182.86,63925.29,1176052.83
600702.SH,2023-05-04,181.5,183.47,172.16,174.0,58339.39,1021790.53
600702.SH,2023-05-05,174.0,177.4,170.18,176.61,45169.71,788436.55
600702.SH,2023-05-08,176.61,177.77,170.27,171.36,41900.32,721935.46
600702.SH,2023-05-09,170.0,172.5,166.46,166.57,47736.57,803303.84
600702.SH,2023-05-10,166.8,168.66,163.6,167.27,29681.17,493523.3
600702.SH,2023-05-11,168.0,168.59,163.99,164.39,28587.12,473738.89
600702.SH,2023-05-12,164.08,165.0,159.98,160.0,38282.35,619083.32
600702.SH,2023-05-15,159.06,165.85,158.27,164.59,38931.82,632473.89
600702.SH,2023-05-16,164.38,165.0,161.6,162.85,24226.24,394850.22
600702.SH,2023-05-17,162.89,162.89,159.0,160.3,19527.22,313310.05
600702.SH,2023-05-18,160.0,162.98,156.88,157.68,34206.04,543233.5
600702.SH,2023-05-19,157.68,163.01,155.68,161.68,37318.36,597411.18
600702.SH,2023-05-22,160.95,170.0,158.11,168.58,67395.94,1121601.61
600702.SH,2023-05-23,167.98,169.91,165.94,166.18,29161.24,487516.87
600702.SH,2023-05-24,165.39,166.6,163.2,163.56,18781.42,308732.5
600702.SH,2023-05-25,163.0,164.96,161.51,163.72,19107.75,311761.89
600702.SH,2023-05-26,163.72,165.78,161.24,163.3,22522.93,367836.36
600702.SH,2023-05-29,162.0,162.5,157.51,159.58,38024.41,607153.73
600702.SH,2023-05-30,159.48,161.48,156.0,158.69,31925.46,503874.85
600702.SH,2023-05-31,157.84,159.79,152.85,158.0,66905.56,1038145.99
600702.SH,2023-06-01,155.16,158.28,152.01,152.75,50515.3,781044.38
600702.SH,2023-06-02,151.96,158.0,151.35,155.36,48036.81,744372.5
600702.SH,2023-06-05,154.5,154.5,139.82,139.82,152493.19,2183743.54
600702.SH,2023-06-06,136.16,140.9,135.63,136.76,146590.17,2017432.79
600702.SH,2023-06-07,136.23,136.7,131.5,133.2,84496.93,1124788.28
600702.SH,2023-06-08,133.49,135.78,133.01,133.4,53242.41,713600.15
600702.SH,2023-06-09,132.95,133.97,129.99,130.46,70577.25,925373.47
600702.SH,2023-06-12,130.45,140.0,129.01,138.0,93798.27,1267381.98
600702.SH,2023-06-13,137.99,141.03,137.0,139.19,56995.28,793873.9
600702.SH,2023-06-14,139.72,145.59,139.2,144.19,79807.35,1146345.33
600702.SH,2023-06-15,143.53,144.88,140.36,144.08,53454.91,762406.67
600702.SH,2023-06-16,144.06,148.37,143.8,146.96,56994.9,832635.7
600702.SH,2023-06-19,146.79,146.96,139.88,140.49,102079.44,1454790.77
600702.SH,2023-06-20,141.0,141.37,137.3,137.7,56438.32,781830.25
600702.SH,2023-06-21,137.33,137.8,133.73,134.02,50496.19,684356.61
600702.SH,2023-06-26,131.0,131.5,125.36,128.34,100467.8,1287493.4
600702.SH,2023-06-27,130.0,130.45,126.77,129.19,56414.57,725355.22
600702.SH,2023-06-28,129.19,130.99,126.2,127.5,56316.61,718868.94
600702.SH,2023-06-29,127.51,127.55,124.6,125.17,54048.9,678418.72
600702.SH,2023-06-30,125.17,125.88,123.77,123.95,53709.76,668563.1
600702.SH,2023-07-03,124.66,129.7,122.33,129.42,93618.52,1192654.44
600702.SH,2023-07-04,128.9,130.96,127.0,130.0,66040.53,852025.46
600702.SH,2023-07-05,129.88,129.92,126.25,127.3,51358.47,654289.04
600702.SH,2023-07-06,126.5,129.99,125.73,126.5,40955.48,521581.05
600702.SH,2023-07-07,126.4,127.2,124.3,125.74,31182.77,393543.09
600702.SH,2023-07-10,126.7,130.49,126.0,127.18,55105.62,706061.4
600702.SH,2023-07-11,127.18,127.5,125.2,126.54,38980.81,491349.54
600702.SH,2023-07-12,126.47,127.65,125.13,125.3,36787.14,463552.53
600702.SH,2023-07-13,126.4,134.88,125.95,134.28,137798.94,1813428.13
600702.SH,2023-07-14,134.75,137.5,132.45,133.34,76698.23,1034957.98
600702.SH,2023-07-17,131.28,132.58,129.44,131.54,37463.57,491592.48
600702.SH,2023-07-18,131.54,132.64,129.5,130.66,38343.13,501085.87
600702.SH,2023-07-19,129.94,131.45,129.1,129.92,29033.79,377326.99
600702.SH,2023-07-20,131.34,135.0,128.38,128.66,73317.89,962428.88
600702.SH,2023-07-21,128.31,134.45,127.41,131.2,96305.7,1270770.97
600702.SH,2023-07-24,131.66,131.66,127.28,127.68,63919.09,821779.99
600702.SH,2023-07-25,134.28,140.45,134.15,140.45,157686.85,2191592.44
600702.SH,2023-07-26,143.0,146.74,140.48,143.15,165904.38,2376959.64
600702.SH,2023-07-27,144.0,151.5,141.75,149.34,160149.93,2370232.19
600702.SH,2023-07-28,148.0,155.0,146.7,153.95,138491.88,2097231.89
600702.SH,2023-07-31,154.95,165.87,151.31,154.2,155401.09,2457650.7
600702.SH,2023-08-01,152.0,154.6,149.01,150.29,103595.0,1568722.9
600702.SH,2023-08-02,148.31,151.64,148.04,149.15,59149.52,885076.39
600702.SH,2023-08-03,148.53,153.9,145.64,152.85,105303.04,1579260.49
600702.SH,2023-08-04,155.91,158.8,149.29,150.14,98402.96,1499641.93
600702.SH,2023-08-07,147.92,147.92,141.88,143.25,133263.52,1919002.37
600702.SH,2023-08-08,143.22,144.51,141.76,143.05,71097.36,1017306.24
600702.SH,2023-08-09,141.92,143.33,140.99,142.17,55773.42,791528.12
600702.SH,2023-08-10,142.4,143.5,138.17,143.5,78146.82,1101394.04
600702.SH,2023-08-11,143.8,144.0,136.8,136.8,93429.63,1300815.61
600702.SH,2023-08-14,133.7,136.5,133.01,136.0,58813.07,793860.43
600702.SH,2023-08-15,135.19,137.55,134.7,136.36,53498.34,727628.14
600702.SH,2023-08-16,135.3,136.48,134.2,134.2,48964.3,661789.26
600702.SH,2023-08-17,132.82,139.25,132.4,139.25,87385.34,1195897.23
600702.SH,2023-08-18,139.51,139.88,135.01,135.39,61306.87,838918.0
600702.SH,2023-08-21,131.0,135.53,129.05,133.42,79084.71,1048892.88
600702.SH,2023-08-22,134.39,134.95,131.5,134.0,57550.21,765601.51
600702.SH,2023-08-23,132.98,134.39,132.46,132.53,34940.88,466065.83
600702.SH,2023-08-24,132.5,138.15,131.57,137.49,78508.25,1065553.98
600702.SH,2023-08-25,135.79,136.96,134.35,135.13,45541.82,616928.79
600702.SH,2023-08-28,144.5,144.5,135.1,135.45,76213.43,1056053.53
600702.SH,2023-08-29,133.51,138.0,133.22,137.3,59351.15,809444.9
600702.SH,2023-08-30,137.27,138.0,135.8,136.14,51329.8,700819.11
600702.SH,2023-08-31,135.19,135.49,132.77,134.49,55113.5,737478.67
600702.SH,2023-09-01,135.65,142.0,135.36,140.0,130630.5,1825164.72
600702.SH,2023-09-04,144.0,151.2,142.1,149.85,158702.04,2338017.03
600702.SH,2023-09-05,149.8,150.83,147.79,148.05,77840.07,1158781.74
600702.SH,2023-09-06,146.95,146.98,143.5,145.47,80420.14,1165221.3
600702.SH,2023-09-07,144.08,145.69,143.01,143.3,46392.5,668485.41
600702.SH,2023-09-08,142.28,144.7,142.01,142.98,38287.14,548678.32
600702.SH,2023-09-11,143.0,146.92,141.5,144.5,59966.51,866199.34
600702.SH,2023-09-12,143.5,143.63,140.41,140.55,54508.59,773682.38
600702.SH,2023-09-13,140.08,144.7,140.08,142.15,59685.0,849345.35
600702.SH,2023-09-14,141.0,142.5,138.01,139.57,49753.46,695144.55
600702.SH,2023-09-15,139.5,139.99,136.85,137.3,59754.78,824333.73
600702.SH,2023-09-18,136.0,138.0,134.9,136.6,51237.28,700476.14
600702.SH,2023-09-19,136.6,136.6,133.4,134.07,43887.0,589126.45
600702.SH,2023-09-20,133.4,134.88,132.03,132.28,42774.12,568896.58
600702.SH,2023-09-21,131.91,131.91,129.0,129.04,57069.35,741110.58
600702.SH,2023-09-22,128.08,131.33,128.0,131.3,64540.42,838044.5
600702.SH,2023-09-25,130.86,130.88,128.12,128.68,50769.34,654063.38
600702.SH,2023-09-26,128.6,129.27,125.0,125.9,65364.93,825737.61
600702.SH,2023-09-27,125.69,127.37,124.51,126.6,57162.82,718454.89
600702.SH,2023-09-28,126.25,127.05,124.61,125.0,52994.1,663740.34
600702.SH,2023-10-09,125.0,125.0,122.33,124.31,43171.96,532968.71
600702.SH,2023-10-10,124.02,125.65,122.5,123.11,43702.47,541863.32
600702.SH,2023-10-11,122.01,123.98,122.01,122.85,38158.14,469356.6
600702.SH,2023-10-12,123.8,125.49,123.67,125.18,54389.76,677146.4
600702.SH,2023-10-13,124.0,124.0,121.38,122.16,47138.87,577950.6
600702.SH,2023-10-16,121.01,121.7,115.39,115.9,99657.79,1173270.26
600702.SH,2023-10-17,116.72,117.0,113.44,113.61,69575.29,797663.19
600702.SH,2023-10-18,113.5,113.5,109.66,110.03,83258.71,925840.66
600702.SH,2023-10-19,108.42,108.96,105.6,105.68,95532.47,1021306.33
600702.SH,2023-10-20,104.96,109.0,104.3,105.91,84012.84,897987.48
600702.SH,2023-10-23,105.0,109.0,104.1,106.22,73752.37,783093.99
600702.SH,2023-10-24,107.69,107.69,104.07,105.6,62461.25,658030.69
600702.SH,2023-10-25,108.96,111.89,108.3,110.6,119451.45,1314281.02
600702.SH,2023-10-26,108.5,110.5,107.71,110.3,62930.99,686423.53
600702.SH,2023-10-27,110.0,114.5,109.5,114.18,93480.83,1055562.94
600702.SH,2023-10-30,113.4,115.5,113.0,115.05,64918.98,742756.81
600702.SH,2023-10-31,115.06,116.0,114.31,115.11,43887.53,504635.59
600702.SH,2023-11-01,121.53,124.2,116.04,116.24,107557.37,1279993.02
600702.SH,2023-11-02,114.5,116.15,112.4,112.41,67582.26,767528.59
600702.SH,2023-11-03,111.9,116.68,111.84,114.9,60754.27,696827.34
600702.SH,2023-11-06,116.0,116.6,114.38,115.89,53970.98,623195.74
600702.SH,2023-11-07,114.8,116.09,114.3,115.0,49270.23,566447.76
600702.SH,2023-11-08,114.62,115.66,113.81,114.49,44684.84,511910.58
600702.SH,2023-11-09,114.0,114.7,112.8,113.08,46826.72,530945.74
600702.SH,2023-11-10,112.41,112.74,110.08,110.78,50444.78,559866.11
600702.SH,2023-11-13,111.49,111.8,109.18,109.99,41476.97,456567.36
600702.SH,2023-11-14,110.4,111.97,109.82,110.26,47959.0,530612.13
600702.SH,2023-11-15,111.9,112.12,110.82,111.1,46212.7,514321.15
600702.SH,2023-11-16,110.67,110.67,108.15,108.22,52692.39,574188.25
600702.SH,2023-11-17,107.16,108.72,106.97,107.84,38354.02,412406.18
600702.SH,2023-11-20,108.4,108.98,106.8,108.47,46131.16,498507.01
600702.SH,2023-11-21,109.3,110.5,108.5,109.6,70395.73,772490.53
600702.SH,2023-11-22,109.0,109.1,107.38,107.4,45914.08,495431.46
600702.SH,2023-11-23,107.23,108.3,105.82,108.3,44879.56,480949.08
600702.SH,2023-11-24,108.09,108.27,106.83,106.94,31641.41,339604.95
600702.SH,2023-11-27,106.26,106.27,103.56,104.74,53032.23,555926.58
600702.SH,2023-11-28,104.75,105.38,100.62,102.08,79561.33,816981.51
600702.SH,2023-11-29,101.0,101.49,98.0,100.2,81752.41,816442.19
600702.SH,2023-11-30,99.7,101.0,99.34,100.31,46873.81,469881.16
600702.SH,2023-12-01,100.0,100.39,98.51,100.0,46262.21,460070.65
600702.SH,2023-12-04,100.19,100.45,98.22,98.28,41754.74,413126.83
600702.SH,2023-12-05,97.99,97.99,94.48,94.49,76526.76,734971.15
600702.SH,2023-12-06,94.0,97.0,93.81,95.5,67795.11,649767.44
600702.SH,2023-12-07,95.5,95.98,93.41,94.73,59220.11,559209.98
600702.SH,2023-12-08,94.73,95.39,93.84,94.4,49499.99,469092.6
600702.SH,2023-12-11,93.5,93.5,90.85,92.7,84659.7,779298.61
600702.SH,2023-12-12,92.3,93.64,92.11,93.05,45252.5,420500.84
600702.SH,2023-12-13,92.94,92.94,88.99,89.0,80514.68,728084.07
600702.SH,2023-12-14,89.99,91.78,87.93,88.13,84648.47,758118.81
600702.SH,2023-12-15,88.25,91.32,88.25,89.24,88758.01,795531.85
600702.SH,2023-12-18,88.7,89.42,87.21,87.33,59797.39,526193.38
600702.SH,2023-12-19,87.97,88.24,86.81,87.75,42286.26,369873.34
600702.SH,2023-12-20,87.75,88.09,85.52,85.55,56653.31,489140.66
600702.SH,2023-12-21,85.0,88.88,84.61,88.56,116357.35,1019996.92
600702.SH,2023-12-22,88.0,89.2,87.5,87.95,70079.0,617778.79
600702.SH,2023-12-25,87.3,88.74,87.3,88.7,41567.9,367046.22
600702.SH,2023-12-26,88.4,88.42,86.76,87.15,40792.09,356025.13
600702.SH,2023-12-27,87.25,87.4,86.0,86.62,40173.11,348469.67
600702.SH,2023-12-28,86.53,95.28,86.2,95.28,169510.83,1561686.89
600702.SH,2023-12-29,95.55,97.4,95.25,96.7,157985.49,1521064.18
600702.SH,2024-01-02,95.31,96.19,92.8,92.8,99517.51,936150.06
600702.SH,2024-01-03,92.2,94.4,91.38,92.65,79236.81,734441.95
600702.SH,2024-01-04,92.56,92.56,88.98,89.54,78278.87,704725.7
600702.SH,2024-01-05,88.9,89.84,86.8,87.36,70849.55,625037.23
600702.SH,2024-01-08,87.0,87.34,84.86,84.97,67840.67,579104.83
600702.SH,2024-01-09,85.0,87.6,83.58,85.69,79320.7,678642.04
600702.SH,2024-01-10,85.0,92.5,83.86,91.31,161210.82,1444371.74
600702.SH,2024-01-11,90.13,91.86,89.4,91.42,96606.78,875436.98
600702.SH,2024-01-12,90.27,92.45,89.67,90.31,80466.58,732000.36
600702.SH,2024-01-15,89.0,91.21,88.62,89.13,63940.26,573714.59
600702.SH,2024-01-16,88.98,93.48,88.28,90.89,101222.44,919923.52
600702.SH,2024-01-17,90.13,90.54,87.49,87.55,77707.63,691370.82
600702.SH,2024-01-18,86.3,92.5,86.21,92.19,173994.68,1572778.03
600702.SH,2024-01-19,91.01,92.44,89.65,90.31,109800.61,1000395.47
600702.SH,2024-01-22,90.0,90.23,85.8,86.9,95373.43,837480.35
600702.SH,2024-01-23,87.0,88.2,84.65,88.06,90400.82,786744.63
600702.SH,2024-01-24,88.95,89.49,84.53,87.61,104376.93,904659.47
600702.SH,2024-01-25,86.3,92.26,86.3,90.09,135268.92,1204656.91
600702.SH,2024-01-26,89.06,92.97,89.0,89.39,114934.54,1043103.8
600702.SH,2024-01-29,89.87,92.5,89.68,90.19,124576.52,1132956.04
600702.SH,2024-01-30,89.0,89.0,85.1,85.92,92682.0,801016.21
600702.SH,2024-01-31,85.15,86.89,82.65,82.7,74129.31,628401.71
600702.SH,2024-02-01,81.8,83.0,80.37,80.5,106577.35,865318.16
600702.SH,2024-02-02,81.0,81.35,72.45,74.81,159779.96,1226339.2
600702.SH,2024-02-05,72.99,73.69,68.0,69.33,144843.96,1024918.94
600702.SH,2024-02-06,68.6,74.3,68.2,74.15,140091.26,1003158.86
600702.SH,2024-02-07,74.3,76.65,73.2,74.45,123306.12,926404.87
600702.SH,2024-02-08,75.3,76.2,74.4,75.71,104845.33,788361.49
600702.SH,2024-02-19,77.2,77.8,74.38,75.17,105870.59,803749.83
600702.SH,2024-02-20,74.4,75.25,73.49,75.06,74454.13,552546.05
600702.SH,2024-02-21,74.96,82.57,74.3,81.24,205569.83,1643381.95
600702.SH,2024-02-22,79.51,80.99,79.02,80.75,115388.55,925551.2
600702.SH,2024-02-23,80.64,83.5,80.15,82.8,122042.34,1001592.56
600702.SH,2024-02-26,82.0,83.63,81.52,81.79,80367.08,660700.14
600702.SH,2024-02-27,81.51,82.6,80.6,82.6,83906.78,683796.63
600702.SH,2024-02-28,82.88,85.1,79.0,79.03,137179.4,1130145.83
600702.SH,2024-02-29,78.8,81.73,78.54,81.3,97602.13,786443.0
600702.SH,2024-03-01,81.0,82.52,80.43,81.89,80511.7,656110.3
600702.SH,2024-03-04,82.0,82.67,80.18,80.88,80529.19,653134.94
600702.SH,2024-03-05,80.24,82.48,79.65,80.91,87529.88,710309.26
600702.SH,2024-03-06,80.02,80.72,78.56,79.65,83895.15,667864.6
600702.SH,2024-03-07,80.0,81.69,78.78,78.83,79951.18,640028.4
600702.SH,2024-03-08,78.9,79.74,76.6,77.81,87573.5,681137.07
600702.SH,2024-03-11,78.0,81.54,78.0,81.45,143109.44,1155170.57
600702.SH,2024-03-12,81.45,87.2,81.12,86.08,219535.4,1866844.98
600702.SH,2024-03-13,85.0,85.87,84.0,85.06,117743.56,999976.0
600702.SH,2024-03-14,85.02,86.86,84.06,84.69,86458.53,737144.3
600702.SH,2024-03-15,84.16,86.39,83.5,84.61,98100.27,832190.55
600702.SH,2024-03-18,84.2,84.27,82.81,84.06,84047.54,703134.24
600702.SH,2024-03-19,83.95,86.11,83.3,84.89,113187.76,963833.62
600702.SH,2024-03-20,85.5,86.5,83.7,84.05,92991.04,784419.48
600702.SH,2024-03-21,84.45,88.38,84.06,85.94,152265.58,1315447.69
600702.SH,2024-03-22,85.4,85.59,82.28,82.5,128390.79,1068838.13
600702.SH,2024-03-25,81.5,82.15,79.78,79.8,86387.83,696606.8
600702.SH,2024-03-26,79.52,80.83,79.04,80.45,66603.97,533373.7
600702.SH,2024-03-27,80.2,80.39,77.4,77.41,75095.2,591532.17
600702.SH,2024-03-28,77.2,78.3,77.0,77.43,72310.0,561301.27
600702.SH,2024-03-29,77.69,77.92,75.79,76.87,55497.81,426061.53
600702.SH,2024-04-01,77.9,81.4,77.9,80.4,125849.08,1008207.98
600702.SH,2024-04-02,80.41,80.68,78.8,79.32,67761.71,538356.36
600702.SH,2024-04-03,80.0,80.86,77.8,78.1,72734.81,572472.39
600702.SH,2024-04-08,77.7,77.7,74.72,74.75,85722.02,647195.63
600702.SH,2024-04-09,74.73,75.74,73.92,75.48,45850.13,344076.5
600702.SH,2024-04-10,75.48,75.5,72.8,73.21,56693.18,418172.04
600702.SH,2024-04-11,72.81,72.99,71.87,72.32,56037.23,405187.85
600702.SH,2024-04-12,72.41,73.49,71.76,71.9,46083.43,333158.11
600702.SH,2024-04-15,71.89,74.55,71.72,73.35,77410.97,567201.9
600702.SH,2024-04-16,72.51,72.94,69.75,70.03,80988.7,573077.15
600702.SH,2024-04-17,70.2,71.53,70.2,71.28,57079.86,404757.32
600702.SH,2024-04-18,71.0,71.82,70.0,70.97,56845.36,404060.33
600702.SH,2024-04-19,70.04,70.8,69.7,70.07,44266.75,310092.24
600702.SH,2024-04-22,70.3,71.64,69.98,71.22,57113.11,406597.44
600702.SH,2024-04-23,70.86,73.66,70.77,72.72,79776.21,576262.49
600702.SH,2024-04-24,72.72,74.02,72.1,72.83,64766.82,472664.77
600702.SH,2024-04-25,72.4,72.94,71.71,72.33,40790.05,294888.01
600702.SH,2024-04-26,71.3,72.86,71.3,72.53,97349.87,700441.53
600702.SH,2024-04-29,72.54,75.58,72.24,74.38,106237.38,785578.33
600702.SH,2024-04-30,74.34,74.96,73.1,73.14,68040.63,503993.68
600702.SH,2024-05-06,74.33,80.35,74.33,78.36,195747.89,1532894.75
600702.SH,2024-05-07,78.05,79.48,77.35,78.89,113129.03,886904.13
600702.SH,2024-05-08,78.25,78.8,76.56,76.7,79676.81,616946.63
600702.SH,2024-05-09,76.7,77.45,76.6,77.18,55838.2,430073.42
600702.SH,2024-05-10,77.47,78.09,75.5,76.14,62785.05,478976.99
600702.SH,2024-05-13,75.1,75.1,74.01,74.49,63448.82,473247.45
600702.SH,2024-05-14,74.52,76.79,74.21,75.71,64311.98,485386.03
600702.SH,2024-05-15,75.68,75.94,74.98,75.15,34686.58,261369.74
600702.SH,2024-05-16,75.34,77.44,74.33,76.54,92547.01,706788.91
600702.SH,2024-05-17,76.39,78.8,75.62,78.73,105045.88,810254.03
600702.SH,2024-05-20,78.89,82.8,78.89,80.41,169367.94,1378740.29
600702.SH,2024-05-21,80.1,80.49,79.32,80.05,66935.0,534341.49
600702.SH,2024-05-22,77.89,78.0,76.1,76.85,63332.8,486727.28
600702.SH,2024-05-23,76.6,77.24,74.45,74.76,73675.01,555278.2
600702.SH,2024-05-24,74.22,74.82,73.32,73.34,50537.01,373376.12
600702.SH,2024-05-27,73.51,74.2,72.78,74.14,45119.63,331693.99
600702.SH,2024-05-28,74.0,74.01,72.15,72.3,49126.12,359138.26
600702.SH,2024-05-29,71.87,73.32,71.87,72.79,37049.19,269299.68
600702.SH,2024-05-30,72.17,72.51,71.5,71.68,42439.77,304797.38
600702.SH,2024-05-31,71.62,72.48,71.62,72.0,30035.27,216340.41
600702.SH,2024-06-03,72.03,72.25,70.81,71.15,43773.24,312043.63
600702.SH,2024-06-04,71.7,72.68,71.09,72.68,48149.53,347308.42
600702.SH,2024-06-05,72.11,72.7,71.78,71.79,34460.91,248706.29
600702.SH,2024-06-06,71.91,72.19,70.5,70.62,43458.95,308169.22
600702.SH,2024-06-07,71.0,71.37,69.88,70.46,27823.92,196076.88
600702.SH,2024-06-11,70.03,70.35,69.14,70.0,35152.43,245023.88
600702.SH,2024-06-12,69.9,70.5,69.53,70.03,29125.58,203940.41
600702.SH,2024-06-13,70.15,70.27,68.59,68.83,41355.04,286132.51
600702.SH,2024-06-14,68.21,69.22,67.25,69.22,58957.7,401381.43
600702.SH,2024-06-17,68.5,69.48,67.3,69.43,48064.2,328920.6
600702.SH,2024-06-18,69.05,69.79,68.69,68.95,35275.61,243980.46
600702.SH,2024-06-19,68.9,69.94,67.82,68.92,39900.04,275087.6
600702.SH,2024-06-20,68.41,69.16,67.06,67.06,37323.05,253564.33
600702.SH,2024-06-21,66.98,66.99,64.58,64.6,65269.19,426745.03
600702.SH,2024-06-24,63.0,64.62,61.69,63.0,66357.68,417814.52
600702.SH,2024-06-25,63.0,63.55,60.19,60.4,78150.88,481155.06
600702.SH,2024-06-26,60.45,61.22,59.5,61.16,47780.86,289697.92
600702.SH,2024-06-27,60.7,60.82,58.61,58.63,65736.64,391350.01
600702.SH,2024-06-28,58.11,59.17,56.46,56.67,102870.23,591889.43
600702.SH,2024-07-01,56.5,57.31,55.3,56.67,71724.38,402393.76
600702.SH,2024-07-02,56.2,58.7,56.03,57.48,94577.86,545653.62
600702.SH,2024-07-03,57.47,57.57,56.48,56.59,49800.14,282791.51
600702.SH,2024-07-04,56.56,56.79,54.7,54.74,68081.84,377170.14
600702.SH,2024-07-05,54.4,55.12,53.45,54.26,57863.45,312726.2
600702.SH,2024-07-08,53.96,54.06,51.91,52.1,63442.16,334378.99
600702.SH,2024-07-09,51.99,52.8,51.09,52.49,70288.14,365660.21
600702.SH,2024-07-10,52.32,53.71,51.67,52.57,55838.61,295149.78
600702.SH,2024-07-11,54.7,55.46,53.54,54.96,99843.77,546925.23
600702.SH,2024-07-12,55.01,55.48,54.46,55.11,60427.46,332554.85
600702.SH,2024-07-15,54.58,55.4,54.2,54.38,39198.62,214096.13
600702.SH,2024-07-16,54.3,54.7,53.81,54.63,34163.83,185719.52
600702.SH,2024-07-17,54.5,56.11,54.35,55.53,68327.48,378753.75
600702.SH,2024-07-18,55.31,56.45,55.08,55.49,64158.25,357625.93
600702.SH,2024-07-19,55.05,56.24,54.84,56.18,56699.27,316115.25
600702.SH,2024-07-22,56.1,56.68,55.51,55.78,46710.11,261969.13
600702.SH,2024-07-23,55.7,55.94,53.41,53.44,57037.83,310614.35
600702.SH,2024-07-24,53.35,53.88,52.41,52.54,44506.48,236027.88
600702.SH,2024-07-25,52.2,53.49,52.14,52.75,40778.74,215965.79
600702.SH,2024-07-26,52.86,54.3,52.86,53.12,42116.3,224833.71
600702.SH,2024-07-29,53.19,53.26,52.32,52.4,42300.52,222850.84
600702.SH,2024-07-30,51.8,52.73,51.38,52.73,39865.91,207907.58
600702.SH,2024-07-31,52.84,55.17,52.57,54.87,62797.61,340180.99
600702.SH,2024-08-01,54.8,54.86,53.79,54.02,50605.56,274277.78
600702.SH,2024-08-02,53.56,55.24,53.51,54.09,53967.36,294242.85
600702.SH,2024-08-05,54.0,56.55,53.8,54.49,71167.0,393178.04
600702.SH,2024-08-06,54.99,56.18,54.7,55.62,62205.26,344437.21
600702.SH,2024-08-07,55.42,55.8,54.77,55.46,50757.55,280473.84
600702.SH,2024-08-08,55.4,56.94,54.82,56.03,74812.68,419305.17
600702.SH,2024-08-09,56.52,57.06,55.39,55.39,61278.56,344152.36
600702.SH,2024-08-12,54.86,55.56,54.5,54.63,37873.91,207922.09
600702.SH,2024-08-13,54.63,54.75,53.51,54.0,44844.78,241608.37
600702.SH,2024-08-14,54.15,54.3,52.73,53.0,35737.94,190107.9
600702.SH,2024-08-15,52.55,53.84,52.55,53.19,38289.05,203697.25
600702.SH,2024-08-16,53.18,53.28,52.13,52.14,38102.0,200089.18
600702.SH,2024-08-19,52.11,53.25,51.69,51.76,42629.91,222737.4
600702.SH,2024-08-20,51.73,51.98,50.47,50.48,45146.03,229666.26
600702.SH,2024-08-21,50.28,50.55,49.99,50.0,30083.85,150897.04
600702.SH,2024-08-22,48.0,48.28,45.04,45.5,148657.87,686590.26
600702.SH,2024-08-23,45.5,45.88,43.76,43.78,97625.59,434406.88
600702.SH,2024-08-26,43.77,44.38,43.1,43.48,65736.63,286788.17
600702.SH,2024-08-27,43.2,43.96,42.63,43.52,58849.77,254592.24
600702.SH,2024-08-28,43.12,43.3,42.19,42.57,54182.3,230717.76
600702.SH,2024-08-29,42.32,43.95,42.25,43.6,73020.43,316341.5
600702.SH,2024-08-30,43.48,45.92,43.1,44.2,113489.13,505716.26
600702.SH,2024-09-02,44.3,44.3,42.03,42.08,86758.08,372107.48
600702.SH,2024-09-03,42.05,43.2,42.0,42.79,52084.95,221980.0
600702.SH,2024-09-04,42.48,43.34,42.43,42.72,37515.25,160779.35
600702.SH,2024-09-05,42.6,43.4,42.6,43.03,36273.4,156122.8
600702.SH,2024-09-06,43.02,43.04,42.02,42.03,42993.27,182171.8
600702.SH,2024-09-09,41.8,41.99,41.2,41.5,42787.49,177603.65
600702.SH,2024-09-10,41.5,42.72,41.5,42.58,58484.84,245988.64
600702.SH,2024-09-11,42.13,42.9,42.03,42.48,35260.97,149788.6
600702.SH,2024-09-12,42.21,42.82,41.68,41.68,38909.48,164223.84
600702.SH,2024-09-13,41.51,41.68,40.51,40.56,48304.05,197909.26
600702.SH,2024-09-18,40.21,40.65,39.56,40.18,43320.25,172994.0
600702.SH,2024-09-19,40.4,44.17,40.4,42.6,129661.52,550212.83
600702.SH,2024-09-20,42.06,42.6,41.94,42.49,58507.2,247193.98
600702.SH,2024-09-23,42.48,43.5,42.48,42.61,57730.72,247940.42
600702.SH,2024-09-24,43.41,44.86,42.3,44.8,121170.42,531358.74
600702.SH,2024-09-25,45.3,47.0,44.96,44.98,154097.56,709581.82
600702.SH,2024-09-26,44.86,49.48,44.8,49.48,179186.23,851345.69
600702.SH,2024-09-27,54.43,54.43,54.43,54.43,36529.84,198831.92
600702.SH,2024-09-30,59.87,59.87,59.87,59.87,17910.66,107231.12
600702.SH,2024-10-08,65.86,65.86,65.86,65.86,34757.66,228913.95
600702.SH,2024-10-09,65.86,72.43,61.0,69.45,552711.87,3808135.84
600702.SH,2024-10-10,68.7,76.0,64.01,72.79,439120.19,3053415.82
600702.SH,2024-10-11,69.0,71.0,65.51,65.51,249183.38,1684315.68
600702.SH,2024-10-14,63.85,66.02,61.5,65.16,203632.96,1297883.14
600702.SH,2024-10-15,63.87,67.97,63.16,64.95,203708.14,1341003.27
600702.SH,2024-10-16,63.06,66.78,61.89,63.63,171614.35,1090882.93
600702.SH,2024-10-17,64.0,64.72,60.6,61.28,172818.62,1078668.85
600702.SH,2024-10-18,60.8,67.0,59.86,64.36,252184.14,1585231.8
600702.SH,2024-10-21,63.58,64.98,62.41,64.81,213192.18,1357197.57
600702.SH,2024-10-22,64.89,68.97,64.51,68.0,285660.25,1925011.58
600702.SH,2024-10-23,68.0,69.95,66.26,67.57,239172.36,1632053.71
600702.SH,2024-10-24,66.01,66.59,63.69,63.85,174097.42,1127084.45
600702.SH,2024-10-25,63.06,66.2,63.06,65.12,140607.49,911681.47
600702.SH,2024-10-28,66.4,69.53,66.21,68.16,252298.36,1717300.53
600702.SH,2024-10-29,67.0,68.81,65.0,65.04,192968.88,1280259.64
600702.SH,2024-10-30,64.0,64.88,62.73,63.6,125755.43,800046.84
600702.SH,2024-10-31,63.01,64.6,62.7,63.37,124235.73,788080.93
600702.SH,2024-11-01,63.0,68.0,62.5,65.73,269701.25,1778545.75
600702.SH,2024-11-04,66.0,69.1,64.99,67.19,261324.22,1745602.05
600702.SH,2024-11-05,67.0,71.5,66.6,71.02,330457.9,2304267.32
600702.SH,2024-11-06,70.0,74.05,69.1,71.38,293053.97,2076759.1
600702.SH,2024-11-07,70.66,78.52,70.5,78.52,381470.89,2938484.64
600702.SH,2024-11-08,80.0,83.5,77.86,80.33,464470.93,3747393.01
600702.SH,2024-11-11,77.0,83.0,76.0,82.9,301839.61,2417676.11
600702.SH,2024-11-12,83.0,86.25,80.1,81.38,294979.44,2454515.91
600702.SH,2024-11-13,79.6,83.01,79.6,80.1,163722.77,1324862.73
600702.SH,2024-11-14,79.09,80.43,77.06,77.3,157934.4,1239791.69
600702.SH,2024-11-15,77.3,79.5,76.38,76.47,152041.23,1182584.92
600702.SH,2024-11-18,77.2,77.69,72.17,72.94,173861.93,1295809.45
600702.SH,2024-11-19,73.8,75.31,70.82,75.1,146263.09,1065776.62
600702.SH,2024-11-20,74.6,77.03,73.8,76.66,125152.85,946627.34
600702.SH,2024-11-21,76.0,77.5,75.28,76.86,107570.01,823016.31
600702.SH,2024-11-22,76.51,77.47,72.7,72.82,114436.09,858879.46
600702.SH,2024-11-25,72.1,75.6,72.1,73.93,95759.73,706121.52
600702.SH,2024-11-26,73.21,75.6,72.78,73.49,88411.99,656108.07
600702.SH,2024-11-27,72.99,78.0,72.41,76.99,156330.68,1180178.55
600702.SH,2024-11-28,76.07,78.89,76.0,76.91,133951.88,1035460.62
600702.SH,2024-11-29,77.54,79.99,76.6,78.64,168308.67,1316551.81
600702.SH,2024-12-02,77.74,78.73,77.45,78.24,129380.87,1009035.93
600702.SH,2024-12-03,78.25,78.49,75.86,76.16,107491.02,824080.52
600702.SH,2024-12-04,75.79,75.79,73.58,73.79,114623.31,854980.17
600702.SH,2024-12-05,73.3,74.47,73.13,74.24,69699.79,514544.4
600702.SH,2024-12-06,74.2,75.0,73.36,74.58,82320.08,612054.75
600702.SH,2024-12-09,74.16,75.25,73.5,73.9,71965.2,534682.7
600702.SH,2024-12-10,79.07,80.96,75.57,75.68,207661.99,1617041.07
600702.SH,2024-12-11,75.66,77.96,75.26,77.03,146589.89,1125507.32
600702.SH,2024-12-12,76.2,78.73,76.2,78.47,165580.71,1286876.13
600702.SH,2024-12-13,77.48,77.49,75.1,75.28,147437.53,1124384.23
600702.SH,2024-12-16,74.93,75.0,73.19,73.52,84581.14,624064.39
600702.SH,2024-12-17,73.3,74.65,72.79,73.69,62581.96,461220.54
600702.SH,2024-12-18,73.7,74.7,73.01,73.13,51032.86,374833.98
600702.SH,2024-12-19,72.73,72.73,69.77,70.63,95189.7,674527.47
600702.SH,2024-12-20,70.64,71.29,70.21,70.73,51046.55,361322.79
600702.SH,2024-12-23,70.6,71.1,68.12,68.41,74095.15,516125.78
600702.SH,2024-12-24,68.36,69.35,67.24,69.15,73403.09,499037.25
600702.SH,2024-12-25,69.15,69.36,67.77,67.97,46934.66,321287.76
600702.SH,2024-12-26,67.82,68.13,67.53,67.99,40577.04,275487.28
600702.SH,2024-12-27,68.01,68.97,67.7,68.38,46856.29,320099.12
600702.SH,2024-12-30,68.4,68.69,66.05,66.16,72000.59,481529.81
600702.SH,2024-12-31,66.17,68.05,65.42,65.93,82192.66,549975.317
600702.SH,2025-01-02,65.86,65.86,61.83,62.2,106656.52,675627.24
600702.SH,2025-01-03,62.2,62.71,59.0,59.18,95667.09,579357.88
600702.SH,2025-01-06,57.74,58.07,55.7,56.06,102362.11,582520.03
600702.SH,2025-01-07,56.46,57.43,56.07,57.42,60343.31,342344.83
600702.SH,2025-01-08,57.4,57.8,55.57,57.42,73967.32,421129.26
600702.SH,2025-01-09,57.0,58.28,56.85,57.8,49329.44,284974.51
600702.SH,2025-01-10,57.8,58.15,56.07,56.08,47603.73,271958.29
600702.SH,2025-01-13,55.67,56.69,55.08,56.59,46805.33,262308.01
600702.SH,2025-01-14,56.59,58.96,56.58,58.95,77737.45,451244.65
600702.SH,2025-01-15,58.91,59.13,58.06,58.88,57250.99,336124.83
600702.SH,2025-01-16,59.0,60.17,57.88,58.83,60387.49,356206.38
600702.SH,2025-01-17,58.6,59.83,58.45,58.83,57426.45,339335.17
600702.SH,2025-01-20,59.4,60.0,58.96,59.39,65010.59,386691.48
600702.SH,2025-01-21,59.9,60.06,58.2,58.63,46379.0,272209.09
600702.SH,2025-01-22,58.1,58.5,57.19,57.2,43784.16,252241.27
600702.SH,2025-01-23,57.96,58.66,56.9,56.9,54497.34,314824.68
600702.SH,2025-01-24,53.52,55.25,53.42,54.94,103256.42,563603.12
600702.SH,2025-01-27,55.0,55.8,53.45,53.46,60797.28,330030.93
600702.SH,2025-02-05,53.78,53.89,52.4,52.9,58976.98,311976.27
600702.SH,2025-02-06,52.92,54.28,52.92,54.05,59691.37,320154.78
600702.SH,2025-02-07,54.17,55.86,53.84,55.19,88974.62,489550.68
600702.SH,2025-02-10,55.2,55.79,54.61,55.77,66000.41,364534.34
600702.SH,2025-02-11,55.75,56.2,54.55,54.71,51498.77,282722.69
600702.SH,2025-02-12,54.52,56.07,54.33,56.05,72664.7,399346.43
600702.SH,2025-02-13,56.05,58.0,55.9,57.48,173293.09,994784.97
600702.SH,2025-02-14,57.0,57.19,55.94,56.37,94974.98,535136.08
600702.SH,2025-02-17,56.4,56.91,55.68,55.95,71745.46,403937.22
600702.SH,2025-02-18,55.5,55.96,54.02,54.15,83860.63,461273.5
600702.SH,2025-02-19,54.1,55.59,53.67,55.57,75935.83,414626.3
600702.SH,2025-02-20,55.5,56.09,54.75,54.8,57883.8,319577.77
600702.SH,2025-02-21,55.19,56.1,54.4,55.45,99187.46,549545.49
600702.SH,2025-02-24,55.35,58.5,55.13,56.43,124661.79,708255.89
600702.SH,2025-02-25,55.8,55.8,54.61,54.78,79607.83,439489.12
600702.SH,2025-02-26,55.0,55.41,54.25,55.41,64906.6,355775.09
600702.SH,2025-02-27,55.45,56.98,55.2,55.99,102992.41,578165.88
600702.SH,2025-02-28,55.97,58.49,55.6,56.04,169631.38,970662.8
600702.SH,2025-03-03,56.34,57.3,54.74,54.97,121377.0,680069.17
600702.SH,2025-03-04,54.5,54.57,53.27,54.1,89738.87,482575.21
600702.SH,2025-03-05,53.84,54.1,52.81,53.42,62118.11,330846.25
600702.SH,2025-03-06,53.39,54.45,53.2,54.4,77661.29,418737.61
600702.SH,2025-03-07,54.01,55.5,53.65,54.5,81646.02,443909.89
600702.SH,2025-03-10,54.1,54.37,53.61,54.28,57288.01,308820.32
600702.SH,2025-03-11,53.78,55.21,53.4,55.08,97431.59,532313.99
600702.SH,2025-03-12,55.08,55.6,54.61,54.7,70384.9,386661.71
600702.SH,2025-03-13,54.7,55.29,54.01,54.17,63486.81,346618.23
600702.SH,2025-03-14,54.1,59.59,54.1,59.59,207207.94,1197758.8
600702.SH,2025-03-17,61.8,62.6,60.05,60.16,315991.36,1938609.22
600702.SH,2025-03-18,60.33,61.8,60.29,61.11,163290.63,994204.86
600702.SH,2025-03-19,61.12,61.55,60.0,60.32,115613.27,699334.31
600702.SH,2025-03-20,60.32,60.44,58.51,58.55,111573.08,659642.91
600702.SH,2025-03-21,58.4,60.99,58.01,58.71,121087.56,718254.14
600702.SH,2025-03-24,57.92,58.5,56.01,57.07,124882.65,711783.5
600702.SH,2025-03-25,56.8,57.16,55.9,56.91,83927.11,473793.55
600702.SH,2025-03-26,56.7,57.15,56.42,56.9,66137.36,375667.4
600702.SH,2025-03-27,57.09,57.28,56.2,56.97,62896.89,357264.55
600702.SH,2025-03-28,57.96,60.22,57.5,57.68,131881.75,771029.57
600702.SH,2025-03-31,57.01,57.37,54.88,54.97,100240.0,560046.0
600702.SH,2025-04-01,55.0,56.66,54.75,55.68,67903.97,378114.31
600702.SH,2025-04-02,55.35,56.75,55.3,56.08,51410.2,287201.68
600702.SH,2025-04-03,55.6,60.62,55.51,58.82,178117.3,1045553.8
600702.SH,2025-04-07,56.75,59.69,53.97,56.84,205444.83,1176900.52
600702.SH,2025-04-08,58.0,58.5,55.92,58.36,161317.03,929362.53
600702.SH,2025-04-09,57.3,60.1,56.6,59.43,190519.5,1114026.5
600702.SH,2025-04-10,58.82,61.62,58.4,61.5,238002.53,1432352.53
600702.SH,2025-04-11,60.88,60.92,59.5,59.71,149959.64,902291.74
600702.SH,2025-04-14,59.81,60.49,58.97,59.17,121851.28,726745.96
600702.SH,2025-04-15,58.88,59.75,58.45,59.34,84086.67,497546.0
600702.SH,2025-04-16,58.9,59.38,57.61,58.79,75837.97,443116.95
600702.SH,2025-04-17,58.28,59.34,58.01,58.94,65484.11,385873.23
600702.SH,2025-04-18,58.6,58.9,57.35,57.69,69745.06,403549.95
600702.SH,2025-04-21,57.01,57.98,57.01,57.59,48287.52,277952.94
600702.SH,2025-04-22,57.7,58.5,57.35,58.18,63924.83,370278.59
600702.SH,2025-04-23,58.19,58.43,57.25,57.56,53970.7,311114.16
600702.SH,2025-04-24,57.47,57.63,56.45,56.67,60411.39,343875.23
600702.SH,2025-04-25,56.67,57.7,56.67,57.01,41373.13,236508.23
600702.SH,2025-04-28,57.2,58.5,57.2,57.5,58172.24,336606.96
600702.SH,2025-04-29,57.4,57.83,55.75,57.19,58052.18,331244.93
600702.SH,2025-04-30,56.86,58.08,56.7,56.74,50380.0,287731.31
600702.SH,2025-05-06,56.85,57.87,56.36,57.84,61123.53,349299.29
600702.SH,2025-05-07,58.28,58.49,57.37,57.7,50444.38,291692.7
600702.SH,2025-05-08,57.4,58.27,57.07,57.87,51283.57,296121.32
600702.SH,2025-05-09,57.66,57.83,57.06,57.12,39273.61,225158.4
600702.SH,2025-05-12,57.11,57.49,56.94,57.06,45900.39,262001.41
600702.SH,2025-05-13,57.25,57.45,56.38,56.41,46772.63,265933.55
600702.SH,2025-05-14,56.3,57.69,55.56,57.44,106095.26,600759.39
600702.SH,2025-05-15,57.0,57.3,56.01,56.02,55166.4,311565.34
600702.SH,2025-05-16,56.0,56.1,55.59,55.66,34031.89,189779.81
600702.SH,2025-05-19,55.0,55.49,53.8,54.73,57862.33,314753.47
600702.SH,2025-05-20,54.75,55.05,54.48,54.83,35222.94,192980.97
600702.SH,2025-05-21,54.7,55.14,54.21,54.36,38596.85,211162.42
600702.SH,2025-05-22,54.29,54.49,53.8,54.0,31669.41,171363.34
600702.SH,2025-05-23,53.5,54.26,53.07,53.07,39433.93,211451.79
600702.SH,2025-05-26,53.0,53.3,52.48,52.83,37866.79,200029.08
600702.SH,2025-05-27,52.83,53.95,52.72,53.42,37975.99,202820.77
600702.SH,2025-05-28,53.6,53.6,52.85,53.19,26318.01,139710.27
600702.SH,2025-05-29,53.0,53.52,52.51,53.48,34728.03,184301.35
600702.SH,2025-05-30,53.43,53.43,52.81,52.84,24491.1,129732.44
600702.SH,2025-06-03,52.5,52.5,51.02,51.27,65608.89,337854.21
600702.SH,2025-06-04,51.0,51.65,51.0,51.35,33477.21,171990.64
600702.SH,2025-06-05,51.31,51.8,51.2,51.54,39611.87,203714.42
600702.SH,2025-06-06,51.42,52.15,51.26,51.53,35962.85,185834.44
600702.SH,2025-06-09,51.22,52.0,51.22,51.75,40013.79,206738.16
600702.SH,2025-06-10,51.7,51.95,51.0,51.47,43206.0,222514.11
600702.SH,2025-06-11,51.4,52.66,51.26,51.96,49148.06,255940.33
600702.SH,2025-06-12,51.82,51.97,51.35,51.55,41551.19,214044.44
600702.SH,2025-06-13,51.25,51.3,49.7,49.7,75022.69,376477.81
600702.SH,2025-06-16,49.28,50.2,48.52,50.2,73942.68,363635.04
600702.SH,2025-06-17,49.89,50.5,49.65,49.65,42561.47,212844.07
600702.SH,2025-06-18,50.5,51.36,50.3,50.3,70716.78,359202.27
600702.SH,2025-06-19,49.4,49.98,49.13,49.15,50066.31,247621.38
600702.SH,2025-06-20,49.21,50.66,49.21,49.91,74327.12,371763.34
600702.SH,2025-06-23,49.19,49.36,48.25,48.98,58698.0,286914.91
600702.SH,2025-06-24,49.06,49.4,49.0,49.26,50295.0,247564.94
600702.SH,2025-06-25,49.39,49.99,48.73,49.99,82000.75,404819.75
600702.SH,2025-06-26,50.0,50.39,49.65,49.69,62375.98,311495.71
600702.SH,2025-06-27,49.68,50.03,49.61,49.67,47803.04,238134.2
600702.SH,2025-06-30,49.5,52.8,49.46,51.4,131301.37,673979.97
600702.SH,2025-07-01,50.8,50.88,50.31,50.42,66694.51,337079.22
600702.SH,2025-07-02,50.45,52.15,50.33,51.4,95653.2,491057.2
600702.SH,2025-07-03,51.01,52.56,51.01,51.62,84601.83,439313.7
600702.SH,2025-07-04,51.63,52.0,50.82,50.85,56031.35,286751.82
600702.SH,2025-07-07,50.9,51.09,50.52,50.85,33417.53,169740.98
600702.SH,2025-07-08,50.7,51.55,50.69,51.5,56520.56,289615.59
600702.SH,2025-07-09,51.55,52.38,51.36,51.49,74289.74,385365.75
600702.SH,2025-07-10,51.25,52.5,51.2,52.14,76257.37,395771.29
600702.SH,2025-07-11,52.14,52.79,51.75,52.26,87297.52,457163.66
600702.SH,2025-07-14,51.89,52.19,51.61,51.92,47146.98,244324.83
600702.SH,2025-07-15,51.74,51.74,50.66,50.92,65669.12,335376.9
600702.SH,2025-07-16,50.88,52.52,50.8,52.17,99589.49,516679.18
600702.SH,2025-07-17,51.96,52.72,51.85,52.2,61155.58,318994.78
600702.SH,2025-07-18,52.2,53.43,52.2,52.52,89494.96,472760.4
600702.SH,2025-07-21,52.52,52.76,52.22,52.76,44838.39,235359.38
600702.SH,2025-07-22,52.53,54.23,52.53,54.07,130584.34,699519.24
600702.SH,2025-07-23,54.03,54.2,53.11,53.19,78053.32,418967.47
600702.SH,2025-07-24,52.96,54.88,52.96,54.68,93181.91,504614.61
600702.SH,2025-07-25,54.65,54.65,53.51,53.62,79033.85,425787.96
600702.SH,2025-07-28,53.47,53.79,53.03,53.78,51308.9,273838.46
600702.SH,2025-07-29,53.7,53.7,52.85,53.4,49046.53,260808.3
600702.SH,2025-07-30,53.4,54.0,52.75,53.0,65692.26,351032.66
600702.SH,2025-07-31,52.87,52.87,51.75,51.84,63427.53,330974.45
600702.SH,2025-08-01,51.83,52.2,51.83,52.02,27755.23,144325.51
600702.SH,2025-08-04,51.74,51.89,51.4,51.82,30213.45,156043.34
600702.SH,2025-08-05,51.89,52.32,51.89,52.3,33187.54,173085.14
600702.SH,2025-08-06,52.33,52.85,51.91,52.42,35844.15,187473.6
600702.SH,2025-08-07,52.11,52.77,52.11,52.18,37947.83,198888.38
600702.SH,2025-08-08,52.15,52.3,51.5,51.5,35533.9,184073.62
600702.SH,2025-08-11,51.5,53.63,51.5,53.26,103526.67,548545.28
600702.SH,2025-08-12,53.08,54.85,53.07,53.5,102353.47,551685.11
600702.SH,2025-08-13,53.22,53.87,52.94,53.61,60142.49,320821.54
600702.SH,2025-08-14,53.6,54.72,53.41,53.58,98324.76,532244.04
600702.SH,2025-08-15,53.2,54.44,53.13,54.02,99929.11,538410.53
600702.SH,2025-08-18,54.1,54.99,54.03,54.44,107741.63,587711.71
600702.SH,2025-08-19,54.23,59.36,54.22,57.84,303221.36,1741606.65
600702.SH,2025-08-20,57.0,63.6,56.68,62.7,378411.38,2316790.39
600702.SH,2025-08-21,62.68,62.68,59.2,59.3,261066.3,1574393.68
600702.SH,2025-08-22,59.18,61.15,58.78,60.91,186630.27,1123815.66
600702.SH,2025-08-25,62.5,67.0,62.5,67.0,210790.84,1386674.87
600702.SH,2025-08-26,68.8,69.98,66.01,67.4,343177.55,2337109.35
600702.SH,2025-08-27,66.5,67.94,64.89,64.9,236288.95,1572109.42
600702.SH,2025-08-28,64.3,66.45,62.87,64.5,191692.31,1235231.79
600702.SH,2025-08-29,65.8,69.0,65.79,68.38,305080.75,2070454.47
600702.SH,2025-09-01,67.0,71.2,66.99,69.35,276568.24,1914901.8
600702.SH,2025-09-02,68.5,69.93,66.7,67.16,170654.97,1159106.13
600702.SH,2025-09-03,68.0,70.15,66.72,67.25,181238.4,1240496.84
600702.SH,2025-09-04,66.72,67.0,64.68,65.78,148866.39,979329.36
600702.SH,2025-09-05,65.99,67.06,64.5,66.56,115675.66,763995.69
600702.SH,2025-09-08,66.36,69.15,66.34,68.06,159663.57,1088695.52
600702.SH,2025-09-09,67.6,67.84,66.4,67.83,99675.25,668055.93
600702.SH,2025-09-10,67.41,68.98,65.8,66.68,120568.6,811422.05
600702.SH,2025-09-11,66.01,68.36,66.01,68.26,156681.05,1059777.17
600702.SH,2025-09-12,68.19,70.31,66.05,66.15,187374.03,1263826.01
600702.SH,2025-09-15,65.9,67.85,65.23,67.19,124955.86,833615.95
600702.SH,2025-09-16,67.11,68.97,66.42,68.55,137259.24,929091.86
600702.SH,2025-09-17,68.5,68.5,66.33,66.57,119131.99,795800.39
600702.SH,2025-09-18,66.58,66.99,63.76,64.22,138363.4,901417.07
600702.SH,2025-09-19,63.97,65.95,63.27,65.5,103518.39,669796.85
600702.SH,2025-09-22,64.96,64.96,63.01,63.25,91515.13,582921.65
600702.SH,2025-09-23,63.0,63.52,61.36,62.05,93584.53,581979.45
600702.SH,2025-09-24,62.06,62.73,61.75,62.34,59165.83,368176.77
600702.SH,2025-09-25,62.52,62.7,61.39,61.57,62034.33,384573.47
600702.SH,2025-09-26,61.6,62.02,60.29,60.3,91460.31,557185.43
600702.SH,2025-09-29,61.0,61.77,59.62,61.53,87091.36,530033.21
600702.SH,2025-09-30,60.99,61.32,60.3,60.31,68997.3,419027.57
600702.SH,2025-10-09,60.49,60.5,58.53,59.44,89649.43,530756.76
600702.SH,2025-10-10,59.42,60.18,58.92,58.97,64810.7,385880.32
600702.SH,2025-10-13,57.96,58.3,57.5,58.2,61201.29,354656.96
600702.SH,2025-10-14,58.5,62.57,58.4,61.85,179588.56,1092413.46
600702.SH,2025-10-15,61.0,62.62,60.51,61.9,124083.3,766629.23
600702.SH,2025-10-16,61.4,63.5,61.13,63.5,133430.81,836077.54
600702.SH,2025-10-17,63.0,63.19,61.84,61.87,74246.49,462899.55
600702.SH,2025-10-20,61.76,62.99,61.15,62.25,63250.27,392056.44
600702.SH,2025-10-21,62.1,63.08,61.5,62.36,59279.16,368389.26
600702.SH,2025-10-22,61.7,64.17,61.7,62.68,83899.44,528923.81
600702.SH,2025-10-23,62.09,63.0,60.82,61.92,80422.16,495810.34
600702.SH,2025-10-24,62.01,62.01,59.03,59.08,143739.85,861474.54
600702.SH,2025-10-27,58.5,59.84,58.5,59.29,80524.78,477381.54
600702.SH,2025-10-28,59.29,60.45,59.08,59.11,82610.33,493428.26
600702.SH,2025-10-29,58.83,59.66,58.58,59.39,79740.37,470953.8
600702.SH,2025-10-30,59.17,59.95,58.9,58.97,81809.74,485649.05
600702.SH,2025-10-31,58.74,62.5,58.66,62.09,208409.48,1283056.54
600702.SH,2025-11-03,62.0,62.5,61.2,62.1,77886.45,481859.43
600702.SH,2025-11-04,62.08,62.2,60.67,61.39,73423.98,449565.95
600702.SH,2025-11-05,60.87,61.6,60.17,60.4,66141.52,401536.57
600702.SH,2025-11-06,60.69,61.46,59.7,59.8,74971.78,452126.03
600702.SH,2025-11-07,59.5,60.55,59.5,59.66,46767.77,280273.36
600702.SH,2025-11-10,59.6,65.63,59.6,65.63,251989.62,1600200.01
600702.SH,2025-11-11,66.57,67.88,66.1,67.31,319718.15,2143606.2
600702.SH,2025-11-12,67.8,67.98,66.5,67.07,146227.99,980839.21
600702.SH,2025-11-13,66.57,67.58,66.21,67.04,145757.2,976818.36
600702.SH,2025-11-14,67.1,68.85,65.44,65.47,146252.06,974524.41
600702.SH,2025-11-17,65.15,66.15,64.54,65.18,93704.6,609349.68
600702.SH,2025-11-18,65.18,65.55,63.6,64.0,91978.77,593033.43
600702.SH,2025-11-19,63.76,64.4,62.4,63.03,75877.53,478286.54
600702.SH,2025-11-20,62.73,64.79,62.25,63.45,110166.18,699295.34
600702.SH,2025-11-21,63.03,66.55,62.35,62.65,168261.92,1080611.24
600702.SH,2025-11-24,62.4,64.84,60.4,61.22,137400.11,854498.95
600702.SH,2025-11-25,61.17,62.44,61.15,61.99,96989.25,600245.37
600702.SH,2025-11-26,62.2,62.9,61.53,62.28,83277.0,517644.32
600702.SH,2025-11-27,63.27,63.41,61.58,61.85,89493.93,556448.4
600702.SH,2025-11-28,61.5,62.88,61.02,62.6,86691.76,539001.9
600702.SH,2025-12-01,62.5,63.14,62.08,62.45,73776.15,460756.65
600702.SH,2025-12-02,62.2,62.45,60.5,60.5,93293.11,570354.3
600702.SH,2025-12-03,60.42,60.68,59.14,59.27,74010.82,441691.46
600702.SH,2025-12-04,59.15,59.39,56.9,57.04,105452.94,608136.13
600702.SH,2025-12-05,56.93,57.93,56.28,57.93,65374.8,375040.38
600702.SH,2025-12-08,57.85,57.88,57.23,57.48,68055.81,391104.5
600702.SH,2025-12-09,57.4,57.98,56.93,57.07,70832.08,406476.85
600702.SH,2025-12-10,57.05,58.81,56.57,58.15,89400.92,518514.99
600702.SH,2025-12-11,57.71,57.8,56.83,56.88,57643.98,329565.21
600702.SH,2025-12-12,57.74,59.36,57.1,57.95,106879.53,623851.5
600702.SH,2025-12-15,60.0,60.38,58.46,58.48,97565.52,578604.12
600702.SH,2025-12-16,57.73,58.7,57.35,58.43,62886.99,364729.1
600702.SH,2025-12-17,58.0,58.16,57.02,57.9,58216.78,334624.39
600702.SH,2025-12-18,57.86,57.87,57.36,57.4,42727.88,245871.37
600702.SH,2025-12-19,57.4,58.08,57.01,58.0,49438.04,284888.49
600702.SH,2025-12-22,58.0,58.47,57.51,58.42,55384.98,321766.26
600702.SH,2025-12-23,58.4,58.4,57.4,57.61,48770.56,281550.14
600702.SH,2025-12-24,57.35,57.73,56.91,57.47,48105.0,275691.3
600702.SH,2025-12-25,57.45,59.6,57.34,58.9,90724.85,530879.39
600702.SH,2025-12-26,58.35,58.8,57.78,58.0,65109.85,378786.87
600702.SH,2025-12-29,58.0,58.35,57.3,57.38,53263.71,307140.01
600702.SH,2025-12-30,57.29,57.65,56.62,57.0,52373.15,298800.52
600702.SH,2025-12-31,56.88,57.34,55.88,56.08,76054.3,428821.813
600702.SH,2026-01-05,56.08,56.92,56.08,56.84,59615.39,337643.58
600702.SH,2026-01-06,56.87,57.56,56.67,57.55,71869.16,411072.01
600702.SH,2026-01-07,57.56,58.08,57.04,57.23,68611.52,394219.82
600702.SH,2026-01-08,56.96,57.74,56.77,57.43,54665.06,313089.45
600702.SH,2026-01-09,57.72,58.6,57.12,57.56,76309.39,440565.73
600702.SH,2026-01-12,57.15,58.39,57.15,58.38,102879.55,597624.92
600702.SH,2026-01-13,58.45,59.1,56.95,57.02,112311.28,651650.42
600702.SH,2026-01-14,57.05,58.36,56.75,57.5,115033.74,663688.65
600702.SH,2026-01-15,57.29,57.75,56.21,56.51,77292.35,439063.89
600702.SH,2026-01-16,56.68,57.39,55.9,56.34,64523.88,363667.6
600702.SH,2026-01-19,56.3,56.72,56.0,56.48,44359.08,250155.62
600702.SH,2026-01-20,56.3,57.04,56.11,56.31,67197.25,380097.65
600702.SH,2026-01-21,56.27,56.31,54.6,54.62,96567.53,529224.08
600702.SH,2026-01-22,54.6,54.77,54.06,54.44,46532.15,253365.11
600702.SH,2026-01-23,54.47,54.9,54.36,54.9,49506.46,270522.93
600702.SH,2026-01-26,54.5,54.6,53.37,54.22,89413.0,482253.2
600702.SH,2026-01-27,54.2,54.2,52.69,52.81,67867.99,360083.07
600702.SH,2026-01-28,52.56,54.47,52.56,54.08,80423.19,430978.87
600702.SH,2026-01-29,53.83,59.49,53.51,59.49,338926.77,1956945.34
600702.SH,2026-01-30,60.0,60.0,56.3,56.3,286158.41,1660060.62
600702.SH,2026-02-02,55.87,59.58,55.86,57.45,222424.9,1290529.23
600702.SH,2026-02-03,56.99,59.32,56.66,57.45,150243.45,860743.25
600702.SH,2026-02-04,56.9,59.18,56.4,58.35,173795.25,1010717.97
600702.SH,2026-02-05,57.88,61.07,57.7,59.41,233060.25,1389588.37
600702.SH,2026-02-06,58.13,59.0,56.8,57.25,155448.98,892299.41
600702.SH,2026-02-09,56.56,57.28,56.54,57.26,100876.61,574437.46
600702.SH,2026-02-10,56.93,56.93,55.55,55.7,107863.13,602846.47
600702.SH,2026-02-11,55.68,56.2,55.2,55.32,66411.02,368723.15
600702.SH,2026-02-12,55.31,55.32,54.22,54.22,77713.28,423704.73
600702.SH,2026-02-13,54.78,54.79,53.51,53.51,63875.19,346087.65
600702.SH,2026-02-24,54.0,54.14,52.78,53.15,55939.23,297063.74
600702.SH,2026-02-25,53.17,53.88,53.17,53.72,47289.73,253332.71
600702.SH,2026-02-26,53.69,53.69,52.86,52.91,52101.13,276381.46
600702.SH,2026-02-27,53.19,53.32,52.74,53.1,36730.11,194703.34
600702.SH,2026-03-02,52.19,52.38,51.0,51.03,84959.05,436809.13
600702.SH,2026-03-03,50.8,52.62,49.95,51.41,91999.12,471879.04
600702.SH,2026-03-04,50.82,50.82,49.49,49.49,60905.52,303368.95
600702.SH,2026-03-05,49.73,50.13,49.37,49.46,39266.72,195224.2
600702.SH,2026-03-06,49.44,50.26,49.31,50.15,38043.93,189999.04
600702.SH,2026-03-09,49.4,49.79,49.13,49.5,39571.96,195411.28
600702.SH,2026-03-10,49.8,49.94,49.55,49.88,29413.09,146338.18
600702.SH,2026-03-11,49.91,50.39,49.63,50.15,38149.28,190864.93
600702.SH,2026-03-12,49.98,50.51,49.46,50.0,48547.42,242145.01
600702.SH,2026-03-13,49.8,50.76,49.61,50.25,52609.5,264869.07
600702.SH,2026-03-16,50.01,52.06,49.97,51.32,84074.54,431812.69
600702.SH,2026-03-17,50.83,51.47,50.47,50.49,52695.09,268409.08
600702.SH,2026-03-18,50.49,50.78,49.51,49.78,40545.16,201590.56
600702.SH,2026-03-19,49.3,49.65,48.28,48.42,48431.04,236808.81
600702.SH,2026-03-20,48.6,48.89,47.1,47.15,40197.06,192473.44
600702.SH,2026-03-23,46.06,46.06,44.24,44.24,60167.39,272557.12
600702.SH,2026-03-24,45.0,45.1,44.0,44.91,37882.49,168848.27
600702.SH,2026-03-25,44.91,45.43,44.71,45.24,34075.08,154003.62
600702.SH,2026-03-26,45.1,45.71,44.0,44.06,41083.36,183628.63
600702.SH,2026-03-27,43.8,46.31,43.63,45.28,53880.33,243006.19
600702.SH,2026-03-30,44.58,45.65,44.55,45.17,33548.48,151449.32
600702.SH,2026-03-31,46.67,47.1,45.2,45.22,64266.58,296872.86
600702.SH,2026-04-01,45.75,46.4,44.95,45.68,42679.63,194305.3
600702.SH,2026-04-02,45.5,46.19,45.3,45.5,36680.26,167447.91
600702.SH,2026-04-03,45.3,45.44,44.04,44.16,37863.0,168387.55
600702.SH,2026-04-07,44.17,44.38,43.68,43.99,28830.13,126859.7
600702.SH,2026-04-08,44.48,45.57,44.3,45.55,50038.75,225267.09
600702.SH,2026-04-09,45.2,45.4,44.45,44.54,40412.61,181026.25
600702.SH,2026-04-10,44.82,45.34,44.7,45.07,34526.73,155776.0
600702.SH,2026-04-13,44.74,44.95,44.02,44.78,51780.36,230582.6
600702.SH,2026-04-14,44.85,46.22,44.71,45.9,72811.3,331579.51
600702.SH,2026-04-15,45.63,46.87,45.52,46.24,56715.78,262036.62
600702.SH,2026-04-16,46.0,48.15,46.0,46.97,91325.99,429812.76
600702.SH,2026-04-17,46.47,46.5,45.68,45.96,53983.0,248285.14
600702.SH,2026-04-20,45.77,46.2,45.53,46.03,37529.02,172300.61
600702.SH,2026-04-21,45.9,46.56,45.47,45.59,38270.03,175357.71
600702.SH,2026-04-22,45.5,45.8,45.31,45.7,32150.25,146220.69
600702.SH,2026-04-23,45.8,47.67,45.8,46.45,103534.34,484910.44
600702.SH,2026-04-24,45.98,46.38,45.37,45.54,70382.81,322002.23
600702.SH,2026-04-27,45.3,45.3,44.3,44.82,43831.21,195887.76
600702.SH,2026-04-28,44.82,45.17,44.05,44.42,36927.0,164337.77
600702.SH,2026-04-29,44.59,45.24,44.5,44.76,43602.97,195712.15
600702.SH,2026-04-30,44.62,44.97,44.25,44.25,40275.08,179153.88
600702.SH,2026-05-06,43.55,43.88,43.1,43.85,52623.67,228998.072
600702.SH,2026-05-07,43.89,44.49,43.85,44.09,40891.62,180552.162
600702.SH,2026-05-08,43.96,44.68,43.8,44.31,40690.96,180135.674
600702.SH,2026-05-11,44.31,44.87,43.78,44.71,52233.2,232381.233
600702.SH,2026-05-12,44.73,44.75,43.58,43.58,54196.8,238485.935
600702.SH,2026-05-13,43.66,43.9,42.8,43.14,55469.95,239190.811
600702.SH,2026-05-14,43.06,45.5,42.32,43.74,106596.18,467329.455
600702.SH,2026-05-15,43.31,43.36,42.08,42.08,67717.85,288084.622
600702.SH,2026-05-18,42.08,42.44,41.26,41.5,43833.94,182720.378
600702.SH,2026-05-19,41.5,42.55,41.49,41.69,41296.1,173334.281
600702.SH,2026-05-20,41.82,42.39,41.28,41.73,47748.1,199932.992
600702.SH,2026-05-21,41.51,42.4,41.5,41.78,51857.66,217769.765
600702.SH,2026-05-22,41.78,41.8,40.31,40.41,52374.42,212483.946
600702.SH,2026-05-25,40.01,42.08,40.0,41.18,70729.17,291749.115
600702.SH,2026-05-26,40.9,41.85,40.16,40.58,51004.43,208748.471
600702.SH,2026-05-27,40.1,44.3,39.66,44.13,227715.47,980426.921
600702.SH,2026-05-28,43.13,43.65,42.2,42.2,131678.87,563535.31
600702.SH,2026-05-29,42.13,45.4,41.92,44.06,207152.25,909548.878
600702.SH,2026-06-01,43.41,44.68,43.41,44.32,120617.11,530285.634
600702.SH,2026-06-02,43.5,44.32,42.31,42.6,124453.5,536105.779
600702.SH,2026-06-03,42.01,43.1,40.81,42.31,112800.5,469132.095
600702.SH,2026-06-04,41.99,42.72,40.24,40.28,87580.18,360265.579
600702.SH,2026-06-05,40.6,42.86,40.6,40.83,84419.0,350531.38
600702.SH,2026-06-08,41.17,41.97,40.0,40.07,74325.0,302417.75
600702.SH,2026-06-09,39.6,39.71,38.68,39.12,62980.95,245893.55
600702.SH,2026-06-22,37.7,39.95,37.58,39.25,109403.76,425861.889
600702.SH,2026-06-29,34.9,37.48,34.55,35.96,109470.68,393904.634
600702.SH,2026-06-30,36.05,36.16,34.94,35.55,81681.57,289361.998
600702.SH,2026-07-01,35.5,37.8,35.31,37.03,119445.16,437950.872
600702.SH,2026-06-23,38.8,40.09,38.39,38.46,-2.01,90225.0,353034986.0
600702.SH,2026-06-24,38.26,38.78,37.0,37.0,-3.8,73644.0,276746885.0
600702.SH,2026-06-25,36.52,39.23,34.8,37.4,1.08,148080.0,549435152.0
600702.SH,2026-06-26,37.0,37.67,35.11,35.11,-6.12,105501.0,384105465.0
600702.SH,2026-07-02,35.5,37.8,35.31,37.03,119445.0,437950872.0
600702.SH,2026-07-02,35.5,37.8,35.31,37.03,119445.0,437950872.0
600702.SH,2026-07-02,35.5,37.8,35.31,37.03,119445.0,437950872.0
600702.SH,2026-07-02,35.5,37.8,35.31,37.03,119445.0,437950872.0
600702.SH,2026-07-02,35.5,37.8,35.31,37.03,119445.0,437950872.0
600702.SH,2026-07-02,35.5,37.8,35.31,37.03,119445.0,437950872.0
600702.SH,2026-07-03,36.5,36.75,35.7,35.88,68986.36,248844.157
600702.SH,2026-07-06,35.71,36.46,35.58,35.69,70362.0,253019544.0
