symbol,datetime,open,high,low,close,volume,amount
603608.SH,2016-02-18,11.76,14.11,11.76,14.11,586.17,819.8
603608.SH,2016-02-19,15.52,15.52,15.52,15.52,420.24,652.21
603608.SH,2016-02-22,17.07,17.07,17.07,17.07,268.25,457.9
603608.SH,2016-02-23,18.78,18.78,18.78,18.78,637.27,1196.79
603608.SH,2016-02-24,20.66,20.66,20.66,20.66,1412.6,2918.43
603608.SH,2016-02-25,22.73,22.73,22.73,22.73,2693.22,6121.69
603608.SH,2016-02-26,25.0,25.0,25.0,25.0,3193.95,7984.88
603608.SH,2016-02-29,27.5,27.5,27.5,27.5,107462.9,295522.98
603608.SH,2016-03-01,26.0,28.88,24.75,26.38,336069.61,863368.64
603608.SH,2016-03-02,27.01,29.02,25.45,29.02,372860.07,1036896.95
603608.SH,2016-03-03,31.18,31.92,27.55,27.81,411637.48,1241895.97
603608.SH,2016-03-04,26.35,28.33,25.58,26.04,337475.62,903503.95
603608.SH,2016-03-07,27.27,27.88,24.9,26.05,281281.24,746119.7
603608.SH,2016-03-08,25.1,25.87,23.45,25.47,262775.42,644562.62
603608.SH,2016-03-09,24.5,26.5,23.95,24.56,214761.81,540021.86
603608.SH,2016-03-10,24.79,26.55,24.6,24.97,240837.17,612004.8
603608.SH,2016-03-11,24.0,25.16,23.88,24.35,174529.24,425743.85
603608.SH,2016-03-14,24.9,26.29,24.55,25.49,252063.45,643955.91
603608.SH,2016-03-15,25.01,25.18,24.08,24.3,181475.81,445721.84
603608.SH,2016-03-16,24.58,24.86,23.0,23.32,161749.35,383697.99
603608.SH,2016-03-17,23.31,24.37,22.91,23.96,184484.82,435945.22
603608.SH,2016-03-18,23.85,26.0,23.6,25.03,244246.63,604084.56
603608.SH,2016-03-21,25.28,25.85,24.74,25.59,227572.97,575709.69
603608.SH,2016-03-22,25.3,25.3,24.69,24.72,150253.6,374871.07
603608.SH,2016-03-23,24.53,25.09,24.38,24.94,123646.64,306753.81
603608.SH,2016-03-24,24.6,25.44,24.08,24.68,164000.88,406007.56
603608.SH,2016-03-25,24.54,24.8,23.88,24.16,102994.55,249827.65
603608.SH,2016-03-28,24.19,24.48,23.58,23.71,82028.21,197825.57
603608.SH,2016-03-29,23.6,23.73,22.05,22.35,103018.89,235348.0
603608.SH,2016-03-30,22.46,23.2,22.46,23.13,70726.39,161364.46
603608.SH,2016-03-31,23.16,23.39,22.88,22.96,77243.12,178660.97
603608.SH,2016-04-01,22.78,23.95,22.45,23.48,114903.29,268638.47
603608.SH,2016-04-05,23.3,23.84,22.98,23.74,98018.14,230687.3
603608.SH,2016-04-06,23.57,23.67,23.15,23.32,74565.16,174458.45
603608.SH,2016-04-07,23.6,23.95,23.28,23.3,95183.78,225361.74
603608.SH,2016-04-08,22.63,23.1,22.6,22.89,71163.28,162258.48
603608.SH,2016-04-11,23.2,23.85,22.96,23.82,98115.86,231480.4
603608.SH,2016-04-12,23.86,26.16,23.86,25.54,246538.13,616255.33
603608.SH,2016-04-13,25.16,25.67,24.82,25.52,189069.73,477157.19
603608.SH,2016-04-14,25.52,27.56,25.33,26.74,240058.46,631667.3
603608.SH,2016-04-15,26.31,26.6,25.51,25.66,162255.97,421256.41
603608.SH,2016-04-18,25.3,25.3,24.55,24.68,87959.55,218802.69
603608.SH,2016-04-19,25.0,25.23,24.63,24.78,75260.13,187209.8
603608.SH,2016-04-20,24.83,25.23,22.65,23.13,113647.68,269535.33
603608.SH,2016-04-21,22.9,23.24,22.46,22.65,82164.55,187771.04
603608.SH,2016-04-22,22.6,23.13,22.36,23.1,57340.54,130617.88
603608.SH,2016-04-25,22.92,22.97,22.5,22.84,46224.15,104994.47
603608.SH,2016-04-26,22.81,23.13,22.61,23.04,51213.14,117123.39
603608.SH,2016-04-27,23.15,23.43,22.95,23.01,59517.54,137493.76
603608.SH,2016-04-28,23.0,23.11,22.08,22.54,52435.07,118250.85
603608.SH,2016-04-29,22.53,22.7,22.34,22.46,32514.88,73187.89
603608.SH,2016-05-03,22.58,23.22,22.3,23.14,55576.75,127285.05
603608.SH,2016-05-04,23.14,23.6,23.0,23.38,68690.99,160510.99
603608.SH,2016-05-05,23.23,23.48,23.04,23.31,51904.3,120644.88
603608.SH,2016-05-06,23.4,23.95,23.05,23.21,100948.88,237379.68
603608.SH,2016-05-09,22.83,22.84,20.94,21.45,78015.72,169701.41
603608.SH,2016-05-10,21.3,21.69,21.09,21.67,41351.25,88958.85
603608.SH,2016-05-11,21.82,21.88,21.02,21.19,43026.96,92020.45
603608.SH,2016-05-12,20.84,20.84,20.08,20.61,40396.49,82793.59
603608.SH,2016-05-13,20.5,20.87,20.41,20.58,28987.09,59873.97
603608.SH,2016-05-16,20.6,20.9,20.2,20.88,31864.61,65604.24
603608.SH,2016-05-17,20.86,20.96,20.61,20.74,31198.85,64859.2
603608.SH,2016-05-18,20.5,20.56,19.4,19.69,47570.88,94608.11
603608.SH,2016-05-19,19.67,20.26,19.6,19.77,36284.74,72292.23
603608.SH,2016-05-20,19.5,20.18,19.3,20.14,35245.95,69552.71
603608.SH,2016-05-23,20.09,20.9,20.04,20.54,51009.3,104738.13
603608.SH,2016-05-24,20.42,20.48,20.02,20.12,36951.93,74918.87
603608.SH,2016-05-25,20.39,20.63,20.05,20.17,33602.96,68331.84
603608.SH,2016-05-26,20.21,20.62,19.57,20.58,46045.67,92383.05
603608.SH,2016-05-27,20.62,22.64,20.47,21.84,117062.82,255412.2
603608.SH,2016-05-30,21.42,21.68,21.0,21.64,53238.65,114091.54
603608.SH,2016-05-31,21.65,22.66,21.64,22.3,97729.43,216423.45
603608.SH,2016-06-01,22.3,22.97,22.09,22.39,94007.16,211809.19
603608.SH,2016-06-02,22.2,22.66,21.71,22.51,93126.09,206384.27
603608.SH,2016-06-03,22.6,24.24,22.43,23.84,158281.2,370957.7
603608.SH,2016-06-06,23.6,23.65,22.81,23.16,99552.32,231740.53
603608.SH,2016-06-07,23.4,24.5,23.19,24.25,139978.11,334631.77
603608.SH,2016-06-08,24.0,24.16,23.05,23.44,109541.74,257920.44
603608.SH,2016-06-13,22.6,22.66,21.1,21.1,91646.32,201252.53
603608.SH,2016-06-14,20.64,21.13,20.38,20.84,60541.4,125731.23
603608.SH,2016-06-15,20.46,21.96,20.35,21.57,67224.54,143916.53
603608.SH,2016-06-16,21.57,21.9,21.2,21.29,55601.96,119642.42
603608.SH,2016-06-17,21.4,21.88,21.3,21.72,63485.51,137133.88
603608.SH,2016-06-20,21.73,23.44,21.73,22.98,114650.68,259672.61
603608.SH,2016-06-21,22.83,23.33,22.37,23.2,127028.68,291013.94
603608.SH,2016-06-22,22.99,23.8,22.49,23.4,112802.21,263298.53
603608.SH,2016-06-23,23.24,24.15,22.69,23.97,135283.05,319411.01
603608.SH,2016-06-24,24.01,24.47,21.83,23.1,128046.17,300691.27
603608.SH,2016-06-27,22.77,24.15,22.7,23.97,100613.99,238200.82
603608.SH,2016-06-28,23.84,24.29,23.35,23.95,104977.3,250191.72
603608.SH,2016-06-29,24.01,25.3,23.42,25.22,202304.16,495618.43
603608.SH,2016-06-30,24.58,24.83,23.88,23.97,135989.98,330681.57
603608.SH,2016-07-01,23.91,24.99,23.91,24.74,133328.89,327682.38
603608.SH,2016-07-04,24.5,25.46,24.4,25.26,127895.49,321632.04
603608.SH,2016-07-05,25.2,26.88,25.03,26.34,197501.31,512705.4
603608.SH,2016-07-06,26.14,28.97,25.85,28.97,178935.8,492640.14
603608.SH,2016-07-07,29.57,30.1,27.98,28.28,221146.98,637322.38
603608.SH,2016-07-08,28.28,29.28,27.88,28.29,131619.24,376361.06
603608.SH,2016-07-11,27.51,28.1,26.3,26.67,140009.17,378698.35
603608.SH,2016-07-12,26.67,27.19,25.3,27.17,115839.99,306465.85
603608.SH,2016-07-13,27.0,27.47,26.62,26.89,89389.71,241223.64
603608.SH,2016-07-14,26.7,27.44,26.5,27.38,95312.16,259110.39
603608.SH,2016-07-15,27.45,28.19,27.2,27.37,95114.75,263276.67
603608.SH,2016-07-18,26.81,27.18,26.08,26.31,71337.73,188774.14
603608.SH,2016-07-19,26.1,26.72,25.93,26.49,49594.08,130437.55
603608.SH,2016-07-20,26.45,26.67,26.22,26.3,39619.19,104777.17
603608.SH,2016-07-21,26.15,26.38,25.4,25.5,62054.71,160315.02
603608.SH,2016-07-22,25.43,25.57,24.5,24.7,60692.67,151442.58
603608.SH,2016-07-25,24.55,25.08,24.4,24.68,39926.62,98642.45
603608.SH,2016-07-26,24.66,25.5,24.66,25.47,50301.88,126515.3
603608.SH,2016-07-27,25.44,25.47,23.21,23.46,76104.11,183940.99
603608.SH,2016-07-28,23.36,23.8,22.65,23.57,47352.32,110251.36
603608.SH,2016-07-29,23.59,23.6,22.91,23.34,35630.5,82988.94
603608.SH,2016-08-01,23.17,23.18,22.11,22.83,35178.71,79539.78
603608.SH,2016-08-02,22.72,23.19,22.72,23.15,24794.92,57057.53
603608.SH,2016-08-03,23.1,23.85,23.0,23.67,46971.0,110366.98
603608.SH,2016-08-04,23.68,23.68,23.22,23.54,34189.0,80105.73
603608.SH,2016-08-05,23.46,23.54,22.89,22.99,30261.02,70295.75
603608.SH,2016-08-08,22.7,23.18,22.31,23.17,28902.58,65854.26
603608.SH,2016-08-09,23.16,23.46,23.02,23.36,28658.25,66800.71
603608.SH,2016-08-10,23.47,23.69,23.23,23.5,38606.55,90488.97
603608.SH,2016-08-11,23.41,23.45,22.72,22.75,33610.78,77523.27
603608.SH,2016-08-12,22.7,23.19,22.65,23.07,25054.38,57671.81
603608.SH,2016-08-15,23.15,24.25,23.11,24.06,58979.36,139828.91
603608.SH,2016-08-16,24.05,24.59,24.0,24.18,47480.42,115350.47
603608.SH,2016-08-17,24.16,25.37,24.05,24.94,78541.62,195585.4
603608.SH,2016-08-18,24.78,24.83,24.4,24.6,47538.26,116888.2
603608.SH,2016-08-19,24.51,24.73,24.23,24.33,30448.77,74228.63
603608.SH,2016-08-22,24.3,24.3,23.4,23.45,40027.79,95251.31
603608.SH,2016-08-23,23.46,24.04,23.4,23.84,25398.59,60393.18
603608.SH,2016-08-24,23.83,24.19,23.78,23.97,29141.0,69927.95
603608.SH,2016-08-25,23.83,23.97,23.04,23.53,31662.98,74075.74
603608.SH,2016-08-26,23.53,24.19,23.53,23.89,34615.2,82835.77
603608.SH,2016-08-29,23.83,24.24,23.82,24.01,25802.47,62061.19
603608.SH,2016-08-30,24.1,24.96,24.1,24.48,58437.59,143844.05
603608.SH,2016-08-31,24.75,24.75,24.01,24.33,34152.87,82945.22
603608.SH,2016-09-01,24.22,24.53,23.83,23.92,30749.7,74379.18
603608.SH,2016-09-02,23.75,24.0,23.51,23.78,20301.23,48140.58
603608.SH,2016-09-05,23.87,23.99,23.21,23.36,27087.44,63928.85
603608.SH,2016-09-06,23.39,23.7,22.82,23.69,33344.02,77490.07
603608.SH,2016-09-07,23.89,23.89,23.27,23.34,25091.91,59060.69
603608.SH,2016-09-08,23.29,23.47,23.2,23.42,16405.92,38290.4
603608.SH,2016-09-09,23.48,23.49,23.0,23.04,19613.0,45577.97
603608.SH,2016-09-12,22.33,22.67,22.18,22.2,24638.09,55280.67
603608.SH,2016-09-13,22.43,22.49,22.18,22.38,13602.95,30334.57
603608.SH,2016-09-14,22.34,23.69,22.08,22.86,47922.9,110371.41
603608.SH,2016-09-19,22.65,22.96,22.6,22.88,28584.54,65087.65
603608.SH,2016-09-20,22.7,22.9,22.45,22.48,18119.57,40925.46
603608.SH,2016-09-21,22.5,22.6,22.34,22.5,16142.07,36289.44
603608.SH,2016-09-22,22.6,24.48,22.53,23.76,102036.84,241846.68
603608.SH,2016-09-23,23.97,23.97,23.2,23.25,61621.32,144163.49
603608.SH,2016-09-26,23.2,23.2,22.21,22.26,41873.3,94720.64
603608.SH,2016-09-27,22.2,22.59,22.2,22.44,23574.46,52769.82
603608.SH,2016-09-28,22.5,22.58,22.22,22.24,19642.07,43862.88
603608.SH,2016-09-29,22.23,22.44,22.2,22.25,16449.0,36693.16
603608.SH,2016-09-30,22.25,22.4,22.21,22.37,12382.97,27648.89
603608.SH,2016-10-10,22.65,22.91,22.48,22.85,23117.0,52581.42
603608.SH,2016-10-11,22.9,23.09,22.71,23.07,25960.77,59362.47
603608.SH,2016-10-12,22.92,23.27,22.84,23.13,29494.33,68083.47
603608.SH,2016-10-13,23.0,23.21,22.91,23.04,19589.34,45137.43
603608.SH,2016-10-14,22.98,22.98,22.62,22.9,22117.1,50407.2
603608.SH,2016-10-17,22.9,23.1,22.62,22.71,21331.0,48861.23
603608.SH,2016-10-18,22.7,23.09,22.52,23.06,27111.64,61848.91
603608.SH,2016-10-19,23.08,23.1,22.88,22.94,22554.57,51747.48
603608.SH,2016-10-20,22.93,23.49,22.81,23.18,37670.05,87134.33
603608.SH,2016-10-21,23.05,23.42,22.83,23.09,32922.02,76108.68
603608.SH,2016-10-24,23.15,24.18,22.92,23.76,71125.75,167918.73
603608.SH,2016-10-25,23.68,23.89,23.41,23.68,52086.31,123274.25
603608.SH,2016-10-26,23.53,23.9,23.38,23.47,39165.17,92378.15
603608.SH,2016-10-27,23.55,23.78,23.3,23.68,33855.22,79688.57
603608.SH,2016-10-28,23.68,24.92,23.44,24.29,99882.51,241585.51
603608.SH,2016-10-31,24.13,24.26,23.72,24.08,56043.38,134309.59
603608.SH,2016-11-01,24.15,25.78,24.0,25.13,138824.53,346358.0
603608.SH,2016-11-02,24.89,25.53,24.81,25.08,97563.22,244740.74
603608.SH,2016-11-03,24.78,25.4,24.56,24.68,91996.08,229703.59
603608.SH,2016-11-04,24.53,26.81,24.5,26.1,174135.82,450025.92
603608.SH,2016-11-07,26.15,27.08,25.71,26.38,134038.54,352581.46
603608.SH,2016-11-08,26.4,26.42,25.68,26.19,82912.51,215835.81
603608.SH,2016-11-09,25.98,26.1,25.08,25.42,96590.81,247292.26
603608.SH,2016-11-10,25.9,26.98,25.5,26.6,130956.82,345149.43
603608.SH,2016-11-11,26.23,27.12,25.85,25.97,124433.54,328696.61
603608.SH,2016-11-14,25.71,25.99,25.2,25.65,76317.25,194648.42
603608.SH,2016-11-15,25.6,25.93,25.42,25.78,52771.37,135401.7
603608.SH,2016-11-16,25.99,26.0,25.11,25.16,48928.3,124660.59
603608.SH,2016-11-17,25.16,25.28,24.6,24.77,49044.0,121712.32
603608.SH,2016-11-18,24.9,25.98,24.9,25.65,89835.52,228945.47
603608.SH,2016-11-21,26.48,28.22,26.28,28.22,120839.09,332656.27
603608.SH,2016-11-22,30.0,31.04,29.68,31.02,394290.32,1210490.67
603608.SH,2016-11-23,29.65,30.35,28.82,29.57,268002.81,793770.39
603608.SH,2016-11-24,29.57,32.08,29.21,30.8,356524.53,1100477.73
603608.SH,2016-11-25,29.13,29.8,28.0,28.67,208426.62,599755.47
603608.SH,2016-11-28,28.5,28.86,27.08,27.23,154912.39,428524.97
603608.SH,2016-11-29,27.0,27.47,26.45,26.55,99183.73,267384.13
603608.SH,2016-11-30,26.27,26.8,26.18,26.49,65717.84,173441.03
603608.SH,2016-12-01,26.48,26.99,26.11,26.83,87026.41,232287.2
603608.SH,2016-12-02,26.55,26.78,25.08,25.29,102705.2,264961.98
603608.SH,2016-12-05,24.96,25.65,24.72,25.5,50305.25,127329.16
603608.SH,2016-12-06,25.6,25.93,25.34,25.42,50879.25,130377.49
603608.SH,2016-12-07,25.3,25.98,25.2,25.96,56185.91,144388.43
603608.SH,2016-12-08,26.0,26.86,25.42,26.52,107057.53,279913.2
603608.SH,2016-12-09,26.11,26.47,25.63,25.72,66328.78,173067.01
603608.SH,2016-12-12,25.8,25.92,23.15,23.17,81884.24,198706.05
603608.SH,2016-12-13,23.05,23.55,22.61,23.41,51966.11,120419.97
603608.SH,2016-12-14,23.65,23.92,23.11,23.26,48544.16,114066.77
603608.SH,2016-12-15,23.27,24.09,23.1,23.84,62378.39,147866.19
603608.SH,2016-12-16,23.7,24.26,23.61,24.24,54093.61,129745.78
603608.SH,2016-12-19,24.01,24.16,23.78,23.87,31034.26,74214.18
603608.SH,2016-12-20,23.88,24.34,23.78,23.99,34620.0,83114.41
603608.SH,2016-12-21,24.07,24.8,23.99,24.77,77907.25,190410.72
603608.SH,2016-12-22,24.7,24.97,24.33,24.38,48156.22,118165.06
603608.SH,2016-12-23,24.22,24.37,23.25,23.28,49696.24,117491.17
603608.SH,2016-12-26,23.18,23.71,22.72,23.61,34191.28,79376.78
603608.SH,2016-12-27,23.58,23.88,23.46,23.47,26411.24,62397.76
603608.SH,2016-12-28,23.45,23.68,23.2,23.35,23098.3,54259.93
603608.SH,2016-12-29,23.38,23.53,23.17,23.19,21666.0,50567.66
603608.SH,2016-12-30,23.29,23.4,22.85,23.0,26714.87,61654.46
603608.SH,2017-01-03,23.0,23.38,23.0,23.32,21156.0,49200.23
603608.SH,2017-01-04,23.47,23.59,23.21,23.57,29915.52,70061.13
603608.SH,2017-01-05,23.54,23.76,23.42,23.57,33234.77,78363.78
603608.SH,2017-01-06,23.75,23.75,22.75,22.78,40710.18,94352.29
603608.SH,2017-01-09,22.51,22.73,22.4,22.57,27831.84,62855.74
603608.SH,2017-01-10,22.58,23.1,22.55,22.79,28943.84,65996.36
603608.SH,2017-01-11,22.79,22.92,22.3,22.35,22567.41,50828.16
603608.SH,2017-01-12,22.31,22.49,21.58,21.59,30860.39,67852.77
603608.SH,2017-01-13,21.5,21.65,20.51,20.59,35064.51,73322.91
603608.SH,2017-01-16,20.62,20.62,18.55,19.39,35779.5,70486.45
603608.SH,2017-01-17,19.19,20.19,19.05,20.15,40178.65,79379.38
603608.SH,2017-01-18,19.79,20.0,19.53,19.59,25162.0,49659.76
603608.SH,2017-01-19,19.53,19.98,19.21,19.7,23493.0,46309.95
603608.SH,2017-01-20,19.63,20.14,19.53,19.96,24470.0,48891.02
603608.SH,2017-01-23,19.96,20.41,19.96,20.13,20337.19,41132.12
603608.SH,2017-01-24,20.2,20.29,19.88,19.94,17199.0,34502.69
603608.SH,2017-01-25,19.9,20.08,19.82,20.05,12457.25,24899.1
603608.SH,2017-01-26,20.12,20.25,20.0,20.14,13906.83,27953.89
603608.SH,2017-02-03,20.18,20.2,19.91,19.98,9889.01,19767.82
603608.SH,2017-02-06,19.99,20.48,19.98,20.38,28589.26,57975.52
603608.SH,2017-02-07,20.32,20.35,20.05,20.19,21088.21,42547.77
603608.SH,2017-02-08,20.16,20.45,19.85,20.42,31782.62,64131.02
603608.SH,2017-02-09,20.38,20.66,20.26,20.61,36533.0,74839.85
603608.SH,2017-02-10,20.65,20.65,20.2,20.24,32570.07,66281.08
603608.SH,2017-02-13,20.15,20.76,20.02,20.68,40721.84,83467.01
603608.SH,2017-02-14,20.56,20.66,20.35,20.54,27790.28,56951.64
603608.SH,2017-02-15,20.54,20.95,20.31,20.54,51575.11,106530.62
603608.SH,2017-02-16,20.5,20.62,20.2,20.38,36708.42,74736.59
603608.SH,2017-02-17,20.34,20.77,20.21,20.43,35653.28,72859.71
603608.SH,2017-02-20,20.29,20.29,19.64,20.05,43891.07,87461.48
603608.SH,2017-02-21,20.09,20.29,19.84,20.27,28132.39,56662.82
603608.SH,2017-02-22,20.26,20.37,20.11,20.36,28032.61,56799.63
603608.SH,2017-02-23,20.31,21.99,20.18,20.79,68508.52,142925.15
603608.SH,2017-02-24,20.76,21.21,20.53,21.08,43215.67,90416.77
603608.SH,2017-02-27,21.15,21.25,20.73,20.77,29218.38,61254.43
603608.SH,2017-02-28,20.72,20.9,20.55,20.8,26064.48,53964.67
603608.SH,2017-03-01,20.8,20.93,20.59,20.7,28623.7,59366.18
603608.SH,2017-03-02,20.66,20.75,20.5,20.55,24736.62,50996.16
603608.SH,2017-03-03,20.51,20.75,20.31,20.52,29505.89,60164.05
603608.SH,2017-03-06,20.5,21.04,20.5,20.95,34854.72,72333.57
603608.SH,2017-03-07,21.1,21.11,20.73,21.06,40098.56,83865.64
603608.SH,2017-03-08,20.98,21.09,20.87,21.06,30768.19,64546.0
603608.SH,2017-03-09,21.0,21.07,20.7,20.93,30515.79,63714.29
603608.SH,2017-03-10,20.44,20.48,20.13,20.21,62273.2,126201.52
603608.SH,2017-03-13,20.11,20.34,19.72,20.28,35928.1,72129.94
603608.SH,2017-03-14,20.3,20.61,20.16,20.42,36876.67,75279.41
603608.SH,2017-03-15,20.32,20.59,20.28,20.53,27390.43,56025.31
603608.SH,2017-03-16,20.49,20.99,20.43,20.86,46350.79,96489.58
603608.SH,2017-03-17,20.83,21.06,20.73,20.87,50997.83,106489.49
603608.SH,2017-03-20,20.86,21.49,20.76,21.37,73568.0,156090.22
603608.SH,2017-03-21,21.34,21.71,21.1,21.27,54264.05,115604.5
603608.SH,2017-03-22,21.2,21.6,20.63,21.37,51997.33,109464.82
603608.SH,2017-03-23,22.25,22.98,21.61,22.23,201232.37,451057.63
603608.SH,2017-03-24,21.67,22.09,21.67,21.76,90797.95,197717.25
603608.SH,2017-03-27,21.62,21.63,21.19,21.2,52821.66,112645.87
603608.SH,2017-03-28,21.06,21.36,21.05,21.12,30201.11,63967.95
603608.SH,2017-03-29,21.25,21.25,20.23,20.3,44852.76,92329.69
603608.SH,2017-03-30,20.32,20.32,19.55,19.57,42824.25,84729.97
603608.SH,2017-03-31,19.58,20.0,19.58,19.82,22493.84,44632.68
603608.SH,2017-07-21,13.99,14.63,12.81,14.09,102564.91,140691.56
603608.SH,2017-07-24,13.59,13.77,13.13,13.32,60399.08,81334.04
603608.SH,2017-07-25,13.3,13.55,12.96,13.02,36574.87,48089.53
603608.SH,2017-07-26,13.02,13.18,12.9,13.02,24252.01,31565.28
603608.SH,2017-07-27,13.0,13.13,12.81,13.09,31119.6,40364.29
603608.SH,2017-07-28,13.03,13.15,12.99,13.04,21800.51,28484.36
603608.SH,2017-07-31,13.1,13.12,12.87,12.88,25709.86,33292.47
603608.SH,2017-08-01,12.89,12.95,12.41,12.58,43625.66,55216.28
603608.SH,2017-08-02,12.66,12.9,12.58,12.58,29127.2,37073.08
603608.SH,2017-08-03,12.59,12.73,12.5,12.64,20035.57,25267.75
603608.SH,2017-08-04,12.57,12.65,12.33,12.35,29042.15,36165.64
603608.SH,2017-08-07,12.34,12.47,12.3,12.37,13671.4,16905.04
603608.SH,2017-08-08,12.4,12.4,12.22,12.25,18902.6,23208.48
603608.SH,2017-08-09,12.28,12.44,12.25,12.38,19775.28,24452.08
603608.SH,2017-08-10,12.41,12.44,12.1,12.22,20043.39,24632.17
603608.SH,2017-08-11,12.2,12.29,12.12,12.26,17157.8,20973.52
603608.SH,2017-08-14,12.27,12.41,12.27,12.4,21270.86,26309.59
603608.SH,2017-08-15,12.46,12.62,12.33,12.49,26102.8,32540.05
603608.SH,2017-08-16,12.55,12.55,12.44,12.55,24594.9,30728.96
603608.SH,2017-08-17,12.54,12.54,12.42,12.48,22882.22,28543.96
603608.SH,2017-08-18,12.42,12.53,12.33,12.37,21761.49,27004.57
603608.SH,2017-08-21,12.39,12.5,12.34,12.49,19560.03,24306.98
603608.SH,2017-08-22,12.46,12.56,12.46,12.5,24870.02,31122.68
603608.SH,2017-08-23,12.55,12.56,12.34,12.39,17293.0,21492.77
603608.SH,2017-08-24,12.4,12.41,12.26,12.27,15156.2,18708.44
603608.SH,2017-08-25,12.27,12.49,12.26,12.47,19948.2,24717.0
603608.SH,2017-08-28,12.52,12.95,12.45,12.72,38876.35,49302.71
603608.SH,2017-08-29,12.67,12.82,12.55,12.64,27950.0,35406.43
603608.SH,2017-08-30,12.59,12.65,12.52,12.59,18850.95,23660.52
603608.SH,2017-08-31,12.59,13.1,12.51,13.01,58444.55,74790.62
603608.SH,2017-09-01,12.92,13.14,12.85,13.04,47879.31,62190.53
603608.SH,2017-09-04,13.02,13.48,12.92,13.25,68218.08,89802.52
603608.SH,2017-09-05,13.16,13.24,13.05,13.15,39917.24,52374.84
603608.SH,2017-09-06,13.15,13.18,12.85,12.94,32841.89,42571.95
603608.SH,2017-09-07,12.9,13.02,12.82,12.83,26316.2,33998.37
603608.SH,2017-09-08,12.88,12.98,12.81,12.88,20352.57,26205.41
603608.SH,2017-09-11,12.81,12.93,12.72,12.87,24104.41,30972.51
603608.SH,2017-09-12,12.86,13.13,12.82,12.89,28679.53,37203.72
603608.SH,2017-09-13,12.84,12.97,12.75,12.93,25080.32,32199.06
603608.SH,2017-09-14,12.95,12.97,12.7,12.85,22394.76,28699.01
603608.SH,2017-09-15,12.84,12.84,12.68,12.78,22236.44,28343.53
603608.SH,2017-09-18,12.74,12.89,12.69,12.87,21114.73,27056.56
603608.SH,2017-09-19,12.9,12.97,12.82,12.91,23384.2,30145.13
603608.SH,2017-09-20,12.91,13.16,12.89,13.15,58538.36,76450.31
603608.SH,2017-09-28,13.18,13.2,12.6,12.6,62763.39,80411.55
603608.SH,2017-09-29,12.5,12.71,12.43,12.54,26250.74,32954.25
603608.SH,2017-10-09,12.64,12.72,12.46,12.53,24316.92,30539.83
603608.SH,2017-10-10,12.54,12.66,12.44,12.66,21480.34,26992.9
603608.SH,2017-10-11,12.67,13.0,12.61,12.9,37745.13,48410.35
603608.SH,2017-10-12,12.9,12.93,12.6,12.74,23829.81,30400.12
603608.SH,2017-10-13,12.7,12.92,12.65,12.83,20839.42,26746.85
603608.SH,2017-10-16,12.87,12.9,12.53,12.56,21188.92,26936.96
603608.SH,2017-10-17,12.5,12.63,12.48,12.6,12593.69,15804.97
603608.SH,2017-10-18,12.6,12.68,12.3,12.37,20697.0,25920.3
603608.SH,2017-10-19,12.37,12.39,12.05,12.07,19328.25,23508.93
603608.SH,2017-10-20,12.1,12.2,12.0,12.18,9312.73,11292.19
603608.SH,2017-10-23,12.18,12.64,12.18,12.58,29366.03,36607.7
603608.SH,2017-10-24,12.51,12.51,12.25,12.35,16369.42,20216.8
603608.SH,2017-10-25,12.44,12.5,12.31,12.47,11922.75,14822.05
603608.SH,2017-10-26,12.45,12.49,12.36,12.41,13187.72,16369.78
603608.SH,2017-10-27,12.45,12.48,12.31,12.32,12962.52,16086.11
603608.SH,2017-10-30,12.53,12.96,12.5,12.85,85984.34,109741.43
603608.SH,2017-10-31,12.88,13.26,12.66,13.24,86117.1,111762.77
603608.SH,2017-11-01,13.25,13.42,12.95,13.31,86301.3,113800.18
603608.SH,2017-11-02,13.3,13.68,13.01,13.13,92684.3,123744.34
603608.SH,2017-11-03,13.15,13.28,12.82,13.25,50446.3,65992.74
603608.SH,2017-11-06,13.25,13.42,13.11,13.28,42166.05,55808.49
603608.SH,2017-11-07,13.35,13.38,13.12,13.19,36526.86,48291.86
603608.SH,2017-11-08,13.18,13.32,13.03,13.27,44097.62,58038.27
603608.SH,2017-11-09,13.55,13.81,13.31,13.35,83317.05,112708.7
603608.SH,2017-11-10,13.2,13.2,12.87,12.93,62175.7,80968.68
603608.SH,2017-11-13,12.94,12.94,12.7,12.79,35688.49,45698.13
603608.SH,2017-11-14,12.8,12.8,12.31,12.4,38196.83,47691.57
603608.SH,2017-11-15,12.37,12.46,12.27,12.38,18195.41,22511.57
603608.SH,2017-11-16,12.21,12.46,12.21,12.32,17872.74,22052.54
603608.SH,2017-11-17,12.27,12.35,11.18,11.37,39980.89,47067.82
603608.SH,2017-11-20,11.25,11.27,10.83,11.19,21810.49,24163.85
603608.SH,2017-11-21,11.23,11.28,10.91,10.96,24198.08,26816.76
603608.SH,2017-11-22,10.93,11.03,10.84,10.96,17346.42,18997.18
603608.SH,2017-11-23,11.0,11.0,10.31,10.52,17959.46,19341.73
603608.SH,2017-11-24,10.5,10.64,10.38,10.4,16739.56,17551.26
603608.SH,2017-11-27,10.42,10.5,10.3,10.38,10487.8,10895.99
603608.SH,2017-11-28,10.45,10.95,10.38,10.88,29453.1,31630.06
603608.SH,2017-11-29,11.03,11.43,11.03,11.26,40291.63,45273.7
603608.SH,2017-11-30,11.17,11.22,11.0,11.08,23480.8,26005.54
603608.SH,2017-12-01,11.09,11.16,11.01,11.05,12629.73,13960.7
603608.SH,2017-12-04,11.15,11.15,10.76,10.76,11918.2,12966.79
603608.SH,2017-12-05,10.76,10.86,10.35,10.45,15573.4,16403.03
603608.SH,2017-12-06,10.48,10.56,10.2,10.55,15725.54,16335.21
603608.SH,2017-12-07,10.46,10.58,10.42,10.5,8979.96,9413.31
603608.SH,2017-12-08,10.56,10.95,10.56,10.81,17192.3,18493.82
603608.SH,2017-12-11,10.79,10.8,10.67,10.8,12681.0,13624.97
603608.SH,2017-12-12,10.81,10.81,10.51,10.54,11016.44,11744.65
603608.SH,2017-12-13,10.55,10.65,10.5,10.6,7903.97,8367.87
603608.SH,2017-12-14,10.65,10.68,10.48,10.64,12108.08,12802.1
603608.SH,2017-12-15,10.73,10.78,10.55,10.77,10154.8,10816.1
603608.SH,2017-12-18,10.67,10.97,10.63,10.93,20253.4,21879.26
603608.SH,2017-12-19,11.5,12.02,11.5,12.02,30647.75,36688.1
603608.SH,2017-12-20,12.12,12.55,11.73,11.77,104683.73,126756.18
603608.SH,2017-12-21,11.8,11.8,11.29,11.53,73245.67,83920.77
603608.SH,2017-12-22,11.41,11.42,11.12,11.23,47649.8,53657.82
603608.SH,2017-12-25,11.19,11.23,10.93,11.11,33141.8,36641.95
603608.SH,2017-12-26,11.09,11.45,11.03,11.41,45137.05,50996.8
603608.SH,2017-12-27,11.41,11.46,10.92,11.1,36295.85,40708.95
603608.SH,2017-12-28,11.15,11.2,10.99,11.11,27798.49,30803.55
603608.SH,2017-12-29,11.11,11.27,11.03,11.24,22040.89,24565.14
603608.SH,2018-01-02,11.24,11.35,11.12,11.27,23088.17,25949.3
603608.SH,2018-01-03,11.28,11.5,11.21,11.48,33884.07,38500.27
603608.SH,2018-01-04,11.45,11.54,11.32,11.36,23021.18,26242.87
603608.SH,2018-01-05,11.38,11.42,11.23,11.32,19909.31,22473.63
603608.SH,2018-01-08,11.26,11.31,11.14,11.28,19588.47,21963.48
603608.SH,2018-01-09,11.26,11.33,11.2,11.3,17805.2,20058.65
603608.SH,2018-01-10,11.26,11.29,10.94,11.01,23740.1,26285.1
603608.SH,2018-01-11,10.96,11.23,10.96,11.2,16643.0,18485.3
603608.SH,2018-01-12,11.33,11.33,11.01,11.18,15485.35,17224.5
603608.SH,2018-01-15,11.13,11.13,10.64,10.71,19959.81,21673.69
603608.SH,2018-01-16,10.68,10.78,10.62,10.74,14055.8,15067.0
603608.SH,2018-01-17,10.74,10.96,10.3,10.82,23973.61,25790.16
603608.SH,2018-01-18,10.8,10.85,10.67,10.75,14362.87,15431.59
603608.SH,2018-01-19,10.68,10.79,10.61,10.63,11894.01,12705.8
603608.SH,2018-01-22,10.63,10.73,10.45,10.69,11998.4,12758.42
603608.SH,2018-01-23,10.72,10.88,10.7,10.81,14489.8,15650.96
603608.SH,2018-01-24,10.73,10.97,10.71,10.9,14144.8,15309.89
603608.SH,2018-01-25,10.83,10.95,10.82,10.84,11059.79,12054.47
603608.SH,2018-01-26,10.95,11.09,10.9,11.01,17667.0,19403.92
603608.SH,2018-01-29,11.07,11.23,10.95,11.03,25068.94,27851.21
603608.SH,2018-01-30,11.05,11.05,10.85,10.98,13913.3,15220.14
603608.SH,2018-01-31,10.9,12.08,10.9,11.33,68697.16,78856.81
603608.SH,2018-02-01,11.05,11.25,10.54,10.58,44592.7,48695.94
603608.SH,2018-02-02,10.41,10.46,10.02,10.13,27072.7,27609.66
603608.SH,2018-02-05,10.05,10.45,9.96,10.14,12529.41,12785.57
603608.SH,2018-02-06,10.03,10.14,9.39,9.45,22894.82,22387.29
603608.SH,2018-02-07,9.63,9.74,9.13,9.45,16507.61,15605.31
603608.SH,2018-02-08,9.33,9.65,9.33,9.57,9052.93,8635.47
603608.SH,2018-02-09,9.35,9.43,9.13,9.28,14005.81,13023.21
603608.SH,2018-02-12,9.4,9.67,9.35,9.54,7823.4,7459.44
603608.SH,2018-02-13,9.59,9.62,9.5,9.53,6888.2,6577.1
603608.SH,2018-02-14,9.54,9.58,9.48,9.53,5380.81,5133.5
603608.SH,2018-02-22,9.56,9.75,9.56,9.67,8889.41,8592.32
603608.SH,2018-02-23,9.63,9.83,9.6,9.66,8871.6,8584.35
603608.SH,2018-02-26,9.73,9.86,9.68,9.85,10368.25,10149.64
603608.SH,2018-02-27,9.9,9.9,9.72,9.85,11347.23,11141.09
603608.SH,2018-02-28,9.87,9.89,9.76,9.87,10001.84,9840.63
603608.SH,2018-03-01,9.87,9.96,9.78,9.93,10484.34,10394.2
603608.SH,2018-03-02,9.9,10.07,9.85,10.05,14590.55,14585.58
603608.SH,2018-03-05,9.97,10.19,9.95,10.09,10702.26,10795.3
603608.SH,2018-03-06,10.15,10.22,9.98,10.1,9970.2,10052.93
603608.SH,2018-03-07,10.03,10.14,9.9,9.94,11870.99,11897.66
603608.SH,2018-03-08,9.94,10.12,9.91,10.11,12100.12,12122.87
603608.SH,2018-03-09,10.11,10.34,10.05,10.29,16347.57,16699.47
603608.SH,2018-03-12,10.28,10.66,10.24,10.57,19802.78,20849.24
603608.SH,2018-03-13,10.51,10.63,10.45,10.53,12719.27,13397.79
603608.SH,2018-03-14,10.53,10.81,10.51,10.52,16043.2,17098.97
603608.SH,2018-03-15,10.37,10.5,10.27,10.35,20231.44,20922.85
603608.SH,2018-03-16,10.31,10.58,10.31,10.45,11606.6,12166.77
603608.SH,2018-03-19,10.45,10.59,10.41,10.54,9507.4,10005.55
603608.SH,2018-03-20,10.5,10.65,10.41,10.64,10709.6,11317.68
603608.SH,2018-03-21,10.57,10.76,10.36,10.37,13331.0,14134.4
603608.SH,2018-03-22,10.47,11.2,10.31,10.77,26011.14,27780.95
603608.SH,2018-03-23,10.35,10.54,9.84,9.9,27837.2,28545.21
603608.SH,2018-03-26,9.72,10.09,9.33,9.99,12603.29,12225.75
603608.SH,2018-03-27,10.04,10.25,10.04,10.19,13093.35,13319.66
603608.SH,2018-03-28,10.13,11.0,10.01,10.35,18280.4,19127.08
603608.SH,2018-03-29,10.26,10.59,10.1,10.46,13385.8,13994.05
603608.SH,2018-03-30,10.55,10.59,10.43,10.58,14435.23,15226.97
603608.SH,2018-04-02,10.59,10.93,10.59,10.75,21088.4,22740.01
603608.SH,2018-04-03,10.53,10.88,10.5,10.77,17420.98,18708.48
603608.SH,2018-04-04,10.77,10.86,10.34,10.4,25842.87,27312.19
603608.SH,2018-04-09,10.5,10.73,10.32,10.72,26689.17,28167.92
603608.SH,2018-04-10,10.7,10.96,10.55,10.89,31862.6,34359.91
603608.SH,2018-04-11,10.87,10.98,10.72,10.84,25125.97,27216.26
603608.SH,2018-04-12,10.85,10.98,10.64,10.73,23886.5,25825.22
603608.SH,2018-04-13,10.65,10.83,10.51,10.54,16349.0,17332.57
603608.SH,2018-04-16,10.53,10.6,10.41,10.52,14726.19,15473.85
603608.SH,2018-04-17,10.59,10.66,10.01,10.28,15206.74,15845.47
603608.SH,2018-04-18,10.4,10.47,9.97,10.15,21825.24,22147.21
603608.SH,2018-04-19,10.15,10.3,10.06,10.13,8844.84,9005.17
603608.SH,2018-04-20,10.04,10.17,9.96,9.98,11939.8,11973.0
603608.SH,2018-04-23,10.07,10.07,9.6,9.76,14908.6,14628.02
603608.SH,2018-04-24,9.69,10.05,9.69,9.94,10949.2,10863.32
603608.SH,2018-04-25,9.99,10.0,9.89,9.95,9529.4,9471.96
603608.SH,2018-04-26,9.98,10.0,9.68,9.71,8706.23,8581.42
603608.SH,2018-04-27,9.76,10.16,9.76,10.09,22224.02,22349.19
603608.SH,2018-05-02,10.08,10.26,10.02,10.23,16484.19,16772.04
603608.SH,2018-05-03,10.25,10.3,10.1,10.3,11158.0,11403.51
603608.SH,2018-05-04,10.2,10.45,10.2,10.34,12973.4,13466.69
603608.SH,2018-05-07,10.45,10.66,10.35,10.5,15275.4,16081.34
603608.SH,2018-05-08,10.5,10.61,10.47,10.59,15025.2,15860.01
603608.SH,2018-05-09,10.53,10.77,10.53,10.71,23932.87,25610.08
603608.SH,2018-05-10,10.7,11.08,10.7,10.8,47800.87,52158.64
603608.SH,2018-05-11,10.79,11.14,10.79,10.98,36565.73,40036.13
603608.SH,2018-05-14,10.98,11.05,10.83,10.96,19232.65,20938.11
603608.SH,2018-05-15,10.93,11.62,10.79,11.25,33213.26,37069.03
603608.SH,2018-05-16,11.1,11.57,11.02,11.5,43121.26,49125.71
603608.SH,2018-05-17,11.5,11.86,11.16,11.28,43285.37,49830.78
603608.SH,2018-05-18,11.2,11.4,11.08,11.35,21452.6,24227.71
603608.SH,2018-05-21,11.1,11.38,11.01,11.2,27908.54,31299.56
603608.SH,2018-05-22,11.2,11.4,11.11,11.22,17453.08,19621.23
603608.SH,2018-05-23,11.23,11.54,11.2,11.41,26516.4,30313.53
603608.SH,2018-05-24,11.34,11.5,11.2,11.24,14442.6,16372.23
603608.SH,2018-05-25,11.19,11.26,10.87,11.0,16386.6,18016.66
603608.SH,2018-05-28,11.11,11.2,10.8,10.83,16669.56,18307.67
603608.SH,2018-05-29,10.9,11.2,10.75,10.93,21672.73,23915.8
603608.SH,2018-05-30,10.91,10.91,10.51,10.63,23692.06,25291.16
603608.SH,2018-05-31,10.74,11.69,10.55,11.69,71842.84,82639.35
603608.SH,2018-06-01,12.45,12.45,11.49,11.55,126007.95,150133.1
603608.SH,2018-06-04,11.03,11.15,10.5,10.87,67564.4,73248.06
603608.SH,2018-06-05,10.81,11.45,10.65,11.41,60642.4,67668.57
603608.SH,2018-06-06,11.26,11.36,11.1,11.21,42678.48,47816.31
603608.SH,2018-06-07,11.19,11.25,10.81,10.97,29648.05,32598.05
603608.SH,2018-06-08,10.81,10.91,10.66,10.69,20966.81,22568.41
603608.SH,2018-06-11,10.65,10.8,10.55,10.71,17164.8,18275.14
603608.SH,2018-06-12,10.69,11.14,10.58,11.07,30326.6,33033.12
603608.SH,2018-06-13,11.04,11.04,10.71,10.77,17163.7,18581.58
603608.SH,2018-06-14,10.77,10.85,10.53,10.65,24251.98,25818.26
603608.SH,2018-06-15,10.71,10.75,9.59,9.59,94685.1,92392.93
603608.SH,2018-06-19,8.63,9.3,8.63,8.8,56777.05,50067.54
603608.SH,2018-06-20,8.68,9.13,8.58,9.02,29973.14,26676.39
603608.SH,2018-06-21,9.0,9.13,8.82,9.01,21722.92,19545.83
603608.SH,2018-06-22,8.99,9.17,8.87,9.15,15379.81,13912.55
603608.SH,2018-06-25,9.15,9.28,9.05,9.06,10571.0,9691.06
603608.SH,2018-06-26,8.99,9.19,8.77,9.06,10158.6,9181.19
603608.SH,2018-06-27,9.12,9.22,8.88,8.92,13622.0,12284.78
603608.SH,2018-06-28,8.92,9.05,8.77,8.78,8537.2,7632.16
603608.SH,2018-06-29,8.8,9.16,8.8,9.09,15945.6,14399.03
603608.SH,2018-07-02,9.17,9.17,8.87,8.9,14106.0,12720.51
603608.SH,2018-07-03,8.96,9.14,8.87,9.1,15458.12,13953.88
603608.SH,2018-07-04,9.1,9.15,8.86,8.98,9844.2,8840.22
603608.SH,2018-07-05,8.9,8.97,8.48,8.5,14142.97,12372.4
603608.SH,2018-07-06,8.5,8.6,8.1,8.41,17745.43,14890.76
603608.SH,2018-07-09,8.45,8.63,8.45,8.62,12698.47,10861.63
603608.SH,2018-07-10,8.61,8.79,8.58,8.75,9363.9,8138.0
603608.SH,2018-07-11,8.6,8.73,8.41,8.7,9999.52,8594.62
603608.SH,2018-07-12,8.89,8.93,8.6,8.78,17935.87,15818.31
603608.SH,2018-07-13,8.78,8.9,8.75,8.81,9124.15,8044.34
603608.SH,2018-07-16,8.87,8.94,8.74,8.91,9023.01,7988.57
603608.SH,2018-07-17,8.87,8.88,8.77,8.85,6354.74,5600.16
603608.SH,2018-07-18,8.86,9.06,8.83,8.95,12756.4,11430.96
603608.SH,2018-07-19,8.91,8.99,8.81,8.86,4996.44,4440.3
603608.SH,2018-07-20,8.85,9.09,8.81,9.0,7970.6,7130.34
603608.SH,2018-07-23,9.06,9.28,8.88,9.26,13746.33,12625.92
603608.SH,2018-07-24,9.26,9.35,9.19,9.32,14514.21,13468.17
603608.SH,2018-07-25,9.21,9.47,9.21,9.3,9864.86,9206.9
603608.SH,2018-07-26,9.3,9.33,9.13,9.21,10819.84,9985.52
603608.SH,2018-07-27,9.23,9.25,9.11,9.15,8115.2,7436.95
603608.SH,2018-07-30,9.1,9.28,8.94,9.03,9280.0,8428.83
603608.SH,2018-07-31,8.97,9.26,8.94,9.22,10893.8,9943.33
603608.SH,2018-08-01,9.14,9.32,9.14,9.17,12706.7,11728.08
603608.SH,2018-08-02,9.1,9.17,8.67,8.95,15647.4,14101.02
603608.SH,2018-08-03,8.86,9.4,8.86,9.25,17203.93,15765.36
603608.SH,2018-08-06,9.22,9.37,9.05,9.22,19682.29,18145.27
603608.SH,2018-08-07,9.13,9.36,9.07,9.35,15375.0,14232.49
603608.SH,2018-08-08,9.26,9.45,9.18,9.22,13089.4,12157.55
603608.SH,2018-08-09,9.21,9.35,9.13,9.3,17615.27,16313.43
603608.SH,2018-08-10,9.3,9.35,9.23,9.35,10896.2,10134.99
603608.SH,2018-08-13,9.2,9.25,9.15,9.22,18107.89,16644.42
603608.SH,2018-08-14,9.22,9.27,9.14,9.16,13138.8,12091.62
603608.SH,2018-08-15,9.15,9.28,8.98,9.01,16412.6,14983.61
603608.SH,2018-08-16,8.88,9.09,8.85,9.04,10320.2,9306.88
603608.SH,2018-08-17,9.03,9.07,8.78,8.87,11474.88,10259.19
603608.SH,2018-08-20,8.86,8.96,8.64,8.85,5504.26,4832.2
603608.SH,2018-08-21,9.03,9.06,8.74,8.99,7317.2,6517.5
603608.SH,2018-08-22,8.96,9.05,8.85,9.0,10629.47,9583.81
603608.SH,2018-08-23,8.96,9.08,8.7,9.06,11541.6,10318.51
603608.SH,2018-08-24,9.04,9.05,8.89,8.89,9355.2,8393.97
603608.SH,2018-08-27,8.91,9.05,8.9,8.97,4786.26,4306.04
603608.SH,2018-08-28,8.93,9.27,8.89,9.27,24137.47,21994.48
603608.SH,2018-08-29,9.27,9.44,9.19,9.27,21838.02,20397.57
603608.SH,2018-08-30,9.21,9.32,9.0,9.05,15190.8,13910.58
603608.SH,2018-08-31,9.05,9.06,8.81,8.81,13623.0,12172.14
603608.SH,2018-09-03,8.79,8.96,8.63,8.84,11663.4,10234.84
603608.SH,2018-09-04,8.86,8.94,8.75,8.87,9602.94,8485.71
603608.SH,2018-09-05,8.85,8.89,8.81,8.88,10274.4,9106.69
603608.SH,2018-09-06,8.88,8.92,8.8,8.89,6447.34,5714.13
603608.SH,2018-09-07,8.88,8.98,8.71,8.92,9439.61,8356.56
603608.SH,2018-09-10,8.92,8.92,8.66,8.77,11504.6,10116.29
603608.SH,2018-09-11,8.79,8.96,8.74,8.95,9927.85,8824.56
603608.SH,2018-09-12,8.93,9.15,8.93,9.07,25431.0,23004.55
603608.SH,2018-09-13,9.09,9.27,9.09,9.2,25756.14,23680.61
603608.SH,2018-09-14,9.21,9.36,9.14,9.33,23983.4,22196.37
603608.SH,2018-09-17,9.43,9.43,9.17,9.25,19316.6,17942.25
603608.SH,2018-09-18,9.25,9.6,9.23,9.6,15489.2,14595.06
603608.SH,2018-09-19,9.59,10.36,9.46,10.25,30961.0,30661.1
603608.SH,2018-09-20,10.58,10.6,10.01,10.27,33771.7,34620.78
603608.SH,2018-09-21,10.2,10.5,10.07,10.38,24988.0,25845.52
603608.SH,2018-09-25,10.31,10.56,10.2,10.54,19218.8,20090.78
603608.SH,2018-09-26,10.65,10.65,10.35,10.38,14106.2,14723.85
603608.SH,2018-09-27,10.4,10.45,10.24,10.38,12328.87,12719.36
603608.SH,2018-09-28,10.36,10.45,10.19,10.22,17630.8,18169.52
603608.SH,2018-10-08,10.2,10.34,9.87,9.99,15589.27,15749.68
603608.SH,2018-10-09,10.08,10.22,9.91,10.13,12254.84,12400.85
603608.SH,2018-10-10,10.2,10.27,9.85,10.03,7912.78,7999.65
603608.SH,2018-10-11,9.99,10.11,9.66,9.77,20263.87,19909.24
603608.SH,2018-10-12,9.8,9.87,9.6,9.72,10153.38,9894.8
603608.SH,2018-10-15,9.71,9.77,9.56,9.66,8628.38,8309.51
603608.SH,2018-10-16,9.66,9.88,9.5,9.88,13802.38,13281.72
603608.SH,2018-10-17,9.92,10.36,9.71,10.31,25806.06,25842.86
603608.SH,2018-10-18,10.23,10.23,9.72,9.8,15584.05,15539.4
603608.SH,2018-10-19,9.77,10.3,9.47,10.27,27016.45,26933.78
603608.SH,2018-10-22,10.3,10.77,10.19,10.75,45005.59,46833.39
603608.SH,2018-10-23,10.73,10.73,10.33,10.48,25719.2,26924.16
603608.SH,2018-10-24,10.5,10.64,10.24,10.3,24644.5,25743.47
603608.SH,2018-10-25,10.09,10.4,9.8,10.2,25684.02,25669.37
603608.SH,2018-10-26,10.22,10.48,10.15,10.44,22672.23,23442.18
603608.SH,2018-10-29,10.36,10.38,10.09,10.2,9544.6,9749.33
603608.SH,2018-10-30,10.2,10.26,9.99,10.21,13334.25,13491.99
603608.SH,2018-10-31,10.21,10.3,10.11,10.18,12090.2,12338.28
603608.SH,2018-11-01,10.19,10.9,10.19,10.42,41995.0,43677.6
603608.SH,2018-11-02,10.51,10.83,10.42,10.73,39113.78,41529.54
603608.SH,2018-11-05,10.8,10.8,10.47,10.52,17126.2,18133.6
603608.SH,2018-11-06,10.59,10.59,10.4,10.49,11706.8,12253.53
603608.SH,2018-11-07,10.45,10.58,10.33,10.54,17089.0,17861.3
603608.SH,2018-11-08,10.53,10.7,10.44,10.62,27577.8,29175.68
603608.SH,2018-11-09,10.63,10.75,10.45,10.56,20157.6,21284.85
603608.SH,2018-11-12,10.56,10.6,10.38,10.5,18455.6,19379.26
603608.SH,2018-11-13,10.47,10.71,10.39,10.68,33976.8,35920.32
603608.SH,2018-11-14,10.67,10.8,10.5,10.74,43119.17,45874.26
603608.SH,2018-11-15,10.68,10.78,10.55,10.78,30852.8,32906.85
603608.SH,2018-11-16,10.71,10.81,10.63,10.71,24343.64,26081.93
603608.SH,2018-11-19,10.7,10.76,10.2,10.33,36343.77,37539.46
603608.SH,2018-11-20,10.3,10.3,10.05,10.14,13400.4,13568.52
603608.SH,2018-11-21,10.09,10.22,10.01,10.12,11173.2,11307.72
603608.SH,2018-11-22,10.15,10.2,10.06,10.11,7872.6,7977.75
603608.SH,2018-11-23,10.1,10.1,9.78,9.98,22326.2,22095.02
603608.SH,2018-11-26,9.99,10.04,9.85,10.02,14570.0,14560.46
603608.SH,2018-11-27,10.02,10.05,9.83,9.98,9506.6,9433.22
603608.SH,2018-11-28,9.98,9.98,9.76,9.92,10880.2,10740.1
603608.SH,2018-11-29,9.94,10.05,9.89,9.99,16309.0,16267.12
603608.SH,2018-11-30,9.98,10.13,9.98,10.12,17991.94,18127.29
603608.SH,2018-12-03,10.22,10.44,10.13,10.44,37042.62,38079.43
603608.SH,2018-12-04,10.44,10.49,10.32,10.4,17510.4,18223.67
603608.SH,2018-12-05,10.25,10.53,10.19,10.52,31809.0,33165.99
603608.SH,2018-12-06,10.5,10.7,10.33,10.37,16917.6,17774.67
603608.SH,2018-12-07,10.37,10.5,10.31,10.43,16777.2,17494.82
603608.SH,2018-12-10,10.44,10.5,10.31,10.41,17462.0,18187.92
603608.SH,2018-12-11,10.41,10.48,10.3,10.35,11085.2,11521.37
603608.SH,2018-12-12,10.4,10.42,10.15,10.24,15496.05,15923.47
603608.SH,2018-12-13,10.24,10.33,10.17,10.25,6307.6,6463.23
603608.SH,2018-12-14,10.22,10.32,10.07,10.12,6649.8,6768.18
603608.SH,2018-12-17,10.2,10.25,10.02,10.12,7018.4,7117.52
603608.SH,2018-12-18,10.11,10.15,9.86,10.01,6879.0,6869.79
603608.SH,2018-12-19,10.06,10.06,9.94,10.04,6015.0,6020.98
603608.SH,2018-12-20,10.04,10.44,9.94,10.39,59938.6,60867.73
603608.SH,2018-12-21,10.39,11.28,10.36,11.18,141560.14,151194.25
603608.SH,2018-12-24,11.15,11.38,10.83,11.03,64347.72,71170.4
603608.SH,2018-12-25,10.97,11.0,10.81,10.99,37904.9,41271.19
603608.SH,2018-12-26,11.0,11.2,10.95,11.07,40323.5,44574.46
603608.SH,2018-12-27,11.4,11.65,11.06,11.15,107003.1,121028.94
603608.SH,2018-12-28,11.1,11.15,10.8,11.06,37172.9,40737.89
603608.SH,2019-01-02,11.1,11.16,10.93,11.08,29639.2,32634.11
603608.SH,2019-01-03,11.08,11.08,10.76,10.89,30470.2,33256.61
603608.SH,2019-01-04,10.87,11.0,10.78,10.94,30311.6,33007.41
603608.SH,2019-01-07,10.99,11.06,10.76,10.83,42207.59,46162.67
603608.SH,2019-01-08,10.88,10.91,10.62,10.68,26376.0,28317.51
603608.SH,2019-01-09,10.7,10.83,10.64,10.74,26024.6,27959.66
603608.SH,2019-01-10,10.73,10.78,10.62,10.67,14505.0,15536.37
603608.SH,2019-01-11,10.7,10.75,10.6,10.71,18650.2,19896.87
603608.SH,2019-01-14,10.71,10.71,10.55,10.58,12674.0,13465.09
603608.SH,2019-01-15,10.55,10.66,10.51,10.63,14767.6,15623.0
603608.SH,2019-01-16,10.62,10.64,10.5,10.56,14214.2,15000.24
603608.SH,2019-01-17,10.56,10.61,10.5,10.57,17774.79,18778.92
603608.SH,2019-01-18,10.58,10.78,10.53,10.7,36257.89,38781.04
603608.SH,2019-01-21,10.72,10.8,10.61,10.66,23932.89,25589.78
603608.SH,2019-01-22,10.63,10.65,10.29,10.5,21717.8,22737.19
603608.SH,2019-01-23,10.48,10.5,10.26,10.48,19788.2,20461.61
603608.SH,2019-01-24,10.5,10.5,10.38,10.47,26728.0,27931.31
603608.SH,2019-01-25,10.47,10.58,10.42,10.5,13399.2,14084.7
603608.SH,2019-01-28,10.5,10.6,10.5,10.54,99858.6,105115.98
603608.SH,2019-01-29,10.56,10.63,10.51,10.63,86808.4,91706.13
603608.SH,2019-01-30,10.63,10.74,10.6,10.67,81838.8,87267.17
603608.SH,2019-01-31,10.67,10.72,9.92,10.61,97299.4,102687.78
603608.SH,2019-02-01,10.61,10.89,10.3,10.76,122832.9,131247.88
603608.SH,2019-02-11,10.63,10.77,10.44,10.75,47922.4,50750.89
603608.SH,2019-02-12,10.77,10.77,10.51,10.57,45959.8,48889.09
603608.SH,2019-02-13,10.53,10.53,10.12,10.29,49839.44,51240.0
603608.SH,2019-02-14,10.26,10.26,10.14,10.21,30794.94,31334.46
603608.SH,2019-02-15,10.21,10.4,10.2,10.37,51651.94,53377.77
603608.SH,2019-02-18,10.5,10.75,10.4,10.73,76155.9,80546.33
603608.SH,2019-02-19,10.74,10.76,10.4,10.52,59088.8,62266.13
603608.SH,2019-02-20,10.53,10.53,10.3,10.37,33820.6,35124.17
603608.SH,2019-02-21,10.33,10.41,10.2,10.34,51639.2,53251.02
603608.SH,2019-02-22,10.36,10.43,10.27,10.42,50842.76,52710.66
603608.SH,2019-02-25,10.42,10.68,10.33,10.68,91449.8,96505.61
603608.SH,2019-02-26,10.7,10.85,10.56,10.76,96175.14,102602.36
603608.SH,2019-02-27,10.73,10.74,10.56,10.63,67050.52,71488.77
603608.SH,2019-02-28,10.65,10.77,10.58,10.61,55951.01,59601.96
603608.SH,2019-03-01,10.61,11.46,10.6,11.04,226237.11,249454.62
603608.SH,2019-03-04,11.03,11.13,10.89,10.97,139703.75,153623.74
603608.SH,2019-03-05,10.95,10.99,10.8,10.99,78731.8,85761.61
603608.SH,2019-03-06,10.96,11.09,10.86,11.02,85614.4,93815.44
603608.SH,2019-03-07,11.03,11.13,10.88,11.11,104617.37,115022.01
603608.SH,2019-03-08,10.95,10.96,10.35,10.4,99848.98,107105.67
603608.SH,2019-03-11,10.24,10.52,10.16,10.49,80834.38,83370.7
603608.SH,2019-03-12,10.5,10.58,10.36,10.46,71565.63,74942.78
603608.SH,2019-03-13,10.46,10.48,10.32,10.41,51058.59,53056.69
603608.SH,2019-03-14,10.4,10.57,10.31,10.35,43971.79,45843.07
603608.SH,2019-03-15,10.3,10.4,10.2,10.26,47073.92,48466.58
603608.SH,2019-03-18,10.3,10.43,10.23,10.43,43620.9,45070.76
603608.SH,2019-03-19,10.4,10.52,10.34,10.4,38707.4,40360.32
603608.SH,2019-03-20,10.39,10.43,10.25,10.36,33633.0,34788.4
603608.SH,2019-03-21,10.36,10.44,10.32,10.35,41411.8,43047.72
603608.SH,2019-03-22,10.42,10.61,10.4,10.58,74298.74,78288.7
603608.SH,2019-03-25,10.43,10.61,10.37,10.4,45783.7,47958.09
603608.SH,2019-03-26,10.42,10.47,10.09,10.1,39798.78,40862.71
603608.SH,2019-03-27,10.08,10.19,10.02,10.18,26159.6,26410.84
603608.SH,2019-03-28,10.19,10.2,9.83,9.85,37145.4,37228.22
603608.SH,2019-03-29,9.83,10.02,9.78,10.01,43274.74,42872.92
603608.SH,2019-04-01,10.02,10.28,10.02,10.24,48312.53,49215.66
603608.SH,2019-04-02,10.24,10.28,10.14,10.17,38276.89,39059.66
603608.SH,2019-04-03,10.16,10.29,10.1,10.29,34693.05,35450.58
603608.SH,2019-04-04,10.26,10.38,10.24,10.3,39609.82,40857.21
603608.SH,2019-04-08,10.33,10.39,10.23,10.33,39153.34,40388.93
603608.SH,2019-04-09,10.33,10.34,10.22,10.32,33229.0,34174.97
603608.SH,2019-04-10,10.32,10.5,10.25,10.42,47195.9,49162.66
603608.SH,2019-04-11,10.42,10.43,10.14,10.14,32043.8,32925.26
603608.SH,2019-04-12,10.1,10.16,9.87,10.0,42752.18,42650.2
603608.SH,2019-04-15,10.04,10.25,9.99,10.2,37802.62,38475.6
603608.SH,2019-04-16,10.27,10.47,10.16,10.44,55911.74,57814.25
603608.SH,2019-04-17,10.4,10.55,10.31,10.33,46170.4,47962.98
603608.SH,2019-04-18,10.33,10.37,10.24,10.25,23939.13,24649.1
603608.SH,2019-04-19,10.28,10.46,10.19,10.39,30794.74,31794.52
603608.SH,2019-04-22,10.42,10.59,10.35,10.43,48420.33,50764.55
603608.SH,2019-04-23,10.41,10.49,10.14,10.2,35532.4,36457.08
603608.SH,2019-04-24,10.18,10.22,9.99,10.14,26699.8,26978.47
603608.SH,2019-04-25,10.1,10.14,9.9,9.9,31006.8,31026.4
603608.SH,2019-04-26,9.84,9.96,9.84,9.9,16531.65,16368.49
603608.SH,2019-04-29,9.82,10.1,8.91,8.91,61324.0,56460.07
603608.SH,2019-04-30,8.91,9.0,8.64,8.76,32054.4,28223.48
603608.SH,2019-05-06,8.64,8.65,8.1,8.29,36830.8,30803.82
603608.SH,2019-05-07,8.28,8.4,8.15,8.36,21802.13,18063.8
603608.SH,2019-05-08,8.25,8.4,8.17,8.31,16633.28,13808.32
603608.SH,2019-05-09,8.25,8.36,8.23,8.28,12288.2,10197.08
603608.SH,2019-05-10,8.31,8.44,8.25,8.42,23261.0,19488.44
603608.SH,2019-05-13,8.36,8.43,8.36,8.39,14160.56,11882.64
603608.SH,2019-05-14,8.34,8.4,8.28,8.33,13491.76,11272.3
603608.SH,2019-05-15,8.42,8.46,8.38,8.44,12055.03,10157.34
603608.SH,2019-05-16,8.43,8.49,8.41,8.44,16014.0,13527.93
603608.SH,2019-05-17,8.45,8.48,8.15,8.2,17254.2,14342.6
603608.SH,2019-05-20,8.21,8.26,8.09,8.16,12953.8,10549.94
603608.SH,2019-05-21,8.16,8.24,8.13,8.22,12183.07,9998.37
603608.SH,2019-05-22,8.2,8.25,8.07,8.07,15324.0,12498.4
603608.SH,2019-05-23,7.8,8.0,7.77,7.77,22155.62,17442.68
603608.SH,2019-05-24,7.78,7.82,7.75,7.77,9343.9,7272.23
603608.SH,2019-05-27,7.79,7.97,7.78,7.95,11401.83,9008.27
603608.SH,2019-05-28,7.94,8.03,7.9,7.91,14174.2,11277.59
603608.SH,2019-05-29,7.95,7.96,7.9,7.93,9116.0,7230.31
603608.SH,2019-05-30,7.93,7.98,7.82,7.92,12724.0,10031.7
603608.SH,2019-05-31,8.0,8.04,7.93,7.94,14163.8,11319.07
603608.SH,2019-06-03,7.94,7.99,7.82,7.84,11658.63,9192.59
603608.SH,2019-06-04,7.86,7.88,7.7,7.72,8685.35,6758.33
603608.SH,2019-06-05,7.77,7.83,7.77,7.81,7306.2,5700.42
603608.SH,2019-06-06,7.87,7.87,7.58,7.63,9913.6,7628.22
603608.SH,2019-06-10,7.6,7.71,7.53,7.65,10209.2,7795.06
603608.SH,2019-06-11,7.51,7.61,7.39,7.61,16135.2,12136.7
603608.SH,2019-06-12,7.55,7.65,7.54,7.61,10631.8,8091.29
603608.SH,2019-06-13,7.59,7.66,7.55,7.65,9260.8,7058.18
603608.SH,2019-06-14,7.63,7.69,7.4,7.42,12666.4,9584.76
603608.SH,2019-06-17,7.45,7.51,7.36,7.47,8101.6,6020.07
603608.SH,2019-06-18,7.42,7.47,7.34,7.36,9011.4,6665.52
603608.SH,2019-06-19,7.43,7.54,7.43,7.45,16225.8,12142.99
603608.SH,2019-06-20,7.46,7.62,7.46,7.6,19684.24,14865.58
603608.SH,2019-06-21,7.63,7.75,7.6,7.73,17411.6,13386.5
603608.SH,2019-06-24,7.7,7.73,7.59,7.69,22825.83,17509.08
603608.SH,2019-06-25,7.69,7.84,7.54,7.59,27634.4,21186.6
603608.SH,2019-06-26,7.58,7.61,7.48,7.53,12649.2,9548.92
603608.SH,2019-06-27,7.59,7.6,7.44,7.47,16212.6,12198.0
603608.SH,2019-06-28,7.49,7.5,7.33,7.42,15911.6,11803.53
603608.SH,2019-07-01,7.52,7.54,7.4,7.51,28771.0,21499.59
603608.SH,2019-07-02,7.48,7.51,7.44,7.49,22337.96,16694.09
603608.SH,2019-07-03,7.49,7.49,7.38,7.41,17048.2,12662.95
603608.SH,2019-07-04,7.41,7.45,7.34,7.38,18151.2,13410.44
603608.SH,2019-07-05,7.39,7.39,7.32,7.36,11842.03,8706.28
603608.SH,2019-07-08,7.36,7.38,7.1,7.1,24475.0,17613.18
603608.SH,2019-07-09,7.12,7.14,7.01,7.05,15523.73,10968.7
603608.SH,2019-07-10,7.06,7.08,7.01,7.04,10633.6,7491.82
603608.SH,2019-07-11,7.08,7.13,7.03,7.08,13548.6,9596.35
603608.SH,2019-07-12,7.05,7.1,7.03,7.05,12194.38,8604.13
603608.SH,2019-07-15,7.06,7.06,6.91,7.05,15810.6,11074.21
603608.SH,2019-07-16,7.05,7.12,7.03,7.11,10974.6,7752.39
603608.SH,2019-07-17,7.11,7.19,7.06,7.08,13744.8,9780.34
603608.SH,2019-07-18,7.03,7.08,6.83,6.83,20030.0,13835.12
603608.SH,2019-07-19,6.85,6.92,6.83,6.85,13267.7,9113.96
603608.SH,2019-07-22,6.84,6.86,6.51,6.55,19701.85,13050.12
603608.SH,2019-07-23,6.58,6.63,6.54,6.62,11867.13,7836.84
603608.SH,2019-07-24,6.64,6.77,6.62,6.73,12114.2,8136.45
603608.SH,2019-07-25,6.73,6.76,6.62,6.71,13180.4,8827.49
603608.SH,2019-07-26,6.72,6.72,6.66,6.71,8763.4,5866.86
603608.SH,2019-07-29,6.7,6.73,6.62,6.65,9239.3,6161.32
603608.SH,2019-07-30,6.65,6.71,6.61,6.68,10402.5,6945.43
603608.SH,2019-07-31,6.68,6.68,6.58,6.63,9199.0,6095.62
603608.SH,2019-08-01,6.77,6.87,6.7,6.7,39939.2,27073.11
603608.SH,2019-08-02,6.58,6.58,6.36,6.4,34115.2,21968.7
603608.SH,2019-08-05,6.38,6.43,6.27,6.27,16374.3,10387.35
603608.SH,2019-08-06,6.22,6.23,5.91,6.04,28503.0,17216.03
603608.SH,2019-08-07,6.04,6.1,5.98,5.99,14353.39,8668.76
603608.SH,2019-08-08,6.09,6.13,6.0,6.09,18091.33,11011.13
603608.SH,2019-08-09,6.11,6.16,5.96,6.03,16200.2,9855.16
603608.SH,2019-08-12,5.99,6.09,5.96,6.06,12955.6,7805.49
603608.SH,2019-08-13,6.04,6.08,5.98,6.02,8961.8,5404.97
603608.SH,2019-08-14,6.06,6.12,5.98,6.02,13160.0,7975.47
603608.SH,2019-08-15,5.88,5.99,5.7,5.97,15835.9,9314.26
603608.SH,2019-08-16,5.98,6.08,5.96,6.02,16098.1,9705.06
603608.SH,2019-08-19,6.07,6.23,6.06,6.2,20485.19,12642.73
603608.SH,2019-08-20,6.25,6.28,6.12,6.16,22377.2,13879.54
603608.SH,2019-08-21,6.18,6.21,6.1,6.12,15581.6,9578.78
603608.SH,2019-08-22,6.15,6.18,6.09,6.15,11150.4,6830.17
603608.SH,2019-08-23,6.18,6.7,6.18,6.36,75275.47,48461.39
603608.SH,2019-08-26,6.21,6.31,6.15,6.22,43916.33,27328.87
603608.SH,2019-08-27,6.24,6.39,6.24,6.33,28462.01,18036.86
603608.SH,2019-08-28,6.34,6.44,6.3,6.41,29062.8,18607.93
603608.SH,2019-08-29,6.42,6.46,6.36,6.38,29069.27,18637.61
603608.SH,2019-08-30,6.44,6.46,6.26,6.29,26716.48,17000.28
603608.SH,2019-09-02,6.32,6.64,6.31,6.52,38913.06,25363.37
603608.SH,2019-09-03,6.45,6.5,6.41,6.49,29026.92,18734.31
603608.SH,2019-09-04,6.46,6.48,6.42,6.47,22487.97,14505.31
603608.SH,2019-09-05,6.48,6.57,6.47,6.49,28388.9,18511.14
603608.SH,2019-09-06,6.54,6.54,6.44,6.46,19819.8,12855.56
603608.SH,2019-09-09,6.5,6.69,6.49,6.65,34469.27,22656.86
603608.SH,2019-09-10,6.68,6.68,6.52,6.59,35714.6,23490.48
603608.SH,2019-09-11,6.59,6.63,6.52,6.54,28685.85,18854.37
603608.SH,2019-09-12,6.55,6.61,6.52,6.59,20659.0,13557.3
603608.SH,2019-09-16,6.59,6.69,6.59,6.68,32393.65,21538.11
603608.SH,2019-09-17,6.65,6.67,6.4,6.43,34452.2,22478.24
603608.SH,2019-09-18,6.44,6.85,6.44,6.69,51697.22,34289.34
603608.SH,2019-09-19,6.65,6.67,6.55,6.59,37961.43,24990.79
603608.SH,2019-09-20,6.6,6.61,6.51,6.53,25523.2,16723.24
603608.SH,2019-09-23,6.48,6.53,6.39,6.43,18891.75,12145.26
603608.SH,2019-09-24,6.43,6.51,6.42,6.45,14271.15,9240.05
603608.SH,2019-09-25,6.44,6.48,6.22,6.23,26758.03,16893.5
603608.SH,2019-09-26,6.23,6.31,6.17,6.17,25642.61,15961.22
603608.SH,2019-09-27,6.2,6.28,6.15,6.25,14242.8,8887.95
603608.SH,2019-09-30,6.22,6.29,6.21,6.25,8528.2,5334.73
603608.SH,2019-10-08,6.3,6.3,6.19,6.2,16012.69,10007.31
603608.SH,2019-10-09,6.22,6.31,6.18,6.31,11037.15,6914.16
603608.SH,2019-10-10,6.28,6.43,6.27,6.41,19833.0,12645.22
603608.SH,2019-10-11,6.44,6.55,6.39,6.5,22369.98,14514.46
603608.SH,2019-10-14,6.55,6.57,6.48,6.51,27143.43,17654.24
603608.SH,2019-10-15,6.45,6.49,6.42,6.44,15713.38,10130.77
603608.SH,2019-10-16,6.42,6.55,6.37,6.37,12079.2,7762.7
603608.SH,2019-10-17,6.38,6.45,6.36,6.38,8826.58,5648.03
603608.SH,2019-10-18,6.38,6.41,6.22,6.26,15429.86,9746.48
603608.SH,2019-10-21,6.27,6.3,6.17,6.26,10847.4,6757.23
603608.SH,2019-10-22,6.27,6.45,6.24,6.45,16063.92,10213.13
603608.SH,2019-10-23,6.44,6.48,6.29,6.35,15682.2,9995.74
603608.SH,2019-10-24,6.35,6.8,6.35,6.59,70704.41,46571.71
603608.SH,2019-10-25,6.57,7.25,6.53,7.25,83434.1,58605.77
603608.SH,2019-10-28,7.23,7.56,6.91,7.3,193188.69,136538.22
603608.SH,2019-10-29,7.06,7.12,6.81,6.83,97572.39,68203.41
603608.SH,2019-10-30,6.76,6.81,6.63,6.78,62220.99,41731.53
603608.SH,2019-10-31,6.75,6.95,6.73,6.93,69781.13,47881.31
603608.SH,2019-11-01,6.9,6.92,6.74,6.8,49599.13,33727.89
603608.SH,2019-11-04,6.77,6.8,6.68,6.73,32199.6,21663.85
603608.SH,2019-11-05,6.71,6.83,6.69,6.75,32463.35,21956.66
603608.SH,2019-11-06,6.76,7.2,6.71,7.08,103899.15,72637.26
603608.SH,2019-11-07,7.02,7.17,6.93,7.13,72282.75,51056.2
603608.SH,2019-11-08,7.16,7.34,6.83,6.85,79866.53,56559.4
603608.SH,2019-11-11,6.76,6.78,6.47,6.47,50872.11,33468.38
603608.SH,2019-11-12,6.47,6.51,6.22,6.38,32727.44,20708.69
603608.SH,2019-11-13,6.32,6.34,6.18,6.25,19831.67,12450.39
603608.SH,2019-11-14,6.25,6.3,6.2,6.28,15764.09,9847.26
603608.SH,2019-11-15,6.24,6.25,6.01,6.05,30176.72,18450.83
603608.SH,2019-11-18,6.1,6.16,6.05,6.1,13408.35,8193.86
603608.SH,2019-11-19,6.1,6.19,6.08,6.19,11739.25,7221.44
603608.SH,2019-11-20,6.18,6.22,6.11,6.14,13921.05,8587.66
603608.SH,2019-11-21,6.15,6.17,6.11,6.12,8106.98,4971.47
603608.SH,2019-11-22,6.12,6.17,6.03,6.05,18279.2,11130.11
603608.SH,2019-11-25,6.07,6.17,5.96,6.17,19164.8,11658.1
603608.SH,2019-11-26,6.15,6.18,6.07,6.09,14059.8,8599.01
603608.SH,2019-11-27,6.09,6.1,6.05,6.06,12907.0,7834.68
603608.SH,2019-11-28,6.06,6.16,6.04,6.07,10637.6,6495.35
603608.SH,2019-11-29,6.11,6.11,6.06,6.1,7286.6,4434.54
603608.SH,2019-12-02,6.1,6.13,6.08,6.1,7457.4,4555.39
603608.SH,2019-12-03,6.07,6.13,6.04,6.12,10260.2,6243.47
603608.SH,2019-12-04,6.1,6.19,6.08,6.19,11348.61,6978.16
603608.SH,2019-12-05,6.2,6.3,6.17,6.3,19434.71,12162.06
603608.SH,2019-12-06,6.3,6.3,6.21,6.28,13930.6,8697.19
603608.SH,2019-12-09,6.29,6.32,6.23,6.29,10734.8,6736.69
603608.SH,2019-12-10,6.25,6.29,6.22,6.26,8888.51,5558.61
603608.SH,2019-12-11,6.27,6.33,6.23,6.24,12892.4,8090.76
603608.SH,2019-12-12,6.23,6.25,6.2,6.21,8950.68,5574.31
603608.SH,2019-12-13,6.22,6.29,6.22,6.27,13165.38,8251.1
603608.SH,2019-12-16,6.26,6.35,6.25,6.35,19659.12,12407.36
603608.SH,2019-12-17,6.32,6.43,6.29,6.41,28297.5,18045.41
603608.SH,2019-12-18,6.4,6.52,6.38,6.39,21545.4,13880.38
603608.SH,2019-12-19,6.39,6.74,6.39,6.64,48488.63,31950.42
603608.SH,2019-12-20,6.6,7.04,6.6,6.71,83809.9,57477.95
603608.SH,2019-12-23,6.72,7.12,6.61,6.98,94254.75,65181.4
603608.SH,2019-12-24,6.9,7.38,6.75,7.2,103230.7,73101.3
603608.SH,2019-12-25,7.11,7.15,6.91,6.96,77545.17,54274.0
603608.SH,2019-12-26,7.02,7.66,6.8,7.66,211283.46,155291.05
603608.SH,2019-12-27,7.93,8.43,7.85,8.43,167865.27,138259.68
603608.SH,2019-12-30,8.78,9.27,8.62,9.27,319204.47,289857.91
603608.SH,2019-12-31,8.53,9.97,8.53,9.49,463733.09,427159.23
603608.SH,2020-01-02,9.3,10.44,9.3,10.44,370747.73,373374.82
603608.SH,2020-01-03,10.45,10.82,9.64,9.69,471440.05,480038.32
603608.SH,2020-01-06,9.03,10.37,8.73,10.23,422776.16,410150.88
603608.SH,2020-01-07,9.81,10.59,9.72,9.82,308245.24,310817.45
603608.SH,2020-01-08,9.62,9.63,8.91,8.95,260666.68,242511.79
603608.SH,2020-01-09,8.99,9.25,8.66,8.94,182898.88,163591.83
603608.SH,2020-01-10,8.97,9.02,8.54,8.69,141851.27,123668.96
603608.SH,2020-01-13,8.69,9.56,8.68,9.56,281639.68,259054.59
603608.SH,2020-01-14,9.57,10.52,9.37,10.52,397504.53,404209.77
603608.SH,2020-01-15,10.49,11.57,10.37,11.3,462221.34,512932.65
603608.SH,2020-01-16,10.67,11.28,10.37,10.64,353095.56,381591.73
603608.SH,2020-01-17,10.68,11.45,10.42,11.43,302645.66,332812.86
603608.SH,2020-01-20,11.1,11.25,10.5,10.74,199845.4,217937.71
603608.SH,2020-01-21,10.74,10.88,9.69,9.89,188645.53,189440.36
603608.SH,2020-01-22,9.89,10.88,9.41,10.88,209741.69,214553.18
603608.SH,2020-01-23,10.81,11.28,9.79,10.3,216142.49,226737.12
603608.SH,2020-02-03,9.27,9.27,9.27,9.27,7339.0,6803.25
603608.SH,2020-02-04,8.34,9.45,8.34,9.2,154899.09,136664.13
603608.SH,2020-02-05,9.17,9.45,8.88,9.03,133867.62,123131.11
603608.SH,2020-02-06,8.86,9.56,8.81,9.28,156528.67,144467.58
603608.SH,2020-02-07,9.18,9.66,8.95,9.55,161284.57,149704.02
603608.SH,2020-02-10,9.44,10.25,9.31,9.87,116487.18,112353.32
603608.SH,2020-02-11,10.1,10.21,9.69,9.87,103037.2,102428.0
603608.SH,2020-02-12,9.82,10.29,9.81,9.98,71289.87,71293.39
603608.SH,2020-02-13,10.1,10.1,9.41,9.5,119259.06,115638.42
603608.SH,2020-02-14,9.46,9.56,9.13,9.34,96725.98,90281.05
603608.SH,2020-02-17,9.33,10.11,9.21,9.98,134053.58,131574.39
603608.SH,2020-02-18,10.0,10.98,9.81,10.98,227953.4,243035.0
603608.SH,2020-02-19,11.22,11.93,10.83,11.44,283239.85,322760.57
603608.SH,2020-02-20,11.24,11.61,10.94,11.1,168006.17,186978.98
603608.SH,2020-02-21,10.9,11.4,10.84,10.9,173904.0,192270.85
603608.SH,2020-02-24,10.99,11.45,10.5,11.25,186650.14,207895.66
603608.SH,2020-02-25,10.67,11.18,10.31,10.87,185531.41,199805.88
603608.SH,2020-02-26,10.54,11.58,10.53,10.94,155991.02,174061.99
603608.SH,2020-02-27,11.13,11.13,10.32,10.48,124281.5,132468.65
603608.SH,2020-02-28,10.2,10.2,9.43,9.43,124613.63,120939.93
603608.SH,2020-03-02,9.52,9.75,9.22,9.59,110848.83,105247.65
603608.SH,2020-03-03,9.68,10.55,9.57,10.55,158075.12,159614.17
603608.SH,2020-03-04,10.7,11.61,10.59,11.61,329620.61,371470.47
603608.SH,2020-03-05,12.77,12.77,11.94,12.77,294642.43,370089.68
603608.SH,2020-03-06,12.89,14.05,12.21,12.93,465977.17,614311.66
603608.SH,2020-03-09,12.08,13.65,12.08,12.89,331982.31,423122.82
603608.SH,2020-03-10,12.52,12.85,11.6,12.08,281838.04,340088.78
603608.SH,2020-03-11,12.41,13.29,12.2,13.29,354480.87,466703.85
603608.SH,2020-03-12,12.84,13.18,11.96,11.96,366913.21,459103.28
603608.SH,2020-03-13,10.86,11.39,10.76,11.04,267178.44,291431.04
603608.SH,2020-03-16,11.16,11.27,9.94,9.94,197607.24,208038.25
603608.SH,2020-03-17,9.89,10.93,9.41,10.93,214792.0,217709.24
603608.SH,2020-03-18,11.3,11.52,10.41,10.47,238294.07,264553.02
603608.SH,2020-03-19,10.6,11.23,10.43,11.13,193109.38,209994.88
603608.SH,2020-03-20,11.44,11.68,10.49,10.93,178967.98,197881.67
603608.SH,2020-03-23,10.34,11.14,10.34,10.55,103634.18,110416.61
603608.SH,2020-03-24,10.8,11.61,10.69,11.61,297505.55,341454.81
603608.SH,2020-03-25,11.97,12.26,11.1,11.38,329274.03,382485.08
603608.SH,2020-03-26,11.29,11.43,10.66,10.84,206916.47,227941.26
603608.SH,2020-03-27,11.92,11.92,11.92,11.92,110535.9,131758.79
603608.SH,2020-03-30,12.18,12.86,11.94,12.45,515137.17,637187.4
603608.SH,2020-03-31,11.94,12.28,11.42,11.7,313990.52,371331.08
603608.SH,2020-04-01,11.31,12.3,11.01,12.22,302491.78,355224.97
603608.SH,2020-04-02,11.78,12.15,11.63,11.95,229044.91,271993.77
603608.SH,2020-04-03,11.77,12.6,11.52,11.83,305762.87,369392.59
603608.SH,2020-04-07,12.0,12.39,11.55,12.26,311176.39,376239.54
603608.SH,2020-04-08,12.02,12.94,11.98,12.26,346852.06,433424.38
603608.SH,2020-04-09,12.26,12.26,11.62,11.88,254654.51,300814.88
603608.SH,2020-04-10,11.7,11.85,10.94,11.06,198666.6,224553.09
603608.SH,2020-04-13,11.0,11.0,10.56,10.94,112376.38,120690.16
603608.SH,2020-04-14,10.91,11.18,10.71,11.04,115016.4,126027.45
603608.SH,2020-04-15,10.99,11.07,10.18,10.34,173605.28,183544.96
603608.SH,2020-04-16,10.2,10.32,9.95,10.15,118750.76,120146.45
603608.SH,2020-04-17,10.15,10.25,9.83,9.84,139444.17,139061.57
603608.SH,2020-04-20,9.91,10.15,9.69,10.13,123305.52,122927.65
603608.SH,2020-04-21,10.06,10.48,10.01,10.4,139615.6,143578.77
603608.SH,2020-04-22,10.25,10.34,10.05,10.26,98980.2,101080.14
603608.SH,2020-04-23,10.29,10.96,10.15,10.69,198119.98,209746.64
603608.SH,2020-04-24,10.7,11.1,9.7,9.85,197461.6,205232.68
603608.SH,2020-04-27,9.5,9.65,9.22,9.37,105039.33,98823.92
603608.SH,2020-04-28,9.34,9.34,8.52,8.92,95614.27,85911.82
603608.SH,2020-04-29,9.0,9.09,8.68,8.75,72963.02,64580.93
603608.SH,2020-04-30,8.8,8.97,8.7,8.91,65354.05,57842.07
603608.SH,2020-05-06,8.75,9.21,8.71,9.16,82987.02,74759.59
603608.SH,2020-05-07,9.15,9.26,8.99,9.01,67971.4,61810.63
603608.SH,2020-05-08,9.09,9.33,9.01,9.26,91961.1,84565.02
603608.SH,2020-05-11,9.22,9.87,9.15,9.48,115214.74,108380.36
603608.SH,2020-05-12,9.45,9.49,8.93,9.14,98917.46,90721.56
603608.SH,2020-05-13,9.01,9.27,8.89,9.18,64066.42,58426.53
603608.SH,2020-05-14,9.11,9.18,8.97,8.98,59993.56,54360.42
603608.SH,2020-05-15,9.04,9.46,9.01,9.11,97121.79,89714.55
603608.SH,2020-05-18,9.0,9.08,8.8,8.83,77048.4,68878.98
603608.SH,2020-05-19,8.98,8.98,8.72,8.83,61775.79,54509.74
603608.SH,2020-05-20,8.89,9.35,8.77,9.12,121034.96,110449.83
603608.SH,2020-05-21,9.05,9.14,8.72,8.74,80460.72,71417.12
603608.SH,2020-05-22,8.72,8.75,8.23,8.32,59176.88,49996.53
603608.SH,2020-05-25,8.31,8.61,8.2,8.49,52814.72,44470.76
603608.SH,2020-05-26,8.54,8.85,8.44,8.76,54621.8,47566.02
603608.SH,2020-05-27,8.76,8.88,8.52,8.58,49569.0,43057.97
603608.SH,2020-05-28,8.57,8.74,8.33,8.4,35844.0,30415.51
603608.SH,2020-05-29,8.4,8.88,8.31,8.79,63463.8,54723.2
603608.SH,2020-06-01,9.01,9.36,8.8,9.16,128708.2,117170.97
603608.SH,2020-06-02,9.15,9.78,9.12,9.33,163985.86,154125.87
603608.SH,2020-06-03,9.25,9.66,9.17,9.4,143779.72,135496.93
603608.SH,2020-06-04,9.53,9.53,9.28,9.37,80374.07,75444.84
603608.SH,2020-06-05,9.33,9.36,9.05,9.12,82512.0,75582.65
603608.SH,2020-06-08,9.2,9.25,8.96,9.03,75664.16,68545.76
603608.SH,2020-06-09,9.02,9.5,8.94,9.47,116557.18,108221.96
603608.SH,2020-06-10,9.38,9.45,9.01,9.01,89674.01,81912.38
603608.SH,2020-06-11,9.06,9.27,8.96,9.14,68305.21,62077.63
603608.SH,2020-06-12,8.89,8.98,8.81,8.91,63708.06,56620.92
603608.SH,2020-06-15,8.9,9.8,8.86,9.8,99866.24,94178.31
603608.SH,2020-06-16,10.78,10.78,10.78,10.78,26139.35,28178.22
603608.SH,2020-06-17,11.86,11.86,11.86,11.86,23298.0,27631.43
603608.SH,2020-06-18,13.05,13.05,12.05,12.3,476837.81,602751.69
603608.SH,2020-06-19,12.12,13.53,11.68,13.53,543017.99,685879.14
603608.SH,2020-06-22,13.96,14.88,12.33,13.7,777363.1,1069578.82
603608.SH,2020-06-23,13.33,13.78,12.33,12.33,528661.76,680495.81
603608.SH,2020-06-24,11.37,11.86,11.1,11.1,438853.18,499952.82
603608.SH,2020-06-29,11.0,11.09,10.38,10.53,315940.43,336203.46
603608.SH,2020-06-30,10.55,10.76,10.45,10.67,259672.01,274460.52
603608.SH,2020-07-01,10.63,10.7,10.24,10.37,263783.77,276632.47
603608.SH,2020-07-02,10.43,10.55,10.21,10.36,194594.28,201945.92
603608.SH,2020-07-03,10.39,10.43,10.13,10.17,209753.4,215354.05
603608.SH,2020-07-06,10.22,10.58,10.14,10.53,278470.84,290000.26
603608.SH,2020-07-07,10.7,10.94,10.46,10.77,319779.72,342691.52
603608.SH,2020-07-08,10.8,10.83,10.32,10.6,237873.96,250728.3
603608.SH,2020-07-09,10.63,11.22,10.61,11.18,329124.08,362431.82
603608.SH,2020-07-10,11.2,11.2,10.72,10.93,230414.36,252159.85
603608.SH,2020-07-13,10.93,11.29,10.85,11.24,223308.36,249199.98
603608.SH,2020-07-14,11.24,11.42,10.87,11.06,193841.8,215049.08
603608.SH,2020-07-15,11.13,11.15,10.35,10.37,167611.76,178561.35
603608.SH,2020-07-16,10.27,10.47,9.6,9.64,140287.19,141312.23
603608.SH,2020-07-17,9.71,9.79,9.48,9.65,77351.6,74639.82
603608.SH,2020-07-20,9.68,9.86,9.61,9.86,76146.77,74236.15
603608.SH,2020-07-21,9.82,9.97,9.69,9.72,71919.7,70448.37
603608.SH,2020-07-22,9.74,9.94,9.65,9.83,86721.18,84924.1
603608.SH,2020-07-23,9.77,9.77,9.34,9.62,95635.63,91332.36
603608.SH,2020-07-24,9.54,9.63,8.92,9.01,101899.8,94288.59
603608.SH,2020-07-27,9.06,9.15,8.85,9.01,51435.7,46254.15
603608.SH,2020-07-28,9.03,9.23,9.01,9.12,51086.2,46551.48
603608.SH,2020-07-29,9.12,9.32,8.97,9.28,60013.6,55152.47
603608.SH,2020-07-30,9.29,9.34,9.14,9.16,56588.6,52213.6
603608.SH,2020-07-31,9.15,10.08,9.13,10.08,187305.37,182203.82
603608.SH,2020-08-03,10.08,10.93,10.08,10.42,275628.2,288281.48
603608.SH,2020-08-04,10.28,10.68,10.01,10.55,213610.49,219048.69
603608.SH,2020-08-05,10.3,10.47,10.1,10.24,114056.03,116946.56
603608.SH,2020-08-06,10.17,10.36,9.9,9.93,107151.18,107584.48
603608.SH,2020-08-07,9.94,9.94,9.47,9.57,94280.01,90898.78
603608.SH,2020-08-10,9.48,9.72,9.47,9.66,58129.0,55974.99
603608.SH,2020-08-11,9.66,9.87,9.48,9.5,62971.8,61040.89
603608.SH,2020-08-12,9.41,9.41,9.17,9.34,55074.08,51042.42
603608.SH,2020-08-13,9.44,9.83,9.39,9.59,62883.18,60541.9
603608.SH,2020-08-14,9.6,9.62,9.4,9.52,33862.4,32078.4
603608.SH,2020-08-17,9.57,9.74,9.49,9.7,51180.6,49380.97
603608.SH,2020-08-18,9.68,10.38,9.63,10.04,114273.04,114033.07
603608.SH,2020-08-19,9.97,10.0,9.68,9.71,67098.6,65818.28
603608.SH,2020-08-20,9.61,9.84,9.53,9.68,40077.86,38682.79
603608.SH,2020-08-21,9.67,9.75,9.55,9.63,37116.4,35818.25
603608.SH,2020-08-24,9.66,9.68,9.4,9.48,36797.0,34912.85
603608.SH,2020-08-25,9.44,9.56,9.41,9.48,29991.0,28408.51
603608.SH,2020-08-26,9.49,9.5,9.17,9.21,43156.8,40121.92
603608.SH,2020-08-27,9.19,9.28,9.05,9.24,29822.8,27359.77
603608.SH,2020-08-28,9.29,9.3,9.15,9.25,28568.8,26337.31
603608.SH,2020-08-31,9.23,9.38,9.21,9.23,34220.2,31792.46
603608.SH,2020-09-01,9.25,9.27,9.07,9.16,28015.48,25596.5
603608.SH,2020-09-02,9.18,9.22,9.1,9.18,30470.6,27916.56
603608.SH,2020-09-03,9.2,9.36,9.13,9.23,42413.48,39082.83
603608.SH,2020-09-04,9.15,9.16,9.06,9.13,28347.4,25836.58
603608.SH,2020-09-07,9.13,9.36,9.1,9.2,38059.2,35141.87
603608.SH,2020-09-08,9.2,9.2,9.08,9.15,30983.6,28269.48
603608.SH,2020-09-09,9.09,9.13,8.9,8.9,53094.6,47782.24
603608.SH,2020-09-10,8.95,9.0,8.38,8.41,55991.84,48458.29
603608.SH,2020-09-11,8.42,8.52,8.32,8.49,32253.0,27159.98
603608.SH,2020-09-14,8.53,8.71,8.46,8.69,30177.98,26005.87
603608.SH,2020-09-15,8.75,9.34,8.64,9.25,97351.4,88122.4
603608.SH,2020-09-16,9.27,9.27,8.85,8.86,69954.42,62976.21
603608.SH,2020-09-17,8.79,9.1,8.75,8.8,45124.75,40188.72
603608.SH,2020-09-18,8.83,8.95,8.7,8.91,37529.18,33087.29
603608.SH,2020-09-21,9.01,9.2,8.97,9.02,48587.0,44138.69
603608.SH,2020-09-22,8.95,9.01,8.72,8.78,37030.2,32797.89
603608.SH,2020-09-23,8.8,8.88,8.68,8.71,25231.4,22035.79
603608.SH,2020-09-24,8.7,8.7,8.44,8.47,31589.6,26883.22
603608.SH,2020-09-25,8.52,8.56,8.31,8.38,27172.8,22801.9
603608.SH,2020-09-28,8.5,8.66,8.27,8.28,37651.2,31731.94
603608.SH,2020-09-29,8.28,8.33,8.2,8.25,29518.4,24415.73
603608.SH,2020-09-30,8.25,8.29,8.1,8.14,22832.4,18707.77
603608.SH,2020-10-09,8.28,8.45,8.2,8.31,37355.41,31190.02
603608.SH,2020-10-12,8.21,8.38,8.13,8.36,35611.0,29572.83
603608.SH,2020-10-13,8.34,8.38,8.27,8.34,25978.0,21642.7
603608.SH,2020-10-14,8.33,8.41,8.16,8.19,33109.8,27358.69
603608.SH,2020-10-15,8.18,8.37,8.09,8.25,37498.0,30852.38
603608.SH,2020-10-16,8.25,8.3,8.19,8.24,21562.2,17737.9
603608.SH,2020-10-19,8.25,8.33,8.19,8.22,18779.2,15511.9
603608.SH,2020-10-20,8.22,8.3,8.13,8.3,23574.5,19401.49
603608.SH,2020-10-21,8.36,8.86,8.23,8.69,107852.0,92768.51
603608.SH,2020-10-22,8.66,8.76,8.5,8.53,63582.8,54645.11
603608.SH,2020-10-23,8.5,8.56,8.22,8.28,50015.6,41896.96
603608.SH,2020-10-26,8.2,8.47,8.1,8.33,33446.65,27688.1
603608.SH,2020-10-27,8.47,8.66,8.36,8.43,38537.0,32649.12
603608.SH,2020-10-28,8.42,8.42,8.2,8.31,29659.61,24596.31
603608.SH,2020-10-29,8.2,8.24,8.13,8.18,19397.2,15897.09
603608.SH,2020-10-30,8.25,8.26,8.0,8.01,27537.2,22323.05
603608.SH,2020-11-02,8.05,8.08,7.8,7.84,28679.8,22656.07
603608.SH,2020-11-03,7.85,7.96,7.84,7.95,17314.96,13712.73
603608.SH,2020-11-04,7.92,7.97,7.8,7.83,17425.2,13700.29
603608.SH,2020-11-05,7.86,7.98,7.86,7.95,20393.4,16141.23
603608.SH,2020-11-06,7.98,8.16,7.97,8.07,29416.2,23711.72
603608.SH,2020-11-09,8.08,8.23,8.04,8.21,35739.4,29093.02
603608.SH,2020-11-10,8.22,8.22,8.05,8.07,22359.6,18128.99
603608.SH,2020-11-11,8.06,8.07,7.85,7.89,26399.0,20885.61
603608.SH,2020-11-12,7.9,7.94,7.82,7.87,14026.36,11043.14
603608.SH,2020-11-13,7.88,7.9,7.81,7.85,16595.2,12997.56
603608.SH,2020-11-16,7.9,7.95,7.85,7.87,16975.76,13384.45
603608.SH,2020-11-17,7.87,7.92,7.63,7.68,36458.2,28193.25
603608.SH,2020-11-18,7.65,7.71,7.61,7.65,19491.6,14901.13
603608.SH,2020-11-19,7.62,7.8,7.56,7.69,27437.0,21074.47
603608.SH,2020-11-20,7.76,7.76,7.58,7.64,25499.4,19466.39
603608.SH,2020-11-23,7.64,7.68,7.58,7.65,20218.8,15421.27
603608.SH,2020-11-24,7.65,7.67,7.59,7.6,18561.4,14125.7
603608.SH,2020-11-25,7.64,7.64,7.51,7.51,19214.0,14511.26
603608.SH,2020-11-26,7.5,7.5,7.35,7.4,27960.58,20722.53
603608.SH,2020-11-27,7.42,7.43,7.28,7.32,22424.3,16442.62
603608.SH,2020-11-30,7.3,7.37,7.28,7.31,14630.6,10717.71
603608.SH,2020-12-01,7.33,7.4,7.28,7.39,17786.58,13067.77
603608.SH,2020-12-02,7.39,7.43,7.36,7.4,14819.8,10958.98
603608.SH,2020-12-03,7.4,7.47,7.37,7.42,15719.2,11679.44
603608.SH,2020-12-04,7.42,7.46,7.38,7.4,12560.0,9310.6
603608.SH,2020-12-07,7.35,7.38,7.28,7.28,20647.0,15077.16
603608.SH,2020-12-08,7.28,7.29,7.18,7.19,17679.4,12763.12
603608.SH,2020-12-09,7.17,7.2,6.96,6.98,30371.0,21420.43
603608.SH,2020-12-10,7.0,7.02,6.9,6.93,15781.8,10961.44
603608.SH,2020-12-11,6.95,7.1,6.9,6.99,19819.95,13871.49
603608.SH,2020-12-14,6.97,7.69,6.97,7.69,40177.88,30507.19
603608.SH,2020-12-15,8.25,8.46,7.75,7.88,278543.1,227632.49
603608.SH,2020-12-16,7.51,7.62,7.09,7.21,176309.4,129096.73
603608.SH,2020-12-17,7.06,7.16,6.91,7.09,84180.6,59064.57
603608.SH,2020-12-18,7.09,7.23,6.95,6.97,62862.3,44119.9
603608.SH,2020-12-21,6.95,6.97,6.79,6.82,57959.9,39632.11
603608.SH,2020-12-22,6.81,6.96,6.73,6.8,48783.8,33401.76
603608.SH,2020-12-23,6.77,6.8,6.6,6.64,43667.0,29081.65
603608.SH,2020-12-24,6.63,6.63,6.37,6.38,39036.0,25242.8
603608.SH,2020-12-25,6.36,6.45,6.34,6.39,23446.4,15018.74
603608.SH,2020-12-28,6.43,6.45,6.34,6.36,20436.6,13044.28
603608.SH,2020-12-29,6.36,6.6,6.33,6.51,32104.8,20806.44
603608.SH,2020-12-30,6.5,6.5,6.42,6.43,19196.4,12385.65
603608.SH,2020-12-31,6.45,6.5,6.4,6.42,22158.0,14267.826
603608.SH,2021-01-04,6.43,6.46,6.37,6.46,20809.6,13346.62
603608.SH,2021-01-05,6.44,6.58,6.44,6.53,23773.8,15480.24
603608.SH,2021-01-06,6.54,6.54,6.39,6.48,20057.7,12918.38
603608.SH,2021-01-07,6.47,6.47,6.14,6.17,33322.6,20928.43
603608.SH,2021-01-08,6.12,6.2,6.02,6.17,21615.2,13250.51
603608.SH,2021-01-11,6.15,6.17,6.01,6.05,25672.8,15592.47
603608.SH,2021-01-12,6.05,6.09,6.0,6.03,18498.6,11178.11
603608.SH,2021-01-13,5.99,6.0,5.75,5.82,34818.2,20353.57
603608.SH,2021-01-14,5.86,6.05,5.81,5.92,20192.6,11964.77
603608.SH,2021-01-15,6.0,6.2,5.93,6.14,32974.8,20141.79
603608.SH,2021-01-18,6.12,6.23,6.07,6.11,24923.6,15310.26
603608.SH,2021-01-19,6.07,6.3,6.04,6.25,33397.9,20728.36
603608.SH,2021-01-20,6.23,6.27,6.11,6.13,23612.8,14560.61
603608.SH,2021-01-21,6.17,6.22,6.1,6.16,21170.2,13082.78
603608.SH,2021-01-22,6.15,6.15,5.99,6.0,25396.2,15325.11
603608.SH,2021-01-25,5.98,6.04,5.84,5.86,18816.0,11068.99
603608.SH,2021-01-26,5.83,5.98,5.8,5.9,20457.0,12056.77
603608.SH,2021-01-27,5.91,6.08,5.83,5.99,20230.8,12096.46
603608.SH,2021-01-28,5.89,6.08,5.87,5.98,23107.2,13875.08
603608.SH,2021-01-29,5.98,5.99,5.8,5.87,25908.0,15274.87
603608.SH,2021-02-01,5.28,5.45,5.28,5.28,50194.6,26605.39
603608.SH,2021-02-02,5.08,5.25,5.08,5.17,52224.6,26867.58
603608.SH,2021-02-03,5.15,5.18,5.03,5.03,32120.38,16361.06
603608.SH,2021-02-04,5.08,5.19,4.94,5.1,34313.0,17329.32
603608.SH,2021-02-05,5.12,5.29,5.05,5.07,25995.64,13426.76
603608.SH,2021-02-08,5.07,5.1,4.96,4.99,20493.32,10271.35
603608.SH,2021-02-09,5.05,5.08,4.96,5.03,15826.2,7970.83
603608.SH,2021-02-10,5.03,5.21,5.02,5.09,23158.6,11815.58
603608.SH,2021-02-18,5.14,5.29,5.14,5.25,23183.4,12152.6
603608.SH,2021-02-19,5.25,5.65,5.25,5.58,45439.4,25030.2
603608.SH,2021-02-22,5.72,6.04,5.67,5.81,62223.24,36503.63
603608.SH,2021-02-23,5.85,5.88,5.68,5.69,32051.26,18438.28
603608.SH,2021-02-24,6.1,6.26,6.1,6.26,21322.0,13308.58
603608.SH,2021-02-25,6.6,6.62,6.02,6.03,139979.06,88159.94
603608.SH,2021-02-26,5.84,5.98,5.56,5.89,73770.93,42877.53
603608.SH,2021-03-01,5.94,6.2,5.9,6.11,55053.0,33520.32
603608.SH,2021-03-02,6.09,6.17,5.93,5.98,40965.6,24706.58
603608.SH,2021-03-03,5.95,6.06,5.85,5.94,36123.4,21509.12
603608.SH,2021-03-04,5.94,6.03,5.86,5.9,28966.2,17232.88
603608.SH,2021-03-05,5.89,5.98,5.88,5.95,22655.2,13464.31
603608.SH,2021-03-08,5.93,6.02,5.88,5.89,20799.0,12372.86
603608.SH,2021-03-09,5.86,5.9,5.65,5.73,25154.4,14515.74
603608.SH,2021-03-10,5.79,5.83,5.67,5.68,15611.0,8936.65
603608.SH,2021-03-11,5.71,5.79,5.61,5.79,18609.0,10639.29
603608.SH,2021-03-12,5.79,5.83,5.71,5.81,14957.07,8633.2
603608.SH,2021-03-15,5.81,5.87,5.76,5.81,17778.47,10342.7
603608.SH,2021-03-16,5.79,5.88,5.77,5.86,18645.2,10891.11
603608.SH,2021-03-17,5.9,5.97,5.85,5.88,19956.0,11766.38
603608.SH,2021-03-18,5.89,6.47,5.87,6.47,67077.27,42732.57
603608.SH,2021-03-19,6.45,6.45,6.05,6.19,160941.27,99856.39
603608.SH,2021-03-22,6.1,6.17,6.01,6.17,76646.8,46776.06
603608.SH,2021-03-23,6.14,6.14,5.9,5.99,59875.6,35925.2
603608.SH,2021-03-24,5.93,6.05,5.86,5.91,43188.0,25700.15
603608.SH,2021-03-25,6.05,6.35,6.04,6.09,94073.2,58095.06
603608.SH,2021-03-26,6.15,6.5,6.06,6.32,129879.97,81743.99
603608.SH,2021-03-29,6.25,6.25,6.04,6.17,90531.07,55631.65
603608.SH,2021-03-30,6.09,6.12,5.93,5.93,50321.5,30095.7
603608.SH,2021-03-31,5.94,5.94,5.8,5.85,33841.2,19736.97
603608.SH,2021-04-01,5.88,6.38,5.88,6.11,63321.2,38379.61
603608.SH,2021-04-02,6.0,6.33,5.91,6.21,81247.8,49563.6
603608.SH,2021-04-06,6.21,6.35,6.12,6.2,59412.2,36955.76
603608.SH,2021-04-07,6.2,6.43,6.2,6.4,101225.2,64039.87
603608.SH,2021-04-08,6.33,6.37,6.11,6.12,80598.6,50083.96
603608.SH,2021-04-09,6.17,6.35,6.11,6.2,49874.0,30998.29
603608.SH,2021-04-12,6.33,6.82,6.33,6.41,129661.67,84702.31
603608.SH,2021-04-13,6.34,6.4,5.93,6.05,94929.4,58603.21
603608.SH,2021-04-14,6.0,6.51,5.92,6.34,119493.82,75232.87
603608.SH,2021-04-15,6.26,6.39,6.17,6.22,56903.6,35548.47
603608.SH,2021-04-16,6.17,6.33,6.11,6.3,42697.96,26652.91
603608.SH,2021-04-19,6.3,6.35,6.21,6.24,42987.3,26866.9
603608.SH,2021-04-20,6.26,6.31,6.1,6.1,44005.0,27174.51
603608.SH,2021-04-21,6.02,6.12,6.02,6.06,25974.2,15754.02
603608.SH,2021-04-22,6.08,6.11,6.03,6.04,18884.8,11439.56
603608.SH,2021-04-23,6.04,6.06,5.92,5.94,28116.63,16741.16
603608.SH,2021-04-26,5.93,6.01,5.9,5.96,17131.5,10187.21
603608.SH,2021-04-27,5.94,6.02,5.83,5.99,29720.6,17650.85
603608.SH,2021-04-28,5.99,6.02,5.85,5.85,28844.8,17029.98
603608.SH,2021-04-29,5.86,6.28,5.86,6.05,49627.1,30118.75
603608.SH,2021-04-30,6.0,6.02,5.9,5.94,25076.0,14902.1
603608.SH,2021-05-06,5.9,6.09,5.86,5.96,19006.6,11339.92
603608.SH,2021-05-07,5.95,6.02,5.89,5.98,17815.4,10606.21
603608.SH,2021-05-10,5.98,6.02,5.92,5.99,20181.2,12070.26
603608.SH,2021-05-11,6.02,6.03,5.93,6.0,16918.2,10109.38
603608.SH,2021-05-12,6.0,6.17,5.97,6.13,33510.2,20389.38
603608.SH,2021-05-13,6.1,6.38,6.1,6.27,71325.33,44625.84
603608.SH,2021-05-14,6.48,6.9,6.39,6.9,238904.27,163531.62
603608.SH,2021-05-17,6.8,6.8,6.32,6.36,253577.18,164540.03
603608.SH,2021-05-18,6.22,6.46,6.18,6.32,102421.6,64658.48
603608.SH,2021-05-19,6.32,6.95,6.32,6.95,198597.88,134965.43
603608.SH,2021-05-20,7.09,7.44,6.8,7.07,331645.38,236097.39
603608.SH,2021-05-21,7.08,7.37,6.86,7.26,238635.64,169757.67
603608.SH,2021-05-24,7.1,7.22,6.83,6.92,175194.1,121587.43
603608.SH,2021-05-25,6.82,7.02,6.77,6.97,122217.29,84370.37
603608.SH,2021-05-26,6.9,6.92,6.75,6.79,115160.58,78666.84
603608.SH,2021-05-27,6.81,6.84,6.68,6.84,85702.45,57939.84
603608.SH,2021-05-28,6.83,7.02,6.75,6.88,98994.96,67902.09
603608.SH,2021-05-31,7.0,7.06,6.78,6.85,88687.05,61074.51
603608.SH,2021-06-01,6.79,6.97,6.77,6.92,78511.45,53720.37
603608.SH,2021-06-02,6.96,7.51,6.96,7.06,179450.84,129136.44
603608.SH,2021-06-03,6.94,7.28,6.79,6.95,152732.31,107012.35
603608.SH,2021-06-04,6.98,7.65,6.82,7.65,186667.45,138805.76
603608.SH,2021-06-07,7.78,7.85,7.26,7.36,275800.94,205859.17
603608.SH,2021-06-08,7.37,7.58,7.21,7.58,186496.14,138112.69
603608.SH,2021-06-09,7.49,7.5,7.21,7.25,131990.54,96069.78
603608.SH,2021-06-10,7.27,7.38,7.15,7.22,86506.51,62589.46
603608.SH,2021-06-11,7.11,7.21,7.02,7.04,73934.41,52602.91
603608.SH,2021-06-15,7.04,7.06,6.53,6.57,103881.2,69601.14
603608.SH,2021-06-16,6.47,6.48,6.34,6.41,39033.8,25026.8
603608.SH,2021-06-17,6.36,6.46,6.36,6.42,28507.03,18245.87
603608.SH,2021-06-18,6.42,6.42,6.29,6.34,41636.2,26373.85
603608.SH,2021-06-21,6.3,6.41,6.27,6.39,38120.0,24232.38
603608.SH,2021-06-22,6.39,6.53,6.34,6.49,47315.6,30526.94
603608.SH,2021-06-23,6.49,6.5,6.35,6.38,39753.6,25434.54
603608.SH,2021-06-24,6.38,6.38,6.23,6.23,38899.8,24483.86
603608.SH,2021-06-25,6.23,6.3,6.23,6.27,20742.0,12994.65
603608.SH,2021-06-28,6.26,6.34,6.24,6.33,31610.86,19872.34
603608.SH,2021-06-29,6.29,6.52,6.26,6.44,60011.4,38539.17
603608.SH,2021-06-30,6.45,6.59,6.36,6.54,65681.2,42621.99
603608.SH,2021-07-01,6.52,7.19,6.49,6.9,272570.42,189801.64
603608.SH,2021-07-02,6.73,6.73,6.4,6.47,182444.4,119188.99
603608.SH,2021-07-05,6.4,6.47,6.3,6.4,74434.6,47529.18
603608.SH,2021-07-06,6.37,6.46,6.27,6.32,57158.01,36241.53
603608.SH,2021-07-07,6.32,6.38,6.28,6.35,37459.4,23714.7
603608.SH,2021-07-08,6.35,6.36,6.22,6.22,45528.0,28589.04
603608.SH,2021-07-09,6.22,6.3,6.13,6.29,32962.4,20565.81
603608.SH,2021-07-12,6.29,6.42,6.26,6.32,40500.0,25702.01
603608.SH,2021-07-13,6.31,6.37,6.28,6.37,34032.0,21561.35
603608.SH,2021-07-14,6.35,6.39,6.22,6.24,36605.8,23055.16
603608.SH,2021-07-15,6.24,6.27,6.09,6.21,45799.0,28266.73
603608.SH,2021-07-16,6.18,6.24,6.16,6.2,19525.8,12092.44
603608.SH,2021-07-19,6.19,6.2,6.11,6.14,18979.0,11633.01
603608.SH,2021-07-20,6.12,6.28,6.1,6.25,28099.0,17367.01
603608.SH,2021-07-21,6.25,6.31,6.25,6.27,22929.8,14392.31
603608.SH,2021-07-22,6.25,6.28,6.16,6.17,24000.6,14882.99
603608.SH,2021-07-23,6.16,6.19,6.0,6.04,31644.8,19188.25
603608.SH,2021-07-26,6.01,6.11,5.84,5.96,25278.2,15137.75
603608.SH,2021-07-27,5.95,6.02,5.73,5.73,30197.6,17689.16
603608.SH,2021-07-28,5.7,5.72,5.38,5.48,31381.0,17347.35
603608.SH,2021-07-29,5.57,5.62,5.53,5.57,19819.6,11042.95
603608.SH,2021-07-30,5.53,5.58,5.47,5.56,19060.6,10538.47
603608.SH,2021-08-02,5.55,5.72,5.46,5.7,27979.7,15764.46
603608.SH,2021-08-03,5.72,5.82,5.69,5.74,22188.1,12780.13
603608.SH,2021-08-04,5.75,5.79,5.71,5.77,12129.46,6976.02
603608.SH,2021-08-05,5.78,5.78,5.64,5.67,17145.0,9760.41
603608.SH,2021-08-06,5.65,5.65,5.46,5.57,25640.2,14176.16
603608.SH,2021-08-09,5.56,5.66,5.53,5.65,17389.04,9790.95
603608.SH,2021-08-10,5.67,5.87,5.63,5.8,27888.2,16111.64
603608.SH,2021-08-11,5.83,5.84,5.75,5.76,16467.4,9493.58
603608.SH,2021-08-12,5.76,5.8,5.72,5.77,10522.2,6071.48
603608.SH,2021-08-13,5.79,5.8,5.7,5.73,15982.4,9164.38
603608.SH,2021-08-16,5.75,5.8,5.7,5.76,20139.94,11574.23
603608.SH,2021-08-17,5.77,5.79,5.58,5.59,21037.8,11977.08
603608.SH,2021-08-18,5.61,5.77,5.6,5.75,20665.61,11790.95
603608.SH,2021-08-19,5.76,5.84,5.75,5.79,26426.2,15309.07
603608.SH,2021-08-20,5.77,5.82,5.68,5.82,20211.6,11646.85
603608.SH,2021-08-23,5.8,5.85,5.76,5.81,29906.0,17333.79
603608.SH,2021-08-24,5.81,5.83,5.74,5.76,18894.8,10914.96
603608.SH,2021-08-25,5.71,5.84,5.71,5.81,15327.2,8891.21
603608.SH,2021-08-26,5.82,5.82,5.75,5.79,16832.59,9724.2
603608.SH,2021-08-27,5.77,5.78,5.69,5.71,16533.6,9459.29
603608.SH,2021-08-30,5.73,5.82,5.71,5.74,24202.0,13966.31
603608.SH,2021-08-31,5.74,5.76,5.66,5.75,17779.2,10157.5
603608.SH,2021-09-01,5.78,5.79,5.6,5.72,29263.2,16675.91
603608.SH,2021-09-02,5.7,5.74,5.64,5.73,17225.2,9804.69
603608.SH,2021-09-03,5.73,5.89,5.73,5.86,37162.84,21617.72
603608.SH,2021-09-06,5.85,5.91,5.83,5.9,27829.8,16348.73
603608.SH,2021-09-07,5.91,5.94,5.86,5.94,22169.84,13102.93
603608.SH,2021-09-08,5.96,6.06,5.93,6.05,32839.42,19702.17
603608.SH,2021-09-09,6.06,6.06,5.96,5.99,20250.4,12151.85
603608.SH,2021-09-10,6.0,6.05,5.91,5.92,21512.41,12826.19
603608.SH,2021-09-13,5.94,6.0,5.85,6.0,21607.0,12850.3
603608.SH,2021-09-14,6.04,6.04,5.87,5.9,21944.4,13086.6
603608.SH,2021-09-15,5.9,5.95,5.81,5.93,16660.2,9850.06
603608.SH,2021-09-16,5.87,6.0,5.83,5.84,25995.8,15352.69
603608.SH,2021-09-17,5.9,5.93,5.74,5.78,22313.0,12936.86
603608.SH,2021-09-22,5.74,5.82,5.6,5.8,19666.0,11284.54
603608.SH,2021-09-23,5.82,6.1,5.8,5.95,37166.4,22187.89
603608.SH,2021-09-24,5.97,5.97,5.86,5.86,23677.0,13967.86
603608.SH,2021-09-27,5.86,5.93,5.65,5.67,28406.4,16316.18
603608.SH,2021-09-28,5.66,5.73,5.62,5.65,12778.46,7218.15
603608.SH,2021-09-29,5.61,5.67,5.42,5.42,23436.3,12918.96
603608.SH,2021-09-30,5.44,5.57,5.43,5.55,13610.42,7494.6
603608.SH,2021-10-08,5.6,5.89,5.58,5.87,41536.2,24145.89
603608.SH,2021-10-11,5.86,5.9,5.77,5.82,20397.4,11879.32
603608.SH,2021-10-12,5.86,5.87,5.68,5.75,14688.0,8451.22
603608.SH,2021-10-13,5.8,5.81,5.67,5.73,11867.0,6803.08
603608.SH,2021-10-14,5.72,5.77,5.65,5.73,9250.0,5307.28
603608.SH,2021-10-15,5.76,5.77,5.67,5.68,12706.2,7249.96
603608.SH,2021-10-18,5.71,5.72,5.63,5.71,9291.0,5279.26
603608.SH,2021-10-19,5.72,5.73,5.65,5.66,11041.0,6265.95
603608.SH,2021-10-20,5.66,5.73,5.63,5.64,9158.8,5176.22
603608.SH,2021-10-21,5.63,5.65,5.55,5.58,16016.2,8957.06
603608.SH,2021-10-22,5.6,5.61,5.54,5.59,10134.0,5646.06
603608.SH,2021-10-25,5.79,5.79,5.52,5.56,24922.4,13916.83
603608.SH,2021-10-26,5.66,5.66,5.49,5.49,14204.2,7851.64
603608.SH,2021-10-27,5.49,5.53,5.23,5.31,24308.2,12955.3
603608.SH,2021-10-28,5.33,5.33,5.21,5.24,10470.8,5489.41
603608.SH,2021-10-29,5.3,5.45,5.25,5.4,20311.8,10900.02
603608.SH,2021-11-01,5.4,5.46,5.32,5.41,10583.0,5720.03
603608.SH,2021-11-02,5.42,5.43,5.18,5.28,20992.4,11119.56
603608.SH,2021-11-03,5.28,5.36,5.25,5.34,12210.4,6484.45
603608.SH,2021-11-04,5.36,5.37,5.31,5.37,11566.0,6191.77
603608.SH,2021-11-05,5.41,5.47,5.36,5.4,14683.6,7950.91
603608.SH,2021-11-08,5.4,5.55,5.37,5.52,18019.0,9884.31
603608.SH,2021-11-09,5.55,5.58,5.5,5.55,15535.21,8629.01
603608.SH,2021-11-10,5.55,5.62,5.51,5.59,20374.21,11327.44
603608.SH,2021-11-11,5.59,5.62,5.55,5.56,13232.81,7386.02
603608.SH,2021-11-12,5.52,5.6,5.52,5.57,11383.4,6345.58
603608.SH,2021-11-15,5.59,5.6,5.3,5.45,68104.61,36897.08
603608.SH,2021-11-16,5.43,5.51,5.38,5.39,19999.61,10884.27
603608.SH,2021-11-17,5.39,5.46,5.36,5.44,15928.8,8640.65
603608.SH,2021-11-18,5.44,5.44,5.37,5.38,14780.0,8000.72
603608.SH,2021-11-19,5.38,5.45,5.36,5.42,16013.4,8665.84
603608.SH,2021-11-22,5.44,5.44,5.39,5.43,11337.8,6135.13
603608.SH,2021-11-23,5.42,5.48,5.41,5.45,14272.61,7774.91
603608.SH,2021-11-24,5.43,5.62,5.43,5.59,35068.8,19467.18
603608.SH,2021-11-25,5.59,5.66,5.54,5.58,21486.0,12011.03
603608.SH,2021-11-26,5.6,5.62,5.47,5.5,21190.2,11684.87
603608.SH,2021-11-29,5.39,5.43,5.33,5.4,23530.4,12663.84
603608.SH,2021-11-30,5.36,5.57,5.35,5.57,52401.41,28717.53
603608.SH,2021-12-01,5.55,5.85,5.51,5.74,58723.8,33586.7
603608.SH,2021-12-02,5.79,5.83,5.7,5.72,28920.8,16661.9
603608.SH,2021-12-03,5.75,5.85,5.7,5.85,25994.41,15015.47
603608.SH,2021-12-06,5.86,5.87,5.69,5.72,32696.4,18816.74
603608.SH,2021-12-07,5.7,5.75,5.67,5.7,16022.4,9131.83
603608.SH,2021-12-08,5.67,5.81,5.66,5.76,21810.0,12529.2
603608.SH,2021-12-09,5.77,5.78,5.72,5.75,13507.41,7772.74
603608.SH,2021-12-10,5.75,6.33,5.75,6.13,277978.21,173378.04
603608.SH,2021-12-13,5.95,6.04,5.86,6.0,196983.41,117293.56
603608.SH,2021-12-14,5.95,6.22,5.95,6.1,79358.22,48445.43
603608.SH,2021-12-15,6.14,6.57,6.05,6.41,136602.44,86314.65
603608.SH,2021-12-16,6.36,6.64,6.32,6.6,113249.36,73548.47
603608.SH,2021-12-17,6.56,6.82,6.45,6.56,88809.58,58182.61
603608.SH,2021-12-20,6.54,6.64,6.5,6.54,47060.4,30861.93
603608.SH,2021-12-21,6.53,6.6,6.5,6.56,42495.2,27820.11
603608.SH,2021-12-22,6.55,6.84,6.52,6.56,72509.6,47910.98
603608.SH,2021-12-23,6.59,6.59,6.4,6.42,46801.8,30287.37
603608.SH,2021-12-24,6.38,6.48,6.3,6.34,35230.86,22404.0
603608.SH,2021-12-27,6.34,6.52,6.25,6.41,43170.2,27473.63
603608.SH,2021-12-28,6.44,6.47,6.37,6.43,21977.8,14133.13
603608.SH,2021-12-29,6.43,6.45,6.33,6.39,17272.2,11039.04
603608.SH,2021-12-30,6.37,6.75,6.37,6.58,46721.43,30729.14
603608.SH,2021-12-31,6.58,6.62,6.49,6.52,26007.2,16955.946
603608.SH,2022-01-04,6.58,6.65,6.52,6.59,29984.0,19790.16
603608.SH,2022-01-05,6.6,6.66,6.47,6.53,39259.4,25743.25
603608.SH,2022-01-06,6.49,6.77,6.49,6.71,55945.0,37425.4
603608.SH,2022-01-07,6.71,6.77,6.56,6.57,36755.2,24483.69
603608.SH,2022-01-10,6.58,6.67,6.47,6.61,20737.6,13674.21
603608.SH,2022-01-11,6.56,6.72,6.55,6.6,30222.8,20021.88
603608.SH,2022-01-12,6.5,6.98,6.29,6.88,180142.55,119362.63
603608.SH,2022-01-13,6.91,7.05,6.77,6.79,75859.61,52204.27
603608.SH,2022-01-14,6.91,6.91,6.72,6.72,42286.2,28632.2
603608.SH,2022-01-17,6.7,6.79,6.61,6.64,35352.6,23526.53
603608.SH,2022-01-18,6.63,6.65,6.35,6.37,51817.4,33459.19
603608.SH,2022-01-19,6.37,6.6,6.35,6.51,45827.0,29817.36
603608.SH,2022-01-20,6.52,6.53,6.13,6.14,43585.0,27441.2
603608.SH,2022-01-21,6.14,6.3,6.06,6.11,32449.0,19969.6
603608.SH,2022-01-24,6.13,6.17,5.98,6.07,22078.0,13354.83
603608.SH,2022-01-25,6.01,6.09,5.8,5.82,26651.81,15781.97
603608.SH,2022-01-26,5.85,5.92,5.78,5.84,18568.2,10870.55
603608.SH,2022-01-27,5.82,5.84,5.56,5.57,40152.01,22674.49
603608.SH,2022-01-28,5.67,5.96,5.59,5.86,38274.2,22199.42
603608.SH,2022-02-07,5.9,5.92,5.68,5.83,33592.4,19462.77
603608.SH,2022-02-08,5.84,6.08,5.8,6.05,33028.4,19786.95
603608.SH,2022-02-09,6.1,6.16,6.02,6.13,21911.8,13402.08
603608.SH,2022-02-10,6.16,6.16,6.06,6.1,23604.6,14388.65
603608.SH,2022-02-11,6.13,6.15,6.0,6.07,30935.6,18818.24
603608.SH,2022-02-14,6.06,6.23,6.03,6.2,31858.2,19666.86
603608.SH,2022-02-15,6.22,6.35,6.15,6.17,33605.0,20930.51
603608.SH,2022-02-16,6.22,6.27,6.14,6.26,21036.4,13073.29
603608.SH,2022-02-17,6.25,6.43,6.2,6.32,29847.0,18940.78
603608.SH,2022-02-18,6.28,6.37,6.23,6.26,30373.2,19041.33
603608.SH,2022-02-21,6.23,6.3,6.22,6.29,24930.4,15628.91
603608.SH,2022-02-22,6.32,6.33,6.06,6.08,31949.8,19669.61
603608.SH,2022-02-23,6.1,6.13,6.02,6.02,20674.8,12493.36
603608.SH,2022-02-24,6.02,6.05,5.69,5.86,54580.51,32142.9
603608.SH,2022-02-25,5.85,5.95,5.78,5.8,31265.0,18318.8
603608.SH,2022-02-28,5.8,5.85,5.62,5.69,25349.4,14424.37
603608.SH,2022-03-01,5.71,5.81,5.71,5.77,15433.41,8907.35
603608.SH,2022-03-02,5.77,5.86,5.76,5.83,13985.0,8136.47
603608.SH,2022-03-03,5.83,5.87,5.77,5.79,14966.0,8684.47
603608.SH,2022-03-04,5.78,5.79,5.66,5.7,19859.0,11353.27
603608.SH,2022-03-07,5.66,5.73,5.6,5.67,18544.94,10528.39
603608.SH,2022-03-08,5.68,5.7,5.41,5.43,21283.0,11755.42
603608.SH,2022-03-09,5.45,5.53,5.15,5.3,27289.2,14504.85
603608.SH,2022-03-10,5.39,5.48,5.35,5.38,21640.65,11717.09
603608.SH,2022-03-11,5.4,5.4,5.11,5.35,36807.0,19287.1
603608.SH,2022-03-14,5.37,5.44,5.22,5.26,20385.2,10889.79
603608.SH,2022-03-15,5.21,5.28,4.97,5.0,27958.0,14370.6
603608.SH,2022-03-16,5.06,5.22,4.92,5.16,29124.8,14835.44
603608.SH,2022-03-17,5.24,5.31,5.15,5.18,34089.4,17812.74
603608.SH,2022-03-18,5.12,5.41,5.12,5.34,36636.2,19430.89
603608.SH,2022-03-21,5.38,5.42,5.27,5.39,23293.2,12449.47
603608.SH,2022-03-22,5.35,5.41,5.27,5.39,17092.4,9154.66
603608.SH,2022-03-23,5.39,5.42,5.29,5.36,18269.6,9747.63
603608.SH,2022-03-24,5.37,5.37,5.2,5.21,19681.8,10340.89
603608.SH,2022-03-25,5.22,5.4,5.21,5.37,33144.23,17729.04
603608.SH,2022-03-28,5.39,5.42,5.25,5.37,21935.8,11753.25
603608.SH,2022-03-29,5.42,5.42,5.21,5.24,20539.22,10830.19
603608.SH,2022-03-30,5.28,5.3,5.2,5.24,17713.4,9291.19
603608.SH,2022-03-31,5.24,5.32,5.21,5.24,24679.8,12993.65
603608.SH,2022-04-01,5.25,5.26,5.16,5.19,25950.05,13481.48
603608.SH,2022-04-06,5.24,5.4,5.18,5.35,37271.07,19954.56
603608.SH,2022-04-07,5.33,5.35,5.16,5.17,30580.4,16023.73
603608.SH,2022-04-08,5.17,5.19,5.04,5.07,24420.6,12410.3
603608.SH,2022-04-11,5.06,5.08,4.91,4.96,19883.0,9892.37
603608.SH,2022-04-12,4.96,5.13,4.92,5.13,19073.0,9555.46
603608.SH,2022-04-13,5.08,5.15,4.99,5.0,15103.4,7613.53
603608.SH,2022-04-14,5.0,5.07,4.98,4.98,11183.0,5611.58
603608.SH,2022-04-15,4.99,4.99,4.84,4.87,29202.2,14311.42
603608.SH,2022-04-18,4.8,4.94,4.78,4.94,16053.8,7823.16
603608.SH,2022-04-19,4.95,5.02,4.88,5.02,18530.21,9210.98
603608.SH,2022-04-20,5.02,5.12,5.02,5.07,29233.6,14818.58
603608.SH,2022-04-21,5.09,5.18,4.8,4.93,29518.4,14834.47
603608.SH,2022-04-22,4.87,5.35,4.87,5.14,49525.9,25296.32
603608.SH,2022-04-25,5.13,5.13,4.64,4.68,59500.0,28911.31
603608.SH,2022-04-26,4.63,4.73,4.31,4.36,40950.6,18419.47
603608.SH,2022-04-27,4.26,4.37,4.06,4.35,44896.99,18772.19
603608.SH,2022-04-28,4.31,4.39,4.04,4.1,40781.8,16892.1
603608.SH,2022-04-29,4.08,4.4,4.06,4.32,37688.0,16088.8
603608.SH,2022-05-05,4.36,4.4,4.22,4.3,23967.6,10372.67
603608.SH,2022-05-06,4.2,4.4,4.12,4.34,30138.2,13030.45
603608.SH,2022-05-09,4.67,4.77,4.38,4.77,56203.99,26195.09
603608.SH,2022-05-10,4.75,4.77,4.63,4.73,44935.81,21190.33
603608.SH,2022-05-11,4.7,4.78,4.59,4.61,41700.2,19377.88
603608.SH,2022-05-12,4.56,4.63,4.51,4.55,20165.0,9201.83
603608.SH,2022-05-13,4.57,4.72,4.56,4.58,22834.0,10593.17
603608.SH,2022-05-16,4.62,4.62,4.51,4.56,16647.78,7599.07
603608.SH,2022-05-17,4.58,4.58,4.47,4.51,15925.0,7176.93
603608.SH,2022-05-18,4.54,4.65,4.52,4.62,18173.4,8383.82
603608.SH,2022-05-19,4.61,4.61,4.52,4.57,14303.0,6523.54
603608.SH,2022-05-20,4.6,4.65,4.56,4.6,14575.8,6704.37
603608.SH,2022-05-23,4.61,4.67,4.58,4.65,14265.4,6623.8
603608.SH,2022-05-24,4.64,4.67,4.28,4.29,70015.8,31146.73
603608.SH,2022-05-25,4.35,4.5,4.3,4.49,36258.0,16129.71
603608.SH,2022-05-26,4.47,4.53,4.36,4.53,20934.85,9371.38
603608.SH,2022-05-27,4.48,4.98,4.48,4.77,140213.8,68189.84
603608.SH,2022-05-30,4.67,4.73,4.61,4.7,110149.02,51449.53
603608.SH,2022-05-31,4.7,4.88,4.23,4.85,74612.6,35323.0
603608.SH,2022-06-01,4.79,4.88,4.7,4.74,42375.0,20211.3
603608.SH,2022-06-02,4.74,4.75,4.59,4.62,42031.2,19461.5
603608.SH,2022-06-06,4.6,4.67,4.58,4.62,27097.8,12535.88
603608.SH,2022-06-07,4.61,4.64,4.52,4.56,25511.8,11650.74
603608.SH,2022-06-08,4.58,4.6,4.47,4.57,28445.6,12915.59
603608.SH,2022-06-09,4.57,4.57,4.37,4.43,37033.2,16448.11
603608.SH,2022-06-10,4.42,4.47,4.37,4.43,21438.2,9501.21
603608.SH,2022-06-13,4.43,4.46,4.34,4.4,24102.81,10576.31
603608.SH,2022-06-14,4.38,4.48,4.3,4.48,42433.01,18688.49
603608.SH,2022-06-15,4.66,4.93,4.66,4.93,246765.81,120734.97
603608.SH,2022-06-16,4.66,5.23,4.6,5.23,325816.79,159855.44
603608.SH,2022-06-17,5.05,5.06,4.85,4.9,182324.4,89548.43
603608.SH,2022-06-20,4.9,4.98,4.8,4.91,115676.56,56244.66
603608.SH,2022-06-21,4.87,4.9,4.73,4.81,76002.69,36504.96
603608.SH,2022-06-22,4.75,4.8,4.6,4.61,80730.96,37716.49
603608.SH,2022-06-23,4.59,4.64,4.54,4.63,49953.4,22997.22
603608.SH,2022-06-24,4.67,4.68,4.57,4.59,46152.4,21259.93
603608.SH,2022-06-27,4.61,4.81,4.55,4.73,96456.14,45157.37
603608.SH,2022-06-28,4.69,4.77,4.64,4.74,51638.46,24395.88
603608.SH,2022-06-29,4.73,4.75,4.66,4.66,38430.46,18036.99
603608.SH,2022-06-30,4.64,4.7,4.61,4.63,30951.8,14380.64
603608.SH,2022-07-01,4.64,4.7,4.57,4.7,33831.8,15681.06
603608.SH,2022-07-04,4.75,4.93,4.66,4.86,82494.6,39704.43
603608.SH,2022-07-05,4.82,4.87,4.7,4.79,54293.0,25938.21
603608.SH,2022-07-06,4.79,4.84,4.68,4.83,58514.9,27920.04
603608.SH,2022-07-07,4.8,4.81,4.74,4.74,37368.6,17798.88
603608.SH,2022-07-08,4.75,4.79,4.7,4.77,27260.2,12961.53
603608.SH,2022-07-11,4.77,4.77,4.61,4.62,42475.8,19759.38
603608.SH,2022-07-12,4.62,4.66,4.55,4.56,23249.2,10643.65
603608.SH,2022-07-13,4.56,4.63,4.55,4.62,20796.4,9571.01
603608.SH,2022-07-14,4.6,4.64,4.56,4.57,23667.0,10892.69
603608.SH,2022-07-15,4.56,4.56,4.31,4.33,58809.42,25848.65
603608.SH,2022-07-18,4.36,4.52,4.32,4.48,35583.0,15882.66
603608.SH,2022-07-19,4.47,4.54,4.46,4.54,31145.0,14043.51
603608.SH,2022-07-20,4.55,4.6,4.52,4.58,17308.61,7907.11
603608.SH,2022-07-21,4.6,4.67,4.53,4.57,23250.2,10661.36
603608.SH,2022-07-22,4.63,4.66,4.49,4.56,15481.26,7060.56
603608.SH,2022-07-25,4.59,4.63,4.53,4.57,15439.54,7072.58
603608.SH,2022-07-26,4.59,4.62,4.52,4.61,13554.8,6187.11
603608.SH,2022-07-27,4.6,4.64,4.57,4.61,17822.8,8226.26
603608.SH,2022-07-28,4.64,4.7,4.62,4.63,24301.52,11328.34
603608.SH,2022-07-29,4.65,4.72,4.61,4.65,30514.0,14184.44
603608.SH,2022-08-01,4.67,4.69,4.6,4.61,22422.68,10380.93
603608.SH,2022-08-02,4.62,4.62,4.33,4.41,40715.48,18009.03
603608.SH,2022-08-03,4.39,4.5,4.39,4.39,23186.0,10281.71
603608.SH,2022-08-04,4.39,4.59,4.37,4.58,29128.47,13014.26
603608.SH,2022-08-05,4.52,4.53,4.42,4.49,24980.0,11165.91
603608.SH,2022-08-08,4.49,4.52,4.46,4.52,15502.0,6974.1
603608.SH,2022-08-09,4.52,4.54,4.44,4.5,17398.0,7795.7
603608.SH,2022-08-10,4.5,4.56,4.46,4.55,18420.16,8323.93
603608.SH,2022-08-11,4.57,4.64,4.55,4.63,21648.87,9986.5
603608.SH,2022-08-12,4.64,4.71,4.57,4.68,24349.0,11391.43
603608.SH,2022-08-15,4.72,4.72,4.6,4.61,20419.0,9445.75
603608.SH,2022-08-16,4.61,4.67,4.61,4.65,14906.04,6922.1
603608.SH,2022-08-17,4.65,4.69,4.61,4.66,18090.4,8404.15
603608.SH,2022-08-18,4.63,4.65,4.59,4.61,13496.67,6223.9
603608.SH,2022-08-19,4.62,4.68,4.59,4.6,13893.2,6443.76
603608.SH,2022-08-22,4.58,4.65,4.53,4.6,24074.2,11078.66
603608.SH,2022-08-23,4.59,4.63,4.57,4.62,16055.21,7387.56
603608.SH,2022-08-24,4.62,4.63,4.48,4.5,21377.46,9724.23
603608.SH,2022-08-25,4.52,4.55,4.42,4.49,19787.0,8845.97
603608.SH,2022-08-26,4.49,4.53,4.43,4.45,12848.0,5763.81
603608.SH,2022-08-29,4.44,4.55,4.39,4.54,21419.4,9615.74
603608.SH,2022-08-30,4.55,4.65,4.51,4.62,29027.6,13360.89
603608.SH,2022-08-31,4.65,4.67,4.54,4.61,29371.8,13515.62
603608.SH,2022-09-01,4.59,4.66,4.56,4.57,23130.4,10679.23
603608.SH,2022-09-02,4.61,4.66,4.57,4.66,24828.0,11511.14
603608.SH,2022-09-05,4.66,4.7,4.62,4.66,24856.7,11548.36
603608.SH,2022-09-06,4.67,4.7,4.64,4.68,20243.4,9454.86
603608.SH,2022-09-07,4.64,4.68,4.61,4.64,17226.8,7979.55
603608.SH,2022-09-08,4.65,4.67,4.53,4.59,26501.0,12186.29
603608.SH,2022-09-09,4.57,4.62,4.53,4.59,14823.4,6790.02
603608.SH,2022-09-13,4.6,4.69,4.57,4.68,30580.82,14267.93
603608.SH,2022-09-14,4.63,4.68,4.61,4.65,18883.6,8767.73
603608.SH,2022-09-15,4.65,4.66,4.53,4.6,21244.6,9758.26
603608.SH,2022-09-16,4.61,4.61,4.34,4.36,34731.0,15492.1
603608.SH,2022-09-19,4.4,4.4,4.12,4.22,45592.0,19248.18
603608.SH,2022-09-20,4.24,4.36,4.22,4.33,27111.38,11719.38
603608.SH,2022-09-21,4.34,4.44,4.26,4.42,19197.6,8348.89
603608.SH,2022-09-22,4.38,4.45,4.31,4.33,16989.8,7424.78
603608.SH,2022-09-23,4.31,4.37,4.15,4.16,36281.9,15320.27
603608.SH,2022-09-26,4.13,4.14,3.98,4.02,35837.0,14526.72
603608.SH,2022-09-27,4.06,4.2,4.05,4.19,22895.0,9452.28
603608.SH,2022-09-28,4.2,4.26,4.11,4.12,22678.98,9502.49
603608.SH,2022-09-29,4.16,4.24,3.97,4.0,36564.4,14825.67
603608.SH,2022-09-30,4.0,4.04,3.93,4.0,26249.62,10501.36
603608.SH,2022-10-10,4.0,4.06,3.91,3.95,17737.0,7068.88
603608.SH,2022-10-11,3.95,4.0,3.84,3.92,21919.0,8567.1
603608.SH,2022-10-12,3.93,3.99,3.8,3.98,18683.8,7340.6
603608.SH,2022-10-13,3.96,4.12,3.95,4.12,22263.0,9041.73
603608.SH,2022-10-14,4.12,4.19,4.12,4.14,22366.2,9266.54
603608.SH,2022-10-17,4.16,4.23,4.1,4.21,22367.0,9353.52
603608.SH,2022-10-18,4.24,4.27,4.14,4.16,13049.0,5455.54
603608.SH,2022-10-19,4.14,4.19,4.08,4.11,14508.0,5977.15
603608.SH,2022-10-20,4.07,4.18,4.07,4.12,19141.0,7922.6
603608.SH,2022-10-21,4.13,4.17,4.07,4.09,18715.0,7700.34
603608.SH,2022-10-24,4.11,4.18,3.99,4.02,22061.0,9026.05
603608.SH,2022-10-25,4.0,4.06,3.92,3.97,18886.8,7492.41
603608.SH,2022-10-26,4.01,4.1,3.94,4.05,19010.0,7690.71
603608.SH,2022-10-27,4.05,4.12,4.0,4.07,16633.0,6790.12
603608.SH,2022-10-28,4.08,4.09,3.91,3.93,24103.4,9572.81
603608.SH,2022-10-31,3.89,3.99,3.88,3.97,16950.81,6688.51
603608.SH,2022-11-01,3.99,4.05,3.96,4.05,10928.8,4385.42
603608.SH,2022-11-02,4.07,4.21,4.02,4.13,32123.2,13245.89
603608.SH,2022-11-03,4.1,4.18,4.07,4.11,17658.01,7259.1
603608.SH,2022-11-04,4.11,4.22,4.1,4.18,24112.61,10071.16
603608.SH,2022-11-07,4.21,4.47,4.16,4.46,89699.22,39311.53
603608.SH,2022-11-08,4.4,4.55,4.38,4.45,53030.2,23509.95
603608.SH,2022-11-09,4.42,4.49,4.39,4.39,44204.6,19578.31
603608.SH,2022-11-10,4.38,4.46,4.38,4.42,24388.41,10792.17
603608.SH,2022-11-11,4.5,4.52,4.35,4.38,37881.24,16793.5
603608.SH,2022-11-14,4.38,4.42,4.33,4.33,23209.8,10117.73
603608.SH,2022-11-15,4.37,4.38,4.32,4.37,20081.43,8729.58
603608.SH,2022-11-16,4.35,4.42,4.34,4.39,17096.0,7497.53
603608.SH,2022-11-17,4.42,4.46,4.38,4.41,28185.0,12439.27
603608.SH,2022-11-18,4.41,4.44,4.33,4.35,17074.41,7457.07
603608.SH,2022-11-21,4.36,4.36,4.27,4.3,19943.0,8584.25
603608.SH,2022-11-22,4.34,4.38,4.25,4.29,20770.78,8955.84
603608.SH,2022-11-23,4.3,4.32,4.19,4.25,26910.4,11440.32
603608.SH,2022-11-24,4.25,4.35,4.25,4.29,16642.2,7180.65
603608.SH,2022-11-25,4.27,4.32,4.25,4.25,14505.18,6209.84
603608.SH,2022-11-28,4.23,4.26,4.18,4.24,14652.0,6172.8
603608.SH,2022-11-29,4.24,4.34,4.21,4.31,22103.15,9490.28
603608.SH,2022-11-30,4.36,4.39,4.31,4.35,22748.0,9892.26
603608.SH,2022-12-01,4.38,4.42,4.36,4.37,21429.6,9412.5
603608.SH,2022-12-02,4.34,4.51,4.34,4.5,42850.2,19179.94
603608.SH,2022-12-05,4.51,4.65,4.5,4.55,36175.4,16510.43
603608.SH,2022-12-06,4.53,4.6,4.47,4.51,33873.4,15293.32
603608.SH,2022-12-07,4.52,4.55,4.44,4.51,43184.6,19471.64
603608.SH,2022-12-08,4.6,4.6,4.5,4.56,45640.01,20784.64
603608.SH,2022-12-09,4.6,4.6,4.45,4.49,31438.02,14136.34
603608.SH,2022-12-12,4.49,4.51,4.39,4.4,26891.2,11923.04
603608.SH,2022-12-13,4.41,4.84,4.41,4.84,170603.02,80620.61
603608.SH,2022-12-14,4.75,4.86,4.63,4.7,184498.68,87073.17
603608.SH,2022-12-15,4.7,4.88,4.69,4.71,107722.8,51309.22
603608.SH,2022-12-16,4.77,4.93,4.76,4.77,84227.64,40576.11
603608.SH,2022-12-19,4.81,4.89,4.58,4.65,76756.0,35912.62
603608.SH,2022-12-20,4.67,4.68,4.55,4.59,43725.0,20145.32
603608.SH,2022-12-21,4.6,4.68,4.57,4.64,43134.4,19959.07
603608.SH,2022-12-22,4.64,4.69,4.56,4.59,36923.0,17069.62
603608.SH,2022-12-23,4.57,4.59,4.4,4.49,67189.01,30181.21
603608.SH,2022-12-26,4.48,4.58,4.47,4.51,46506.6,20956.52
603608.SH,2022-12-27,4.49,4.6,4.43,4.56,39111.0,17717.2
603608.SH,2022-12-28,4.58,4.59,4.41,4.45,48597.08,21699.26
603608.SH,2022-12-29,4.47,4.48,4.35,4.37,34591.88,15205.08
603608.SH,2022-12-30,4.37,4.42,4.33,4.38,27313.0,11946.42
603608.SH,2023-01-03,4.39,4.5,4.36,4.48,31424.6,13958.33
603608.SH,2023-01-04,4.48,4.55,4.45,4.48,32359.6,14539.56
603608.SH,2023-01-05,4.5,4.5,4.42,4.44,35827.82,15955.67
603608.SH,2023-01-06,4.44,4.46,4.32,4.37,48023.0,20992.04
603608.SH,2023-01-09,4.36,4.4,4.35,4.37,28207.8,12332.09
603608.SH,2023-01-10,4.35,4.38,4.25,4.26,27614.0,11851.12
603608.SH,2023-01-11,4.26,4.32,4.18,4.2,29239.0,12361.17
603608.SH,2023-01-12,4.19,4.23,4.15,4.19,26538.6,11111.05
603608.SH,2023-01-13,4.21,4.23,4.16,4.21,38580.2,16178.14
603608.SH,2023-01-16,4.23,4.29,4.2,4.29,42786.8,18193.58
603608.SH,2023-01-17,4.29,4.31,4.18,4.2,30368.0,12833.27
603608.SH,2023-01-18,4.23,4.24,4.16,4.19,25196.0,10604.39
603608.SH,2023-01-19,4.17,4.23,4.17,4.2,25272.6,10583.76
603608.SH,2023-01-20,4.22,4.25,4.2,4.24,28598.0,12072.42
603608.SH,2023-01-30,4.32,4.35,4.26,4.34,57704.3,24925.24
603608.SH,2023-01-31,4.34,4.36,4.3,4.35,33916.21,14684.12
603608.SH,2023-02-01,4.33,4.43,4.31,4.42,40641.27,17783.2
603608.SH,2023-02-02,4.42,4.57,4.37,4.52,66761.96,29922.36
603608.SH,2023-02-03,4.52,4.64,4.5,4.57,62533.6,28559.41
603608.SH,2023-02-06,4.55,4.64,4.51,4.62,63435.31,29098.3
603608.SH,2023-02-07,4.66,4.66,4.55,4.61,35372.82,16255.59
603608.SH,2023-02-08,4.61,4.63,4.57,4.59,27777.0,12784.43
603608.SH,2023-02-09,4.59,4.61,4.55,4.61,28550.2,13078.57
603608.SH,2023-02-10,4.61,4.65,4.56,4.6,35695.2,16399.21
603608.SH,2023-02-13,4.64,4.65,4.57,4.61,47719.2,21983.02
603608.SH,2023-02-14,4.64,4.65,4.59,4.59,31902.0,14710.41
603608.SH,2023-02-15,4.62,4.62,4.56,4.61,25728.6,11824.24
603608.SH,2023-02-16,4.62,4.65,4.48,4.53,52389.01,24059.77
603608.SH,2023-02-17,4.48,4.64,4.47,4.54,43865.2,20106.16
603608.SH,2023-02-20,4.5,4.63,4.5,4.59,31262.2,14256.21
603608.SH,2023-02-21,4.64,4.64,4.53,4.55,35569.8,16247.91
603608.SH,2023-02-22,4.6,4.6,4.51,4.56,23283.6,10564.53
603608.SH,2023-02-23,4.56,4.6,4.54,4.56,25882.2,11849.7
603608.SH,2023-02-24,4.56,4.6,4.5,4.58,27949.2,12753.58
603608.SH,2023-02-27,4.58,4.63,4.52,4.55,32988.48,15090.57
603608.SH,2023-02-28,4.57,4.74,4.55,4.73,78648.08,36835.68
603608.SH,2023-03-01,4.7,4.84,4.51,4.68,65425.2,30709.77
603608.SH,2023-03-02,4.67,4.86,4.67,4.76,64588.4,30834.03
603608.SH,2023-03-03,4.8,4.82,4.72,4.74,36584.6,17406.2
603608.SH,2023-03-06,4.79,4.79,4.63,4.68,46705.0,21824.35
603608.SH,2023-03-07,4.71,4.71,4.57,4.59,26851.2,12431.62
603608.SH,2023-03-08,4.57,4.63,4.54,4.6,24064.4,11040.35
603608.SH,2023-03-09,4.6,4.62,4.51,4.58,32896.0,15034.81
603608.SH,2023-03-10,4.54,4.6,4.47,4.49,26707.6,12053.12
603608.SH,2023-03-13,4.49,4.49,4.39,4.45,25688.2,11370.27
603608.SH,2023-03-14,4.45,4.45,4.3,4.37,33443.2,14581.35
603608.SH,2023-03-15,4.38,4.43,4.35,4.39,21555.0,9485.24
603608.SH,2023-03-16,4.37,4.41,4.3,4.33,33653.0,14637.97
603608.SH,2023-03-17,4.36,4.4,4.32,4.35,23235.38,10131.14
603608.SH,2023-03-20,4.33,4.43,4.33,4.35,28553.6,12474.71
603608.SH,2023-03-21,4.38,4.43,4.3,4.42,21383.0,9359.7
603608.SH,2023-03-22,4.42,4.54,4.4,4.52,34393.8,15431.58
603608.SH,2023-03-23,4.51,4.53,4.45,4.47,23587.6,10556.72
603608.SH,2023-03-24,4.47,4.48,4.41,4.44,20825.2,9254.13
603608.SH,2023-03-27,4.47,4.47,4.36,4.42,24066.0,10614.29
603608.SH,2023-03-28,4.44,4.46,4.36,4.43,28887.0,12754.18
603608.SH,2023-03-29,4.41,4.42,4.32,4.35,24506.2,10696.97
603608.SH,2023-03-30,4.35,4.35,4.23,4.28,38453.4,16434.6
603608.SH,2023-03-31,4.3,4.32,4.28,4.3,17501.01,7522.65
603608.SH,2023-04-03,4.35,4.35,4.26,4.29,27076.6,11619.58
603608.SH,2023-04-04,4.29,4.32,4.17,4.19,32938.6,13898.2
603608.SH,2023-04-06,4.15,4.19,4.09,4.1,38503.6,15906.43
603608.SH,2023-04-07,4.1,4.15,4.08,4.11,29602.8,12153.12
603608.SH,2023-04-10,4.11,4.12,4.04,4.06,43530.5,17745.07
603608.SH,2023-04-11,4.08,4.11,4.02,4.08,25289.21,10292.45
603608.SH,2023-04-12,4.1,4.16,4.07,4.15,32623.4,13447.05
603608.SH,2023-04-13,4.15,4.21,4.13,4.19,29644.0,12396.51
603608.SH,2023-04-14,4.2,4.22,4.12,4.15,28738.0,11958.89
603608.SH,2023-04-17,4.2,4.2,4.11,4.16,25421.2,10565.2
603608.SH,2023-04-18,4.17,4.17,4.05,4.08,33883.0,13820.26
603608.SH,2023-04-19,4.07,4.11,4.06,4.07,22285.0,9091.91
603608.SH,2023-04-20,4.06,4.09,3.99,4.05,22648.4,9133.21
603608.SH,2023-04-21,4.04,4.07,3.97,3.98,23426.2,9398.66
603608.SH,2023-04-24,4.0,4.03,3.9,3.95,34888.6,13783.38
603608.SH,2023-04-25,3.98,4.0,3.86,3.91,30653.2,11971.67
603608.SH,2023-04-26,3.92,4.03,3.92,3.98,34273.0,13682.65
603608.SH,2023-04-27,3.98,4.05,3.94,3.97,28384.0,11336.33
603608.SH,2023-04-28,3.98,4.19,3.97,4.15,55800.6,22873.52
603608.SH,2023-05-04,4.13,4.43,4.09,4.34,72513.0,31274.28
603608.SH,2023-05-05,4.37,4.44,4.33,4.36,65923.8,28732.2
603608.SH,2023-05-08,4.36,4.4,4.33,4.38,43909.2,19203.37
603608.SH,2023-05-09,4.4,4.42,4.33,4.33,34163.0,14930.05
603608.SH,2023-05-10,4.36,4.39,4.31,4.35,27039.25,11778.99
603608.SH,2023-05-11,4.38,4.79,4.33,4.61,126244.63,57819.24
603608.SH,2023-05-12,4.67,4.81,4.59,4.63,151931.76,71131.33
603608.SH,2023-05-15,4.58,4.66,4.49,4.56,100623.86,45898.67
603608.SH,2023-05-16,4.67,4.67,4.49,4.51,55844.55,25354.92
603608.SH,2023-05-17,4.53,4.59,4.49,4.57,33443.09,15215.99
603608.SH,2023-05-18,4.61,4.62,4.48,4.49,35050.8,15874.6
603608.SH,2023-05-19,4.51,4.51,4.41,4.45,27181.8,12108.21
603608.SH,2023-05-22,4.45,4.45,4.33,4.39,35785.6,15670.9
603608.SH,2023-05-23,4.42,4.59,4.36,4.55,94486.85,42522.42
603608.SH,2023-05-24,4.69,5.01,4.6,5.01,110310.79,54673.02
603608.SH,2023-05-25,5.51,5.51,5.51,5.51,50091.0,27600.14
603608.SH,2023-05-26,5.84,6.0,5.21,5.39,766467.44,434802.45
603608.SH,2023-05-29,4.85,4.99,4.85,4.85,412664.54,200703.89
603608.SH,2023-05-30,4.53,4.63,4.37,4.45,470767.76,209529.55
603608.SH,2023-05-31,4.4,4.43,4.18,4.19,354912.34,150658.79
603608.SH,2023-06-01,4.15,4.22,4.13,4.17,196184.02,82039.12
603608.SH,2023-06-02,4.18,4.24,4.15,4.2,170753.49,71804.37
603608.SH,2023-06-05,4.21,4.43,4.2,4.37,286485.01,124219.18
603608.SH,2023-06-06,4.35,4.41,4.29,4.31,154735.49,67138.22
603608.SH,2023-06-07,4.34,4.74,4.31,4.74,229129.76,104643.44
603608.SH,2023-06-08,4.83,5.05,4.69,4.88,486190.89,235890.98
603608.SH,2023-06-09,4.88,4.95,4.68,4.77,291721.8,139891.03
603608.SH,2023-06-12,4.72,4.87,4.72,4.81,187635.4,90092.84
603608.SH,2023-06-13,4.81,4.81,4.64,4.68,138042.2,64910.4
603608.SH,2023-06-14,4.73,4.75,4.62,4.68,111024.08,52063.45
603608.SH,2023-06-15,4.69,4.69,4.48,4.53,126540.58,57426.22
603608.SH,2023-06-16,4.63,4.7,4.51,4.57,117181.81,53899.73
603608.SH,2023-06-19,4.55,4.62,4.44,4.47,95952.4,43112.17
603608.SH,2023-06-20,4.46,4.61,4.42,4.44,120933.24,54450.93
603608.SH,2023-06-21,4.45,4.48,4.3,4.33,85518.0,37458.87
603608.SH,2023-06-26,4.32,4.38,4.24,4.37,101713.09,43979.99
603608.SH,2023-06-27,4.37,4.55,4.31,4.48,141765.21,63121.34
603608.SH,2023-06-28,4.47,4.49,4.31,4.46,106498.0,46901.16
603608.SH,2023-06-29,4.45,4.55,4.39,4.51,88725.9,40004.89
603608.SH,2023-06-30,4.5,4.75,4.47,4.64,196745.86,91464.8
603608.SH,2023-07-03,4.62,4.77,4.62,4.72,135938.0,63943.82
603608.SH,2023-07-04,4.74,4.91,4.72,4.77,144550.8,68985.57
603608.SH,2023-07-05,4.77,4.85,4.69,4.71,75596.0,35844.35
603608.SH,2023-07-06,4.68,4.77,4.67,4.71,69111.8,32567.51
603608.SH,2023-07-07,4.75,4.77,4.7,4.74,61313.4,29039.43
603608.SH,2023-07-10,4.79,4.82,4.7,4.72,44934.4,21297.23
603608.SH,2023-07-11,4.72,4.76,4.68,4.74,48824.0,23092.17
603608.SH,2023-07-12,4.77,4.83,4.68,4.69,53528.6,25397.23
603608.SH,2023-07-13,4.72,4.76,4.64,4.72,43727.0,20560.66
603608.SH,2023-07-14,4.73,4.77,4.67,4.71,40416.6,19121.61
603608.SH,2023-07-17,4.71,4.71,4.63,4.69,36331.0,16982.98
603608.SH,2023-07-18,4.7,4.76,4.65,4.72,39571.6,18642.2
603608.SH,2023-07-19,4.75,4.8,4.68,4.78,62745.0,29874.53
603608.SH,2023-07-20,4.79,5.02,4.76,4.96,182135.0,89823.86
603608.SH,2023-07-21,4.99,5.12,4.92,4.96,176366.8,87784.14
603608.SH,2023-07-24,4.95,5.04,4.88,5.0,101958.2,50790.72
603608.SH,2023-07-25,5.0,5.08,4.9,4.94,86959.6,42937.49
603608.SH,2023-07-26,4.96,5.02,4.89,4.96,72102.2,35731.15
603608.SH,2023-07-27,4.96,4.99,4.86,4.88,47750.2,23477.05
603608.SH,2023-07-28,4.88,5.11,4.87,5.06,129112.0,64997.13
603608.SH,2023-07-31,5.03,5.12,4.97,5.1,103023.5,51987.02
603608.SH,2023-08-01,5.1,5.22,5.02,5.06,72767.21,36924.33
603608.SH,2023-08-02,5.06,5.08,4.97,5.01,45207.4,22617.76
603608.SH,2023-08-03,5.01,5.02,4.89,4.94,44353.0,21879.39
603608.SH,2023-08-04,4.96,4.96,4.79,4.8,62363.61,30187.16
603608.SH,2023-08-07,4.78,4.81,4.72,4.75,41194.5,19583.21
603608.SH,2023-08-08,4.76,4.76,4.63,4.65,51282.8,23934.26
603608.SH,2023-08-09,4.66,4.67,4.58,4.6,47136.0,21767.9
603608.SH,2023-08-10,4.59,4.64,4.58,4.63,34574.4,15933.27
603608.SH,2023-08-11,4.65,4.65,4.53,4.54,33187.2,15230.68
603608.SH,2023-08-14,4.52,4.6,4.49,4.6,40683.21,18559.03
603608.SH,2023-08-15,4.61,4.69,4.56,4.69,53251.1,24754.01
603608.SH,2023-08-16,4.67,4.77,4.61,4.68,57570.0,27049.94
603608.SH,2023-08-17,4.7,4.73,4.62,4.72,46761.0,21841.19
603608.SH,2023-08-18,4.72,4.73,4.63,4.64,44246.0,20700.96
603608.SH,2023-08-21,4.65,4.76,4.63,4.7,56207.0,26455.87
603608.SH,2023-08-22,4.67,4.73,4.57,4.65,52273.2,24211.59
603608.SH,2023-08-23,4.65,4.65,4.56,4.58,40206.5,18495.79
603608.SH,2023-08-24,4.58,4.62,4.5,4.53,39223.6,17786.57
603608.SH,2023-08-25,4.54,4.61,4.47,4.5,43733.4,19884.45
603608.SH,2023-08-28,4.68,4.75,4.58,4.63,63861.0,29814.1
603608.SH,2023-08-29,4.66,4.82,4.62,4.81,49836.0,23639.48
603608.SH,2023-08-30,4.78,4.9,4.76,4.89,71470.0,34776.92
603608.SH,2023-08-31,4.89,4.9,4.82,4.85,50630.01,24569.51
603608.SH,2023-09-01,4.84,4.86,4.76,4.78,47034.0,22496.06
603608.SH,2023-09-04,4.78,4.87,4.77,4.87,48623.4,23520.85
603608.SH,2023-09-05,4.87,4.89,4.76,4.78,42626.0,20466.17
603608.SH,2023-09-06,4.79,4.83,4.71,4.73,40382.0,19187.04
603608.SH,2023-09-07,4.74,4.79,4.67,4.69,45235.0,21364.82
603608.SH,2023-09-08,4.69,4.71,4.57,4.58,40773.0,18853.75
603608.SH,2023-09-11,4.59,4.65,4.55,4.58,62735.4,28853.91
603608.SH,2023-09-12,4.6,4.6,4.45,4.49,65483.0,29420.88
603608.SH,2023-09-13,4.46,4.48,4.38,4.42,49693.4,21995.59
603608.SH,2023-09-14,4.45,4.45,4.36,4.4,44494.0,19574.12
603608.SH,2023-09-15,4.41,4.48,4.38,4.46,48519.0,21569.38
603608.SH,2023-09-18,4.49,4.79,4.45,4.74,133551.2,62564.42
603608.SH,2023-09-19,4.75,4.79,4.61,4.63,96577.0,45368.98
603608.SH,2023-09-20,4.64,4.8,4.61,4.71,86307.6,40753.78
603608.SH,2023-09-21,4.69,4.76,4.58,4.59,62712.6,29119.38
603608.SH,2023-09-22,4.63,4.71,4.6,4.69,54135.0,25286.62
603608.SH,2023-09-25,4.73,4.75,4.59,4.61,45306.4,21034.8
603608.SH,2023-09-26,4.6,4.62,4.56,4.59,33602.0,15405.0
603608.SH,2023-09-27,4.61,4.64,4.53,4.6,40254.0,18524.85
603608.SH,2023-09-28,4.61,4.74,4.58,4.71,45803.4,21458.03
603608.SH,2023-10-09,4.69,4.73,4.48,4.5,78532.0,35702.68
603608.SH,2023-10-10,4.5,4.58,4.47,4.48,56138.4,25273.92
603608.SH,2023-10-11,4.47,4.51,4.44,4.47,43659.0,19524.99
603608.SH,2023-10-12,4.45,4.51,4.41,4.46,38916.0,17295.21
603608.SH,2023-10-13,4.44,4.48,4.35,4.36,52803.8,23174.36
603608.SH,2023-10-16,4.39,4.58,4.37,4.5,67411.0,30168.44
603608.SH,2023-10-17,4.5,4.75,4.48,4.57,93483.0,42970.02
603608.SH,2023-10-18,4.57,4.58,4.4,4.4,60787.0,27083.16
603608.SH,2023-10-19,4.4,4.55,4.34,4.42,55641.4,24803.41
603608.SH,2023-10-20,4.42,4.47,4.34,4.37,39843.99,17500.37
603608.SH,2023-10-23,4.38,4.39,4.22,4.23,45500.0,19439.98
603608.SH,2023-10-24,4.24,4.54,4.23,4.54,91140.2,40636.4
603608.SH,2023-10-25,4.54,4.59,4.47,4.57,78012.0,35454.05
603608.SH,2023-10-26,4.61,4.61,4.47,4.49,58588.8,26446.08
603608.SH,2023-10-27,4.47,4.63,4.46,4.58,48077.0,22009.61
603608.SH,2023-10-30,4.55,4.65,4.54,4.58,58477.0,26867.37
603608.SH,2023-10-31,4.58,4.77,4.58,4.66,62784.2,29344.2
603608.SH,2023-11-01,4.71,4.74,4.64,4.68,38668.0,18089.65
603608.SH,2023-11-02,4.69,4.78,4.64,4.76,72713.75,34400.68
603608.SH,2023-11-03,4.7,4.78,4.63,4.64,61536.0,28871.87
603608.SH,2023-11-06,4.68,5.1,4.64,4.93,269955.22,132934.72
603608.SH,2023-11-07,4.91,5.0,4.81,4.96,269591.48,131893.43
603608.SH,2023-11-08,4.92,5.1,4.9,5.03,262517.21,132110.97
603608.SH,2023-11-09,5.04,5.2,4.86,4.9,217512.47,108054.13
603608.SH,2023-11-10,4.91,4.98,4.82,4.87,102273.0,49932.22
603608.SH,2023-11-13,4.86,5.05,4.86,4.96,139399.2,69065.44
603608.SH,2023-11-14,4.94,4.99,4.87,4.92,100147.0,49130.53
603608.SH,2023-11-15,4.94,4.98,4.89,4.93,88879.8,43814.39
603608.SH,2023-11-16,4.95,5.12,4.89,5.09,158187.18,79689.01
603608.SH,2023-11-17,5.12,5.18,5.0,5.04,198106.4,100380.49
603608.SH,2023-11-20,5.01,5.08,4.98,5.06,116376.6,58697.87
603608.SH,2023-11-21,5.12,5.19,5.07,5.11,129343.0,66277.58
603608.SH,2023-11-22,5.09,5.31,5.07,5.25,228715.8,119058.57
603608.SH,2023-11-23,5.17,5.2,5.04,5.06,166737.0,84781.64
603608.SH,2023-11-24,5.06,5.18,4.96,5.0,133652.2,67291.51
603608.SH,2023-11-27,5.02,5.04,4.92,5.0,92513.4,46073.0
603608.SH,2023-11-28,5.0,5.12,4.99,5.07,95451.0,48374.17
603608.SH,2023-11-29,5.07,5.11,4.99,5.02,73309.88,37003.26
603608.SH,2023-11-30,5.02,5.12,5.01,5.1,77083.0,39060.7
603608.SH,2023-12-01,5.06,5.27,5.04,5.22,143844.0,74783.74
603608.SH,2023-12-04,5.25,5.36,5.21,5.29,110558.69,58334.08
603608.SH,2023-12-05,5.29,5.29,5.14,5.19,80094.0,41655.27
603608.SH,2023-12-06,5.14,5.22,5.1,5.19,89959.0,46445.76
603608.SH,2023-12-07,5.06,5.19,5.04,5.12,124006.5,63274.44
603608.SH,2023-12-08,5.08,5.12,4.93,4.95,110136.87,54925.85
603608.SH,2023-12-11,4.94,5.21,4.91,5.19,148653.6,76063.19
603608.SH,2023-12-12,5.23,5.35,5.09,5.25,106072.8,55072.39
603608.SH,2023-12-13,5.28,5.52,5.23,5.44,178458.01,95987.33
603608.SH,2023-12-14,5.33,5.85,5.2,5.42,381744.17,209869.2
603608.SH,2023-12-15,5.46,5.95,5.32,5.67,475910.77,267702.61
603608.SH,2023-12-18,5.67,5.75,5.48,5.56,369063.05,206264.35
603608.SH,2023-12-19,5.61,6.0,5.52,5.74,437773.97,251829.34
603608.SH,2023-12-20,5.73,5.73,5.45,5.48,277865.2,154316.63
603608.SH,2023-12-21,5.43,6.03,5.32,6.03,411972.06,240116.56
603608.SH,2023-12-22,6.63,6.63,5.5,5.66,984851.99,610350.58
603608.SH,2023-12-25,5.59,5.59,5.09,5.09,510367.57,264749.24
603608.SH,2023-12-26,4.92,5.1,4.84,4.85,561044.66,276465.01
603608.SH,2023-12-27,4.87,5.26,4.75,5.18,546368.4,273401.84
603608.SH,2023-12-28,5.15,5.25,5.05,5.1,277213.8,142134.26
603608.SH,2023-12-29,5.06,5.61,5.06,5.61,237359.69,128299.46
603608.SH,2024-01-02,5.71,5.82,5.62,5.66,400209.72,228147.17
603608.SH,2024-01-03,5.69,5.72,5.47,5.55,247649.0,137272.65
603608.SH,2024-01-04,5.53,5.78,5.5,5.61,223176.0,125675.03
603608.SH,2024-01-05,5.66,5.72,5.44,5.45,186878.0,103660.89
603608.SH,2024-01-08,5.43,5.55,5.3,5.37,154417.0,83958.96
603608.SH,2024-01-09,5.44,5.54,5.34,5.5,142203.0,77823.2
603608.SH,2024-01-10,5.48,5.53,5.36,5.39,141050.4,76427.6
603608.SH,2024-01-11,5.35,5.47,5.33,5.42,146493.0,78939.36
603608.SH,2024-01-12,5.4,5.49,5.29,5.33,125777.0,67462.88
603608.SH,2024-01-15,5.26,5.46,5.25,5.42,124256.0,67061.5
603608.SH,2024-01-16,5.46,5.53,5.38,5.51,170253.0,92969.23
603608.SH,2024-01-17,5.5,5.61,5.37,5.38,117635.6,64368.9
603608.SH,2024-01-18,5.42,5.49,5.13,5.31,137338.2,71942.63
603608.SH,2024-01-19,5.35,5.58,5.25,5.54,256247.0,140724.22
603608.SH,2024-01-22,5.68,5.81,5.18,5.31,375697.2,207831.1
603608.SH,2024-01-23,5.32,5.43,5.02,5.24,298418.0,155425.09
603608.SH,2024-01-24,5.22,5.68,5.22,5.57,308408.0,171188.15
603608.SH,2024-01-25,5.45,5.64,5.33,5.62,260575.0,143273.61
603608.SH,2024-01-26,5.53,5.82,5.53,5.64,327115.0,185956.39
603608.SH,2024-01-29,5.57,5.7,5.3,5.37,194718.0,105864.12
603608.SH,2024-01-30,5.37,5.4,5.09,5.3,153311.33,80619.02
603608.SH,2024-01-31,5.25,5.39,4.91,4.95,241906.12,123504.91
603608.SH,2024-02-01,4.85,4.93,4.5,4.76,175661.15,83352.93
603608.SH,2024-02-02,4.75,4.92,4.3,4.46,126728.8,57956.53
603608.SH,2024-02-05,4.38,4.45,4.01,4.01,85066.8,34527.16
603608.SH,2024-02-06,3.61,3.87,3.61,3.61,164837.8,59950.15
603608.SH,2024-02-07,3.87,3.87,3.25,3.27,272834.67,91588.31
603608.SH,2024-02-08,3.2,3.48,2.98,3.45,205930.28,66821.76
603608.SH,2024-02-19,3.51,3.65,3.49,3.64,134719.2,48205.1
603608.SH,2024-02-20,3.61,3.69,3.52,3.66,99854.52,36164.46
603608.SH,2024-02-21,3.64,4.03,3.6,3.83,185271.02,71184.93
603608.SH,2024-02-22,3.84,4.21,3.82,4.21,165868.62,66965.39
603608.SH,2024-02-23,4.33,4.63,4.33,4.51,227025.6,101422.77
603608.SH,2024-02-26,4.51,4.67,4.48,4.55,165261.2,75296.29
603608.SH,2024-02-27,4.55,4.74,4.54,4.72,112182.49,52442.39
603608.SH,2024-02-28,4.71,5.0,4.3,4.4,213990.62,100107.74
603608.SH,2024-02-29,4.4,4.62,4.4,4.62,146881.6,66604.02
603608.SH,2024-03-01,4.62,4.94,4.56,4.88,142108.0,67476.69
603608.SH,2024-03-04,4.95,5.26,4.93,5.25,161144.4,82082.3
603608.SH,2024-03-05,5.23,5.33,5.03,5.18,124010.0,64011.35
603608.SH,2024-03-06,5.18,5.46,5.16,5.46,131324.98,69748.01
603608.SH,2024-03-07,5.49,5.49,5.25,5.34,109444.98,58481.95
603608.SH,2024-03-08,5.28,5.36,5.18,5.35,74875.08,39631.04
603608.SH,2024-03-11,5.29,5.34,5.18,5.21,86794.2,45529.03
603608.SH,2024-03-12,5.16,5.55,5.11,5.54,124569.02,67133.52
603608.SH,2024-03-13,5.5,6.02,5.5,5.87,185733.8,107995.1
603608.SH,2024-03-14,5.83,5.96,5.73,5.86,86391.66,50436.61
603608.SH,2024-03-15,5.86,5.96,5.75,5.78,73200.2,42662.96
603608.SH,2024-03-18,5.79,5.87,5.7,5.79,83550.0,48419.66
603608.SH,2024-03-19,5.79,5.86,5.59,5.62,92954.22,52917.28
603608.SH,2024-03-20,5.63,5.72,5.58,5.63,78942.28,44706.47
603608.SH,2024-03-21,5.68,5.76,5.61,5.71,97413.2,55497.44
603608.SH,2024-03-22,5.73,5.75,5.55,5.61,100010.4,56338.94
603608.SH,2024-03-25,5.59,5.59,5.25,5.29,133108.2,71960.33
603608.SH,2024-03-26,5.32,5.49,5.23,5.38,104716.65,55987.37
603608.SH,2024-03-27,5.35,5.43,5.22,5.25,62451.2,33194.45
603608.SH,2024-03-28,5.24,5.36,5.2,5.3,63492.57,33522.88
603608.SH,2024-03-29,5.3,5.66,5.25,5.63,115212.58,63798.77
603608.SH,2024-04-01,5.62,5.76,5.52,5.72,88362.0,49771.65
603608.SH,2024-04-02,5.69,5.8,5.57,5.78,72925.2,41646.01
603608.SH,2024-04-03,5.75,5.76,5.53,5.7,57238.2,32396.43
603608.SH,2024-04-08,5.69,5.7,5.41,5.43,62687.87,34627.38
603608.SH,2024-04-09,5.41,5.65,5.3,5.56,57193.8,31451.35
603608.SH,2024-04-10,5.54,5.57,5.36,5.41,48813.38,26552.47
603608.SH,2024-04-11,5.38,5.5,5.32,5.4,41430.8,22444.8
603608.SH,2024-04-12,5.4,5.63,5.36,5.55,68987.8,38314.49
603608.SH,2024-04-15,5.47,5.49,5.0,5.03,130606.0,66137.26
603608.SH,2024-04-16,4.92,5.01,4.53,4.56,131064.48,60684.0
603608.SH,2024-04-17,4.6,4.89,4.6,4.88,84670.4,40759.55
603608.SH,2024-04-18,4.88,5.02,4.71,4.8,71187.0,34624.5
603608.SH,2024-04-19,4.79,4.88,4.71,4.77,36363.88,17363.84
603608.SH,2024-04-22,4.66,4.68,4.29,4.39,143895.73,62705.03
603608.SH,2024-04-23,4.4,4.59,4.4,4.47,71628.4,32286.82
603608.SH,2024-04-24,4.48,4.54,4.39,4.46,88355.0,39361.08
603608.SH,2024-04-25,4.45,4.5,4.01,4.35,198063.4,83991.98
603608.SH,2024-04-26,4.3,4.36,4.19,4.21,102825.6,43858.12
603608.SH,2024-04-29,4.2,4.23,3.98,4.18,149246.82,61781.68
603608.SH,2024-05-06,3.97,3.97,3.97,3.97,627.0,248.92
603608.SH,2024-05-07,3.77,3.77,3.77,3.77,1346.0,507.44
603608.SH,2024-05-08,3.58,3.58,3.58,3.58,1377.0,492.97
603608.SH,2024-05-09,3.4,3.4,3.4,3.4,2505.0,851.7
603608.SH,2024-05-10,3.23,3.23,3.23,3.23,9446.0,3051.06
603608.SH,2024-05-13,3.07,3.07,3.07,3.07,14319.0,4395.93
603608.SH,2024-05-14,2.92,2.98,2.92,2.93,355807.07,104001.56
603608.SH,2024-05-15,2.92,3.08,2.92,3.08,153074.92,46058.38
603608.SH,2024-05-16,3.08,3.09,2.93,2.96,211126.4,63086.36
603608.SH,2024-05-17,3.05,3.1,2.95,3.0,103169.83,30976.36
603608.SH,2024-05-20,2.89,2.9,2.85,2.85,62829.0,17943.41
603608.SH,2024-05-21,2.86,2.88,2.71,2.75,165454.64,45256.42
603608.SH,2024-05-22,2.75,2.89,2.72,2.86,94312.72,26677.84
603608.SH,2024-05-23,2.85,2.85,2.73,2.75,63951.2,17745.7
603608.SH,2024-05-24,2.74,2.79,2.71,2.76,52930.6,14517.9
603608.SH,2024-05-27,2.76,2.83,2.72,2.74,42772.8,11839.31
603608.SH,2024-05-28,2.75,2.75,2.6,2.6,75401.0,19891.27
603608.SH,2024-05-29,2.56,2.56,2.47,2.47,66498.8,16480.94
603608.SH,2024-05-30,2.37,2.51,2.35,2.41,101926.07,24327.36
603608.SH,2024-05-31,2.44,2.53,2.41,2.53,52943.61,13205.23
603608.SH,2024-06-03,2.52,2.6,2.41,2.47,48496.2,12256.67
603608.SH,2024-06-04,2.44,2.59,2.39,2.59,50749.01,12774.03
603608.SH,2024-06-05,2.59,2.7,2.54,2.64,48780.07,12839.86
603608.SH,2024-06-06,2.59,2.63,2.51,2.51,41299.4,10467.16
603608.SH,2024-06-07,2.55,2.61,2.4,2.51,48735.2,12174.87
603608.SH,2024-06-11,2.51,2.56,2.4,2.51,25017.83,6189.43
603608.SH,2024-06-12,2.57,2.63,2.52,2.59,40579.02,10489.53
603608.SH,2024-06-13,2.6,2.68,2.59,2.61,44539.4,11725.94
603608.SH,2024-06-14,2.61,2.69,2.58,2.66,32764.2,8644.74
603608.SH,2024-06-17,2.69,2.74,2.53,2.56,50605.2,13136.49
603608.SH,2024-06-18,2.5,2.56,2.46,2.53,26419.6,6666.55
603608.SH,2024-06-19,2.53,2.64,2.5,2.61,34247.62,8844.83
603608.SH,2024-06-20,2.58,2.6,2.48,2.48,39082.8,9755.17
603608.SH,2024-06-21,2.44,2.47,2.39,2.39,24576.0,5948.05
603608.SH,2024-06-24,2.39,2.39,2.27,2.27,39318.0,9015.56
603608.SH,2024-06-25,2.25,2.29,2.18,2.28,23405.0,5233.41
603608.SH,2024-06-26,2.26,2.35,2.22,2.33,16677.87,3829.73
603608.SH,2024-06-27,2.36,2.42,2.33,2.33,15872.0,3749.3
603608.SH,2024-06-28,2.32,2.39,2.31,2.35,23499.8,5518.99
603608.SH,2024-07-01,2.33,2.38,2.31,2.37,10662.0,2499.18
603608.SH,2024-07-02,2.38,2.42,2.33,2.4,12531.0,2992.42
603608.SH,2024-07-03,2.39,2.45,2.39,2.44,27917.67,6783.95
603608.SH,2024-07-04,2.42,2.42,2.32,2.33,24869.4,5835.26
603608.SH,2024-07-05,2.34,2.35,2.28,2.35,17158.6,3988.28
603608.SH,2024-07-08,2.34,2.34,2.23,2.24,21697.42,4882.61
603608.SH,2024-07-09,2.19,2.25,2.17,2.24,14668.8,3248.94
603608.SH,2024-07-10,2.24,2.24,2.18,2.21,13396.01,2963.0
603608.SH,2024-07-11,2.25,2.29,2.22,2.27,11692.2,2643.47
603608.SH,2024-07-12,2.27,2.32,2.25,2.29,13377.0,3050.64
603608.SH,2024-07-15,2.27,2.29,2.21,2.23,12016.8,2682.47
603608.SH,2024-07-16,2.24,2.28,2.22,2.27,20514.4,4619.32
603608.SH,2024-07-17,2.26,2.28,2.23,2.26,21310.8,4796.26
603608.SH,2024-07-18,2.25,2.25,2.15,2.23,24369.4,5313.22
603608.SH,2024-07-19,2.23,2.34,2.23,2.33,47036.21,10829.83
603608.SH,2024-07-22,2.32,2.44,2.27,2.41,37697.6,8961.58
603608.SH,2024-07-23,2.4,2.49,2.34,2.37,46225.0,11191.58
603608.SH,2024-07-24,2.31,2.39,2.27,2.31,24744.4,5736.46
603608.SH,2024-07-25,2.3,2.33,2.27,2.31,17156.0,3934.61
603608.SH,2024-07-26,2.3,2.34,2.27,2.29,17695.4,4051.93
603608.SH,2024-07-29,2.3,2.3,2.24,2.27,10654.2,2417.42
603608.SH,2024-07-30,2.28,2.32,2.25,2.3,14353.2,3292.16
603608.SH,2024-07-31,2.31,2.37,2.28,2.35,19390.42,4501.45
603608.SH,2024-08-01,2.34,2.38,2.33,2.36,15477.82,3657.03
603608.SH,2024-08-02,2.36,2.41,2.34,2.39,14831.61,3537.76
603608.SH,2024-08-05,2.33,2.51,2.33,2.46,89385.41,22238.52
603608.SH,2024-08-06,2.44,2.58,2.42,2.58,76131.6,19228.53
603608.SH,2024-08-07,2.61,2.67,2.54,2.58,51634.8,13404.1
603608.SH,2024-08-08,2.58,2.71,2.54,2.71,39269.0,10428.59
603608.SH,2024-08-09,2.77,2.85,2.7,2.74,71216.24,19866.5
603608.SH,2024-08-12,2.7,2.71,2.6,2.61,54972.6,14431.5
603608.SH,2024-08-13,2.59,2.74,2.57,2.72,31746.81,8553.52
603608.SH,2024-08-14,2.7,2.8,2.67,2.71,27441.0,7494.26
603608.SH,2024-08-15,2.7,2.74,2.66,2.71,12227.0,3294.26
603608.SH,2024-08-16,2.74,2.74,2.68,2.7,8984.8,2429.64
603608.SH,2024-08-19,2.7,2.72,2.61,2.65,18210.01,4821.09
603608.SH,2024-08-20,2.66,2.78,2.65,2.77,27408.0,7440.51
603608.SH,2024-08-21,2.84,2.91,2.83,2.91,32852.8,9529.2
603608.SH,2024-08-22,3.06,3.06,2.77,2.81,103929.8,30283.15
603608.SH,2024-08-23,2.88,2.89,2.67,2.68,82167.7,22601.77
603608.SH,2024-08-26,2.6,2.72,2.6,2.68,40724.91,10864.62
603608.SH,2024-08-27,2.65,2.73,2.6,2.64,29835.4,7961.47
603608.SH,2024-08-28,2.67,2.77,2.61,2.73,24447.0,6601.21
603608.SH,2024-08-29,2.73,2.8,2.67,2.73,22141.0,6021.01
603608.SH,2024-08-30,2.75,2.76,2.71,2.73,32787.0,8945.89
603608.SH,2024-09-02,2.76,2.85,2.72,2.82,28294.51,7844.13
603608.SH,2024-09-03,2.8,2.96,2.8,2.96,71796.6,21179.29
603608.SH,2024-09-04,2.95,2.97,2.82,2.94,58729.2,16976.64
603608.SH,2024-09-05,2.84,3.0,2.84,2.93,24939.0,7313.33
603608.SH,2024-09-06,2.9,2.97,2.9,2.94,16574.0,4861.86
603608.SH,2024-09-09,2.96,2.96,2.88,2.92,11552.54,3368.66
603608.SH,2024-09-10,2.95,3.0,2.9,2.95,13609.6,4023.35
603608.SH,2024-09-11,2.95,3.03,2.94,3.01,10684.01,3182.47
603608.SH,2024-09-12,3.01,3.16,3.01,3.15,56049.0,17547.09
603608.SH,2024-09-13,3.12,3.13,3.01,3.04,42832.0,13117.4
603608.SH,2024-09-18,3.04,3.04,2.92,2.94,21502.34,6335.95
603608.SH,2024-09-19,2.99,2.99,2.94,2.97,11632.4,3460.19
603608.SH,2024-09-20,2.97,3.06,2.97,3.06,15364.4,4655.72
603608.SH,2024-09-23,3.08,3.14,3.03,3.12,11161.0,3439.23
603608.SH,2024-09-24,3.13,3.15,3.03,3.07,26737.8,8235.81
603608.SH,2024-09-25,3.12,3.12,3.01,3.01,31156.4,9487.4
603608.SH,2024-09-26,3.02,3.04,2.99,3.02,15747.6,4739.08
603608.SH,2024-09-27,3.0,3.01,2.88,2.99,44368.4,13072.39
603608.SH,2024-09-30,2.97,3.05,2.84,3.02,126127.6,36913.22
603608.SH,2024-10-08,3.13,3.17,3.0,3.01,90486.4,27663.51
603608.SH,2024-10-09,3.03,3.03,2.86,2.86,53585.4,15587.84
603608.SH,2024-10-10,2.85,2.9,2.74,2.83,37049.2,10388.64
603608.SH,2024-10-11,2.83,2.89,2.79,2.87,23504.4,6719.11
603608.SH,2024-10-14,2.86,2.9,2.84,2.89,11173.0,3211.76
603608.SH,2024-10-15,2.89,3.0,2.86,3.0,40057.8,11738.74
603608.SH,2024-10-16,2.99,3.07,2.95,3.05,34438.2,10368.25
603608.SH,2024-10-17,3.03,3.11,3.02,3.07,33906.52,10419.62
603608.SH,2024-10-18,3.06,3.12,3.04,3.11,29385.1,9083.41
603608.SH,2024-10-21,3.12,3.13,3.01,3.05,33930.2,10375.72
603608.SH,2024-10-22,3.06,3.06,2.99,3.04,26128.6,7884.88
603608.SH,2024-10-23,3.04,3.14,3.03,3.12,36190.0,11239.11
603608.SH,2024-10-24,3.1,3.28,3.09,3.28,65731.94,21352.34
603608.SH,2024-10-25,3.28,3.43,3.25,3.41,63590.34,21220.44
603608.SH,2024-10-28,3.4,3.58,3.38,3.58,71003.34,25058.33
603608.SH,2024-10-29,3.57,3.61,3.43,3.56,59215.87,20814.42
603608.SH,2024-10-30,3.49,3.73,3.49,3.69,55109.2,20086.33
603608.SH,2024-10-31,3.6,3.63,3.51,3.51,77065.0,27395.62
603608.SH,2024-11-01,3.44,3.48,3.33,3.35,61880.2,20846.13
603608.SH,2024-11-04,3.35,3.46,3.31,3.4,20708.15,7032.38
603608.SH,2024-11-05,3.43,3.43,3.36,3.41,18293.8,6209.93
603608.SH,2024-11-06,3.4,3.5,3.38,3.47,17792.4,6131.29
603608.SH,2024-11-07,3.47,3.49,3.38,3.45,43787.8,14963.81
603608.SH,2024-11-08,3.45,3.47,3.4,3.43,30839.0,10549.04
603608.SH,2024-11-11,3.43,3.6,3.4,3.6,47390.23,16767.04
603608.SH,2024-11-12,3.61,3.78,3.6,3.72,78115.0,29213.19
603608.SH,2024-11-13,3.75,3.79,3.58,3.78,38826.81,14359.25
603608.SH,2024-11-14,3.8,3.8,3.68,3.71,26297.6,9768.84
603608.SH,2024-11-15,3.71,3.73,3.63,3.68,19995.2,7358.1
603608.SH,2024-11-18,3.66,3.71,3.51,3.55,22459.0,8126.87
603608.SH,2024-11-19,3.51,3.58,3.51,3.57,9309.0,3304.97
603608.SH,2024-11-20,3.57,3.69,3.57,3.69,18171.0,6655.63
603608.SH,2024-11-21,3.73,3.73,3.65,3.66,9942.8,3658.14
603608.SH,2024-11-22,3.66,3.68,3.57,3.57,12930.6,4695.06
603608.SH,2024-11-25,3.58,3.66,3.58,3.64,10807.4,3926.23
603608.SH,2024-11-26,3.62,3.65,3.5,3.54,18625.0,6647.59
603608.SH,2024-11-27,3.52,3.54,3.44,3.52,15817.8,5513.03
603608.SH,2024-11-28,3.52,3.56,3.49,3.51,14120.0,4977.74
603608.SH,2024-11-29,3.51,3.55,3.46,3.5,19200.2,6742.54
603608.SH,2024-12-02,3.51,3.53,3.49,3.52,17688.2,6199.16
603608.SH,2024-12-03,3.5,3.53,3.47,3.5,12674.2,4422.05
603608.SH,2024-12-04,3.48,3.52,3.47,3.49,11628.0,4060.75
603608.SH,2024-12-05,3.49,3.5,3.36,3.44,26657.0,9155.18
603608.SH,2024-12-06,3.41,3.49,3.37,3.48,25881.4,8882.81
603608.SH,2024-12-09,3.46,3.63,3.45,3.59,37165.4,13248.91
603608.SH,2024-12-10,3.57,3.64,3.55,3.62,27477.2,9851.5
603608.SH,2024-12-11,3.64,3.64,3.57,3.6,11047.8,3964.88
603608.SH,2024-12-12,3.58,3.77,3.57,3.76,34235.8,12630.28
603608.SH,2024-12-13,3.75,3.86,3.73,3.82,49587.2,18876.59
603608.SH,2024-12-16,3.84,3.94,3.82,3.87,44301.6,17216.24
603608.SH,2024-12-17,3.83,3.87,3.7,3.76,29848.0,11199.44
603608.SH,2024-12-18,3.76,3.89,3.67,3.87,35963.0,13769.12
603608.SH,2024-12-19,3.82,3.89,3.78,3.84,18816.48,7186.53
603608.SH,2024-12-20,3.8,3.97,3.8,3.97,22354.2,8739.99
603608.SH,2024-12-23,3.97,3.97,3.77,3.77,38854.0,14842.25
603608.SH,2024-12-24,3.8,3.81,3.63,3.75,26004.8,9675.97
603608.SH,2024-12-25,3.79,3.79,3.64,3.7,9752.2,3587.75
603608.SH,2024-12-26,3.7,3.86,3.63,3.86,16654.8,6273.58
603608.SH,2024-12-27,3.91,3.92,3.82,3.84,28798.0,11183.49
603608.SH,2024-12-30,3.84,3.84,3.72,3.75,20869.8,7841.01
603608.SH,2024-12-31,3.75,3.79,3.66,3.72,13369.0,4967.905
603608.SH,2025-01-02,3.72,3.73,3.61,3.63,18607.6,6830.37
603608.SH,2025-01-03,3.59,3.63,3.45,3.45,26114.0,9183.79
603608.SH,2025-01-06,3.4,3.44,3.3,3.37,22025.8,7422.32
603608.SH,2025-01-07,3.36,3.42,3.33,3.4,8497.0,2860.52
603608.SH,2025-01-08,3.33,3.39,3.26,3.34,15728.8,5200.29
603608.SH,2025-01-09,3.34,3.51,3.32,3.51,19102.8,6577.12
603608.SH,2025-01-10,3.55,3.67,3.51,3.52,22351.81,8035.09
603608.SH,2025-01-13,3.43,3.58,3.42,3.53,9291.56,3264.32
603608.SH,2025-01-14,3.53,3.67,3.53,3.66,16434.2,5959.74
603608.SH,2025-01-15,3.63,3.71,3.61,3.63,14965.0,5485.92
603608.SH,2025-01-16,3.62,3.68,3.61,3.67,9696.8,3542.6
603608.SH,2025-01-17,3.66,3.72,3.65,3.68,7764.0,2854.93
603608.SH,2025-01-20,3.73,3.73,3.66,3.67,7435.0,2740.75
603608.SH,2025-01-21,3.67,3.69,3.63,3.67,8424.0,3080.83
603608.SH,2025-01-22,3.66,3.68,3.62,3.66,5745.0,2097.75
603608.SH,2025-01-23,3.65,3.76,3.63,3.67,13916.2,5147.98
603608.SH,2025-01-24,3.62,3.69,3.62,3.67,5426.4,1989.23
603608.SH,2025-01-27,3.49,3.62,3.49,3.49,52159.18,18351.83
603608.SH,2025-02-05,3.5,3.52,3.43,3.51,15217.4,5309.15
603608.SH,2025-02-06,3.51,3.52,3.46,3.51,10161.0,3546.28
603608.SH,2025-02-07,3.53,3.55,3.51,3.54,9877.6,3488.33
603608.SH,2025-02-10,3.55,3.67,3.52,3.65,13709.0,4931.94
603608.SH,2025-02-11,3.65,3.83,3.62,3.83,52022.2,19767.03
603608.SH,2025-02-12,3.84,3.99,3.84,3.89,41139.6,16054.85
603608.SH,2025-02-13,3.9,3.9,3.82,3.88,11320.0,4373.97
603608.SH,2025-02-14,3.83,4.07,3.83,4.07,68549.8,27547.69
603608.SH,2025-02-17,4.07,4.23,4.06,4.13,36774.2,15242.97
603608.SH,2025-02-18,4.09,4.15,3.99,4.01,21519.82,8761.3
603608.SH,2025-02-19,3.99,4.04,3.91,4.02,27878.8,11060.2
603608.SH,2025-02-20,3.99,4.17,3.98,4.1,28583.03,11676.88
603608.SH,2025-02-21,4.1,4.14,4.04,4.12,17708.99,7232.42
603608.SH,2025-02-24,4.19,4.29,4.1,4.11,51957.74,21748.44
603608.SH,2025-02-25,4.14,4.2,3.98,4.0,49337.8,20057.74
603608.SH,2025-02-26,4.0,4.12,4.0,4.07,12845.0,5224.78
603608.SH,2025-02-27,4.02,4.13,3.99,4.05,15272.6,6146.14
603608.SH,2025-02-28,4.0,4.1,3.99,3.99,10038.6,4024.13
603608.SH,2025-03-03,4.0,4.06,3.97,4.04,9971.0,4001.04
603608.SH,2025-03-04,4.01,4.02,3.92,4.0,21472.2,8518.65
603608.SH,2025-03-05,3.99,4.08,3.96,4.03,7863.4,3153.97
603608.SH,2025-03-06,4.02,4.13,3.99,4.1,15666.4,6396.74
603608.SH,2025-03-07,4.1,4.14,4.04,4.09,13671.8,5586.76
603608.SH,2025-03-10,4.1,4.12,4.01,4.05,28306.4,11492.57
603608.SH,2025-03-11,4.04,4.08,3.98,4.01,28583.0,11438.82
603608.SH,2025-03-12,4.01,4.04,3.99,3.99,14821.61,5939.81
603608.SH,2025-03-13,4.01,4.07,3.99,4.05,17902.0,7219.87
603608.SH,2025-03-14,4.07,4.08,4.01,4.04,10496.01,4226.6
603608.SH,2025-03-17,4.06,4.23,4.06,4.22,39547.2,16411.85
603608.SH,2025-03-18,4.18,4.26,4.16,4.19,23810.2,9983.59
603608.SH,2025-03-19,4.2,4.21,4.13,4.21,14445.6,6019.64
603608.SH,2025-03-20,4.29,4.42,4.26,4.42,48900.2,21456.98
603608.SH,2025-03-21,4.47,4.57,4.4,4.49,59916.6,26804.48
603608.SH,2025-03-24,4.5,4.63,4.37,4.42,43366.42,19343.71
603608.SH,2025-03-25,4.38,4.64,4.37,4.64,44404.6,20365.56
603608.SH,2025-03-26,4.67,4.8,4.6,4.67,50476.81,23768.38
603608.SH,2025-03-27,4.63,4.7,4.6,4.62,23654.2,11002.87
603608.SH,2025-03-28,4.58,4.75,4.5,4.68,33531.6,15552.36
603608.SH,2025-03-31,4.66,4.84,4.6,4.79,28020.8,13284.6
603608.SH,2025-04-01,4.78,4.89,4.68,4.78,34678.0,16608.81
603608.SH,2025-04-02,4.81,4.81,4.59,4.62,32664.2,15184.96
603608.SH,2025-04-03,4.62,4.73,4.55,4.65,22945.8,10695.46
603608.SH,2025-04-07,4.42,4.47,4.42,4.42,18652.0,8247.82
603608.SH,2025-04-08,4.25,4.39,4.2,4.2,9707.0,4098.32
603608.SH,2025-04-09,4.0,4.2,3.99,4.17,58272.81,23518.35
603608.SH,2025-04-10,4.07,4.34,4.07,4.24,32624.8,13763.97
603608.SH,2025-04-11,4.2,4.34,4.2,4.27,20301.6,8686.56
603608.SH,2025-04-14,4.27,4.48,4.27,4.48,21162.4,9411.05
603608.SH,2025-04-15,4.59,4.7,4.5,4.7,46395.19,21560.68
603608.SH,2025-04-16,4.76,4.86,4.69,4.77,55565.02,26518.33
603608.SH,2025-04-17,4.68,4.78,4.64,4.76,29288.0,13758.1
603608.SH,2025-04-18,4.77,4.79,4.64,4.74,33985.6,16025.61
603608.SH,2025-04-21,4.71,4.89,4.67,4.69,64733.0,30717.35
603608.SH,2025-04-22,4.62,4.92,4.62,4.92,82411.0,39641.72
603608.SH,2025-04-23,4.98,4.98,4.79,4.95,74649.6,36446.49
603608.SH,2025-04-24,4.9,5.08,4.86,5.05,62908.21,31443.51
603608.SH,2025-04-25,5.04,5.08,4.93,5.02,45390.4,22694.49
603608.SH,2025-04-28,5.02,5.04,4.84,4.86,33367.6,16294.97
603608.SH,2025-04-29,4.8,5.0,4.8,4.99,34283.63,16873.26
603608.SH,2025-05-06,4.8,5.19,4.62,4.99,168670.21,81399.96
603608.SH,2025-05-07,4.88,4.98,4.78,4.87,89426.88,43388.17
603608.SH,2025-05-08,4.86,4.94,4.78,4.82,74329.48,35926.28
603608.SH,2025-05-09,4.84,4.85,4.63,4.67,94053.6,44096.04
603608.SH,2025-05-12,4.71,4.8,4.59,4.6,74108.6,34376.05
603608.SH,2025-05-13,4.63,4.69,4.5,4.53,82962.4,37957.82
603608.SH,2025-05-14,4.52,4.73,4.51,4.72,105906.4,49049.79
603608.SH,2025-05-15,4.72,4.76,4.61,4.73,73220.8,34409.91
603608.SH,2025-05-16,4.72,4.78,4.64,4.65,59275.62,27862.41
603608.SH,2025-05-19,4.68,4.96,4.63,4.85,144058.8,69738.26
603608.SH,2025-05-20,4.87,5.01,4.77,4.95,129225.2,63582.17
603608.SH,2025-05-21,4.95,5.03,4.88,4.91,80688.6,39919.0
603608.SH,2025-05-22,4.91,4.99,4.86,4.93,75961.2,37446.16
603608.SH,2025-05-23,4.93,4.98,4.78,4.96,76500.6,37701.77
603608.SH,2025-05-26,4.96,5.13,4.95,5.06,97404.8,49157.4
603608.SH,2025-05-27,5.07,5.15,4.96,5.01,83122.6,42132.84
603608.SH,2025-05-28,5.02,5.13,4.97,5.12,76609.6,38826.1
603608.SH,2025-05-29,5.1,5.26,5.05,5.13,99251.4,51294.44
603608.SH,2025-05-30,5.18,5.18,5.07,5.15,39650.0,20316.41
603608.SH,2025-06-03,5.18,5.29,5.09,5.28,86556.0,45399.33
603608.SH,2025-06-04,5.28,5.37,5.23,5.36,92880.4,49396.58
603608.SH,2025-06-05,5.36,5.38,5.11,5.13,82096.4,42975.14
603608.SH,2025-06-06,5.15,5.33,5.15,5.31,73868.21,38713.25
603608.SH,2025-06-09,5.37,5.37,5.28,5.34,63844.22,33970.34
603608.SH,2025-06-10,5.34,5.52,5.31,5.43,98299.62,53390.52
603608.SH,2025-06-11,5.4,5.45,5.29,5.34,101230.0,54092.69
603608.SH,2025-06-12,5.33,5.34,5.27,5.3,47814.2,25337.48
603608.SH,2025-06-13,5.35,5.37,5.17,5.23,54962.6,28744.06
603608.SH,2025-06-16,5.22,5.33,5.15,5.19,50183.6,26242.08
603608.SH,2025-06-17,5.21,5.35,5.14,5.3,81507.4,42896.47
603608.SH,2025-06-18,5.24,5.32,5.18,5.3,48882.6,25634.59
603608.SH,2025-06-19,5.32,5.32,5.14,5.15,59677.0,31040.17
603608.SH,2025-06-20,5.15,5.22,5.08,5.09,34344.2,17652.94
603608.SH,2025-06-23,5.15,5.37,5.03,5.21,79399.0,41467.43
603608.SH,2025-06-24,5.21,5.33,5.18,5.31,35983.4,19009.65
603608.SH,2025-06-25,5.34,5.38,5.22,5.28,54037.0,28419.39
603608.SH,2025-06-26,5.27,5.31,5.16,5.18,47852.09,24885.21
603608.SH,2025-06-27,5.22,5.28,5.16,5.22,42915.2,22382.0
603608.SH,2025-06-30,5.34,5.42,5.21,5.35,74718.8,39770.36
603608.SH,2025-07-01,5.38,5.55,5.33,5.46,93145.4,50623.36
603608.SH,2025-07-02,5.52,5.52,5.28,5.3,65368.8,34961.1
603608.SH,2025-07-03,5.33,5.43,5.26,5.41,54936.8,29407.2
603608.SH,2025-07-04,5.4,5.59,5.39,5.5,126111.69,69220.67
603608.SH,2025-07-07,5.47,5.55,5.36,5.53,61061.09,33540.44
603608.SH,2025-07-08,5.5,5.67,5.48,5.51,104767.4,58417.0
603608.SH,2025-07-09,5.46,5.65,5.46,5.6,101633.0,56640.89
603608.SH,2025-07-10,5.57,5.65,5.44,5.61,95696.2,53056.31
603608.SH,2025-07-11,5.6,5.63,5.48,5.62,67882.0,37774.27
603608.SH,2025-07-14,5.64,5.77,5.51,5.54,121127.0,68230.87
603608.SH,2025-07-15,5.53,5.8,5.5,5.78,180985.59,102682.76
603608.SH,2025-07-16,5.73,5.81,5.6,5.78,116130.21,66418.06
603608.SH,2025-07-17,5.74,5.87,5.69,5.82,88372.0,51084.4
603608.SH,2025-07-18,5.78,5.99,5.78,5.85,95643.68,56351.19
603608.SH,2025-07-21,5.85,5.88,5.73,5.87,81869.4,47521.06
603608.SH,2025-07-22,5.79,5.87,5.73,5.77,73746.88,42625.92
603608.SH,2025-07-23,5.78,5.82,5.65,5.72,66933.08,38392.25
603608.SH,2025-07-24,5.78,6.12,5.72,5.97,147117.06,87914.45
603608.SH,2025-07-25,5.97,6.18,5.86,6.11,96316.46,58259.94
603608.SH,2025-07-28,6.19,6.37,6.06,6.23,134330.66,83476.92
603608.SH,2025-07-29,6.32,6.41,6.2,6.31,124285.28,78087.96
603608.SH,2025-07-30,6.31,6.31,6.16,6.27,78899.88,49194.45
603608.SH,2025-07-31,6.3,6.31,6.1,6.14,71866.91,44550.93
603608.SH,2025-08-01,6.18,6.27,6.15,6.26,69442.65,43211.67
603608.SH,2025-08-04,6.18,6.29,6.18,6.26,54702.2,34034.5
603608.SH,2025-08-05,6.3,6.5,6.26,6.48,104091.82,66800.67
603608.SH,2025-08-06,6.47,6.6,6.37,6.6,99095.22,64789.22
603608.SH,2025-08-07,6.6,6.85,6.56,6.81,138168.8,93045.28
603608.SH,2025-08-08,6.8,6.85,6.32,6.62,189898.22,125517.8
603608.SH,2025-08-11,6.69,6.74,6.56,6.67,132418.2,88090.91
603608.SH,2025-08-12,6.67,6.69,6.46,6.52,124290.4,81436.77
603608.SH,2025-08-13,6.52,6.88,6.46,6.86,164322.2,111144.73
603608.SH,2025-08-14,6.86,7.18,6.78,6.83,208381.41,145446.0
603608.SH,2025-08-15,6.9,7.35,6.74,7.21,237568.8,167747.65
603608.SH,2025-08-18,7.38,7.93,7.06,7.35,645216.62,489404.36
603608.SH,2025-08-19,7.3,7.78,7.11,7.62,451649.37,335999.72
603608.SH,2025-08-20,7.43,7.69,7.43,7.66,205585.8,156241.83
603608.SH,2025-08-21,7.67,8.16,7.62,8.0,232005.2,183966.76
603608.SH,2025-08-22,7.98,8.23,7.9,8.14,201557.0,163120.15
603608.SH,2025-08-25,8.13,8.13,7.52,7.75,293934.83,228973.88
603608.SH,2025-08-26,7.71,8.0,7.48,7.51,186999.2,143930.75
603608.SH,2025-08-27,7.51,7.54,7.14,7.16,240559.28,174760.92
603608.SH,2025-08-28,7.11,7.25,6.94,7.21,119129.08,84350.77
603608.SH,2025-08-29,7.18,7.34,7.02,7.18,114282.6,82302.21
603608.SH,2025-09-01,7.24,7.37,7.19,7.34,116526.6,84646.54
603608.SH,2025-09-02,7.3,7.34,7.06,7.19,92787.6,66482.62
603608.SH,2025-09-03,7.25,7.26,7.08,7.1,58540.4,41816.64
603608.SH,2025-09-04,7.14,7.81,7.11,7.55,354469.19,271817.43
603608.SH,2025-09-05,7.61,7.77,7.28,7.71,248510.69,188799.41
603608.SH,2025-09-08,7.83,8.1,7.74,7.92,163679.72,130135.74
603608.SH,2025-09-09,7.91,7.95,7.56,7.64,134288.38,103566.06
603608.SH,2025-09-10,7.64,7.77,7.55,7.6,63356.1,48335.0
603608.SH,2025-09-11,7.54,7.67,7.53,7.64,86288.0,65615.63
603608.SH,2025-09-12,7.66,7.81,7.52,7.57,76779.4,58358.12
603608.SH,2025-09-15,7.57,7.63,7.15,7.25,139076.2,101217.81
603608.SH,2025-09-16,7.26,7.39,7.1,7.39,82395.8,60182.38
603608.SH,2025-09-17,7.32,7.46,7.26,7.39,62576.31,46004.45
603608.SH,2025-09-18,7.39,7.44,7.15,7.2,72558.8,52592.35
603608.SH,2025-09-19,7.29,7.49,7.14,7.38,85177.8,62347.71
603608.SH,2025-09-22,7.38,7.5,7.27,7.44,70367.2,51886.8
603608.SH,2025-09-23,7.43,7.54,7.14,7.29,81274.4,59054.86
603608.SH,2025-09-24,7.14,7.41,7.14,7.37,66215.98,48710.11
603608.SH,2025-09-25,7.32,7.5,7.15,7.15,60653.99,44400.15
603608.SH,2025-09-26,7.16,7.87,7.16,7.64,262873.53,200086.56
603608.SH,2025-09-29,7.64,7.9,7.51,7.7,154331.45,118924.56
603608.SH,2025-09-30,7.74,7.75,7.31,7.35,117039.4,87457.48
603608.SH,2025-10-09,7.38,7.52,7.26,7.29,80857.8,59376.99
603608.SH,2025-10-10,7.27,7.44,7.25,7.27,47031.0,34384.54
603608.SH,2025-10-13,7.06,7.31,6.9,7.24,62991.2,45135.98
603608.SH,2025-10-14,7.26,7.36,7.16,7.29,48708.0,35229.07
603608.SH,2025-10-15,7.4,7.91,7.24,7.75,151406.99,115321.63
603608.SH,2025-10-16,7.7,8.03,7.7,7.83,110177.74,87061.24
603608.SH,2025-10-17,7.82,7.96,7.65,7.69,88968.05,69364.91
603608.SH,2025-10-20,7.88,7.95,7.62,7.93,78543.8,61328.76
603608.SH,2025-10-21,7.93,8.72,7.8,8.72,292321.12,244672.56
603608.SH,2025-10-22,8.8,9.19,8.62,8.94,280166.51,251859.61
603608.SH,2025-10-23,8.93,9.0,8.53,8.63,169929.15,147106.36
603608.SH,2025-10-24,8.64,8.86,8.56,8.8,123173.45,107608.91
603608.SH,2025-10-27,8.65,8.67,7.92,7.92,203386.6,164033.84
603608.SH,2025-10-28,7.7,7.79,7.42,7.66,176483.6,135345.81
603608.SH,2025-10-29,7.63,7.83,7.56,7.59,103491.0,78953.75
603608.SH,2025-10-30,7.6,7.67,7.36,7.47,94317.0,70775.06
603608.SH,2025-10-31,7.44,7.55,7.4,7.53,62045.0,46486.35
603608.SH,2025-11-03,7.5,8.13,7.5,8.1,145502.0,114044.45
603608.SH,2025-11-04,8.1,8.27,8.0,8.09,90669.3,73785.45
603608.SH,2025-11-05,8.1,8.1,7.57,7.74,147764.01,114656.82
603608.SH,2025-11-06,7.7,7.82,7.63,7.74,66464.6,51346.37
603608.SH,2025-11-07,7.74,7.92,7.63,7.78,58415.0,45415.07
603608.SH,2025-11-10,7.75,7.9,7.67,7.73,67462.0,52290.44
603608.SH,2025-11-11,7.73,7.79,7.63,7.7,67126.99,51684.42
603608.SH,2025-11-12,7.65,7.75,7.61,7.63,50047.99,38348.42
603608.SH,2025-11-13,7.63,7.68,7.47,7.5,76510.0,57868.86
603608.SH,2025-11-14,7.5,7.63,7.48,7.53,62406.4,47057.12
603608.SH,2025-11-17,7.68,7.7,7.36,7.48,61082.0,45586.99
603608.SH,2025-11-18,7.45,7.53,7.23,7.33,69908.0,51136.06
603608.SH,2025-11-19,7.35,7.43,7.22,7.25,52916.99,38650.39
603608.SH,2025-11-20,7.27,7.39,7.1,7.37,70563.84,51175.63
603608.SH,2025-11-21,7.34,7.37,7.08,7.2,80814.39,58352.72
603608.SH,2025-11-24,7.2,7.42,6.93,7.05,87920.39,62369.73
603608.SH,2025-11-25,7.05,7.39,7.05,7.15,101865.2,73651.04
603608.SH,2025-11-26,7.12,7.18,6.94,6.98,76596.6,53798.9
603608.SH,2025-11-27,6.98,7.68,6.87,7.4,257123.0,188623.25
603608.SH,2025-11-28,7.37,7.4,7.05,7.1,157964.19,113481.34
603608.SH,2025-12-01,7.19,7.53,7.12,7.21,128339.59,94130.57
603608.SH,2025-12-02,7.13,7.28,7.03,7.14,67216.0,47834.58
603608.SH,2025-12-03,7.12,7.49,7.12,7.26,117465.0,85600.79
603608.SH,2025-12-04,7.25,7.49,7.15,7.34,75986.8,55561.63
603608.SH,2025-12-05,7.3,7.3,7.1,7.16,95409.4,68306.93
603608.SH,2025-12-08,7.16,7.54,7.12,7.5,153849.6,114167.27
603608.SH,2025-12-09,7.47,7.52,7.38,7.39,71923.6,53574.31
603608.SH,2025-12-10,7.39,7.41,7.24,7.33,70802.2,51828.95
603608.SH,2025-12-11,7.36,7.42,7.26,7.38,71476.0,52498.38
603608.SH,2025-12-12,7.39,7.54,7.27,7.46,88696.2,65737.96
603608.SH,2025-12-15,7.44,7.99,7.35,7.84,186451.0,145374.23
603608.SH,2025-12-16,7.84,7.88,7.48,7.52,124439.2,94473.07
603608.SH,2025-12-17,7.51,7.51,7.21,7.38,94996.8,69853.91
603608.SH,2025-12-18,7.38,7.74,7.29,7.57,122448.4,93266.61
603608.SH,2025-12-19,7.7,8.33,7.7,8.33,486095.42,400875.36
603608.SH,2025-12-29,9.16,9.16,7.88,8.51,946071.76,826011.66
603608.SH,2025-12-30,9.15,9.36,8.5,9.36,697595.18,633681.25
603608.SH,2025-12-31,10.3,10.3,10.3,10.3,108468.85,111722.916
603608.SH,2026-01-05,11.33,11.33,9.45,10.47,1034764.7,1090652.96
603608.SH,2026-01-06,10.17,10.3,9.42,9.54,807445.35,786144.77
603608.SH,2026-01-07,9.39,9.94,9.2,9.37,535985.32,513872.07
603608.SH,2026-01-08,9.51,9.6,9.1,9.31,410863.99,381203.26
603608.SH,2026-01-09,9.16,9.29,8.79,8.93,395308.09,353524.03
603608.SH,2026-01-12,8.91,9.82,8.91,9.82,625813.85,599712.52
603608.SH,2026-01-13,9.87,10.65,9.63,10.36,630558.9,648112.19
603608.SH,2026-01-14,10.25,10.53,9.95,10.1,470165.79,480336.65
603608.SH,2026-01-15,10.11,10.13,9.44,9.55,318732.8,308397.88
603608.SH,2026-01-16,9.55,9.7,9.11,9.26,223042.6,207680.77
603608.SH,2026-01-19,9.28,9.41,9.11,9.36,182705.76,169453.46
603608.SH,2026-01-20,9.33,10.02,9.2,9.95,402725.92,390347.24
603608.SH,2026-01-21,10.38,10.95,10.38,10.95,156733.8,170246.35
603608.SH,2026-01-22,10.96,12.05,10.7,12.05,690399.66,805049.99
603608.SH,2026-01-23,12.3,12.85,11.4,11.96,774653.63,937012.41
603608.SH,2026-01-26,11.68,12.32,11.66,11.66,424475.82,505837.04
603608.SH,2026-01-27,11.71,11.78,10.9,11.3,315985.41,355548.23
603608.SH,2026-01-28,11.47,11.68,11.07,11.15,213256.81,241618.86
603608.SH,2026-01-29,11.4,11.57,10.8,10.99,274339.6,306401.06
603608.SH,2026-01-30,11.13,11.34,10.61,10.88,226924.41,247085.05
603608.SH,2026-02-02,10.9,10.93,10.4,10.42,177350.6,188565.62
603608.SH,2026-02-03,10.62,10.78,10.34,10.69,182141.2,192641.45
603608.SH,2026-02-04,10.8,10.8,10.16,10.36,179042.04,185086.74
603608.SH,2026-02-05,10.28,10.54,10.21,10.36,130923.77,135864.29
603608.SH,2026-02-06,10.4,10.7,10.06,10.5,147600.54,153918.14
603608.SH,2026-02-09,10.75,11.0,10.55,10.65,137606.14,147486.73
603608.SH,2026-02-10,10.63,10.79,10.4,10.45,104250.4,109486.82
603608.SH,2026-02-11,10.38,11.5,10.35,11.5,312231.23,353633.61
603608.SH,2026-02-12,11.4,11.77,11.08,11.29,330634.76,376765.81
603608.SH,2026-02-13,11.29,11.32,10.93,10.96,178104.0,198247.86
603608.SH,2026-02-24,11.18,11.22,10.72,11.05,158414.0,174530.67
603608.SH,2026-02-25,11.08,11.39,10.89,11.16,150732.83,168127.38
603608.SH,2026-02-26,11.18,11.87,11.12,11.48,248568.63,288354.38
603608.SH,2026-02-27,11.5,11.63,11.26,11.51,157433.2,180264.91
603608.SH,2026-03-02,11.1,11.72,10.92,11.26,169992.21,191586.7
603608.SH,2026-03-03,11.62,11.88,11.13,11.15,189422.0,216586.48
603608.SH,2026-03-04,10.88,12.27,10.8,12.23,458649.41,545173.4
603608.SH,2026-03-05,12.2,12.59,12.02,12.14,329210.26,403611.18
603608.SH,2026-03-06,12.15,12.77,12.02,12.5,270348.49,338913.23
603608.SH,2026-03-09,12.2,12.49,11.4,12.0,290641.2,345589.74
603608.SH,2026-03-10,11.88,12.5,11.81,12.32,241459.48,293519.77
603608.SH,2026-03-11,12.32,12.41,12.05,12.26,126189.0,154208.28
603608.SH,2026-03-12,12.14,12.55,12.04,12.06,156411.9,191340.93
603608.SH,2026-03-13,12.4,12.5,11.45,11.46,261140.91,309152.28
603608.SH,2026-03-16,11.69,11.69,10.7,10.84,219211.71,240215.99
603608.SH,2026-03-17,10.95,11.5,10.73,10.92,193435.4,215093.82
603608.SH,2026-03-18,10.93,11.25,10.79,11.14,112282.59,123794.06
603608.SH,2026-03-19,10.88,11.01,10.63,10.7,106263.4,114584.99
603608.SH,2026-03-20,10.75,11.0,10.3,10.39,128205.86,136171.4
603608.SH,2026-03-23,10.3,10.68,9.65,9.69,208247.8,209317.72
603608.SH,2026-03-24,9.88,9.96,9.39,9.78,169227.6,163022.63
603608.SH,2026-03-25,9.78,10.41,9.78,10.18,145986.19,148405.54
603608.SH,2026-03-26,10.2,10.28,9.76,9.79,114666.0,113787.84
603608.SH,2026-03-27,9.85,10.0,9.67,9.88,81658.0,80709.39
603608.SH,2026-03-30,9.73,9.83,9.55,9.78,96882.2,93741.51
603608.SH,2026-03-31,9.88,9.88,9.5,9.51,83979.0,81220.04
603608.SH,2026-04-01,9.67,10.04,9.65,9.87,122574.8,120839.75
603608.SH,2026-04-02,9.8,9.92,9.57,9.61,78564.0,76176.72
603608.SH,2026-04-03,9.69,9.69,9.23,9.29,85061.2,79361.02
603608.SH,2026-04-07,9.29,9.68,9.21,9.57,76383.8,72595.64
603608.SH,2026-04-08,9.75,10.32,9.72,10.2,130755.0,132360.8
603608.SH,2026-04-09,10.08,10.89,9.94,10.57,180516.16,189875.84
603608.SH,2026-04-10,10.68,11.06,10.63,10.71,126918.4,137327.6
603608.SH,2026-04-13,10.66,10.7,10.41,10.5,91787.6,96429.32
603608.SH,2026-04-14,10.61,11.45,10.54,11.42,237921.8,264346.27
603608.SH,2026-04-15,11.42,11.73,11.2,11.51,196878.95,227275.89
603608.SH,2026-04-16,11.5,11.74,11.4,11.66,146754.8,169681.38
603608.SH,2026-04-17,11.69,11.84,11.39,11.58,141623.32,164676.74
603608.SH,2026-04-20,11.8,12.7,11.56,12.16,348274.91,424156.29
603608.SH,2026-04-21,12.17,13.1,11.95,12.94,281132.89,353525.23
603608.SH,2026-04-22,12.81,13.47,12.69,13.16,248001.77,324148.07
603608.SH,2026-04-23,13.05,13.1,12.58,12.89,181433.21,233932.78
603608.SH,2026-04-24,12.78,13.0,12.51,12.77,158523.4,202233.86
603608.SH,2026-04-27,12.8,13.2,12.55,13.02,200745.8,258270.63
603608.SH,2026-04-28,13.02,13.27,12.84,13.04,137271.4,178910.59
603608.SH,2026-04-29,13.13,13.58,12.94,13.01,161588.01,214676.72
603608.SH,2026-04-30,12.96,13.42,12.96,13.17,127980.56,168970.61
603608.SH,2026-05-06,13.13,13.3,12.52,12.79,230287.73,296223.597
603608.SH,2026-05-07,12.79,12.9,12.55,12.77,159494.61,203173.251
603608.SH,2026-05-08,12.64,14.05,12.64,13.68,286938.2,384306.418
603608.SH,2026-05-11,14.14,14.57,13.7,14.22,310553.45,441653.427
603608.SH,2026-05-12,14.22,14.61,13.8,14.4,236803.82,339997.176
603608.SH,2026-05-13,14.27,14.64,14.24,14.56,164598.43,237720.984
603608.SH,2026-05-14,14.8,14.8,14.06,14.47,207090.6,297896.802
603608.SH,2026-05-15,14.6,15.38,13.93,14.15,395276.41,575149.392
603608.SH,2026-05-18,13.53,15.57,13.53,15.35,591361.53,883565.967
603608.SH,2026-05-19,15.2,16.89,15.2,16.89,195454.6,319147.74
603608.SH,2026-05-20,16.73,17.99,16.73,17.32,552698.24,965119.884
603608.SH,2026-05-21,17.24,18.0,16.93,17.03,317425.99,554020.846
603608.SH,2026-05-22,17.24,17.5,16.52,16.99,232080.6,391374.258
603608.SH,2026-05-25,16.88,17.7,16.87,17.37,271950.0,469964.101
603608.SH,2026-05-26,17.08,19.11,17.08,19.11,398681.69,739966.481
603608.SH,2026-05-27,18.62,19.49,18.25,18.79,453972.27,859780.729
603608.SH,2026-05-28,18.76,18.96,18.0,18.24,246083.62,451951.768
603608.SH,2026-05-29,18.45,19.52,18.41,18.82,284045.43,537888.76
603608.SH,2026-06-01,18.82,19.4,18.04,18.96,271941.6,511389.927
603608.SH,2026-06-02,18.78,19.8,18.49,19.31,325828.48,623569.215
603608.SH,2026-06-03,19.18,20.08,18.97,19.9,335784.64,658587.313
603608.SH,2026-06-04,19.94,21.47,19.51,19.65,467439.62,948614.595
603608.SH,2026-06-05,19.3,21.0,19.01,20.69,396914.0,797758.56
603608.SH,2026-06-08,20.1,22.26,19.9,21.35,409454.0,870580.71
603608.SH,2026-06-09,21.35,21.83,20.5,21.47,316586.26,673234.02
603608.SH,2026-06-22,25.01,25.1,22.7,24.4,427241.03,1008565.278
603608.SH,2026-06-29,22.32,22.9,20.48,22.17,237960.02,513799.188
603608.SH,2026-06-30,22.26,23.44,21.77,22.83,245525.07,556048.556
603608.SH,2026-07-01,22.79,23.88,22.45,22.87,206256.63,474811.001
603608.SH,2026-07-02,22.79,23.88,22.45,22.87,206257.0,474811001.0
603608.SH,2026-07-02,22.79,23.88,22.45,22.87,206257.0,474811001.0
603608.SH,2026-07-02,22.79,23.88,22.45,22.87,206257.0,474811001.0
603608.SH,2026-07-02,22.79,23.88,22.45,22.87,206257.0,474811001.0
603608.SH,2026-07-02,22.79,23.88,22.45,22.87,206257.0,474811001.0
603608.SH,2026-07-02,22.79,23.88,22.45,22.87,206257.0,474811001.0
603608.SH,2026-06-23,24.35,24.69,23.6,23.9,-2.05,206355.0,495046998.0
603608.SH,2026-06-24,24.02,24.36,22.64,23.1,-3.35,210521.0,489003666.0
603608.SH,2026-06-25,23.0,23.0,22.16,22.25,-3.68,230706.0,520744798.0
603608.SH,2026-06-26,21.85,23.5,21.5,22.25,0.0,211040.0,473270112.0
